# Blender v2.80 (sub 35) OBJ File: 'r3pu_lowpoly.blend'
# www.blender.org
v 0.925746 -0.702825 3.347864
v 0.728841 -0.339330 3.470125
v 0.685495 -0.398756 3.542146
v 0.464913 -0.580597 3.745173
v 0.794359 -0.916800 3.415387
v 0.587892 -0.507620 3.656108
v 0.198222 0.753863 3.694532
v 0.000000 1.366288 3.724445
v 0.000000 0.748768 3.874129
v 0.124813 0.054765 4.063493
v 0.295085 -0.271122 3.894241
v 0.411457 -0.241091 3.823441
v 0.509059 -0.166012 3.713902
v 0.480758 0.184105 3.636419
v 0.336607 0.130049 3.824431
v 0.000000 -0.007854 4.117221
v 0.509048 0.816929 3.526061
v 0.657704 0.726835 3.404433
v 0.604800 -0.077613 3.553272
v 2.751422 -0.440248 2.647809
v 3.007253 -0.201665 2.463975
v 2.832508 -0.148341 2.538588
v 2.838571 0.339231 2.432292
v 2.926236 0.951477 2.571361
v 2.649189 0.862822 2.692976
v 2.200044 1.322002 3.289058
v 2.171389 1.098532 3.127262
v 1.567580 1.240917 3.314449
v 1.555143 1.449901 3.490796
v 1.072139 1.132260 3.346635
v 0.967551 1.327408 3.509755
v 2.884598 -0.747926 2.713843
v 2.518233 -0.655230 2.788790
v 2.443588 -0.868594 2.827247
v 2.218451 -0.787607 2.904912
v 1.532034 -0.924891 3.034342
v 1.886059 -0.817524 2.990909
v 1.540684 -0.785424 3.057023
v 1.018479 -0.601267 3.273749
v 0.000000 -1.943465 3.889797
v 0.316663 -1.993241 3.842702
v 0.235578 -1.862604 3.814273
v 0.429495 -1.744505 3.688386
v 0.563473 -1.844123 3.620656
v 0.626577 -1.087565 3.470831
v 0.815776 -1.292981 3.393339
v 0.642794 -1.347038 3.462589
v 0.729285 -1.703812 3.526605
v 2.649116 -1.212736 2.674441
v 1.414049 -1.205048 2.993841
v 1.995466 -0.944701 2.935903
v 1.235467 -1.386528 3.078425
v 1.145633 -2.071281 3.301936
v 0.893268 -2.299563 3.673642
v 0.357205 -2.407677 3.922772
v 0.000000 -2.125023 3.921668
v 0.000000 -2.488965 3.993030
v 0.000000 -2.888739 4.066774
v 0.559918 -2.777065 3.997645
v 1.186075 -2.655438 3.605571
v 1.415379 -1.559443 2.917426
v 1.347977 -2.069397 3.036222
v 1.369815 -2.560475 3.227090
v 1.430305 -2.542151 2.981480
v 2.129963 -1.421668 2.651990
v 1.691593 -1.618845 2.730757
v 2.241571 -1.552106 2.550112
v 2.761329 -1.363182 2.542304
v 2.873543 -1.513628 2.410165
v 3.337711 -1.209884 2.296431
v 3.344652 -1.411698 2.122139
v 2.018354 -1.291229 2.753866
v 0.000000 -3.032196 4.002603
v 0.622984 -2.979778 3.951174
v 1.084142 -2.867845 3.540223
v 0.581054 -3.147597 3.779925
v 0.983045 -3.029565 3.390564
v 0.000000 -3.119951 3.792995
v 0.492521 -3.113394 3.383863
v 0.772986 -3.041503 3.053934
v 1.385400 -2.744998 2.964161
v 1.194849 -2.928001 3.106736
v 1.256939 -2.899143 2.863463
v 0.922192 -2.974034 2.769788
v 1.013038 -2.955268 2.580590
v 1.710904 -1.768453 2.620980
v 1.770794 -1.706799 2.616784
v 2.198997 -1.660039 2.436100
v 2.730781 -1.650681 2.252779
v 3.250673 -1.539078 1.898042
v 1.072223 -2.929021 2.378924
v 1.359561 -2.865548 2.324794
v 1.319030 -2.870285 2.620191
v 1.508257 -2.693744 2.376374
v 1.447109 -2.710694 2.707789
v 1.547650 -2.491786 2.457808
v 1.490796 -2.523827 2.735870
v 1.500128 -2.136626 2.755730
v 1.588336 -2.144732 2.426534
v 1.595289 -1.732357 2.756427
v 2.997365 -0.524945 2.592741
v 3.292483 -0.240501 2.237735
v 3.051569 0.334609 2.373520
v 3.066734 0.905852 2.441268
v 3.370758 -0.142141 1.619916
v 3.288516 0.362812 1.611845
v 3.276519 0.264405 1.886462
v 3.244652 1.018241 1.893214
v 3.207435 0.991653 2.066550
v 3.457967 -1.251431 1.613229
v 3.161593 -0.975461 2.588265
v 3.358967 -0.697483 2.341760
v 3.513850 -1.061152 2.051014
v 1.552821 -1.411947 2.862299
v 3.476484 -1.289258 1.127995
v 3.570395 -1.112219 0.782710
v 3.514846 -1.181816 1.198105
v 3.521128 -1.170098 0.394785
v 3.465457 -1.035987 0.025576
v 3.517926 -1.074103 0.404143
v 3.314840 -0.098126 1.384387
v 3.433979 -0.600979 1.151773
v 3.392037 -0.496544 1.059108
v 3.443049 -0.646695 0.845392
v 3.498308 -0.752301 0.891155
v 3.508316 -0.786084 0.450523
v 3.482023 -0.876360 0.027695
v 3.448000 -0.819126 0.006633
v 3.550444 -0.866953 0.458482
v 3.380100 -1.408548 1.494739
v 3.492860 -0.925980 1.418948
v 3.455955 -0.646735 1.715760
v 3.217987 0.164565 2.241695
v 3.142631 0.929768 2.297199
v 3.296419 0.212664 2.036963
v 3.387512 -0.206052 1.894099
v 0.357661 1.331244 3.643536
v 1.558796 1.802557 3.497822
v 2.250294 1.673065 3.277341
v 3.222111 1.603821 1.976466
v 3.177382 1.554733 2.203152
v 3.106206 1.496172 2.387846
v 3.003470 1.480315 2.556336
v 2.762752 1.510895 2.818301
v 3.042813 -0.977872 -1.231863
v 3.110124 -1.022392 -0.641873
v 2.703711 -1.245537 -1.316686
v 3.152914 -0.310331 -0.733032
v 3.246154 -0.803755 -0.651828
v 3.217536 -0.746660 -0.983677
v 3.199063 -0.932272 -0.632127
v 3.381653 -0.839974 -0.274198
v 3.332260 -0.984129 -0.303275
v 3.416774 -1.111014 0.006010
v 3.263449 -1.066703 -0.317931
v 3.247814 -0.639351 -0.431422
v 3.535170 -1.229785 0.748686
v 3.205745 -0.829284 -1.903178
v 3.317005 -0.513145 -1.554577
v 3.364296 0.195504 -1.157532
v 2.597161 -1.693993 -1.966718
v 2.179628 -2.078456 -1.473315
v 2.311475 -2.076076 -2.028882
v 3.237169 0.326451 -0.633064
v 3.065722 -0.247245 -0.441795
v 3.136469 -1.584762 1.765903
v 3.275782 -1.448916 1.432487
v 3.409246 -1.330919 1.101896
v 3.479428 -1.263417 0.767436
v 3.461487 -1.202425 0.402759
v 2.611992 -1.145846 -0.981492
v 3.009110 -1.052305 -0.579914
v 3.179991 -1.095975 -0.316188
v 3.359323 -1.141482 0.068833
v 2.913046 -1.287624 -2.141109
v 2.173597 -1.354172 -1.077720
v 2.441675 -1.661992 -1.395002
v 1.671788 -1.590941 -1.074207
v 1.577193 -2.229079 -1.587406
v 1.496624 -2.319510 -2.185761
v 0.786644 -2.368356 -2.207541
v 0.000000 -2.291455 -1.732167
v 0.000000 -2.438663 -2.280073
v 0.847260 -2.246691 -1.697447
v 1.133953 -1.639848 -1.078705
v 0.579173 -1.705715 -1.096458
v 0.000000 -1.795058 -1.068415
v 2.645685 -1.658937 2.071323
v 2.227086 -1.707217 2.178344
v 2.001926 -1.763669 2.238599
v 1.154698 -2.912199 2.146635
v 1.411596 -2.832754 1.951558
v 1.554757 -2.651528 2.024186
v 1.574020 -2.440328 2.017515
v 1.584909 -2.156605 2.044487
v 1.877473 -1.814350 2.225378
v 1.323691 -2.779301 3.220533
v 0.551498 -1.639395 3.589527
v 0.925701 1.889009 3.572979
v 0.401644 1.990508 3.578814
v 0.000000 2.049011 3.566664
v 1.227405 -2.872360 1.849407
v 1.487069 -2.729341 1.482599
v 1.515475 -2.621965 1.456142
v 2.891233 -1.336036 1.571721
v 3.093210 -1.250310 1.400721
v 3.172458 -0.987696 1.113271
v 3.350342 -0.994040 0.802627
v 3.392961 -1.046182 0.401912
v 3.336970 -0.954059 0.102363
v 3.105007 -0.955793 -0.280206
v 0.000000 -1.392595 -0.300869
v 0.633607 -1.379257 -0.330261
v 1.030726 -1.375685 -0.309881
v 1.556493 -1.292540 -0.335060
v 2.049352 -1.122134 -0.455936
v 2.521519 -0.979979 -0.557392
v 2.888933 -0.948670 -0.450703
v 3.350426 -0.493431 1.015417
v 3.405600 -0.629402 0.831909
v 3.421988 -0.772340 0.412626
v 3.374069 -0.794146 0.007617
v 3.338585 -0.758639 -0.227273
v 3.227252 -0.727967 -0.217753
v 2.995403 -0.487962 -0.356926
v 3.087316 -0.761008 -0.267697
v 3.193023 -0.874074 -0.160259
v 3.328775 -0.859470 0.028854
v 3.394801 -0.868934 0.408663
v 3.309827 -0.746872 0.854063
v 3.188043 -0.530136 0.992386
v 3.221832 -0.118515 1.218997
v 3.160470 0.407226 1.387640
v 3.175819 0.469960 0.798102
v 3.076479 -0.017037 0.433506
v 3.151618 0.492816 0.306505
v 3.055865 -0.123743 0.038947
v 3.135315 1.614946 1.714070
v 3.149386 1.019027 1.701462
v 3.109294 -0.016676 1.088351
v 3.178069 0.436424 1.101991
v 3.092300 -0.120343 1.050619
v 3.156893 -0.267529 1.058569
v 3.130031 0.051500 0.840255
v 3.074972 -0.153127 0.819288
v 2.999600 -0.205664 0.450095
v 2.997501 -0.346813 0.046585
v 2.887772 -0.405337 0.432395
v 3.089414 -0.619860 0.135813
v 3.017306 -0.321167 0.897373
v 2.977086 -0.447055 0.944107
v 2.944182 -0.616164 1.001120
v 2.807878 -0.544983 0.481947
v 1.506128 -2.351001 1.521705
v 1.487707 -1.939747 1.599491
v 2.433045 -1.513829 1.818565
v 2.196184 -1.565403 1.741862
v 2.044651 -1.643808 1.669073
v 1.829892 -1.736827 1.608131
v 1.308490 -2.707124 1.475480
v 1.336599 -2.574509 1.403075
v 1.336087 -2.292244 1.377575
v 1.347221 -2.057282 1.356208
v 1.583453 -1.718190 1.229966
v 1.396466 -1.753551 1.116723
v 1.909175 -1.563722 1.300379
v 1.786848 -1.383032 0.553413
v 1.524242 -1.434914 0.420380
v 1.891495 -1.179790 0.004135
v 2.223941 -0.968540 0.009027
v 2.150985 -1.137038 0.627685
v 2.890686 -0.720491 0.113620
v 3.181655 0.420741 -0.270101
v 2.864859 -0.589465 0.847448
v 2.344054 -1.102359 0.922450
v 2.920806 -1.069313 1.259331
v 2.087308 -1.485868 1.407156
v 2.426886 -1.173263 1.158622
v 2.265065 -1.406968 1.507987
v 2.510929 -1.316416 1.540267
v 2.749550 -1.237472 1.451184
v 2.519781 -1.216632 1.328576
v 2.681082 -1.154120 1.290169
v 2.747410 -0.982074 1.108393
v 1.059679 2.839231 3.189934
v 0.475064 2.987540 3.198394
v 2.744805 2.267040 2.604532
v 2.335866 2.490819 2.841142
v 1.704626 2.676983 3.063433
v 0.000000 3.002999 3.278082
v 2.757779 2.997025 2.168391
v 2.429088 3.237181 2.322218
v 1.837295 3.503241 2.520454
v 1.225132 3.788536 2.665858
v 0.545122 3.904126 2.659891
v 0.000000 3.999379 2.724336
v 2.689294 3.833595 1.527876
v 2.352873 4.024500 1.714963
v 1.793943 4.346446 1.843554
v 1.190541 4.579385 1.911073
v 0.546690 4.761972 1.870572
v 0.000000 4.815375 1.836861
v 2.919836 2.936639 1.931291
v 2.872651 2.160793 2.438396
v 3.125363 2.322444 1.854447
v 3.021612 2.953819 1.632535
v 3.041126 2.268560 2.049098
v 2.970724 2.945229 1.781914
v 2.956888 2.214676 2.243747
v 3.072500 2.962408 1.483158
v 3.139435 3.622341 0.740042
v 2.981014 3.524308 1.172278
v 2.935157 3.653808 1.316253
v 3.032511 2.244166 1.500005
v 3.011631 2.652836 1.032954
v 3.156995 3.419628 0.681480
v 3.101360 2.794105 0.504167
v 3.385702 3.361067 -0.124866
v 3.174374 1.015365 1.279526
v 3.116946 1.587465 0.802025
v 3.133097 1.605484 1.320069
v 3.143080 1.090763 0.754004
v 3.101746 1.583097 0.290973
v 3.136748 1.064917 0.274971
v 3.272765 1.503229 -0.423447
v 3.278822 1.064917 -0.414252
v 3.491462 1.466335 -0.946710
v 3.465426 1.026603 -0.968021
v 3.701420 1.401350 -1.447048
v 3.630698 0.898394 -1.341990
v 3.064558 2.009345 1.256101
v 3.059194 2.075511 0.883759
v 3.074771 2.190831 0.354970
v 3.222659 2.132451 -0.339118
v 3.504542 2.119477 -0.935905
v 3.760309 2.076375 -1.510019
v 3.341989 2.794105 -0.196409
v 3.614568 2.608778 -0.991708
v 3.625515 3.200375 -0.906083
v 3.767240 2.957970 -1.466126
v 3.782553 2.618567 -1.476202
v 3.336517 3.635855 -0.039276
v 3.585171 3.449656 -0.898121
v 3.709716 3.229104 -1.352199
v 2.463880 4.564323 0.598436
v 1.967049 4.895610 0.648659
v 1.277927 5.179677 0.696799
v 0.604595 5.357039 0.506871
v 3.021165 3.933358 0.695229
v 2.761930 4.317493 0.540535
v 0.000000 5.354333 0.587931
v 2.804232 4.473438 -0.247493
v 2.387702 4.823726 -0.364413
v 1.891389 5.158162 -0.390893
v 1.206742 5.451997 -0.437441
v 0.634712 5.562124 -0.535386
v 2.119694 5.012371 -1.313151
v 1.344403 5.433696 -1.656506
v 0.548549 5.594684 -1.813437
v 2.553930 4.706943 -1.043466
v 3.068908 4.116095 -2.019988
v 2.723147 4.369679 -2.249532
v 2.249785 4.670462 -2.543552
v 1.472214 5.133150 -2.881181
v 0.630435 5.359234 -3.036632
v 3.573212 3.557645 -1.528785
v 2.969738 4.391419 -1.028827
v 3.449969 3.803999 -0.916932
v 3.249005 3.967467 -0.161867
v 0.000000 5.594895 -0.625259
v 0.000000 5.613897 -1.824644
v 0.000000 5.400868 -3.026954
v 3.731252 1.177375 -2.473194
v 3.749095 2.455225 -2.585287
v 3.793601 1.928393 -2.574078
v 3.587652 3.065331 -2.424881
v 3.487547 2.267960 -3.554080
v 3.600840 0.311168 -2.144809
v 3.553562 0.915810 -3.328611
v 3.334060 2.833974 -3.508840
v 3.557774 1.733891 -3.530608
v 3.150173 3.579238 -2.946930
v 2.670354 3.961389 -3.413302
v 2.079223 4.276325 -3.788663
v 1.457085 4.593976 -4.060678
v 0.000000 4.841668 -4.192929
v 0.621354 4.788388 -4.240509
v 3.118976 3.215024 -3.611950
v 3.401404 -0.185045 -2.617312
v 0.000000 3.609372 -5.408123
v 2.754948 3.336197 -4.174051
v 2.138479 3.535855 -4.686951
v 1.360884 3.652464 -5.157951
v 0.641139 3.603671 -5.412513
v 2.946734 2.870271 -4.358812
v 0.000000 2.843708 -5.807384
v 0.673672 2.860746 -5.793556
v 1.315886 2.940506 -5.590950
v 2.090208 2.887996 -5.228456
v 3.106945 2.055233 -4.568110
v 3.197486 0.658327 -4.087884
v 3.182092 1.487809 -4.446579
v 3.111824 -0.621428 -3.210040
v 2.437765 1.375717 -5.354526
v 2.362907 1.995631 -5.378511
v 2.543885 0.691955 -5.141551
v 2.536947 -0.378179 -4.538370
v 1.438636 1.291217 -5.855957
v 1.438931 2.051775 -5.800215
v 1.386819 -0.356998 -5.586557
v 1.354891 0.485651 -5.831923
v 0.705618 1.360616 -6.119822
v 0.733988 2.071226 -6.019443
v 0.680960 0.654113 -6.120790
v 0.692158 -0.340351 -5.939475
v 0.000000 1.448591 -6.146119
v 0.000000 2.158642 -6.030726
v 0.000000 0.718017 -6.168428
v 0.000000 -0.324261 -6.001692
v 2.282838 -0.906882 -4.335837
v 2.621358 -1.137422 -3.349892
v 2.150078 -1.634273 -3.367049
v 1.823339 -1.155368 -4.619322
v 1.393965 -0.836745 -5.307850
v 0.529411 -1.563069 -5.097014
v 0.642128 -0.839520 -5.715649
v 0.000000 -1.603105 -5.109432
v 0.000000 -0.744725 -5.835424
v 1.366190 -1.921916 -3.784066
v 1.231135 -1.448477 -4.816288
v 0.648767 -2.051096 -4.134747
v 0.000000 -2.099156 -4.177793
v 1.569023 1.157218 3.121138
v 2.123729 1.056851 2.949174
v 1.544314 -0.704335 2.884647
v 0.684538 -0.054085 3.340540
v 2.636727 0.780439 2.488708
v 0.570584 0.186349 3.416925
v 1.861602 -0.733825 2.823909
v 2.884251 0.388393 2.285825
v 0.798492 -0.294519 3.264154
v 2.442366 -0.584729 2.638227
v 0.733140 0.684942 3.203805
v 1.113872 1.057397 3.150707
v 2.656592 -0.387230 2.508711
v 2.166963 -0.706341 2.744906
v 1.064576 -0.535155 3.083748
v 2.731083 -0.119062 2.408371
v 0.804848 -0.046921 2.616748
v 2.188333 -0.475649 2.352459
v 2.030345 -0.582321 2.398056
v 1.666238 1.002634 2.439519
v 1.988842 0.942527 2.409093
v 1.842304 -0.479665 2.446409
v 2.236008 0.708822 2.220006
v 0.905915 -0.218149 2.646561
v 2.345736 0.377628 2.177012
v 2.275125 -0.157262 2.288300
v 0.693169 0.350206 2.621628
v 1.022482 0.650318 2.546835
v 1.277703 -0.472163 2.631683
v 1.264317 0.932777 2.544266
v 1.635442 -0.479910 2.505060
v 1.493392 -0.454321 2.555933
v -0.685495 -0.398756 3.542146
v -0.972587 -0.402776 3.404251
v -0.925747 -0.702825 3.347864
v -0.464913 -0.580597 3.745173
v -0.794359 -0.916800 3.415387
v -0.626577 -1.087565 3.470831
v -0.198222 0.753863 3.694532
v -0.357661 1.331244 3.643536
v -0.295085 -0.271122 3.894242
v -0.124813 0.054765 4.063493
v -0.411457 -0.241091 3.823441
v -0.587892 -0.507620 3.656108
v -0.509059 -0.166012 3.713902
v -0.459363 0.187438 3.557576
v -0.564940 -0.095776 3.501851
v -0.336607 0.130049 3.824431
v -0.509048 0.816929 3.526061
v -0.753139 -0.332823 3.349889
v -2.990992 -0.172776 2.504942
v -3.092477 -0.570327 2.526726
v -2.904403 -0.484493 2.621575
v -2.926236 0.951477 2.571361
v -2.916203 0.347886 2.391432
v -2.713968 0.907012 2.669808
v -2.200044 1.322002 3.289058
v -2.203742 1.158718 3.133568
v -1.558954 1.310767 3.333458
v -1.029889 1.194735 3.367829
v -1.555143 1.449901 3.490797
v -0.587328 0.761795 3.429550
v -2.884598 -0.747926 2.713843
v -2.443588 -0.868594 2.827247
v -2.574124 -0.583005 2.772124
v -1.532034 -0.924891 3.034342
v -1.899047 -0.756314 2.987961
v -1.995466 -0.944701 2.935904
v -1.530233 -0.599431 3.172817
v -0.316663 -1.993241 3.842702
v -0.235578 -1.862604 3.814273
v -0.429495 -1.744505 3.688386
v -0.815776 -1.292981 3.393339
v -0.642794 -1.347038 3.462590
v -0.729285 -1.703812 3.526605
v -2.649116 -1.212736 2.674442
v -3.161593 -0.975461 2.588265
v -1.414049 -1.205048 2.993841
v -2.018354 -1.291229 2.753867
v -1.235467 -1.386528 3.078425
v -1.145633 -2.071281 3.301936
v -0.893268 -2.299563 3.673642
v -0.357205 -2.407677 3.922772
v 0.000000 -2.888739 4.066774
v -0.559918 -2.777065 3.997645
v -1.415379 -1.559443 2.917426
v -1.552821 -1.411947 2.862299
v -1.347977 -2.069397 3.036222
v -1.369815 -2.560475 3.227090
v -1.430305 -2.542151 2.981481
v -2.129963 -1.421668 2.651990
v -1.691593 -1.618845 2.730757
v -2.761329 -1.363182 2.542304
v -2.241571 -1.552106 2.550113
v -3.337711 -1.209884 2.296431
v -2.873543 -1.513628 2.410166
v -2.253997 -0.724367 2.896127
v 0.000000 -3.032196 4.002603
v -1.084142 -2.867845 3.540223
v -1.186075 -2.655438 3.605571
v -0.581054 -3.147597 3.779925
v -0.622984 -2.979778 3.951175
v -0.492521 -3.113394 3.383864
v 0.000000 -3.119951 3.792995
v -0.983045 -3.029565 3.390564
v -1.385400 -2.744998 2.964161
v -1.194849 -2.928001 3.106736
v -1.256939 -2.899143 2.863464
v -0.922192 -2.974034 2.769788
v -1.013038 -2.955268 2.580591
v -1.710904 -1.768453 2.620980
v -1.595289 -1.732357 2.756427
v -1.770794 -1.706799 2.616784
v -2.730781 -1.650681 2.252779
v -3.250674 -1.539078 1.898042
v -3.344652 -1.411698 2.122139
v -1.359561 -2.865548 2.324795
v -1.072223 -2.929021 2.378924
v -1.319030 -2.870285 2.620191
v -1.508257 -2.693744 2.376374
v -1.447109 -2.710694 2.707789
v -1.547651 -2.491786 2.457808
v -1.490796 -2.523827 2.735871
v -1.500128 -2.136626 2.755731
v -3.292484 -0.240501 2.237735
v -3.136320 -0.219238 2.361602
v -3.066735 0.905852 2.441268
v -3.051570 0.334609 2.373520
v -3.288516 0.362812 1.611845
v -3.370758 -0.142141 1.619916
v -3.276519 0.264405 1.886462
v -3.244652 1.018241 1.893214
v -3.207435 0.991653 2.066551
v -3.457967 -1.251431 1.613230
v -3.358968 -0.697483 2.341760
v -3.513850 -1.061152 2.051015
v -3.570395 -1.112219 0.782711
v -3.476484 -1.289258 1.127995
v -3.514847 -1.181816 1.198105
v -3.465457 -1.035987 0.025577
v -3.521128 -1.170098 0.394785
v -3.517926 -1.074103 0.404144
v -3.433979 -0.600979 1.151773
v -3.314840 -0.098126 1.384387
v -3.392037 -0.496544 1.059109
v -3.443049 -0.646695 0.845392
v -3.508316 -0.786084 0.450523
v -3.482023 -0.876360 0.027695
v -3.550444 -0.866953 0.458482
v -3.380100 -1.408548 1.494739
v -3.498308 -0.752301 0.891155
v -3.492860 -0.925980 1.418948
v -3.455955 -0.646735 1.715760
v -3.217987 0.164565 2.241696
v -3.142631 0.929768 2.297199
v -3.296419 0.212664 2.036963
v -3.387512 -0.206052 1.894100
v -0.967551 1.327408 3.509755
v -1.558796 1.802557 3.497823
v -0.925702 1.889009 3.572979
v -2.250294 1.673065 3.277341
v -3.222111 1.603821 1.976466
v -3.106206 1.496172 2.387846
v -3.003471 1.480315 2.556336
v -2.762752 1.510895 2.818301
v -3.042813 -0.977872 -1.231863
v -3.110124 -1.022392 -0.641873
v -3.199064 -0.932272 -0.632126
v -3.152914 -0.310331 -0.733032
v -3.246155 -0.803755 -0.651828
v -3.247814 -0.639351 -0.431422
v -3.217536 -0.746660 -0.983677
v -3.381653 -0.839974 -0.274198
v -3.448000 -0.819126 0.006633
v -3.338586 -0.758639 -0.227273
v -3.332260 -0.984129 -0.303275
v -3.416774 -1.111014 0.006011
v -3.263449 -1.066703 -0.317931
v -3.535170 -1.229785 0.748686
v -3.205745 -0.829284 -1.903178
v -2.703711 -1.245537 -1.316686
v -3.317005 -0.513145 -1.554576
v -2.597161 -1.693993 -1.966718
v -2.179629 -2.078456 -1.473315
v -2.441675 -1.661992 -1.395002
v -3.237169 0.326451 -0.633064
v -3.364296 0.195504 -1.157532
v -3.136469 -1.584762 1.765903
v -3.409246 -1.330919 1.101896
v -3.479428 -1.263417 0.767436
v -3.461487 -1.202425 0.402760
v -2.611993 -1.145846 -0.981491
v -3.009110 -1.052305 -0.579914
v -3.179991 -1.095975 -0.316187
v -3.359323 -1.141482 0.068834
v -2.913046 -1.287624 -2.141109
v -2.173597 -1.354172 -1.077720
v -1.671788 -1.590941 -1.074207
v -1.577193 -2.229079 -1.587406
v -2.311475 -2.076076 -2.028880
v -1.496624 -2.319510 -2.185761
v 0.000000 -2.291455 -1.732167
v -0.786644 -2.368356 -2.207541
v 0.000000 -2.438663 -2.280073
v -0.847260 -2.246691 -1.697446
v -1.133953 -1.639848 -1.078704
v -0.579173 -1.705715 -1.096458
v -2.645685 -1.658937 2.071323
v -2.227086 -1.707217 2.178344
v -2.001927 -1.763669 2.238599
v -2.198997 -1.660039 2.436100
v -1.411596 -2.832754 1.951558
v -1.154698 -2.912199 2.146636
v -1.554757 -2.651528 2.024186
v -1.574021 -2.440328 2.017516
v -1.588336 -2.144732 2.426535
v -1.877473 -1.814350 2.225378
v -0.772986 -3.041503 3.053934
v -1.323691 -2.779301 3.220533
v -0.551498 -1.639395 3.589528
v -0.563473 -1.844123 3.620656
v -0.401644 1.990508 3.578815
v -1.487069 -2.729341 1.482600
v -1.227405 -2.872360 1.849407
v -3.275782 -1.448916 1.432487
v -2.891233 -1.336036 1.571722
v -3.093210 -1.250310 1.400721
v -3.350342 -0.994040 0.802627
v -3.392961 -1.046182 0.401913
v -3.336971 -0.954059 0.102363
v 0.000000 -1.392595 -0.300869
v -0.633607 -1.379257 -0.330261
v -1.030726 -1.375685 -0.309881
v -1.556494 -1.292540 -0.335060
v -2.049352 -1.122134 -0.455936
v -2.521519 -0.979979 -0.557392
v -2.888933 -0.948670 -0.450703
v -3.105007 -0.955793 -0.280206
v -3.350426 -0.493431 1.015417
v -3.405600 -0.629402 0.831909
v -3.421988 -0.772340 0.412626
v -3.374069 -0.794146 0.007617
v -3.227252 -0.727967 -0.217753
v -2.995403 -0.487962 -0.356925
v -3.087316 -0.761008 -0.267697
v -3.193023 -0.874074 -0.160259
v -3.328776 -0.859470 0.028854
v -3.309827 -0.746872 0.854064
v -3.188043 -0.530136 0.992386
v -3.221833 -0.118515 1.218997
v -3.160470 0.407226 1.387640
v -3.065722 -0.247245 -0.441795
v -3.175819 0.469960 0.798102
v -3.076479 -0.017037 0.433506
v -3.130031 0.051500 0.840255
v -3.055865 -0.123743 0.038947
v -3.151618 0.492816 0.306505
v -3.181655 0.420741 -0.270100
v -3.135315 1.614946 1.714070
v -3.149386 1.019027 1.701462
v -3.109295 -0.016676 1.088351
v -3.092300 -0.120343 1.050619
v -3.156893 -0.267529 1.058569
v -2.999600 -0.205664 0.450095
v -2.997502 -0.346813 0.046585
v -2.887772 -0.405337 0.432396
v -3.089414 -0.619860 0.135814
v -3.017307 -0.321167 0.897373
v -3.074972 -0.153127 0.819288
v -3.178069 0.436424 1.101991
v -2.977086 -0.447055 0.944107
v -2.944183 -0.616164 1.001120
v -2.807878 -0.544983 0.481948
v -1.515475 -2.621965 1.456142
v -1.584909 -2.156605 2.044488
v -1.506128 -2.351001 1.521706
v -2.433045 -1.513829 1.818565
v -2.196184 -1.565403 1.741862
v -2.044651 -1.643808 1.669073
v -1.829892 -1.736827 1.608131
v -1.487707 -1.939747 1.599491
v -1.308490 -2.707124 1.475480
v -1.336599 -2.574509 1.403075
v -1.347221 -2.057282 1.356208
v -1.583453 -1.718190 1.229967
v -1.909176 -1.563722 1.300379
v -1.786848 -1.383032 0.553413
v -1.396466 -1.753551 1.116724
v -1.891495 -1.179790 0.004136
v -1.524242 -1.434914 0.420381
v -1.511926 -1.300135 -0.235411
v -2.223941 -0.968540 0.009027
v -2.150985 -1.137038 0.627686
v -3.394801 -0.868934 0.408663
v -3.172458 -0.987696 1.113271
v -2.890686 -0.720491 0.113620
v -2.864859 -0.589465 0.847448
v -2.344054 -1.102359 0.922450
v -2.920807 -1.069313 1.259331
v -2.087308 -1.485868 1.407156
v -2.426886 -1.173263 1.158622
v -2.265065 -1.406968 1.507987
v -2.510929 -1.316416 1.540267
v -2.749550 -1.237472 1.451184
v -2.519781 -1.216632 1.328577
v -2.681082 -1.154120 1.290169
v -2.747410 -0.982074 1.108394
v -1.059679 2.839231 3.189935
v -2.744806 2.267040 2.604532
v -1.704626 2.676983 3.063434
v 0.000000 2.049011 3.566664
v -0.475064 2.987540 3.198395
v -2.335866 2.490819 2.841143
v -2.757779 2.997025 2.168391
v -1.837295 3.503241 2.520455
v -1.225132 3.788536 2.665858
v 0.000000 3.999379 2.724336
v 0.000000 3.002999 3.278082
v -2.429088 3.237181 2.322219
v -2.689294 3.833595 1.527876
v -2.352873 4.024500 1.714963
v -1.793943 4.346446 1.843555
v -0.545122 3.904126 2.659892
v -1.190541 4.579385 1.911075
v -0.546691 4.761972 1.870572
v -2.919836 2.936639 1.931291
v -2.935157 3.653808 1.316254
v -2.872651 2.160793 2.438396
v -3.125364 2.322444 1.854447
v -3.021612 2.953819 1.632536
v -3.072500 2.962408 1.483158
v -3.041126 2.268560 2.049098
v -2.970724 2.945229 1.781914
v -2.956888 2.214676 2.243747
v -3.139436 3.622341 0.740042
v -3.156995 3.419628 0.681480
v -2.981014 3.524308 1.172278
v -3.177382 1.554733 2.203152
v -3.032511 2.244166 1.500005
v -3.011632 2.652836 1.032955
v -3.385702 3.361067 -0.124866
v -3.101360 2.794105 0.504167
v -3.116946 1.587465 0.802025
v -3.174374 1.015365 1.279526
v -3.133097 1.605484 1.320069
v -3.101746 1.583097 0.290973
v -3.143080 1.090763 0.754004
v -3.272765 1.503229 -0.423447
v -3.136748 1.064917 0.274972
v -3.491462 1.466335 -0.946710
v -3.278822 1.064917 -0.414252
v -3.701420 1.401350 -1.447047
v -3.465426 1.026603 -0.968021
v -3.630698 0.898394 -1.341990
v -3.064558 2.009345 1.256102
v -3.059194 2.075511 0.883759
v -3.074771 2.190831 0.354970
v -3.222659 2.132451 -0.339118
v -3.504543 2.119477 -0.935905
v -3.760309 2.076375 -1.510019
v -3.341989 2.794105 -0.196408
v -3.614568 2.608778 -0.991707
v -3.625515 3.200375 -0.906082
v -3.767240 2.957970 -1.466126
v -3.336517 3.635855 -0.039276
v -3.585171 3.449656 -0.898121
v -3.709717 3.229104 -1.352199
v -2.463880 4.564323 0.598436
v -1.277927 5.179677 0.696799
v -3.021166 3.933358 0.695230
v 0.000000 5.354333 0.587931
v 0.000000 4.815375 1.836861
v -2.804232 4.473438 -0.247493
v -2.761931 4.317493 0.540535
v -1.967049 4.895610 0.648659
v -2.387702 4.823726 -0.364413
v -1.891389 5.158162 -0.390893
v -0.604595 5.357039 0.506871
v -1.206742 5.451997 -0.437441
v -2.119694 5.012371 -1.313151
v -0.634712 5.562124 -0.535386
v -1.344403 5.433696 -1.656506
v -2.553930 4.706943 -1.043466
v -3.068908 4.116095 -2.019988
v -2.969738 4.391419 -1.028827
v -2.723147 4.369679 -2.249532
v -2.249785 4.670462 -2.543552
v -0.548549 5.594684 -1.813437
v -1.472214 5.133150 -2.881181
v -3.573212 3.557645 -1.528785
v -3.449970 3.803999 -0.916931
v -3.249005 3.967467 -0.161867
v 0.000000 5.594895 -0.625259
v 0.000000 5.613897 -1.824644
v 0.000000 5.400868 -3.026954
v -3.731252 1.177375 -2.473193
v -3.749095 2.455225 -2.585287
v -3.782553 2.618567 -1.476201
v -3.793601 1.928393 -2.574078
v -3.587652 3.065331 -2.424881
v -3.487547 2.267960 -3.554080
v -3.553562 0.915810 -3.328611
v -3.600840 0.311168 -2.144809
v -3.334060 2.833974 -3.508840
v -3.557774 1.733891 -3.530608
v -3.150173 3.579238 -2.946930
v -2.670354 3.961389 -3.413302
v -2.079223 4.276325 -3.788663
v 0.000000 4.841668 -4.192929
v -0.630435 5.359234 -3.036632
v -1.457085 4.593976 -4.060677
v -3.118976 3.215024 -3.611950
v -3.401405 -0.185045 -2.617312
v 0.000000 3.609372 -5.408123
v -0.621355 4.788388 -4.240508
v -2.754948 3.336197 -4.174051
v -2.138479 3.535855 -4.686951
v -1.360884 3.652464 -5.157951
v -2.946734 2.870271 -4.358812
v -0.641139 3.603671 -5.412513
v 0.000000 2.843708 -5.807384
v -0.673672 2.860746 -5.793556
v -1.315886 2.940506 -5.590950
v -2.090208 2.887996 -5.228456
v -3.106945 2.055233 -4.568110
v -3.197487 0.658327 -4.087884
v -3.111824 -0.621428 -3.210039
v -2.437765 1.375717 -5.354526
v -3.182092 1.487809 -4.446579
v -2.543885 0.691955 -5.141551
v -2.536947 -0.378179 -4.538370
v -2.362907 1.995631 -5.378511
v -1.438636 1.291217 -5.855957
v -1.386819 -0.356998 -5.586557
v -1.438931 2.051775 -5.800215
v -0.705618 1.360616 -6.119822
v -0.680960 0.654113 -6.120790
v -1.354891 0.485651 -5.831923
v -0.692157 -0.340351 -5.939475
v -0.733988 2.071226 -6.019443
v 0.000000 1.448591 -6.146119
v 0.000000 0.718017 -6.168428
v 0.000000 -0.324261 -6.001692
v 0.000000 2.158642 -6.030726
v -2.282838 -0.906882 -4.335837
v -2.621358 -1.137422 -3.349892
v -2.150078 -1.634273 -3.367049
v -1.823339 -1.155368 -4.619322
v -1.393965 -0.836745 -5.307850
v -0.529411 -1.563069 -5.097014
v -1.231135 -1.448477 -4.816288
v -0.642128 -0.839520 -5.715649
v 0.000000 -1.603105 -5.109432
v 0.000000 -0.744725 -5.835424
v -1.366190 -1.921916 -3.784066
v -0.648767 -2.051096 -4.134746
v 0.000000 -2.099156 -4.177793
v -1.578464 1.280303 2.946013
v -1.555381 -0.448997 2.725087
v -0.646499 -0.092257 3.294671
v -2.096661 1.158106 2.785367
v -0.556956 0.195768 3.366029
v -1.851787 -0.504895 2.668347
v -2.592807 0.806877 2.355207
v -0.829052 -0.295729 3.223313
v -2.556647 -0.237727 2.431534
v -0.725724 0.661546 3.023239
v -0.992616 1.123636 2.973636
v -2.137050 -0.477441 2.594543
v -1.107218 -0.319735 2.911084
v -2.824040 0.327018 2.384243
v -0.901765 -0.082828 2.591876
v -2.385182 -0.355997 2.494884
v -2.245277 -0.382443 2.294935
v -1.658680 1.096394 2.392751
v -2.067770 -0.502295 2.346164
v -2.021139 1.028861 2.358567
v -1.015319 -0.275211 2.625372
v -2.626235 -0.097997 2.420189
v -2.422127 0.394171 2.097813
v -0.776289 0.363361 2.597358
v -2.342792 -0.206802 2.222848
v -1.213687 -0.401149 2.608655
v -0.935390 0.700551 2.513325
v -1.640989 -0.539717 2.466388
v -1.207103 1.017906 2.510439
v -1.856498 -0.571065 2.400492
v 0.428180 -1.596428 3.440030
v 0.316192 -1.717146 3.562723
v -0.217932 -1.771227 3.607870
v -0.371521 -1.681573 3.443572
v 0.010130 -0.357060 3.783784
v 0.212590 -0.476288 3.693080
v 0.347025 -0.714995 3.571363
v -0.458064 -0.983183 3.319440
v -0.300430 -0.611056 3.496872
v -0.436880 -1.532971 3.279761
v -0.026751 -1.793208 3.652471
v 0.482042 -1.133415 3.355031
v 0.502342 -1.321133 3.331962
v -0.490261 -1.215343 3.264688
v -0.197196 -0.449762 3.666782
v 0.148903 -1.777396 3.631957
v 0.000000 -3.034627 3.436177
v 1.511926 -1.300135 -0.235412
v 0.000000 -2.488965 3.993030
v 0.000000 -3.034627 3.436177
v 0.000000 -1.795058 -1.068415
v -1.336087 -2.292244 1.377575
v -2.298842 0.766283 2.146117
v -1.464480 -0.472918 2.523547
vt 0.613867 0.528588
vt 0.586735 0.486968
vt 0.579286 0.494264
vt 0.549262 0.514569
vt 0.599346 0.559064
vt 0.564249 0.506899
vt 0.526793 0.357604
vt 0.500366 0.253030
vt 0.500404 0.361168
vt 0.508705 0.445240
vt 0.528793 0.479475
vt 0.540686 0.476694
vt 0.554291 0.468762
vt 0.557056 0.430009
vt 0.535534 0.436272
vt 0.500541 0.452035
vt 0.564358 0.355659
vt 0.583613 0.372194
vt 0.571698 0.458608
vt 0.744536 0.459361
vt 0.752501 0.443971
vt 0.743194 0.444719
vt 0.735669 0.417752
vt 0.738069 0.384243
vt 0.724511 0.383210
vt 0.699228 0.347076
vt 0.697852 0.360895
vt 0.663537 0.343202
vt 0.665070 0.325142
vt 0.625823 0.342414
vt 0.617959 0.317229
vt 0.755202 0.470077
vt 0.738294 0.475018
vt 0.740813 0.487390
vt 0.726676 0.491113
vt 0.689842 0.527436
vt 0.708636 0.504536
vt 0.683545 0.515340
vt 0.624712 0.512771
vt 0.500020 0.802384
vt 0.561746 0.784601
vt 0.542012 0.766283
vt 0.568279 0.721877
vt 0.598027 0.721967
vt 0.578526 0.585450
vt 0.613191 0.609091
vt 0.588972 0.626712
vt 0.619718 0.683994
vt 0.763210 0.491509
vt 0.695858 0.557696
vt 0.720622 0.508043
vt 0.684500 0.586529
vt 0.709662 0.688682
vt 0.684274 0.761948
vt 0.620372 0.849669
vt 0.500101 0.865097
vt 0.580434 0.929317
vt 0.660918 0.975075
vt 0.695132 0.867002
vt 0.749209 0.771379
vt 0.718889 0.590545
vt 0.746820 0.655041
vt 0.776905 0.721382
vt 0.798699 0.692743
vt 0.759539 0.524165
vt 0.752170 0.569639
vt 0.773139 0.519597
vt 0.773475 0.489717
vt 0.782532 0.487225
vt 0.782372 0.469369
vt 0.789496 0.471096
vt 0.744495 0.526323
vt 0.695227 0.986182
vt 0.729083 0.875670
vt 0.772665 0.794733
vt 0.764020 0.888421
vt 0.805876 0.809645
vt 0.745486 0.993985
vt 0.835629 0.895031
vt 0.874293 0.816011
vt 0.820622 0.712329
vt 0.827015 0.756149
vt 0.850808 0.725284
vt 0.899567 0.760362
vt 0.911105 0.722814
vt 0.771182 0.576827
vt 0.769374 0.566292
vt 0.783333 0.523742
vt 0.790652 0.493266
vt 0.796844 0.472948
vt 0.922050 0.689041
vt 0.893296 0.657110
vt 0.870619 0.692237
vt 0.866499 0.643465
vt 0.841656 0.680533
vt 0.841147 0.633568
vt 0.820954 0.665193
vt 0.785066 0.629970
vt 0.814537 0.599349
vt 0.754984 0.587389
vt 0.756736 0.458340
vt 0.767606 0.441174
vt 0.748537 0.417306
vt 0.747122 0.388814
vt 0.790038 0.435270
vt 0.786792 0.416079
vt 0.776172 0.420291
vt 0.773838 0.389159
vt 0.766079 0.388570
vt 0.800403 0.461723
vt 0.769429 0.469855
vt 0.774342 0.456628
vt 0.787393 0.461876
vt 0.722624 0.566748
vt 0.811833 0.457102
vt 0.817222 0.453086
vt 0.809564 0.456362
vt 0.825389 0.448967
vt 0.836635 0.444206
vt 0.825527 0.449448
vt 0.798216 0.433465
vt 0.808686 0.447405
vt 0.810969 0.446555
vt 0.814749 0.449721
vt 0.813801 0.449467
vt 0.823878 0.448490
vt 0.836599 0.442322
vt 0.838564 0.442806
vt 0.823387 0.447535
vt 0.805009 0.463865
vt 0.802663 0.453604
vt 0.792091 0.448652
vt 0.760582 0.424503
vt 0.754985 0.389418
vt 0.770260 0.422726
vt 0.780350 0.437983
vt 0.554171 0.286676
vt 0.673742 0.304630
vt 0.706360 0.331972
vt 0.772773 0.363635
vt 0.763349 0.362927
vt 0.754843 0.362968
vt 0.746234 0.360417
vt 0.731315 0.353090
vt 0.868600 0.433876
vt 0.853783 0.438190
vt 0.871688 0.439628
vt 0.855174 0.425564
vt 0.854359 0.435676
vt 0.862221 0.431220
vt 0.853452 0.437375
vt 0.846069 0.439532
vt 0.846876 0.440401
vt 0.837037 0.443689
vt 0.847583 0.440140
vt 0.849993 0.434841
vt 0.817836 0.453071
vt 0.879687 0.426939
vt 0.872669 0.422606
vt 0.863491 0.410390
vt 0.884575 0.440963
vt 0.882868 0.449590
vt 0.887971 0.446117
vt 0.852191 0.410038
vt 0.850165 0.426424
vt 0.801495 0.474707
vt 0.807886 0.464680
vt 0.812816 0.457455
vt 0.816956 0.452363
vt 0.824967 0.448027
vt 0.865887 0.443448
vt 0.853403 0.439039
vt 0.847936 0.439096
vt 0.835140 0.443363
vt 0.884859 0.434042
vt 0.871817 0.449651
vt 0.878130 0.445782
vt 0.876329 0.456520
vt 0.886431 0.455411
vt 0.893364 0.454308
vt 0.896198 0.461973
vt 0.893136 0.472116
vt 0.899883 0.470576
vt 0.890021 0.462921
vt 0.879394 0.462648
vt 0.882190 0.468569
vt 0.884411 0.474601
vt 0.799133 0.494637
vt 0.800981 0.518623
vt 0.802916 0.537877
vt 0.930039 0.653373
vt 0.911611 0.614648
vt 0.886149 0.607692
vt 0.869511 0.593545
vt 0.845627 0.572573
vt 0.807145 0.548758
vt 0.798080 0.742990
vt 0.583876 0.688209
vt 0.637283 0.271948
vt 0.607474 0.231941
vt 0.585807 0.191684
vt 0.938096 0.612678
vt 0.920019 0.573288
vt 0.912690 0.567384
vt 0.813981 0.475051
vt 0.814614 0.466130
vt 0.819071 0.458311
vt 0.818802 0.453752
vt 0.826213 0.448742
vt 0.835690 0.445939
vt 0.848816 0.439188
vt 0.875906 0.477414
vt 0.873851 0.471175
vt 0.871944 0.467170
vt 0.869974 0.462295
vt 0.864644 0.455546
vt 0.858726 0.447418
vt 0.852740 0.441360
vt 0.812410 0.447815
vt 0.815645 0.451452
vt 0.825472 0.449468
vt 0.839659 0.442935
vt 0.846203 0.439401
vt 0.847038 0.438961
vt 0.848546 0.432298
vt 0.848152 0.438468
vt 0.845674 0.439109
vt 0.838978 0.443755
vt 0.826402 0.450392
vt 0.817451 0.452732
vt 0.816343 0.448063
vt 0.804820 0.434211
vt 0.795830 0.413750
vt 0.815094 0.410425
vt 0.829516 0.424424
vt 0.829590 0.407886
vt 0.839775 0.424604
vt 0.783183 0.365775
vt 0.782659 0.389512
vt 0.809310 0.429200
vt 0.805680 0.412009
vt 0.811984 0.432788
vt 0.812582 0.439113
vt 0.816853 0.424629
vt 0.819901 0.431745
vt 0.831485 0.431212
vt 0.842164 0.430514
vt 0.835299 0.438094
vt 0.845006 0.436529
vt 0.820167 0.439294
vt 0.821148 0.444403
vt 0.822689 0.451493
vt 0.836980 0.444249
vt 0.892110 0.553468
vt 0.867675 0.532928
vt 0.815641 0.496908
vt 0.825248 0.505506
vt 0.834067 0.510976
vt 0.846678 0.519440
vt 0.934523 0.565611
vt 0.922008 0.552484
vt 0.901135 0.535116
vt 0.885478 0.524541
vt 0.867011 0.504957
vt 0.877288 0.501638
vt 0.850378 0.497679
vt 0.861553 0.476857
vt 0.870019 0.475700
vt 0.862559 0.464003
vt 0.855799 0.457125
vt 0.849962 0.467240
vt 0.847205 0.441615
vt 0.844051 0.409266
vt 0.827009 0.448976
vt 0.839235 0.468332
vt 0.822411 0.464633
vt 0.840275 0.495650
vt 0.834038 0.474264
vt 0.831103 0.492518
vt 0.823699 0.484796
vt 0.820386 0.474475
vt 0.828669 0.477814
vt 0.826178 0.471999
vt 0.828727 0.464879
vt 0.700292 0.235572
vt 0.690003 0.193783
vt 0.749910 0.323273
vt 0.737867 0.302884
vt 0.718424 0.272309
vt 0.676502 0.156928
vt 0.777282 0.302358
vt 0.772901 0.284954
vt 0.765046 0.256006
vt 0.762108 0.221768
vt 0.761017 0.182865
vt 0.761700 0.147512
vt 0.812352 0.284819
vt 0.808994 0.268969
vt 0.810565 0.243261
vt 0.814635 0.215787
vt 0.825118 0.186089
vt 0.834639 0.158932
vt 0.785644 0.310662
vt 0.756567 0.331920
vt 0.782929 0.336871
vt 0.797122 0.316611
vt 0.774431 0.335288
vt 0.791344 0.313712
vt 0.765671 0.333610
vt 0.802800 0.319689
vt 0.833447 0.310949
vt 0.819306 0.304608
vt 0.817039 0.297386
vt 0.794697 0.343886
vt 0.813296 0.335901
vt 0.832620 0.318009
vt 0.830135 0.337823
vt 0.853682 0.329430
vt 0.797847 0.390620
vt 0.813732 0.372376
vt 0.797034 0.368723
vt 0.814879 0.389396
vt 0.828889 0.374808
vt 0.829351 0.390578
vt 0.847515 0.379365
vt 0.846778 0.390942
vt 0.860360 0.381754
vt 0.859818 0.392408
vt 0.871731 0.384016
vt 0.868793 0.394430
vt 0.801745 0.354698
vt 0.813695 0.356078
vt 0.829562 0.356672
vt 0.847383 0.362949
vt 0.862557 0.366100
vt 0.875725 0.369798
vt 0.849558 0.344682
vt 0.867489 0.355206
vt 0.870291 0.341409
vt 0.879905 0.350776
vt 0.878308 0.358011
vt 0.854430 0.321338
vt 0.872381 0.335600
vt 0.879900 0.344506
vt 0.851732 0.277156
vt 0.858075 0.258237
vt 0.867608 0.233309
vt 0.886983 0.212255
vt 0.838948 0.301402
vt 0.848919 0.289633
vt 0.896844 0.187347
vt 0.870827 0.297398
vt 0.880882 0.284770
vt 0.890987 0.269586
vt 0.905790 0.250374
vt 0.920958 0.236408
vt 0.907719 0.291754
vt 0.931171 0.278943
vt 0.953055 0.265897
vt 0.893953 0.299471
vt 0.903770 0.328916
vt 0.913687 0.323809
vt 0.927273 0.317869
vt 0.948842 0.308283
vt 0.970419 0.298891
vt 0.886331 0.338854
vt 0.886828 0.311206
vt 0.876408 0.327206
vt 0.861206 0.313640
vt 0.939570 0.220615
vt 0.968148 0.255442
vt 0.986946 0.290712
vt 0.889876 0.391018
vt 0.897748 0.367919
vt 0.894550 0.377554
vt 0.899577 0.355401
vt 0.913696 0.376224
vt 0.882215 0.406114
vt 0.903558 0.397541
vt 0.917717 0.366288
vt 0.909962 0.385023
vt 0.915224 0.348474
vt 0.930540 0.344282
vt 0.946388 0.340439
vt 0.962120 0.335973
vt 0.997595 0.326619
vt 0.982176 0.331546
vt 0.923634 0.360544
vt 0.889993 0.414303
vt 0.999908 0.370677
vt 0.935909 0.362750
vt 0.951313 0.363294
vt 0.969064 0.365753
vt 0.984741 0.369937
vt 0.933044 0.371918
vt 0.995784 0.391991
vt 0.981179 0.387766
vt 0.968795 0.382193
vt 0.953458 0.378565
vt 0.929564 0.385631
vt 0.915346 0.404380
vt 0.924339 0.393456
vt 0.899340 0.421609
vt 0.940586 0.401117
vt 0.945681 0.392507
vt 0.933192 0.409474
vt 0.920419 0.422021
vt 0.956181 0.409986
vt 0.961930 0.397858
vt 0.941135 0.431208
vt 0.950426 0.421686
vt 0.968826 0.415612
vt 0.974649 0.403179
vt 0.962053 0.426262
vt 0.950751 0.438343
vt 0.981580 0.421576
vt 0.989521 0.407850
vt 0.972450 0.433247
vt 0.958873 0.446727
vt 0.917728 0.430347
vt 0.903063 0.430777
vt 0.904736 0.439542
vt 0.922650 0.436591
vt 0.934845 0.436558
vt 0.933552 0.452765
vt 0.944633 0.444222
vt 0.936591 0.459826
vt 0.952225 0.451416
vt 0.912674 0.448702
vt 0.927097 0.444640
vt 0.919506 0.456506
vt 0.922510 0.464414
vt 0.664090 0.363595
vt 0.689776 0.372339
vt 0.678367 0.490170
vt 0.605088 0.450525
vt 0.712387 0.390386
vt 0.596432 0.431451
vt 0.695662 0.486679
vt 0.717712 0.419844
vt 0.615788 0.468189
vt 0.719518 0.469431
vt 0.613081 0.392733
vt 0.638602 0.368653
vt 0.725794 0.457559
vt 0.709463 0.479698
vt 0.640355 0.484056
vt 0.726113 0.446014
vt 0.655051 0.438288
vt 0.704416 0.449358
vt 0.699190 0.454219
vt 0.678112 0.401508
vt 0.688688 0.400576
vt 0.692417 0.457357
vt 0.698872 0.408252
vt 0.659599 0.447770
vt 0.705064 0.420749
vt 0.706620 0.442608
vt 0.649451 0.420611
vt 0.653653 0.409668
vt 0.668026 0.455776
vt 0.662765 0.402296
vt 0.684190 0.458565
vt 0.678220 0.458041
vt 0.421530 0.494587
vt 0.376062 0.513141
vt 0.386938 0.528930
vt 0.451515 0.514894
vt 0.401437 0.559279
vt 0.422409 0.585108
vt 0.473998 0.357664
vt 0.446475 0.286735
vt 0.472230 0.479936
vt 0.492355 0.445319
vt 0.460296 0.477112
vt 0.436559 0.507215
vt 0.446618 0.469102
vt 0.443796 0.430206
vt 0.429141 0.458900
vt 0.465405 0.436438
vt 0.436350 0.355772
vt 0.414072 0.487281
vt 0.257296 0.445224
vt 0.243742 0.458883
vt 0.255965 0.459893
vt 0.262367 0.384645
vt 0.264807 0.418204
vt 0.275947 0.383596
vt 0.301228 0.347375
vt 0.302626 0.361215
vt 0.336976 0.343450
vt 0.374753 0.342612
vt 0.335418 0.325366
vt 0.417081 0.372365
vt 0.245291 0.470641
vt 0.259723 0.487971
vt 0.262234 0.475571
vt 0.310815 0.528032
vt 0.291976 0.505112
vt 0.279969 0.508641
vt 0.317125 0.515903
vt 0.438346 0.785414
vt 0.457599 0.767277
vt 0.431566 0.723696
vt 0.387285 0.610217
vt 0.411690 0.628544
vt 0.380924 0.685451
vt 0.237285 0.492119
vt 0.231039 0.470433
vt 0.304765 0.558419
vt 0.256050 0.526988
vt 0.316122 0.587361
vt 0.290957 0.689668
vt 0.316293 0.762923
vt 0.380157 0.850229
vt 0.340107 0.975521
vt 0.305606 0.867729
vt 0.281711 0.591346
vt 0.277964 0.567498
vt 0.253761 0.655949
vt 0.223695 0.722357
vt 0.201867 0.693713
vt 0.240983 0.524833
vt 0.248377 0.570400
vt 0.227002 0.490333
vt 0.227360 0.520267
vt 0.218074 0.469959
vt 0.217930 0.487845
vt 0.273889 0.491683
vt 0.305865 0.986714
vt 0.228024 0.795698
vt 0.251429 0.772327
vt 0.236863 0.889298
vt 0.271731 0.876470
vt 0.165312 0.896101
vt 0.255692 0.994662
vt 0.194854 0.810669
vt 0.179944 0.713334
vt 0.173610 0.757198
vt 0.149745 0.726341
vt 0.100982 0.761544
vt 0.089363 0.723961
vt 0.229336 0.577608
vt 0.245565 0.588178
vt 0.231144 0.567052
vt 0.209800 0.493905
vt 0.203582 0.473559
vt 0.210940 0.471696
vt 0.107114 0.658126
vt 0.078352 0.690149
vt 0.129866 0.693279
vt 0.133938 0.644429
vt 0.158852 0.681523
vt 0.159320 0.634491
vt 0.179568 0.666147
vt 0.215466 0.630845
vt 0.232839 0.441700
vt 0.247971 0.444484
vt 0.253301 0.389234
vt 0.251916 0.417772
vt 0.213592 0.416587
vt 0.210362 0.435812
vt 0.224235 0.420792
vt 0.226539 0.389610
vt 0.234311 0.389011
vt 0.200007 0.462318
vt 0.226104 0.457188
vt 0.213037 0.462458
vt 0.183154 0.453683
vt 0.188554 0.457701
vt 0.190826 0.456957
vt 0.163702 0.444808
vt 0.174970 0.449566
vt 0.174832 0.450048
vt 0.191697 0.447985
vt 0.202169 0.434013
vt 0.189410 0.447137
vt 0.185627 0.450311
vt 0.176483 0.449087
vt 0.163736 0.442921
vt 0.176973 0.448129
vt 0.195396 0.464468
vt 0.186576 0.450056
vt 0.197735 0.454188
vt 0.208319 0.449217
vt 0.239857 0.424992
vt 0.245425 0.389848
vt 0.230160 0.423224
vt 0.220069 0.438519
vt 0.382597 0.317386
vt 0.326708 0.304832
vt 0.363197 0.272062
vt 0.294067 0.332253
vt 0.227577 0.364043
vt 0.245538 0.363354
vt 0.254159 0.360791
vt 0.269096 0.353434
vt 0.131680 0.434497
vt 0.146523 0.438800
vt 0.146853 0.437984
vt 0.145115 0.426159
vt 0.145943 0.436284
vt 0.150314 0.435443
vt 0.138065 0.431831
vt 0.154249 0.440136
vt 0.161768 0.443408
vt 0.154115 0.440006
vt 0.153442 0.441007
vt 0.163299 0.444291
vt 0.152734 0.440747
vt 0.182538 0.453669
vt 0.120570 0.427565
vt 0.128594 0.440259
vt 0.127592 0.423218
vt 0.115693 0.441612
vt 0.117413 0.450246
vt 0.122152 0.446428
vt 0.148084 0.410608
vt 0.136768 0.410974
vt 0.198924 0.475325
vt 0.187570 0.458055
vt 0.183419 0.452959
vt 0.175391 0.448624
vt 0.134407 0.444077
vt 0.146904 0.439649
vt 0.152380 0.439701
vt 0.165198 0.443963
vt 0.115400 0.434683
vt 0.128476 0.450294
vt 0.123967 0.457174
vt 0.113854 0.456079
vt 0.112300 0.446776
vt 0.106911 0.454984
vt 0.107166 0.472812
vt 0.104086 0.462662
vt 0.100410 0.471281
vt 0.110271 0.463601
vt 0.120907 0.463312
vt 0.118118 0.469244
vt 0.201306 0.495286
vt 0.199469 0.519313
vt 0.197541 0.538603
vt 0.217151 0.524429
vt 0.088722 0.615608
vt 0.070301 0.654427
vt 0.114223 0.608614
vt 0.130877 0.594424
vt 0.185940 0.600194
vt 0.193314 0.549507
vt 0.126418 0.817194
vt 0.202538 0.743993
vt 0.416965 0.689722
vt 0.402363 0.723424
vt 0.393038 0.231962
vt 0.080265 0.574178
vt 0.062183 0.613660
vt 0.192515 0.465287
vt 0.186418 0.475679
vt 0.185776 0.466745
vt 0.181571 0.454352
vt 0.174144 0.449341
vt 0.164650 0.446543
vt 0.124422 0.478087
vt 0.126468 0.471838
vt 0.128371 0.467827
vt 0.130334 0.462945
vt 0.135664 0.456185
vt 0.141581 0.448043
vt 0.147570 0.441972
vt 0.151498 0.439794
vt 0.187967 0.448399
vt 0.184731 0.452045
vt 0.174887 0.450068
vt 0.160672 0.443538
vt 0.153278 0.439565
vt 0.151761 0.432894
vt 0.152162 0.439073
vt 0.154645 0.439712
vt 0.161355 0.444359
vt 0.182923 0.453329
vt 0.184027 0.448652
vt 0.195555 0.434767
vt 0.204537 0.414264
vt 0.150133 0.427015
vt 0.185238 0.410955
vt 0.170809 0.424990
vt 0.183492 0.425181
vt 0.160536 0.425181
vt 0.170717 0.408427
vt 0.156236 0.409826
vt 0.217151 0.366198
vt 0.217702 0.389973
vt 0.191052 0.429752
vt 0.188377 0.433348
vt 0.187785 0.439684
vt 0.168844 0.431789
vt 0.158149 0.431101
vt 0.165031 0.438685
vt 0.155310 0.437127
vt 0.180188 0.439872
vt 0.180447 0.432312
vt 0.194669 0.412530
vt 0.179211 0.444990
vt 0.177675 0.452092
vt 0.163355 0.444849
vt 0.087601 0.568256
vt 0.154783 0.573398
vt 0.108207 0.554298
vt 0.184773 0.497572
vt 0.175157 0.506191
vt 0.166328 0.511675
vt 0.153702 0.520161
vt 0.132677 0.533698
vt 0.065726 0.566498
vt 0.078253 0.553337
vt 0.114829 0.525310
vt 0.133322 0.505671
vt 0.149981 0.498369
vt 0.138773 0.477518
vt 0.123023 0.502352
vt 0.137758 0.464649
vt 0.130294 0.476364
vt 0.128870 0.466664
vt 0.144521 0.457758
vt 0.150375 0.467883
vt 0.173956 0.450994
vt 0.181306 0.458918
vt 0.153113 0.442222
vt 0.173345 0.449575
vt 0.161119 0.468971
vt 0.177967 0.465252
vt 0.160099 0.496330
vt 0.166329 0.474909
vt 0.169283 0.493188
vt 0.176693 0.485448
vt 0.180003 0.475108
vt 0.171709 0.478459
vt 0.174200 0.472633
vt 0.171641 0.465504
vt 0.300042 0.235684
vt 0.250431 0.323589
vt 0.281915 0.272506
vt 0.414729 0.191604
vt 0.310315 0.193801
vt 0.262472 0.303154
vt 0.222986 0.302672
vt 0.235191 0.256225
vt 0.238097 0.221920
vt 0.238422 0.147511
vt 0.323811 0.156856
vt 0.227356 0.285233
vt 0.187834 0.285145
vt 0.191179 0.269263
vt 0.189574 0.243511
vt 0.239148 0.182938
vt 0.185465 0.215990
vt 0.174925 0.186246
vt 0.214620 0.310999
vt 0.183155 0.297739
vt 0.243774 0.332257
vt 0.217372 0.337246
vt 0.203130 0.316971
vt 0.197447 0.320060
vt 0.225883 0.335652
vt 0.208914 0.314060
vt 0.234656 0.333960
vt 0.166736 0.311343
vt 0.167575 0.318412
vt 0.180894 0.304975
vt 0.237017 0.363323
vt 0.205592 0.344286
vt 0.186954 0.336310
vt 0.146492 0.329878
vt 0.170088 0.338255
vt 0.186559 0.372844
vt 0.202491 0.391100
vt 0.203281 0.369166
vt 0.171381 0.375298
vt 0.185430 0.389892
vt 0.152732 0.379884
vt 0.170936 0.391093
vt 0.139870 0.382292
vt 0.153483 0.391477
vt 0.128483 0.384572
vt 0.140425 0.392961
vt 0.131439 0.394997
vt 0.198545 0.355124
vt 0.186578 0.356520
vt 0.170685 0.357134
vt 0.152844 0.363443
vt 0.137650 0.366617
vt 0.124465 0.370337
vt 0.150642 0.345149
vt 0.132695 0.355713
vt 0.129872 0.341897
vt 0.120254 0.351291
vt 0.145732 0.321774
vt 0.127770 0.336082
vt 0.120252 0.345012
vt 0.148377 0.277515
vt 0.132416 0.233611
vt 0.161214 0.301786
vt 0.103063 0.187600
vt 0.165351 0.159047
vt 0.129276 0.297816
vt 0.151212 0.290010
vt 0.141998 0.258572
vt 0.119187 0.285180
vt 0.109045 0.269984
vt 0.112977 0.212543
vt 0.094188 0.250758
vt 0.092314 0.292211
vt 0.078973 0.236787
vt 0.068804 0.279411
vt 0.106114 0.299923
vt 0.096321 0.329429
vt 0.113267 0.311668
vt 0.086381 0.324327
vt 0.072764 0.318398
vt 0.046862 0.266375
vt 0.051146 0.308826
vt 0.113802 0.339359
vt 0.123726 0.327680
vt 0.138935 0.314072
vt 0.060304 0.220992
vt 0.031728 0.255924
vt 0.012951 0.291282
vt 0.110321 0.391607
vt 0.102406 0.368484
vt 0.121863 0.358536
vt 0.105622 0.378129
vt 0.100557 0.355950
vt 0.086445 0.376824
vt 0.096628 0.398158
vt 0.118012 0.406715
vt 0.082404 0.366879
vt 0.090197 0.385630
vt 0.084876 0.349033
vt 0.069530 0.344857
vt 0.053651 0.341031
vt 0.002339 0.327266
vt 0.029518 0.299451
vt 0.037887 0.336581
vt 0.076470 0.361135
vt 0.110234 0.414925
vt 0.000092 0.371398
vt 0.017792 0.332177
vt 0.064179 0.363361
vt 0.048752 0.363929
vt 0.030977 0.366418
vt 0.067061 0.372539
vt 0.015282 0.370634
vt 0.004257 0.392738
vt 0.018878 0.388484
vt 0.031272 0.382883
vt 0.046626 0.379226
vt 0.070566 0.386267
vt 0.084831 0.405023
vt 0.100884 0.422254
vt 0.059551 0.401792
vt 0.075811 0.394096
vt 0.066968 0.410150
vt 0.079776 0.422696
vt 0.054436 0.393178
vt 0.043947 0.410698
vt 0.059046 0.431927
vt 0.038171 0.398561
vt 0.031293 0.416352
vt 0.038091 0.427006
vt 0.049728 0.422405
vt 0.049428 0.439086
vt 0.025441 0.403910
vt 0.018529 0.422345
vt 0.027691 0.434017
vt 0.041309 0.447495
vt 0.010554 0.408611
vt 0.082483 0.431029
vt 0.097169 0.431439
vt 0.095505 0.440217
vt 0.077564 0.437288
vt 0.065353 0.437274
vt 0.066673 0.453499
vt 0.073123 0.445354
vt 0.055563 0.444963
vt 0.063640 0.460574
vt 0.047973 0.452179
vt 0.087571 0.449400
vt 0.080742 0.457224
vt 0.077747 0.465146
vt 0.336449 0.363875
vt 0.322297 0.490671
vt 0.395661 0.450827
vt 0.310728 0.372666
vt 0.404315 0.431710
vt 0.304962 0.487200
vt 0.288099 0.390769
vt 0.384962 0.468529
vt 0.274739 0.458066
vt 0.387586 0.392975
vt 0.361988 0.368902
vt 0.291126 0.480226
vt 0.360372 0.484458
vt 0.282799 0.420279
vt 0.345607 0.438664
vt 0.281040 0.469953
vt 0.296150 0.449823
vt 0.322448 0.401870
vt 0.301393 0.454684
vt 0.311850 0.400947
vt 0.341061 0.448161
vt 0.274408 0.446501
vt 0.295470 0.421172
vt 0.351194 0.420958
vt 0.293933 0.443066
vt 0.332628 0.456189
vt 0.346971 0.410007
vt 0.316429 0.459013
vt 0.337831 0.402638
vt 0.308184 0.457817
vt 0.554785 0.673259
vt 0.543330 0.706924
vt 0.469936 0.726793
vt 0.456125 0.689384
vt 0.501777 0.495197
vt 0.521708 0.510665
vt 0.538311 0.539993
vt 0.455879 0.584687
vt 0.472014 0.536826
vt 0.455118 0.657362
vt 0.496500 0.740900
vt 0.556497 0.599729
vt 0.559343 0.626953
vt 0.450832 0.614420
vt 0.481787 0.511413
vt 0.520770 0.731654
vt 0.822018 0.998985
vt 0.871437 0.466013
vt 0.420330 0.929517
vt 0.179252 0.999908
vt 0.115904 0.475285
vt 0.099150 0.535917
vt 0.301657 0.408646
vt 0.322414 0.458477
vn 0.5770 -0.0121 0.8166
vn 0.8034 0.2763 0.5274
vn 0.7461 0.1360 0.6517
vn 0.1469 -0.3996 0.9048
vn 0.5432 -0.1221 0.8307
vn 0.6706 -0.0337 0.7411
vn 0.5306 0.1821 0.8278
vn 0.0000 0.1036 0.9946
vn 0.0000 0.3242 0.9460
vn 0.5033 0.1180 0.8560
vn 0.2405 -0.4195 0.8753
vn 0.6435 0.0001 0.7654
vn 0.7489 0.1362 0.6485
vn 0.8284 0.1182 0.5475
vn 0.6999 0.1978 0.6863
vn 0.0001 -0.1637 0.9865
vn 0.4891 -0.0554 0.8705
vn 0.7304 -0.2714 0.6268
vn 0.8444 0.2459 0.4759
vn -0.0437 0.5089 0.8597
vn 0.5246 0.1961 0.8284
vn -0.1472 0.2916 0.9451
vn -0.6940 -0.0940 0.7139
vn 0.5950 -0.1842 0.7823
vn 0.1208 -0.7056 0.6982
vn 0.3892 -0.3138 0.8661
vn 0.1015 -0.8008 0.5903
vn 0.1231 -0.7717 0.6240
vn 0.1677 -0.2966 0.9402
vn 0.4062 -0.6516 0.6406
vn 0.2319 -0.2692 0.9348
vn 0.3515 0.0751 0.9332
vn 0.0244 0.5136 0.8577
vn 0.2703 -0.1502 0.9510
vn 0.1482 0.4072 0.9012
vn 0.2643 -0.2072 0.9419
vn 0.2005 0.3950 0.8965
vn 0.3557 0.3987 0.8453
vn 0.6283 0.3858 0.6756
vn -0.0019 0.4837 0.8752
vn 0.3124 0.2883 0.9051
vn 0.0823 0.6303 0.7720
vn 0.1743 0.6251 0.7609
vn 0.4309 0.2786 0.8583
vn -0.0262 -0.2515 0.9675
vn 0.4968 0.0637 0.8655
vn -0.1241 0.2011 0.9717
vn 0.4692 0.2338 0.8516
vn 0.2461 -0.4056 0.8803
vn 0.4134 -0.2349 0.8797
vn 0.2581 -0.3100 0.9150
vn 0.6027 -0.0095 0.7979
vn 0.7139 0.2489 0.6545
vn 0.5143 0.3284 0.7922
vn 0.2293 0.2426 0.9426
vn -0.0000 0.1895 0.9819
vn 0.0000 0.1860 0.9825
vn 0.0000 -0.1380 0.9904
vn 0.3211 0.0603 0.9451
vn 0.7395 -0.0741 0.6691
vn 0.6412 -0.0481 0.7659
vn 0.8325 0.0713 0.5494
vn 0.9292 0.0259 0.3687
vn 0.9638 -0.0791 0.2545
vn 0.2518 -0.4530 0.8552
vn 0.4519 -0.3818 0.8062
vn 0.2553 -0.6219 0.7403
vn 0.3061 -0.5043 0.8075
vn 0.3725 -0.6690 0.6432
vn 0.7127 -0.3464 0.6099
vn 0.7022 -0.6253 0.3406
vn 0.2595 -0.4218 0.8688
vn 0.0000 -0.6671 0.7449
vn 0.4308 -0.3986 0.8097
vn 0.6516 -0.5810 0.4877
vn 0.2459 -0.9169 0.3144
vn 0.4571 -0.8811 0.1217
vn 0.0000 -0.9927 0.1204
vn 0.0549 -0.9918 -0.1154
vn 0.2326 -0.9680 -0.0942
vn 0.8713 -0.4661 0.1535
vn 0.5220 -0.8508 0.0599
vn 0.5119 -0.8584 0.0319
vn 0.2396 -0.9700 -0.0402
vn 0.2527 -0.9672 -0.0262
vn 0.7270 -0.4432 0.5244
vn 0.4662 -0.6692 0.5786
vn 0.2400 -0.8736 0.4234
vn 0.2195 -0.9352 0.2780
vn 0.5579 -0.8249 0.0911
vn 0.2376 -0.9713 -0.0098
vn 0.5130 -0.8579 0.0267
vn 0.5348 -0.8438 0.0442
vn 0.8885 -0.4512 0.0833
vn 0.8751 -0.4603 0.1496
vn 0.9790 -0.1571 0.1297
vn 0.9681 -0.1446 0.2047
vn 0.9151 -0.1344 0.3803
vn 0.9303 -0.3195 0.1800
vn 0.6777 -0.1866 0.7112
vn 0.4823 0.2813 0.8296
vn 0.8277 0.1883 0.5286
vn 0.4680 -0.0428 0.8827
vn 0.7757 -0.0430 0.6296
vn 0.9779 0.1969 -0.0697
vn 0.9612 0.1840 -0.2053
vn 0.9899 0.1413 0.0069
vn 0.9927 0.0770 -0.0929
vn 0.9699 0.0379 0.2404
vn 0.9388 -0.3422 0.0401
vn 0.5700 -0.1711 0.8036
vn 0.8418 0.1475 0.5193
vn 0.9688 -0.0972 0.2278
vn 0.4190 -0.2727 0.8660
vn 0.7830 -0.6221 0.0032
vn 0.9962 -0.0833 0.0271
vn 0.9800 -0.1774 0.0900
vn 0.8498 -0.4937 -0.1847
vn 0.9193 -0.2672 -0.2891
vn 0.9910 -0.0507 -0.1237
vn 0.8974 0.2962 -0.3270
vn 0.9637 0.2663 -0.0194
vn 0.8257 0.4837 -0.2903
vn 0.7445 0.6457 -0.1698
vn 0.9527 0.3016 0.0381
vn 0.6639 0.7313 -0.1565
vn 0.9607 0.1690 -0.2202
vn 0.6742 0.7263 -0.1340
vn 0.9769 0.1932 -0.0910
vn 0.7009 -0.7123 -0.0368
vn 0.9973 0.0685 0.0254
vn 0.9869 0.1556 0.0430
vn 0.8073 0.0843 0.5841
vn 0.9242 0.0382 0.3801
vn 0.9764 0.1427 0.1623
vn 0.9803 0.1628 0.1117
vn 0.2266 -0.0124 0.9739
vn 0.2268 0.1677 0.9594
vn 0.5027 0.1464 0.8520
vn 0.9938 0.1104 -0.0104
vn 0.9404 0.1225 0.3173
vn 0.8860 0.1115 0.4500
vn 0.7870 0.0907 0.6103
vn 0.7104 0.0501 0.7021
vn 0.7420 -0.6666 -0.0704
vn 0.4843 -0.8564 -0.1787
vn 0.5936 -0.7521 0.2862
vn 0.9827 0.0240 0.1837
vn 0.9754 -0.0761 -0.2067
vn 0.9733 -0.2259 -0.0411
vn 0.8034 -0.5181 -0.2935
vn 0.9417 0.1504 -0.3009
vn 0.8290 -0.3955 -0.3953
vn 0.5937 -0.7392 -0.3179
vn 0.5439 -0.7618 -0.3518
vn 0.8535 0.5049 0.1290
vn 0.7948 -0.6011 -0.0837
vn 0.8752 -0.4836 0.0142
vn 0.9488 -0.2993 0.1007
vn 0.9447 -0.2068 0.2546
vn 0.8021 -0.5970 0.0162
vn 0.4203 -0.7527 0.5068
vn 0.5852 -0.8065 -0.0841
vn 0.9530 -0.1700 0.2508
vn 0.9598 -0.0408 0.2776
vn 0.0931 -0.9565 -0.2766
vn -0.0419 -0.9096 -0.4133
vn -0.1096 -0.9237 -0.3671
vn -0.2474 -0.9517 -0.1819
vn -0.2944 -0.9478 -0.1224
vn 0.1706 -0.9244 0.3412
vn -0.0344 -0.9880 0.1504
vn -0.3040 -0.9482 0.0918
vn -0.4881 -0.8721 0.0351
vn 0.8000 -0.5985 -0.0430
vn 0.3600 -0.7338 0.5762
vn 0.6237 -0.5302 0.5744
vn 0.1919 -0.7490 0.6342
vn 0.0743 -0.8873 0.4551
vn 0.1881 -0.9792 -0.0759
vn 0.0850 -0.9962 0.0203
vn 0.0000 -0.8932 0.4496
vn -0.0000 -0.9995 0.0324
vn 0.0124 -0.8869 0.4618
vn 0.0554 -0.8266 0.5600
vn 0.0898 -0.8366 0.5404
vn 0.0000 -0.8448 0.5351
vn 0.0451 -0.9646 -0.2600
vn 0.1879 -0.9797 -0.0691
vn 0.2964 -0.9519 0.0773
vn 0.2416 -0.9698 -0.0322
vn 0.5452 -0.8371 -0.0445
vn 0.9348 -0.3543 0.0240
vn 0.9971 -0.0677 -0.0333
vn 0.9374 -0.3248 -0.1253
vn 0.6078 -0.7885 0.0937
vn 0.8321 -0.4872 0.2650
vn 0.0476 0.4845 0.8735
vn 0.1179 0.1566 0.9806
vn 0.0553 0.2522 0.9661
vn 0.0000 0.2875 0.9578
vn 0.2275 -0.9612 -0.1562
vn 0.4989 -0.6410 -0.5833
vn 0.7174 -0.1343 -0.6836
vn -0.1789 -0.7823 -0.5967
vn -0.3952 -0.6281 -0.6703
vn -0.5649 -0.4812 -0.6703
vn -0.9264 -0.2678 -0.2647
vn -0.9755 -0.2103 0.0640
vn -0.9580 -0.0322 0.2850
vn -0.7302 -0.3569 0.5826
vn -0.0000 -0.9080 0.4190
vn 0.0341 -0.9294 0.3674
vn 0.0723 -0.9402 0.3328
vn 0.2724 -0.9339 0.2316
vn 0.3786 -0.8915 0.2487
vn 0.1383 -0.9512 0.2758
vn -0.0616 -0.8822 0.4669
vn 0.3435 0.6656 -0.6626
vn -0.0363 0.8388 -0.5432
vn -0.4700 0.8661 -0.1701
vn -0.2150 0.9592 0.1835
vn 0.6156 0.7878 0.0220
vn -0.0783 0.7524 0.6540
vn 0.8553 0.2184 0.4699
vn 0.0514 -0.2287 0.9721
vn -0.7553 0.2372 0.6110
vn -0.8254 0.4455 0.3467
vn -0.9927 0.1205 0.0004
vn -0.7814 0.1130 -0.6138
vn -0.0240 0.3445 -0.9385
vn 0.7569 0.3642 -0.5425
vn 0.9685 0.1099 -0.2235
vn 0.9980 -0.0440 -0.0445
vn 0.9671 -0.2504 -0.0442
vn 0.9981 -0.0611 0.0035
vn 0.9728 -0.2231 0.0630
vn 0.9799 0.0789 -0.1832
vn 0.9660 0.0992 -0.2388
vn 0.9672 -0.0031 -0.2539
vn 0.9973 -0.0692 0.0225
vn 0.9277 0.0105 -0.3731
vn 0.5705 0.3179 -0.7573
vn 0.9832 -0.1770 -0.0436
vn 0.9450 -0.3171 -0.0796
vn 0.9094 -0.4152 -0.0257
vn 0.9954 -0.0216 0.0936
vn 0.8925 -0.4284 0.1408
vn 0.8665 -0.3072 0.3935
vn 0.8834 -0.3509 -0.3106
vn 0.6862 -0.3168 -0.6548
vn 0.3277 -0.4211 -0.8457
vn 0.7577 -0.6509 0.0479
vn 0.8731 0.0506 -0.4849
vn 0.7915 -0.4711 -0.3893
vn 0.1609 -0.8660 -0.4734
vn 0.4512 -0.8174 -0.3580
vn 0.4821 -0.8292 -0.2829
vn 0.5045 -0.8089 -0.3018
vn -0.0106 -0.7170 -0.6970
vn 0.3424 -0.1596 -0.9259
vn 0.6264 -0.0874 -0.7746
vn 0.8074 -0.2792 -0.5197
vn 0.4960 -0.7869 -0.3672
vn 0.4318 -0.7640 -0.4795
vn 0.5046 -0.8015 -0.3210
vn 0.4555 -0.8467 -0.2751
vn 0.3484 -0.8936 -0.2831
vn 0.4529 -0.8861 -0.0986
vn 0.4533 -0.8887 0.0687
vn 0.5904 -0.7731 -0.2318
vn 0.3549 -0.8229 0.4438
vn 0.9812 -0.1346 0.1385
vn 0.7545 -0.5623 -0.3386
vn 0.5419 -0.7586 -0.3617
vn 0.0007 -0.6756 -0.7372
vn 0.5351 -0.7715 -0.3442
vn 0.4030 -0.8178 -0.4108
vn 0.4469 -0.8088 -0.3822
vn 0.1987 -0.8476 -0.4921
vn 0.0486 -0.8121 -0.5815
vn 0.2691 -0.8708 -0.4114
vn 0.2478 -0.8068 -0.5363
vn 0.4190 -0.6314 -0.6526
vn 0.1942 0.4130 0.8898
vn 0.1297 0.4099 0.9028
vn 0.7339 0.2853 0.6165
vn 0.5145 0.3991 0.7590
vn 0.3376 0.4325 0.8360
vn -0.0000 0.3877 0.9218
vn 0.7276 0.3889 0.5651
vn 0.5540 0.4872 0.6751
vn 0.4278 0.5090 0.7469
vn 0.2573 0.5564 0.7901
vn 0.1480 0.5900 0.7937
vn 0.0000 0.6026 0.7981
vn 0.6804 0.5625 0.4698
vn 0.5577 0.6341 0.5356
vn 0.4348 0.7059 0.5591
vn 0.2594 0.7683 0.5852
vn 0.1206 0.8149 0.5670
vn 0.0000 0.8449 0.5349
vn 0.8664 0.2879 0.4079
vn 0.8366 0.2385 0.4932
vn 0.9781 0.1592 0.1342
vn 0.8987 0.2862 0.3322
vn 0.8692 0.2468 0.4284
vn 0.9147 0.2419 0.3238
vn 0.8629 0.2515 0.4383
vn 0.9822 0.1072 0.1541
vn 0.9277 0.2451 0.2816
vn 0.9219 0.2599 0.2872
vn 0.8681 0.3669 0.3343
vn 0.9915 0.0456 -0.1220
vn 0.9978 -0.0472 0.0457
vn 0.9816 -0.0436 0.1858
vn 0.9714 -0.1006 0.2150
vn 0.9583 -0.0106 0.2856
vn 0.9993 0.0357 0.0129
vn 0.9964 0.0823 -0.0196
vn 0.9939 0.1098 -0.0138
vn 0.9979 0.0514 -0.0382
vn 0.9937 0.0499 0.1005
vn 0.9963 0.0232 0.0825
vn 0.9492 0.0225 0.3138
vn 0.9621 -0.0603 0.2660
vn 0.9233 -0.0410 0.3819
vn 0.9226 -0.1175 0.3673
vn 0.9721 -0.0789 0.2210
vn 0.9486 -0.1639 0.2709
vn 0.9917 0.1285 -0.0033
vn 0.9965 0.0740 0.0390
vn 0.9898 -0.0399 0.1369
vn 0.9445 -0.0917 0.3154
vn 0.9059 -0.0851 0.4148
vn 0.9795 -0.0558 0.1935
vn 0.9368 -0.1496 0.3164
vn 0.9309 -0.1018 0.3507
vn 0.9639 0.0432 0.2627
vn 0.9934 0.1120 0.0261
vn 0.9923 0.0204 0.1225
vn 0.9452 0.2199 0.2412
vn 0.9496 0.2657 0.1665
vn 0.9656 0.2594 0.0156
vn 0.5926 0.7514 0.2903
vn 0.4689 0.8283 0.3066
vn 0.2761 0.9038 0.3271
vn 0.0967 0.9522 0.2898
vn 0.8130 0.4996 0.2989
vn 0.6889 0.6732 0.2687
vn -0.0000 0.9515 0.3076
vn 0.6749 0.7289 0.1151
vn 0.5880 0.8043 0.0861
vn 0.4622 0.8831 0.0810
vn 0.2852 0.9528 0.1038
vn 0.1069 0.9888 0.1038
vn 0.5427 0.8365 -0.0761
vn 0.3630 0.9277 -0.0874
vn 0.1315 0.9872 -0.0905
vn 0.6076 0.7927 -0.0487
vn 0.7366 0.6460 -0.2003
vn 0.6518 0.7274 -0.2145
vn 0.5893 0.7737 -0.2326
vn 0.4318 0.8605 -0.2705
vn 0.1778 0.9356 -0.3050
vn 0.8790 0.4627 -0.1150
vn 0.6908 0.7221 -0.0378
vn 0.8621 0.5043 0.0505
vn 0.8448 0.5066 0.1720
vn -0.0000 0.9950 0.0997
vn -0.0000 0.9967 -0.0807
vn 0.0000 0.9516 -0.3072
vn 0.9900 -0.1226 -0.0698
vn 0.9701 0.1782 -0.1645
vn 0.9937 -0.0023 -0.1120
vn 0.9075 0.3654 -0.2073
vn 0.9240 0.1885 -0.3327
vn 0.9716 -0.2366 0.0062
vn 0.9488 -0.1662 -0.2684
vn 0.8818 0.3373 -0.3297
vn 0.9518 0.0021 -0.3067
vn 0.8028 0.5282 -0.2767
vn 0.6805 0.6456 -0.3465
vn 0.5830 0.6996 -0.4131
vn 0.4189 0.7616 -0.4944
vn 0.0000 0.8219 -0.5696
vn 0.1520 0.8067 -0.5711
vn 0.8167 0.4653 -0.3414
vn 0.9350 -0.3253 -0.1413
vn 0.0002 0.5901 -0.8073
vn 0.6917 0.5460 -0.4727
vn 0.5626 0.5776 -0.5915
vn 0.3485 0.5961 -0.7234
vn 0.1121 0.5824 -0.8052
vn 0.7663 0.3792 -0.5187
vn -0.0000 0.3843 -0.9232
vn 0.1330 0.3665 -0.9209
vn 0.3267 0.3693 -0.8700
vn 0.5372 0.3883 -0.7487
vn 0.8230 0.1553 -0.5465
vn 0.8734 -0.2404 -0.4236
vn 0.8689 -0.0767 -0.4891
vn 0.8391 -0.4587 -0.2923
vn 0.6107 -0.0613 -0.7895
vn 0.5829 0.1706 -0.7944
vn 0.6831 -0.2247 -0.6949
vn 0.7257 -0.4227 -0.5429
vn 0.4110 -0.0136 -0.9115
vn 0.3632 0.1762 -0.9149
vn 0.5076 -0.3443 -0.7898
vn 0.4469 -0.1476 -0.8823
vn 0.1928 0.0590 -0.9795
vn 0.1757 0.2071 -0.9624
vn 0.2110 -0.0906 -0.9733
vn 0.2530 -0.2993 -0.9200
vn -0.0000 0.0946 -0.9955
vn -0.0000 0.2316 -0.9728
vn -0.0000 -0.0665 -0.9978
vn 0.0000 -0.2677 -0.9635
vn 0.6659 -0.5739 -0.4766
vn 0.7111 -0.6251 -0.3219
vn 0.5810 -0.7449 -0.3279
vn 0.5787 -0.6245 -0.5245
vn 0.5022 -0.5209 -0.6903
vn 0.2036 -0.7633 -0.6131
vn 0.2391 -0.5418 -0.8057
vn -0.0000 -0.7828 -0.6222
vn -0.0000 -0.5054 -0.8629
vn 0.3811 -0.8674 -0.3201
vn 0.4234 -0.7298 -0.5368
vn 0.2056 -0.9209 -0.3312
vn -0.0000 -0.9449 -0.3274
vn 0.0697 -0.9453 0.3186
vn -0.1682 -0.9517 0.2570
vn 0.2834 0.8488 0.4464
vn 0.9033 0.3297 0.2744
vn -0.5559 -0.6775 0.4815
vn 0.9476 0.0922 0.3059
vn 0.1105 0.8655 0.4886
vn -0.8427 -0.1597 0.5141
vn 0.8291 0.4795 0.2875
vn -0.2954 0.7988 0.5241
vn 0.8211 -0.4766 0.3139
vn 0.4798 -0.8020 0.3558
vn -0.4569 0.5461 0.7021
vn -0.0510 0.8883 0.4565
vn 0.5864 0.7359 0.3385
vn -0.5294 0.3146 0.7879
vn 0.9078 0.3791 0.1792
vn -0.3521 0.6102 0.7097
vn 0.1341 0.9321 0.3364
vn 0.0104 -0.9715 0.2367
vn -0.2186 -0.9188 0.3285
vn 0.2458 0.8666 0.4341
vn -0.3916 -0.5569 0.7325
vn 0.7325 0.6303 0.2571
vn -0.3069 -0.0964 0.9469
vn -0.2986 0.2805 0.9122
vn 0.9461 -0.2146 0.2425
vn 0.6950 -0.6419 0.3239
vn 0.3789 0.8194 0.4301
vn 0.4644 -0.8382 0.2859
vn 0.2262 0.8093 0.5420
vn 0.2449 0.7896 0.5626
vn -0.7164 0.2613 0.6470
vn -0.4358 0.4870 0.7569
vn -0.4816 -0.1674 0.8602
vn -0.0506 -0.4741 0.8790
vn -0.5432 -0.1221 0.8307
vn 0.2000 -0.2551 0.9460
vn -0.5306 0.1821 0.8278
vn -0.2266 -0.0124 0.9739
vn -0.2338 -0.4446 0.8647
vn -0.5033 0.1180 0.8560
vn -0.6435 0.0001 0.7654
vn -0.6706 -0.0337 0.7411
vn -0.8026 0.2065 0.5597
vn -0.8932 0.0952 0.4394
vn -0.8761 0.3146 0.3654
vn -0.7488 0.2058 0.6300
vn -0.5554 -0.1138 0.8237
vn -0.5444 0.7037 0.4566
vn -0.3115 0.2351 0.9207
vn -0.5881 0.2278 0.7760
vn -0.2955 0.3694 0.8810
vn -0.5907 -0.1880 0.7847
vn 0.0268 -0.0363 0.9990
vn -0.0518 -0.7050 0.7073
vn -0.3647 -0.3648 0.8567
vn -0.0090 -0.8770 0.4803
vn -0.0999 -0.8938 0.4372
vn -0.4653 -0.7391 0.4871
vn -0.1663 -0.3567 0.9193
vn -0.7666 -0.3090 0.5629
vn -0.3751 0.0652 0.9247
vn -0.2698 -0.1628 0.9490
vn -0.1297 0.4645 0.8760
vn -0.2761 -0.2889 0.9167
vn -0.2994 0.3060 0.9037
vn -0.2564 -0.2832 0.9241
vn -0.5010 0.3421 0.7950
vn -0.3124 0.2883 0.9051
vn -0.0800 0.6480 0.7574
vn -0.1437 0.6710 0.7274
vn -0.4968 0.0637 0.8655
vn 0.2392 0.2048 0.9491
vn -0.4692 0.2338 0.8516
vn -0.2461 -0.4056 0.8803
vn -0.5691 -0.1680 0.8049
vn -0.4134 -0.2349 0.8797
vn -0.2595 -0.4218 0.8688
vn -0.6027 -0.0095 0.7979
vn -0.7139 0.2489 0.6545
vn -0.5143 0.3284 0.7922
vn -0.2293 0.2426 0.9426
vn -0.3211 0.0603 0.9451
vn -0.6412 -0.0481 0.7659
vn -0.4190 -0.2727 0.8660
vn -0.8325 0.0713 0.5494
vn -0.9292 0.0259 0.3687
vn -0.9638 -0.0791 0.2545
vn -0.2518 -0.4530 0.8552
vn -0.4519 -0.3818 0.8062
vn -0.3061 -0.5043 0.8075
vn -0.2553 -0.6219 0.7403
vn -0.7127 -0.3464 0.6099
vn -0.3725 -0.6690 0.6432
vn -0.1808 0.3494 0.9194
vn -0.6516 -0.5810 0.4877
vn -0.7395 -0.0741 0.6691
vn -0.2459 -0.9169 0.3144
vn -0.4308 -0.3986 0.8097
vn -0.0549 -0.9918 -0.1154
vn -0.4571 -0.8811 0.1217
vn -0.8713 -0.4661 0.1535
vn -0.5220 -0.8508 0.0599
vn -0.5119 -0.8584 0.0319
vn -0.2396 -0.9700 -0.0402
vn -0.2527 -0.9672 -0.0262
vn -0.7270 -0.4432 0.5244
vn -0.6777 -0.1866 0.7112
vn -0.4662 -0.6692 0.5786
vn -0.2195 -0.9352 0.2780
vn -0.5579 -0.8249 0.0911
vn -0.7022 -0.6253 0.3406
vn -0.5130 -0.8579 0.0267
vn -0.2376 -0.9713 -0.0098
vn -0.5348 -0.8438 0.0442
vn -0.8885 -0.4512 0.0833
vn -0.8751 -0.4603 0.1496
vn -0.9790 -0.1571 0.1297
vn -0.9681 -0.1446 0.2047
vn -0.9151 -0.1344 0.3803
vn -0.8275 0.1881 0.5290
vn -0.6696 0.1765 0.7215
vn -0.7757 -0.0430 0.6296
vn -0.4173 -0.0313 0.9082
vn -0.9612 0.1840 -0.2053
vn -0.9780 0.1969 -0.0697
vn -0.9899 0.1413 0.0069
vn -0.9927 0.0770 -0.0929
vn -0.9699 0.0379 0.2404
vn -0.9388 -0.3422 0.0401
vn -0.8418 0.1475 0.5193
vn -0.9688 -0.0972 0.2278
vn -0.9962 -0.0833 0.0271
vn -0.7830 -0.6221 0.0032
vn -0.9800 -0.1774 0.0900
vn -0.9193 -0.2672 -0.2891
vn -0.8498 -0.4937 -0.1847
vn -0.9910 -0.0507 -0.1237
vn -0.9637 0.2663 -0.0194
vn -0.8974 0.2962 -0.3270
vn -0.8257 0.4837 -0.2903
vn -0.7445 0.6457 -0.1698
vn -0.6639 0.7313 -0.1565
vn -0.9607 0.1690 -0.2202
vn -0.9769 0.1932 -0.0910
vn -0.7009 -0.7123 -0.0368
vn -0.9527 0.3016 0.0381
vn -0.9973 0.0685 0.0254
vn -0.9869 0.1556 0.0430
vn -0.8108 0.0871 0.5788
vn -0.9242 0.0382 0.3801
vn -0.9764 0.1427 0.1623
vn -0.9803 0.1628 0.1117
vn -0.2556 -0.3189 0.9126
vn -0.2268 0.1677 0.9594
vn -0.1179 0.1566 0.9806
vn -0.5027 0.1464 0.8520
vn -0.9938 0.1104 -0.0104
vn -0.8860 0.1115 0.4500
vn -0.7870 0.0907 0.6103
vn -0.7104 0.0501 0.7021
vn -0.7420 -0.6666 -0.0704
vn -0.4843 -0.8564 -0.1787
vn -0.8034 -0.5181 -0.2935
vn -0.9827 0.0240 0.1837
vn -0.9754 -0.0761 -0.2067
vn -0.8535 0.5049 0.1290
vn -0.9733 -0.2259 -0.0411
vn -0.9417 0.1504 -0.3009
vn -0.6742 0.7263 -0.1340
vn -0.6156 0.7878 0.0220
vn -0.8290 -0.3955 -0.3953
vn -0.5937 -0.7392 -0.3179
vn -0.5439 -0.7618 -0.3518
vn -0.7948 -0.6011 -0.0837
vn -0.8752 -0.4836 0.0142
vn -0.5936 -0.7521 0.2862
vn -0.9488 -0.2993 0.1007
vn -0.8021 -0.5970 0.0162
vn -0.4203 -0.7527 0.5068
vn -0.6237 -0.5302 0.5744
vn -0.9530 -0.1700 0.2508
vn -0.9447 -0.2068 0.2546
vn -0.0931 -0.9565 -0.2766
vn 0.1096 -0.9237 -0.3671
vn 0.2474 -0.9517 -0.1819
vn 0.2944 -0.9478 -0.1224
vn -0.1706 -0.9244 0.3412
vn 0.0344 -0.9880 0.1504
vn 0.3040 -0.9482 0.0918
vn 0.4881 -0.8721 0.0351
vn -0.8000 -0.5985 -0.0430
vn -0.3600 -0.7338 0.5762
vn -0.1919 -0.7490 0.6342
vn -0.0743 -0.8873 0.4551
vn -0.5852 -0.8065 -0.0841
vn -0.1881 -0.9792 -0.0759
vn -0.0850 -0.9962 0.0203
vn -0.0124 -0.8869 0.4618
vn -0.0554 -0.8266 0.5600
vn -0.0898 -0.8366 0.5404
vn -0.0451 -0.9646 -0.2600
vn -0.1879 -0.9797 -0.0691
vn -0.2964 -0.9519 0.0773
vn -0.2400 -0.8736 0.4234
vn -0.5452 -0.8371 -0.0445
vn -0.2416 -0.9698 -0.0322
vn -0.9348 -0.3543 0.0240
vn -0.9971 -0.0677 -0.0333
vn -0.9303 -0.3195 0.1800
vn -0.6078 -0.7885 0.0937
vn -0.2326 -0.9680 -0.0942
vn -0.8321 -0.4872 0.2650
vn 0.0381 0.5324 0.8456
vn -0.4309 0.2786 0.8583
vn -0.0553 0.2522 0.9661
vn -0.4989 -0.6410 -0.5832
vn -0.2275 -0.9612 -0.1562
vn 0.0419 -0.9096 -0.4133
vn 0.1789 -0.7823 -0.5967
vn 0.3952 -0.6281 -0.6703
vn 0.9264 -0.2678 -0.2647
vn 0.9755 -0.2103 0.0640
vn 0.9580 -0.0322 0.2850
vn -0.0341 -0.9294 0.3674
vn -0.0723 -0.9402 0.3328
vn -0.2724 -0.9339 0.2316
vn -0.3786 -0.8915 0.2487
vn -0.1383 -0.9512 0.2758
vn 0.0616 -0.8822 0.4669
vn 0.7302 -0.3569 0.5826
vn -0.3435 0.6656 -0.6626
vn 0.0363 0.8388 -0.5432
vn 0.4700 0.8661 -0.1701
vn 0.2150 0.9592 0.1835
vn 0.0783 0.7524 0.6540
vn -0.8553 0.2184 0.4699
vn -0.0514 -0.2287 0.9721
vn 0.7553 0.2372 0.6110
vn 0.8254 0.4454 0.3467
vn 0.7814 0.1130 -0.6138
vn 0.0240 0.3445 -0.9385
vn -0.7570 0.3642 -0.5425
vn -0.9685 0.1099 -0.2235
vn -0.9598 -0.0408 0.2776
vn -0.9980 -0.0440 -0.0445
vn -0.9671 -0.2504 -0.0442
vn -0.9832 -0.1770 -0.0436
vn -0.9728 -0.2231 0.0630
vn -0.9981 -0.0611 0.0035
vn -0.9812 -0.1346 0.1385
vn -0.9799 0.0789 -0.1832
vn -0.9660 0.0992 -0.2388
vn -0.9672 -0.0031 -0.2539
vn -0.9277 0.0105 -0.3731
vn -0.5705 0.3179 -0.7573
vn -0.9094 -0.4152 -0.0257
vn -0.9954 -0.0216 0.0936
vn -0.8925 -0.4284 0.1408
vn -0.8665 -0.3072 0.3935
vn -0.8834 -0.3509 -0.3106
vn -0.9450 -0.3171 -0.0796
vn -0.9973 -0.0692 0.0225
vn -0.6862 -0.3168 -0.6548
vn -0.3277 -0.4211 -0.8457
vn -0.7577 -0.6509 0.0479
vn -0.7174 -0.1343 -0.6836
vn -0.9374 -0.3248 -0.1253
vn -0.8731 0.0506 -0.4849
vn -0.1609 -0.8660 -0.4734
vn -0.4512 -0.8174 -0.3580
vn -0.4821 -0.8292 -0.2829
vn -0.5045 -0.8089 -0.3018
vn -0.7915 -0.4711 -0.3893
vn 0.0106 -0.7170 -0.6970
vn -0.3424 -0.1596 -0.9259
vn -0.8074 -0.2792 -0.5197
vn -0.4960 -0.7869 -0.3672
vn -0.5046 -0.8015 -0.3210
vn -0.4555 -0.8467 -0.2751
vn -0.4318 -0.7640 -0.4795
vn -0.4529 -0.8861 -0.0986
vn -0.3484 -0.8936 -0.2831
vn -0.3278 -0.9437 -0.0453
vn -0.4533 -0.8887 0.0687
vn -0.5904 -0.7731 -0.2318
vn 0.9927 0.1205 0.0004
vn 0.5649 -0.4812 -0.6703
vn -0.3549 -0.8229 0.4438
vn -0.7545 -0.5623 -0.3386
vn -0.5419 -0.7586 -0.3617
vn -0.0007 -0.6756 -0.7372
vn -0.5351 -0.7715 -0.3442
vn -0.4030 -0.8178 -0.4108
vn -0.4469 -0.8088 -0.3822
vn -0.1987 -0.8476 -0.4921
vn -0.0486 -0.8121 -0.5815
vn -0.2691 -0.8708 -0.4114
vn -0.2478 -0.8068 -0.5363
vn -0.4189 -0.6314 -0.6526
vn -0.1942 0.4130 0.8898
vn -0.7339 0.2853 0.6165
vn -0.3376 0.4325 0.8360
vn -0.1297 0.4099 0.9028
vn -0.5145 0.3991 0.7590
vn -0.7276 0.3889 0.5651
vn -0.4278 0.5090 0.7469
vn -0.2573 0.5564 0.7901
vn -0.5540 0.4872 0.6751
vn -0.6804 0.5625 0.4698
vn -0.5577 0.6341 0.5356
vn -0.4348 0.7059 0.5591
vn -0.1480 0.5900 0.7937
vn -0.2594 0.7683 0.5852
vn -0.1206 0.8149 0.5670
vn -0.8664 0.2879 0.4079
vn -0.8681 0.3669 0.3343
vn -0.8366 0.2385 0.4932
vn -0.9781 0.1592 0.1342
vn -0.8987 0.2862 0.3322
vn -0.9822 0.1072 0.1541
vn -0.8692 0.2468 0.4284
vn -0.9147 0.2419 0.3238
vn -0.8629 0.2515 0.4383
vn -0.9277 0.2451 0.2816
vn -0.9816 -0.0436 0.1858
vn -0.9219 0.2599 0.2872
vn -0.9404 0.1225 0.3173
vn -0.9915 0.0456 -0.1220
vn -0.9978 -0.0472 0.0457
vn -0.9583 -0.0106 0.2856
vn -0.9714 -0.1006 0.2150
vn -0.9964 0.0823 -0.0196
vn -0.9993 0.0357 0.0129
vn -0.9939 0.1098 -0.0138
vn -0.9937 0.0499 0.1005
vn -0.9979 0.0514 -0.0382
vn -0.9492 0.0225 0.3138
vn -0.9963 0.0232 0.0825
vn -0.9233 -0.0410 0.3819
vn -0.9621 -0.0603 0.2660
vn -0.9721 -0.0789 0.2210
vn -0.9226 -0.1175 0.3673
vn -0.9486 -0.1639 0.2709
vn -0.9917 0.1285 -0.0033
vn -0.9965 0.0740 0.0390
vn -0.9898 -0.0399 0.1369
vn -0.9445 -0.0917 0.3154
vn -0.9059 -0.0851 0.4148
vn -0.9795 -0.0558 0.1935
vn -0.9368 -0.1496 0.3164
vn -0.9309 -0.1018 0.3507
vn -0.9639 0.0432 0.2627
vn -0.9934 0.1120 0.0261
vn -0.9452 0.2199 0.2412
vn -0.9496 0.2657 0.1665
vn -0.9656 0.2594 0.0156
vn -0.5926 0.7514 0.2903
vn -0.2761 0.9038 0.3271
vn -0.8130 0.4996 0.2989
vn -0.6749 0.7289 0.1151
vn -0.6889 0.6732 0.2687
vn -0.4689 0.8283 0.3066
vn -0.5880 0.8043 0.0861
vn -0.4622 0.8831 0.0810
vn -0.0967 0.9522 0.2898
vn -0.2852 0.9528 0.1038
vn -0.5427 0.8365 -0.0761
vn -0.1069 0.9888 0.1038
vn -0.3630 0.9277 -0.0874
vn -0.6076 0.7927 -0.0487
vn -0.7366 0.6460 -0.2003
vn -0.6908 0.7221 -0.0378
vn -0.6518 0.7274 -0.2145
vn -0.5893 0.7737 -0.2326
vn -0.1315 0.9872 -0.0905
vn -0.4318 0.8605 -0.2705
vn -0.8790 0.4627 -0.1150
vn -0.8621 0.5043 0.0505
vn -0.8448 0.5066 0.1720
vn -0.9900 -0.1226 -0.0698
vn -0.9701 0.1782 -0.1645
vn -0.9923 0.0204 0.1225
vn -0.9937 -0.0023 -0.1120
vn -0.9075 0.3654 -0.2073
vn -0.9240 0.1885 -0.3327
vn -0.9488 -0.1662 -0.2684
vn -0.9716 -0.2366 0.0062
vn -0.8818 0.3373 -0.3297
vn -0.9518 0.0021 -0.3067
vn -0.8028 0.5282 -0.2767
vn -0.6805 0.6456 -0.3465
vn -0.5830 0.6996 -0.4131
vn -0.1778 0.9356 -0.3050
vn -0.4189 0.7616 -0.4944
vn -0.8167 0.4653 -0.3414
vn -0.9350 -0.3253 -0.1413
vn -0.0002 0.5901 -0.8073
vn -0.1520 0.8067 -0.5711
vn -0.6917 0.5460 -0.4727
vn -0.5626 0.5776 -0.5915
vn -0.3485 0.5961 -0.7234
vn -0.7663 0.3792 -0.5187
vn -0.1121 0.5824 -0.8052
vn -0.1330 0.3665 -0.9209
vn -0.3267 0.3693 -0.8700
vn -0.5372 0.3883 -0.7487
vn -0.8230 0.1553 -0.5465
vn -0.8734 -0.2404 -0.4236
vn -0.8391 -0.4587 -0.2923
vn -0.6107 -0.0613 -0.7895
vn -0.8689 -0.0767 -0.4891
vn -0.6831 -0.2247 -0.6949
vn -0.7257 -0.4227 -0.5429
vn -0.5829 0.1706 -0.7944
vn -0.4110 -0.0136 -0.9115
vn -0.5076 -0.3443 -0.7898
vn -0.3632 0.1762 -0.9149
vn -0.1928 0.0590 -0.9795
vn -0.2110 -0.0906 -0.9733
vn -0.4469 -0.1476 -0.8823
vn -0.2530 -0.2993 -0.9200
vn -0.1757 0.2071 -0.9624
vn -0.6659 -0.5739 -0.4766
vn -0.7111 -0.6251 -0.3219
vn -0.5810 -0.7449 -0.3279
vn -0.5787 -0.6245 -0.5245
vn -0.5022 -0.5209 -0.6903
vn -0.2036 -0.7633 -0.6131
vn -0.4234 -0.7298 -0.5368
vn -0.2391 -0.5418 -0.8057
vn -0.3811 -0.8674 -0.3201
vn -0.2056 -0.9209 -0.3312
vn -0.0442 -0.9808 0.1898
vn -0.3013 0.9514 0.0631
vn -0.8649 0.3586 0.3513
vn 0.2528 -0.9442 0.2109
vn -0.9242 0.0611 0.3770
vn -0.0932 0.9744 0.2047
vn 0.5274 -0.6008 0.6007
vn -0.5408 0.7652 0.3492
vn 0.3636 0.5352 0.7625
vn -0.8911 -0.3477 0.2916
vn -0.6169 -0.7560 0.2188
vn 0.1733 0.9239 0.3411
vn -0.3241 0.9383 0.1204
vn 0.2926 0.1026 0.9507
vn -0.8614 0.4053 0.3061
vn 0.3332 0.8225 0.4610
vn 0.5189 0.7784 0.3532
vn -0.0171 -0.9464 0.3225
vn 0.3861 0.9209 0.0537
vn 0.2526 -0.8968 0.3633
vn -0.6309 0.7647 0.1308
vn 0.3999 0.2413 0.8842
vn 0.5836 -0.0256 0.8116
vn -0.9450 -0.0633 0.3207
vn 0.5865 0.4133 0.6966
vn -0.3132 0.9384 -0.1463
vn -0.8126 -0.4520 0.3679
vn -0.1482 0.9548 -0.2578
vn -0.4396 -0.8076 0.3930
vn 0.1077 0.9779 -0.1790
vn -0.4983 0.6171 0.6090
vn -0.2514 0.8701 0.4239
vn 0.1615 0.9128 0.3750
vn 0.4355 0.8162 0.3797
vn -0.0193 -0.7132 0.7007
vn -0.2831 -0.6164 0.7348
vn -0.4286 -0.5469 0.7192
vn 0.7283 -0.4093 0.5496
vn 0.6111 -0.6280 0.4819
vn 0.7215 0.4374 0.5367
vn 0.0019 0.8772 0.4801
vn -0.5688 -0.2858 0.7712
vn -0.6662 0.1087 0.7378
vn 0.7670 -0.0450 0.6401
vn 0.3322 -0.7303 0.5969
vn -0.1071 0.8912 0.4407
vn 0.0000 -0.9726 -0.2326
vn 0.3278 -0.9437 -0.0453
vn -0.6264 -0.0874 -0.7746
vn 0.4231 -0.5688 0.7053
vn -0.2390 0.9458 -0.2200
s 1
f 1/1/1 2/2/2 3/3/3
f 4/4/4 5/5/5 6/6/6
f 7/7/7 8/8/8 9/9/9
f 10/10/10 11/11/11 12/12/12
f 6/6/6 1/1/1 3/3/3
f 13/13/13 14/14/14 15/15/15
f 10/10/10 9/9/9 16/16/16
f 6/6/6 13/13/13 12/12/12
f 7/7/7 15/15/15 17/17/17
f 17/17/17 14/14/14 18/18/18
f 12/12/12 15/15/15 10/10/10
f 3/3/3 19/19/19 13/13/13
f 12/12/12 4/4/4 6/6/6
f 20/20/20 21/21/21 22/22/22
f 23/23/23 24/24/24 25/25/25
f 25/25/25 26/26/26 27/27/27
f 28/28/28 26/26/26 29/29/29
f 30/30/30 29/29/29 31/31/31
f 18/18/18 31/31/31 17/17/17
f 32/32/32 20/20/20 33/33/33
f 34/34/34 33/33/33 35/35/35
f 36/36/36 37/37/37 38/38/38
f 36/36/36 39/39/39 1/1/1
f 40/40/40 41/41/41 42/42/42
f 43/43/43 41/41/41 44/44/44
f 45/45/45 46/46/46 5/5/5
f 47/47/47 48/48/48 46/46/46
f 49/49/49 32/32/32 34/34/34
f 50/50/50 51/51/51 36/36/36
f 50/50/50 1/1/1 5/5/5
f 52/52/52 5/5/5 46/46/46
f 52/52/52 48/48/48 53/53/53
f 54/54/54 48/48/48 44/44/44
f 55/55/55 56/56/56 57/57/57
f 55/55/55 58/58/58 59/59/59
f 54/54/54 59/59/59 60/60/60
f 61/61/61 50/50/50 52/52/52
f 61/61/61 53/53/53 62/62/62
f 62/62/62 63/63/63 64/64/64
f 65/65/65 66/66/66 67/67/67
f 68/68/68 67/67/67 69/69/69
f 70/70/70 69/69/69 71/71/71
f 72/72/72 34/34/34 51/51/51
f 51/51/51 35/35/35 37/37/37
f 59/59/59 73/73/73 74/74/74
f 59/59/59 75/75/75 60/60/60
f 73/73/73 76/76/76 74/74/74
f 75/75/75 76/76/76 77/77/77
f 78/78/78 79/79/79 76/76/76
f 77/77/77 79/79/79 80/80/80
f 63/63/63 81/81/81 64/64/64
f 81/81/81 82/82/82 83/83/83
f 83/83/83 84/84/84 85/85/85
f 66/66/66 86/86/86 87/87/87
f 67/67/67 87/87/87 88/88/88
f 67/67/67 89/89/89 69/69/69
f 69/69/69 90/90/90 71/71/71
f 91/91/91 92/92/92 93/93/93
f 93/93/93 94/94/94 95/95/95
f 95/95/95 96/96/96 97/97/97
f 98/98/98 96/96/96 99/99/99
f 98/98/98 86/86/86 100/100/100
f 101/101/101 102/102/102 21/21/21
f 103/103/103 104/104/104 24/24/24
f 105/105/105 106/106/106 107/107/107
f 107/107/107 108/108/108 109/109/109
f 90/90/90 110/110/110 71/71/71
f 101/101/101 111/111/111 112/112/112
f 113/113/113 71/71/71 110/110/110
f 112/112/112 70/70/70 113/113/113
f 93/93/93 85/85/85 91/91/91
f 95/95/95 83/83/83 93/93/93
f 64/64/64 95/95/95 97/97/97
f 111/111/111 68/68/68 70/70/70
f 49/49/49 65/65/65 68/68/68
f 72/72/72 114/114/114 65/65/65
f 98/98/98 64/64/64 97/97/97
f 100/100/100 62/62/62 98/98/98
f 66/66/66 61/61/61 100/100/100
f 115/115/115 116/116/116 117/117/117
f 118/118/118 119/119/119 120/120/120
f 121/121/121 122/122/122 123/123/123
f 124/124/124 122/122/122 125/125/125
f 126/126/126 127/127/127 128/128/128
f 120/120/120 127/127/127 129/129/129
f 130/130/130 117/117/117 110/110/110
f 125/125/125 117/117/117 116/116/116
f 110/110/110 131/131/131 113/113/113
f 131/131/131 122/122/122 132/132/132
f 113/113/113 132/132/132 112/112/112
f 21/21/21 133/133/133 103/103/103
f 22/22/22 103/103/103 23/23/23
f 134/134/134 133/133/133 135/135/135
f 135/135/135 102/102/102 136/136/136
f 136/136/136 112/112/112 132/132/132
f 132/132/132 105/105/105 136/136/136
f 136/136/136 107/107/107 135/135/135
f 135/135/135 109/109/109 134/134/134
f 17/17/17 137/137/137 7/7/7
f 138/138/138 31/31/31 29/29/29
f 139/139/139 29/29/29 26/26/26
f 109/109/109 140/140/140 141/141/141
f 109/109/109 142/142/142 134/134/134
f 104/104/104 142/142/142 143/143/143
f 24/24/24 143/143/143 144/144/144
f 26/26/26 144/144/144 139/139/139
f 145/145/145 146/146/146 147/147/147
f 148/148/148 149/149/149 150/150/150
f 150/150/150 151/151/151 145/145/145
f 152/152/152 128/128/128 127/127/127
f 152/152/152 119/119/119 153/153/153
f 153/153/153 154/154/154 155/155/155
f 151/151/151 155/155/155 146/146/146
f 149/149/149 153/153/153 151/151/151
f 156/156/156 152/152/152 149/149/149
f 116/116/116 129/129/129 125/125/125
f 125/125/125 126/126/126 124/124/124
f 157/157/157 120/120/120 116/116/116
f 147/147/147 158/158/158 145/145/145
f 145/145/145 159/159/159 150/150/150
f 148/148/148 159/159/159 160/160/160
f 161/161/161 162/162/162 163/163/163
f 148/148/148 164/164/164 165/165/165
f 130/130/130 166/166/166 167/167/167
f 130/130/130 168/168/168 115/115/115
f 115/115/115 169/169/169 157/157/157
f 157/157/157 170/170/170 118/118/118
f 171/171/171 146/146/146 172/172/172
f 173/173/173 146/146/146 155/155/155
f 173/173/173 154/154/154 174/174/174
f 174/174/174 118/118/118 170/170/170
f 147/147/147 161/161/161 175/175/175
f 147/147/147 176/176/176 177/177/177
f 178/178/178 177/177/177 176/176/176
f 163/163/163 179/179/179 180/180/180
f 181/181/181 182/182/182 183/183/183
f 180/180/180 184/184/184 181/181/181
f 179/179/179 178/178/178 185/185/185
f 184/184/184 185/185/185 186/186/186
f 182/182/182 186/186/186 187/187/187
f 166/166/166 89/89/89 188/188/188
f 189/189/189 89/89/89 88/88/88
f 190/190/190 88/88/88 87/87/87
f 191/191/191 192/192/192 92/92/92
f 92/92/92 193/193/193 94/94/94
f 94/94/94 194/194/194 96/96/96
f 99/99/99 194/194/194 195/195/195
f 99/99/99 196/196/196 86/86/86
f 87/87/87 196/196/196 190/190/190
f 82/82/82 80/80/80 84/84/84
f 75/75/75 82/82/82 197/197/197
f 60/60/60 197/197/197 63/63/63
f 53/53/53 60/60/60 63/63/63
f 54/54/54 41/41/41 55/55/55
f 198/198/198 44/44/44 48/48/48
f 199/199/199 137/137/137 31/31/31
f 8/8/8 200/200/200 201/201/201
f 202/202/202 203/203/203 192/192/192
f 193/193/193 203/203/203 204/204/204
f 167/167/167 205/205/205 206/206/206
f 168/168/168 206/206/206 207/207/207
f 168/168/168 208/208/208 169/169/169
f 169/169/169 209/209/209 170/170/170
f 174/174/174 209/209/209 210/210/210
f 173/173/173 210/210/210 211/211/211
f 212/212/212 186/186/186 213/213/213
f 213/213/213 185/185/185 214/214/214
f 215/215/215 185/185/185 178/178/178
f 216/216/216 178/178/178 176/176/176
f 217/217/217 176/176/176 171/171/171
f 217/217/217 172/172/172 218/218/218
f 211/211/211 172/172/172 173/173/173
f 219/219/219 124/124/124 220/220/220
f 220/220/220 126/126/126 221/221/221
f 221/221/221 128/128/128 222/222/222
f 222/222/222 223/223/223 224/224/224
f 224/224/224 156/156/156 225/225/225
f 224/224/224 226/226/226 227/227/227
f 222/222/222 227/227/227 228/228/228
f 221/221/221 228/228/228 229/229/229
f 221/221/221 230/230/230 220/220/220
f 220/220/220 231/231/231 219/219/219
f 123/123/123 232/232/232 121/121/121
f 121/121/121 233/233/233 106/106/106
f 156/156/156 165/165/165 225/225/225
f 234/234/234 235/235/235 236/236/236
f 237/237/237 236/236/236 235/235/235
f 238/238/238 108/108/108 239/239/239
f 239/239/239 106/106/106 233/233/233
f 233/233/233 240/240/240 241/241/241
f 242/242/242 232/232/232 243/243/243
f 243/243/243 219/219/219 231/231/231
f 244/244/244 242/242/242 245/245/245
f 237/237/237 246/246/246 247/247/247
f 247/247/247 248/248/248 249/249/249
f 250/250/250 242/242/242 243/243/243
f 246/246/246 250/250/250 248/248/248
f 235/235/235 245/245/245 246/246/246
f 241/241/241 244/244/244 234/234/234
f 251/251/251 243/243/243 231/231/231
f 252/252/252 231/231/231 230/230/230
f 250/250/250 253/253/253 248/248/248
f 194/194/194 204/204/204 254/254/254
f 195/195/195 254/254/254 255/255/255
f 205/205/205 188/188/188 256/256/256
f 256/256/256 189/189/189 257/257/257
f 258/258/258 189/189/189 190/190/190
f 258/258/258 196/196/196 259/259/259
f 259/259/259 195/195/195 255/255/255
f 204/204/204 260/260/260 261/261/261
f 254/254/254 261/261/261 262/262/262
f 254/254/254 263/263/263 255/255/255
f 264/264/264 263/263/263 265/265/265
f 259/259/259 264/264/264 266/266/266
f 265/265/265 267/267/267 264/264/264
f 268/268/268 269/269/269 267/267/267
f 269/269/269 215/215/215 216/216/216
f 216/216/216 270/270/270 269/269/269
f 269/269/269 271/271/271 267/267/267
f 267/267/267 266/266/266 264/264/264
f 226/226/226 211/211/211 227/227/227
f 227/227/227 210/210/210 228/228/228
f 229/229/229 210/210/210 209/209/209
f 229/229/229 208/208/208 230/230/230
f 230/230/230 207/207/207 252/252/252
f 272/272/272 248/248/248 253/253/253
f 226/226/226 272/272/272 218/218/218
f 225/225/225 249/249/249 226/226/226
f 165/165/165 247/247/247 225/225/225
f 165/165/165 273/273/273 237/237/237
f 270/270/270 218/218/218 272/272/272
f 253/253/253 270/270/270 272/272/272
f 274/274/274 251/251/251 252/252/252
f 266/266/266 258/258/258 259/259/259
f 275/275/275 266/266/266 271/271/271
f 275/275/275 253/253/253 274/274/274
f 207/207/207 276/276/276 252/252/252
f 277/277/277 257/257/257 258/258/258
f 277/277/277 278/278/278 279/279/279
f 279/279/279 256/256/256 257/257/257
f 205/205/205 280/280/280 281/281/281
f 206/206/206 281/281/281 276/276/276
f 282/282/282 279/279/279 278/278/278
f 281/281/281 282/282/282 283/283/283
f 275/275/275 284/284/284 278/278/278
f 283/283/283 278/278/278 284/284/284
f 284/284/284 252/252/252 276/276/276
f 283/283/283 276/276/276 281/281/281
f 200/200/200 285/285/285 286/286/286
f 139/139/139 287/287/287 288/288/288
f 139/139/139 289/289/289 138/138/138
f 138/138/138 285/285/285 199/199/199
f 201/201/201 286/286/286 290/290/290
f 288/288/288 291/291/291 292/292/292
f 288/288/288 293/293/293 289/289/289
f 285/285/285 293/293/293 294/294/294
f 286/286/286 294/294/294 295/295/295
f 286/286/286 296/296/296 290/290/290
f 292/292/292 297/297/297 298/298/298
f 293/293/293 298/298/298 299/299/299
f 294/294/294 299/299/299 300/300/300
f 295/295/295 300/300/300 301/301/301
f 296/296/296 301/301/301 302/302/302
f 303/303/303 297/297/297 291/291/291
f 304/304/304 291/291/291 287/287/287
f 305/305/305 306/306/306 307/307/307
f 307/307/307 308/308/308 309/309/309
f 309/309/309 303/303/303 304/304/304
f 310/310/310 311/311/311 306/306/306
f 306/306/306 312/312/312 308/308/308
f 308/308/308 313/313/313 303/303/303
f 140/140/140 307/307/307 141/141/141
f 141/141/141 309/309/309 142/142/142
f 142/142/142 304/304/304 143/143/143
f 144/144/144 304/304/304 287/287/287
f 305/305/305 238/238/238 314/314/314
f 310/310/310 314/314/314 315/315/315
f 316/316/316 315/315/315 317/317/317
f 317/317/317 318/318/318 316/316/316
f 319/319/319 320/320/320 321/321/321
f 322/322/322 323/323/323 320/320/320
f 324/324/324 325/325/325 323/323/323
f 326/326/326 327/327/327 325/325/325
f 328/328/328 329/329/329 327/327/327
f 239/239/239 321/321/321 238/238/238
f 319/319/319 233/233/233 241/241/241
f 319/319/319 234/234/234 322/322/322
f 322/322/322 236/236/236 324/324/324
f 324/324/324 273/273/273 326/326/326
f 326/326/326 164/164/164 328/328/328
f 328/328/328 160/160/160 330/330/330
f 331/331/331 238/238/238 321/321/321
f 331/331/331 320/320/320 332/332/332
f 333/333/333 320/320/320 323/323/323
f 334/334/334 323/323/323 325/325/325
f 335/335/335 325/325/325 327/327/327
f 336/336/336 327/327/327 329/329/329
f 315/315/315 331/331/331 332/332/332
f 317/317/317 332/332/332 333/333/333
f 337/337/337 333/333/333 334/334/334
f 336/336/336 338/338/338 335/335/335
f 334/334/334 338/338/338 337/337/337
f 339/339/339 337/337/337 338/338/338
f 340/340/340 338/338/338 341/341/341
f 342/342/342 316/316/316 318/318/318
f 343/343/343 318/318/318 339/339/339
f 344/344/344 339/339/339 340/340/340
f 297/297/297 345/345/345 298/298/298
f 299/299/299 345/345/345 346/346/346
f 299/299/299 347/347/347 300/300/300
f 301/301/301 347/347/347 348/348/348
f 297/297/297 349/349/349 350/350/350
f 301/301/301 351/351/351 302/302/302
f 349/349/349 312/312/312 311/311/311
f 345/345/345 352/352/352 353/353/353
f 346/346/346 353/353/353 354/354/354
f 347/347/347 354/354/354 355/355/355
f 348/348/348 355/355/355 356/356/356
f 353/353/353 357/357/357 354/354/354
f 355/355/355 357/357/357 358/358/358
f 356/356/356 358/358/358 359/359/359
f 352/352/352 360/360/360 353/353/353
f 360/360/360 361/361/361 362/362/362
f 357/357/357 362/362/362 363/363/363
f 358/358/358 363/363/363 364/364/364
f 359/359/359 364/364/364 365/365/365
f 366/366/366 367/367/367 368/368/368
f 369/369/369 350/350/350 349/349/349
f 369/369/369 367/367/367 352/352/352
f 342/342/342 368/368/368 369/369/369
f 343/343/343 366/366/366 368/368/368
f 342/342/342 349/349/349 311/311/311
f 348/348/348 370/370/370 351/351/351
f 370/370/370 359/359/359 371/371/371
f 372/372/372 359/359/359 365/365/365
f 330/330/330 373/373/373 329/329/329
f 336/336/336 374/374/374 341/341/341
f 329/329/329 375/375/375 336/336/336
f 341/341/341 376/376/376 340/340/340
f 375/375/375 377/377/377 374/374/374
f 378/378/378 379/379/379 373/373/373
f 374/374/374 380/380/380 376/376/376
f 373/373/373 381/381/381 375/375/375
f 378/378/378 160/160/160 159/159/159
f 366/366/366 340/340/340 376/376/376
f 362/362/362 382/382/382 383/383/383
f 363/363/363 383/383/383 384/384/384
f 364/364/364 384/384/384 385/385/385
f 365/365/365 386/386/386 372/372/372
f 365/365/365 385/385/385 387/387/387
f 361/361/361 376/376/376 382/382/382
f 382/382/382 380/380/380 388/388/388
f 389/389/389 159/159/159 158/158/158
f 387/387/387 390/390/390 386/386/386
f 384/384/384 391/391/391 392/392/392
f 385/385/385 392/392/392 393/393/393
f 387/387/387 393/393/393 394/394/394
f 383/383/383 388/388/388 391/391/391
f 395/395/395 388/388/388 380/380/380
f 396/396/396 394/394/394 397/397/397
f 398/398/398 394/394/394 393/393/393
f 399/399/399 393/393/393 392/392/392
f 395/395/395 392/392/392 391/391/391
f 381/381/381 400/400/400 377/377/377
f 381/381/381 401/401/401 402/402/402
f 379/379/379 403/403/403 401/401/401
f 400/400/400 404/404/404 405/405/405
f 402/402/402 406/406/406 404/404/404
f 401/401/401 407/407/407 406/406/406
f 405/405/405 408/408/408 409/409/409
f 406/406/406 408/408/408 404/404/404
f 406/406/406 410/410/410 411/411/411
f 409/409/409 412/412/412 413/413/413
f 408/408/408 414/414/414 412/412/412
f 411/411/411 415/415/415 414/414/414
f 413/413/413 416/416/416 417/417/417
f 412/412/412 418/418/418 416/416/416
f 414/414/414 419/419/419 418/418/418
f 417/417/417 397/397/397 413/413/413
f 409/409/409 397/397/397 398/398/398
f 409/409/409 399/399/399 405/405/405
f 400/400/400 399/399/399 395/395/395
f 377/377/377 395/395/395 380/380/380
f 403/403/403 158/158/158 175/175/175
f 420/420/420 403/403/403 421/421/421
f 422/422/422 420/420/420 421/421/421
f 421/421/421 175/175/175 161/161/161
f 422/422/422 161/161/161 163/163/163
f 423/423/423 424/424/424 420/420/420
f 424/424/424 425/425/425 426/426/426
f 426/426/426 427/427/427 428/428/428
f 407/407/407 424/424/424 410/410/410
f 410/410/410 426/426/426 415/415/415
f 415/415/415 428/428/428 419/419/419
f 423/423/423 429/429/429 430/430/430
f 430/430/430 431/431/431 425/425/425
f 425/425/425 432/432/432 427/427/427
f 422/422/422 180/180/180 429/429/429
f 429/429/429 181/181/181 431/431/431
f 431/431/431 183/183/183 432/432/432
f 27/27/27 433/433/433 434/434/434
f 37/37/37 435/435/435 38/38/38
f 2/2/2 436/436/436 19/19/19
f 25/25/25 434/434/434 437/437/437
f 19/19/19 438/438/438 14/14/14
f 35/35/35 439/439/439 37/37/37
f 23/23/23 437/437/437 440/440/440
f 39/39/39 441/441/441 2/2/2
f 20/20/20 442/442/442 33/33/33
f 30/30/30 443/443/443 444/444/444
f 22/22/22 445/445/445 20/20/20
f 18/18/18 438/438/438 443/443/443
f 28/28/28 444/444/444 433/433/433
f 33/33/33 446/446/446 35/35/35
f 38/38/38 447/447/447 39/39/39
f 23/23/23 448/448/448 22/22/22
f 441/441/441 449/449/449 436/436/436
f 442/442/442 450/450/450 451/451/451
f 434/434/434 452/452/452 453/453/453
f 446/446/446 451/451/451 454/454/454
f 437/437/437 453/453/453 455/455/455
f 447/447/447 456/456/456 441/441/441
f 448/448/448 457/457/457 458/458/458
f 437/437/437 457/457/457 440/440/440
f 436/436/436 459/459/459 438/438/438
f 445/445/445 458/458/458 450/450/450
f 443/443/443 459/459/459 460/460/460
f 435/435/435 461/461/461 447/447/447
f 444/444/444 460/460/460 462/462/462
f 435/435/435 463/463/463 464/464/464
f 433/433/433 462/462/462 452/452/452
f 439/439/439 454/454/454 463/463/463
f 465/465/465 466/466/466 467/467/467
f 468/468/468 469/469/469 470/470/470
f 471/471/471 8/8/8 472/472/472
f 473/473/473 474/474/474 475/475/475
f 476/476/476 467/467/467 469/469/469
f 477/477/477 478/478/478 479/479/479
f 474/474/474 9/9/9 471/471/471
f 477/477/477 476/476/476 475/475/475
f 471/471/471 480/480/480 474/474/474
f 481/481/481 478/478/478 480/480/480
f 480/480/480 475/475/475 474/474/474
f 465/465/465 479/479/479 482/482/482
f 468/468/468 475/475/475 476/476/476
f 483/483/483 484/484/484 485/485/485
f 486/486/486 487/487/487 488/488/488
f 489/489/489 488/488/488 490/490/490
f 491/491/491 489/489/489 490/490/490
f 492/492/492 493/493/493 491/491/491
f 481/481/481 492/492/492 494/494/494
f 495/495/495 485/485/485 484/484/484
f 496/496/496 497/497/497 495/495/495
f 498/498/498 499/499/499 500/500/500
f 467/467/467 501/501/501 498/498/498
f 502/502/502 40/40/40 503/503/503
f 504/504/504 502/502/502 503/503/503
f 470/470/470 505/505/505 506/506/506
f 507/507/507 506/506/506 505/505/505
f 508/508/508 495/495/495 509/509/509
f 510/510/510 500/500/500 511/511/511
f 467/467/467 510/510/510 469/469/469
f 512/512/512 469/469/469 510/510/510
f 507/507/507 512/512/512 513/513/513
f 514/514/514 507/507/507 513/513/513
f 515/515/515 56/56/56 502/502/502
f 516/516/58 515/515/515 517/517/516
f 514/514/514 517/517/516 515/515/515
f 518/518/517 510/510/510 519/519/518
f 513/513/513 518/518/517 520/520/519
f 521/521/520 520/520/519 522/522/521
f 523/523/522 524/524/523 519/519/518
f 525/525/524 526/526/525 523/523/522
f 527/527/526 528/528/527 525/525/524
f 511/511/511 496/496/496 508/508/508
f 500/500/500 529/529/528 496/496/496
f 517/517/516 530/530/73 516/516/58
f 531/531/529 517/517/516 532/532/530
f 533/533/531 530/530/73 534/534/532
f 531/531/529 533/533/531 534/534/532
f 535/535/533 536/536/78 533/533/531
f 537/537/534 535/535/533 533/533/531
f 538/538/535 521/521/520 522/522/521
f 539/539/536 538/538/535 540/540/537
f 541/541/538 540/540/537 542/542/539
f 524/524/523 543/543/540 544/544/541
f 526/526/525 545/545/542 524/524/523
f 546/546/543 526/526/525 528/528/527
f 547/547/544 528/528/527 548/548/545
f 549/549/546 550/550/547 551/551/548
f 552/552/549 551/551/548 553/553/550
f 554/554/551 553/553/550 555/555/552
f 556/556/553 554/554/551 555/555/552
f 543/543/540 556/556/553 544/544/541
f 557/557/554 484/484/484 558/558/555
f 559/559/556 560/560/557 486/486/486
f 561/561/558 562/562/559 563/563/560
f 564/564/561 563/563/560 565/565/562
f 566/566/563 547/547/544 548/548/545
f 509/509/509 484/484/484 567/567/564
f 568/568/565 548/548/545 527/527/526
f 567/567/564 527/527/526 509/509/509
f 542/542/539 551/551/548 550/550/547
f 540/540/537 553/553/550 551/551/548
f 553/553/550 522/522/521 555/555/552
f 509/509/509 525/525/524 508/508/508
f 508/508/508 523/523/522 511/511/511
f 511/511/511 519/519/518 510/510/510
f 522/522/521 556/556/553 555/555/552
f 520/520/519 544/544/541 556/556/553
f 518/518/517 524/524/523 544/544/541
f 569/569/566 570/570/567 571/571/568
f 572/572/569 573/573/570 574/574/571
f 575/575/572 576/576/573 577/577/574
f 578/578/575 575/575/572 577/577/574
f 579/579/576 580/580/577 581/581/578
f 574/574/571 580/580/577 572/572/569
f 571/571/568 582/582/579 566/566/563
f 571/571/568 583/583/580 569/569/566
f 584/584/581 566/566/563 568/568/565
f 584/584/581 575/575/572 583/583/580
f 568/568/565 585/585/582 584/584/581
f 586/586/583 558/558/555 560/560/557
f 560/560/557 483/483/483 487/487/487
f 586/586/583 587/587/584 588/588/585
f 557/557/554 588/588/585 589/589/586
f 567/567/564 589/589/586 585/585/582
f 562/562/559 585/585/582 589/589/586
f 563/563/560 589/589/586 588/588/585
f 565/565/562 588/588/585 587/587/584
f 481/481/481 472/472/472 590/590/587
f 591/591/588 590/590/587 592/592/589
f 593/593/590 493/493/493 591/591/588
f 565/565/562 594/594/591 564/564/561
f 595/595/592 565/565/562 587/587/584
f 559/559/556 595/595/592 587/587/584
f 486/486/486 596/596/593 559/559/556
f 489/489/489 597/597/594 486/486/486
f 598/598/595 599/599/596 600/600/597
f 601/601/598 602/602/599 603/603/600
f 604/604/601 600/600/597 602/602/599
f 605/605/602 606/606/603 607/607/604
f 572/572/569 605/605/602 608/608/605
f 609/609/606 608/608/605 610/610/607
f 610/610/607 600/600/597 599/599/596
f 608/608/605 602/602/599 600/600/597
f 605/605/602 603/603/600 602/602/599
f 569/569/566 581/581/578 574/574/571
f 579/579/576 583/583/580 578/578/575
f 574/574/571 611/611/608 569/569/566
f 612/612/609 613/613/610 598/598/595
f 614/614/611 598/598/595 604/604/601
f 601/601/598 614/614/611 604/604/601
f 615/615/612 616/616/613 617/617/614
f 601/601/598 618/618/615 619/619/616
f 582/582/579 620/620/617 547/547/544
f 621/621/618 582/582/579 570/570/567
f 622/622/619 570/570/567 611/611/608
f 623/623/620 611/611/608 573/573/570
f 599/599/596 624/624/621 625/625/622
f 626/626/623 599/599/596 625/625/622
f 609/609/606 626/626/623 627/627/624
f 573/573/570 627/627/624 623/623/620
f 615/615/612 613/613/610 628/628/625
f 629/629/626 613/613/610 617/617/614
f 617/617/614 630/630/627 629/629/626
f 631/631/628 632/632/629 633/633/630
f 634/634/182 635/635/631 636/636/183
f 637/637/632 633/633/630 635/635/631
f 631/631/628 630/630/627 616/616/613
f 637/637/632 638/638/633 631/631/628
f 634/634/182 639/639/634 637/637/632
f 546/546/543 620/620/617 640/640/635
f 641/641/636 546/546/543 640/640/635
f 642/642/637 643/643/638 641/641/636
f 644/644/639 645/645/640 549/549/546
f 646/646/641 549/549/546 552/552/549
f 647/647/642 552/552/549 554/554/551
f 648/648/643 647/647/642 554/554/551
f 649/649/644 648/648/643 543/543/540
f 545/545/542 649/649/644 543/543/540
f 539/539/536 650/650/645 537/537/534
f 539/539/536 531/531/529 651/651/646
f 651/651/646 532/532/530 521/521/520
f 513/513/513 532/532/530 514/514/514
f 502/502/502 514/514/514 515/515/515
f 652/652/647 653/653/648 504/504/504
f 472/472/472 592/592/589 590/590/587
f 8/8/8 654/654/649 472/472/472
f 655/655/650 656/656/651 644/644/639
f 646/646/641 655/655/650 644/644/639
f 657/657/652 658/658/653 620/620/617
f 621/621/618 659/659/654 657/657/652
f 660/660/655 621/621/618 622/622/619
f 661/661/656 622/622/619 623/623/620
f 627/627/624 661/661/656 623/623/620
f 626/626/623 662/662/657 627/627/624
f 639/639/634 663/663/212 664/664/658
f 638/638/633 664/664/658 665/665/659
f 666/666/660 638/638/633 665/665/659
f 667/667/661 630/630/627 666/666/660
f 668/668/662 629/629/626 667/667/661
f 625/625/622 668/668/662 669/669/663
f 670/670/664 625/625/622 669/669/663
f 578/578/575 671/671/665 672/672/666
f 579/579/576 672/672/666 673/673/667
f 606/606/603 673/673/667 674/674/668
f 607/607/604 674/674/668 675/675/669
f 603/603/600 675/675/669 676/676/670
f 675/675/669 677/677/671 676/676/670
f 674/674/668 678/678/672 675/675/669
f 673/673/667 679/679/673 674/674/668
f 680/680/674 673/673/667 672/672/666
f 681/681/675 672/672/666 671/671/665
f 682/682/676 577/577/574 576/576/573
f 683/683/677 576/576/573 561/561/558
f 684/684/678 603/603/600 676/676/670
f 685/685/679 686/686/680 687/687/681
f 688/688/682 689/689/683 690/690/684
f 564/564/561 691/691/685 692/692/686
f 561/561/558 692/692/686 683/683/677
f 683/683/677 693/693/687 682/682/676
f 694/694/688 682/682/676 693/693/687
f 695/695/689 671/671/665 682/682/676
f 687/687/681 694/694/688 693/693/687
f 696/696/690 688/688/682 697/697/691
f 698/698/692 697/697/691 699/699/693
f 700/700/694 694/694/688 701/701/695
f 700/700/694 696/696/690 698/698/692
f 686/686/680 701/701/695 687/687/681
f 702/702/696 687/687/681 693/693/687
f 703/703/697 695/695/689 700/700/694
f 704/704/698 681/681/675 703/703/697
f 705/705/699 700/700/694 698/698/692
f 647/647/642 706/706/700 646/646/641
f 707/707/701 708/708/702 647/647/642
f 640/640/635 658/658/653 709/709/703
f 641/641/636 709/709/703 710/710/704
f 711/711/705 641/641/636 710/710/704
f 649/649/644 711/711/705 712/712/706
f 707/707/701 712/712/706 713/713/707
f 706/706/700 714/714/708 655/655/650
f 708/708/702 715/715/709 706/706/700
f 716/716/710 708/708/702 713/713/707
f 717/717/711 716/716/710 713/713/707
f 717/717/711 712/712/706 718/718/712
f 719/719/713 720/720/714 717/717/711
f 721/721/715 722/722/716 719/719/713
f 721/721/715 666/666/660 723/723/717
f 724/724/718 667/667/661 721/721/715
f 725/725/719 721/721/715 719/719/713
f 718/718/712 719/719/713 717/717/711
f 670/670/664 677/677/671 678/678/672
f 662/662/657 678/678/672 679/679/673
f 726/726/720 662/662/657 679/679/673
f 660/660/655 726/726/720 680/680/674
f 727/727/721 680/680/674 704/704/698
f 728/728/722 698/698/692 699/699/693
f 728/728/722 677/677/671 669/669/663
f 699/699/693 676/676/670 677/677/671
f 697/697/691 684/684/678 676/676/670
f 684/684/678 690/690/684 618/618/615
f 724/724/718 669/669/663 668/668/662
f 724/724/718 705/705/699 728/728/722
f 703/703/697 729/729/723 704/704/698
f 711/711/705 718/718/712 712/712/706
f 718/718/712 730/730/724 725/725/719
f 730/730/724 705/705/699 725/725/719
f 731/731/725 727/727/721 704/704/698
f 710/710/704 732/732/726 711/711/705
f 732/732/726 733/733/727 730/730/724
f 709/709/703 734/734/728 710/710/704
f 735/735/729 658/658/653 736/736/730
f 736/736/730 659/659/654 731/731/725
f 737/737/731 734/734/728 735/735/729
f 737/737/731 736/736/730 738/738/732
f 730/730/724 739/739/733 729/729/723
f 738/738/732 733/733/727 737/737/731
f 739/739/733 704/704/698 729/729/723
f 738/738/732 731/731/725 739/739/733
f 654/654/649 740/740/734 592/592/589
f 593/593/590 741/741/735 597/597/594
f 742/742/736 593/593/590 591/591/588
f 740/740/734 591/591/588 592/592/589
f 743/743/201 744/744/737 654/654/649
f 745/745/738 746/746/739 741/741/735
f 747/747/740 745/745/738 742/742/736
f 740/740/734 747/747/740 742/742/736
f 744/744/737 748/748/741 740/740/734
f 749/749/296 744/744/737 750/750/290
f 751/751/742 752/752/743 746/746/739
f 747/747/740 753/753/744 751/751/742
f 748/748/741 754/754/745 747/747/740
f 755/755/746 756/756/747 748/748/741
f 749/749/296 757/757/748 755/755/746
f 758/758/749 752/752/743 759/759/750
f 760/760/751 746/746/739 758/758/749
f 761/761/752 762/762/753 763/763/754
f 764/764/755 765/765/756 762/762/753
f 766/766/757 758/758/749 765/765/756
f 763/763/754 767/767/758 768/768/759
f 762/762/753 769/769/760 767/767/758
f 765/765/756 759/759/750 769/769/760
f 764/764/755 594/594/591 770/770/761
f 766/766/757 770/770/761 595/595/592
f 760/760/751 595/595/592 596/596/593
f 597/597/594 760/760/751 596/596/593
f 761/761/752 691/691/685 594/594/591
f 763/763/754 771/771/762 761/761/752
f 768/768/759 772/772/763 763/763/754
f 773/773/764 774/774/765 768/768/759
f 775/775/766 776/776/767 777/777/768
f 778/778/769 779/779/770 775/775/766
f 780/780/771 781/781/772 778/778/769
f 782/782/773 783/783/774 780/780/771
f 784/784/775 785/785/776 782/782/773
f 777/777/768 692/692/686 691/691/685
f 776/776/767 683/683/677 692/692/686
f 685/685/679 776/776/767 779/779/770
f 689/689/683 779/779/770 781/781/772
f 690/690/684 781/781/772 783/783/774
f 618/618/615 783/783/774 785/785/776
f 619/619/616 785/785/776 786/786/777
f 787/787/778 691/691/685 771/771/762
f 775/775/766 787/787/778 788/788/779
f 789/789/780 775/775/766 788/788/779
f 790/790/781 778/778/769 789/789/780
f 791/791/782 780/780/771 790/790/781
f 792/792/783 782/782/773 791/791/782
f 772/772/763 787/787/778 771/771/762
f 774/774/765 788/788/779 772/772/763
f 793/793/784 789/789/780 774/774/765
f 794/794/785 792/792/783 791/791/782
f 790/790/781 794/794/785 791/791/782
f 795/795/786 793/793/784 773/773/764
f 796/796/787 794/794/785 795/795/786
f 797/797/788 768/768/759 767/767/758
f 798/798/789 773/773/764 797/797/788
f 799/799/790 795/795/786 798/798/789
f 800/800/791 752/752/743 753/753/744
f 754/754/745 800/800/791 753/753/744
f 801/801/792 754/754/745 756/756/747
f 757/757/748 801/801/792 756/756/747
f 752/752/743 802/802/793 759/759/750
f 803/803/351 757/757/748 804/804/302
f 802/802/793 769/769/760 759/759/750
f 800/800/791 805/805/794 806/806/795
f 807/807/796 808/808/797 800/800/791
f 801/801/792 809/809/798 807/807/796
f 810/810/799 811/811/800 801/801/792
f 812/812/801 808/808/797 809/809/798
f 811/811/800 812/812/801 809/809/798
f 813/813/802 814/814/803 811/811/800
f 815/815/804 805/805/794 808/808/797
f 815/815/804 816/816/805 817/817/806
f 812/812/801 818/818/807 815/815/804
f 814/814/803 819/819/808 812/812/801
f 820/820/809 821/821/810 814/814/803
f 817/817/806 822/822/811 823/823/812
f 806/806/795 824/824/813 802/802/793
f 824/824/813 817/817/806 823/823/812
f 797/797/788 823/823/812 798/798/789
f 798/798/789 822/822/811 799/799/790
f 802/802/793 797/797/788 767/767/758
f 825/825/370 810/810/799 803/803/351
f 820/820/809 825/825/370 826/826/371
f 827/827/372 820/820/809 826/826/371
f 828/828/814 786/786/777 784/784/775
f 829/829/815 792/792/783 830/830/816
f 831/831/817 784/784/775 792/792/783
f 832/832/818 830/830/816 796/796/787
f 833/833/819 831/831/817 829/829/815
f 834/834/820 835/835/821 828/828/814
f 836/836/822 829/829/815 832/832/818
f 837/837/823 828/828/814 831/831/817
f 835/835/821 619/619/616 786/786/777
f 822/822/811 796/796/787 799/799/790
f 818/818/807 838/838/824 816/816/805
f 819/819/808 839/839/825 818/818/807
f 821/821/810 840/840/826 819/819/808
f 841/841/386 842/842/827 827/827/372
f 842/842/827 843/843/828 821/821/810
f 832/832/818 816/816/805 838/838/824
f 836/836/822 838/838/824 844/844/829
f 845/845/830 614/614/611 835/835/821
f 846/846/831 847/847/832 841/841/386
f 840/840/826 848/848/833 839/839/825
f 843/843/828 849/849/834 840/840/826
f 847/847/832 850/850/835 843/843/828
f 844/844/829 839/839/825 848/848/833
f 851/851/836 844/844/829 848/848/833
f 852/852/837 853/853/396 854/854/838
f 855/855/839 852/852/837 854/854/838
f 856/856/840 850/850/835 855/855/839
f 851/851/836 849/849/834 856/856/840
f 857/857/841 837/837/823 833/833/819
f 837/837/823 858/858/842 834/834/820
f 834/834/820 859/859/843 845/845/830
f 857/857/841 860/860/844 861/861/845
f 861/861/845 862/862/846 858/858/842
f 858/858/842 863/863/847 859/859/843
f 864/864/848 865/865/849 860/860/844
f 865/865/849 862/862/846 860/860/844
f 862/862/846 866/866/850 863/863/847
f 867/867/851 868/868/852 865/865/849
f 865/865/849 869/869/853 870/870/854
f 870/870/854 871/871/855 866/866/850
f 872/872/856 873/873/416 868/868/852
f 868/868/852 874/874/418 869/869/853
f 869/869/853 875/875/419 871/871/855
f 854/854/838 876/876/417 872/872/856
f 867/867/851 854/854/838 872/872/856
f 856/856/840 867/867/851 864/864/848
f 857/857/841 856/856/840 864/864/848
f 833/833/819 851/851/836 857/857/841
f 859/859/843 612/612/609 845/845/830
f 859/859/843 877/877/857 878/878/858
f 879/879/859 877/877/857 880/880/860
f 878/878/858 628/628/625 859/859/843
f 879/879/859 615/615/612 878/878/858
f 881/881/861 880/880/860 877/877/857
f 881/881/861 882/882/862 883/883/863
f 884/884/864 885/885/427 882/882/862
f 881/881/861 863/863/847 866/866/850
f 884/884/864 866/866/850 871/871/855
f 886/886/428 871/871/855 875/875/419
f 887/887/865 880/880/860 883/883/863
f 888/888/866 883/883/863 882/882/862
f 889/889/432 882/882/862 885/885/427
f 633/633/630 879/879/859 887/887/865
f 635/635/631 887/887/865 888/888/866
f 636/636/183 888/888/866 889/889/432
f 490/490/490 890/890/867 491/491/491
f 891/891/868 499/499/499 501/501/501
f 892/892/869 482/482/482 479/479/479
f 488/488/488 893/893/870 490/490/490
f 894/894/871 479/479/479 478/478/478
f 895/895/872 529/529/528 499/499/499
f 487/487/487 896/896/873 488/488/488
f 897/897/874 466/466/466 482/482/482
f 497/497/497 898/898/875 485/485/485
f 492/492/492 899/899/876 494/494/494
f 898/898/875 483/483/483 485/485/485
f 494/494/494 894/894/871 478/478/478
f 491/491/491 900/900/877 492/492/492
f 901/901/878 497/497/497 529/529/528
f 902/902/879 501/501/501 466/466/466
f 483/483/483 903/903/880 487/487/487
f 904/904/881 897/897/874 892/892/869
f 905/905/882 906/906/883 898/898/875
f 893/893/870 907/907/884 890/890/867
f 901/901/878 908/908/885 905/905/882
f 896/896/873 909/909/886 893/893/870
f 910/910/887 902/902/879 897/897/874
f 911/911/888 912/912/889 903/903/880
f 912/912/889 896/896/873 903/903/880
f 913/913/890 892/892/869 894/894/871
f 898/898/875 914/914/891 911/911/888
f 899/899/876 913/913/890 894/894/871
f 915/915/892 891/891/868 902/902/879
f 900/900/877 916/916/893 899/899/876
f 891/891/868 917/917/894 895/895/872
f 890/890/867 918/918/895 900/900/877
f 895/895/872 919/919/896 901/901/878
f 47/47/47 920/920/897 198/198/198
f 198/198/198 921/921/898 43/43/43
f 504/504/504 922/922/899 923/923/900
f 473/473/473 924/924/901 16/16/16
f 4/4/4 925/925/902 926/926/903
f 468/468/468 927/927/904 928/928/905
f 652/652/647 923/923/900 929/929/906
f 503/503/503 930/930/907 922/922/899
f 47/47/47 931/931/908 932/932/909
f 506/506/506 929/929/906 933/933/910
f 468/468/468 934/934/911 473/473/473
f 470/470/470 933/933/910 927/927/904
f 45/45/45 926/926/903 931/931/908
f 11/11/11 924/924/901 925/925/902
f 42/42/42 930/930/907 40/40/40
f 43/43/43 935/935/912 42/42/42
f 1/1/1 39/39/39 2/2/2
f 4/4/4 45/45/45 5/5/5
f 7/7/7 137/137/137 8/8/8
f 10/10/10 16/16/16 11/11/11
f 6/6/6 5/5/5 1/1/1
f 13/13/13 19/19/19 14/14/14
f 10/10/10 7/7/7 9/9/9
f 6/6/6 3/3/3 13/13/13
f 7/7/7 10/10/10 15/15/15
f 17/17/17 15/15/15 14/14/14
f 12/12/12 13/13/13 15/15/15
f 3/3/3 2/2/2 19/19/19
f 12/12/12 11/11/11 4/4/4
f 20/20/20 101/101/101 21/21/21
f 23/23/23 103/103/103 24/24/24
f 25/25/25 24/24/24 26/26/26
f 28/28/28 27/27/27 26/26/26
f 30/30/30 28/28/28 29/29/29
f 18/18/18 30/30/30 31/31/31
f 32/32/32 101/101/101 20/20/20
f 34/34/34 32/32/32 33/33/33
f 36/36/36 51/51/51 37/37/37
f 36/36/36 38/38/38 39/39/39
f 40/40/40 56/56/56 41/41/41
f 43/43/43 42/42/42 41/41/41
f 45/45/45 47/47/47 46/46/46
f 47/47/47 198/198/198 48/48/48
f 49/49/49 111/111/111 32/32/32
f 50/50/50 72/72/72 51/51/51
f 50/50/50 36/36/36 1/1/1
f 52/52/52 50/50/50 5/5/5
f 52/52/52 46/46/46 48/48/48
f 54/54/54 53/53/53 48/48/48
f 55/55/55 41/41/41 56/56/56
f 55/55/55 57/57/57 58/58/58
f 54/54/54 55/55/55 59/59/59
f 61/61/61 114/114/114 50/50/50
f 61/61/61 52/52/52 53/53/53
f 62/62/62 53/53/53 63/63/63
f 65/65/65 114/114/114 66/66/66
f 68/68/68 65/65/65 67/67/67
f 70/70/70 68/68/68 69/69/69
f 72/72/72 49/49/49 34/34/34
f 51/51/51 34/34/34 35/35/35
f 59/59/59 58/58/58 73/73/73
f 59/59/59 74/74/74 75/75/75
f 73/73/73 78/78/78 76/76/76
f 75/75/75 74/74/74 76/76/76
f 78/78/78 936/936/913 79/79/79
f 77/77/77 76/76/76 79/79/79
f 63/63/63 197/197/197 81/81/81
f 81/81/81 197/197/197 82/82/82
f 83/83/83 82/82/82 84/84/84
f 66/66/66 100/100/100 86/86/86
f 67/67/67 66/66/66 87/87/87
f 67/67/67 88/88/88 89/89/89
f 69/69/69 89/89/89 90/90/90
f 91/91/91 191/191/191 92/92/92
f 93/93/93 92/92/92 94/94/94
f 95/95/95 94/94/94 96/96/96
f 98/98/98 97/97/97 96/96/96
f 98/98/98 99/99/99 86/86/86
f 101/101/101 112/112/112 102/102/102
f 103/103/103 133/133/133 104/104/104
f 105/105/105 121/121/121 106/106/106
f 107/107/107 106/106/106 108/108/108
f 90/90/90 130/130/130 110/110/110
f 101/101/101 32/32/32 111/111/111
f 113/113/113 70/70/70 71/71/71
f 112/112/112 111/111/111 70/70/70
f 93/93/93 83/83/83 85/85/85
f 95/95/95 81/81/81 83/83/83
f 64/64/64 81/81/81 95/95/95
f 111/111/111 49/49/49 68/68/68
f 49/49/49 72/72/72 65/65/65
f 72/72/72 50/50/50 114/114/114
f 98/98/98 62/62/62 64/64/64
f 100/100/100 61/61/61 62/62/62
f 66/66/66 114/114/114 61/61/61
f 115/115/115 157/157/157 116/116/116
f 118/118/118 154/154/154 119/119/119
f 121/121/121 105/105/105 122/122/122
f 124/124/124 123/123/123 122/122/122
f 126/126/126 129/129/129 127/127/127
f 120/120/120 119/119/119 127/127/127
f 130/130/130 115/115/115 117/117/117
f 125/125/125 131/131/131 117/117/117
f 110/110/110 117/117/117 131/131/131
f 131/131/131 125/125/125 122/122/122
f 113/113/113 131/131/131 132/132/132
f 21/21/21 102/102/102 133/133/133
f 22/22/22 21/21/21 103/103/103
f 134/134/134 104/104/104 133/133/133
f 135/135/135 133/133/133 102/102/102
f 136/136/136 102/102/102 112/112/112
f 132/132/132 122/122/122 105/105/105
f 136/136/136 105/105/105 107/107/107
f 135/135/135 107/107/107 109/109/109
f 17/17/17 31/31/31 137/137/137
f 138/138/138 199/199/199 31/31/31
f 139/139/139 138/138/138 29/29/29
f 109/109/109 108/108/108 140/140/140
f 109/109/109 141/141/141 142/142/142
f 104/104/104 134/134/134 142/142/142
f 24/24/24 104/104/104 143/143/143
f 26/26/26 24/24/24 144/144/144
f 145/145/145 151/151/151 146/146/146
f 148/148/148 156/156/156 149/149/149
f 150/150/150 149/149/149 151/151/151
f 152/152/152 223/223/223 128/128/128
f 152/152/152 127/127/127 119/119/119
f 153/153/153 119/119/119 154/154/154
f 151/151/151 153/153/153 155/155/155
f 149/149/149 152/152/152 153/153/153
f 156/156/156 223/223/223 152/152/152
f 116/116/116 120/120/120 129/129/129
f 125/125/125 129/129/129 126/126/126
f 157/157/157 118/118/118 120/120/120
f 147/147/147 175/175/175 158/158/158
f 145/145/145 158/158/158 159/159/159
f 148/148/148 150/150/150 159/159/159
f 161/161/161 177/177/177 162/162/162
f 148/148/148 160/160/160 164/164/164
f 130/130/130 90/90/90 166/166/166
f 130/130/130 167/167/167 168/168/168
f 115/115/115 168/168/168 169/169/169
f 157/157/157 169/169/169 170/170/170
f 171/171/171 147/147/147 146/146/146
f 173/173/173 172/172/172 146/146/146
f 173/173/173 155/155/155 154/154/154
f 174/174/174 154/154/154 118/118/118
f 147/147/147 177/177/177 161/161/161
f 147/147/147 171/171/171 176/176/176
f 178/178/178 162/162/162 177/177/177
f 163/163/163 162/162/162 179/179/179
f 181/181/181 184/184/184 182/182/182
f 180/180/180 179/179/179 184/184/184
f 179/179/179 162/162/162 178/178/178
f 184/184/184 179/179/179 185/185/185
f 182/182/182 184/184/184 186/186/186
f 166/166/166 90/90/90 89/89/89
f 189/189/189 188/188/188 89/89/89
f 190/190/190 189/189/189 88/88/88
f 191/191/191 202/202/202 192/192/192
f 92/92/92 192/192/192 193/193/193
f 94/94/94 193/193/193 194/194/194
f 99/99/99 96/96/96 194/194/194
f 99/99/99 195/195/195 196/196/196
f 87/87/87 86/86/86 196/196/196
f 82/82/82 77/77/77 80/80/80
f 75/75/75 77/77/77 82/82/82
f 60/60/60 75/75/75 197/197/197
f 53/53/53 54/54/54 60/60/60
f 54/54/54 44/44/44 41/41/41
f 198/198/198 43/43/43 44/44/44
f 199/199/199 200/200/200 137/137/137
f 8/8/8 137/137/137 200/200/200
f 202/202/202 260/260/260 203/203/203
f 193/193/193 192/192/192 203/203/203
f 167/167/167 166/166/166 205/205/205
f 168/168/168 167/167/167 206/206/206
f 168/168/168 207/207/207 208/208/208
f 169/169/169 208/208/208 209/209/209
f 174/174/174 170/170/170 209/209/209
f 173/173/173 174/174/174 210/210/210
f 212/212/212 187/187/187 186/186/186
f 213/213/213 186/186/186 185/185/185
f 215/215/215 214/214/214 185/185/185
f 216/216/216 215/215/215 178/178/178
f 217/217/217 216/216/216 176/176/176
f 217/217/217 171/171/171 172/172/172
f 211/211/211 218/218/218 172/172/172
f 219/219/219 123/123/123 124/124/124
f 220/220/220 124/124/124 126/126/126
f 221/221/221 126/126/126 128/128/128
f 222/222/222 128/128/128 223/223/223
f 224/224/224 223/223/223 156/156/156
f 224/224/224 225/225/225 226/226/226
f 222/222/222 224/224/224 227/227/227
f 221/221/221 222/222/222 228/228/228
f 221/221/221 229/229/229 230/230/230
f 220/220/220 230/230/230 231/231/231
f 123/123/123 219/219/219 232/232/232
f 121/121/121 232/232/232 233/233/233
f 156/156/156 148/148/148 165/165/165
f 234/234/234 244/244/244 235/235/235
f 237/237/237 273/273/273 236/236/236
f 238/238/238 140/140/140 108/108/108
f 239/239/239 108/108/108 106/106/106
f 233/233/233 232/232/232 240/240/240
f 242/242/242 240/240/240 232/232/232
f 243/243/243 232/232/232 219/219/219
f 244/244/244 240/240/240 242/242/242
f 237/237/237 235/235/235 246/246/246
f 247/247/247 246/246/246 248/248/248
f 250/250/250 245/245/245 242/242/242
f 246/246/246 245/245/245 250/250/250
f 235/235/235 244/244/244 245/245/245
f 241/241/241 240/240/240 244/244/244
f 251/251/251 250/250/250 243/243/243
f 252/252/252 251/251/251 231/231/231
f 250/250/250 251/251/251 253/253/253
f 194/194/194 193/193/193 204/204/204
f 195/195/195 194/194/194 254/254/254
f 205/205/205 166/166/166 188/188/188
f 256/256/256 188/188/188 189/189/189
f 258/258/258 257/257/257 189/189/189
f 258/258/258 190/190/190 196/196/196
f 259/259/259 196/196/196 195/195/195
f 204/204/204 203/203/203 260/260/260
f 254/254/254 204/204/204 261/261/261
f 254/254/254 262/262/262 263/263/263
f 264/264/264 255/255/255 263/263/263
f 259/259/259 255/255/255 264/264/264
f 265/265/265 268/268/268 267/267/267
f 268/268/268 937/937/914 269/269/269
f 269/269/269 937/937/914 215/215/215
f 216/216/216 217/217/217 270/270/270
f 269/269/269 270/270/270 271/271/271
f 267/267/267 271/271/271 266/266/266
f 226/226/226 218/218/218 211/211/211
f 227/227/227 211/211/211 210/210/210
f 229/229/229 228/228/228 210/210/210
f 229/229/229 209/209/209 208/208/208
f 230/230/230 208/208/208 207/207/207
f 272/272/272 249/249/249 248/248/248
f 226/226/226 249/249/249 272/272/272
f 225/225/225 247/247/247 249/249/249
f 165/165/165 237/237/237 247/247/247
f 165/165/165 164/164/164 273/273/273
f 270/270/270 217/217/217 218/218/218
f 253/253/253 271/271/271 270/270/270
f 274/274/274 253/253/253 251/251/251
f 266/266/266 277/277/277 258/258/258
f 275/275/275 277/277/277 266/266/266
f 275/275/275 271/271/271 253/253/253
f 207/207/207 206/206/206 276/276/276
f 277/277/277 279/279/279 257/257/257
f 277/277/277 275/275/275 278/278/278
f 279/279/279 280/280/280 256/256/256
f 205/205/205 256/256/256 280/280/280
f 206/206/206 205/205/205 281/281/281
f 282/282/282 280/280/280 279/279/279
f 281/281/281 280/280/280 282/282/282
f 275/275/275 274/274/274 284/284/284
f 283/283/283 282/282/282 278/278/278
f 284/284/284 274/274/274 252/252/252
f 283/283/283 284/284/284 276/276/276
f 200/200/200 199/199/199 285/285/285
f 139/139/139 144/144/144 287/287/287
f 139/139/139 288/288/288 289/289/289
f 138/138/138 289/289/289 285/285/285
f 201/201/201 200/200/200 286/286/286
f 288/288/288 287/287/287 291/291/291
f 288/288/288 292/292/292 293/293/293
f 285/285/285 289/289/289 293/293/293
f 286/286/286 285/285/285 294/294/294
f 286/286/286 295/295/295 296/296/296
f 292/292/292 291/291/291 297/297/297
f 293/293/293 292/292/292 298/298/298
f 294/294/294 293/293/293 299/299/299
f 295/295/295 294/294/294 300/300/300
f 296/296/296 295/295/295 301/301/301
f 303/303/303 313/313/313 297/297/297
f 304/304/304 303/303/303 291/291/291
f 305/305/305 310/310/310 306/306/306
f 307/307/307 306/306/306 308/308/308
f 309/309/309 308/308/308 303/303/303
f 310/310/310 316/316/316 311/311/311
f 306/306/306 311/311/311 312/312/312
f 308/308/308 312/312/312 313/313/313
f 140/140/140 305/305/305 307/307/307
f 141/141/141 307/307/307 309/309/309
f 142/142/142 309/309/309 304/304/304
f 144/144/144 143/143/143 304/304/304
f 305/305/305 140/140/140 238/238/238
f 310/310/310 305/305/305 314/314/314
f 316/316/316 310/310/310 315/315/315
f 317/317/317 337/337/337 318/318/318
f 319/319/319 322/322/322 320/320/320
f 322/322/322 324/324/324 323/323/323
f 324/324/324 326/326/326 325/325/325
f 326/326/326 328/328/328 327/327/327
f 328/328/328 330/330/330 329/329/329
f 239/239/239 319/319/319 321/321/321
f 319/319/319 239/239/239 233/233/233
f 319/319/319 241/241/241 234/234/234
f 322/322/322 234/234/234 236/236/236
f 324/324/324 236/236/236 273/273/273
f 326/326/326 273/273/273 164/164/164
f 328/328/328 164/164/164 160/160/160
f 331/331/331 314/314/314 238/238/238
f 331/331/331 321/321/321 320/320/320
f 333/333/333 332/332/332 320/320/320
f 334/334/334 333/333/333 323/323/323
f 335/335/335 334/334/334 325/325/325
f 336/336/336 335/335/335 327/327/327
f 315/315/315 314/314/314 331/331/331
f 317/317/317 315/315/315 332/332/332
f 337/337/337 317/317/317 333/333/333
f 336/336/336 341/341/341 338/338/338
f 334/334/334 335/335/335 338/338/338
f 339/339/339 318/318/318 337/337/337
f 340/340/340 339/339/339 338/338/338
f 342/342/342 311/311/311 316/316/316
f 343/343/343 342/342/342 318/318/318
f 344/344/344 343/343/343 339/339/339
f 297/297/297 350/350/350 345/345/345
f 299/299/299 298/298/298 345/345/345
f 299/299/299 346/346/346 347/347/347
f 301/301/301 300/300/300 347/347/347
f 297/297/297 313/313/313 349/349/349
f 301/301/301 348/348/348 351/351/351
f 349/349/349 313/313/313 312/312/312
f 345/345/345 350/350/350 352/352/352
f 346/346/346 345/345/345 353/353/353
f 347/347/347 346/346/346 354/354/354
f 348/348/348 347/347/347 355/355/355
f 353/353/353 360/360/360 357/357/357
f 355/355/355 354/354/354 357/357/357
f 356/356/356 355/355/355 358/358/358
f 352/352/352 367/367/367 360/360/360
f 360/360/360 367/367/367 361/361/361
f 357/357/357 360/360/360 362/362/362
f 358/358/358 357/357/357 363/363/363
f 359/359/359 358/358/358 364/364/364
f 366/366/366 361/361/361 367/367/367
f 369/369/369 352/352/352 350/350/350
f 369/369/369 368/368/368 367/367/367
f 342/342/342 343/343/343 368/368/368
f 343/343/343 344/344/344 366/366/366
f 342/342/342 369/369/369 349/349/349
f 348/348/348 356/356/356 370/370/370
f 370/370/370 356/356/356 359/359/359
f 372/372/372 371/371/371 359/359/359
f 330/330/330 378/378/378 373/373/373
f 336/336/336 375/375/375 374/374/374
f 329/329/329 373/373/373 375/375/375
f 341/341/341 374/374/374 376/376/376
f 375/375/375 381/381/381 377/377/377
f 378/378/378 389/389/389 379/379/379
f 374/374/374 377/377/377 380/380/380
f 373/373/373 379/379/379 381/381/381
f 378/378/378 330/330/330 160/160/160
f 366/366/366 344/344/344 340/340/340
f 362/362/362 361/361/361 382/382/382
f 363/363/363 362/362/362 383/383/383
f 364/364/364 363/363/363 384/384/384
f 365/365/365 387/387/387 386/386/386
f 365/365/365 364/364/364 385/385/385
f 361/361/361 366/366/366 376/376/376
f 382/382/382 376/376/376 380/380/380
f 389/389/389 378/378/378 159/159/159
f 387/387/387 394/394/394 390/390/390
f 384/384/384 383/383/383 391/391/391
f 385/385/385 384/384/384 392/392/392
f 387/387/387 385/385/385 393/393/393
f 383/383/383 382/382/382 388/388/388
f 395/395/395 391/391/391 388/388/388
f 396/396/396 390/390/390 394/394/394
f 398/398/398 397/397/397 394/394/394
f 399/399/399 398/398/398 393/393/393
f 395/395/395 399/399/399 392/392/392
f 381/381/381 402/402/402 400/400/400
f 381/381/381 379/379/379 401/401/401
f 379/379/379 389/389/389 403/403/403
f 400/400/400 402/402/402 404/404/404
f 402/402/402 401/401/401 406/406/406
f 401/401/401 403/403/403 407/407/407
f 405/405/405 404/404/404 408/408/408
f 406/406/406 411/411/411 408/408/408
f 406/406/406 407/407/407 410/410/410
f 409/409/409 408/408/408 412/412/412
f 408/408/408 411/411/411 414/414/414
f 411/411/411 410/410/410 415/415/415
f 413/413/413 412/412/412 416/416/416
f 412/412/412 414/414/414 418/418/418
f 414/414/414 415/415/415 419/419/419
f 417/417/417 396/396/396 397/397/397
f 409/409/409 413/413/413 397/397/397
f 409/409/409 398/398/398 399/399/399
f 400/400/400 405/405/405 399/399/399
f 377/377/377 400/400/400 395/395/395
f 403/403/403 389/389/389 158/158/158
f 420/420/420 407/407/407 403/403/403
f 422/422/422 423/423/423 420/420/420
f 421/421/421 403/403/403 175/175/175
f 422/422/422 421/421/421 161/161/161
f 423/423/423 430/430/430 424/424/424
f 424/424/424 430/430/430 425/425/425
f 426/426/426 425/425/425 427/427/427
f 407/407/407 420/420/420 424/424/424
f 410/410/410 424/424/424 426/426/426
f 415/415/415 426/426/426 428/428/428
f 423/423/423 422/422/422 429/429/429
f 430/430/430 429/429/429 431/431/431
f 425/425/425 431/431/431 432/432/432
f 422/422/422 163/163/163 180/180/180
f 429/429/429 180/180/180 181/181/181
f 431/431/431 181/181/181 183/183/183
f 27/27/27 28/28/28 433/433/433
f 37/37/37 439/439/439 435/435/435
f 2/2/2 441/441/441 436/436/436
f 25/25/25 27/27/27 434/434/434
f 19/19/19 436/436/436 438/438/438
f 35/35/35 446/446/446 439/439/439
f 23/23/23 25/25/25 437/437/437
f 39/39/39 447/447/447 441/441/441
f 20/20/20 445/445/445 442/442/442
f 30/30/30 18/18/18 443/443/443
f 22/22/22 448/448/448 445/445/445
f 18/18/18 14/14/14 438/438/438
f 28/28/28 30/30/30 444/444/444
f 33/33/33 442/442/442 446/446/446
f 38/38/38 435/435/435 447/447/447
f 23/23/23 440/440/440 448/448/448
f 441/441/441 456/456/456 449/449/449
f 442/442/442 445/445/445 450/450/450
f 434/434/434 433/433/433 452/452/452
f 446/446/446 442/442/442 451/451/451
f 437/437/437 434/434/434 453/453/453
f 447/447/447 461/461/461 456/456/456
f 448/448/448 440/440/440 457/457/457
f 437/437/437 455/455/455 457/457/457
f 436/436/436 449/449/449 459/459/459
f 445/445/445 448/448/448 458/458/458
f 443/443/443 438/438/438 459/459/459
f 435/435/435 464/464/464 461/461/461
f 444/444/444 443/443/443 460/460/460
f 435/435/435 439/439/439 463/463/463
f 433/433/433 444/444/444 462/462/462
f 439/439/439 446/446/446 454/454/454
f 465/465/465 482/482/482 466/466/466
f 468/468/468 476/476/476 469/469/469
f 471/471/471 9/9/9 8/8/8
f 473/473/473 16/16/16 474/474/474
f 476/476/476 465/465/465 467/467/467
f 477/477/477 480/480/480 478/478/478
f 474/474/474 16/16/16 9/9/9
f 477/477/477 465/465/465 476/476/476
f 471/471/471 481/481/481 480/480/480
f 481/481/481 494/494/494 478/478/478
f 480/480/480 477/477/477 475/475/475
f 465/465/465 477/477/477 479/479/479
f 468/468/468 473/473/473 475/475/475
f 483/483/483 558/558/555 484/484/484
f 486/486/486 560/560/557 487/487/487
f 489/489/489 486/486/486 488/488/488
f 491/491/491 493/493/493 489/489/489
f 492/492/492 590/590/587 493/493/493
f 481/481/481 590/590/587 492/492/492
f 495/495/495 497/497/497 485/485/485
f 496/496/496 529/529/528 497/497/497
f 498/498/498 501/501/501 499/499/499
f 467/467/467 466/466/466 501/501/501
f 502/502/502 56/56/56 40/40/40
f 504/504/504 653/653/648 502/502/502
f 470/470/470 469/469/469 505/505/505
f 507/507/507 652/652/647 506/506/506
f 508/508/508 496/496/496 495/495/495
f 510/510/510 498/498/498 500/500/500
f 467/467/467 498/498/498 510/510/510
f 512/512/512 505/505/505 469/469/469
f 507/507/507 505/505/505 512/512/512
f 514/514/514 653/653/648 507/507/507
f 515/515/515 938/938/57 56/56/56
f 516/516/58 938/938/57 515/515/515
f 514/514/514 532/532/530 517/517/516
f 518/518/517 512/512/512 510/510/510
f 513/513/513 512/512/512 518/518/517
f 521/521/520 513/513/513 520/520/519
f 523/523/522 526/526/525 524/524/523
f 525/525/524 528/528/527 526/526/525
f 527/527/526 548/548/545 528/528/527
f 511/511/511 500/500/500 496/496/496
f 500/500/500 499/499/499 529/529/528
f 517/517/516 534/534/532 530/530/73
f 531/531/529 534/534/532 517/517/516
f 533/533/531 536/536/78 530/530/73
f 531/531/529 537/537/534 533/533/531
f 535/535/533 939/939/913 536/536/78
f 537/537/534 650/650/645 535/535/533
f 538/538/535 651/651/646 521/521/520
f 539/539/536 651/651/646 538/538/535
f 541/541/538 539/539/536 540/540/537
f 524/524/523 545/545/542 543/543/540
f 526/526/525 643/643/638 545/545/542
f 546/546/543 643/643/638 526/526/525
f 547/547/544 546/546/543 528/528/527
f 549/549/546 645/645/640 550/550/547
f 552/552/549 549/549/546 551/551/548
f 554/554/551 552/552/549 553/553/550
f 556/556/553 648/648/643 554/554/551
f 543/543/540 648/648/643 556/556/553
f 557/557/554 567/567/564 484/484/484
f 559/559/556 586/586/583 560/560/557
f 561/561/558 576/576/573 562/562/559
f 564/564/561 561/561/558 563/563/560
f 566/566/563 582/582/579 547/547/544
f 509/509/509 495/495/495 484/484/484
f 568/568/565 566/566/563 548/548/545
f 567/567/564 568/568/565 527/527/526
f 542/542/539 540/540/537 551/551/548
f 540/540/537 538/538/535 553/553/550
f 553/553/550 538/538/535 522/522/521
f 509/509/509 527/527/526 525/525/524
f 508/508/508 525/525/524 523/523/522
f 511/511/511 523/523/522 519/519/518
f 522/522/521 520/520/519 556/556/553
f 520/520/519 518/518/517 544/544/541
f 518/518/517 519/519/518 524/524/523
f 569/569/566 611/611/608 570/570/567
f 572/572/569 609/609/606 573/573/570
f 575/575/572 562/562/559 576/576/573
f 578/578/575 583/583/580 575/575/572
f 579/579/576 606/606/603 580/580/577
f 574/574/571 581/581/578 580/580/577
f 571/571/568 570/570/567 582/582/579
f 571/571/568 584/584/581 583/583/580
f 584/584/581 571/571/568 566/566/563
f 584/584/581 585/585/582 575/575/572
f 568/568/565 567/567/564 585/585/582
f 586/586/583 557/557/554 558/558/555
f 560/560/557 558/558/555 483/483/483
f 586/586/583 559/559/556 587/587/584
f 557/557/554 586/586/583 588/588/585
f 567/567/564 557/557/554 589/589/586
f 562/562/559 575/575/572 585/585/582
f 563/563/560 562/562/559 589/589/586
f 565/565/562 563/563/560 588/588/585
f 481/481/481 471/471/471 472/472/472
f 591/591/588 493/493/493 590/590/587
f 593/593/590 489/489/489 493/493/493
f 565/565/562 770/770/761 594/594/591
f 595/595/592 770/770/761 565/565/562
f 559/559/556 596/596/593 595/595/592
f 486/486/486 597/597/594 596/596/593
f 489/489/489 593/593/590 597/597/594
f 598/598/595 613/613/610 599/599/596
f 601/601/598 604/604/601 602/602/599
f 604/604/601 598/598/595 600/600/597
f 605/605/602 580/580/577 606/606/603
f 572/572/569 580/580/577 605/605/602
f 609/609/606 572/572/569 608/608/605
f 610/610/607 608/608/605 600/600/597
f 608/608/605 605/605/602 602/602/599
f 605/605/602 607/607/604 603/603/600
f 569/569/566 583/583/580 581/581/578
f 579/579/576 581/581/578 583/583/580
f 574/574/571 573/573/570 611/611/608
f 612/612/609 628/628/625 613/613/610
f 614/614/611 612/612/609 598/598/595
f 601/601/598 619/619/616 614/614/611
f 615/615/612 632/632/629 616/616/613
f 601/601/598 684/684/678 618/618/615
f 582/582/579 657/657/652 620/620/617
f 621/621/618 657/657/652 582/582/579
f 622/622/619 621/621/618 570/570/567
f 623/623/620 622/622/619 611/611/608
f 599/599/596 613/613/610 624/624/621
f 626/626/623 610/610/607 599/599/596
f 609/609/606 610/610/607 626/626/623
f 573/573/570 609/609/606 627/627/624
f 615/615/612 617/617/614 613/613/610
f 629/629/626 624/624/621 613/613/610
f 617/617/614 616/616/613 630/630/627
f 631/631/628 616/616/613 632/632/629
f 634/634/182 637/637/632 635/635/631
f 637/637/632 631/631/628 633/633/630
f 631/631/628 638/638/633 630/630/627
f 637/637/632 639/639/634 638/638/633
f 634/634/182 940/940/187 639/639/634
f 546/546/543 547/547/544 620/620/617
f 641/641/636 643/643/638 546/546/543
f 642/642/637 545/545/542 643/643/638
f 644/644/639 656/656/651 645/645/640
f 646/646/641 644/644/639 549/549/546
f 647/647/642 646/646/641 552/552/549
f 648/648/643 707/707/701 647/647/642
f 649/649/644 707/707/701 648/648/643
f 545/545/542 642/642/637 649/649/644
f 539/539/536 541/541/538 650/650/645
f 539/539/536 537/537/534 531/531/529
f 651/651/646 531/531/529 532/532/530
f 513/513/513 521/521/520 532/532/530
f 502/502/502 653/653/648 514/514/514
f 652/652/647 507/507/507 653/653/648
f 472/472/472 654/654/649 592/592/589
f 8/8/8 743/743/201 654/654/649
f 655/655/650 714/714/708 656/656/651
f 646/646/641 706/706/700 655/655/650
f 657/657/652 659/659/654 658/658/653
f 621/621/618 727/727/721 659/659/654
f 660/660/655 727/727/721 621/621/618
f 661/661/656 660/660/655 622/622/619
f 627/627/624 662/662/657 661/661/656
f 626/626/623 670/670/664 662/662/657
f 639/639/634 940/940/187 663/663/212
f 638/638/633 639/639/634 664/664/658
f 666/666/660 630/630/627 638/638/633
f 667/667/661 629/629/626 630/630/627
f 668/668/662 624/624/621 629/629/626
f 625/625/622 624/624/621 668/668/662
f 670/670/664 626/626/623 625/625/622
f 578/578/575 577/577/574 671/671/665
f 579/579/576 578/578/575 672/672/666
f 606/606/603 579/579/576 673/673/667
f 607/607/604 606/606/603 674/674/668
f 603/603/600 607/607/604 675/675/669
f 675/675/669 678/678/672 677/677/671
f 674/674/668 679/679/673 678/678/672
f 673/673/667 726/726/720 679/679/673
f 680/680/674 726/726/720 673/673/667
f 681/681/675 680/680/674 672/672/666
f 682/682/676 671/671/665 577/577/574
f 683/683/677 682/682/676 576/576/573
f 684/684/678 601/601/598 603/603/600
f 685/685/679 689/689/683 686/686/680
f 688/688/682 686/686/680 689/689/683
f 564/564/561 594/594/591 691/691/685
f 561/561/558 564/564/561 692/692/686
f 683/683/677 702/702/696 693/693/687
f 694/694/688 695/695/689 682/682/676
f 695/695/689 681/681/675 671/671/665
f 687/687/681 701/701/695 694/694/688
f 696/696/690 686/686/680 688/688/682
f 698/698/692 696/696/690 697/697/691
f 700/700/694 695/695/689 694/694/688
f 700/700/694 701/701/695 696/696/690
f 686/686/680 696/696/690 701/701/695
f 702/702/696 685/685/679 687/687/681
f 703/703/697 681/681/675 695/695/689
f 704/704/698 680/680/674 681/681/675
f 705/705/699 703/703/697 700/700/694
f 647/647/642 708/708/702 706/706/700
f 707/707/701 713/713/707 708/708/702
f 640/640/635 620/620/617 658/658/653
f 641/641/636 640/640/635 709/709/703
f 711/711/705 642/642/637 641/641/636
f 649/649/644 642/642/637 711/711/705
f 707/707/701 649/649/644 712/712/706
f 706/706/700 715/715/709 714/714/708
f 708/708/702 941/941/915 715/715/709
f 716/716/710 941/941/915 708/708/702
f 717/717/711 720/720/714 716/716/710
f 717/717/711 713/713/707 712/712/706
f 719/719/713 722/722/716 720/720/714
f 721/721/715 723/723/717 722/722/716
f 721/721/715 667/667/661 666/666/660
f 724/724/718 668/668/662 667/667/661
f 725/725/719 724/724/718 721/721/715
f 718/718/712 725/725/719 719/719/713
f 670/670/664 669/669/663 677/677/671
f 662/662/657 670/670/664 678/678/672
f 726/726/720 661/661/656 662/662/657
f 660/660/655 661/661/656 726/726/720
f 727/727/721 660/660/655 680/680/674
f 728/728/722 705/705/699 698/698/692
f 728/728/722 699/699/693 677/677/671
f 699/699/693 697/697/691 676/676/670
f 697/697/691 688/688/682 684/684/678
f 684/684/678 688/688/682 690/690/684
f 724/724/718 728/728/722 669/669/663
f 724/724/718 725/725/719 705/705/699
f 703/703/697 705/705/699 729/729/723
f 711/711/705 732/732/726 718/718/712
f 718/718/712 732/732/726 730/730/724
f 730/730/724 729/729/723 705/705/699
f 731/731/725 659/659/654 727/727/721
f 710/710/704 734/734/728 732/732/726
f 732/732/726 734/734/728 733/733/727
f 709/709/703 735/735/729 734/734/728
f 735/735/729 709/709/703 658/658/653
f 736/736/730 658/658/653 659/659/654
f 737/737/731 733/733/727 734/734/728
f 737/737/731 735/735/729 736/736/730
f 730/730/724 733/733/727 739/739/733
f 738/738/732 739/739/733 733/733/727
f 739/739/733 731/731/725 704/704/698
f 738/738/732 736/736/730 731/731/725
f 654/654/649 744/744/737 740/740/734
f 593/593/590 745/745/738 741/741/735
f 742/742/736 745/745/738 593/593/590
f 740/740/734 742/742/736 591/591/588
f 743/743/201 750/750/290 744/744/737
f 745/745/738 751/751/742 746/746/739
f 747/747/740 751/751/742 745/745/738
f 740/740/734 748/748/741 747/747/740
f 744/744/737 755/755/746 748/748/741
f 749/749/296 755/755/746 744/744/737
f 751/751/742 753/753/744 752/752/743
f 747/747/740 754/754/745 753/753/744
f 748/748/741 756/756/747 754/754/745
f 755/755/746 757/757/748 756/756/747
f 749/749/296 804/804/302 757/757/748
f 758/758/749 746/746/739 752/752/743
f 760/760/751 741/741/735 746/746/739
f 761/761/752 764/764/755 762/762/753
f 764/764/755 766/766/757 765/765/756
f 766/766/757 760/760/751 758/758/749
f 763/763/754 762/762/753 767/767/758
f 762/762/753 765/765/756 769/769/760
f 765/765/756 758/758/749 759/759/750
f 764/764/755 761/761/752 594/594/591
f 766/766/757 764/764/755 770/770/761
f 760/760/751 766/766/757 595/595/592
f 597/597/594 741/741/735 760/760/751
f 761/761/752 771/771/762 691/691/685
f 763/763/754 772/772/763 771/771/762
f 768/768/759 774/774/765 772/772/763
f 773/773/764 793/793/784 774/774/765
f 775/775/766 779/779/770 776/776/767
f 778/778/769 781/781/772 779/779/770
f 780/780/771 783/783/774 781/781/772
f 782/782/773 785/785/776 783/783/774
f 784/784/775 786/786/777 785/785/776
f 777/777/768 776/776/767 692/692/686
f 776/776/767 702/702/696 683/683/677
f 685/685/679 702/702/696 776/776/767
f 689/689/683 685/685/679 779/779/770
f 690/690/684 689/689/683 781/781/772
f 618/618/615 690/690/684 783/783/774
f 619/619/616 618/618/615 785/785/776
f 787/787/778 777/777/768 691/691/685
f 775/775/766 777/777/768 787/787/778
f 789/789/780 778/778/769 775/775/766
f 790/790/781 780/780/771 778/778/769
f 791/791/782 782/782/773 780/780/771
f 792/792/783 784/784/775 782/782/773
f 772/772/763 788/788/779 787/787/778
f 774/774/765 789/789/780 788/788/779
f 793/793/784 790/790/781 789/789/780
f 794/794/785 830/830/816 792/792/783
f 790/790/781 793/793/784 794/794/785
f 795/795/786 794/794/785 793/793/784
f 796/796/787 830/830/816 794/794/785
f 797/797/788 773/773/764 768/768/759
f 798/798/789 795/795/786 773/773/764
f 799/799/790 796/796/787 795/795/786
f 800/800/791 806/806/795 752/752/743
f 754/754/745 807/807/796 800/800/791
f 801/801/792 807/807/796 754/754/745
f 757/757/748 810/810/799 801/801/792
f 752/752/743 806/806/795 802/802/793
f 803/803/351 810/810/799 757/757/748
f 802/802/793 767/767/758 769/769/760
f 800/800/791 808/808/797 805/805/794
f 807/807/796 809/809/798 808/808/797
f 801/801/792 811/811/800 809/809/798
f 810/810/799 813/813/802 811/811/800
f 812/812/801 815/815/804 808/808/797
f 811/811/800 814/814/803 812/812/801
f 813/813/802 820/820/809 814/814/803
f 815/815/804 817/817/806 805/805/794
f 815/815/804 818/818/807 816/816/805
f 812/812/801 819/819/808 818/818/807
f 814/814/803 821/821/810 819/819/808
f 820/820/809 842/842/827 821/821/810
f 817/817/806 816/816/805 822/822/811
f 806/806/795 805/805/794 824/824/813
f 824/824/813 805/805/794 817/817/806
f 797/797/788 824/824/813 823/823/812
f 798/798/789 823/823/812 822/822/811
f 802/802/793 824/824/813 797/797/788
f 825/825/370 813/813/802 810/810/799
f 820/820/809 813/813/802 825/825/370
f 827/827/372 842/842/827 820/820/809
f 828/828/814 835/835/821 786/786/777
f 829/829/815 831/831/817 792/792/783
f 831/831/817 828/828/814 784/784/775
f 832/832/818 829/829/815 830/830/816
f 833/833/819 837/837/823 831/831/817
f 834/834/820 845/845/830 835/835/821
f 836/836/822 833/833/819 829/829/815
f 837/837/823 834/834/820 828/828/814
f 835/835/821 614/614/611 619/619/616
f 822/822/811 832/832/818 796/796/787
f 818/818/807 839/839/825 838/838/824
f 819/819/808 840/840/826 839/839/825
f 821/821/810 843/843/828 840/840/826
f 841/841/386 847/847/832 842/842/827
f 842/842/827 847/847/832 843/843/828
f 832/832/818 822/822/811 816/816/805
f 836/836/822 832/832/818 838/838/824
f 845/845/830 612/612/609 614/614/611
f 846/846/831 852/852/837 847/847/832
f 840/840/826 849/849/834 848/848/833
f 843/843/828 850/850/835 849/849/834
f 847/847/832 852/852/837 850/850/835
f 844/844/829 838/838/824 839/839/825
f 851/851/836 836/836/822 844/844/829
f 852/852/837 846/846/831 853/853/396
f 855/855/839 850/850/835 852/852/837
f 856/856/840 849/849/834 850/850/835
f 851/851/836 848/848/833 849/849/834
f 857/857/841 861/861/845 837/837/823
f 837/837/823 861/861/845 858/858/842
f 834/834/820 858/858/842 859/859/843
f 857/857/841 864/864/848 860/860/844
f 861/861/845 860/860/844 862/862/846
f 858/858/842 862/862/846 863/863/847
f 864/864/848 867/867/851 865/865/849
f 865/865/849 870/870/854 862/862/846
f 862/862/846 870/870/854 866/866/850
f 867/867/851 872/872/856 868/868/852
f 865/865/849 868/868/852 869/869/853
f 870/870/854 869/869/853 871/871/855
f 872/872/856 876/876/417 873/873/416
f 868/868/852 873/873/416 874/874/418
f 869/869/853 874/874/418 875/875/419
f 854/854/838 853/853/396 876/876/417
f 867/867/851 855/855/839 854/854/838
f 856/856/840 855/855/839 867/867/851
f 857/857/841 851/851/836 856/856/840
f 833/833/819 836/836/822 851/851/836
f 859/859/843 628/628/625 612/612/609
f 859/859/843 863/863/847 877/877/857
f 879/879/859 878/878/858 877/877/857
f 878/878/858 615/615/612 628/628/625
f 879/879/859 632/632/629 615/615/612
f 881/881/861 883/883/863 880/880/860
f 881/881/861 884/884/864 882/882/862
f 884/884/864 886/886/428 885/885/427
f 881/881/861 877/877/857 863/863/847
f 884/884/864 881/881/861 866/866/850
f 886/886/428 884/884/864 871/871/855
f 887/887/865 879/879/859 880/880/860
f 888/888/866 887/887/865 883/883/863
f 889/889/432 888/888/866 882/882/862
f 633/633/630 632/632/629 879/879/859
f 635/635/631 633/633/630 887/887/865
f 636/636/183 635/635/631 888/888/866
f 490/490/490 893/893/870 890/890/867
f 891/891/868 895/895/872 499/499/499
f 892/892/869 897/897/874 482/482/482
f 488/488/488 896/896/873 893/893/870
f 894/894/871 892/892/869 479/479/479
f 895/895/872 901/901/878 529/529/528
f 487/487/487 903/903/880 896/896/873
f 897/897/874 902/902/879 466/466/466
f 497/497/497 905/905/882 898/898/875
f 492/492/492 900/900/877 899/899/876
f 898/898/875 911/911/888 483/483/483
f 494/494/494 899/899/876 894/894/871
f 491/491/491 890/890/867 900/900/877
f 901/901/878 905/905/882 497/497/497
f 902/902/879 891/891/868 501/501/501
f 483/483/483 911/911/888 903/903/880
f 904/904/881 910/910/887 897/897/874
f 905/905/882 908/908/885 906/906/883
f 893/893/870 909/909/886 907/907/884
f 901/901/878 919/919/896 908/908/885
f 896/896/873 942/942/916 909/909/886
f 910/910/887 915/915/892 902/902/879
f 911/911/888 914/914/891 912/912/889
f 912/912/889 942/942/916 896/896/873
f 913/913/890 904/904/881 892/892/869
f 898/898/875 906/906/883 914/914/891
f 899/899/876 916/916/893 913/913/890
f 915/915/892 943/943/917 891/891/868
f 900/900/877 918/918/895 916/916/893
f 891/891/868 943/943/917 917/917/894
f 890/890/867 907/907/884 918/918/895
f 895/895/872 917/917/894 919/919/896
f 47/47/47 932/932/909 920/920/897
f 198/198/198 920/920/897 921/921/898
f 504/504/504 503/503/503 922/922/899
f 473/473/473 934/934/911 924/924/901
f 4/4/4 11/11/11 925/925/902
f 468/468/468 470/470/470 927/927/904
f 652/652/647 504/504/504 923/923/900
f 503/503/503 40/40/40 930/930/907
f 47/47/47 45/45/45 931/931/908
f 506/506/506 652/652/647 929/929/906
f 468/468/468 928/928/905 934/934/911
f 470/470/470 506/506/506 933/933/910
f 45/45/45 4/4/4 926/926/903
f 11/11/11 16/16/16 924/924/901
f 42/42/42 935/935/912 930/930/907
f 43/43/43 921/921/898 935/935/912
