# Blender v2.80 (sub 35) OBJ File: 'r3pu_lowpoly.blend'
# www.blender.org
v 2.222952 -13.479728 2.601414
v 2.227728 -13.493473 2.592594
v 2.184396 -13.493458 2.601797
v 2.244972 -13.334232 2.673281
v 2.237289 -13.348696 2.668735
v 2.209332 -13.319674 2.687070
v 2.255251 -13.154371 2.748208
v 2.260266 -13.168798 2.740710
v 2.216945 -13.168677 2.749965
v 2.275432 -13.004259 2.811400
v 2.267761 -13.018644 2.806562
v 2.237126 -13.018595 2.813093
v 2.279987 -12.817016 2.863054
v 2.285746 -12.832532 2.859044
v 2.242424 -12.832406 2.868292
v 2.286779 -12.639686 2.891569
v 2.292506 -12.655285 2.888072
v 2.256152 -12.639451 2.898134
v 2.299540 -12.477573 2.912482
v 2.292583 -12.493040 2.911711
v 2.261961 -12.492639 2.918292
v 2.302318 -12.298427 2.910510
v 2.295789 -12.313981 2.912389
v 2.265174 -12.313301 2.918978
v 2.299262 -12.103494 2.901052
v 2.305278 -12.119368 2.900834
v 2.268653 -12.102395 2.907617
v 2.308524 -11.941329 2.882983
v 2.302067 -11.956323 2.887706
v 2.271697 -11.924178 2.887390
v 2.303583 -11.750947 2.841489
v 2.309806 -11.766664 2.843609
v 2.272765 -11.779536 2.854806
v 2.309756 -11.576832 2.802132
v 2.315511 -11.592624 2.804279
v 2.308603 -11.607293 2.809019
v 2.324851 -11.418630 2.764760
v 2.317441 -11.433187 2.769507
v 2.289071 -11.399364 2.768663
v 2.336949 -11.245131 2.722709
v 2.329735 -11.259217 2.728939
v 2.300972 -11.225908 2.724751
v 2.346801 -11.076091 2.662912
v 2.339616 -11.090165 2.669407
v 2.310807 -11.057171 2.665049
v 2.346155 -10.891608 2.599902
v 2.352150 -10.907093 2.603786
v 2.330093 -10.925622 2.615403
v 2.352499 -10.723188 2.541125
v 2.357973 -10.738723 2.545045
v 2.350816 -10.752539 2.551387
v 2.363616 -10.556111 2.481580
v 2.367988 -10.571669 2.486317
v 2.330120 -10.578654 2.497828
v 2.400928 -10.399888 2.406163
v 2.403809 -10.415521 2.412014
v 2.394409 -10.427232 2.419355
v 2.442095 -10.275205 2.340347
v 2.439533 -10.238184 2.324302
v 2.453086 -10.264546 2.332604
v 2.506785 -10.103254 2.238739
v 2.508437 -10.117935 2.247179
v 2.469319 -10.115569 2.258708
v 2.556147 -9.964042 2.137135
v 2.557770 -9.978751 2.145596
v 2.518727 -9.976182 2.156988
v 2.600385 -9.850588 2.053918
v 2.597504 -9.815321 2.033556
v 2.611062 -9.841161 2.044713
v 2.665878 -9.703362 1.944773
v 2.655051 -9.712897 1.953767
v 2.636209 -9.676057 1.938355
v 2.720171 -9.549697 1.838046
v 2.721708 -9.564531 1.846244
v 2.710970 -9.574144 1.855269
v 2.770644 -9.409438 1.739712
v 2.771967 -9.424300 1.747962
v 2.733127 -9.421096 1.758544
v 2.808283 -9.260988 1.642288
v 2.834521 -9.290277 1.651253
v 2.806521 -9.295880 1.663472
v 2.913561 -9.151997 1.541904
v 2.912207 -9.166360 1.550997
v 2.883847 -9.169937 1.562517
v 3.003475 -9.038229 1.439563
v 3.000508 -9.051747 1.449158
v 2.987133 -9.057608 1.457565
v 3.099355 -8.944555 1.347442
v 3.084753 -8.949415 1.355445
v 3.079440 -8.912408 1.334314
v 3.177538 -8.842330 1.257332
v 3.172393 -8.815753 1.242477
v 3.209887 -8.828154 1.237076
v 3.295053 -8.709497 1.131166
v 3.292928 -8.723559 1.140880
v 3.254518 -8.712405 1.147465
v 3.373473 -8.614090 1.023858
v 3.361337 -8.619482 1.034392
v 3.335366 -8.602064 1.032598
v 3.452104 -8.498583 0.887880
v 3.450692 -8.511235 0.899211
v 3.412755 -8.498983 0.907695
v 3.531172 -8.410101 0.775167
v 3.518619 -8.415344 0.785426
v 3.506753 -8.380812 0.760743
v 3.612884 -8.309608 0.651322
v 3.600245 -8.315042 0.661362
v 3.587929 -8.281436 0.635582
v 3.687310 -8.218361 0.515976
v 3.675459 -8.222770 0.527352
v 3.661732 -8.190701 0.500048
v 3.760009 -8.129268 0.377973
v 3.748209 -8.133563 0.389566
v 3.734710 -8.100961 0.363306
v 3.828723 -8.030213 0.224476
v 3.828840 -8.041270 0.237510
v 3.792029 -8.027940 0.248546
v 3.878629 -7.959606 0.104281
v 3.852316 -7.942640 0.103323
v 3.862867 -7.927712 0.077909
v 3.949235 -7.858899 -0.067031
v 3.949898 -7.869983 -0.054072
v 3.939113 -7.874022 -0.041415
v 4.003277 -7.782080 -0.201754
v 3.993090 -7.786407 -0.188782
v 3.975571 -7.754813 -0.214283
v 4.048887 -7.699480 -0.354991
v 4.039604 -7.703215 -0.341140
v 4.019902 -7.673496 -0.367134
v 4.084785 -7.608408 -0.524291
v 4.087994 -7.618822 -0.510985
v 4.052678 -7.607542 -0.494921
v 4.112595 -7.525693 -0.681015
v 4.115815 -7.536078 -0.667763
v 4.080434 -7.524957 -0.651382
v 4.143715 -7.457104 -0.826233
v 4.135595 -7.460060 -0.811501
v 4.113190 -7.432758 -0.837600
v 4.171827 -7.387540 -0.988925
v 4.163712 -7.390485 -0.974216
v 4.141324 -7.363133 -1.000428
v 4.192811 -7.310116 -1.166890
v 4.196600 -7.319125 -1.152937
v 4.161740 -7.306760 -1.135562
v 4.217982 -7.251886 -1.318291
v 4.210442 -7.254674 -1.303225
v 4.186790 -7.228008 -1.329181
v 4.222461 -7.188768 -1.502799
v 4.227632 -7.196367 -1.488401
v 4.194062 -7.182915 -1.469726
v 4.228206 -7.137257 -1.674530
v 4.233365 -7.144769 -1.660102
v 4.199797 -7.131306 -1.641456
v 4.240425 -7.101616 -1.834204
v 4.234117 -7.102196 -1.818321
v 4.207994 -7.079969 -1.845873
v 4.238011 -7.058564 -2.024179
v 4.244878 -7.063108 -2.009197
v 4.213006 -7.046586 -1.989982
v 4.224353 -7.041903 -2.202513
v 4.231219 -7.046434 -2.187608
v 4.199366 -7.029974 -2.167952
v 4.217120 -7.029364 -2.366047
v 4.212770 -7.027871 -2.349643
v 4.182813 -7.009944 -2.376920
v 4.202086 -7.011417 -2.544546
v 4.197758 -7.009932 -2.527987
v 4.167883 -6.992056 -2.554529
v 4.163357 -7.003444 -2.735210
v 4.172768 -7.005908 -2.721037
v 4.143779 -6.987553 -2.699487
v 4.120040 -7.010153 -2.909614
v 4.129429 -7.012615 -2.895556
v 4.100583 -6.994250 -2.873334
v 4.076230 -7.020034 -3.083451
v 4.085671 -7.022110 -3.069491
v 4.049232 -7.005303 -3.077512
v 4.041673 -7.033257 -3.243079
v 4.039926 -7.029232 -3.226679
v 4.012904 -7.014511 -3.220828
v 3.988026 -7.066249 -3.410254
v 3.987479 -7.059507 -3.394656
v 3.950349 -7.052177 -3.417607
v 3.930300 -7.108477 -3.574715
v 3.929755 -7.101733 -3.559114
v 3.892632 -7.094400 -3.582039
v 3.861833 -7.151370 -3.752296
v 3.872569 -7.150717 -3.739173
v 3.872026 -7.143971 -3.723567
v 3.802146 -7.193762 -3.915669
v 3.812997 -7.193080 -3.902510
v 3.785456 -7.171714 -3.881570
v 3.742412 -7.236159 -4.079017
v 3.753295 -7.235448 -4.065769
v 3.725568 -7.214244 -4.045343
v 3.694934 -7.288381 -4.225676
v 3.694138 -7.279059 -4.211260
v 3.656890 -7.277432 -4.233541
v 3.639067 -7.360957 -4.379349
v 3.638245 -7.351661 -4.365005
v 3.600870 -7.350172 -4.387634
v 3.583200 -7.433530 -4.533022
v 3.582352 -7.424265 -4.518749
v 3.544851 -7.422921 -4.541724
v 3.527332 -7.506102 -4.686697
v 3.526458 -7.496868 -4.672494
v 3.488834 -7.495678 -4.695810
v -2.192312 -13.479711 2.607925
v -2.184396 -13.493458 2.601797
v -2.222952 -13.479728 2.601414
v -2.209332 -13.319674 2.687070
v -2.201649 -13.334139 2.682524
v -2.237289 -13.348696 2.668735
v -2.216945 -13.168677 2.749965
v -2.221951 -13.183168 2.742694
v -2.252584 -13.183253 2.736151
v -2.239778 -12.989811 2.825470
v -2.232107 -13.004193 2.820634
v -2.270414 -12.989853 2.818942
v -2.249354 -12.816917 2.869596
v -2.242424 -12.832406 2.868292
v -2.279987 -12.817016 2.863054
v -2.249192 -12.654979 2.897353
v -2.254919 -12.670594 2.893853
v -2.285547 -12.670794 2.887292
v -2.256235 -12.476980 2.921791
v -2.261961 -12.492639 2.918292
v -2.293813 -12.461932 2.915974
v -2.259022 -12.297429 2.919828
v -2.265174 -12.313301 2.918978
v -2.296165 -12.282581 2.911359
v -2.261991 -12.117863 2.910123
v -2.268008 -12.133772 2.909907
v -2.298617 -12.134800 2.903336
v -2.271697 -11.924178 2.887390
v -2.265246 -11.939210 2.892194
v -2.302067 -11.956323 2.887706
v -2.266542 -11.763773 2.852675
v -2.272765 -11.779536 2.854806
v -2.303583 -11.750947 2.841489
v -2.272276 -11.588794 2.813133
v -2.278028 -11.604646 2.815294
v -2.309756 -11.576832 2.802132
v -2.289071 -11.399364 2.768663
v -2.281659 -11.413965 2.773421
v -2.317441 -11.433187 2.769507
v -2.300972 -11.225908 2.724751
v -2.293791 -11.239908 2.731221
v -2.314060 -11.263615 2.733644
v -2.310807 -11.057171 2.665049
v -2.303624 -11.071222 2.671536
v -2.339616 -11.090165 2.669407
v -2.314963 -10.917813 2.616331
v -2.331025 -10.883802 2.600831
v -2.308968 -10.902332 2.612448
v -2.314850 -10.732858 2.553313
v -2.320311 -10.748588 2.557304
v -2.352499 -10.723188 2.541125
v -2.333390 -10.549499 2.486461
v -2.325194 -10.562644 2.493356
v -2.330120 -10.578654 2.497828
v -2.361888 -10.402136 2.417096
v -2.364698 -10.418036 2.423079
v -2.400928 -10.399888 2.406163
v -2.422927 -10.237922 2.328606
v -2.411906 -10.248666 2.336398
v -2.442095 -10.275205 2.340347
v -2.467673 -10.100873 2.250259
v -2.469319 -10.115569 2.258708
v -2.506785 -10.103254 2.238739
v -2.517093 -9.961453 2.148515
v -2.518727 -9.976182 2.156988
v -2.556147 -9.964042 2.137135
v -2.581211 -9.814045 2.038141
v -2.570524 -9.823496 2.047364
v -2.600385 -9.850588 2.053918
v -2.636209 -9.676057 1.938355
v -2.625390 -9.685570 1.947333
v -2.638714 -9.711619 1.958231
v -2.720171 -9.549697 1.838046
v -2.681094 -9.547064 1.849034
v -2.710970 -9.574144 1.855269
v -2.733127 -9.421096 1.758544
v -2.758603 -9.398012 1.736946
v -2.731640 -9.406109 1.750240
v -2.808283 -9.260988 1.642288
v -2.795718 -9.268905 1.651191
v -2.795269 -9.283648 1.659934
v -2.874907 -9.142549 1.548980
v -2.873454 -9.157056 1.558195
v -2.913561 -9.151997 1.541904
v -3.003475 -9.038229 1.439563
v -2.964976 -9.025607 1.445098
v -2.987133 -9.057608 1.457565
v -3.079440 -8.912408 1.334314
v -3.064876 -8.917226 1.342277
v -3.068633 -8.943394 1.357219
v -3.209887 -8.828154 1.237076
v -3.172393 -8.815753 1.242477
v -3.177538 -8.842330 1.257332
v -3.254518 -8.712405 1.147465
v -3.285232 -8.696382 1.126321
v -3.256569 -8.698437 1.137846
v -3.336761 -8.589433 1.021294
v -3.335366 -8.602064 1.032598
v -3.374856 -8.601476 1.012572
v -3.414180 -8.486315 0.896346
v -3.412755 -8.498983 0.907695
v -3.452104 -8.498583 0.887880
v -3.506753 -8.380812 0.760743
v -3.494241 -8.385979 0.771096
v -3.518619 -8.415344 0.785426
v -3.587929 -8.281436 0.635582
v -3.575343 -8.286765 0.645737
v -3.600245 -8.315042 0.661362
v -3.649863 -8.195155 0.511331
v -3.648963 -8.206408 0.523975
v -3.675459 -8.222770 0.527352
v -3.734710 -8.100961 0.363306
v -3.722888 -8.105302 0.374808
v -3.748209 -8.133563 0.389566
v -3.792029 -8.027940 0.248546
v -3.817840 -8.018516 0.218532
v -3.791893 -8.016909 0.235552
v -3.852316 -7.942640 0.103323
v -3.878629 -7.959606 0.104281
v -3.862867 -7.927712 0.077909
v -3.949235 -7.858899 -0.067031
v -3.912387 -7.846426 -0.054697
v -3.939113 -7.874022 -0.041415
v -3.975571 -7.754813 -0.214283
v -3.965405 -7.759103 -0.201375
v -3.993090 -7.786407 -0.188782
v -4.019902 -7.673496 -0.367134
v -4.010642 -7.677187 -0.353366
v -4.024573 -7.698201 -0.334985
v -4.049464 -7.597139 -0.508206
v -4.052678 -7.607542 -0.494921
v -4.084785 -7.608408 -0.524291
v -4.077209 -7.514583 -0.664612
v -4.080434 -7.524957 -0.651382
v -4.112595 -7.525693 -0.681015
v -4.113190 -7.432758 -0.837600
v -4.105068 -7.435718 -0.822859
v -4.135595 -7.460060 -0.811501
v -4.141324 -7.363133 -1.000428
v -4.133206 -7.366082 -0.985709
v -4.163712 -7.390485 -0.974216
v -4.157945 -7.297768 -1.149472
v -4.161740 -7.306760 -1.135562
v -4.192811 -7.310116 -1.166890
v -4.186790 -7.228008 -1.329181
v -4.179254 -7.230783 -1.314156
v -4.210442 -7.254674 -1.303225
v -4.188890 -7.175315 -1.484125
v -4.194062 -7.182915 -1.469726
v -4.222461 -7.188768 -1.502799
v -4.194625 -7.123706 -1.655862
v -4.199797 -7.131306 -1.641456
v -4.228206 -7.137257 -1.674530
v -4.207994 -7.079969 -1.845873
v -4.201686 -7.080548 -1.829988
v -4.234117 -7.102196 -1.818321
v -4.206141 -7.042048 -2.004930
v -4.213006 -7.046586 -1.989982
v -4.238011 -7.058564 -2.024179
v -4.192502 -7.025447 -2.182822
v -4.199366 -7.029974 -2.167952
v -4.224353 -7.041903 -2.202513
v -4.178457 -7.008446 -2.360576
v -4.185425 -7.013074 -2.345838
v -4.212770 -7.027871 -2.349643
v -4.167883 -6.992056 -2.554529
v -4.163546 -6.990570 -2.538035
v -4.197758 -7.009932 -2.527987
v -4.134377 -6.985089 -2.713612
v -4.143779 -6.987553 -2.699487
v -4.163357 -7.003444 -2.735210
v -4.091205 -6.991786 -2.887342
v -4.100583 -6.994250 -2.873334
v -4.120040 -7.010153 -2.909614
v -4.047493 -7.001276 -3.061079
v -4.056936 -7.003352 -3.047112
v -4.083930 -7.018085 -3.053069
v -4.005197 -7.016466 -3.251228
v -4.003453 -7.012440 -3.234817
v -4.032225 -7.031185 -3.257061
v -3.950349 -7.052177 -3.417607
v -3.949801 -7.045435 -3.402011
v -3.987479 -7.059507 -3.394656
v -3.892632 -7.094400 -3.582039
v -3.892086 -7.087656 -3.566439
v -3.929755 -7.101733 -3.559114
v -3.861833 -7.151370 -3.752296
v -3.834366 -7.129888 -3.730863
v -3.872026 -7.143971 -3.723567
v -3.774591 -7.172407 -3.894766
v -3.785456 -7.171714 -3.881570
v -3.802146 -7.193762 -3.915669
v -3.714672 -7.214965 -4.058626
v -3.725568 -7.214244 -4.045343
v -3.742412 -7.236159 -4.079017
v -3.656890 -7.277432 -4.233541
v -3.656106 -7.268097 -4.219094
v -3.694138 -7.279059 -4.211260
v -3.600870 -7.350172 -4.387634
v -3.600060 -7.340864 -4.373259
v -3.638245 -7.351661 -4.365005
v -3.544851 -7.422921 -4.541724
v -3.544015 -7.413642 -4.527421
v -3.582352 -7.424265 -4.518749
v -3.526458 -7.496868 -4.672494
v -3.516677 -7.509573 -4.699400
v -3.488834 -7.495678 -4.695810
v 1.650589 -8.535267 1.644218
v 1.656665 -8.526613 1.633368
v 1.623826 -8.517192 1.640518
v 1.519366 -8.606699 1.744296
v 1.525639 -8.597642 1.735313
v 1.490710 -8.589449 1.741149
v 1.380189 -8.662553 1.862929
v 1.392598 -8.662627 1.856471
v 1.393885 -8.645053 1.837685
v 1.251571 -8.709445 1.979857
v 1.265036 -8.709979 1.973807
v 1.255595 -8.687225 1.951219
v 1.124666 -8.749512 2.091194
v 1.131763 -8.743328 2.079867
v 1.096734 -8.733070 2.082659
v 0.959684 -8.800650 2.186169
v 0.974110 -8.799759 2.184251
v 0.969642 -8.774717 2.162317
v 0.797979 -8.862139 2.251766
v 0.812123 -8.861833 2.249500
v 0.786467 -8.841992 2.240289
v 0.649296 -8.917195 2.318037
v 0.659031 -8.909043 2.310637
v 0.625729 -8.895214 2.309908
v 0.468335 -8.962378 2.384043
v 0.483199 -8.965088 2.383767
v 0.486679 -8.936876 2.367527
v 0.285511 -8.987173 2.419822
v 0.299816 -8.989989 2.419826
v 0.280607 -8.965008 2.407382
v 0.101033 -9.006667 2.444686
v 0.115114 -9.010678 2.447003
v 0.111717 -8.978621 2.429654
v -0.086527 -9.015658 2.446509
v -0.072868 -9.020052 2.448355
v -0.086798 -8.991364 2.437573
v -0.258308 -9.024337 2.431962
v -0.244910 -9.019367 2.433331
v -0.243830 -8.994634 2.425768
v -0.452900 -9.016912 2.385948
v -0.440282 -9.022084 2.390826
v -0.450202 -8.992774 2.376997
v -0.620080 -9.009810 2.338211
v -0.606167 -9.006365 2.340290
v -0.601342 -8.983330 2.329509
v -0.800769 -8.980319 2.259021
v -0.790586 -8.986285 2.267497
v -0.768353 -8.963764 2.256356
v -0.959072 -8.960128 2.179218
v -0.949544 -8.965877 2.187645
v -0.936414 -8.962905 2.190960
v -1.116013 -8.939478 2.100363
v -1.105805 -8.946214 2.106580
v -1.092694 -8.943215 2.109609
v -1.277471 -8.911803 2.039654
v -1.267507 -8.918094 2.046916
v -1.254177 -8.915854 2.048599
v -1.415046 -8.888443 1.987316
v -1.440247 -8.875531 1.971745
v -1.428815 -8.890903 1.987435
v -1.581701 -8.868782 1.941069
v -1.607414 -8.853977 1.927102
v -1.595157 -8.871918 1.939915
v -1.769239 -8.835487 1.898600
v -1.759002 -8.843701 1.901466
v -1.746324 -8.842329 1.900095
v -1.932527 -8.787146 1.900520
v -1.921250 -8.795290 1.902650
v -1.926724 -8.765428 1.887684
v 7.118000 -8.854967 -4.137190
v 7.123803 -8.863650 -4.147035
v 7.094904 -8.861967 -4.165466
v 7.109870 -8.779237 -4.014953
v 7.115764 -8.787468 -4.025083
v 7.086565 -8.786130 -4.043105
v 7.101753 -8.706048 -3.891286
v 7.107671 -8.713889 -3.901682
v 7.078177 -8.712996 -3.919200
v 7.093956 -8.635394 -3.766176
v 7.099893 -8.643002 -3.776755
v 7.070107 -8.642403 -3.793820
v 7.092584 -8.574383 -3.650548
v 7.087944 -8.579405 -3.663066
v 7.062504 -8.574034 -3.667154
v 7.080183 -8.501664 -3.511705
v 7.086061 -8.508613 -3.522768
v 7.055722 -8.508579 -3.538833
v 7.080567 -8.445920 -3.393356
v 7.075686 -8.450588 -3.405924
v 7.049932 -8.446053 -3.408905
v 7.070493 -8.380126 -3.250761
v 7.076132 -8.386114 -3.262469
v 7.039507 -8.380333 -3.265741
v 7.073609 -8.331105 -3.129274
v 7.068390 -8.335224 -3.141923
v 7.042389 -8.331506 -3.143614
v 7.073743 -8.281524 -2.993697
v 7.068129 -8.284809 -3.006558
v 7.042608 -8.272540 -2.982434
v 7.071714 -8.234489 -2.842963
v 7.076738 -8.239235 -2.855515
v 7.045911 -8.229374 -2.843857
v 7.081191 -8.203785 -2.715545
v 7.075413 -8.205472 -2.728614
v 7.050775 -8.193463 -2.703446
v 7.086640 -8.174475 -2.574266
v 7.080862 -8.175550 -2.587370
v 7.056610 -8.163628 -2.561797
v 7.088076 -8.147708 -2.418869
v 7.092696 -8.151317 -2.431905
v 7.063035 -8.139609 -2.419155
v 7.098895 -8.133375 -2.288785
v 7.093203 -8.132836 -2.301991
v 7.069631 -8.121123 -2.275729
v 7.100324 -8.118007 -2.131747
v 7.104832 -8.121058 -2.144975
v 7.075999 -8.107956 -2.131670
v 7.105315 -8.112355 -1.987226
v 7.109865 -8.114902 -2.000557
v 7.081433 -8.101295 -1.986974
v 7.108096 -8.112483 -1.842368
v 7.112987 -8.114615 -1.855749
v 7.079583 -8.098207 -1.855080
v 7.112731 -8.119396 -1.711141
v 7.107817 -8.116480 -1.724252
v 7.083726 -8.105904 -1.723539
v 7.111491 -8.131088 -1.567006
v 7.106548 -8.127672 -1.579989
v 7.081982 -8.118275 -1.579020
v 7.104517 -8.149435 -1.410214
v 7.109862 -8.149231 -1.423610
v 7.079844 -8.137544 -1.435283
v 7.108485 -8.174130 -1.281269
v 7.103324 -8.170110 -1.293970
v 7.077950 -8.163272 -1.292509
v 7.102799 -8.207974 -1.127031
v 7.108022 -8.205562 -1.140206
v 7.071644 -8.198089 -1.137699
v 7.109935 -8.245501 -1.001271
v 7.104285 -8.240764 -1.013501
v 7.078333 -8.236927 -1.011370
v 7.110838 -8.298363 -0.852076
v 7.115416 -8.293676 -0.864940
v 7.078486 -8.291075 -0.861077
v 7.127175 -8.352541 -0.733120
v 7.120462 -8.346787 -0.744384
v 7.094338 -8.346713 -0.741184
v 7.143890 -8.419258 -0.606167
v 7.137022 -8.413051 -0.617080
v 7.110902 -8.413301 -0.613857
v 7.154655 -8.495276 -0.468386
v 7.158857 -8.488658 -0.480413
v 7.121857 -8.488736 -0.476353
v 7.167402 -8.568496 -0.344414
v 7.171704 -8.561680 -0.356280
v 7.141213 -8.568407 -0.341789
v 7.179003 -8.645926 -0.222864
v 7.183383 -8.638627 -0.234408
v 7.146341 -8.638459 -0.230766
v 7.190591 -8.727335 -0.104103
v 7.194938 -8.719781 -0.115494
v 7.157914 -8.719741 -0.111665
v 7.203559 -8.812666 0.011320
v 7.207717 -8.804690 0.000211
v 7.170737 -8.804946 0.004442
v 7.218483 -8.900386 0.124332
v 7.222372 -8.892124 0.113401
v 7.192384 -8.900853 0.127694
v 7.235567 -8.989930 0.235489
v 7.239347 -8.981526 0.224580
v 7.202491 -8.982478 0.229697
v 7.254153 -9.081583 0.344947
v 7.257772 -9.072863 0.334211
v 7.228133 -9.082459 0.348809
v 7.273964 -9.175912 0.452197
v 7.277499 -9.166966 0.441576
v 7.240752 -9.168451 0.447315
v 7.295151 -9.274038 0.555986
v 7.298540 -9.264646 0.545707
v 7.261851 -9.266399 0.551734
v 7.317237 -9.375546 0.656314
v 7.320535 -9.365721 0.646439
v 7.291330 -9.376954 0.660742
v 7.339829 -9.480306 0.752926
v 7.343113 -9.470310 0.743222
v 7.313940 -9.481791 0.757427
v 7.362389 -9.587235 0.846780
v 7.365692 -9.577035 0.837335
v 7.336502 -9.588736 0.851293
v 7.384687 -9.695587 0.938972
v 7.388008 -9.685291 0.929616
v 7.351399 -9.687412 0.935998
v 7.407217 -9.808330 1.027385
v 7.410486 -9.797457 1.018538
v 7.373919 -9.799786 1.025085
v 7.430123 -9.925336 1.109675
v 7.433360 -9.914046 1.101505
v 7.404301 -9.927165 1.114433
v 7.453090 -10.044204 1.187249
v 7.456333 -10.032912 1.179204
v 7.448883 -10.022397 1.173142
v 7.475842 -10.161616 1.265166
v 7.479115 -10.150580 1.256907
v 7.471690 -10.140294 1.250613
v -7.089073 -8.853339 -4.155577
v -7.094904 -8.861967 -4.165466
v -7.118000 -8.854967 -4.137190
v -7.080647 -8.777945 -4.032929
v -7.086565 -8.786130 -4.043105
v -7.109870 -8.779237 -4.014953
v -7.072222 -8.705071 -3.908831
v -7.078177 -8.712996 -3.919200
v -7.101753 -8.706048 -3.891286
v -7.064153 -8.634837 -3.783196
v -7.070107 -8.642403 -3.793820
v -7.093956 -8.635394 -3.766176
v -7.056584 -8.566841 -3.656261
v -7.062504 -8.574034 -3.667154
v -7.086679 -8.567151 -3.639703
v -7.049829 -8.501669 -3.527719
v -7.055722 -8.508579 -3.538833
v -7.080183 -8.501664 -3.511705
v -7.044127 -8.439559 -3.397495
v -7.049932 -8.446053 -3.408905
v -7.074776 -8.439387 -3.382001
v -7.044584 -8.376075 -3.253013
v -7.039507 -8.380333 -3.265741
v -7.070493 -8.380126 -3.250761
v -7.042035 -8.321821 -3.118860
v -7.036825 -8.325901 -3.131574
v -7.068055 -8.325463 -3.117299
v -7.042608 -8.272540 -2.982434
v -7.036980 -8.275923 -2.995316
v -7.068129 -8.284809 -3.006558
v -7.040223 -8.232136 -2.856811
v -7.045228 -8.236979 -2.869384
v -7.071066 -8.241904 -2.868446
v -7.050775 -8.193463 -2.703446
v -7.044976 -8.195243 -2.716534
v -7.075413 -8.205472 -2.728614
v -7.050778 -8.164530 -2.574965
v -7.055479 -8.168608 -2.587883
v -7.080862 -8.175550 -2.587370
v -7.057242 -8.139989 -2.432333
v -7.061834 -8.143689 -2.445385
v -7.086932 -8.151610 -2.445065
v -7.069631 -8.121123 -2.275729
v -7.063908 -8.120673 -2.288951
v -7.093203 -8.132836 -2.301991
v -7.070379 -8.106971 -2.144892
v -7.074852 -8.110113 -2.158138
v -7.099250 -8.119985 -2.158180
v -7.076029 -8.099393 -2.000223
v -7.080536 -8.102036 -2.013572
v -7.104505 -8.112908 -2.013792
v -7.084427 -8.100983 -1.841870
v -7.079583 -8.098207 -1.855080
v -7.108096 -8.112483 -1.842368
v -7.078598 -8.104589 -1.710098
v -7.083726 -8.105904 -1.723539
v -7.107648 -8.117976 -1.697725
v -7.081593 -8.121487 -1.552597
v -7.076691 -8.117956 -1.565603
v -7.106241 -8.130660 -1.553612
v -7.074461 -8.137863 -1.421867
v -7.079844 -8.137544 -1.435283
v -7.104517 -8.149435 -1.410214
v -7.072556 -8.164639 -1.279168
v -7.077950 -8.163272 -1.292509
v -7.103123 -8.175375 -1.267953
v -7.077050 -8.202833 -1.125224
v -7.071644 -8.198089 -1.137699
v -7.102799 -8.207974 -1.127031
v -7.073207 -8.240293 -0.998200
v -7.078333 -8.236927 -1.011370
v -7.104827 -8.248713 -0.988140
v -7.084719 -8.296715 -0.849277
v -7.078486 -8.291075 -0.861077
v -7.110838 -8.298363 -0.852076
v -7.110652 -8.360976 -0.714050
v -7.096952 -8.358586 -0.717270
v -7.090234 -8.352667 -0.728558
v -7.113808 -8.425780 -0.590768
v -7.106944 -8.419589 -0.601651
v -7.139936 -8.425564 -0.593931
v -7.128490 -8.495319 -0.465540
v -7.121857 -8.488736 -0.476353
v -7.154655 -8.495276 -0.468386
v -7.141213 -8.568407 -0.341789
v -7.134670 -8.561568 -0.352545
v -7.171704 -8.561680 -0.356280
v -7.152810 -8.645811 -0.220283
v -7.146341 -8.638459 -0.230766
v -7.179003 -8.645926 -0.222864
v -7.164413 -8.727320 -0.101378
v -7.157914 -8.719741 -0.111665
v -7.190591 -8.727335 -0.104103
v -7.170737 -8.804946 0.004442
v -7.174891 -8.796947 -0.006696
v -7.201044 -8.796789 -0.009657
v -7.192384 -8.900853 0.127694
v -7.185455 -8.892753 0.118115
v -7.222372 -8.892124 0.113401
v -7.202491 -8.982478 0.229697
v -7.206267 -8.974056 0.218765
v -7.232332 -8.973402 0.215170
v -7.220970 -9.074079 0.339646
v -7.224586 -9.065343 0.328891
v -7.250612 -9.064500 0.325068
v -7.247984 -9.176979 0.456276
v -7.240752 -9.168451 0.447315
v -7.273964 -9.175912 0.452197
v -7.269212 -9.275294 0.560265
v -7.261851 -9.266399 0.551734
v -7.295151 -9.274038 0.555986
v -7.291330 -9.376954 0.660742
v -7.283895 -9.367698 0.652688
v -7.320535 -9.365721 0.646439
v -7.313940 -9.481791 0.757427
v -7.306499 -9.472404 0.749580
v -7.339829 -9.480306 0.752926
v -7.336502 -9.588736 0.851293
v -7.329082 -9.579156 0.843719
v -7.362389 -9.587235 0.846780
v -7.358801 -9.697088 0.943487
v -7.351399 -9.687412 0.935998
v -7.384687 -9.695587 0.938972
v -7.381363 -9.809995 1.032028
v -7.373919 -9.799786 1.025085
v -7.407217 -9.808330 1.027385
v -7.404301 -9.927165 1.114433
v -7.396840 -9.916620 1.108226
v -7.433360 -9.914046 1.101505
v -7.427277 -10.046075 1.192035
v -7.419827 -10.035560 1.185973
v -7.423070 -10.024269 1.177929
v -7.450015 -10.163413 1.269903
v -7.442591 -10.153136 1.263615
v -7.445866 -10.142111 1.255363
v 2.590760 -7.599662 0.129584
v 2.590964 -7.616629 0.126455
v 2.592899 -7.592120 0.088736
v 2.584109 -7.577896 0.232155
v 2.587671 -7.594535 0.229260
v 2.589945 -7.604237 0.215102
v 2.562864 -7.557437 0.333000
v 2.568360 -7.573630 0.330707
v 2.573776 -7.582864 0.317118
v 2.529311 -7.538449 0.430717
v 2.535543 -7.554460 0.429096
v 2.542959 -7.563425 0.416250
v 2.484252 -7.520880 0.524003
v 2.490784 -7.536804 0.522833
v 2.499552 -7.545541 0.510781
v 2.434325 -7.504118 0.614931
v 2.440560 -7.520154 0.613738
v 2.449676 -7.528840 0.601927
v 2.379892 -7.488233 0.703401
v 2.385791 -7.504387 0.702140
v 2.395390 -7.513002 0.690664
v 2.321228 -7.473101 0.789259
v 2.326789 -7.489366 0.787888
v 2.336760 -7.497946 0.776710
v 2.259663 -7.458330 0.873120
v 2.264788 -7.474720 0.871536
v 2.274864 -7.483333 0.860484
v 2.197007 -7.443432 0.956135
v 2.201602 -7.459948 0.954252
v 2.211495 -7.468664 0.943116
v 2.134780 -7.428053 1.039374
v 2.138779 -7.444687 1.037148
v 2.148332 -7.453513 1.025812
v 2.086725 -7.393463 1.101157
v 2.077142 -7.428931 1.120745
v 2.099727 -7.419021 1.087219
v 2.023991 -7.422450 1.192303
v 2.037679 -7.403537 1.170592
v 2.014567 -7.382286 1.197914
v 1.946074 -7.380829 1.287360
v 1.949857 -7.397545 1.285345
v 1.959592 -7.406594 1.274257
v 1.881644 -7.362356 1.368263
v 1.885176 -7.379163 1.366541
v 1.894752 -7.388550 1.355613
v 1.817303 -7.341657 1.448704
v 1.820641 -7.358534 1.447310
v 1.830176 -7.368230 1.436596
v 1.752608 -7.318624 1.528221
v 1.755745 -7.335557 1.527139
v 1.765216 -7.345566 1.516693
v 1.690948 -7.311199 1.606298
v 1.700349 -7.321295 1.595947
v 1.703146 -7.277732 1.584744
v 1.623220 -7.269874 1.686453
v 1.625621 -7.286879 1.684907
v 1.634919 -7.296974 1.674454
v 1.568935 -7.272338 1.752680
v 1.586290 -7.255823 1.731605
v 1.565230 -7.231163 1.757638
v 1.502728 -7.245974 1.830532
v 1.521600 -7.230074 1.810290
v 1.501605 -7.204809 1.836542
v 1.429167 -7.189439 1.921397
v 1.428605 -7.206440 1.918500
v 1.436676 -7.217237 1.907676
v 1.370847 -7.186684 1.984131
v 1.392187 -7.172165 1.965377
v 1.373809 -7.145886 1.991843
v 1.304700 -7.153783 2.059710
v 1.327304 -7.140308 2.041632
v 1.309916 -7.113323 2.068007
v 1.239145 -7.117729 2.134374
v 1.262818 -7.105406 2.116881
v 1.246544 -7.077753 2.143314
v 1.171730 -7.051489 2.223356
v 1.169259 -7.068378 2.220761
v 1.175965 -7.080165 2.209975
v 1.108971 -7.009923 2.296630
v 1.107635 -7.027137 2.296295
v 1.114598 -7.039730 2.286515
v 1.048799 -6.964196 2.369598
v 1.047855 -6.981400 2.370317
v 1.055347 -6.994380 2.361724
v 0.993307 -6.946607 2.432806
v 1.015089 -6.937316 2.411318
v 1.000859 -6.905692 2.434025
v 0.935435 -6.862747 2.514326
v 0.929295 -6.878798 2.512764
v 0.933922 -6.892768 2.503397
v 0.880385 -6.833719 2.573431
v 0.905807 -6.829558 2.554581
v 0.897339 -6.795891 2.577375
v 0.836412 -6.739979 2.652919
v 0.828591 -6.755368 2.653046
v 0.831107 -6.770434 2.644281
v 0.796997 -6.667193 2.717537
v 0.788198 -6.681934 2.719217
v 0.789411 -6.697782 2.711844
v 0.767692 -6.586512 2.777898
v 0.756491 -6.599400 2.780350
v 0.755286 -6.615957 2.774131
v 0.731720 -6.525084 2.826940
v 0.755205 -6.536087 2.807939
v 0.761664 -6.497017 2.819245
v 0.734093 -6.399756 2.866534
v 0.721740 -6.410439 2.872102
v 0.755730 -6.414689 2.848432
v 0.719412 -6.300836 2.898782
v 0.707637 -6.311384 2.905663
v 0.704566 -6.328640 2.904661
v 0.702085 -6.198178 2.911988
v 0.689997 -6.207283 2.920231
v 0.687759 -6.224392 2.923672
v 0.682470 -6.095274 2.903931
v 0.669027 -6.103817 2.910515
v 0.665986 -6.120324 2.914792
v 0.658816 -6.030694 2.904278
v 0.684005 -6.029830 2.884775
v 0.654639 -5.999425 2.899986
v 0.638149 -5.930142 2.886144
v 0.652187 -5.898267 2.857689
v 0.627975 -5.901077 2.878219
v 0.605342 -5.796936 2.841260
v 0.593470 -5.805927 2.849991
v 0.632769 -5.812938 2.838192
v 0.569497 -5.702981 2.810807
v 0.560339 -5.709609 2.823843
v 0.594827 -5.735928 2.811943
v 0.526711 -5.614171 2.794685
v 0.527721 -5.628531 2.804315
v 0.556816 -5.628803 2.769898
v -2.390858 -7.361369 -0.975127
v -2.382913 -7.371845 -0.966843
v -2.384588 -7.378295 -0.952874
v -2.451168 -7.366447 -0.867871
v -2.422849 -7.389458 -0.876679
v -2.433429 -7.394697 -0.850682
v -2.464758 -7.395785 -0.791165
v -2.457833 -7.408257 -0.785016
v -2.458845 -7.415785 -0.771635
v -2.492622 -7.434437 -0.664225
v -2.507449 -7.401965 -0.675716
v -2.492140 -7.415150 -0.696284
v -2.524715 -7.422126 -0.577851
v -2.506891 -7.449826 -0.595818
v -2.511848 -7.456081 -0.568311
v -2.527352 -7.457474 -0.502740
v -2.522761 -7.471903 -0.499218
v -2.522667 -7.480539 -0.486340
v -2.539207 -7.479535 -0.405252
v -2.535545 -7.494300 -0.402081
v -2.547273 -7.464942 -0.381819
v -2.549123 -7.501850 -0.307609
v -2.546289 -7.516863 -0.304599
v -2.555368 -7.495795 -0.271294
v -2.556787 -7.547607 -0.192723
v -2.562777 -7.530422 -0.170108
v -2.560953 -7.511605 -0.202011
v -2.576891 -7.517590 -0.089635
v -2.568499 -7.550395 -0.105788
v -2.571410 -7.552557 -0.077201
v -2.579897 -7.542757 -0.010875
v -2.577038 -7.557075 -0.005506
v -2.585545 -7.530701 0.024208
v -2.584233 -7.547315 0.089583
v -2.580519 -7.561362 0.095133
v -2.578952 -7.567508 0.109356
v -2.582791 -7.549529 0.190206
v -2.578249 -7.563307 0.195820
v -2.575694 -7.569093 0.210043
v -2.575006 -7.549420 0.290554
v -2.569579 -7.562896 0.296113
v -2.565803 -7.568253 0.310224
v -2.560273 -7.546927 0.390092
v -2.554075 -7.560130 0.395491
v -2.549296 -7.565143 0.409406
v -2.540558 -7.521999 0.508646
v -2.531087 -7.554906 0.493240
v -2.523113 -7.552964 0.520763
v -2.500222 -7.547203 0.588543
v -2.492653 -7.551324 0.601467
v -2.507242 -7.513437 0.603421
v -2.462674 -7.522000 0.672816
v -2.455033 -7.534737 0.677432
v -2.445553 -7.538186 0.689300
v -2.387248 -7.520626 0.769710
v -2.379910 -7.497111 0.784549
v -2.404884 -7.489806 0.757506
v -2.343492 -7.485582 0.830799
v -2.336900 -7.498446 0.836541
v -2.327237 -7.501523 0.848344
v -2.284368 -7.466104 0.909873
v -2.277828 -7.478886 0.915889
v -2.267937 -7.481686 0.927630
v -2.223501 -7.444421 0.987052
v -2.216409 -7.456956 0.992923
v -2.206028 -7.459419 1.004287
v -2.152517 -7.396783 1.075105
v -2.152866 -7.433538 1.067430
v -2.134514 -7.426904 1.088462
v -2.088386 -7.374373 1.149879
v -2.088626 -7.410913 1.141178
v -2.070285 -7.389773 1.166123
v -2.032458 -7.377885 1.211139
v -2.025102 -7.390699 1.216069
v -2.024756 -7.354498 1.225971
v -1.944379 -7.369248 1.314142
v -1.960906 -7.337554 1.302696
v -1.962345 -7.373609 1.292286
v -1.905848 -7.345945 1.364282
v -1.899275 -7.359231 1.369010
v -1.896942 -7.323257 1.379524
v -1.842237 -7.332231 1.441061
v -1.835793 -7.345508 1.446032
v -1.825587 -7.349266 1.457236
v -1.769703 -7.293063 1.531278
v -1.772035 -7.329526 1.522862
v -1.753828 -7.324268 1.544687
v -1.715070 -7.297022 1.593010
v -1.708362 -7.309731 1.598944
v -1.697995 -7.312375 1.610278
v -1.651724 -7.274676 1.667959
v -1.644495 -7.287189 1.673742
v -1.633900 -7.289587 1.684932
v -1.588444 -7.250726 1.742467
v -1.580635 -7.262976 1.748026
v -1.569797 -7.265052 1.759068
v -1.525287 -7.224764 1.816404
v -1.516858 -7.236706 1.821731
v -1.505782 -7.238379 1.832595
v -1.441997 -7.209659 1.905478
v -1.436934 -7.184879 1.919194
v -1.463899 -7.181674 1.893309
v -1.399531 -7.166975 1.962556
v -1.389989 -7.178303 1.967322
v -1.378529 -7.179337 1.977819
v -1.336910 -7.136146 2.035068
v -1.326947 -7.147234 2.039511
v -1.315346 -7.148097 2.049854
v -1.274318 -7.104725 2.107351
v -1.264009 -7.115600 2.111520
v -1.252234 -7.116276 2.121710
v -1.211393 -7.071846 2.178694
v -1.200659 -7.082367 2.182757
v -1.188692 -7.082551 2.192816
v -1.149247 -7.035945 2.249243
v -1.138052 -7.045907 2.253383
v -1.126088 -7.045476 2.263453
v -1.089068 -6.996968 2.319861
v -1.077520 -7.006516 2.324144
v -1.065787 -7.005578 2.334493
v -1.031678 -6.954133 2.390544
v -1.020249 -6.963177 2.395959
v -1.008991 -6.961468 2.406735
v -0.976810 -6.907475 2.460842
v -0.966185 -6.916909 2.467124
v -0.975542 -6.880850 2.471646
v -0.904890 -6.865612 2.553061
v -0.903301 -6.837209 2.558569
v -0.925425 -6.844535 2.529656
v -0.877637 -6.800740 2.598648
v -0.868472 -6.807688 2.609045
v -0.859603 -6.802498 2.621153
v -0.841356 -6.732341 2.662866
v -0.830474 -6.737715 2.672609
v -0.821601 -6.731411 2.683748
v -0.805782 -6.660999 2.724311
v -0.793854 -6.666079 2.732928
v -0.803599 -6.627544 2.740868
v -0.773322 -6.586631 2.783569
v -0.759682 -6.588549 2.790905
v -0.750807 -6.579618 2.800060
v -0.724779 -6.497879 2.853991
v -0.757779 -6.494415 2.836241
v -0.733342 -6.507125 2.844446
v -0.720968 -6.418243 2.879551
v -0.709075 -6.418499 2.889541
v -0.701775 -6.407340 2.898173
v -0.699854 -6.323836 2.906975
v -0.690105 -6.321939 2.919014
v -0.683538 -6.309276 2.925980
v -0.682168 -6.225742 2.920407
v -0.668949 -6.222432 2.927880
v -0.660654 -6.209245 2.930302
v -0.678834 -6.105404 2.903169
v -0.651765 -6.121844 2.923245
v -0.647036 -6.094049 2.919521
v -0.644758 -6.029168 2.902515
v -0.632079 -6.025025 2.910556
v -0.655351 -6.007504 2.886909
v -0.620410 -5.933520 2.883148
v -0.608626 -5.927361 2.891360
v -0.601590 -5.913209 2.891327
v -0.603049 -5.839544 2.851720
v -0.592222 -5.831872 2.859808
v -0.586157 -5.817479 2.859135
v -0.583622 -5.747077 2.817477
v -0.571547 -5.741765 2.825812
v -0.592108 -5.728263 2.797553
v -0.540581 -5.651362 2.792113
v -0.557240 -5.623628 2.767596
v -0.564594 -5.650002 2.776378
v 4.412689 -8.014629 -5.081295
v 4.369337 -8.047785 -5.104001
v 4.371896 -7.995954 -5.075716
v 4.218236 -7.967968 -5.079849
v 4.193945 -7.965401 -5.081993
v 4.196645 -7.914918 -5.051430
v 4.043541 -7.884314 -5.057093
v 4.019324 -7.881213 -5.059601
v 4.022269 -7.832429 -5.026484
v 3.870030 -7.798126 -5.033546
v 3.845943 -7.794226 -5.036402
v 3.829973 -7.777601 -5.027890
v 3.718139 -7.680264 -4.979010
v 3.674552 -7.703086 -5.011642
v 3.678855 -7.659282 -4.972182
v 3.530080 -7.612426 -4.980622
v 3.506576 -7.605860 -4.983897
v 3.511879 -7.565966 -4.940764
v 3.366111 -7.510576 -4.948644
v 3.343077 -7.502568 -4.952013
v 3.328689 -7.486229 -4.940637
v 3.208045 -7.401203 -4.917378
v 3.185871 -7.391857 -4.921787
v 3.171960 -7.374704 -4.911298
v 3.052544 -7.287166 -4.892145
v 3.030314 -7.278083 -4.896704
v 3.016369 -7.260677 -4.886659
v 2.916920 -7.151515 -4.835756
v 2.874486 -7.163957 -4.874933
v 2.880876 -7.124436 -4.831478
v 2.762552 -7.033943 -4.818849
v 2.719431 -7.047297 -4.856973
v 2.727231 -7.006041 -4.815377
v 2.613318 -6.910999 -4.804893
v 2.569085 -6.922741 -4.842230
v 2.580643 -6.880242 -4.802914
v 2.452000 -6.795424 -4.828420
v 2.431169 -6.783334 -4.833917
v 2.420897 -6.762253 -4.826158
v 2.302275 -6.635021 -4.822105
v 2.293738 -6.613266 -4.814056
v 2.348331 -6.630117 -4.785706
v 2.188158 -6.475727 -4.810391
v 2.181639 -6.453280 -4.802909
v 2.234374 -6.474433 -4.773661
v 2.110310 -6.322591 -4.808577
v 2.094714 -6.305694 -4.817118
v 2.091244 -6.281743 -4.813104
v 2.014195 -6.128644 -4.836138
v 2.011733 -6.104447 -4.832531
v 2.060529 -6.129253 -4.799553
v 1.988513 -5.950481 -4.820911
v 1.940089 -5.948141 -4.854720
v 1.972945 -5.908546 -4.825792
v 1.889938 -5.782322 -4.865447
v 1.875440 -5.763599 -4.872418
v 1.876202 -5.739138 -4.869543
v 1.821344 -5.575710 -4.888953
v 1.823628 -5.551321 -4.886399
v 1.872728 -5.583204 -4.860885
v 1.818440 -5.351524 -4.882029
v 1.810598 -5.409659 -4.888024
v 1.776474 -5.385651 -4.905654
v 1.751969 -5.214335 -4.916238
v 1.740226 -5.193705 -4.922861
v 1.782751 -5.161653 -4.897126
v 1.713614 -5.000055 -4.939005
v 1.718940 -4.976233 -4.935698
v 1.761628 -5.014791 -4.907940
v 1.741698 -4.822347 -4.921052
v 1.695668 -4.805561 -4.954049
v 1.738090 -4.777499 -4.923963
v 1.725663 -4.583957 -4.936059
v 1.728239 -4.628964 -4.933294
v 1.692546 -4.632759 -4.960836
v 1.683529 -4.438445 -4.974038
v 1.675425 -4.416603 -4.981581
v 1.681588 -4.393341 -4.977046
v -4.412689 -8.014629 -5.081295
v -4.396230 -7.998001 -5.074131
v -4.371894 -7.995954 -5.075716
v -4.237305 -7.933822 -5.057106
v -4.220926 -7.917330 -5.049511
v -4.196643 -7.914918 -5.051430
v -4.062721 -7.851675 -5.032319
v -4.046470 -7.835332 -5.024220
v -4.022268 -7.832429 -5.026484
v -3.870029 -7.798126 -5.033546
v -3.873420 -7.751256 -4.997770
v -3.831435 -7.758334 -5.012846
v -3.718138 -7.680264 -4.979010
v -3.702605 -7.664056 -4.969410
v -3.678854 -7.659282 -4.972182
v -3.550366 -7.588056 -4.948350
v -3.535335 -7.572060 -4.937806
v -3.511878 -7.565966 -4.940764
v -3.366110 -7.510576 -4.948644
v -3.371886 -7.474690 -4.902146
v -3.328688 -7.486229 -4.940637
v -3.208044 -7.401203 -4.917378
v -3.214082 -7.365200 -4.870921
v -3.174466 -7.359697 -4.892107
v -3.072537 -7.267229 -4.856793
v -3.058600 -7.249669 -4.846840
v -3.016368 -7.260677 -4.886659
v -2.916919 -7.151515 -4.835756
v -2.903043 -7.133580 -4.826399
v -2.880876 -7.124436 -4.831478
v -2.762551 -7.033943 -4.818849
v -2.749259 -7.015307 -4.810274
v -2.727231 -7.006041 -4.815377
v -2.613317 -6.910999 -4.804893
v -2.601766 -6.890966 -4.797328
v -2.580642 -6.880242 -4.802914
v -2.451999 -6.795424 -4.828420
v -2.466116 -6.753736 -4.789236
v -2.427054 -6.744991 -4.809856
v -2.348330 -6.630117 -4.785706
v -2.340039 -6.608669 -4.777683
v -2.320684 -6.594941 -4.782671
v -2.234373 -6.474433 -4.773661
v -2.227898 -6.452055 -4.766184
v -2.209784 -6.436610 -4.771655
v -2.135767 -6.281808 -4.774246
v -2.120510 -6.264852 -4.783018
v -2.110309 -6.322591 -4.808577
v -2.060528 -6.129253 -4.799553
v -2.058323 -6.105157 -4.796202
v -2.043214 -6.087934 -4.804547
v -1.988513 -5.950481 -4.820911
v -1.987702 -5.926317 -4.817969
v -1.972944 -5.908546 -4.825792
v -1.926438 -5.744340 -4.838921
v -1.912516 -5.725739 -4.846119
v -1.889937 -5.782322 -4.865447
v -1.872727 -5.583204 -4.860885
v -1.875136 -5.559031 -4.858588
v -1.861862 -5.539721 -4.865173
v -1.828013 -5.395381 -4.878367
v -1.831248 -5.371360 -4.875831
v -1.818439 -5.351524 -4.882029
v -1.782750 -5.161653 -4.897126
v -1.772724 -5.219317 -4.904221
v -1.794323 -5.182095 -4.890728
v -1.761627 -5.014791 -4.907940
v -1.766730 -4.991195 -4.904450
v -1.756402 -4.970176 -4.911064
v -1.741697 -4.822347 -4.921052
v -1.747481 -4.798956 -4.917096
v -1.738089 -4.777499 -4.923963
v -1.728238 -4.628964 -4.933294
v -1.734289 -4.605696 -4.928940
v -1.725663 -4.583957 -4.936059
v -1.681587 -4.393341 -4.977046
v -1.683528 -4.438445 -4.974038
v -1.718091 -4.435002 -4.945046
v -1.929013 -9.700654 2.345057
v -1.939401 -9.697254 2.336233
v -1.960929 -9.695989 2.362236
v -1.773203 -9.740955 2.394497
v -1.783276 -9.736532 2.385793
v -1.806565 -9.736250 2.397007
v -1.617782 -9.781027 2.444191
v -1.627818 -9.775744 2.435993
v -1.641757 -9.775037 2.436677
v -1.461057 -9.817865 2.491251
v -1.471377 -9.812029 2.483862
v -1.494168 -9.827511 2.503378
v -1.302289 -9.851136 2.534476
v -1.312871 -9.844989 2.527687
v -1.326815 -9.846127 2.528008
v -1.142637 -9.881287 2.576640
v -1.153387 -9.875455 2.569886
v -1.167264 -9.876935 2.570275
v -1.006281 -9.903082 2.608602
v -1.012603 -9.920996 2.626187
v -0.981288 -9.906733 2.613734
v -0.817386 -9.928865 2.640773
v -0.829069 -9.923469 2.635338
v -0.842751 -9.925577 2.637288
v -0.655312 -9.967739 2.675777
v -0.663996 -9.944168 2.653217
v -0.681091 -9.964690 2.673888
v -0.485519 -9.966537 2.663532
v -0.497977 -9.961565 2.659651
v -0.511192 -9.964238 2.663249
v -0.318126 -9.978097 2.663093
v -0.330832 -9.973545 2.659402
v -0.343940 -9.976645 2.663200
v -0.176073 -9.985278 2.662721
v -0.176866 -10.003814 2.680774
v -0.150248 -9.986545 2.662540
v 0.017244 -9.992466 2.659030
v 0.004321 -9.988397 2.655735
v -0.008497 -9.991996 2.659892
v 0.184252 -9.989641 2.650410
v 0.171010 -9.986433 2.647541
v 0.158581 -9.990809 2.652068
v 0.350819 -9.977025 2.637697
v 0.337341 -9.974397 2.635039
v 0.325204 -9.979374 2.639820
v 0.520919 -9.975388 2.640550
v 0.503030 -9.955649 2.619823
v 0.495321 -9.978910 2.643060
v 0.681146 -9.931366 2.603921
v 0.667443 -9.930020 2.601613
v 0.655920 -9.935835 2.606969
v 0.830503 -9.898410 2.580103
v 0.819274 -9.904496 2.585776
v 0.850532 -9.915817 2.600993
v 1.006267 -9.862929 2.557106
v 0.992428 -9.862466 2.555188
v 0.981395 -9.868656 2.561148
v 1.166301 -9.823327 2.527574
v 1.152414 -9.823385 2.526136
v 1.141872 -9.829886 2.532579
v 1.310176 -9.778507 2.491678
v 1.299904 -9.785252 2.498343
v 1.333010 -9.793427 2.511648
v 1.480886 -9.730989 2.455258
v 1.466931 -9.731438 2.454382
v 1.456863 -9.738180 2.461269
v 1.633127 -9.681285 2.408314
v 1.619346 -9.682694 2.408392
v 1.610228 -9.689939 2.415909
v 1.782846 -9.621983 2.358902
v 1.768876 -9.622572 2.359465
v 1.770944 -9.647572 2.382030
v 1.923313 -9.559254 2.297724
v 1.909901 -9.560720 2.301293
v 1.902679 -9.569880 2.308953
v 2.052770 -9.519485 2.248170
v 2.074265 -9.509894 2.237969
v 2.060820 -9.490486 2.227355
v 2.194726 -9.423852 2.156111
v 2.181882 -9.425931 2.160714
v 2.175977 -9.435333 2.168958
v 2.294100 -9.355532 2.081393
v 2.311800 -9.372693 2.089285
v 2.312600 -9.343096 2.067801
v 2.435522 -9.268261 1.980081
v 2.423002 -9.269682 1.986130
v 2.416877 -9.279490 1.993905
v 2.544575 -9.190947 1.880409
v 2.533265 -9.193186 1.888261
v 2.528799 -9.203585 1.896402
v 2.649288 -9.141979 1.794207
v 2.666575 -9.129787 1.779305
v 2.650372 -9.109735 1.776978
v 2.750366 -9.032664 1.667732
v 2.739286 -9.035388 1.675570
v 2.736231 -9.044978 1.685130
v 2.815061 -8.933450 1.560277
v 2.806348 -8.941023 1.569590
v 2.832061 -8.959452 1.572807
v 7.623145 -10.106221 1.201419
v 7.646479 -10.106177 1.193531
v 7.642081 -10.085659 1.180637
v 7.619827 -9.982923 1.114760
v 7.622438 -9.972840 1.106446
v 7.615377 -9.962739 1.101375
v 7.588482 -9.841928 1.019054
v 7.565096 -9.841739 1.026786
v 7.592943 -9.861707 1.033016
v 7.566080 -9.743184 0.947475
v 7.568716 -9.733552 0.938671
v 7.561647 -9.723767 0.933016
v 7.539532 -9.627524 0.858083
v 7.542229 -9.618270 0.848889
v 7.535199 -9.608761 0.842765
v 7.513702 -9.515599 0.763916
v 7.516493 -9.506727 0.754382
v 7.509528 -9.497477 0.747812
v 7.488955 -9.407629 0.665008
v 7.491853 -9.399117 0.655200
v 7.484964 -9.390090 0.648230
v 7.465628 -9.303777 0.561481
v 7.468661 -9.295653 0.551398
v 7.461876 -9.286876 0.544011
v 7.443962 -9.203968 0.453708
v 7.447199 -9.196328 0.443278
v 7.440589 -9.187899 0.435399
v 7.424054 -9.107851 0.342284
v 7.427397 -9.100456 0.331750
v 7.420866 -9.092148 0.323621
v 7.405927 -9.015000 0.227802
v 7.409428 -9.007919 0.217097
v 7.403035 -8.999815 0.208664
v 7.389474 -8.924847 0.110879
v 7.393133 -8.918036 0.100020
v 7.386883 -8.910121 0.091329
v 7.371643 -8.821948 -0.027347
v 7.347699 -8.819154 -0.022289
v 7.374117 -8.836460 -0.007613
v 7.335083 -8.746795 -0.122336
v 7.359030 -8.749608 -0.127367
v 7.356509 -8.735397 -0.147323
v 7.341173 -8.651147 -0.268877
v 7.317215 -8.648276 -0.263929
v 7.343733 -8.664769 -0.248523
v 7.328235 -8.583523 -0.372063
v 7.331912 -8.577524 -0.383374
v 7.325659 -8.570309 -0.392679
v 7.312597 -8.506801 -0.498407
v 7.316265 -8.501348 -0.509997
v 7.309995 -8.494637 -0.519651
v 7.296865 -8.435770 -0.627998
v 7.300533 -8.431034 -0.639910
v 7.294254 -8.424993 -0.649972
v 7.281111 -8.372723 -0.761616
v 7.284789 -8.368425 -0.773663
v 7.278505 -8.362769 -0.783973
v 7.265827 -8.318192 -0.898702
v 7.269682 -8.314887 -0.910904
v 7.263551 -8.310047 -0.921686
v 7.257427 -8.272958 -1.038882
v 7.262537 -8.270833 -1.051033
v 7.245695 -8.262795 -1.066776
v 7.260388 -8.236560 -1.182338
v 7.265761 -8.234992 -1.194375
v 7.261240 -8.230942 -1.206229
v 7.266165 -8.206624 -1.327797
v 7.271466 -8.205866 -1.340045
v 7.243287 -8.195519 -1.351536
v 7.267850 -8.183229 -1.475104
v 7.272408 -8.183396 -1.487620
v 7.267238 -8.180539 -1.499559
v 7.264290 -8.169297 -1.622948
v 7.268877 -8.169946 -1.635418
v 7.263733 -8.167556 -1.647481
v 7.260175 -8.162815 -1.795993
v 7.236676 -8.155469 -1.795270
v 7.260806 -8.163211 -1.771379
v 7.261033 -8.164180 -1.932492
v 7.255726 -8.162855 -1.944657
v 7.233106 -8.155116 -1.919335
v 7.250059 -8.167055 -2.093132
v 7.239504 -8.162237 -2.063176
v 7.255414 -8.168129 -2.080962
v 7.245634 -8.175358 -2.216630
v 7.250122 -8.178185 -2.228850
v 7.244921 -8.177817 -2.241081
v 7.241859 -8.192877 -2.363952
v 7.246459 -8.196436 -2.375948
v 7.241411 -8.196685 -2.388237
v 7.239109 -8.221783 -2.534527
v 7.227914 -8.212337 -2.505963
v 7.244073 -8.221278 -2.522156
v 7.238280 -8.248781 -2.655429
v 7.243008 -8.253434 -2.666977
v 7.238189 -8.254575 -2.679328
v 7.238030 -8.285698 -2.799237
v 7.242809 -8.290939 -2.810523
v 7.238102 -8.292573 -2.822852
v 7.238676 -8.328860 -2.941313
v 7.243467 -8.334489 -2.952371
v 7.238835 -8.336420 -2.964718
v 7.239984 -8.378094 -3.081378
v 7.244790 -8.384364 -3.092095
v 7.240250 -8.386847 -3.104356
v 7.241708 -8.433384 -3.219133
v 7.246495 -8.440418 -3.229403
v 7.230917 -8.441025 -3.248384
v 7.243726 -8.496318 -3.353602
v 7.248537 -8.503591 -3.363661
v 7.244095 -8.507064 -3.375732
v 7.246648 -8.561257 -3.487248
v 7.251656 -8.568336 -3.497359
v 7.247248 -8.571989 -3.509393
v 7.250669 -8.626336 -3.620792
v 7.255857 -8.633333 -3.630883
v 7.251476 -8.637307 -3.642807
v 7.255753 -8.693158 -3.753408
v 7.261050 -8.700076 -3.763468
v 7.256648 -8.704368 -3.775297
v 7.261642 -8.762687 -3.884582
v 7.267072 -8.769731 -3.894497
v 7.262695 -8.774541 -3.906122
v 7.268242 -8.835645 -4.013850
v 7.273782 -8.842888 -4.023574
v 7.269425 -8.848288 -4.034932
v 7.275521 -8.913057 -4.140480
v 7.281126 -8.920344 -4.150106
v 7.276760 -8.926141 -4.161291
v 7.283257 -8.994475 -4.265074
v 7.288916 -9.001985 -4.274724
v 7.259074 -8.991488 -4.268666
v -7.642081 -10.085659 1.180637
v -7.646479 -10.106177 1.193531
v -7.623145 -10.106221 1.201419
v -7.619827 -9.982923 1.114760
v -7.589412 -9.972778 1.117521
v -7.615377 -9.962739 1.101375
v -7.562487 -9.851606 1.035380
v -7.565096 -9.841739 1.026786
v -7.592943 -9.861707 1.033016
v -7.542658 -9.742836 0.955091
v -7.535587 -9.733034 0.949423
v -7.561647 -9.723767 0.933016
v -7.539532 -9.627524 0.858083
v -7.509020 -9.617404 0.859369
v -7.535199 -9.608761 0.842765
v -7.513702 -9.515599 0.763916
v -7.483187 -9.505439 0.764503
v -7.496884 -9.493249 0.748039
v -7.465336 -9.406417 0.671887
v -7.458440 -9.397363 0.664891
v -7.484964 -9.390090 0.648230
v -7.441931 -9.302225 0.568022
v -7.435141 -9.293419 0.560606
v -7.461876 -9.286876 0.544011
v -7.413579 -9.193632 0.451986
v -7.416811 -9.185966 0.441527
v -7.443962 -9.203968 0.453708
v -7.400224 -9.105668 0.348121
v -7.393690 -9.097336 0.339964
v -7.420866 -9.092148 0.323621
v -7.382045 -9.012551 0.233311
v -7.375648 -9.004427 0.224851
v -7.403035 -8.999815 0.208664
v -7.359303 -8.914269 0.107421
v -7.362959 -8.907445 0.096545
v -7.389474 -8.924847 0.110879
v -7.343978 -8.825841 -0.011363
v -7.347699 -8.819154 -0.022289
v -7.374117 -8.836460 -0.007613
v -7.356509 -8.735397 -0.147323
v -7.359030 -8.749608 -0.127367
v -7.335083 -8.746795 -0.122336
v -7.313534 -8.654501 -0.252717
v -7.317215 -8.648276 -0.263929
v -7.343733 -8.664769 -0.248523
v -7.325659 -8.570309 -0.392679
v -7.328235 -8.583523 -0.372063
v -7.304265 -8.580590 -0.367211
v -7.312597 -8.506801 -0.498407
v -7.282336 -8.497050 -0.503384
v -7.309995 -8.494637 -0.519651
v -7.266567 -8.426574 -0.633599
v -7.270234 -8.421828 -0.645531
v -7.296865 -8.435770 -0.627998
v -7.257065 -8.369454 -0.757397
v -7.250779 -8.363788 -0.767730
v -7.278505 -8.362769 -0.783973
v -7.241723 -8.314574 -0.895153
v -7.235586 -8.309655 -0.906061
v -7.263551 -8.310047 -0.921686
v -7.228486 -8.263812 -1.048880
v -7.233609 -8.261592 -1.061146
v -7.257427 -8.272958 -1.038882
v -7.236484 -8.230641 -1.181837
v -7.231980 -8.226514 -1.193754
v -7.261240 -8.230942 -1.206229
v -7.242464 -8.199936 -1.327355
v -7.237970 -8.196332 -1.339343
v -7.243287 -8.195519 -1.351536
v -7.267850 -8.183229 -1.475104
v -7.239197 -8.173074 -1.485653
v -7.267238 -8.180539 -1.499559
v -7.240798 -8.161965 -1.621929
v -7.235653 -8.159573 -1.634030
v -7.263733 -8.167556 -1.647481
v -7.232125 -8.154145 -1.782802
v -7.236676 -8.155469 -1.795270
v -7.260806 -8.163211 -1.771379
v -7.232226 -8.155509 -1.943944
v -7.255726 -8.162855 -1.944657
v -7.233106 -8.155116 -1.919335
v -7.227559 -8.158723 -2.067977
v -7.222207 -8.157638 -2.080179
v -7.250059 -8.167055 -2.093132
v -7.217040 -8.167277 -2.228886
v -7.221536 -8.170080 -2.241164
v -7.245634 -8.175358 -2.216630
v -7.213523 -8.185138 -2.376945
v -7.218132 -8.188674 -2.388994
v -7.241859 -8.192877 -2.363952
v -7.216256 -8.209138 -2.511627
v -7.211302 -8.209622 -2.524050
v -7.239109 -8.221783 -2.534527
v -7.210419 -8.241441 -2.669717
v -7.215157 -8.246075 -2.681314
v -7.238280 -8.248781 -2.655429
v -7.210421 -8.278625 -2.814090
v -7.215212 -8.283846 -2.825423
v -7.238030 -8.285698 -2.799237
v -7.215918 -8.319950 -2.944372
v -7.211300 -8.321863 -2.956768
v -7.238835 -8.336420 -2.964718
v -7.239984 -8.378094 -3.081378
v -7.212876 -8.371438 -3.097368
v -7.240250 -8.386847 -3.104356
v -7.214871 -8.427216 -3.235652
v -7.219677 -8.434237 -3.245979
v -7.241708 -8.433384 -3.219133
v -7.221406 -8.487099 -3.358450
v -7.216948 -8.490618 -3.370533
v -7.244095 -8.507064 -3.375732
v -7.247248 -8.571989 -3.509393
v -7.246648 -8.561257 -3.487248
v -7.223947 -8.552912 -3.491906
v -7.223185 -8.623003 -3.637146
v -7.228345 -8.630083 -3.647222
v -7.250669 -8.626336 -3.620792
v -7.232362 -8.686739 -3.757692
v -7.227936 -8.691111 -3.769509
v -7.256648 -8.704368 -3.775297
v -7.261642 -8.762687 -3.884582
v -7.233587 -8.762106 -3.900329
v -7.262695 -8.774541 -3.906122
v -7.239987 -8.836565 -4.029173
v -7.245512 -8.843890 -4.038876
v -7.268242 -8.835645 -4.013850
v -7.251459 -8.909392 -4.144258
v -7.247078 -8.915262 -4.155425
v -7.276760 -8.926141 -4.161291
v -7.259074 -8.991488 -4.268666
v -7.254715 -8.997759 -4.279804
v -7.288916 -9.001985 -4.274724
v 5.412304 -8.271786 -4.432613
v 5.413260 -8.283347 -4.447920
v 5.370978 -8.269855 -4.460650
v 5.457503 -8.205411 -4.307252
v 5.458518 -8.216857 -4.322639
v 5.415895 -8.204024 -4.334910
v 5.502617 -8.139180 -4.181788
v 5.503765 -8.150372 -4.197345
v 5.460811 -8.138209 -4.209168
v 5.543090 -8.094851 -4.064534
v 5.532016 -8.097964 -4.079928
v 5.500222 -8.082768 -4.076750
v 5.578265 -8.033562 -3.912849
v 5.580663 -8.042393 -3.929650
v 5.534597 -8.023618 -3.924246
v 5.614726 -7.982503 -3.778322
v 5.616954 -7.991787 -3.794913
v 5.606057 -7.994655 -3.810356
v 5.651104 -7.927911 -3.644515
v 5.653426 -7.938150 -3.660929
v 5.610935 -7.926417 -3.673558
v 5.689273 -7.876531 -3.528458
v 5.678039 -7.882408 -3.543057
v 5.643823 -7.875649 -3.537103
v 5.715137 -7.822135 -3.372301
v 5.719627 -7.825520 -3.391153
v 5.675305 -7.830528 -3.399118
v 5.737477 -7.791662 -3.227104
v 5.742032 -7.794960 -3.245650
v 5.697376 -7.800453 -3.255406
v 5.757444 -7.759923 -3.081994
v 5.762980 -7.763673 -3.100207
v 5.718891 -7.770046 -3.111684
v 5.777417 -7.728797 -2.955140
v 5.768428 -7.733381 -2.971620
v 5.736721 -7.727237 -2.933558
v 5.785234 -7.692597 -2.791778
v 5.791806 -7.693987 -2.810055
v 5.782818 -7.698573 -2.826750
v 5.790145 -7.679518 -2.642390
v 5.796869 -7.680555 -2.660573
v 5.753750 -7.684988 -2.675962
v 5.801699 -7.667667 -2.510984
v 5.793819 -7.669709 -2.528540
v 5.759713 -7.669238 -2.491924
v 5.807759 -7.665318 -2.361074
v 5.799727 -7.664965 -2.378808
v 5.765939 -7.661363 -2.342706
v 5.813321 -7.665408 -2.211241
v 5.805552 -7.663766 -2.229034
v 5.772658 -7.654455 -2.193276
v 5.810324 -7.677485 -2.061996
v 5.803875 -7.673761 -2.079786
v 5.769690 -7.664640 -2.079975
v 5.804990 -7.692947 -1.912869
v 5.798504 -7.689393 -1.930761
v 5.762774 -7.685075 -1.896065
v 5.787883 -7.717372 -1.747833
v 5.796137 -7.716323 -1.765185
v 5.754099 -7.706883 -1.748530
v 5.785436 -7.743445 -1.618276
v 5.779902 -7.737538 -1.635845
v 5.744733 -7.730227 -1.601190
v 5.760153 -7.777446 -1.456356
v 5.769389 -7.775676 -1.473281
v 5.731936 -7.755935 -1.491196
v 5.740024 -7.814033 -1.312823
v 5.749523 -7.811486 -1.329517
v 5.710732 -7.796069 -1.348743
v 5.720184 -7.855591 -1.170754
v 5.729659 -7.851344 -1.186923
v 5.685512 -7.849056 -1.173398
v 5.700922 -7.902588 -1.030326
v 5.710387 -7.898396 -1.046505
v 5.666299 -7.895775 -1.032914
v 5.681108 -7.953267 -0.891619
v 5.690753 -7.947872 -0.907267
v 5.641887 -7.937579 -0.910398
v 5.660172 -8.011255 -0.756363
v 5.669776 -8.006124 -0.772325
v 5.630803 -7.989040 -0.789398
v 5.606927 -8.060405 -0.620337
v 5.649192 -8.064491 -0.637452
v 5.610148 -8.045825 -0.652606
v 5.642107 -8.126050 -0.502363
v 5.635748 -8.117196 -0.518347
v 5.599339 -8.125411 -0.485861
v 5.626470 -8.196150 -0.352076
v 5.634975 -8.188478 -0.367551
v 5.628740 -8.179573 -0.383368
v 5.623567 -8.263664 -0.238701
v 5.617710 -8.253496 -0.254057
v 5.580101 -8.265407 -0.223638
v 5.611950 -8.339304 -0.110073
v 5.606164 -8.328798 -0.125427
v 5.568856 -8.339116 -0.095012
v 5.585485 -8.421854 0.033099
v 5.595675 -8.414751 0.018068
v 5.557352 -8.395393 0.002519
v 5.559528 -8.496706 0.160100
v 5.569680 -8.489742 0.145220
v 5.531597 -8.469558 0.128804
v 5.531267 -8.573663 0.285136
v 5.542362 -8.565874 0.271242
v 5.505290 -8.544342 0.254636
v 5.497103 -8.656063 0.405129
v 5.508280 -8.647930 0.391454
v 5.470965 -8.628130 0.373760
v 5.475800 -8.732931 0.509751
v 5.471797 -8.720127 0.495733
v 5.431088 -8.735333 0.519029
v 5.449375 -8.828290 0.621124
v 5.445434 -8.815149 0.607417
v 5.404980 -8.828770 0.632159
v 5.410254 -8.931211 0.746596
v 5.421442 -8.922569 0.733176
v 5.384443 -8.899888 0.718248
v 5.375275 -9.020798 0.861489
v 5.386557 -9.011678 0.848722
v 5.349335 -8.991694 0.830175
v 5.338862 -9.116298 0.970449
v 5.350595 -9.104851 0.960184
v 5.313903 -9.084639 0.940837
v 5.311335 -9.213204 1.056333
v 5.309026 -9.198279 1.044188
v 5.266012 -9.213333 1.064441
v 5.257131 -9.329268 1.164248
v 5.269603 -9.319392 1.153128
v 5.234839 -9.293263 1.139025
v 5.210251 -9.431829 1.261692
v 5.222887 -9.421011 1.251670
v 5.187547 -9.400027 1.231680
v 5.166540 -9.539112 1.355369
v 5.178638 -9.527026 1.346330
v 5.142944 -9.509069 1.323688
v 5.137268 -9.636339 1.438645
v 5.133880 -9.621777 1.426071
v 5.093081 -9.647750 1.436066
v 5.107263 -9.755048 1.525654
v 5.103885 -9.740386 1.513035
v 5.063058 -9.766022 1.522542
v -5.369988 -8.258360 -4.445299
v -5.370978 -8.269855 -4.460650
v -5.412304 -8.271786 -4.432613
v -5.414845 -8.192642 -4.319480
v -5.415895 -8.204024 -4.334910
v -5.457503 -8.205411 -4.307252
v -5.459705 -8.126945 -4.193659
v -5.460811 -8.138209 -4.209168
v -5.502617 -8.139180 -4.181788
v -5.508963 -8.070794 -4.044445
v -5.497988 -8.073679 -4.059922
v -5.540951 -8.085538 -4.047788
v -5.534597 -8.023618 -3.924246
v -5.536948 -8.032466 -3.941102
v -5.569494 -8.045809 -3.944914
v -5.574254 -7.979421 -3.807460
v -5.600759 -7.972058 -3.770392
v -5.572141 -7.969875 -3.790997
v -5.608189 -7.917185 -3.656712
v -5.610935 -7.926417 -3.673558
v -5.651104 -7.927911 -3.644515
v -5.651789 -7.863884 -3.504589
v -5.640682 -7.868588 -3.519540
v -5.689273 -7.876531 -3.528458
v -5.670779 -7.827193 -3.380442
v -5.675305 -7.830528 -3.399118
v -5.715137 -7.822135 -3.372301
v -5.692793 -7.797201 -3.237037
v -5.697376 -7.800453 -3.255406
v -5.737477 -7.791662 -3.227104
v -5.713456 -7.766387 -3.093591
v -5.718891 -7.770046 -3.111684
v -5.757444 -7.759923 -3.081994
v -5.736721 -7.727237 -2.933558
v -5.727743 -7.731798 -2.949921
v -5.768428 -7.733381 -2.971620
v -5.785234 -7.692597 -2.791778
v -5.742021 -7.697237 -2.806244
v -5.782818 -7.698573 -2.826750
v -5.747021 -7.683960 -2.657872
v -5.753750 -7.684988 -2.675962
v -5.790145 -7.679518 -2.642390
v -5.751810 -7.671171 -2.509396
v -5.758545 -7.672181 -2.527323
v -5.793819 -7.669709 -2.528540
v -5.765939 -7.661363 -2.342706
v -5.757857 -7.661705 -2.360381
v -5.799727 -7.664965 -2.378808
v -5.772658 -7.654455 -2.193276
v -5.764723 -7.653492 -2.211045
v -5.805552 -7.663766 -2.229034
v -5.768361 -7.668563 -2.044605
v -5.761940 -7.664733 -2.062340
v -5.802600 -7.677476 -2.044307
v -5.756310 -7.681419 -1.913895
v -5.764105 -7.681139 -1.931427
v -5.798504 -7.689393 -1.930761
v -5.748197 -7.702029 -1.766217
v -5.756337 -7.701366 -1.783602
v -5.790348 -7.711090 -1.782839
v -5.744733 -7.730227 -1.601190
v -5.739052 -7.724685 -1.618810
v -5.779902 -7.737538 -1.635845
v -5.722545 -7.758125 -1.474393
v -5.731936 -7.755935 -1.491196
v -5.760153 -7.777446 -1.456356
v -5.701130 -7.799047 -1.332187
v -5.710732 -7.796069 -1.348743
v -5.740024 -7.814033 -1.312823
v -5.680617 -7.842149 -1.190671
v -5.690085 -7.837937 -1.206845
v -5.724769 -7.844405 -1.204189
v -5.661415 -7.888809 -1.050175
v -5.670874 -7.884650 -1.066361
v -5.705508 -7.891397 -1.063759
v -5.641887 -7.937579 -0.910398
v -5.651512 -7.932342 -0.926229
v -5.686086 -7.939465 -0.923832
v -5.621233 -7.994024 -0.773248
v -5.630803 -7.989040 -0.789398
v -5.660172 -8.011255 -0.756363
v -5.606927 -8.060405 -0.620337
v -5.601065 -8.050854 -0.636217
v -5.610148 -8.045825 -0.652606
v -5.599339 -8.125411 -0.485861
v -5.593049 -8.116220 -0.501779
v -5.635748 -8.117196 -0.518347
v -5.626470 -8.196150 -0.352076
v -5.585316 -8.182340 -0.367767
v -5.628740 -8.179573 -0.383368
v -5.580101 -8.265407 -0.223638
v -5.574213 -8.255431 -0.238992
v -5.617710 -8.253496 -0.254057
v -5.568856 -8.339116 -0.095012
v -5.563028 -8.328801 -0.110368
v -5.606164 -8.328798 -0.125427
v -5.547186 -8.402414 0.017464
v -5.557352 -8.395393 0.002519
v -5.585485 -8.421854 0.033099
v -5.521471 -8.476439 0.143600
v -5.531597 -8.469558 0.128804
v -5.559528 -8.496706 0.160100
v -5.494328 -8.552117 0.268562
v -5.505290 -8.544342 0.254636
v -5.531267 -8.573663 0.285136
v -5.459754 -8.636454 0.387309
v -5.470965 -8.628130 0.373760
v -5.497103 -8.656063 0.405129
v -5.431088 -8.735333 0.519029
v -5.427062 -8.722724 0.504839
v -5.471797 -8.720127 0.495733
v -5.404980 -8.828770 0.632159
v -5.401001 -8.815816 0.618276
v -5.445434 -8.815149 0.607417
v -5.373365 -8.908825 0.731332
v -5.384443 -8.899888 0.718248
v -5.410254 -8.931211 0.746596
v -5.338042 -9.001079 0.842581
v -5.349335 -8.991694 0.830175
v -5.375275 -9.020798 0.861489
v -5.302196 -9.095632 0.951454
v -5.313903 -9.084639 0.940837
v -5.338862 -9.116298 0.970449
v -5.266012 -9.213333 1.064441
v -5.263614 -9.198820 1.051923
v -5.309026 -9.198279 1.044188
v -5.222248 -9.303630 1.149562
v -5.234839 -9.293263 1.139025
v -5.257131 -9.329268 1.164248
v -5.174932 -9.411366 1.241131
v -5.187547 -9.400027 1.231680
v -5.210251 -9.431829 1.261692
v -5.130852 -9.521400 1.332601
v -5.142944 -9.509069 1.323688
v -5.166540 -9.539112 1.355369
v -5.093081 -9.647750 1.436066
v -5.089670 -9.633224 1.423532
v -5.133880 -9.621777 1.426071
v -5.063058 -9.766022 1.522542
v -5.059837 -9.751372 1.510130
v -5.103885 -9.740386 1.513035
v 2.219813 -13.507213 2.586469
v 2.203842 -13.512904 2.586625
v 2.189172 -13.507209 2.592973
v 2.189172 -13.507209 2.592973
v 2.184396 -13.493458 2.601797
v 2.227728 -13.493473 2.592594
v 2.184396 -13.493458 2.601797
v 2.192312 -13.479711 2.607925
v 2.222952 -13.479728 2.601414
v 2.189172 -13.507209 2.592973
v 2.219813 -13.507213 2.586469
v 2.208282 -13.474026 2.607765
v 2.221418 -13.354659 2.669559
v 2.201649 -13.334139 2.682524
v 2.221418 -13.354659 2.669559
v 2.206655 -13.348631 2.675270
v 2.201649 -13.334139 2.682524
v 2.201649 -13.334139 2.682524
v 2.209332 -13.319674 2.687070
v 2.237289 -13.348696 2.668735
v 2.225204 -13.313711 2.686246
v 2.225204 -13.313711 2.686246
v 2.239966 -13.319743 2.680534
v 2.244972 -13.334232 2.673281
v 2.252584 -13.183253 2.736151
v 2.236714 -13.189207 2.736979
v 2.221951 -13.183168 2.742694
v 2.221951 -13.183168 2.742694
v 2.216945 -13.168677 2.749965
v 2.252584 -13.183253 2.736151
v 2.216945 -13.168677 2.749965
v 2.224618 -13.154286 2.754751
v 2.255251 -13.154371 2.748208
v 2.252584 -13.183253 2.736151
v 2.216945 -13.168677 2.749965
v 2.260266 -13.168798 2.740710
v 2.224618 -13.154286 2.754751
v 2.240485 -13.148362 2.754023
v 2.251894 -13.024582 2.807264
v 2.237126 -13.018595 2.813093
v 2.232107 -13.004193 2.820634
v 2.275432 -13.004259 2.811400
v 2.232107 -13.004193 2.820634
v 2.239778 -12.989811 2.825470
v 2.270414 -12.989853 2.818942
v 2.232107 -13.004193 2.820634
v 2.270414 -12.989853 2.818942
v 2.239778 -12.989811 2.825470
v 2.255645 -12.983869 2.824769
v 2.270414 -12.989853 2.818942
v 2.278817 -12.848013 2.857742
v 2.263257 -12.854396 2.859909
v 2.248183 -12.847933 2.864279
v 2.248183 -12.847933 2.864279
v 2.242424 -12.832406 2.868292
v 2.285746 -12.832532 2.859044
v 2.249354 -12.816917 2.869596
v 2.279987 -12.817016 2.863054
v 2.248183 -12.847933 2.864279
v 2.278817 -12.848013 2.857742
v 2.249354 -12.816917 2.869596
v 2.264913 -12.810544 2.867425
v 2.279987 -12.817016 2.863054
v 2.285547 -12.670794 2.887292
v 2.269978 -12.677139 2.889686
v 2.254919 -12.670594 2.893853
v 2.254919 -12.670594 2.893853
v 2.249192 -12.654979 2.897353
v 2.285547 -12.670794 2.887292
v 2.249192 -12.654979 2.897353
v 2.292506 -12.655285 2.888072
v 2.256152 -12.639451 2.898134
v 2.271720 -12.633122 2.895737
v 2.286779 -12.639686 2.891569
v 2.292583 -12.493040 2.911711
v 2.277017 -12.499286 2.914117
v 2.261961 -12.492639 2.918292
v 2.261961 -12.492639 2.918292
v 2.256235 -12.476980 2.921791
v 2.293813 -12.461932 2.915974
v 2.256235 -12.476980 2.921791
v 2.263192 -12.461495 2.922558
v 2.293813 -12.461932 2.915974
v 2.278757 -12.455268 2.920148
v 2.293813 -12.461932 2.915974
v 2.299540 -12.477573 2.912482
v 2.261961 -12.492639 2.918292
v 2.295789 -12.313981 2.912389
v 2.280403 -12.320148 2.915896
v 2.265174 -12.313301 2.918978
v 2.259022 -12.297429 2.919828
v 2.296165 -12.282581 2.911359
v 2.265551 -12.281849 2.917947
v 2.280936 -12.275705 2.914440
v 2.296165 -12.282581 2.911359
v 2.298617 -12.134800 2.903336
v 2.283178 -12.140777 2.907095
v 2.268008 -12.133772 2.909907
v 2.268008 -12.133772 2.909907
v 2.261991 -12.117863 2.910123
v 2.298617 -12.134800 2.903336
v 2.261991 -12.117863 2.910123
v 2.268653 -12.102395 2.907617
v 2.305278 -12.119368 2.900834
v 2.298617 -12.134800 2.903336
v 2.261991 -12.117863 2.910123
v 2.305278 -12.119368 2.900834
v 2.268653 -12.102395 2.907617
v 2.284091 -12.096454 2.903860
v 2.299262 -12.103494 2.901052
v 2.302067 -11.956323 2.887706
v 2.286705 -11.961966 2.892244
v 2.265246 -11.939210 2.892194
v 2.286705 -11.961966 2.892244
v 2.271464 -11.954872 2.894226
v 2.265246 -11.939210 2.892194
v 2.265246 -11.939210 2.892194
v 2.271697 -11.924178 2.887390
v 2.302067 -11.956323 2.887706
v 2.271697 -11.924178 2.887390
v 2.287045 -11.918608 2.882708
v 2.308524 -11.941329 2.882983
v 2.287045 -11.918608 2.882708
v 2.302299 -11.925725 2.880885
v 2.308524 -11.941329 2.882983
v 2.303358 -11.781532 2.848384
v 2.288015 -11.786879 2.853025
v 2.309806 -11.766664 2.843609
v 2.288015 -11.786879 2.853025
v 2.272765 -11.779536 2.854806
v 2.309806 -11.766664 2.843609
v 2.266542 -11.763773 2.852675
v 2.266542 -11.763773 2.852675
v 2.272992 -11.748856 2.847890
v 2.288334 -11.743557 2.843259
v 2.303583 -11.750947 2.841489
v 2.266542 -11.763773 2.852675
v 2.288334 -11.743557 2.843259
v 2.293076 -11.612291 2.813585
v 2.278028 -11.604646 2.815294
v 2.278028 -11.604646 2.815294
v 2.272276 -11.588794 2.813133
v 2.309756 -11.576832 2.802132
v 2.272276 -11.588794 2.813133
v 2.279186 -11.574063 2.808380
v 2.294710 -11.569127 2.803827
v 2.272276 -11.588794 2.813133
v 2.294710 -11.569127 2.803827
v 2.301719 -11.437882 2.774018
v 2.281659 -11.413965 2.773421
v 2.301719 -11.437882 2.774018
v 2.286897 -11.429932 2.775642
v 2.281659 -11.413965 2.773421
v 2.289071 -11.399364 2.768663
v 2.304791 -11.394713 2.764162
v 2.324851 -11.418630 2.764760
v 2.304791 -11.394713 2.764162
v 2.319610 -11.402705 2.762549
v 2.324851 -11.418630 2.764760
v 2.329735 -11.259217 2.728939
v 2.314060 -11.263615 2.733644
v 2.300972 -11.225908 2.724751
v 2.314060 -11.263615 2.733644
v 2.299219 -11.255511 2.734955
v 2.293791 -11.239908 2.731221
v 2.300972 -11.225908 2.724751
v 2.314060 -11.263615 2.733644
v 2.293791 -11.239908 2.731221
v 2.300972 -11.225908 2.724751
v 2.316588 -11.221623 2.719573
v 2.336949 -11.245131 2.722709
v 2.316588 -11.221623 2.719573
v 2.331491 -11.229580 2.718725
v 2.336949 -11.245131 2.722709
v 2.339616 -11.090165 2.669407
v 2.323995 -11.094553 2.674618
v 2.303624 -11.071222 2.671536
v 2.309087 -11.086700 2.675498
v 2.310807 -11.057171 2.665049
v 2.326430 -11.052761 2.659831
v 2.346801 -11.076091 2.662912
v 2.326430 -11.052761 2.659831
v 2.341339 -11.060593 2.658943
v 2.346801 -11.076091 2.662912
v 2.345497 -10.921182 2.610207
v 2.330093 -10.925622 2.615403
v 2.352150 -10.907093 2.603786
v 2.314963 -10.917813 2.616331
v 2.308968 -10.902332 2.612448
v 2.331025 -10.883802 2.600831
v 2.315621 -10.888244 2.606028
v 2.350816 -10.752539 2.551387
v 2.335212 -10.756682 2.556485
v 2.352499 -10.723188 2.541125
v 2.335212 -10.756682 2.556485
v 2.320311 -10.748588 2.557304
v 2.352499 -10.723188 2.541125
v 2.320311 -10.748588 2.557304
v 2.314850 -10.732858 2.553313
v 2.352499 -10.723188 2.541125
v 2.314850 -10.732858 2.553313
v 2.322021 -10.718846 2.546899
v 2.337611 -10.714900 2.541871
v 2.352499 -10.723188 2.541125
v 2.360409 -10.584826 2.492764
v 2.344913 -10.587859 2.497437
v 2.367988 -10.571669 2.486317
v 2.344913 -10.587859 2.497437
v 2.330120 -10.578654 2.497828
v 2.367988 -10.571669 2.486317
v 2.330120 -10.578654 2.497828
v 2.325194 -10.562644 2.493356
v 2.333390 -10.549499 2.486461
v 2.333390 -10.549499 2.486461
v 2.349867 -10.547085 2.481261
v 2.330120 -10.578654 2.497828
v 2.349867 -10.547085 2.481261
v 2.363616 -10.556111 2.481580
v 2.330120 -10.578654 2.497828
v 2.394409 -10.427232 2.419355
v 2.378189 -10.428353 2.423976
v 2.400928 -10.399888 2.406163
v 2.364698 -10.418036 2.423079
v 2.364698 -10.418036 2.423079
v 2.361888 -10.402136 2.417096
v 2.361888 -10.402136 2.417096
v 2.371356 -10.390157 2.409626
v 2.387507 -10.389303 2.405134
v 2.400928 -10.399888 2.406163
v 2.361888 -10.402136 2.417096
v 2.387507 -10.389303 2.405134
v 2.442095 -10.275205 2.340347
v 2.425460 -10.275029 2.344701
v 2.411906 -10.248666 2.336398
v 2.425460 -10.275029 2.344701
v 2.412947 -10.264063 2.343080
v 2.411906 -10.248666 2.336398
v 2.422927 -10.237922 2.328606
v 2.442095 -10.275205 2.340347
v 2.422927 -10.237922 2.328606
v 2.439533 -10.238184 2.324302
v 2.442095 -10.275205 2.340347
v 2.452017 -10.249237 2.325974
v 2.498149 -10.127619 2.256520
v 2.481944 -10.126643 2.261298
v 2.508437 -10.117935 2.247179
v 2.481944 -10.126643 2.261298
v 2.469319 -10.115569 2.258708
v 2.467673 -10.100873 2.250259
v 2.506785 -10.103254 2.238739
v 2.467673 -10.100873 2.250259
v 2.477966 -10.091175 2.240907
v 2.494165 -10.092166 2.236140
v 2.467673 -10.100873 2.250259
v 2.494165 -10.092166 2.236140
v 2.547496 -9.988400 2.154913
v 2.531322 -9.987339 2.159636
v 2.557770 -9.978751 2.145596
v 2.531322 -9.987339 2.159636
v 2.518727 -9.976182 2.156988
v 2.557770 -9.978751 2.145596
v 2.518727 -9.976182 2.156988
v 2.517093 -9.961453 2.148515
v 2.556147 -9.964042 2.137135
v 2.517093 -9.961453 2.148515
v 2.527390 -9.951796 2.139189
v 2.543587 -9.952881 2.134480
v 2.556147 -9.964042 2.137135
v 2.517093 -9.961453 2.148515
v 2.543587 -9.952881 2.134480
v 2.600385 -9.850588 2.053918
v 2.584082 -9.849337 2.058522
v 2.570524 -9.823496 2.047364
v 2.571711 -9.838122 2.055812
v 2.570524 -9.823496 2.047364
v 2.581211 -9.814045 2.038141
v 2.600385 -9.850588 2.053918
v 2.581211 -9.814045 2.038141
v 2.597504 -9.815321 2.033556
v 2.600385 -9.850588 2.053918
v 2.597504 -9.815321 2.033556
v 2.609866 -9.826560 2.036283
v 2.611062 -9.841161 2.044713
v 2.655051 -9.712897 1.953767
v 2.638714 -9.711619 1.958231
v 2.636209 -9.676057 1.938355
v 2.638714 -9.711619 1.958231
v 2.626431 -9.700294 1.955562
v 2.625390 -9.685570 1.947333
v 2.652554 -9.677313 1.933875
v 2.665878 -9.703362 1.944773
v 2.652554 -9.677313 1.933875
v 2.664847 -9.688615 1.936530
v 2.665878 -9.703362 1.944773
v 2.710970 -9.574144 1.855269
v 2.694628 -9.573003 1.859821
v 2.681094 -9.547064 1.849034
v 2.682255 -9.561784 1.857237
v 2.681094 -9.547064 1.849034
v 2.691470 -9.537301 1.839988
v 2.707647 -9.538403 1.835446
v 2.710970 -9.574144 1.855269
v 2.681094 -9.547064 1.849034
v 2.720171 -9.549697 1.838046
v 2.720171 -9.549697 1.838046
v 2.761661 -9.433915 1.756902
v 2.745568 -9.432602 1.761295
v 2.771967 -9.424300 1.747962
v 2.745568 -9.432602 1.761295
v 2.733127 -9.421096 1.758544
v 2.771967 -9.424300 1.747962
v 2.733127 -9.421096 1.758544
v 2.731640 -9.406109 1.750240
v 2.758603 -9.398012 1.736946
v 2.731640 -9.406109 1.750240
v 2.742159 -9.396502 1.741271
v 2.758603 -9.398012 1.736946
v 2.758603 -9.398012 1.736946
v 2.770644 -9.409438 1.739712
v 2.733127 -9.421096 1.758544
v 2.822810 -9.298570 1.659833
v 2.806521 -9.295880 1.663472
v 2.834521 -9.290277 1.651253
v 2.806521 -9.295880 1.663472
v 2.795269 -9.283648 1.659934
v 2.808283 -9.260988 1.642288
v 2.795269 -9.283648 1.659934
v 2.795718 -9.268905 1.651191
v 2.808283 -9.260988 1.642288
v 2.808283 -9.260988 1.642288
v 2.824802 -9.264088 1.638701
v 2.834521 -9.290277 1.651253
v 2.824802 -9.264088 1.638701
v 2.835634 -9.276257 1.642452
v 2.834521 -9.290277 1.651253
v 2.899928 -9.173747 1.559500
v 2.883847 -9.169937 1.562517
v 2.912207 -9.166360 1.550997
v 2.883847 -9.169937 1.562517
v 2.873454 -9.157056 1.558195
v 2.913561 -9.151997 1.541904
v 2.873454 -9.157056 1.558195
v 2.874907 -9.142549 1.548980
v 2.913561 -9.151997 1.541904
v 2.887285 -9.135015 1.540355
v 2.903267 -9.138971 1.537460
v 2.913561 -9.151997 1.541904
v 2.874907 -9.142549 1.548980
v 2.903267 -9.138971 1.537460
v 2.987133 -9.057608 1.457565
v 2.971103 -9.052479 1.459948
v 2.964976 -9.025607 1.445098
v 2.971103 -9.052479 1.459948
v 2.961890 -9.039265 1.454821
v 2.964976 -9.025607 1.445098
v 2.964976 -9.025607 1.445098
v 2.978469 -9.019606 1.436564
v 2.994381 -9.024874 1.434308
v 2.987133 -9.057608 1.457565
v 2.964976 -9.025607 1.445098
v 3.003475 -9.038229 1.439563
v 2.994381 -9.024874 1.434308
v 3.003475 -9.038229 1.439563
v 2.964976 -9.025607 1.445098
v 3.068633 -8.943394 1.357219
v 3.068633 -8.943394 1.357219
v 3.060411 -8.930050 1.351754
v 3.064876 -8.917226 1.342277
v 3.064876 -8.917226 1.342277
v 3.095597 -8.918388 1.332501
v 3.095597 -8.918388 1.332501
v 3.103857 -8.931693 1.337928
v 3.099355 -8.944555 1.347442
v 3.193560 -8.847891 1.255263
v 3.177538 -8.842330 1.257332
v 3.209887 -8.828154 1.237076
v 3.177538 -8.842330 1.257332
v 3.168786 -8.829000 1.252020
v 3.172393 -8.815753 1.242477
v 3.172393 -8.815753 1.242477
v 3.184980 -8.809414 1.233975
v 3.200505 -8.814503 1.231706
v 3.200505 -8.814503 1.231706
v 3.209887 -8.828154 1.237076
v 3.172393 -8.815753 1.242477
v 3.209887 -8.828154 1.237076
v 3.207504 -8.842385 1.246984
v 3.193560 -8.847891 1.255263
v 3.280154 -8.730264 1.149705
v 3.264266 -8.725616 1.152405
v 3.292928 -8.723559 1.140880
v 3.264266 -8.725616 1.152405
v 3.254518 -8.712405 1.147465
v 3.256569 -8.698437 1.137846
v 3.285232 -8.696382 1.126321
v 3.256569 -8.698437 1.137846
v 3.269270 -8.691827 1.129115
v 3.285232 -8.696382 1.126321
v 3.295053 -8.709497 1.131166
v 3.361337 -8.619482 1.034392
v 3.345549 -8.614507 1.038018
v 3.335366 -8.602064 1.032598
v 3.335366 -8.602064 1.032598
v 3.336761 -8.589433 1.021294
v 3.374856 -8.601476 1.012572
v 3.348909 -8.584023 1.010741
v 3.364685 -8.589017 1.007133
v 3.374856 -8.601476 1.012572
v 3.336761 -8.589433 1.021294
v 3.364685 -8.589017 1.007133
v 3.374856 -8.601476 1.012572
v 3.373473 -8.614090 1.023858
v 3.335366 -8.602064 1.032598
v 3.438585 -8.516589 0.909702
v 3.422868 -8.511518 0.913222
v 3.450692 -8.511235 0.899211
v 3.422868 -8.511518 0.913222
v 3.414180 -8.486315 0.896346
v 3.414180 -8.486315 0.896346
v 3.426299 -8.480946 0.885835
v 3.442003 -8.486032 0.882334
v 3.452104 -8.498583 0.887880
v 3.414180 -8.486315 0.896346
v 3.442003 -8.486032 0.882334
v 3.518619 -8.415344 0.785426
v 3.502632 -8.410397 0.788550
v 3.494241 -8.385979 0.771096
v 3.502632 -8.410397 0.788550
v 3.492545 -8.398211 0.782642
v 3.494241 -8.385979 0.771096
v 3.506753 -8.380812 0.760743
v 3.522780 -8.385683 0.757714
v 3.522780 -8.385683 0.757714
v 3.532906 -8.397793 0.763717
v 3.531172 -8.410101 0.775167
v 3.600245 -8.315042 0.661362
v 3.584040 -8.310543 0.663950
v 3.575343 -8.286765 0.645737
v 3.584040 -8.310543 0.663950
v 3.573736 -8.298807 0.657505
v 3.575343 -8.286765 0.645737
v 3.575343 -8.286765 0.645737
v 3.587929 -8.281436 0.635582
v 3.600245 -8.315042 0.661362
v 3.587929 -8.281436 0.635582
v 3.604126 -8.285907 0.633020
v 3.612884 -8.309608 0.651322
v 3.604126 -8.285907 0.633020
v 3.614509 -8.297509 0.639618
v 3.612884 -8.309608 0.651322
v 3.675459 -8.222770 0.527352
v 3.659570 -8.217832 0.530639
v 3.648963 -8.206408 0.523975
v 3.648963 -8.206408 0.523975
v 3.649863 -8.195155 0.511331
v 3.675459 -8.222770 0.527352
v 3.649863 -8.195155 0.511331
v 3.661732 -8.190701 0.500048
v 3.675459 -8.222770 0.527352
v 3.661732 -8.190701 0.500048
v 3.677604 -8.195684 0.496669
v 3.687310 -8.218361 0.515976
v 3.677604 -8.195684 0.496669
v 3.688193 -8.207157 0.503240
v 3.687310 -8.218361 0.515976
v 3.748209 -8.133563 0.389566
v 3.732433 -8.128357 0.393378
v 3.722888 -8.105302 0.374808
v 3.732433 -8.128357 0.393378
v 3.721938 -8.116664 0.387238
v 3.722888 -8.105302 0.374808
v 3.722888 -8.105302 0.374808
v 3.734710 -8.100961 0.363306
v 3.748209 -8.133563 0.389566
v 3.750464 -8.106214 0.359404
v 3.750464 -8.106214 0.359404
v 3.760936 -8.117954 0.365453
v 3.760009 -8.129268 0.377973
v 3.818135 -8.045192 0.249972
v 3.802893 -8.039663 0.254531
v 3.828840 -8.041270 0.237510
v 3.792029 -8.027940 0.248546
v 3.792029 -8.027940 0.248546
v 3.791893 -8.016909 0.235552
v 3.817840 -8.018516 0.218532
v 3.791893 -8.016909 0.235552
v 3.802579 -8.013013 0.223132
v 3.817840 -8.018516 0.218532
v 3.817840 -8.018516 0.218532
v 3.828723 -8.030213 0.224476
v 3.792029 -8.027940 0.248546
v 3.863284 -7.954220 0.109074
v 3.852316 -7.942640 0.103323
v 3.852138 -7.931667 0.090426
v 3.862867 -7.927712 0.077909
v 3.878230 -7.933073 0.073075
v 3.889376 -7.955625 0.091722
v 3.878230 -7.933073 0.073075
v 3.889216 -7.944628 0.078784
v 3.889376 -7.955625 0.091722
v 3.889376 -7.955625 0.091722
v 3.878629 -7.959606 0.104281
v 3.862867 -7.927712 0.077909
v 3.939113 -7.874022 -0.041415
v 3.923670 -7.868777 -0.036385
v 3.912387 -7.846426 -0.054697
v 3.912605 -7.857339 -0.041898
v 3.912387 -7.846426 -0.054697
v 3.922689 -7.842276 -0.067417
v 3.937938 -7.847426 -0.072546
v 3.939113 -7.874022 -0.041415
v 3.912387 -7.846426 -0.054697
v 3.949235 -7.858899 -0.067031
v 3.937938 -7.847426 -0.072546
v 3.949235 -7.858899 -0.067031
v 3.912387 -7.846426 -0.054697
v 3.993090 -7.786407 -0.188782
v 3.977793 -7.781444 -0.183343
v 3.965405 -7.759103 -0.201375
v 3.977793 -7.781444 -0.183343
v 3.966332 -7.770124 -0.188577
v 3.965405 -7.759103 -0.201375
v 3.965405 -7.759103 -0.201375
v 3.975571 -7.754813 -0.214283
v 3.993090 -7.786407 -0.188782
v 3.975571 -7.754813 -0.214283
v 3.990889 -7.759741 -0.219786
v 4.003277 -7.782080 -0.201754
v 3.990889 -7.759741 -0.219786
v 4.002372 -7.771024 -0.214615
v 4.003277 -7.782080 -0.201754
v 4.039604 -7.703215 -0.341140
v 4.024573 -7.698201 -0.334985
v 4.010642 -7.677187 -0.353366
v 4.012583 -7.687407 -0.340075
v 4.019902 -7.673496 -0.367134
v 4.034955 -7.678465 -0.373372
v 4.048887 -7.699480 -0.354991
v 4.034955 -7.678465 -0.373372
v 4.046968 -7.689214 -0.368367
v 4.048887 -7.699480 -0.354991
v 4.079917 -7.622885 -0.496864
v 4.065290 -7.618209 -0.490217
v 4.087994 -7.618822 -0.510985
v 4.065290 -7.618209 -0.490217
v 4.052678 -7.607542 -0.494921
v 4.087994 -7.618822 -0.510985
v 4.049464 -7.597139 -0.508206
v 4.084785 -7.608408 -0.524291
v 4.049464 -7.597139 -0.508206
v 4.057536 -7.593088 -0.522303
v 4.072167 -7.597753 -0.528973
v 4.084785 -7.608408 -0.524291
v 4.049464 -7.597139 -0.508206
v 4.072167 -7.597753 -0.528973
v 4.107728 -7.540168 -0.653587
v 4.093075 -7.535558 -0.646809
v 4.115815 -7.536078 -0.667763
v 4.080434 -7.524957 -0.651382
v 4.080434 -7.524957 -0.651382
v 4.077209 -7.514583 -0.664612
v 4.112595 -7.525693 -0.681015
v 4.077209 -7.514583 -0.664612
v 4.085292 -7.510505 -0.678764
v 4.099950 -7.515103 -0.685565
v 4.077209 -7.514583 -0.664612
v 4.099950 -7.515103 -0.685565
v 4.135595 -7.460060 -0.811501
v 4.120911 -7.455025 -0.804404
v 4.105068 -7.435718 -0.822859
v 4.120911 -7.455025 -0.804404
v 4.108266 -7.444943 -0.809106
v 4.105068 -7.435718 -0.822859
v 4.113190 -7.432758 -0.837600
v 4.127872 -7.437799 -0.844687
v 4.140515 -7.447885 -0.839976
v 4.149037 -7.385423 -0.967175
v 4.133206 -7.366082 -0.985709
v 4.136401 -7.375316 -0.971932
v 4.133206 -7.366082 -0.985709
v 4.141324 -7.363133 -1.000428
v 4.163712 -7.390485 -0.974216
v 4.155997 -7.368199 -1.007458
v 4.155997 -7.368199 -1.007458
v 4.168632 -7.378309 -1.002692
v 4.171827 -7.387540 -0.988925
v 4.189068 -7.321879 -1.137971
v 4.174630 -7.316752 -1.130785
v 4.174630 -7.316752 -1.130785
v 4.161740 -7.306760 -1.135562
v 4.196600 -7.319125 -1.152937
v 4.157945 -7.297768 -1.149472
v 4.165472 -7.295031 -1.164399
v 4.179914 -7.300141 -1.171625
v 4.192811 -7.310116 -1.166890
v 4.157945 -7.297768 -1.149472
v 4.179914 -7.300141 -1.171625
v 4.210442 -7.254674 -1.303225
v 4.195978 -7.249638 -1.295803
v 4.179254 -7.230783 -1.314156
v 4.195978 -7.249638 -1.295803
v 4.183060 -7.239737 -1.300344
v 4.179254 -7.230783 -1.314156
v 4.186790 -7.228008 -1.329181
v 4.201258 -7.233029 -1.336645
v 4.214180 -7.242915 -1.332146
v 4.221457 -7.197800 -1.472752
v 4.207551 -7.192228 -1.465015
v 4.207551 -7.192228 -1.465015
v 4.194062 -7.182915 -1.469726
v 4.227632 -7.196367 -1.488401
v 4.188890 -7.175315 -1.484125
v 4.188890 -7.175315 -1.484125
v 4.195066 -7.173882 -1.499777
v 4.208972 -7.179454 -1.507512
v 4.222461 -7.188768 -1.502799
v 4.227190 -7.146198 -1.644457
v 4.213286 -7.140623 -1.636732
v 4.233365 -7.144769 -1.660102
v 4.213286 -7.140623 -1.636732
v 4.199797 -7.131306 -1.641456
v 4.233365 -7.144769 -1.660102
v 4.199797 -7.131306 -1.641456
v 4.194625 -7.123706 -1.655862
v 4.228206 -7.137257 -1.674530
v 4.194625 -7.123706 -1.655862
v 4.200813 -7.122363 -1.671534
v 4.214724 -7.127982 -1.679268
v 4.228206 -7.137257 -1.674530
v 4.194625 -7.123706 -1.655862
v 4.214724 -7.127982 -1.679268
v 4.220159 -7.096266 -1.810506
v 4.201686 -7.080548 -1.829988
v 4.220159 -7.096266 -1.810506
v 4.206725 -7.087299 -1.815338
v 4.201686 -7.080548 -1.829988
v 4.201686 -7.080548 -1.829988
v 4.207994 -7.079969 -1.845873
v 4.234117 -7.102196 -1.818321
v 4.207994 -7.079969 -1.845873
v 4.221952 -7.085899 -1.853686
v 4.240425 -7.101616 -1.834204
v 4.221952 -7.085899 -1.853686
v 4.235386 -7.094866 -1.848853
v 4.240425 -7.101616 -1.834204
v 4.240399 -7.061483 -1.992970
v 4.227141 -7.054705 -1.985029
v 4.244878 -7.063108 -2.009197
v 4.227141 -7.054705 -1.985029
v 4.213006 -7.046586 -1.989982
v 4.244878 -7.063108 -2.009197
v 4.213006 -7.046586 -1.989982
v 4.206141 -7.042048 -2.004930
v 4.238011 -7.058564 -2.024179
v 4.206141 -7.042048 -2.004930
v 4.210620 -7.043677 -2.021127
v 4.223821 -7.050518 -2.029109
v 4.238011 -7.058564 -2.024179
v 4.226745 -7.044818 -2.171304
v 4.213551 -7.037998 -2.163169
v 4.231219 -7.046434 -2.187608
v 4.213551 -7.037998 -2.163169
v 4.199366 -7.029974 -2.167952
v 4.231219 -7.046434 -2.187608
v 4.199366 -7.029974 -2.167952
v 4.192502 -7.025447 -2.182822
v 4.224353 -7.041903 -2.202513
v 4.192502 -7.025447 -2.182822
v 4.196978 -7.027067 -2.199096
v 4.224353 -7.041903 -2.202513
v 4.196978 -7.027067 -2.199096
v 4.210171 -7.033882 -2.207262
v 4.224353 -7.041903 -2.202513
v 4.199640 -7.021123 -2.341289
v 4.185425 -7.013074 -2.345838
v 4.185425 -7.013074 -2.345838
v 4.178457 -7.008446 -2.360576
v 4.212770 -7.027871 -2.349643
v 4.178457 -7.008446 -2.360576
v 4.182813 -7.009944 -2.376920
v 4.212770 -7.027871 -2.349643
v 4.195937 -7.016687 -2.385338
v 4.195937 -7.016687 -2.385338
v 4.210145 -7.024730 -2.380853
v 4.217120 -7.029364 -2.366047
v 4.197758 -7.009932 -2.527987
v 4.184670 -7.003209 -2.519266
v 4.163546 -6.990570 -2.538035
v 4.184670 -7.003209 -2.519266
v 4.170496 -6.995187 -2.523448
v 4.163546 -6.990570 -2.538035
v 4.167883 -6.992056 -2.554529
v 4.167883 -6.992056 -2.554529
v 4.180961 -6.998777 -2.563314
v 4.202086 -7.011417 -2.544546
v 4.180961 -6.998777 -2.563314
v 4.195126 -7.006795 -2.559197
v 4.170934 -7.002274 -2.704688
v 4.158924 -6.994670 -2.695776
v 4.172768 -7.005908 -2.721037
v 4.158924 -6.994670 -2.695776
v 4.143779 -6.987553 -2.699487
v 4.172768 -7.005908 -2.721037
v 4.143779 -6.987553 -2.699487
v 4.134377 -6.985089 -2.713612
v 4.163357 -7.003444 -2.735210
v 4.136220 -6.988723 -2.729911
v 4.148221 -6.996326 -2.738872
v 4.127623 -7.008977 -2.879094
v 4.115671 -7.001371 -2.869902
v 4.129429 -7.012615 -2.895556
v 4.115671 -7.001371 -2.869902
v 4.100583 -6.994250 -2.873334
v 4.129429 -7.012615 -2.895556
v 4.100583 -6.994250 -2.873334
v 4.091205 -6.991786 -2.887342
v 4.120040 -7.010153 -2.909614
v 4.091205 -6.991786 -2.887342
v 4.093023 -6.995423 -2.903757
v 4.104963 -7.003032 -2.912996
v 4.120040 -7.010153 -2.909614
v 4.091205 -6.991786 -2.887342
v 4.104963 -7.003032 -2.912996
v 4.083930 -7.018085 -3.053069
v 4.072028 -7.010316 -3.043795
v 4.056936 -7.003352 -3.047112
v 4.056936 -7.003352 -3.047112
v 4.047493 -7.001276 -3.061079
v 4.083930 -7.018085 -3.053069
v 4.049232 -7.005303 -3.077512
v 4.085671 -7.022110 -3.069491
v 4.061135 -7.013073 -3.086775
v 4.076230 -7.020034 -3.083451
v 4.039926 -7.029232 -3.226679
v 4.028011 -7.021466 -3.217459
v 4.012904 -7.014511 -3.220828
v 4.003453 -7.012440 -3.234817
v 4.041673 -7.033257 -3.243079
v 4.003453 -7.012440 -3.234817
v 4.005197 -7.016466 -3.251228
v 4.032225 -7.031185 -3.257061
v 4.005197 -7.016466 -3.251228
v 4.017115 -7.024230 -3.260438
v 4.032225 -7.031185 -3.257061
v 4.032225 -7.031185 -3.257061
v 4.041673 -7.033257 -3.243079
v 4.003453 -7.012440 -3.234817
v 3.976056 -7.050617 -3.385782
v 3.949801 -7.045435 -3.402011
v 3.960449 -7.044789 -3.388830
v 3.950349 -7.052177 -3.417607
v 3.961771 -7.061067 -3.426482
v 3.988026 -7.066249 -3.410254
v 3.961771 -7.061067 -3.426482
v 3.977378 -7.066896 -3.423437
v 3.988026 -7.066249 -3.410254
v 3.929755 -7.101733 -3.559114
v 3.918336 -7.092841 -3.550228
v 3.892086 -7.087656 -3.566439
v 3.918336 -7.092841 -3.550228
v 3.902733 -7.087011 -3.553263
v 3.892086 -7.087656 -3.566439
v 3.904050 -7.103293 -3.590926
v 3.904050 -7.103293 -3.590926
v 3.919653 -7.109123 -3.587893
v 3.930300 -7.108477 -3.574715
v 3.872026 -7.143971 -3.723567
v 3.860611 -7.135076 -3.714670
v 3.834366 -7.129888 -3.730863
v 3.845012 -7.129243 -3.717693
v 3.834366 -7.129888 -3.730863
v 3.834813 -7.136646 -3.746439
v 3.861833 -7.151370 -3.752296
v 3.872026 -7.143971 -3.723567
v 3.834366 -7.129888 -3.730863
v 3.861833 -7.151370 -3.752296
v 3.834813 -7.136646 -3.746439
v 3.846184 -7.145543 -3.755307
v 3.861833 -7.151370 -3.752296
v 3.812599 -7.186343 -3.887084
v 3.801196 -7.177489 -3.878398
v 3.812997 -7.193080 -3.902510
v 3.801196 -7.177489 -3.878398
v 3.785456 -7.171714 -3.881570
v 3.774591 -7.172407 -3.894766
v 3.802146 -7.193762 -3.915669
v 3.774591 -7.172407 -3.894766
v 3.774975 -7.179156 -3.910231
v 3.786393 -7.187997 -3.918878
v 3.774591 -7.172407 -3.894766
v 3.786393 -7.187997 -3.918878
v 3.752865 -7.228740 -4.050431
v 3.741384 -7.219953 -4.041959
v 3.753295 -7.235448 -4.065769
v 3.741384 -7.219953 -4.041959
v 3.725568 -7.214244 -4.045343
v 3.714672 -7.214965 -4.058626
v 3.742412 -7.236159 -4.079017
v 3.714672 -7.214965 -4.058626
v 3.715087 -7.221688 -4.074003
v 3.726582 -7.230463 -4.082438
v 3.742412 -7.236159 -4.079017
v 3.714672 -7.214965 -4.058626
v 3.726582 -7.230463 -4.082438
v 3.694138 -7.279059 -4.211260
v 3.682445 -7.269247 -4.203338
v 3.656106 -7.268097 -4.219094
v 3.682445 -7.269247 -4.203338
v 3.666694 -7.264704 -4.206575
v 3.656106 -7.268097 -4.219094
v 3.656890 -7.277432 -4.233541
v 3.656890 -7.277432 -4.233541
v 3.668596 -7.287232 -4.241431
v 3.694934 -7.288381 -4.225676
v 3.668596 -7.287232 -4.241431
v 3.684357 -7.291763 -4.238164
v 3.694934 -7.288381 -4.225676
v 3.638245 -7.351661 -4.365005
v 3.626488 -7.341917 -4.357257
v 3.600060 -7.340864 -4.373259
v 3.626488 -7.341917 -4.357257
v 3.610674 -7.337442 -4.360668
v 3.600060 -7.340864 -4.373259
v 3.600870 -7.350172 -4.387634
v 3.600870 -7.350172 -4.387634
v 3.612639 -7.359903 -4.395351
v 3.639067 -7.360957 -4.379349
v 3.612639 -7.359903 -4.395351
v 3.628463 -7.364367 -4.391911
v 3.639067 -7.360957 -4.379349
v 3.582352 -7.424265 -4.518749
v 3.570532 -7.414593 -4.511174
v 3.544015 -7.413642 -4.527421
v 3.570532 -7.414593 -4.511174
v 3.554655 -7.410189 -4.514758
v 3.544015 -7.413642 -4.527421
v 3.544851 -7.422921 -4.541724
v 3.556683 -7.432579 -4.549268
v 3.556683 -7.432579 -4.549268
v 3.572570 -7.436970 -4.545655
v 3.583200 -7.433530 -4.533022
v 3.514576 -7.487272 -4.665092
v 3.487971 -7.486432 -4.681578
v 3.514576 -7.487272 -4.665092
v 3.498637 -7.482945 -4.668845
v 3.487971 -7.486432 -4.681578
v 3.487971 -7.486432 -4.681578
v 3.488834 -7.495678 -4.695810
v 3.526458 -7.496868 -4.672494
v 3.488834 -7.495678 -4.695810
v 3.500728 -7.505260 -4.703183
v 3.516677 -7.509573 -4.699400
v 3.516677 -7.509573 -4.699400
v 3.527332 -7.506102 -4.686697
v 3.488834 -7.495678 -4.695810
v -2.189172 -13.507209 2.592973
v -2.203842 -13.512904 2.586625
v -2.219813 -13.507213 2.586469
v -2.219813 -13.507213 2.586469
v -2.227728 -13.493473 2.592594
v -2.189172 -13.507209 2.592973
v -2.227728 -13.493473 2.592594
v -2.222952 -13.479728 2.601414
v -2.184396 -13.493458 2.601797
v -2.189172 -13.507209 2.592973
v -2.227728 -13.493473 2.592594
v -2.222952 -13.479728 2.601414
v -2.208282 -13.474026 2.607765
v -2.192312 -13.479711 2.607925
v -2.206655 -13.348631 2.675270
v -2.221418 -13.354659 2.669559
v -2.201649 -13.334139 2.682524
v -2.221418 -13.354659 2.669559
v -2.237289 -13.348696 2.668735
v -2.201649 -13.334139 2.682524
v -2.244972 -13.334232 2.673281
v -2.209332 -13.319674 2.687070
v -2.244972 -13.334232 2.673281
v -2.239966 -13.319743 2.680534
v -2.225204 -13.313711 2.686246
v -2.225204 -13.313711 2.686246
v -2.221951 -13.183168 2.742694
v -2.236714 -13.189207 2.736979
v -2.252584 -13.183253 2.736151
v -2.252584 -13.183253 2.736151
v -2.260266 -13.168798 2.740710
v -2.216945 -13.168677 2.749965
v -2.260266 -13.168798 2.740710
v -2.255251 -13.154371 2.748208
v -2.216945 -13.168677 2.749965
v -2.240485 -13.148362 2.754023
v -2.224618 -13.154286 2.754751
v -2.224618 -13.154286 2.754751
v -2.216945 -13.168677 2.749965
v -2.255251 -13.154371 2.748208
v -2.237126 -13.018595 2.813093
v -2.251894 -13.024582 2.807264
v -2.267761 -13.018644 2.806562
v -2.275432 -13.004259 2.811400
v -2.270414 -12.989853 2.818942
v -2.232107 -13.004193 2.820634
v -2.237126 -13.018595 2.813093
v -2.275432 -13.004259 2.811400
v -2.232107 -13.004193 2.820634
v -2.270414 -12.989853 2.818942
v -2.255645 -12.983869 2.824769
v -2.239778 -12.989811 2.825470
v -2.248183 -12.847933 2.864279
v -2.263257 -12.854396 2.859909
v -2.278817 -12.848013 2.857742
v -2.278817 -12.848013 2.857742
v -2.285746 -12.832532 2.859044
v -2.248183 -12.847933 2.864279
v -2.279987 -12.817016 2.863054
v -2.242424 -12.832406 2.868292
v -2.248183 -12.847933 2.864279
v -2.285746 -12.832532 2.859044
v -2.279987 -12.817016 2.863054
v -2.264913 -12.810544 2.867425
v -2.249354 -12.816917 2.869596
v -2.254919 -12.670594 2.893853
v -2.269978 -12.677139 2.889686
v -2.285547 -12.670794 2.887292
v -2.292506 -12.655285 2.888072
v -2.249192 -12.654979 2.897353
v -2.292506 -12.655285 2.888072
v -2.286779 -12.639686 2.891569
v -2.256152 -12.639451 2.898134
v -2.286779 -12.639686 2.891569
v -2.271720 -12.633122 2.895737
v -2.256152 -12.639451 2.898134
v -2.261961 -12.492639 2.918292
v -2.277017 -12.499286 2.914117
v -2.292583 -12.493040 2.911711
v -2.292583 -12.493040 2.911711
v -2.299540 -12.477573 2.912482
v -2.261961 -12.492639 2.918292
v -2.299540 -12.477573 2.912482
v -2.293813 -12.461932 2.915974
v -2.261961 -12.492639 2.918292
v -2.293813 -12.461932 2.915974
v -2.278757 -12.455268 2.920148
v -2.263192 -12.461495 2.922558
v -2.256235 -12.476980 2.921791
v -2.280403 -12.320148 2.915896
v -2.295789 -12.313981 2.912389
v -2.295789 -12.313981 2.912389
v -2.302318 -12.298427 2.910510
v -2.265174 -12.313301 2.918978
v -2.296165 -12.282581 2.911359
v -2.280936 -12.275705 2.914440
v -2.265551 -12.281849 2.917947
v -2.268008 -12.133772 2.909907
v -2.283178 -12.140777 2.907095
v -2.298617 -12.134800 2.903336
v -2.298617 -12.134800 2.903336
v -2.305278 -12.119368 2.900834
v -2.261991 -12.117863 2.910123
v -2.305278 -12.119368 2.900834
v -2.299262 -12.103494 2.901052
v -2.268653 -12.102395 2.907617
v -2.261991 -12.117863 2.910123
v -2.305278 -12.119368 2.900834
v -2.268653 -12.102395 2.907617
v -2.299262 -12.103494 2.901052
v -2.284091 -12.096454 2.903860
v -2.268653 -12.102395 2.907617
v -2.271464 -11.954872 2.894226
v -2.286705 -11.961966 2.892244
v -2.265246 -11.939210 2.892194
v -2.286705 -11.961966 2.892244
v -2.302067 -11.956323 2.887706
v -2.265246 -11.939210 2.892194
v -2.302067 -11.956323 2.887706
v -2.308524 -11.941329 2.882983
v -2.271697 -11.924178 2.887390
v -2.308524 -11.941329 2.882983
v -2.302299 -11.925725 2.880885
v -2.287045 -11.918608 2.882708
v -2.271697 -11.924178 2.887390
v -2.308524 -11.941329 2.882983
v -2.287045 -11.918608 2.882708
v -2.288015 -11.786879 2.853025
v -2.309806 -11.766664 2.843609
v -2.288015 -11.786879 2.853025
v -2.303358 -11.781532 2.848384
v -2.309806 -11.766664 2.843609
v -2.303583 -11.750947 2.841489
v -2.288334 -11.743557 2.843259
v -2.266542 -11.763773 2.852675
v -2.288334 -11.743557 2.843259
v -2.272992 -11.748856 2.847890
v -2.266542 -11.763773 2.852675
v -2.278028 -11.604646 2.815294
v -2.293076 -11.612291 2.813585
v -2.309756 -11.576832 2.802132
v -2.308603 -11.607293 2.809019
v -2.315511 -11.592624 2.804279
v -2.294710 -11.569127 2.803827
v -2.272276 -11.588794 2.813133
v -2.294710 -11.569127 2.803827
v -2.279186 -11.574063 2.808380
v -2.272276 -11.588794 2.813133
v -2.286897 -11.429932 2.775642
v -2.301719 -11.437882 2.774018
v -2.281659 -11.413965 2.773421
v -2.301719 -11.437882 2.774018
v -2.324851 -11.418630 2.764760
v -2.324851 -11.418630 2.764760
v -2.319610 -11.402705 2.762549
v -2.304791 -11.394713 2.764162
v -2.289071 -11.399364 2.768663
v -2.324851 -11.418630 2.764760
v -2.304791 -11.394713 2.764162
v -2.299219 -11.255511 2.734955
v -2.314060 -11.263615 2.733644
v -2.293791 -11.239908 2.731221
v -2.314060 -11.263615 2.733644
v -2.329735 -11.259217 2.728939
v -2.300972 -11.225908 2.724751
v -2.329735 -11.259217 2.728939
v -2.336949 -11.245131 2.722709
v -2.300972 -11.225908 2.724751
v -2.336949 -11.245131 2.722709
v -2.331491 -11.229580 2.718725
v -2.316588 -11.221623 2.719573
v -2.300972 -11.225908 2.724751
v -2.336949 -11.245131 2.722709
v -2.316588 -11.221623 2.719573
v -2.309087 -11.086700 2.675498
v -2.323995 -11.094553 2.674618
v -2.339616 -11.090165 2.669407
v -2.346801 -11.076091 2.662912
v -2.310807 -11.057171 2.665049
v -2.346801 -11.076091 2.662912
v -2.341339 -11.060593 2.658943
v -2.326430 -11.052761 2.659831
v -2.346801 -11.076091 2.662912
v -2.326430 -11.052761 2.659831
v -2.330093 -10.925622 2.615403
v -2.352150 -10.907093 2.603786
v -2.330093 -10.925622 2.615403
v -2.345497 -10.921182 2.610207
v -2.352150 -10.907093 2.603786
v -2.346155 -10.891608 2.599902
v -2.315621 -10.888244 2.606028
v -2.320311 -10.748588 2.557304
v -2.335212 -10.756682 2.556485
v -2.352499 -10.723188 2.541125
v -2.335212 -10.756682 2.556485
v -2.350816 -10.752539 2.551387
v -2.352499 -10.723188 2.541125
v -2.350816 -10.752539 2.551387
v -2.357973 -10.738723 2.545045
v -2.352499 -10.723188 2.541125
v -2.352499 -10.723188 2.541125
v -2.337611 -10.714900 2.541871
v -2.314850 -10.732858 2.553313
v -2.322021 -10.718846 2.546899
v -2.330120 -10.578654 2.497828
v -2.344913 -10.587859 2.497437
v -2.367988 -10.571669 2.486317
v -2.344913 -10.587859 2.497437
v -2.360409 -10.584826 2.492764
v -2.367988 -10.571669 2.486317
v -2.367988 -10.571669 2.486317
v -2.363616 -10.556111 2.481580
v -2.330120 -10.578654 2.497828
v -2.363616 -10.556111 2.481580
v -2.349867 -10.547085 2.481261
v -2.330120 -10.578654 2.497828
v -2.349867 -10.547085 2.481261
v -2.333390 -10.549499 2.486461
v -2.330120 -10.578654 2.497828
v -2.364698 -10.418036 2.423079
v -2.378189 -10.428353 2.423976
v -2.400928 -10.399888 2.406163
v -2.378189 -10.428353 2.423976
v -2.394409 -10.427232 2.419355
v -2.400928 -10.399888 2.406163
v -2.394409 -10.427232 2.419355
v -2.403809 -10.415521 2.412014
v -2.400928 -10.399888 2.406163
v -2.387507 -10.389303 2.405134
v -2.361888 -10.402136 2.417096
v -2.387507 -10.389303 2.405134
v -2.371356 -10.390157 2.409626
v -2.361888 -10.402136 2.417096
v -2.412947 -10.264063 2.343080
v -2.425460 -10.275029 2.344701
v -2.411906 -10.248666 2.336398
v -2.425460 -10.275029 2.344701
v -2.442095 -10.275205 2.340347
v -2.411906 -10.248666 2.336398
v -2.442095 -10.275205 2.340347
v -2.453086 -10.264546 2.332604
v -2.422927 -10.237922 2.328606
v -2.453086 -10.264546 2.332604
v -2.452017 -10.249237 2.325974
v -2.439533 -10.238184 2.324302
v -2.422927 -10.237922 2.328606
v -2.453086 -10.264546 2.332604
v -2.439533 -10.238184 2.324302
v -2.469319 -10.115569 2.258708
v -2.481944 -10.126643 2.261298
v -2.508437 -10.117935 2.247179
v -2.481944 -10.126643 2.261298
v -2.498149 -10.127619 2.256520
v -2.508437 -10.117935 2.247179
v -2.506785 -10.103254 2.238739
v -2.494165 -10.092166 2.236140
v -2.467673 -10.100873 2.250259
v -2.494165 -10.092166 2.236140
v -2.477966 -10.091175 2.240907
v -2.467673 -10.100873 2.250259
v -2.518727 -9.976182 2.156988
v -2.531322 -9.987339 2.159636
v -2.557770 -9.978751 2.145596
v -2.531322 -9.987339 2.159636
v -2.547496 -9.988400 2.154913
v -2.557770 -9.978751 2.145596
v -2.557770 -9.978751 2.145596
v -2.556147 -9.964042 2.137135
v -2.518727 -9.976182 2.156988
v -2.556147 -9.964042 2.137135
v -2.543587 -9.952881 2.134480
v -2.517093 -9.961453 2.148515
v -2.543587 -9.952881 2.134480
v -2.527390 -9.951796 2.139189
v -2.517093 -9.961453 2.148515
v -2.571711 -9.838122 2.055812
v -2.584082 -9.849337 2.058522
v -2.584082 -9.849337 2.058522
v -2.600385 -9.850588 2.053918
v -2.570524 -9.823496 2.047364
v -2.600385 -9.850588 2.053918
v -2.611062 -9.841161 2.044713
v -2.597504 -9.815321 2.033556
v -2.611062 -9.841161 2.044713
v -2.609866 -9.826560 2.036283
v -2.597504 -9.815321 2.033556
v -2.597504 -9.815321 2.033556
v -2.581211 -9.814045 2.038141
v -2.626431 -9.700294 1.955562
v -2.638714 -9.711619 1.958231
v -2.655051 -9.712897 1.953767
v -2.636209 -9.676057 1.938355
v -2.655051 -9.712897 1.953767
v -2.665878 -9.703362 1.944773
v -2.665878 -9.703362 1.944773
v -2.664847 -9.688615 1.936530
v -2.652554 -9.677313 1.933875
v -2.665878 -9.703362 1.944773
v -2.652554 -9.677313 1.933875
v -2.682255 -9.561784 1.857237
v -2.694628 -9.573003 1.859821
v -2.681094 -9.547064 1.849034
v -2.710970 -9.574144 1.855269
v -2.710970 -9.574144 1.855269
v -2.721708 -9.564531 1.846244
v -2.720171 -9.549697 1.838046
v -2.720171 -9.549697 1.838046
v -2.707647 -9.538403 1.835446
v -2.681094 -9.547064 1.849034
v -2.707647 -9.538403 1.835446
v -2.691470 -9.537301 1.839988
v -2.681094 -9.547064 1.849034
v -2.733127 -9.421096 1.758544
v -2.745568 -9.432602 1.761295
v -2.771967 -9.424300 1.747962
v -2.745568 -9.432602 1.761295
v -2.761661 -9.433915 1.756902
v -2.771967 -9.424300 1.747962
v -2.771967 -9.424300 1.747962
v -2.770644 -9.409438 1.739712
v -2.733127 -9.421096 1.758544
v -2.770644 -9.409438 1.739712
v -2.758603 -9.398012 1.736946
v -2.733127 -9.421096 1.758544
v -2.758603 -9.398012 1.736946
v -2.742159 -9.396502 1.741271
v -2.731640 -9.406109 1.750240
v -2.795269 -9.283648 1.659934
v -2.806521 -9.295880 1.663472
v -2.808283 -9.260988 1.642288
v -2.806521 -9.295880 1.663472
v -2.822810 -9.298570 1.659833
v -2.834521 -9.290277 1.651253
v -2.808283 -9.260988 1.642288
v -2.806521 -9.295880 1.663472
v -2.834521 -9.290277 1.651253
v -2.834521 -9.290277 1.651253
v -2.835634 -9.276257 1.642452
v -2.824802 -9.264088 1.638701
v -2.808283 -9.260988 1.642288
v -2.834521 -9.290277 1.651253
v -2.824802 -9.264088 1.638701
v -2.873454 -9.157056 1.558195
v -2.883847 -9.169937 1.562517
v -2.913561 -9.151997 1.541904
v -2.883847 -9.169937 1.562517
v -2.899928 -9.173747 1.559500
v -2.912207 -9.166360 1.550997
v -2.913561 -9.151997 1.541904
v -2.913561 -9.151997 1.541904
v -2.903267 -9.138971 1.537460
v -2.874907 -9.142549 1.548980
v -2.903267 -9.138971 1.537460
v -2.887285 -9.135015 1.540355
v -2.961890 -9.039265 1.454821
v -2.971103 -9.052479 1.459948
v -2.964976 -9.025607 1.445098
v -2.987133 -9.057608 1.457565
v -2.987133 -9.057608 1.457565
v -3.000508 -9.051747 1.449158
v -3.003475 -9.038229 1.439563
v -3.003475 -9.038229 1.439563
v -2.994381 -9.024874 1.434308
v -2.964976 -9.025607 1.445098
v -2.994381 -9.024874 1.434308
v -2.978469 -9.019606 1.436564
v -2.964976 -9.025607 1.445098
v -3.060411 -8.930050 1.351754
v -3.068633 -8.943394 1.357219
v -3.064876 -8.917226 1.342277
v -3.084753 -8.949415 1.355445
v -3.099355 -8.944555 1.347442
v -3.099355 -8.944555 1.347442
v -3.103857 -8.931693 1.337928
v -3.095597 -8.918388 1.332501
v -3.095597 -8.918388 1.332501
v -3.168786 -8.829000 1.252020
v -3.177538 -8.842330 1.257332
v -3.172393 -8.815753 1.242477
v -3.177538 -8.842330 1.257332
v -3.193560 -8.847891 1.255263
v -3.209887 -8.828154 1.237076
v -3.193560 -8.847891 1.255263
v -3.207504 -8.842385 1.246984
v -3.209887 -8.828154 1.237076
v -3.209887 -8.828154 1.237076
v -3.200505 -8.814503 1.231706
v -3.172393 -8.815753 1.242477
v -3.200505 -8.814503 1.231706
v -3.184980 -8.809414 1.233975
v -3.172393 -8.815753 1.242477
v -3.254518 -8.712405 1.147465
v -3.264266 -8.725616 1.152405
v -3.292928 -8.723559 1.140880
v -3.264266 -8.725616 1.152405
v -3.280154 -8.730264 1.149705
v -3.292928 -8.723559 1.140880
v -3.295053 -8.709497 1.131166
v -3.295053 -8.709497 1.131166
v -3.285232 -8.696382 1.126321
v -3.269270 -8.691827 1.129115
v -3.256569 -8.698437 1.137846
v -3.335366 -8.602064 1.032598
v -3.345549 -8.614507 1.038018
v -3.361337 -8.619482 1.034392
v -3.361337 -8.619482 1.034392
v -3.373473 -8.614090 1.023858
v -3.335366 -8.602064 1.032598
v -3.374856 -8.601476 1.012572
v -3.374856 -8.601476 1.012572
v -3.364685 -8.589017 1.007133
v -3.336761 -8.589433 1.021294
v -3.364685 -8.589017 1.007133
v -3.348909 -8.584023 1.010741
v -3.336761 -8.589433 1.021294
v -3.412755 -8.498983 0.907695
v -3.422868 -8.511518 0.913222
v -3.450692 -8.511235 0.899211
v -3.422868 -8.511518 0.913222
v -3.438585 -8.516589 0.909702
v -3.450692 -8.511235 0.899211
v -3.450692 -8.511235 0.899211
v -3.452104 -8.498583 0.887880
v -3.442003 -8.486032 0.882334
v -3.414180 -8.486315 0.896346
v -3.442003 -8.486032 0.882334
v -3.426299 -8.480946 0.885835
v -3.414180 -8.486315 0.896346
v -3.492545 -8.398211 0.782642
v -3.502632 -8.410397 0.788550
v -3.494241 -8.385979 0.771096
v -3.502632 -8.410397 0.788550
v -3.518619 -8.415344 0.785426
v -3.494241 -8.385979 0.771096
v -3.518619 -8.415344 0.785426
v -3.531172 -8.410101 0.775167
v -3.506753 -8.380812 0.760743
v -3.531172 -8.410101 0.775167
v -3.532906 -8.397793 0.763717
v -3.522780 -8.385683 0.757714
v -3.522780 -8.385683 0.757714
v -3.573736 -8.298807 0.657505
v -3.584040 -8.310543 0.663950
v -3.575343 -8.286765 0.645737
v -3.584040 -8.310543 0.663950
v -3.600245 -8.315042 0.661362
v -3.575343 -8.286765 0.645737
v -3.600245 -8.315042 0.661362
v -3.612884 -8.309608 0.651322
v -3.587929 -8.281436 0.635582
v -3.612884 -8.309608 0.651322
v -3.614509 -8.297509 0.639618
v -3.604126 -8.285907 0.633020
v -3.587929 -8.281436 0.635582
v -3.612884 -8.309608 0.651322
v -3.604126 -8.285907 0.633020
v -3.648963 -8.206408 0.523975
v -3.659570 -8.217832 0.530639
v -3.675459 -8.222770 0.527352
v -3.675459 -8.222770 0.527352
v -3.687310 -8.218361 0.515976
v -3.661732 -8.190701 0.500048
v -3.687310 -8.218361 0.515976
v -3.688193 -8.207157 0.503240
v -3.677604 -8.195684 0.496669
v -3.661732 -8.190701 0.500048
v -3.687310 -8.218361 0.515976
v -3.677604 -8.195684 0.496669
v -3.661732 -8.190701 0.500048
v -3.649863 -8.195155 0.511331
v -3.675459 -8.222770 0.527352
v -3.721938 -8.116664 0.387238
v -3.732433 -8.128357 0.393378
v -3.722888 -8.105302 0.374808
v -3.732433 -8.128357 0.393378
v -3.748209 -8.133563 0.389566
v -3.722888 -8.105302 0.374808
v -3.748209 -8.133563 0.389566
v -3.760009 -8.129268 0.377973
v -3.734710 -8.100961 0.363306
v -3.760009 -8.129268 0.377973
v -3.760936 -8.117954 0.365453
v -3.750464 -8.106214 0.359404
v -3.750464 -8.106214 0.359404
v -3.792029 -8.027940 0.248546
v -3.802893 -8.039663 0.254531
v -3.828840 -8.041270 0.237510
v -3.802893 -8.039663 0.254531
v -3.818135 -8.045192 0.249972
v -3.828840 -8.041270 0.237510
v -3.828840 -8.041270 0.237510
v -3.828723 -8.030213 0.224476
v -3.792029 -8.027940 0.248546
v -3.828723 -8.030213 0.224476
v -3.817840 -8.018516 0.218532
v -3.792029 -8.027940 0.248546
v -3.817840 -8.018516 0.218532
v -3.802579 -8.013013 0.223132
v -3.791893 -8.016909 0.235552
v -3.863284 -7.954220 0.109074
v -3.878629 -7.959606 0.104281
v -3.889376 -7.955625 0.091722
v -3.862867 -7.927712 0.077909
v -3.889376 -7.955625 0.091722
v -3.889216 -7.944628 0.078784
v -3.878230 -7.933073 0.073075
v -3.889376 -7.955625 0.091722
v -3.878230 -7.933073 0.073075
v -3.852138 -7.931667 0.090426
v -3.912605 -7.857339 -0.041898
v -3.923670 -7.868777 -0.036385
v -3.912387 -7.846426 -0.054697
v -3.923670 -7.868777 -0.036385
v -3.939113 -7.874022 -0.041415
v -3.912387 -7.846426 -0.054697
v -3.939113 -7.874022 -0.041415
v -3.949898 -7.869983 -0.054072
v -3.949235 -7.858899 -0.067031
v -3.949235 -7.858899 -0.067031
v -3.937938 -7.847426 -0.072546
v -3.912387 -7.846426 -0.054697
v -3.937938 -7.847426 -0.072546
v -3.922689 -7.842276 -0.067417
v -3.912387 -7.846426 -0.054697
v -3.966332 -7.770124 -0.188577
v -3.977793 -7.781444 -0.183343
v -3.965405 -7.759103 -0.201375
v -3.977793 -7.781444 -0.183343
v -4.003277 -7.782080 -0.201754
v -4.003277 -7.782080 -0.201754
v -4.002372 -7.771024 -0.214615
v -3.990889 -7.759741 -0.219786
v -3.975571 -7.754813 -0.214283
v -4.003277 -7.782080 -0.201754
v -3.990889 -7.759741 -0.219786
v -4.012583 -7.687407 -0.340075
v -4.024573 -7.698201 -0.334985
v -4.010642 -7.677187 -0.353366
v -4.039604 -7.703215 -0.341140
v -4.039604 -7.703215 -0.341140
v -4.048887 -7.699480 -0.354991
v -4.019902 -7.673496 -0.367134
v -4.048887 -7.699480 -0.354991
v -4.046968 -7.689214 -0.368367
v -4.034955 -7.678465 -0.373372
v -4.048887 -7.699480 -0.354991
v -4.034955 -7.678465 -0.373372
v -4.052678 -7.607542 -0.494921
v -4.065290 -7.618209 -0.490217
v -4.087994 -7.618822 -0.510985
v -4.065290 -7.618209 -0.490217
v -4.079917 -7.622885 -0.496864
v -4.087994 -7.618822 -0.510985
v -4.084785 -7.608408 -0.524291
v -4.052678 -7.607542 -0.494921
v -4.084785 -7.608408 -0.524291
v -4.072167 -7.597753 -0.528973
v -4.049464 -7.597139 -0.508206
v -4.072167 -7.597753 -0.528973
v -4.057536 -7.593088 -0.522303
v -4.049464 -7.597139 -0.508206
v -4.093075 -7.535558 -0.646809
v -4.115815 -7.536078 -0.667763
v -4.107728 -7.540168 -0.653587
v -4.115815 -7.536078 -0.667763
v -4.112595 -7.525693 -0.681015
v -4.080434 -7.524957 -0.651382
v -4.112595 -7.525693 -0.681015
v -4.099950 -7.515103 -0.685565
v -4.077209 -7.514583 -0.664612
v -4.099950 -7.515103 -0.685565
v -4.085292 -7.510505 -0.678764
v -4.108266 -7.444943 -0.809106
v -4.120911 -7.455025 -0.804404
v -4.105068 -7.435718 -0.822859
v -4.120911 -7.455025 -0.804404
v -4.135595 -7.460060 -0.811501
v -4.143715 -7.457104 -0.826233
v -4.113190 -7.432758 -0.837600
v -4.140515 -7.447885 -0.839976
v -4.127872 -7.437799 -0.844687
v -4.136401 -7.375316 -0.971932
v -4.149037 -7.385423 -0.967175
v -4.133206 -7.366082 -0.985709
v -4.163712 -7.390485 -0.974216
v -4.171827 -7.387540 -0.988925
v -4.141324 -7.363133 -1.000428
v -4.171827 -7.387540 -0.988925
v -4.168632 -7.378309 -1.002692
v -4.155997 -7.368199 -1.007458
v -4.155997 -7.368199 -1.007458
v -4.161740 -7.306760 -1.135562
v -4.174630 -7.316752 -1.130785
v -4.196600 -7.319125 -1.152937
v -4.174630 -7.316752 -1.130785
v -4.189068 -7.321879 -1.137971
v -4.196600 -7.319125 -1.152937
v -4.192811 -7.310116 -1.166890
v -4.179914 -7.300141 -1.171625
v -4.157945 -7.297768 -1.149472
v -4.179914 -7.300141 -1.171625
v -4.165472 -7.295031 -1.164399
v -4.183060 -7.239737 -1.300344
v -4.195978 -7.249638 -1.295803
v -4.179254 -7.230783 -1.314156
v -4.195978 -7.249638 -1.295803
v -4.210442 -7.254674 -1.303225
v -4.179254 -7.230783 -1.314156
v -4.210442 -7.254674 -1.303225
v -4.217982 -7.251886 -1.318291
v -4.186790 -7.228008 -1.329181
v -4.217982 -7.251886 -1.318291
v -4.214180 -7.242915 -1.332146
v -4.201258 -7.233029 -1.336645
v -4.201258 -7.233029 -1.336645
v -4.194062 -7.182915 -1.469726
v -4.207551 -7.192228 -1.465015
v -4.227632 -7.196367 -1.488401
v -4.207551 -7.192228 -1.465015
v -4.221457 -7.197800 -1.472752
v -4.227632 -7.196367 -1.488401
v -4.222461 -7.188768 -1.502799
v -4.208972 -7.179454 -1.507512
v -4.188890 -7.175315 -1.484125
v -4.208972 -7.179454 -1.507512
v -4.195066 -7.173882 -1.499777
v -4.188890 -7.175315 -1.484125
v -4.199797 -7.131306 -1.641456
v -4.213286 -7.140623 -1.636732
v -4.233365 -7.144769 -1.660102
v -4.213286 -7.140623 -1.636732
v -4.227190 -7.146198 -1.644457
v -4.233365 -7.144769 -1.660102
v -4.233365 -7.144769 -1.660102
v -4.228206 -7.137257 -1.674530
v -4.199797 -7.131306 -1.641456
v -4.228206 -7.137257 -1.674530
v -4.214724 -7.127982 -1.679268
v -4.194625 -7.123706 -1.655862
v -4.214724 -7.127982 -1.679268
v -4.200813 -7.122363 -1.671534
v -4.194625 -7.123706 -1.655862
v -4.206725 -7.087299 -1.815338
v -4.220159 -7.096266 -1.810506
v -4.234117 -7.102196 -1.818321
v -4.240425 -7.101616 -1.834204
v -4.207994 -7.079969 -1.845873
v -4.240425 -7.101616 -1.834204
v -4.235386 -7.094866 -1.848853
v -4.221952 -7.085899 -1.853686
v -4.207994 -7.079969 -1.845873
v -4.240425 -7.101616 -1.834204
v -4.221952 -7.085899 -1.853686
v -4.213006 -7.046586 -1.989982
v -4.227141 -7.054705 -1.985029
v -4.244878 -7.063108 -2.009197
v -4.227141 -7.054705 -1.985029
v -4.240399 -7.061483 -1.992970
v -4.244878 -7.063108 -2.009197
v -4.244878 -7.063108 -2.009197
v -4.238011 -7.058564 -2.024179
v -4.213006 -7.046586 -1.989982
v -4.238011 -7.058564 -2.024179
v -4.223821 -7.050518 -2.029109
v -4.206141 -7.042048 -2.004930
v -4.210620 -7.043677 -2.021127
v -4.199366 -7.029974 -2.167952
v -4.213551 -7.037998 -2.163169
v -4.231219 -7.046434 -2.187608
v -4.213551 -7.037998 -2.163169
v -4.226745 -7.044818 -2.171304
v -4.231219 -7.046434 -2.187608
v -4.231219 -7.046434 -2.187608
v -4.224353 -7.041903 -2.202513
v -4.199366 -7.029974 -2.167952
v -4.210171 -7.033882 -2.207262
v -4.196978 -7.027067 -2.199096
v -4.196978 -7.027067 -2.199096
v -4.192502 -7.025447 -2.182822
v -4.224353 -7.041903 -2.202513
v -4.185425 -7.013074 -2.345838
v -4.199640 -7.021123 -2.341289
v -4.212770 -7.027871 -2.349643
v -4.217120 -7.029364 -2.366047
v -4.182813 -7.009944 -2.376920
v -4.217120 -7.029364 -2.366047
v -4.210145 -7.024730 -2.380853
v -4.195937 -7.016687 -2.385338
v -4.195937 -7.016687 -2.385338
v -4.182813 -7.009944 -2.376920
v -4.178457 -7.008446 -2.360576
v -4.212770 -7.027871 -2.349643
v -4.170496 -6.995187 -2.523448
v -4.184670 -7.003209 -2.519266
v -4.163546 -6.990570 -2.538035
v -4.184670 -7.003209 -2.519266
v -4.197758 -7.009932 -2.527987
v -4.202086 -7.011417 -2.544546
v -4.167883 -6.992056 -2.554529
v -4.202086 -7.011417 -2.544546
v -4.195126 -7.006795 -2.559197
v -4.180961 -6.998777 -2.563314
v -4.167883 -6.992056 -2.554529
v -4.202086 -7.011417 -2.544546
v -4.180961 -6.998777 -2.563314
v -4.143779 -6.987553 -2.699487
v -4.158924 -6.994670 -2.695776
v -4.172768 -7.005908 -2.721037
v -4.158924 -6.994670 -2.695776
v -4.170934 -7.002274 -2.704688
v -4.172768 -7.005908 -2.721037
v -4.163357 -7.003444 -2.735210
v -4.148221 -6.996326 -2.738872
v -4.136220 -6.988723 -2.729911
v -4.100583 -6.994250 -2.873334
v -4.115671 -7.001371 -2.869902
v -4.129429 -7.012615 -2.895556
v -4.115671 -7.001371 -2.869902
v -4.127623 -7.008977 -2.879094
v -4.129429 -7.012615 -2.895556
v -4.129429 -7.012615 -2.895556
v -4.120040 -7.010153 -2.909614
v -4.100583 -6.994250 -2.873334
v -4.120040 -7.010153 -2.909614
v -4.104963 -7.003032 -2.912996
v -4.091205 -6.991786 -2.887342
v -4.104963 -7.003032 -2.912996
v -4.093023 -6.995423 -2.903757
v -4.091205 -6.991786 -2.887342
v -4.056936 -7.003352 -3.047112
v -4.072028 -7.010316 -3.043795
v -4.083930 -7.018085 -3.053069
v -4.083930 -7.018085 -3.053069
v -4.085671 -7.022110 -3.069491
v -4.047493 -7.001276 -3.061079
v -4.085671 -7.022110 -3.069491
v -4.076230 -7.020034 -3.083451
v -4.049232 -7.005303 -3.077512
v -4.076230 -7.020034 -3.083451
v -4.061135 -7.013073 -3.086775
v -4.049232 -7.005303 -3.077512
v -4.012904 -7.014511 -3.220828
v -4.028011 -7.021466 -3.217459
v -4.039926 -7.029232 -3.226679
v -4.039926 -7.029232 -3.226679
v -4.041673 -7.033257 -3.243079
v -4.012904 -7.014511 -3.220828
v -4.041673 -7.033257 -3.243079
v -4.032225 -7.031185 -3.257061
v -4.003453 -7.012440 -3.234817
v -4.041673 -7.033257 -3.243079
v -4.003453 -7.012440 -3.234817
v -4.032225 -7.031185 -3.257061
v -4.017115 -7.024230 -3.260438
v -4.005197 -7.016466 -3.251228
v -3.960449 -7.044789 -3.388830
v -3.976056 -7.050617 -3.385782
v -3.949801 -7.045435 -3.402011
v -3.976056 -7.050617 -3.385782
v -3.988026 -7.066249 -3.410254
v -3.988026 -7.066249 -3.410254
v -3.977378 -7.066896 -3.423437
v -3.961771 -7.061067 -3.426482
v -3.950349 -7.052177 -3.417607
v -3.988026 -7.066249 -3.410254
v -3.961771 -7.061067 -3.426482
v -3.902733 -7.087011 -3.553263
v -3.918336 -7.092841 -3.550228
v -3.892086 -7.087656 -3.566439
v -3.918336 -7.092841 -3.550228
v -3.929755 -7.101733 -3.559114
v -3.892086 -7.087656 -3.566439
v -3.930300 -7.108477 -3.574715
v -3.930300 -7.108477 -3.574715
v -3.919653 -7.109123 -3.587893
v -3.904050 -7.103293 -3.590926
v -3.904050 -7.103293 -3.590926
v -3.845012 -7.129243 -3.717693
v -3.860611 -7.135076 -3.714670
v -3.834366 -7.129888 -3.730863
v -3.860611 -7.135076 -3.714670
v -3.872026 -7.143971 -3.723567
v -3.834366 -7.129888 -3.730863
v -3.872026 -7.143971 -3.723567
v -3.872569 -7.150717 -3.739173
v -3.861833 -7.151370 -3.752296
v -3.861833 -7.151370 -3.752296
v -3.846184 -7.145543 -3.755307
v -3.834813 -7.136646 -3.746439
v -3.834813 -7.136646 -3.746439
v -3.834366 -7.129888 -3.730863
v -3.861833 -7.151370 -3.752296
v -3.785456 -7.171714 -3.881570
v -3.801196 -7.177489 -3.878398
v -3.812997 -7.193080 -3.902510
v -3.812599 -7.186343 -3.887084
v -3.802146 -7.193762 -3.915669
v -3.786393 -7.187997 -3.918878
v -3.774591 -7.172407 -3.894766
v -3.786393 -7.187997 -3.918878
v -3.774975 -7.179156 -3.910231
v -3.774591 -7.172407 -3.894766
v -3.725568 -7.214244 -4.045343
v -3.741384 -7.219953 -4.041959
v -3.753295 -7.235448 -4.065769
v -3.741384 -7.219953 -4.041959
v -3.752865 -7.228740 -4.050431
v -3.753295 -7.235448 -4.065769
v -3.742412 -7.236159 -4.079017
v -3.742412 -7.236159 -4.079017
v -3.726582 -7.230463 -4.082438
v -3.714672 -7.214965 -4.058626
v -3.726582 -7.230463 -4.082438
v -3.715087 -7.221688 -4.074003
v -3.714672 -7.214965 -4.058626
v -3.666694 -7.264704 -4.206575
v -3.682445 -7.269247 -4.203338
v -3.656106 -7.268097 -4.219094
v -3.682445 -7.269247 -4.203338
v -3.694138 -7.279059 -4.211260
v -3.694934 -7.288381 -4.225676
v -3.656890 -7.277432 -4.233541
v -3.694934 -7.288381 -4.225676
v -3.684357 -7.291763 -4.238164
v -3.668596 -7.287232 -4.241431
v -3.656890 -7.277432 -4.233541
v -3.694934 -7.288381 -4.225676
v -3.668596 -7.287232 -4.241431
v -3.610674 -7.337442 -4.360668
v -3.626488 -7.341917 -4.357257
v -3.600060 -7.340864 -4.373259
v -3.638245 -7.351661 -4.365005
v -3.638245 -7.351661 -4.365005
v -3.639067 -7.360957 -4.379349
v -3.600870 -7.350172 -4.387634
v -3.639067 -7.360957 -4.379349
v -3.628463 -7.364367 -4.391911
v -3.612639 -7.359903 -4.395351
v -3.600870 -7.350172 -4.387634
v -3.639067 -7.360957 -4.379349
v -3.612639 -7.359903 -4.395351
v -3.554655 -7.410189 -4.514758
v -3.570532 -7.414593 -4.511174
v -3.544015 -7.413642 -4.527421
v -3.570532 -7.414593 -4.511174
v -3.582352 -7.424265 -4.518749
v -3.544015 -7.413642 -4.527421
v -3.583200 -7.433530 -4.533022
v -3.583200 -7.433530 -4.533022
v -3.572570 -7.436970 -4.545655
v -3.556683 -7.432579 -4.549268
v -3.556683 -7.432579 -4.549268
v -3.498637 -7.482945 -4.668845
v -3.514576 -7.487272 -4.665092
v -3.487971 -7.486432 -4.681578
v -3.514576 -7.487272 -4.665092
v -3.526458 -7.496868 -4.672494
v -3.487971 -7.486432 -4.681578
v -3.526458 -7.496868 -4.672494
v -3.527332 -7.506102 -4.686697
v -3.516677 -7.509573 -4.699400
v -3.516677 -7.509573 -4.699400
v -3.500728 -7.505260 -4.703183
v -3.488834 -7.495678 -4.695810
v -3.488834 -7.495678 -4.695810
v -3.487971 -7.486432 -4.681578
v -3.526458 -7.496868 -4.672494
v 1.656665 -8.526613 1.633368
v 1.652648 -8.516011 1.623687
v 1.629745 -8.509019 1.629494
v 1.652648 -8.516011 1.623687
v 1.641526 -8.508810 1.622232
v 1.629745 -8.509019 1.629494
v 1.629745 -8.509019 1.629494
v 1.623826 -8.517192 1.640518
v 1.656665 -8.526613 1.633368
v 1.623826 -8.517192 1.640518
v 1.627075 -8.528904 1.648421
v 1.650589 -8.535267 1.644218
v 1.627075 -8.528904 1.648421
v 1.638268 -8.536306 1.650324
v 1.650589 -8.535267 1.644218
v 1.525639 -8.597642 1.735313
v 1.521783 -8.586140 1.727951
v 1.497085 -8.580344 1.732079
v 1.521783 -8.586140 1.727951
v 1.509986 -8.578961 1.726586
v 1.497085 -8.580344 1.732079
v 1.497085 -8.580344 1.732079
v 1.490710 -8.589449 1.741149
v 1.525639 -8.597642 1.735313
v 1.490710 -8.589449 1.741149
v 1.494667 -8.600907 1.748422
v 1.519366 -8.606699 1.744296
v 1.494667 -8.600907 1.748422
v 1.506567 -8.608038 1.749700
v 1.519366 -8.606699 1.744296
v 1.398268 -8.655405 1.845971
v 1.393885 -8.645053 1.837685
v 1.392598 -8.662627 1.856471
v 1.393885 -8.645053 1.837685
v 1.382010 -8.637699 1.836365
v 1.368306 -8.655289 1.861454
v 1.380189 -8.662553 1.862929
v 1.393885 -8.645053 1.837685
v 1.368306 -8.655289 1.861454
v 1.382010 -8.637699 1.836365
v 1.369594 -8.637713 1.842674
v 1.363915 -8.645027 1.853022
v 1.363915 -8.645027 1.853022
v 1.368306 -8.655289 1.861454
v 1.382010 -8.637699 1.836365
v 1.271815 -8.703700 1.962865
v 1.267830 -8.694232 1.953556
v 1.265036 -8.709979 1.973807
v 1.267830 -8.694232 1.953556
v 1.255595 -8.687225 1.951219
v 1.265036 -8.709979 1.973807
v 1.255595 -8.687225 1.951219
v 1.242220 -8.686720 1.957114
v 1.251571 -8.709445 1.979857
v 1.242220 -8.686720 1.957114
v 1.235526 -8.693027 1.967893
v 1.239372 -8.702432 1.977360
v 1.251571 -8.709445 1.979857
v 1.242220 -8.686720 1.957114
v 1.239372 -8.702432 1.977360
v 1.131763 -8.743328 2.079867
v 1.128496 -8.734107 2.069507
v 1.116854 -8.727274 2.066079
v 1.116854 -8.727274 2.066079
v 1.103729 -8.726854 2.071485
v 1.131763 -8.743328 2.079867
v 1.103729 -8.726854 2.071485
v 1.096734 -8.733070 2.082659
v 1.131763 -8.743328 2.079867
v 1.096734 -8.733070 2.082659
v 1.099894 -8.742258 2.093163
v 1.124666 -8.749512 2.091194
v 1.099894 -8.742258 2.093163
v 1.111434 -8.749059 2.096744
v 1.124666 -8.749512 2.091194
v 0.983032 -8.791731 2.176507
v 0.981147 -8.781422 2.167373
v 0.974110 -8.799759 2.184251
v 0.981147 -8.781422 2.167373
v 0.969642 -8.774717 2.162317
v 0.974110 -8.799759 2.184251
v 0.969642 -8.774717 2.162317
v 0.955335 -8.775393 2.164398
v 0.959684 -8.800650 2.186169
v 0.955335 -8.775393 2.164398
v 0.946523 -8.783208 2.172288
v 0.959684 -8.800650 2.186169
v 0.946523 -8.783208 2.172288
v 0.948289 -8.793733 2.181257
v 0.959684 -8.800650 2.186169
v 0.821445 -8.853253 2.242389
v 0.820400 -8.841558 2.234478
v 0.809689 -8.833468 2.230536
v 0.809689 -8.833468 2.230536
v 0.795671 -8.833595 2.233001
v 0.821445 -8.853253 2.242389
v 0.795671 -8.833595 2.233001
v 0.786467 -8.841992 2.240289
v 0.812123 -8.861833 2.249500
v 0.821445 -8.853253 2.242389
v 0.795671 -8.833595 2.233001
v 0.812123 -8.861833 2.249500
v 0.786467 -8.841992 2.240289
v 0.787386 -8.853868 2.248004
v 0.797979 -8.862139 2.251766
v 0.659031 -8.909043 2.310637
v 0.658881 -8.896891 2.303046
v 0.635334 -8.887114 2.302532
v 0.658881 -8.896891 2.303046
v 0.649028 -8.887822 2.299696
v 0.635334 -8.887114 2.302532
v 0.625729 -8.895214 2.309908
v 0.625729 -8.895214 2.309908
v 0.625747 -8.907414 2.317519
v 0.649296 -8.917195 2.318037
v 0.625747 -8.907414 2.317519
v 0.635471 -8.916535 2.320894
v 0.649296 -8.917195 2.318037
v 0.494786 -8.958730 2.378788
v 0.495954 -8.946761 2.371701
v 0.483199 -8.965088 2.383767
v 0.495954 -8.946761 2.371701
v 0.486679 -8.936876 2.367527
v 0.483199 -8.965088 2.383767
v 0.486679 -8.936876 2.367527
v 0.472015 -8.934142 2.367720
v 0.468335 -8.962378 2.384043
v 0.472015 -8.934142 2.367720
v 0.460624 -8.940469 2.372612
v 0.459042 -8.952171 2.379395
v 0.468335 -8.962378 2.384043
v 0.472015 -8.934142 2.367720
v 0.459042 -8.952171 2.379395
v 0.312002 -8.983626 2.414696
v 0.314786 -8.971821 2.407490
v 0.306684 -8.961484 2.402385
v 0.306684 -8.961484 2.402385
v 0.292587 -8.958658 2.402322
v 0.312002 -8.983626 2.414696
v 0.292587 -8.958658 2.402322
v 0.280607 -8.965008 2.407382
v 0.299816 -8.989989 2.419826
v 0.312002 -8.983626 2.414696
v 0.292587 -8.958658 2.402322
v 0.299816 -8.989989 2.419826
v 0.280607 -8.965008 2.407382
v 0.277615 -8.976821 2.414649
v 0.285511 -8.987173 2.419822
v 0.128200 -9.005296 2.444227
v 0.132516 -8.993769 2.437845
v 0.115114 -9.010678 2.447003
v 0.132516 -8.993769 2.437845
v 0.125643 -8.982758 2.431752
v 0.115114 -9.010678 2.447003
v 0.125643 -8.982758 2.431752
v 0.111717 -8.978621 2.429654
v 0.115114 -9.010678 2.447003
v 0.111717 -8.978621 2.429654
v 0.098785 -8.983871 2.432627
v 0.101033 -9.006667 2.444686
v 0.098785 -8.983871 2.432627
v 0.094314 -8.995525 2.438789
v 0.101033 -9.006667 2.444686
v -0.059376 -9.014415 2.446389
v -0.054049 -9.002121 2.441602
v -0.059915 -8.990307 2.436975
v -0.059915 -8.990307 2.436975
v -0.073440 -8.985825 2.435380
v -0.059376 -9.014415 2.446389
v -0.073440 -8.985825 2.435380
v -0.086798 -8.991364 2.437573
v -0.072868 -9.020052 2.448355
v -0.059376 -9.014415 2.446389
v -0.073440 -8.985825 2.435380
v -0.072868 -9.020052 2.448355
v -0.086798 -8.991364 2.437573
v -0.092258 -9.003748 2.442111
v -0.086527 -9.015658 2.446509
v -0.244910 -9.019367 2.433331
v -0.238942 -9.007054 2.430791
v -0.243830 -8.994634 2.425768
v -0.243830 -8.994634 2.425768
v -0.256643 -8.989406 2.421134
v -0.258308 -9.024337 2.431962
v -0.256643 -8.989406 2.421134
v -0.269943 -8.994408 2.419667
v -0.271218 -9.019073 2.427418
v -0.269943 -8.994408 2.419667
v -0.276009 -9.006686 2.422294
v -0.271218 -9.019073 2.427418
v -0.271218 -9.019073 2.427418
v -0.258308 -9.024337 2.431962
v -0.256643 -8.989406 2.421134
v -0.426591 -9.017239 2.392022
v -0.419922 -9.005186 2.388900
v -0.424107 -8.993017 2.383233
v -0.424107 -8.993017 2.383233
v -0.436619 -8.987887 2.378278
v -0.426591 -9.017239 2.392022
v -0.436619 -8.987887 2.378278
v -0.450202 -8.992774 2.376997
v -0.440282 -9.022084 2.390826
v -0.426591 -9.017239 2.392022
v -0.436619 -8.987887 2.378278
v -0.440282 -9.022084 2.390826
v -0.450202 -8.992774 2.376997
v -0.456977 -9.004784 2.380194
v -0.452900 -9.016912 2.385948
v -0.606167 -9.006365 2.340290
v -0.598469 -8.995357 2.336735
v -0.601342 -8.983330 2.329509
v -0.601342 -8.983330 2.329509
v -0.612943 -8.977423 2.322708
v -0.620080 -9.009810 2.338211
v -0.612943 -8.977423 2.322708
v -0.626630 -8.981001 2.320436
v -0.631899 -9.003766 2.331577
v -0.626630 -8.981001 2.320436
v -0.634546 -8.991872 2.324158
v -0.631899 -9.003766 2.331577
v -0.631899 -9.003766 2.331577
v -0.620080 -9.009810 2.338211
v -0.612943 -8.977423 2.322708
v -0.776783 -8.983983 2.270149
v -0.767650 -8.974575 2.265595
v -0.790586 -8.986285 2.267497
v -0.767650 -8.974575 2.265595
v -0.768353 -8.963764 2.256356
v -0.790586 -8.986285 2.267497
v -0.768353 -8.963764 2.256356
v -0.778279 -8.958075 2.247674
v -0.800769 -8.980319 2.259021
v -0.778279 -8.958075 2.247674
v -0.791798 -8.960648 2.244785
v -0.800769 -8.980319 2.259021
v -0.791798 -8.960648 2.244785
v -0.801188 -8.969780 2.249546
v -0.800769 -8.980319 2.259021
v -0.936414 -8.962905 2.190960
v -0.927305 -8.953091 2.187052
v -0.959072 -8.960128 2.179218
v -0.927305 -8.953091 2.187052
v -0.927628 -8.942049 2.178393
v -0.959072 -8.960128 2.179218
v -0.927628 -8.942049 2.178393
v -0.937257 -8.936114 2.170225
v -0.959487 -8.948898 2.170799
v -0.937257 -8.936114 2.170225
v -0.950481 -8.938897 2.167151
v -0.959487 -8.948898 2.170799
v -0.959487 -8.948898 2.170799
v -0.959072 -8.960128 2.179218
v -0.927628 -8.942049 2.178393
v -1.092694 -8.943215 2.109609
v -1.084224 -8.932379 2.107244
v -1.117112 -8.927265 2.093728
v -1.084224 -8.932379 2.107244
v -1.085258 -8.920177 2.100445
v -1.108510 -8.916625 2.090793
v -1.085258 -8.920177 2.100445
v -1.095287 -8.913683 2.093492
v -1.108510 -8.916625 2.090793
v -1.108510 -8.916625 2.090793
v -1.117112 -8.927265 2.093728
v -1.084224 -8.932379 2.107244
v -1.117112 -8.927265 2.093728
v -1.116013 -8.939478 2.100363
v -1.092694 -8.943215 2.109609
v -1.254177 -8.915854 2.048599
v -1.245316 -8.906257 2.043935
v -1.277471 -8.911803 2.039654
v -1.245316 -8.906257 2.043935
v -1.246097 -8.895066 2.035456
v -1.277471 -8.911803 2.039654
v -1.246097 -8.895066 2.035456
v -1.256035 -8.888979 2.027917
v -1.278215 -8.900814 2.030874
v -1.256035 -8.888979 2.027917
v -1.269330 -8.891418 2.025933
v -1.278215 -8.900814 2.030874
v -1.278215 -8.900814 2.030874
v -1.277471 -8.911803 2.039654
v -1.246097 -8.895066 2.035456
v -1.415046 -8.888443 1.987316
v -1.405925 -8.879917 1.980407
v -1.431220 -8.866705 1.965158
v -1.405925 -8.879917 1.980407
v -1.406861 -8.870106 1.970981
v -1.417366 -8.864543 1.964757
v -1.431220 -8.866705 1.965158
v -1.405925 -8.879917 1.980407
v -1.417366 -8.864543 1.964757
v -1.431220 -8.866705 1.965158
v -1.440247 -8.875531 1.971745
v -1.415046 -8.888443 1.987316
v -1.440247 -8.875531 1.971745
v -1.439225 -8.885641 1.980889
v -1.428815 -8.890903 1.987435
v -1.581701 -8.868782 1.941069
v -1.573233 -8.858436 1.936561
v -1.599042 -8.843420 1.922979
v -1.573233 -8.858436 1.936561
v -1.574779 -8.846787 1.929302
v -1.585498 -8.840504 1.923788
v -1.599042 -8.843420 1.922979
v -1.573233 -8.858436 1.936561
v -1.585498 -8.840504 1.923788
v -1.599042 -8.843420 1.922979
v -1.607414 -8.853977 1.927102
v -1.581701 -8.868782 1.941069
v -1.607414 -8.853977 1.927102
v -1.605779 -8.865846 1.934016
v -1.595157 -8.871918 1.939915
v -1.746324 -8.842329 1.900095
v -1.738620 -8.832012 1.895756
v -1.769239 -8.835487 1.898600
v -1.738620 -8.832012 1.895756
v -1.740455 -8.818970 1.890605
v -1.771106 -8.822685 1.892797
v -1.769239 -8.835487 1.898600
v -1.738620 -8.832012 1.895756
v -1.771106 -8.822685 1.892797
v -1.740455 -8.818970 1.890605
v -1.750772 -8.811008 1.887196
v -1.763482 -8.812622 1.887914
v -1.763482 -8.812622 1.887914
v -1.771106 -8.822685 1.892797
v -1.740455 -8.818970 1.890605
v -1.907569 -8.794438 1.899464
v -1.899498 -8.785089 1.892828
v -1.901767 -8.772719 1.886629
v -1.901767 -8.772719 1.886629
v -1.913044 -8.764575 1.884498
v -1.907569 -8.794438 1.899464
v -1.926724 -8.765428 1.887684
v -1.921250 -8.795290 1.902650
v -1.913044 -8.764575 1.884498
v -1.921250 -8.795290 1.902650
v -1.926724 -8.765428 1.887684
v -1.934794 -8.774776 1.894320
v -1.932527 -8.787146 1.900520
v 7.119434 -8.869314 -4.159380
v 7.107472 -8.868600 -4.167028
v 7.123803 -8.863650 -4.147035
v 7.107472 -8.868600 -4.167028
v 7.094904 -8.861967 -4.165466
v 7.123803 -8.863650 -4.147035
v 7.094904 -8.861967 -4.165466
v 7.089073 -8.853339 -4.155577
v 7.118000 -8.854967 -4.137190
v 7.089073 -8.853339 -4.155577
v 7.093414 -8.847733 -4.143185
v 7.105401 -8.848412 -4.135572
v 7.118000 -8.854967 -4.137190
v 7.089073 -8.853339 -4.155577
v 7.105401 -8.848412 -4.135572
v 7.111373 -8.792912 -4.037511
v 7.099286 -8.792343 -4.044990
v 7.115764 -8.787468 -4.025083
v 7.099286 -8.792343 -4.044990
v 7.086565 -8.786130 -4.043105
v 7.115764 -8.787468 -4.025083
v 7.086565 -8.786130 -4.043105
v 7.080647 -8.777945 -4.032929
v 7.109870 -8.779237 -4.014953
v 7.080647 -8.777945 -4.032929
v 7.085016 -8.772550 -4.020456
v 7.097126 -8.773072 -4.013022
v 7.109870 -8.779237 -4.014953
v 7.080647 -8.777945 -4.032929
v 7.097126 -8.773072 -4.013022
v 7.103223 -8.719275 -3.914099
v 7.091013 -8.718897 -3.921366
v 7.107671 -8.713889 -3.901682
v 7.091013 -8.718897 -3.921366
v 7.078177 -8.712996 -3.919200
v 7.107671 -8.713889 -3.901682
v 7.078177 -8.712996 -3.919200
v 7.072222 -8.705071 -3.908831
v 7.101753 -8.706048 -3.891286
v 7.072222 -8.705071 -3.908831
v 7.076667 -8.699857 -3.896295
v 7.101753 -8.706048 -3.891286
v 7.076667 -8.699857 -3.896295
v 7.088905 -8.700249 -3.889041
v 7.101753 -8.706048 -3.891286
v 7.095362 -8.648217 -3.789220
v 7.083029 -8.647958 -3.796302
v 7.099893 -8.643002 -3.776755
v 7.083029 -8.647958 -3.796302
v 7.070107 -8.642403 -3.793820
v 7.099893 -8.643002 -3.776755
v 7.070107 -8.642403 -3.793820
v 7.064153 -8.634837 -3.783196
v 7.093956 -8.635394 -3.766176
v 7.064153 -8.634837 -3.783196
v 7.068666 -8.629663 -3.770684
v 7.081017 -8.629881 -3.763648
v 7.093956 -8.635394 -3.766176
v 7.064153 -8.634837 -3.783196
v 7.081017 -8.629881 -3.763648
v 7.087944 -8.579405 -3.663066
v 7.075489 -8.579249 -3.669959
v 7.062504 -8.574034 -3.667154
v 7.062504 -8.574034 -3.667154
v 7.056584 -8.566841 -3.656261
v 7.086679 -8.567151 -3.639703
v 7.056584 -8.566841 -3.656261
v 7.061208 -8.561858 -3.643694
v 7.073678 -8.561975 -3.636850
v 7.086679 -8.567151 -3.639703
v 7.056584 -8.566841 -3.656261
v 7.073678 -8.561975 -3.636850
v 7.086679 -8.567151 -3.639703
v 7.092584 -8.574383 -3.650548
v 7.062504 -8.574034 -3.667154
v 7.081327 -8.513527 -3.535281
v 7.068765 -8.513502 -3.541951
v 7.086061 -8.508613 -3.522768
v 7.068765 -8.513502 -3.541951
v 7.055722 -8.508579 -3.538833
v 7.086061 -8.508613 -3.522768
v 7.055722 -8.508579 -3.538833
v 7.049829 -8.501669 -3.527719
v 7.080183 -8.501664 -3.511705
v 7.049829 -8.501669 -3.527719
v 7.054549 -8.496793 -3.515155
v 7.067135 -8.496805 -3.508523
v 7.080183 -8.501664 -3.511705
v 7.049829 -8.501669 -3.527719
v 7.067135 -8.496805 -3.508523
v 7.075686 -8.450588 -3.405924
v 7.062999 -8.450633 -3.412380
v 7.049932 -8.446053 -3.408905
v 7.049932 -8.446053 -3.408905
v 7.044127 -8.439559 -3.397495
v 7.074776 -8.439387 -3.382001
v 7.044127 -8.439559 -3.397495
v 7.048996 -8.434927 -3.384873
v 7.061695 -8.434846 -3.378471
v 7.074776 -8.439387 -3.382001
v 7.044127 -8.439559 -3.397495
v 7.061695 -8.434846 -3.378471
v 7.074776 -8.439387 -3.382001
v 7.080567 -8.445920 -3.393356
v 7.049932 -8.446053 -3.408905
v 7.071140 -8.390649 -3.275020
v 7.058359 -8.390821 -3.281211
v 7.076132 -8.386114 -3.262469
v 7.058359 -8.390821 -3.281211
v 7.045254 -8.386523 -3.277392
v 7.076132 -8.386114 -3.262469
v 7.045254 -8.386523 -3.277392
v 7.039507 -8.380333 -3.265741
v 7.076132 -8.386114 -3.262469
v 7.039507 -8.380333 -3.265741
v 7.044584 -8.376075 -3.253013
v 7.070493 -8.380126 -3.250761
v 7.044584 -8.376075 -3.253013
v 7.057422 -8.375980 -3.246826
v 7.070493 -8.380126 -3.250761
v 7.068390 -8.335224 -3.141923
v 7.055460 -8.335379 -3.147882
v 7.042389 -8.331506 -3.143614
v 7.042389 -8.331506 -3.143614
v 7.036825 -8.325901 -3.131574
v 7.073609 -8.331105 -3.129274
v 7.036825 -8.325901 -3.131574
v 7.042035 -8.321821 -3.118860
v 7.068055 -8.325463 -3.117299
v 7.042035 -8.321821 -3.118860
v 7.054974 -8.321629 -3.112966
v 7.068055 -8.325463 -3.117299
v 7.068055 -8.325463 -3.117299
v 7.073609 -8.331105 -3.129274
v 7.036825 -8.325901 -3.131574
v 7.068129 -8.284809 -3.006558
v 7.055027 -8.284600 -3.012374
v 7.036980 -8.275923 -2.995316
v 7.055027 -8.284600 -3.012374
v 7.042120 -8.280948 -3.007723
v 7.036980 -8.275923 -2.995316
v 7.036980 -8.275923 -2.995316
v 7.042608 -8.272540 -2.982434
v 7.068129 -8.284809 -3.006558
v 7.042608 -8.272540 -2.982434
v 7.055697 -8.272850 -2.976638
v 7.068589 -8.276599 -2.981310
v 7.068589 -8.276599 -2.981310
v 7.073743 -8.281524 -2.993697
v 7.042608 -8.272540 -2.982434
v 7.071066 -8.241904 -2.868446
v 7.058009 -8.240997 -2.874197
v 7.045228 -8.236979 -2.869384
v 7.045228 -8.236979 -2.869384
v 7.040223 -8.232136 -2.856811
v 7.071066 -8.241904 -2.868446
v 7.040223 -8.232136 -2.856811
v 7.045911 -8.229374 -2.843857
v 7.076738 -8.239235 -2.855515
v 7.071066 -8.241904 -2.868446
v 7.040223 -8.232136 -2.856811
v 7.076738 -8.239235 -2.855515
v 7.045911 -8.229374 -2.843857
v 7.058967 -8.230452 -2.838109
v 7.071714 -8.234489 -2.842963
v 7.075413 -8.205472 -2.728614
v 7.062398 -8.203733 -2.734330
v 7.044976 -8.195243 -2.716534
v 7.062398 -8.203733 -2.734330
v 7.049784 -8.199524 -2.729332
v 7.044976 -8.195243 -2.716534
v 7.050775 -8.193463 -2.703446
v 7.050775 -8.193463 -2.703446
v 7.063768 -8.195294 -2.697749
v 7.076361 -8.199595 -2.702766
v 7.076361 -8.199595 -2.702766
v 7.081191 -8.203785 -2.715545
v 7.050775 -8.193463 -2.703446
v 7.080862 -8.175550 -2.587370
v 7.067949 -8.173168 -2.593012
v 7.055479 -8.168608 -2.587883
v 7.055479 -8.168608 -2.587883
v 7.050778 -8.164530 -2.574965
v 7.080862 -8.175550 -2.587370
v 7.050778 -8.164530 -2.574965
v 7.056610 -8.163628 -2.561797
v 7.080862 -8.175550 -2.587370
v 7.056610 -8.163628 -2.561797
v 7.069511 -8.166230 -2.556150
v 7.086640 -8.174475 -2.574266
v 7.069511 -8.166230 -2.556150
v 7.081943 -8.170750 -2.561320
v 7.086640 -8.174475 -2.574266
v 7.086932 -8.151610 -2.445065
v 7.074139 -8.148476 -2.450654
v 7.061834 -8.143689 -2.445385
v 7.061834 -8.143689 -2.445385
v 7.057242 -8.139989 -2.432333
v 7.086932 -8.151610 -2.445065
v 7.057242 -8.139989 -2.432333
v 7.063035 -8.139609 -2.419155
v 7.092696 -8.151317 -2.431905
v 7.086932 -8.151610 -2.445065
v 7.057242 -8.139989 -2.432333
v 7.092696 -8.151317 -2.431905
v 7.063035 -8.139609 -2.419155
v 7.075799 -8.142833 -2.413584
v 7.088076 -8.147708 -2.418869
v 7.093203 -8.132836 -2.301991
v 7.080575 -8.128955 -2.307522
v 7.063908 -8.120673 -2.288951
v 7.080575 -8.128955 -2.307522
v 7.068431 -8.123944 -2.302125
v 7.063908 -8.120673 -2.288951
v 7.069631 -8.121123 -2.275729
v 7.069631 -8.121123 -2.275729
v 7.082227 -8.125095 -2.270216
v 7.098895 -8.133375 -2.288785
v 7.082227 -8.125095 -2.270216
v 7.094338 -8.130196 -2.275627
v 7.098895 -8.133375 -2.288785
v 7.099250 -8.119985 -2.158180
v 7.086820 -8.115479 -2.163637
v 7.074852 -8.110113 -2.158138
v 7.074852 -8.110113 -2.158138
v 7.070379 -8.106971 -2.144892
v 7.099250 -8.119985 -2.158180
v 7.070379 -8.106971 -2.144892
v 7.075999 -8.107956 -2.131670
v 7.104832 -8.121058 -2.144975
v 7.099250 -8.119985 -2.158180
v 7.070379 -8.106971 -2.144892
v 7.104832 -8.121058 -2.144975
v 7.075999 -8.107956 -2.131670
v 7.088380 -8.112638 -2.126221
v 7.100324 -8.118007 -2.131747
v 7.104505 -8.112908 -2.013792
v 7.092343 -8.107606 -2.019187
v 7.080536 -8.102036 -2.013572
v 7.080536 -8.102036 -2.013572
v 7.076029 -8.099393 -2.000223
v 7.104505 -8.112908 -2.013792
v 7.076029 -8.099393 -2.000223
v 7.081433 -8.101295 -1.986974
v 7.109865 -8.114902 -2.000557
v 7.104505 -8.112908 -2.013792
v 7.076029 -8.099393 -2.000223
v 7.109865 -8.114902 -2.000557
v 7.081433 -8.101295 -1.986974
v 7.093551 -8.106692 -1.981594
v 7.105315 -8.112355 -1.987226
v 7.107908 -8.112083 -1.868945
v 7.095992 -8.106261 -1.874236
v 7.084282 -8.100493 -1.868497
v 7.084282 -8.100493 -1.868497
v 7.079583 -8.098207 -1.855080
v 7.107908 -8.112083 -1.868945
v 7.079583 -8.098207 -1.855080
v 7.084427 -8.100983 -1.841870
v 7.108096 -8.112483 -1.842368
v 7.107908 -8.112083 -1.868945
v 7.079583 -8.098207 -1.855080
v 7.112987 -8.114615 -1.855749
v 7.084427 -8.100983 -1.841870
v 7.096251 -8.106866 -1.836612
v 7.108096 -8.112483 -1.842368
v 7.107817 -8.116480 -1.724252
v 7.095816 -8.110860 -1.729394
v 7.083726 -8.105904 -1.723539
v 7.083726 -8.105904 -1.723539
v 7.078598 -8.104589 -1.710098
v 7.107648 -8.117976 -1.697725
v 7.078598 -8.104589 -1.710098
v 7.083467 -8.107612 -1.696963
v 7.095512 -8.113127 -1.691845
v 7.107648 -8.117976 -1.697725
v 7.078598 -8.104589 -1.710098
v 7.095512 -8.113127 -1.691845
v 7.107648 -8.117976 -1.697725
v 7.112731 -8.119396 -1.711141
v 7.083726 -8.105904 -1.723539
v 7.106548 -8.127672 -1.579989
v 7.094337 -8.122332 -1.584972
v 7.081982 -8.118275 -1.579020
v 7.081982 -8.118275 -1.579020
v 7.076691 -8.117956 -1.565603
v 7.111491 -8.131088 -1.567006
v 7.076691 -8.117956 -1.565603
v 7.081593 -8.121487 -1.552597
v 7.106241 -8.130660 -1.553612
v 7.081593 -8.121487 -1.552597
v 7.093844 -8.126715 -1.547637
v 7.106241 -8.130660 -1.553612
v 7.106241 -8.130660 -1.553612
v 7.111491 -8.131088 -1.567006
v 7.076691 -8.117956 -1.565603
v 7.104839 -8.145700 -1.436495
v 7.092416 -8.140824 -1.441336
v 7.109862 -8.149231 -1.423610
v 7.092416 -8.140824 -1.441336
v 7.079844 -8.137544 -1.435283
v 7.109862 -8.149231 -1.423610
v 7.079844 -8.137544 -1.435283
v 7.074461 -8.137863 -1.421867
v 7.104517 -8.149435 -1.410214
v 7.074461 -8.137863 -1.421867
v 7.079449 -8.141513 -1.408961
v 7.091913 -8.146382 -1.404158
v 7.104517 -8.149435 -1.410214
v 7.074461 -8.137863 -1.421867
v 7.091913 -8.146382 -1.404158
v 7.103324 -8.170110 -1.293970
v 7.090685 -8.165574 -1.298633
v 7.077950 -8.163272 -1.292509
v 7.077950 -8.163272 -1.292509
v 7.072556 -8.164639 -1.279168
v 7.103123 -8.175375 -1.267953
v 7.072556 -8.164639 -1.279168
v 7.077685 -8.168789 -1.266443
v 7.090355 -8.173200 -1.261804
v 7.090355 -8.173200 -1.261804
v 7.103123 -8.175375 -1.267953
v 7.108485 -8.174130 -1.281269
v 7.077950 -8.163272 -1.292509
v 7.102687 -8.201301 -1.152732
v 7.089855 -8.197300 -1.157218
v 7.108022 -8.205562 -1.140206
v 7.089855 -8.197300 -1.157218
v 7.076990 -8.195881 -1.150988
v 7.108022 -8.205562 -1.140206
v 7.076990 -8.195881 -1.150988
v 7.071644 -8.198089 -1.137699
v 7.108022 -8.205562 -1.140206
v 7.071644 -8.198089 -1.137699
v 7.077050 -8.202833 -1.125224
v 7.102799 -8.207974 -1.127031
v 7.077050 -8.202833 -1.125224
v 7.089962 -8.206888 -1.120815
v 7.102799 -8.207974 -1.127031
v 7.104285 -8.240764 -1.013501
v 7.091201 -8.237168 -1.017696
v 7.078333 -8.236927 -1.011370
v 7.078333 -8.236927 -1.011370
v 7.073207 -8.240293 -0.998200
v 7.104827 -8.248713 -0.988140
v 7.073207 -8.240293 -0.998200
v 7.078839 -8.245185 -0.985929
v 7.091942 -8.248627 -0.981775
v 7.104827 -8.248713 -0.988140
v 7.073207 -8.240293 -0.998200
v 7.091942 -8.248627 -0.981775
v 7.104827 -8.248713 -0.988140
v 7.109935 -8.245501 -1.001271
v 7.078333 -8.236927 -1.011370
v 7.109179 -8.288227 -0.876671
v 7.095783 -8.285077 -0.880448
v 7.083072 -8.286199 -0.874010
v 7.083072 -8.286199 -0.874010
v 7.078486 -8.291075 -0.861077
v 7.115416 -8.293676 -0.864940
v 7.078486 -8.291075 -0.861077
v 7.084719 -8.296715 -0.849277
v 7.110838 -8.298363 -0.852076
v 7.083072 -8.286199 -0.874010
v 7.115416 -8.293676 -0.864940
v 7.109179 -8.288227 -0.876671
v 7.084719 -8.296715 -0.849277
v 7.098122 -8.299680 -0.845569
v 7.110838 -8.298363 -0.852076
v 7.120462 -8.346787 -0.744384
v 7.106860 -8.344326 -0.747732
v 7.094338 -8.346713 -0.741184
v 7.094338 -8.346713 -0.741184
v 7.090234 -8.352667 -0.728558
v 7.127175 -8.352541 -0.733120
v 7.090234 -8.352667 -0.728558
v 7.096952 -8.358586 -0.717270
v 7.110652 -8.360976 -0.714050
v 7.123069 -8.358334 -0.720519
v 7.090234 -8.352667 -0.728558
v 7.110652 -8.360976 -0.714050
v 7.123069 -8.358334 -0.720519
v 7.127175 -8.352541 -0.733120
v 7.090234 -8.352667 -0.728558
v 7.137022 -8.413051 -0.617080
v 7.123359 -8.410586 -0.620256
v 7.110902 -8.413301 -0.613857
v 7.110902 -8.413301 -0.613857
v 7.106944 -8.419589 -0.601651
v 7.143890 -8.419258 -0.606167
v 7.106944 -8.419589 -0.601651
v 7.113808 -8.425780 -0.590768
v 7.143890 -8.419258 -0.606167
v 7.113808 -8.425780 -0.590768
v 7.127474 -8.428260 -0.587562
v 7.139936 -8.425564 -0.593931
v 7.139936 -8.425564 -0.593931
v 7.113808 -8.425780 -0.590768
v 7.152140 -8.482197 -0.491309
v 7.138510 -8.479578 -0.494623
v 7.125980 -8.482268 -0.488410
v 7.125980 -8.482268 -0.488410
v 7.121857 -8.488736 -0.476353
v 7.152140 -8.482197 -0.491309
v 7.121857 -8.488736 -0.476353
v 7.128490 -8.495319 -0.465540
v 7.154655 -8.495276 -0.468386
v 7.152140 -8.482197 -0.491309
v 7.121857 -8.488736 -0.476353
v 7.158857 -8.488658 -0.480413
v 7.128490 -8.495319 -0.465540
v 7.142076 -8.498033 -0.462232
v 7.154655 -8.495276 -0.468386
v 7.165160 -8.554832 -0.367052
v 7.151602 -8.551970 -0.370408
v 7.138974 -8.554762 -0.364395
v 7.138974 -8.554762 -0.364395
v 7.134670 -8.561568 -0.352545
v 7.171704 -8.561680 -0.356280
v 7.134670 -8.561568 -0.352545
v 7.141213 -8.568407 -0.341789
v 7.171704 -8.561680 -0.356280
v 7.138974 -8.554762 -0.364395
v 7.165160 -8.554832 -0.367052
v 7.141213 -8.568407 -0.341789
v 7.154773 -8.571280 -0.338417
v 7.167402 -8.568496 -0.344414
v 7.176915 -8.631279 -0.244885
v 7.163385 -8.628184 -0.248162
v 7.150721 -8.631156 -0.242316
v 7.150721 -8.631156 -0.242316
v 7.146341 -8.638459 -0.230766
v 7.176915 -8.631279 -0.244885
v 7.146341 -8.638459 -0.230766
v 7.152810 -8.645811 -0.220283
v 7.179003 -8.645926 -0.222864
v 7.176915 -8.631279 -0.244885
v 7.146341 -8.638459 -0.230766
v 7.183383 -8.638627 -0.234408
v 7.152810 -8.645811 -0.220283
v 7.166339 -8.648904 -0.217012
v 7.179003 -8.645926 -0.222864
v 7.188441 -8.712216 -0.125763
v 7.174904 -8.709062 -0.128907
v 7.162259 -8.712175 -0.123073
v 7.162259 -8.712175 -0.123073
v 7.157914 -8.719741 -0.111665
v 7.194938 -8.719781 -0.115494
v 7.157914 -8.719741 -0.111665
v 7.164413 -8.727320 -0.101378
v 7.190591 -8.727335 -0.104103
v 7.194938 -8.719781 -0.115494
v 7.164413 -8.727320 -0.101378
v 7.177976 -8.730542 -0.098317
v 7.190591 -8.727335 -0.104103
v 7.201044 -8.796789 -0.009657
v 7.187447 -8.793576 -0.012527
v 7.174891 -8.796947 -0.006696
v 7.174891 -8.796947 -0.006696
v 7.170737 -8.804946 0.004442
v 7.201044 -8.796789 -0.009657
v 7.170737 -8.804946 0.004442
v 7.177414 -8.812870 0.014342
v 7.203559 -8.812666 0.011320
v 7.201044 -8.796789 -0.009657
v 7.207717 -8.804690 0.000211
v 7.177414 -8.812870 0.014342
v 7.191009 -8.816061 0.017181
v 7.203559 -8.812666 0.011320
v 7.215534 -8.884109 0.103780
v 7.201906 -8.880974 0.101139
v 7.189426 -8.884531 0.107083
v 7.189426 -8.884531 0.107083
v 7.185455 -8.892753 0.118115
v 7.215534 -8.884109 0.103780
v 7.185455 -8.892753 0.118115
v 7.192384 -8.900853 0.127694
v 7.222372 -8.892124 0.113401
v 7.215534 -8.884109 0.103780
v 7.185455 -8.892753 0.118115
v 7.222372 -8.892124 0.113401
v 7.192384 -8.900853 0.127694
v 7.206063 -8.904008 0.130260
v 7.218483 -8.900386 0.124332
v 7.232332 -8.973402 0.215170
v 7.218629 -8.970303 0.212755
v 7.206267 -8.974056 0.218765
v 7.206267 -8.974056 0.218765
v 7.202491 -8.982478 0.229697
v 7.232332 -8.973402 0.215170
v 7.202491 -8.982478 0.229697
v 7.209509 -8.990623 0.239131
v 7.235567 -8.989930 0.235489
v 7.232332 -8.973402 0.215170
v 7.239347 -8.981526 0.224580
v 7.209509 -8.990623 0.239131
v 7.223208 -8.993704 0.241523
v 7.235567 -8.989930 0.235489
v 7.250612 -9.064500 0.325068
v 7.236866 -9.061378 0.322859
v 7.224586 -9.065343 0.328891
v 7.224586 -9.065343 0.328891
v 7.220970 -9.074079 0.339646
v 7.250612 -9.064500 0.325068
v 7.220970 -9.074079 0.339646
v 7.228133 -9.082459 0.348809
v 7.257772 -9.072863 0.334211
v 7.250612 -9.064500 0.325068
v 7.220970 -9.074079 0.339646
v 7.257772 -9.072863 0.334211
v 7.228133 -9.082459 0.348809
v 7.241877 -9.085564 0.350999
v 7.254153 -9.081583 0.344947
v 7.270271 -9.158461 0.432632
v 7.256512 -9.155360 0.430595
v 7.244283 -9.159492 0.436671
v 7.244283 -9.159492 0.436671
v 7.240752 -9.168451 0.447315
v 7.277499 -9.166966 0.441576
v 7.240752 -9.168451 0.447315
v 7.247984 -9.176979 0.456276
v 7.273964 -9.175912 0.452197
v 7.244283 -9.159492 0.436671
v 7.277499 -9.166966 0.441576
v 7.270271 -9.158461 0.432632
v 7.247984 -9.176979 0.456276
v 7.261770 -9.180145 0.458218
v 7.273964 -9.175912 0.452197
v 7.291183 -9.255766 0.537193
v 7.277386 -9.252591 0.535420
v 7.265236 -9.256989 0.541438
v 7.265236 -9.256989 0.541438
v 7.291183 -9.255766 0.537193
v 7.261851 -9.266399 0.551734
v 7.269212 -9.275294 0.560265
v 7.295151 -9.274038 0.555986
v 7.261851 -9.266399 0.551734
v 7.298540 -9.264646 0.545707
v 7.269212 -9.275294 0.560265
v 7.283004 -9.278454 0.562021
v 7.295151 -9.274038 0.555986
v 7.313122 -9.356593 0.638260
v 7.299323 -9.353415 0.636658
v 7.287211 -9.357979 0.642667
v 7.287211 -9.357979 0.642667
v 7.283895 -9.367698 0.652688
v 7.313122 -9.356593 0.638260
v 7.283895 -9.367698 0.652688
v 7.313122 -9.356593 0.638260
v 7.283895 -9.367698 0.652688
v 7.320535 -9.365721 0.646439
v 7.291330 -9.376954 0.660742
v 7.305141 -9.380201 0.662241
v 7.317237 -9.375546 0.656314
v 7.335673 -9.460928 0.735380
v 7.321867 -9.457651 0.733991
v 7.309781 -9.462403 0.739872
v 7.309781 -9.462403 0.739872
v 7.306499 -9.472404 0.749580
v 7.335673 -9.460928 0.735380
v 7.306499 -9.472404 0.749580
v 7.313940 -9.481791 0.757427
v 7.343113 -9.470310 0.743222
v 7.335673 -9.460928 0.735380
v 7.306499 -9.472404 0.749580
v 7.343113 -9.470310 0.743222
v 7.313940 -9.481791 0.757427
v 7.327746 -9.485064 0.758811
v 7.339829 -9.480306 0.752926
v 7.358274 -9.567452 0.829761
v 7.344478 -9.564107 0.828493
v 7.332387 -9.568954 0.834275
v 7.332387 -9.568954 0.834275
v 7.329082 -9.579156 0.843719
v 7.358274 -9.567452 0.829761
v 7.329082 -9.579156 0.843719
v 7.336502 -9.588736 0.851293
v 7.365692 -9.577035 0.837335
v 7.329082 -9.579156 0.843719
v 7.365692 -9.577035 0.837335
v 7.336502 -9.588736 0.851293
v 7.350297 -9.592083 0.852561
v 7.362389 -9.587235 0.846780
v 7.380607 -9.675631 0.922118
v 7.366819 -9.672250 0.920882
v 7.354720 -9.677130 0.926631
v 7.354720 -9.677130 0.926631
v 7.351399 -9.687412 0.935998
v 7.388008 -9.685291 0.929616
v 7.358801 -9.697088 0.943487
v 7.354720 -9.677130 0.926631
v 7.388008 -9.685291 0.929616
v 7.380607 -9.675631 0.922118
v 7.358801 -9.697088 0.943487
v 7.372596 -9.700578 0.944650
v 7.384687 -9.695587 0.938972
v 7.403045 -9.787265 1.011609
v 7.389250 -9.783713 1.010646
v 7.377184 -9.788894 1.016225
v 7.377184 -9.788894 1.016225
v 7.403045 -9.787265 1.011609
v 7.373919 -9.799786 1.025085
v 7.381363 -9.809995 1.032028
v 7.407217 -9.808330 1.027385
v 7.403045 -9.787265 1.011609
v 7.410486 -9.797457 1.018538
v 7.395155 -9.813528 1.032976
v 7.425903 -9.903585 1.095128
v 7.412117 -9.900021 1.094393
v 7.400077 -9.905393 1.099872
v 7.400077 -9.905393 1.099872
v 7.396840 -9.916620 1.108226
v 7.425903 -9.903585 1.095128
v 7.396840 -9.916620 1.108226
v 7.404301 -9.927165 1.114433
v 7.433360 -9.914046 1.101505
v 7.425903 -9.903585 1.095128
v 7.396840 -9.916620 1.108226
v 7.433360 -9.914046 1.101505
v 7.418087 -9.930772 1.115032
v 7.430123 -9.925336 1.109675
v 7.448883 -10.022397 1.173142
v 7.435105 -10.018818 1.172614
v 7.427277 -10.046075 1.192035
v 7.435105 -10.018818 1.172614
v 7.423070 -10.024269 1.177929
v 7.427277 -10.046075 1.192035
v 7.423070 -10.024269 1.177929
v 7.419827 -10.035560 1.185973
v 7.441055 -10.049655 1.192564
v 7.448883 -10.022397 1.173142
v 7.453090 -10.044204 1.187249
v 7.471690 -10.140294 1.250613
v 7.457919 -10.136789 1.249975
v 7.475842 -10.161616 1.265166
v 7.457919 -10.136789 1.249975
v 7.445866 -10.142111 1.255363
v 7.463787 -10.166929 1.270547
v 7.463787 -10.166929 1.270547
v 7.445866 -10.142111 1.255363
v 7.450015 -10.163413 1.269903
v 7.442591 -10.153136 1.263615
v 7.463787 -10.166929 1.270547
v 7.475842 -10.161616 1.265166
v 7.457919 -10.136789 1.249975
v -7.094904 -8.861967 -4.165466
v -7.107472 -8.868600 -4.167028
v -7.123803 -8.863650 -4.147035
v -7.107472 -8.868600 -4.167028
v -7.119434 -8.869314 -4.159380
v -7.123803 -8.863650 -4.147035
v -7.123803 -8.863650 -4.147035
v -7.118000 -8.854967 -4.137190
v -7.094904 -8.861967 -4.165466
v -7.118000 -8.854967 -4.137190
v -7.105401 -8.848412 -4.135572
v -7.089073 -8.853339 -4.155577
v -7.105401 -8.848412 -4.135572
v -7.093414 -8.847733 -4.143185
v -7.089073 -8.853339 -4.155577
v -7.086565 -8.786130 -4.043105
v -7.099286 -8.792343 -4.044990
v -7.115764 -8.787468 -4.025083
v -7.099286 -8.792343 -4.044990
v -7.111373 -8.792912 -4.037511
v -7.115764 -8.787468 -4.025083
v -7.115764 -8.787468 -4.025083
v -7.109870 -8.779237 -4.014953
v -7.086565 -8.786130 -4.043105
v -7.109870 -8.779237 -4.014953
v -7.097126 -8.773072 -4.013022
v -7.080647 -8.777945 -4.032929
v -7.097126 -8.773072 -4.013022
v -7.085016 -8.772550 -4.020456
v -7.080647 -8.777945 -4.032929
v -7.078177 -8.712996 -3.919200
v -7.091013 -8.718897 -3.921366
v -7.107671 -8.713889 -3.901682
v -7.091013 -8.718897 -3.921366
v -7.103223 -8.719275 -3.914099
v -7.107671 -8.713889 -3.901682
v -7.107671 -8.713889 -3.901682
v -7.101753 -8.706048 -3.891286
v -7.078177 -8.712996 -3.919200
v -7.101753 -8.706048 -3.891286
v -7.088905 -8.700249 -3.889041
v -7.076667 -8.699857 -3.896295
v -7.076667 -8.699857 -3.896295
v -7.072222 -8.705071 -3.908831
v -7.101753 -8.706048 -3.891286
v -7.070107 -8.642403 -3.793820
v -7.083029 -8.647958 -3.796302
v -7.099893 -8.643002 -3.776755
v -7.083029 -8.647958 -3.796302
v -7.095362 -8.648217 -3.789220
v -7.099893 -8.643002 -3.776755
v -7.099893 -8.643002 -3.776755
v -7.093956 -8.635394 -3.766176
v -7.070107 -8.642403 -3.793820
v -7.093956 -8.635394 -3.766176
v -7.081017 -8.629881 -3.763648
v -7.064153 -8.634837 -3.783196
v -7.081017 -8.629881 -3.763648
v -7.068666 -8.629663 -3.770684
v -7.064153 -8.634837 -3.783196
v -7.062504 -8.574034 -3.667154
v -7.075489 -8.579249 -3.669959
v -7.087944 -8.579405 -3.663066
v -7.087944 -8.579405 -3.663066
v -7.092584 -8.574383 -3.650548
v -7.062504 -8.574034 -3.667154
v -7.092584 -8.574383 -3.650548
v -7.086679 -8.567151 -3.639703
v -7.062504 -8.574034 -3.667154
v -7.086679 -8.567151 -3.639703
v -7.073678 -8.561975 -3.636850
v -7.056584 -8.566841 -3.656261
v -7.073678 -8.561975 -3.636850
v -7.061208 -8.561858 -3.643694
v -7.056584 -8.566841 -3.656261
v -7.055722 -8.508579 -3.538833
v -7.068765 -8.513502 -3.541951
v -7.086061 -8.508613 -3.522768
v -7.068765 -8.513502 -3.541951
v -7.081327 -8.513527 -3.535281
v -7.086061 -8.508613 -3.522768
v -7.086061 -8.508613 -3.522768
v -7.080183 -8.501664 -3.511705
v -7.055722 -8.508579 -3.538833
v -7.080183 -8.501664 -3.511705
v -7.067135 -8.496805 -3.508523
v -7.049829 -8.501669 -3.527719
v -7.067135 -8.496805 -3.508523
v -7.054549 -8.496793 -3.515155
v -7.049829 -8.501669 -3.527719
v -7.049932 -8.446053 -3.408905
v -7.062999 -8.450633 -3.412380
v -7.075686 -8.450588 -3.405924
v -7.075686 -8.450588 -3.405924
v -7.080567 -8.445920 -3.393356
v -7.049932 -8.446053 -3.408905
v -7.080567 -8.445920 -3.393356
v -7.074776 -8.439387 -3.382001
v -7.049932 -8.446053 -3.408905
v -7.074776 -8.439387 -3.382001
v -7.061695 -8.434846 -3.378471
v -7.044127 -8.439559 -3.397495
v -7.061695 -8.434846 -3.378471
v -7.048996 -8.434927 -3.384873
v -7.044127 -8.439559 -3.397495
v -7.045254 -8.386523 -3.277392
v -7.058359 -8.390821 -3.281211
v -7.076132 -8.386114 -3.262469
v -7.058359 -8.390821 -3.281211
v -7.071140 -8.390649 -3.275020
v -7.076132 -8.386114 -3.262469
v -7.076132 -8.386114 -3.262469
v -7.070493 -8.380126 -3.250761
v -7.039507 -8.380333 -3.265741
v -7.045254 -8.386523 -3.277392
v -7.076132 -8.386114 -3.262469
v -7.039507 -8.380333 -3.265741
v -7.070493 -8.380126 -3.250761
v -7.057422 -8.375980 -3.246826
v -7.044584 -8.376075 -3.253013
v -7.042389 -8.331506 -3.143614
v -7.055460 -8.335379 -3.147882
v -7.068390 -8.335224 -3.141923
v -7.068390 -8.335224 -3.141923
v -7.073609 -8.331105 -3.129274
v -7.042389 -8.331506 -3.143614
v -7.073609 -8.331105 -3.129274
v -7.068055 -8.325463 -3.117299
v -7.036825 -8.325901 -3.131574
v -7.042389 -8.331506 -3.143614
v -7.073609 -8.331105 -3.129274
v -7.036825 -8.325901 -3.131574
v -7.068055 -8.325463 -3.117299
v -7.054974 -8.321629 -3.112966
v -7.042035 -8.321821 -3.118860
v -7.042120 -8.280948 -3.007723
v -7.055027 -8.284600 -3.012374
v -7.036980 -8.275923 -2.995316
v -7.055027 -8.284600 -3.012374
v -7.068129 -8.284809 -3.006558
v -7.036980 -8.275923 -2.995316
v -7.068129 -8.284809 -3.006558
v -7.073743 -8.281524 -2.993697
v -7.042608 -8.272540 -2.982434
v -7.073743 -8.281524 -2.993697
v -7.068589 -8.276599 -2.981310
v -7.042608 -8.272540 -2.982434
v -7.068589 -8.276599 -2.981310
v -7.055697 -8.272850 -2.976638
v -7.042608 -8.272540 -2.982434
v -7.045228 -8.236979 -2.869384
v -7.058009 -8.240997 -2.874197
v -7.071066 -8.241904 -2.868446
v -7.071066 -8.241904 -2.868446
v -7.076738 -8.239235 -2.855515
v -7.040223 -8.232136 -2.856811
v -7.076738 -8.239235 -2.855515
v -7.071714 -8.234489 -2.842963
v -7.045911 -8.229374 -2.843857
v -7.040223 -8.232136 -2.856811
v -7.076738 -8.239235 -2.855515
v -7.045911 -8.229374 -2.843857
v -7.071714 -8.234489 -2.842963
v -7.058967 -8.230452 -2.838109
v -7.045911 -8.229374 -2.843857
v -7.049784 -8.199524 -2.729332
v -7.062398 -8.203733 -2.734330
v -7.044976 -8.195243 -2.716534
v -7.062398 -8.203733 -2.734330
v -7.075413 -8.205472 -2.728614
v -7.044976 -8.195243 -2.716534
v -7.075413 -8.205472 -2.728614
v -7.081191 -8.203785 -2.715545
v -7.050775 -8.193463 -2.703446
v -7.081191 -8.203785 -2.715545
v -7.076361 -8.199595 -2.702766
v -7.050775 -8.193463 -2.703446
v -7.076361 -8.199595 -2.702766
v -7.063768 -8.195294 -2.697749
v -7.050775 -8.193463 -2.703446
v -7.055479 -8.168608 -2.587883
v -7.067949 -8.173168 -2.593012
v -7.080862 -8.175550 -2.587370
v -7.080862 -8.175550 -2.587370
v -7.086640 -8.174475 -2.574266
v -7.056610 -8.163628 -2.561797
v -7.086640 -8.174475 -2.574266
v -7.081943 -8.170750 -2.561320
v -7.069511 -8.166230 -2.556150
v -7.056610 -8.163628 -2.561797
v -7.086640 -8.174475 -2.574266
v -7.069511 -8.166230 -2.556150
v -7.056610 -8.163628 -2.561797
v -7.050778 -8.164530 -2.574965
v -7.080862 -8.175550 -2.587370
v -7.061834 -8.143689 -2.445385
v -7.074139 -8.148476 -2.450654
v -7.086932 -8.151610 -2.445065
v -7.086932 -8.151610 -2.445065
v -7.092696 -8.151317 -2.431905
v -7.057242 -8.139989 -2.432333
v -7.092696 -8.151317 -2.431905
v -7.088076 -8.147708 -2.418869
v -7.063035 -8.139609 -2.419155
v -7.088076 -8.147708 -2.418869
v -7.075799 -8.142833 -2.413584
v -7.063035 -8.139609 -2.419155
v -7.063035 -8.139609 -2.419155
v -7.057242 -8.139989 -2.432333
v -7.092696 -8.151317 -2.431905
v -7.068431 -8.123944 -2.302125
v -7.080575 -8.128955 -2.307522
v -7.063908 -8.120673 -2.288951
v -7.080575 -8.128955 -2.307522
v -7.093203 -8.132836 -2.301991
v -7.098895 -8.133375 -2.288785
v -7.069631 -8.121123 -2.275729
v -7.098895 -8.133375 -2.288785
v -7.094338 -8.130196 -2.275627
v -7.082227 -8.125095 -2.270216
v -7.069631 -8.121123 -2.275729
v -7.098895 -8.133375 -2.288785
v -7.082227 -8.125095 -2.270216
v -7.074852 -8.110113 -2.158138
v -7.086820 -8.115479 -2.163637
v -7.099250 -8.119985 -2.158180
v -7.099250 -8.119985 -2.158180
v -7.104832 -8.121058 -2.144975
v -7.070379 -8.106971 -2.144892
v -7.104832 -8.121058 -2.144975
v -7.100324 -8.118007 -2.131747
v -7.075999 -8.107956 -2.131670
v -7.100324 -8.118007 -2.131747
v -7.088380 -8.112638 -2.126221
v -7.075999 -8.107956 -2.131670
v -7.075999 -8.107956 -2.131670
v -7.070379 -8.106971 -2.144892
v -7.104832 -8.121058 -2.144975
v -7.080536 -8.102036 -2.013572
v -7.092343 -8.107606 -2.019187
v -7.104505 -8.112908 -2.013792
v -7.104505 -8.112908 -2.013792
v -7.109865 -8.114902 -2.000557
v -7.076029 -8.099393 -2.000223
v -7.109865 -8.114902 -2.000557
v -7.105315 -8.112355 -1.987226
v -7.081433 -8.101295 -1.986974
v -7.105315 -8.112355 -1.987226
v -7.093551 -8.106692 -1.981594
v -7.081433 -8.101295 -1.986974
v -7.081433 -8.101295 -1.986974
v -7.076029 -8.099393 -2.000223
v -7.109865 -8.114902 -2.000557
v -7.084282 -8.100493 -1.868497
v -7.095992 -8.106261 -1.874236
v -7.107908 -8.112083 -1.868945
v -7.107908 -8.112083 -1.868945
v -7.112987 -8.114615 -1.855749
v -7.084282 -8.100493 -1.868497
v -7.112987 -8.114615 -1.855749
v -7.108096 -8.112483 -1.842368
v -7.079583 -8.098207 -1.855080
v -7.084282 -8.100493 -1.868497
v -7.112987 -8.114615 -1.855749
v -7.079583 -8.098207 -1.855080
v -7.108096 -8.112483 -1.842368
v -7.096251 -8.106866 -1.836612
v -7.084427 -8.100983 -1.841870
v -7.083726 -8.105904 -1.723539
v -7.095816 -8.110860 -1.729394
v -7.107817 -8.116480 -1.724252
v -7.107817 -8.116480 -1.724252
v -7.112731 -8.119396 -1.711141
v -7.083726 -8.105904 -1.723539
v -7.112731 -8.119396 -1.711141
v -7.107648 -8.117976 -1.697725
v -7.083726 -8.105904 -1.723539
v -7.107648 -8.117976 -1.697725
v -7.095512 -8.113127 -1.691845
v -7.078598 -8.104589 -1.710098
v -7.095512 -8.113127 -1.691845
v -7.083467 -8.107612 -1.696963
v -7.078598 -8.104589 -1.710098
v -7.081982 -8.118275 -1.579020
v -7.094337 -8.122332 -1.584972
v -7.106548 -8.127672 -1.579989
v -7.106548 -8.127672 -1.579989
v -7.111491 -8.131088 -1.567006
v -7.081982 -8.118275 -1.579020
v -7.111491 -8.131088 -1.567006
v -7.106241 -8.130660 -1.553612
v -7.076691 -8.117956 -1.565603
v -7.081982 -8.118275 -1.579020
v -7.111491 -8.131088 -1.567006
v -7.076691 -8.117956 -1.565603
v -7.106241 -8.130660 -1.553612
v -7.093844 -8.126715 -1.547637
v -7.081593 -8.121487 -1.552597
v -7.079844 -8.137544 -1.435283
v -7.092416 -8.140824 -1.441336
v -7.109862 -8.149231 -1.423610
v -7.092416 -8.140824 -1.441336
v -7.104839 -8.145700 -1.436495
v -7.109862 -8.149231 -1.423610
v -7.109862 -8.149231 -1.423610
v -7.104517 -8.149435 -1.410214
v -7.079844 -8.137544 -1.435283
v -7.104517 -8.149435 -1.410214
v -7.091913 -8.146382 -1.404158
v -7.074461 -8.137863 -1.421867
v -7.091913 -8.146382 -1.404158
v -7.079449 -8.141513 -1.408961
v -7.074461 -8.137863 -1.421867
v -7.077950 -8.163272 -1.292509
v -7.090685 -8.165574 -1.298633
v -7.103324 -8.170110 -1.293970
v -7.103324 -8.170110 -1.293970
v -7.108485 -8.174130 -1.281269
v -7.077950 -8.163272 -1.292509
v -7.108485 -8.174130 -1.281269
v -7.103123 -8.175375 -1.267953
v -7.077950 -8.163272 -1.292509
v -7.090355 -8.173200 -1.261804
v -7.090355 -8.173200 -1.261804
v -7.077685 -8.168789 -1.266443
v -7.072556 -8.164639 -1.279168
v -7.076990 -8.195881 -1.150988
v -7.089855 -8.197300 -1.157218
v -7.108022 -8.205562 -1.140206
v -7.089855 -8.197300 -1.157218
v -7.102687 -8.201301 -1.152732
v -7.108022 -8.205562 -1.140206
v -7.108022 -8.205562 -1.140206
v -7.102799 -8.207974 -1.127031
v -7.071644 -8.198089 -1.137699
v -7.076990 -8.195881 -1.150988
v -7.108022 -8.205562 -1.140206
v -7.071644 -8.198089 -1.137699
v -7.102799 -8.207974 -1.127031
v -7.089962 -8.206888 -1.120815
v -7.077050 -8.202833 -1.125224
v -7.078333 -8.236927 -1.011370
v -7.091201 -8.237168 -1.017696
v -7.104285 -8.240764 -1.013501
v -7.104285 -8.240764 -1.013501
v -7.109935 -8.245501 -1.001271
v -7.078333 -8.236927 -1.011370
v -7.109935 -8.245501 -1.001271
v -7.104827 -8.248713 -0.988140
v -7.078333 -8.236927 -1.011370
v -7.104827 -8.248713 -0.988140
v -7.091942 -8.248627 -0.981775
v -7.073207 -8.240293 -0.998200
v -7.091942 -8.248627 -0.981775
v -7.078839 -8.245185 -0.985929
v -7.073207 -8.240293 -0.998200
v -7.083072 -8.286199 -0.874010
v -7.095783 -8.285077 -0.880448
v -7.109179 -8.288227 -0.876671
v -7.109179 -8.288227 -0.876671
v -7.115416 -8.293676 -0.864940
v -7.083072 -8.286199 -0.874010
v -7.115416 -8.293676 -0.864940
v -7.110838 -8.298363 -0.852076
v -7.078486 -8.291075 -0.861077
v -7.083072 -8.286199 -0.874010
v -7.115416 -8.293676 -0.864940
v -7.078486 -8.291075 -0.861077
v -7.110838 -8.298363 -0.852076
v -7.098122 -8.299680 -0.845569
v -7.084719 -8.296715 -0.849277
v -7.094338 -8.346713 -0.741184
v -7.106860 -8.344326 -0.747732
v -7.120462 -8.346787 -0.744384
v -7.120462 -8.346787 -0.744384
v -7.127175 -8.352541 -0.733120
v -7.094338 -8.346713 -0.741184
v -7.127175 -8.352541 -0.733120
v -7.123069 -8.358334 -0.720519
v -7.090234 -8.352667 -0.728558
v -7.094338 -8.346713 -0.741184
v -7.127175 -8.352541 -0.733120
v -7.090234 -8.352667 -0.728558
v -7.123069 -8.358334 -0.720519
v -7.110652 -8.360976 -0.714050
v -7.090234 -8.352667 -0.728558
v -7.110902 -8.413301 -0.613857
v -7.123359 -8.410586 -0.620256
v -7.137022 -8.413051 -0.617080
v -7.137022 -8.413051 -0.617080
v -7.143890 -8.419258 -0.606167
v -7.110902 -8.413301 -0.613857
v -7.143890 -8.419258 -0.606167
v -7.139936 -8.425564 -0.593931
v -7.106944 -8.419589 -0.601651
v -7.110902 -8.413301 -0.613857
v -7.139936 -8.425564 -0.593931
v -7.127474 -8.428260 -0.587562
v -7.113808 -8.425780 -0.590768
v -7.125980 -8.482268 -0.488410
v -7.138510 -8.479578 -0.494623
v -7.152140 -8.482197 -0.491309
v -7.152140 -8.482197 -0.491309
v -7.158857 -8.488658 -0.480413
v -7.121857 -8.488736 -0.476353
v -7.158857 -8.488658 -0.480413
v -7.154655 -8.495276 -0.468386
v -7.121857 -8.488736 -0.476353
v -7.152140 -8.482197 -0.491309
v -7.121857 -8.488736 -0.476353
v -7.125980 -8.482268 -0.488410
v -7.154655 -8.495276 -0.468386
v -7.142076 -8.498033 -0.462232
v -7.128490 -8.495319 -0.465540
v -7.138974 -8.554762 -0.364395
v -7.151602 -8.551970 -0.370408
v -7.165160 -8.554832 -0.367052
v -7.165160 -8.554832 -0.367052
v -7.171704 -8.561680 -0.356280
v -7.138974 -8.554762 -0.364395
v -7.171704 -8.561680 -0.356280
v -7.167402 -8.568496 -0.344414
v -7.141213 -8.568407 -0.341789
v -7.138974 -8.554762 -0.364395
v -7.171704 -8.561680 -0.356280
v -7.134670 -8.561568 -0.352545
v -7.167402 -8.568496 -0.344414
v -7.154773 -8.571280 -0.338417
v -7.141213 -8.568407 -0.341789
v -7.150721 -8.631156 -0.242316
v -7.163385 -8.628184 -0.248162
v -7.176915 -8.631279 -0.244885
v -7.176915 -8.631279 -0.244885
v -7.183383 -8.638627 -0.234408
v -7.150721 -8.631156 -0.242316
v -7.183383 -8.638627 -0.234408
v -7.179003 -8.645926 -0.222864
v -7.146341 -8.638459 -0.230766
v -7.150721 -8.631156 -0.242316
v -7.179003 -8.645926 -0.222864
v -7.166339 -8.648904 -0.217012
v -7.152810 -8.645811 -0.220283
v -7.162259 -8.712175 -0.123073
v -7.174904 -8.709062 -0.128907
v -7.188441 -8.712216 -0.125763
v -7.188441 -8.712216 -0.125763
v -7.194938 -8.719781 -0.115494
v -7.162259 -8.712175 -0.123073
v -7.194938 -8.719781 -0.115494
v -7.190591 -8.727335 -0.104103
v -7.157914 -8.719741 -0.111665
v -7.162259 -8.712175 -0.123073
v -7.194938 -8.719781 -0.115494
v -7.157914 -8.719741 -0.111665
v -7.190591 -8.727335 -0.104103
v -7.177976 -8.730542 -0.098317
v -7.164413 -8.727320 -0.101378
v -7.187447 -8.793576 -0.012527
v -7.201044 -8.796789 -0.009657
v -7.207717 -8.804690 0.000211
v -7.170737 -8.804946 0.004442
v -7.207717 -8.804690 0.000211
v -7.203559 -8.812666 0.011320
v -7.203559 -8.812666 0.011320
v -7.191009 -8.816061 0.017181
v -7.177414 -8.812870 0.014342
v -7.177414 -8.812870 0.014342
v -7.170737 -8.804946 0.004442
v -7.203559 -8.812666 0.011320
v -7.189426 -8.884531 0.107083
v -7.201906 -8.880974 0.101139
v -7.215534 -8.884109 0.103780
v -7.215534 -8.884109 0.103780
v -7.222372 -8.892124 0.113401
v -7.189426 -8.884531 0.107083
v -7.222372 -8.892124 0.113401
v -7.218483 -8.900386 0.124332
v -7.192384 -8.900853 0.127694
v -7.189426 -8.884531 0.107083
v -7.222372 -8.892124 0.113401
v -7.185455 -8.892753 0.118115
v -7.218483 -8.900386 0.124332
v -7.206063 -8.904008 0.130260
v -7.192384 -8.900853 0.127694
v -7.206267 -8.974056 0.218765
v -7.218629 -8.970303 0.212755
v -7.232332 -8.973402 0.215170
v -7.232332 -8.973402 0.215170
v -7.239347 -8.981526 0.224580
v -7.202491 -8.982478 0.229697
v -7.239347 -8.981526 0.224580
v -7.235567 -8.989930 0.235489
v -7.202491 -8.982478 0.229697
v -7.235567 -8.989930 0.235489
v -7.223208 -8.993704 0.241523
v -7.209509 -8.990623 0.239131
v -7.209509 -8.990623 0.239131
v -7.235567 -8.989930 0.235489
v -7.224586 -9.065343 0.328891
v -7.236866 -9.061378 0.322859
v -7.250612 -9.064500 0.325068
v -7.257772 -9.072863 0.334211
v -7.257772 -9.072863 0.334211
v -7.254153 -9.081583 0.344947
v -7.228133 -9.082459 0.348809
v -7.220970 -9.074079 0.339646
v -7.257772 -9.072863 0.334211
v -7.228133 -9.082459 0.348809
v -7.254153 -9.081583 0.344947
v -7.241877 -9.085564 0.350999
v -7.228133 -9.082459 0.348809
v -7.244283 -9.159492 0.436671
v -7.256512 -9.155360 0.430595
v -7.270271 -9.158461 0.432632
v -7.270271 -9.158461 0.432632
v -7.277499 -9.166966 0.441576
v -7.244283 -9.159492 0.436671
v -7.277499 -9.166966 0.441576
v -7.273964 -9.175912 0.452197
v -7.240752 -9.168451 0.447315
v -7.244283 -9.159492 0.436671
v -7.277499 -9.166966 0.441576
v -7.240752 -9.168451 0.447315
v -7.273964 -9.175912 0.452197
v -7.261770 -9.180145 0.458218
v -7.247984 -9.176979 0.456276
v -7.265236 -9.256989 0.541438
v -7.277386 -9.252591 0.535420
v -7.291183 -9.255766 0.537193
v -7.298540 -9.264646 0.545707
v -7.261851 -9.266399 0.551734
v -7.298540 -9.264646 0.545707
v -7.295151 -9.274038 0.555986
v -7.261851 -9.266399 0.551734
v -7.295151 -9.274038 0.555986
v -7.283004 -9.278454 0.562021
v -7.269212 -9.275294 0.560265
v -7.287211 -9.357979 0.642667
v -7.299323 -9.353415 0.636658
v -7.313122 -9.356593 0.638260
v -7.313122 -9.356593 0.638260
v -7.320535 -9.365721 0.646439
v -7.287211 -9.357979 0.642667
v -7.317237 -9.375546 0.656314
v -7.287211 -9.357979 0.642667
v -7.320535 -9.365721 0.646439
v -7.283895 -9.367698 0.652688
v -7.317237 -9.375546 0.656314
v -7.305141 -9.380201 0.662241
v -7.291330 -9.376954 0.660742
v -7.309781 -9.462403 0.739872
v -7.321867 -9.457651 0.733991
v -7.335673 -9.460928 0.735380
v -7.343113 -9.470310 0.743222
v -7.306499 -9.472404 0.749580
v -7.343113 -9.470310 0.743222
v -7.339829 -9.480306 0.752926
v -7.306499 -9.472404 0.749580
v -7.335673 -9.460928 0.735380
v -7.306499 -9.472404 0.749580
v -7.309781 -9.462403 0.739872
v -7.339829 -9.480306 0.752926
v -7.327746 -9.485064 0.758811
v -7.313940 -9.481791 0.757427
v -7.332387 -9.568954 0.834275
v -7.344478 -9.564107 0.828493
v -7.358274 -9.567452 0.829761
v -7.358274 -9.567452 0.829761
v -7.365692 -9.577035 0.837335
v -7.332387 -9.568954 0.834275
v -7.365692 -9.577035 0.837335
v -7.362389 -9.587235 0.846780
v -7.329082 -9.579156 0.843719
v -7.350297 -9.592083 0.852561
v -7.336502 -9.588736 0.851293
v -7.354720 -9.677130 0.926631
v -7.366819 -9.672250 0.920882
v -7.380607 -9.675631 0.922118
v -7.380607 -9.675631 0.922118
v -7.388008 -9.685291 0.929616
v -7.354720 -9.677130 0.926631
v -7.388008 -9.685291 0.929616
v -7.354720 -9.677130 0.926631
v -7.388008 -9.685291 0.929616
v -7.351399 -9.687412 0.935998
v -7.384687 -9.695587 0.938972
v -7.372596 -9.700578 0.944650
v -7.358801 -9.697088 0.943487
v -7.377184 -9.788894 1.016225
v -7.389250 -9.783713 1.010646
v -7.403045 -9.787265 1.011609
v -7.403045 -9.787265 1.011609
v -7.410486 -9.797457 1.018538
v -7.373919 -9.799786 1.025085
v -7.410486 -9.797457 1.018538
v -7.407217 -9.808330 1.027385
v -7.373919 -9.799786 1.025085
v -7.403045 -9.787265 1.011609
v -7.377184 -9.788894 1.016225
v -7.407217 -9.808330 1.027385
v -7.395155 -9.813528 1.032976
v -7.381363 -9.809995 1.032028
v -7.400077 -9.905393 1.099872
v -7.412117 -9.900021 1.094393
v -7.425903 -9.903585 1.095128
v -7.425903 -9.903585 1.095128
v -7.433360 -9.914046 1.101505
v -7.400077 -9.905393 1.099872
v -7.430123 -9.925336 1.109675
v -7.400077 -9.905393 1.099872
v -7.433360 -9.914046 1.101505
v -7.396840 -9.916620 1.108226
v -7.430123 -9.925336 1.109675
v -7.418087 -9.930772 1.115032
v -7.404301 -9.927165 1.114433
v -7.423070 -10.024269 1.177929
v -7.435105 -10.018818 1.172614
v -7.427277 -10.046075 1.192035
v -7.435105 -10.018818 1.172614
v -7.448883 -10.022397 1.173142
v -7.448883 -10.022397 1.173142
v -7.456333 -10.032912 1.179204
v -7.453090 -10.044204 1.187249
v -7.453090 -10.044204 1.187249
v -7.441055 -10.049655 1.192564
v -7.448883 -10.022397 1.173142
v -7.441055 -10.049655 1.192564
v -7.445866 -10.142111 1.255363
v -7.457919 -10.136789 1.249975
v -7.463787 -10.166929 1.270547
v -7.457919 -10.136789 1.249975
v -7.471690 -10.140294 1.250613
v -7.475842 -10.161616 1.265166
v -7.471690 -10.140294 1.250613
v -7.479115 -10.150580 1.256907
v -7.475842 -10.161616 1.265166
v -7.463787 -10.166929 1.270547
v -7.463787 -10.166929 1.270547
v -7.450015 -10.163413 1.269903
v -7.445866 -10.142111 1.255363
v 2.590946 -7.626414 0.112230
v 2.591377 -7.623274 0.095267
v 2.592479 -7.609068 0.085558
v 2.592479 -7.609068 0.085558
v 2.592899 -7.592120 0.088736
v 2.590946 -7.626414 0.112230
v 2.592899 -7.592120 0.088736
v 2.592025 -7.582336 0.102901
v 2.590938 -7.585460 0.119814
v 2.590946 -7.626414 0.112230
v 2.592899 -7.592120 0.088736
v 2.590964 -7.616629 0.126455
v 2.590938 -7.585460 0.119814
v 2.590760 -7.599662 0.129584
v 2.592899 -7.592120 0.088736
v 2.589945 -7.604237 0.215102
v 2.589916 -7.601213 0.198075
v 2.588412 -7.587132 0.188228
v 2.588412 -7.587132 0.188228
v 2.586080 -7.570315 0.191278
v 2.589945 -7.604237 0.215102
v 2.586080 -7.570315 0.191278
v 2.583383 -7.560729 0.205347
v 2.582259 -7.563928 0.222224
v 2.589945 -7.604237 0.215102
v 2.586080 -7.570315 0.191278
v 2.582259 -7.563928 0.222224
v 2.582259 -7.563928 0.222224
v 2.584109 -7.577896 0.232155
v 2.589945 -7.604237 0.215102
v 2.573776 -7.582864 0.317118
v 2.575814 -7.579733 0.300229
v 2.573392 -7.566044 0.290012
v 2.573392 -7.566044 0.290012
v 2.568114 -7.549807 0.292434
v 2.573776 -7.582864 0.317118
v 2.568114 -7.549807 0.292434
v 2.562912 -7.540565 0.305989
v 2.560698 -7.543736 0.322758
v 2.573776 -7.582864 0.317118
v 2.568114 -7.549807 0.292434
v 2.560698 -7.543736 0.322758
v 2.560698 -7.543736 0.322758
v 2.562864 -7.557437 0.333000
v 2.573776 -7.582864 0.317118
v 2.542959 -7.563425 0.416250
v 2.547006 -7.560095 0.399727
v 2.545444 -7.546384 0.389365
v 2.545444 -7.546384 0.389365
v 2.539511 -7.530305 0.391243
v 2.542959 -7.563425 0.416250
v 2.539511 -7.530305 0.391243
v 2.532430 -7.521331 0.404066
v 2.528148 -7.524720 0.420355
v 2.542959 -7.563425 0.416250
v 2.539511 -7.530305 0.391243
v 2.528148 -7.524720 0.420355
v 2.528148 -7.524720 0.420355
v 2.529311 -7.538449 0.430717
v 2.542959 -7.563425 0.416250
v 2.499552 -7.545541 0.510781
v 2.505228 -7.542021 0.494841
v 2.504514 -7.528290 0.484421
v 2.504514 -7.528290 0.484421
v 2.498028 -7.512362 0.485674
v 2.499552 -7.545541 0.510781
v 2.498028 -7.512362 0.485674
v 2.489480 -7.503584 0.497772
v 2.483782 -7.507104 0.513641
v 2.499552 -7.545541 0.510781
v 2.498028 -7.512362 0.485674
v 2.484252 -7.520880 0.524003
v 2.483782 -7.507104 0.513641
v 2.484252 -7.520880 0.524003
v 2.498028 -7.512362 0.485674
v 2.449676 -7.528840 0.601927
v 2.456212 -7.525121 0.586380
v 2.456276 -7.511201 0.576200
v 2.456276 -7.511201 0.576200
v 2.449949 -7.495198 0.577384
v 2.449676 -7.528840 0.601927
v 2.449949 -7.495198 0.577384
v 2.441055 -7.486453 0.589274
v 2.434633 -7.490132 0.604841
v 2.449676 -7.528840 0.601927
v 2.449949 -7.495198 0.577384
v 2.434633 -7.490132 0.604841
v 2.434633 -7.490132 0.604841
v 2.434325 -7.504118 0.614931
v 2.449676 -7.528840 0.601927
v 2.395390 -7.513002 0.690664
v 2.402890 -7.509077 0.675615
v 2.403791 -7.494942 0.665772
v 2.403791 -7.494942 0.665772
v 2.397764 -7.478829 0.666992
v 2.395390 -7.513002 0.690664
v 2.397764 -7.478829 0.666992
v 2.388393 -7.470155 0.678567
v 2.381022 -7.474041 0.693658
v 2.395390 -7.513002 0.690664
v 2.397764 -7.478829 0.666992
v 2.381022 -7.474041 0.693658
v 2.381022 -7.474041 0.693658
v 2.379892 -7.488233 0.703401
v 2.395390 -7.513002 0.690664
v 2.336760 -7.497946 0.776710
v 2.345102 -7.493856 0.762160
v 2.346833 -7.479521 0.752721
v 2.346833 -7.479521 0.752721
v 2.341161 -7.463291 0.754048
v 2.336760 -7.497946 0.776710
v 2.341161 -7.463291 0.754048
v 2.331441 -7.454655 0.765363
v 2.323207 -7.458710 0.779955
v 2.336760 -7.497946 0.776710
v 2.341161 -7.463291 0.754048
v 2.323207 -7.458710 0.779955
v 2.323207 -7.458710 0.779955
v 2.321228 -7.473101 0.789259
v 2.336760 -7.497946 0.776710
v 2.274864 -7.483333 0.860484
v 2.283824 -7.479152 0.846337
v 2.286316 -7.464654 0.837327
v 2.286316 -7.464654 0.837327
v 2.281058 -7.448301 0.838843
v 2.274864 -7.483333 0.860484
v 2.281058 -7.448301 0.838843
v 2.271199 -7.439648 0.850026
v 2.274864 -7.483333 0.860484
v 2.271199 -7.439648 0.850026
v 2.262369 -7.443792 0.864239
v 2.274864 -7.483333 0.860484
v 2.262369 -7.443792 0.864239
v 2.259663 -7.458330 0.873120
v 2.274864 -7.483333 0.860484
v 2.211495 -7.468664 0.943116
v 2.220782 -7.464478 0.929185
v 2.223903 -7.449870 0.920551
v 2.223903 -7.449870 0.920551
v 2.219141 -7.433397 0.922339
v 2.211495 -7.468664 0.943116
v 2.219141 -7.433397 0.922339
v 2.209407 -7.424668 0.933570
v 2.211495 -7.468664 0.943116
v 2.209407 -7.424668 0.933570
v 2.200288 -7.428811 0.947595
v 2.211495 -7.468664 0.943116
v 2.200288 -7.428811 0.947595
v 2.197007 -7.443432 0.956135
v 2.211495 -7.468664 0.943116
v 2.148332 -7.453513 1.025812
v 2.157739 -7.449373 1.011946
v 2.138496 -7.413404 1.031075
v 2.157739 -7.449373 1.011946
v 2.161355 -7.434719 1.003594
v 2.138496 -7.413404 1.031075
v 2.161355 -7.434719 1.003594
v 2.157153 -7.418128 1.005700
v 2.147720 -7.409299 1.017101
v 2.147720 -7.409299 1.017101
v 2.138496 -7.413404 1.031075
v 2.161355 -7.434719 1.003594
v 2.138496 -7.413404 1.031075
v 2.134780 -7.428053 1.039374
v 2.148332 -7.453513 1.025812
v 2.086426 -7.437799 1.109247
v 2.095768 -7.433697 1.095358
v 2.099727 -7.419021 1.087219
v 2.095993 -7.402351 1.089621
v 2.086725 -7.393463 1.101157
v 2.077338 -7.397578 1.115046
v 2.073355 -7.412279 1.123143
v 2.073355 -7.412279 1.123143
v 2.077142 -7.428931 1.120745
v 2.086725 -7.393463 1.101157
v 2.077142 -7.428931 1.120745
v 2.086426 -7.437799 1.109247
v 2.099727 -7.419021 1.087219
v 2.023991 -7.422450 1.192303
v 2.033635 -7.418264 1.178612
v 2.037679 -7.403537 1.170592
v 2.037679 -7.403537 1.170592
v 2.033798 -7.386902 1.172957
v 2.024240 -7.378102 1.184282
v 2.024240 -7.378102 1.184282
v 2.014567 -7.382286 1.197914
v 2.037679 -7.403537 1.170592
v 2.014567 -7.382286 1.197914
v 2.010454 -7.396996 1.205914
v 2.023991 -7.422450 1.192303
v 2.010454 -7.396996 1.205914
v 2.014369 -7.413639 1.203614
v 2.023991 -7.422450 1.192303
v 1.959592 -7.406594 1.274257
v 1.969521 -7.402637 1.260645
v 1.973785 -7.388013 1.252551
v 1.973785 -7.388013 1.252551
v 1.969938 -7.371338 1.254667
v 1.959592 -7.406594 1.274257
v 1.969938 -7.371338 1.254667
v 1.960276 -7.362354 1.265684
v 1.950410 -7.366281 1.279196
v 1.959592 -7.406594 1.274257
v 1.969938 -7.371338 1.254667
v 1.950410 -7.366281 1.279196
v 1.950410 -7.366281 1.279196
v 1.946074 -7.380829 1.287360
v 1.959592 -7.406594 1.274257
v 1.894752 -7.388550 1.355613
v 1.904733 -7.384984 1.341933
v 1.909215 -7.370575 1.333575
v 1.909215 -7.370575 1.333575
v 1.905609 -7.353809 1.335378
v 1.894752 -7.388550 1.355613
v 1.905609 -7.353809 1.335378
v 1.896082 -7.344489 1.346230
v 1.886176 -7.348026 1.359832
v 1.894752 -7.388550 1.355613
v 1.905609 -7.353809 1.335378
v 1.886176 -7.348026 1.359832
v 1.886176 -7.348026 1.359832
v 1.881644 -7.362356 1.368263
v 1.894752 -7.388550 1.355613
v 1.830176 -7.368230 1.436596
v 1.840266 -7.365030 1.422899
v 1.844956 -7.350826 1.414317
v 1.844956 -7.350826 1.414317
v 1.841555 -7.333984 1.415826
v 1.830176 -7.368230 1.436596
v 1.841555 -7.333984 1.415826
v 1.832101 -7.324358 1.426467
v 1.822076 -7.327536 1.440055
v 1.830176 -7.368230 1.436596
v 1.841555 -7.333984 1.415826
v 1.822076 -7.327536 1.440055
v 1.822076 -7.327536 1.440055
v 1.817303 -7.341657 1.448704
v 1.830176 -7.368230 1.436596
v 1.765216 -7.345566 1.516693
v 1.775440 -7.342752 1.503029
v 1.780387 -7.328778 1.494215
v 1.780387 -7.328778 1.494215
v 1.777200 -7.311867 1.495374
v 1.765216 -7.345566 1.516693
v 1.777200 -7.311867 1.495374
v 1.767783 -7.301916 1.505771
v 1.757609 -7.304710 1.519358
v 1.765216 -7.345566 1.516693
v 1.777200 -7.311867 1.495374
v 1.757609 -7.304710 1.519358
v 1.757609 -7.304710 1.519358
v 1.752608 -7.318624 1.528221
v 1.765216 -7.345566 1.516693
v 1.700349 -7.321295 1.595947
v 1.710574 -7.318631 1.582312
v 1.715627 -7.304766 1.573388
v 1.715627 -7.304766 1.573388
v 1.712548 -7.287825 1.574396
v 1.700349 -7.321295 1.595947
v 1.703146 -7.277732 1.584744
v 1.703146 -7.277732 1.584744
v 1.692928 -7.280393 1.598381
v 1.687876 -7.294259 1.607309
v 1.690948 -7.311199 1.606298
v 1.634919 -7.296974 1.674454
v 1.645481 -7.294250 1.661085
v 1.628942 -7.255934 1.678057
v 1.645481 -7.294250 1.661085
v 1.650955 -7.280325 1.652502
v 1.639256 -7.253232 1.664505
v 1.650955 -7.280325 1.652502
v 1.648306 -7.263340 1.653864
v 1.639256 -7.253232 1.664505
v 1.639256 -7.253232 1.664505
v 1.628942 -7.255934 1.678057
v 1.645481 -7.294250 1.661085
v 1.628942 -7.255934 1.678057
v 1.623220 -7.269874 1.686453
v 1.634919 -7.296974 1.674454
v 1.568935 -7.272338 1.752680
v 1.579919 -7.269735 1.739581
v 1.586290 -7.255823 1.731605
v 1.586290 -7.255823 1.731605
v 1.584536 -7.238785 1.733551
v 1.565230 -7.231163 1.757638
v 1.584536 -7.238785 1.733551
v 1.575901 -7.228589 1.744390
v 1.565230 -7.231163 1.757638
v 1.565230 -7.231163 1.757638
v 1.558544 -7.245010 1.765435
v 1.568935 -7.272338 1.752680
v 1.558544 -7.245010 1.765435
v 1.559986 -7.262075 1.763340
v 1.568935 -7.272338 1.752680
v 1.502728 -7.245974 1.830532
v 1.514165 -7.243750 1.817722
v 1.521600 -7.230074 1.810290
v 1.521600 -7.230074 1.810290
v 1.520908 -7.213012 1.812693
v 1.501605 -7.204809 1.836542
v 1.520908 -7.213012 1.812693
v 1.512721 -7.202576 1.823612
v 1.501605 -7.204809 1.836542
v 1.501605 -7.204809 1.836542
v 1.493849 -7.218366 1.843817
v 1.502728 -7.245974 1.830532
v 1.493849 -7.218366 1.843817
v 1.494220 -7.235442 1.841303
v 1.502728 -7.245974 1.830532
v 1.436676 -7.217237 1.907676
v 1.448480 -7.215442 1.895162
v 1.456909 -7.202097 1.888209
v 1.456909 -7.202097 1.888209
v 1.457213 -7.185079 1.890991
v 1.436676 -7.217237 1.907676
v 1.457213 -7.185079 1.890991
v 1.449400 -7.174381 1.901963
v 1.437856 -7.176196 1.914595
v 1.436676 -7.217237 1.907676
v 1.457213 -7.185079 1.890991
v 1.437856 -7.176196 1.914595
v 1.437856 -7.176196 1.914595
v 1.429167 -7.189439 1.921397
v 1.436676 -7.217237 1.907676
v 1.370847 -7.186684 1.984131
v 1.382980 -7.185217 1.971885
v 1.392187 -7.172165 1.965377
v 1.392187 -7.172165 1.965377
v 1.393245 -7.155238 1.968504
v 1.373809 -7.145886 1.991843
v 1.393245 -7.155238 1.968504
v 1.385702 -7.144386 1.979506
v 1.373809 -7.145886 1.991843
v 1.373809 -7.145886 1.991843
v 1.364355 -7.158818 1.998219
v 1.370847 -7.186684 1.984131
v 1.364355 -7.158818 1.998219
v 1.363055 -7.175718 1.995005
v 1.370847 -7.186684 1.984131
v 1.304700 -7.153783 2.059710
v 1.317217 -7.152891 2.047745
v 1.327304 -7.140308 2.041632
v 1.327304 -7.140308 2.041632
v 1.329253 -7.123509 2.045021
v 1.309916 -7.113323 2.068007
v 1.329253 -7.123509 2.045021
v 1.322132 -7.112390 2.055979
v 1.309916 -7.113323 2.068007
v 1.309916 -7.113323 2.068007
v 1.299554 -7.125721 2.074013
v 1.304700 -7.153783 2.059710
v 1.299554 -7.125721 2.074013
v 1.297302 -7.142477 2.070560
v 1.304700 -7.153783 2.059710
v 1.239145 -7.117729 2.134374
v 1.251880 -7.117427 2.122650
v 1.262818 -7.105406 2.116881
v 1.262818 -7.105406 2.116881
v 1.265711 -7.088796 2.120517
v 1.246544 -7.077753 2.143314
v 1.265711 -7.088796 2.120517
v 1.259035 -7.077389 2.131497
v 1.246544 -7.077753 2.143314
v 1.246544 -7.077753 2.143314
v 1.235398 -7.089620 2.148978
v 1.239145 -7.117729 2.134374
v 1.235398 -7.089620 2.148978
v 1.232257 -7.106173 2.145247
v 1.239145 -7.117729 2.134374
v 1.175965 -7.080165 2.209975
v 1.188192 -7.079980 2.197731
v 1.199054 -7.068082 2.191583
v 1.199054 -7.068082 2.191583
v 1.201911 -7.051369 2.194764
v 1.175965 -7.080165 2.209975
v 1.201911 -7.051369 2.194764
v 1.194813 -7.039528 2.205024
v 1.182195 -7.039540 2.216680
v 1.175965 -7.080165 2.209975
v 1.201911 -7.051369 2.194764
v 1.182195 -7.039540 2.216680
v 1.182195 -7.039540 2.216680
v 1.171730 -7.051489 2.223356
v 1.175965 -7.080165 2.209975
v 1.114598 -7.039730 2.286515
v 1.126098 -7.040199 2.273468
v 1.135605 -7.028366 2.265306
v 1.135605 -7.028366 2.265306
v 1.137261 -7.011216 2.266327
v 1.114598 -7.039730 2.286515
v 1.137261 -7.011216 2.266327
v 1.129844 -6.998788 2.275445
v 1.118033 -6.998235 2.287802
v 1.114598 -7.039730 2.286515
v 1.137261 -7.011216 2.266327
v 1.118033 -6.998235 2.287802
v 1.118033 -6.998235 2.287802
v 1.108971 -7.009923 2.296630
v 1.114598 -7.039730 2.286515
v 1.055347 -6.994380 2.361724
v 1.066224 -6.995511 2.348326
v 1.074352 -6.984110 2.338271
v 1.074352 -6.984110 2.338271
v 1.074980 -6.966888 2.337385
v 1.055347 -6.994380 2.361724
v 1.074980 -6.966888 2.337385
v 1.067760 -6.953959 2.346129
v 1.057205 -6.952845 2.359699
v 1.055347 -6.994380 2.361724
v 1.074980 -6.966888 2.337385
v 1.057205 -6.952845 2.359699
v 1.057205 -6.952845 2.359699
v 1.048799 -6.964196 2.369598
v 1.055347 -6.994380 2.361724
v 0.993307 -6.946607 2.432806
v 1.005229 -6.948307 2.420233
v 1.015089 -6.937316 2.411318
v 1.015089 -6.937316 2.411318
v 1.017634 -6.920262 2.411561
v 1.000859 -6.905692 2.434025
v 1.017634 -6.920262 2.411561
v 1.011924 -6.907270 2.421094
v 1.000859 -6.905692 2.434025
v 1.000859 -6.905692 2.434025
v 0.990295 -6.916318 2.442543
v 0.993307 -6.946607 2.432806
v 0.990295 -6.916318 2.442543
v 0.986908 -6.933228 2.441941
v 0.993307 -6.946607 2.432806
v 0.933922 -6.892768 2.503397
v 0.946246 -6.896050 2.491452
v 0.958416 -6.886581 2.483752
v 0.958416 -6.886581 2.483752
v 0.963790 -6.870232 2.485035
v 0.933922 -6.892768 2.503397
v 0.963790 -6.870232 2.485035
v 0.959739 -6.856851 2.494763
v 0.948215 -6.853817 2.506974
v 0.933922 -6.892768 2.503397
v 0.963790 -6.870232 2.485035
v 0.948215 -6.853817 2.506974
v 0.948215 -6.853817 2.506974
v 0.935435 -6.862747 2.514326
v 0.933922 -6.892768 2.503397
v 0.880385 -6.833719 2.573431
v 0.892362 -6.837779 2.561580
v 0.905807 -6.829558 2.554581
v 0.905807 -6.829558 2.554581
v 0.912819 -6.813900 2.556388
v 0.897339 -6.795891 2.577375
v 0.912819 -6.813900 2.556388
v 0.909277 -6.799985 2.565790
v 0.897339 -6.795891 2.577375
v 0.897339 -6.795891 2.577375
v 0.883949 -6.804004 2.584588
v 0.880385 -6.833719 2.573431
v 0.883949 -6.804004 2.584588
v 0.876906 -6.819682 2.583041
v 0.880385 -6.833719 2.573431
v 0.831107 -6.770434 2.644281
v 0.842561 -6.775866 2.632062
v 0.855908 -6.768531 2.624017
v 0.855908 -6.768531 2.624017
v 0.863413 -6.752985 2.624496
v 0.831107 -6.770434 2.644281
v 0.863413 -6.752985 2.624496
v 0.860814 -6.738534 2.632837
v 0.849757 -6.733164 2.644413
v 0.831107 -6.770434 2.644281
v 0.863413 -6.752985 2.624496
v 0.849757 -6.733164 2.644413
v 0.849757 -6.733164 2.644413
v 0.836412 -6.739979 2.652919
v 0.831107 -6.770434 2.644281
v 0.789411 -6.697782 2.711844
v 0.799706 -6.704969 2.699668
v 0.812951 -6.699298 2.690241
v 0.812951 -6.699298 2.690241
v 0.821416 -6.684304 2.688843
v 0.789411 -6.697782 2.711844
v 0.821416 -6.684304 2.688843
v 0.820224 -6.668943 2.696030
v 0.810309 -6.661965 2.707905
v 0.789411 -6.697782 2.711844
v 0.821416 -6.684304 2.688843
v 0.810309 -6.661965 2.707905
v 0.810309 -6.661965 2.707905
v 0.796997 -6.667193 2.717537
v 0.789411 -6.697782 2.711844
v 0.755286 -6.615957 2.774131
v 0.764769 -6.625639 2.762634
v 0.778684 -6.622435 2.753006
v 0.778684 -6.622435 2.753006
v 0.789186 -6.608893 2.750845
v 0.755286 -6.615957 2.774131
v 0.789186 -6.608893 2.750845
v 0.790550 -6.593513 2.757285
v 0.781904 -6.584355 2.768373
v 0.755286 -6.615957 2.774131
v 0.789186 -6.608893 2.750845
v 0.781904 -6.584355 2.768373
v 0.781904 -6.584355 2.768373
v 0.767692 -6.586512 2.777898
v 0.755286 -6.615957 2.774131
v 0.731720 -6.525084 2.826940
v 0.740448 -6.536615 2.816867
v 0.755205 -6.536087 2.807939
v 0.755205 -6.536087 2.807939
v 0.767381 -6.524189 2.805213
v 0.761664 -6.497017 2.819245
v 0.767381 -6.524189 2.805213
v 0.769935 -6.508216 2.810021
v 0.761664 -6.497017 2.819245
v 0.761664 -6.497017 2.819245
v 0.747077 -6.496773 2.828423
v 0.731720 -6.525084 2.826940
v 0.747077 -6.496773 2.828423
v 0.734622 -6.508216 2.831848
v 0.731720 -6.525084 2.826940
v 0.718147 -6.427084 2.869997
v 0.725400 -6.440167 2.861354
v 0.739516 -6.441955 2.851615
v 0.739516 -6.441955 2.851615
v 0.752128 -6.431415 2.846368
v 0.718147 -6.427084 2.869997
v 0.752128 -6.431415 2.846368
v 0.755730 -6.414689 2.848432
v 0.721740 -6.410439 2.872102
v 0.718147 -6.427084 2.869997
v 0.752128 -6.431415 2.846368
v 0.721740 -6.410439 2.872102
v 0.755730 -6.414689 2.848432
v 0.748143 -6.401452 2.856686
v 0.734093 -6.399756 2.866534
v 0.704566 -6.328640 2.904661
v 0.712008 -6.341960 2.896169
v 0.725772 -6.343581 2.885909
v 0.725772 -6.343581 2.885909
v 0.737707 -6.332772 2.879716
v 0.704566 -6.328640 2.904661
v 0.737707 -6.332772 2.879716
v 0.740724 -6.316031 2.880895
v 0.733093 -6.302901 2.888470
v 0.704566 -6.328640 2.904661
v 0.737707 -6.332772 2.879716
v 0.733093 -6.302901 2.888470
v 0.733093 -6.302901 2.888470
v 0.719412 -6.300836 2.898782
v 0.704566 -6.328640 2.904661
v 0.687759 -6.224392 2.923672
v 0.696154 -6.239103 2.918990
v 0.709976 -6.242495 2.909231
v 0.709976 -6.242495 2.909231
v 0.721557 -6.232929 2.900765
v 0.687759 -6.224392 2.923672
v 0.721557 -6.232929 2.900765
v 0.724473 -6.216331 2.898808
v 0.716545 -6.202067 2.903391
v 0.687759 -6.224392 2.923672
v 0.721557 -6.232929 2.900765
v 0.716545 -6.202067 2.903391
v 0.716545 -6.202067 2.903391
v 0.702085 -6.198178 2.911988
v 0.687759 -6.224392 2.923672
v 0.665986 -6.120324 2.914792
v 0.675188 -6.134964 2.914341
v 0.698330 -6.099638 2.898707
v 0.675188 -6.134964 2.914341
v 0.690848 -6.139318 2.908546
v 0.698330 -6.099638 2.898707
v 0.690848 -6.139318 2.908546
v 0.704024 -6.130774 2.901437
v 0.698330 -6.099638 2.898707
v 0.704024 -6.130774 2.901437
v 0.707242 -6.114284 2.897687
v 0.698330 -6.099638 2.898707
v 0.698330 -6.099638 2.898707
v 0.682470 -6.095274 2.903931
v 0.665986 -6.120324 2.914792
v 0.651929 -6.015029 2.906659
v 0.658816 -6.030694 2.904278
v 0.654639 -5.999425 2.899986
v 0.658816 -6.030694 2.904278
v 0.672510 -6.036669 2.895682
v 0.684005 -6.029830 2.884775
v 0.684005 -6.029830 2.884775
v 0.685467 -6.014619 2.876555
v 0.654639 -5.999425 2.899986
v 0.685467 -6.014619 2.876555
v 0.676783 -5.999514 2.877069
v 0.654639 -5.999425 2.899986
v 0.676783 -5.999514 2.877069
v 0.664458 -5.993114 2.887245
v 0.654639 -5.999425 2.899986
v 0.628445 -5.915939 2.886873
v 0.638149 -5.930142 2.886144
v 0.627975 -5.901077 2.878219
v 0.638149 -5.930142 2.886144
v 0.650595 -5.935884 2.875659
v 0.659606 -5.929135 2.862604
v 0.660775 -5.913267 2.855587
v 0.638149 -5.930142 2.886144
v 0.659606 -5.929135 2.862604
v 0.660775 -5.913267 2.855587
v 0.652187 -5.898267 2.857689
v 0.638149 -5.930142 2.886144
v 0.652187 -5.898267 2.857689
v 0.638193 -5.893494 2.866591
v 0.627975 -5.901077 2.878219
v 0.592453 -5.821926 2.856220
v 0.603370 -5.835167 2.857611
v 0.593470 -5.805927 2.849991
v 0.603370 -5.835167 2.857611
v 0.619689 -5.838084 2.852821
v 0.593470 -5.805927 2.849991
v 0.619689 -5.838084 2.852821
v 0.631861 -5.828891 2.844787
v 0.593470 -5.805927 2.849991
v 0.631861 -5.828891 2.844787
v 0.632769 -5.812938 2.838192
v 0.593470 -5.805927 2.849991
v 0.632769 -5.812938 2.838192
v 0.621483 -5.799942 2.836027
v 0.605342 -5.796936 2.841260
v 0.560396 -5.724650 2.832381
v 0.570320 -5.738798 2.832111
v 0.584852 -5.743242 2.823976
v 0.584852 -5.743242 2.823976
v 0.594827 -5.735928 2.811943
v 0.560396 -5.724650 2.832381
v 0.594827 -5.735928 2.811943
v 0.593809 -5.721662 2.802285
v 0.583103 -5.708176 2.801587
v 0.560396 -5.724650 2.832381
v 0.594827 -5.735928 2.811943
v 0.560339 -5.709609 2.823843
v 0.583103 -5.708176 2.801587
v 0.569497 -5.702981 2.810807
v 0.594827 -5.735928 2.811943
v 0.537252 -5.642973 2.803866
v 0.557826 -5.643166 2.779529
v 0.549714 -5.649017 2.793596
v 0.547284 -5.614362 2.770348
v 0.547284 -5.614362 2.770348
v 0.534815 -5.608300 2.780615
v 0.526711 -5.614171 2.794685
v -2.384588 -7.378295 -0.952874
v -2.394657 -7.376782 -0.941197
v -2.403637 -7.352811 -0.972700
v -2.394657 -7.376782 -0.941197
v -2.407177 -7.367965 -0.938487
v -2.413630 -7.350989 -0.960812
v -2.407177 -7.367965 -0.938487
v -2.415001 -7.357195 -0.946542
v -2.413630 -7.350989 -0.960812
v -2.413630 -7.350989 -0.960812
v -2.403637 -7.352811 -0.972700
v -2.394657 -7.376782 -0.941197
v -2.403637 -7.352811 -0.972700
v -2.390858 -7.361369 -0.975127
v -2.384588 -7.378295 -0.952874
v -2.424211 -7.396470 -0.862969
v -2.433429 -7.394697 -0.850682
v -2.422849 -7.389458 -0.876679
v -2.433429 -7.394697 -0.850682
v -2.444929 -7.384993 -0.846758
v -2.451168 -7.366447 -0.867871
v -2.444929 -7.384993 -0.846758
v -2.452255 -7.373202 -0.853788
v -2.451168 -7.366447 -0.867871
v -2.451168 -7.366447 -0.867871
v -2.442140 -7.368497 -0.880500
v -2.430258 -7.377971 -0.884013
v -2.430258 -7.377971 -0.884013
v -2.422849 -7.389458 -0.876679
v -2.451168 -7.366447 -0.867871
v -2.458845 -7.415785 -0.771635
v -2.466592 -7.413882 -0.758472
v -2.476739 -7.403416 -0.753078
v -2.476739 -7.403416 -0.753078
v -2.483548 -7.390679 -0.758888
v -2.458845 -7.415785 -0.771635
v -2.483548 -7.390679 -0.758888
v -2.483236 -7.383291 -0.772772
v -2.475364 -7.385513 -0.786208
v -2.458845 -7.415785 -0.771635
v -2.483548 -7.390679 -0.758888
v -2.475364 -7.385513 -0.786208
v -2.475364 -7.385513 -0.786208
v -2.464758 -7.395785 -0.791165
v -2.458845 -7.415785 -0.771635
v -2.486150 -7.436499 -0.678133
v -2.492622 -7.434437 -0.664225
v -2.485836 -7.428457 -0.691312
v -2.492622 -7.434437 -0.664225
v -2.501152 -7.423370 -0.657507
v -2.507449 -7.401965 -0.675716
v -2.501152 -7.423370 -0.657507
v -2.507348 -7.409839 -0.662204
v -2.507449 -7.401965 -0.675716
v -2.507449 -7.401965 -0.675716
v -2.501226 -7.404224 -0.689926
v -2.492140 -7.415150 -0.696284
v -2.492140 -7.415150 -0.696284
v -2.485836 -7.428457 -0.691312
v -2.492622 -7.434437 -0.664225
v -2.506736 -7.458243 -0.582788
v -2.511848 -7.456081 -0.568311
v -2.518995 -7.444510 -0.560728
v -2.524715 -7.422126 -0.577851
v -2.518995 -7.444510 -0.560728
v -2.524226 -7.430406 -0.564621
v -2.524715 -7.422126 -0.577851
v -2.524715 -7.422126 -0.577851
v -2.519937 -7.424429 -0.592529
v -2.512456 -7.435861 -0.599911
v -2.512456 -7.435861 -0.599911
v -2.506891 -7.449826 -0.595818
v -2.524715 -7.422126 -0.577851
v -2.522667 -7.480539 -0.486340
v -2.526751 -7.478265 -0.471531
v -2.533523 -7.445631 -0.494746
v -2.526751 -7.478265 -0.471531
v -2.532489 -7.466335 -0.463400
v -2.537431 -7.443234 -0.479823
v -2.532489 -7.466335 -0.463400
v -2.536882 -7.451787 -0.466806
v -2.537431 -7.443234 -0.479823
v -2.537431 -7.443234 -0.479823
v -2.533523 -7.445631 -0.494746
v -2.526751 -7.478265 -0.471531
v -2.533523 -7.445631 -0.494746
v -2.527352 -7.457474 -0.502740
v -2.522667 -7.480539 -0.486340
v -2.535431 -7.503103 -0.389272
v -2.538707 -7.500737 -0.374271
v -2.543341 -7.488530 -0.365827
v -2.543341 -7.488530 -0.365827
v -2.546812 -7.473683 -0.368935
v -2.535431 -7.503103 -0.389272
v -2.546812 -7.473683 -0.368935
v -2.547273 -7.464942 -0.381819
v -2.535545 -7.494300 -0.402081
v -2.535431 -7.503103 -0.389272
v -2.546812 -7.473683 -0.368935
v -2.535545 -7.494300 -0.402081
v -2.547273 -7.464942 -0.381819
v -2.544198 -7.467390 -0.396885
v -2.539207 -7.479535 -0.405252
v -2.546396 -7.525788 -0.291743
v -2.549138 -7.523352 -0.276570
v -2.552771 -7.510902 -0.268153
v -2.552771 -7.510902 -0.268153
v -2.555368 -7.495795 -0.271294
v -2.546396 -7.525788 -0.291743
v -2.555368 -7.495795 -0.271294
v -2.555582 -7.486953 -0.284023
v -2.553051 -7.489483 -0.299063
v -2.546396 -7.525788 -0.291743
v -2.555368 -7.495795 -0.271294
v -2.546289 -7.516863 -0.304599
v -2.553051 -7.489483 -0.299063
v -2.549123 -7.501850 -0.307609
v -2.555368 -7.495795 -0.271294
v -2.556787 -7.547607 -0.192723
v -2.559541 -7.543899 -0.177627
v -2.562777 -7.530422 -0.170108
v -2.562777 -7.530422 -0.170108
v -2.564349 -7.515757 -0.174314
v -2.560953 -7.511605 -0.202011
v -2.564349 -7.515757 -0.174314
v -2.563636 -7.507899 -0.187380
v -2.560953 -7.511605 -0.202011
v -2.560953 -7.511605 -0.202011
v -2.557990 -7.524281 -0.209903
v -2.556787 -7.547607 -0.192723
v -2.557990 -7.524281 -0.209903
v -2.556063 -7.539610 -0.206237
v -2.556787 -7.547607 -0.192723
v -2.568939 -7.557390 -0.091836
v -2.571410 -7.552557 -0.077201
v -2.568499 -7.550395 -0.105788
v -2.571410 -7.552557 -0.077201
v -2.574870 -7.538916 -0.070551
v -2.576891 -7.517590 -0.089635
v -2.574870 -7.538916 -0.070551
v -2.577185 -7.524441 -0.075725
v -2.576891 -7.517590 -0.089635
v -2.576891 -7.517590 -0.089635
v -2.573965 -7.522226 -0.104137
v -2.570518 -7.535813 -0.110852
v -2.570518 -7.535813 -0.110852
v -2.568499 -7.550395 -0.105788
v -2.576891 -7.517590 -0.089635
v -2.576559 -7.563651 0.008623
v -2.578722 -7.558602 0.023199
v -2.582365 -7.544909 0.029648
v -2.582365 -7.544909 0.029648
v -2.585545 -7.530701 0.024208
v -2.576559 -7.563651 0.008623
v -2.585545 -7.530701 0.024208
v -2.586000 -7.524146 0.010127
v -2.579897 -7.542757 -0.010875
v -2.576559 -7.563651 0.008623
v -2.585545 -7.530701 0.024208
v -2.577038 -7.557075 -0.005506
v -2.586000 -7.524146 0.010127
v -2.583566 -7.529107 -0.004382
v -2.579897 -7.542757 -0.010875
v -2.578952 -7.567508 0.109356
v -2.580511 -7.562164 0.123900
v -2.584436 -7.548510 0.130225
v -2.584436 -7.548510 0.130225
v -2.588330 -7.534517 0.124645
v -2.578952 -7.567508 0.109356
v -2.588330 -7.534517 0.124645
v -2.589812 -7.528355 0.110449
v -2.588058 -7.533639 0.095936
v -2.578952 -7.567508 0.109356
v -2.588330 -7.534517 0.124645
v -2.588058 -7.533639 0.095936
v -2.588058 -7.533639 0.095936
v -2.584233 -7.547315 0.089583
v -2.578952 -7.567508 0.109356
v -2.575694 -7.569093 0.210043
v -2.576477 -7.563442 0.224523
v -2.580408 -7.549755 0.230789
v -2.580408 -7.549755 0.230789
v -2.585247 -7.536079 0.225180
v -2.575694 -7.569093 0.210043
v -2.585247 -7.536079 0.225180
v -2.587909 -7.530337 0.210974
v -2.575694 -7.569093 0.210043
v -2.587909 -7.530337 0.210974
v -2.586752 -7.535861 0.196485
v -2.575694 -7.569093 0.210043
v -2.586752 -7.535861 0.196485
v -2.582791 -7.549529 0.190206
v -2.575694 -7.569093 0.210043
v -2.565803 -7.568253 0.310224
v -2.565980 -7.562385 0.324633
v -2.579297 -7.529926 0.311245
v -2.565980 -7.562385 0.324633
v -2.570009 -7.548732 0.330902
v -2.579297 -7.529926 0.311245
v -2.570009 -7.548732 0.330902
v -2.575647 -7.535328 0.325376
v -2.579297 -7.529926 0.311245
v -2.579297 -7.529926 0.311245
v -2.578995 -7.535751 0.296816
v -2.565803 -7.568253 0.310224
v -2.578995 -7.535751 0.296816
v -2.575006 -7.549420 0.290554
v -2.565803 -7.568253 0.310224
v -2.549296 -7.565143 0.409406
v -2.548283 -7.558888 0.423598
v -2.552224 -7.545229 0.429902
v -2.552224 -7.545229 0.429902
v -2.558781 -7.532151 0.424601
v -2.549296 -7.565143 0.409406
v -2.558781 -7.532151 0.424601
v -2.563984 -7.527267 0.410754
v -2.564343 -7.533301 0.396403
v -2.549296 -7.565143 0.409406
v -2.558781 -7.532151 0.424601
v -2.564343 -7.533301 0.396403
v -2.564343 -7.533301 0.396403
v -2.560273 -7.546927 0.390092
v -2.549296 -7.565143 0.409406
v -2.524797 -7.559415 0.506722
v -2.523113 -7.552964 0.520763
v -2.531087 -7.554906 0.493240
v -2.523113 -7.552964 0.520763
v -2.527044 -7.539344 0.527172
v -2.540558 -7.521999 0.508646
v -2.527044 -7.539344 0.527172
v -2.534353 -7.526550 0.522191
v -2.540558 -7.521999 0.508646
v -2.540558 -7.521999 0.508646
v -2.542129 -7.528401 0.494532
v -2.538157 -7.542020 0.488149
v -2.538157 -7.542020 0.488149
v -2.531087 -7.554906 0.493240
v -2.540558 -7.521999 0.508646
v -2.492653 -7.551324 0.601467
v -2.488885 -7.544190 0.614747
v -2.507242 -7.513437 0.603421
v -2.488885 -7.544190 0.614747
v -2.491423 -7.530068 0.620763
v -2.507242 -7.513437 0.603421
v -2.491423 -7.530068 0.620763
v -2.498956 -7.517302 0.616049
v -2.507242 -7.513437 0.603421
v -2.507242 -7.513437 0.603421
v -2.510783 -7.520511 0.589983
v -2.507746 -7.534450 0.583776
v -2.507746 -7.534450 0.583776
v -2.500222 -7.547203 0.588543
v -2.507242 -7.513437 0.603421
v -2.445553 -7.538186 0.689300
v -2.439481 -7.530212 0.701227
v -2.440293 -7.515468 0.706135
v -2.440293 -7.515468 0.706135
v -2.447923 -7.502740 0.701484
v -2.445553 -7.538186 0.689300
v -2.447923 -7.502740 0.701484
v -2.457797 -7.499433 0.689942
v -2.445553 -7.538186 0.689300
v -2.457797 -7.499433 0.689942
v -2.463912 -7.507409 0.678071
v -2.445553 -7.538186 0.689300
v -2.463912 -7.507409 0.678071
v -2.462674 -7.522000 0.672816
v -2.445553 -7.538186 0.689300
v -2.387248 -7.520626 0.769710
v -2.380027 -7.512158 0.780614
v -2.379910 -7.497111 0.784549
v -2.379910 -7.497111 0.784549
v -2.387098 -7.484328 0.779360
v -2.404884 -7.489806 0.757506
v -2.387098 -7.484328 0.779360
v -2.397514 -7.481326 0.768236
v -2.404884 -7.489806 0.757506
v -2.404884 -7.489806 0.757506
v -2.404778 -7.504785 0.753321
v -2.387248 -7.520626 0.769710
v -2.404778 -7.504785 0.753321
v -2.397436 -7.517553 0.758332
v -2.387248 -7.520626 0.769710
v -2.327237 -7.501523 0.848344
v -2.320087 -7.492988 0.859226
v -2.319504 -7.477834 0.862672
v -2.319504 -7.477834 0.862672
v -2.325890 -7.464949 0.856737
v -2.327237 -7.501523 0.848344
v -2.325890 -7.464949 0.856737
v -2.335629 -7.461891 0.845025
v -2.343019 -7.470448 0.834363
v -2.327237 -7.501523 0.848344
v -2.325890 -7.464949 0.856737
v -2.343492 -7.485582 0.830799
v -2.343019 -7.470448 0.834363
v -2.343492 -7.485582 0.830799
v -2.325890 -7.464949 0.856737
v -2.267937 -7.481686 0.927630
v -2.260585 -7.472900 0.938219
v -2.260139 -7.457674 0.941411
v -2.260139 -7.457674 0.941411
v -2.266865 -7.444991 0.935443
v -2.267937 -7.481686 0.927630
v -2.266865 -7.444991 0.935443
v -2.276655 -7.442177 0.923741
v -2.283879 -7.450922 0.913165
v -2.267937 -7.481686 0.927630
v -2.266865 -7.444991 0.935443
v -2.283879 -7.450922 0.913165
v -2.283879 -7.450922 0.913165
v -2.284368 -7.466104 0.909873
v -2.267937 -7.481686 0.927630
v -2.206028 -7.459419 1.004287
v -2.198429 -7.450334 1.014406
v -2.215787 -7.420158 1.000354
v -2.198429 -7.450334 1.014406
v -2.198198 -7.435083 1.017470
v -2.215787 -7.420158 1.000354
v -2.198198 -7.435083 1.017470
v -2.205412 -7.422589 1.011659
v -2.215787 -7.420158 1.000354
v -2.215787 -7.420158 1.000354
v -2.223217 -7.429173 0.990126
v -2.206028 -7.459419 1.004287
v -2.223217 -7.429173 0.990126
v -2.223501 -7.444421 0.987052
v -2.206028 -7.459419 1.004287
v -2.142176 -7.435951 1.078433
v -2.134514 -7.426904 1.088462
v -2.152866 -7.433538 1.067430
v -2.134514 -7.426904 1.088462
v -2.134384 -7.411703 1.091710
v -2.152517 -7.396783 1.075105
v -2.134384 -7.411703 1.091710
v -2.141853 -7.399208 1.086204
v -2.152517 -7.396783 1.075105
v -2.152517 -7.396783 1.075105
v -2.160149 -7.405842 1.064983
v -2.160293 -7.421076 1.061827
v -2.160293 -7.421076 1.061827
v -2.152866 -7.433538 1.067430
v -2.152517 -7.396783 1.075105
v -2.077960 -7.413597 1.152096
v -2.070378 -7.404879 1.162412
v -2.088626 -7.410913 1.141178
v -2.070378 -7.404879 1.162412
v -2.070285 -7.389773 1.166123
v -2.088626 -7.410913 1.141178
v -2.070285 -7.389773 1.166123
v -2.077742 -7.377134 1.160967
v -2.088386 -7.374373 1.149879
v -2.088386 -7.374373 1.149879
v -2.096002 -7.383185 1.139489
v -2.096106 -7.398337 1.135930
v -2.096106 -7.398337 1.135930
v -2.088626 -7.410913 1.141178
v -2.088386 -7.374373 1.149879
v -2.014668 -7.393857 1.227082
v -2.007192 -7.385519 1.237780
v -2.025102 -7.390699 1.216069
v -2.007192 -7.385519 1.237780
v -2.006967 -7.370528 1.241927
v -2.024756 -7.354498 1.225971
v -2.025102 -7.390699 1.216069
v -2.007192 -7.385519 1.237780
v -2.024756 -7.354498 1.225971
v -2.006967 -7.370528 1.241927
v -2.014207 -7.357657 1.237049
v -2.024756 -7.354498 1.225971
v -2.024756 -7.354498 1.225971
v -2.032347 -7.362899 1.215224
v -2.032458 -7.377885 1.211139
v -1.952070 -7.377223 1.303299
v -1.944379 -7.369248 1.314142
v -1.962345 -7.373609 1.292286
v -1.944379 -7.369248 1.314142
v -1.943693 -7.354322 1.318486
v -1.960906 -7.337554 1.302696
v -1.943693 -7.354322 1.318486
v -1.950503 -7.341170 1.313755
v -1.960906 -7.337554 1.302696
v -1.960906 -7.337554 1.302696
v -1.968718 -7.345587 1.291817
v -1.969276 -7.360538 1.287521
v -1.969276 -7.360538 1.287521
v -1.962345 -7.373609 1.292286
v -1.960906 -7.337554 1.302696
v -1.889091 -7.363134 1.380076
v -1.881190 -7.355373 1.390991
v -1.880175 -7.340472 1.395315
v -1.880175 -7.340472 1.395315
v -1.886683 -7.327165 1.390551
v -1.889091 -7.363134 1.380076
v -1.886683 -7.327165 1.390551
v -1.896942 -7.323257 1.379524
v -1.899275 -7.359231 1.369010
v -1.889091 -7.363134 1.380076
v -1.886683 -7.327165 1.390551
v -1.899275 -7.359231 1.369010
v -1.896942 -7.323257 1.379524
v -1.904905 -7.331049 1.368644
v -1.905848 -7.345945 1.364282
v -1.825587 -7.349266 1.457236
v -1.817602 -7.341332 1.468024
v -1.816523 -7.326295 1.471976
v -1.816523 -7.326295 1.471976
v -1.822975 -7.313120 1.466896
v -1.825587 -7.349266 1.457236
v -1.822975 -7.313120 1.466896
v -1.833173 -7.309359 1.455820
v -1.841150 -7.317284 1.445158
v -1.825587 -7.349266 1.457236
v -1.822975 -7.313120 1.466896
v -1.842237 -7.332231 1.441061
v -1.841150 -7.317284 1.445158
v -1.842237 -7.332231 1.441061
v -1.822975 -7.313120 1.466896
v -1.761766 -7.332818 1.534225
v -1.753828 -7.324268 1.544687
v -1.772035 -7.329526 1.522862
v -1.753828 -7.324268 1.544687
v -1.752903 -7.309101 1.548038
v -1.769703 -7.293063 1.531278
v -1.752903 -7.309101 1.548038
v -1.759495 -7.296181 1.542434
v -1.769703 -7.293063 1.531278
v -1.769703 -7.293063 1.531278
v -1.777599 -7.301393 1.520945
v -1.778580 -7.316490 1.517407
v -1.778580 -7.316490 1.517407
v -1.772035 -7.329526 1.522862
v -1.769703 -7.293063 1.531278
v -1.697995 -7.312375 1.610278
v -1.690132 -7.303433 1.620369
v -1.714280 -7.281764 1.595965
v -1.690132 -7.303433 1.620369
v -1.689480 -7.288166 1.623323
v -1.714280 -7.281764 1.595965
v -1.689480 -7.288166 1.623323
v -1.696321 -7.275523 1.617406
v -1.714280 -7.281764 1.595965
v -1.696321 -7.275523 1.617406
v -1.706551 -7.272863 1.606067
v -1.714280 -7.281764 1.595965
v -1.714280 -7.281764 1.595965
v -1.715070 -7.297022 1.593010
v -1.697995 -7.312375 1.610278
v -1.633900 -7.289587 1.684932
v -1.626257 -7.280464 1.695006
v -1.626157 -7.265231 1.698113
v -1.626157 -7.265231 1.698113
v -1.633545 -7.252785 1.692394
v -1.633900 -7.289587 1.684932
v -1.633545 -7.252785 1.692394
v -1.643978 -7.250391 1.681160
v -1.651462 -7.259438 1.671020
v -1.633900 -7.289587 1.684932
v -1.633545 -7.252785 1.692394
v -1.651724 -7.274676 1.667959
v -1.651462 -7.259438 1.671020
v -1.651724 -7.274676 1.667959
v -1.633545 -7.252785 1.692394
v -1.569797 -7.265052 1.759068
v -1.562408 -7.255702 1.769140
v -1.562919 -7.240491 1.772399
v -1.562919 -7.240491 1.772399
v -1.570903 -7.228335 1.766907
v -1.569797 -7.265052 1.759068
v -1.570903 -7.228335 1.766907
v -1.581558 -7.226279 1.755831
v -1.588775 -7.235511 1.745684
v -1.569797 -7.265052 1.759068
v -1.570903 -7.228335 1.766907
v -1.588444 -7.250726 1.742467
v -1.588775 -7.235511 1.745684
v -1.588444 -7.250726 1.742467
v -1.570903 -7.228335 1.766907
v -1.505782 -7.238379 1.832595
v -1.498674 -7.228846 1.842672
v -1.499826 -7.213715 1.846100
v -1.499826 -7.213715 1.846100
v -1.508430 -7.201873 1.840845
v -1.505782 -7.238379 1.832595
v -1.508430 -7.201873 1.840845
v -1.519327 -7.200149 1.829924
v -1.526256 -7.209614 1.819783
v -1.505782 -7.238379 1.832595
v -1.508430 -7.201873 1.840845
v -1.525287 -7.224764 1.816404
v -1.526256 -7.209614 1.819783
v -1.525287 -7.224764 1.816404
v -1.508430 -7.201873 1.840845
v -1.441997 -7.209659 1.905478
v -1.435182 -7.199901 1.915553
v -1.436934 -7.184879 1.919194
v -1.436934 -7.184879 1.919194
v -1.446116 -7.173355 1.914214
v -1.457237 -7.172031 1.903476
v -1.457237 -7.172031 1.903476
v -1.463899 -7.181674 1.893309
v -1.436934 -7.184879 1.919194
v -1.463899 -7.181674 1.893309
v -1.462310 -7.196732 1.889737
v -1.441997 -7.209659 1.905478
v -1.462310 -7.196732 1.889737
v -1.453285 -7.208342 1.894799
v -1.441997 -7.209659 1.905478
v -1.378529 -7.179337 1.977819
v -1.371959 -7.169516 1.987963
v -1.374224 -7.154623 1.991868
v -1.374224 -7.154623 1.991868
v -1.383895 -7.143382 1.987198
v -1.378529 -7.179337 1.977819
v -1.383895 -7.143382 1.987198
v -1.395220 -7.142295 1.976615
v -1.401657 -7.152054 1.966385
v -1.378529 -7.179337 1.977819
v -1.383895 -7.143382 1.987198
v -1.401657 -7.152054 1.966385
v -1.401657 -7.152054 1.966385
v -1.399531 -7.166975 1.962556
v -1.378529 -7.179337 1.977819
v -1.315346 -7.148097 2.049854
v -1.308982 -7.138255 2.060096
v -1.311653 -7.123521 2.064306
v -1.311653 -7.123521 2.064306
v -1.321720 -7.112491 2.059952
v -1.315346 -7.148097 2.049854
v -1.321720 -7.112491 2.059952
v -1.333213 -7.111590 2.049525
v -1.315346 -7.148097 2.049854
v -1.333213 -7.111590 2.049525
v -1.339473 -7.121368 2.039188
v -1.315346 -7.148097 2.049854
v -1.339473 -7.121368 2.039188
v -1.336910 -7.136146 2.035068
v -1.315346 -7.148097 2.049854
v -1.252234 -7.116276 2.121710
v -1.245949 -7.106360 2.131960
v -1.248914 -7.091713 2.136294
v -1.248914 -7.091713 2.136294
v -1.259328 -7.080923 2.132180
v -1.252234 -7.116276 2.121710
v -1.259328 -7.080923 2.132180
v -1.271011 -7.080228 2.121979
v -1.277191 -7.090061 2.111675
v -1.252234 -7.116276 2.121710
v -1.259328 -7.080923 2.132180
v -1.274318 -7.104725 2.107351
v -1.277191 -7.090061 2.111675
v -1.274318 -7.104725 2.107351
v -1.259328 -7.080923 2.132180
v -1.188692 -7.082551 2.192816
v -1.182618 -7.072321 2.202959
v -1.186096 -7.057793 2.207239
v -1.186096 -7.057793 2.207239
v -1.196970 -7.047420 2.203167
v -1.188692 -7.082551 2.192816
v -1.196970 -7.047420 2.203167
v -1.208760 -7.047206 2.193145
v -1.214693 -7.057286 2.183007
v -1.188692 -7.082551 2.192816
v -1.196970 -7.047420 2.203167
v -1.214693 -7.057286 2.183007
v -1.214693 -7.057286 2.183007
v -1.211393 -7.071846 2.178694
v -1.188692 -7.082551 2.192816
v -1.126088 -7.045476 2.263453
v -1.120540 -7.034893 2.273542
v -1.124702 -7.020491 2.277716
v -1.124702 -7.020491 2.277716
v -1.136011 -7.010671 2.273546
v -1.126088 -7.045476 2.263453
v -1.136011 -7.010671 2.273546
v -1.147762 -7.011091 2.263493
v -1.153223 -7.021496 2.253440
v -1.126088 -7.045476 2.263453
v -1.136011 -7.010671 2.273546
v -1.153223 -7.021496 2.253440
v -1.153223 -7.021496 2.253440
v -1.149247 -7.035945 2.249243
v -1.126088 -7.045476 2.263453
v -1.065787 -7.005578 2.334493
v -1.060752 -6.994768 2.344665
v -1.065423 -6.980382 2.348459
v -1.065423 -6.980382 2.348459
v -1.076916 -6.971014 2.343885
v -1.065787 -7.005578 2.334493
v -1.076916 -6.971014 2.343885
v -1.088592 -6.971940 2.333831
v -1.093599 -6.982693 2.323955
v -1.065787 -7.005578 2.334493
v -1.076916 -6.971014 2.343885
v -1.093599 -6.982693 2.323955
v -1.093599 -6.982693 2.323955
v -1.089068 -6.996968 2.319861
v -1.065787 -7.005578 2.334493
v -1.008991 -6.961468 2.406735
v -1.004585 -6.949926 2.416297
v -1.036563 -6.939647 2.393457
v -1.004585 -6.949926 2.416297
v -1.009456 -6.935390 2.418952
v -1.032031 -6.928217 2.402783
v -1.009456 -6.935390 2.418952
v -1.020803 -6.926389 2.413292
v -1.032031 -6.928217 2.402783
v -1.032031 -6.928217 2.402783
v -1.036563 -6.939647 2.393457
v -1.004585 -6.949926 2.416297
v -1.036563 -6.939647 2.393457
v -1.031678 -6.954133 2.390544
v -1.008991 -6.961468 2.406735
v -0.955654 -6.915636 2.478472
v -0.950950 -6.904125 2.487850
v -0.966185 -6.916909 2.467124
v -0.950950 -6.904125 2.487850
v -0.954397 -6.888993 2.489271
v -0.966185 -6.916909 2.467124
v -0.954397 -6.888993 2.489271
v -0.964383 -6.879314 2.482372
v -0.966185 -6.916909 2.467124
v -0.964383 -6.879314 2.482372
v -0.975542 -6.880850 2.471646
v -0.966185 -6.916909 2.467124
v -0.975542 -6.880850 2.471646
v -0.980899 -6.892588 2.462883
v -0.976810 -6.907475 2.460842
v -0.904890 -6.865612 2.553061
v -0.900582 -6.852336 2.560756
v -0.903301 -6.837209 2.558569
v -0.903301 -6.837209 2.558569
v -0.911557 -6.828863 2.548322
v -0.925425 -6.844535 2.529656
v -0.911557 -6.828863 2.548322
v -0.920616 -6.831958 2.536561
v -0.925425 -6.844535 2.529656
v -0.925425 -6.844535 2.529656
v -0.922696 -6.859755 2.530912
v -0.904890 -6.865612 2.553061
v -0.922696 -6.859755 2.530912
v -0.914043 -6.868670 2.540337
v -0.904890 -6.865612 2.553061
v -0.859603 -6.802498 2.621153
v -0.856908 -6.788344 2.627747
v -0.862294 -6.773956 2.625066
v -0.862294 -6.773956 2.625066
v -0.871984 -6.767615 2.614745
v -0.859603 -6.802498 2.621153
v -0.871984 -6.767615 2.614745
v -0.879999 -6.772552 2.602732
v -0.882211 -6.786051 2.596040
v -0.859603 -6.802498 2.621153
v -0.871984 -6.767615 2.614745
v -0.882211 -6.786051 2.596040
v -0.882211 -6.786051 2.596040
v -0.877637 -6.800740 2.598648
v -0.859603 -6.802498 2.621153
v -0.821601 -6.731411 2.683748
v -0.820193 -6.717225 2.689965
v -0.847107 -6.704514 2.667073
v -0.820193 -6.717225 2.689965
v -0.827281 -6.703538 2.687866
v -0.847107 -6.704514 2.667073
v -0.827281 -6.703538 2.687866
v -0.838537 -6.698306 2.678492
v -0.847107 -6.704514 2.667073
v -0.847107 -6.704514 2.667073
v -0.848163 -6.718565 2.660512
v -0.821601 -6.731411 2.683748
v -0.848163 -6.718565 2.660512
v -0.841356 -6.732341 2.662866
v -0.821601 -6.731411 2.683748
v -0.784386 -6.659687 2.743498
v -0.783107 -6.645448 2.750119
v -0.791246 -6.632277 2.749124
v -0.791246 -6.632277 2.749124
v -0.803599 -6.627544 2.740868
v -0.784386 -6.659687 2.743498
v -0.803599 -6.627544 2.740868
v -0.812520 -6.633666 2.729953
v -0.813416 -6.647527 2.722966
v -0.784386 -6.659687 2.743498
v -0.803599 -6.627544 2.740868
v -0.793854 -6.666079 2.732928
v -0.813416 -6.647527 2.722966
v -0.805782 -6.660999 2.724311
v -0.803599 -6.627544 2.740868
v -0.750807 -6.579618 2.800060
v -0.752047 -6.565279 2.806005
v -0.783827 -6.575258 2.782754
v -0.752047 -6.565279 2.806005
v -0.762826 -6.554086 2.805547
v -0.783827 -6.575258 2.782754
v -0.762826 -6.554086 2.805547
v -0.776690 -6.552435 2.798668
v -0.783827 -6.575258 2.782754
v -0.776690 -6.552435 2.798668
v -0.785315 -6.561143 2.789108
v -0.783827 -6.575258 2.782754
v -0.783827 -6.575258 2.782754
v -0.773322 -6.586631 2.783569
v -0.750807 -6.579618 2.800060
v -0.724779 -6.497879 2.853991
v -0.726157 -6.482893 2.859031
v -0.749702 -6.470170 2.848553
v -0.726157 -6.482893 2.859031
v -0.736350 -6.471434 2.856440
v -0.749702 -6.470170 2.848553
v -0.749702 -6.470170 2.848553
v -0.758708 -6.479794 2.840806
v -0.757779 -6.494415 2.836241
v -0.724779 -6.497879 2.853991
v -0.749702 -6.470170 2.848553
v -0.757779 -6.494415 2.836241
v -0.757779 -6.494415 2.836241
v -0.747142 -6.505684 2.837368
v -0.733342 -6.507125 2.844446
v -0.701775 -6.407340 2.898173
v -0.703004 -6.391543 2.899507
v -0.711553 -6.380744 2.892093
v -0.711553 -6.380744 2.892093
v -0.722682 -6.381084 2.881357
v -0.701775 -6.407340 2.898173
v -0.722682 -6.381084 2.881357
v -0.730510 -6.391860 2.873948
v -0.730000 -6.407107 2.873466
v -0.701775 -6.407340 2.898173
v -0.722682 -6.381084 2.881357
v -0.730000 -6.407107 2.873466
v -0.730000 -6.407107 2.873466
v -0.720968 -6.418243 2.879551
v -0.701775 -6.407340 2.898173
v -0.683538 -6.309276 2.925980
v -0.684260 -6.293618 2.923612
v -0.692900 -6.284498 2.914525
v -0.692900 -6.284498 2.914525
v -0.703572 -6.286939 2.903401
v -0.683538 -6.309276 2.925980
v -0.703572 -6.286939 2.903401
v -0.709200 -6.299189 2.896116
v -0.707556 -6.314288 2.897497
v -0.683538 -6.309276 2.925980
v -0.703572 -6.286939 2.903401
v -0.707556 -6.314288 2.897497
v -0.707556 -6.314288 2.897497
v -0.699854 -6.323836 2.906975
v -0.683538 -6.309276 2.925980
v -0.660654 -6.209245 2.930302
v -0.662809 -6.193975 2.926916
v -0.674422 -6.185832 2.920544
v -0.674422 -6.185832 2.920544
v -0.688293 -6.189366 2.914452
v -0.660654 -6.209245 2.930302
v -0.688293 -6.189366 2.914452
v -0.695914 -6.202305 2.911311
v -0.693112 -6.217356 2.913168
v -0.660654 -6.209245 2.930302
v -0.688293 -6.189366 2.914452
v -0.693112 -6.217356 2.913168
v -0.693112 -6.217356 2.913168
v -0.682168 -6.225742 2.920407
v -0.660654 -6.209245 2.930302
v -0.644411 -6.108325 2.924585
v -0.647036 -6.094049 2.919521
v -0.651765 -6.121844 2.923245
v -0.647036 -6.094049 2.919521
v -0.657871 -6.087124 2.910798
v -0.678834 -6.105404 2.903169
v -0.657871 -6.087124 2.910798
v -0.671006 -6.091752 2.903830
v -0.678834 -6.105404 2.903169
v -0.678834 -6.105404 2.903169
v -0.676483 -6.119883 2.908711
v -0.665010 -6.126713 2.916695
v -0.665010 -6.126713 2.916695
v -0.651765 -6.121844 2.923245
v -0.678834 -6.105404 2.903169
v -0.624105 -6.011828 2.912542
v -0.625130 -5.997241 2.906599
v -0.634543 -5.990293 2.896374
v -0.634543 -5.990293 2.896374
v -0.646997 -5.994691 2.888122
v -0.624105 -6.011828 2.912542
v -0.646997 -5.994691 2.888122
v -0.655351 -6.007504 2.886909
v -0.632079 -6.025025 2.910556
v -0.624105 -6.011828 2.912542
v -0.646997 -5.994691 2.888122
v -0.632079 -6.025025 2.910556
v -0.655351 -6.007504 2.886909
v -0.654491 -6.021884 2.892840
v -0.644758 -6.029168 2.902515
v -0.601590 -5.913209 2.891327
v -0.603249 -5.899801 2.883096
v -0.612578 -5.895425 2.871352
v -0.612578 -5.895425 2.871352
v -0.623978 -5.902168 2.863329
v -0.601590 -5.913209 2.891327
v -0.623978 -5.902168 2.863329
v -0.631126 -5.915689 2.863514
v -0.629659 -5.928478 2.871804
v -0.601590 -5.913209 2.891327
v -0.623978 -5.902168 2.863329
v -0.629659 -5.928478 2.871804
v -0.629659 -5.928478 2.871804
v -0.620410 -5.933520 2.883148
v -0.601590 -5.913209 2.891327
v -0.586157 -5.817479 2.859135
v -0.588339 -5.805007 2.849966
v -0.612171 -5.836155 2.839567
v -0.588339 -5.805007 2.849966
v -0.597348 -5.801819 2.837676
v -0.612171 -5.836155 2.839567
v -0.597348 -5.801819 2.837676
v -0.608004 -5.809675 2.829532
v -0.614158 -5.823861 2.830372
v -0.614158 -5.823861 2.830372
v -0.612171 -5.836155 2.839567
v -0.597348 -5.801819 2.837676
v -0.612171 -5.836155 2.839567
v -0.603049 -5.839544 2.851720
v -0.586157 -5.817479 2.859135
v -0.562627 -5.729079 2.825523
v -0.562367 -5.716037 2.816958
v -0.571547 -5.741765 2.825812
v -0.562367 -5.716037 2.816958
v -0.571201 -5.710273 2.805499
v -0.571547 -5.741765 2.825812
v -0.571201 -5.710273 2.805499
v -0.583613 -5.715284 2.797616
v -0.571547 -5.741765 2.825812
v -0.583613 -5.715284 2.797616
v -0.592108 -5.728263 2.797553
v -0.571547 -5.741765 2.825812
v -0.592108 -5.728263 2.797553
v -0.592039 -5.741606 2.805660
v -0.583622 -5.747077 2.817477
v -0.531204 -5.639122 2.789728
v -0.532042 -5.626122 2.781195
v -0.557240 -5.623628 2.767596
v -0.532042 -5.626122 2.781195
v -0.542994 -5.619534 2.772347
v -0.557240 -5.623628 2.767596
v -0.557240 -5.623628 2.767596
v -0.566034 -5.636415 2.768952
v -0.564594 -5.650002 2.776378
v -0.531204 -5.639122 2.789728
v -0.557240 -5.623628 2.767596
v -0.540581 -5.651362 2.792113
v -0.564594 -5.650002 2.776378
v -0.554227 -5.656043 2.786254
v -0.540581 -5.651362 2.792113
v 4.352873 -8.031030 -5.097041
v 4.353935 -8.009598 -5.085266
v 4.369337 -8.047785 -5.104001
v 4.353935 -8.009598 -5.085266
v 4.371896 -7.995954 -5.075716
v 4.369337 -8.047785 -5.104001
v 4.396231 -7.998001 -5.074131
v 4.412689 -8.014629 -5.081295
v 4.411633 -8.036187 -5.092866
v 4.393678 -8.049957 -5.102211
v 4.393678 -8.049957 -5.102211
v 4.369337 -8.047785 -5.104001
v 4.412689 -8.014629 -5.081295
v 4.177558 -7.948754 -5.074620
v 4.178679 -7.927889 -5.061896
v 4.193945 -7.965401 -5.081993
v 4.178679 -7.927889 -5.061896
v 4.196645 -7.914918 -5.051430
v 4.193945 -7.965401 -5.081993
v 4.196645 -7.914918 -5.051430
v 4.220927 -7.917330 -5.049511
v 4.237306 -7.933822 -5.057106
v 4.237306 -7.933822 -5.057106
v 4.236194 -7.954842 -5.069606
v 4.196645 -7.914918 -5.051430
v 4.236194 -7.954842 -5.069606
v 4.218236 -7.967968 -5.079849
v 4.196645 -7.914918 -5.051430
v 4.003059 -7.864673 -5.051746
v 4.004318 -7.844459 -5.037931
v 4.019324 -7.881213 -5.059601
v 4.004318 -7.844459 -5.037931
v 4.022269 -7.832429 -5.026484
v 4.019324 -7.881213 -5.059601
v 4.022269 -7.832429 -5.026484
v 4.046471 -7.835332 -5.024220
v 4.062721 -7.851675 -5.032319
v 4.062721 -7.851675 -5.032319
v 4.061512 -7.872021 -5.045864
v 4.022269 -7.832429 -5.026484
v 4.061512 -7.872021 -5.045864
v 4.043541 -7.884314 -5.057093
v 4.022269 -7.832429 -5.026484
v 3.829973 -7.777601 -5.027890
v 3.831435 -7.758334 -5.012846
v 3.849445 -7.747506 -5.000286
v 3.849445 -7.747506 -5.000286
v 3.873422 -7.751256 -4.997770
v 3.829973 -7.777601 -5.027890
v 3.873422 -7.751256 -4.997770
v 3.889428 -7.767476 -5.006505
v 3.888040 -7.786956 -5.021237
v 3.829973 -7.777601 -5.027890
v 3.873422 -7.751256 -4.997770
v 3.870030 -7.798126 -5.033546
v 3.888040 -7.786956 -5.021237
v 3.870030 -7.798126 -5.033546
v 3.873422 -7.751256 -4.997770
v 3.658958 -7.686496 -5.002356
v 3.660758 -7.668464 -4.985919
v 3.674552 -7.703086 -5.011642
v 3.660758 -7.668464 -4.985919
v 3.678855 -7.659282 -4.972182
v 3.674552 -7.703086 -5.011642
v 3.678855 -7.659282 -4.972182
v 3.702606 -7.664056 -4.969410
v 3.718139 -7.680264 -4.979010
v 3.718139 -7.680264 -4.979010
v 3.716406 -7.698670 -4.995129
v 3.674552 -7.703086 -5.011642
v 3.716406 -7.698670 -4.995129
v 3.698364 -7.708243 -5.008558
v 3.674552 -7.703086 -5.011642
v 3.491497 -7.589392 -4.973669
v 3.493771 -7.572920 -4.955648
v 3.506576 -7.605860 -4.983897
v 3.493771 -7.572920 -4.955648
v 3.511879 -7.565966 -4.940764
v 3.506576 -7.605860 -4.983897
v 3.511879 -7.565966 -4.940764
v 3.535335 -7.572060 -4.937806
v 3.550367 -7.588056 -4.948350
v 3.550367 -7.588056 -4.948350
v 3.548204 -7.604913 -4.965991
v 3.511879 -7.565966 -4.940764
v 3.548204 -7.604913 -4.965991
v 3.530080 -7.612426 -4.980622
v 3.511879 -7.565966 -4.940764
v 3.328689 -7.486229 -4.940637
v 3.331081 -7.471582 -4.921112
v 3.371887 -7.474690 -4.902146
v 3.331081 -7.471582 -4.921112
v 3.348938 -7.466921 -4.905082
v 3.371887 -7.474690 -4.902146
v 3.371887 -7.474690 -4.902146
v 3.386518 -7.490378 -4.913680
v 3.384121 -7.505378 -4.932848
v 3.328689 -7.486229 -4.940637
v 3.371887 -7.474690 -4.902146
v 3.366111 -7.510576 -4.948644
v 3.384121 -7.505378 -4.932848
v 3.366111 -7.510576 -4.948644
v 3.371887 -7.474690 -4.902146
v 3.171960 -7.374704 -4.911298
v 3.174466 -7.359697 -4.892107
v 3.208045 -7.401203 -4.917378
v 3.174466 -7.359697 -4.892107
v 3.191916 -7.355722 -4.875404
v 3.208045 -7.401203 -4.917378
v 3.191916 -7.355722 -4.875404
v 3.214083 -7.365200 -4.870921
v 3.208045 -7.401203 -4.917378
v 3.214083 -7.365200 -4.870921
v 3.227987 -7.382486 -4.881337
v 3.225484 -7.397361 -4.900619
v 3.208045 -7.401203 -4.917378
v 3.214083 -7.365200 -4.870921
v 3.225484 -7.397361 -4.900619
v 3.016369 -7.260677 -4.886659
v 3.018883 -7.245032 -4.867991
v 3.058601 -7.249669 -4.846840
v 3.018883 -7.245032 -4.867991
v 3.036379 -7.240432 -4.851491
v 3.058601 -7.249669 -4.846840
v 3.058601 -7.249669 -4.846840
v 3.072537 -7.267229 -4.856793
v 3.016369 -7.260677 -4.886659
v 3.072537 -7.267229 -4.856793
v 3.070031 -7.282715 -4.875587
v 3.016369 -7.260677 -4.886659
v 3.070031 -7.282715 -4.875587
v 3.052544 -7.287166 -4.892145
v 3.016369 -7.260677 -4.886659
v 2.860615 -7.146071 -4.865660
v 2.863283 -7.129654 -4.847704
v 2.874486 -7.163957 -4.874933
v 2.863283 -7.129654 -4.847704
v 2.880876 -7.124436 -4.831478
v 2.874486 -7.163957 -4.874933
v 2.880876 -7.124436 -4.831478
v 2.903044 -7.133580 -4.826399
v 2.916920 -7.151515 -4.835756
v 2.916920 -7.151515 -4.835756
v 2.914326 -7.167726 -4.853932
v 2.874486 -7.163957 -4.874933
v 2.914326 -7.167726 -4.853932
v 2.896760 -7.172833 -4.870195
v 2.874486 -7.163957 -4.874933
v 2.705964 -7.028747 -4.848227
v 2.709247 -7.011633 -4.831047
v 2.719431 -7.047297 -4.856973
v 2.709247 -7.011633 -4.831047
v 2.727231 -7.006041 -4.815377
v 2.719431 -7.047297 -4.856973
v 2.749260 -7.015307 -4.810274
v 2.762552 -7.033943 -4.818849
v 2.759486 -7.050913 -4.836224
v 2.719431 -7.047297 -4.856973
v 2.759486 -7.050913 -4.836224
v 2.741635 -7.056476 -4.852041
v 2.719431 -7.047297 -4.856973
v 2.557302 -6.902553 -4.834607
v 2.562190 -6.884958 -4.818349
v 2.569085 -6.922741 -4.842230
v 2.562190 -6.884958 -4.818349
v 2.580643 -6.880242 -4.802914
v 2.569085 -6.922741 -4.842230
v 2.580643 -6.880242 -4.802914
v 2.601767 -6.890966 -4.797328
v 2.613318 -6.910999 -4.804893
v 2.613318 -6.910999 -4.804893
v 2.608695 -6.928712 -4.821220
v 2.569085 -6.922741 -4.842230
v 2.608695 -6.928712 -4.821220
v 2.590442 -6.933621 -4.836703
v 2.569085 -6.922741 -4.842230
v 2.420897 -6.762253 -4.826158
v 2.427055 -6.744991 -4.809856
v 2.452000 -6.795424 -4.828420
v 2.427055 -6.744991 -4.809856
v 2.445822 -6.741552 -4.794580
v 2.466117 -6.753736 -4.789236
v 2.452000 -6.795424 -4.828420
v 2.427055 -6.744991 -4.809856
v 2.466117 -6.753736 -4.789236
v 2.466117 -6.753736 -4.789236
v 2.476530 -6.774301 -4.796813
v 2.470736 -6.791625 -4.813047
v 2.452000 -6.795424 -4.828420
v 2.293738 -6.613266 -4.814056
v 2.301435 -6.596754 -4.797730
v 2.348331 -6.630117 -4.785706
v 2.301435 -6.596754 -4.797730
v 2.320685 -6.594941 -4.782672
v 2.348331 -6.630117 -4.785706
v 2.320685 -6.594941 -4.782672
v 2.340040 -6.608669 -4.777683
v 2.348331 -6.630117 -4.785706
v 2.348331 -6.630117 -4.785706
v 2.341121 -6.646743 -4.802025
v 2.302275 -6.635021 -4.822105
v 2.341121 -6.646743 -4.802025
v 2.321875 -6.649058 -4.817143
v 2.302275 -6.635021 -4.822105
v 2.190610 -6.437099 -4.786866
v 2.209784 -6.436610 -4.771655
v 2.209784 -6.436610 -4.771655
v 2.227899 -6.452055 -4.766184
v 2.234374 -6.474433 -4.773661
v 2.234374 -6.474433 -4.773661
v 2.225447 -6.490683 -4.789709
v 2.188158 -6.475727 -4.810391
v 2.206317 -6.491238 -4.804925
v 2.091244 -6.281743 -4.813104
v 2.102015 -6.264816 -4.799048
v 2.110310 -6.322591 -4.808577
v 2.102015 -6.264816 -4.799048
v 2.120511 -6.264852 -4.783018
v 2.110310 -6.322591 -4.808577
v 2.120511 -6.264852 -4.783018
v 2.135768 -6.281808 -4.774246
v 2.110310 -6.322591 -4.808577
v 2.135768 -6.281808 -4.774246
v 2.139118 -6.305721 -4.778040
v 2.128638 -6.322608 -4.792326
v 2.110310 -6.322591 -4.808577
v 2.135768 -6.281808 -4.774246
v 2.128638 -6.322608 -4.792326
v 2.011733 -6.104447 -4.832531
v 2.023834 -6.087613 -4.819521
v 2.060529 -6.129253 -4.799553
v 2.023834 -6.087613 -4.819521
v 2.043215 -6.087934 -4.804547
v 2.060529 -6.129253 -4.799553
v 2.043215 -6.087934 -4.804547
v 2.058324 -6.105157 -4.796202
v 2.060529 -6.129253 -4.799553
v 2.060529 -6.129253 -4.799553
v 2.048835 -6.146123 -4.812814
v 2.014195 -6.128644 -4.836138
v 2.048835 -6.146123 -4.812814
v 2.029605 -6.145949 -4.828047
v 2.014195 -6.128644 -4.836138
v 1.938988 -5.923792 -4.851511
v 1.952682 -5.907447 -4.839607
v 1.940089 -5.948141 -4.854720
v 1.952682 -5.907447 -4.839607
v 1.972945 -5.908546 -4.825792
v 1.940089 -5.948141 -4.854720
v 1.987703 -5.926317 -4.817969
v 1.988513 -5.950481 -4.820911
v 1.975110 -5.967011 -4.833082
v 1.940089 -5.948141 -4.854720
v 1.975110 -5.967011 -4.833082
v 1.955137 -5.966094 -4.847164
v 1.940089 -5.948141 -4.854720
v 1.876202 -5.739138 -4.869543
v 1.891714 -5.723494 -4.858717
v 1.889938 -5.782322 -4.865447
v 1.891714 -5.723494 -4.858717
v 1.912517 -5.725739 -4.846119
v 1.889938 -5.782322 -4.865447
v 1.912517 -5.725739 -4.846119
v 1.926439 -5.744340 -4.838921
v 1.889938 -5.782322 -4.865447
v 1.926439 -5.744340 -4.838921
v 1.925736 -5.768478 -4.841493
v 1.910694 -5.784277 -4.852558
v 1.889938 -5.782322 -4.865447
v 1.926439 -5.744340 -4.838921
v 1.910694 -5.784277 -4.852558
v 1.823628 -5.551321 -4.886399
v 1.840469 -5.536469 -4.876621
v 1.872728 -5.583204 -4.860885
v 1.840469 -5.536469 -4.876621
v 1.861862 -5.539721 -4.865173
v 1.872728 -5.583204 -4.860885
v 1.861862 -5.539721 -4.865173
v 1.875137 -5.559031 -4.858588
v 1.872728 -5.583204 -4.860885
v 1.872728 -5.583204 -4.860885
v 1.856260 -5.598202 -4.870884
v 1.821344 -5.575710 -4.888953
v 1.856260 -5.598202 -4.870884
v 1.834893 -5.595195 -4.882603
v 1.821344 -5.575710 -4.888953
v 1.779755 -5.361427 -4.903299
v 1.797124 -5.347352 -4.893460
v 1.776474 -5.385651 -4.905654
v 1.797124 -5.347352 -4.893460
v 1.818440 -5.351524 -4.882029
v 1.776474 -5.385651 -4.905654
v 1.818440 -5.351524 -4.882029
v 1.831249 -5.371360 -4.875831
v 1.828014 -5.395381 -4.878367
v 1.828014 -5.395381 -4.878367
v 1.810598 -5.409659 -4.888024
v 1.818440 -5.351524 -4.882029
v 1.810598 -5.409659 -4.888024
v 1.789236 -5.405687 -4.899272
v 1.776474 -5.385651 -4.905654
v 1.744566 -5.169631 -4.920044
v 1.762255 -5.156405 -4.909316
v 1.740226 -5.193705 -4.922861
v 1.762255 -5.156405 -4.909316
v 1.782751 -5.161653 -4.897126
v 1.740226 -5.193705 -4.922861
v 1.782751 -5.161653 -4.897126
v 1.794324 -5.182095 -4.890728
v 1.772724 -5.219317 -4.904222
v 1.794324 -5.182095 -4.890728
v 1.790287 -5.205896 -4.893711
v 1.772724 -5.219317 -4.904222
v 1.772724 -5.219317 -4.904222
v 1.751969 -5.214335 -4.916238
v 1.782751 -5.161653 -4.897126
v 1.718940 -4.976233 -4.935698
v 1.736635 -4.963917 -4.924066
v 1.761628 -5.014791 -4.907940
v 1.736635 -4.963917 -4.924066
v 1.756402 -4.970176 -4.911064
v 1.761628 -5.014791 -4.907940
v 1.756402 -4.970176 -4.911064
v 1.766731 -4.991195 -4.904450
v 1.761628 -5.014791 -4.907940
v 1.761628 -5.014791 -4.907940
v 1.744019 -5.027293 -4.919350
v 1.713614 -5.000055 -4.939005
v 1.744019 -5.027293 -4.919350
v 1.723976 -5.021269 -4.932174
v 1.713614 -5.000055 -4.939005
v 1.701570 -4.782018 -4.950285
v 1.719107 -4.770438 -4.937767
v 1.695668 -4.805561 -4.954049
v 1.719107 -4.770438 -4.937767
v 1.738090 -4.777499 -4.923963
v 1.695668 -4.805561 -4.954049
v 1.747482 -4.798956 -4.917096
v 1.741698 -4.822347 -4.921052
v 1.724043 -4.834079 -4.933378
v 1.695668 -4.805561 -4.954049
v 1.724043 -4.834079 -4.933378
v 1.704942 -4.827170 -4.946989
v 1.695668 -4.805561 -4.954049
v 1.690231 -4.587606 -4.963955
v 1.707486 -4.576441 -4.950608
v 1.683996 -4.610950 -4.968143
v 1.707486 -4.576441 -4.950608
v 1.725663 -4.583957 -4.936059
v 1.683996 -4.610950 -4.968143
v 1.725663 -4.583957 -4.936059
v 1.734289 -4.605696 -4.928940
v 1.728239 -4.628964 -4.933294
v 1.728239 -4.628964 -4.933294
v 1.710910 -4.640198 -4.946454
v 1.692546 -4.632759 -4.960836
v 1.692546 -4.632759 -4.960836
v 1.683996 -4.610950 -4.968143
v 1.725663 -4.583957 -4.936059
v 1.681588 -4.393341 -4.977046
v 1.698309 -4.382277 -4.962985
v 1.715888 -4.389896 -4.947743
v 1.715888 -4.389896 -4.947743
v 1.724118 -4.411739 -4.940359
v 1.681588 -4.393341 -4.977046
v 1.724118 -4.411739 -4.940359
v 1.718091 -4.435002 -4.945046
v 1.681588 -4.393341 -4.977046
v 1.718091 -4.435002 -4.945046
v 1.701243 -4.446065 -4.958948
v 1.681588 -4.393341 -4.977046
v 1.701243 -4.446065 -4.958948
v 1.683529 -4.438445 -4.974038
v 1.681588 -4.393341 -4.977046
v -4.371894 -7.995954 -5.075716
v -4.353934 -8.009598 -5.085266
v -4.369336 -8.047785 -5.104001
v -4.353934 -8.009598 -5.085266
v -4.352872 -8.031030 -5.097041
v -4.369336 -8.047785 -5.104001
v -4.369336 -8.047785 -5.104001
v -4.393677 -8.049957 -5.102211
v -4.412689 -8.014629 -5.081295
v -4.369336 -8.047785 -5.104001
v -4.393677 -8.049957 -5.102211
v -4.411633 -8.036187 -5.092866
v -4.412689 -8.014629 -5.081295
v -4.196643 -7.914918 -5.051430
v -4.178678 -7.927889 -5.061896
v -4.193944 -7.965401 -5.081993
v -4.178678 -7.927889 -5.061896
v -4.177557 -7.948754 -5.074620
v -4.193944 -7.965401 -5.081993
v -4.193944 -7.965401 -5.081993
v -4.218235 -7.967968 -5.079849
v -4.196643 -7.914918 -5.051430
v -4.218235 -7.967968 -5.079849
v -4.236193 -7.954842 -5.069606
v -4.196643 -7.914918 -5.051430
v -4.236193 -7.954842 -5.069606
v -4.237305 -7.933822 -5.057106
v -4.196643 -7.914918 -5.051430
v -4.022268 -7.832429 -5.026484
v -4.004317 -7.844459 -5.037931
v -4.019324 -7.881213 -5.059601
v -4.004317 -7.844459 -5.037931
v -4.003058 -7.864673 -5.051746
v -4.019324 -7.881213 -5.059601
v -4.019324 -7.881213 -5.059601
v -4.043540 -7.884314 -5.057093
v -4.022268 -7.832429 -5.026484
v -4.043540 -7.884314 -5.057093
v -4.061512 -7.872021 -5.045864
v -4.022268 -7.832429 -5.026484
v -4.061512 -7.872021 -5.045864
v -4.062721 -7.851675 -5.032319
v -4.022268 -7.832429 -5.026484
v -3.849444 -7.747506 -5.000286
v -3.831435 -7.758334 -5.012846
v -3.873420 -7.751256 -4.997770
v -3.831435 -7.758334 -5.012846
v -3.829972 -7.777601 -5.027890
v -3.870029 -7.798126 -5.033546
v -3.829972 -7.777601 -5.027890
v -3.845942 -7.794226 -5.036402
v -3.870029 -7.798126 -5.033546
v -3.870029 -7.798126 -5.033546
v -3.888039 -7.786956 -5.021237
v -3.873420 -7.751256 -4.997770
v -3.888039 -7.786956 -5.021237
v -3.889427 -7.767476 -5.006505
v -3.873420 -7.751256 -4.997770
v -3.678854 -7.659282 -4.972182
v -3.660757 -7.668464 -4.985919
v -3.674551 -7.703086 -5.011642
v -3.660757 -7.668464 -4.985919
v -3.658957 -7.686496 -5.002356
v -3.674551 -7.703086 -5.011642
v -3.674551 -7.703086 -5.011642
v -3.698363 -7.708243 -5.008558
v -3.716404 -7.698670 -4.995129
v -3.678854 -7.659282 -4.972182
v -3.674551 -7.703086 -5.011642
v -3.718138 -7.680264 -4.979010
v -3.716404 -7.698670 -4.995129
v -3.718138 -7.680264 -4.979010
v -3.674551 -7.703086 -5.011642
v -3.511878 -7.565966 -4.940764
v -3.493770 -7.572920 -4.955648
v -3.506575 -7.605860 -4.983897
v -3.493770 -7.572920 -4.955648
v -3.491497 -7.589392 -4.973669
v -3.506575 -7.605860 -4.983897
v -3.506575 -7.605860 -4.983897
v -3.530079 -7.612426 -4.980622
v -3.511878 -7.565966 -4.940764
v -3.530079 -7.612426 -4.980622
v -3.548203 -7.604913 -4.965991
v -3.511878 -7.565966 -4.940764
v -3.548203 -7.604913 -4.965991
v -3.550366 -7.588056 -4.948350
v -3.511878 -7.565966 -4.940764
v -3.348937 -7.466921 -4.905082
v -3.331080 -7.471582 -4.921112
v -3.371886 -7.474690 -4.902146
v -3.331080 -7.471582 -4.921112
v -3.328688 -7.486229 -4.940637
v -3.371886 -7.474690 -4.902146
v -3.328688 -7.486229 -4.940637
v -3.343076 -7.502568 -4.952013
v -3.366110 -7.510576 -4.948644
v -3.366110 -7.510576 -4.948644
v -3.384120 -7.505378 -4.932848
v -3.371886 -7.474690 -4.902146
v -3.384120 -7.505378 -4.932848
v -3.386518 -7.490378 -4.913680
v -3.371886 -7.474690 -4.902146
v -3.191915 -7.355722 -4.875404
v -3.174466 -7.359697 -4.892107
v -3.214082 -7.365200 -4.870921
v -3.174466 -7.359697 -4.892107
v -3.171959 -7.374704 -4.911298
v -3.208044 -7.401203 -4.917378
v -3.171959 -7.374704 -4.911298
v -3.185871 -7.391857 -4.921787
v -3.208044 -7.401203 -4.917378
v -3.208044 -7.401203 -4.917378
v -3.225483 -7.397361 -4.900619
v -3.214082 -7.365200 -4.870921
v -3.225483 -7.397361 -4.900619
v -3.227987 -7.382486 -4.881337
v -3.214082 -7.365200 -4.870921
v -3.036378 -7.240432 -4.851491
v -3.018882 -7.245032 -4.867991
v -3.058600 -7.249669 -4.846840
v -3.018882 -7.245032 -4.867991
v -3.016368 -7.260677 -4.886659
v -3.058600 -7.249669 -4.846840
v -3.016368 -7.260677 -4.886659
v -3.030313 -7.278083 -4.896704
v -3.052543 -7.287166 -4.892145
v -3.052543 -7.287166 -4.892145
v -3.070030 -7.282715 -4.875587
v -3.016368 -7.260677 -4.886659
v -3.070030 -7.282715 -4.875587
v -3.072537 -7.267229 -4.856793
v -3.016368 -7.260677 -4.886659
v -2.880876 -7.124436 -4.831478
v -2.863282 -7.129654 -4.847704
v -2.874485 -7.163957 -4.874933
v -2.863282 -7.129654 -4.847704
v -2.860615 -7.146071 -4.865660
v -2.874485 -7.163957 -4.874933
v -2.874485 -7.163957 -4.874933
v -2.896759 -7.172833 -4.870195
v -2.914325 -7.167726 -4.853932
v -2.880876 -7.124436 -4.831478
v -2.874485 -7.163957 -4.874933
v -2.916919 -7.151515 -4.835756
v -2.914325 -7.167726 -4.853932
v -2.916919 -7.151515 -4.835756
v -2.874485 -7.163957 -4.874933
v -2.727231 -7.006041 -4.815377
v -2.709246 -7.011633 -4.831047
v -2.719430 -7.047297 -4.856973
v -2.709246 -7.011633 -4.831047
v -2.705964 -7.028747 -4.848227
v -2.719430 -7.047297 -4.856973
v -2.719430 -7.047297 -4.856973
v -2.741634 -7.056476 -4.852041
v -2.759485 -7.050913 -4.836224
v -2.719430 -7.047297 -4.856973
v -2.759485 -7.050913 -4.836224
v -2.762551 -7.033943 -4.818849
v -2.719430 -7.047297 -4.856973
v -2.580642 -6.880242 -4.802914
v -2.562189 -6.884958 -4.818349
v -2.569084 -6.922741 -4.842230
v -2.562189 -6.884958 -4.818349
v -2.557301 -6.902553 -4.834607
v -2.569084 -6.922741 -4.842230
v -2.569084 -6.922741 -4.842230
v -2.590441 -6.933621 -4.836703
v -2.608695 -6.928712 -4.821220
v -2.580642 -6.880242 -4.802914
v -2.569084 -6.922741 -4.842230
v -2.613317 -6.910999 -4.804893
v -2.608695 -6.928712 -4.821220
v -2.613317 -6.910999 -4.804893
v -2.569084 -6.922741 -4.842230
v -2.445821 -6.741552 -4.794580
v -2.427054 -6.744991 -4.809856
v -2.466116 -6.753736 -4.789236
v -2.427054 -6.744991 -4.809856
v -2.420897 -6.762253 -4.826158
v -2.451999 -6.795424 -4.828420
v -2.420897 -6.762253 -4.826158
v -2.431168 -6.783334 -4.833917
v -2.451999 -6.795424 -4.828420
v -2.451999 -6.795424 -4.828420
v -2.470735 -6.791625 -4.813047
v -2.466116 -6.753736 -4.789236
v -2.470735 -6.791625 -4.813047
v -2.476529 -6.774301 -4.796812
v -2.466116 -6.753736 -4.789236
v -2.320684 -6.594941 -4.782671
v -2.301434 -6.596754 -4.797730
v -2.348330 -6.630117 -4.785706
v -2.301434 -6.596754 -4.797730
v -2.293737 -6.613266 -4.814056
v -2.348330 -6.630117 -4.785706
v -2.293737 -6.613266 -4.814056
v -2.302274 -6.635021 -4.822105
v -2.348330 -6.630117 -4.785706
v -2.302274 -6.635021 -4.822105
v -2.321875 -6.649058 -4.817143
v -2.341120 -6.646743 -4.802025
v -2.348330 -6.630117 -4.785706
v -2.302274 -6.635021 -4.822105
v -2.341120 -6.646743 -4.802025
v -2.209784 -6.436610 -4.771655
v -2.190609 -6.437099 -4.786865
v -2.234373 -6.474433 -4.773661
v -2.181638 -6.453280 -4.802909
v -2.181638 -6.453280 -4.802909
v -2.188157 -6.475727 -4.810391
v -2.188157 -6.475727 -4.810391
v -2.206316 -6.491238 -4.804925
v -2.225446 -6.490683 -4.789709
v -2.234373 -6.474433 -4.773661
v -2.120510 -6.264852 -4.783018
v -2.102014 -6.264816 -4.799048
v -2.110309 -6.322591 -4.808577
v -2.102014 -6.264816 -4.799048
v -2.091244 -6.281743 -4.813104
v -2.110309 -6.322591 -4.808577
v -2.091244 -6.281743 -4.813104
v -2.094714 -6.305694 -4.817118
v -2.110309 -6.322591 -4.808577
v -2.110309 -6.322591 -4.808577
v -2.128637 -6.322608 -4.792326
v -2.135767 -6.281808 -4.774246
v -2.128637 -6.322608 -4.792326
v -2.139117 -6.305721 -4.778040
v -2.135767 -6.281808 -4.774246
v -2.043214 -6.087934 -4.804547
v -2.023834 -6.087613 -4.819520
v -2.060528 -6.129253 -4.799553
v -2.023834 -6.087613 -4.819520
v -2.011732 -6.104447 -4.832531
v -2.060528 -6.129253 -4.799553
v -2.011732 -6.104447 -4.832531
v -2.014195 -6.128644 -4.836138
v -2.060528 -6.129253 -4.799553
v -2.014195 -6.128644 -4.836138
v -2.029604 -6.145949 -4.828046
v -2.048834 -6.146123 -4.812814
v -2.060528 -6.129253 -4.799553
v -2.014195 -6.128644 -4.836138
v -2.048834 -6.146123 -4.812814
v -1.972944 -5.908546 -4.825792
v -1.952682 -5.907447 -4.839607
v -1.940089 -5.948141 -4.854720
v -1.952682 -5.907447 -4.839607
v -1.938987 -5.923792 -4.851511
v -1.940089 -5.948141 -4.854720
v -1.940089 -5.948141 -4.854720
v -1.955137 -5.966094 -4.847164
v -1.975110 -5.967011 -4.833082
v -1.940089 -5.948141 -4.854720
v -1.975110 -5.967011 -4.833082
v -1.988513 -5.950481 -4.820911
v -1.940089 -5.948141 -4.854720
v -1.912516 -5.725739 -4.846119
v -1.891714 -5.723494 -4.858717
v -1.889937 -5.782322 -4.865447
v -1.891714 -5.723494 -4.858717
v -1.876201 -5.739138 -4.869543
v -1.889937 -5.782322 -4.865447
v -1.876201 -5.739138 -4.869543
v -1.875439 -5.763599 -4.872418
v -1.889937 -5.782322 -4.865447
v -1.889937 -5.782322 -4.865447
v -1.910694 -5.784277 -4.852558
v -1.926438 -5.744340 -4.838921
v -1.910694 -5.784277 -4.852558
v -1.925735 -5.768478 -4.841493
v -1.926438 -5.744340 -4.838921
v -1.861862 -5.539721 -4.865173
v -1.840469 -5.536469 -4.876621
v -1.872727 -5.583204 -4.860885
v -1.840469 -5.536469 -4.876621
v -1.823627 -5.551321 -4.886399
v -1.872727 -5.583204 -4.860885
v -1.823627 -5.551321 -4.886399
v -1.821343 -5.575710 -4.888952
v -1.872727 -5.583204 -4.860885
v -1.821343 -5.575710 -4.888952
v -1.834892 -5.595195 -4.882603
v -1.856259 -5.598202 -4.870884
v -1.872727 -5.583204 -4.860885
v -1.821343 -5.575710 -4.888952
v -1.856259 -5.598202 -4.870884
v -1.818439 -5.351524 -4.882029
v -1.797123 -5.347352 -4.893460
v -1.776473 -5.385651 -4.905654
v -1.797123 -5.347352 -4.893460
v -1.779755 -5.361427 -4.903299
v -1.776473 -5.385651 -4.905654
v -1.776473 -5.385651 -4.905654
v -1.789236 -5.405687 -4.899272
v -1.810597 -5.409659 -4.888023
v -1.818439 -5.351524 -4.882029
v -1.776473 -5.385651 -4.905654
v -1.810597 -5.409659 -4.888023
v -1.810597 -5.409659 -4.888023
v -1.828013 -5.395381 -4.878367
v -1.818439 -5.351524 -4.882029
v -1.782750 -5.161653 -4.897126
v -1.762255 -5.156405 -4.909316
v -1.740225 -5.193705 -4.922861
v -1.762255 -5.156405 -4.909316
v -1.744565 -5.169631 -4.920044
v -1.740225 -5.193705 -4.922861
v -1.740225 -5.193705 -4.922861
v -1.751968 -5.214335 -4.916238
v -1.782750 -5.161653 -4.897126
v -1.751968 -5.214335 -4.916238
v -1.772724 -5.219317 -4.904221
v -1.782750 -5.161653 -4.897126
v -1.772724 -5.219317 -4.904221
v -1.790287 -5.205896 -4.893711
v -1.794323 -5.182095 -4.890728
v -1.756402 -4.970176 -4.911064
v -1.736635 -4.963917 -4.924066
v -1.761627 -5.014791 -4.907940
v -1.736635 -4.963917 -4.924066
v -1.718939 -4.976233 -4.935698
v -1.761627 -5.014791 -4.907940
v -1.718939 -4.976233 -4.935698
v -1.713614 -5.000055 -4.939004
v -1.761627 -5.014791 -4.907940
v -1.713614 -5.000055 -4.939004
v -1.723975 -5.021269 -4.932174
v -1.744018 -5.027293 -4.919350
v -1.761627 -5.014791 -4.907940
v -1.713614 -5.000055 -4.939004
v -1.744018 -5.027293 -4.919350
v -1.738089 -4.777499 -4.923963
v -1.719106 -4.770438 -4.937767
v -1.695667 -4.805561 -4.954049
v -1.719106 -4.770438 -4.937767
v -1.701570 -4.782018 -4.950285
v -1.695667 -4.805561 -4.954049
v -1.695667 -4.805561 -4.954049
v -1.704941 -4.827170 -4.946989
v -1.724042 -4.834079 -4.933378
v -1.695667 -4.805561 -4.954049
v -1.724042 -4.834079 -4.933378
v -1.741697 -4.822347 -4.921052
v -1.695667 -4.805561 -4.954049
v -1.725663 -4.583957 -4.936059
v -1.707485 -4.576441 -4.950608
v -1.683995 -4.610950 -4.968143
v -1.707485 -4.576441 -4.950608
v -1.690230 -4.587606 -4.963955
v -1.683995 -4.610950 -4.968143
v -1.683995 -4.610950 -4.968143
v -1.692545 -4.632759 -4.960836
v -1.725663 -4.583957 -4.936059
v -1.692545 -4.632759 -4.960836
v -1.710909 -4.640198 -4.946454
v -1.725663 -4.583957 -4.936059
v -1.710909 -4.640198 -4.946454
v -1.728238 -4.628964 -4.933294
v -1.725663 -4.583957 -4.936059
v -1.715887 -4.389896 -4.947743
v -1.698308 -4.382277 -4.962985
v -1.681587 -4.393341 -4.977046
v -1.681587 -4.393341 -4.977046
v -1.675425 -4.416603 -4.981581
v -1.683528 -4.438445 -4.974038
v -1.683528 -4.438445 -4.974038
v -1.701242 -4.446065 -4.958948
v -1.718091 -4.435002 -4.945046
v -1.718091 -4.435002 -4.945046
v -1.724117 -4.411739 -4.940359
v -1.681587 -4.393341 -4.977046
v -1.724117 -4.411739 -4.940359
v -1.715887 -4.389896 -4.947743
v -1.681587 -4.393341 -4.977046
v -1.953087 -9.694585 2.337606
v -1.961986 -9.693984 2.348408
v -1.939401 -9.697254 2.336233
v -1.961986 -9.693984 2.348408
v -1.960929 -9.695989 2.362236
v -1.939401 -9.697254 2.336233
v -1.960929 -9.695989 2.362236
v -1.950632 -9.699697 2.370991
v -1.928070 -9.703010 2.358851
v -1.950632 -9.699697 2.370991
v -1.937054 -9.702709 2.369576
v -1.928070 -9.703010 2.358851
v -1.928070 -9.703010 2.358851
v -1.929013 -9.700654 2.345057
v -1.960929 -9.695989 2.362236
v -1.797119 -9.734689 2.386801
v -1.806565 -9.736250 2.397007
v -1.783276 -9.736532 2.385793
v -1.806565 -9.736250 2.397007
v -1.806130 -9.740556 2.410348
v -1.773203 -9.740955 2.394497
v -1.806130 -9.740556 2.410348
v -1.796120 -9.745338 2.418926
v -1.773203 -9.740955 2.394497
v -1.796120 -9.745338 2.418926
v -1.782346 -9.747553 2.417799
v -1.772836 -9.745628 2.407717
v -1.773203 -9.740955 2.394497
v -1.796120 -9.745338 2.418926
v -1.772836 -9.745628 2.407717
v -1.641757 -9.775037 2.436677
v -1.651434 -9.779040 2.445948
v -1.617782 -9.781027 2.444191
v -1.651434 -9.779040 2.445948
v -1.651193 -9.785712 2.458289
v -1.617782 -9.781027 2.444191
v -1.651193 -9.785712 2.458289
v -1.641137 -9.791354 2.466311
v -1.617782 -9.781027 2.444191
v -1.641137 -9.791354 2.466311
v -1.627179 -9.792423 2.465451
v -1.617509 -9.788034 2.456336
v -1.617782 -9.781027 2.444191
v -1.641137 -9.791354 2.466311
v -1.617509 -9.788034 2.456336
v -1.485309 -9.812479 2.484256
v -1.494766 -9.818799 2.492393
v -1.471377 -9.812029 2.483862
v -1.494766 -9.818799 2.492393
v -1.494168 -9.827511 2.503378
v -1.471377 -9.812029 2.483862
v -1.494168 -9.827511 2.503378
v -1.483808 -9.833708 2.510616
v -1.460372 -9.826837 2.502003
v -1.483808 -9.833708 2.510616
v -1.469776 -9.833482 2.509965
v -1.460372 -9.826837 2.502003
v -1.460372 -9.826837 2.502003
v -1.461057 -9.817865 2.491251
v -1.494168 -9.827511 2.503378
v -1.326815 -9.846127 2.528008
v -1.335970 -9.853891 2.535239
v -1.324351 -9.869895 2.551938
v -1.335970 -9.853891 2.535239
v -1.334956 -9.863733 2.545150
v -1.324351 -9.869895 2.551938
v -1.324351 -9.869895 2.551938
v -1.310385 -9.868752 2.551630
v -1.301252 -9.860964 2.544405
v -1.326815 -9.846127 2.528008
v -1.324351 -9.869895 2.551938
v -1.302289 -9.851136 2.534476
v -1.301252 -9.860964 2.544405
v -1.302289 -9.851136 2.534476
v -1.324351 -9.869895 2.551938
v -1.167264 -9.876935 2.570275
v -1.176193 -9.884862 2.577577
v -1.142637 -9.881287 2.576640
v -1.176193 -9.884862 2.577577
v -1.174904 -9.894637 2.587549
v -1.142637 -9.881287 2.576640
v -1.174904 -9.894637 2.587549
v -1.164088 -9.900507 2.594341
v -1.142637 -9.881287 2.576640
v -1.164088 -9.900507 2.594341
v -1.150125 -9.899014 2.593953
v -1.141263 -9.891048 2.586615
v -1.142637 -9.881287 2.576640
v -1.164088 -9.900507 2.594341
v -1.141263 -9.891048 2.586615
v -1.006281 -9.903082 2.608602
v -1.014638 -9.911274 2.616309
v -1.012603 -9.920996 2.626187
v -1.012603 -9.920996 2.626187
v -1.001283 -9.926567 2.632467
v -0.981288 -9.906733 2.613734
v -1.001283 -9.926567 2.632467
v -0.987372 -9.924681 2.631367
v -0.979117 -9.916451 2.623575
v -0.981288 -9.906733 2.613734
v -1.001283 -9.926567 2.632467
v -0.979117 -9.916451 2.623575
v -0.981288 -9.906733 2.613734
v -0.992511 -9.901208 2.607564
v -1.006281 -9.903082 2.608602
v -0.842751 -9.925577 2.637288
v -0.850469 -9.933941 2.645422
v -0.835898 -9.949094 2.660576
v -0.850469 -9.933941 2.645422
v -0.847665 -9.943686 2.655121
v -0.835898 -9.949094 2.660576
v -0.835898 -9.949094 2.660576
v -0.822129 -9.946996 2.658630
v -0.814486 -9.938614 2.650420
v -0.842751 -9.925577 2.637288
v -0.835898 -9.949094 2.660576
v -0.817386 -9.928865 2.640773
v -0.814486 -9.938614 2.650420
v -0.817386 -9.928865 2.640773
v -0.835898 -9.949094 2.660576
v -0.677475 -9.946419 2.655910
v -0.684592 -9.954915 2.664469
v -0.663996 -9.944168 2.653217
v -0.684592 -9.954915 2.664469
v -0.681091 -9.964690 2.673888
v -0.663996 -9.944168 2.653217
v -0.681091 -9.964690 2.673888
v -0.668937 -9.970029 2.678654
v -0.655312 -9.967739 2.675777
v -0.655312 -9.967739 2.675777
v -0.648313 -9.959206 2.667126
v -0.663996 -9.944168 2.653217
v -0.648313 -9.959206 2.667126
v -0.651949 -9.949438 2.657781
v -0.663996 -9.944168 2.653217
v -0.511192 -9.964238 2.663249
v -0.517500 -9.972980 2.672208
v -0.500560 -9.987674 2.685183
v -0.517500 -9.972980 2.672208
v -0.513129 -9.982690 2.681301
v -0.500560 -9.987674 2.685183
v -0.500560 -9.987674 2.685183
v -0.487235 -9.985009 2.681587
v -0.481034 -9.976218 2.672580
v -0.511192 -9.964238 2.663249
v -0.500560 -9.987674 2.685183
v -0.485519 -9.966537 2.663532
v -0.481034 -9.976218 2.672580
v -0.485519 -9.966537 2.663532
v -0.500560 -9.987674 2.685183
v -0.343940 -9.976645 2.663200
v -0.349795 -9.985594 2.672254
v -0.332222 -9.999745 2.684934
v -0.349795 -9.985594 2.672254
v -0.344949 -9.995168 2.681254
v -0.332222 -9.999745 2.684934
v -0.332222 -9.999745 2.684934
v -0.319089 -9.996623 2.681147
v -0.343940 -9.976645 2.663200
v -0.319089 -9.996623 2.681147
v -0.313256 -9.987657 2.672100
v -0.343940 -9.976645 2.663200
v -0.313256 -9.987657 2.672100
v -0.318126 -9.978097 2.663093
v -0.343940 -9.976645 2.663200
v -0.176073 -9.985278 2.662721
v -0.181824 -9.994282 2.671782
v -0.176866 -10.003814 2.680774
v -0.176866 -10.003814 2.680774
v -0.164080 -10.008291 2.684430
v -0.150248 -9.986545 2.662540
v -0.164080 -10.008291 2.684430
v -0.150975 -10.005084 2.680593
v -0.145256 -9.996071 2.671516
v -0.150248 -9.986545 2.662540
v -0.164080 -10.008291 2.684430
v -0.145256 -9.996071 2.671516
v -0.150248 -9.986545 2.662540
v -0.163001 -9.982076 2.658899
v -0.176073 -9.985278 2.662721
v -0.008497 -9.991996 2.659892
v -0.013784 -10.001148 2.669066
v 0.004684 -10.014663 2.681235
v -0.013784 -10.001148 2.669066
v -0.008359 -10.010566 2.677927
v 0.004684 -10.014663 2.681235
v 0.004684 -10.014663 2.681235
v 0.017623 -10.011042 2.677058
v 0.022790 -10.001846 2.667862
v -0.008497 -9.991996 2.659892
v 0.004684 -10.014663 2.681235
v 0.017244 -9.992466 2.659030
v 0.022790 -10.001846 2.667862
v 0.017244 -9.992466 2.659030
v 0.004684 -10.014663 2.681235
v 0.158581 -9.990809 2.652068
v 0.154159 -10.000312 2.661383
v 0.173799 -10.012669 2.672922
v 0.154159 -10.000312 2.661383
v 0.160426 -10.009368 2.670023
v 0.173799 -10.012669 2.672922
v 0.173799 -10.012669 2.672922
v 0.186345 -10.008187 2.668349
v 0.158581 -9.990809 2.652068
v 0.186345 -10.008187 2.668349
v 0.190638 -9.998638 2.659022
v 0.158581 -9.990809 2.652068
v 0.190638 -9.998638 2.659022
v 0.184252 -9.989641 2.650410
v 0.158581 -9.990809 2.652068
v 0.325204 -9.979374 2.639820
v 0.321467 -9.989063 2.649224
v 0.350819 -9.977025 2.637697
v 0.321467 -9.989063 2.649224
v 0.328370 -9.997767 2.657758
v 0.350819 -9.977025 2.637697
v 0.328370 -9.997767 2.657758
v 0.341918 -10.000362 2.660437
v 0.350819 -9.977025 2.637697
v 0.341918 -10.000362 2.660437
v 0.354125 -9.995353 2.655677
v 0.357787 -9.985665 2.646241
v 0.350819 -9.977025 2.637697
v 0.341918 -10.000362 2.660437
v 0.357787 -9.985665 2.646241
v 0.491173 -9.960993 2.624843
v 0.487954 -9.970628 2.634457
v 0.503030 -9.955649 2.619823
v 0.487954 -9.970628 2.634457
v 0.495321 -9.978910 2.643060
v 0.503030 -9.955649 2.619823
v 0.495321 -9.978910 2.643060
v 0.509009 -9.980931 2.645616
v 0.520919 -9.975388 2.640550
v 0.520919 -9.975388 2.640550
v 0.524044 -9.965716 2.630882
v 0.503030 -9.955649 2.619823
v 0.524044 -9.965716 2.630882
v 0.516611 -9.957552 2.622290
v 0.503030 -9.955649 2.619823
v 0.655920 -9.935835 2.606969
v 0.653276 -9.945444 2.616842
v 0.674899 -9.954493 2.627799
v 0.653276 -9.945444 2.616842
v 0.661114 -9.953186 2.625464
v 0.674899 -9.954493 2.627799
v 0.674899 -9.954493 2.627799
v 0.686496 -9.948625 2.622459
v 0.689058 -9.939043 2.612554
v 0.655920 -9.935835 2.606969
v 0.674899 -9.954493 2.627799
v 0.689058 -9.939043 2.612554
v 0.689058 -9.939043 2.612554
v 0.681146 -9.931366 2.603921
v 0.655920 -9.935835 2.606969
v 0.819274 -9.904496 2.585776
v 0.817135 -9.913935 2.595874
v 0.850532 -9.915817 2.600993
v 0.817135 -9.913935 2.595874
v 0.825405 -9.921230 2.604551
v 0.839260 -9.922009 2.606686
v 0.850532 -9.915817 2.600993
v 0.817135 -9.913935 2.595874
v 0.839260 -9.922009 2.606686
v 0.850532 -9.915817 2.600993
v 0.852595 -9.906375 2.590832
v 0.830503 -9.898410 2.580103
v 0.852595 -9.906375 2.590832
v 0.844282 -9.899178 2.582173
v 0.830503 -9.898410 2.580103
v 0.981395 -9.868656 2.561148
v 0.979620 -9.877919 2.571509
v 0.988167 -9.884798 2.580219
v 0.988167 -9.884798 2.580219
v 1.002057 -9.885232 2.582192
v 0.981395 -9.868656 2.561148
v 1.002057 -9.885232 2.582192
v 1.013124 -9.878982 2.576222
v 1.006267 -9.862929 2.557106
v 0.981395 -9.868656 2.561148
v 1.002057 -9.885232 2.582192
v 1.006267 -9.862929 2.557106
v 1.013124 -9.878982 2.576222
v 1.014851 -9.869751 2.565815
v 1.006267 -9.862929 2.557106
v 1.141872 -9.829886 2.532579
v 1.140770 -9.839013 2.543118
v 1.163838 -9.845407 2.553058
v 1.140770 -9.839013 2.543118
v 1.149856 -9.845484 2.551634
v 1.163838 -9.845407 2.553058
v 1.163838 -9.845407 2.553058
v 1.174470 -9.838874 2.546592
v 1.175463 -9.829734 2.536040
v 1.141872 -9.829886 2.532579
v 1.163838 -9.845407 2.553058
v 1.166301 -9.823327 2.527574
v 1.175463 -9.829734 2.536040
v 1.299292 -9.794412 2.508925
v 1.299292 -9.794412 2.508925
v 1.308729 -9.800612 2.517218
v 1.333010 -9.793427 2.511648
v 1.308729 -9.800612 2.517218
v 1.322716 -9.800214 2.518359
v 1.333010 -9.793427 2.511648
v 1.333010 -9.793427 2.511648
v 1.333575 -9.784265 2.501059
v 1.324107 -9.778089 2.492790
v 1.324107 -9.778089 2.492790
v 1.456863 -9.738180 2.461269
v 1.456488 -9.747295 2.471899
v 1.480886 -9.730989 2.455258
v 1.456488 -9.747295 2.471899
v 1.466117 -9.753412 2.480042
v 1.480886 -9.730989 2.455258
v 1.466117 -9.753412 2.480042
v 1.480203 -9.752925 2.480886
v 1.480886 -9.730989 2.455258
v 1.480203 -9.752925 2.480886
v 1.490401 -9.746144 2.473964
v 1.490610 -9.737130 2.463171
v 1.480886 -9.730989 2.455258
v 1.480203 -9.752925 2.480886
v 1.490610 -9.737130 2.463171
v 1.610228 -9.689939 2.415909
v 1.611037 -9.698968 2.426554
v 1.635562 -9.703225 2.434000
v 1.611037 -9.698968 2.426554
v 1.621489 -9.704533 2.434083
v 1.635562 -9.703225 2.434000
v 1.635562 -9.703225 2.434000
v 1.644797 -9.695724 2.426354
v 1.643729 -9.686660 2.415735
v 1.610228 -9.689939 2.415909
v 1.635562 -9.703225 2.434000
v 1.643729 -9.686660 2.415735
v 1.643729 -9.686660 2.415735
v 1.633127 -9.681285 2.408314
v 1.610228 -9.689939 2.415909
v 1.759573 -9.630421 2.366324
v 1.760425 -9.640660 2.375804
v 1.768876 -9.622572 2.359465
v 1.760425 -9.640660 2.375804
v 1.770944 -9.647572 2.382030
v 1.768876 -9.622572 2.359465
v 1.770944 -9.647572 2.382030
v 1.784974 -9.647388 2.381036
v 1.782846 -9.621983 2.358902
v 1.784974 -9.647388 2.381036
v 1.794292 -9.639895 2.373674
v 1.793376 -9.629248 2.364624
v 1.782846 -9.621983 2.358902
v 1.784974 -9.647388 2.381036
v 1.793376 -9.629248 2.364624
v 1.902679 -9.569880 2.308953
v 1.905813 -9.581391 2.316252
v 1.931060 -9.587136 2.315248
v 1.905813 -9.581391 2.316252
v 1.917563 -9.588598 2.318862
v 1.931060 -9.587136 2.315248
v 1.931060 -9.587136 2.315248
v 1.938337 -9.577900 2.307559
v 1.902679 -9.569880 2.308953
v 1.938337 -9.577900 2.307559
v 1.935110 -9.566362 2.300310
v 1.902679 -9.569880 2.308953
v 1.935110 -9.566362 2.300310
v 1.923313 -9.559254 2.297724
v 1.902679 -9.569880 2.308953
v 2.038923 -9.500257 2.237747
v 2.041374 -9.511910 2.245102
v 2.047038 -9.491266 2.230325
v 2.041374 -9.511910 2.245102
v 2.052770 -9.519485 2.248170
v 2.047038 -9.491266 2.230325
v 2.052770 -9.519485 2.248170
v 2.066253 -9.518625 2.245240
v 2.074265 -9.509894 2.237969
v 2.074265 -9.509894 2.237969
v 2.072068 -9.498242 2.230550
v 2.060820 -9.490486 2.227355
v 2.060820 -9.490486 2.227355
v 2.047038 -9.491266 2.230325
v 2.052770 -9.519485 2.248170
v 2.175977 -9.435333 2.168958
v 2.180100 -9.446612 2.176033
v 2.205570 -9.450927 2.173137
v 2.180100 -9.446612 2.176033
v 2.192409 -9.453197 2.177958
v 2.205570 -9.450927 2.173137
v 2.205570 -9.450927 2.173137
v 2.211790 -9.441331 2.164679
v 2.207150 -9.430122 2.157655
v 2.175977 -9.435333 2.168958
v 2.205570 -9.450927 2.173137
v 2.194726 -9.423852 2.156111
v 2.207150 -9.430122 2.157655
v 2.194726 -9.423852 2.156111
v 2.205570 -9.450927 2.173137
v 2.294100 -9.355532 2.081393
v 2.299206 -9.366682 2.088192
v 2.311800 -9.372693 2.089285
v 2.311800 -9.372693 2.089285
v 2.324403 -9.370221 2.084012
v 2.312600 -9.343096 2.067801
v 2.324403 -9.370221 2.084012
v 2.329870 -9.360788 2.075469
v 2.325054 -9.349458 2.068806
v 2.312600 -9.343096 2.067801
v 2.324403 -9.370221 2.084012
v 2.325054 -9.349458 2.068806
v 2.312600 -9.343096 2.067801
v 2.299628 -9.345661 2.072912
v 2.294100 -9.355532 2.081393
v 2.416877 -9.279490 1.993905
v 2.420806 -9.291863 1.999159
v 2.435522 -9.268261 1.980081
v 2.420806 -9.291863 1.999159
v 2.432454 -9.299640 1.998542
v 2.435522 -9.268261 1.980081
v 2.432454 -9.299640 1.998542
v 2.444967 -9.298346 1.992144
v 2.435522 -9.268261 1.980081
v 2.444967 -9.298346 1.992144
v 2.451014 -9.288638 1.983941
v 2.447044 -9.276118 1.978990
v 2.435522 -9.268261 1.980081
v 2.444967 -9.298346 1.992144
v 2.447044 -9.276118 1.978990
v 2.528799 -9.203585 1.896402
v 2.533751 -9.216130 1.900133
v 2.556758 -9.221243 1.889305
v 2.533751 -9.216130 1.900133
v 2.545332 -9.223487 1.897220
v 2.556758 -9.221243 1.889305
v 2.556758 -9.221243 1.889305
v 2.561244 -9.210740 1.881087
v 2.528799 -9.203585 1.896402
v 2.561244 -9.210740 1.881087
v 2.556181 -9.198204 1.877420
v 2.528799 -9.203585 1.896402
v 2.556181 -9.198204 1.877420
v 2.544575 -9.190947 1.880409
v 2.528799 -9.203585 1.896402
v 2.633345 -9.121660 1.792455
v 2.637742 -9.134321 1.796443
v 2.638608 -9.111485 1.784356
v 2.637742 -9.134321 1.796443
v 2.649288 -9.141979 1.794207
v 2.638608 -9.111485 1.784356
v 2.649288 -9.141979 1.794207
v 2.661286 -9.140076 1.787282
v 2.666575 -9.129787 1.779305
v 2.666575 -9.129787 1.779305
v 2.661972 -9.117275 1.774908
v 2.650372 -9.109735 1.776978
v 2.650372 -9.109735 1.776978
v 2.638608 -9.111485 1.784356
v 2.649288 -9.141979 1.794207
v 2.736231 -9.044978 1.685130
v 2.742699 -9.056002 1.690764
v 2.766745 -9.058872 1.681458
v 2.742699 -9.056002 1.690764
v 2.755353 -9.061930 1.689266
v 2.766745 -9.058872 1.681458
v 2.766745 -9.058872 1.681458
v 2.770071 -9.048923 1.671914
v 2.763199 -9.038166 1.666222
v 2.736231 -9.044978 1.685130
v 2.766745 -9.058872 1.681458
v 2.750366 -9.032664 1.667732
v 2.763199 -9.038166 1.666222
v 2.750366 -9.032664 1.667732
v 2.766745 -9.058872 1.681458
v 2.807718 -8.951775 1.577117
v 2.818369 -8.959409 1.578449
v 2.806348 -8.941023 1.569590
v 2.818369 -8.959409 1.578449
v 2.832061 -8.959452 1.572807
v 2.806348 -8.941023 1.569590
v 2.832061 -8.959452 1.572807
v 2.840775 -8.951880 1.563494
v 2.815061 -8.933450 1.560277
v 2.840775 -8.951880 1.563494
v 2.839404 -8.941127 1.555967
v 2.828753 -8.933493 1.554635
v 2.815061 -8.933450 1.560277
v 2.840775 -8.951880 1.563494
v 2.828753 -8.933493 1.554635
v 7.642081 -10.085659 1.180637
v 7.629501 -10.081429 1.181900
v 7.618744 -10.085692 1.188519
v 7.618744 -10.085692 1.188519
v 7.616112 -10.095965 1.196602
v 7.642081 -10.085659 1.180637
v 7.623145 -10.106221 1.201419
v 7.623145 -10.106221 1.201419
v 7.635723 -10.110449 1.200146
v 7.646479 -10.106177 1.193531
v 7.646479 -10.106177 1.193531
v 7.649112 -10.095909 1.185451
v 7.615377 -9.962739 1.101375
v 7.602777 -9.958531 1.102515
v 7.592021 -9.962687 1.109200
v 7.592021 -9.962687 1.109200
v 7.589412 -9.972778 1.117521
v 7.615377 -9.962739 1.101375
v 7.589412 -9.972778 1.117521
v 7.596476 -9.982888 1.122597
v 7.619827 -9.982923 1.114760
v 7.615377 -9.962739 1.101375
v 7.589412 -9.972778 1.117521
v 7.619827 -9.982923 1.114760
v 7.596476 -9.982888 1.122597
v 7.609073 -9.987088 1.121452
v 7.588482 -9.841928 1.019054
v 7.575865 -9.837733 1.020027
v 7.565096 -9.841739 1.026786
v 7.565096 -9.841739 1.026786
v 7.562487 -9.851606 1.035380
v 7.592943 -9.861707 1.033016
v 7.562487 -9.851606 1.035380
v 7.569563 -9.861546 1.040768
v 7.582177 -9.865755 1.039743
v 7.592943 -9.861707 1.033016
v 7.562487 -9.851606 1.035380
v 7.582177 -9.865755 1.039743
v 7.592943 -9.861707 1.033016
v 7.595555 -9.851853 1.024432
v 7.588482 -9.841928 1.019054
v 7.561647 -9.723767 0.933016
v 7.549016 -9.719567 0.933792
v 7.535587 -9.733034 0.949423
v 7.549016 -9.719567 0.933792
v 7.538218 -9.723384 0.940605
v 7.535587 -9.733034 0.949423
v 7.535587 -9.733034 0.949423
v 7.542658 -9.742836 0.955091
v 7.555288 -9.747036 0.954281
v 7.555288 -9.747036 0.954281
v 7.566080 -9.743184 0.947475
v 7.561647 -9.723767 0.933016
v 7.535199 -9.608761 0.842765
v 7.522557 -9.604552 0.843284
v 7.511712 -9.608126 0.850156
v 7.511712 -9.608126 0.850156
v 7.509020 -9.617404 0.859369
v 7.535199 -9.608761 0.842765
v 7.509020 -9.617404 0.859369
v 7.516056 -9.626935 0.865512
v 7.528693 -9.631121 0.864974
v 7.535199 -9.608761 0.842765
v 7.509020 -9.617404 0.859369
v 7.539532 -9.627524 0.858083
v 7.528693 -9.631121 0.864974
v 7.539532 -9.627524 0.858083
v 7.509020 -9.617404 0.859369
v 7.509528 -9.497477 0.747812
v 7.496884 -9.493249 0.748039
v 7.485971 -9.496539 0.754946
v 7.485971 -9.496539 0.754946
v 7.483187 -9.505439 0.764503
v 7.509528 -9.497477 0.747812
v 7.483187 -9.505439 0.764503
v 7.490157 -9.514715 0.771096
v 7.502805 -9.518952 0.770801
v 7.509528 -9.497477 0.747812
v 7.483187 -9.505439 0.764503
v 7.513702 -9.515599 0.763916
v 7.502805 -9.518952 0.770801
v 7.513702 -9.515599 0.763916
v 7.483187 -9.505439 0.764503
v 7.484964 -9.390090 0.648230
v 7.472329 -9.385841 0.648137
v 7.458440 -9.397363 0.664891
v 7.472329 -9.385841 0.648137
v 7.461331 -9.388822 0.655056
v 7.458440 -9.397363 0.664891
v 7.458440 -9.397363 0.664891
v 7.465336 -9.406417 0.671887
v 7.484964 -9.390090 0.648230
v 7.465336 -9.406417 0.671887
v 7.477974 -9.410662 0.671928
v 7.477974 -9.410662 0.671928
v 7.488955 -9.407629 0.665008
v 7.449244 -9.282566 0.543627
v 7.435141 -9.293419 0.560606
v 7.449244 -9.282566 0.543627
v 7.438168 -9.285268 0.550493
v 7.435141 -9.293419 0.560606
v 7.435141 -9.293419 0.560606
v 7.441931 -9.302225 0.568022
v 7.461876 -9.286876 0.544011
v 7.441931 -9.302225 0.568022
v 7.454558 -9.306508 0.568376
v 7.461876 -9.286876 0.544011
v 7.454558 -9.306508 0.568376
v 7.440589 -9.187899 0.435399
v 7.428000 -9.183598 0.434665
v 7.443962 -9.203968 0.453708
v 7.428000 -9.183598 0.434665
v 7.416811 -9.185966 0.441527
v 7.443962 -9.203968 0.453708
v 7.416811 -9.185966 0.441527
v 7.413579 -9.193632 0.451986
v 7.443962 -9.203968 0.453708
v 7.413579 -9.193632 0.451986
v 7.420194 -9.202086 0.459894
v 7.432794 -9.206393 0.460568
v 7.443962 -9.203968 0.453708
v 7.413579 -9.193632 0.451986
v 7.432794 -9.206393 0.460568
v 7.420866 -9.092148 0.323621
v 7.408298 -9.087797 0.322619
v 7.393690 -9.097336 0.339964
v 7.408298 -9.087797 0.322619
v 7.397027 -9.089917 0.329401
v 7.393690 -9.097336 0.339964
v 7.393690 -9.097336 0.339964
v 7.400224 -9.105668 0.348121
v 7.420866 -9.092148 0.323621
v 7.412801 -9.110016 0.349074
v 7.412801 -9.110016 0.349074
v 7.424054 -9.107851 0.342284
v 7.420866 -9.092148 0.323621
v 7.403035 -8.999815 0.208664
v 7.390491 -8.995422 0.207423
v 7.375648 -9.004427 0.224851
v 7.390491 -8.995422 0.207423
v 7.379145 -8.997324 0.214120
v 7.375648 -9.004427 0.224851
v 7.375648 -9.004427 0.224851
v 7.382045 -9.012551 0.233311
v 7.403035 -8.999815 0.208664
v 7.382045 -9.012551 0.233311
v 7.394586 -9.016925 0.234525
v 7.403035 -8.999815 0.208664
v 7.394586 -9.016925 0.234525
v 7.405927 -9.015000 0.227802
v 7.403035 -8.999815 0.208664
v 7.386883 -8.910121 0.091329
v 7.374384 -8.905731 0.089885
v 7.389474 -8.924847 0.110879
v 7.374384 -8.905731 0.089885
v 7.362959 -8.907445 0.096545
v 7.389474 -8.924847 0.110879
v 7.362959 -8.907445 0.096545
v 7.359303 -8.914269 0.107421
v 7.389474 -8.924847 0.110879
v 7.359303 -8.914269 0.107421
v 7.365555 -8.922195 0.116129
v 7.378056 -8.926581 0.117551
v 7.389474 -8.924847 0.110879
v 7.359303 -8.914269 0.107421
v 7.378056 -8.926581 0.117551
v 7.371643 -8.821948 -0.027347
v 7.359157 -8.817551 -0.028912
v 7.347699 -8.819154 -0.022289
v 7.347699 -8.819154 -0.022289
v 7.343978 -8.825841 -0.011363
v 7.374117 -8.836460 -0.007613
v 7.350176 -8.833681 -0.002535
v 7.350176 -8.833681 -0.002535
v 7.362659 -8.838079 -0.000985
v 7.374117 -8.836460 -0.007613
v 7.377839 -8.829782 -0.018529
v 7.356509 -8.735397 -0.147323
v 7.344013 -8.731044 -0.148946
v 7.332561 -8.732577 -0.142301
v 7.332561 -8.732577 -0.142301
v 7.328862 -8.739103 -0.131278
v 7.356509 -8.735397 -0.147323
v 7.335083 -8.746795 -0.122336
v 7.335083 -8.746795 -0.122336
v 7.347579 -8.751146 -0.120718
v 7.359030 -8.749608 -0.127367
v 7.359030 -8.749608 -0.127367
v 7.362730 -8.743087 -0.138386
v 7.356509 -8.735397 -0.147323
v 7.341173 -8.651147 -0.268877
v 7.328664 -8.646891 -0.270620
v 7.317215 -8.648276 -0.263929
v 7.317215 -8.648276 -0.263929
v 7.313534 -8.654501 -0.252717
v 7.343733 -8.664769 -0.248523
v 7.313534 -8.654501 -0.252717
v 7.319777 -8.661910 -0.243558
v 7.332283 -8.666214 -0.241858
v 7.343733 -8.664769 -0.248523
v 7.313534 -8.654501 -0.252717
v 7.332283 -8.666214 -0.241858
v 7.343733 -8.664769 -0.248523
v 7.347414 -8.658551 -0.259727
v 7.341173 -8.651147 -0.268877
v 7.325659 -8.570309 -0.392679
v 7.313138 -8.566118 -0.394549
v 7.298011 -8.573366 -0.376528
v 7.313138 -8.566118 -0.394549
v 7.301686 -8.567361 -0.387849
v 7.298011 -8.573366 -0.376528
v 7.298011 -8.573366 -0.376528
v 7.304265 -8.580590 -0.367211
v 7.325659 -8.570309 -0.392679
v 7.304265 -8.580590 -0.367211
v 7.316784 -8.584795 -0.365365
v 7.325659 -8.570309 -0.392679
v 7.316784 -8.584795 -0.365365
v 7.328235 -8.583523 -0.372063
v 7.325659 -8.570309 -0.392679
v 7.309995 -8.494637 -0.519651
v 7.297460 -8.490591 -0.521724
v 7.286002 -8.491589 -0.514991
v 7.282336 -8.497050 -0.503384
v 7.282336 -8.497050 -0.503384
v 7.288607 -8.503771 -0.493715
v 7.312597 -8.506801 -0.498407
v 7.309995 -8.494637 -0.519651
v 7.288607 -8.503771 -0.493715
v 7.301141 -8.507808 -0.491657
v 7.312597 -8.506801 -0.498407
v 7.294254 -8.424993 -0.649972
v 7.281703 -8.421177 -0.652307
v 7.296865 -8.435770 -0.627998
v 7.281703 -8.421177 -0.652307
v 7.270234 -8.421828 -0.645531
v 7.296865 -8.435770 -0.627998
v 7.270234 -8.421828 -0.645531
v 7.266567 -8.426574 -0.633599
v 7.296865 -8.435770 -0.627998
v 7.266567 -8.426574 -0.633599
v 7.272850 -8.432627 -0.623515
v 7.285398 -8.436554 -0.621263
v 7.296865 -8.435770 -0.627998
v 7.266567 -8.426574 -0.633599
v 7.285398 -8.436554 -0.621263
v 7.278505 -8.362769 -0.783973
v 7.265939 -8.359095 -0.786536
v 7.250779 -8.363788 -0.767730
v 7.265939 -8.359095 -0.786536
v 7.254453 -8.359481 -0.779801
v 7.250779 -8.363788 -0.767730
v 7.250779 -8.363788 -0.767730
v 7.257065 -8.369454 -0.757397
v 7.269629 -8.373152 -0.754871
v 7.263551 -8.310047 -0.921686
v 7.251021 -8.306454 -0.924822
v 7.235586 -8.309655 -0.906061
v 7.251021 -8.306454 -0.924822
v 7.239436 -8.306268 -0.918387
v 7.235586 -8.309655 -0.906061
v 7.235586 -8.309655 -0.906061
v 7.241723 -8.314574 -0.895153
v 7.263551 -8.310047 -0.921686
v 7.241723 -8.314574 -0.895153
v 7.254248 -8.318088 -0.892142
v 7.263551 -8.310047 -0.921686
v 7.254248 -8.318088 -0.892142
v 7.265827 -8.318192 -0.898702
v 7.263551 -8.310047 -0.921686
v 7.257674 -8.266651 -1.062552
v 7.245695 -8.262795 -1.066776
v 7.262537 -8.270833 -1.051033
v 7.245695 -8.262795 -1.066776
v 7.233609 -8.261592 -1.061146
v 7.257427 -8.272958 -1.038882
v 7.233609 -8.261592 -1.061146
v 7.228486 -8.263812 -1.048880
v 7.257427 -8.272958 -1.038882
v 7.228486 -8.263812 -1.048880
v 7.233337 -8.268089 -1.037244
v 7.245516 -8.271987 -1.033178
v 7.257427 -8.272958 -1.038882
v 7.228486 -8.263812 -1.048880
v 7.245516 -8.271987 -1.033178
v 7.261240 -8.230942 -1.206229
v 7.249490 -8.226746 -1.211006
v 7.231980 -8.226514 -1.193754
v 7.249490 -8.226746 -1.211006
v 7.237371 -8.224871 -1.205852
v 7.231980 -8.226514 -1.193754
v 7.231980 -8.226514 -1.193754
v 7.236484 -8.230641 -1.181837
v 7.261240 -8.230942 -1.206229
v 7.236484 -8.230641 -1.181837
v 7.248256 -8.234780 -1.177127
v 7.261240 -8.230942 -1.206229
v 7.248256 -8.234780 -1.177127
v 7.260388 -8.236560 -1.182338
v 7.261240 -8.230942 -1.206229
v 7.266956 -8.202314 -1.352088
v 7.255289 -8.198013 -1.356831
v 7.271466 -8.205866 -1.340045
v 7.255289 -8.198013 -1.356831
v 7.243287 -8.195519 -1.351536
v 7.271466 -8.205866 -1.340045
v 7.243287 -8.195519 -1.351536
v 7.237970 -8.196332 -1.339343
v 7.242464 -8.199936 -1.327355
v 7.242464 -8.199936 -1.327355
v 7.254148 -8.204184 -1.322557
v 7.243287 -8.195519 -1.351536
v 7.254148 -8.204184 -1.322557
v 7.266165 -8.206624 -1.327797
v 7.243287 -8.195519 -1.351536
v 7.267238 -8.180539 -1.499559
v 7.255368 -8.176330 -1.503949
v 7.239197 -8.173074 -1.485653
v 7.255368 -8.176330 -1.503949
v 7.243753 -8.173236 -1.498198
v 7.239197 -8.173074 -1.485653
v 7.239197 -8.173074 -1.485653
v 7.244367 -8.175934 -1.473683
v 7.256130 -8.180313 -1.469344
v 7.267238 -8.180539 -1.499559
v 7.239197 -8.173074 -1.485653
v 7.267850 -8.183229 -1.475104
v 7.256130 -8.180313 -1.469344
v 7.267850 -8.183229 -1.475104
v 7.239197 -8.173074 -1.485653
v 7.263733 -8.167556 -1.647481
v 7.251871 -8.163543 -1.652099
v 7.235653 -8.159573 -1.634030
v 7.251871 -8.163543 -1.652099
v 7.240240 -8.160218 -1.646538
v 7.235653 -8.159573 -1.634030
v 7.235653 -8.159573 -1.634030
v 7.240798 -8.161965 -1.621929
v 7.263733 -8.167556 -1.647481
v 7.240798 -8.161965 -1.621929
v 7.252658 -8.165994 -1.617350
v 7.263733 -8.167556 -1.647481
v 7.252658 -8.165994 -1.617350
v 7.264290 -8.169297 -1.622948
v 7.263733 -8.167556 -1.647481
v 7.260175 -8.162815 -1.795993
v 7.248295 -8.159060 -1.800732
v 7.236676 -8.155469 -1.795270
v 7.236676 -8.155469 -1.795270
v 7.232125 -8.154145 -1.782802
v 7.260806 -8.163211 -1.771379
v 7.232125 -8.154145 -1.782802
v 7.237307 -8.155866 -1.770635
v 7.260806 -8.163211 -1.771379
v 7.237307 -8.155866 -1.770635
v 7.249187 -8.159619 -1.765908
v 7.260806 -8.163211 -1.771379
v 7.265357 -8.164534 -1.783839
v 7.260175 -8.162815 -1.795993
v 7.255726 -8.162855 -1.944657
v 7.243794 -8.159264 -1.949399
v 7.233106 -8.155116 -1.919335
v 7.243794 -8.159264 -1.949399
v 7.232226 -8.155509 -1.943944
v 7.233106 -8.155116 -1.919335
v 7.232226 -8.155509 -1.943944
v 7.227799 -8.153792 -1.931494
v 7.233106 -8.155116 -1.919335
v 7.233106 -8.155116 -1.919335
v 7.245011 -8.158772 -1.914585
v 7.261033 -8.164180 -1.932492
v 7.245011 -8.158772 -1.914585
v 7.256606 -8.162462 -1.920035
v 7.261033 -8.164180 -1.932492
v 7.250059 -8.167055 -2.093132
v 7.238117 -8.163536 -2.097965
v 7.222207 -8.157638 -2.080179
v 7.238117 -8.163536 -2.097965
v 7.226581 -8.159624 -2.092612
v 7.222207 -8.157638 -2.080179
v 7.222207 -8.157638 -2.080179
v 7.227559 -8.158723 -2.067977
v 7.250059 -8.167055 -2.093132
v 7.227559 -8.158723 -2.067977
v 7.239504 -8.162237 -2.063176
v 7.250059 -8.167055 -2.093132
v 7.239504 -8.162237 -2.063176
v 7.251043 -8.166129 -2.068565
v 7.255414 -8.168129 -2.080962
v 7.244921 -8.177817 -2.241081
v 7.233083 -8.174454 -2.246198
v 7.245634 -8.175358 -2.216630
v 7.233083 -8.174454 -2.246198
v 7.221536 -8.170080 -2.241164
v 7.245634 -8.175358 -2.216630
v 7.221536 -8.170080 -2.241164
v 7.217040 -8.167277 -2.228886
v 7.245634 -8.175358 -2.216630
v 7.217040 -8.167277 -2.228886
v 7.222233 -8.167669 -2.216598
v 7.234079 -8.171010 -2.211539
v 7.245634 -8.175358 -2.216630
v 7.217040 -8.167277 -2.228886
v 7.234079 -8.171010 -2.211539
v 7.241411 -8.196685 -2.388237
v 7.229680 -8.193463 -2.393656
v 7.241859 -8.192877 -2.363952
v 7.229680 -8.193463 -2.393656
v 7.218132 -8.188674 -2.388994
v 7.241859 -8.192877 -2.363952
v 7.218132 -8.188674 -2.388994
v 7.213523 -8.185138 -2.376945
v 7.241859 -8.192877 -2.363952
v 7.213523 -8.185138 -2.376945
v 7.218561 -8.184910 -2.364604
v 7.230324 -8.188231 -2.359221
v 7.241859 -8.192877 -2.363952
v 7.213523 -8.185138 -2.376945
v 7.230324 -8.188231 -2.359221
v 7.239109 -8.221783 -2.534527
v 7.227462 -8.218569 -2.540241
v 7.211302 -8.209622 -2.524050
v 7.227462 -8.218569 -2.540241
v 7.215946 -8.213521 -2.535918
v 7.211302 -8.209622 -2.524050
v 7.211302 -8.209622 -2.524050
v 7.216256 -8.209138 -2.511627
v 7.239109 -8.221783 -2.534527
v 7.216256 -8.209138 -2.511627
v 7.227914 -8.212337 -2.505963
v 7.239109 -8.221783 -2.534527
v 7.227914 -8.212337 -2.505963
v 7.239439 -8.217360 -2.510339
v 7.244073 -8.221278 -2.522156
v 7.238189 -8.254575 -2.679328
v 7.226655 -8.251520 -2.685280
v 7.238280 -8.248781 -2.655429
v 7.226655 -8.251520 -2.685280
v 7.215157 -8.246075 -2.681314
v 7.238280 -8.248781 -2.655429
v 7.215157 -8.246075 -2.681314
v 7.210419 -8.241441 -2.669717
v 7.238280 -8.248781 -2.655429
v 7.210419 -8.241441 -2.669717
v 7.215225 -8.240320 -2.657317
v 7.226770 -8.243355 -2.651413
v 7.238280 -8.248781 -2.655429
v 7.210419 -8.241441 -2.669717
v 7.226770 -8.243355 -2.651413
v 7.238102 -8.292573 -2.822852
v 7.226675 -8.289629 -2.829039
v 7.238030 -8.285698 -2.799237
v 7.226675 -8.289629 -2.829039
v 7.215212 -8.283846 -2.825423
v 7.238030 -8.285698 -2.799237
v 7.215212 -8.283846 -2.825423
v 7.210421 -8.278625 -2.814090
v 7.238030 -8.285698 -2.799237
v 7.210421 -8.278625 -2.814090
v 7.215115 -8.277009 -2.801712
v 7.226572 -8.280046 -2.795543
v 7.238030 -8.285698 -2.799237
v 7.210421 -8.278625 -2.814090
v 7.226572 -8.280046 -2.795543
v 7.238835 -8.336420 -2.964718
v 7.227506 -8.333509 -2.971154
v 7.211300 -8.321863 -2.956768
v 7.227506 -8.333509 -2.971154
v 7.216104 -8.327476 -2.967876
v 7.211300 -8.321863 -2.956768
v 7.211300 -8.321863 -2.956768
v 7.215918 -8.319950 -2.944372
v 7.238835 -8.336420 -2.964718
v 7.215918 -8.319950 -2.944372
v 7.227262 -8.322844 -2.937985
v 7.238835 -8.336420 -2.964718
v 7.227262 -8.322844 -2.937985
v 7.238676 -8.328860 -2.941313
v 7.238835 -8.336420 -2.964718
v 7.240250 -8.386847 -3.104356
v 7.229032 -8.384079 -3.111017
v 7.212876 -8.371438 -3.097368
v 7.229032 -8.384079 -3.111017
v 7.217699 -8.377691 -3.108139
v 7.212876 -8.371438 -3.097368
v 7.212876 -8.371438 -3.097368
v 7.217401 -8.368971 -3.085053
v 7.228634 -8.371722 -3.078445
v 7.240250 -8.386847 -3.104356
v 7.212876 -8.371438 -3.097368
v 7.239984 -8.378094 -3.081378
v 7.228634 -8.371722 -3.078445
v 7.239984 -8.378094 -3.081378
v 7.212876 -8.371438 -3.097368
v 7.242019 -8.443590 -3.241500
v 7.230917 -8.441025 -3.248384
v 7.246495 -8.440418 -3.229403
v 7.230917 -8.441025 -3.248384
v 7.219677 -8.434237 -3.245979
v 7.241708 -8.433384 -3.219133
v 7.219677 -8.434237 -3.245979
v 7.214871 -8.427216 -3.235652
v 7.241708 -8.433384 -3.219133
v 7.214871 -8.427216 -3.235652
v 7.219328 -8.424066 -3.223492
v 7.230453 -8.426776 -3.216598
v 7.241708 -8.433384 -3.219133
v 7.214871 -8.427216 -3.235652
v 7.230453 -8.426776 -3.216598
v 7.244095 -8.507064 -3.375732
v 7.232991 -8.504736 -3.382753
v 7.216948 -8.490618 -3.370533
v 7.232991 -8.504736 -3.382753
v 7.221742 -8.497937 -3.380602
v 7.216948 -8.490618 -3.370533
v 7.216948 -8.490618 -3.370533
v 7.221406 -8.487099 -3.358450
v 7.244095 -8.507064 -3.375732
v 7.221406 -8.487099 -3.358450
v 7.232493 -8.489474 -3.351441
v 7.244095 -8.507064 -3.375732
v 7.232493 -8.489474 -3.351441
v 7.243726 -8.496318 -3.353602
v 7.244095 -8.507064 -3.375732
v 7.247248 -8.571989 -3.509393
v 7.235981 -8.570134 -3.516283
v 7.219505 -8.556644 -3.503918
v 7.235981 -8.570134 -3.516283
v 7.224481 -8.563801 -3.514010
v 7.219505 -8.556644 -3.503918
v 7.219505 -8.556644 -3.503918
v 7.223947 -8.552912 -3.491906
v 7.247248 -8.571989 -3.509393
v 7.223947 -8.552912 -3.491906
v 7.235180 -8.554846 -3.484995
v 7.247248 -8.571989 -3.509393
v 7.235180 -8.554846 -3.484995
v 7.246648 -8.561257 -3.487248
v 7.247248 -8.571989 -3.509393
v 7.251476 -8.637307 -3.642807
v 7.240072 -8.635985 -3.649571
v 7.250669 -8.626336 -3.620792
v 7.240072 -8.635985 -3.649571
v 7.228345 -8.630083 -3.647222
v 7.250669 -8.626336 -3.620792
v 7.228345 -8.630083 -3.647222
v 7.223185 -8.623003 -3.637146
v 7.250669 -8.626336 -3.620792
v 7.223185 -8.623003 -3.637146
v 7.227595 -8.618952 -3.625234
v 7.238992 -8.620389 -3.618440
v 7.250669 -8.626336 -3.620792
v 7.223185 -8.623003 -3.637146
v 7.238992 -8.620389 -3.618440
v 7.256648 -8.704368 -3.775297
v 7.245109 -8.703576 -3.781958
v 7.227936 -8.691111 -3.769509
v 7.245109 -8.703576 -3.781958
v 7.233209 -8.698109 -3.779556
v 7.227936 -8.691111 -3.769509
v 7.227936 -8.691111 -3.769509
v 7.232362 -8.686739 -3.757692
v 7.256648 -8.704368 -3.775297
v 7.232362 -8.686739 -3.757692
v 7.243877 -8.687611 -3.751019
v 7.256648 -8.704368 -3.775297
v 7.243877 -8.687611 -3.751019
v 7.255753 -8.693158 -3.753408
v 7.256648 -8.704368 -3.775297
v 7.262695 -8.774541 -3.906122
v 7.251060 -8.774355 -3.912636
v 7.238997 -8.769227 -3.910233
v 7.238997 -8.769227 -3.910233
v 7.233587 -8.762106 -3.900329
v 7.262695 -8.774541 -3.906122
v 7.233587 -8.762106 -3.900329
v 7.237985 -8.757218 -3.888718
v 7.249599 -8.757482 -3.882192
v 7.262695 -8.774541 -3.906122
v 7.233587 -8.762106 -3.900329
v 7.261642 -8.762687 -3.884582
v 7.249599 -8.757482 -3.882192
v 7.261642 -8.762687 -3.884582
v 7.233587 -8.762106 -3.900329
v 7.269425 -8.848288 -4.034932
v 7.257711 -8.848724 -4.041266
v 7.268242 -8.835645 -4.013850
v 7.257711 -8.848724 -4.041266
v 7.245512 -8.843890 -4.038876
v 7.268242 -8.835645 -4.013850
v 7.245512 -8.843890 -4.038876
v 7.239987 -8.836565 -4.029173
v 7.268242 -8.835645 -4.013850
v 7.239987 -8.836565 -4.029173
v 7.244362 -8.831100 -4.017824
v 7.256074 -8.830822 -4.011424
v 7.268242 -8.835645 -4.013850
v 7.239987 -8.836565 -4.029173
v 7.256074 -8.830822 -4.011424
v 7.276760 -8.926141 -4.161291
v 7.264969 -8.927105 -4.167469
v 7.247078 -8.915262 -4.155425
v 7.264969 -8.927105 -4.167469
v 7.252671 -8.922619 -4.165034
v 7.247078 -8.915262 -4.155425
v 7.247078 -8.915262 -4.155425
v 7.251459 -8.909392 -4.144258
v 7.276760 -8.926141 -4.161291
v 7.251459 -8.909392 -4.144258
v 7.263236 -8.908501 -4.138062
v 7.276760 -8.926141 -4.161291
v 7.263236 -8.908501 -4.138062
v 7.275521 -8.913057 -4.140480
v 7.276760 -8.926141 -4.161291
v 7.284558 -9.008256 -4.285861
v 7.272735 -9.009616 -4.291962
v 7.260374 -9.005268 -4.289453
v 7.260374 -9.005268 -4.289453
v 7.254715 -8.997759 -4.279804
v 7.284558 -9.008256 -4.285861
v 7.254715 -8.997759 -4.279804
v 7.259074 -8.991488 -4.268666
v 7.288916 -9.001985 -4.274724
v 7.284558 -9.008256 -4.285861
v 7.254715 -8.997759 -4.279804
v 7.288916 -9.001985 -4.274724
v 7.259074 -8.991488 -4.268666
v 7.270896 -8.990128 -4.262566
v 7.283257 -8.994475 -4.265074
v -7.618744 -10.085692 1.188519
v -7.629501 -10.081429 1.181900
v -7.642081 -10.085659 1.180637
v -7.642081 -10.085659 1.180637
v -7.649112 -10.095909 1.185451
v -7.646479 -10.106177 1.193531
v -7.635723 -10.110449 1.200146
v -7.623145 -10.106221 1.201419
v -7.616112 -10.095965 1.196602
v -7.616112 -10.095965 1.196602
v -7.618744 -10.085692 1.188519
v -7.642081 -10.085659 1.180637
v -7.592021 -9.962687 1.109200
v -7.602777 -9.958531 1.102515
v -7.615377 -9.962739 1.101375
v -7.615377 -9.962739 1.101375
v -7.622438 -9.972840 1.106446
v -7.619827 -9.982923 1.114760
v -7.619827 -9.982923 1.114760
v -7.609073 -9.987088 1.121452
v -7.596476 -9.982888 1.122597
v -7.596476 -9.982888 1.122597
v -7.589412 -9.972778 1.117521
v -7.619827 -9.982923 1.114760
v -7.592021 -9.962687 1.109200
v -7.565096 -9.841739 1.026786
v -7.575865 -9.837733 1.020027
v -7.592943 -9.861707 1.033016
v -7.575865 -9.837733 1.020027
v -7.588482 -9.841928 1.019054
v -7.592943 -9.861707 1.033016
v -7.588482 -9.841928 1.019054
v -7.595555 -9.851853 1.024432
v -7.592943 -9.861707 1.033016
v -7.592943 -9.861707 1.033016
v -7.582177 -9.865755 1.039743
v -7.562487 -9.851606 1.035380
v -7.582177 -9.865755 1.039743
v -7.569563 -9.861546 1.040768
v -7.562487 -9.851606 1.035380
v -7.538218 -9.723384 0.940605
v -7.549016 -9.719567 0.933792
v -7.535587 -9.733034 0.949423
v -7.549016 -9.719567 0.933792
v -7.561647 -9.723767 0.933016
v -7.535587 -9.733034 0.949423
v -7.561647 -9.723767 0.933016
v -7.568716 -9.733552 0.938671
v -7.566080 -9.743184 0.947475
v -7.566080 -9.743184 0.947475
v -7.555288 -9.747036 0.954281
v -7.561647 -9.723767 0.933016
v -7.555288 -9.747036 0.954281
v -7.511712 -9.608126 0.850156
v -7.522557 -9.604552 0.843284
v -7.535199 -9.608761 0.842765
v -7.535199 -9.608761 0.842765
v -7.542229 -9.618270 0.848889
v -7.539532 -9.627524 0.858083
v -7.539532 -9.627524 0.858083
v -7.528693 -9.631121 0.864974
v -7.509020 -9.617404 0.859369
v -7.528693 -9.631121 0.864974
v -7.516056 -9.626935 0.865512
v -7.509020 -9.617404 0.859369
v -7.485971 -9.496539 0.754946
v -7.496884 -9.493249 0.748039
v -7.483187 -9.505439 0.764503
v -7.496884 -9.493249 0.748039
v -7.509528 -9.497477 0.747812
v -7.513702 -9.515599 0.763916
v -7.516493 -9.506727 0.754382
v -7.513702 -9.515599 0.763916
v -7.502805 -9.518952 0.770801
v -7.483187 -9.505439 0.764503
v -7.502805 -9.518952 0.770801
v -7.490157 -9.514715 0.771096
v -7.483187 -9.505439 0.764503
v -7.461331 -9.388822 0.655056
v -7.472329 -9.385841 0.648137
v -7.458440 -9.397363 0.664891
v -7.472329 -9.385841 0.648137
v -7.484964 -9.390090 0.648230
v -7.458440 -9.397363 0.664891
v -7.484964 -9.390090 0.648230
v -7.491853 -9.399117 0.655200
v -7.488955 -9.407629 0.665008
v -7.488955 -9.407629 0.665008
v -7.477974 -9.410662 0.671928
v -7.477974 -9.410662 0.671928
v -7.465336 -9.406417 0.671887
v -7.438168 -9.285268 0.550493
v -7.449244 -9.282566 0.543627
v -7.435141 -9.293419 0.560606
v -7.449244 -9.282566 0.543627
v -7.461876 -9.286876 0.544011
v -7.435141 -9.293419 0.560606
v -7.461876 -9.286876 0.544011
v -7.468661 -9.295653 0.551398
v -7.465628 -9.303777 0.561481
v -7.454558 -9.306508 0.568376
v -7.454558 -9.306508 0.568376
v -7.441931 -9.302225 0.568022
v -7.461876 -9.286876 0.544011
v -7.416811 -9.185966 0.441527
v -7.428000 -9.183598 0.434665
v -7.443962 -9.203968 0.453708
v -7.428000 -9.183598 0.434665
v -7.440589 -9.187899 0.435399
v -7.443962 -9.203968 0.453708
v -7.440589 -9.187899 0.435399
v -7.447199 -9.196328 0.443278
v -7.443962 -9.203968 0.453708
v -7.443962 -9.203968 0.453708
v -7.432794 -9.206393 0.460568
v -7.413579 -9.193632 0.451986
v -7.432794 -9.206393 0.460568
v -7.420194 -9.202086 0.459894
v -7.413579 -9.193632 0.451986
v -7.397027 -9.089917 0.329401
v -7.408298 -9.087797 0.322619
v -7.393690 -9.097336 0.339964
v -7.408298 -9.087797 0.322619
v -7.420866 -9.092148 0.323621
v -7.393690 -9.097336 0.339964
v -7.420866 -9.092148 0.323621
v -7.427397 -9.100456 0.331750
v -7.424054 -9.107851 0.342284
v -7.424054 -9.107851 0.342284
v -7.412801 -9.110016 0.349074
v -7.420866 -9.092148 0.323621
v -7.412801 -9.110016 0.349074
v -7.379145 -8.997324 0.214120
v -7.390491 -8.995422 0.207423
v -7.375648 -9.004427 0.224851
v -7.390491 -8.995422 0.207423
v -7.403035 -8.999815 0.208664
v -7.375648 -9.004427 0.224851
v -7.403035 -8.999815 0.208664
v -7.409428 -9.007919 0.217097
v -7.405927 -9.015000 0.227802
v -7.405927 -9.015000 0.227802
v -7.394586 -9.016925 0.234525
v -7.403035 -8.999815 0.208664
v -7.394586 -9.016925 0.234525
v -7.382045 -9.012551 0.233311
v -7.403035 -8.999815 0.208664
v -7.362959 -8.907445 0.096545
v -7.374384 -8.905731 0.089885
v -7.389474 -8.924847 0.110879
v -7.374384 -8.905731 0.089885
v -7.386883 -8.910121 0.091329
v -7.389474 -8.924847 0.110879
v -7.386883 -8.910121 0.091329
v -7.393133 -8.918036 0.100020
v -7.389474 -8.924847 0.110879
v -7.389474 -8.924847 0.110879
v -7.378056 -8.926581 0.117551
v -7.359303 -8.914269 0.107421
v -7.378056 -8.926581 0.117551
v -7.365555 -8.922195 0.116129
v -7.359303 -8.914269 0.107421
v -7.347699 -8.819154 -0.022289
v -7.359157 -8.817551 -0.028912
v -7.374117 -8.836460 -0.007613
v -7.359157 -8.817551 -0.028912
v -7.371643 -8.821948 -0.027347
v -7.374117 -8.836460 -0.007613
v -7.371643 -8.821948 -0.027347
v -7.377839 -8.829782 -0.018529
v -7.374117 -8.836460 -0.007613
v -7.374117 -8.836460 -0.007613
v -7.362659 -8.838079 -0.000985
v -7.343978 -8.825841 -0.011363
v -7.362659 -8.838079 -0.000985
v -7.350176 -8.833681 -0.002535
v -7.343978 -8.825841 -0.011363
v -7.332561 -8.732577 -0.142301
v -7.344013 -8.731044 -0.148946
v -7.356509 -8.735397 -0.147323
v -7.356509 -8.735397 -0.147323
v -7.362730 -8.743087 -0.138386
v -7.359030 -8.749608 -0.127367
v -7.359030 -8.749608 -0.127367
v -7.347579 -8.751146 -0.120718
v -7.335083 -8.746795 -0.122336
v -7.335083 -8.746795 -0.122336
v -7.328862 -8.739103 -0.131278
v -7.356509 -8.735397 -0.147323
v -7.332561 -8.732577 -0.142301
v -7.317215 -8.648276 -0.263929
v -7.328664 -8.646891 -0.270620
v -7.343733 -8.664769 -0.248523
v -7.328664 -8.646891 -0.270620
v -7.341173 -8.651147 -0.268877
v -7.341173 -8.651147 -0.268877
v -7.347414 -8.658551 -0.259727
v -7.343733 -8.664769 -0.248523
v -7.343733 -8.664769 -0.248523
v -7.332283 -8.666214 -0.241858
v -7.313534 -8.654501 -0.252717
v -7.332283 -8.666214 -0.241858
v -7.319777 -8.661910 -0.243558
v -7.313534 -8.654501 -0.252717
v -7.301686 -8.567361 -0.387849
v -7.313138 -8.566118 -0.394549
v -7.298011 -8.573366 -0.376528
v -7.313138 -8.566118 -0.394549
v -7.325659 -8.570309 -0.392679
v -7.298011 -8.573366 -0.376528
v -7.325659 -8.570309 -0.392679
v -7.331912 -8.577524 -0.383374
v -7.328235 -8.583523 -0.372063
v -7.328235 -8.583523 -0.372063
v -7.316784 -8.584795 -0.365365
v -7.304265 -8.580590 -0.367211
v -7.304265 -8.580590 -0.367211
v -7.298011 -8.573366 -0.376528
v -7.325659 -8.570309 -0.392679
v -7.286002 -8.491589 -0.514991
v -7.297460 -8.490591 -0.521724
v -7.309995 -8.494637 -0.519651
v -7.309995 -8.494637 -0.519651
v -7.316265 -8.501348 -0.509997
v -7.312597 -8.506801 -0.498407
v -7.312597 -8.506801 -0.498407
v -7.301141 -8.507808 -0.491657
v -7.288607 -8.503771 -0.493715
v -7.288607 -8.503771 -0.493715
v -7.282336 -8.497050 -0.503384
v -7.286002 -8.491589 -0.514991
v -7.309995 -8.494637 -0.519651
v -7.270234 -8.421828 -0.645531
v -7.281703 -8.421177 -0.652307
v -7.296865 -8.435770 -0.627998
v -7.281703 -8.421177 -0.652307
v -7.294254 -8.424993 -0.649972
v -7.296865 -8.435770 -0.627998
v -7.294254 -8.424993 -0.649972
v -7.300533 -8.431034 -0.639910
v -7.296865 -8.435770 -0.627998
v -7.296865 -8.435770 -0.627998
v -7.285398 -8.436554 -0.621263
v -7.266567 -8.426574 -0.633599
v -7.285398 -8.436554 -0.621263
v -7.272850 -8.432627 -0.623515
v -7.266567 -8.426574 -0.633599
v -7.254453 -8.359481 -0.779801
v -7.265939 -8.359095 -0.786536
v -7.250779 -8.363788 -0.767730
v -7.265939 -8.359095 -0.786536
v -7.278505 -8.362769 -0.783973
v -7.250779 -8.363788 -0.767730
v -7.284789 -8.368425 -0.773663
v -7.281111 -8.372723 -0.761616
v -7.269629 -8.373152 -0.754871
v -7.239436 -8.306268 -0.918387
v -7.251021 -8.306454 -0.924822
v -7.235586 -8.309655 -0.906061
v -7.251021 -8.306454 -0.924822
v -7.263551 -8.310047 -0.921686
v -7.235586 -8.309655 -0.906061
v -7.263551 -8.310047 -0.921686
v -7.269682 -8.314887 -0.910904
v -7.265827 -8.318192 -0.898702
v -7.265827 -8.318192 -0.898702
v -7.254248 -8.318088 -0.892142
v -7.263551 -8.310047 -0.921686
v -7.254248 -8.318088 -0.892142
v -7.241723 -8.314574 -0.895153
v -7.263551 -8.310047 -0.921686
v -7.233609 -8.261592 -1.061146
v -7.245695 -8.262795 -1.066776
v -7.257427 -8.272958 -1.038882
v -7.245695 -8.262795 -1.066776
v -7.257674 -8.266651 -1.062552
v -7.262537 -8.270833 -1.051033
v -7.257427 -8.272958 -1.038882
v -7.245695 -8.262795 -1.066776
v -7.262537 -8.270833 -1.051033
v -7.257427 -8.272958 -1.038882
v -7.245516 -8.271987 -1.033178
v -7.228486 -8.263812 -1.048880
v -7.245516 -8.271987 -1.033178
v -7.233337 -8.268089 -1.037244
v -7.228486 -8.263812 -1.048880
v -7.237371 -8.224871 -1.205852
v -7.249490 -8.226746 -1.211006
v -7.231980 -8.226514 -1.193754
v -7.249490 -8.226746 -1.211006
v -7.261240 -8.230942 -1.206229
v -7.231980 -8.226514 -1.193754
v -7.261240 -8.230942 -1.206229
v -7.265761 -8.234992 -1.194375
v -7.260388 -8.236560 -1.182338
v -7.260388 -8.236560 -1.182338
v -7.248256 -8.234780 -1.177127
v -7.261240 -8.230942 -1.206229
v -7.248256 -8.234780 -1.177127
v -7.236484 -8.230641 -1.181837
v -7.261240 -8.230942 -1.206229
v -7.243287 -8.195519 -1.351536
v -7.255289 -8.198013 -1.356831
v -7.271466 -8.205866 -1.340045
v -7.255289 -8.198013 -1.356831
v -7.266956 -8.202314 -1.352088
v -7.271466 -8.205866 -1.340045
v -7.271466 -8.205866 -1.340045
v -7.266165 -8.206624 -1.327797
v -7.243287 -8.195519 -1.351536
v -7.266165 -8.206624 -1.327797
v -7.254148 -8.204184 -1.322557
v -7.243287 -8.195519 -1.351536
v -7.254148 -8.204184 -1.322557
v -7.242464 -8.199936 -1.327355
v -7.243287 -8.195519 -1.351536
v -7.243753 -8.173236 -1.498198
v -7.255368 -8.176330 -1.503949
v -7.239197 -8.173074 -1.485653
v -7.255368 -8.176330 -1.503949
v -7.267238 -8.180539 -1.499559
v -7.239197 -8.173074 -1.485653
v -7.267238 -8.180539 -1.499559
v -7.272408 -8.183396 -1.487620
v -7.267850 -8.183229 -1.475104
v -7.267850 -8.183229 -1.475104
v -7.256130 -8.180313 -1.469344
v -7.239197 -8.173074 -1.485653
v -7.256130 -8.180313 -1.469344
v -7.244367 -8.175934 -1.473683
v -7.239197 -8.173074 -1.485653
v -7.240240 -8.160218 -1.646538
v -7.251871 -8.163543 -1.652099
v -7.235653 -8.159573 -1.634030
v -7.251871 -8.163543 -1.652099
v -7.263733 -8.167556 -1.647481
v -7.235653 -8.159573 -1.634030
v -7.263733 -8.167556 -1.647481
v -7.268877 -8.169946 -1.635418
v -7.264290 -8.169297 -1.622948
v -7.264290 -8.169297 -1.622948
v -7.252658 -8.165994 -1.617350
v -7.263733 -8.167556 -1.647481
v -7.252658 -8.165994 -1.617350
v -7.240798 -8.161965 -1.621929
v -7.263733 -8.167556 -1.647481
v -7.236676 -8.155469 -1.795270
v -7.248295 -8.159060 -1.800732
v -7.260806 -8.163211 -1.771379
v -7.248295 -8.159060 -1.800732
v -7.260175 -8.162815 -1.795993
v -7.260806 -8.163211 -1.771379
v -7.260175 -8.162815 -1.795993
v -7.265357 -8.164534 -1.783839
v -7.260806 -8.163211 -1.771379
v -7.260806 -8.163211 -1.771379
v -7.249187 -8.159619 -1.765908
v -7.237307 -8.155866 -1.770635
v -7.237307 -8.155866 -1.770635
v -7.232125 -8.154145 -1.782802
v -7.232226 -8.155509 -1.943944
v -7.243794 -8.159264 -1.949399
v -7.255726 -8.162855 -1.944657
v -7.255726 -8.162855 -1.944657
v -7.261033 -8.164180 -1.932492
v -7.233106 -8.155116 -1.919335
v -7.261033 -8.164180 -1.932492
v -7.256606 -8.162462 -1.920035
v -7.233106 -8.155116 -1.919335
v -7.256606 -8.162462 -1.920035
v -7.245011 -8.158772 -1.914585
v -7.233106 -8.155116 -1.919335
v -7.233106 -8.155116 -1.919335
v -7.227799 -8.153792 -1.931494
v -7.232226 -8.155509 -1.943944
v -7.226581 -8.159624 -2.092612
v -7.238117 -8.163536 -2.097965
v -7.222207 -8.157638 -2.080179
v -7.238117 -8.163536 -2.097965
v -7.250059 -8.167055 -2.093132
v -7.222207 -8.157638 -2.080179
v -7.250059 -8.167055 -2.093132
v -7.255414 -8.168129 -2.080962
v -7.239504 -8.162237 -2.063176
v -7.255414 -8.168129 -2.080962
v -7.251043 -8.166129 -2.068565
v -7.239504 -8.162237 -2.063176
v -7.239504 -8.162237 -2.063176
v -7.227559 -8.158723 -2.067977
v -7.250059 -8.167055 -2.093132
v -7.221536 -8.170080 -2.241164
v -7.233083 -8.174454 -2.246198
v -7.245634 -8.175358 -2.216630
v -7.233083 -8.174454 -2.246198
v -7.244921 -8.177817 -2.241081
v -7.245634 -8.175358 -2.216630
v -7.244921 -8.177817 -2.241081
v -7.250122 -8.178185 -2.228850
v -7.245634 -8.175358 -2.216630
v -7.245634 -8.175358 -2.216630
v -7.234079 -8.171010 -2.211539
v -7.217040 -8.167277 -2.228886
v -7.234079 -8.171010 -2.211539
v -7.222233 -8.167669 -2.216598
v -7.217040 -8.167277 -2.228886
v -7.218132 -8.188674 -2.388994
v -7.229680 -8.193463 -2.393656
v -7.241859 -8.192877 -2.363952
v -7.229680 -8.193463 -2.393656
v -7.241411 -8.196685 -2.388237
v -7.241859 -8.192877 -2.363952
v -7.241411 -8.196685 -2.388237
v -7.246459 -8.196436 -2.375948
v -7.241859 -8.192877 -2.363952
v -7.241859 -8.192877 -2.363952
v -7.230324 -8.188231 -2.359221
v -7.213523 -8.185138 -2.376945
v -7.230324 -8.188231 -2.359221
v -7.218561 -8.184910 -2.364604
v -7.213523 -8.185138 -2.376945
v -7.215946 -8.213521 -2.535918
v -7.227462 -8.218569 -2.540241
v -7.211302 -8.209622 -2.524050
v -7.227462 -8.218569 -2.540241
v -7.239109 -8.221783 -2.534527
v -7.211302 -8.209622 -2.524050
v -7.239109 -8.221783 -2.534527
v -7.244073 -8.221278 -2.522156
v -7.227914 -8.212337 -2.505963
v -7.244073 -8.221278 -2.522156
v -7.239439 -8.217360 -2.510339
v -7.227914 -8.212337 -2.505963
v -7.216256 -8.209138 -2.511627
v -7.215157 -8.246075 -2.681314
v -7.226655 -8.251520 -2.685280
v -7.238280 -8.248781 -2.655429
v -7.226655 -8.251520 -2.685280
v -7.238189 -8.254575 -2.679328
v -7.238280 -8.248781 -2.655429
v -7.238189 -8.254575 -2.679328
v -7.243008 -8.253434 -2.666977
v -7.238280 -8.248781 -2.655429
v -7.238280 -8.248781 -2.655429
v -7.226770 -8.243355 -2.651413
v -7.210419 -8.241441 -2.669717
v -7.226770 -8.243355 -2.651413
v -7.215225 -8.240320 -2.657317
v -7.210419 -8.241441 -2.669717
v -7.215212 -8.283846 -2.825423
v -7.226675 -8.289629 -2.829039
v -7.238030 -8.285698 -2.799237
v -7.226675 -8.289629 -2.829039
v -7.238102 -8.292573 -2.822852
v -7.238030 -8.285698 -2.799237
v -7.238102 -8.292573 -2.822852
v -7.242809 -8.290939 -2.810523
v -7.238030 -8.285698 -2.799237
v -7.238030 -8.285698 -2.799237
v -7.226572 -8.280046 -2.795543
v -7.210421 -8.278625 -2.814090
v -7.226572 -8.280046 -2.795543
v -7.215115 -8.277009 -2.801712
v -7.210421 -8.278625 -2.814090
v -7.216104 -8.327476 -2.967876
v -7.227506 -8.333509 -2.971154
v -7.211300 -8.321863 -2.956768
v -7.227506 -8.333509 -2.971154
v -7.238835 -8.336420 -2.964718
v -7.211300 -8.321863 -2.956768
v -7.238835 -8.336420 -2.964718
v -7.243467 -8.334489 -2.952371
v -7.238676 -8.328860 -2.941313
v -7.238676 -8.328860 -2.941313
v -7.227262 -8.322844 -2.937985
v -7.238835 -8.336420 -2.964718
v -7.227262 -8.322844 -2.937985
v -7.215918 -8.319950 -2.944372
v -7.238835 -8.336420 -2.964718
v -7.217699 -8.377691 -3.108139
v -7.229032 -8.384079 -3.111017
v -7.212876 -8.371438 -3.097368
v -7.229032 -8.384079 -3.111017
v -7.240250 -8.386847 -3.104356
v -7.212876 -8.371438 -3.097368
v -7.240250 -8.386847 -3.104356
v -7.244790 -8.384364 -3.092095
v -7.239984 -8.378094 -3.081378
v -7.239984 -8.378094 -3.081378
v -7.228634 -8.371722 -3.078445
v -7.212876 -8.371438 -3.097368
v -7.228634 -8.371722 -3.078445
v -7.217401 -8.368971 -3.085053
v -7.212876 -8.371438 -3.097368
v -7.219677 -8.434237 -3.245979
v -7.230917 -8.441025 -3.248384
v -7.241708 -8.433384 -3.219133
v -7.230917 -8.441025 -3.248384
v -7.242019 -8.443590 -3.241500
v -7.246495 -8.440418 -3.229403
v -7.241708 -8.433384 -3.219133
v -7.230917 -8.441025 -3.248384
v -7.246495 -8.440418 -3.229403
v -7.241708 -8.433384 -3.219133
v -7.230453 -8.426776 -3.216598
v -7.214871 -8.427216 -3.235652
v -7.230453 -8.426776 -3.216598
v -7.219328 -8.424066 -3.223492
v -7.214871 -8.427216 -3.235652
v -7.221742 -8.497937 -3.380602
v -7.232991 -8.504736 -3.382753
v -7.216948 -8.490618 -3.370533
v -7.232991 -8.504736 -3.382753
v -7.244095 -8.507064 -3.375732
v -7.216948 -8.490618 -3.370533
v -7.244095 -8.507064 -3.375732
v -7.248537 -8.503591 -3.363661
v -7.243726 -8.496318 -3.353602
v -7.243726 -8.496318 -3.353602
v -7.232493 -8.489474 -3.351441
v -7.244095 -8.507064 -3.375732
v -7.232493 -8.489474 -3.351441
v -7.221406 -8.487099 -3.358450
v -7.244095 -8.507064 -3.375732
v -7.224481 -8.563801 -3.514010
v -7.235981 -8.570134 -3.516283
v -7.219505 -8.556644 -3.503918
v -7.235981 -8.570134 -3.516283
v -7.247248 -8.571989 -3.509393
v -7.219505 -8.556644 -3.503918
v -7.247248 -8.571989 -3.509393
v -7.251656 -8.568336 -3.497359
v -7.246648 -8.561257 -3.487248
v -7.246648 -8.561257 -3.487248
v -7.235180 -8.554846 -3.484995
v -7.223947 -8.552912 -3.491906
v -7.223947 -8.552912 -3.491906
v -7.219505 -8.556644 -3.503918
v -7.247248 -8.571989 -3.509393
v -7.228345 -8.630083 -3.647222
v -7.240072 -8.635985 -3.649571
v -7.250669 -8.626336 -3.620792
v -7.240072 -8.635985 -3.649571
v -7.251476 -8.637307 -3.642807
v -7.250669 -8.626336 -3.620792
v -7.251476 -8.637307 -3.642807
v -7.255857 -8.633333 -3.630883
v -7.250669 -8.626336 -3.620792
v -7.250669 -8.626336 -3.620792
v -7.238992 -8.620389 -3.618440
v -7.223185 -8.623003 -3.637146
v -7.238992 -8.620389 -3.618440
v -7.227595 -8.618952 -3.625234
v -7.223185 -8.623003 -3.637146
v -7.233209 -8.698109 -3.779556
v -7.245109 -8.703576 -3.781958
v -7.227936 -8.691111 -3.769509
v -7.245109 -8.703576 -3.781958
v -7.256648 -8.704368 -3.775297
v -7.227936 -8.691111 -3.769509
v -7.256648 -8.704368 -3.775297
v -7.261050 -8.700076 -3.763468
v -7.255753 -8.693158 -3.753408
v -7.255753 -8.693158 -3.753408
v -7.243877 -8.687611 -3.751019
v -7.256648 -8.704368 -3.775297
v -7.243877 -8.687611 -3.751019
v -7.232362 -8.686739 -3.757692
v -7.256648 -8.704368 -3.775297
v -7.238997 -8.769227 -3.910233
v -7.251060 -8.774355 -3.912636
v -7.233587 -8.762106 -3.900329
v -7.251060 -8.774355 -3.912636
v -7.262695 -8.774541 -3.906122
v -7.233587 -8.762106 -3.900329
v -7.262695 -8.774541 -3.906122
v -7.267072 -8.769731 -3.894497
v -7.261642 -8.762687 -3.884582
v -7.261642 -8.762687 -3.884582
v -7.249599 -8.757482 -3.882192
v -7.233587 -8.762106 -3.900329
v -7.249599 -8.757482 -3.882192
v -7.237985 -8.757218 -3.888718
v -7.233587 -8.762106 -3.900329
v -7.245512 -8.843890 -4.038876
v -7.257711 -8.848724 -4.041266
v -7.268242 -8.835645 -4.013850
v -7.257711 -8.848724 -4.041266
v -7.269425 -8.848288 -4.034932
v -7.268242 -8.835645 -4.013850
v -7.269425 -8.848288 -4.034932
v -7.273782 -8.842888 -4.023574
v -7.268242 -8.835645 -4.013850
v -7.268242 -8.835645 -4.013850
v -7.256074 -8.830822 -4.011424
v -7.239987 -8.836565 -4.029173
v -7.256074 -8.830822 -4.011424
v -7.244362 -8.831100 -4.017824
v -7.239987 -8.836565 -4.029173
v -7.252671 -8.922619 -4.165034
v -7.264969 -8.927105 -4.167469
v -7.247078 -8.915262 -4.155425
v -7.264969 -8.927105 -4.167469
v -7.276760 -8.926141 -4.161291
v -7.247078 -8.915262 -4.155425
v -7.276760 -8.926141 -4.161291
v -7.281126 -8.920344 -4.150106
v -7.275521 -8.913057 -4.140480
v -7.275521 -8.913057 -4.140480
v -7.263236 -8.908501 -4.138062
v -7.276760 -8.926141 -4.161291
v -7.263236 -8.908501 -4.138062
v -7.251459 -8.909392 -4.144258
v -7.276760 -8.926141 -4.161291
v -7.260374 -9.005268 -4.289453
v -7.272735 -9.009616 -4.291962
v -7.284558 -9.008256 -4.285861
v -7.284558 -9.008256 -4.285861
v -7.288916 -9.001985 -4.274724
v -7.254715 -8.997759 -4.279804
v -7.288916 -9.001985 -4.274724
v -7.283257 -8.994475 -4.265074
v -7.259074 -8.991488 -4.268666
v -7.260374 -9.005268 -4.289453
v -7.283257 -8.994475 -4.265074
v -7.270896 -8.990128 -4.262566
v -7.259074 -8.991488 -4.268666
v 5.401542 -8.287589 -4.462459
v 5.384037 -8.281983 -4.467745
v 5.413260 -8.283347 -4.447920
v 5.384037 -8.281983 -4.467745
v 5.370978 -8.269855 -4.460650
v 5.413260 -8.283347 -4.447920
v 5.370978 -8.269855 -4.460650
v 5.369988 -8.258360 -4.445299
v 5.412304 -8.271786 -4.432613
v 5.369988 -8.258360 -4.445299
v 5.381671 -8.254182 -4.430714
v 5.399209 -8.259724 -4.425473
v 5.412304 -8.271786 -4.432613
v 5.369988 -8.258360 -4.445299
v 5.399209 -8.259724 -4.425473
v 5.446743 -8.221211 -4.337100
v 5.429097 -8.215878 -4.342196
v 5.458518 -8.216857 -4.322639
v 5.429097 -8.215878 -4.342196
v 5.415895 -8.204024 -4.334910
v 5.458518 -8.216857 -4.322639
v 5.415895 -8.204024 -4.334910
v 5.414845 -8.192642 -4.319480
v 5.457503 -8.205411 -4.307252
v 5.414845 -8.192642 -4.319480
v 5.426588 -8.188354 -4.304974
v 5.444267 -8.193623 -4.299923
v 5.457503 -8.205411 -4.307252
v 5.414845 -8.192642 -4.319480
v 5.444267 -8.193623 -4.299923
v 5.491934 -8.154842 -4.211731
v 5.474151 -8.149784 -4.216640
v 5.503765 -8.150372 -4.197345
v 5.474151 -8.149784 -4.216640
v 5.460811 -8.138209 -4.209168
v 5.503765 -8.150372 -4.197345
v 5.460811 -8.138209 -4.209168
v 5.459705 -8.126945 -4.193659
v 5.502617 -8.139180 -4.181788
v 5.459705 -8.126945 -4.193659
v 5.471424 -8.122694 -4.179133
v 5.489141 -8.127868 -4.174143
v 5.502617 -8.139180 -4.181788
v 5.459705 -8.126945 -4.193659
v 5.489141 -8.127868 -4.174143
v 5.532016 -8.097964 -4.079928
v 5.514288 -8.092895 -4.085012
v 5.500222 -8.082768 -4.076750
v 5.500222 -8.082768 -4.076750
v 5.497988 -8.073679 -4.059922
v 5.543090 -8.094851 -4.064534
v 5.497988 -8.073679 -4.059922
v 5.508963 -8.070794 -4.044445
v 5.540951 -8.085538 -4.047788
v 5.508963 -8.070794 -4.044445
v 5.526787 -8.075640 -4.039444
v 5.540951 -8.085538 -4.047788
v 5.540951 -8.085538 -4.047788
v 5.543090 -8.094851 -4.064534
v 5.497988 -8.073679 -4.059922
v 5.569494 -8.045809 -3.944914
v 5.551395 -8.041677 -3.949662
v 5.536948 -8.032466 -3.941102
v 5.536948 -8.032466 -3.941102
v 5.534597 -8.023618 -3.924246
v 5.569494 -8.045809 -3.944914
v 5.534597 -8.023618 -3.924246
v 5.545788 -8.020018 -3.909151
v 5.563848 -8.024215 -3.904394
v 5.569494 -8.045809 -3.944914
v 5.534597 -8.023618 -3.924246
v 5.580663 -8.042393 -3.929650
v 5.563848 -8.024215 -3.904394
v 5.578265 -8.033562 -3.912849
v 5.534597 -8.023618 -3.924246
v 5.606057 -7.994655 -3.810356
v 5.588336 -7.989608 -3.815516
v 5.614726 -7.982503 -3.778322
v 5.588336 -7.989608 -3.815516
v 5.574254 -7.979421 -3.807460
v 5.614726 -7.982503 -3.778322
v 5.574254 -7.979421 -3.807460
v 5.572141 -7.969875 -3.790997
v 5.600759 -7.972058 -3.770392
v 5.572141 -7.969875 -3.790997
v 5.583154 -7.966752 -3.775680
v 5.600759 -7.972058 -3.770392
v 5.600759 -7.972058 -3.770392
v 5.614726 -7.982503 -3.778322
v 5.574254 -7.979421 -3.807460
v 5.642468 -7.942262 -3.676094
v 5.624999 -7.937110 -3.681453
v 5.653426 -7.938150 -3.660929
v 5.624999 -7.937110 -3.681453
v 5.610935 -7.926417 -3.673558
v 5.653426 -7.938150 -3.660929
v 5.610935 -7.926417 -3.673558
v 5.608189 -7.917185 -3.656712
v 5.651104 -7.927911 -3.644515
v 5.608189 -7.917185 -3.656712
v 5.618698 -7.914126 -3.641095
v 5.636595 -7.918272 -3.636169
v 5.651104 -7.927911 -3.644515
v 5.608189 -7.917185 -3.656712
v 5.636595 -7.918272 -3.636169
v 5.678039 -7.882408 -3.543057
v 5.659253 -7.881715 -3.546738
v 5.643823 -7.875649 -3.537103
v 5.643823 -7.875649 -3.537103
v 5.640682 -7.868588 -3.519540
v 5.689273 -7.876531 -3.528458
v 5.640682 -7.868588 -3.519540
v 5.651789 -7.863884 -3.504589
v 5.689273 -7.876531 -3.528458
v 5.651789 -7.863884 -3.504589
v 5.670695 -7.863455 -3.501244
v 5.686254 -7.868350 -3.511231
v 5.686254 -7.868350 -3.511231
v 5.689273 -7.876531 -3.528458
v 5.651789 -7.863884 -3.504589
v 5.709809 -7.829396 -3.406867
v 5.691461 -7.831455 -3.410115
v 5.719627 -7.825520 -3.391153
v 5.691461 -7.831455 -3.410115
v 5.675305 -7.830528 -3.399118
v 5.719627 -7.825520 -3.391153
v 5.675305 -7.830528 -3.399118
v 5.670779 -7.827193 -3.380442
v 5.715137 -7.822135 -3.372301
v 5.670779 -7.827193 -3.380442
v 5.680560 -7.823368 -3.364903
v 5.698943 -7.821259 -3.361479
v 5.698943 -7.821259 -3.361479
v 5.732164 -7.798913 -3.261674
v 5.713675 -7.801176 -3.265663
v 5.742032 -7.794960 -3.245650
v 5.713675 -7.801176 -3.265663
v 5.697376 -7.800453 -3.255406
v 5.692793 -7.797201 -3.237037
v 5.737477 -7.791662 -3.227104
v 5.692793 -7.797201 -3.237037
v 5.702631 -7.793292 -3.221191
v 5.721148 -7.790985 -3.217025
v 5.721148 -7.790985 -3.217025
v 5.753893 -7.768154 -3.116487
v 5.735491 -7.770702 -3.121207
v 5.762980 -7.763673 -3.100207
v 5.735491 -7.770702 -3.121207
v 5.718891 -7.770046 -3.111684
v 5.762980 -7.763673 -3.100207
v 5.718891 -7.770046 -3.111684
v 5.713456 -7.766387 -3.093591
v 5.757444 -7.759923 -3.081994
v 5.713456 -7.766387 -3.093591
v 5.722412 -7.761867 -3.077434
v 5.740636 -7.759182 -3.072595
v 5.757444 -7.759923 -3.081994
v 5.713456 -7.766387 -3.093591
v 5.740636 -7.759182 -3.072595
v 5.768428 -7.733381 -2.971620
v 5.750163 -7.736144 -2.976835
v 5.727743 -7.731798 -2.949921
v 5.750163 -7.736144 -2.976835
v 5.733315 -7.735481 -2.967812
v 5.727743 -7.731798 -2.949921
v 5.727743 -7.731798 -2.949921
v 5.736721 -7.727237 -2.933558
v 5.768428 -7.733381 -2.971620
v 5.736721 -7.727237 -2.933558
v 5.754996 -7.724452 -2.928226
v 5.777417 -7.728797 -2.955140
v 5.754996 -7.724452 -2.928226
v 5.771856 -7.725092 -2.937130
v 5.777417 -7.728797 -2.955140
v 5.782818 -7.698573 -2.826750
v 5.764513 -7.701424 -2.832462
v 5.742021 -7.697237 -2.806244
v 5.764513 -7.701424 -2.832462
v 5.747622 -7.700852 -2.823936
v 5.742021 -7.697237 -2.806244
v 5.742021 -7.697237 -2.806244
v 5.750024 -7.694910 -2.789179
v 5.767926 -7.692983 -2.783159
v 5.782818 -7.698573 -2.826750
v 5.742021 -7.697237 -2.806244
v 5.785234 -7.692597 -2.791778
v 5.767926 -7.692983 -2.783159
v 5.785234 -7.692597 -2.791778
v 5.742021 -7.697237 -2.806244
v 5.788993 -7.682591 -2.677964
v 5.771134 -7.684424 -2.684311
v 5.796869 -7.680555 -2.660573
v 5.771134 -7.684424 -2.684311
v 5.753750 -7.684988 -2.675962
v 5.796869 -7.680555 -2.660573
v 5.747021 -7.683960 -2.657872
v 5.747021 -7.683960 -2.657872
v 5.754893 -7.681936 -2.640574
v 5.772756 -7.680093 -2.634134
v 5.790145 -7.679518 -2.642390
v 5.747021 -7.683960 -2.657872
v 5.772756 -7.680093 -2.634134
v 5.793819 -7.669709 -2.528540
v 5.775946 -7.671577 -2.535280
v 5.758545 -7.672181 -2.527323
v 5.751810 -7.671171 -2.509396
v 5.751810 -7.671171 -2.509396
v 5.759713 -7.669238 -2.491924
v 5.793819 -7.669709 -2.528540
v 5.759713 -7.669238 -2.491924
v 5.777639 -7.667674 -2.485075
v 5.801699 -7.667667 -2.510984
v 5.777639 -7.667674 -2.485075
v 5.795000 -7.666878 -2.492954
v 5.801699 -7.667667 -2.510984
v 5.799727 -7.664965 -2.378808
v 5.781754 -7.664263 -2.385906
v 5.757857 -7.661705 -2.360381
v 5.781754 -7.664263 -2.385906
v 5.764398 -7.663116 -2.378257
v 5.757857 -7.661705 -2.360381
v 5.757857 -7.661705 -2.360381
v 5.765939 -7.661363 -2.342706
v 5.799727 -7.664965 -2.378808
v 5.765939 -7.661363 -2.342706
v 5.783862 -7.662780 -2.335548
v 5.807759 -7.665318 -2.361074
v 5.783862 -7.662780 -2.335548
v 5.801167 -7.664622 -2.343140
v 5.807759 -7.665318 -2.361074
v 5.805552 -7.663766 -2.229034
v 5.787984 -7.660087 -2.236327
v 5.764723 -7.653492 -2.211045
v 5.787984 -7.660087 -2.236327
v 5.771027 -7.656030 -2.228868
v 5.764723 -7.653492 -2.211045
v 5.764723 -7.653492 -2.211045
v 5.772658 -7.654455 -2.193276
v 5.805552 -7.663766 -2.229034
v 5.772658 -7.654455 -2.193276
v 5.790054 -7.658834 -2.185958
v 5.813321 -7.665408 -2.211241
v 5.790054 -7.658834 -2.185958
v 5.806846 -7.663569 -2.193393
v 5.813321 -7.665408 -2.211241
v 5.803875 -7.673761 -2.079786
v 5.787052 -7.668410 -2.087218
v 5.769690 -7.664640 -2.079975
v 5.769690 -7.664640 -2.079975
v 5.761940 -7.664733 -2.062340
v 5.810324 -7.677485 -2.061996
v 5.761940 -7.664733 -2.062340
v 5.768361 -7.668563 -2.044605
v 5.810324 -7.677485 -2.061996
v 5.768361 -7.668563 -2.044605
v 5.785211 -7.673810 -2.037119
v 5.802600 -7.677476 -2.044307
v 5.802600 -7.677476 -2.044307
v 5.810324 -7.677485 -2.061996
v 5.768361 -7.668563 -2.044605
v 5.798504 -7.689393 -1.930761
v 5.781576 -7.684471 -1.938429
v 5.764105 -7.681139 -1.931427
v 5.764105 -7.681139 -1.931427
v 5.756310 -7.681419 -1.913895
v 5.798504 -7.689393 -1.930761
v 5.756310 -7.681419 -1.913895
v 5.762774 -7.685075 -1.896065
v 5.798504 -7.689393 -1.930761
v 5.762774 -7.685075 -1.896065
v 5.779725 -7.689895 -1.888336
v 5.804990 -7.692947 -1.912869
v 5.779725 -7.689895 -1.888336
v 5.797218 -7.693125 -1.895280
v 5.804990 -7.692947 -1.912869
v 5.790348 -7.711090 -1.782839
v 5.773829 -7.705008 -1.790476
v 5.756337 -7.701366 -1.783602
v 5.756337 -7.701366 -1.783602
v 5.748197 -7.702029 -1.766217
v 5.790348 -7.711090 -1.782839
v 5.748197 -7.702029 -1.766217
v 5.754099 -7.706883 -1.748530
v 5.796137 -7.716323 -1.765185
v 5.790348 -7.711090 -1.782839
v 5.748197 -7.702029 -1.766217
v 5.796137 -7.716323 -1.765185
v 5.754099 -7.706883 -1.748530
v 5.770503 -7.713350 -1.740925
v 5.787883 -7.717372 -1.747833
v 5.779902 -7.737538 -1.635845
v 5.763921 -7.729859 -1.643314
v 5.739052 -7.724685 -1.618810
v 5.763921 -7.729859 -1.643314
v 5.746958 -7.724643 -1.636272
v 5.739052 -7.724685 -1.618810
v 5.739052 -7.724685 -1.618810
v 5.744733 -7.730227 -1.601190
v 5.779902 -7.737538 -1.635845
v 5.744733 -7.730227 -1.601190
v 5.760565 -7.738278 -1.593773
v 5.785436 -7.743445 -1.618276
v 5.760565 -7.738278 -1.593773
v 5.777381 -7.743859 -1.600864
v 5.785436 -7.743445 -1.618276
v 5.764901 -7.768769 -1.490532
v 5.749433 -7.760470 -1.497916
v 5.769389 -7.775676 -1.473281
v 5.749433 -7.760470 -1.497916
v 5.731936 -7.755935 -1.491196
v 5.769389 -7.775676 -1.473281
v 5.731936 -7.755935 -1.491196
v 5.722545 -7.758125 -1.474393
v 5.760153 -7.777446 -1.456356
v 5.722545 -7.758125 -1.474393
v 5.726876 -7.765460 -1.457267
v 5.742498 -7.773340 -1.449760
v 5.760153 -7.777446 -1.456356
v 5.722545 -7.758125 -1.474393
v 5.742498 -7.773340 -1.449760
v 5.744843 -7.805300 -1.346993
v 5.728806 -7.798787 -1.354917
v 5.749523 -7.811486 -1.329517
v 5.728806 -7.798787 -1.354917
v 5.710732 -7.796069 -1.348743
v 5.749523 -7.811486 -1.329517
v 5.710732 -7.796069 -1.348743
v 5.701130 -7.799047 -1.332187
v 5.740024 -7.814033 -1.312823
v 5.701130 -7.799047 -1.332187
v 5.705704 -7.805673 -1.314850
v 5.721844 -7.811753 -1.306789
v 5.740024 -7.814033 -1.312823
v 5.701130 -7.799047 -1.332187
v 5.721844 -7.811753 -1.306789
v 5.724769 -7.844405 -1.204189
v 5.708375 -7.838862 -1.212442
v 5.690085 -7.837937 -1.206845
v 5.690085 -7.837937 -1.206845
v 5.680617 -7.842149 -1.190671
v 5.724769 -7.844405 -1.204189
v 5.680617 -7.842149 -1.190671
v 5.685512 -7.849056 -1.173398
v 5.729659 -7.851344 -1.186923
v 5.724769 -7.844405 -1.204189
v 5.680617 -7.842149 -1.190671
v 5.729659 -7.851344 -1.186923
v 5.685512 -7.849056 -1.173398
v 5.701900 -7.854633 -1.165151
v 5.720184 -7.855591 -1.170754
v 5.705508 -7.891397 -1.063759
v 5.689139 -7.885713 -1.071985
v 5.670874 -7.884650 -1.066361
v 5.670874 -7.884650 -1.066361
v 5.661415 -7.888809 -1.050175
v 5.705508 -7.891397 -1.063759
v 5.661415 -7.888809 -1.050175
v 5.666299 -7.895775 -1.032914
v 5.710387 -7.898396 -1.046505
v 5.705508 -7.891397 -1.063759
v 5.661415 -7.888809 -1.050175
v 5.710387 -7.898396 -1.046505
v 5.666299 -7.895775 -1.032914
v 5.682662 -7.901493 -1.024695
v 5.700922 -7.902588 -1.030326
v 5.686086 -7.939465 -0.923832
v 5.669793 -7.933289 -0.931829
v 5.651512 -7.932342 -0.926229
v 5.651512 -7.932342 -0.926229
v 5.641887 -7.937579 -0.910398
v 5.686086 -7.939465 -0.923832
v 5.641887 -7.937579 -0.910398
v 5.646576 -7.945834 -0.893649
v 5.681108 -7.953267 -0.891619
v 5.686086 -7.939465 -0.923832
v 5.641887 -7.937579 -0.910398
v 5.690753 -7.947872 -0.907267
v 5.646576 -7.945834 -0.893649
v 5.662816 -7.952377 -0.885925
v 5.681108 -7.953267 -0.891619
v 5.665161 -7.997447 -0.788558
v 5.649009 -7.990416 -0.795685
v 5.669776 -8.006124 -0.772325
v 5.649009 -7.990416 -0.795685
v 5.630803 -7.989040 -0.789398
v 5.669776 -8.006124 -0.772325
v 5.630803 -7.989040 -0.789398
v 5.621233 -7.994024 -0.773248
v 5.660172 -8.011255 -0.756363
v 5.621233 -7.994024 -0.773248
v 5.625881 -8.002552 -0.756827
v 5.642001 -8.009733 -0.749889
v 5.642001 -8.009733 -0.749889
v 5.644186 -8.055454 -0.653355
v 5.628194 -8.047809 -0.659685
v 5.649192 -8.064491 -0.637452
v 5.628194 -8.047809 -0.659685
v 5.610148 -8.045825 -0.652606
v 5.649192 -8.064491 -0.637452
v 5.610148 -8.045825 -0.652606
v 5.601065 -8.050854 -0.636217
v 5.606927 -8.060405 -0.620337
v 5.606927 -8.060405 -0.620337
v 5.623583 -8.068220 -0.614120
v 5.649192 -8.064491 -0.637452
v 5.623583 -8.068220 -0.614120
v 5.641026 -8.069803 -0.621198
v 5.649192 -8.064491 -0.637452
v 5.635748 -8.117196 -0.518347
v 5.618794 -8.110414 -0.524750
v 5.593049 -8.116220 -0.501779
v 5.618794 -8.110414 -0.524750
v 5.601129 -8.109912 -0.517868
v 5.593049 -8.116220 -0.501779
v 5.593049 -8.116220 -0.501779
v 5.599339 -8.125411 -0.485861
v 5.635748 -8.117196 -0.518347
v 5.616361 -8.131860 -0.479392
v 5.616361 -8.131860 -0.479392
v 5.634095 -8.132027 -0.486208
v 5.642107 -8.126050 -0.502363
v 5.628740 -8.179573 -0.383368
v 5.611559 -8.174160 -0.390046
v 5.593644 -8.175096 -0.383472
v 5.593644 -8.175096 -0.383472
v 5.585316 -8.182340 -0.367767
v 5.628740 -8.179573 -0.383368
v 5.585316 -8.182340 -0.367767
v 5.591363 -8.191751 -0.352252
v 5.608356 -8.197619 -0.345822
v 5.628740 -8.179573 -0.383368
v 5.585316 -8.182340 -0.367767
v 5.626470 -8.196150 -0.352076
v 5.608356 -8.197619 -0.345822
v 5.626470 -8.196150 -0.352076
v 5.585316 -8.182340 -0.367767
v 5.617710 -8.253496 -0.254057
v 5.600806 -8.247009 -0.260500
v 5.574213 -8.255431 -0.238992
v 5.600806 -8.247009 -0.260500
v 5.582780 -8.247866 -0.254260
v 5.574213 -8.255431 -0.238992
v 5.574213 -8.255431 -0.238992
v 5.580101 -8.265407 -0.223638
v 5.617710 -8.253496 -0.254057
v 5.596972 -8.272087 -0.217192
v 5.596972 -8.272087 -0.217192
v 5.614966 -8.271420 -0.223430
v 5.623567 -8.263664 -0.238701
v 5.606164 -8.328798 -0.125427
v 5.589410 -8.321506 -0.131874
v 5.563028 -8.328801 -0.110368
v 5.589410 -8.321506 -0.131874
v 5.571531 -8.321562 -0.125637
v 5.563028 -8.328801 -0.110368
v 5.563028 -8.328801 -0.110368
v 5.568856 -8.339116 -0.095012
v 5.606164 -8.328798 -0.125427
v 5.568856 -8.339116 -0.095012
v 5.585568 -8.346600 -0.088567
v 5.611950 -8.339304 -0.110073
v 5.585568 -8.346600 -0.088567
v 5.603407 -8.346732 -0.094806
v 5.611950 -8.339304 -0.110073
v 5.591660 -8.404035 0.002859
v 5.575780 -8.396040 -0.003555
v 5.595675 -8.414751 0.018068
v 5.575780 -8.396040 -0.003555
v 5.557352 -8.395393 0.002519
v 5.595675 -8.414751 0.018068
v 5.557352 -8.395393 0.002519
v 5.547186 -8.402414 0.017464
v 5.585485 -8.421854 0.033099
v 5.547186 -8.402414 0.017464
v 5.551220 -8.413050 0.032585
v 5.567079 -8.421126 0.039086
v 5.567079 -8.421126 0.039086
v 5.565711 -8.478883 0.129865
v 5.549930 -8.470547 0.123090
v 5.569680 -8.489742 0.145220
v 5.549930 -8.470547 0.123090
v 5.531597 -8.469558 0.128804
v 5.521471 -8.476439 0.143600
v 5.559528 -8.496706 0.160100
v 5.521471 -8.476439 0.143600
v 5.525465 -8.487217 0.158870
v 5.559528 -8.496706 0.160100
v 5.525465 -8.487217 0.158870
v 5.541221 -8.495636 0.165730
v 5.559528 -8.496706 0.160100
v 5.539219 -8.554214 0.256418
v 5.523724 -8.545407 0.249446
v 5.542362 -8.565874 0.271242
v 5.523724 -8.545407 0.249446
v 5.505290 -8.544342 0.254636
v 5.542362 -8.565874 0.271242
v 5.505290 -8.544342 0.254636
v 5.494328 -8.552117 0.268562
v 5.531267 -8.573663 0.285136
v 5.494328 -8.552117 0.268562
v 5.497254 -8.564128 0.283121
v 5.512568 -8.572995 0.290020
v 5.531267 -8.573663 0.285136
v 5.494328 -8.552117 0.268562
v 5.512568 -8.572995 0.290020
v 5.505243 -8.636436 0.376564
v 5.489798 -8.628180 0.369272
v 5.508280 -8.647930 0.391454
v 5.489798 -8.628180 0.369272
v 5.470965 -8.628130 0.373760
v 5.508280 -8.647930 0.391454
v 5.470965 -8.628130 0.373760
v 5.459754 -8.636454 0.387309
v 5.497103 -8.656063 0.405129
v 5.459754 -8.636454 0.387309
v 5.462756 -8.648138 0.402072
v 5.478236 -8.656205 0.409490
v 5.497103 -8.656063 0.405129
v 5.459754 -8.636454 0.387309
v 5.478236 -8.656205 0.409490
v 5.471797 -8.720127 0.495733
v 5.455860 -8.711987 0.488356
v 5.427062 -8.722724 0.504839
v 5.455860 -8.711987 0.488356
v 5.437312 -8.713103 0.492089
v 5.427062 -8.722724 0.504839
v 5.427062 -8.722724 0.504839
v 5.431088 -8.735333 0.519029
v 5.471797 -8.720127 0.495733
v 5.431088 -8.735333 0.519029
v 5.447014 -8.743686 0.526223
v 5.475800 -8.732931 0.509751
v 5.447014 -8.743686 0.526223
v 5.465527 -8.742744 0.522330
v 5.475800 -8.732931 0.509751
v 5.445434 -8.815149 0.607417
v 5.429606 -8.806186 0.600782
v 5.401001 -8.815816 0.618276
v 5.429606 -8.806186 0.600782
v 5.411191 -8.806517 0.605228
v 5.401001 -8.815816 0.618276
v 5.401001 -8.815816 0.618276
v 5.404980 -8.828770 0.632159
v 5.445434 -8.815149 0.607417
v 5.404980 -8.828770 0.632159
v 5.420769 -8.837922 0.638618
v 5.449375 -8.828290 0.621124
v 5.420769 -8.837922 0.638618
v 5.439147 -8.837777 0.633996
v 5.449375 -8.828290 0.621124
v 5.418392 -8.909802 0.719277
v 5.402949 -8.900295 0.713192
v 5.421442 -8.922569 0.733176
v 5.402949 -8.900295 0.713192
v 5.384443 -8.899888 0.718248
v 5.421442 -8.922569 0.733176
v 5.384443 -8.899888 0.718248
v 5.373365 -8.908825 0.731332
v 5.410254 -8.931211 0.746596
v 5.373365 -8.908825 0.731332
v 5.376200 -8.921756 0.744933
v 5.391498 -8.930952 0.751360
v 5.410254 -8.931211 0.746596
v 5.373365 -8.908825 0.731332
v 5.391498 -8.930952 0.751360
v 5.383625 -8.999454 0.834154
v 5.368212 -8.991100 0.826577
v 5.386557 -9.011678 0.848722
v 5.368212 -8.991100 0.826577
v 5.349335 -8.991694 0.830175
v 5.386557 -9.011678 0.848722
v 5.349335 -8.991694 0.830175
v 5.338042 -9.001079 0.842581
v 5.375275 -9.020798 0.861489
v 5.338042 -9.001079 0.842581
v 5.340961 -9.013568 0.856783
v 5.375275 -9.020798 0.861489
v 5.340961 -9.013568 0.856783
v 5.356386 -9.021659 0.864720
v 5.375275 -9.020798 0.861489
v 5.348145 -9.090706 0.947357
v 5.332932 -9.082507 0.939201
v 5.350595 -9.104851 0.960184
v 5.332932 -9.082507 0.939201
v 5.313903 -9.084639 0.940837
v 5.350595 -9.104851 0.960184
v 5.313903 -9.084639 0.940837
v 5.302196 -9.095632 0.951454
v 5.338862 -9.116298 0.970449
v 5.302196 -9.095632 0.951454
v 5.304666 -9.109330 0.964626
v 5.338862 -9.116298 0.970449
v 5.304666 -9.109330 0.964626
v 5.319846 -9.118023 0.972390
v 5.338862 -9.116298 0.970449
v 5.309026 -9.198279 1.044188
v 5.294031 -9.188183 1.037599
v 5.263614 -9.198820 1.051923
v 5.294031 -9.188183 1.037599
v 5.275195 -9.188528 1.040694
v 5.263614 -9.198820 1.051923
v 5.263614 -9.198820 1.051923
v 5.266012 -9.213333 1.064441
v 5.309026 -9.198279 1.044188
v 5.266012 -9.213333 1.064441
v 5.280915 -9.223853 1.070649
v 5.311335 -9.213204 1.056333
v 5.280915 -9.223853 1.070649
v 5.299661 -9.223920 1.067181
v 5.311335 -9.213204 1.056333
v 5.268194 -9.304906 1.140955
v 5.253833 -9.293940 1.135284
v 5.269603 -9.319392 1.153128
v 5.253833 -9.293940 1.135284
v 5.234839 -9.293263 1.139025
v 5.269603 -9.319392 1.153128
v 5.234839 -9.293263 1.139025
v 5.222248 -9.303630 1.149562
v 5.257131 -9.329268 1.164248
v 5.222248 -9.303630 1.149562
v 5.223533 -9.318624 1.161135
v 5.238015 -9.329098 1.167389
v 5.257131 -9.329268 1.164248
v 5.222248 -9.303630 1.149562
v 5.238015 -9.329098 1.167389
v 5.221468 -9.407374 1.238553
v 5.206826 -9.398531 1.230440
v 5.222887 -9.421011 1.251670
v 5.206826 -9.398531 1.230440
v 5.187547 -9.400027 1.231680
v 5.222887 -9.421011 1.251670
v 5.187547 -9.400027 1.231680
v 5.174932 -9.411366 1.241131
v 5.210251 -9.431829 1.261692
v 5.174932 -9.411366 1.241131
v 5.176372 -9.425539 1.253663
v 5.190993 -9.433863 1.262346
v 5.210251 -9.431829 1.261692
v 5.174932 -9.411366 1.241131
v 5.190993 -9.433863 1.262346
v 5.176740 -9.513295 1.333270
v 5.161953 -9.505785 1.323928
v 5.178638 -9.527026 1.346330
v 5.161953 -9.505785 1.323928
v 5.142944 -9.509069 1.323688
v 5.178638 -9.527026 1.346330
v 5.142944 -9.509069 1.323688
v 5.130852 -9.521400 1.332601
v 5.166540 -9.539112 1.355369
v 5.130852 -9.521400 1.332601
v 5.132758 -9.535381 1.345535
v 5.147538 -9.542645 1.355001
v 5.166540 -9.539112 1.355369
v 5.130852 -9.521400 1.332601
v 5.147538 -9.542645 1.355001
v 5.133880 -9.621777 1.426071
v 5.119150 -9.615291 1.416199
v 5.089670 -9.633224 1.423532
v 5.119150 -9.615291 1.416199
v 5.100209 -9.619617 1.415421
v 5.089670 -9.633224 1.423532
v 5.089670 -9.633224 1.423532
v 5.093081 -9.647750 1.436066
v 5.133880 -9.621777 1.426071
v 5.093081 -9.647750 1.436066
v 5.108428 -9.654712 1.445708
v 5.137268 -9.636339 1.438645
v 5.108428 -9.654712 1.445708
v 5.126723 -9.649998 1.446789
v 5.137268 -9.636339 1.438645
v 5.103885 -9.740386 1.513035
v 5.088585 -9.733271 1.503284
v 5.059837 -9.751372 1.510130
v 5.088585 -9.733271 1.503284
v 5.070336 -9.737836 1.502090
v 5.059837 -9.751372 1.510130
v 5.059837 -9.751372 1.510130
v 5.063058 -9.766022 1.522542
v 5.103885 -9.740386 1.513035
v 5.063058 -9.766022 1.522542
v 5.077901 -9.773376 1.531980
v 5.107263 -9.755048 1.525654
v 5.077901 -9.773376 1.531980
v 5.096559 -9.768733 1.533596
v 5.107263 -9.755048 1.525654
v -5.370978 -8.269855 -4.460650
v -5.384037 -8.281983 -4.467745
v -5.413260 -8.283347 -4.447920
v -5.384037 -8.281983 -4.467745
v -5.401542 -8.287589 -4.462459
v -5.413260 -8.283347 -4.447920
v -5.413260 -8.283347 -4.447920
v -5.412304 -8.271786 -4.432613
v -5.370978 -8.269855 -4.460650
v -5.412304 -8.271786 -4.432613
v -5.399209 -8.259724 -4.425473
v -5.369988 -8.258360 -4.445299
v -5.399209 -8.259724 -4.425473
v -5.381671 -8.254182 -4.430714
v -5.369988 -8.258360 -4.445299
v -5.415895 -8.204024 -4.334910
v -5.429097 -8.215878 -4.342196
v -5.458518 -8.216857 -4.322639
v -5.429097 -8.215878 -4.342196
v -5.446743 -8.221211 -4.337100
v -5.458518 -8.216857 -4.322639
v -5.458518 -8.216857 -4.322639
v -5.457503 -8.205411 -4.307252
v -5.415895 -8.204024 -4.334910
v -5.457503 -8.205411 -4.307252
v -5.444267 -8.193623 -4.299923
v -5.414845 -8.192642 -4.319480
v -5.444267 -8.193623 -4.299923
v -5.426588 -8.188354 -4.304974
v -5.414845 -8.192642 -4.319480
v -5.460811 -8.138209 -4.209168
v -5.474151 -8.149784 -4.216640
v -5.503765 -8.150372 -4.197345
v -5.474151 -8.149784 -4.216640
v -5.491934 -8.154842 -4.211731
v -5.503765 -8.150372 -4.197345
v -5.503765 -8.150372 -4.197345
v -5.502617 -8.139180 -4.181788
v -5.460811 -8.138209 -4.209168
v -5.502617 -8.139180 -4.181788
v -5.489141 -8.127868 -4.174143
v -5.459705 -8.126945 -4.193659
v -5.489141 -8.127868 -4.174143
v -5.471424 -8.122694 -4.179133
v -5.459705 -8.126945 -4.193659
v -5.500222 -8.082768 -4.076750
v -5.514288 -8.092895 -4.085012
v -5.532016 -8.097964 -4.079928
v -5.532016 -8.097964 -4.079928
v -5.543090 -8.094851 -4.064534
v -5.500222 -8.082768 -4.076750
v -5.543090 -8.094851 -4.064534
v -5.540951 -8.085538 -4.047788
v -5.497988 -8.073679 -4.059922
v -5.500222 -8.082768 -4.076750
v -5.543090 -8.094851 -4.064534
v -5.497988 -8.073679 -4.059922
v -5.540951 -8.085538 -4.047788
v -5.526787 -8.075640 -4.039444
v -5.508963 -8.070794 -4.044445
v -5.536948 -8.032466 -3.941102
v -5.551395 -8.041677 -3.949662
v -5.569494 -8.045809 -3.944914
v -5.569494 -8.045809 -3.944914
v -5.580663 -8.042393 -3.929650
v -5.534597 -8.023618 -3.924246
v -5.580663 -8.042393 -3.929650
v -5.578265 -8.033562 -3.912849
v -5.534597 -8.023618 -3.924246
v -5.578265 -8.033562 -3.912849
v -5.563848 -8.024215 -3.904394
v -5.534597 -8.023618 -3.924246
v -5.563848 -8.024215 -3.904394
v -5.545788 -8.020018 -3.909151
v -5.534597 -8.023618 -3.924246
v -5.574254 -7.979421 -3.807460
v -5.588336 -7.989608 -3.815516
v -5.614726 -7.982503 -3.778322
v -5.588336 -7.989608 -3.815516
v -5.606057 -7.994655 -3.810356
v -5.616954 -7.991787 -3.794913
v -5.614726 -7.982503 -3.778322
v -5.588336 -7.989608 -3.815516
v -5.616954 -7.991787 -3.794913
v -5.614726 -7.982503 -3.778322
v -5.600759 -7.972058 -3.770392
v -5.574254 -7.979421 -3.807460
v -5.600759 -7.972058 -3.770392
v -5.583154 -7.966752 -3.775680
v -5.572141 -7.969875 -3.790997
v -5.610935 -7.926417 -3.673558
v -5.624999 -7.937110 -3.681453
v -5.653426 -7.938150 -3.660929
v -5.624999 -7.937110 -3.681453
v -5.642468 -7.942262 -3.676094
v -5.653426 -7.938150 -3.660929
v -5.653426 -7.938150 -3.660929
v -5.651104 -7.927911 -3.644515
v -5.610935 -7.926417 -3.673558
v -5.651104 -7.927911 -3.644515
v -5.636595 -7.918272 -3.636169
v -5.608189 -7.917185 -3.656712
v -5.636595 -7.918272 -3.636169
v -5.618698 -7.914126 -3.641095
v -5.608189 -7.917185 -3.656712
v -5.643823 -7.875649 -3.537103
v -5.659253 -7.881715 -3.546738
v -5.678039 -7.882408 -3.543057
v -5.678039 -7.882408 -3.543057
v -5.689273 -7.876531 -3.528458
v -5.643823 -7.875649 -3.537103
v -5.689273 -7.876531 -3.528458
v -5.686254 -7.868350 -3.511231
v -5.651789 -7.863884 -3.504589
v -5.643823 -7.875649 -3.537103
v -5.689273 -7.876531 -3.528458
v -5.640682 -7.868588 -3.519540
v -5.686254 -7.868350 -3.511231
v -5.670695 -7.863455 -3.501244
v -5.651789 -7.863884 -3.504589
v -5.675305 -7.830528 -3.399118
v -5.691461 -7.831455 -3.410115
v -5.719627 -7.825520 -3.391153
v -5.691461 -7.831455 -3.410115
v -5.709809 -7.829396 -3.406867
v -5.719627 -7.825520 -3.391153
v -5.719627 -7.825520 -3.391153
v -5.715137 -7.822135 -3.372301
v -5.675305 -7.830528 -3.399118
v -5.698943 -7.821259 -3.361479
v -5.698943 -7.821259 -3.361479
v -5.680560 -7.823368 -3.364903
v -5.670779 -7.827193 -3.380442
v -5.697376 -7.800453 -3.255406
v -5.713675 -7.801176 -3.265663
v -5.742032 -7.794960 -3.245650
v -5.713675 -7.801176 -3.265663
v -5.732164 -7.798913 -3.261674
v -5.742032 -7.794960 -3.245650
v -5.737477 -7.791662 -3.227104
v -5.721148 -7.790985 -3.217025
v -5.721148 -7.790985 -3.217025
v -5.702631 -7.793292 -3.221191
v -5.692793 -7.797201 -3.237037
v -5.718891 -7.770046 -3.111684
v -5.735491 -7.770702 -3.121207
v -5.762980 -7.763673 -3.100207
v -5.735491 -7.770702 -3.121207
v -5.753893 -7.768154 -3.116487
v -5.762980 -7.763673 -3.100207
v -5.762980 -7.763673 -3.100207
v -5.757444 -7.759923 -3.081994
v -5.718891 -7.770046 -3.111684
v -5.757444 -7.759923 -3.081994
v -5.740636 -7.759182 -3.072595
v -5.713456 -7.766387 -3.093591
v -5.722412 -7.761867 -3.077434
v -5.733315 -7.735481 -2.967812
v -5.750163 -7.736144 -2.976835
v -5.727743 -7.731798 -2.949921
v -5.750163 -7.736144 -2.976835
v -5.768428 -7.733381 -2.971620
v -5.727743 -7.731798 -2.949921
v -5.768428 -7.733381 -2.971620
v -5.777417 -7.728797 -2.955140
v -5.736721 -7.727237 -2.933558
v -5.777417 -7.728797 -2.955140
v -5.771856 -7.725092 -2.937130
v -5.754996 -7.724452 -2.928226
v -5.736721 -7.727237 -2.933558
v -5.777417 -7.728797 -2.955140
v -5.754996 -7.724452 -2.928226
v -5.747622 -7.700852 -2.823936
v -5.764513 -7.701424 -2.832462
v -5.742021 -7.697237 -2.806244
v -5.764513 -7.701424 -2.832462
v -5.782818 -7.698573 -2.826750
v -5.742021 -7.697237 -2.806244
v -5.782818 -7.698573 -2.826750
v -5.791806 -7.693987 -2.810055
v -5.785234 -7.692597 -2.791778
v -5.785234 -7.692597 -2.791778
v -5.767926 -7.692983 -2.783159
v -5.742021 -7.697237 -2.806244
v -5.767926 -7.692983 -2.783159
v -5.750024 -7.694910 -2.789179
v -5.742021 -7.697237 -2.806244
v -5.753750 -7.684988 -2.675962
v -5.771134 -7.684424 -2.684311
v -5.796869 -7.680555 -2.660573
v -5.771134 -7.684424 -2.684311
v -5.788993 -7.682591 -2.677964
v -5.796869 -7.680555 -2.660573
v -5.796869 -7.680555 -2.660573
v -5.790145 -7.679518 -2.642390
v -5.772756 -7.680093 -2.634134
v -5.747021 -7.683960 -2.657872
v -5.754893 -7.681936 -2.640574
v -5.775946 -7.671577 -2.535280
v -5.793819 -7.669709 -2.528540
v -5.801699 -7.667667 -2.510984
v -5.759713 -7.669238 -2.491924
v -5.801699 -7.667667 -2.510984
v -5.795000 -7.666878 -2.492954
v -5.777639 -7.667674 -2.485075
v -5.759713 -7.669238 -2.491924
v -5.801699 -7.667667 -2.510984
v -5.777639 -7.667674 -2.485075
v -5.759713 -7.669238 -2.491924
v -5.751810 -7.671171 -2.509396
v -5.793819 -7.669709 -2.528540
v -5.764398 -7.663116 -2.378257
v -5.781754 -7.664263 -2.385906
v -5.757857 -7.661705 -2.360381
v -5.781754 -7.664263 -2.385906
v -5.799727 -7.664965 -2.378808
v -5.757857 -7.661705 -2.360381
v -5.799727 -7.664965 -2.378808
v -5.807759 -7.665318 -2.361074
v -5.765939 -7.661363 -2.342706
v -5.807759 -7.665318 -2.361074
v -5.801167 -7.664622 -2.343140
v -5.783862 -7.662780 -2.335548
v -5.765939 -7.661363 -2.342706
v -5.807759 -7.665318 -2.361074
v -5.783862 -7.662780 -2.335548
v -5.771027 -7.656030 -2.228868
v -5.787984 -7.660087 -2.236327
v -5.764723 -7.653492 -2.211045
v -5.787984 -7.660087 -2.236327
v -5.805552 -7.663766 -2.229034
v -5.764723 -7.653492 -2.211045
v -5.805552 -7.663766 -2.229034
v -5.813321 -7.665408 -2.211241
v -5.772658 -7.654455 -2.193276
v -5.813321 -7.665408 -2.211241
v -5.806846 -7.663569 -2.193393
v -5.790054 -7.658834 -2.185958
v -5.772658 -7.654455 -2.193276
v -5.813321 -7.665408 -2.211241
v -5.790054 -7.658834 -2.185958
v -5.769690 -7.664640 -2.079975
v -5.787052 -7.668410 -2.087218
v -5.803875 -7.673761 -2.079786
v -5.803875 -7.673761 -2.079786
v -5.810324 -7.677485 -2.061996
v -5.769690 -7.664640 -2.079975
v -5.810324 -7.677485 -2.061996
v -5.802600 -7.677476 -2.044307
v -5.761940 -7.664733 -2.062340
v -5.769690 -7.664640 -2.079975
v -5.810324 -7.677485 -2.061996
v -5.761940 -7.664733 -2.062340
v -5.802600 -7.677476 -2.044307
v -5.785211 -7.673810 -2.037119
v -5.768361 -7.668563 -2.044605
v -5.764105 -7.681139 -1.931427
v -5.781576 -7.684471 -1.938429
v -5.798504 -7.689393 -1.930761
v -5.798504 -7.689393 -1.930761
v -5.804990 -7.692947 -1.912869
v -5.762774 -7.685075 -1.896065
v -5.804990 -7.692947 -1.912869
v -5.797218 -7.693125 -1.895280
v -5.779725 -7.689895 -1.888336
v -5.762774 -7.685075 -1.896065
v -5.804990 -7.692947 -1.912869
v -5.779725 -7.689895 -1.888336
v -5.762774 -7.685075 -1.896065
v -5.756310 -7.681419 -1.913895
v -5.798504 -7.689393 -1.930761
v -5.756337 -7.701366 -1.783602
v -5.773829 -7.705008 -1.790476
v -5.790348 -7.711090 -1.782839
v -5.790348 -7.711090 -1.782839
v -5.796137 -7.716323 -1.765185
v -5.748197 -7.702029 -1.766217
v -5.796137 -7.716323 -1.765185
v -5.787883 -7.717372 -1.747833
v -5.754099 -7.706883 -1.748530
v -5.787883 -7.717372 -1.747833
v -5.770503 -7.713350 -1.740925
v -5.754099 -7.706883 -1.748530
v -5.754099 -7.706883 -1.748530
v -5.748197 -7.702029 -1.766217
v -5.796137 -7.716323 -1.765185
v -5.746958 -7.724643 -1.636272
v -5.763921 -7.729859 -1.643314
v -5.739052 -7.724685 -1.618810
v -5.763921 -7.729859 -1.643314
v -5.779902 -7.737538 -1.635845
v -5.739052 -7.724685 -1.618810
v -5.779902 -7.737538 -1.635845
v -5.785436 -7.743445 -1.618276
v -5.744733 -7.730227 -1.601190
v -5.785436 -7.743445 -1.618276
v -5.777381 -7.743859 -1.600864
v -5.760565 -7.738278 -1.593773
v -5.744733 -7.730227 -1.601190
v -5.785436 -7.743445 -1.618276
v -5.760565 -7.738278 -1.593773
v -5.731936 -7.755935 -1.491196
v -5.749433 -7.760470 -1.497916
v -5.769389 -7.775676 -1.473281
v -5.749433 -7.760470 -1.497916
v -5.764901 -7.768769 -1.490532
v -5.769389 -7.775676 -1.473281
v -5.769389 -7.775676 -1.473281
v -5.760153 -7.777446 -1.456356
v -5.731936 -7.755935 -1.491196
v -5.760153 -7.777446 -1.456356
v -5.742498 -7.773340 -1.449760
v -5.722545 -7.758125 -1.474393
v -5.742498 -7.773340 -1.449760
v -5.726876 -7.765460 -1.457267
v -5.722545 -7.758125 -1.474393
v -5.710732 -7.796069 -1.348743
v -5.728806 -7.798787 -1.354917
v -5.749523 -7.811486 -1.329517
v -5.728806 -7.798787 -1.354917
v -5.744843 -7.805300 -1.346993
v -5.749523 -7.811486 -1.329517
v -5.749523 -7.811486 -1.329517
v -5.740024 -7.814033 -1.312823
v -5.710732 -7.796069 -1.348743
v -5.740024 -7.814033 -1.312823
v -5.721844 -7.811753 -1.306789
v -5.701130 -7.799047 -1.332187
v -5.721844 -7.811753 -1.306789
v -5.705704 -7.805673 -1.314850
v -5.701130 -7.799047 -1.332187
v -5.690085 -7.837937 -1.206845
v -5.708375 -7.838862 -1.212442
v -5.724769 -7.844405 -1.204189
v -5.724769 -7.844405 -1.204189
v -5.729659 -7.851344 -1.186923
v -5.680617 -7.842149 -1.190671
v -5.729659 -7.851344 -1.186923
v -5.720184 -7.855591 -1.170754
v -5.685512 -7.849056 -1.173398
v -5.720184 -7.855591 -1.170754
v -5.701900 -7.854633 -1.165151
v -5.685512 -7.849056 -1.173398
v -5.685512 -7.849056 -1.173398
v -5.680617 -7.842149 -1.190671
v -5.729659 -7.851344 -1.186923
v -5.670874 -7.884650 -1.066361
v -5.689139 -7.885713 -1.071985
v -5.705508 -7.891397 -1.063759
v -5.705508 -7.891397 -1.063759
v -5.710387 -7.898396 -1.046505
v -5.661415 -7.888809 -1.050175
v -5.710387 -7.898396 -1.046505
v -5.700922 -7.902588 -1.030326
v -5.666299 -7.895775 -1.032914
v -5.700922 -7.902588 -1.030326
v -5.682662 -7.901493 -1.024695
v -5.666299 -7.895775 -1.032914
v -5.666299 -7.895775 -1.032914
v -5.661415 -7.888809 -1.050175
v -5.710387 -7.898396 -1.046505
v -5.651512 -7.932342 -0.926229
v -5.669793 -7.933289 -0.931829
v -5.686086 -7.939465 -0.923832
v -5.686086 -7.939465 -0.923832
v -5.690753 -7.947872 -0.907267
v -5.641887 -7.937579 -0.910398
v -5.690753 -7.947872 -0.907267
v -5.681108 -7.953267 -0.891619
v -5.641887 -7.937579 -0.910398
v -5.681108 -7.953267 -0.891619
v -5.662816 -7.952377 -0.885925
v -5.646576 -7.945834 -0.893649
v -5.646576 -7.945834 -0.893649
v -5.641887 -7.937579 -0.910398
v -5.681108 -7.953267 -0.891619
v -5.630803 -7.989040 -0.789398
v -5.649009 -7.990416 -0.795685
v -5.669776 -8.006124 -0.772325
v -5.649009 -7.990416 -0.795685
v -5.665161 -7.997447 -0.788558
v -5.669776 -8.006124 -0.772325
v -5.669776 -8.006124 -0.772325
v -5.660172 -8.011255 -0.756363
v -5.630803 -7.989040 -0.789398
v -5.642001 -8.009733 -0.749889
v -5.642001 -8.009733 -0.749889
v -5.625881 -8.002552 -0.756827
v -5.621233 -7.994024 -0.773248
v -5.610148 -8.045825 -0.652606
v -5.628194 -8.047809 -0.659685
v -5.649192 -8.064491 -0.637452
v -5.628194 -8.047809 -0.659685
v -5.644186 -8.055454 -0.653355
v -5.649192 -8.064491 -0.637452
v -5.649192 -8.064491 -0.637452
v -5.641026 -8.069803 -0.621198
v -5.623583 -8.068220 -0.614120
v -5.610148 -8.045825 -0.652606
v -5.649192 -8.064491 -0.637452
v -5.606927 -8.060405 -0.620337
v -5.623583 -8.068220 -0.614120
v -5.606927 -8.060405 -0.620337
v -5.649192 -8.064491 -0.637452
v -5.601129 -8.109912 -0.517868
v -5.618794 -8.110414 -0.524750
v -5.593049 -8.116220 -0.501779
v -5.618794 -8.110414 -0.524750
v -5.635748 -8.117196 -0.518347
v -5.593049 -8.116220 -0.501779
v -5.635748 -8.117196 -0.518347
v -5.642107 -8.126050 -0.502363
v -5.599339 -8.125411 -0.485861
v -5.642107 -8.126050 -0.502363
v -5.634095 -8.132027 -0.486208
v -5.616361 -8.131860 -0.479392
v -5.616361 -8.131860 -0.479392
v -5.593644 -8.175096 -0.383472
v -5.611559 -8.174160 -0.390046
v -5.628740 -8.179573 -0.383368
v -5.628740 -8.179573 -0.383368
v -5.634975 -8.188478 -0.367551
v -5.626470 -8.196150 -0.352076
v -5.626470 -8.196150 -0.352076
v -5.608356 -8.197619 -0.345822
v -5.585316 -8.182340 -0.367767
v -5.608356 -8.197619 -0.345822
v -5.591363 -8.191751 -0.352252
v -5.585316 -8.182340 -0.367767
v -5.585316 -8.182340 -0.367767
v -5.593644 -8.175096 -0.383472
v -5.628740 -8.179573 -0.383368
v -5.582780 -8.247866 -0.254260
v -5.600806 -8.247009 -0.260500
v -5.574213 -8.255431 -0.238992
v -5.600806 -8.247009 -0.260500
v -5.617710 -8.253496 -0.254057
v -5.574213 -8.255431 -0.238992
v -5.617710 -8.253496 -0.254057
v -5.623567 -8.263664 -0.238701
v -5.580101 -8.265407 -0.223638
v -5.623567 -8.263664 -0.238701
v -5.614966 -8.271420 -0.223430
v -5.596972 -8.272087 -0.217192
v -5.596972 -8.272087 -0.217192
v -5.571531 -8.321562 -0.125637
v -5.589410 -8.321506 -0.131874
v -5.563028 -8.328801 -0.110368
v -5.589410 -8.321506 -0.131874
v -5.606164 -8.328798 -0.125427
v -5.563028 -8.328801 -0.110368
v -5.606164 -8.328798 -0.125427
v -5.611950 -8.339304 -0.110073
v -5.568856 -8.339116 -0.095012
v -5.611950 -8.339304 -0.110073
v -5.603407 -8.346732 -0.094806
v -5.585568 -8.346600 -0.088567
v -5.568856 -8.339116 -0.095012
v -5.611950 -8.339304 -0.110073
v -5.585568 -8.346600 -0.088567
v -5.557352 -8.395393 0.002519
v -5.575780 -8.396040 -0.003555
v -5.595675 -8.414751 0.018068
v -5.575780 -8.396040 -0.003555
v -5.591660 -8.404035 0.002859
v -5.595675 -8.414751 0.018068
v -5.595675 -8.414751 0.018068
v -5.585485 -8.421854 0.033099
v -5.557352 -8.395393 0.002519
v -5.585485 -8.421854 0.033099
v -5.567079 -8.421126 0.039086
v -5.547186 -8.402414 0.017464
v -5.567079 -8.421126 0.039086
v -5.551220 -8.413050 0.032585
v -5.547186 -8.402414 0.017464
v -5.531597 -8.469558 0.128804
v -5.549930 -8.470547 0.123090
v -5.569680 -8.489742 0.145220
v -5.549930 -8.470547 0.123090
v -5.565711 -8.478883 0.129865
v -5.569680 -8.489742 0.145220
v -5.559528 -8.496706 0.160100
v -5.559528 -8.496706 0.160100
v -5.541221 -8.495636 0.165730
v -5.525465 -8.487217 0.158870
v -5.525465 -8.487217 0.158870
v -5.521471 -8.476439 0.143600
v -5.559528 -8.496706 0.160100
v -5.505290 -8.544342 0.254636
v -5.523724 -8.545407 0.249446
v -5.542362 -8.565874 0.271242
v -5.523724 -8.545407 0.249446
v -5.539219 -8.554214 0.256418
v -5.542362 -8.565874 0.271242
v -5.542362 -8.565874 0.271242
v -5.531267 -8.573663 0.285136
v -5.505290 -8.544342 0.254636
v -5.531267 -8.573663 0.285136
v -5.512568 -8.572995 0.290020
v -5.494328 -8.552117 0.268562
v -5.512568 -8.572995 0.290020
v -5.497254 -8.564128 0.283121
v -5.494328 -8.552117 0.268562
v -5.470965 -8.628130 0.373760
v -5.489798 -8.628180 0.369272
v -5.508280 -8.647930 0.391454
v -5.489798 -8.628180 0.369272
v -5.505243 -8.636436 0.376564
v -5.508280 -8.647930 0.391454
v -5.508280 -8.647930 0.391454
v -5.497103 -8.656063 0.405129
v -5.470965 -8.628130 0.373760
v -5.497103 -8.656063 0.405129
v -5.478236 -8.656205 0.409490
v -5.459754 -8.636454 0.387309
v -5.478236 -8.656205 0.409490
v -5.462756 -8.648138 0.402072
v -5.459754 -8.636454 0.387309
v -5.437312 -8.713103 0.492089
v -5.455860 -8.711987 0.488356
v -5.427062 -8.722724 0.504839
v -5.455860 -8.711987 0.488356
v -5.471797 -8.720127 0.495733
v -5.427062 -8.722724 0.504839
v -5.471797 -8.720127 0.495733
v -5.475800 -8.732931 0.509751
v -5.431088 -8.735333 0.519029
v -5.475800 -8.732931 0.509751
v -5.465527 -8.742744 0.522330
v -5.447014 -8.743686 0.526223
v -5.431088 -8.735333 0.519029
v -5.475800 -8.732931 0.509751
v -5.447014 -8.743686 0.526223
v -5.411191 -8.806517 0.605228
v -5.429606 -8.806186 0.600782
v -5.401001 -8.815816 0.618276
v -5.429606 -8.806186 0.600782
v -5.445434 -8.815149 0.607417
v -5.401001 -8.815816 0.618276
v -5.445434 -8.815149 0.607417
v -5.449375 -8.828290 0.621124
v -5.404980 -8.828770 0.632159
v -5.449375 -8.828290 0.621124
v -5.439147 -8.837777 0.633996
v -5.420769 -8.837922 0.638618
v -5.404980 -8.828770 0.632159
v -5.449375 -8.828290 0.621124
v -5.420769 -8.837922 0.638618
v -5.384443 -8.899888 0.718248
v -5.402949 -8.900295 0.713192
v -5.421442 -8.922569 0.733176
v -5.402949 -8.900295 0.713192
v -5.418392 -8.909802 0.719277
v -5.421442 -8.922569 0.733176
v -5.421442 -8.922569 0.733176
v -5.410254 -8.931211 0.746596
v -5.384443 -8.899888 0.718248
v -5.410254 -8.931211 0.746596
v -5.391498 -8.930952 0.751360
v -5.373365 -8.908825 0.731332
v -5.391498 -8.930952 0.751360
v -5.376200 -8.921756 0.744933
v -5.373365 -8.908825 0.731332
v -5.349335 -8.991694 0.830175
v -5.368212 -8.991100 0.826577
v -5.386557 -9.011678 0.848722
v -5.368212 -8.991100 0.826577
v -5.383625 -8.999454 0.834154
v -5.386557 -9.011678 0.848722
v -5.386557 -9.011678 0.848722
v -5.375275 -9.020798 0.861489
v -5.349335 -8.991694 0.830175
v -5.375275 -9.020798 0.861489
v -5.356386 -9.021659 0.864720
v -5.340961 -9.013568 0.856783
v -5.340961 -9.013568 0.856783
v -5.338042 -9.001079 0.842581
v -5.375275 -9.020798 0.861489
v -5.313903 -9.084639 0.940837
v -5.332932 -9.082507 0.939201
v -5.350595 -9.104851 0.960184
v -5.332932 -9.082507 0.939201
v -5.348145 -9.090706 0.947357
v -5.350595 -9.104851 0.960184
v -5.350595 -9.104851 0.960184
v -5.338862 -9.116298 0.970449
v -5.313903 -9.084639 0.940837
v -5.338862 -9.116298 0.970449
v -5.319846 -9.118023 0.972390
v -5.304666 -9.109330 0.964626
v -5.304666 -9.109330 0.964626
v -5.302196 -9.095632 0.951454
v -5.338862 -9.116298 0.970449
v -5.275195 -9.188528 1.040694
v -5.294031 -9.188183 1.037599
v -5.263614 -9.198820 1.051923
v -5.294031 -9.188183 1.037599
v -5.309026 -9.198279 1.044188
v -5.263614 -9.198820 1.051923
v -5.309026 -9.198279 1.044188
v -5.311335 -9.213204 1.056333
v -5.266012 -9.213333 1.064441
v -5.311335 -9.213204 1.056333
v -5.299661 -9.223920 1.067181
v -5.280915 -9.223853 1.070649
v -5.266012 -9.213333 1.064441
v -5.311335 -9.213204 1.056333
v -5.280915 -9.223853 1.070649
v -5.234839 -9.293263 1.139025
v -5.253833 -9.293940 1.135284
v -5.269603 -9.319392 1.153128
v -5.253833 -9.293940 1.135284
v -5.268194 -9.304906 1.140955
v -5.269603 -9.319392 1.153128
v -5.269603 -9.319392 1.153128
v -5.257131 -9.329268 1.164248
v -5.234839 -9.293263 1.139025
v -5.257131 -9.329268 1.164248
v -5.238015 -9.329098 1.167389
v -5.222248 -9.303630 1.149562
v -5.238015 -9.329098 1.167389
v -5.223533 -9.318624 1.161135
v -5.222248 -9.303630 1.149562
v -5.187547 -9.400027 1.231680
v -5.206826 -9.398531 1.230440
v -5.222887 -9.421011 1.251670
v -5.206826 -9.398531 1.230440
v -5.221468 -9.407374 1.238553
v -5.222887 -9.421011 1.251670
v -5.222887 -9.421011 1.251670
v -5.210251 -9.431829 1.261692
v -5.187547 -9.400027 1.231680
v -5.210251 -9.431829 1.261692
v -5.190993 -9.433863 1.262346
v -5.174932 -9.411366 1.241131
v -5.190993 -9.433863 1.262346
v -5.176372 -9.425539 1.253663
v -5.174932 -9.411366 1.241131
v -5.142944 -9.509069 1.323688
v -5.161953 -9.505785 1.323928
v -5.178638 -9.527026 1.346330
v -5.161953 -9.505785 1.323928
v -5.176740 -9.513295 1.333270
v -5.178638 -9.527026 1.346330
v -5.178638 -9.527026 1.346330
v -5.166540 -9.539112 1.355369
v -5.142944 -9.509069 1.323688
v -5.166540 -9.539112 1.355369
v -5.147538 -9.542645 1.355001
v -5.130852 -9.521400 1.332601
v -5.147538 -9.542645 1.355001
v -5.132758 -9.535381 1.345535
v -5.130852 -9.521400 1.332601
v -5.100209 -9.619617 1.415421
v -5.119150 -9.615291 1.416199
v -5.089670 -9.633224 1.423532
v -5.119150 -9.615291 1.416199
v -5.133880 -9.621777 1.426071
v -5.089670 -9.633224 1.423532
v -5.133880 -9.621777 1.426071
v -5.137268 -9.636339 1.438645
v -5.093081 -9.647750 1.436066
v -5.137268 -9.636339 1.438645
v -5.126723 -9.649998 1.446789
v -5.108428 -9.654712 1.445708
v -5.093081 -9.647750 1.436066
v -5.137268 -9.636339 1.438645
v -5.108428 -9.654712 1.445708
v -5.070336 -9.737836 1.502090
v -5.088585 -9.733271 1.503284
v -5.059837 -9.751372 1.510130
v -5.088585 -9.733271 1.503284
v -5.103885 -9.740386 1.513035
v -5.059837 -9.751372 1.510130
v -5.103885 -9.740386 1.513035
v -5.107263 -9.755048 1.525654
v -5.063058 -9.766022 1.522542
v -5.107263 -9.755048 1.525654
v -5.096559 -9.768733 1.533596
v -5.077901 -9.773376 1.531980
v -5.063058 -9.766022 1.522542
v -5.107263 -9.755048 1.525654
v -5.077901 -9.773376 1.531980
vn -0.1815 0.4857 -0.8551
vn -0.1917 0.3855 -0.9025
vn -0.1904 0.3998 -0.8966
vn -0.1902 0.4025 -0.8954
vn -0.2052 0.1729 -0.9633
vn -0.2065 0.1412 -0.9682
vn -0.2062 0.1410 -0.9683
vn -0.2110 -0.0295 -0.9770
vn -0.2115 -0.0668 -0.9751
vn -0.2118 -0.2095 -0.9546
vn -0.2140 -0.2133 -0.9532
vn -0.2139 -0.2077 -0.9545
vn -0.2135 -0.2029 -0.9556
vn -0.2138 -0.3014 -0.9292
vn -0.2199 -0.3140 -0.9236
vn -0.2200 -0.3166 -0.9227
vn -0.2196 -0.3108 -0.9248
vn -0.2157 -0.3395 -0.9156
vn -0.2294 -0.3781 -0.8969
vn -0.2358 -0.4001 -0.8856
vn -0.2722 -0.5023 -0.8207
vn -0.2725 -0.5021 -0.8207
vn -0.2708 -0.4978 -0.8239
vn -0.2656 -0.4845 -0.8335
vn -0.2634 -0.4874 -0.8325
vn -0.2669 -0.4858 -0.8323
vn -0.2641 -0.4908 -0.8303
vn -0.2723 -0.4962 -0.8244
vn -0.2846 -0.5125 -0.8102
vn -0.2789 -0.5061 -0.8162
vn -0.2854 -0.5091 -0.8120
vn -0.2879 -0.5145 -0.8078
vn -0.3541 -0.6017 -0.7159
vn -0.3543 -0.6015 -0.7160
vn -0.3237 -0.6213 -0.7136
vn -0.2840 -0.6470 -0.7076
vn -0.3513 -0.6896 -0.6333
vn -0.3812 -0.6705 -0.6365
vn -0.4254 -0.6920 -0.5832
vn -0.4251 -0.6923 -0.5831
vn -0.4163 -0.7014 -0.5786
vn -0.4300 -0.6993 -0.5710
vn -0.4515 -0.7380 -0.5015
vn -0.4569 -0.7506 -0.4773
vn -0.4569 -0.7507 -0.4772
vn -0.4681 -0.7804 -0.4146
vn -0.4681 -0.7804 -0.4145
vn -0.4727 -0.7932 -0.3838
vn -0.4827 -0.8341 -0.2669
vn -0.4815 -0.8360 -0.2631
vn -0.4843 -0.8459 -0.2232
vn -0.4811 -0.8755 -0.0447
vn -0.4804 -0.8759 -0.0450
vn -0.4806 -0.8757 -0.0477
vn -0.4815 -0.8751 -0.0474
vn -0.4498 -0.8812 0.1455
vn -0.4491 -0.8815 0.1456
vn -0.4432 -0.8804 0.1689
vn -0.4431 -0.8804 0.1689
vn -0.3871 -0.8512 0.3543
vn -0.3870 -0.8512 0.3545
vn -0.3845 -0.8496 0.3611
vn -0.3840 -0.8498 0.3610
vn -0.3334 -0.7999 0.4990
vn -0.3340 -0.7996 0.4990
vn -0.3344 -0.7994 0.4991
vn -0.3346 -0.7994 0.4990
vn 0.1814 0.4856 -0.8551
vn 0.1917 0.3855 -0.9026
vn 0.1916 0.3865 -0.9022
vn 0.1902 0.4025 -0.8954
vn 0.2052 0.1729 -0.9633
vn 0.2065 0.1413 -0.9682
vn 0.2063 0.1409 -0.9683
vn 0.2110 -0.0295 -0.9770
vn 0.2116 -0.0668 -0.9751
vn 0.2149 -0.2124 -0.9533
vn 0.2140 -0.2134 -0.9532
vn 0.2139 -0.2077 -0.9545
vn 0.2136 -0.2030 -0.9556
vn 0.2426 -0.3017 -0.9220
vn 0.2199 -0.3140 -0.9236
vn 0.2200 -0.3166 -0.9227
vn 0.2195 -0.3109 -0.9248
vn 0.2405 -0.3290 -0.9132
vn 0.2294 -0.3780 -0.8969
vn 0.2360 -0.4002 -0.8855
vn 0.2723 -0.5023 -0.8207
vn 0.2725 -0.5023 -0.8206
vn 0.2708 -0.4978 -0.8239
vn 0.2656 -0.4845 -0.8335
vn 0.2668 -0.4859 -0.8323
vn 0.2640 -0.4874 -0.8323
vn 0.2830 -0.4828 -0.8287
vn 0.2722 -0.4963 -0.8244
vn 0.2845 -0.5126 -0.8101
vn 0.2789 -0.5061 -0.8162
vn 0.2854 -0.5091 -0.8120
vn 0.2880 -0.5141 -0.8079
vn 0.3541 -0.6016 -0.7160
vn 0.3544 -0.6015 -0.7159
vn 0.3310 -0.6213 -0.7102
vn 0.2935 -0.6472 -0.7035
vn 0.3442 -0.6891 -0.6377
vn 0.3759 -0.6707 -0.6395
vn 0.4254 -0.6921 -0.5832
vn 0.4251 -0.6923 -0.5831
vn 0.4286 -0.6937 -0.5789
vn 0.4300 -0.6993 -0.5710
vn 0.4515 -0.7380 -0.5015
vn 0.4569 -0.7507 -0.4773
vn 0.4569 -0.7507 -0.4772
vn 0.4680 -0.7804 -0.4146
vn 0.4681 -0.7804 -0.4145
vn 0.4727 -0.7933 -0.3838
vn 0.4730 -0.7931 -0.3837
vn 0.4827 -0.8341 -0.2669
vn 0.4842 -0.8336 -0.2658
vn 0.4844 -0.8459 -0.2231
vn 0.4809 -0.8756 -0.0450
vn 0.4803 -0.8759 -0.0449
vn 0.4805 -0.8757 -0.0478
vn 0.4814 -0.8752 -0.0477
vn 0.4496 -0.8813 0.1456
vn 0.4490 -0.8816 0.1456
vn 0.4432 -0.8804 0.1689
vn 0.4430 -0.8805 0.1690
vn 0.3871 -0.8512 0.3544
vn 0.3870 -0.8512 0.3544
vn 0.3871 -0.8504 0.3563
vn 0.3844 -0.8496 0.3612
vn 0.3334 -0.8000 0.4988
vn 0.3340 -0.7997 0.4990
vn 0.3344 -0.7995 0.4990
vn 0.3346 -0.7994 0.4991
vn 0.3340 0.6367 0.6950
vn 0.2648 0.5804 0.7701
vn 0.3443 0.6738 0.6539
vn 0.2703 0.7637 0.5863
vn 0.0582 0.6636 0.7458
vn 0.1214 0.5428 0.8311
vn 0.1047 0.4864 0.8674
vn 0.0990 0.5036 0.8582
vn -0.0094 0.4752 0.8798
vn -0.0159 0.3450 0.9385
vn -0.2046 0.2944 0.9335
vn -0.2041 0.3604 0.9102
vn -0.2552 0.6193 0.7425
vn -0.3202 0.5741 0.7536
vn -0.2892 0.3748 0.8808
vn -0.1980 0.5900 0.7828
vn -0.1129 0.6673 0.7361
vn -0.1861 0.4837 0.8552
vn 0.0570 0.3913 0.9185
vn 0.1730 0.4665 0.8674
vn 0.3586 0.7948 -0.4896
vn 0.3292 0.8175 -0.4727
vn 0.2988 0.8360 -0.4604
vn 0.2770 0.8471 -0.4536
vn 0.2526 0.8620 -0.4395
vn 0.2274 0.8745 -0.4284
vn 0.2040 0.8892 -0.4095
vn 0.1772 0.9082 -0.3791
vn 0.1550 0.9188 -0.3631
vn 0.1588 0.9377 -0.3089
vn 0.1961 0.9406 -0.2771
vn 0.2318 0.9465 -0.2247
vn 0.2615 0.9457 -0.1928
vn 0.3420 0.9333 -0.1094
vn 0.3803 0.9211 -0.0828
vn 0.4198 0.9071 -0.0302
vn 0.4411 0.8973 0.0182
vn 0.4027 0.9138 0.0524
vn 0.3589 0.9272 0.1073
vn 0.3120 0.9399 0.1389
vn 0.2657 0.9449 0.1912
vn 0.2114 0.9431 0.2566
vn 0.1632 0.9432 0.2894
vn 0.1040 0.9220 0.3730
vn 0.0550 0.9021 0.4280
vn 0.0496 0.8813 0.4699
vn 0.0525 0.8670 0.4955
vn 0.0542 0.8572 0.5120
vn 0.0578 0.8337 0.5491
vn 0.0596 0.8213 0.5674
vn 0.0628 0.7994 0.5974
vn 0.0653 0.7847 0.6164
vn 0.0664 0.7791 0.6233
vn 0.0697 0.7627 0.6430
vn 0.0722 0.7509 0.6565
vn 0.0782 0.7229 0.6865
vn 0.0849 0.6920 0.7169
vn 0.0878 0.6789 0.7289
vn 0.0917 0.6604 0.7453
vn 0.0932 0.6530 0.7516
vn 0.1020 0.6092 0.7864
vn 0.1113 0.5614 0.8200
vn 0.1126 0.5549 0.8243
vn 0.1087 0.5747 0.8111
vn -0.3256 0.8202 -0.4704
vn -0.3026 0.8331 -0.4630
vn -0.2737 0.8493 -0.4515
vn -0.2483 0.8650 -0.4360
vn -0.2246 0.8765 -0.4258
vn -0.2001 0.8918 -0.4058
vn -0.1748 0.9104 -0.3749
vn -0.1505 0.9218 -0.3572
vn -0.1542 0.9370 -0.3133
vn -0.1894 0.9392 -0.2865
vn -0.2271 0.9465 -0.2293
vn -0.2621 0.9436 -0.2024
vn -0.2989 0.9405 -0.1614
vn -0.3372 0.9345 -0.1141
vn -0.3733 0.9230 -0.0929
vn -0.4124 0.9101 -0.0408
vn -0.4373 0.8988 0.0287
vn -0.3960 0.9162 0.0614
vn -0.3506 0.9288 0.1201
vn -0.3060 0.9409 0.1452
vn -0.2581 0.9449 0.2013
vn -0.2067 0.9409 0.2682
vn -0.1549 0.9410 0.3008
vn -0.0992 0.9172 0.3860
vn -0.0534 0.8970 0.4388
vn -0.0496 0.8812 0.4701
vn -0.0525 0.8669 0.4957
vn -0.0542 0.8573 0.5120
vn -0.0578 0.8339 0.5489
vn -0.0595 0.8213 0.5674
vn -0.0628 0.7994 0.5974
vn -0.0654 0.7848 0.6163
vn -0.0664 0.7792 0.6232
vn -0.0697 0.7627 0.6430
vn -0.0722 0.7510 0.6563
vn -0.0782 0.7230 0.6864
vn -0.0849 0.6919 0.7170
vn -0.0878 0.6789 0.7290
vn -0.0917 0.6603 0.7454
vn -0.0932 0.6531 0.7515
vn -0.1113 0.5614 0.8200
vn -0.1125 0.5549 0.8243
vn -0.1087 0.5748 0.8111
vn 0.9986 0.0023 0.0527
vn 0.9783 0.2067 0.0155
vn 0.9397 0.2942 0.1746
vn 0.8999 0.3203 0.2960
vn 0.8612 0.3245 0.3913
vn 0.8491 0.2976 0.4364
vn 0.8281 0.2638 0.4947
vn 0.8073 0.2302 0.5434
vn 0.7954 0.1932 0.5745
vn 0.7956 0.1546 0.5858
vn 0.8017 0.1142 0.5867
vn 0.8115 0.0988 0.5759
vn 0.7978 0.1042 0.5938
vn 0.7883 0.1054 0.6061
vn 0.7907 0.1044 0.6032
vn 0.7885 0.1059 0.6059
vn 0.7853 0.1065 0.6099
vn 0.7701 0.0509 0.6359
vn 0.7744 -0.0065 0.6326
vn 0.7577 -0.0740 0.6483
vn 0.7222 -0.1393 0.6775
vn 0.7155 -0.1796 0.6751
vn 0.6877 -0.2299 0.6886
vn 0.6603 -0.2782 0.6976
vn 0.7130 -0.2073 0.6698
vn 0.7664 -0.0719 0.6383
vn 0.7439 -0.0129 0.6681
vn 0.7264 -0.1540 0.6698
vn 0.5971 -0.3008 0.7436
vn 0.5951 -0.3425 0.7270
vn 0.6252 -0.3118 0.7155
vn 0.6241 -0.2898 0.7256
vn 0.5470 -0.3289 0.7698
vn 0.5029 -0.3159 0.8045
vn 0.5425 -0.2024 0.8153
vn 0.5966 -0.1519 0.7880
vn 0.5042 0.1064 0.8570
vn 0.3401 0.1767 0.9237
vn 0.5974 0.1869 0.7798
vn 0.5669 0.3955 0.7227
vn 0.3282 0.3983 0.8565
vn 0.5882 0.4748 0.6546
vn 0.6887 0.4366 0.5788
vn -0.5460 -0.7338 -0.4043
vn -0.6502 -0.6488 -0.3954
vn -0.7142 -0.5856 -0.3834
vn -0.8220 -0.4824 -0.3026
vn -0.8799 -0.4038 -0.2504
vn -0.9114 -0.3448 -0.2246
vn -0.9497 -0.2697 -0.1590
vn -0.9689 -0.2093 -0.1317
vn -0.9780 -0.1505 -0.1447
vn -0.9745 -0.1932 -0.1138
vn -0.9714 -0.2237 -0.0795
vn -0.9663 -0.2574 -0.0047
vn -0.9545 -0.2935 0.0521
vn -0.9371 -0.3249 0.1274
vn -0.9164 -0.3536 0.1874
vn -0.8789 -0.3849 0.2818
vn -0.8530 -0.3485 0.3885
vn -0.7887 -0.2737 0.5504
vn -0.7464 -0.1726 0.6427
vn -0.7836 -0.1303 0.6075
vn -0.7726 -0.1003 0.6269
vn -0.7456 -0.1145 0.6565
vn -0.7253 -0.1341 0.6752
vn -0.7293 -0.1540 0.6667
vn -0.7371 -0.1717 0.6536
vn -0.7474 -0.1566 0.6456
vn -0.7494 -0.1405 0.6470
vn -0.7540 -0.1244 0.6450
vn -0.7516 -0.1023 0.6516
vn -0.7450 -0.0842 0.6618
vn -0.7335 -0.1141 0.6700
vn -0.7195 -0.1510 0.6778
vn -0.7019 -0.1892 0.6867
vn -0.6870 -0.2394 0.6861
vn -0.6642 -0.2655 0.6988
vn -0.6470 -0.3006 0.7007
vn -0.6292 -0.3260 0.7055
vn -0.6074 -0.3430 0.7165
vn -0.5915 -0.3662 0.7184
vn -0.5891 -0.3968 0.7039
vn -0.6163 -0.3592 0.7009
vn -0.6513 -0.2585 0.7135
vn -0.7825 -0.0761 0.6180
vn -0.7800 -0.1060 0.6168
vn -0.7068 -0.2026 0.6777
vn -0.6397 -0.3070 0.7046
vn -0.4816 -0.3465 0.8050
vn -0.4680 -0.3868 0.7946
vn -0.6362 -0.1664 0.7533
vn -0.7804 0.0625 0.6221
vn -0.5171 0.1712 0.8386
vn -0.5033 0.1983 0.8410
vn -0.5772 0.2723 0.7699
vn -0.6490 0.3243 0.6882
vn -0.7030 0.3258 0.6321
vn -0.6334 0.4096 0.6565
vn 0.0968 0.4731 -0.8757
vn 0.1289 0.5085 -0.8513
vn 0.1554 0.5484 -0.8217
vn 0.1882 0.5848 -0.7890
vn 0.2149 0.6419 -0.7360
vn 0.2849 0.6860 -0.6695
vn 0.3389 0.7200 -0.6055
vn 0.4102 0.6943 -0.5914
vn 0.4030 0.6778 -0.6149
vn 0.4078 0.6449 -0.6464
vn 0.4126 0.6069 -0.6793
vn 0.4587 0.5330 -0.7110
vn 0.4801 0.4994 -0.7212
vn 0.5168 0.4680 -0.7169
vn 0.6387 0.2163 -0.7384
vn 0.6113 0.1772 -0.7713
vn 0.5723 0.1180 -0.8115
vn 0.5177 0.0839 -0.8514
vn 0.4841 0.0462 -0.8738
vn 0.4737 0.0269 -0.8803
vn 0.5099 0.0141 -0.8601
vn 0.5422 -0.0046 -0.8402
vn 0.5811 -0.0061 -0.8138
vn 0.6118 -0.0136 -0.7909
vn 0.6473 -0.0230 -0.7619
vn -0.0968 0.4731 -0.8757
vn -0.1179 0.5096 -0.8523
vn -0.1429 0.5499 -0.8229
vn -0.1837 0.5880 -0.7877
vn -0.2150 0.6419 -0.7360
vn -0.2645 0.6916 -0.6722
vn -0.3419 0.7229 -0.6004
vn -0.4123 0.6934 -0.5909
vn -0.4069 0.6730 -0.6177
vn -0.4144 0.6519 -0.6351
vn -0.4126 0.6069 -0.6793
vn -0.4586 0.5330 -0.7111
vn -0.4887 0.5039 -0.7122
vn -0.5167 0.4680 -0.7170
vn -0.5624 0.4038 -0.7216
vn -0.6510 0.2081 -0.7300
vn -0.6133 0.1636 -0.7728
vn -0.5723 0.1180 -0.8115
vn -0.5345 0.0743 -0.8419
vn -0.4843 0.0348 -0.8742
vn -0.4720 0.0295 -0.8811
vn -0.5076 0.0177 -0.8614
vn -0.5472 0.0055 -0.8370
vn -0.5811 -0.0061 -0.8138
vn -0.6166 -0.0131 -0.7871
vn -0.6438 -0.0233 -0.7648
vn 0.2098 0.9695 0.1266
vn 0.1553 0.9416 0.2987
vn 0.0679 0.8744 0.4804
vn -0.0010 0.7840 0.6207
vn -0.0415 0.7079 0.7051
vn -0.0560 0.7100 0.7020
vn -0.0416 0.7073 0.7056
vn -0.0068 0.7023 0.7119
vn 0.0299 0.6969 0.7166
vn 0.0544 0.6957 0.7162
vn 0.0422 0.6976 0.7153
vn 0.0392 0.6964 0.7166
vn 0.0367 0.6964 0.7167
vn 0.0144 0.6989 0.7151
vn -0.0048 0.6987 0.7154
vn -0.0290 0.7112 0.7024
vn -0.0450 0.7236 0.6887
vn -0.0601 0.7378 0.6724
vn -0.0704 0.7574 0.6491
vn -0.0746 0.7561 0.6502
vn -0.0650 0.7589 0.6479
vn -0.0743 0.7615 0.6439
vn 0.0017 0.6701 0.7422
vn 0.1557 0.5585 0.8147
vn 0.1449 0.5501 0.8224
vn 0.1914 0.5764 0.7944
vn 0.3503 0.4376 0.8281
vn 0.4620 0.4151 0.7838
vn 0.4038 0.4205 0.8125
vn 0.3590 0.5991 0.7157
vn 0.3143 0.5710 0.7584
vn 0.2658 0.5531 0.7896
vn 0.2616 0.5729 0.7768
vn 0.2565 0.5954 0.7614
vn 0.2523 0.6142 0.7477
vn 0.2450 0.6464 0.7226
vn 0.2383 0.6752 0.6981
vn 0.2327 0.6994 0.6758
vn 0.2271 0.7239 0.6515
vn 0.2210 0.7529 0.6199
vn 0.2184 0.7647 0.6062
vn 0.2158 0.7806 0.5866
vn 0.2130 0.7938 0.5697
vn 0.2120 0.7998 0.5615
vn 0.2075 0.8248 0.5259
vn 0.2054 0.8354 0.5098
vn 0.2003 0.8606 0.4682
vn 0.1941 0.8896 0.4135
vn 0.1899 0.9049 0.3809
vn 0.1874 0.9316 0.3115
vn 0.2125 0.9435 0.2543
vn 0.2408 0.9428 0.2303
vn 0.2747 0.9450 0.1774
vn 0.3007 0.9488 0.0969
vn 0.2998 0.9521 0.0608
vn 0.2986 0.9543 0.0078
vn 0.2975 0.9544 -0.0258
vn 0.2995 0.9529 -0.0478
vn 0.3116 0.9445 -0.1041
vn 0.3249 0.9334 -0.1523
vn 0.3381 0.9250 -0.1734
vn 0.3530 0.9090 -0.2216
vn 0.3681 0.8930 -0.2588
vn 0.3836 0.8796 -0.2815
vn 0.4008 0.8577 -0.3221
vn 0.4202 0.8280 -0.3713
vn 0.4210 0.8187 -0.3905
vn 0.3842 0.8348 -0.3943
vn 0.3452 0.8450 -0.4084
vn 0.3079 0.8519 -0.4237
vn 0.2723 0.8486 -0.4537
vn 0.2375 0.8391 -0.4894
vn 0.2047 0.8341 -0.5122
vn 0.1814 0.8248 -0.5356
vn -0.2658 0.5531 0.7896
vn -0.2616 0.5728 0.7768
vn -0.2565 0.5953 0.7615
vn -0.2523 0.6143 0.7477
vn -0.2449 0.6465 0.7226
vn -0.2383 0.6752 0.6981
vn -0.2327 0.6994 0.6757
vn -0.2272 0.7239 0.6514
vn -0.2210 0.7528 0.6200
vn -0.2185 0.7648 0.6061
vn -0.2153 0.7805 0.5869
vn -0.2130 0.7938 0.5697
vn -0.2119 0.7997 0.5617
vn -0.2104 0.8087 0.5493
vn -0.2074 0.8247 0.5261
vn -0.2054 0.8354 0.5098
vn -0.2003 0.8606 0.4682
vn -0.1936 0.8897 0.4134
vn -0.1898 0.9050 0.3807
vn -0.1883 0.9306 0.3138
vn -0.2090 0.9433 0.2580
vn -0.2424 0.9414 0.2344
vn -0.2726 0.9448 0.1818
vn -0.3006 0.9488 0.0969
vn -0.2998 0.9521 0.0607
vn -0.2986 0.9543 0.0076
vn -0.2975 0.9544 -0.0258
vn -0.3003 0.9527 -0.0469
vn -0.3107 0.9450 -0.1019
vn -0.3240 0.9341 -0.1502
vn -0.3397 0.9247 -0.1715
vn -0.3523 0.9098 -0.2195
vn -0.3672 0.8940 -0.2566
vn -0.3846 0.8799 -0.2790
vn -0.4006 0.8577 -0.3222
vn -0.4182 0.8298 -0.3696
vn -0.4202 0.8180 -0.3927
vn -0.3873 0.8338 -0.3935
vn -0.3479 0.8416 -0.4132
vn -0.3059 0.8499 -0.4290
vn -0.2722 0.8485 -0.4537
vn -0.2406 0.8357 -0.4937
vn -0.2027 0.8317 -0.5169
vn -0.1814 0.8249 -0.5354
vn 0.3988 0.7435 -0.5367
vn 0.3811 0.7537 -0.5355
vn 0.3626 0.7690 -0.5264
vn 0.3556 0.8328 -0.4242
vn 0.3028 0.8608 -0.4092
vn 0.3699 0.8310 -0.4154
vn 0.3603 0.8135 -0.4564
vn 0.1005 0.8938 -0.4372
vn -0.0758 0.9781 -0.1940
vn -0.0781 0.9781 -0.1931
vn -0.0818 0.9710 -0.2248
vn -0.0822 0.9708 -0.2252
vn -0.2136 0.9653 -0.1502
vn -0.0724 0.9939 -0.0835
vn -0.0745 0.9938 -0.0822
vn 0.0858 0.9961 -0.0190
vn 0.2516 0.9676 -0.0206
vn 0.2557 0.9607 0.1084
vn 0.2247 0.9681 0.1108
vn 0.2873 0.9381 0.1934
vn 0.3738 0.9083 0.1877
vn 0.3397 0.8981 0.2793
vn 0.2341 0.9324 0.2754
vn 0.1501 0.9311 0.3325
vn 0.1580 0.9295 0.3333
vn 0.1628 0.8975 0.4098
vn 0.2089 0.8873 0.4110
vn 0.2540 0.8716 0.4192
vn 0.1763 0.8891 0.4223
vn 0.0626 0.8800 0.4708
vn 0.1421 0.8494 0.5083
vn 0.1812 0.8421 0.5079
vn 0.2028 0.8251 0.5274
vn 0.2089 0.8233 0.5278
vn 0.1903 0.7837 0.5913
vn 0.1425 0.7952 0.5894
vn 0.0960 0.7484 0.6563
vn 0.1561 0.7351 0.6598
vn 0.1961 0.7419 0.6412
vn 0.0964 0.7677 0.6336
vn -0.0157 0.6764 0.7364
vn 0.1339 0.6379 0.7584
vn 0.1705 0.6340 0.7543
vn -0.0067 0.6838 0.7297
vn -0.1253 0.6716 0.7303
vn -0.2028 0.6125 0.7640
vn -0.2055 0.6108 0.7646
vn -0.3969 0.7468 -0.5336
vn -0.3791 0.7568 -0.5325
vn -0.3649 0.7655 -0.5300
vn -0.3477 0.8460 -0.4043
vn -0.3047 0.8602 -0.4088
vn -0.3720 0.8229 -0.4294
vn -0.3294 0.8496 -0.4119
vn -0.0865 0.9301 -0.3569
vn 0.0761 0.9782 -0.1931
vn 0.0784 0.9781 -0.1927
vn 0.0843 0.9715 -0.2217
vn 0.0824 0.9708 -0.2254
vn 0.0506 0.9850 -0.1648
vn 0.0724 0.9939 -0.0834
vn 0.0725 0.9939 -0.0833
vn -0.0576 0.9973 -0.0456
vn -0.2241 0.9734 -0.0474
vn -0.2492 0.9613 0.1174
vn -0.2296 0.9662 0.1175
vn -0.2679 0.9498 0.1616
vn -0.3603 0.9168 0.1722
vn -0.3202 0.8998 0.2962
vn -0.2139 0.9323 0.2918
vn -0.1486 0.9323 0.3298
vn -0.1565 0.9307 0.3306
vn -0.1589 0.9045 0.3957
vn -0.2182 0.8886 0.4035
vn -0.2761 0.8653 0.4185
vn -0.1886 0.8809 0.4341
vn -0.1137 0.8745 0.4716
vn -0.1361 0.8538 0.5026
vn -0.1753 0.8468 0.5022
vn -0.2040 0.8253 0.5265
vn -0.2101 0.8236 0.5268
vn -0.1929 0.7843 0.5897
vn -0.1317 0.7923 0.5958
vn -0.0879 0.7569 0.6476
vn -0.1481 0.7440 0.6516
vn -0.1768 0.7366 0.6528
vn -0.0757 0.7609 0.6445
vn -0.0119 0.6881 0.7256
vn -0.1185 0.6596 0.7422
vn -0.1329 0.6226 0.7712
vn 0.0448 0.6686 0.7423
vn 0.1378 0.6654 0.7337
vn 0.2024 0.6121 0.7644
vn 0.2020 0.6068 0.7687
vn -0.1815 0.4858 -0.8550
vn -0.1814 0.4856 -0.8552
vn -0.1814 0.4856 -0.8551
vn -0.1917 0.3855 -0.9026
vn -0.1921 0.3855 -0.9025
vn -0.1915 0.3859 -0.9024
vn -0.1916 0.3865 -0.9022
vn -0.1917 0.3864 -0.9022
vn -0.1904 0.3997 -0.8966
vn -0.1903 0.4026 -0.8954
vn -0.1902 0.4026 -0.8954
vn -0.1903 0.4024 -0.8955
vn -0.2052 0.1730 -0.9633
vn -0.2051 0.1729 -0.9633
vn -0.2051 0.1728 -0.9634
vn -0.2052 0.1727 -0.9634
vn -0.2062 0.1412 -0.9683
vn -0.2065 0.1413 -0.9682
vn -0.2064 0.1412 -0.9682
vn -0.2065 0.1414 -0.9682
vn -0.2063 0.1411 -0.9683
vn -0.2063 0.1409 -0.9683
vn -0.2062 0.1406 -0.9683
vn -0.2062 0.1406 -0.9684
vn -0.2061 0.1407 -0.9684
vn -0.2109 -0.0294 -0.9771
vn -0.2108 -0.0296 -0.9771
vn -0.2109 -0.0295 -0.9771
vn -0.2116 -0.0668 -0.9751
vn -0.2116 -0.0669 -0.9751
vn -0.2115 -0.0669 -0.9751
vn -0.2094 -0.1996 -0.9572
vn -0.2224 -0.2117 -0.9517
vn -0.2149 -0.2124 -0.9533
vn -0.2134 -0.2133 -0.9534
vn -0.2133 -0.2132 -0.9534
vn -0.2140 -0.2133 -0.9533
vn -0.2140 -0.2134 -0.9532
vn -0.2141 -0.2132 -0.9533
vn -0.2138 -0.2077 -0.9545
vn -0.2139 -0.2076 -0.9545
vn -0.2138 -0.2076 -0.9545
vn -0.2136 -0.2030 -0.9556
vn -0.2135 -0.2030 -0.9556
vn -0.1996 -0.2900 -0.9360
vn -0.2484 -0.3063 -0.9189
vn -0.2426 -0.3017 -0.9220
vn -0.2201 -0.3139 -0.9236
vn -0.2201 -0.3138 -0.9236
vn -0.2198 -0.3139 -0.9236
vn -0.2200 -0.3140 -0.9236
vn -0.2196 -0.3107 -0.9248
vn -0.2195 -0.3109 -0.9248
vn -0.2195 -0.3110 -0.9247
vn -0.2132 -0.3281 -0.9203
vn -0.2218 -0.3172 -0.9221
vn -0.2405 -0.3291 -0.9132
vn -0.2400 -0.3291 -0.9133
vn -0.2081 -0.3492 -0.9136
vn -0.2294 -0.3780 -0.8969
vn -0.2295 -0.3781 -0.8969
vn -0.2360 -0.4002 -0.8855
vn -0.2357 -0.4000 -0.8857
vn -0.2723 -0.5025 -0.8206
vn -0.2722 -0.5024 -0.8207
vn -0.2723 -0.5023 -0.8207
vn -0.2722 -0.5022 -0.8208
vn -0.2726 -0.5024 -0.8205
vn -0.2725 -0.5024 -0.8206
vn -0.2725 -0.5023 -0.8206
vn -0.2725 -0.5019 -0.8209
vn -0.2709 -0.4978 -0.8239
vn -0.2657 -0.4846 -0.8334
vn -0.2655 -0.4845 -0.8335
vn -0.2659 -0.4851 -0.8330
vn -0.2660 -0.4852 -0.8330
vn -0.2667 -0.4872 -0.8316
vn -0.2668 -0.4859 -0.8323
vn -0.2668 -0.4873 -0.8315
vn -0.2640 -0.4874 -0.8323
vn -0.2637 -0.4882 -0.8319
vn -0.2678 -0.4839 -0.8331
vn -0.2662 -0.4855 -0.8327
vn -0.2715 -0.4894 -0.8287
vn -0.2830 -0.4828 -0.8287
vn -0.2721 -0.4961 -0.8245
vn -0.2718 -0.4961 -0.8246
vn -0.2722 -0.4963 -0.8244
vn -0.2723 -0.4963 -0.8244
vn -0.2721 -0.4963 -0.8244
vn -0.2723 -0.4965 -0.8243
vn -0.2844 -0.5125 -0.8102
vn -0.2843 -0.5126 -0.8102
vn -0.2846 -0.5125 -0.8101
vn -0.2845 -0.5126 -0.8101
vn -0.2845 -0.5125 -0.8102
vn -0.2788 -0.5061 -0.8162
vn -0.2792 -0.5061 -0.8160
vn -0.2827 -0.5130 -0.8105
vn -0.2819 -0.5091 -0.8132
vn -0.2868 -0.5145 -0.8081
vn -0.2867 -0.5149 -0.8079
vn -0.2765 -0.5174 -0.8098
vn -0.2878 -0.5147 -0.8076
vn -0.2879 -0.5145 -0.8077
vn -0.2880 -0.5141 -0.8079
vn -0.2881 -0.5138 -0.8081
vn -0.3540 -0.6016 -0.7161
vn -0.3541 -0.6016 -0.7160
vn -0.3541 -0.6017 -0.7160
vn -0.3547 -0.6019 -0.7155
vn -0.3544 -0.6016 -0.7159
vn -0.3544 -0.6015 -0.7159
vn -0.3544 -0.6014 -0.7160
vn -0.3311 -0.6214 -0.7101
vn -0.3362 -0.6214 -0.7077
vn -0.3310 -0.6213 -0.7102
vn -0.3184 -0.6212 -0.7160
vn -0.2920 -0.6466 -0.7047
vn -0.2973 -0.6468 -0.7024
vn -0.2935 -0.6473 -0.7035
vn -0.2905 -0.6497 -0.7025
vn -0.2747 -0.6492 -0.7093
vn -0.3461 -0.6913 -0.6344
vn -0.3442 -0.6891 -0.6377
vn -0.3459 -0.6897 -0.6361
vn -0.3513 -0.6896 -0.6332
vn -0.3553 -0.6894 -0.6312
vn -0.3758 -0.6707 -0.6395
vn -0.3720 -0.6707 -0.6417
vn -0.3852 -0.6703 -0.6343
vn -0.4254 -0.6920 -0.5833
vn -0.4254 -0.6921 -0.5832
vn -0.4254 -0.6922 -0.5830
vn -0.4254 -0.6921 -0.5831
vn -0.4251 -0.6923 -0.5832
vn -0.4250 -0.6923 -0.5832
vn -0.4287 -0.6971 -0.5747
vn -0.4286 -0.6937 -0.5789
vn -0.4284 -0.6978 -0.5741
vn -0.4299 -0.6993 -0.5711
vn -0.4301 -0.6993 -0.5709
vn -0.4514 -0.7380 -0.5015
vn -0.4515 -0.7380 -0.5016
vn -0.4513 -0.7380 -0.5016
vn -0.4569 -0.7507 -0.4773
vn -0.4570 -0.7507 -0.4770
vn -0.4568 -0.7507 -0.4773
vn -0.4680 -0.7804 -0.4146
vn -0.4682 -0.7804 -0.4145
vn -0.4680 -0.7804 -0.4147
vn -0.4728 -0.7932 -0.3839
vn -0.4727 -0.7933 -0.3837
vn -0.4727 -0.7933 -0.3838
vn -0.4727 -0.7932 -0.3839
vn -0.4731 -0.7930 -0.3838
vn -0.4729 -0.7931 -0.3838
vn -0.4730 -0.7931 -0.3837
vn -0.4732 -0.7931 -0.3836
vn -0.4731 -0.7930 -0.3837
vn -0.4826 -0.8341 -0.2670
vn -0.4827 -0.8341 -0.2668
vn -0.4827 -0.8342 -0.2667
vn -0.4842 -0.8336 -0.2658
vn -0.4832 -0.8353 -0.2623
vn -0.4828 -0.8356 -0.2620
vn -0.4843 -0.8459 -0.2233
vn -0.4844 -0.8459 -0.2231
vn -0.4841 -0.8460 -0.2236
vn -0.4844 -0.8459 -0.2232
vn -0.4751 -0.8789 -0.0430
vn -0.4838 -0.8737 -0.0513
vn -0.4809 -0.8756 -0.0450
vn -0.4809 -0.8756 -0.0449
vn -0.4805 -0.8758 -0.0450
vn -0.4807 -0.8758 -0.0449
vn -0.4803 -0.8759 -0.0449
vn -0.4803 -0.8759 -0.0450
vn -0.4801 -0.8761 -0.0449
vn -0.4805 -0.8757 -0.0479
vn -0.4805 -0.8757 -0.0478
vn -0.4807 -0.8756 -0.0476
vn -0.4813 -0.8752 -0.0477
vn -0.4812 -0.8753 -0.0478
vn -0.4814 -0.8752 -0.0477
vn -0.4816 -0.8751 -0.0473
vn -0.4499 -0.8812 0.1454
vn -0.4496 -0.8813 0.1456
vn -0.4496 -0.8813 0.1457
vn -0.4497 -0.8813 0.1456
vn -0.4491 -0.8816 0.1456
vn -0.4491 -0.8815 0.1455
vn -0.4490 -0.8816 0.1456
vn -0.4491 -0.8815 0.1457
vn -0.4491 -0.8816 0.1455
vn -0.4433 -0.8804 0.1686
vn -0.4432 -0.8804 0.1688
vn -0.4432 -0.8804 0.1687
vn -0.4431 -0.8805 0.1686
vn -0.4430 -0.8804 0.1691
vn -0.4430 -0.8804 0.1690
vn -0.4430 -0.8805 0.1690
vn -0.4430 -0.8805 0.1688
vn -0.4430 -0.8805 0.1689
vn -0.3871 -0.8512 0.3544
vn -0.3871 -0.8512 0.3545
vn -0.3870 -0.8513 0.3543
vn -0.3870 -0.8512 0.3544
vn -0.3870 -0.8513 0.3544
vn -0.3870 -0.8512 0.3546
vn -0.3858 -0.8504 0.3578
vn -0.3871 -0.8504 0.3563
vn -0.3855 -0.8501 0.3587
vn -0.3845 -0.8495 0.3611
vn -0.3845 -0.8496 0.3612
vn -0.3843 -0.8496 0.3613
vn -0.3841 -0.8498 0.3609
vn -0.3840 -0.8499 0.3609
vn -0.3839 -0.8499 0.3610
vn -0.3838 -0.8498 0.3612
vn -0.3333 -0.8000 0.4989
vn -0.3333 -0.8001 0.4987
vn -0.3334 -0.8000 0.4988
vn -0.3340 -0.7997 0.4989
vn -0.3339 -0.7998 0.4988
vn -0.3340 -0.7997 0.4990
vn -0.3336 -0.7997 0.4992
vn -0.3344 -0.7995 0.4990
vn -0.3345 -0.7994 0.4991
vn -0.3346 -0.7993 0.4992
vn -0.3345 -0.7993 0.4992
vn -0.3346 -0.7993 0.4991
vn 0.1815 0.4858 -0.8550
vn 0.1813 0.4854 -0.8553
vn 0.1815 0.4857 -0.8551
vn 0.1814 0.4856 -0.8552
vn 0.1917 0.3856 -0.9025
vn 0.1917 0.3855 -0.9025
vn 0.1917 0.3864 -0.9022
vn 0.1904 0.3998 -0.8966
vn 0.1904 0.3997 -0.8966
vn 0.1903 0.4026 -0.8954
vn 0.1902 0.4026 -0.8954
vn 0.1903 0.4024 -0.8955
vn 0.2052 0.1730 -0.9633
vn 0.2051 0.1728 -0.9634
vn 0.2051 0.1728 -0.9633
vn 0.2051 0.1729 -0.9633
vn 0.2052 0.1727 -0.9634
vn 0.2062 0.1412 -0.9683
vn 0.2065 0.1414 -0.9682
vn 0.2065 0.1412 -0.9682
vn 0.2064 0.1412 -0.9682
vn 0.2063 0.1411 -0.9683
vn 0.2062 0.1410 -0.9683
vn 0.2061 0.1407 -0.9684
vn 0.2062 0.1406 -0.9684
vn 0.2062 0.1406 -0.9683
vn 0.2109 -0.0293 -0.9771
vn 0.2109 -0.0295 -0.9771
vn 0.2108 -0.0296 -0.9771
vn 0.2115 -0.0668 -0.9751
vn 0.2116 -0.0669 -0.9751
vn 0.2115 -0.0669 -0.9751
vn 0.2224 -0.2122 -0.9516
vn 0.2094 -0.1996 -0.9572
vn 0.2118 -0.2095 -0.9546
vn 0.2133 -0.2133 -0.9534
vn 0.2134 -0.2133 -0.9534
vn 0.2140 -0.2133 -0.9532
vn 0.2140 -0.2133 -0.9533
vn 0.2138 -0.2132 -0.9533
vn 0.2138 -0.2077 -0.9545
vn 0.2138 -0.2076 -0.9545
vn 0.2139 -0.2076 -0.9545
vn 0.2135 -0.2029 -0.9556
vn 0.2138 -0.2031 -0.9555
vn 0.2135 -0.2030 -0.9556
vn 0.2484 -0.3064 -0.9189
vn 0.1996 -0.2900 -0.9360
vn 0.2138 -0.3014 -0.9292
vn 0.2201 -0.3138 -0.9236
vn 0.2201 -0.3139 -0.9236
vn 0.2198 -0.3139 -0.9236
vn 0.2196 -0.3107 -0.9248
vn 0.2196 -0.3108 -0.9248
vn 0.2195 -0.3110 -0.9247
vn 0.2218 -0.3172 -0.9221
vn 0.2132 -0.3280 -0.9203
vn 0.2157 -0.3395 -0.9156
vn 0.2081 -0.3492 -0.9136
vn 0.2400 -0.3291 -0.9133
vn 0.2294 -0.3781 -0.8969
vn 0.2295 -0.3781 -0.8969
vn 0.2360 -0.4001 -0.8856
vn 0.2358 -0.4001 -0.8856
vn 0.2357 -0.4000 -0.8857
vn 0.2723 -0.5024 -0.8206
vn 0.2723 -0.5025 -0.8206
vn 0.2722 -0.5024 -0.8207
vn 0.2722 -0.5022 -0.8208
vn 0.2723 -0.5024 -0.8207
vn 0.2725 -0.5024 -0.8206
vn 0.2726 -0.5023 -0.8206
vn 0.2725 -0.5021 -0.8207
vn 0.2725 -0.5019 -0.8209
vn 0.2709 -0.4978 -0.8239
vn 0.2708 -0.4978 -0.8240
vn 0.2657 -0.4846 -0.8334
vn 0.2655 -0.4845 -0.8335
vn 0.2659 -0.4852 -0.8330
vn 0.2659 -0.4851 -0.8330
vn 0.2634 -0.4874 -0.8325
vn 0.2667 -0.4872 -0.8316
vn 0.2671 -0.4874 -0.8313
vn 0.2669 -0.4858 -0.8323
vn 0.2678 -0.4839 -0.8331
vn 0.2637 -0.4882 -0.8320
vn 0.2715 -0.4894 -0.8287
vn 0.2662 -0.4855 -0.8327
vn 0.2641 -0.4908 -0.8303
vn 0.2718 -0.4961 -0.8246
vn 0.2721 -0.4961 -0.8245
vn 0.2723 -0.4963 -0.8244
vn 0.2722 -0.4962 -0.8244
vn 0.2723 -0.4962 -0.8244
vn 0.2723 -0.4965 -0.8243
vn 0.2721 -0.4964 -0.8243
vn 0.2843 -0.5126 -0.8102
vn 0.2844 -0.5126 -0.8102
vn 0.2846 -0.5125 -0.8102
vn 0.2845 -0.5125 -0.8102
vn 0.2788 -0.5060 -0.8162
vn 0.2788 -0.5061 -0.8162
vn 0.2789 -0.5061 -0.8161
vn 0.2819 -0.5091 -0.8132
vn 0.2827 -0.5130 -0.8105
vn 0.2765 -0.5174 -0.8098
vn 0.2867 -0.5149 -0.8079
vn 0.2868 -0.5145 -0.8081
vn 0.2879 -0.5145 -0.8077
vn 0.2878 -0.5147 -0.8076
vn 0.2879 -0.5145 -0.8078
vn 0.2881 -0.5138 -0.8081
vn 0.3540 -0.6016 -0.7161
vn 0.3541 -0.6017 -0.7159
vn 0.3541 -0.6017 -0.7160
vn 0.3542 -0.6016 -0.7160
vn 0.3544 -0.6016 -0.7159
vn 0.3547 -0.6018 -0.7156
vn 0.3543 -0.6015 -0.7160
vn 0.3544 -0.6015 -0.7160
vn 0.3362 -0.6214 -0.7077
vn 0.3311 -0.6214 -0.7101
vn 0.3237 -0.6213 -0.7136
vn 0.3184 -0.6212 -0.7160
vn 0.2973 -0.6468 -0.7024
vn 0.2921 -0.6466 -0.7047
vn 0.2840 -0.6470 -0.7076
vn 0.2747 -0.6492 -0.7093
vn 0.2905 -0.6497 -0.7025
vn 0.3460 -0.6913 -0.6344
vn 0.3513 -0.6895 -0.6333
vn 0.3553 -0.6895 -0.6312
vn 0.3513 -0.6896 -0.6332
vn 0.3459 -0.6897 -0.6361
vn 0.3720 -0.6708 -0.6416
vn 0.3758 -0.6707 -0.6395
vn 0.3812 -0.6705 -0.6365
vn 0.3852 -0.6703 -0.6343
vn 0.4254 -0.6920 -0.5832
vn 0.4254 -0.6920 -0.5833
vn 0.4254 -0.6921 -0.5831
vn 0.4254 -0.6922 -0.5830
vn 0.4251 -0.6923 -0.5832
vn 0.4252 -0.6922 -0.5831
vn 0.4163 -0.7014 -0.5786
vn 0.4283 -0.6977 -0.5742
vn 0.4287 -0.6971 -0.5747
vn 0.4299 -0.6993 -0.5711
vn 0.4301 -0.6993 -0.5710
vn 0.4301 -0.6993 -0.5709
vn 0.4514 -0.7380 -0.5015
vn 0.4516 -0.7379 -0.5015
vn 0.4513 -0.7380 -0.5017
vn 0.4515 -0.7380 -0.5016
vn 0.4569 -0.7506 -0.4773
vn 0.4568 -0.7507 -0.4773
vn 0.4681 -0.7804 -0.4146
vn 0.4682 -0.7804 -0.4145
vn 0.4680 -0.7804 -0.4147
vn 0.4727 -0.7933 -0.3837
vn 0.4727 -0.7932 -0.3839
vn 0.4731 -0.7932 -0.3835
vn 0.4730 -0.7931 -0.3838
vn 0.4732 -0.7931 -0.3835
vn 0.4731 -0.7931 -0.3837
vn 0.4732 -0.7931 -0.3836
vn 0.4826 -0.8342 -0.2669
vn 0.4827 -0.8342 -0.2668
vn 0.4827 -0.8341 -0.2668
vn 0.4815 -0.8360 -0.2632
vn 0.4828 -0.8356 -0.2620
vn 0.4832 -0.8353 -0.2623
vn 0.4843 -0.8459 -0.2232
vn 0.4843 -0.8459 -0.2233
vn 0.4841 -0.8460 -0.2236
vn 0.4838 -0.8737 -0.0513
vn 0.4751 -0.8789 -0.0431
vn 0.4811 -0.8755 -0.0450
vn 0.4809 -0.8756 -0.0449
vn 0.4810 -0.8756 -0.0449
vn 0.4808 -0.8757 -0.0449
vn 0.4805 -0.8759 -0.0450
vn 0.4804 -0.8759 -0.0450
vn 0.4803 -0.8759 -0.0451
vn 0.4803 -0.8759 -0.0450
vn 0.4805 -0.8757 -0.0479
vn 0.4806 -0.8757 -0.0477
vn 0.4807 -0.8756 -0.0476
vn 0.4813 -0.8753 -0.0479
vn 0.4813 -0.8752 -0.0477
vn 0.4815 -0.8751 -0.0474
vn 0.4816 -0.8751 -0.0473
vn 0.4498 -0.8812 0.1455
vn 0.4499 -0.8812 0.1454
vn 0.4497 -0.8813 0.1456
vn 0.4496 -0.8813 0.1457
vn 0.4491 -0.8815 0.1455
vn 0.4491 -0.8815 0.1456
vn 0.4491 -0.8816 0.1455
vn 0.4433 -0.8804 0.1686
vn 0.4432 -0.8804 0.1687
vn 0.4432 -0.8804 0.1688
vn 0.4430 -0.8804 0.1691
vn 0.4431 -0.8804 0.1689
vn 0.4430 -0.8804 0.1689
vn 0.4430 -0.8804 0.1690
vn 0.4430 -0.8805 0.1688
vn 0.3870 -0.8512 0.3546
vn 0.3871 -0.8512 0.3545
vn 0.3871 -0.8512 0.3543
vn 0.3872 -0.8513 0.3541
vn 0.3873 -0.8512 0.3541
vn 0.3870 -0.8512 0.3545
vn 0.3870 -0.8513 0.3544
vn 0.3855 -0.8501 0.3587
vn 0.3858 -0.8504 0.3578
vn 0.3845 -0.8496 0.3611
vn 0.3846 -0.8495 0.3611
vn 0.3843 -0.8496 0.3613
vn 0.3840 -0.8498 0.3610
vn 0.3840 -0.8498 0.3609
vn 0.3840 -0.8498 0.3611
vn 0.3838 -0.8498 0.3612
vn 0.3333 -0.8001 0.4988
vn 0.3333 -0.8000 0.4989
vn 0.3334 -0.7999 0.4990
vn 0.3339 -0.7998 0.4989
vn 0.3340 -0.7996 0.4990
vn 0.3341 -0.7996 0.4991
vn 0.3344 -0.7995 0.4991
vn 0.3344 -0.7994 0.4991
vn 0.3346 -0.7993 0.4992
vn 0.3346 -0.7994 0.4990
vn 0.3345 -0.7993 0.4992
vn 0.3345 -0.7994 0.4990
vn 0.3687 0.6991 0.6126
vn 0.3687 0.6943 0.6181
vn 0.3358 0.6614 0.6706
vn 0.2940 0.5894 0.7525
vn 0.2992 0.6354 0.7119
vn 0.2650 0.5813 0.7693
vn 0.2650 0.5816 0.7691
vn 0.2647 0.5802 0.7702
vn 0.2647 0.5799 0.7705
vn 0.3527 0.6712 0.6520
vn 0.3425 0.6711 0.6575
vn 0.3346 0.6798 0.6527
vn 0.3344 0.6734 0.6593
vn 0.3286 0.6796 0.6559
vn 0.3089 0.7297 0.6100
vn 0.3024 0.7318 0.6107
vn 0.2970 0.7338 0.6110
vn 0.2921 0.7352 0.6117
vn 0.2967 0.7338 0.6112
vn 0.2721 0.7598 0.5905
vn 0.2686 0.7589 0.5933
vn 0.2697 0.7599 0.5915
vn 0.2702 0.7635 0.5865
vn 0.2707 0.7662 0.5829
vn 0.0451 0.6671 0.7436
vn 0.0590 0.6637 0.7457
vn 0.0778 0.6586 0.7485
vn 0.0849 0.6589 0.7474
vn 0.0724 0.6539 0.7531
vn 0.1376 0.5680 0.8115
vn 0.1382 0.5584 0.8180
vn 0.1208 0.5523 0.8248
vn 0.1337 0.5472 0.8263
vn 0.1982 0.5210 0.8302
vn 0.1988 0.5225 0.8292
vn 0.1982 0.5211 0.8302
vn 0.1973 0.5190 0.8317
vn 0.1968 0.5178 0.8326
vn 0.1252 0.4833 0.8664
vn 0.1024 0.4878 0.8669
vn 0.1007 0.4886 0.8666
vn 0.1023 0.4878 0.8669
vn 0.0981 0.5015 0.8596
vn 0.0967 0.5013 0.8598
vn 0.0966 0.5023 0.8593
vn 0.0990 0.5026 0.8588
vn 0.0975 0.5034 0.8585
vn -0.0160 0.4888 0.8722
vn -0.0062 0.4811 0.8766
vn 0.0092 0.4767 0.8790
vn 0.0128 0.4686 0.8833
vn -0.0004 0.4676 0.8840
vn -0.0023 0.3637 0.9315
vn 0.0108 0.3639 0.9314
vn 0.0066 0.3546 0.9350
vn -0.0118 0.3543 0.9351
vn -0.0030 0.3452 0.9385
vn -0.2103 0.2943 0.9323
vn -0.2145 0.2985 0.9300
vn -0.2163 0.3028 0.9282
vn -0.2103 0.3030 0.9295
vn -0.2063 0.2987 0.9318
vn -0.2100 0.3525 0.9120
vn -0.2160 0.3525 0.9105
vn -0.2141 0.3566 0.9094
vn -0.2058 0.3564 0.9114
vn -0.2102 0.3605 0.9088
vn -0.2533 0.4531 0.8547
vn -0.2609 0.4629 0.8471
vn -0.2631 0.4725 0.8411
vn -0.2501 0.4717 0.8455
vn -0.2427 0.4619 0.8531
vn -0.2465 0.6057 0.7566
vn -0.2543 0.6188 0.7433
vn -0.2664 0.6379 0.7226
vn -0.2747 0.6431 0.7148
vn -0.2560 0.6406 0.7239
vn -0.3141 0.5883 0.7451
vn -0.3042 0.5635 0.7681
vn -0.2972 0.5518 0.7792
vn -0.3042 0.5642 0.7676
vn -0.2900 0.4148 0.8624
vn -0.2834 0.4484 0.8477
vn -0.2758 0.4711 0.8379
vn -0.2765 0.4567 0.8456
vn -0.2688 0.4410 0.8563
vn -0.2046 0.5743 0.7927
vn -0.2051 0.5819 0.7870
vn -0.2172 0.5996 0.7703
vn -0.2254 0.6119 0.7581
vn -0.2172 0.6002 0.7698
vn -0.0839 0.6800 0.7284
vn -0.0637 0.6882 0.7227
vn -0.0849 0.6791 0.7292
vn -0.1139 0.6664 0.7368
vn -0.1341 0.6572 0.7417
vn -0.1574 0.4998 0.8517
vn -0.1372 0.5107 0.8488
vn -0.1583 0.4988 0.8522
vn -0.1870 0.4825 0.8557
vn -0.2069 0.4710 0.8575
vn 0.0460 0.3578 0.9326
vn 0.0216 0.3698 0.9288
vn 0.0370 0.4170 0.9082
vn 0.0017 0.3955 0.9185
vn 0.0126 0.4288 0.9033
vn 0.1728 0.4665 0.8675
vn 0.1730 0.4664 0.8675
vn 0.1730 0.4665 0.8675
vn 0.1729 0.4665 0.8675
vn 0.3616 0.7919 -0.4921
vn 0.3536 0.7995 -0.4856
vn 0.3537 0.7995 -0.4855
vn 0.3319 0.8154 -0.4743
vn 0.3292 0.8174 -0.4727
vn 0.3256 0.8202 -0.4704
vn 0.3233 0.8220 -0.4689
vn 0.3255 0.8203 -0.4702
vn 0.3047 0.8291 -0.4687
vn 0.3031 0.8305 -0.4673
vn 0.3026 0.8331 -0.4630
vn 0.2980 0.8393 -0.4548
vn 0.2981 0.8376 -0.4578
vn 0.2792 0.8453 -0.4555
vn 0.2770 0.8470 -0.4537
vn 0.2737 0.8492 -0.4515
vn 0.2713 0.8510 -0.4497
vn 0.2737 0.8493 -0.4515
vn 0.2525 0.8635 -0.4366
vn 0.2487 0.8649 -0.4360
vn 0.2464 0.8664 -0.4342
vn 0.2487 0.8650 -0.4359
vn 0.2519 0.8629 -0.4381
vn 0.2300 0.8730 -0.4300
vn 0.2277 0.8745 -0.4281
vn 0.2246 0.8765 -0.4258
vn 0.2247 0.8771 -0.4246
vn 0.2235 0.8777 -0.4239
vn 0.2039 0.8904 -0.4070
vn 0.2001 0.8918 -0.4059
vn 0.1980 0.8931 -0.4040
vn 0.2001 0.8918 -0.4057
vn 0.2034 0.8899 -0.4082
vn 0.1801 0.9000 -0.3971
vn 0.1795 0.9004 -0.3964
vn 0.1775 0.9027 -0.3920
vn 0.1749 0.9106 -0.3745
vn 0.1750 0.9096 -0.3769
vn 0.1549 0.9198 -0.3604
vn 0.1527 0.9210 -0.3583
vn 0.1505 0.9218 -0.3573
vn 0.1506 0.9203 -0.3611
vn 0.1527 0.9194 -0.3624
vn 0.1541 0.9370 -0.3135
vn 0.1542 0.9370 -0.3134
vn 0.1598 0.9370 -0.3106
vn 0.1598 0.9383 -0.3066
vn 0.1895 0.9405 -0.2820
vn 0.1894 0.9392 -0.2864
vn 0.1927 0.9390 -0.2848
vn 0.1928 0.9408 -0.2788
vn 0.1963 0.9429 -0.2691
vn 0.2271 0.9465 -0.2292
vn 0.2240 0.9463 -0.2329
vn 0.2271 0.9465 -0.2293
vn 0.2328 0.9468 -0.2222
vn 0.2622 0.9438 -0.2014
vn 0.2621 0.9436 -0.2024
vn 0.2701 0.9450 -0.1845
vn 0.2685 0.9469 -0.1770
vn 0.2722 0.9463 -0.1742
vn 0.2989 0.9414 -0.1565
vn 0.2989 0.9405 -0.1614
vn 0.3022 0.9397 -0.1599
vn 0.3024 0.9407 -0.1534
vn 0.3056 0.9392 -0.1565
vn 0.3372 0.9345 -0.1141
vn 0.3336 0.9353 -0.1178
vn 0.3422 0.9333 -0.1087
vn 0.3454 0.9325 -0.1056
vn 0.3735 0.9235 -0.0878
vn 0.3733 0.9230 -0.0929
vn 0.3767 0.9218 -0.0913
vn 0.3769 0.9224 -0.0845
vn 0.3808 0.9217 -0.0735
vn 0.4124 0.9103 -0.0350
vn 0.4124 0.9101 -0.0408
vn 0.4160 0.9085 -0.0392
vn 0.4162 0.9087 -0.0317
vn 0.4197 0.9070 -0.0351
vn 0.4404 0.8978 -0.0038
vn 0.4405 0.8978 0.0013
vn 0.4373 0.8988 0.0287
vn 0.4409 0.8975 0.0025
vn 0.4373 0.8990 0.0223
vn 0.4028 0.9134 0.0585
vn 0.3960 0.9162 0.0614
vn 0.3922 0.9175 0.0657
vn 0.3960 0.9162 0.0618
vn 0.4016 0.9141 0.0554
vn 0.3589 0.9265 0.1134
vn 0.3547 0.9275 0.1179
vn 0.3506 0.9288 0.1201
vn 0.3506 0.9296 0.1135
vn 0.3548 0.9285 0.1093
vn 0.3163 0.9392 0.1338
vn 0.3120 0.9399 0.1387
vn 0.3060 0.9409 0.1452
vn 0.3112 0.9391 0.1457
vn 0.3022 0.9406 0.1547
vn 0.2656 0.9436 0.1978
vn 0.2580 0.9449 0.2013
vn 0.2536 0.9451 0.2059
vn 0.2580 0.9450 0.2013
vn 0.2642 0.9446 0.1946
vn 0.2150 0.9488 0.2313
vn 0.2161 0.9489 0.2300
vn 0.2112 0.9470 0.2422
vn 0.2067 0.9409 0.2682
vn 0.2066 0.9427 0.2619
vn 0.1634 0.9407 0.2973
vn 0.1549 0.9410 0.3008
vn 0.1499 0.9401 0.3061
vn 0.1618 0.9422 0.2935
vn 0.1099 0.9196 0.3771
vn 0.1047 0.9178 0.3830
vn 0.0992 0.9172 0.3859
vn 0.1094 0.9224 0.3705
vn 0.0988 0.9203 0.3786
vn 0.0558 0.8990 0.4344
vn 0.0512 0.8968 0.4395
vn 0.0534 0.8970 0.4389
vn 0.0441 0.8924 0.4491
vn 0.0501 0.9011 0.4306
vn 0.0496 0.8811 0.4704
vn 0.0496 0.8812 0.4702
vn 0.0496 0.8812 0.4701
vn 0.0496 0.8813 0.4700
vn 0.0509 0.8746 0.4822
vn 0.0514 0.8727 0.4856
vn 0.0525 0.8670 0.4956
vn 0.0515 0.8726 0.4857
vn 0.0542 0.8573 0.5119
vn 0.0542 0.8572 0.5121
vn 0.0542 0.8573 0.5120
vn 0.0542 0.8572 0.5122
vn 0.0578 0.8339 0.5489
vn 0.0578 0.8338 0.5490
vn 0.0578 0.8337 0.5492
vn 0.0578 0.8333 0.5497
vn 0.0596 0.8212 0.5676
vn 0.0596 0.8214 0.5673
vn 0.0595 0.8212 0.5675
vn 0.0611 0.8104 0.5826
vn 0.0628 0.7994 0.5975
vn 0.0628 0.7994 0.5976
vn 0.0628 0.7993 0.5976
vn 0.0642 0.7912 0.6082
vn 0.0646 0.7889 0.6111
vn 0.0654 0.7848 0.6163
vn 0.0646 0.7888 0.6112
vn 0.0654 0.7847 0.6165
vn 0.0664 0.7792 0.6233
vn 0.0664 0.7792 0.6232
vn 0.0664 0.7793 0.6232
vn 0.0698 0.7624 0.6433
vn 0.0698 0.7627 0.6430
vn 0.0699 0.7630 0.6426
vn 0.0721 0.7512 0.6561
vn 0.0721 0.7511 0.6563
vn 0.0722 0.7511 0.6563
vn 0.0750 0.7379 0.6707
vn 0.0782 0.7230 0.6864
vn 0.0782 0.7231 0.6863
vn 0.0782 0.7231 0.6864
vn 0.0782 0.7228 0.6866
vn 0.0815 0.7075 0.7020
vn 0.0829 0.7015 0.7078
vn 0.0849 0.6919 0.7170
vn 0.0829 0.7016 0.7077
vn 0.0849 0.6920 0.7168
vn 0.0878 0.6788 0.7290
vn 0.0878 0.6789 0.7290
vn 0.0916 0.6605 0.7453
vn 0.0917 0.6603 0.7454
vn 0.0917 0.6602 0.7455
vn 0.0930 0.6540 0.7508
vn 0.0930 0.6539 0.7509
vn 0.0932 0.6531 0.7515
vn 0.0965 0.6365 0.7652
vn 0.1020 0.6093 0.7863
vn 0.1020 0.6091 0.7865
vn 0.1074 0.5815 0.8064
vn 0.1091 0.5730 0.8123
vn 0.1091 0.5731 0.8122
vn 0.1113 0.5616 0.8199
vn 0.1127 0.5549 0.8242
vn 0.1125 0.5549 0.8242
vn 0.1126 0.5550 0.8242
vn 0.1126 0.5549 0.8242
vn 0.1087 0.5748 0.8110
vn 0.1088 0.5748 0.8110
vn 0.1087 0.5748 0.8111
vn -0.3585 0.7948 -0.4897
vn -0.3616 0.7919 -0.4920
vn -0.3586 0.7948 -0.4896
vn -0.3537 0.7995 -0.4855
vn -0.3535 0.7995 -0.4856
vn -0.3292 0.8174 -0.4728
vn -0.3319 0.8154 -0.4743
vn -0.3292 0.8175 -0.4727
vn -0.3255 0.8203 -0.4702
vn -0.3232 0.8220 -0.4689
vn -0.3029 0.8304 -0.4676
vn -0.3047 0.8291 -0.4687
vn -0.2988 0.8360 -0.4604
vn -0.2981 0.8376 -0.4578
vn -0.2980 0.8393 -0.4547
vn -0.2770 0.8470 -0.4537
vn -0.2792 0.8453 -0.4555
vn -0.2769 0.8471 -0.4536
vn -0.2712 0.8510 -0.4496
vn -0.2525 0.8635 -0.4366
vn -0.2526 0.8620 -0.4395
vn -0.2519 0.8629 -0.4381
vn -0.2487 0.8650 -0.4359
vn -0.2464 0.8665 -0.4342
vn -0.2277 0.8745 -0.4281
vn -0.2300 0.8730 -0.4300
vn -0.2273 0.8745 -0.4284
vn -0.2235 0.8777 -0.4239
vn -0.2247 0.8771 -0.4246
vn -0.2039 0.8904 -0.4070
vn -0.2040 0.8892 -0.4096
vn -0.2034 0.8900 -0.4082
vn -0.2001 0.8918 -0.4057
vn -0.1980 0.8931 -0.4040
vn -0.1797 0.9003 -0.3965
vn -0.1800 0.9000 -0.3969
vn -0.1772 0.9082 -0.3791
vn -0.1775 0.9027 -0.3920
vn -0.1750 0.9096 -0.3769
vn -0.1549 0.9198 -0.3604
vn -0.1550 0.9188 -0.3631
vn -0.1527 0.9194 -0.3624
vn -0.1527 0.9210 -0.3583
vn -0.1506 0.9204 -0.3609
vn -0.1509 0.9364 -0.3168
vn -0.1541 0.9370 -0.3135
vn -0.1588 0.9377 -0.3090
vn -0.1598 0.9383 -0.3066
vn -0.1598 0.9370 -0.3106
vn -0.1895 0.9405 -0.2820
vn -0.1928 0.9408 -0.2788
vn -0.1961 0.9406 -0.2772
vn -0.1927 0.9390 -0.2848
vn -0.1963 0.9429 -0.2691
vn -0.2240 0.9463 -0.2329
vn -0.2318 0.9465 -0.2247
vn -0.2327 0.9458 -0.2267
vn -0.2622 0.9438 -0.2014
vn -0.2615 0.9457 -0.1928
vn -0.2720 0.9464 -0.1742
vn -0.2685 0.9469 -0.1770
vn -0.2701 0.9450 -0.1845
vn -0.2991 0.9413 -0.1568
vn -0.3024 0.9407 -0.1534
vn -0.3056 0.9392 -0.1565
vn -0.3022 0.9397 -0.1599
vn -0.3336 0.9353 -0.1178
vn -0.3420 0.9333 -0.1094
vn -0.3454 0.9325 -0.1056
vn -0.3422 0.9333 -0.1087
vn -0.3735 0.9235 -0.0878
vn -0.3769 0.9224 -0.0845
vn -0.3803 0.9211 -0.0828
vn -0.3808 0.9217 -0.0735
vn -0.3767 0.9218 -0.0913
vn -0.4124 0.9103 -0.0350
vn -0.4162 0.9087 -0.0317
vn -0.4198 0.9071 -0.0302
vn -0.4197 0.9070 -0.0351
vn -0.4160 0.9085 -0.0392
vn -0.4404 0.8978 -0.0038
vn -0.4405 0.8978 0.0026
vn -0.4411 0.8973 0.0182
vn -0.4409 0.8975 0.0016
vn -0.4373 0.8990 0.0223
vn -0.4028 0.9134 0.0585
vn -0.4027 0.9138 0.0524
vn -0.4016 0.9141 0.0554
vn -0.3960 0.9162 0.0618
vn -0.3922 0.9175 0.0657
vn -0.3589 0.9265 0.1134
vn -0.3589 0.9272 0.1073
vn -0.3548 0.9285 0.1094
vn -0.3547 0.9275 0.1179
vn -0.3507 0.9296 0.1135
vn -0.3120 0.9399 0.1387
vn -0.3163 0.9391 0.1339
vn -0.3120 0.9399 0.1389
vn -0.3022 0.9406 0.1547
vn -0.3109 0.9393 0.1455
vn -0.2656 0.9436 0.1978
vn -0.2657 0.9449 0.1912
vn -0.2642 0.9446 0.1946
vn -0.2580 0.9450 0.2013
vn -0.2536 0.9451 0.2059
vn -0.2161 0.9489 0.2300
vn -0.2150 0.9488 0.2313
vn -0.2114 0.9431 0.2566
vn -0.2112 0.9470 0.2422
vn -0.2066 0.9427 0.2618
vn -0.1634 0.9407 0.2973
vn -0.1632 0.9431 0.2897
vn -0.1618 0.9422 0.2935
vn -0.1499 0.9401 0.3061
vn -0.1099 0.9196 0.3771
vn -0.1094 0.9224 0.3705
vn -0.1040 0.9220 0.3729
vn -0.1047 0.9178 0.3830
vn -0.0987 0.9202 0.3789
vn -0.0558 0.8990 0.4344
vn -0.0550 0.9021 0.4280
vn -0.0501 0.9011 0.4306
vn -0.0512 0.8968 0.4395
vn -0.0441 0.8924 0.4491
vn -0.0496 0.8811 0.4704
vn -0.0496 0.8813 0.4699
vn -0.0496 0.8812 0.4702
vn -0.0496 0.8813 0.4700
vn -0.0509 0.8746 0.4822
vn -0.0515 0.8726 0.4857
vn -0.0525 0.8670 0.4955
vn -0.0514 0.8728 0.4853
vn -0.0542 0.8573 0.5119
vn -0.0542 0.8572 0.5122
vn -0.0542 0.8572 0.5121
vn -0.0578 0.8339 0.5490
vn -0.0578 0.8337 0.5491
vn -0.0578 0.8338 0.5491
vn -0.0578 0.8335 0.5495
vn -0.0596 0.8212 0.5676
vn -0.0596 0.8213 0.5674
vn -0.0596 0.8214 0.5673
vn -0.0611 0.8104 0.5826
vn -0.0628 0.7994 0.5975
vn -0.0628 0.7994 0.5976
vn -0.0628 0.7993 0.5976
vn -0.0642 0.7912 0.6082
vn -0.0646 0.7887 0.6113
vn -0.0653 0.7847 0.6165
vn -0.0646 0.7889 0.6111
vn -0.0654 0.7847 0.6165
vn -0.0664 0.7792 0.6233
vn -0.0664 0.7793 0.6232
vn -0.0664 0.7791 0.6233
vn -0.0698 0.7624 0.6433
vn -0.0698 0.7627 0.6430
vn -0.0700 0.7630 0.6426
vn -0.0721 0.7512 0.6561
vn -0.0722 0.7513 0.6561
vn -0.0722 0.7509 0.6565
vn -0.0721 0.7511 0.6563
vn -0.0750 0.7379 0.6707
vn -0.0782 0.7231 0.6864
vn -0.0782 0.7228 0.6866
vn -0.0815 0.7074 0.7021
vn -0.0829 0.7016 0.7078
vn -0.0849 0.6920 0.7169
vn -0.0829 0.7016 0.7077
vn -0.0849 0.6917 0.7171
vn -0.0878 0.6788 0.7290
vn -0.0878 0.6789 0.7289
vn -0.0879 0.6793 0.7286
vn -0.0878 0.6788 0.7291
vn -0.0916 0.6604 0.7453
vn -0.0917 0.6604 0.7453
vn -0.0930 0.6540 0.7507
vn -0.0930 0.6540 0.7508
vn -0.0932 0.6529 0.7517
vn -0.0930 0.6539 0.7509
vn -0.0965 0.6366 0.7651
vn -0.1020 0.6093 0.7863
vn -0.1020 0.6091 0.7865
vn -0.1020 0.6092 0.7864
vn -0.1020 0.6092 0.7865
vn -0.1074 0.5814 0.8065
vn -0.1091 0.5729 0.8123
vn -0.1113 0.5615 0.8200
vn -0.1091 0.5730 0.8122
vn -0.1113 0.5616 0.8199
vn -0.1127 0.5549 0.8243
vn -0.1126 0.5549 0.8243
vn -0.1126 0.5549 0.8242
vn -0.1125 0.5550 0.8242
vn -0.1088 0.5748 0.8110
vn -0.1087 0.5748 0.8110
vn -0.1087 0.5747 0.8111
vn 0.9976 -0.0688 0.0126
vn 0.9988 -0.0317 0.0368
vn 0.9989 -0.0393 0.0257
vn 0.9980 0.0269 0.0572
vn 0.9926 0.1197 0.0196
vn 0.9908 0.1324 0.0277
vn 0.9856 0.1415 0.0925
vn 0.9814 0.1720 0.0857
vn 0.9823 0.1759 0.0644
vn 0.9417 0.2918 0.1677
vn 0.9453 0.2831 0.1623
vn 0.9456 0.2733 0.1765
vn 0.9415 0.2898 0.1722
vn 0.9397 0.2873 0.1856
vn 0.9037 0.3188 0.2856
vn 0.9115 0.3040 0.2769
vn 0.9091 0.2897 0.2993
vn 0.9031 0.3146 0.2921
vn 0.8982 0.3107 0.3109
vn 0.8623 0.3338 0.3808
vn 0.8683 0.3240 0.3755
vn 0.8676 0.3183 0.3822
vn 0.8627 0.3297 0.3834
vn 0.8678 0.3172 0.3824
vn 0.8473 0.3110 0.4306
vn 0.8511 0.3049 0.4274
vn 0.8565 0.2957 0.4232
vn 0.8554 0.3007 0.4217
vn 0.8488 0.2969 0.4375
vn 0.8258 0.2858 0.4861
vn 0.8327 0.2751 0.4806
vn 0.8370 0.2670 0.4776
vn 0.8363 0.2718 0.4762
vn 0.8305 0.2688 0.4878
vn 0.8065 0.2541 0.5338
vn 0.8145 0.2415 0.5275
vn 0.8183 0.2317 0.5261
vn 0.8174 0.2390 0.5242
vn 0.8103 0.2355 0.5366
vn 0.7948 0.2159 0.5672
vn 0.8012 0.2055 0.5620
vn 0.8067 0.2007 0.5559
vn 0.8047 0.2012 0.5586
vn 0.7986 0.1984 0.5681
vn 0.7944 0.1742 0.5819
vn 0.7981 0.1679 0.5787
vn 0.8046 0.1621 0.5713
vn 0.8047 0.1621 0.5711
vn 0.7989 0.1595 0.5800
vn 0.8043 0.1209 0.5817
vn 0.8089 0.1275 0.5740
vn 0.8119 0.1335 0.5683
vn 0.8095 0.1300 0.5725
vn 0.8073 0.1222 0.5773
vn 0.8116 0.1002 0.5755
vn 0.8107 0.0982 0.5771
vn 0.8095 0.1008 0.5785
vn 0.8109 0.1017 0.5763
vn 0.7978 0.1043 0.5938
vn 0.7977 0.1017 0.5944
vn 0.7967 0.1001 0.5961
vn 0.7949 0.1030 0.5980
vn 0.7964 0.1050 0.5956
vn 0.7886 0.1054 0.6058
vn 0.7887 0.1051 0.6057
vn 0.7884 0.1047 0.6062
vn 0.7885 0.1053 0.6060
vn 0.7883 0.1053 0.6063
vn 0.7903 0.1044 0.6038
vn 0.7900 0.1050 0.6040
vn 0.7905 0.1057 0.6032
vn 0.7905 0.1045 0.6035
vn 0.7909 0.1046 0.6030
vn 0.7887 0.1055 0.6056
vn 0.7889 0.1051 0.6054
vn 0.7885 0.1043 0.6062
vn 0.7885 0.1055 0.6059
vn 0.7879 0.1053 0.6067
vn 0.7855 0.1065 0.6097
vn 0.7856 0.1063 0.6096
vn 0.7853 0.1060 0.6099
vn 0.7854 0.1065 0.6098
vn 0.7852 0.1064 0.6101
vn 0.7855 0.1062 0.6097
vn 0.7853 0.1065 0.6098
vn 0.7854 0.1064 0.6098
vn 0.7857 0.1061 0.6095
vn 0.7857 0.1061 0.6094
vn 0.7775 0.0583 0.6261
vn 0.7872 0.0684 0.6129
vn 0.7938 0.0754 0.6035
vn 0.7873 0.0684 0.6128
vn 0.7773 0.0582 0.6264
vn 0.7642 0.0196 0.6447
vn 0.7817 0.0092 0.6236
vn 0.7794 -0.0061 0.6265
vn 0.7664 -0.0084 0.6423
vn 0.7582 -0.0159 0.6519
vn 0.7492 -0.0484 0.6606
vn 0.7659 -0.0591 0.6403
vn 0.7625 -0.0743 0.6427
vn 0.7493 -0.0756 0.6580
vn 0.7416 -0.0819 0.6659
vn 0.7309 -0.1108 0.6734
vn 0.7341 -0.1223 0.6680
vn 0.7410 -0.1337 0.6580
vn 0.7415 -0.1322 0.6578
vn 0.7295 -0.1341 0.6707
vn 0.7107 -0.1597 0.6851
vn 0.7230 -0.1689 0.6698
vn 0.7190 -0.1807 0.6711
vn 0.7077 -0.1805 0.6831
vn 0.7010 -0.1849 0.6888
vn 0.6836 -0.2081 0.6996
vn 0.6969 -0.2186 0.6831
vn 0.6915 -0.2315 0.6843
vn 0.6795 -0.2305 0.6966
vn 0.6714 -0.2351 0.7028
vn 0.6576 -0.2587 0.7075
vn 0.6694 -0.2683 0.6928
vn 0.6643 -0.2788 0.6935
vn 0.6538 -0.2784 0.7036
vn 0.6828 -0.2732 0.6776
vn 0.6796 -0.2476 0.6905
vn 0.6615 -0.2237 0.7158
vn 0.6633 -0.2198 0.7154
vn 0.6905 -0.2196 0.6892
vn 0.7401 -0.1411 0.6576
vn 0.7352 -0.1108 0.6687
vn 0.7189 -0.0777 0.6907
vn 0.7178 -0.0809 0.6916
vn 0.7479 -0.0823 0.6587
vn 0.7765 0.0022 0.6301
vn 0.7760 0.0041 0.6307
vn 0.7901 0.0271 0.6123
vn 0.7808 -0.0045 0.6248
vn 0.7638 -0.0027 0.6455
vn 0.7175 -0.0827 0.6916
vn 0.7557 -0.1220 0.6434
vn 0.7414 -0.1534 0.6533
vn 0.7082 -0.1512 0.6896
vn 0.6811 -0.1618 0.7141
vn 0.6436 -0.2347 0.7285
vn 0.6430 -0.2677 0.7175
vn 0.6533 -0.3062 0.6925
vn 0.6547 -0.3038 0.6921
vn 0.6230 -0.2951 0.7244
vn 0.5935 -0.3561 0.7218
vn 0.5872 -0.3473 0.7312
vn 0.5910 -0.3429 0.7302
vn 0.5982 -0.3436 0.7240
vn 0.6045 -0.3426 0.7192
vn 0.6129 -0.3262 0.7197
vn 0.6143 -0.3188 0.7218
vn 0.6114 -0.3102 0.7279
vn 0.6125 -0.3091 0.7276
vn 0.6189 -0.3122 0.7208
vn 0.6349 -0.2980 0.7128
vn 0.6362 -0.2926 0.7138
vn 0.6493 -0.2803 0.7069
vn 0.6362 -0.2927 0.7138
vn 0.6332 -0.2905 0.7174
vn 0.5802 -0.3312 0.7441
vn 0.5677 -0.3603 0.7402
vn 0.5786 -0.3534 0.7351
vn 0.5593 -0.3328 0.7592
vn 0.4980 -0.3253 0.8039
vn 0.4906 -0.3161 0.8120
vn 0.4760 -0.3224 0.8182
vn 0.5018 -0.3144 0.8058
vn 0.5131 -0.3200 0.7964
vn 0.5298 -0.2431 0.8125
vn 0.5344 -0.2354 0.8118
vn 0.5395 -0.2166 0.8136
vn 0.5380 -0.2191 0.8140
vn 0.5473 -0.1940 0.8141
vn 0.5725 -0.1888 0.7979
vn 0.5770 -0.1808 0.7965
vn 0.5471 -0.1565 0.8223
vn 0.5836 -0.1441 0.7992
vn 0.5822 -0.1415 0.8007
vn 0.5879 0.0792 0.8051
vn 0.5676 0.0403 0.8223
vn 0.5147 0.0106 0.8573
vn 0.5646 0.0215 0.8251
vn 0.5266 0.0890 0.8454
vn 0.3400 0.1853 0.9220
vn 0.3804 0.1544 0.9119
vn 0.3916 0.1512 0.9076
vn 0.3430 0.1441 0.9282
vn 0.3500 0.1692 0.9213
vn 0.6746 0.1881 0.7138
vn 0.5891 0.2402 0.7715
vn 0.6669 0.3036 0.6805
vn 0.6706 0.3635 0.6466
vn 0.6927 0.2714 0.6682
vn 0.6382 0.4024 0.6563
vn 0.6925 0.3232 0.6450
vn 0.7125 0.2392 0.6597
vn 0.6818 0.2967 0.6687
vn 0.5846 0.3410 0.7362
vn 0.2876 0.3316 0.8985
vn 0.3203 0.3390 0.8846
vn 0.3241 0.3419 0.8821
vn 0.3258 0.3453 0.8801
vn 0.3501 0.4416 0.8261
vn 0.5372 0.3623 0.7617
vn 0.5611 0.4140 0.7168
vn 0.5713 0.4877 0.6601
vn 0.5611 0.4102 0.7190
vn 0.6094 0.4900 0.6233
vn 0.6888 0.4366 0.5788
vn 0.6888 0.4365 0.5789
vn -0.5640 -0.7267 -0.3922
vn -0.5866 -0.7174 -0.3760
vn -0.6006 -0.7105 -0.3667
vn -0.5831 -0.7180 -0.3801
vn -0.5618 -0.7270 -0.3947
vn -0.6519 -0.6470 -0.3956
vn -0.6697 -0.6448 -0.3684
vn -0.6821 -0.6374 -0.3584
vn -0.6450 -0.6789 -0.3509
vn -0.6521 -0.6594 -0.3740
vn -0.7553 -0.5438 -0.3657
vn -0.7504 -0.5607 -0.3499
vn -0.7338 -0.5927 -0.3319
vn -0.7511 -0.5701 -0.3328
vn -0.7298 -0.5757 -0.3686
vn -0.8211 -0.4784 -0.3113
vn -0.8349 -0.4779 -0.2730
vn -0.8358 -0.4771 -0.2717
vn -0.8118 -0.5159 -0.2735
vn -0.8079 -0.4996 -0.3127
vn -0.8800 -0.4037 -0.2504
vn -0.8881 -0.4001 -0.2264
vn -0.8960 -0.3906 -0.2114
vn -0.8751 -0.4326 -0.2169
vn -0.8794 -0.4175 -0.2288
vn -0.9203 -0.3349 -0.2024
vn -0.9287 -0.3253 -0.1781
vn -0.9312 -0.3214 -0.1719
vn -0.9257 -0.3272 -0.1899
vn -0.9180 -0.3362 -0.2106
vn -0.9546 -0.2448 -0.1698
vn -0.9528 -0.2567 -0.1620
vn -0.9495 -0.2743 -0.1522
vn -0.9529 -0.2539 -0.1660
vn -0.9464 -0.2880 -0.1463
vn -0.9719 -0.1849 -0.1459
vn -0.9708 -0.1957 -0.1388
vn -0.9697 -0.2080 -0.1282
vn -0.9708 -0.1933 -0.1423
vn -0.9674 -0.2173 -0.1301
vn -0.9777 -0.1567 -0.1398
vn -0.9791 -0.1456 -0.1419
vn -0.9788 -0.1475 -0.1421
vn -0.9803 -0.1473 -0.1314
vn -0.9767 -0.1576 -0.1456
vn -0.9804 -0.1618 -0.1121
vn -0.9748 -0.1927 -0.1121
vn -0.9731 -0.1977 -0.1180
vn -0.9741 -0.1781 -0.1396
vn -0.9738 -0.1821 -0.1361
vn -0.9715 -0.2278 -0.0653
vn -0.9696 -0.2382 -0.0554
vn -0.9698 -0.2317 -0.0765
vn -0.9705 -0.2297 -0.0740
vn -0.9717 -0.2193 -0.0880
vn -0.9613 -0.2755 -0.0018
vn -0.9627 -0.2705 -0.0067
vn -0.9623 -0.2716 -0.0174
vn -0.9638 -0.2660 -0.0173
vn -0.9644 -0.2641 -0.0121
vn -0.9504 -0.3037 0.0671
vn -0.9491 -0.3069 0.0704
vn -0.9518 -0.3013 0.0566
vn -0.9528 -0.3012 0.0387
vn -0.9534 -0.2980 0.0472
vn -0.9349 -0.3325 0.1239
vn -0.9349 -0.3326 0.1236
vn -0.9315 -0.3474 0.1078
vn -0.9361 -0.3326 0.1147
vn -0.9362 -0.3294 0.1227
vn -0.9046 -0.3630 0.2234
vn -0.9151 -0.3529 0.1949
vn -0.9156 -0.3581 0.1826
vn -0.8793 -0.3840 0.2818
vn -0.8791 -0.3856 0.2802
vn -0.8777 -0.3968 0.2687
vn -0.8817 -0.3850 0.2728
vn -0.8854 -0.3801 0.2676
vn -0.8381 -0.3445 0.4229
vn -0.8337 -0.3364 0.4379
vn -0.8330 -0.3264 0.4468
vn -0.8346 -0.3654 0.4123
vn -0.8476 -0.3514 0.3976
vn -0.7964 -0.2300 0.5592
vn -0.7739 -0.2515 0.5812
vn -0.7698 -0.2529 0.5861
vn -0.7788 -0.2555 0.5729
vn -0.7874 -0.2669 0.5557
vn -0.7623 -0.1582 0.6276
vn -0.7463 -0.1571 0.6468
vn -0.7418 -0.1746 0.6475
vn -0.7541 -0.1817 0.6311
vn -0.7564 -0.1892 0.6262
vn -0.7905 -0.1067 0.6031
vn -0.7869 -0.1104 0.6071
vn -0.7778 -0.1012 0.6203
vn -0.7780 -0.1132 0.6180
vn -0.7733 -0.1223 0.6221
vn -0.7720 -0.1087 0.6262
vn -0.7690 -0.1116 0.6295
vn -0.7753 -0.1115 0.6217
vn -0.7756 -0.1097 0.6216
vn -0.7757 -0.1098 0.6215
vn -0.7404 -0.1178 0.6618
vn -0.7431 -0.1210 0.6582
vn -0.7442 -0.1245 0.6562
vn -0.7493 -0.1210 0.6510
vn -0.7469 -0.1180 0.6544
vn -0.7250 -0.1342 0.6755
vn -0.7280 -0.1373 0.6717
vn -0.7291 -0.1407 0.6698
vn -0.7312 -0.1317 0.6693
vn -0.7295 -0.1332 0.6709
vn -0.7253 -0.1608 0.6694
vn -0.7258 -0.1599 0.6691
vn -0.7317 -0.1616 0.6622
vn -0.7318 -0.1511 0.6645
vn -0.7280 -0.1543 0.6680
vn -0.7393 -0.1723 0.6509
vn -0.7383 -0.1695 0.6528
vn -0.7396 -0.1710 0.6509
vn -0.7374 -0.1666 0.6546
vn -0.7356 -0.1731 0.6549
vn -0.7473 -0.1572 0.6456
vn -0.7454 -0.1545 0.6485
vn -0.7443 -0.1513 0.6505
vn -0.7423 -0.1596 0.6507
vn -0.7440 -0.1578 0.6493
vn -0.7546 -0.1350 0.6422
vn -0.7523 -0.1373 0.6443
vn -0.7492 -0.1406 0.6472
vn -0.7525 -0.1372 0.6441
vn -0.7472 -0.1428 0.6491
vn -0.7561 -0.1151 0.6443
vn -0.7525 -0.1187 0.6478
vn -0.7503 -0.1196 0.6502
vn -0.7518 -0.1190 0.6486
vn -0.7495 -0.1237 0.6504
vn -0.7523 -0.0985 0.6514
vn -0.7486 -0.0992 0.6555
vn -0.7476 -0.0964 0.6571
vn -0.7474 -0.1051 0.6560
vn -0.7498 -0.1029 0.6536
vn -0.7462 -0.0885 0.6598
vn -0.7485 -0.0950 0.6563
vn -0.7487 -0.0983 0.6556
vn -0.7499 -0.0921 0.6551
vn -0.7467 -0.0890 0.6592
vn -0.7283 -0.1324 0.6724
vn -0.7332 -0.1283 0.6678
vn -0.7402 -0.1277 0.6602
vn -0.7378 -0.1273 0.6629
vn -0.7422 -0.1197 0.6594
vn -0.7128 -0.1697 0.6805
vn -0.7178 -0.1660 0.6761
vn -0.7259 -0.1662 0.6674
vn -0.7235 -0.1649 0.6703
vn -0.7287 -0.1568 0.6667
vn -0.6952 -0.2088 0.6878
vn -0.7002 -0.2053 0.6838
vn -0.7088 -0.2043 0.6751
vn -0.7058 -0.2045 0.6783
vn -0.7118 -0.1960 0.6745
vn -0.6744 -0.2473 0.6957
vn -0.6874 -0.2536 0.6806
vn -0.6862 -0.2473 0.6841
vn -0.6846 -0.2359 0.6897
vn -0.6829 -0.2282 0.6939
vn -0.6564 -0.2832 0.6993
vn -0.6616 -0.2802 0.6956
vn -0.6697 -0.2796 0.6880
vn -0.6698 -0.2794 0.6880
vn -0.6655 -0.2730 0.6946
vn -0.6392 -0.3162 0.7010
vn -0.6447 -0.3132 0.6973
vn -0.6516 -0.3127 0.6911
vn -0.6519 -0.3128 0.6907
vn -0.6480 -0.3068 0.6971
vn -0.6233 -0.3352 0.7064
vn -0.6250 -0.3343 0.7054
vn -0.6307 -0.3364 0.6994
vn -0.6304 -0.3340 0.7008
vn -0.6338 -0.3304 0.6993
vn -0.5998 -0.3549 0.7171
vn -0.6042 -0.3529 0.7144
vn -0.6093 -0.3545 0.7092
vn -0.6103 -0.3528 0.7092
vn -0.6081 -0.3491 0.7130
vn -0.5855 -0.3772 0.7176
vn -0.5898 -0.3755 0.7150
vn -0.5949 -0.3747 0.7111
vn -0.5943 -0.3756 0.7111
vn -0.5918 -0.3708 0.7158
vn -0.6013 -0.3809 0.7024
vn -0.5940 -0.3834 0.7072
vn -0.5851 -0.3836 0.7145
vn -0.5857 -0.3827 0.7145
vn -0.5891 -0.3899 0.7078
vn -0.6164 -0.3494 0.7057
vn -0.6167 -0.3366 0.7116
vn -0.6167 -0.3273 0.7159
vn -0.6165 -0.3363 0.7119
vn -0.6165 -0.3498 0.7054
vn -0.6919 -0.2646 0.6718
vn -0.7137 -0.2249 0.6634
vn -0.6984 -0.2400 0.6742
vn -0.6507 -0.2584 0.7140
vn -0.6164 -0.2707 0.7394
vn -0.8189 -0.0648 0.5702
vn -0.7901 -0.0300 0.6122
vn -0.7869 -0.0373 0.6159
vn -0.7877 -0.0910 0.6092
vn -0.7893 -0.1323 0.5995
vn -0.7464 -0.1590 0.6463
vn -0.7664 -0.1576 0.6227
vn -0.7878 -0.1651 0.5934
vn -0.7850 -0.1692 0.5959
vn -0.7784 -0.1335 0.6134
vn -0.6914 -0.2313 0.6844
vn -0.6936 -0.2560 0.6733
vn -0.6879 -0.2811 0.6692
vn -0.7037 -0.2565 0.6626
vn -0.7016 -0.2315 0.6740
vn -0.5789 -0.3005 0.7580
vn -0.6070 -0.3028 0.7348
vn -0.6428 -0.3113 0.7000
vn -0.6103 -0.3050 0.7311
vn -0.6536 -0.3010 0.6944
vn -0.4689 -0.3726 0.8008
vn -0.4538 -0.4046 0.7939
vn -0.4436 -0.4151 0.7943
vn -0.4655 -0.4037 0.7876
vn -0.4687 -0.3756 0.7996
vn -0.5227 -0.3146 0.7924
vn -0.5087 -0.2675 0.8184
vn -0.4226 -0.2944 0.8572
vn -0.4781 -0.2658 0.8371
vn -0.4564 -0.3489 0.8186
vn -0.7290 -0.1137 0.6750
vn -0.6901 -0.0895 0.7182
vn -0.6528 -0.0457 0.7562
vn -0.6582 -0.0428 0.7516
vn -0.6543 -0.1229 0.7462
vn -0.6819 0.0785 0.7272
vn -0.7257 0.0433 0.6867
vn -0.7699 -0.0255 0.6377
vn -0.7617 -0.0288 0.6473
vn -0.7661 0.0198 0.6425
vn -0.3957 0.1452 0.9068
vn -0.4253 0.1236 0.8966
vn -0.4269 0.0320 0.9037
vn -0.4745 0.0414 0.8793
vn -0.4859 0.1139 0.8666
vn -0.5185 0.1996 0.8315
vn -0.5105 0.2410 0.8254
vn -0.5225 0.2602 0.8120
vn -0.4446 0.2563 0.8583
vn -0.4950 0.2135 0.8423
vn -0.6159 0.2598 0.7437
vn -0.5968 0.2763 0.7533
vn -0.5632 0.2941 0.7722
vn -0.6095 0.2553 0.7506
vn -0.5584 0.2875 0.7782
vn -0.6798 0.3207 0.6595
vn -0.6668 0.3355 0.6655
vn -0.6562 0.3560 0.6654
vn -0.6563 0.3560 0.6652
vn -0.6536 0.3317 0.6803
vn -0.7079 0.3338 0.6225
vn -0.7135 0.3417 0.6117
vn -0.7174 0.3470 0.6041
vn -0.7138 0.3418 0.6113
vn -0.7076 0.3321 0.6237
vn -0.6096 0.4436 0.6570
vn -0.5885 0.4428 0.6764
vn -0.6013 0.4378 0.6684
vn -0.6326 0.4108 0.6566
vn -0.6552 0.3898 0.6471
vn -0.3754 0.4916 0.7858
vn -0.3947 0.4326 0.8106
vn -0.4464 0.3923 0.8043
vn -0.3996 0.4606 0.7926
vn -0.4768 0.4325 0.7652
vn 0.1134 0.4741 -0.8732
vn 0.1065 0.4722 -0.8750
vn 0.0994 0.4668 -0.8788
vn 0.1060 0.4637 -0.8796
vn 0.1366 0.5104 -0.8490
vn 0.1288 0.5085 -0.8514
vn 0.1179 0.5096 -0.8523
vn 0.1144 0.5033 -0.8565
vn 0.1178 0.5058 -0.8546
vn 0.1634 0.5497 -0.8192
vn 0.1565 0.5483 -0.8215
vn 0.1429 0.5499 -0.8229
vn 0.1389 0.5431 -0.8281
vn 0.1427 0.5457 -0.8258
vn 0.1866 0.5958 -0.7811
vn 0.1758 0.6012 -0.7795
vn 0.1630 0.5877 -0.7925
vn 0.1896 0.5870 -0.7870
vn 0.1735 0.5896 -0.7888
vn 0.2464 0.6393 -0.7284
vn 0.2333 0.6381 -0.7338
vn 0.2150 0.6419 -0.7360
vn 0.2268 0.6295 -0.7432
vn 0.2312 0.6182 -0.7512
vn 0.2981 0.6855 -0.6642
vn 0.2869 0.6854 -0.6692
vn 0.2571 0.6828 -0.6839
vn 0.2637 0.6855 -0.6786
vn 0.3311 0.7349 -0.5918
vn 0.3267 0.7456 -0.5808
vn 0.3032 0.7316 -0.6105
vn 0.3419 0.7229 -0.6004
vn 0.3185 0.7309 -0.6036
vn 0.4083 0.6924 -0.5948
vn 0.4100 0.6928 -0.5932
vn 0.4153 0.6921 -0.5903
vn 0.4193 0.6917 -0.5880
vn 0.4149 0.6923 -0.5904
vn 0.4077 0.6721 -0.6181
vn 0.4083 0.6702 -0.6198
vn 0.4069 0.6730 -0.6176
vn 0.4051 0.6784 -0.6130
vn 0.4054 0.6801 -0.6109
vn 0.3988 0.6465 -0.6503
vn 0.4052 0.6459 -0.6470
vn 0.4144 0.6519 -0.6350
vn 0.4000 0.6549 -0.6412
vn 0.3984 0.6595 -0.6374
vn 0.3971 0.6112 -0.6847
vn 0.4038 0.6106 -0.6813
vn 0.4051 0.6173 -0.6744
vn 0.4050 0.6174 -0.6744
vn 0.4530 0.5339 -0.7140
vn 0.4585 0.5331 -0.7110
vn 0.4586 0.5330 -0.7111
vn 0.4574 0.5352 -0.7102
vn 0.4571 0.5370 -0.7091
vn 0.4845 0.5031 -0.7157
vn 0.4887 0.5039 -0.7122
vn 0.4827 0.5074 -0.7138
vn 0.4828 0.5074 -0.7137
vn 0.5167 0.4680 -0.7169
vn 0.5167 0.4679 -0.7170
vn 0.5168 0.4679 -0.7169
vn 0.5129 0.4777 -0.7133
vn 0.5133 0.4608 -0.7240
vn 0.5622 0.4038 -0.7217
vn 0.5623 0.4038 -0.7216
vn 0.5623 0.4040 -0.7216
vn 0.6400 0.2136 -0.7380
vn 0.6510 0.2081 -0.7300
vn 0.6559 0.2071 -0.7259
vn 0.6486 0.2107 -0.7313
vn 0.6081 0.1633 -0.7769
vn 0.6132 0.1636 -0.7728
vn 0.6108 0.1823 -0.7705
vn 0.6113 0.1845 -0.7696
vn 0.5548 0.1333 -0.8212
vn 0.5634 0.1288 -0.8161
vn 0.5722 0.1180 -0.8116
vn 0.5717 0.1326 -0.8097
vn 0.5747 0.1426 -0.8058
vn 0.5133 0.0822 -0.8543
vn 0.5227 0.0813 -0.8486
vn 0.5345 0.0743 -0.8419
vn 0.5396 0.0737 -0.8387
vn 0.5312 0.0786 -0.8436
vn 0.4786 0.0349 -0.8774
vn 0.4753 0.0321 -0.8792
vn 0.4843 0.0348 -0.8742
vn 0.4844 0.0504 -0.8734
vn 0.4860 0.0537 -0.8723
vn 0.4803 0.0202 -0.8769
vn 0.4760 0.0233 -0.8791
vn 0.4720 0.0295 -0.8811
vn 0.4670 0.0281 -0.8838
vn 0.4683 0.0169 -0.8834
vn 0.5146 0.0075 -0.8574
vn 0.5129 0.0089 -0.8584
vn 0.5076 0.0177 -0.8614
vn 0.5000 0.0237 -0.8657
vn 0.5043 0.0186 -0.8633
vn 0.5475 0.0037 -0.8368
vn 0.5509 0.0061 -0.8346
vn 0.5472 0.0055 -0.8370
vn 0.5434 0.0008 -0.8395
vn 0.5370 -0.0094 -0.8436
vn 0.5889 -0.0185 -0.8080
vn 0.5846 -0.0141 -0.8112
vn 0.5790 -0.0148 -0.8152
vn 0.5753 -0.0202 -0.8177
vn 0.6220 -0.0257 -0.7826
vn 0.6191 -0.0225 -0.7850
vn 0.6167 -0.0131 -0.7871
vn 0.6120 -0.0178 -0.7907
vn 0.6184 -0.0208 -0.7856
vn 0.6504 -0.0181 -0.7593
vn 0.6502 -0.0118 -0.7597
vn 0.6494 -0.0150 -0.7603
vn 0.6448 -0.0219 -0.7640
vn 0.6424 -0.0234 -0.7660
vn -0.1065 0.4722 -0.8750
vn -0.1134 0.4741 -0.8731
vn -0.1060 0.4637 -0.8796
vn -0.0994 0.4668 -0.8788
vn -0.1288 0.5085 -0.8513
vn -0.1366 0.5104 -0.8490
vn -0.1289 0.5085 -0.8513
vn -0.1178 0.5058 -0.8546
vn -0.1144 0.5033 -0.8565
vn -0.1565 0.5483 -0.8215
vn -0.1634 0.5497 -0.8192
vn -0.1553 0.5484 -0.8217
vn -0.1427 0.5457 -0.8258
vn -0.1389 0.5430 -0.8281
vn -0.1762 0.6063 -0.7754
vn -0.1944 0.5945 -0.7803
vn -0.1883 0.5848 -0.7890
vn -0.1735 0.5896 -0.7888
vn -0.1630 0.5877 -0.7925
vn -0.2333 0.6381 -0.7338
vn -0.2464 0.6393 -0.7284
vn -0.2312 0.6183 -0.7512
vn -0.2149 0.6419 -0.7360
vn -0.2268 0.6295 -0.7432
vn -0.2869 0.6854 -0.6692
vn -0.2982 0.6855 -0.6642
vn -0.2849 0.6860 -0.6695
vn -0.2636 0.6855 -0.6786
vn -0.2571 0.6828 -0.6839
vn -0.3267 0.7456 -0.5808
vn -0.3311 0.7349 -0.5918
vn -0.3389 0.7200 -0.6055
vn -0.3185 0.7309 -0.6036
vn -0.3032 0.7317 -0.6105
vn -0.4145 0.6872 -0.5966
vn -0.4083 0.6924 -0.5948
vn -0.4102 0.6943 -0.5913
vn -0.4149 0.6923 -0.5904
vn -0.4193 0.6917 -0.5880
vn -0.4081 0.6699 -0.6202
vn -0.4077 0.6721 -0.6181
vn -0.4030 0.6778 -0.6149
vn -0.4054 0.6801 -0.6109
vn -0.4051 0.6784 -0.6130
vn -0.4051 0.6459 -0.6470
vn -0.3989 0.6465 -0.6503
vn -0.3984 0.6595 -0.6374
vn -0.4078 0.6449 -0.6464
vn -0.3999 0.6549 -0.6412
vn -0.4038 0.6106 -0.6813
vn -0.3971 0.6111 -0.6847
vn -0.4050 0.6174 -0.6744
vn -0.4051 0.6173 -0.6744
vn -0.4585 0.5331 -0.7110
vn -0.4529 0.5339 -0.7140
vn -0.4571 0.5370 -0.7091
vn -0.4587 0.5330 -0.7110
vn -0.4573 0.5352 -0.7102
vn -0.4890 0.5015 -0.7137
vn -0.4845 0.5031 -0.7157
vn -0.4801 0.4994 -0.7212
vn -0.4828 0.5074 -0.7137
vn -0.4828 0.5074 -0.7138
vn -0.5167 0.4679 -0.7169
vn -0.5167 0.4680 -0.7169
vn -0.5168 0.4680 -0.7169
vn -0.5133 0.4609 -0.7239
vn -0.5129 0.4777 -0.7133
vn -0.5622 0.4038 -0.7218
vn -0.5622 0.4038 -0.7217
vn -0.5622 0.4039 -0.7217
vn -0.5623 0.4039 -0.7216
vn -0.6400 0.2136 -0.7381
vn -0.6388 0.2163 -0.7384
vn -0.6486 0.2107 -0.7313
vn -0.6559 0.2070 -0.7259
vn -0.6052 0.1593 -0.7799
vn -0.6081 0.1633 -0.7769
vn -0.6113 0.1772 -0.7713
vn -0.6113 0.1844 -0.7696
vn -0.6108 0.1823 -0.7705
vn -0.5634 0.1287 -0.8161
vn -0.5548 0.1333 -0.8212
vn -0.5747 0.1426 -0.8058
vn -0.5717 0.1326 -0.8097
vn -0.5227 0.0813 -0.8486
vn -0.5133 0.0822 -0.8543
vn -0.5177 0.0839 -0.8514
vn -0.5312 0.0786 -0.8436
vn -0.5396 0.0737 -0.8387
vn -0.4753 0.0321 -0.8792
vn -0.4841 0.0461 -0.8738
vn -0.4860 0.0537 -0.8723
vn -0.4844 0.0504 -0.8734
vn -0.4760 0.0233 -0.8791
vn -0.4801 0.0200 -0.8770
vn -0.4684 0.0170 -0.8834
vn -0.4737 0.0269 -0.8803
vn -0.4670 0.0281 -0.8838
vn -0.5129 0.0088 -0.8584
vn -0.5143 0.0076 -0.8575
vn -0.5099 0.0141 -0.8601
vn -0.5043 0.0186 -0.8633
vn -0.4999 0.0237 -0.8658
vn -0.5509 0.0061 -0.8346
vn -0.5475 0.0037 -0.8368
vn -0.5422 -0.0046 -0.8402
vn -0.5369 -0.0094 -0.8436
vn -0.5434 0.0008 -0.8395
vn -0.5846 -0.0141 -0.8112
vn -0.5890 -0.0185 -0.8079
vn -0.5753 -0.0202 -0.8177
vn -0.5790 -0.0148 -0.8152
vn -0.6191 -0.0225 -0.7850
vn -0.6220 -0.0257 -0.7826
vn -0.6184 -0.0208 -0.7856
vn -0.6128 -0.0147 -0.7901
vn -0.6104 -0.0137 -0.7920
vn -0.6504 -0.0181 -0.7593
vn -0.6473 -0.0230 -0.7619
vn -0.6437 -0.0188 -0.7651
vn -0.6494 -0.0150 -0.7603
vn -0.6502 -0.0118 -0.7597
vn 0.2010 0.9732 0.1116
vn 0.2077 0.9702 0.1247
vn 0.2212 0.9639 0.1481
vn 0.2298 0.9590 0.1661
vn 0.2213 0.9637 0.1494
vn 0.1467 0.9485 0.2808
vn 0.1553 0.9416 0.2989
vn 0.1673 0.9311 0.3240
vn 0.1677 0.9309 0.3245
vn 0.0763 0.8840 0.4612
vn 0.0765 0.8779 0.4727
vn 0.0884 0.8635 0.4965
vn 0.0969 0.8524 0.5138
vn 0.0882 0.8637 0.4962
vn -0.0085 0.7945 0.6072
vn -0.0001 0.7835 0.6214
vn 0.0108 0.7671 0.6415
vn 0.0181 0.7570 0.6531
vn 0.0107 0.7682 0.6402
vn -0.0416 0.7068 0.7062
vn -0.0413 0.7068 0.7062
vn -0.0419 0.7067 0.7063
vn -0.0437 0.7078 0.7051
vn -0.0560 0.7093 0.7026
vn -0.0561 0.7096 0.7024
vn -0.0563 0.7096 0.7024
vn -0.0564 0.7097 0.7023
vn -0.0432 0.7076 0.7053
vn -0.0424 0.7082 0.7047
vn -0.0402 0.7079 0.7052
vn -0.0391 0.7067 0.7065
vn -0.0425 0.7048 0.7081
vn -0.0104 0.7021 0.7120
vn -0.0051 0.7046 0.7096
vn -0.0066 0.7028 0.7114
vn -0.0067 0.7026 0.7115
vn -0.0062 0.7025 0.7116
vn 0.0266 0.6984 0.7152
vn 0.0313 0.7046 0.7089
vn 0.0341 0.6976 0.7157
vn 0.0339 0.6975 0.7158
vn 0.0542 0.6953 0.7167
vn 0.0545 0.6956 0.7164
vn 0.0542 0.6957 0.7162
vn 0.0544 0.6953 0.7166
vn 0.0548 0.6952 0.7167
vn 0.0437 0.6962 0.7165
vn 0.0429 0.6958 0.7170
vn 0.0414 0.6957 0.7172
vn 0.0418 0.6960 0.7168
vn 0.0389 0.6963 0.7167
vn 0.0390 0.6965 0.7165
vn 0.0393 0.6966 0.7164
vn 0.0398 0.6962 0.7168
vn 0.0391 0.6959 0.7171
vn 0.0376 0.6965 0.7165
vn 0.0367 0.6960 0.7171
vn 0.0361 0.6963 0.7168
vn 0.0367 0.6963 0.7168
vn 0.0364 0.6964 0.7167
vn 0.0162 0.6960 0.7178
vn 0.0162 0.6961 0.7178
vn 0.0137 0.6952 0.7187
vn 0.0140 0.6954 0.7185
vn 0.0146 0.6967 0.7172
vn -0.0045 0.6973 0.7167
vn -0.0051 0.6980 0.7161
vn -0.0074 0.6993 0.7148
vn -0.0083 0.6993 0.7148
vn -0.0087 0.6995 0.7146
vn -0.0218 0.7098 0.7040
vn -0.0229 0.7103 0.7035
vn -0.0278 0.7063 0.7073
vn -0.0288 0.7113 0.7023
vn -0.0275 0.7126 0.7011
vn -0.0475 0.7221 0.6901
vn -0.0488 0.7206 0.6916
vn -0.0503 0.7241 0.6879
vn -0.0462 0.7228 0.6895
vn -0.0455 0.7253 0.6869
vn -0.0619 0.7357 0.6745
vn -0.0631 0.7335 0.6767
vn -0.0622 0.7344 0.6758
vn -0.0609 0.7373 0.6729
vn -0.0597 0.7389 0.6712
vn -0.0678 0.7495 0.6585
vn -0.0702 0.7489 0.6589
vn -0.0704 0.7513 0.6562
vn -0.0663 0.7512 0.6567
vn -0.0677 0.7520 0.6557
vn -0.0696 0.7577 0.6488
vn -0.0704 0.7565 0.6502
vn -0.0704 0.7572 0.6493
vn -0.0703 0.7573 0.6493
vn -0.0705 0.7573 0.6493
vn -0.0746 0.7562 0.6501
vn -0.0746 0.7560 0.6503
vn -0.0744 0.7563 0.6500
vn -0.0749 0.7562 0.6500
vn -0.0743 0.7561 0.6503
vn -0.0649 0.7586 0.6483
vn -0.0656 0.7591 0.6477
vn -0.0650 0.7590 0.6479
vn -0.0762 0.7660 0.6383
vn -0.0483 0.7595 0.6487
vn -0.0652 0.7586 0.6483
vn -0.0665 0.7562 0.6510
vn -0.0734 0.7549 0.6517
vn -0.0705 0.7544 0.6526
vn -0.0707 0.7571 0.6495
vn -0.0301 0.6777 0.7347
vn 0.0009 0.6701 0.7423
vn 0.0447 0.6583 0.7514
vn 0.0753 0.6495 0.7566
vn 0.0460 0.6584 0.7513
vn 0.1596 0.5592 0.8135
vn 0.1586 0.5546 0.8169
vn 0.1569 0.5559 0.8163
vn 0.1569 0.5571 0.8155
vn 0.1439 0.5496 0.8229
vn 0.1438 0.5496 0.8229
vn 0.1433 0.5525 0.8211
vn 0.1465 0.5508 0.8217
vn 0.1460 0.5498 0.8224
vn 0.1875 0.5702 0.7998
vn 0.1886 0.5832 0.7902
vn 0.1906 0.5767 0.7944
vn 0.1915 0.5763 0.7945
vn 0.1923 0.5764 0.7942
vn 0.2066 0.5766 0.7905
vn 0.2199 0.5692 0.7923
vn 0.2483 0.5672 0.7852
vn 0.2278 0.5706 0.7890
vn 0.2006 0.5714 0.7958
vn 0.3359 0.4566 0.8238
vn 0.3445 0.4507 0.8235
vn 0.3713 0.4436 0.8157
vn 0.3868 0.4426 0.8090
vn 0.3800 0.4445 0.8112
vn 0.4613 0.4153 0.7841
vn 0.4614 0.4160 0.7836
vn 0.4616 0.4159 0.7836
vn 0.4616 0.4157 0.7837
vn 0.4616 0.4156 0.7837
vn 0.4444 0.4059 0.7986
vn 0.4280 0.4101 0.8054
vn 0.4016 0.4232 0.8121
vn 0.4245 0.4351 0.7940
vn 0.4394 0.4118 0.7983
vn 0.3531 0.5817 0.7328
vn 0.3548 0.5702 0.7410
vn 0.3246 0.5960 0.7345
vn 0.3589 0.5991 0.7157
vn 0.3405 0.5944 0.7285
vn 0.3144 0.5711 0.7583
vn 0.3143 0.5709 0.7585
vn 0.3144 0.5710 0.7584
vn 0.3144 0.5709 0.7585
vn 0.2655 0.5542 0.7889
vn 0.2659 0.5531 0.7895
vn 0.2659 0.5532 0.7895
vn 0.2657 0.5528 0.7898
vn 0.2615 0.5727 0.7769
vn 0.2616 0.5730 0.7767
vn 0.2616 0.5728 0.7768
vn 0.2565 0.5951 0.7616
vn 0.2565 0.5953 0.7615
vn 0.2609 0.5970 0.7587
vn 0.2555 0.5915 0.7647
vn 0.2508 0.6164 0.7465
vn 0.2547 0.6135 0.7475
vn 0.2523 0.6143 0.7476
vn 0.2522 0.6143 0.7477
vn 0.2522 0.6144 0.7476
vn 0.2449 0.6465 0.7226
vn 0.2448 0.6463 0.7227
vn 0.2448 0.6463 0.7228
vn 0.2449 0.6466 0.7224
vn 0.2385 0.6755 0.6978
vn 0.2429 0.6765 0.6952
vn 0.2371 0.6714 0.7022
vn 0.2310 0.7016 0.6741
vn 0.2360 0.6983 0.6758
vn 0.2327 0.6995 0.6757
vn 0.2328 0.6996 0.6756
vn 0.2272 0.7238 0.6515
vn 0.2268 0.7240 0.6514
vn 0.2273 0.7239 0.6514
vn 0.2209 0.7528 0.6201
vn 0.2245 0.7532 0.6183
vn 0.2199 0.7503 0.6234
vn 0.2211 0.7639 0.6063
vn 0.2185 0.7648 0.6061
vn 0.2185 0.7647 0.6062
vn 0.2186 0.7648 0.6061
vn 0.2153 0.7807 0.5866
vn 0.2151 0.7806 0.5868
vn 0.2153 0.7806 0.5868
vn 0.2154 0.7806 0.5867
vn 0.2154 0.7805 0.5868
vn 0.2130 0.7938 0.5696
vn 0.2127 0.7933 0.5705
vn 0.2118 0.8008 0.5603
vn 0.2119 0.7997 0.5617
vn 0.2119 0.7998 0.5616
vn 0.2120 0.7996 0.5618
vn 0.2104 0.8087 0.5493
vn 0.2104 0.8087 0.5494
vn 0.2102 0.8088 0.5492
vn 0.2074 0.8249 0.5258
vn 0.2074 0.8247 0.5261
vn 0.2132 0.8256 0.5224
vn 0.2057 0.8219 0.5312
vn 0.2042 0.8368 0.5080
vn 0.2083 0.8346 0.5099
vn 0.2055 0.8354 0.5098
vn 0.2054 0.8354 0.5099
vn 0.2003 0.8606 0.4683
vn 0.1936 0.8898 0.4133
vn 0.1937 0.8897 0.4133
vn 0.1936 0.8897 0.4134
vn 0.2058 0.8904 0.4061
vn 0.1897 0.8845 0.4262
vn 0.1880 0.9065 0.3779
vn 0.1931 0.9042 0.3811
vn 0.1898 0.9050 0.3808
vn 0.1899 0.9050 0.3808
vn 0.1884 0.9306 0.3138
vn 0.1898 0.9299 0.3149
vn 0.1881 0.9306 0.3141
vn 0.1863 0.9316 0.3122
vn 0.1852 0.9319 0.3119
vn 0.2152 0.9435 0.2520
vn 0.2125 0.9435 0.2544
vn 0.2090 0.9433 0.2580
vn 0.2163 0.9420 0.2566
vn 0.2050 0.9414 0.2678
vn 0.2418 0.9420 0.2327
vn 0.2463 0.9397 0.2373
vn 0.2424 0.9414 0.2344
vn 0.2391 0.9431 0.2311
vn 0.2374 0.9437 0.2304
vn 0.2772 0.9447 0.1749
vn 0.2747 0.9450 0.1776
vn 0.2726 0.9448 0.1818
vn 0.2692 0.9458 0.1819
vn 0.2709 0.9454 0.1811
vn 0.3006 0.9488 0.0968
vn 0.3007 0.9488 0.0971
vn 0.3191 0.9436 0.0881
vn 0.3006 0.9488 0.0969
vn 0.2934 0.9489 0.1165
vn 0.2991 0.9524 0.0594
vn 0.3013 0.9515 0.0615
vn 0.2998 0.9521 0.0607
vn 0.2999 0.9520 0.0609
vn 0.2997 0.9521 0.0608
vn 0.2986 0.9544 0.0074
vn 0.2986 0.9543 0.0076
vn 0.2986 0.9544 0.0079
vn 0.2987 0.9543 0.0078
vn 0.2985 0.9544 0.0077
vn 0.2975 0.9544 -0.0259
vn 0.2976 0.9544 -0.0259
vn 0.2973 0.9544 -0.0259
vn 0.3005 0.9536 -0.0191
vn 0.2909 0.9563 -0.0283
vn 0.3000 0.9527 -0.0477
vn 0.3015 0.9524 -0.0459
vn 0.3003 0.9527 -0.0469
vn 0.2995 0.9529 -0.0477
vn 0.2989 0.9531 -0.0484
vn 0.3132 0.9440 -0.1041
vn 0.3124 0.9443 -0.1038
vn 0.3107 0.9450 -0.1019
vn 0.3097 0.9455 -0.1005
vn 0.3107 0.9450 -0.1020
vn 0.3265 0.9328 -0.1523
vn 0.3257 0.9332 -0.1520
vn 0.3240 0.9341 -0.1502
vn 0.3328 0.9305 -0.1529
vn 0.3200 0.9371 -0.1397
vn 0.3395 0.9247 -0.1722
vn 0.3414 0.9244 -0.1701
vn 0.3397 0.9247 -0.1715
vn 0.3381 0.9250 -0.1733
vn 0.3368 0.9252 -0.1748
vn 0.3549 0.9083 -0.2216
vn 0.3540 0.9087 -0.2213
vn 0.3523 0.9098 -0.2195
vn 0.3512 0.9106 -0.2179
vn 0.3523 0.9097 -0.2197
vn 0.3699 0.8923 -0.2587
vn 0.3689 0.8928 -0.2584
vn 0.3672 0.8940 -0.2566
vn 0.3752 0.8902 -0.2582
vn 0.3632 0.8982 -0.2475
vn 0.3846 0.8799 -0.2790
vn 0.3858 0.8798 -0.2776
vn 0.3846 0.8799 -0.2791
vn 0.3828 0.8800 -0.2812
vn 0.3819 0.8802 -0.2818
vn 0.4015 0.8583 -0.3196
vn 0.4033 0.8579 -0.3183
vn 0.3982 0.8602 -0.3185
vn 0.4006 0.8577 -0.3222
vn 0.3996 0.8591 -0.3197
vn 0.4221 0.8263 -0.3728
vn 0.4205 0.8278 -0.3713
vn 0.4182 0.8298 -0.3696
vn 0.4300 0.8230 -0.3712
vn 0.4121 0.8386 -0.3562
vn 0.4201 0.8178 -0.3934
vn 0.4186 0.8177 -0.3952
vn 0.4202 0.8179 -0.3931
vn 0.4222 0.8180 -0.3907
vn 0.4232 0.8178 -0.3900
vn 0.3818 0.8331 -0.4002
vn 0.3788 0.8327 -0.4038
vn 0.3818 0.8331 -0.4001
vn 0.3864 0.8336 -0.3946
vn 0.3886 0.8333 -0.3932
vn 0.3408 0.8464 -0.4093
vn 0.3433 0.8452 -0.4097
vn 0.3479 0.8416 -0.4132
vn 0.3535 0.8379 -0.4159
vn 0.3467 0.8433 -0.4108
vn 0.3059 0.8498 -0.4292
vn 0.3029 0.8494 -0.4323
vn 0.3059 0.8499 -0.4290
vn 0.3102 0.8508 -0.4241
vn 0.3123 0.8507 -0.4229
vn 0.2692 0.8475 -0.4575
vn 0.2696 0.8456 -0.4608
vn 0.2777 0.8433 -0.4602
vn 0.2722 0.8485 -0.4538
vn 0.2745 0.8456 -0.4579
vn 0.2338 0.8396 -0.4904
vn 0.2362 0.8386 -0.4909
vn 0.2406 0.8357 -0.4937
vn 0.2519 0.8304 -0.4970
vn 0.2359 0.8411 -0.4867
vn 0.2028 0.8319 -0.5166
vn 0.2002 0.8307 -0.5194
vn 0.2027 0.8317 -0.5168
vn 0.2066 0.8334 -0.5126
vn 0.2084 0.8336 -0.5116
vn 0.1814 0.8247 -0.5356
vn 0.1815 0.8249 -0.5353
vn 0.1814 0.8248 -0.5355
vn 0.1815 0.8250 -0.5351
vn -0.2655 0.5542 0.7889
vn -0.2659 0.5532 0.7895
vn -0.2659 0.5531 0.7895
vn -0.2615 0.5727 0.7769
vn -0.2616 0.5730 0.7767
vn -0.2566 0.5954 0.7614
vn -0.2565 0.5953 0.7614
vn -0.2555 0.5915 0.7647
vn -0.2609 0.5970 0.7587
vn -0.2547 0.6134 0.7475
vn -0.2508 0.6164 0.7465
vn -0.2523 0.6142 0.7477
vn -0.2522 0.6144 0.7476
vn -0.2522 0.6143 0.7477
vn -0.2450 0.6464 0.7226
vn -0.2449 0.6466 0.7225
vn -0.2449 0.6459 0.7231
vn -0.2448 0.6463 0.7227
vn -0.2383 0.6751 0.6982
vn -0.2370 0.6714 0.7022
vn -0.2429 0.6765 0.6952
vn -0.2360 0.6984 0.6757
vn -0.2310 0.7016 0.6741
vn -0.2327 0.6994 0.6758
vn -0.2328 0.6996 0.6756
vn -0.2268 0.7241 0.6514
vn -0.2272 0.7238 0.6515
vn -0.2272 0.7239 0.6515
vn -0.2209 0.7528 0.6201
vn -0.2211 0.7528 0.6200
vn -0.2210 0.7529 0.6199
vn -0.2199 0.7503 0.6234
vn -0.2245 0.7536 0.6178
vn -0.2208 0.7639 0.6063
vn -0.2172 0.7665 0.6044
vn -0.2184 0.7647 0.6062
vn -0.2186 0.7648 0.6061
vn -0.2156 0.7805 0.5868
vn -0.2154 0.7804 0.5870
vn -0.2158 0.7806 0.5866
vn -0.2154 0.7805 0.5868
vn -0.2154 0.7806 0.5867
vn -0.2130 0.7938 0.5696
vn -0.2127 0.7933 0.5705
vn -0.2137 0.7937 0.5695
vn -0.2113 0.7999 0.5617
vn -0.2119 0.7998 0.5616
vn -0.2121 0.7998 0.5615
vn -0.2102 0.8088 0.5492
vn -0.2104 0.8087 0.5494
vn -0.2075 0.8249 0.5258
vn -0.2074 0.8248 0.5260
vn -0.2075 0.8248 0.5259
vn -0.2057 0.8219 0.5312
vn -0.2130 0.8255 0.5226
vn -0.2079 0.8346 0.5101
vn -0.2042 0.8368 0.5080
vn -0.2054 0.8354 0.5099
vn -0.2053 0.8350 0.5105
vn -0.2003 0.8606 0.4683
vn -0.1937 0.8897 0.4133
vn -0.1936 0.8898 0.4134
vn -0.1940 0.8897 0.4134
vn -0.1897 0.8845 0.4262
vn -0.2055 0.8905 0.4059
vn -0.1933 0.9040 0.3814
vn -0.1880 0.9066 0.3778
vn -0.1899 0.9049 0.3809
vn -0.1899 0.9050 0.3808
vn -0.1898 0.9050 0.3808
vn -0.1898 0.9299 0.3149
vn -0.1884 0.9307 0.3137
vn -0.1874 0.9316 0.3114
vn -0.1852 0.9319 0.3119
vn -0.1863 0.9316 0.3122
vn -0.2125 0.9435 0.2544
vn -0.2154 0.9434 0.2522
vn -0.2125 0.9435 0.2543
vn -0.2050 0.9414 0.2678
vn -0.2159 0.9421 0.2566
vn -0.2463 0.9397 0.2373
vn -0.2418 0.9420 0.2327
vn -0.2408 0.9428 0.2303
vn -0.2374 0.9437 0.2305
vn -0.2391 0.9431 0.2312
vn -0.2746 0.9450 0.1776
vn -0.2772 0.9448 0.1749
vn -0.2747 0.9450 0.1774
vn -0.2709 0.9454 0.1811
vn -0.2692 0.9458 0.1819
vn -0.3007 0.9488 0.0970
vn -0.3006 0.9488 0.0968
vn -0.3007 0.9488 0.0969
vn -0.2934 0.9489 0.1165
vn -0.3190 0.9436 0.0881
vn -0.3013 0.9515 0.0615
vn -0.2991 0.9524 0.0593
vn -0.2997 0.9521 0.0608
vn -0.2999 0.9520 0.0608
vn -0.2986 0.9543 0.0077
vn -0.2985 0.9544 0.0076
vn -0.2985 0.9544 0.0077
vn -0.2987 0.9543 0.0078
vn -0.2986 0.9544 0.0079
vn -0.2976 0.9543 -0.0262
vn -0.2976 0.9544 -0.0258
vn -0.2980 0.9545 -0.0120
vn -0.2973 0.9544 -0.0258
vn -0.3013 0.9524 -0.0457
vn -0.3002 0.9527 -0.0480
vn -0.2995 0.9529 -0.0478
vn -0.2989 0.9531 -0.0484
vn -0.3124 0.9443 -0.1038
vn -0.3132 0.9440 -0.1041
vn -0.3116 0.9445 -0.1041
vn -0.3107 0.9450 -0.1020
vn -0.3101 0.9454 -0.1002
vn -0.3257 0.9332 -0.1520
vn -0.3265 0.9328 -0.1523
vn -0.3249 0.9334 -0.1523
vn -0.3200 0.9371 -0.1397
vn -0.3328 0.9305 -0.1529
vn -0.3414 0.9244 -0.1701
vn -0.3396 0.9247 -0.1723
vn -0.3381 0.9250 -0.1734
vn -0.3368 0.9252 -0.1747
vn -0.3381 0.9250 -0.1733
vn -0.3540 0.9087 -0.2212
vn -0.3549 0.9083 -0.2216
vn -0.3530 0.9090 -0.2216
vn -0.3523 0.9097 -0.2197
vn -0.3510 0.9106 -0.2183
vn -0.3689 0.8928 -0.2583
vn -0.3699 0.8923 -0.2587
vn -0.3681 0.8930 -0.2588
vn -0.3632 0.8982 -0.2475
vn -0.3754 0.8903 -0.2579
vn -0.3858 0.8798 -0.2776
vn -0.3836 0.8796 -0.2815
vn -0.3819 0.8802 -0.2818
vn -0.3828 0.8800 -0.2812
vn -0.4033 0.8580 -0.3182
vn -0.4015 0.8583 -0.3196
vn -0.4008 0.8577 -0.3221
vn -0.3996 0.8591 -0.3197
vn -0.3982 0.8602 -0.3186
vn -0.4205 0.8278 -0.3713
vn -0.4221 0.8264 -0.3727
vn -0.4202 0.8280 -0.3713
vn -0.4121 0.8386 -0.3562
vn -0.4301 0.8229 -0.3712
vn -0.4186 0.8177 -0.3951
vn -0.4201 0.8178 -0.3934
vn -0.4210 0.8187 -0.3905
vn -0.4232 0.8178 -0.3900
vn -0.4222 0.8180 -0.3907
vn -0.3788 0.8328 -0.4038
vn -0.3818 0.8331 -0.4002
vn -0.3842 0.8349 -0.3942
vn -0.3874 0.8321 -0.3968
vn -0.3818 0.8331 -0.4001
vn -0.3433 0.8452 -0.4097
vn -0.3408 0.8464 -0.4093
vn -0.3452 0.8450 -0.4084
vn -0.3467 0.8433 -0.4108
vn -0.3535 0.8379 -0.4159
vn -0.3028 0.8496 -0.4317
vn -0.3060 0.8498 -0.4291
vn -0.3079 0.8519 -0.4237
vn -0.3123 0.8507 -0.4229
vn -0.3102 0.8508 -0.4241
vn -0.2675 0.8456 -0.4620
vn -0.2703 0.8465 -0.4586
vn -0.2723 0.8486 -0.4537
vn -0.2749 0.8455 -0.4577
vn -0.2749 0.8456 -0.4577
vn -0.2777 0.8433 -0.4602
vn -0.2362 0.8386 -0.4908
vn -0.2338 0.8395 -0.4904
vn -0.2375 0.8391 -0.4894
vn -0.2359 0.8411 -0.4867
vn -0.2002 0.8307 -0.5195
vn -0.2028 0.8319 -0.5166
vn -0.2047 0.8341 -0.5122
vn -0.2084 0.8336 -0.5116
vn -0.2066 0.8334 -0.5126
vn -0.1814 0.8247 -0.5356
vn -0.1814 0.8248 -0.5355
vn -0.1815 0.8248 -0.5355
vn -0.1815 0.8249 -0.5354
vn -0.1815 0.8250 -0.5351
vn 0.4001 0.7414 -0.5388
vn 0.3989 0.7435 -0.5368
vn 0.3969 0.7468 -0.5336
vn 0.3955 0.7491 -0.5314
vn 0.3969 0.7468 -0.5337
vn 0.3824 0.7514 -0.5377
vn 0.3811 0.7536 -0.5355
vn 0.3792 0.7568 -0.5325
vn 0.3778 0.7592 -0.5301
vn 0.3792 0.7568 -0.5324
vn 0.3646 0.7612 -0.5363
vn 0.3632 0.7634 -0.5341
vn 0.3649 0.7655 -0.5300
vn 0.3714 0.7664 -0.5241
vn 0.3635 0.7786 -0.5115
vn 0.3584 0.8360 -0.4154
vn 0.3535 0.8419 -0.4078
vn 0.3477 0.8460 -0.4043
vn 0.3450 0.8428 -0.4132
vn 0.3499 0.8370 -0.4207
vn 0.3041 0.8592 -0.4115
vn 0.3047 0.8602 -0.4088
vn 0.3106 0.8466 -0.4322
vn 0.3017 0.8592 -0.4132
vn 0.3048 0.8531 -0.4234
vn 0.3589 0.8364 -0.4144
vn 0.3638 0.8328 -0.4172
vn 0.3720 0.8229 -0.4294
vn 0.3774 0.8160 -0.4378
vn 0.3718 0.8231 -0.4293
vn 0.3813 0.7850 -0.4884
vn 0.3605 0.8125 -0.4581
vn 0.3294 0.8496 -0.4119
vn 0.3063 0.8740 -0.3773
vn 0.3291 0.8506 -0.4101
vn 0.1112 0.9116 -0.3958
vn 0.0862 0.9296 -0.3583
vn 0.0865 0.9301 -0.3569
vn 0.0463 0.9236 -0.3805
vn 0.0357 0.9051 -0.4237
vn -0.0754 0.9781 -0.1940
vn -0.0757 0.9781 -0.1937
vn -0.0761 0.9782 -0.1931
vn -0.0767 0.9782 -0.1927
vn -0.0780 0.9780 -0.1932
vn -0.0784 0.9781 -0.1927
vn -0.0786 0.9781 -0.1926
vn -0.0769 0.9714 -0.2247
vn -0.0847 0.9730 -0.2147
vn -0.0843 0.9715 -0.2217
vn -0.0833 0.9708 -0.2251
vn -0.0832 0.9707 -0.2254
vn -0.0825 0.9708 -0.2255
vn -0.0826 0.9707 -0.2255
vn -0.0824 0.9708 -0.2254
vn -0.0820 0.9709 -0.2251
vn -0.0811 0.9711 -0.2247
vn -0.0801 0.9713 -0.2238
vn -0.0728 0.9922 -0.1010
vn -0.0506 0.9850 -0.1649
vn -0.0726 0.9922 -0.1014
vn -0.0723 0.9939 -0.0837
vn -0.0724 0.9939 -0.0834
vn -0.0725 0.9939 -0.0834
vn -0.0725 0.9939 -0.0830
vn -0.0725 0.9939 -0.0833
vn -0.0703 0.9945 -0.0782
vn -0.0642 0.9962 -0.0593
vn -0.0783 0.9943 -0.0725
vn 0.0572 0.9973 -0.0463
vn 0.0374 0.9972 -0.0649
vn 0.0576 0.9973 -0.0456
vn 0.0861 0.9961 -0.0185
vn 0.1060 0.9944 0.0004
vn 0.2238 0.9735 -0.0480
vn 0.2039 0.9767 -0.0672
vn 0.2241 0.9734 -0.0474
vn 0.2519 0.9676 -0.0198
vn 0.2710 0.9626 -0.0008
vn 0.2556 0.9602 0.1127
vn 0.2524 0.9607 0.1160
vn 0.2524 0.9606 0.1161
vn 0.2494 0.9618 0.1128
vn 0.2495 0.9623 0.1085
vn 0.2298 0.9666 0.1132
vn 0.2296 0.9662 0.1175
vn 0.2288 0.9666 0.1153
vn 0.2247 0.9681 0.1109
vn 0.2217 0.9691 0.1079
vn 0.2669 0.9473 0.1773
vn 0.2679 0.9498 0.1616
vn 0.2785 0.9459 0.1667
vn 0.2769 0.9422 0.1886
vn 0.2884 0.9408 0.1778
vn 0.3602 0.9169 0.1719
vn 0.3505 0.9226 0.1610
vn 0.3603 0.9168 0.1722
vn 0.3738 0.9083 0.1879
vn 0.3832 0.9020 0.1987
vn 0.3535 0.8965 0.2671
vn 0.3400 0.8981 0.2790
vn 0.3202 0.8998 0.2962
vn 0.3061 0.9007 0.3083
vn 0.3200 0.8998 0.2965
vn 0.2484 0.9321 0.2635
vn 0.2342 0.9324 0.2751
vn 0.2139 0.9322 0.2918
vn 0.1994 0.9317 0.3035
vn 0.2138 0.9322 0.2919
vn 0.1483 0.9318 0.3314
vn 0.1486 0.9323 0.3298
vn 0.1495 0.9320 0.3303
vn 0.1493 0.9314 0.3320
vn 0.1503 0.9315 0.3313
vn 0.1563 0.9303 0.3317
vn 0.1565 0.9307 0.3306
vn 0.1573 0.9304 0.3310
vn 0.1571 0.9298 0.3328
vn 0.1582 0.9299 0.3321
vn 0.1621 0.9128 0.3748
vn 0.1589 0.9045 0.3957
vn 0.1708 0.9019 0.3967
vn 0.1628 0.8976 0.4097
vn 0.1697 0.8987 0.4045
vn 0.2022 0.8864 0.4164
vn 0.2090 0.8874 0.4108
vn 0.2182 0.8886 0.4035
vn 0.2248 0.8893 0.3983
vn 0.2525 0.8732 0.4167
vn 0.2578 0.8738 0.4123
vn 0.2761 0.8653 0.4185
vn 0.2535 0.8726 0.4176
vn 0.2463 0.8779 0.4107
vn 0.1885 0.8810 0.4340
vn 0.1971 0.8750 0.4421
vn 0.1886 0.8809 0.4341
vn 0.1763 0.8891 0.4225
vn 0.1679 0.8947 0.4139
vn 0.1127 0.8937 0.4342
vn 0.1107 0.8788 0.4641
vn 0.1181 0.8687 0.4810
vn 0.1137 0.8745 0.4715
vn 0.1009 0.8630 0.4949
vn 0.1361 0.8538 0.5024
vn 0.1319 0.8567 0.4987
vn 0.1361 0.8538 0.5025
vn 0.1421 0.8493 0.5083
vn 0.1462 0.8464 0.5121
vn 0.1753 0.8465 0.5026
vn 0.1711 0.8499 0.4983
vn 0.1753 0.8468 0.5022
vn 0.1813 0.8423 0.5076
vn 0.1852 0.8389 0.5118
vn 0.2021 0.8250 0.5278
vn 0.2048 0.8255 0.5259
vn 0.2039 0.8253 0.5266
vn 0.2079 0.8231 0.5284
vn 0.2089 0.8233 0.5277
vn 0.2101 0.8236 0.5269
vn 0.2105 0.8238 0.5264
vn 0.2103 0.8232 0.5274
vn 0.1875 0.7909 0.5824
vn 0.2065 0.7952 0.5702
vn 0.1929 0.7843 0.5897
vn 0.1770 0.7763 0.6050
vn 0.1846 0.7782 0.6003
vn 0.1501 0.7972 0.5847
vn 0.1425 0.7952 0.5893
vn 0.1317 0.7923 0.5957
vn 0.1242 0.7901 0.6002
vn 0.0877 0.7577 0.6467
vn 0.0833 0.7621 0.6421
vn 0.0879 0.7569 0.6476
vn 0.1013 0.7423 0.6624
vn 0.1481 0.7439 0.6517
vn 0.1425 0.7501 0.6458
vn 0.1481 0.7440 0.6516
vn 0.1561 0.7350 0.6599
vn 0.1616 0.7288 0.6654
vn 0.2063 0.7428 0.6370
vn 0.1926 0.7391 0.6455
vn 0.1769 0.7366 0.6528
vn 0.1618 0.7319 0.6620
vn 0.1762 0.7360 0.6537
vn 0.1110 0.7722 0.6256
vn 0.0966 0.7678 0.6334
vn 0.0757 0.7609 0.6445
vn 0.0701 0.7562 0.6506
vn 0.0741 0.7668 0.6376
vn -0.0389 0.6675 0.7436
vn -0.0130 0.6791 0.7340
vn 0.0119 0.6880 0.7256
vn 0.0191 0.6948 0.7190
vn 0.0133 0.6789 0.7341
vn 0.1185 0.6601 0.7417
vn 0.1075 0.6752 0.7297
vn 0.1185 0.6596 0.7422
vn 0.1339 0.6375 0.7588
vn 0.1446 0.6217 0.7698
vn 0.1975 0.6419 0.7409
vn 0.1711 0.6345 0.7538
vn 0.1329 0.6226 0.7712
vn 0.1055 0.6133 0.7828
vn 0.1324 0.6221 0.7717
vn 0.0206 0.6942 0.7195
vn -0.0062 0.6843 0.7292
vn -0.0448 0.6686 0.7423
vn -0.0721 0.6566 0.7508
vn -0.0453 0.6681 0.7427
vn -0.1167 0.6761 0.7275
vn -0.1253 0.6717 0.7301
vn -0.1378 0.6654 0.7337
vn -0.1466 0.6609 0.7360
vn -0.1379 0.6653 0.7337
vn -0.2091 0.6445 0.7354
vn -0.1688 0.5978 0.7837
vn -0.2024 0.6121 0.7645
vn -0.2027 0.6120 0.7645
vn -0.2029 0.6122 0.7642
vn -0.2029 0.6115 0.7647
vn -0.2031 0.6117 0.7646
vn -0.2021 0.6068 0.7687
vn -0.2020 0.5927 0.7797
vn -0.2181 0.6118 0.7603
vn -0.3989 0.7435 -0.5367
vn -0.4002 0.7411 -0.5391
vn -0.3988 0.7435 -0.5367
vn -0.3969 0.7468 -0.5337
vn -0.3955 0.7491 -0.5314
vn -0.3811 0.7536 -0.5355
vn -0.3824 0.7515 -0.5377
vn -0.3811 0.7537 -0.5355
vn -0.3792 0.7568 -0.5324
vn -0.3632 0.7634 -0.5341
vn -0.3646 0.7610 -0.5366
vn -0.3626 0.7690 -0.5265
vn -0.3635 0.7786 -0.5115
vn -0.3711 0.7665 -0.5242
vn -0.3557 0.8330 -0.4239
vn -0.3499 0.8370 -0.4207
vn -0.3535 0.8419 -0.4078
vn -0.3451 0.8425 -0.4136
vn -0.3041 0.8592 -0.4115
vn -0.3017 0.8592 -0.4132
vn -0.3028 0.8608 -0.4092
vn -0.3048 0.8531 -0.4234
vn -0.3106 0.8466 -0.4323
vn -0.3638 0.8328 -0.4172
vn -0.3718 0.8231 -0.4293
vn -0.3774 0.8160 -0.4378
vn -0.3605 0.8124 -0.4582
vn -0.3813 0.7850 -0.4883
vn -0.3603 0.8135 -0.4564
vn -0.3291 0.8506 -0.4101
vn -0.3063 0.8739 -0.3773
vn -0.1112 0.9116 -0.3958
vn -0.1005 0.8938 -0.4372
vn -0.0357 0.9051 -0.4237
vn -0.0862 0.9296 -0.3583
vn -0.0463 0.9236 -0.3806
vn 0.0757 0.9781 -0.1937
vn 0.0754 0.9781 -0.1941
vn 0.0757 0.9781 -0.1936
vn 0.0763 0.9782 -0.1929
vn 0.0781 0.9781 -0.1931
vn 0.0780 0.9780 -0.1932
vn 0.0786 0.9781 -0.1926
vn 0.0847 0.9730 -0.2147
vn 0.0769 0.9714 -0.2246
vn 0.0818 0.9710 -0.2248
vn 0.0832 0.9707 -0.2254
vn 0.0826 0.9708 -0.2254
vn 0.0825 0.9708 -0.2255
vn 0.0822 0.9708 -0.2252
vn 0.0820 0.9709 -0.2251
vn 0.0801 0.9714 -0.2238
vn 0.0811 0.9711 -0.2246
vn 0.2135 0.9653 -0.1502
vn 0.0726 0.9922 -0.1014
vn 0.0728 0.9922 -0.1011
vn 0.0724 0.9939 -0.0835
vn 0.0723 0.9939 -0.0837
vn 0.0725 0.9939 -0.0834
vn 0.0725 0.9939 -0.0830
vn 0.0745 0.9938 -0.0822
vn 0.0783 0.9943 -0.0724
vn 0.0642 0.9962 -0.0593
vn 0.0703 0.9945 -0.0782
vn -0.0372 0.9972 -0.0652
vn -0.0572 0.9973 -0.0464
vn -0.0858 0.9961 -0.0190
vn -0.1060 0.9944 0.0005
vn -0.0861 0.9961 -0.0185
vn -0.2238 0.9735 -0.0480
vn -0.2516 0.9676 -0.0206
vn -0.2710 0.9626 -0.0008
vn -0.2519 0.9676 -0.0198
vn -0.2556 0.9602 0.1127
vn -0.2557 0.9607 0.1084
vn -0.2526 0.9613 0.1098
vn -0.2524 0.9607 0.1160
vn -0.2494 0.9618 0.1128
vn -0.2298 0.9666 0.1132
vn -0.2246 0.9681 0.1108
vn -0.2218 0.9691 0.1078
vn -0.2247 0.9681 0.1109
vn -0.2288 0.9666 0.1153
vn -0.2669 0.9473 0.1773
vn -0.2769 0.9422 0.1886
vn -0.2873 0.9381 0.1934
vn -0.2884 0.9408 0.1778
vn -0.2785 0.9459 0.1667
vn -0.3505 0.9226 0.1611
vn -0.3602 0.9169 0.1719
vn -0.3738 0.9083 0.1877
vn -0.3832 0.9020 0.1987
vn -0.3738 0.9083 0.1879
vn -0.3400 0.8981 0.2790
vn -0.3535 0.8965 0.2670
vn -0.3397 0.8981 0.2793
vn -0.3200 0.8998 0.2965
vn -0.3061 0.9007 0.3083
vn -0.2342 0.9324 0.2751
vn -0.2484 0.9321 0.2635
vn -0.2341 0.9324 0.2754
vn -0.2138 0.9322 0.2919
vn -0.1994 0.9317 0.3035
vn -0.1484 0.9317 0.3314
vn -0.1493 0.9314 0.3320
vn -0.1501 0.9311 0.3325
vn -0.1503 0.9315 0.3313
vn -0.1495 0.9320 0.3303
vn -0.1563 0.9303 0.3317
vn -0.1571 0.9298 0.3328
vn -0.1580 0.9295 0.3333
vn -0.1582 0.9299 0.3321
vn -0.1573 0.9304 0.3310
vn -0.1621 0.9128 0.3748
vn -0.1628 0.8976 0.4097
vn -0.1628 0.8975 0.4098
vn -0.1697 0.8987 0.4044
vn -0.1708 0.9019 0.3967
vn -0.2090 0.8874 0.4108
vn -0.2022 0.8864 0.4164
vn -0.2089 0.8874 0.4110
vn -0.2248 0.8893 0.3983
vn -0.2525 0.8733 0.4167
vn -0.2463 0.8779 0.4107
vn -0.2540 0.8716 0.4192
vn -0.2535 0.8725 0.4176
vn -0.1967 0.8751 0.4421
vn -0.1885 0.8810 0.4340
vn -0.1763 0.8891 0.4223
vn -0.1676 0.8947 0.4141
vn -0.1763 0.8891 0.4225
vn -0.1127 0.8937 0.4342
vn -0.0626 0.8800 0.4708
vn -0.1009 0.8630 0.4949
vn -0.1181 0.8688 0.4810
vn -0.1107 0.8788 0.4641
vn -0.1319 0.8567 0.4986
vn -0.1361 0.8538 0.5024
vn -0.1421 0.8494 0.5083
vn -0.1462 0.8464 0.5122
vn -0.1421 0.8493 0.5083
vn -0.1708 0.8498 0.4987
vn -0.1754 0.8464 0.5028
vn -0.1812 0.8421 0.5079
vn -0.1852 0.8389 0.5118
vn -0.1813 0.8423 0.5076
vn -0.2028 0.8251 0.5274
vn -0.2018 0.8250 0.5278
vn -0.2039 0.8253 0.5266
vn -0.2048 0.8255 0.5259
vn -0.2089 0.8233 0.5277
vn -0.2080 0.8231 0.5284
vn -0.2089 0.8233 0.5278
vn -0.2103 0.8232 0.5274
vn -0.2105 0.8238 0.5264
vn -0.2065 0.7952 0.5702
vn -0.1875 0.7910 0.5824
vn -0.1903 0.7837 0.5913
vn -0.1846 0.7782 0.6003
vn -0.1770 0.7763 0.6049
vn -0.1425 0.7952 0.5893
vn -0.1501 0.7972 0.5847
vn -0.1425 0.7952 0.5894
vn -0.1317 0.7923 0.5957
vn -0.1242 0.7902 0.6002
vn -0.0833 0.7621 0.6421
vn -0.0877 0.7577 0.6467
vn -0.0956 0.7485 0.6562
vn -0.1015 0.7424 0.6622
vn -0.0960 0.7484 0.6563
vn -0.1425 0.7501 0.6458
vn -0.1481 0.7438 0.6518
vn -0.1561 0.7351 0.6598
vn -0.1616 0.7287 0.6654
vn -0.1561 0.7350 0.6599
vn -0.1926 0.7390 0.6455
vn -0.2063 0.7428 0.6370
vn -0.1961 0.7419 0.6412
vn -0.1762 0.7360 0.6537
vn -0.1618 0.7318 0.6620
vn -0.0966 0.7678 0.6334
vn -0.1110 0.7722 0.6256
vn -0.0964 0.7676 0.6336
vn -0.0741 0.7668 0.6376
vn -0.0701 0.7562 0.6506
vn 0.0130 0.6791 0.7340
vn 0.0389 0.6675 0.7436
vn 0.0157 0.6764 0.7364
vn -0.0133 0.6789 0.7341
vn -0.0191 0.6948 0.7190
vn -0.1075 0.6752 0.7297
vn -0.1185 0.6601 0.7417
vn -0.1339 0.6379 0.7584
vn -0.1446 0.6217 0.7698
vn -0.1339 0.6375 0.7588
vn -0.1711 0.6345 0.7538
vn -0.1975 0.6419 0.7409
vn -0.1705 0.6340 0.7543
vn -0.1324 0.6221 0.7717
vn -0.1055 0.6133 0.7828
vn 0.0062 0.6843 0.7292
vn -0.0206 0.6942 0.7195
vn 0.0067 0.6838 0.7297
vn 0.0453 0.6681 0.7427
vn 0.0721 0.6565 0.7508
vn 0.1253 0.6717 0.7301
vn 0.1164 0.6761 0.7276
vn 0.1253 0.6716 0.7303
vn 0.1379 0.6653 0.7337
vn 0.1466 0.6609 0.7360
vn 0.1688 0.5978 0.7837
vn 0.2091 0.6445 0.7354
vn 0.2028 0.6125 0.7640
vn 0.2029 0.6122 0.7643
vn 0.2027 0.6120 0.7645
vn 0.2031 0.6117 0.7646
vn 0.2029 0.6115 0.7647
vn 0.2055 0.6108 0.7646
vn 0.2181 0.6118 0.7603
vn 0.2020 0.5927 0.7797
vn -0.3825 -0.8529 0.3554
vn 0.3839 -0.8499 0.3610
vn 0.3033 0.7318 0.6103
vn 0.1973 0.5191 0.8316
vn -0.2404 0.4523 0.8588
vn 0.3057 0.9399 -0.1519
vn -0.3546 0.7980 -0.4873
vn 0.7855 0.1063 0.6097
vn -0.4877 0.3952 0.7784
vn 0.5622 0.4039 -0.7216
vn -0.0662 0.7501 0.6580
vn 0.1999 0.5720 0.7955
vn 0.2106 0.8088 0.5490
vn -0.3759 -0.6707 -0.6394
vn -0.3838 -0.8499 0.3611
vn 0.3825 -0.8529 0.3554
vn 0.3838 -0.8499 0.3611
vn 0.2649 0.5811 0.7695
vn 0.1252 0.5635 0.8165
vn 0.0952 0.5004 0.8605
vn -0.3139 0.5802 0.7516
vn 0.3546 0.7980 -0.4873
vn 0.1504 0.9366 -0.3165
vn 0.2327 0.9458 -0.2267
vn 0.1548 0.9412 0.3003
vn -0.2328 0.9468 -0.2223
vn -0.3057 0.9399 -0.1519
vn -0.1548 0.9412 0.3003
vn 0.9980 -0.0030 0.0636
vn 0.6459 -0.2824 0.7093
vn 0.5882 -0.3106 0.7467
vn -0.9035 -0.3646 0.2252
vn -0.8936 -0.4053 0.1928
vn 0.2645 0.6915 -0.6722
vn 0.4890 0.5015 -0.7137
vn 0.6341 0.2136 -0.7431
vn 0.6052 0.1593 -0.7799
vn -0.6342 0.2136 -0.7431
vn -0.4786 0.0349 -0.8774
vn 0.1761 0.9227 0.3429
vn -0.0422 0.7052 0.7078
vn -0.0560 0.7099 0.7021
vn 0.0262 0.6981 0.7155
vn 0.0421 0.6965 0.7163
vn 0.1570 0.5564 0.8159
vn 0.2210 0.7528 0.6200
vn 0.2171 0.7665 0.6044
vn 0.2137 0.7938 0.5694
vn 0.2104 0.8086 0.5494
vn -0.2124 0.8001 0.5610
vn -0.2100 0.8087 0.5495
vn -0.2519 0.8304 -0.4970
vn 0.2040 0.8253 0.5265
vn -0.3778 0.7592 -0.5301
vn -0.3582 0.8362 -0.4152
vn -0.3578 0.8397 -0.4086
vn -0.2040 0.9767 -0.0669
vn -0.2578 0.8738 0.4123
s off
f 1//1 2//1 3//1
f 4//2 5//2 6//2
f 7//3 8//3 9//3
f 10//4 11//4 12//4
f 13//5 14//5 15//5
f 16//6 17//6 18//6
f 19//7 20//7 21//7
f 22//8 23//8 24//8
f 25//9 26//9 27//9
f 28//10 29//10 30//10
f 31//11 32//11 33//11
f 34//12 35//12 36//12
f 37//13 38//13 39//13
f 40//14 41//14 42//14
f 43//15 44//15 45//15
f 46//16 47//16 48//16
f 49//17 50//17 51//17
f 52//18 53//18 54//18
f 55//19 56//19 57//19
f 58//20 59//20 60//20
f 61//21 62//21 63//21
f 64//22 65//22 66//22
f 67//23 68//23 69//23
f 70//24 71//24 72//24
f 73//25 74//25 75//25
f 76//26 77//26 78//26
f 79//27 80//27 81//27
f 82//28 83//28 84//28
f 85//29 86//29 87//29
f 88//30 89//30 90//30
f 91//31 92//31 93//31
f 94//32 95//32 96//32
f 97//33 98//33 99//33
f 100//34 101//34 102//34
f 103//35 104//35 105//35
f 106//36 107//36 108//36
f 109//37 110//37 111//37
f 112//38 113//38 114//38
f 115//39 116//39 117//39
f 118//40 119//40 120//40
f 121//41 122//41 123//41
f 124//42 125//42 126//42
f 127//43 128//43 129//43
f 130//44 131//44 132//44
f 133//45 134//45 135//45
f 136//46 137//46 138//46
f 139//47 140//47 141//47
f 142//48 143//48 144//48
f 148//49 149//49 150//49
f 151//50 152//50 153//50
f 154//51 155//51 156//51
f 157//52 158//52 159//52
f 160//53 161//53 162//53
f 163//54 164//54 165//54
f 166//55 167//55 168//55
f 169//56 170//56 171//56
f 172//57 173//57 174//57
f 175//58 176//58 177//58
f 178//59 179//59 180//59
f 181//60 182//60 183//60
f 184//61 185//61 186//61
f 190//62 191//62 192//62
f 193//63 194//63 195//63
f 196//64 197//64 198//64
f 199//65 200//65 201//65
f 202//66 203//66 204//66
f 205//67 206//67 207//67
f 208//68 209//68 210//68
f 211//69 212//69 213//69
f 214//70 215//70 216//70
f 217//71 218//71 219//71
f 220//72 221//72 222//72
f 223//73 224//73 225//73
f 226//74 227//74 228//74
f 229//75 230//75 231//75
f 232//76 233//76 234//76
f 235//77 236//77 237//77
f 238//78 239//78 240//78
f 241//79 242//79 243//79
f 244//80 245//80 246//80
f 247//81 248//81 249//81
f 250//82 251//82 252//82
f 253//83 254//83 255//83
f 256//84 257//84 258//84
f 259//85 260//85 261//85
f 262//86 263//86 264//86
f 265//87 266//87 267//87
f 268//88 269//88 270//88
f 271//89 272//89 273//89
f 274//90 275//90 276//90
f 277//91 278//91 279//91
f 280//92 281//92 282//92
f 283//93 284//93 285//93
f 286//94 287//94 288//94
f 289//95 290//95 291//95
f 292//96 293//96 294//96
f 295//97 296//97 297//97
f 298//98 299//98 300//98
f 301//99 302//99 303//99
f 304//100 305//100 306//100
f 307//101 308//101 309//101
f 310//102 311//102 312//102
f 313//103 314//103 315//103
f 316//104 317//104 318//104
f 319//105 320//105 321//105
f 322//106 323//106 324//106
f 325//107 326//107 327//107
f 328//108 329//108 330//108
f 331//109 332//109 333//109
f 334//110 335//110 336//110
f 337//111 338//111 339//111
f 340//112 341//112 342//112
f 343//113 344//113 345//113
f 346//114 347//114 348//114
f 349//115 350//115 351//115
f 352//116 353//116 354//116
f 355//117 356//117 357//117
f 358//118 359//118 360//118
f 361//119 362//119 363//119
f 364//120 365//120 366//120
f 367//121 368//121 369//121
f 370//122 371//122 372//122
f 373//123 374//123 375//123
f 376//124 377//124 378//124
f 379//125 380//125 381//125
f 382//126 383//126 384//126
f 385//127 386//127 387//127
f 388//128 389//128 390//128
f 391//129 392//129 393//129
f 394//130 395//130 396//130
f 397//131 398//131 399//131
f 403//132 404//132 405//132
f 406//133 407//133 408//133
f 409//134 410//134 411//134
f 412//135 413//135 414//135
f 415//136 416//136 417//136
f 418//137 419//137 420//137
f 421//138 422//138 423//138
f 427//139 428//139 429//139
f 430//140 431//140 432//140
f 433//141 434//141 435//141
f 439//142 440//142 441//142
f 442//143 443//143 444//143
f 445//144 446//144 447//144
f 448//145 449//145 450//145
f 451//146 452//146 453//146
f 454//147 455//147 456//147
f 460//148 461//148 462//148
f 463//149 464//149 465//149
f 466//150 467//150 468//150
f 469//151 470//151 471//151
f 472//152 473//152 474//152
f 475//153 476//153 477//153
f 478//154 479//154 480//154
f 481//155 482//155 483//155
f 484//156 485//156 486//156
f 487//157 488//157 489//157
f 490//158 491//158 492//158
f 493//159 494//159 495//159
f 496//160 497//160 498//160
f 499//161 500//161 501//161
f 502//162 503//162 504//162
f 505//163 506//163 507//163
f 508//164 509//164 510//164
f 511//165 512//165 513//165
f 514//166 515//166 516//166
f 517//167 518//167 519//167
f 520//168 521//168 522//168
f 526//169 527//169 528//169
f 529//170 530//170 531//170
f 532//171 533//171 534//171
f 535//172 536//172 537//172
f 538//173 539//173 540//173
f 541//174 542//174 543//174
f 544//175 545//175 546//175
f 547//176 548//176 549//176
f 550//177 551//177 552//177
f 553//178 554//178 555//178
f 556//179 557//179 558//179
f 559//180 560//180 561//180
f 562//181 563//181 564//181
f 565//182 566//182 567//182
f 568//183 569//183 570//183
f 571//184 572//184 573//184
f 574//185 575//185 576//185
f 577//186 578//186 579//186
f 580//187 581//187 582//187
f 583//188 584//188 585//188
f 586//189 587//189 588//189
f 589//190 590//190 591//190
f 592//191 593//191 594//191
f 595//192 596//192 597//192
f 598//193 599//193 600//193
f 601//194 602//194 603//194
f 604//195 605//195 606//195
f 607//196 608//196 609//196
f 610//197 611//197 612//197
f 613//198 614//198 615//198
f 616//199 617//199 618//199
f 622//200 623//200 624//200
f 625//201 626//201 627//201
f 628//202 629//202 630//202
f 631//203 632//203 633//203
f 634//204 635//204 636//204
f 637//205 638//205 639//205
f 640//206 641//206 642//206
f 643//207 644//207 645//207
f 646//208 647//208 648//208
f 649//209 650//209 651//209
f 652//210 653//210 654//210
f 655//211 656//211 657//211
f 658//212 659//212 660//212
f 661//213 662//213 663//213
f 664//214 665//214 666//214
f 667//215 668//215 669//215
f 670//216 671//216 672//216
f 673//217 674//217 675//217
f 676//218 677//218 678//218
f 679//219 680//219 681//219
f 682//220 683//220 684//220
f 685//221 686//221 687//221
f 688//222 689//222 690//222
f 691//223 692//223 693//223
f 694//224 695//224 696//224
f 697//225 698//225 699//225
f 700//226 701//226 702//226
f 703//227 704//227 705//227
f 706//228 707//228 708//228
f 709//229 710//229 711//229
f 712//230 713//230 714//230
f 715//231 716//231 717//231
f 718//232 719//232 720//232
f 721//233 722//233 723//233
f 724//234 725//234 726//234
f 727//235 728//235 729//235
f 730//236 731//236 732//236
f 733//237 734//237 735//237
f 736//238 737//238 738//238
f 739//239 740//239 741//239
f 745//240 746//240 747//240
f 748//241 749//241 750//241
f 751//242 752//242 753//242
f 754//243 755//243 756//243
f 757//244 758//244 759//244
f 760//245 761//245 762//245
f 763//246 764//246 765//246
f 766//247 767//247 768//247
f 769//248 770//248 771//248
f 772//249 773//249 774//249
f 775//250 776//250 777//250
f 778//251 779//251 780//251
f 781//252 782//252 783//252
f 784//253 785//253 786//253
f 787//254 788//254 789//254
f 790//255 791//255 792//255
f 793//256 794//256 795//256
f 796//257 797//257 798//257
f 799//258 800//258 801//258
f 802//259 803//259 804//259
f 808//260 809//260 810//260
f 811//261 812//261 813//261
f 814//262 815//262 816//262
f 817//263 818//263 819//263
f 820//264 821//264 822//264
f 823//265 824//265 825//265
f 826//266 827//266 828//266
f 829//267 830//267 831//267
f 832//268 833//268 834//268
f 835//269 836//269 837//269
f 838//270 839//270 840//270
f 841//271 842//271 843//271
f 844//272 845//272 846//272
f 847//273 848//273 849//273
f 850//274 851//274 852//274
f 853//275 854//275 855//275
f 856//276 857//276 858//276
f 859//277 860//277 861//277
f 862//278 863//278 864//278
f 865//279 866//279 867//279
f 868//280 869//280 870//280
f 871//281 872//281 873//281
f 874//282 875//282 876//282
f 877//283 878//283 879//283
f 880//284 881//284 882//284
f 883//285 884//285 885//285
f 886//286 887//286 888//286
f 889//287 890//287 891//287
f 892//288 893//288 894//288
f 895//289 896//289 897//289
f 898//290 899//290 900//290
f 901//291 902//291 903//291
f 904//292 905//292 906//292
f 907//293 908//293 909//293
f 910//294 911//294 912//294
f 913//295 914//295 915//295
f 916//296 917//296 918//296
f 919//297 920//297 921//297
f 922//298 923//298 924//298
f 925//299 926//299 927//299
f 928//300 929//300 930//300
f 931//301 932//301 933//301
f 934//302 935//302 936//302
f 937//303 938//303 939//303
f 940//304 941//304 942//304
f 943//305 944//305 945//305
f 946//306 947//306 948//306
f 949//307 950//307 951//307
f 952//308 953//308 954//308
f 955//309 956//309 957//309
f 958//310 959//310 960//310
f 961//311 962//311 963//311
f 964//312 965//312 966//312
f 967//313 968//313 969//313
f 970//314 971//314 972//314
f 973//315 974//315 975//315
f 976//316 977//316 978//316
f 979//317 980//317 981//317
f 982//318 983//318 984//318
f 985//319 986//319 987//319
f 988//320 989//320 990//320
f 991//321 992//321 993//321
f 994//322 995//322 996//322
f 997//323 998//323 999//323
f 1000//324 1001//324 1002//324
f 1003//325 1004//325 1005//325
f 1006//326 1007//326 1008//326
f 1009//327 1010//327 1011//327
f 1012//328 1013//328 1014//328
f 1015//329 1016//329 1017//329
f 1018//330 1019//330 1020//330
f 1021//331 1022//331 1023//331
f 1024//332 1025//332 1026//332
f 1027//333 1028//333 1029//333
f 1030//334 1031//334 1032//334
f 1033//335 1034//335 1035//335
f 1036//336 1037//336 1038//336
f 1039//337 1040//337 1041//337
f 1042//338 1043//338 1044//338
f 1045//339 1046//339 1047//339
f 1048//340 1049//340 1050//340
f 1051//341 1052//341 1053//341
f 1057//342 1058//342 1059//342
f 1060//343 1061//343 1062//343
f 1063//344 1064//344 1065//344
f 1066//345 1067//345 1068//345
f 1069//346 1070//346 1071//346
f 1072//347 1073//347 1074//347
f 1075//348 1076//348 1077//348
f 1078//349 1079//349 1080//349
f 1081//350 1082//350 1083//350
f 1084//351 1085//351 1086//351
f 1087//352 1088//352 1089//352
f 1090//353 1091//353 1092//353
f 1093//354 1094//354 1095//354
f 1096//355 1097//355 1098//355
f 1102//356 1103//356 1104//356
f 1105//357 1106//357 1107//357
f 1108//358 1109//358 1110//358
f 1111//359 1112//359 1113//359
f 1114//360 1115//360 1116//360
f 1117//361 1118//361 1119//361
f 1120//362 1121//362 1122//362
f 1123//363 1124//363 1125//363
f 1126//364 1127//364 1128//364
f 1129//365 1130//365 1131//365
f 1132//366 1133//366 1134//366
f 1135//367 1136//367 1137//367
f 1138//368 1139//368 1140//368
f 1141//369 1142//369 1143//369
f 1144//370 1145//370 1146//370
f 1147//371 1148//371 1149//371
f 1150//372 1151//372 1152//372
f 1153//373 1154//373 1155//373
f 1156//374 1157//374 1158//374
f 1159//375 1160//375 1161//375
f 1162//376 1163//376 1164//376
f 1165//377 1166//377 1167//377
f 1168//378 1169//378 1170//378
f 1171//379 1172//379 1173//379
f 1174//380 1175//380 1176//380
f 1177//381 1178//381 1179//381
f 1180//382 1181//382 1182//382
f 1183//383 1184//383 1185//383
f 1186//384 1187//384 1188//384
f 1189//385 1190//385 1191//385
f 1192//386 1193//386 1194//386
f 1195//387 1196//387 1197//387
f 1198//388 1199//388 1200//388
f 1201//389 1202//389 1203//389
f 1204//390 1205//390 1206//390
f 1207//391 1208//391 1209//391
f 1210//392 1211//392 1212//392
f 1213//393 1214//393 1215//393
f 1216//394 1217//394 1218//394
f 1219//395 1220//395 1221//395
f 1222//396 1223//396 1224//396
f 1225//397 1226//397 1227//397
f 1228//398 1229//398 1230//398
f 1231//399 1232//399 1233//399
f 1234//400 1235//400 1236//400
f 1237//401 1238//401 1239//401
f 1240//402 1241//402 1242//402
f 1243//403 1244//403 1245//403
f 1246//404 1247//404 1248//404
f 1249//405 1250//405 1251//405
f 1252//406 1253//406 1254//406
f 1255//407 1256//407 1257//407
f 1258//408 1259//408 1260//408
f 1261//409 1262//409 1263//409
f 1264//410 1265//410 1266//410
f 1270//411 1271//411 1272//411
f 1273//412 1274//412 1275//412
f 1276//413 1277//413 1278//413
f 1279//414 1280//414 1281//414
f 1282//415 1283//415 1284//415
f 1285//416 1286//416 1287//416
f 1288//417 1289//417 1290//417
f 1291//418 1292//418 1293//418
f 1297//419 1298//419 1299//419
f 1300//420 1301//420 1302//420
f 1303//421 1304//421 1305//421
f 1306//422 1307//422 1308//422
f 1309//423 1310//423 1311//423
f 1312//424 1313//424 1314//424
f 1315//425 1316//425 1317//425
f 1318//426 1319//426 1320//426
f 1321//427 1322//427 1323//427
f 1324//428 1325//428 1326//428
f 1327//429 1328//429 1329//429
f 1330//430 1331//430 1332//430
f 1333//431 1334//431 1335//431
f 1336//432 1337//432 1338//432
f 1339//433 1340//433 1341//433
f 1342//434 1343//434 1344//434
f 1345//435 1346//435 1347//435
f 1348//436 1349//436 1350//436
f 1354//437 1355//437 1356//437
f 1357//438 1358//438 1359//438
f 1360//439 1361//439 1362//439
f 1363//440 1364//440 1365//440
f 1366//441 1367//441 1368//441
f 1369//442 1370//442 1371//442
f 1372//443 1373//443 1374//443
f 1375//444 1376//444 1377//444
f 1378//445 1379//445 1380//445
f 1381//446 1382//446 1383//446
f 1384//447 1385//447 1386//447
f 1387//448 1388//448 1389//448
f 1390//449 1391//449 1392//449
f 1393//450 1394//450 1395//450
f 1396//451 1397//451 1398//451
f 1399//452 1400//452 1401//452
f 1402//453 1403//453 1404//453
f 1405//454 1406//454 1407//454
f 1408//455 1409//455 1410//455
f 1411//456 1412//456 1413//456
f 1414//457 1415//457 1416//457
f 1417//458 1418//458 1419//458
f 1420//459 1421//459 1422//459
f 1423//460 1424//460 1425//460
f 1426//461 1427//461 1428//461
f 1429//462 1430//462 1431//462
f 1432//463 1433//463 1434//463
f 1435//464 1436//464 1437//464
f 1438//465 1439//465 1440//465
f 1441//466 1442//466 1443//466
f 1444//467 1445//467 1446//467
f 1447//468 1448//468 1449//468
f 1450//469 1451//469 1452//469
f 1453//470 1454//470 1455//470
f 1456//471 1457//471 1458//471
f 1459//472 1460//472 1461//472
f 1462//473 1463//473 1464//473
f 1465//474 1466//474 1467//474
f 1468//475 1469//475 1470//475
f 1471//476 1472//476 1473//476
f 1474//477 1475//477 1476//477
f 1477//478 1478//478 1479//478
f 1480//479 1481//479 1482//479
f 1483//480 1484//480 1485//480
f 1486//481 1487//481 1488//481
f 1489//482 1490//482 1491//482
f 1492//483 1493//483 1494//483
f 1495//484 1496//484 1497//484
f 1498//485 1499//485 1500//485
f 1501//486 1502//486 1503//486
f 1504//487 1505//487 1506//487
f 1507//488 1508//488 1509//488
f 1510//489 1511//489 1512//489
f 1513//490 1514//490 1515//490
f 1516//491 1517//491 1518//491
f 1519//492 1520//492 1521//492
f 1522//493 1523//493 1524//493
f 1525//494 1526//494 1527//494
f 1528//495 1529//495 1530//495
f 1531//496 1532//496 1533//496
f 1534//497 1535//497 1536//497
f 1537//498 1538//498 1539//498
f 1540//499 1541//499 1542//499
f 1543//500 1544//500 1545//500
f 1546//501 1547//501 1548//501
f 1549//502 1550//502 1551//502
f 1552//503 1553//503 1554//503
f 1555//504 1556//504 1557//504
f 1558//505 1559//505 1560//505
f 1561//506 1562//506 1563//506
f 1564//507 1565//507 1566//507
f 1567//508 1568//508 1569//508
f 1570//509 1571//509 1572//509
f 1573//510 1574//510 1575//510
f 1576//511 1577//511 1578//511
f 1579//512 1580//512 1581//512
f 1582//513 1583//513 1584//513
f 1585//514 1586//514 1587//514
f 1588//515 1589//515 1590//515
f 1591//516 1592//516 1593//516
f 1594//517 1595//517 1596//517
f 1597//518 1598//518 1599//518
f 1600//519 1601//519 1602//519
f 1603//520 1604//520 1605//520
f 1606//521 1607//521 1608//521
f 1609//522 1610//522 1611//522
f 1612//523 1613//523 1614//523
f 1615//524 1616//524 1617//524
f 1618//525 1619//525 1620//525
f 1621//526 1622//526 1623//526
f 1624//527 1625//527 1626//527
f 1627//528 1628//528 1629//528
f 1630//529 1631//529 1632//529
f 1633//530 1634//530 1635//530
f 1636//531 1637//531 1638//531
f 1639//532 1640//532 1641//532
f 1642//533 1643//533 1644//533
f 1645//534 1646//534 1647//534
f 1648//535 1649//535 1650//535
f 1651//536 1652//536 1653//536
f 1654//537 1655//537 1656//537
f 1657//538 1658//538 1659//538
f 1660//539 1661//539 1662//539
f 1663//540 1664//540 1665//540
f 1666//541 1667//541 1668//541
f 1669//542 1670//542 1671//542
f 1672//543 1673//543 1674//543
f 1675//544 1676//544 1677//544
f 1678//545 1679//545 1680//545
f 1681//546 1682//546 1683//546
f 1684//547 1685//547 1686//547
f 1687//548 1688//548 1689//548
f 1690//549 1691//549 1692//549
f 1693//550 1694//550 1695//550
f 1696//551 1697//551 1698//551
f 1699//552 1700//552 1701//552
f 1702//553 1703//553 1704//553
f 1705//554 1706//554 1707//554
f 1708//555 1709//555 1710//555
f 1711//556 1712//556 1713//556
f 1714//557 1715//557 1716//557
f 1717//558 1718//558 1719//558
f 1720//559 1721//559 1722//559
f 1723//560 1724//560 1725//560
f 1726//561 1727//561 1728//561
f 1729//562 1730//562 1731//562
f 1732//563 1733//563 1734//563
f 1735//564 1736//564 1737//564
f 1738//565 1739//565 1740//565
f 1741//566 1742//566 1743//566
f 1744//567 1745//567 1746//567
f 1747//568 1748//568 1749//568
f 1750//569 1751//569 1752//569
f 1753//570 1754//570 1755//570
f 1756//571 1757//571 1758//571
f 1759//572 1760//572 1761//572
f 1762//573 1763//573 1764//573
f 1765//574 1766//574 1767//574
f 1768//575 1769//575 1770//575
f 1771//576 1772//576 1773//576
f 1774//577 1775//577 1776//577
f 1777//578 1778//578 1779//578
f 1780//579 1781//579 1782//579
f 1783//580 1784//580 1785//580
f 1786//581 1787//581 1788//581
f 1789//582 1790//582 1791//582
f 1792//583 1793//583 1794//583
f 1795//584 1796//584 1797//584
f 1798//585 1799//585 1800//585
f 1801//586 1802//586 1803//586
f 1804//587 1805//587 1806//587
f 1807//588 1808//588 1809//588
f 1810//589 1811//589 1812//589
f 1813//590 1814//590 1815//590
f 1816//591 1817//591 1818//591
f 1819//592 1820//592 1821//592
f 1822//593 1823//593 1824//593
f 1825//594 1826//594 1827//594
f 1828//595 1829//595 1830//595
f 1831//596 1832//596 1833//596
f 1834//597 1835//597 1836//597
f 1837//598 1838//598 1839//598
f 1840//599 1841//599 1842//599
f 1843//600 1844//600 1845//600
f 1846//601 1847//601 1848//601
f 1849//602 1850//602 1851//602
f 1852//603 1853//603 1854//603
f 1855//604 1856//604 1857//604
f 1858//605 1859//605 1860//605
f 1861//606 1862//606 1863//606
f 1864//606 1865//606 1866//606
f 1867//1 2//1 1868//1
f 1865//607 1869//607 1866//607
f 5//608 1870//608 1871//608
f 1872//609 1873//609 1874//609
f 1875//608 1876//608 1877//608
f 6//608 1878//608 4//608
f 1879//610 1880//610 1881//610
f 1882//608 1883//608 1884//608
f 1885//611 1886//611 1887//611
f 1888//3 1889//3 1890//3
f 1891//612 1892//612 1893//612
f 1894//613 1895//613 7//613
f 11//614 1896//614 12//614
f 1897//615 1898//615 1899//615
f 1900//4 1901//4 1902//4
f 10//4 1903//4 1904//4
f 1905//616 1906//616 1907//616
f 1908//617 1909//617 1910//617
f 1911//618 1912//618 1913//618
f 1912//5 1914//5 1915//5
f 1916//619 14//619 1917//619
f 1918//620 1919//620 1920//620
f 1921//621 1922//621 1923//621
f 1924//622 1925//622 1926//622
f 1925//623 18//623 17//623
f 1921//624 1927//624 1928//624
f 1929//6 1930//6 1931//6
f 1932//625 1933//625 1934//625
f 1935//626 1936//626 1937//626
f 1938//627 1939//627 1940//627
f 1939//628 1941//628 1940//628
f 1942//629 1943//629 1944//629
f 1945//630 1946//630 1947//630
f 1947//8 1948//8 1949//8
f 1948//631 1950//631 1951//631
f 1949//8 1948//8 1951//8
f 1952//632 22//632 24//632
f 1953//633 1954//633 1955//633
f 1956//633 1957//633 1958//633
f 1959//634 1960//634 1961//634
f 1962//633 1963//633 1964//633
f 1965//635 1966//635 1967//635
f 1968//636 1969//636 1970//636
f 1971//637 1972//637 1973//637
f 1974//638 1975//638 1976//638
f 1977//639 1978//639 1979//639
f 1980//640 1981//640 1982//640
f 1983//641 1984//641 1985//641
f 1986//11 1987//11 1988//11
f 33//642 1989//642 31//642
f 1990//643 1991//643 1992//643
f 1993//641 1994//641 1995//641
f 36//644 1996//644 34//644
f 1996//12 1997//12 34//12
f 1998//12 1999//12 2000//12
f 2001//645 2002//645 2003//645
f 34//646 2004//646 2005//646
f 38//647 2006//647 2007//647
f 2008//647 2009//647 2010//647
f 2007//647 39//647 38//647
f 2011//647 2012//647 2013//647
f 2014//648 2015//648 2016//648
f 2017//649 2018//649 2019//649
f 2020//650 2021//650 2022//650
f 2023//651 2024//651 2025//651
f 2026//652 2027//652 2028//652
f 2029//653 2030//653 2031//653
f 2032//15 2033//15 2034//15
f 2033//15 2035//15 2034//15
f 2034//15 2036//15 2032//15
f 2036//654 2037//654 2038//654
f 2039//655 2040//655 2041//655
f 2042//16 2043//16 2044//16
f 48//16 2045//16 46//16
f 2045//16 2046//16 2047//16
f 2046//16 2048//16 2047//16
f 2047//16 46//16 2045//16
f 2049//656 2050//656 2051//656
f 2052//656 2053//656 2054//656
f 2055//657 2056//657 2057//657
f 2058//658 2059//658 2060//658
f 2061//658 2058//658 2060//658
f 2062//659 2063//659 2064//659
f 2065//660 2066//660 2067//660
f 2068//661 2069//661 2070//661
f 2071//662 2072//662 2073//662
f 2074//663 2075//663 2076//663
f 2077//19 2078//19 2079//19
f 2078//664 2080//664 2079//664
f 2081//664 2082//664 55//664
f 2083//665 2084//665 2085//665
f 2086//664 2087//664 2088//664
f 2089//666 2090//666 2091//666
f 2092//666 2093//666 2094//666
f 2094//666 2095//666 2096//666
f 2097//20 2098//20 2099//20
f 59//667 2100//667 60//667
f 2101//668 2102//668 2103//668
f 2104//669 63//669 62//669
f 2105//670 2106//670 2107//670
f 2108//670 2109//670 2110//670
f 61//671 2111//671 2112//671
f 2113//672 2114//672 2115//672
f 2116//673 2117//673 2118//673
f 2119//674 2120//674 2121//674
f 2122//669 2123//669 2124//669
f 2125//675 2126//675 2127//675
f 2128//23 2129//23 2130//23
f 2129//676 2131//676 2130//676
f 2132//23 2133//23 2134//23
f 2135//676 2136//676 2137//676
f 2138//23 2139//23 2140//23
f 2141//24 2142//24 2143//24
f 2144//677 2145//677 2146//677
f 72//24 2144//24 2146//24
f 2143//677 2147//677 2148//677
f 2149//678 2150//678 2151//678
f 2152//679 2153//679 2154//679
f 2153//680 2155//680 2154//680
f 2156//681 2157//681 2158//681
f 2159//682 2160//682 2161//682
f 2158//681 2162//681 2156//681
f 2163//683 2164//683 2165//683
f 2166//681 2167//681 2168//681
f 2169//684 2170//684 2171//684
f 2172//685 2173//685 2174//685
f 2175//686 2176//686 2177//686
f 2178//687 2179//687 2180//687
f 2181//688 2182//688 2183//688
f 2184//689 2185//689 2186//689
f 2187//690 2188//690 2189//690
f 2190//691 2191//691 2192//691
f 2193//692 2194//692 2195//692
f 2196//693 2197//693 2198//693
f 2199//692 2200//692 2201//692
f 2200//694 2202//694 2203//694
f 2204//695 2205//695 2206//695
f 2207//696 2208//696 2209//696
f 2210//697 2211//697 2212//697
f 2213//698 2214//698 2215//698
f 2216//699 2217//699 2218//699
f 2219//700 2220//700 2221//700
f 89//701 2222//701 90//701
f 2223//701 2224//701 2225//701
f 90//30 2222//30 2226//30
f 90//30 2227//30 88//30
f 2228//702 2229//702 2230//702
f 2231//703 2232//703 2233//703
f 2234//704 2235//704 2236//704
f 2237//705 2238//705 2239//705
f 2240//706 2241//706 2242//706
f 2243//707 2244//707 2245//707
f 2246//708 2247//708 2248//708
f 2249//709 96//709 95//709
f 2250//710 2251//710 2252//710
f 2253//711 2254//711 2255//711
f 2252//710 2256//710 2250//710
f 2257//712 2258//712 2259//712
f 2260//713 2261//713 2262//713
f 2261//713 2263//713 2264//713
f 2265//714 2266//714 2267//714
f 2268//33 2269//33 2270//33
f 2271//715 2272//715 2273//715
f 2274//716 102//716 101//716
f 102//717 2275//717 100//717
f 2276//718 2277//718 2278//718
f 2279//716 2280//716 2281//716
f 2282//719 2283//719 2284//719
f 2285//720 2286//720 2287//720
f 2284//721 2288//721 2282//721
f 105//35 2289//35 103//35
f 2290//722 2291//722 2292//722
f 2293//723 2294//723 2295//723
f 2296//724 2297//724 2298//724
f 2299//725 2300//725 2301//725
f 2302//726 2303//726 2304//726
f 2305//727 2306//727 2307//727
f 2308//728 2309//728 2310//728
f 2311//729 2312//729 2313//729
f 2314//730 2315//730 2316//730
f 2317//731 2318//731 2319//731
f 2320//732 2321//732 2322//732
f 2323//733 2324//733 2325//733
f 2326//734 2327//734 2328//734
f 114//38 2332//38 112//38
f 2333//735 2334//735 2335//735
f 2336//39 2337//39 2338//39
f 2337//736 2339//736 2338//736
f 2340//737 2341//737 2342//737
f 2343//738 2344//738 2345//738
f 2346//739 2347//739 2348//739
f 118//40 2349//40 119//40
f 2350//40 2351//40 2352//40
f 120//740 2353//740 2354//740
f 2355//741 2356//741 2357//741
f 2358//740 2359//740 2360//740
f 2361//40 2362//40 2363//40
f 2362//40 2364//40 2363//40
f 2365//742 2366//742 2367//742
f 2368//743 2369//743 2370//743
f 2371//744 2372//744 2373//744
f 2374//745 2375//745 2376//745
f 2377//745 2378//745 2379//745
f 2380//42 2381//42 2382//42
f 2383//746 2384//746 2385//746
f 2386//746 2387//746 2388//746
f 2389//43 2390//43 2391//43
f 2390//747 2392//747 2391//747
f 2391//43 2393//43 2389//43
f 2393//748 2394//748 2395//748
f 2396//749 2397//749 2398//749
f 2399//750 2400//750 2401//750
f 2402//45 2403//45 2404//45
f 2403//751 2405//751 2406//751
f 2407//44 2408//44 2409//44
f 2410//752 2411//752 2412//752
f 2413//44 2414//44 2415//44
f 2414//45 2416//45 2415//45
f 2417//750 2418//750 2419//750
f 2420//44 2421//44 2422//44
f 133//45 2423//45 2424//45
f 2425//753 2426//753 2427//753
f 2428//46 2429//46 2430//46
f 2427//753 2431//753 2425//753
f 138//46 2432//46 136//46
f 2432//754 2433//754 136//754
f 140//46 2434//46 2435//46
f 2434//754 2436//754 2435//754
f 2437//47 2438//47 2439//47
f 141//46 2440//46 139//46
f 2441//755 2442//755 2443//755
f 2444//756 2445//756 143//756
f 2446//757 2447//757 2448//757
f 144//758 2449//758 142//758
f 2449//759 2450//759 2451//759
f 2452//758 2453//758 2454//758
f 2455//760 2456//760 2457//760
f 2458//761 2459//761 2460//761
f 2457//762 2461//762 2455//762
f 147//763 2462//763 145//763
f 2462//764 2463//764 145//764
f 2464//765 2465//765 149//765
f 2466//766 2467//766 2468//766
f 150//49 2469//49 148//49
f 2470//767 2471//767 2472//767
f 2473//49 2470//49 2472//49
f 2474//767 2475//767 2476//767
f 2477//766 2478//766 2479//766
f 2480//768 2481//768 2482//768
f 2483//769 2484//769 2485//769
f 2486//770 2487//770 2488//770
f 155//771 2489//771 2490//771
f 2491//771 2492//771 2493//771
f 2494//772 2495//772 2496//772
f 2497//773 2498//773 2499//773
f 2500//774 2501//774 2502//774
f 2503//775 2504//775 2505//775
f 2506//776 2507//776 2508//776
f 2509//777 2510//777 2511//777
f 2512//778 2513//778 2514//778
f 2515//778 2512//778 2514//778
f 2516//779 2517//779 2518//779
f 2519//780 2520//780 2521//780
f 2522//781 2523//781 2524//781
f 2525//782 2526//782 2527//782
f 2528//783 2529//783 2530//783
f 164//784 2531//784 2532//784
f 2533//785 2534//785 2535//785
f 2536//785 2537//785 2538//785
f 165//785 2539//785 163//785
f 2540//786 2541//786 2542//786
f 2543//787 2544//787 2545//787
f 2546//788 2547//788 2548//788
f 2545//789 2549//789 2543//789
f 2550//790 2551//790 2552//790
f 2553//790 2554//790 166//790
f 2555//791 2556//791 2557//791
f 2558//56 2559//56 2560//56
f 2561//792 2562//792 2563//792
f 2562//793 2564//793 2565//793
f 2563//794 2562//794 2565//794
f 2566//795 2567//795 2568//795
f 2569//796 2570//796 2571//796
f 2572//797 2573//797 2574//797
f 2575//798 2576//798 2577//798
f 2578//799 2579//799 2580//799
f 2581//800 2582//800 2583//800
f 2584//801 2585//801 2586//801
f 2585//801 2587//801 2588//801
f 2586//802 2585//802 2588//802
f 2587//803 2589//803 2590//803
f 2591//804 2592//804 2593//804
f 2593//805 2594//805 2595//805
f 2596//806 2597//806 2598//806
f 2599//807 2600//807 2601//807
f 2602//808 2603//808 2604//808
f 182//809 2605//809 2606//809
f 2605//61 2607//61 2606//61
f 2606//809 183//809 182//809
f 2608//810 2609//810 2610//810
f 2611//809 2612//809 2613//809
f 2614//61 2615//61 2616//61
f 2617//811 2618//811 2619//811
f 2619//812 186//812 185//812
f 186//61 2620//61 184//61
f 2621//813 2622//813 2623//813
f 2624//61 2625//61 2626//61
f 2625//814 2627//814 2626//814
f 2628//815 2629//815 2630//815
f 2631//816 2632//816 2633//816
f 2634//817 2635//817 2636//817
f 2637//818 2638//818 2639//818
f 2640//62 192//62 191//62
f 2641//819 2642//819 2643//819
f 2644//820 2645//820 2646//820
f 190//62 2647//62 2648//62
f 2649//821 2650//821 2651//821
f 2652//822 195//822 194//822
f 2653//823 2654//823 2655//823
f 2656//824 2657//824 2658//824
f 2662//825 2663//825 2664//825
f 2665//826 2666//826 2667//826
f 2664//827 2668//827 2662//827
f 2669//64 2670//64 2671//64
f 2672//64 2673//64 2674//64
f 2675//828 2676//828 2677//828
f 2678//829 2679//829 2680//829
f 2677//65 2681//65 2675//65
f 2682//830 2683//830 2684//830
f 2685//831 2686//831 2687//831
f 2691//832 2692//832 2693//832
f 2690//832 2694//832 2688//832
f 204//832 2695//832 202//832
f 2696//833 2697//833 2698//833
f 206//834 2699//834 2700//834
f 2701//833 2702//833 2703//833
f 2704//833 2705//833 2706//833
f 2707//835 2708//835 2709//835
f 2710//836 2711//836 2712//836
f 2713//837 2714//837 2715//837
f 2716//838 2717//838 2718//838
f 2719//839 2720//839 2721//839
f 2722//840 2723//840 209//840
f 2724//68 2725//68 2726//68
f 2727//841 2728//841 2729//841
f 2730//69 2731//69 2732//69
f 2731//842 2733//842 2734//842
f 2735//69 2736//69 2737//69
f 2734//69 2733//69 2738//69
f 2739//69 2740//69 2741//69
f 2742//843 2743//843 2744//843
f 2745//844 2746//844 2747//844
f 2746//845 2748//845 2749//845
f 2750//844 2751//844 2752//844
f 2753//846 2754//846 2755//846
f 2755//71 2756//71 2753//71
f 2756//71 2757//71 2758//71
f 2759//847 2760//847 2761//847
f 2762//848 2763//848 2764//848
f 2765//849 2766//849 2767//849
f 2768//850 2769//850 2770//850
f 2769//851 2771//851 2772//851
f 2773//852 2774//852 221//852
f 2775//853 2776//853 2777//853
f 2778//854 2779//854 2780//854
f 2780//855 2781//855 2782//855
f 2783//856 2784//856 2785//856
f 2786//856 2787//856 2788//856
f 2785//857 223//857 2783//857
f 2789//858 2790//858 2791//858
f 2792//859 2793//859 2794//859
f 2795//860 2796//860 2797//860
f 2798//861 2799//861 2800//861
f 2800//862 2801//862 2798//862
f 230//863 2802//863 2803//863
f 2804//75 2805//75 2806//75
f 2805//864 2807//864 2806//864
f 231//75 2808//75 229//75
f 2808//865 2809//865 229//865
f 2810//76 2811//76 2812//76
f 2813//76 2814//76 2815//76
f 2816//866 2817//866 2818//866
f 2819//867 2820//867 2821//867
f 2822//868 2823//868 2824//868
f 2825//869 2826//869 2827//869
f 2828//870 2829//870 2830//870
f 2831//871 2832//871 2833//871
f 2834//872 2835//872 2836//872
f 2837//873 2838//873 2839//873
f 239//874 2840//874 2841//874
f 2842//874 2843//874 2844//874
f 2841//874 240//874 239//874
f 2845//875 2846//875 2847//875
f 2848//876 2849//876 2850//876
f 2851//79 2852//79 2853//79
f 2852//877 2854//877 2853//877
f 2854//79 2855//79 2853//79
f 2853//878 2856//878 2857//878
f 2858//879 2859//879 2860//879
f 2861//80 2862//80 2863//80
f 2864//880 246//880 245//880
f 246//881 2865//881 244//881
f 2866//882 2867//882 2868//882
f 2869//80 2870//80 2871//80
f 2872//883 2873//883 2874//883
f 2875//884 2876//884 2877//884
f 2878//885 2879//885 2880//885
f 2881//886 2882//886 2883//886
f 2884//887 2885//887 2886//887
f 2887//82 2888//82 251//82
f 2888//82 252//82 251//82
f 2889//82 2890//82 2891//82
f 2892//82 2893//82 2894//82
f 250//888 2895//888 2896//888
f 253//83 2897//83 2898//83
f 2899//83 2900//83 2901//83
f 2898//83 2902//83 253//83
f 2902//83 254//83 253//83
f 254//83 2903//83 255//83
f 2904//889 2905//889 2906//889
f 2907//889 2908//889 2909//889
f 2910//890 2911//890 2912//890
f 2913//891 2914//891 2915//891
f 2914//891 2916//891 2915//891
f 2917//892 2918//892 2919//892
f 2920//893 2921//893 2922//893
f 2923//894 2924//894 2925//894
f 2926//895 2927//895 2928//895
f 2929//896 2930//896 2931//896
f 2932//86 2933//86 2934//86
f 2935//897 2936//897 2937//897
f 2938//86 2939//86 264//86
f 2940//86 2941//86 2942//86
f 2943//898 2944//898 2945//898
f 2946//899 2947//899 2948//899
f 2949//87 2950//87 2951//87
f 2952//900 2953//900 2954//900
f 2955//901 2956//901 2957//901
f 2958//900 2959//900 2960//900
f 2961//902 2962//902 2963//902
f 2964//903 2965//903 2966//903
f 2963//904 2967//904 2961//904
f 2967//905 2968//905 2969//905
f 2970//906 2971//906 2972//906
f 2973//907 2974//907 2975//907
f 2976//908 2977//908 2978//908
f 2979//909 2980//909 2981//909
f 2982//910 2983//910 2984//910
f 2985//904 2986//904 2987//904
f 2988//911 2989//911 275//911
f 2990//90 2991//90 2992//90
f 2993//90 2994//90 2995//90
f 2996//912 2997//912 2998//912
f 2999//911 3000//911 2991//911
f 3001//913 279//913 278//913
f 3002//91 3003//91 3004//91
f 3005//91 3006//91 277//91
f 3007//914 3008//914 3009//914
f 3004//913 3010//913 3011//913
f 3012//915 3013//915 3014//915
f 3013//916 3015//916 3014//916
f 3016//917 3017//917 3018//917
f 3019//918 3020//918 3021//918
f 3022//918 3023//918 3024//918
f 3025//918 3026//918 3027//918
f 3028//919 3029//919 3030//919
f 3031//920 3032//920 3033//920
f 3034//921 3035//921 3036//921
f 3037//922 3038//922 3039//922
f 3040//923 3041//923 3042//923
f 3043//924 3044//924 3045//924
f 3046//925 3047//925 3048//925
f 3049//926 3050//926 3051//926
f 3052//927 3053//927 3054//927
f 3055//928 3056//928 3057//928
f 3058//929 3059//929 3060//929
f 3061//930 3058//930 3060//930
f 3062//931 3063//931 3064//931
f 3065//932 3066//932 289//932
f 3067//933 3068//933 3069//933
f 3068//934 3070//934 3069//934
f 3071//935 3072//935 3073//935
f 3074//936 3075//936 3076//936
f 3077//935 3078//935 3079//935
f 3080//937 3081//937 3082//937
f 297//938 3083//938 295//938
f 3083//97 3084//97 295//97
f 3085//939 3086//939 3087//939
f 295//97 3084//97 3088//97
f 3089//940 3090//940 3091//940
f 3092//941 3093//941 3094//941
f 3095//942 3096//942 3097//942
f 3098//943 3099//943 3100//943
f 3101//944 3102//944 3103//944
f 3104//945 3105//945 3106//945
f 3107//946 3108//946 3109//946
f 3106//947 3110//947 3104//947
f 3111//99 302//99 301//99
f 3112//948 3113//948 3114//948
f 3115//949 3116//949 3117//949
f 3118//950 3119//950 3120//950
f 3119//950 3121//950 3120//950
f 3122//951 3123//951 3124//951
f 3125//952 3126//952 3127//952
f 3128//953 3129//953 3130//953
f 3131//954 3132//954 3133//954
f 3134//955 309//955 308//955
f 3135//953 3136//953 3137//953
f 3138//956 3139//956 3140//956
f 3141//957 3142//957 3143//957
f 3144//958 3145//958 3146//958
f 3147//959 3148//959 3149//959
f 3150//960 3151//960 3152//960
f 3149//959 3148//959 3153//959
f 3154//961 3155//961 3156//961
f 3157//962 3158//962 3159//962
f 3160//963 3161//963 3162//963
f 3163//964 3164//964 3165//964
f 3166//965 3167//965 3168//965
f 3169//966 3170//966 3171//966
f 3172//967 3173//967 3174//967
f 3175//968 3176//968 3177//968
f 3178//969 3179//969 3180//969
f 3181//970 3182//970 3183//970
f 3184//971 3185//971 3186//971
f 3187//972 3188//972 3189//972
f 3190//973 3191//973 3192//973
f 3193//974 3194//974 3195//974
f 3192//973 3191//973 3196//973
f 3197//975 3198//975 3199//975
f 3200//976 3201//976 3202//976
f 3203//975 3204//975 3205//975
f 3206//977 3207//977 3208//977
f 3209//978 3210//978 3211//978
f 325//107 3212//107 326//107
f 3213//107 3214//107 3215//107
f 3216//979 3217//979 3218//979
f 327//979 3219//979 3220//979
f 327//107 3221//107 325//107
f 3222//980 3223//980 3224//980
f 3225//107 3226//107 3227//107
f 3228//981 3229//981 3230//981
f 3231//982 3232//982 3233//982
f 3234//983 3235//983 3236//983
f 3237//984 3238//984 3239//984
f 3240//984 333//984 332//984
f 333//109 3241//109 331//109
f 3242//985 3243//985 3244//985
f 3245//986 3246//986 3247//986
f 3248//987 3249//987 3250//987
f 336//988 3251//988 334//988
f 3252//110 3253//110 3254//110
f 3255//989 3256//989 3257//989
f 334//990 3258//990 3259//990
f 3260//112 3261//112 3262//112
f 3263//991 3264//991 3265//991
f 3265//991 3266//991 3267//991
f 3268//992 3269//992 3270//992
f 3271//991 3272//991 3273//991
f 341//112 3274//112 3275//112
f 3274//112 3276//112 3275//112
f 3277//112 3278//112 3279//112
f 3280//112 3281//112 3282//112
f 3283//991 3284//991 340//991
f 3285//993 3286//993 3287//993
f 3288//113 345//113 344//113
f 3289//993 3290//993 3291//993
f 3290//114 3292//114 3293//114
f 3291//993 3290//993 3293//993
f 3294//994 3295//994 3296//994
f 3295//993 3297//993 3296//993
f 3297//114 3298//114 3299//114
f 3300//995 3301//995 3302//995
f 3299//993 3298//993 3303//993
f 3304//996 3305//996 3306//996
f 3307//997 3308//997 3309//997
f 3309//997 351//997 350//997
f 3310//115 3311//115 3312//115
f 3313//997 3314//997 349//997
f 3315//998 3316//998 3317//998
f 3318//999 3319//999 3320//999
f 3321//1000 3322//1000 3323//1000
f 3324//1001 3325//1001 3326//1001
f 3323//1002 3322//1002 3327//1002
f 3328//117 3329//117 3330//117
f 3331//1003 3332//1003 3333//1003
f 3330//117 3334//117 3328//117
f 3334//117 3335//117 3336//117
f 3337//1004 3338//1004 3339//1004
f 3340//1005 3341//1005 3342//1005
f 3343//1004 3344//1004 3345//1004
f 3346//1006 3347//1006 3348//1006
f 3349//1007 3350//1007 3351//1007
f 3352//1008 3353//1008 3354//1008
f 3355//1009 3356//1009 362//1009
f 3356//1010 363//1010 362//1010
f 3357//1009 3358//1009 3359//1009
f 3360//119 3361//119 3362//119
f 3363//1011 3364//1011 3365//1011
f 3366//1012 3367//1012 3368//1012
f 3369//1013 3370//1013 3371//1013
f 3372//1014 3373//1014 3374//1014
f 3375//1015 3376//1015 3377//1015
f 3376//1016 3378//1016 3377//1016
f 3379//1017 3380//1017 3381//1017
f 3382//1018 3383//1018 3384//1018
f 3385//1019 3386//1019 3387//1019
f 369//1020 3388//1020 3389//1020
f 3390//1021 3391//1021 3392//1021
f 3393//1022 3394//1022 3395//1022
f 3395//1023 3396//1023 3397//1023
f 3398//1024 3399//1024 3400//1024
f 3397//122 3396//122 3401//122
f 3402//122 3403//122 3404//122
f 3405//1025 3406//1025 3407//1025
f 3408//1026 375//1026 374//1026
f 3409//1027 3410//1027 3411//1027
f 3412//1028 3413//1028 3414//1028
f 3415//1028 3416//1028 3417//1028
f 3418//1029 3419//1029 3420//1029
f 3421//1030 3422//1030 3423//1030
f 3420//1029 3424//1029 3418//1029
f 378//1031 3425//1031 376//1031
f 3425//1032 3426//1032 376//1032
f 3427//1033 3428//1033 3429//1033
f 3430//1034 3431//1034 3432//1034
f 3433//1034 3434//1034 3435//1034
f 3436//1035 3437//1035 3438//1035
f 3439//1034 3440//1034 3441//1034
f 3442//1036 3443//1036 3444//1036
f 3445//1037 3446//1037 3447//1037
f 3448//126 3449//126 3450//126
f 3451//126 3452//126 3453//126
f 3453//1038 3447//1038 3446//1038
f 3454//1039 3455//1039 3456//1039
f 3457//1040 3458//1040 3459//1040
f 3460//1041 3461//1041 3462//1041
f 3454//1042 3463//1042 3464//1042
f 3465//1043 3466//1043 3467//1043
f 3468//1044 3469//1044 3470//1044
f 3471//1045 390//1045 389//1045
f 390//1046 3472//1046 388//1046
f 3473//1047 3474//1047 3475//1047
f 3476//1045 3477//1045 3478//1045
f 3479//1048 3480//1048 3481//1048
f 3482//1049 3483//1049 3484//1049
f 393//1049 3485//1049 391//1049
f 3486//1050 3487//1050 3488//1050
f 391//1049 3485//1049 3489//1049
f 3490//1044 3491//1044 3492//1044
f 3493//1049 3494//1049 3495//1049
f 3499//1051 3500//1051 3501//1051
f 3502//1052 3503//1052 3504//1052
f 3505//1053 3506//1053 3507//1053
f 3506//1054 3508//1054 3507//1054
f 3507//1053 3509//1053 3505//1053
f 3509//1053 3510//1053 3511//1053
f 3512//1055 3513//1055 3514//1055
f 3515//1056 3516//1056 3517//1056
f 3518//1057 3519//1057 3520//1057
f 3517//1058 3521//1058 3515//1058
f 3525//1059 3526//1059 3527//1059
f 3528//1060 3529//1060 3530//1060
f 3531//1061 405//1061 404//1061
f 3532//1062 3533//1062 3534//1062
f 3535//1062 3536//1062 3537//1062
f 3538//1062 3539//1062 3540//1062
f 3541//1063 3542//1063 3543//1063
f 3542//133 3544//133 3543//133
f 3545//1064 3546//1064 3547//1064
f 3548//1065 3549//1065 3550//1065
f 3551//133 3552//133 3553//133
f 3554//134 3555//134 3556//134
f 3557//1066 3558//1066 3559//1066
f 411//1067 3560//1067 409//1067
f 3561//1067 3562//1067 3563//1067
f 409//134 3560//134 3564//134
f 3565//135 3566//135 3567//135
f 3568//1068 3569//1068 3570//1068
f 3571//1069 3572//1069 3573//1069
f 3574//1070 3575//1070 3576//1070
f 3577//1071 3578//1071 3579//1071
f 3580//1072 3581//1072 3582//1072
f 3583//1073 3584//1073 3585//1073
f 3586//1074 3587//1074 3588//1074
f 3589//1075 3590//1075 3591//1075
f 3592//1076 3593//1076 3594//1076
f 3595//1077 3596//1077 3597//1077
f 3598//1078 3599//1078 3600//1078
f 3604//1079 3605//1079 3606//1079
f 3607//1080 3608//1080 3609//1080
f 3610//1081 3611//1081 3612//1081
f 3613//1082 3614//1082 3615//1082
f 3616//1083 3617//1083 3618//1083
f 3619//1084 3620//1084 3621//1084
f 3622//1085 3623//1085 3624//1085
f 3625//1086 3626//1086 3627//1086
f 3628//1087 3629//1087 3630//1087
f 3631//1088 3632//1088 3633//1088
f 3634//1089 3635//1089 3636//1089
f 3637//1090 3638//1090 3639//1090
f 3640//1091 3641//1091 3642//1091
f 3643//1092 3644//1092 3645//1092
f 3646//1093 3647//1093 3648//1093
f 3649//1094 3650//1094 3651//1094
f 3652//1095 3653//1095 3654//1095
f 3655//1096 3656//1096 3657//1096
f 3658//1097 3659//1097 3660//1097
f 3661//1098 3662//1098 3663//1098
f 3664//1099 3665//1099 3666//1099
f 3667//1100 3668//1100 3669//1100
f 3673//1101 3674//1101 3675//1101
f 3676//1102 3677//1102 3678//1102
f 3679//1103 3680//1103 3681//1103
f 3682//1104 3683//1104 3684//1104
f 3685//1105 3686//1105 3687//1105
f 3688//1106 3689//1106 3690//1106
f 3687//1107 3691//1107 3685//1107
f 3692//1108 3693//1108 3694//1108
f 3695//1109 3696//1109 3697//1109
f 3701//1110 3702//1110 3703//1110
f 3704//1111 3705//1111 3706//1111
f 3707//1112 3708//1112 3709//1112
f 3710//1113 3711//1113 3712//1113
f 3713//1114 3714//1114 3715//1114
f 3716//1115 3717//1115 3718//1115
f 3719//1116 3720//1116 3721//1116
f 3722//1117 3723//1117 3724//1117
f 3725//1118 3726//1118 3727//1118
f 3728//1119 3729//1119 3730//1119
f 3731//1120 3732//1120 3733//1120
f 3734//1121 3735//1121 3736//1121
f 3737//1122 3738//1122 3739//1122
f 3740//1123 3741//1123 3742//1123
f 3743//1124 3744//1124 3745//1124
f 3746//1125 3747//1125 3748//1125
f 3749//1126 3750//1126 3751//1126
f 3752//1127 3753//1127 3754//1127
f 3755//1128 3756//1128 3757//1128
f 3758//1129 3759//1129 3760//1129
f 3761//1130 3762//1130 3763//1130
f 3764//1131 3765//1131 3766//1131
f 3767//1132 3768//1132 3769//1132
f 3770//1133 3771//1133 3772//1133
f 3773//1134 3774//1134 3775//1134
f 3776//1135 3777//1135 3778//1135
f 3779//1136 3780//1136 3781//1136
f 3782//1137 3783//1137 3784//1137
f 3785//1138 3786//1138 3787//1138
f 3788//1139 3789//1139 3790//1139
f 3791//1140 3792//1140 3793//1140
f 3794//1141 3795//1141 3796//1141
f 3797//1142 3798//1142 3799//1142
f 3800//1143 3801//1143 3802//1143
f 3803//1144 3804//1144 3805//1144
f 3806//1145 3807//1145 3808//1145
f 3809//1146 3810//1146 3811//1146
f 3812//1147 3813//1147 3814//1147
f 3815//1148 3816//1148 3817//1148
f 3818//1149 3819//1149 3820//1149
f 3824//1150 3825//1150 3826//1150
f 3827//1151 3828//1151 3829//1151
f 3830//1152 3831//1152 3832//1152
f 3833//1153 3834//1153 3835//1153
f 3836//1154 3837//1154 3838//1154
f 3839//1155 3840//1155 3841//1155
f 3842//1156 3843//1156 3844//1156
f 3845//1157 3846//1157 3847//1157
f 3848//1158 3849//1158 3850//1158
f 3851//1159 3852//1159 3853//1159
f 3854//1160 3855//1160 3856//1160
f 3857//1161 3858//1161 3859//1161
f 3860//1162 3861//1162 3862//1162
f 3863//1163 3864//1163 3865//1163
f 3866//1164 3867//1164 3868//1164
f 3869//1165 3870//1165 3871//1165
f 3872//1166 3873//1166 3874//1166
f 3875//1167 3876//1167 3877//1167
f 3878//1168 3879//1168 3880//1168
f 3881//1169 3882//1169 3883//1169
f 3884//1170 3885//1170 3886//1170
f 3887//1171 3888//1171 3889//1171
f 3890//1172 3891//1172 3892//1172
f 3893//1173 3894//1173 3895//1173
f 3896//1174 3897//1174 3898//1174
f 3899//1175 3900//1175 3901//1175
f 3902//1176 3903//1176 3904//1176
f 3905//1177 3906//1177 3907//1177
f 3908//1178 3909//1178 3910//1178
f 3911//1179 3912//1179 3913//1179
f 3912//1180 3914//1180 3915//1180
f 3908//1179 3916//1179 3917//1179
f 3918//1181 3919//1181 3920//1181
f 3921//1182 3922//1182 3923//1182
f 3924//156 3925//156 3926//156
f 3930//1183 3931//1183 3932//1183
f 3933//1184 3934//1184 3935//1184
f 3936//1185 3937//1185 3938//1185
f 3939//1186 3940//1186 3941//1186
f 3942//1187 3943//1187 3944//1187
f 3945//1188 3946//1188 3947//1188
f 3948//1189 3949//1189 3950//1189
f 3951//1190 3952//1190 3953//1190
f 3954//1191 3955//1191 3956//1191
f 3957//1192 3958//1192 3959//1192
f 3960//1193 3961//1193 3962//1193
f 3963//1194 3964//1194 3965//1194
f 3966//1195 3967//1195 3968//1195
f 3969//1196 3970//1196 3971//1196
f 3972//1197 3973//1197 3974//1197
f 3975//1198 3976//1198 3977//1198
f 3978//1199 3979//1199 3980//1199
f 3981//1200 3982//1200 3983//1200
f 3984//1201 3985//1201 3986//1201
f 3987//1202 3988//1202 3989//1202
f 3990//1203 3991//1203 3992//1203
f 3993//1204 3994//1204 3995//1204
f 3996//1205 3997//1205 3998//1205
f 3999//1206 4000//1206 4001//1206
f 4002//1207 4003//1207 4004//1207
f 4005//1208 4006//1208 4007//1208
f 4008//1209 4009//1209 4010//1209
f 4011//1210 4012//1210 4013//1210
f 4014//1211 4015//1211 4016//1211
f 4017//1212 4018//1212 4019//1212
f 4020//1213 4021//1213 4022//1213
f 4023//1214 4024//1214 4025//1214
f 4026//1215 4027//1215 4028//1215
f 4029//1216 4030//1216 4031//1216
f 4032//1217 4033//1217 4034//1217
f 4035//1218 4036//1218 4037//1218
f 4038//1219 4039//1219 4040//1219
f 4041//1220 4042//1220 4043//1220
f 4044//1221 4045//1221 4046//1221
f 4047//1222 4048//1222 4049//1222
f 4050//1223 4051//1223 4052//1223
f 4053//1224 4054//1224 4055//1224
f 4056//1225 4057//1225 4058//1225
f 4062//1226 4063//1226 4064//1226
f 4065//1227 4066//1227 4067//1227
f 4068//1228 4069//1228 4070//1228
f 4071//1229 4072//1229 4073//1229
f 4074//1230 4075//1230 4076//1230
f 4077//1231 4078//1231 4079//1231
f 4080//1232 4081//1232 4082//1232
f 4083//1233 4084//1233 4085//1233
f 4086//1234 4087//1234 4088//1234
f 4089//1235 4090//1235 4091//1235
f 4088//1236 4092//1236 4086//1236
f 4096//1237 4097//1237 4098//1237
f 4099//1238 4100//1238 4101//1238
f 4102//1239 4103//1239 4104//1239
f 4105//1240 4106//1240 4107//1240
f 4108//1241 4109//1241 4110//1241
f 4111//1242 4112//1242 4113//1242
f 4114//1243 4115//1243 4116//1243
f 4117//1244 4118//1244 4119//1244
f 4120//1245 4121//1245 4122//1245
f 4123//1246 4124//1246 4125//1246
f 4126//1247 4127//1247 4128//1247
f 4129//1248 4130//1248 4131//1248
f 4132//1249 4133//1249 4134//1249
f 4131//1248 4135//1248 4129//1248
f 4136//1250 4137//1250 4138//1250
f 4139//1251 4140//1251 4141//1251
f 4142//1252 4143//1252 4144//1252
f 4145//1253 4146//1253 4147//1253
f 4148//1254 4149//1254 4150//1254
f 4151//1255 4152//1255 4153//1255
f 4154//1256 4155//1256 4156//1256
f 4157//1257 4158//1257 4159//1257
f 4160//1258 4161//1258 4162//1258
f 4163//1259 4164//1259 4165//1259
f 4166//1260 4167//1260 4168//1260
f 4169//1261 4170//1261 4171//1261
f 4172//1262 4173//1262 4174//1262
f 4175//1263 4176//1263 4177//1263
f 4178//1264 4179//1264 4180//1264
f 4181//1265 4182//1265 4183//1265
f 4184//1266 4185//1266 4186//1266
f 4187//1267 4188//1267 4189//1267
f 4190//1268 4191//1268 4192//1268
f 4193//1269 4194//1269 4195//1269
f 4196//1270 4197//1270 4198//1270
f 4199//1271 4200//1271 4201//1271
f 4202//1272 4203//1272 4204//1272
f 4205//1273 4206//1273 4207//1273
f 4208//1274 4209//1274 4210//1274
f 4211//1275 4212//1275 4213//1275
f 4214//1276 4215//1276 4216//1276
f 4217//1277 4218//1277 4219//1277
f 4220//1278 4221//1278 4222//1278
f 4223//1279 4224//1279 4225//1279
f 4226//1280 4227//1280 4228//1280
f 4229//1281 4230//1281 4231//1281
f 4232//1282 4233//1282 4234//1282
f 4235//1283 4236//1283 4237//1283
f 4238//1284 4239//1284 4240//1284
f 4237//1285 4236//1285 4241//1285
f 4242//1286 4243//1286 4244//1286
f 4245//1287 4246//1287 4247//1287
f 4248//1288 4249//1288 4250//1288
f 4251//1289 4252//1289 4253//1289
f 4254//1290 4255//1290 4256//1290
f 4257//1291 4258//1291 4259//1291
f 4260//1292 4261//1292 4262//1292
f 4263//1293 4264//1293 4265//1293
f 4266//1294 4267//1294 4268//1294
f 4272//1295 4273//1295 4274//1295
f 4275//1296 4276//1296 4277//1296
f 4278//1297 4279//1297 4280//1297
f 4281//1298 4282//1298 4283//1298
f 4284//1299 4285//1299 4286//1299
f 4287//1300 4288//1300 4289//1300
f 4290//1301 4291//1301 4292//1301
f 4293//1302 4294//1302 4295//1302
f 4296//1303 4297//1303 4298//1303
f 4299//1304 4300//1304 4301//1304
f 4302//1305 4303//1305 4304//1305
f 4305//1306 4306//1306 4307//1306
f 4308//1307 4309//1307 4310//1307
f 4311//1308 4312//1308 4313//1308
f 4314//1309 4315//1309 4316//1309
f 4317//1307 4310//1307 4318//1307
f 4319//1310 4320//1310 4321//1310
f 4322//1311 4323//1311 4324//1311
f 4325//1312 4326//1312 4327//1312
f 4328//1313 4329//1313 4330//1313
f 4331//182 4332//182 4333//182
f 4334//1314 4335//1314 4336//1314
f 4337//1315 4338//1315 4339//1315
f 4340//1316 4341//1316 4342//1316
f 4343//1317 4342//1317 4344//1317
f 4345//1315 4346//1315 4347//1315
f 4348//1318 4349//1318 4350//1318
f 4351//1319 4352//1319 4353//1319
f 4354//1318 4355//1318 4356//1318
f 4357//1320 4358//1320 4359//1320
f 4360//1321 4361//1321 4362//1321
f 4363//1322 4364//1322 4365//1322
f 4366//1323 4367//1323 4368//1323
f 4369//1324 4370//1324 4371//1324
f 4365//185 4372//185 4363//185
f 4373//1325 4374//1325 4375//1325
f 4376//1326 4377//1326 4378//1326
f 4379//186 4380//186 4381//186
f 4382//1327 4383//1327 4384//1327
f 4385//1327 4382//1327 4386//1327
f 4387//1328 4388//1328 4389//1328
f 4390//1329 4391//1329 4392//1329
f 4393//1330 4394//1330 4395//1330
f 4396//1331 4397//1331 4398//1331
f 4399//1332 4400//1332 4401//1332
f 4402//1333 4403//1333 4404//1333
f 4405//1334 4406//1334 4407//1334
f 4408//1335 4409//1335 4410//1335
f 4411//1334 4412//1334 4413//1334
f 4414//1336 4411//1336 4415//1336
f 4416//188 4417//188 4418//188
f 4419//1337 4420//1337 4421//1337
f 4422//189 4423//189 4424//189
f 4425//1338 4426//1338 4427//1338
f 4428//1338 4429//1338 4430//1338
f 4431//1339 4432//1339 4433//1339
f 4434//1340 4435//1340 4436//1340
f 4437//1341 4438//1341 4439//1341
f 4440//1342 4441//1342 4442//1342
f 4443//1340 4444//1340 4445//1340
f 4446//1343 4447//1343 4448//1343
f 4449//1344 4450//1344 4451//1344
f 4452//191 594//191 4453//191
f 4454//1345 4455//1345 4456//1345
f 4449//1346 4457//1346 4458//1346
f 4459//1347 4460//1347 4461//1347
f 4462//1348 4463//1348 4464//1348
f 4465//1349 4466//1349 4467//1349
f 4468//1350 597//1350 596//1350
f 4469//1351 4470//1351 4471//1351
f 4472//1352 4473//1352 4474//1352
f 4475//1353 4476//1353 4477//1353
f 4478//193 4479//193 4480//193
f 4481//1354 4482//1354 4483//1354
f 4484//1353 4485//1353 4486//1353
f 4487//1354 4488//1354 4489//1354
f 4490//1355 4491//1355 4492//1355
f 4493//1356 4494//1356 4495//1356
f 4496//1356 4497//1356 4498//1356
f 4490//1357 4499//1357 4500//1357
f 4501//194 4502//194 4503//194
f 4504//1358 4505//1358 4506//1358
f 4507//1359 4508//1359 4509//1359
f 606//1360 4510//1360 604//1360
f 4511//1358 4512//1358 4513//1358
f 4514//1361 4515//1361 4516//1361
f 4517//1362 4518//1362 4519//1362
f 4520//196 609//196 4521//196
f 4522//1362 4523//1362 4524//1362
f 4525//1363 4522//1363 4526//1363
f 4523//1363 4527//1363 4524//1363
f 4528//1364 4529//1364 4530//1364
f 4531//1365 4532//1365 4533//1365
f 4534//197 4535//197 4536//197
f 4537//1366 4538//1366 4539//1366
f 4535//1367 4540//1367 4541//1367
f 4542//198 4543//198 4544//198
f 4545//1368 4546//1368 4547//1368
f 4548//1369 4549//1369 4544//1369
f 4547//1370 4550//1370 4551//1370
f 4550//1371 4552//1371 4551//1371
f 4553//1372 4554//1372 4555//1372
f 4556//1373 4557//1373 4558//1373
f 4559//1373 4560//1373 4561//1373
f 4560//1374 4562//1374 4561//1374
f 4563//199 4564//199 4565//199
f 4566//1375 4567//1375 4568//1375
f 4569//1376 4570//1376 4571//1376
f 4572//1377 4573//1377 4574//1377
f 4575//1378 4576//1378 4577//1378
f 4578//1379 4579//1379 4580//1379
f 4581//1380 4582//1380 4583//1380
f 4584//1381 4585//1381 4586//1381
f 4587//1382 4588//1382 4589//1382
f 4590//1383 4591//1383 4592//1383
f 4593//1384 4594//1384 4595//1384
f 4596//1385 4597//1385 4598//1385
f 4599//1386 4600//1386 4601//1386
f 4602//1387 4603//1387 4604//1387
f 4605//1388 4606//1388 4607//1388
f 4608//1389 4609//1389 4610//1389
f 4611//1390 4612//1390 4613//1390
f 4614//1391 4615//1391 4616//1391
f 4617//1392 4618//1392 4619//1392
f 4620//202 4621//202 4622//202
f 4623//1393 4624//1393 4625//1393
f 4626//1394 4627//1394 4628//1394
f 4629//1395 4630//1395 4631//1395
f 4632//1396 4633//1396 4634//1396
f 4635//1397 4636//1397 4637//1397
f 4638//1398 4639//1398 4640//1398
f 4641//1399 4642//1399 4643//1399
f 4644//1400 4645//1400 4646//1400
f 4647//1401 4648//1401 4649//1401
f 4650//1402 4651//1402 4652//1402
f 4653//1403 4654//1403 4655//1403
f 4656//1404 4657//1404 4658//1404
f 4659//1405 4660//1405 4661//1405
f 4662//1406 4663//1406 4664//1406
f 4665//1407 4666//1407 4667//1407
f 4668//1408 4669//1408 4670//1408
f 4671//1409 4672//1409 4673//1409
f 4674//1410 4675//1410 4676//1410
f 4677//1411 4678//1411 4679//1411
f 4680//1412 4681//1412 4682//1412
f 4683//1413 4684//1413 4685//1413
f 4686//1414 4687//1414 4688//1414
f 4689//1415 4690//1415 4691//1415
f 4692//1416 4693//1416 4694//1416
f 4695//1417 4696//1417 4697//1417
f 4698//1418 4699//1418 4700//1418
f 4701//1419 4702//1419 4703//1419
f 4704//1420 4705//1420 4706//1420
f 4707//1421 4708//1421 4709//1421
f 4710//1422 4711//1422 4712//1422
f 4713//1423 4714//1423 4715//1423
f 4716//1424 4717//1424 4718//1424
f 4719//1425 4720//1425 4721//1425
f 4722//1426 4723//1426 4724//1426
f 4725//1427 4726//1427 4727//1427
f 4728//1428 4729//1428 4730//1428
f 4731//1429 4732//1429 4733//1429
f 4734//210 4735//210 4736//210
f 4737//1430 4738//1430 4739//1430
f 4743//1431 4744//1431 4745//1431
f 4746//1432 4747//1432 4748//1432
f 4749//1433 4750//1433 4751//1433
f 4752//1434 4753//1434 4754//1434
f 4755//1435 4756//1435 4757//1435
f 4758//1436 4759//1436 4760//1436
f 4761//1437 4762//1437 4763//1437
f 4764//1438 4765//1438 4766//1438
f 4770//1439 4771//1439 4772//1439
f 4773//1440 4774//1440 4775//1440
f 4776//1441 4777//1441 4778//1441
f 4779//213 663//213 662//213
f 4780//1442 4781//1442 4782//1442
f 4783//1443 4784//1443 4785//1443
f 4786//1444 4787//1444 4788//1444
f 4789//1445 4790//1445 4791//1445
f 4792//1446 4793//1446 4794//1446
f 4795//1447 4796//1447 4797//1447
f 4798//1448 4799//1448 4800//1448
f 4801//1449 4802//1449 4803//1449
f 4804//1450 4805//1450 4806//1450
f 4807//1451 4808//1451 4809//1451
f 4810//1452 4811//1452 4812//1452
f 4813//1453 4814//1453 4815//1453
f 4816//1454 4817//1454 4818//1454
f 4819//1455 4820//1455 4821//1455
f 4822//1456 4823//1456 4824//1456
f 4825//1457 4826//1457 4827//1457
f 4828//1458 4829//1458 4830//1458
f 4831//1459 4832//1459 4833//1459
f 4834//1460 4835//1460 4836//1460
f 4837//1461 4838//1461 4839//1461
f 4840//1462 4841//1462 4842//1462
f 4843//1463 4844//1463 4845//1463
f 4846//1464 4847//1464 4848//1464
f 4849//1465 4850//1465 4851//1465
f 4852//1466 4853//1466 4854//1466
f 4855//1467 4856//1467 4857//1467
f 4858//1468 4859//1468 4860//1468
f 4861//1469 4862//1469 4863//1469
f 4864//1470 4865//1470 4866//1470
f 4867//1471 4868//1471 4869//1471
f 4870//1472 4871//1472 4872//1472
f 4873//1473 4874//1473 4875//1473
f 4876//1474 4877//1474 4878//1474
f 4879//1475 4880//1475 4881//1475
f 4882//1476 4883//1476 4884//1476
f 4885//1477 4886//1477 4887//1477
f 684//1478 4888//1478 682//1478
f 4889//1479 4890//1479 4891//1479
f 4892//1480 4893//1480 4894//1480
f 4895//1481 4896//1481 4897//1481
f 4898//1482 4899//1482 4900//1482
f 4901//1483 4902//1483 4903//1483
f 4904//1484 4905//1484 4906//1484
f 4907//1485 4908//1485 4909//1485
f 4910//1486 4911//1486 4912//1486
f 4913//1487 4914//1487 4915//1487
f 4919//1488 4920//1488 4921//1488
f 4922//1489 4923//1489 4924//1489
f 4925//1490 4926//1490 4927//1490
f 4928//1491 4929//1491 4930//1491
f 4931//1492 4932//1492 4933//1492
f 4934//1493 4935//1493 4936//1493
f 4937//1494 4938//1494 4939//1494
f 4940//1495 4941//1495 4942//1495
f 4943//1496 4944//1496 4945//1496
f 4946//1497 4947//1497 4948//1497
f 4949//1498 4950//1498 4951//1498
f 4952//1499 4953//1499 4954//1499
f 4955//1500 4956//1500 4957//1500
f 4958//1501 4959//1501 4960//1501
f 4961//1501 4958//1501 4960//1501
f 4962//1502 4963//1502 4964//1502
f 4965//1503 4966//1503 4967//1503
f 4968//1504 4969//1504 4970//1504
f 4971//1505 4972//1505 4973//1505
f 4974//1506 4975//1506 4976//1506
f 4977//1505 4978//1505 4979//1505
f 4980//1507 4981//1507 4982//1507
f 4983//1508 4984//1508 4985//1508
f 4986//227 4987//227 4988//227
f 4989//1509 4990//1509 4991//1509
f 4992//1509 4993//1509 4994//1509
f 4995//1510 4996//1510 4997//1510
f 4998//1511 4999//1511 5000//1511
f 5001//1511 5002//1511 5003//1511
f 5004//1512 5001//1512 5003//1512
f 5005//1513 5006//1513 5007//1513
f 5008//1514 5009//1514 5010//1514
f 5011//1515 5012//1515 5013//1515
f 5014//1515 5015//1515 5016//1515
f 5017//1516 5018//1516 5019//1516
f 5020//1517 5021//1517 5022//1517
f 713//1518 5023//1518 714//1518
f 5024//1519 5025//1519 5026//1519
f 5027//230 5028//230 712//230
f 5029//1520 5030//1520 5031//1520
f 5032//1518 5033//1518 5034//1518
f 5035//1521 5036//1521 5037//1521
f 5038//1522 5039//1522 5040//1522
f 5041//1523 5042//1523 5043//1523
f 5044//1524 5045//1524 5046//1524
f 5047//1525 5048//1525 5049//1525
f 5050//1526 5051//1526 5052//1526
f 5053//1527 5054//1527 5055//1527
f 5056//1528 5057//1528 5058//1528
f 5059//1528 5060//1528 5061//1528
f 5062//1526 5055//1526 5063//1526
f 5064//1529 5065//1529 5066//1529
f 723//1530 5067//1530 721//1530
f 5068//233 5069//233 5070//233
f 5071//1530 5072//1530 5073//1530
f 5074//1531 5075//1531 5076//1531
f 5077//1532 5078//1532 5079//1532
f 5080//1533 5081//1533 5082//1533
f 5083//1534 5084//1534 5085//1534
f 5086//1535 5087//1535 5088//1535
f 5089//1536 5090//1536 5091//1536
f 5092//235 5093//235 5094//235
f 5094//1537 5095//1537 5096//1537
f 5097//235 5098//235 5099//235
f 5094//235 5096//235 5092//235
f 5100//1538 5101//1538 5102//1538
f 5103//1539 5104//1539 5105//1539
f 5106//1540 5107//1540 5108//1540
f 732//1541 5109//1541 730//1541
f 5110//1542 5111//1542 5112//1542
f 5113//1543 5114//1543 5115//1543
f 5116//237 5117//237 5118//237
f 5118//1544 5119//1544 5120//1544
f 5121//1545 5122//1545 5123//1545
f 5124//1546 5125//1546 5126//1546
f 5127//1547 5128//1547 5129//1547
f 5130//1548 5131//1548 5132//1548
f 5133//1549 5134//1549 5135//1549
f 5136//1549 5137//1549 5138//1549
f 5130//238 5136//238 5138//238
f 5137//1549 5139//1549 5140//1549
f 5141//1550 5142//1550 5143//1550
f 5144//1551 5145//1551 5146//1551
f 5147//1552 741//1552 740//1552
f 5148//1553 5149//1553 5150//1553
f 5151//1554 5152//1554 5153//1554
f 5154//1555 5155//1555 5156//1555
f 5157//1556 5158//1556 5159//1556
f 5160//1557 5161//1557 5162//1557
f 5163//1558 5162//1558 5164//1558
f 5165//1556 5166//1556 5167//1556
f 5168//1559 5169//1559 5170//1559
f 5171//1560 5172//1560 5173//1560
f 747//1561 5174//1561 745//1561
f 5175//1562 5176//1562 5177//1562
f 5178//1563 5179//1563 5180//1563
f 5181//1564 5182//1564 5183//1564
f 5184//1565 5185//1565 748//1565
f 5186//1565 5187//1565 5188//1565
f 5189//1566 5190//1566 5191//1566
f 5192//1567 748//1567 5185//1567
f 5193//1568 5194//1568 5195//1568
f 5196//1569 5197//1569 5198//1569
f 5199//1570 5200//1570 5201//1570
f 5198//242 5202//242 5196//242
f 5203//1568 5204//1568 5205//1568
f 5206//1571 5207//1571 5208//1571
f 5209//1572 5210//1572 5211//1572
f 5215//1573 5216//1573 5217//1573
f 5218//1574 5219//1574 5220//1574
f 5221//1575 5222//1575 5223//1575
f 5224//1576 5225//1576 5226//1576
f 5227//1577 5228//1577 5229//1577
f 5230//1578 5231//1578 5232//1578
f 5233//1579 5234//1579 5235//1579
f 5236//1580 5237//1580 5238//1580
f 5239//1581 5240//1581 5241//1581
f 5242//1582 5243//1582 5244//1582
f 5245//1583 5246//1583 5247//1583
f 5248//1584 5249//1584 5250//1584
f 5251//1585 5252//1585 5253//1585
f 5254//1586 5255//1586 5256//1586
f 5257//1587 5258//1587 5259//1587
f 5260//1588 5261//1588 5262//1588
f 5263//1589 5264//1589 5265//1589
f 5266//1590 5267//1590 5268//1590
f 5269//1591 5270//1591 5271//1591
f 5272//1592 5273//1592 5274//1592
f 5275//1593 5276//1593 5277//1593
f 5278//1594 5279//1594 5280//1594
f 5281//1595 5282//1595 5283//1595
f 5284//1596 5285//1596 5286//1596
f 5287//1597 5288//1597 5289//1597
f 5290//1598 5291//1598 5292//1598
f 5293//1599 5294//1599 5295//1599
f 5296//1600 5297//1600 5298//1600
f 5299//1601 5300//1601 5301//1601
f 5302//1602 5303//1602 5304//1602
f 5305//1603 5306//1603 5307//1603
f 5308//1604 5309//1604 5310//1604
f 5311//1605 5312//1605 5313//1605
f 5314//1606 5315//1606 5316//1606
f 5317//1607 5318//1607 5319//1607
f 5320//1608 5321//1608 5322//1608
f 5323//1609 5324//1609 5325//1609
f 5326//1610 5327//1610 5328//1610
f 5329//1611 5330//1611 5331//1611
f 5332//1612 5333//1612 5334//1612
f 5335//1613 5336//1613 5337//1613
f 5338//1614 5339//1614 5340//1614
f 5341//1615 5342//1615 5343//1615
f 5344//1616 5345//1616 5346//1616
f 5347//1617 5348//1617 5349//1617
f 5350//1618 5351//1618 5352//1618
f 5353//1619 5354//1619 5355//1619
f 5356//1620 5357//1620 5358//1620
f 5359//1621 5360//1621 5361//1621
f 5362//1622 5363//1622 5364//1622
f 5365//1623 5366//1623 5367//1623
f 5368//1624 5369//1624 5370//1624
f 5371//1625 5372//1625 5373//1625
f 789//254 5374//254 787//254
f 5375//1626 5376//1626 5377//1626
f 5378//1627 5379//1627 5380//1627
f 5381//1628 5382//1628 5383//1628
f 5384//1629 5385//1629 5386//1629
f 5387//1630 5388//1630 5389//1630
f 5390//1631 5391//1631 5392//1631
f 5393//1632 5394//1632 5395//1632
f 5396//1633 5397//1633 5398//1633
f 5399//1634 5400//1634 5401//1634
f 5402//1635 5403//1635 5404//1635
f 5405//1636 5406//1636 5407//1636
f 5408//1637 5409//1637 5410//1637
f 5411//1638 5412//1638 5413//1638
f 5414//1639 5415//1639 5416//1639
f 5417//1640 5418//1640 5419//1640
f 5420//1641 5421//1641 5422//1641
f 5423//1642 5424//1642 5425//1642
f 5426//1643 5427//1643 5428//1643
f 5429//1644 5430//1644 5431//1644
f 5432//1645 5433//1645 5434//1645
f 5435//1646 5436//1646 5437//1646
f 5438//1647 5439//1647 5440//1647
f 5441//1648 5442//1648 5443//1648
f 5444//1649 5445//1649 5446//1649
f 5447//1650 5448//1650 5449//1650
f 5450//1651 5451//1651 5452//1651
f 5453//1652 5454//1652 5455//1652
f 5456//1653 5457//1653 5458//1653
f 5459//1654 5460//1654 5461//1654
f 5462//1655 5463//1655 5464//1655
f 5463//1656 5465//1656 5464//1656
f 5466//1657 5467//1657 5468//1657
f 5468//1658 5469//1658 5466//1658
f 5470//1659 5471//1659 5472//1659
f 5473//1660 5474//1660 5475//1660
f 5476//1661 5477//1661 5478//1661
f 5479//1662 5480//1662 5481//1662
f 5482//1663 5483//1663 5484//1663
f 5485//1664 5486//1664 5487//1664
f 5488//1665 5489//1665 5490//1665
f 5491//1666 5492//1666 5493//1666
f 5494//1667 5495//1667 5496//1667
f 5497//1668 5498//1668 5499//1668
f 5500//1669 5501//1669 5502//1669
f 5503//1670 5504//1670 5505//1670
f 5506//1671 5507//1671 5508//1671
f 5509//1672 5510//1672 5511//1672
f 5512//1673 5513//1673 5514//1673
f 5515//1674 5516//1674 5517//1674
f 5518//1675 5519//1675 5520//1675
f 5521//1676 5522//1676 5523//1676
f 5524//1677 5525//1677 5526//1677
f 5527//1678 5528//1678 5529//1678
f 5530//1679 5531//1679 5532//1679
f 5533//1680 5534//1680 5535//1680
f 5536//1681 5537//1681 5538//1681
f 5539//1682 5540//1682 5541//1682
f 5542//1683 5543//1683 5544//1683
f 5545//1684 5546//1684 5547//1684
f 5548//1685 5549//1685 5550//1685
f 5551//1686 5552//1686 5553//1686
f 5554//1687 5555//1687 5556//1687
f 5557//1688 5558//1688 5559//1688
f 5560//1689 5561//1689 5562//1689
f 5563//1690 5564//1690 5565//1690
f 5566//1691 5567//1691 5568//1691
f 5569//1692 5570//1692 5571//1692
f 5575//1693 5576//1693 5577//1693
f 5578//1694 5579//1694 5580//1694
f 5581//1695 5582//1695 5583//1695
f 5584//1696 5585//1696 5586//1696
f 5587//1697 5588//1697 5589//1697
f 5590//1698 5591//1698 5592//1698
f 5593//1699 5594//1699 5595//1699
f 5596//1700 5597//1700 5598//1700
f 5599//1701 5600//1701 5601//1701
f 5602//1702 5603//1702 5604//1702
f 5605//1703 5606//1703 5607//1703
f 5608//1704 5609//1704 5610//1704
f 5611//1705 5612//1705 5613//1705
f 5614//1706 5615//1706 5616//1706
f 5617//1707 5618//1707 5619//1707
f 5620//1708 5621//1708 5622//1708
f 5623//1709 5624//1709 5625//1709
f 5626//1710 5627//1710 5628//1710
f 5629//1711 5630//1711 5631//1711
f 5632//1712 5633//1712 5634//1712
f 5635//1713 5636//1713 5637//1713
f 5638//1714 5639//1714 5640//1714
f 5641//1715 5642//1715 5643//1715
f 5644//1716 5645//1716 5646//1716
f 5647//1717 5648//1717 5649//1717
f 5650//1718 5651//1718 5652//1718
f 5653//1719 5654//1719 5655//1719
f 5656//1720 5657//1720 5658//1720
f 5659//1721 5660//1721 5661//1721
f 5662//1722 5663//1722 5664//1722
f 5665//1723 5666//1723 5667//1723
f 5668//1724 5669//1724 5670//1724
f 5671//1725 5672//1725 5673//1725
f 5674//1726 5675//1726 5676//1726
f 5677//1727 5678//1727 5679//1727
f 5680//1728 5681//1728 5682//1728
f 5683//1729 5684//1729 5685//1729
f 5686//1730 5687//1730 5688//1730
f 5689//1731 5690//1731 5691//1731
f 5692//1732 5693//1732 5694//1732
f 5698//1733 5699//1733 5700//1733
f 5701//1734 5702//1734 5703//1734
f 5704//1735 5705//1735 5706//1735
f 5707//1736 5708//1736 5709//1736
f 5710//1737 5711//1737 5712//1737
f 5713//1738 5714//1738 5715//1738
f 5716//1739 5717//1739 5718//1739
f 5719//1740 5720//1740 5721//1740
f 5722//1741 5723//1741 5724//1741
f 5725//1742 5726//1742 5727//1742
f 5728//1743 5729//1743 5730//1743
f 5731//1744 5732//1744 5733//1744
f 5734//1745 5735//1745 5736//1745
f 5737//1746 5738//1746 5739//1746
f 5740//1747 5741//1747 5742//1747
f 5743//1748 5744//1748 5745//1748
f 5746//1749 5747//1749 5748//1749
f 5749//1750 5750//1750 5751//1750
f 5752//1751 5753//1751 5754//1751
f 5755//1752 5756//1752 5757//1752
f 5758//1753 5759//1753 5760//1753
f 5761//1754 5762//1754 5763//1754
f 5764//1755 5765//1755 5766//1755
f 5767//1756 5768//1756 5769//1756
f 5770//1757 5771//1757 5772//1757
f 5773//1758 5774//1758 5775//1758
f 5776//1759 5777//1759 5778//1759
f 5779//1760 5780//1760 5781//1760
f 5782//1761 5783//1761 5784//1761
f 5785//1762 5786//1762 5787//1762
f 5788//1763 5789//1763 5790//1763
f 5791//1764 5792//1764 5793//1764
f 5794//1765 5795//1765 5796//1765
f 5797//1766 5798//1766 5799//1766
f 5800//1767 5801//1767 5802//1767
f 5803//1768 5804//1768 5805//1768
f 5806//1769 5807//1769 5808//1769
f 5809//1770 5810//1770 5811//1770
f 5812//1771 5813//1771 5814//1771
f 5815//1772 5816//1772 5817//1772
f 5818//1773 5819//1773 5820//1773
f 5821//1774 5822//1774 5823//1774
f 5824//1775 5825//1775 5826//1775
f 5827//1776 5828//1776 5829//1776
f 5830//1777 5831//1777 5832//1777
f 5833//1778 5834//1778 5835//1778
f 5836//1779 5837//1779 5838//1779
f 5839//1780 5840//1780 5841//1780
f 5842//1781 5843//1781 5844//1781
f 884//1782 5845//1782 5846//1782
f 5845//285 5847//285 5846//285
f 5846//1782 885//1782 884//1782
f 885//1782 5848//1782 883//1782
f 5849//1783 5850//1783 5851//1783
f 5852//1784 5853//1784 5854//1784
f 5855//1785 5856//1785 5857//1785
f 5858//1786 5859//1786 5860//1786
f 5861//1787 5862//1787 5863//1787
f 5864//1788 5865//1788 5866//1788
f 5867//1789 5868//1789 5869//1789
f 5870//1790 5871//1790 5872//1790
f 5873//1791 5874//1791 5875//1791
f 5876//1792 5877//1792 5878//1792
f 5879//1793 5880//1793 5881//1793
f 5882//1794 5883//1794 5884//1794
f 5885//1795 5886//1795 5887//1795
f 5888//1796 5889//1796 5890//1796
f 5891//1797 5892//1797 5893//1797
f 5894//1798 5895//1798 5896//1798
f 5897//1799 5898//1799 5899//1799
f 5900//1800 5901//1800 5902//1800
f 5903//1801 5904//1801 5905//1801
f 5906//1802 5907//1802 5908//1802
f 5909//1803 5910//1803 5911//1803
f 5912//1804 900//1804 899//1804
f 5913//1805 5914//1805 5915//1805
f 5916//1806 5917//1806 5918//1806
f 5919//1807 5920//1807 5921//1807
f 5922//1808 5923//1808 5924//1808
f 5925//1809 5926//1809 5927//1809
f 5928//1810 5929//1810 5930//1810
f 5931//1811 5932//1811 5933//1811
f 5934//1812 5935//1812 5936//1812
f 5937//1813 5938//1813 5939//1813
f 5940//1814 5941//1814 5942//1814
f 5943//1815 5944//1815 5945//1815
f 5946//1816 5947//1816 5948//1816
f 5949//1817 5950//1817 5951//1817
f 5952//1818 5953//1818 5954//1818
f 5955//1819 5956//1819 5957//1819
f 5958//1820 5959//1820 5960//1820
f 5961//1821 5962//1821 5963//1821
f 5964//1822 5965//1822 5966//1822
f 5967//1823 5968//1823 5969//1823
f 5970//1824 5971//1824 5972//1824
f 5973//1825 5974//1825 5975//1825
f 5976//1826 5977//1826 5978//1826
f 5979//1827 5980//1827 5981//1827
f 5982//1828 5983//1828 5984//1828
f 5985//1829 5986//1829 5987//1829
f 5988//1830 5989//1830 5990//1830
f 5991//1831 5992//1831 5993//1831
f 5994//1832 5995//1832 5996//1832
f 5997//1833 5998//1833 5999//1833
f 6000//1834 6001//1834 6002//1834
f 6003//1835 6004//1835 6005//1835
f 6006//1836 6007//1836 6008//1836
f 6009//1837 6010//1837 6011//1837
f 6012//1838 6013//1838 6014//1838
f 6015//1839 6016//1839 6017//1839
f 6018//1840 6019//1840 6020//1840
f 6021//1841 6022//1841 6023//1841
f 6024//1842 6025//1842 6026//1842
f 6027//1843 6028//1843 6029//1843
f 6030//1844 6031//1844 6032//1844
f 6033//1845 6034//1845 6035//1845
f 6036//1846 6037//1846 6038//1846
f 6039//1847 6040//1847 6041//1847
f 6042//1848 6043//1848 6044//1848
f 6045//1849 6046//1849 6047//1849
f 6048//1850 6049//1850 6050//1850
f 6051//1851 6052//1851 6053//1851
f 6054//1852 6055//1852 6056//1852
f 6057//1853 6058//1853 6059//1853
f 6063//1854 6064//1854 6065//1854
f 6069//1855 6070//1855 6071//1855
f 6072//1856 6073//1856 6074//1856
f 6075//1857 6076//1857 6077//1857
f 6078//1858 6079//1858 6080//1858
f 6081//1859 6082//1859 6083//1859
f 6084//1860 6085//1860 6086//1860
f 6087//1861 6088//1861 6089//1861
f 6090//1862 6091//1862 6092//1862
f 6093//1863 6094//1863 6095//1863
f 6096//1864 6097//1864 6098//1864
f 6099//1865 6100//1865 6101//1865
f 6102//1866 6103//1866 6104//1866
f 6105//1867 6106//1867 6107//1867
f 6108//1868 6109//1868 6110//1868
f 6111//1869 6112//1869 6113//1869
f 6114//1870 6115//1870 6116//1870
f 6117//1871 6118//1871 6119//1871
f 6120//1872 6121//1872 6122//1872
f 6123//1873 6124//1873 6125//1873
f 6126//1874 6127//1874 6128//1874
f 6129//1875 6130//1875 6131//1875
f 6132//1876 6133//1876 6134//1876
f 6135//1877 6136//1877 6137//1877
f 6138//1878 6139//1878 6140//1878
f 6141//1879 6142//1879 6143//1879
f 6144//1880 6145//1880 6146//1880
f 6147//1881 6148//1881 6149//1881
f 6150//1882 6151//1882 6152//1882
f 6153//1883 6154//1883 6155//1883
f 6156//1884 6157//1884 6158//1884
f 6159//1885 6160//1885 6161//1885
f 6162//1886 6163//1886 6164//1886
f 6165//1887 6166//1887 6167//1887
f 6168//1888 6169//1888 6170//1888
f 6171//1889 6172//1889 6173//1889
f 6174//1890 6175//1890 6176//1890
f 6177//1891 6178//1891 6179//1891
f 6180//1892 6181//1892 6182//1892
f 6183//1893 6184//1893 6185//1893
f 6186//1894 6187//1894 6188//1894
f 6189//1895 6190//1895 6191//1895
f 6192//1896 6193//1896 6194//1896
f 6195//1897 6196//1897 6197//1897
f 6198//1898 6199//1898 6200//1898
f 6201//1899 6202//1899 6203//1899
f 6204//1900 6205//1900 6206//1900
f 6207//1901 6208//1901 6209//1901
f 6210//1902 6211//1902 6212//1902
f 6213//1903 6214//1903 6215//1903
f 6216//1904 6217//1904 6218//1904
f 6219//1905 6220//1905 6221//1905
f 6222//1906 6223//1906 6224//1906
f 6225//1907 6226//1907 6227//1907
f 6228//1908 6229//1908 6230//1908
f 6231//1909 6232//1909 6233//1909
f 6234//1910 6235//1910 6236//1910
f 6237//1911 6238//1911 6239//1911
f 6240//1912 6241//1912 6242//1912
f 6243//1913 6244//1913 6245//1913
f 6246//1914 6247//1914 6248//1914
f 6249//1915 6250//1915 6251//1915
f 6252//1916 6253//1916 6254//1916
f 6255//1917 6256//1917 6257//1917
f 6258//1918 6259//1918 6260//1918
f 6261//1919 6262//1919 6263//1919
f 6264//1920 6265//1920 6266//1920
f 6267//1921 6268//1921 6269//1921
f 6270//1922 6271//1922 6272//1922
f 6273//1923 6274//1923 6275//1923
f 6276//1924 6277//1924 6278//1924
f 6279//1925 6280//1925 6281//1925
f 6282//1926 6283//1926 6284//1926
f 6285//1927 6286//1927 6287//1927
f 6288//1928 6289//1928 6290//1928
f 6291//1929 6292//1929 6293//1929
f 6294//1930 6295//1930 6296//1930
f 6297//1931 6298//1931 6299//1931
f 6300//1932 6301//1932 6302//1932
f 6303//1933 6304//1933 6305//1933
f 6306//1934 6307//1934 6308//1934
f 6309//1935 6310//1935 6311//1935
f 6312//1936 6313//1936 6314//1936
f 6315//1937 6316//1937 6317//1937
f 6318//1938 6319//1938 6320//1938
f 6321//1939 6322//1939 6323//1939
f 6324//1940 6325//1940 6326//1940
f 6327//1941 6328//1941 6329//1941
f 6330//1942 6331//1942 6332//1942
f 6333//1943 6334//1943 6335//1943
f 6336//1944 6337//1944 6338//1944
f 6339//1945 6340//1945 6341//1945
f 6342//1946 6343//1946 6344//1946
f 6345//1947 6346//1947 6347//1947
f 6348//1948 6349//1948 6350//1948
f 6351//1949 6352//1949 6353//1949
f 6354//1950 6355//1950 6356//1950
f 6357//1951 6358//1951 6359//1951
f 6360//1952 6361//1952 6362//1952
f 6363//1953 6364//1953 6365//1953
f 6366//1954 6367//1954 6368//1954
f 6369//1955 6370//1955 6371//1955
f 6372//1956 6373//1956 6374//1956
f 6375//1957 6376//1957 6377//1957
f 6378//1958 6379//1958 6380//1958
f 6381//1959 6382//1959 6383//1959
f 6384//1960 6385//1960 6386//1960
f 6387//1961 6388//1961 6389//1961
f 6390//1962 6391//1962 6392//1962
f 6393//1963 6394//1963 6395//1963
f 6396//1964 6397//1964 6398//1964
f 6399//1965 6400//1965 6401//1965
f 6402//1966 6403//1966 6404//1966
f 6405//1967 6406//1967 6407//1967
f 6408//1968 6409//1968 6410//1968
f 6411//1969 6412//1969 6413//1969
f 6414//1970 6415//1970 6416//1970
f 6417//1971 6418//1971 6419//1971
f 6420//1972 6421//1972 6422//1972
f 6423//1973 6424//1973 6425//1973
f 6426//1974 6427//1974 6428//1974
f 6429//1975 6430//1975 6431//1975
f 6432//1976 6433//1976 6434//1976
f 6435//1977 6436//1977 6437//1977
f 6438//1978 6439//1978 6440//1978
f 6441//1979 6442//1979 6443//1979
f 6444//1980 6445//1980 6446//1980
f 6447//1981 6448//1981 6449//1981
f 6450//1982 6451//1982 6452//1982
f 6453//1983 6454//1983 6455//1983
f 6456//1984 6457//1984 6458//1984
f 6459//1985 6460//1985 6461//1985
f 6462//1986 6463//1986 6464//1986
f 6465//1987 6466//1987 6467//1987
f 6468//1988 6469//1988 6470//1988
f 6471//1989 6472//1989 6473//1989
f 6474//1990 6475//1990 6476//1990
f 6477//1991 6478//1991 6479//1991
f 6480//1992 6481//1992 6482//1992
f 6483//1993 6484//1993 6485//1993
f 6486//1994 6487//1994 6488//1994
f 6489//1995 6490//1995 6491//1995
f 6492//1996 6493//1996 6494//1996
f 6495//1997 6496//1997 6497//1997
f 6498//1998 6499//1998 6500//1998
f 6501//1999 6502//1999 6503//1999
f 6504//2000 6505//2000 6506//2000
f 6507//2001 6508//2001 6509//2001
f 6510//2002 6511//2002 6512//2002
f 6513//2003 6514//2003 6515//2003
f 6516//2004 6517//2004 6518//2004
f 6519//2005 6520//2005 6521//2005
f 6522//2006 6523//2006 6524//2006
f 6525//2007 6526//2007 6527//2007
f 6528//2008 6529//2008 6530//2008
f 6531//2009 6532//2009 6533//2009
f 6534//2010 6535//2010 6536//2010
f 6537//2011 6538//2011 6539//2011
f 6540//2012 6541//2012 6542//2012
f 6543//2013 6544//2013 6545//2013
f 6546//2014 6547//2014 6548//2014
f 6549//2015 6550//2015 6551//2015
f 6552//2016 6553//2016 6554//2016
f 6555//2017 6556//2017 6557//2017
f 6558//2018 6559//2018 6560//2018
f 6561//2019 6562//2019 6563//2019
f 6564//2020 6565//2020 6566//2020
f 6567//2021 6568//2021 6569//2021
f 6570//2022 6571//2022 6572//2022
f 6573//2023 6574//2023 6575//2023
f 6576//2024 6577//2024 6578//2024
f 6579//2025 6580//2025 6581//2025
f 6582//2026 6583//2026 6584//2026
f 6585//2027 6586//2027 6587//2027
f 6588//2028 6589//2028 6590//2028
f 6591//2029 6592//2029 6593//2029
f 6594//2030 6595//2030 6596//2030
f 6597//2031 6598//2031 6599//2031
f 6600//2032 6601//2032 6602//2032
f 6603//2033 6604//2033 6605//2033
f 6606//2034 6607//2034 6608//2034
f 6609//2035 6610//2035 6611//2035
f 6612//2036 6613//2036 6614//2036
f 6615//2037 6616//2037 6617//2037
f 6618//2038 6619//2038 6620//2038
f 6621//2039 6622//2039 6623//2039
f 6624//2040 6625//2040 6626//2040
f 6627//2041 6628//2041 6629//2041
f 6630//2042 6631//2042 6632//2042
f 6633//2043 6634//2043 6635//2043
f 6636//2044 6637//2044 6638//2044
f 6639//2045 6640//2045 6641//2045
f 6642//2046 6643//2046 6644//2046
f 6645//2047 6646//2047 6647//2047
f 6648//2048 6649//2048 6650//2048
f 6651//2049 6652//2049 6653//2049
f 6654//2050 6655//2050 6656//2050
f 6657//2051 6658//2051 6659//2051
f 6660//2052 6661//2052 6662//2052
f 6663//2053 6664//2053 6665//2053
f 6666//2054 6667//2054 6668//2054
f 6669//2055 6670//2055 6671//2055
f 6672//2056 6673//2056 6674//2056
f 6675//2057 6676//2057 6677//2057
f 6678//2058 6679//2058 6680//2058
f 6681//2059 6682//2059 6683//2059
f 6684//2060 6685//2060 6686//2060
f 6687//2061 6688//2061 6689//2061
f 6690//2062 6691//2062 6692//2062
f 6693//2063 6694//2063 6695//2063
f 6696//2064 6697//2064 6698//2064
f 6699//2065 6700//2065 6701//2065
f 6702//2066 6703//2066 6704//2066
f 6705//2067 6706//2067 6707//2067
f 6708//2068 6709//2068 6710//2068
f 1059//342 6711//342 1057//342
f 6712//2069 6713//2069 6714//2069
f 6715//2070 6716//2070 6717//2070
f 6718//2071 6719//2071 6720//2071
f 6721//2072 6722//2072 6723//2072
f 6724//2073 6725//2073 6726//2073
f 6727//2074 6728//2074 6729//2074
f 6730//2075 6731//2075 6732//2075
f 6733//2076 6734//2076 6735//2076
f 6736//2077 6737//2077 6738//2077
f 6739//2078 6740//2078 6741//2078
f 6742//2079 6743//2079 6744//2079
f 6745//2080 6746//2080 6747//2080
f 6748//2081 6749//2081 6750//2081
f 6751//2082 6752//2082 6753//2082
f 6754//2083 6755//2083 6756//2083
f 6757//2084 6758//2084 6759//2084
f 6760//2085 6761//2085 6762//2085
f 6763//2086 6764//2086 6765//2086
f 6766//2087 6767//2087 6768//2087
f 6769//2088 6770//2088 6771//2088
f 6772//2089 6773//2089 6774//2089
f 6775//2090 6776//2090 6777//2090
f 6778//2091 6779//2091 6780//2091
f 6781//2092 6782//2092 6783//2092
f 6787//2093 6788//2093 6789//2093
f 6790//2094 6791//2094 6792//2094
f 6793//2095 6794//2095 6795//2095
f 6796//2096 6797//2096 6798//2096
f 6799//2097 6800//2097 6801//2097
f 6802//2098 6803//2098 6804//2098
f 6805//2099 6806//2099 6807//2099
f 6808//2100 6809//2100 6810//2100
f 6811//2101 6812//2101 6813//2101
f 6814//2102 6815//2102 6816//2102
f 6817//2103 6818//2103 6819//2103
f 6820//2104 6821//2104 6822//2104
f 6823//2105 6824//2105 6825//2105
f 6826//2106 6827//2106 6828//2106
f 6829//2107 6830//2107 6831//2107
f 6832//2108 6833//2108 6834//2108
f 6835//2109 6836//2109 6837//2109
f 6838//2110 6839//2110 6840//2110
f 6841//2111 6842//2111 6843//2111
f 6844//2112 6845//2112 6846//2112
f 6847//2113 6848//2113 6849//2113
f 6850//2114 6851//2114 6852//2114
f 6853//2115 6854//2115 6855//2115
f 6856//2116 6857//2116 6858//2116
f 1089//352 6859//352 1087//352
f 6860//2117 6861//2117 6862//2117
f 6863//2118 6864//2118 6865//2118
f 6866//2119 6867//2119 6868//2119
f 6869//2120 6870//2120 6871//2120
f 6872//2121 6873//2121 6874//2121
f 6875//2122 6876//2122 6877//2122
f 6878//2123 6879//2123 6880//2123
f 6881//2124 6882//2124 6883//2124
f 6887//2125 6888//2125 6889//2125
f 6890//2126 6891//2126 6892//2126
f 6893//2127 6890//2127 6892//2127
f 6894//2128 6895//2128 6896//2128
f 6897//2129 6898//2129 6899//2129
f 6900//2130 6901//2130 6902//2130
f 6903//2131 6904//2131 6905//2131
f 6906//2132 6907//2132 6908//2132
f 6909//2133 6910//2133 1101//2133
f 6911//2134 6912//2134 6913//2134
f 6914//2133 6915//2133 6916//2133
f 6915//2135 6917//2135 6916//2135
f 6921//2136 6922//2136 6923//2136
f 6924//2137 6925//2137 6926//2137
f 6927//2138 6928//2138 6929//2138
f 6930//2139 6931//2139 6932//2139
f 6933//2140 6934//2140 6935//2140
f 6939//2141 6940//2141 6941//2141
f 6942//2142 6943//2142 6944//2142
f 6945//2143 6946//2143 6947//2143
f 6948//2144 6949//2144 6950//2144
f 6951//2145 6952//2145 6953//2145
f 1110//2146 6954//2146 1108//2146
f 6955//2147 6956//2147 6957//2147
f 6958//2148 6959//2148 6960//2148
f 6961//2149 6962//2149 6963//2149
f 6964//2150 6965//2150 6966//2150
f 6967//2151 6968//2151 6969//2151
f 6970//2152 6971//2152 6972//2152
f 6973//2153 6974//2153 6975//2153
f 6976//2154 6977//2154 6978//2154
f 6979//2155 6980//2155 6981//2155
f 6982//2156 6983//2156 6984//2156
f 6985//2157 6986//2157 6987//2157
f 6988//2158 6989//2158 6990//2158
f 6991//2159 6992//2159 6993//2159
f 6994//2160 6995//2160 6996//2160
f 6997//2161 6998//2161 6999//2161
f 7000//2162 7001//2162 7002//2162
f 7003//2163 7004//2163 7005//2163
f 7006//2164 7007//2164 7008//2164
f 7009//2165 7010//2165 7011//2165
f 7012//2166 7013//2166 7014//2166
f 7015//2167 7016//2167 7017//2167
f 7018//2168 7019//2168 7020//2168
f 7021//2169 7022//2169 7023//2169
f 7024//2170 7025//2170 7026//2170
f 7027//2171 7028//2171 7029//2171
f 7030//2172 7031//2172 7032//2172
f 7033//2173 7034//2173 7035//2173
f 7036//2174 7037//2174 7038//2174
f 7039//2175 7040//2175 7041//2175
f 1128//364 7042//364 1126//364
f 7043//2176 7044//2176 7045//2176
f 7046//2177 7047//2177 7048//2177
f 7049//2178 7050//2178 7051//2178
f 7052//2179 7053//2179 7054//2179
f 7055//2180 7056//2180 7057//2180
f 7058//2181 7059//2181 7060//2181
f 7061//2182 7062//2182 7063//2182
f 7064//2183 7065//2183 7066//2183
f 7067//2184 7068//2184 7069//2184
f 7070//2185 7071//2185 7072//2185
f 7073//2186 7074//2186 7075//2186
f 7076//2187 7077//2187 7078//2187
f 7079//2188 7080//2188 7081//2188
f 7082//2189 7083//2189 7084//2189
f 7085//2190 7086//2190 7087//2190
f 1137//367 7088//367 1135//367
f 7089//2191 7090//2191 7091//2191
f 7092//2192 7093//2192 7094//2192
f 7095//2193 7096//2193 7097//2193
f 7098//2194 7099//2194 7100//2194
f 7101//2195 7102//2195 7103//2195
f 7104//2196 7105//2196 7106//2196
f 7107//2197 7108//2197 7109//2197
f 7110//2198 7111//2198 7112//2198
f 7113//2199 7114//2199 7115//2199
f 7116//2200 7117//2200 7118//2200
f 7119//2201 7120//2201 7121//2201
f 7122//2202 7123//2202 7124//2202
f 7125//2203 7126//2203 7127//2203
f 7128//2204 7129//2204 7130//2204
f 7131//2205 7132//2205 7133//2205
f 7134//2206 7135//2206 7136//2206
f 7137//2207 7138//2207 7139//2207
f 7140//2208 7141//2208 7142//2208
f 7143//2209 7144//2209 7145//2209
f 7146//2210 7147//2210 7148//2210
f 7149//2211 7150//2211 7151//2211
f 7152//2212 7153//2212 7154//2212
f 7155//2213 7156//2213 7157//2213
f 7158//2214 7159//2214 7160//2214
f 7161//2215 7162//2215 7163//2215
f 7164//2216 7165//2216 7166//2216
f 7167//2217 7168//2217 7169//2217
f 7170//2218 7171//2218 7172//2218
f 7173//2219 7174//2219 7175//2219
f 7176//2220 7177//2220 7178//2220
f 7179//2221 7180//2221 7181//2221
f 7182//2222 7183//2222 7184//2222
f 7185//2223 7186//2223 7187//2223
f 7188//2224 7189//2224 7190//2224
f 7191//2225 7192//2225 7193//2225
f 7194//2226 7195//2226 7196//2226
f 7197//2227 7198//2227 7199//2227
f 7200//2228 7201//2228 7202//2228
f 7203//2229 7204//2229 7205//2229
f 7206//2230 7207//2230 7208//2230
f 7209//2231 7210//2231 7211//2231
f 7212//2232 7213//2232 7214//2232
f 7215//2233 7216//2233 7217//2233
f 7218//2234 7219//2234 7220//2234
f 7221//2235 7222//2235 7223//2235
f 7224//2236 7225//2236 7226//2236
f 7227//2237 7228//2237 7229//2237
f 7230//2238 7231//2238 7232//2238
f 7233//2239 7234//2239 7235//2239
f 1167//377 7236//377 1165//377
f 7237//2240 7238//2240 7239//2240
f 7240//2241 7241//2241 7242//2241
f 7243//2242 7244//2242 7245//2242
f 7246//2243 7247//2243 7248//2243
f 7249//2244 7250//2244 7251//2244
f 7252//2245 7253//2245 7254//2245
f 7255//2246 7256//2246 7257//2246
f 7258//2247 7259//2247 7260//2247
f 7261//2248 7262//2248 7263//2248
f 7264//2249 7265//2249 7266//2249
f 7267//2250 7268//2250 7269//2250
f 7270//2251 7271//2251 7272//2251
f 7273//2252 7274//2252 7275//2252
f 7276//2253 7277//2253 7278//2253
f 7279//2254 7280//2254 7281//2254
f 7282//2255 7283//2255 7284//2255
f 7285//2256 7286//2256 7287//2256
f 7286//2257 7288//2257 7287//2257
f 7289//2258 7290//2258 1177//2258
f 7291//2259 7292//2259 7293//2259
f 7294//2257 7291//2257 7293//2257
f 7295//2260 7296//2260 7297//2260
f 7301//2261 7302//2261 7303//2261
f 7304//2262 7305//2262 7306//2262
f 7307//2263 7308//2263 7309//2263
f 7310//2264 7311//2264 7312//2264
f 7313//2265 7314//2265 7315//2265
f 7316//2266 7317//2266 7318//2266
f 7319//2267 7320//2267 7321//2267
f 7322//2268 7323//2268 7324//2268
f 7325//2269 7326//2269 7327//2269
f 7328//2270 7329//2270 7330//2270
f 7331//2271 7332//2271 7333//2271
f 1188//384 7334//384 1186//384
f 7335//2272 7336//2272 7337//2272
f 7338//2273 7339//2273 7340//2273
f 7341//2274 7342//2274 7343//2274
f 7344//2275 7345//2275 7346//2275
f 7347//2276 7348//2276 7349//2276
f 7350//2277 7351//2277 7352//2277
f 7353//2278 7354//2278 7355//2278
f 7359//2279 7360//2279 7361//2279
f 7362//2280 7363//2280 7364//2280
f 7365//2281 7366//2281 7367//2281
f 7368//2282 7369//2282 7370//2282
f 7371//2283 7372//2283 7373//2283
f 7374//2284 7375//2284 7376//2284
f 7377//2285 7378//2285 7379//2285
f 7380//2286 7381//2286 7382//2286
f 7383//2287 7384//2287 7385//2287
f 7386//2288 7387//2288 7388//2288
f 7389//2289 7390//2289 7391//2289
f 7392//2290 7393//2290 7394//2290
f 7395//2291 7396//2291 7397//2291
f 7398//2292 7399//2292 7400//2292
f 7401//2293 7402//2293 7403//2293
f 7404//2294 7405//2294 7406//2294
f 7407//2295 7408//2295 7409//2295
f 7410//2296 7411//2296 7412//2296
f 7413//2297 7414//2297 7415//2297
f 7416//2298 7417//2298 7418//2298
f 7419//2299 7420//2299 7421//2299
f 1206//390 7422//390 1204//390
f 7423//2300 7424//2300 7425//2300
f 7426//2301 7427//2301 7428//2301
f 7429//2302 7430//2302 7431//2302
f 7432//2303 7433//2303 7434//2303
f 7435//2304 7436//2304 7437//2304
f 7438//2305 7439//2305 7440//2305
f 7441//2306 7442//2306 7443//2306
f 7444//2307 7445//2307 7446//2307
f 7447//2308 7448//2308 7449//2308
f 7450//2309 7451//2309 7452//2309
f 7453//2310 7454//2310 7455//2310
f 7456//2311 7457//2311 7458//2311
f 7459//2312 7460//2312 7461//2312
f 7462//2313 7463//2313 7464//2313
f 7465//2314 7466//2314 7467//2314
f 7468//2315 7469//2315 7470//2315
f 7471//2316 7472//2316 7473//2316
f 7474//2317 7475//2317 7476//2317
f 7477//2318 7478//2318 7479//2318
f 7483//2319 7484//2319 7485//2319
f 7486//2320 7487//2320 7488//2320
f 7489//2321 7490//2321 7491//2321
f 7492//2322 7493//2322 7494//2322
f 7495//2323 7496//2323 7497//2323
f 7498//2324 7499//2324 7500//2324
f 7501//2325 7502//2325 7503//2325
f 7504//2326 7505//2326 7506//2326
f 7507//2327 7508//2327 7509//2327
f 7510//2328 7511//2328 7512//2328
f 7513//2329 7514//2329 7515//2329
f 7516//2330 7517//2330 7518//2330
f 7519//2331 7520//2331 7521//2331
f 7525//2332 7526//2332 7527//2332
f 7528//2333 7529//2333 7530//2333
f 7534//2334 7535//2334 7536//2334
f 7537//2335 7538//2335 7539//2335
f 7540//2336 7541//2336 7542//2336
f 7543//2337 7544//2337 7545//2337
f 7546//2338 7547//2338 7548//2338
f 7549//2339 7550//2339 7551//2339
f 7552//2340 7553//2340 7554//2340
f 7555//2341 7556//2341 7557//2341
f 7558//2342 7559//2342 7560//2342
f 7561//2343 7562//2343 7563//2343
f 7564//2344 7565//2344 7566//2344
f 7567//2345 7568//2345 7569//2345
f 7570//2346 7571//2346 7572//2346
f 7573//2347 7574//2347 7575//2347
f 7576//2348 7577//2348 7578//2348
f 7582//2349 7583//2349 7584//2349
f 7585//2350 7586//2350 7587//2350
f 7588//2351 7589//2351 7590//2351
f 7591//2352 7592//2352 7593//2352
f 7594//2353 7595//2353 7596//2353
f 7597//2354 7598//2354 7599//2354
f 7600//2355 7601//2355 7602//2355
f 7603//2356 7604//2356 7605//2356
f 7606//2357 7607//2357 7608//2357
f 7609//2358 7610//2358 7611//2358
f 7612//2359 7613//2359 7614//2359
f 7615//2360 7616//2360 7617//2360
f 7621//2361 7622//2361 7623//2361
f 7624//2362 7625//2362 7626//2362
f 7627//2363 7628//2363 7629//2363
f 7630//2364 7631//2364 7632//2364
f 7633//2365 7634//2365 7635//2365
f 7636//2366 7637//2366 7638//2366
f 7639//2367 7640//2367 7641//2367
f 7642//2368 7643//2368 7644//2368
f 7645//2369 7646//2369 7647//2369
f 7648//2370 7649//2370 7650//2370
f 7651//2371 7652//2371 7653//2371
f 7654//2372 7655//2372 7656//2372
f 7657//2373 7658//2373 7659//2373
f 7660//2374 7661//2374 7662//2374
f 7663//2375 7664//2375 7665//2375
f 7666//2376 7667//2376 7668//2376
f 7669//2377 7670//2377 7671//2377
f 7672//2378 7673//2378 7674//2378
f 7675//2379 7676//2379 7677//2379
f 7678//2380 7679//2380 7680//2380
f 7681//2381 7682//2381 7683//2381
f 7684//2382 7685//2382 7686//2382
f 7687//2383 7688//2383 7689//2383
f 7690//2384 7691//2384 7692//2384
f 7693//2385 7694//2385 7695//2385
f 7696//2386 7697//2386 7698//2386
f 7699//2387 7700//2387 7701//2387
f 7702//2388 7703//2388 7704//2388
f 7705//2389 7706//2389 7707//2389
f 7708//2390 7709//2390 7710//2390
f 7711//2391 7712//2391 7713//2391
f 7714//2392 7715//2392 7716//2392
f 7717//2393 7718//2393 7719//2393
f 7720//2394 7721//2394 7722//2394
f 7723//2395 7724//2395 7725//2395
f 7726//2396 7727//2396 7728//2396
f 7729//2397 7730//2397 7731//2397
f 7732//2398 7733//2398 7734//2398
f 7735//2399 7736//2399 7737//2399
f 7738//2400 7739//2400 7740//2400
f 7741//2401 7742//2401 7743//2401
f 7744//2402 7745//2402 7746//2402
f 7747//2403 7748//2403 7749//2403
f 7750//2404 7751//2404 7752//2404
f 7753//2405 7752//2405 7751//2405
f 1274//2406 7754//2406 1275//2406
f 7755//2407 7756//2407 7757//2407
f 7758//2408 7759//2408 7760//2408
f 7761//2409 7762//2409 7763//2409
f 7764//2410 1273//2410 1275//2410
f 7765//2411 7766//2411 7767//2411
f 7768//2412 7769//2412 7770//2412
f 7771//2413 7772//2413 7773//2413
f 7774//2414 7775//2414 7776//2414
f 7777//2415 7778//2415 7779//2415
f 7780//2416 7781//2416 7782//2416
f 7783//2417 7784//2417 7785//2417
f 7786//2418 7787//2418 7788//2418
f 7789//2419 7790//2419 7791//2419
f 7792//2420 7793//2420 7794//2420
f 7795//2421 7796//2421 7797//2421
f 7798//2422 7799//2422 7800//2422
f 7801//2423 7802//2423 7803//2423
f 7804//2424 7805//2424 7806//2424
f 7807//2425 7808//2425 7809//2425
f 7810//2426 7811//2426 7812//2426
f 7813//2427 7814//2427 7815//2427
f 7816//2428 7817//2428 7818//2428
f 7822//2429 7823//2429 7824//2429
f 7825//2430 7826//2430 7827//2430
f 7828//2431 7829//2431 7830//2431
f 7831//2432 7832//2432 7833//2432
f 7834//2433 7835//2433 7836//2433
f 7837//2434 7838//2434 7839//2434
f 7840//2435 7841//2435 7842//2435
f 7843//2436 7844//2436 7845//2436
f 7846//2437 7847//2437 7848//2437
f 7849//2438 7850//2438 7851//2438
f 7852//2439 7853//2439 7854//2439
f 7855//2440 7856//2440 7857//2440
f 7858//2441 7859//2441 7860//2441
f 7861//2442 7862//2442 7863//2442
f 7864//2443 7865//2443 7866//2443
f 7867//2444 7868//2444 7869//2444
f 7870//2445 7871//2445 7872//2445
f 7873//2446 7874//2446 7875//2446
f 7876//2447 7877//2447 7878//2447
f 7879//2448 7880//2448 7881//2448
f 7882//2449 7883//2449 7884//2449
f 7885//2450 7886//2450 7887//2450
f 7888//2451 7889//2451 7890//2451
f 7891//2452 7892//2452 7893//2452
f 7894//2453 7895//2453 7896//2453
f 7897//2454 7898//2454 7899//2454
f 7900//2455 7901//2455 7902//2455
f 7903//2456 7904//2456 7905//2456
f 7906//2457 7907//2457 7908//2457
f 7909//2458 7910//2458 7911//2458
f 7912//2459 7913//2459 7914//2459
f 7915//2460 7916//2460 7917//2460
f 7918//2461 7919//2461 7920//2461
f 7921//2462 7922//2462 7923//2462
f 7924//2463 7925//2463 7926//2463
f 7927//2464 7928//2464 7929//2464
f 7930//2465 7931//2465 7932//2465
f 7933//2466 7934//2466 7935//2466
f 7936//2467 7937//2467 7938//2467
f 7939//2468 7940//2468 7941//2468
f 7942//2466 7943//2466 7944//2466
f 7945//2469 7946//2469 7947//2469
f 7948//2470 7949//2470 7950//2470
f 7949//2471 7951//2471 7950//2471
f 7952//2472 7953//2472 7954//2472
f 7955//424 7956//424 7950//424
f 7957//2473 7958//2473 7959//2473
f 7960//2474 7961//2474 7962//2474
f 7963//2473 7964//2473 7965//2473
f 7966//2475 7967//2475 7968//2475
f 7969//2475 7970//2475 1315//2475
f 7971//2476 7972//2476 7973//2476
f 7974//2477 7975//2477 7976//2477
f 7977//2478 7978//2478 7979//2478
f 7980//2479 7981//2479 7982//2479
f 7983//2477 7984//2477 7985//2477
f 7986//2480 7987//2480 7988//2480
f 7989//2481 7990//2481 7991//2481
f 7992//2482 7993//2482 1323//2482
f 7993//2483 7994//2483 1323//2483
f 7995//2484 7996//2484 7997//2484
f 7998//2485 7999//2485 8000//2485
f 8001//2486 8002//2486 8003//2486
f 8004//2487 8005//2487 8006//2487
f 8007//2485 8008//2485 8009//2485
f 8010//2488 8011//2488 8012//2488
f 8013//2489 8014//2489 8015//2489
f 8016//429 8017//429 8018//429
f 8019//2490 8020//2490 8021//2490
f 8022//429 8023//429 8024//429
f 8025//2491 8026//2491 8027//2491
f 8028//2492 8029//2492 8030//2492
f 8031//2493 8032//2493 8033//2493
f 8034//2494 8035//2494 8036//2494
f 8037//430 8038//430 1332//430
f 8039//2495 8040//2495 8036//2495
f 1335//2496 8041//2496 8042//2496
f 8043//2497 8044//2497 8045//2497
f 8046//2498 8047//2498 8048//2498
f 8049//2496 8050//2496 8051//2496
f 8052//2496 1333//2496 1335//2496
f 8053//432 8054//432 8055//432
f 8056//2499 8057//2499 8058//2499
f 8062//2500 8063//2500 8064//2500
f 8065//2501 8066//2501 8067//2501
f 8071//2502 8072//2502 8073//2502
f 8074//2503 8075//2503 8076//2503
f 8075//2504 8077//2504 8076//2504
f 8078//2505 8079//2505 8080//2505
f 8081//2506 8082//2506 8083//2506
f 8084//2507 8085//2507 8086//2507
f 8087//2508 8088//2508 8089//2508
f 8090//2509 8091//2509 8092//2509
f 8093//2510 8094//2510 8095//2510
f 8096//2511 8097//2511 8098//2511
f 8102//435 8103//435 8104//435
f 8108//2512 8109//2512 8110//2512
f 8111//2513 8112//2513 8113//2513
f 8114//2514 8115//2514 8116//2514
f 8115//2515 8117//2515 8116//2515
f 8118//2516 8119//2516 8120//2516
f 1350//2515 8121//2515 1348//2515
f 8122//2517 8123//2517 8124//2517
f 8125//2518 8126//2518 8127//2518
f 8126//2517 8128//2517 8127//2517
f 8132//2519 8133//2519 8134//2519
f 8135//2520 8136//2520 8137//2520
f 8138//2521 8139//2521 8140//2521
f 8141//2522 8142//2522 8143//2522
f 8144//2523 8145//2523 8146//2523
f 8147//437 8148//437 8149//437
f 8150//2524 8151//2524 8152//2524
f 8153//2525 8154//2525 8155//2525
f 8156//2526 8157//2526 8158//2526
f 8159//2527 8160//2527 8161//2527
f 8162//438 8163//438 8164//438
f 8165//2528 8166//2528 8167//2528
f 8167//2528 8168//2528 8165//2528
f 8169//439 8170//439 8171//439
f 8172//439 8169//439 8171//439
f 8173//2528 8174//2528 8175//2528
f 8176//2529 8177//2529 8178//2529
f 8179//2530 8180//2530 8181//2530
f 8182//2531 8183//2531 8184//2531
f 8185//2532 8186//2532 8187//2532
f 8188//2533 8189//2533 8190//2533
f 8191//2534 8192//2534 8193//2534
f 8194//2535 8195//2535 8196//2535
f 8197//2536 8198//2536 1368//2536
f 8198//2536 8199//2536 1368//2536
f 8199//2537 1366//2537 1368//2537
f 8200//2538 8201//2538 8202//2538
f 8203//2539 8204//2539 8205//2539
f 8206//2540 8207//2540 8208//2540
f 8209//2541 8210//2541 8211//2541
f 8212//2542 8213//2542 8214//2542
f 8215//2543 8216//2543 8217//2543
f 8218//2544 8219//2544 8220//2544
f 8221//2545 8222//2545 8223//2545
f 8224//2546 8225//2546 8226//2546
f 8227//2547 8228//2547 8229//2547
f 8230//2548 8231//2548 8232//2548
f 8233//2549 8234//2549 8235//2549
f 8236//2550 8237//2550 8238//2550
f 8239//2551 8240//2551 8241//2551
f 8242//2552 8243//2552 8244//2552
f 8245//2553 8246//2553 8247//2553
f 8248//2554 8249//2554 8250//2554
f 8251//2555 8252//2555 8253//2555
f 8254//2556 8255//2556 8256//2556
f 8257//2557 8258//2557 8259//2557
f 8260//2558 8261//2558 8262//2558
f 8263//2559 8264//2559 8265//2559
f 8266//2560 8267//2560 8268//2560
f 8269//2561 8270//2561 8271//2561
f 8272//2562 8273//2562 8274//2562
f 8275//2563 8276//2563 8277//2563
f 8278//2564 8279//2564 8280//2564
f 8281//2565 8282//2565 8283//2565
f 8284//2566 8285//2566 8286//2566
f 8287//2567 8288//2567 8289//2567
f 8290//2568 8291//2568 8292//2568
f 8293//2569 8294//2569 8295//2569
f 8296//2570 8297//2570 8298//2570
f 8299//2571 8300//2571 1389//2571
f 8301//2572 8302//2572 8303//2572
f 8304//2573 8305//2573 8306//2573
f 8307//2574 8308//2574 8309//2574
f 8310//2575 8311//2575 8312//2575
f 8313//2576 8314//2576 8315//2576
f 8316//2577 8317//2577 8318//2577
f 8319//2578 8320//2578 8321//2578
f 8322//2579 8323//2579 8324//2579
f 8325//2580 8326//2580 8327//2580
f 8328//2581 8329//2581 8330//2581
f 8331//2582 8332//2582 8333//2582
f 8334//2583 8335//2583 8336//2583
f 8337//2584 8338//2584 8339//2584
f 8340//2585 8341//2585 8342//2585
f 8343//2586 8344//2586 8345//2586
f 8346//2587 8347//2587 8348//2587
f 8349//2588 8350//2588 8351//2588
f 8352//2589 8353//2589 8354//2589
f 8355//2590 8356//2590 8357//2590
f 8358//2591 8359//2591 8360//2591
f 8361//2592 8362//2592 8363//2592
f 8364//2593 8365//2593 8366//2593
f 8367//2594 8368//2594 8369//2594
f 8370//2595 8371//2595 8372//2595
f 8373//2596 8374//2596 8375//2596
f 8376//2597 8377//2597 8378//2597
f 8379//2598 8380//2598 8381//2598
f 8382//2599 8383//2599 8384//2599
f 8385//2600 8386//2600 8387//2600
f 8388//2601 8389//2601 8390//2601
f 8391//2602 8392//2602 8393//2602
f 8394//2603 8395//2603 8396//2603
f 8397//2604 8398//2604 8399//2604
f 8400//2605 8401//2605 8402//2605
f 8403//2606 8404//2606 8405//2606
f 8406//2607 8407//2607 8408//2607
f 8409//2608 8410//2608 8411//2608
f 8412//2609 8413//2609 8414//2609
f 8415//2610 8416//2610 8417//2610
f 8418//2611 8419//2611 8420//2611
f 8421//2612 8422//2612 8423//2612
f 8424//2613 8425//2613 8426//2613
f 8427//2614 8428//2614 8429//2614
f 8430//2615 8431//2615 8432//2615
f 8433//2616 8434//2616 8435//2616
f 8436//2617 8437//2617 8438//2617
f 8439//2618 8440//2618 8441//2618
f 8442//2619 8443//2619 8444//2619
f 8445//2620 8446//2620 8447//2620
f 8448//2621 8449//2621 8450//2621
f 8451//2622 8452//2622 8453//2622
f 8454//2623 8455//2623 8456//2623
f 8457//2624 8458//2624 8459//2624
f 8460//2625 8461//2625 8462//2625
f 8463//2626 8464//2626 8465//2626
f 8466//2627 8467//2627 8468//2627
f 8469//2628 8470//2628 8471//2628
f 8472//2629 8473//2629 8474//2629
f 8475//2630 8476//2630 8477//2630
f 8478//2631 8479//2631 8480//2631
f 8481//2632 8482//2632 8483//2632
f 8484//2633 8485//2633 8486//2633
f 8487//2634 8488//2634 8489//2634
f 8490//2635 8491//2635 8492//2635
f 8493//2636 8494//2636 8495//2636
f 8496//2637 8497//2637 8498//2637
f 8499//2638 8500//2638 8501//2638
f 8502//2639 8503//2639 8504//2639
f 8505//2640 8506//2640 8507//2640
f 8508//2641 8509//2641 8510//2641
f 8511//2642 8512//2642 8513//2642
f 8514//2643 8515//2643 8516//2643
f 8517//2644 8518//2644 8519//2644
f 8520//2645 8521//2645 8522//2645
f 8523//2646 8524//2646 8525//2646
f 8526//2647 8527//2647 8528//2647
f 8529//2648 8530//2648 8531//2648
f 8532//2649 8533//2649 8534//2649
f 8535//2650 8536//2650 8537//2650
f 8538//2651 8539//2651 8540//2651
f 8541//2652 8542//2652 8543//2652
f 8544//2653 8545//2653 8546//2653
f 8547//2654 8548//2654 8549//2654
f 8550//2655 8551//2655 8552//2655
f 8553//2656 8554//2656 8555//2656
f 8556//2657 8557//2657 8558//2657
f 8559//2658 8560//2658 8561//2658
f 8562//2659 8563//2659 8564//2659
f 8565//2660 8566//2660 8567//2660
f 8568//2660 8569//2660 8570//2660
f 8571//2661 8572//2661 8573//2661
f 8574//2662 8575//2662 8576//2662
f 8577//467 8578//467 8579//467
f 8579//2663 8580//2663 8581//2663
f 8581//2663 8582//2663 8577//2663
f 8583//2664 8584//2664 8585//2664
f 8586//2665 8587//2665 8588//2665
f 8589//468 8590//468 8591//468
f 8592//468 8593//468 8594//468
f 8595//2665 8596//2665 8597//2665
f 1448//2666 8598//2666 1449//2666
f 8599//469 8600//469 8601//469
f 8602//2667 8603//2667 8604//2667
f 8605//2668 8606//2668 8607//2668
f 8608//2669 8609//2669 8610//2669
f 8611//2670 8612//2670 8613//2670
f 8614//2671 8615//2671 8616//2671
f 8617//2672 8618//2672 8619//2672
f 8620//2673 8621//2673 8622//2673
f 8623//2674 8624//2674 8625//2674
f 8626//2675 1453//2675 1455//2675
f 8627//471 8628//471 8629//471
f 8630//2676 8631//2676 8632//2676
f 8633//2677 8634//2677 8635//2677
f 8636//2678 8637//2678 8638//2678
f 8638//2679 8627//2679 8629//2679
f 8639//2680 8640//2680 8641//2680
f 8642//472 8643//472 8644//472
f 8643//472 8645//472 8644//472
f 8646//2681 8647//2681 8648//2681
f 8649//2682 8650//2682 8651//2682
f 8652//2683 8653//2683 8654//2683
f 8655//2684 8656//2684 8657//2684
f 8658//2685 8659//2685 8660//2685
f 8661//2686 8662//2686 1464//2686
f 8663//473 8664//473 8658//473
f 8665//2687 8666//2687 8667//2687
f 8668//2688 8669//2688 8670//2688
f 8671//2688 8672//2688 8673//2688
f 8673//2689 8674//2689 8671//2689
f 8678//2690 8679//2690 8680//2690
f 8681//2691 8682//2691 8683//2691
f 8684//2692 8685//2692 8686//2692
f 8687//2693 8688//2693 8689//2693
f 8690//2694 8691//2694 8692//2694
f 8693//2695 8694//2695 8695//2695
f 8696//2696 8697//2696 8698//2696
f 8699//2697 8700//2697 8701//2697
f 8702//2698 8703//2698 8704//2698
f 8705//476 1471//476 1473//476
f 8706//2699 8707//2699 8708//2699
f 8709//2700 8710//2700 8711//2700
f 8712//2701 8713//2701 8714//2701
f 8715//2702 8716//2702 8717//2702
f 8718//2703 8719//2703 8720//2703
f 8721//478 8722//478 8723//478
f 8724//2704 8725//2704 8726//2704
f 8727//478 8728//478 8729//478
f 8730//2705 8731//2705 8732//2705
f 8733//2706 8734//2706 8735//2706
f 8739//2707 8740//2707 8741//2707
f 8742//2708 8743//2708 8744//2708
f 8745//479 8746//479 8747//479
f 8748//2709 8749//2709 8750//2709
f 8751//480 8752//480 8753//480
f 8754//2710 8755//2710 8756//2710
f 8760//480 8761//480 8762//480
f 8761//2711 8763//2711 8762//2711
f 8764//2712 8765//2712 8766//2712
f 8767//2713 8768//2713 1488//2713
f 8769//2714 8770//2714 8771//2714
f 8772//2715 8773//2715 8774//2715
f 8775//2716 8776//2716 8777//2716
f 8778//2717 8779//2717 8780//2717
f 8781//2718 8782//2718 8783//2718
f 8784//2719 8785//2719 8786//2719
f 8787//2720 8788//2720 8789//2720
f 8790//482 8791//482 8792//482
f 8793//2721 8794//2721 8795//2721
f 8796//483 8797//483 8798//483
f 8799//2721 8800//2721 8801//2721
f 8802//2721 1493//2721 1492//2721
f 8803//2721 8804//2721 8805//2721
f 8806//2722 8807//2722 8808//2722
f 8809//2723 8810//2723 8811//2723
f 8812//2724 8813//2724 8814//2724
f 8815//2725 8816//2725 8817//2725
f 8818//2726 8819//2726 8820//2726
f 8821//2727 8822//2727 8823//2727
f 8824//2728 8825//2728 8826//2728
f 1500//2729 8827//2729 8828//2729
f 8828//2730 8829//2730 1500//2730
f 8829//2731 1498//2731 1500//2731
f 8830//2732 8831//2732 8832//2732
f 8833//2733 8834//2733 8835//2733
f 8836//2734 8837//2734 8838//2734
f 8839//2735 8840//2735 8841//2735
f 8842//2736 8843//2736 8844//2736
f 8845//2737 8846//2737 8847//2737
f 8848//2738 8849//2738 8850//2738
f 8851//2739 8852//2739 8853//2739
f 8854//2740 8855//2740 8856//2740
f 8857//2741 8858//2741 8859//2741
f 8860//2742 8861//2742 8862//2742
f 8863//2743 8864//2743 8865//2743
f 8866//2744 8867//2744 8868//2744
f 8869//2745 8870//2745 8871//2745
f 8872//2746 8873//2746 8874//2746
f 8875//2747 8876//2747 8877//2747
f 8878//2748 8879//2748 8880//2748
f 8881//2749 8882//2749 8883//2749
f 8884//2750 8885//2750 8886//2750
f 8887//2751 8888//2751 8889//2751
f 8890//2752 8891//2752 8892//2752
f 8893//2753 8894//2753 8895//2753
f 8896//2754 8897//2754 8898//2754
f 8899//2755 8900//2755 8901//2755
f 8902//2756 8903//2756 8904//2756
f 8905//2757 8906//2757 8907//2757
f 8908//2758 8909//2758 8910//2758
f 8911//491 8912//491 8913//491
f 8914//2759 8915//2759 8916//2759
f 8917//2760 8918//2760 8919//2760
f 8920//2761 8921//2761 8922//2761
f 8923//2762 8924//2762 8925//2762
f 8926//2763 8927//2763 8928//2763
f 8929//2764 8930//2764 8931//2764
f 8932//2765 8933//2765 8925//2765
f 8934//2766 8935//2766 8936//2766
f 8937//493 8938//493 8939//493
f 8940//2767 8941//2767 8942//2767
f 8943//2768 8944//2768 8945//2768
f 8946//2769 8947//2769 8948//2769
f 8949//2770 8950//2770 8951//2770
f 8952//2771 8953//2771 8954//2771
f 8955//2772 8956//2772 8957//2772
f 8958//2773 8959//2773 8960//2773
f 8961//2772 8962//2772 8963//2772
f 8964//2774 8965//2774 8966//2774
f 8967//2775 8968//2775 8969//2775
f 8970//2776 8971//2776 8972//2776
f 8973//2777 8974//2777 8975//2777
f 8976//2778 8977//2778 8978//2778
f 8979//2779 8980//2779 8981//2779
f 8982//2780 8983//2780 8984//2780
f 8985//2781 8986//2781 8987//2781
f 8988//2782 8989//2782 8990//2782
f 8991//2783 8992//2783 8993//2783
f 8994//2784 8995//2784 8996//2784
f 8997//2785 8998//2785 8999//2785
f 9000//2786 9001//2786 9002//2786
f 9003//2787 9004//2787 9005//2787
f 9002//2788 9006//2788 9000//2788
f 9007//2789 9008//2789 9009//2789
f 9010//2790 9011//2790 9012//2790
f 9013//2791 9014//2791 9015//2791
f 9016//2792 9017//2792 9018//2792
f 9019//2793 9020//2793 9021//2793
f 9022//2794 9023//2794 9024//2794
f 9025//2795 9026//2795 9027//2795
f 9028//2796 9029//2796 9030//2796
f 9031//2797 9032//2797 9033//2797
f 9034//2798 9035//2798 9036//2798
f 9037//2799 9038//2799 9039//2799
f 9040//500 9041//500 9042//500
f 9043//2800 9044//2800 9045//2800
f 9046//2801 9047//2801 9048//2801
f 9049//2802 9050//2802 9051//2802
f 9052//2803 9053//2803 9054//2803
f 9055//2804 9056//2804 9057//2804
f 9058//2805 9059//2805 9060//2805
f 9061//2806 9062//2806 9063//2806
f 9064//2807 9065//2807 9066//2807
f 9067//2808 9068//2808 9069//2808
f 9070//2809 9071//2809 9072//2809
f 9073//2810 9074//2810 9075//2810
f 9076//2811 9077//2811 9078//2811
f 9079//2812 9080//2812 9081//2812
f 9082//2813 9083//2813 9084//2813
f 9085//2814 9086//2814 9087//2814
f 9088//2815 9089//2815 9090//2815
f 9091//2816 9092//2816 9093//2816
f 9094//2817 9095//2817 9096//2817
f 9097//2818 9098//2818 9099//2818
f 9100//2819 9101//2819 9102//2819
f 9103//2820 9104//2820 9105//2820
f 9106//2821 9107//2821 9108//2821
f 9109//2822 9110//2822 9111//2822
f 9112//2823 9113//2823 9114//2823
f 9115//2824 9116//2824 9117//2824
f 9118//2825 9119//2825 9120//2825
f 9121//2826 9122//2826 9123//2826
f 9124//2827 9125//2827 9126//2827
f 9127//2828 9128//2828 9129//2828
f 9130//2829 9131//2829 9132//2829
f 9133//2830 9134//2830 9135//2830
f 9136//2831 9137//2831 9138//2831
f 9139//2832 9140//2832 9141//2832
f 9142//2833 9143//2833 9144//2833
f 9145//2834 9146//2834 9147//2834
f 9148//2835 9149//2835 9150//2835
f 9151//2836 9152//2836 9153//2837
f 9154//2838 9155//2838 9156//2838
f 9157//2839 9158//2839 9159//2839
f 9160//2840 9161//2840 9162//2840
f 9163//2841 9164//2841 9165//2841
f 9166//2842 9167//2842 9168//2842
f 9172//2843 9173//2843 9174//2843
f 9175//2844 9176//2844 9177//2844
f 9178//2845 9179//2845 9180//2845
f 9181//2846 9182//2846 9183//2846
f 9184//2847 9185//2847 9186//2847
f 9187//2848 9188//2848 9189//2848
f 9190//2849 9191//2849 9192//2849
f 9193//2850 9194//2850 9195//2850
f 9190//2851 9192//2851 9196//2851
f 9197//2852 9198//2852 9199//2852
f 9200//2853 9201//2853 9202//2853
f 9203//2854 9204//2854 9205//2854
f 9206//2855 9207//2855 9208//2855
f 9209//2856 9210//2856 9211//2856
f 9212//2857 9213//2857 9214//2857
f 9215//2858 9216//2858 9217//2858
f 9218//2859 9219//2859 9220//2859
f 9221//2860 9222//2860 9223//2860
f 9224//2861 9225//2861 9226//2861
f 9227//2862 9228//2862 9229//2862
f 9230//2863 9231//2863 9232//2863
f 9233//2864 9234//2864 9235//2864
f 9236//2865 9237//2865 9238//2865
f 9239//2866 9240//2866 9241//2866
f 9242//2867 9243//2867 9244//2867
f 9245//2868 9246//2868 9247//2868
f 9248//2869 9249//2869 9250//2869
f 9251//2870 9252//2870 9253//2870
f 9254//2871 9255//2871 9256//2871
f 9257//2872 9258//2872 9259//2872
f 9260//2873 9261//2873 9262//2873
f 9263//2874 9264//2874 9265//2874
f 9266//2875 9267//2875 9268//2875
f 9269//2876 9270//2876 9271//2876
f 9272//2877 9273//2877 9274//2877
f 9275//2878 9276//2878 9277//2878
f 9278//2879 9279//2879 9280//2879
f 9281//2880 9282//2880 9283//2880
f 9284//2881 9285//2881 9286//2881
f 9287//2882 9288//2882 9289//2882
f 9290//2883 9291//2883 9292//2883
f 9293//2884 9294//2884 9295//2884
f 9296//2885 9297//2885 9298//2885
f 9299//2886 9300//2886 9301//2886
f 9302//2887 9303//2887 9304//2887
f 9305//2888 9306//2888 9307//2888
f 9308//2889 9309//2889 9310//2889
f 9311//2890 9312//2890 9313//2890
f 9314//2891 9315//2891 9316//2891
f 9317//2892 9318//2892 9319//2892
f 9320//2893 9321//2893 9322//2893
f 9323//2894 9324//2894 9325//2894
f 9326//2895 9327//2895 9328//2895
f 9329//2896 9330//2896 9331//2896
f 9328//2895 9327//2895 9332//2895
f 9333//2897 9334//2897 9335//2897
f 9336//520 1605//520 1604//520
f 9337//2898 9338//2898 9339//2898
f 9340//2899 9341//2899 9342//2899
f 9339//2898 9338//2898 9343//2898
f 9344//2900 9345//2900 9346//2900
f 9347//2901 9348//2901 9349//2901
f 9350//2902 9351//2902 9352//2902
f 9353//2903 9354//2903 9355//2903
f 9356//2904 9357//2904 9358//2904
f 9359//2905 9360//2905 9361//2905
f 9362//2906 9363//2906 9364//2906
f 9365//2907 9366//2907 9367//2907
f 9368//522 9369//522 9370//522
f 9371//2908 9372//2908 9373//2908
f 9374//2909 9375//2909 9376//2909
f 9377//2910 9378//2910 9379//2910
f 9380//2911 9381//2911 9382//2911
f 9383//2912 9384//2912 9385//2912
f 9386//2913 9387//2913 9388//2913
f 9389//2914 9390//2914 9391//2914
f 9392//524 9393//524 9394//524
f 1617//2915 9395//2915 1615//2915
f 9396//2916 9397//2916 9398//2916
f 9399//2916 9400//2916 9401//2916
f 9402//2917 9403//2917 9404//2917
f 9404//2918 9405//2918 9402//2918
f 9406//2919 9407//2919 9408//2919
f 9409//2920 9410//2920 9411//2920
f 9412//2921 9413//2921 9414//2921
f 9415//2922 9416//2922 9417//2922
f 9418//2923 9419//2923 9420//2923
f 9421//2924 9422//2924 9423//2924
f 9424//2925 9425//2925 9426//2925
f 9427//2926 9428//2926 9429//2926
f 9430//2927 9431//2927 9432//2927
f 9433//2928 9434//2928 9435//2928
f 9436//2929 9437//2929 9438//2929
f 9439//2930 9440//2930 9441//2930
f 9442//2931 9443//2931 9444//2931
f 9445//2932 9446//2932 9447//2932
f 9448//2933 9449//2933 9450//2933
f 9451//2934 9452//2934 9453//2934
f 9454//2935 9455//2935 9456//2935
f 9457//2936 9458//2936 9459//2936
f 9460//2937 9461//2937 9462//2937
f 9463//2938 9464//2938 9465//2938
f 9466//2939 9467//2939 9468//2939
f 9469//2940 9470//2940 9471//2940
f 9472//2941 9473//2941 9474//2941
f 9475//2942 9476//2942 9477//2942
f 9478//2943 9479//2943 9480//2943
f 9481//2944 9482//2944 9483//2944
f 9484//2945 9485//2945 9486//2945
f 9487//2946 9488//2946 9489//2946
f 9490//2947 9491//2947 9492//2947
f 9493//2948 9494//2948 9495//2948
f 9496//2949 9497//2949 9498//2949
f 9499//2950 9500//2950 9501//2950
f 9502//2951 9503//2951 9504//2951
f 9505//2952 9506//2952 9507//2952
f 9508//2953 9509//2953 9510//2953
f 9511//2954 9512//2954 9513//2954
f 9514//2955 9515//2955 9516//2955
f 9517//2956 9518//2956 9519//2956
f 9520//2957 9521//2957 9522//2957
f 9523//2958 9524//2958 9525//2958
f 9526//2959 9527//2959 9528//2959
f 9529//2960 9530//2960 9531//2960
f 9532//2961 9533//2961 9534//2961
f 9535//2962 9536//2962 9537//2962
f 9538//2963 9539//2963 9540//2963
f 9541//2964 9542//2964 9543//2964
f 9544//2965 9545//2965 9546//2965
f 9547//2966 9548//2966 9549//2966
f 9550//2967 9551//2967 9552//2967
f 9553//2968 9554//2968 9555//2968
f 9556//2969 9557//2969 9558//2969
f 9559//2970 9560//2970 9561//2970
f 9562//2971 9563//2971 9564//2971
f 9565//2972 9566//2972 9567//2972
f 9568//2973 9569//2973 9570//2973
f 9571//2974 9572//2974 9573//2974
f 9574//2975 9575//2975 9576//2975
f 9577//2976 9578//2976 9579//2976
f 9580//2977 9581//2977 9582//2977
f 9583//2978 9584//2978 9585//2978
f 9586//2979 9587//2979 9588//2979
f 9589//2980 9590//2980 9591//2980
f 9588//2979 9587//2979 9592//2979
f 9593//2981 9594//2981 9595//2981
f 9596//2982 9597//2982 9598//2982
f 9599//2983 9600//2983 9601//2983
f 9602//2984 9603//2984 9604//2984
f 9605//2985 9606//2985 9607//2985
f 9608//2986 9609//2986 9610//2986
f 9611//2987 9612//2987 9613//2987
f 9614//2988 9615//2988 9616//2988
f 1662//2989 9617//2989 1660//2989
f 9618//2990 9619//2990 9620//2990
f 9621//2991 9622//2991 9623//2991
f 9624//2992 9625//2992 9626//2992
f 9627//2993 9628//2993 9629//2993
f 9630//2994 9631//2994 9632//2994
f 9633//2995 9634//2995 9635//2995
f 9636//2996 9637//2996 9638//2996
f 9639//2997 9640//2997 9641//2997
f 9642//2998 9643//2998 9644//2998
f 1668//2999 9645//2999 1666//2999
f 9646//3000 9647//3000 9648//3000
f 9649//3001 9650//3001 9651//3001
f 9652//3002 9653//3002 9654//3002
f 9655//3003 9656//3003 9657//3003
f 9658//3004 9659//3004 9660//3004
f 9661//3005 9662//3005 9663//3005
f 9664//3006 9665//3006 9666//3006
f 9667//543 9668//543 9669//543
f 9673//3007 9674//3007 9675//3007
f 9672//3008 9671//3008 9676//3008
f 9677//3009 9678//3009 9679//3009
f 9680//3010 1677//3010 1676//3010
f 9681//3011 9682//3011 9683//3011
f 9684//3012 9685//3012 9686//3012
f 9687//3013 9688//3013 9689//3013
f 9690//3014 9691//3014 9692//3014
f 9693//3015 9694//3015 9695//3015
f 9696//3016 9697//3016 9698//3016
f 9699//3017 9700//3017 9701//3017
f 9702//3018 9703//3018 9704//3018
f 9705//3019 9706//3019 9707//3019
f 9708//3020 9709//3020 9710//3020
f 9711//3021 9712//3021 9713//3021
f 9714//3022 9715//3022 9716//3022
f 9717//3021 9718//3021 9719//3021
f 9720//3023 9721//3023 9722//3023
f 9723//3024 9724//3024 9725//3024
f 9726//3025 9727//3025 9728//3025
f 9729//547 9730//547 9731//547
f 9732//3026 9733//3026 9734//3026
f 9735//3027 9736//3027 9737//3027
f 9738//3028 9739//3028 9740//3028
f 9741//3029 9742//3029 9743//3029
f 9744//3030 9745//3030 9746//3030
f 9747//3031 9748//3031 9749//3031
f 9750//3032 9751//3032 9752//3032
f 9753//3033 9754//3033 9755//3033
f 9756//3034 9757//3034 9758//3034
f 9759//3035 9760//3035 9761//3035
f 9762//3036 9763//3036 9764//3036
f 9765//3037 9766//3037 9767//3037
f 9768//3038 9769//3038 9770//3038
f 9771//3039 9772//3039 9773//3039
f 9774//3040 9775//3040 9776//3040
f 9777//3041 9778//3041 9779//3041
f 9780//3042 9781//3042 9782//3042
f 9783//3043 9784//3043 9785//3043
f 9786//3044 9787//3044 9788//3044
f 9789//3045 9790//3045 9791//3045
f 9792//3046 9793//3046 9794//3046
f 9795//3047 9796//3047 9797//3047
f 9798//3048 9799//3048 9800//3048
f 9801//3049 9802//3049 9803//3049
f 9804//3050 9805//3050 9806//3050
f 9807//3051 9808//3051 9809//3051
f 9810//3052 9811//3052 9812//3052
f 9813//3053 9814//3053 9815//3053
f 9816//3054 9817//3054 9818//3054
f 9819//3055 9820//3055 9821//3055
f 9822//3056 9823//3056 9824//3056
f 9825//3057 9826//3057 9827//3057
f 9828//3058 9829//3058 9830//3058
f 9831//3059 9832//3059 9833//3059
f 9834//3060 9835//3060 9836//3060
f 9837//3061 9838//3061 9839//3061
f 9840//3062 9841//3062 9842//3062
f 9843//3063 9844//3063 9845//3063
f 9846//3064 9847//3064 9848//3064
f 9849//3065 9850//3065 9851//3065
f 9852//3066 9853//3066 9854//3066
f 9855//3067 9856//3067 9857//3067
f 9858//3068 9859//3068 9860//3068
f 9861//3069 9862//3069 9863//3069
f 9864//3070 9865//3070 9866//3070
f 9867//3071 9868//3071 9869//3071
f 9870//3072 9871//3072 9872//3072
f 9873//3073 9874//3073 9875//3073
f 9876//3074 9877//3074 9878//3074
f 9879//3075 9880//3075 9881//3075
f 9882//3076 9883//3076 9884//3076
f 9885//3077 9886//3077 9887//3077
f 9888//3078 9889//3078 9890//3078
f 9891//3079 9892//3079 9893//3079
f 9894//3080 9895//3080 9896//3080
f 9897//3081 9898//3081 9899//3081
f 9900//3082 9901//3082 9902//3082
f 9903//3083 9904//3083 9905//3083
f 9906//3084 9907//3084 9908//3084
f 9909//3085 9910//3085 9911//3085
f 9915//3086 9916//3086 9917//3086
f 9918//3087 9919//3087 9920//3087
f 9921//3088 9922//3088 9923//3088
f 9924//3089 9925//3089 9926//3089
f 9927//3090 9928//3090 9929//3090
f 9933//3091 9934//3091 9935//3091
f 9936//3092 9937//3092 9938//3092
f 9939//3093 9940//3093 9941//3093
f 9942//3094 9943//3094 9944//3094
f 9945//3095 9946//3095 9947//3095
f 9948//3096 9949//3096 9950//3096
f 9951//3097 9952//3097 9953//3097
f 9954//3098 9955//3098 9956//3098
f 9957//3099 9958//3099 9959//3099
f 9960//3100 9961//3100 9962//3100
f 9966//3100 9967//3100 9968//3100
f 9969//3101 9970//3101 9971//3101
f 9972//3102 9973//3102 9974//3102
f 9975//3103 9976//3103 9977//3103
f 9978//3104 9979//3104 9980//3104
f 9981//3105 9982//3105 9983//3105
f 9984//3106 9985//3106 9986//3106
f 9987//3107 9988//3107 9989//3107
f 9990//3108 9991//3108 9992//3108
f 9993//3109 9994//3109 9995//3109
f 9996//3110 9997//3110 9998//3110
f 9999//3111 10000//3111 10001//3111
f 10002//3112 10003//3112 10004//3112
f 10005//3113 10006//3113 10007//3113
f 10008//3114 10009//3114 10010//3114
f 10011//3115 10012//3115 10013//3115
f 1743//566 10014//566 1741//566
f 10015//3116 10016//3116 10017//3116
f 10018//3117 10019//3117 10020//3117
f 10021//3118 10022//3118 10023//3118
f 10020//3117 10024//3117 10018//3117
f 1746//567 10025//567 1744//567
f 10026//3119 10027//3119 10028//3119
f 10029//3120 10030//3120 10031//3120
f 10032//3121 10033//3121 10034//3121
f 10035//3122 10036//3122 10037//3122
f 10038//3123 10039//3123 10040//3123
f 10039//3123 10041//3123 10040//3123
f 10042//3124 10043//3124 10044//3124
f 10045//3125 10046//3125 10047//3125
f 10048//3126 10049//3126 10050//3126
f 10051//3127 10052//3127 10053//3127
f 10054//3126 10055//3126 10056//3126
f 10057//3128 10058//3128 10059//3128
f 10060//3129 10061//3129 10062//3129
f 10063//3130 10064//3130 10065//3130
f 10066//3131 10067//3131 10068//3131
f 10069//3132 10070//3132 10071//3132
f 10072//3133 10073//3133 10074//3133
f 10075//3134 10076//3134 10077//3134
f 10078//3133 1758//3133 1757//3133
f 10079//3135 10080//3135 10081//3135
f 10080//572 10082//572 10081//572
f 1760//3136 10083//3136 1761//3136
f 10084//3137 10085//3137 10086//3137
f 10087//3138 10088//3138 10089//3138
f 10090//3139 10091//3139 10092//3139
f 10093//3140 10094//3140 10095//3140
f 10096//3141 10097//3141 10098//3141
f 10099//3142 10100//3142 10101//3142
f 10102//3143 10103//3143 10104//3143
f 10105//3144 10106//3144 10107//3144
f 10108//3145 10109//3145 10110//3145
f 10114//3146 10115//3146 10116//3146
f 10117//3147 10118//3147 10119//3147
f 10120//3148 10121//3148 10122//3148
f 10123//3149 10124//3149 10125//3149
f 10126//3150 10127//3150 10128//3150
f 10129//3151 10130//3151 10131//3151
f 10132//3152 10133//3152 10134//3152
f 10135//3153 10136//3153 10137//3153
f 10138//3154 10139//3154 10140//3154
f 10141//3155 10142//3155 10143//3155
f 10144//3156 10145//3156 10146//3156
f 10147//3157 10148//3157 10149//3157
f 10150//3158 10151//3158 10152//3158
f 10153//3159 10154//3159 10155//3159
f 10156//3160 10157//3160 10158//3160
f 10159//3161 10160//3161 10161//3161
f 10162//3162 10163//3162 10164//3162
f 10165//3163 10166//3163 10167//3163
f 10168//3164 10169//3164 10170//3164
f 10171//3165 10172//3165 10173//3165
f 10174//3166 10175//3166 10176//3166
f 10177//3167 10178//3167 10179//3167
f 10180//3168 10181//3168 10182//3168
f 10183//3169 10184//3169 10185//3169
f 10186//3170 10187//3170 10188//3170
f 10189//3171 10190//3171 10191//3171
f 10192//3172 10193//3172 10194//3172
f 10195//3173 10196//3173 10197//3173
f 10198//3174 10199//3174 10200//3174
f 10201//3175 10202//3175 10203//3175
f 10204//3176 10205//3176 10206//3176
f 10207//3177 10208//3177 10209//3177
f 10210//3178 10211//3178 10212//3178
f 10213//3179 10214//3179 10215//3179
f 10216//3180 10217//3180 10218//3180
f 10219//3181 10220//3181 10221//3181
f 10222//3182 10223//3182 10224//3182
f 10225//3183 10226//3183 10227//3183
f 10228//3184 10229//3184 10230//3184
f 10231//3185 10232//3185 10233//3185
f 10234//3186 10235//3186 10236//3186
f 10237//3187 10238//3187 10239//3187
f 10240//3188 10241//3188 10242//3188
f 10243//3189 10244//3189 10245//3189
f 10246//3190 10247//3190 10248//3190
f 10249//3191 10250//3191 10251//3191
f 10252//3192 10253//3192 10254//3192
f 10255//3193 10256//3193 10257//3193
f 10258//3194 10259//3194 10260//3194
f 10261//3195 10262//3195 10263//3195
f 10264//3196 10265//3196 10266//3196
f 10267//3197 10268//3197 10269//3197
f 1797//584 10270//584 1795//584
f 10271//3198 10272//3198 10273//3198
f 10277//3199 10278//3199 10279//3199
f 10280//3200 10281//3200 10282//3200
f 10283//3201 10284//3201 10285//3201
f 10286//3202 10287//3202 10288//3202
f 10289//3203 10290//3203 10291//3203
f 10292//3204 10293//3204 10294//3204
f 10295//3205 10296//3205 10297//3205
f 10298//3206 10299//3206 10300//3206
f 10297//3207 10296//3207 10301//3207
f 10302//3208 10303//3208 10304//3208
f 10305//3209 10306//3209 10307//3209
f 10308//3210 10309//3210 10310//3210
f 10311//3211 10312//3211 10313//3211
f 10314//3212 10315//3212 10316//3212
f 10317//3213 10318//3213 10319//3213
f 10320//3214 10321//3214 10322//3214
f 10323//3215 10324//3215 10325//3215
f 10326//3216 10327//3216 10328//3216
f 10325//3217 10324//3217 10329//3217
f 10330//3218 10331//3218 10332//3218
f 10333//3219 10334//3219 10335//3219
f 10336//3220 10337//3220 10338//3220
f 10339//3221 10340//3221 10341//3221
f 10342//3222 10343//3222 10344//3222
f 10345//3223 10346//3223 10347//3223
f 10348//3224 10349//3224 10350//3224
f 10354//3225 10355//3225 10356//3225
f 10357//3226 10358//3226 10359//3226
f 10360//3227 10361//3227 10362//3227
f 10363//3228 10364//3228 10365//3228
f 10362//3229 10366//3229 10360//3229
f 10367//3230 10368//3230 10369//3230
f 10370//3231 10371//3231 10372//3231
f 10373//3232 10374//3232 10375//3232
f 10376//3233 10377//3233 10378//3233
f 10379//3234 10380//3234 10381//3234
f 10382//3235 10383//3235 10384//3235
f 10385//3236 10386//3236 10387//3236
f 10388//3237 10389//3237 10390//3237
f 10391//3238 10392//3238 10393//3238
f 10394//3239 10395//3239 10396//3239
f 10397//3240 10398//3240 10399//3240
f 10400//3241 10401//3241 10402//3241
f 10403//3242 10404//3242 10405//3242
f 10406//3243 10407//3243 10408//3243
f 10409//3244 10410//3244 10411//3244
f 10412//3245 10413//3245 10414//3245
f 10415//3246 10416//3246 10417//3246
f 10418//3247 10419//3247 10420//3247
f 10421//3248 10422//3248 10423//3248
f 10424//3249 10425//3249 10426//3249
f 10427//3250 10428//3250 10429//3250
f 10430//3251 10431//3251 10432//3251
f 10433//3252 10434//3252 10435//3252
f 10436//3253 10437//3253 10438//3253
f 10439//3254 10440//3254 10441//3254
f 10442//3255 10443//3255 10444//3255
f 10445//3256 10446//3256 10447//3256
f 10448//3257 10449//3257 10450//3257
f 10451//3258 10452//3258 10453//3258
f 10454//3259 10455//3259 10456//3259
f 10457//3260 10458//3260 10459//3260
f 10460//3261 10461//3261 10462//3261
f 10463//3262 10464//3262 10465//3262
f 10466//3263 10467//3263 10468//3263
f 10469//3264 10470//3264 10471//3264
f 10472//3265 10473//3265 10474//3265
f 10475//3266 10476//3266 10477//3266
f 10478//3267 10479//3267 10480//3267
f 10481//3268 10482//3268 10483//3268
f 10484//3269 10485//3269 10486//3269
f 10487//3270 10488//3270 10489//3270
f 10490//3271 10491//3271 10492//3271
f 10493//3272 10494//3272 10495//3272
f 10496//3273 10497//3273 10498//3273
f 10499//3274 10500//3274 10501//3274
f 10502//3275 10503//3275 10504//3275
f 10505//3276 10506//3276 10507//3276
f 10508//3277 10509//3277 10510//3277
f 10511//3278 10512//3278 10513//3278
f 10514//3279 10515//3279 10516//3279
f 10517//3280 10518//3280 10519//3280
f 10520//3281 10521//3281 10522//3281
f 10523//3282 10524//3282 10525//3282
f 10526//3283 10527//3283 10528//3283
f 10529//3284 10530//3284 10531//3284
f 10532//3285 10533//3285 10534//3285
f 10535//3286 10536//3286 10537//3286
f 10538//3287 10539//3287 10540//3287
f 10541//3288 10542//3288 10543//3288
f 10544//3289 10545//3289 10546//3289
f 10547//3290 10548//3290 10549//3290
f 10550//3291 10551//3291 10552//3291
f 10553//3292 10554//3292 10555//3292
f 10556//3293 10557//3293 10558//3293
f 10559//3294 10560//3294 10561//3294
f 10562//3295 10563//3295 10564//3295
f 10565//3296 10566//3296 10567//3296
s 1
f 145//763 146//763 147//763
f 187//3297 188//3297 189//3297
f 400//3298 401//3298 402//3298
f 424//3299 425//3299 426//3299
f 436//3300 437//3300 438//3300
f 457//3301 458//3301 459//3301
f 523//3302 524//3302 525//3302
f 619//3303 620//3303 621//3303
f 742//1555 743//1555 744//1555
f 805//3304 806//3304 807//3304
f 1054//3305 1055//3305 1056//3305
f 1099//3306 1100//2133 1101//2133
f 1267//3307 1268//3307 1269//3307
f 1294//3308 1295//3308 1296//3308
f 1351//3309 1352//3309 1353//3309
f 2329//3310 2330//3310 2331//3310
f 2659//3311 2660//3311 2661//3311
f 2688//832 2689//832 2690//832
f 3496//3312 3497//3312 3498//3312
f 3522//3313 3523//3313 3524//3313
f 3601//3314 3602//3314 3603//3314
f 3670//3315 3671//3315 3672//3315
f 3698//3316 3699//3316 3700//3316
f 3821//3317 3822//3317 3823//3317
f 3927//3318 3928//3318 3929//3318
f 4059//3319 4060//3319 4061//3319
f 4093//3320 4094//3320 4095//3320
f 4269//3321 4270//3321 4271//3321
f 4740//3322 4741//3322 4742//3322
f 4767//3323 4768//3323 4769//3323
f 4916//3324 4917//3324 4918//3324
f 5212//3325 5213//3325 5214//3325
f 5572//3326 5573//3326 5574//3326
f 5695//3327 5696//3327 5697//3327
f 6060//3328 6061//3328 6062//3328
f 6066//3329 6067//3329 6068//3329
f 6784//3330 6785//3330 6786//3330
f 6884//3331 6885//3331 6886//3331
f 1100//2133 6909//2133 1101//2133
f 6918//3332 6919//3332 6920//3332
f 6936//3333 6937//3333 6938//3333
f 7298//3334 7299//3334 7300//3334
f 7356//3335 7357//3335 7358//3335
f 7480//3336 7481//3336 7482//3336
f 7522//3337 7523//3337 7524//3337
f 7531//3338 7532//3338 7533//3338
f 7579//3339 7580//3339 7581//3339
f 7618//3340 7619//3340 7620//3340
f 7819//3341 7820//3341 7821//3341
f 8059//3342 8060//3342 8061//3342
f 8068//3343 8069//3343 8070//3343
f 8099//435 8100//435 8101//435
f 8105//3344 8106//3344 8107//3344
f 8129//3345 8130//3345 8131//3345
f 8675//2688 8676//2688 8677//2688
f 8736//3346 8737//3346 8738//3346
f 8757//3347 8758//3347 8759//3347
f 9169//3348 9170//3348 9171//3348
f 9670//3349 9671//3349 9672//3349
f 9912//3350 9913//3350 9914//3350
f 9930//3351 9931//3351 9932//3351
f 9963//3352 9964//3352 9965//3352
f 10111//3353 10112//3353 10113//3353
f 10274//3354 10275//3354 10276//3354
f 10351//3223 10352//3223 10353//3223
