# Blender v2.80 (sub 35) OBJ File: 'r3pu_lowpoly.blend'
# www.blender.org
v -0.416513 -4.132662 3.731726
v -0.003348 -4.107709 3.765718
v -0.392833 -4.072105 3.692096
v -2.524908 -1.721945 0.896794
v -2.490127 -1.853920 0.602991
v -2.505566 -1.901770 0.593395
v -2.418391 -1.891484 0.266849
v -2.356121 -1.823249 0.605432
v -2.366532 -1.883562 0.260472
v -2.205259 -2.009956 -0.524900
v -2.214958 -1.973347 -0.141005
v -2.188021 -2.043897 -0.122789
v -2.547223 -4.105664 0.166571
v -2.514366 -3.654721 0.069375
v -2.619137 -3.891604 -0.255306
v 2.144100 -2.187833 0.348768
v 2.172707 -2.139487 0.293861
v 2.165926 -2.148773 0.264829
v 2.389594 -1.178214 -1.387606
v 2.497169 -1.246562 -1.406020
v 2.382391 -1.282911 -1.386098
v -0.027831 -5.576684 3.013012
v -0.385664 -5.597994 2.967735
v -0.379423 -5.554034 2.932851
v 2.268978 -2.881868 1.011252
v 2.148439 -3.085976 1.138192
v 2.225287 -3.180281 1.022233
v -2.417374 -1.100773 -1.347057
v -2.515373 -1.136902 -1.376555
v -2.520417 -1.048969 -1.364803
v -1.327517 -4.226695 2.796530
v -1.594925 -3.912237 2.288141
v -1.625037 -4.062402 2.233643
v 2.490872 -2.016890 0.811273
v 2.379061 -2.334033 1.007234
v 2.436881 -2.383646 0.765303
v 2.639272 -1.490330 -1.337105
v 2.783651 -1.585998 -1.269449
v 2.627567 -1.609985 -1.295229
v 2.028346 -4.246119 0.295421
v 2.055411 -3.986436 -0.007992
v 2.113325 -4.167965 -0.119300
v 2.184792 -4.442536 0.352195
v 1.939797 -4.548562 0.689134
v 2.130173 -4.423482 0.308465
v 2.466483 -1.315223 1.069444
v 2.393991 -1.357499 1.064715
v 2.418961 -1.278680 1.101400
v 2.219627 -1.748951 -0.925230
v 2.261235 -1.825266 -1.055129
v 2.228348 -1.822590 -0.883482
v 1.327352 -4.225259 2.796867
v 0.916855 -4.577913 3.240943
v 1.323481 -4.396586 2.722682
v 1.082462 -5.236692 2.082268
v 0.757926 -5.307950 2.529545
v 1.070167 -5.174429 2.059109
v -1.416395 -5.124233 1.652397
v -1.739033 -4.860068 1.168413
v -1.692967 -4.849363 1.123106
v -0.002605 -4.061462 3.695288
v -0.285642 -4.008314 3.472409
v -0.358852 -4.030057 3.629120
v -1.638094 -4.214826 2.168937
v -1.819001 -3.948684 1.808928
v -1.847011 -4.080344 1.740326
v 0.784834 -5.415432 2.577843
v 1.116672 -5.319422 2.136370
v 0.803063 -5.452199 2.606987
v 1.208966 -3.570901 1.974200
v 0.986188 -3.828593 2.502823
v 1.019144 -3.771401 2.560047
v 1.236051 -3.817796 2.832505
v 1.523610 -3.748902 2.295466
v 1.463265 -3.669927 2.259542
v 2.352283 -1.175979 -1.211269
v 2.360522 -1.151037 -1.088180
v 2.374515 -1.101868 -1.237836
v 2.323681 -1.980497 0.184722
v 2.369322 -1.985888 0.240490
v 2.371300 -1.991341 0.175390
v 1.393532 -3.600457 2.203394
v 1.624739 -3.612154 1.871560
v 1.551530 -3.547944 1.829618
v 2.512009 -2.002382 0.585977
v 2.507175 -1.877409 0.850519
v -2.430695 -1.626181 -0.614526
v -2.347454 -1.552668 -0.713776
v -2.442394 -1.530029 -0.695434
v 2.167783 -1.863004 1.194700
v 2.169369 -1.845047 1.162703
v 2.123224 -2.088831 1.031847
v 2.243403 -4.095201 -0.586915
v 2.149382 -4.242084 -0.142945
v 2.204329 -4.036229 -0.555146
v 1.700874 -3.187471 1.095505
v 1.507632 -3.336114 1.226062
v 1.711724 -3.166748 1.149045
v 2.571733 -2.300078 -1.008100
v 2.662592 -2.138363 -1.042649
v 2.651029 -2.307450 -0.979408
v -0.397398 -4.891947 3.617217
v 0.001466 -4.717082 3.736235
v -0.388733 -4.692723 3.635976
v -2.556839 -1.531789 -0.673986
v -2.635137 -1.650248 -0.585701
v -2.528100 -1.632654 -0.594934
v 1.519683 -5.101593 1.716190
v 1.835745 -4.784996 1.298802
v 1.577862 -5.080269 1.762802
v -2.499779 -1.331597 1.084635
v -2.551377 -1.369225 1.062118
v -2.554201 -1.296939 1.099804
v 2.646474 -1.027580 -1.375992
v 2.797477 -1.103692 -1.377767
v 2.644888 -1.118385 -1.398631
v -2.666918 -0.960350 -1.237159
v -2.788557 -1.058100 -1.337673
v -2.802861 -0.960342 -1.215863
v -2.933317 -1.522930 -1.198423
v -2.930438 -1.562474 -0.971518
v -2.968806 -1.443155 -1.015661
v -2.414021 -3.427571 0.389137
v -2.504133 -3.259234 -0.029223
v 2.103689 -4.394876 0.289934
v 2.267592 -4.385377 -0.134379
v 2.130173 -4.423482 0.308465
v -1.460374 -3.520217 1.179337
v -1.577959 -3.304359 1.155982
v -1.396429 -3.432123 1.269432
v 2.933853 -1.196886 -0.823163
v 2.967546 -1.357934 -0.981815
v 2.985720 -1.238196 -1.032115
v 2.653385 -3.806293 -0.882718
v 2.575062 -4.234963 -0.590198
v 2.614357 -3.817033 -0.911785
v -1.347121 -4.945601 1.598128
v -1.045036 -4.905959 2.067849
v -1.075290 -5.095502 2.082303
v 2.315654 -2.674426 -0.842475
v 2.261421 -3.095601 -0.732235
v 2.282237 -2.641562 -0.790071
v -1.754690 -3.483958 0.842946
v -1.706529 -3.866463 0.926060
v -1.864247 -3.676966 0.626750
v -2.155146 -2.110030 0.313518
v -2.176402 -1.985546 0.659795
v -2.153951 -2.046437 0.677779
v 2.694991 -2.291131 -0.889380
v 2.643747 -2.744229 -0.566480
v 2.666379 -2.806123 -0.770851
v 2.184217 -2.119889 0.339600
v 2.171271 -2.126539 0.388035
v 2.185374 -2.103225 0.384344
v 2.274002 -1.451794 -1.198085
v 2.290161 -1.411262 -1.109945
v 2.294802 -1.382025 -1.212464
v -1.885585 -4.674484 1.448658
v -2.142394 -4.290016 1.067636
v -2.171356 -4.398821 0.942626
v -2.766826 -2.298702 -0.900185
v -2.744322 -2.086663 -0.755126
v -2.776510 -2.147758 -0.962071
v -2.490364 -2.008697 0.819688
v -2.512086 -1.984362 0.572943
v -2.511340 -2.089463 0.548367
v 2.064982 -2.480973 1.138601
v 2.143840 -2.235744 1.196516
v 2.122194 -2.223083 1.172416
v 2.260281 -2.275367 1.213089
v 2.162412 -2.518656 1.194905
v 2.206894 -2.535257 1.186910
v 1.822619 -3.356753 0.732120
v 1.876518 -3.019719 0.861789
v 1.913239 -3.123723 0.604536
v 0.666767 -4.848776 2.545841
v 0.287138 -5.132083 2.843629
v 0.266542 -4.928817 2.857836
v -2.228655 -2.149694 -0.747050
v -2.285023 -2.478144 -0.820418
v -2.285987 -2.182662 -0.914527
v 2.249061 -1.744143 -1.093137
v 2.214359 -1.684400 -0.963019
v 2.241016 -1.672461 -1.126477
v -2.365338 -1.176052 -1.207512
v -2.382737 -1.154282 -1.318906
v -2.390365 -1.104135 -1.232566
v 1.744312 -4.118999 0.901936
v 1.579121 -4.506927 1.177543
v 1.527909 -4.314568 1.248123
v -1.357125 -4.961390 2.523803
v -1.648524 -4.908309 1.903033
v -1.364947 -5.151555 2.448051
v 2.273132 -3.656852 0.856484
v 2.186659 -3.929253 1.036445
v 2.328067 -3.764475 0.732988
v 2.184597 -2.108494 0.152549
v 2.163750 -2.147033 -0.127474
v 2.161414 -2.153705 0.185134
v 2.227080 -1.779671 0.909098
v 2.227506 -1.674139 1.065713
v 2.246634 -1.624187 1.053733
v 2.531829 -2.226431 0.245451
v 2.477149 -2.437556 0.505000
v 2.510540 -2.501274 0.243404
v -2.523195 -2.377910 0.240842
v -2.569856 -2.171465 -0.072837
v -2.562090 -2.432829 -0.036716
v 2.408670 -2.267226 -1.040361
v 2.485496 -2.126783 -1.093570
v 2.486987 -2.288600 -1.032599
v 2.413724 -1.725539 -0.506376
v 2.334320 -1.884194 -0.218010
v 2.394493 -1.886883 -0.217280
v -1.855541 -3.285765 0.682703
v 2.414977 -2.745532 0.542704
v 2.453024 -2.834217 0.283721
v -0.000219 -4.519818 3.754091
v 0.393341 -4.692716 3.634573
v 0.396711 -4.504164 3.669824
v -2.436062 -2.643120 0.527001
v -2.337357 -2.870831 0.806801
v -2.395430 -2.584380 0.775654
v -0.420685 -5.101453 3.584208
v -0.921726 -4.761715 3.189003
v -0.956768 -4.964308 3.126741
v -1.875906 -4.235164 0.643519
v -1.952340 -3.893401 0.413887
v -1.807755 -4.075913 0.776677
v -2.508924 -1.874218 -0.122656
v -2.468786 -1.908145 0.272702
v 2.273304 -1.923375 -1.012501
v 2.234975 -1.912068 -0.839138
v 0.620072 -4.490422 2.682441
v 0.253945 -4.753320 2.888830
v 0.243578 -4.582950 2.952260
v -1.651074 -4.552151 2.039041
v -1.884687 -4.531907 1.532750
v -1.654043 -4.733989 1.973105
v 2.187075 -2.117287 0.291765
v 2.208514 -2.082587 0.334618
v 2.210156 -2.084262 0.280729
v 2.562422 -2.197175 -0.032595
v 2.547206 -2.573669 -0.019471
v 2.515240 -2.166836 0.275730
v 2.511447 -2.134907 0.221793
v 2.507465 -2.146702 0.289282
v 2.052755 -4.190664 1.278336
v 2.226150 -4.040004 0.951584
v 0.932101 -4.760705 3.178976
v 0.433743 -5.093422 3.580220
v 0.970776 -4.959385 3.111379
v -2.701545 -2.306195 -0.982955
v -2.584243 -2.606130 -0.892588
v -2.693533 -2.617220 -0.874423
v 2.470716 -1.342079 1.226216
v 2.524971 -1.437161 1.150039
v 2.539999 -1.344609 1.158599
v 1.914553 -3.546611 0.457135
v 1.976084 -3.301496 0.262873
v 2.319040 -1.558480 -0.678234
v 2.418926 -1.628861 -0.595015
v 2.423251 -1.526822 -0.654721
v -2.519965 -1.080276 -1.011213
v -2.418444 -1.091098 -1.101808
v -2.530718 -1.025359 -1.089985
v -2.053230 -2.564602 0.426351
v -1.989037 -2.711068 0.783487
v -2.002821 -2.811130 0.494087
v 2.375814 -1.979977 0.078453
v 2.455569 -1.906204 -0.209949
v 2.052695 -4.304108 0.278751
v 2.020748 -3.282988 1.235680
v 1.845033 -3.389926 1.394659
v 1.907136 -3.446243 1.399949
v -2.206626 -1.820498 0.909690
v -2.223656 -1.896732 0.631454
v -2.228775 -1.777362 0.895464
v 2.479377 -4.226605 -0.610421
v 1.348147 -5.302352 2.329041
v 1.603013 -5.056798 1.788873
v 1.623516 -5.018119 1.818128
v -2.584929 -1.425629 -0.733162
v -2.686532 -1.543205 -0.664838
v -2.124099 -2.743680 -0.306000
v -2.043077 -2.938822 0.124876
v -2.101818 -3.082132 -0.242161
v 2.523422 -2.148118 0.164953
v 1.341536 -4.917141 1.585783
v 1.034270 -4.902462 2.038543
v 1.319007 -4.729096 1.593955
v 2.500991 -1.132423 -1.408745
v 2.397201 -1.097896 -1.367754
v 2.505890 -1.043640 -1.387059
v 2.266963 -2.001575 0.326604
v 2.296248 -1.990534 0.255896
v 2.266723 -2.016609 0.262956
v 1.063094 -3.738717 2.624519
v 0.659648 -3.946255 3.109628
v 0.704553 -3.920924 3.173884
v -2.406131 -2.103489 -1.090206
v -2.487655 -1.974826 -1.142292
v -2.403175 -1.962093 -1.142949
v 2.631528 -2.820387 -0.853720
v 2.679482 -2.303740 -0.946359
v 2.655302 -2.818427 -0.824937
v -0.009946 -4.762284 2.947455
v 2.336244 -1.736955 -0.519124
v 2.218652 -1.651669 1.260623
v 2.241133 -1.550996 1.205543
v 2.208516 -1.672052 1.234436
v -0.000670 -4.221681 3.229471
v -0.230309 -4.137723 3.261531
v -0.000268 -4.147204 3.296660
v 2.249375 -1.742889 0.898332
v 2.267412 -1.574802 1.045961
v -2.673511 -0.996760 -1.065275
v 2.043832 -2.473648 1.051637
v 2.098924 -2.213232 1.003525
v 2.039046 -2.486198 0.979746
v 1.827233 -3.730346 0.729324
v -0.952934 -4.191652 3.375016
v -1.326458 -4.042683 2.860697
v -2.470170 -3.035152 -0.855528
v -2.558002 -3.052842 -0.839418
v 2.241633 -4.435707 0.401000
v 1.984706 -4.564674 0.740764
v -2.258925 -1.633287 1.303852
v -2.295401 -1.768729 1.306849
v -2.232594 -1.755741 1.295207
v -2.332369 -1.497143 1.043861
v -2.366378 -1.674441 0.862826
v -2.401376 -1.468172 1.027575
v -2.278652 -1.774112 -0.523811
v -2.301293 -1.859538 -0.154939
v -2.271768 -1.884194 -0.153233
v -2.429988 -3.073090 0.297305
v -2.345514 -3.279727 0.640913
v -2.379602 -2.953117 0.573126
v 2.051501 -2.473233 1.102818
v 2.102697 -2.205808 1.084940
v -2.165359 -2.990884 1.134336
v -2.285527 -2.790178 1.009242
v -2.239805 -3.078689 1.015089
v -2.762559 -1.768855 -1.200237
v -2.603208 -1.862137 -1.175565
v -2.737679 -1.886002 -1.156670
v -1.626610 -5.040536 1.837325
v 2.325076 -1.970134 0.086297
v -2.440154 -3.554575 -0.917939
v -2.533681 -3.573547 -0.910434
v 0.406201 -4.888900 3.614013
v 0.001466 -4.717082 3.736235
v 0.003020 -4.920546 3.733721
v 1.783407 -3.150756 1.219315
v 1.702836 -3.312405 1.350855
v 1.836839 -3.162189 1.238472
v 2.424291 -1.664437 0.866412
v 2.352913 -1.823390 0.662564
v 2.357970 -1.670156 0.872444
v -2.296701 -4.445212 0.223802
v -2.056383 -4.531617 0.605961
v -2.106178 -4.525930 0.667069
v -2.690383 -3.572366 -0.621600
v -2.596432 -3.448426 -0.354537
v 1.633266 -4.712916 1.116256
v 1.615391 -4.656983 1.128634
v 2.650762 -3.289822 -0.790286
v 2.638757 -3.682338 -0.561898
v 2.673279 -3.781602 -0.818456
v -1.137386 -5.309844 2.189286
v -1.467866 -5.136327 1.693704
v 1.625061 -4.046032 2.239018
v -0.024980 -5.622261 3.052854
v 0.377538 -5.621872 3.045537
v -0.017047 -5.670072 3.146852
v 2.345780 -1.315862 1.152750
v 2.400731 -1.324527 1.237430
v 2.430312 -1.262474 1.202455
v 2.483056 -2.786889 -0.898189
v -1.249619 -3.552352 2.070483
v -1.524866 -3.541878 1.797899
v -1.381737 -3.608580 2.200145
v -2.473233 -2.719153 0.265058
v 1.282262 -3.884543 2.872552
v 0.881473 -4.000547 3.378324
v 0.923587 -4.064422 3.413841
v 0.002726 -5.672926 3.407274
v 0.475950 -5.611033 3.325320
v 0.005000 -5.641603 3.461251
v -0.000670 -4.221681 3.229471
v 0.229801 -4.137726 3.261241
v 0.225038 -4.213511 3.194639
v 0.949718 -3.981520 2.402091
v 0.599102 -4.310594 2.803689
v 0.594937 -4.138578 2.934853
v 2.207530 -1.884404 1.272903
v 2.186577 -1.878039 1.252190
v -2.872017 -0.997748 -1.043395
v -2.911258 -1.026605 -1.177212
v -2.904454 -1.022395 -1.049010
v -2.753400 -2.606877 -0.794944
v -2.729278 -2.242861 -0.693551
v -2.877635 -1.681806 -0.925508
v -2.830165 -1.878641 -1.073069
v -2.820879 -1.805627 -0.873846
v -0.770669 -5.247602 2.545751
v -0.327513 -5.140132 2.855641
v -0.358025 -5.342272 2.864106
v -2.280723 -1.580361 -1.135170
v -2.261284 -1.514724 -1.041252
v -2.245865 -1.577875 -1.004507
v -2.582743 -2.936060 -0.286023
v -2.710108 -2.557995 -0.591978
v -2.665483 -3.014107 -0.551983
v 1.408487 -5.100923 1.631762
v 1.738667 -4.816848 1.173803
v 1.460529 -5.113987 1.671732
v 2.474071 -2.028727 0.083488
v 2.541682 -1.955747 -0.183235
v 2.516502 -1.928280 -0.197119
v 2.515082 -1.683518 0.875815
v 2.519921 -1.451299 1.007028
v 2.546262 -1.454412 1.020054
v -2.569926 -1.304395 1.104253
v -2.549991 -1.279935 1.165123
v -2.539505 -1.240762 1.165267
v -2.666615 -1.052797 -0.984905
v -1.997345 -3.470486 1.304193
v -1.952273 -3.710464 1.485451
v -1.862320 -3.601549 1.515911
v -0.024032 -5.147733 2.915927
v 2.636905 -2.028880 -0.450532
v 2.678531 -2.236790 -0.683398
v 2.700123 -2.066033 -0.743120
v 1.151211 -3.716701 1.830405
v 1.296710 -3.528374 1.550993
v 1.265192 -3.583259 1.482820
v 2.205736 -1.823892 0.922705
v 2.209208 -1.721573 1.084294
v -1.351396 -5.290836 2.378401
v -0.016321 -4.938404 2.922995
v 2.462523 -1.273962 1.210114
v 2.492246 -1.218701 1.146091
v 1.342366 -4.766655 2.571070
v 1.653748 -4.709878 1.963143
v 1.651225 -4.527975 2.034755
v 2.499933 -2.964365 0.010288
v 2.412538 -3.174629 0.347458
v 2.476590 -3.345438 0.074628
v -2.111906 -4.168621 1.160056
v -1.877351 -4.377265 1.604004
v 1.651925 -4.756248 1.112239
v 1.354490 -4.986616 1.590663
v 1.408487 -5.100923 1.631762
v 1.097404 -5.284823 2.109040
v 1.387480 -5.077148 1.614652
v 1.692572 -4.807330 1.128435
v 2.891062 -1.038541 -1.293305
v 2.865563 -0.947573 -1.198781
v 2.917098 -0.981296 -1.170991
v 2.559005 -1.315507 1.102025
v 2.541171 -1.276037 1.160415
v -2.204815 -1.991710 0.284629
v -2.199615 -1.935386 0.644117
v 1.864958 -4.188867 1.680003
v 1.644873 -4.353477 2.103812
v 2.410597 -1.414298 1.265068
v 2.372545 -1.410162 1.271383
v 2.435885 -1.331712 1.238673
v 2.449897 -1.422342 1.243342
v 2.482411 -1.296725 1.209459
v 2.527511 -1.283283 1.088453
v 2.318128 -1.637460 1.311122
v 2.304075 -1.430792 1.254411
v 2.255678 -1.632678 1.300831
v -2.119213 -2.326525 -0.043790
v -2.110518 -2.271870 0.352926
v -2.286134 -1.901032 0.261524
v -2.300761 -1.834675 0.609372
v -2.274227 -1.847888 0.614299
v 2.164324 -1.934965 0.961793
v 2.169369 -1.845047 1.162703
v 2.192582 -1.766901 1.107584
v 2.575547 -2.135009 -1.071386
v 2.682479 -1.980258 -1.106879
v 2.409448 -2.755657 -0.908707
v 2.354261 -3.204390 -0.862441
v 2.377299 -2.732554 -0.899852
v 2.273084 -1.902995 1.288566
v 2.333038 -1.778924 1.288125
v 2.294486 -1.768557 1.305998
v 2.355983 -1.645745 1.294502
v 2.318128 -1.637460 1.311122
v 2.313031 -1.914801 1.271456
v 2.373792 -1.790892 1.247271
v 2.396244 -1.656229 1.257128
v -2.634274 -1.218901 -0.845253
v -2.774220 -1.319547 -0.775038
v -2.611147 -1.319543 -0.785805
v 2.624795 -1.206387 -0.780195
v 2.771687 -1.298358 -0.693978
v 2.799021 -1.191185 -0.757503
v 1.984638 -2.885862 0.515875
v 2.346687 -2.705117 -0.878422
v 2.293702 -3.137723 -0.791594
v 2.592968 -2.657652 -0.294391
v 2.624110 -2.189672 -0.390274
v -0.874821 -5.523246 2.693566
v -0.385664 -5.597994 2.967735
v -0.404948 -5.649180 3.049416
v -2.653149 -1.128415 -0.911592
v 2.402221 -1.958977 0.406585
v 2.451657 -1.956713 0.470350
v 2.447313 -1.989411 0.410183
v -1.018631 -5.379036 2.964797
v -0.462686 -5.636993 3.327517
v -0.461236 -5.502767 3.432289
v 2.163036 -2.154537 0.344567
v 2.491356 -1.501917 -1.350987
v 1.768477 -3.564580 1.623568
v 1.688938 -3.681411 1.895221
v 1.826103 -3.620103 1.631974
v 1.871480 -4.734333 1.371074
v -1.910174 -2.940071 0.834875
v -1.796964 -3.175627 0.914255
v -1.372303 -3.458907 1.686317
v -1.722099 -3.483390 1.484688
v 1.562967 -3.428660 1.057302
v 1.531235 -3.711823 1.154231
v 1.409422 -3.585004 1.227216
v 2.405259 -1.996029 0.308461
v 2.445076 -2.010437 0.368580
v 2.445911 -2.034539 0.311309
v -0.959039 -4.155287 2.334097
v -1.184693 -3.847160 1.873629
v -0.961301 -3.996833 2.425719
v -1.530164 -4.357457 1.247895
v -1.456918 -4.140908 1.346441
v 0.382118 -4.102895 3.707947
v 0.404811 -4.166534 3.749169
v 1.847015 -4.051261 1.751567
v 1.638175 -4.194717 2.172534
v 0.350516 -4.053917 3.641404
v 2.421056 -3.784098 -0.907079
v 2.323107 -4.172158 -0.613847
v 2.346201 -3.741488 -0.886801
v 1.301402 -5.356184 2.272445
v 0.924130 -5.525528 2.723861
v 1.237588 -5.359910 2.227520
v -0.008092 -5.684802 3.250522
v -0.449819 -5.680904 3.230710
v -0.428348 -5.671732 3.139451
v -2.062718 -2.928129 1.174074
v -1.872149 -3.114113 1.201241
v -1.968388 -2.890996 1.157637
v 2.457456 -1.367779 1.044966
v 2.445769 -1.453844 1.003037
v 2.807221 -1.211955 -1.373821
v 2.862698 -1.100350 -1.347563
v 2.878479 -1.198108 -1.341400
v 2.913309 -1.091463 -1.296926
v 2.934375 -1.180084 -1.283426
v 2.851164 -1.024723 -1.327312
v 2.891062 -1.038541 -1.293305
v 2.886770 -1.315814 -1.315118
v 2.812503 -1.335005 -1.349749
v 2.880051 -1.442425 -1.276356
v 2.806816 -1.462974 -1.312606
v 2.944148 -1.292634 -1.252086
v 2.935143 -1.417410 -1.210660
v 2.505963 -2.106977 0.389290
v 2.513848 -2.118089 0.513404
v 2.303818 -2.291988 1.175622
v 2.576774 -1.414769 -0.669469
v 2.684280 -1.530371 -0.610421
v 2.731772 -1.412763 -0.650373
v -2.627457 -1.630857 -1.255680
v -2.802066 -1.534258 -1.276033
v -2.637503 -1.512547 -1.291471
v 2.694980 -2.133004 -1.008877
v 2.713894 -2.119462 -0.950860
v 2.694991 -2.291131 -0.889380
v 2.721104 -1.972288 -1.072371
v 2.745354 -1.956908 -1.012791
v -2.518695 -2.826816 -0.008453
v 2.374696 -2.249697 -1.030416
v 2.343487 -2.229084 -1.007971
v -1.200454 -3.997842 1.829014
v -0.972433 -4.317905 2.242498
v -1.228686 -4.145121 1.785535
v -2.258620 -1.921165 0.266608
v -2.248526 -1.868070 0.621587
v -1.934210 -3.473571 0.378012
v -2.397712 -2.222627 1.017797
v -2.268253 -2.473747 1.159801
v -2.321001 -2.184754 1.189335
v 2.123224 -2.088831 1.031847
v 2.154011 -2.055187 0.715647
v 2.111729 -2.197819 0.724084
v 2.506121 -1.918012 0.627802
v -2.785933 -1.653884 -1.239209
v -2.615221 -1.745015 -1.217944
v 2.374901 -2.679301 0.785898
v -1.285089 -3.875834 2.865800
v 1.557220 -3.314440 1.273814
v 1.740468 -3.153392 1.189911
v 2.247103 -1.874491 0.684349
v 2.222585 -1.907555 0.692832
v 1.626035 -3.304700 1.315816
v 2.188770 -1.753160 1.195448
v 2.209124 -1.685060 1.150208
v 2.218746 -1.722288 -0.767173
v 2.224913 -1.798432 -0.699851
v 1.482464 -3.439459 1.460364
v 1.343977 -3.489272 1.627592
v 1.327857 -5.338573 2.298615
v 1.855903 -4.765515 1.333416
v 0.949718 -3.981520 2.402091
v 1.140869 -3.802047 1.778708
v 1.258286 -3.538763 2.054663
v 0.770694 -5.367755 2.551198
v -2.493587 -1.731982 -1.230464
v -2.498186 -1.619413 -1.266741
v 0.627032 -3.994754 3.050872
v 0.605772 -4.060753 2.993864
v 0.963342 -3.901547 2.450840
v 2.397201 -1.097896 -1.367754
v 2.407216 -1.040613 -1.256085
v -2.184602 -2.129144 -0.480085
v -2.211900 -2.424747 -0.660082
v 0.332961 -5.531724 2.925797
v 0.344130 -5.573678 2.961977
v -0.000219 -4.519818 3.754091
v 2.555454 -3.530103 -0.230867
v 2.605675 -4.032660 -0.234930
v -2.795733 -2.005971 -1.021785
v 0.258162 -4.035070 3.399906
v -0.000842 -4.028462 3.522435
v 0.282948 -4.015991 3.476377
v 2.087205 -2.492886 1.164296
v 2.216617 -2.261025 1.224177
v -2.424964 -1.044048 -1.249777
v -2.531887 -0.980024 -1.254203
v -2.328896 -1.324849 -1.209583
v -2.345769 -1.251388 -1.177697
v -2.327189 -1.324768 -1.145113
v -2.104065 -3.267695 1.165678
v 2.326689 -4.382730 0.545268
v 2.093920 -4.531129 0.918744
v 2.316957 -4.409882 0.493604
v -2.593836 -1.989339 -1.125841
v -2.717025 -2.012158 -1.106063
v -1.864951 -4.223538 1.670243
v -2.011604 -3.702176 0.076066
v -2.124291 -3.621531 -0.425660
v -2.063003 -3.405715 -0.143071
v 1.371809 -3.475125 1.346150
v 1.488511 -3.364213 1.173776
v 1.352175 -3.506942 1.296859
v 1.151457 -3.946850 1.731730
v 1.360047 -3.896197 1.380046
v 1.190521 -4.096113 1.711612
v 1.418134 -3.451134 1.402284
v 0.006575 -5.333192 3.662630
v 0.462463 -5.296284 3.520580
v 1.282746 -3.756611 1.394176
v 1.140869 -3.802047 1.778708
v 1.251884 -3.643747 1.431403
v 1.671611 -4.787533 1.116371
v 1.939797 -4.548562 0.689134
v 0.006575 -5.333192 3.662630
v -0.446142 -5.310802 3.524522
v -2.707383 -3.056199 -0.747494
v 1.898505 -4.491060 0.667854
v 2.077836 -4.354389 0.278476
v 2.255678 -1.632678 1.300831
v 2.296893 -1.968771 0.323065
v 2.262680 -1.988362 0.379594
v 2.291331 -1.956664 0.375977
v -2.534462 -1.905805 -0.117516
v -2.663172 -1.855389 -0.524534
v -2.554229 -1.963102 -0.108921
v 1.878118 -4.448668 0.673819
v -0.253231 -4.582419 2.957588
v -0.601837 -4.312132 2.807445
v -0.234589 -4.393508 3.064152
v 1.857150 -4.399028 0.693690
v 2.377006 -1.457383 1.015914
v 2.167974 -3.960733 -0.505437
v 2.250271 -3.631947 -0.782398
v 2.219411 -3.571853 -0.714901
v 1.008521 -4.686237 2.070826
v 2.849230 -1.672047 -1.119928
v 2.921921 -1.482090 -0.938760
v 2.860329 -1.612841 -0.897517
v 2.632887 -4.184695 -0.484394
v -2.792893 -1.154253 -1.352621
v -2.645793 -1.253803 -1.356641
v -2.800481 -1.272493 -1.341657
v 2.324097 -3.173799 -0.834309
v -2.123236 -2.088202 1.030102
v -2.111102 -2.197368 0.715167
v 2.385848 -3.230054 -0.878054
v 2.312844 -3.713609 -0.865033
v 2.281141 -3.678147 -0.831337
v -2.236392 -2.019463 -0.793041
v 2.151964 -2.779654 1.169441
v 2.041043 -3.011981 1.182993
v 2.096725 -3.045933 1.168845
v 1.702209 -3.512953 1.599649
v 1.404535 -3.476137 1.704286
v 2.210225 -2.066563 0.132680
v 2.189203 -2.069675 -0.160318
v 2.103647 -2.759070 1.177449
v 2.250295 -2.556165 1.154777
v 2.197886 -2.806711 1.140822
v 1.977932 -2.718399 1.096881
v 1.906726 -2.955003 1.156775
v 1.993841 -2.722934 1.129143
v 2.714164 -1.839154 -1.166288
v 2.612191 -1.727127 -1.247372
v 2.750327 -1.709561 -1.220577
v 2.231295 -1.755497 1.293998
v 2.099460 -4.425965 1.080151
v 1.871480 -4.734333 1.371074
v 2.104051 -4.507681 0.965617
v 2.899875 -1.542709 -1.166903
v 2.967546 -1.357934 -0.981815
v -2.567283 -4.270604 -0.065879
v -2.380253 -4.392262 0.332418
v -2.381700 -4.300757 0.483757
v 2.334756 -1.255323 -1.179675
v 2.337496 -1.220503 -1.081084
v 1.360424 -4.968925 2.489599
v 1.033983 -5.361846 2.942322
v 1.365720 -5.161675 2.404969
v -2.488830 -2.275265 -1.024680
v -2.589521 -2.133738 -1.066073
v -2.487758 -2.119502 -1.085253
v 2.499812 -1.736400 -0.488498
v 2.409940 -2.021224 0.236401
v -2.489097 -1.383658 1.058905
v -2.425012 -1.371049 1.081528
v -2.411913 -2.570184 -0.930409
v -2.409245 -2.256777 -1.033868
v 2.457601 -3.268847 -0.881655
v 2.385848 -3.230054 -0.878054
v -2.405383 -1.398444 -1.321657
v -2.502919 -1.503146 -1.301241
v -2.507066 -1.375979 -1.336535
v 2.395421 -1.089947 -1.090727
v 2.498417 -1.074048 -0.982485
v 2.513072 -1.019679 -1.076442
v -2.231370 -1.950908 0.274283
v 2.318274 -1.936473 0.372203
v 2.324477 -1.948372 0.319501
v 2.367775 -1.956218 0.312135
v 2.402503 -1.975487 0.364650
v 0.924225 -4.401339 3.310720
v 1.324124 -4.047142 2.865641
v 0.943246 -4.223106 3.391203
v 2.373792 -1.790892 1.247271
v 2.475421 -1.681292 1.111598
v 2.396244 -1.656229 1.257128
v 2.075630 -3.337060 1.209614
v 2.030055 -3.033320 0.147901
v 2.500102 -2.125196 0.299927
v 2.498643 -2.106637 0.250463
v 2.491707 -2.100456 0.307417
v -1.904068 -2.893004 1.009912
v -2.245716 -3.475844 0.927510
v -2.294361 -3.177577 0.842018
v 2.278479 -1.460234 1.241217
v 2.298980 -1.692031 0.882953
v 2.290661 -1.529070 1.040007
v 2.316645 -1.492146 1.033755
v 1.965557 -2.785429 0.798136
v 1.866917 -2.970359 1.032466
v 1.965479 -2.731257 0.988537
v 2.156849 -3.443619 1.115696
v 2.281903 -3.283219 0.859935
v -2.516703 -1.229472 1.159209
v 2.041321 -3.612531 1.333424
v 1.960393 -3.832621 1.523899
v 2.097915 -3.714477 1.239867
v 2.354656 -1.928002 1.229675
v 2.550877 -1.525205 -0.626970
v 2.429379 -1.423450 -0.700954
v 2.323963 -1.975330 0.249840
v 2.324477 -1.948372 0.319501
v 2.307936 -1.910576 0.474248
v 2.356202 -1.909709 0.468160
v 2.364447 -3.057514 0.594908
v 2.313978 -2.207282 -0.970753
v 2.285105 -2.186182 -0.916486
v 2.272179 -1.462992 1.188908
v 2.257984 -1.501029 1.225338
v 2.296162 -1.406011 1.199108
v 2.279241 -1.460619 1.145590
v 2.325991 -1.359546 1.210042
v 2.305408 -1.394697 1.149569
v 2.253234 -1.520990 1.175803
v 2.237447 -1.582283 1.156402
v 2.225617 -1.611790 1.180834
v 2.245327 -1.569028 1.135419
v 1.326046 -4.572619 2.648390
v -2.192597 -3.783055 1.031132
v -2.080986 -4.044714 1.238693
v -2.047473 -3.926195 1.326006
v 2.334994 -3.386325 0.679942
v 2.255640 -1.559694 1.101597
v 2.276166 -1.503322 1.099491
v 2.259145 -1.520892 1.140287
v 2.279241 -1.460619 1.145590
v 2.238345 -1.609597 1.109183
v 2.245327 -1.569028 1.135419
v 2.301265 -1.444359 1.097801
v 2.305408 -1.394697 1.149569
v 2.330056 -1.394954 1.092578
v -1.940037 -3.038032 0.570089
v -1.996402 -3.201145 0.216715
v 2.092857 -2.359631 0.376745
v 2.119682 -2.244719 0.355278
v 1.704848 -3.540813 0.912015
v 1.649018 -3.909377 1.038087
v 2.231362 -2.013098 0.425742
v 2.258964 -1.976426 0.422131
v 2.227970 -1.990615 0.490240
v 2.254696 -1.955516 0.485380
v 2.234210 -2.026639 0.382538
v 2.205444 -2.052952 0.427423
v 2.202431 -2.030890 0.492987
v 2.313346 -1.927884 0.413024
v 2.286781 -1.946751 0.417567
v 2.307936 -1.910576 0.474248
v 2.472792 -1.977822 0.465481
v 2.506121 -1.918012 0.627802
v 2.489404 -2.010078 0.452262
v 2.198897 -1.948689 0.701330
v -2.162682 -2.128641 -0.098730
v 2.216364 -2.004814 -0.185418
v 2.238234 -2.030307 0.116445
v 2.244726 -1.955768 -0.200173
v -0.991324 -4.497387 2.156161
v -1.263447 -4.331007 1.710832
v -2.354105 -4.174877 0.657919
v -2.471326 -3.909425 0.398050
v -1.296895 -4.543912 1.637210
v 2.251470 -1.639614 -0.699312
v 2.225245 -1.612753 -0.776369
v 2.230821 -1.685109 -0.723419
v 2.214818 -1.653963 -0.817975
v 2.244021 -1.561722 -0.751946
v 2.228656 -1.541502 -0.825465
v 2.219418 -1.587892 -0.864272
v 2.262669 -1.717167 -0.630084
v 2.239329 -1.761196 -0.652687
v 2.272387 -1.791693 -0.528760
v 2.224436 -1.897180 -0.587232
v 2.246298 -1.834952 -0.545689
v 2.292366 -1.678816 -0.619448
v 2.280665 -1.595044 -0.686565
v 2.328489 -1.649968 -0.613558
v 2.319040 -1.558480 -0.678234
v 2.302444 -1.758789 -0.522024
v 2.336244 -1.736955 -0.519124
v 2.272694 -1.509726 -0.738078
v 2.245952 -1.484010 -0.802351
v 2.312812 -1.465619 -0.728135
v 2.273806 -1.425115 -0.788690
v 2.355983 -1.645745 1.294502
v 2.321701 -1.282093 -1.254884
v 2.338960 -1.217400 -1.297239
v 2.316020 -1.335288 -1.145189
v 2.320868 -1.287841 -1.071951
v -2.233227 -1.684070 -0.786683
v -2.240903 -1.802400 -0.885331
v -2.239210 -1.717820 -0.928781
v 2.435757 -4.018624 0.481302
v 2.309143 -4.283545 0.693534
v 2.487908 -4.209434 0.268558
v -2.381326 -1.148520 -1.098342
v 2.745354 -1.956908 -1.012791
v 2.794252 -1.752366 -0.852655
v 2.736559 -1.902740 -0.801935
v -2.524908 -1.721945 0.896794
v -2.453209 -1.819006 1.086298
v -2.475572 -1.681011 1.111512
v 2.196401 -1.755904 1.250315
v 2.173567 -1.871603 1.225817
v 2.210310 -1.754238 1.274727
v 2.218652 -1.651669 1.260623
v 2.234102 -1.638777 1.283285
v 2.188960 -1.759668 1.222704
v 2.208516 -1.672052 1.234436
v 2.203243 -1.692092 1.210995
v 2.188770 -1.753160 1.195448
v -2.367849 -3.527683 -0.900456
v -2.397437 -3.006131 -0.857820
v -0.996168 -5.176176 3.052739
v 2.557657 -3.104715 -0.278163
v -1.644725 -4.376432 2.103235
v 1.969335 -2.720487 1.051353
v -0.016321 -4.938404 2.922995
v -0.271340 -4.753444 2.897510
v -0.009946 -4.762284 2.947455
v 2.612739 -3.308598 -0.868248
v -2.367491 -4.399756 -0.322220
v -2.183038 -4.428832 0.151097
v -2.241383 -4.451777 0.188004
v 2.228973 -4.351670 -0.145603
v 2.323107 -4.172158 -0.613847
v 2.493268 -4.405655 0.007506
v 2.632887 -4.184695 -0.484394
v 2.507144 -4.368234 0.069467
v -1.015387 -4.695163 2.092422
v -2.149760 -2.373730 -0.403784
v -2.194995 -2.824351 -0.562067
v 1.884377 -2.952499 1.129384
v 1.871666 -2.957756 1.088897
v 1.980113 -4.111556 0.388886
v 1.995737 -3.772785 0.187723
v 1.940390 -2.965682 1.173921
v 2.403179 -1.931636 0.468046
v 2.359296 -1.930046 0.407104
v -2.043560 -2.652752 1.153352
v -2.180771 -2.438535 1.202355
v -2.123718 -2.678198 1.181617
v 2.077000 -4.545255 0.878155
v 1.369643 -5.039498 1.600619
v -2.185198 -1.872005 0.928756
v 1.251884 -3.643747 1.431403
v -2.450294 -1.851977 -0.134966
v 2.795852 -1.558532 -0.679989
v 1.009781 -5.531354 2.817385
v 1.026692 -5.500466 2.854631
v 2.536431 -3.294715 -0.873426
v 0.308598 -5.327836 2.853204
v 0.316750 -5.408849 2.870276
v -0.003348 -4.107709 3.765718
v 0.240645 -4.076947 3.328928
v -0.241041 -4.076209 3.328596
v -0.000151 -4.088114 3.366921
v -0.000151 -4.088114 3.366921
v 2.298929 -1.462465 -1.296185
v 2.288871 -1.412996 -1.257282
v 2.311103 -1.366888 -1.310285
v 2.272895 -1.497142 -1.242290
v 2.292383 -1.559284 -1.272353
v 2.263182 -1.582269 -1.219846
v 2.254256 -1.527230 -1.178968
v 2.306356 -1.337507 -1.263670
v 2.325493 -1.281804 -1.311980
v 2.310372 -1.331900 -1.219508
v 2.341721 -1.321104 -1.354385
v 2.352335 -1.225623 -1.355091
v 2.382391 -1.282911 -1.386098
v 2.362831 -1.152625 -1.336990
v 2.389594 -1.178214 -1.387606
v 2.333308 -1.428453 -1.338722
v 2.329418 -1.537056 -1.311952
v 2.376984 -1.400357 -1.367971
v 2.374766 -1.518923 -1.337967
v 2.091038 -2.285539 0.730418
v 2.336787 -2.078645 -1.061064
v 2.307806 -2.061606 -1.021718
v 2.327370 -1.944170 -1.113319
v 2.298463 -1.932894 -1.071360
v 2.368590 -2.095268 -1.085598
v 2.403831 -2.109607 -1.097584
v 2.408670 -2.267226 -1.040361
v 2.360275 -1.955663 -1.140476
v 2.397425 -1.965833 -1.154931
v -2.413253 -4.075503 -0.796029
v 2.157766 -2.121181 0.479790
v -2.321452 -1.318806 -1.075459
v -2.305127 -1.390816 -1.111750
v 2.019635 -2.732033 1.152169
v 1.965479 -2.731257 0.988537
v 1.866917 -2.970359 1.032466
v 2.323963 -1.975330 0.249840
v 2.673279 -3.781602 -0.818456
v 2.612548 -4.220884 -0.553253
v 1.026692 -5.500466 2.854631
v 1.348147 -5.302352 2.329041
v 2.467226 -4.420021 -0.032291
v 2.148439 -3.085976 1.138192
v 1.449437 -4.095433 1.325365
v 1.959797 -3.232813 1.248168
v -2.207854 -1.884465 1.273205
v -2.273312 -1.903039 1.288779
v 1.918126 -3.940704 0.542273
v 1.918876 -4.524821 0.673668
v 2.407216 -1.040613 -1.256085
v 2.517303 -0.974398 -1.260659
v 1.488511 -3.364213 1.173776
v 1.352175 -3.506942 1.296859
v -2.693582 -4.060740 -0.516062
v -2.725327 -3.623268 -0.803169
v -2.700800 -4.140379 -0.689749
v 1.173592 -3.634933 1.897509
v 1.623516 -5.018119 1.818128
v -0.649790 -4.667158 2.613739
v -0.625673 -4.491921 2.691097
v -2.282146 -1.411174 -0.994765
v -2.282265 -1.452985 -1.077249
v 0.324353 -5.476798 2.894852
v -0.030311 -5.441818 2.951953
v 0.002726 -5.672926 3.407274
v -0.462686 -5.636993 3.327517
v -0.457751 -5.668638 3.278030
v -0.000268 -4.147204 3.296660
v 2.217943 -1.622000 -0.999314
v -2.240640 -1.534006 -0.893321
v -2.239685 -1.644276 -0.967761
v -2.270976 -2.897153 -0.726962
v -2.937187 -1.392969 -1.238071
v -2.968806 -1.443155 -1.015661
v -2.982253 -1.319377 -1.061720
v -1.615671 -4.698286 1.122005
v -1.579501 -4.548412 1.170230
v 2.106359 -3.759064 -0.338846
v 2.144892 -3.820306 1.135318
v 2.027121 -4.065231 1.352643
v 2.222938 -1.649154 1.127311
v 2.225617 -1.611790 1.180834
v 2.237447 -1.582283 1.156402
v 2.281666 -1.928025 0.479639
v 2.272424 -1.849640 0.676528
v 2.203243 -1.692092 1.210995
v -2.520417 -1.048969 -1.364803
v -2.417374 -1.100773 -1.347057
v 2.309269 -1.337203 -1.065588
v 2.326689 -4.382730 0.545268
v 2.507144 -4.368234 0.069467
v 0.005000 -5.641603 3.461251
v -2.276468 -1.728276 -1.079331
v 2.639044 -3.304810 -0.844050
v -2.227325 -1.882649 -0.584016
v -2.241164 -1.901716 -0.839416
v -2.456214 -2.268964 0.773793
v -2.340583 -2.525389 1.003237
v 2.234102 -1.638777 1.283285
v 1.877359 -4.337285 1.613157
v 2.185884 -2.115054 0.240495
v 2.209919 -2.079463 0.224959
v 2.497134 -2.099590 0.346113
v 2.491350 -2.078680 0.354607
v -2.164460 -1.932164 0.953679
v -2.517789 -1.681949 0.867583
v -2.468064 -1.830971 0.605957
v -1.321886 -4.399058 2.728052
v -0.925076 -4.391444 3.307013
v 2.298517 -1.833145 0.670013
v -2.490701 -1.934130 0.272797
v -2.508676 -1.981300 0.269495
v 2.499650 -2.057555 0.427439
v -0.981998 -5.566591 2.809348
v -0.930454 -5.551324 2.750581
v 2.524923 -1.633893 -0.571926
v -2.059294 -2.401864 0.982089
v -2.050861 -2.468904 0.748738
v 2.184512 -2.135345 -0.485882
v 2.204429 -2.019317 -0.531130
v 2.650762 -3.289822 -0.790286
v 2.666379 -2.806123 -0.770851
v 2.346201 -3.741488 -0.886801
v 2.283545 -4.139795 -0.605048
v 0.344130 -5.573678 2.961977
v 0.857941 -5.498970 2.665321
v -1.338641 -4.762798 2.594442
v 2.297180 -4.424820 0.455274
v 2.188751 -4.303612 -0.150086
v 2.320946 -2.969463 0.817857
v 2.075630 -3.337060 1.209614
v 1.961048 -3.505265 1.391846
v -1.308964 -3.784992 1.470359
v -1.274058 -3.651987 1.506742
v 2.104051 -4.507681 0.965617
v 2.488663 -1.618637 -1.310500
v 2.486364 -1.731728 -1.263927
v 2.494074 -1.373809 -1.384797
v 2.644151 -1.361012 -1.372653
v 2.354656 -1.928002 1.229675
v 2.453201 -1.819636 1.085906
v 1.556112 -3.444591 1.515493
v 2.467196 -1.843248 0.658839
v 2.490993 -1.667523 0.867474
v 1.179090 -3.767510 2.770989
v -2.179384 -2.045023 0.297728
v 0.743816 -5.234797 2.515372
v 0.594937 -4.138578 2.934853
v -2.554229 -1.963102 -0.108921
v -2.650011 -2.025425 -0.457584
v -2.565508 -2.055455 -0.092615
v 0.230243 -4.393918 3.061602
v 0.945738 -4.138020 2.308215
v -2.452873 -1.293426 1.119884
v 0.985715 -5.541256 2.784016
v 0.466717 -5.641110 3.275978
v -2.233831 -1.604944 -0.844359
v -0.029666 -5.516257 2.979136
v -0.373920 -5.496781 2.903298
v 2.586961 -1.756145 -0.475926
v 2.634213 -1.647154 -0.557858
v 2.233959 -2.024139 -0.793558
v 2.228058 -2.152304 -0.748109
v -2.347543 -4.432728 0.257597
v -2.153617 -4.513988 0.732083
v -0.000310 -5.686903 3.354523
v -0.029666 -5.516257 2.979136
v 2.794094 -1.808941 -1.068853
v -0.029591 -5.354199 2.932187
v -0.029591 -5.354199 2.932187
v -0.367379 -5.426204 2.880055
v 2.138552 -2.505166 -0.372331
v 0.983356 -4.483947 2.135360
v 1.289249 -4.507259 1.624030
v -2.655696 -3.064315 -0.824160
v -2.475961 -1.343547 1.230343
v -2.526519 -1.437807 1.150813
v -2.452758 -1.422999 1.245815
v -2.185794 -3.369694 1.064511
v -0.027831 -5.576684 3.013012
v 2.250295 -2.556165 1.154777
v 2.321532 -2.613288 1.005292
v 2.511662 -2.071491 0.107312
v 2.565318 -2.089278 -0.109134
v 2.559091 -2.006250 -0.156304
v -0.799140 -5.385245 2.582032
v 1.885510 -4.628648 1.456440
v 1.884673 -4.487928 1.541450
v -2.504355 -1.151718 -0.938121
v -2.405270 -1.141911 -1.028193
v -2.304606 -3.586071 0.778303
v -0.812255 -5.434949 2.608239
v -0.660995 -3.942825 3.107331
v -0.259240 -4.032023 3.398312
v -2.815507 -1.115763 -0.895891
v 2.620993 -3.218863 -0.571182
v -2.318019 -1.371477 -1.200156
v -1.680125 -3.692021 1.870248
v -1.796781 -3.541497 1.506825
v -1.862320 -3.601549 1.515911
v 1.647020 -4.885014 1.887813
v 0.404811 -4.166534 3.749169
v 0.923587 -4.064422 3.413841
v 2.117985 -2.879807 -0.287780
v 2.091136 -3.213324 -0.223114
v 2.261856 -1.484140 -1.073791
v -2.009086 -4.512899 0.556279
v -1.671998 -4.829203 1.110933
v -1.692967 -4.849363 1.123106
v 2.531900 -3.834679 0.059885
v 0.705419 -5.050015 2.515687
v -2.257674 -4.332529 -0.338296
v -2.122017 -4.351186 0.125230
v -2.152545 -4.396543 0.134794
v 2.439993 -1.322776 -0.749173
v -2.313481 -1.889059 0.258948
v -2.331126 -1.845268 -0.154594
v 2.511500 -3.810082 -0.913499
v 2.397573 -4.209215 -0.617523
v -0.835163 -3.920775 3.302774
v 2.524403 -1.725018 0.900332
v 2.490276 -1.868302 0.649896
v -1.788092 -4.848944 1.229041
v -1.619957 -3.273766 1.241876
v -1.498653 -3.382753 1.383203
v -1.443242 -3.385366 1.347048
v 2.098924 -2.213232 1.003525
v -2.115748 -2.956200 1.163195
v -1.987200 -3.176090 1.207453
v -2.188055 -3.817196 -0.619837
v -2.270000 -3.416003 -0.790631
v -2.237157 -3.360600 -0.722470
v -1.772532 -3.825501 1.864290
v -1.680125 -3.692021 1.870248
v -2.224514 -3.897598 -0.684035
v -2.302310 -3.462801 -0.841451
v -2.340503 -4.050261 -0.779990
v -2.302200 -4.015223 -0.760640
v -1.918696 -2.878430 1.109295
v -1.829470 -3.100923 1.185526
v -1.798752 -3.098885 1.159883
v 2.488393 -2.084823 0.245996
v 0.411313 -4.323414 3.734532
v -1.938082 -2.881519 1.138198
v 2.818579 -0.966521 -1.022472
v 2.803930 -0.935663 -1.217887
v 2.505890 -1.043640 -1.387059
v 1.012144 -5.165384 3.032894
v 0.478315 -5.481823 3.429215
v -2.537593 -1.460540 1.012653
v -2.428265 -4.401448 -0.309696
v -2.908098 -1.643165 -1.159179
v -2.019370 -2.642912 1.128942
v -2.106601 -2.412529 1.171797
v 0.475950 -5.611033 3.325320
v 2.524403 -1.725018 0.900332
v -2.252137 -1.742275 0.885075
v -2.277208 -1.714912 0.877522
v -2.123186 -2.098660 1.111940
v -2.169508 -1.844999 1.162628
v -2.167954 -1.863012 1.194792
v 2.489404 -2.010078 0.452262
v -2.974677 -1.202104 -1.106119
v -2.924712 -1.062737 -1.002926
v -2.949975 -1.102305 -1.145282
v -2.909962 -1.354644 -0.837787
v 1.058841 -5.097435 2.042628
v -2.357458 -1.646022 1.295875
v -2.380248 -1.411799 1.278250
v -2.415728 -1.415410 1.269608
v -2.210129 -1.672355 1.235937
v -2.228175 -1.612270 1.183214
v -2.245870 -1.551885 1.209950
v -1.992306 -2.650611 0.982132
v -0.002315 -4.402543 3.102590
v -0.226309 -4.213419 3.195385
v -0.000670 -4.221681 3.229471
v 2.273161 -1.713643 0.889815
v 2.163846 -2.130396 0.415200
v 2.660285 -0.948931 -1.242077
v 2.790834 -1.017867 -1.354865
v 2.646474 -1.027580 -1.375992
v 1.819003 -3.924619 1.822891
v 1.908271 -3.726382 1.598482
v 1.773413 -3.805907 1.882589
v -2.163412 -2.131720 1.216914
v -2.186872 -1.878094 1.252465
v -2.304479 -1.694951 0.871804
v -2.302099 -1.531988 1.047918
v -2.377592 -3.724317 0.605996
v -2.303694 -4.036812 0.797865
v -2.245378 -3.902218 0.915650
v -2.350326 -1.401011 1.107922
v 2.541171 -1.276037 1.160415
v 2.550394 -1.294309 1.096091
v 2.523176 -1.233544 1.156552
v 1.171600 -5.352962 2.184208
v 2.398575 -4.415304 -0.074275
v -2.064026 -2.390434 1.057414
v -2.004593 -2.637364 1.095181
v -1.996486 -2.638975 1.047703
v -2.059294 -2.401864 0.982089
v -1.992306 -2.650611 0.982132
v -2.542238 -4.376236 -0.238640
v -2.165359 -2.990884 1.134336
v -2.048239 -3.219527 1.193640
v -0.294372 -4.931523 2.869150
v -2.418444 -1.091098 -1.101808
v -2.424964 -1.044048 -1.249777
v -1.945021 -4.405752 0.535440
v -2.064315 -4.229715 0.146167
v -1.923625 -4.354456 0.554504
v -2.132500 -4.126913 -0.280502
v -2.092318 -4.294874 0.127367
v -2.171511 -4.209374 -0.315207
v 2.065530 -2.767798 0.073188
v 2.103026 -2.438677 -0.016382
v 2.409448 -2.755657 -0.908707
v 2.601714 -1.307019 -0.715263
v 2.457774 -1.228829 -0.814841
v -1.639894 -3.366209 1.022423
v -1.583536 -3.662526 1.066912
v -2.388371 -1.206773 -0.958126
v -2.486530 -1.236124 -0.871039
v -2.371244 -1.283091 -0.892324
v 2.274039 -1.920462 -0.208562
v -0.894866 -3.959616 3.357179
v -1.285089 -3.875834 2.865800
v -0.938215 -4.019416 3.390601
v -1.333414 -5.326792 2.350025
v -1.001822 -5.555594 2.842052
v -0.681037 -4.852079 2.567854
v 1.997860 -3.945392 1.437047
v -2.402766 -1.515920 -1.289931
v -2.348497 -2.529608 -0.904626
v -2.375427 -2.241183 -1.025064
v -2.344332 -2.222480 -1.003811
v -2.141873 -2.120102 1.193865
v -2.173801 -1.871642 1.226019
v -2.350308 -1.459725 -0.776384
v -2.490361 -1.299260 1.215229
v -2.141291 -3.675649 1.141904
v -2.082695 -3.573669 1.239783
v 2.410063 -1.829507 0.660719
v 2.334361 -4.411840 -0.106690
v 2.267592 -4.385377 -0.134379
v 2.596293 -1.848912 -1.193881
v -2.298913 -4.370599 -0.335720
v -2.937926 -1.137868 -0.946443
v -2.933825 -1.239349 -0.890874
v -1.323185 -4.572537 2.661408
v 2.205712 -2.573154 -0.627657
v -2.367849 -3.527683 -0.900456
v -2.334717 -3.500269 -0.877277
v 2.207811 -2.066570 0.384293
v 2.216814 -3.549688 0.989279
v 2.313346 -1.927884 0.413024
v -0.595755 -4.139980 2.935700
v -2.488613 -2.592783 -0.916768
v -2.587996 -2.288934 -1.002869
v -2.401388 -1.839795 -1.187097
v -2.400742 -1.729438 -1.224847
v -2.168750 -3.228347 -0.526004
v -2.214221 -4.278349 -0.332965
v -1.577959 -3.304359 1.155982
v -1.407189 -3.402781 1.309366
v -1.396429 -3.432123 1.269432
v 2.304052 -1.896824 -0.214563
v 1.961048 -3.505265 1.391846
v -1.626610 -5.040536 1.837325
v -1.606889 -5.078972 1.809328
v 0.961129 -4.301489 2.218812
v -0.627450 -3.994674 3.050208
v -1.020934 -3.777994 2.568886
v -1.351396 -5.290836 2.378401
v -1.015291 -5.522970 2.878628
v -1.062672 -3.741410 2.628001
v -0.707920 -3.911096 3.168483
v 2.658878 -1.042465 -0.950869
v 2.820397 -1.020739 -0.925798
v -2.282126 -1.917624 -1.007710
v -2.641302 -2.183009 -0.402207
v 2.908241 -0.991555 -1.021754
v 2.956634 -1.043788 -1.131452
v 2.917098 -0.981296 -1.170991
v -2.905464 -1.165133 -1.284481
v -1.015291 -5.522970 2.878628
v -2.788557 -1.058100 -1.337673
v -2.648079 -1.136726 -1.368653
v -2.313481 -1.889059 0.258948
v -2.300761 -1.834675 0.609372
v -0.024980 -5.622261 3.052854
v -0.017047 -5.670072 3.146852
v 2.563511 -1.366874 1.082582
v 2.557866 -1.455238 1.047155
v -2.496125 -1.667763 0.857310
v 2.046167 -3.525393 -0.079736
v -1.376917 -5.064981 1.618058
v -1.652288 -4.797698 1.106567
v -2.242932 -1.921122 -0.149871
v 2.291281 -1.385432 -1.026045
v 2.265362 -1.449719 -0.973856
v -1.183247 -3.754623 1.909845
v -1.274058 -3.651987 1.506742
v -1.274617 -3.581484 1.539515
v -2.493374 -2.322167 0.511683
v -2.803066 -1.590652 -0.731345
v -2.734972 -1.714531 -0.653150
v -1.179362 -3.762369 2.767043
v -1.455048 -3.678219 2.253483
v -1.237740 -3.810014 2.826559
v 2.583028 -1.982486 -1.135103
v 2.484414 -1.978045 -1.154872
v -1.088806 -5.170086 2.103251
v -1.102598 -5.230237 2.130126
v -1.309389 -5.344357 2.325294
v -1.250616 -5.348365 2.281916
v -1.361036 -5.013516 1.605788
v -2.251369 -1.624813 1.056617
v -2.275130 -1.576317 1.051278
v -1.189429 -5.341929 2.238950
v -0.828177 -5.473536 2.636720
v -2.379298 -2.551865 -0.923736
v -2.409245 -2.256777 -1.033868
v -2.204432 -1.692315 1.212102
v -2.210318 -1.685284 1.151319
v -2.228175 -1.612270 1.183214
v -2.585596 -1.745149 -0.472636
v -2.499932 -1.722856 -0.482665
v -0.002605 -4.061462 3.695288
v -2.412325 -1.327469 1.247021
v -2.444010 -1.333835 1.245299
v -2.452758 -1.422999 1.245815
v -2.446282 -1.267423 1.214269
v -2.475961 -1.343547 1.230343
v -2.314878 -2.202395 -0.967752
v -2.234719 -2.155761 1.241482
v -2.313179 -1.914829 1.271593
v -2.277688 -2.169348 1.228598
v -2.220974 -1.652105 1.262784
v -2.265227 -1.502412 1.232037
v 2.424259 -2.006639 0.077639
v -2.333629 -1.779035 1.288674
v -2.374088 -1.790946 1.247545
v -2.354730 -1.928016 1.229743
v -2.357458 -1.646022 1.295875
v -2.396982 -1.656367 1.257815
v 2.318274 -1.936473 0.372203
v 2.362607 -1.940934 0.366125
v -2.397437 -3.006131 -0.857820
v -2.084764 -2.399873 1.146251
v -2.170310 -2.696785 1.174206
v -2.268253 -2.473747 1.159801
v -2.214993 -2.721270 1.144920
v -2.321001 -2.184754 1.189335
v -2.224899 -2.454370 1.193647
v -1.908075 -2.882126 1.067631
v 0.640581 -4.665511 2.598482
v -2.734525 -1.431465 -0.723578
v -1.633594 -4.754256 1.110195
v -2.006947 -3.815023 1.413430
v 2.392025 -3.504706 0.491747
v 2.457950 -3.654522 0.296046
v -1.607114 -3.614732 1.842127
v -0.971991 -3.914614 2.470528
v -1.190681 -3.664185 1.955688
v -0.991288 -3.838698 2.517323
v -2.396982 -1.656367 1.257815
v -2.180437 -4.477841 0.819175
v -1.856097 -4.811482 1.327025
v -1.871635 -4.780474 1.364306
v -1.321812 -3.473506 1.631569
v -1.211353 -3.591533 2.009716
v -0.000842 -4.028462 3.522435
v -0.828177 -5.473536 2.636720
v 2.713894 -2.119462 -0.950860
v 2.736559 -1.902740 -0.801935
v -2.642941 -1.382970 -1.328020
v -2.805228 -1.403144 -1.313155
v -2.870206 -1.276857 -1.316286
v -2.879054 -1.404855 -1.287246
v -2.925854 -1.268598 -1.269599
v -2.876424 -1.535928 -1.249280
v -2.937187 -1.392969 -1.238071
v -2.855900 -1.166003 -1.327262
v -2.846270 -1.077267 -1.313213
v -2.905464 -1.165133 -1.284481
v -2.884672 -1.099158 -1.282905
v 2.031845 -4.557959 0.807459
v -2.744734 -2.307698 -0.954300
v 2.858655 -1.430671 -0.721450
v -2.433571 -1.959369 1.060508
v -2.751691 -2.156796 -1.016717
v -2.706329 -2.154155 -1.045969
v -2.766373 -2.015480 -1.076577
v -2.776510 -2.147758 -0.962071
v -2.795733 -2.005971 -1.021785
v -2.433222 -1.667695 0.856877
v -2.317681 -2.504630 -0.870909
v -2.304254 -2.929760 -0.781605
v -2.304479 -1.694951 0.871804
v -2.413106 -1.822696 0.605916
v -2.667555 -4.142743 -0.739087
v -2.725327 -3.623268 -0.803169
v -2.699417 -3.622049 -0.854932
v -2.521399 -2.056715 0.261664
v -2.617213 -4.128746 -0.768551
v -2.652004 -3.609272 -0.885938
v -1.780166 -3.106393 1.122068
v -2.542238 -4.376236 -0.238640
v -2.367145 -4.417848 0.286732
v -2.380253 -4.392262 0.332418
v -1.835977 -4.830629 1.292702
v -1.525749 -5.123683 1.738214
v -1.582493 -5.102334 1.784087
v -2.341925 -1.363236 1.223775
v 2.179024 -2.073909 0.492392
v 2.176067 -1.997748 0.709198
v 2.281032 -2.046021 -0.965297
v -2.623811 -2.492099 -0.318174
v 2.375766 -1.142900 -1.003763
v 2.478616 -1.144843 -0.893948
v -2.320415 -1.637889 1.313251
v -2.314878 -1.432994 1.264188
v -2.170886 -4.500438 0.771466
v -1.567490 -3.397816 1.418554
v -1.137386 -5.309844 2.189286
v -0.786167 -5.323203 2.560426
v -2.573599 -1.372184 1.086640
v -2.544116 -1.346428 1.160796
v 2.330056 -1.394954 1.092578
v 2.316645 -1.492146 1.033755
v -2.071304 -3.928158 -0.146386
v 2.236800 -2.041332 0.330370
v 2.237365 -2.049278 0.271180
v 2.415317 -2.022434 0.172365
v -1.871138 -3.364968 1.317513
v 2.656068 -1.853956 -0.519565
v -1.773886 -3.121842 1.069841
v -1.587153 -3.284638 1.204274
v 2.188347 -2.993418 -0.555403
v -2.411913 -2.570184 -0.930409
v -2.365734 -2.984809 -0.845195
v -2.263050 -3.963971 -0.729812
v 0.803063 -5.452199 2.606987
v 1.116672 -5.319422 2.136370
v -1.732892 -3.289287 1.292235
v -2.691309 -3.063734 -0.798194
v -2.469136 -1.329936 -0.810297
v -2.335256 -2.959166 -0.820403
v 1.810026 -4.279883 0.778371
v -2.904454 -1.022395 -1.049010
v 2.077072 -4.314205 1.193462
v 0.006986 -5.514951 3.571292
v -1.871635 -4.780474 1.364306
v -0.726533 -5.057534 2.542997
v -2.846270 -1.077267 -1.313213
v -2.861641 -0.981630 -1.199914
v -2.489837 -1.848053 -1.189838
v 2.376984 -1.400357 -1.367971
v 2.329673 -1.288287 -0.843538
v 2.374766 -1.518923 -1.337967
v 2.267476 -2.001179 0.103519
v 2.325076 -1.970134 0.086297
v 2.334320 -1.884194 -0.218010
v 2.624813 -1.785962 -0.484810
v 1.738878 -3.245589 0.945730
v -2.454816 -1.429592 -0.756227
v -2.357390 -1.368273 -0.831504
v 2.644392 -1.116871 -0.860113
v 2.814888 -1.096795 -0.836320
v -2.511070 -1.249902 -1.364386
v -2.390627 -1.840104 -0.147188
v -2.557876 -1.460420 1.023592
v -2.237054 -1.639331 1.286032
v -2.288072 -1.462134 1.249987
v -2.259689 -1.522201 1.181809
v -2.281910 -1.464918 1.197807
v -2.290250 -1.462860 1.155559
v -2.241343 -1.583015 1.160027
v -2.250364 -1.569974 1.140106
v -2.266465 -1.522266 1.147097
v -2.309741 -1.408957 1.211120
v -2.321342 -1.398387 1.163301
v 1.787788 -4.804361 1.234727
v -2.772374 -1.938918 -0.816922
v -2.286187 -1.505405 1.108497
v -2.316000 -1.447936 1.110244
v -2.290250 -1.462860 1.155559
v -2.332369 -1.497143 1.043861
v -2.350326 -1.401011 1.107922
v -2.321342 -1.398387 1.163301
v -2.262095 -1.560905 1.107603
v -2.242242 -1.610328 1.112808
v -2.230045 -1.674260 1.066691
v -2.266465 -1.522266 1.147097
v -2.250364 -1.569974 1.140106
v 2.184802 -1.875453 0.939746
v -2.076567 -2.657346 0.048166
v 2.381639 -3.875708 0.623894
v 2.267094 -4.157892 0.846558
v 1.242060 -4.287825 1.670740
v 2.504176 -2.123699 0.250000
v -2.273698 -1.614468 -0.728782
v -2.248151 -1.570150 -0.810491
v -2.273290 -1.530541 -0.791930
v -2.254469 -1.494708 -0.863051
v -2.279109 -1.449828 -0.846421
v -2.248218 -1.651489 -0.748593
v -2.307318 -1.580022 -0.719360
v -2.307818 -1.491828 -0.782590
v -2.347454 -1.552668 -0.713776
v -2.313703 -1.405603 -0.837786
v -2.350308 -1.459725 -0.776384
v -2.309095 -1.665462 -0.635050
v -2.276582 -1.697789 -0.644106
v -2.310042 -1.743428 -0.516610
v -2.346285 -1.642322 -0.630494
v -2.344256 -1.723909 -0.513351
v -2.233754 -1.773052 -0.709320
v -2.250061 -1.737564 -0.664726
v -2.884672 -1.099158 -1.282905
v -2.911258 -1.026605 -1.177212
v -2.772374 -1.938918 -0.816922
v -2.863886 -1.471217 -0.788751
v 2.395421 -1.089947 -1.090727
v -2.284561 -2.042681 -0.962799
v -2.396982 -1.656367 1.257815
v -2.189642 -1.759797 1.223339
v -2.197339 -1.756081 1.251188
v -2.210129 -1.672355 1.235937
v -2.220974 -1.652105 1.262784
v -2.204432 -1.692315 1.212102
v -2.211491 -1.754460 1.275825
v -2.237054 -1.639331 1.286032
v -2.013441 -4.078361 0.246271
v -2.346285 -1.642322 -0.630494
v -2.418540 -1.712986 -0.500111
v -2.344256 -1.723909 -0.513351
v -1.670496 -3.274422 1.270594
v -1.519501 -3.758364 2.288789
v -1.289893 -3.518178 1.581879
v 2.351936 -1.210049 -0.920039
v -1.322863 -4.761008 1.601011
v -0.002422 -4.330578 3.805899
v -0.595755 -4.139980 2.935700
v -0.606099 -4.061955 2.994027
v -0.005319 -4.592804 3.003183
v -0.003657 -4.169920 3.811026
v -0.226309 -4.213419 3.195385
v -2.320899 -1.403401 -1.233673
v -2.336277 -1.454938 -1.259931
v -2.343101 -1.361714 -1.279890
v -2.311184 -1.484403 -1.213973
v -2.331329 -1.550479 -1.234214
v -2.303937 -1.436178 -1.182544
v -2.290682 -1.507095 -1.160352
v -2.303937 -1.567930 -1.189786
v -2.367247 -1.424388 -1.296426
v -2.371894 -1.318922 -1.318549
v -2.405383 -1.398444 -1.321657
v -2.408839 -1.282632 -1.346480
v -2.363928 -1.531859 -1.267810
v -2.402766 -1.515920 -1.289931
v -2.350679 -1.279279 -1.289300
v -2.377260 -1.225530 -1.328078
v -2.357761 -1.217068 -1.282294
v -2.412910 -1.179677 -1.357311
v -2.331283 -1.331375 -1.245764
v -2.340015 -1.278632 -1.242825
v -2.129068 -2.108952 1.160665
v 2.480508 -2.075703 0.311639
v 2.472676 -2.067082 0.242037
v 2.464732 -2.054153 0.312477
v -2.371513 -2.090199 -1.079223
v -2.340166 -2.074486 -1.055870
v -2.367584 -1.952073 -1.129624
v -2.335817 -1.940409 -1.104051
v -2.406131 -2.103489 -1.090206
v -2.403175 -1.962093 -1.142949
v -2.311409 -2.058074 -1.017833
v 2.666627 -0.987166 -1.048315
v 2.396244 -1.656229 1.257128
v 2.449897 -1.422342 1.243342
v -1.966025 -4.450501 0.531437
v -1.987194 -4.486838 0.539412
v 2.475421 -1.681292 1.111598
v -1.416395 -5.124233 1.652397
v -1.118260 -5.276603 2.159837
v -0.030311 -5.441818 2.951953
v 2.298980 -1.692031 0.882953
v 2.298517 -1.833145 0.670013
v 2.874938 -0.974072 -1.018588
v -2.278880 -1.814801 -1.046129
v -2.354465 -1.213167 -1.090710
v -2.663172 -1.855389 -0.524534
v -2.189321 -1.753263 1.195961
v -2.193042 -1.766706 1.107192
v -2.169508 -1.844999 1.162628
v -2.210389 -1.721443 1.084257
v -2.225142 -1.649568 1.129361
v -2.241343 -1.583015 1.160027
v 2.907311 -1.310495 -0.763963
v -2.258925 -1.633287 1.303852
v 2.036091 -2.658681 0.449565
v 2.031003 -2.555765 0.759661
v -2.367804 -1.321957 1.170182
v 2.039046 -2.486198 0.979746
v -2.506693 -1.870585 0.853568
v -2.505566 -1.901770 0.593395
v -2.734190 -2.616199 -0.847430
v -2.766826 -2.298702 -0.900185
v -2.071544 -2.391140 1.110129
v 2.155587 -3.405754 -0.513978
v -2.707383 -3.056199 -0.747494
v -0.911096 -4.576908 3.245506
v -0.397411 -4.496655 3.666380
v 2.241336 -1.602673 -1.155103
v -2.490546 -4.406383 -0.301968
v -2.518694 -4.398809 -0.281697
v -2.123236 -2.088202 1.030102
v 0.824743 -3.952432 3.319188
v -0.002422 -4.330578 3.805899
v -2.700800 -4.140379 -0.689749
v -1.904068 -2.893004 1.009912
v -2.417374 -1.100773 -1.347057
v -2.250921 -1.816916 -0.541374
v 2.109265 -2.212357 1.137397
v -2.298913 -4.370599 -0.335720
v -2.183038 -4.428832 0.151097
v 2.928150 -1.029205 -0.963689
v 2.980674 -1.130829 -1.083910
v -0.961301 -3.996833 2.425719
v -1.395219 -5.101410 1.633930
v 2.482411 -1.296725 1.209459
v -2.564078 -1.458331 1.049046
v -2.568712 -1.371460 1.069533
v -2.572526 -1.322463 1.107716
v 2.296805 -1.980636 0.093578
v 0.004948 -5.129704 3.714249
v 2.480399 -2.051825 0.364537
v -2.875092 -1.219420 -0.848581
v -2.800720 -1.211973 -0.832335
v -2.848940 -1.330726 -0.793041
v -2.885106 -1.121423 -0.908695
v -2.933825 -1.239349 -0.890874
v -2.909962 -1.354644 -0.837787
v -2.820063 -1.037941 -0.966128
v -2.881063 -1.046906 -0.972931
v -2.937926 -1.137868 -0.946443
v -2.924712 -1.062737 -1.002926
v 2.235779 -1.554816 -1.036575
v 2.238837 -1.518508 -0.918082
v 2.726868 -1.695196 -0.623943
v -0.024032 -5.147733 2.915927
v 0.005000 -5.641603 3.461251
v 0.006986 -5.514951 3.571292
v 2.944148 -1.292634 -1.252086
v -1.937994 -3.416355 1.316772
v -2.104065 -3.267695 1.165678
v -0.000310 -5.686903 3.354523
v -2.501332 -4.088182 -0.790957
v -2.651818 -1.043417 -1.355371
v -2.401210 -1.623866 -1.258392
v 2.403831 -2.109607 -1.097584
v -0.938215 -4.019416 3.390601
v -2.408839 -1.282632 -1.346480
v 1.688938 -3.681411 1.895221
v 1.595339 -3.899624 2.294733
v 2.528123 -1.356956 1.052807
v 2.552231 -1.362706 1.063025
v 2.557866 -1.455238 1.047155
v 2.559005 -1.315507 1.102025
v 2.563511 -1.366874 1.082582
v 2.501088 -2.104251 0.359577
v -2.471943 -1.467095 1.012850
v -0.005319 -4.592804 3.003183
v 2.520731 -2.110945 0.130108
v 2.203243 -1.692092 1.210995
v -0.002315 -4.402543 3.102590
v 0.225038 -4.213511 3.194639
v 2.453213 -2.051708 0.238904
v 2.481706 -2.062839 0.181318
v 2.461431 -2.047999 0.175919
v 2.495422 -2.045460 0.092324
v 2.497632 -2.082597 0.189867
v 2.511662 -2.071491 0.107312
v -0.008092 -5.684802 3.250522
v 0.453092 -5.652430 3.228598
v 2.874429 -1.190116 -0.773905
v 2.886113 -1.094861 -0.848848
v 2.933853 -1.196886 -0.823163
v 2.940169 -1.099802 -0.892067
v 2.846605 -1.300527 -0.712009
v 2.907311 -1.310495 -0.763963
v 2.883208 -1.022872 -0.930854
v 2.908241 -0.991555 -1.021754
v 0.417211 -5.642963 3.136721
v -2.258729 -1.469589 -0.944540
v -2.180437 -4.477841 0.819175
v -2.334427 -1.274479 -1.081606
v -0.000337 -4.047504 3.441697
v -2.817611 -0.983455 -1.044106
v 2.377129 -1.626976 -1.300828
v 2.382646 -1.732295 -1.257387
v -0.419065 -4.299574 3.722271
v -0.003657 -4.169920 3.811026
v -0.416513 -4.132662 3.731726
v 1.692572 -4.807330 1.128435
v 1.826103 -3.620103 1.631974
v 2.645069 -1.233279 -1.395340
v 2.197886 -2.806711 1.140822
v -2.412910 -1.179677 -1.357311
v 2.314718 -1.374512 -0.778243
v -2.473794 -1.277492 1.218393
v -2.009086 -4.512899 0.556279
v 2.484826 -1.848944 -1.211854
v -2.572526 -1.322463 1.107716
v -2.549991 -1.279935 1.165123
v -2.374088 -1.790946 1.247545
v -2.685939 -1.677013 -0.602680
v -2.625517 -1.779470 -0.484764
v -2.748169 -1.561141 -0.683558
v -2.734972 -1.714531 -0.653150
v -2.804568 -1.445172 -0.742522
v -2.803066 -1.590652 -0.731345
v -2.863886 -1.471217 -0.788751
v 2.891062 -1.038541 -1.293305
v 2.913309 -1.091463 -1.296926
v -2.884672 -1.099158 -1.282905
v -2.301227 -1.729769 -1.135791
v -2.332191 -1.827901 -1.144213
v -2.329854 -1.730030 -1.178118
v -2.303736 -1.821226 -1.102928
v -2.307467 -1.928470 -1.064118
v -2.364617 -1.834275 -1.171698
v -2.362856 -1.729704 -1.207431
v -2.401388 -1.839795 -1.187097
v -2.400742 -1.729438 -1.224847
v -2.329378 -1.639866 -1.207531
v -2.362546 -1.631265 -1.238807
v -2.401210 -1.623866 -1.258392
v -2.300956 -1.647527 -1.164235
v -2.276533 -1.652108 -1.108587
v -2.315881 -1.310959 -0.966390
v -2.316733 -1.313005 -1.029505
v -2.337221 -1.255707 -1.028565
v -2.294421 -1.365568 -0.975305
v -2.304943 -1.358243 -1.040741
v -2.346860 -1.255317 -0.962187
v -2.365970 -1.195437 -1.029314
v -2.388371 -1.206773 -0.958126
v -2.405270 -1.141911 -1.028193
v -2.328077 -1.326070 -0.897998
v -2.294909 -1.376150 -0.905125
v -2.371244 -1.283091 -0.892324
v -2.357390 -1.368273 -0.831504
v -2.271779 -1.426325 -0.918905
v -2.354730 -1.928016 1.229743
v 2.433607 -1.960176 1.059644
v 2.303818 -2.291988 1.175622
v 2.312812 -1.465619 -0.728135
v -2.793730 -1.889256 -1.127468
v -2.826220 -1.771605 -1.171686
v -2.830165 -1.878641 -1.073069
v -2.870667 -1.759720 -1.118131
v -2.856299 -1.656003 -1.211525
v -2.908098 -1.643165 -1.159179
v 2.934375 -1.180084 -1.283426
v 2.397425 -1.965833 -1.154931
v -2.475572 -1.681011 1.111512
v -2.564078 -1.458331 1.049046
v -2.524908 -1.721945 0.896794
v 2.682934 -1.668064 -0.573317
v 2.744371 -1.540993 -0.628509
v 2.726868 -1.695196 -0.623943
v 2.795852 -1.558532 -0.679989
v 2.656068 -1.853956 -0.519565
v 2.801091 -1.417983 -0.669142
v 2.858655 -1.430671 -0.721450
v -2.909962 -1.354644 -0.837787
v 2.935143 -1.417410 -1.210660
v -2.925854 -1.268598 -1.269599
v 2.315297 -1.832767 -1.161262
v 2.273200 -1.740147 -1.156482
v 2.303492 -1.736664 -1.204206
v 2.285727 -1.828310 -1.116426
v 2.264484 -1.660702 -1.191099
v 2.294879 -1.648094 -1.241465
v 2.339965 -1.733959 -1.237458
v 2.332371 -1.636298 -1.277925
v 2.382646 -1.732295 -1.257387
v 2.377129 -1.626976 -1.300828
v 2.350000 -1.837821 -1.191369
v 2.389887 -1.842655 -1.208477
v 2.288163 -1.334621 -0.935047
v 2.299543 -1.335725 -1.011407
v 2.273212 -1.398710 -0.948432
v 2.315077 -1.270827 -1.008298
v 2.262894 -1.406996 -0.864891
v 2.247114 -1.468728 -0.884636
v 2.289353 -1.343464 -0.853106
v 2.313128 -1.268251 -0.927226
v 2.329673 -1.288287 -0.843538
v 2.351936 -1.210049 -0.920039
v 2.314718 -1.374512 -0.778243
v 2.338920 -1.202950 -1.006951
v 2.375766 -1.142900 -1.003763
v 2.561132 -2.806616 -0.874545
v 1.282262 -3.884543 2.872552
v 1.523610 -3.748902 2.295466
v -2.340503 -4.050261 -0.779990
v -2.214993 -2.721270 1.144920
v 2.808339 -1.693714 -1.184257
v 2.850798 -1.566899 -1.232754
v 2.849230 -1.672047 -1.119928
v 2.899875 -1.542709 -1.166903
v 2.761999 -1.827350 -1.130814
v 2.794094 -1.808941 -1.068853
v 2.851164 -1.024723 -1.327312
v 2.940169 -1.099802 -0.892067
v -2.528384 -2.152925 0.252288
v 2.507339 -2.109936 0.202116
v 2.497632 -2.082597 0.189867
v 2.266493 -2.015400 0.200816
v 2.295815 -1.992828 0.191852
v 2.323681 -1.980497 0.184722
v 2.237325 -2.045261 0.211793
v 2.467457 -2.008997 0.408232
v 2.464442 -2.029577 0.368539
v 2.483750 -2.034814 0.400418
v 2.480508 -2.075703 0.311639
v 2.182678 -2.092177 0.426201
v -2.508676 -1.981300 0.269495
v -2.331126 -1.845268 -0.154594
v 0.004948 -5.129704 3.714249
v 2.389887 -1.842655 -1.208477
v 2.559091 -2.006250 -0.156304
v 1.700874 -3.187471 1.095505
v -1.773886 -3.121842 1.069841
v -1.376266 -3.938792 1.430187
v 2.396244 -1.656229 1.257128
v 2.494506 -2.069354 0.384220
v 2.480399 -2.051825 0.364537
v 2.483750 -2.034814 0.400418
v -2.490361 -1.299260 1.215229
v -0.003657 -4.169920 3.811026
v -0.024980 -5.622261 3.052854
v 0.003020 -4.920546 3.733721
v 2.790834 -1.017867 -1.354865
v 2.907311 -1.310495 -0.763963
v 2.328489 -1.649968 -0.613558
v -2.320415 -1.637889 1.313251
v -2.870667 -1.759720 -1.118131
v 2.470716 -1.342079 1.226216
v -1.519501 -3.758364 2.288789
v -0.000337 -4.047504 3.441697
v 2.935143 -1.417410 -1.210660
v 2.259145 -1.520892 1.140287
v 2.345780 -1.315862 1.152750
v 0.005000 -5.641603 3.461251
v -2.933317 -1.522930 -1.198423
v -0.024980 -5.622261 3.052854
v 2.397201 -1.097896 -1.367754
v -2.204432 -1.692315 1.212102
v -2.651818 -1.043417 -1.355371
v -1.184693 -3.847160 1.873629
v 2.745354 -1.956908 -1.012791
v -2.933317 -1.522930 -1.198423
v -2.795733 -2.005971 -1.021785
v -2.367804 -1.321957 1.170182
v -2.663172 -1.855389 -0.524534
v -2.189321 -1.753263 1.195961
v 2.488393 -2.084823 0.245996
v 2.524403 -1.725018 0.900332
v -2.753400 -2.606877 -0.794944
v -2.573599 -1.372184 1.086640
v 2.656068 -1.853956 -0.519565
v -1.997345 -3.470486 1.304193
v -0.000670 -4.221681 3.229471
v 2.928150 -1.029205 -0.963689
v -0.003657 -4.169920 3.811026
v -2.396982 -1.656367 1.257815
vt 0.035320 0.096779
vt 0.011132 0.127006
vt 0.042160 0.104239
vt 0.188910 0.337409
vt 0.217232 0.332830
vt 0.216126 0.330418
vt 0.251462 0.328664
vt 0.222711 0.344888
vt 0.253611 0.333033
vt 0.741012 0.410593
vt 0.708138 0.394153
vt 0.703972 0.400353
vt 0.172595 0.931959
vt 0.153343 0.896394
vt 0.130830 0.925715
vt 0.690175 0.843429
vt 0.698329 0.845975
vt 0.699683 0.843155
vt 0.724532 0.271819
vt 0.719486 0.254407
vt 0.713011 0.265512
vt 0.264066 0.623259
vt 0.295878 0.632110
vt 0.298584 0.626450
vt 0.211038 0.561672
vt 0.228372 0.544242
vt 0.213248 0.534620
vt 0.033555 0.410547
vt 0.038027 0.394495
vt 0.027309 0.401453
vt 0.425745 0.873749
vt 0.367786 0.860215
vt 0.365727 0.873930
vt 0.187567 0.641173
vt 0.207916 0.611636
vt 0.184807 0.606993
vt 0.705147 0.230355
vt 0.703686 0.213184
vt 0.694671 0.225161
vt 0.585119 0.681988
vt 0.620815 0.688721
vt 0.621119 0.669129
vt 0.355480 0.126788
vt 0.322044 0.146423
vt 0.358816 0.132634
vt 0.829892 0.447574
vt 0.836890 0.450542
vt 0.834441 0.442786
vt 0.811257 0.800430
vt 0.815510 0.786239
vt 0.803929 0.797777
vt 0.392325 0.442521
vt 0.447170 0.409964
vt 0.387109 0.427559
vt 0.385542 0.687695
vt 0.336875 0.700213
vt 0.388951 0.693023
vt 0.551151 0.268614
vt 0.493115 0.247681
vt 0.489265 0.254213
vt 0.020804 0.132576
vt 0.060587 0.124916
vt 0.048790 0.111528
vt 0.363920 0.888521
vt 0.322303 0.875059
vt 0.319080 0.888376
vt 0.331034 0.690342
vt 0.378558 0.678855
vt 0.327944 0.686153
vt 0.683054 0.108868
vt 0.632594 0.086763
vt 0.628475 0.093453
vt 0.602037 0.122346
vt 0.649928 0.150815
vt 0.656558 0.142178
vt 0.866983 0.817721
vt 0.862335 0.827479
vt 0.874778 0.820688
vt 0.843166 0.556001
vt 0.838443 0.550154
vt 0.838711 0.556027
vt 0.663187 0.133602
vt 0.692198 0.153871
vt 0.697503 0.145107
vt 0.168098 0.646556
vt 0.190829 0.654457
vt 0.338456 0.305950
vt 0.353672 0.311376
vt 0.350385 0.302220
vt 0.876272 0.209818
vt 0.877238 0.207415
vt 0.860780 0.197437
vt 0.658772 0.650694
vt 0.619739 0.661504
vt 0.659014 0.657791
vt 0.776415 0.143723
vt 0.760374 0.127886
vt 0.775171 0.148802
vt 0.634402 0.193729
vt 0.651603 0.193914
vt 0.637077 0.186317
vt 0.552017 0.909064
vt 0.591883 0.889330
vt 0.550513 0.890765
vt 0.346931 0.292257
vt 0.331524 0.288312
vt 0.335081 0.297586
vt 0.217250 0.182381
vt 0.262614 0.152113
vt 0.214061 0.176203
vt 0.155845 0.354974
vt 0.157906 0.348928
vt 0.150545 0.350899
vt 0.749244 0.256940
vt 0.745923 0.238291
vt 0.738037 0.249810
vt 0.424758 0.271616
vt 0.442844 0.263434
vt 0.424015 0.258838
vt 0.724261 0.616306
vt 0.751907 0.626693
vt 0.752013 0.613845
vt 0.175679 0.868291
vt 0.135042 0.865332
vt 0.579387 0.666647
vt 0.612137 0.643624
vt 0.576412 0.662532
vt 0.527287 0.489930
vt 0.535089 0.469982
vt 0.515492 0.476753
vt 0.799175 0.912618
vt 0.809993 0.885381
vt 0.798596 0.882182
vt 0.512274 0.119927
vt 0.454856 0.110784
vt 0.510599 0.124909
vt 0.459335 0.605925
vt 0.411669 0.590666
vt 0.408072 0.607861
vt 0.752735 0.736902
vt 0.720694 0.714408
vt 0.750167 0.742802
vt 0.569235 0.497902
vt 0.550293 0.529512
vt 0.585834 0.521480
vt 0.662869 0.393351
vt 0.636175 0.372354
vt 0.632703 0.377488
vt 0.026197 0.608616
vt 0.063543 0.570957
vt 0.037786 0.562041
vt 0.696219 0.850343
vt 0.691566 0.851639
vt 0.693569 0.853805
vt 0.847277 0.802433
vt 0.845034 0.810237
vt 0.852812 0.805598
vt 0.309184 0.947889
vt 0.260509 0.924562
vt 0.252139 0.937615
vt 0.022660 0.812818
vt 0.036514 0.784656
vt 0.013072 0.800942
vt 0.172843 0.734230
vt 0.150526 0.736511
vt 0.151502 0.748124
vt 0.828818 0.189859
vt 0.846420 0.202716
vt 0.848260 0.199981
vt 0.840632 0.213003
vt 0.823355 0.199742
vt 0.821538 0.203638
vt 0.592861 0.775394
vt 0.603652 0.806989
vt 0.617274 0.785177
vt 0.346417 0.742370
vt 0.293871 0.735215
vt 0.298560 0.752830
vt 0.755938 0.430771
vt 0.752777 0.462241
vt 0.770173 0.440067
vt 0.822581 0.789890
vt 0.817766 0.802504
vt 0.828846 0.792959
vt 0.829400 0.367517
vt 0.840581 0.369128
vt 0.835257 0.361696
vt 0.539403 0.723859
vt 0.496851 0.707921
vt 0.498396 0.727296
vt 0.420413 0.943867
vt 0.359351 0.956063
vt 0.418554 0.962878
vt 0.197998 0.491399
vt 0.216352 0.467273
vt 0.186087 0.481474
vt 0.710951 0.840457
vt 0.728450 0.819653
vt 0.705037 0.837670
vt 0.668291 0.901074
vt 0.660984 0.916371
vt 0.664540 0.919830
vt 0.136592 0.622481
vt 0.161140 0.601732
vt 0.137549 0.595320
vt 0.133251 0.782215
vt 0.100166 0.772646
vt 0.110756 0.794695
vt 0.628903 0.209390
vt 0.644969 0.209707
vt 0.631669 0.201466
vt 0.842384 0.623901
vt 0.846351 0.592965
vt 0.840552 0.592584
vt 0.592187 0.485288
vt 0.166157 0.573406
vt 0.142803 0.564805
vt 0.549686 0.404471
vt 0.507786 0.394911
vt 0.510730 0.412146
vt 0.166066 0.797112
vt 0.197531 0.809148
vt 0.186146 0.785262
vt 0.552060 0.928474
vt 0.487148 0.908813
vt 0.484829 0.928323
vt 0.569978 0.570637
vt 0.600390 0.546717
vt 0.560870 0.552730
vt 0.284749 0.310861
vt 0.249325 0.324287
vt 0.807087 0.781562
vt 0.795426 0.793982
vt 0.347598 0.777925
vt 0.301887 0.768390
vt 0.303568 0.784487
vt 0.361409 0.921162
vt 0.312360 0.932911
vt 0.360465 0.938659
vt 0.700281 0.848277
vt 0.699162 0.853319
vt 0.703580 0.850829
vt 0.111031 0.625287
vt 0.113847 0.588167
vt 0.139160 0.630331
vt 0.133974 0.635608
vt 0.140349 0.633080
vt 0.241399 0.444215
vt 0.208163 0.457204
vt 0.441313 0.393306
vt 0.499296 0.358911
vt 0.433619 0.375469
vt 0.119179 0.318582
vt 0.147053 0.312764
vt 0.142759 0.303634
vt 0.043295 0.721530
vt 0.054531 0.708679
vt 0.043653 0.709776
vt 0.605614 0.745788
vt 0.633847 0.753933
vt 0.855930 0.648724
vt 0.843346 0.637187
vt 0.844252 0.649001
vt 0.399227 0.286158
vt 0.409967 0.297666
vt 0.408275 0.284398
vt 0.638784 0.430299
vt 0.603127 0.432049
vt 0.625158 0.449663
vt 0.839144 0.564844
vt 0.834731 0.592215
vt 0.584060 0.676076
vt 0.759493 0.184962
vt 0.743497 0.168025
vt 0.738559 0.175164
vt 0.618924 0.351090
vt 0.641616 0.364261
vt 0.621524 0.347295
vt 0.453912 0.120087
vt 0.158336 0.194497
vt 0.212457 0.173117
vt 0.210851 0.170032
vt 0.357519 0.287329
vt 0.343186 0.280884
vt 0.697362 0.467768
vt 0.653380 0.471550
vt 0.681193 0.494664
vt 0.128752 0.633548
vt 0.442530 0.694645
vt 0.398331 0.716258
vt 0.448431 0.710831
vt 0.731032 0.260929
vt 0.736293 0.278122
vt 0.742768 0.267531
vt 0.704619 0.858305
vt 0.712567 0.857520
vt 0.709677 0.855403
vt 0.623422 0.100342
vt 0.568525 0.065045
vt 0.563863 0.071264
vt 0.118606 0.351895
vt 0.104306 0.352012
vt 0.107990 0.359439
vt 0.594448 0.163860
vt 0.638400 0.182692
vt 0.595255 0.160511
vt 0.276645 0.775596
vt 0.850407 0.624409
vt 0.869882 0.404608
vt 0.867318 0.415388
vt 0.872109 0.406913
vt 0.060844 0.159205
vt 0.073156 0.140827
vt 0.055907 0.155423
vt 0.671327 0.903690
vt 0.667860 0.923625
vt 0.406511 0.270872
vt 0.832473 0.185002
vt 0.853595 0.193238
vt 0.834302 0.182799
vt 0.573512 0.745711
vt 0.488184 0.858391
vt 0.426758 0.858520
vt 0.183388 0.301909
vt 0.180651 0.294449
vt 0.352072 0.120824
vt 0.316767 0.141170
vt 0.472452 0.056236
vt 0.459315 0.051948
vt 0.460298 0.058007
vt 0.172262 0.367023
vt 0.195793 0.354355
vt 0.171001 0.359647
vt 0.749537 0.387917
vt 0.714098 0.380820
vt 0.712625 0.384621
vt 0.158507 0.840352
vt 0.194115 0.848834
vt 0.179263 0.822519
vt 0.830644 0.187318
vt 0.851835 0.195347
vt 0.235698 0.807893
vt 0.214010 0.796503
vt 0.222963 0.821246
vt 0.075739 0.341980
vt 0.090415 0.349287
vt 0.085728 0.337731
vt 0.358123 0.973367
vt 0.843888 0.564840
vt 0.223798 0.281728
vt 0.220836 0.273943
vt 0.504370 0.377137
vt 0.548425 0.385951
vt 0.547713 0.366923
vt 0.771998 0.159433
vt 0.752070 0.153006
vt 0.769727 0.165223
vt 0.834674 0.483696
vt 0.840524 0.508121
vt 0.840792 0.483910
vt 0.382750 0.218205
vt 0.427430 0.229108
vt 0.431395 0.222673
vt 0.089802 0.909763
vt 0.111343 0.890725
vt 0.494266 0.687744
vt 0.495142 0.693187
vt 0.035900 0.518459
vt 0.065387 0.486567
vt 0.032063 0.473495
vt 0.610823 0.279827
vt 0.553189 0.261702
vt 0.335249 0.458475
vt 0.069406 0.316425
vt 0.082555 0.280230
vt 0.058348 0.314358
vt 0.846593 0.439638
vt 0.840641 0.420058
vt 0.835248 0.426434
vt 0.591013 0.178444
vt 0.226601 0.089462
vt 0.257911 0.068344
vt 0.218992 0.068798
vt 0.145516 0.810894
vt 0.593870 0.129902
vt 0.544713 0.092736
vt 0.537470 0.100363
vt 0.031178 0.309883
vt 0.057166 0.267975
vt 0.025815 0.309090
vt 0.531784 0.002486
vt 0.539229 0.023985
vt 0.543940 0.020190
vt 0.401709 0.807158
vt 0.345414 0.797586
vt 0.342180 0.818352
vt 0.872739 0.217404
vt 0.874087 0.214775
vt 0.403647 0.249797
vt 0.423317 0.246021
vt 0.402663 0.242665
vt 0.039792 0.836205
vt 0.046409 0.797112
vt 0.751802 0.639540
vt 0.723629 0.649708
vt 0.751697 0.652388
vt 0.355462 0.610030
vt 0.308160 0.588035
vt 0.305517 0.606335
vt 0.807972 0.397729
vt 0.802896 0.389416
vt 0.797548 0.393108
vt 0.103385 0.844818
vt 0.063847 0.821675
vt 0.080863 0.859545
vt 0.223539 0.194763
vt 0.272019 0.163180
vt 0.220405 0.188569
vt 0.829581 0.564901
vt 0.825929 0.591696
vt 0.828870 0.591866
vt 0.824875 0.483105
vt 0.825186 0.460660
vt 0.821329 0.460428
vt 0.148820 0.348141
vt 0.138559 0.351773
vt 0.140343 0.354684
vt 0.397002 0.272406
vt 0.265982 0.846292
vt 0.286324 0.862714
vt 0.291512 0.851777
vt 0.264019 0.744999
vt 0.072426 0.637250
vt 0.051387 0.616563
vt 0.045001 0.632479
vt 0.696280 0.093329
vt 0.722857 0.111767
vt 0.730229 0.103861
vt 0.664808 0.898145
vt 0.657115 0.913358
vt 0.416678 0.981734
vt 0.271530 0.761538
vt 0.831001 0.423794
vt 0.827023 0.434398
vt 0.374241 0.393736
vt 0.312731 0.398319
vt 0.318473 0.414919
vt 0.118124 0.552534
vt 0.149726 0.534134
vt 0.124808 0.518320
vt 0.265871 0.911601
vt 0.314460 0.917645
vt 0.493383 0.683282
vt 0.440030 0.688674
vt 0.433854 0.676054
vt 0.382066 0.683093
vt 0.435787 0.679757
vt 0.491605 0.675992
vt 0.827691 0.759678
vt 0.821817 0.740354
vt 0.815294 0.742162
vt 0.033251 0.702404
vt 0.032774 0.710872
vt 0.669420 0.382808
vt 0.639136 0.367925
vt 0.281085 0.444994
vt 0.324129 0.430810
vt 0.843186 0.410446
vt 0.846687 0.412458
vt 0.836704 0.417665
vt 0.839787 0.408449
vt 0.827017 0.422005
vt 0.823622 0.443699
vt 0.860105 0.396126
vt 0.854300 0.415961
vt 0.865210 0.400182
vt 0.687259 0.423385
vt 0.654258 0.406794
vt 0.675618 0.372129
vt 0.647374 0.355947
vt 0.645615 0.358463
vt 0.655499 0.891371
vt 0.643488 0.906203
vt 0.652895 0.910720
vt 0.648212 0.201753
vt 0.665718 0.200480
vt 0.755950 0.723062
vt 0.726546 0.697422
vt 0.755306 0.727308
vt 0.869343 0.223076
vt 0.877980 0.231127
vt 0.879850 0.228523
vt 0.888843 0.236347
vt 0.890654 0.234131
vt 0.867422 0.226044
vt 0.876024 0.233731
vt 0.886921 0.238524
vt 0.377415 0.278616
vt 0.363761 0.268074
vt 0.367472 0.282786
vt 0.830153 0.683663
vt 0.814441 0.673895
vt 0.813732 0.685855
vt 0.637580 0.797659
vt 0.754341 0.731829
vt 0.723289 0.707774
vt 0.089016 0.579755
vt 0.078723 0.622493
vt 0.665091 0.289763
vt 0.703141 0.328052
vt 0.711623 0.323461
vt 0.387281 0.275072
vt 0.834368 0.533221
vt 0.829876 0.526616
vt 0.829919 0.532800
vt 0.478471 0.969388
vt 0.543918 0.987912
vt 0.547598 0.968214
vt 0.693197 0.847038
vt 0.697710 0.241928
vt 0.715582 0.163556
vt 0.687041 0.162696
vt 0.710557 0.171390
vt 0.257894 0.146564
vt 0.590855 0.450449
vt 0.573944 0.468552
vt 0.263608 0.090228
vt 0.292384 0.063974
vt 0.553514 0.791580
vt 0.532825 0.772080
vt 0.527842 0.789481
vt 0.834116 0.543265
vt 0.829943 0.537113
vt 0.829933 0.542993
vt 0.404936 0.517717
vt 0.457110 0.506010
vt 0.401237 0.501926
vt 0.506494 0.563848
vt 0.500830 0.542183
vt 0.498846 0.052295
vt 0.490097 0.057937
vt 0.287376 0.457469
vt 0.329712 0.445271
vt 0.507343 0.046769
vt 0.506597 0.142851
vt 0.454171 0.134978
vt 0.506040 0.150757
vt 0.161895 0.200677
vt 0.116997 0.233022
vt 0.165430 0.206936
vt 0.752964 0.351192
vt 0.728333 0.314757
vt 0.720037 0.318998
vt 0.360931 0.058126
vt 0.339066 0.069482
vt 0.361280 0.067983
vt 0.830945 0.452687
vt 0.832342 0.461098
vt 0.735971 0.230589
vt 0.750086 0.232432
vt 0.740918 0.224259
vt 0.754312 0.226545
vt 0.745982 0.217876
vt 0.758962 0.241056
vt 0.762202 0.235761
vt 0.731166 0.216987
vt 0.725716 0.223599
vt 0.720539 0.211065
vt 0.715005 0.217679
vt 0.736774 0.210303
vt 0.726246 0.204372
vt 0.149567 0.636294
vt 0.160772 0.633191
vt 0.838658 0.216780
vt 0.831188 0.660898
vt 0.819738 0.649840
vt 0.816656 0.662021
vt 0.071970 0.359369
vt 0.056414 0.351125
vt 0.062727 0.364622
vt 0.653336 0.190024
vt 0.655080 0.186142
vt 0.639718 0.179091
vt 0.668078 0.196164
vt 0.670475 0.191837
vt 0.124784 0.827694
vt 0.791444 0.753813
vt 0.790251 0.758047
vt 0.457003 0.517551
vt 0.408477 0.534252
vt 0.458058 0.531476
vt 0.673881 0.375223
vt 0.643736 0.361171
vt 0.614526 0.510386
vt 0.197669 0.747329
vt 0.224297 0.762498
vt 0.218800 0.737242
vt 0.637201 0.886513
vt 0.668808 0.870858
vt 0.659639 0.859761
vt 0.173783 0.658928
vt 0.066043 0.346191
vt 0.081063 0.354436
vt 0.188236 0.579863
vt 0.427845 0.843499
vt 0.758039 0.136506
vt 0.773755 0.153999
vt 0.682118 0.884668
vt 0.679357 0.882294
vt 0.755333 0.144915
vt 0.646625 0.917002
vt 0.653915 0.920111
vt 0.802666 0.812412
vt 0.792939 0.811638
vt 0.735638 0.131558
vt 0.715780 0.119796
vt 0.160117 0.197582
vt 0.260255 0.149339
vt 0.639275 0.073717
vt 0.702890 0.085683
vt 0.676436 0.116885
vt 0.334040 0.694903
vt 0.085808 0.364046
vt 0.077189 0.369459
vt 0.572414 0.059249
vt 0.575786 0.053735
vt 0.636090 0.080207
vt 0.886095 0.812577
vt 0.882726 0.823770
vt 0.732783 0.419671
vt 0.739273 0.451716
vt 0.278724 0.700184
vt 0.275445 0.695068
vt 0.588468 0.870988
vt 0.096823 0.501230
vt 0.095204 0.455298
vt 0.723418 0.660842
vt 0.528796 0.032036
vt 0.504735 0.012745
vt 0.522571 0.036524
vt 0.826993 0.192739
vt 0.842593 0.209331
vt 0.426450 0.296999
vt 0.425581 0.284326
vt 0.823507 0.379945
vt 0.823825 0.372844
vt 0.818477 0.377636
vt 0.246224 0.832041
vt 0.344932 0.108358
vt 0.303464 0.128019
vt 0.346740 0.111511
vt 0.100434 0.343392
vt 0.096234 0.332683
vt 0.316389 0.902614
vt 0.635441 0.538479
vt 0.681110 0.545168
vt 0.662785 0.519127
vt 0.745627 0.114965
vt 0.762522 0.119160
vt 0.750616 0.106603
vt 0.463762 0.785645
vt 0.501254 0.771240
vt 0.460555 0.771081
vt 0.740635 0.123295
vt 0.542056 0.329858
vt 0.492686 0.340706
vt 0.503369 0.786248
vt 0.467241 0.797523
vt 0.505830 0.797599
vt 0.492495 0.679473
vt 0.540586 0.673447
vt 0.600288 0.945454
vt 0.550533 0.948404
vt 0.057700 0.872771
vt 0.543580 0.680987
vt 0.582043 0.671062
vt 0.893502 0.229417
vt 0.707210 0.860491
vt 0.700827 0.861955
vt 0.703272 0.864102
vt 0.283450 0.308326
vt 0.314739 0.288360
vt 0.282150 0.305787
vt 0.544509 0.685439
vt 0.309139 0.536281
vt 0.349054 0.517611
vt 0.306165 0.516830
vt 0.544755 0.690708
vt 0.838651 0.460353
vt 0.658800 0.666436
vt 0.695306 0.675189
vt 0.693183 0.683260
vt 0.402646 0.735840
vt 0.775577 0.594235
vt 0.789936 0.565607
vt 0.775435 0.564596
vt 0.064034 0.435211
vt 0.026747 0.373347
vt 0.042708 0.377468
vt 0.036728 0.365074
vt 0.725159 0.702234
vt 0.594494 0.369652
vt 0.624581 0.389754
vt 0.727691 0.692975
vt 0.698348 0.663469
vt 0.696977 0.668777
vt 0.764328 0.421124
vt 0.803300 0.195875
vt 0.784220 0.184963
vt 0.781769 0.190758
vt 0.720605 0.155688
vt 0.709146 0.128008
vt 0.715695 0.843637
vt 0.736196 0.824492
vt 0.805050 0.191400
vt 0.819723 0.207648
vt 0.801533 0.200501
vt 0.811590 0.177763
vt 0.790290 0.171063
vt 0.810038 0.180411
vt 0.679080 0.205362
vt 0.684114 0.220223
vt 0.691723 0.209337
vt 0.882983 0.223315
vt 0.223638 0.422120
vt 0.255140 0.391135
vt 0.212033 0.411668
vt 0.790007 0.597194
vt 0.804436 0.566617
vt 0.157491 0.953350
vt 0.193396 0.957410
vt 0.206836 0.941203
vt 0.859497 0.814981
vt 0.856294 0.823370
vt 0.366850 0.375379
vt 0.416591 0.338635
vt 0.359648 0.357259
vt 0.126815 0.336539
vt 0.111528 0.336215
vt 0.115180 0.344566
vt 0.834258 0.623421
vt 0.834150 0.550116
vt 0.161107 0.354352
vt 0.160735 0.360884
vt 0.153231 0.328133
vt 0.130033 0.343859
vt 0.551552 0.160497
vt 0.550515 0.168250
vt 0.064227 0.389968
vt 0.068326 0.375019
vt 0.058721 0.381138
vt 0.862821 0.710558
vt 0.846973 0.703422
vt 0.848469 0.713581
vt 0.671862 0.378716
vt 0.705722 0.866142
vt 0.709762 0.862588
vt 0.838287 0.543559
vt 0.834228 0.537510
vt 0.451847 0.425840
vt 0.397273 0.456835
vt 0.456168 0.441439
vt 0.235958 0.661376
vt 0.216247 0.672761
vt 0.237760 0.674504
vt 0.235960 0.520534
vt 0.657052 0.767386
vt 0.141343 0.635893
vt 0.136515 0.639590
vt 0.142176 0.639165
vt 0.574446 0.438334
vt 0.225419 0.858089
vt 0.209405 0.834660
vt 0.858402 0.416227
vt 0.676654 0.908402
vt 0.671024 0.927643
vt 0.674109 0.931773
vt 0.622290 0.820362
vt 0.592000 0.823230
vt 0.609669 0.838591
vt 0.223443 0.510956
vt 0.197521 0.525085
vt 0.142827 0.357377
vt 0.245764 0.496127
vt 0.264332 0.476754
vt 0.235909 0.486895
vt 0.865438 0.229050
vt 0.832265 0.649354
vt 0.845024 0.659944
vt 0.842721 0.550206
vt 0.842452 0.543865
vt 0.843903 0.527942
vt 0.839253 0.527495
vt 0.172225 0.545148
vt 0.788306 0.762744
vt 0.785231 0.768136
vt 0.859274 0.421760
vt 0.862730 0.415851
vt 0.854287 0.424309
vt 0.855867 0.427783
vt 0.849642 0.425445
vt 0.850363 0.432850
vt 0.864922 0.419625
vt 0.870898 0.417698
vt 0.872034 0.414880
vt 0.869763 0.420515
vt 0.381190 0.411417
vt 0.243294 0.881815
vt 0.270128 0.898777
vt 0.275301 0.886169
vt 0.180721 0.515514
vt 0.664596 0.929073
vt 0.668060 0.933697
vt 0.665205 0.938277
vt 0.668812 0.943800
vt 0.661089 0.925185
vt 0.661771 0.933915
vt 0.671494 0.938813
vt 0.672534 0.950096
vt 0.674914 0.944174
vt 0.611002 0.467056
vt 0.637155 0.491387
vt 0.677026 0.829338
vt 0.685440 0.837679
vt 0.565318 0.771954
vt 0.536351 0.748334
vt 0.695585 0.862711
vt 0.698036 0.865139
vt 0.691515 0.867351
vt 0.694049 0.869831
vt 0.698391 0.859594
vt 0.693128 0.859828
vt 0.688897 0.864274
vt 0.702933 0.869234
vt 0.700485 0.867262
vt 0.698977 0.873793
vt 0.827513 0.526400
vt 0.824031 0.506735
vt 0.825148 0.526184
vt 0.676271 0.879292
vt 0.698833 0.407402
vt 0.742623 0.828960
vt 0.719726 0.846452
vt 0.747224 0.832957
vt 0.411556 0.552140
vt 0.460910 0.549540
vt 0.218678 0.925229
vt 0.187804 0.909140
vt 0.463053 0.569744
vt 0.803722 0.823353
vt 0.810691 0.818914
vt 0.802161 0.818042
vt 0.810680 0.813485
vt 0.812684 0.824253
vt 0.818761 0.819934
vt 0.818152 0.814596
vt 0.793583 0.823373
vt 0.792090 0.817861
vt 0.781456 0.825300
vt 0.778492 0.811718
vt 0.779614 0.819859
vt 0.796003 0.828181
vt 0.806502 0.828393
vt 0.798886 0.832636
vt 0.809891 0.833298
vt 0.783774 0.829748
vt 0.786330 0.833700
vt 0.815999 0.829533
vt 0.821336 0.825322
vt 0.819975 0.834782
vt 0.825224 0.830745
vt 0.857445 0.394190
vt 0.861957 0.808657
vt 0.869221 0.809733
vt 0.852215 0.812482
vt 0.851009 0.819808
vt 0.775868 0.392967
vt 0.779671 0.406286
vt 0.786277 0.401170
vt 0.162082 0.458212
vt 0.183950 0.434366
vt 0.142227 0.440092
vt 0.822549 0.360514
vt 0.746718 0.588316
vt 0.760935 0.563586
vt 0.746435 0.562576
vt 0.170620 0.707651
vt 0.192338 0.710022
vt 0.190855 0.696301
vt 0.884903 0.218110
vt 0.875243 0.212259
vt 0.884073 0.220713
vt 0.894801 0.224140
vt 0.894318 0.226838
vt 0.885561 0.215508
vt 0.895063 0.221360
vt 0.895214 0.218541
vt 0.886131 0.212906
vt 0.226868 0.287615
vt 0.185618 0.308890
vt 0.481693 0.948840
vt 0.091982 0.539385
vt 0.362466 0.904234
vt 0.813110 0.175419
vt 0.282655 0.564246
vt 0.310069 0.552689
vt 0.284556 0.549175
vt 0.554490 0.145335
vt 0.327754 0.233359
vt 0.380016 0.230906
vt 0.381537 0.224418
vt 0.615001 0.649108
vt 0.657527 0.639077
vt 0.395924 0.103505
vt 0.456277 0.100654
vt 0.394911 0.099458
vt 0.412981 0.571174
vt 0.717643 0.438720
vt 0.718066 0.482880
vt 0.791779 0.167883
vt 0.793107 0.165139
vt 0.583673 0.697521
vt 0.615757 0.714486
vt 0.788561 0.174897
vt 0.834583 0.527052
vt 0.838795 0.533655
vt 0.382586 0.066824
vt 0.402281 0.057208
vt 0.382158 0.058575
vt 0.306138 0.130652
vt 0.437814 0.683837
vt 0.615765 0.355393
vt 0.737749 0.096015
vt 0.287351 0.315909
vt 0.775294 0.534958
vt 0.108884 0.223949
vt 0.106183 0.221009
vt 0.552819 0.152835
vt 0.288209 0.718452
vt 0.285141 0.711584
vt 0.473916 0.021545
vt 0.534265 0.027895
vt 0.069455 0.135921
vt 0.050654 0.151521
vt 0.519641 0.007470
vt 0.853024 0.795131
vt 0.853347 0.800907
vt 0.860059 0.800071
vt 0.846977 0.796801
vt 0.845502 0.790458
vt 0.840258 0.792854
vt 0.841143 0.799121
vt 0.858732 0.804912
vt 0.865780 0.805018
vt 0.856614 0.808031
vt 0.867209 0.799652
vt 0.873617 0.805478
vt 0.874577 0.799442
vt 0.877424 0.811086
vt 0.881849 0.806117
vt 0.859212 0.793894
vt 0.850638 0.788490
vt 0.865471 0.792874
vt 0.855720 0.786734
vt 0.654339 0.853439
vt 0.802436 0.765744
vt 0.800167 0.770252
vt 0.813548 0.772416
vt 0.810856 0.776675
vt 0.803951 0.761673
vt 0.805089 0.757821
vt 0.792259 0.749810
vt 0.815523 0.768576
vt 0.817139 0.764946
vt 0.273565 0.256750
vt 0.683992 0.855343
vt 0.813234 0.374758
vt 0.813299 0.381850
vt 0.808436 0.183516
vt 0.814612 0.173227
vt 0.794354 0.162612
vt 0.715412 0.859590
vt 0.514045 0.114874
vt 0.455537 0.105770
vt 0.408308 0.320309
vt 0.352596 0.339336
vt 0.396926 0.107485
vt 0.779238 0.196771
vt 0.499725 0.750084
vt 0.763304 0.178106
vt 0.448474 0.059703
vt 0.447419 0.053109
vt 0.579250 0.718792
vt 0.542197 0.677081
vt 0.867512 0.727891
vt 0.854450 0.731414
vt 0.539678 0.807188
vt 0.521999 0.803033
vt 0.111781 0.948682
vt 0.069607 0.924857
vt 0.094878 0.967643
vt 0.689668 0.101036
vt 0.301027 0.365284
vt 0.356300 0.554573
vt 0.353781 0.536889
vt 0.803338 0.379582
vt 0.808151 0.385704
vt 0.281968 0.705592
vt 0.251116 0.720816
vt 0.769949 0.348304
vt 0.736562 0.310643
vt 0.732452 0.312692
vt 0.525885 0.004960
vt 0.824095 0.804321
vt 0.790468 0.385776
vt 0.792122 0.396902
vt 0.731435 0.494744
vt 0.702107 0.927432
vt 0.726181 0.940904
vt 0.728072 0.928272
vt 0.511813 0.596915
vt 0.510090 0.582482
vt 0.656203 0.689715
vt 0.225784 0.477214
vt 0.248223 0.455582
vt 0.657524 0.922280
vt 0.655535 0.929447
vt 0.658567 0.931101
vt 0.696527 0.871911
vt 0.684662 0.886623
vt 0.874306 0.409244
vt 0.442314 0.286763
vt 0.442338 0.298360
vt 0.847397 0.817282
vt 0.167015 0.421600
vt 0.118601 0.419075
vt 0.594864 0.981545
vt 0.798457 0.407569
vt 0.555426 0.141624
vt 0.750874 0.401294
vt 0.772343 0.412765
vt 0.176461 0.758037
vt 0.205444 0.773827
vt 0.867593 0.402356
vt 0.275395 0.431535
vt 0.704176 0.845358
vt 0.708107 0.848101
vt 0.145655 0.638036
vt 0.146666 0.640621
vt 0.611447 0.360063
vt 0.190125 0.340186
vt 0.218337 0.335241
vt 0.424833 0.889455
vt 0.488113 0.874650
vt 0.687098 0.888369
vt 0.248259 0.322097
vt 0.247194 0.319906
vt 0.153627 0.642368
vt 0.674034 0.276649
vt 0.669579 0.283034
vt 0.833373 0.637029
vt 0.591513 0.394594
vt 0.613607 0.412090
vt 0.755783 0.799244
vt 0.766506 0.805562
vt 0.556391 0.137926
vt 0.596054 0.157205
vt 0.699567 0.658714
vt 0.658226 0.644628
vt 0.091154 0.284812
vt 0.122422 0.239484
vt 0.422212 0.924696
vt 0.348538 0.114651
vt 0.617617 0.654949
vt 0.192564 0.553451
vt 0.755512 0.191937
vt 0.733436 0.182197
vt 0.492873 0.506544
vt 0.491831 0.494347
vt 0.300786 0.125386
vt 0.687859 0.236133
vt 0.678210 0.230337
vt 0.708315 0.248047
vt 0.715915 0.236323
vt 0.234252 0.648606
vt 0.213724 0.659118
vt 0.730635 0.139723
vt 0.829603 0.507214
vt 0.828200 0.483328
vt 0.609892 0.114856
vt 0.666414 0.387699
vt 0.339457 0.706643
vt 0.578900 0.048361
vt 0.089171 0.750279
vt 0.063093 0.770982
vt 0.094694 0.761482
vt 0.303492 0.803937
vt 0.403065 0.791018
vt 0.152508 0.360964
vt 0.111586 0.226914
vt 0.061360 0.269881
vt 0.783731 0.389250
vt 0.267502 0.616246
vt 0.301172 0.620476
vt 0.825954 0.622991
vt 0.823051 0.636961
vt 0.785388 0.788483
vt 0.774381 0.781736
vt 0.383426 0.212474
vt 0.435343 0.216258
vt 0.036552 0.310691
vt 0.246938 0.713921
vt 0.761147 0.591275
vt 0.255375 0.728268
vt 0.273843 0.600695
vt 0.303523 0.613876
vt 0.725100 0.777800
vt 0.404279 0.755429
vt 0.453971 0.730737
vt 0.177030 0.286152
vt 0.100509 0.674086
vt 0.111745 0.686937
vt 0.111507 0.671896
vt 0.235929 0.845021
vt 0.242814 0.707396
vt 0.229436 0.592444
vt 0.209146 0.586129
vt 0.121476 0.645613
vt 0.102537 0.637854
vt 0.095593 0.649941
vt 0.351669 0.622939
vt 0.262615 0.404331
vt 0.269499 0.417762
vt 0.389932 0.288825
vt 0.401316 0.299395
vt 0.214393 0.871654
vt 0.349250 0.628104
vt 0.110963 0.109465
vt 0.065334 0.130674
vt 0.384291 0.259916
vt 0.064345 0.528264
vt 0.820958 0.383361
vt 0.251718 0.044647
vt 0.290633 0.053417
vt 0.288818 0.042582
vt 0.306902 0.381761
vt 0.518487 0.445277
vt 0.460360 0.456927
vt 0.698110 0.755077
vt 0.675267 0.734734
vt 0.837931 0.808169
vt 0.574663 0.602728
vt 0.512259 0.610811
vt 0.512148 0.614433
vt 0.122993 0.474165
vt 0.343605 0.723493
vt 0.658358 0.608389
vt 0.616822 0.596686
vt 0.615447 0.602426
vt 0.845591 0.670620
vt 0.677213 0.369235
vt 0.715410 0.377301
vt 0.507924 0.134377
vt 0.453803 0.127945
vt 0.100056 0.086272
vt 0.821524 0.482872
vt 0.826821 0.506975
vt 0.496956 0.241136
vt 0.316802 0.087903
vt 0.296638 0.091191
vt 0.297640 0.098408
vt 0.634048 0.878167
vt 0.360787 0.052493
vt 0.338119 0.056626
vt 0.692651 0.567212
vt 0.720176 0.539487
vt 0.715396 0.532648
vt 0.325678 0.862651
vt 0.329105 0.850731
vt 0.696421 0.576165
vt 0.723980 0.545426
vt 0.703318 0.597925
vt 0.701439 0.591157
vt 0.361752 0.075019
vt 0.339230 0.074495
vt 0.339225 0.078735
vt 0.135919 0.643087
vt 0.514375 0.428852
vt 0.361503 0.071803
vt 0.819411 0.719712
vt 0.828341 0.738550
vt 0.862606 0.747439
vt 0.425033 0.357032
vt 0.484914 0.322958
vt 0.167470 0.347258
vt 0.326376 0.227558
vt 0.724050 0.627440
vt 0.383018 0.070250
vt 0.403225 0.065052
vt 0.476546 0.305489
vt 0.194737 0.668173
vt 0.623705 0.343879
vt 0.625606 0.340717
vt 0.429080 0.071334
vt 0.448940 0.070758
vt 0.448938 0.068143
vt 0.157232 0.649450
vt 0.729964 0.915640
vt 0.754037 0.906509
vt 0.731855 0.903008
vt 0.754037 0.940413
vt 0.392261 0.699442
vt 0.115417 0.400395
vt 0.128919 0.384073
vt 0.126229 0.381557
vt 0.132442 0.410065
vt 0.139993 0.407319
vt 0.138586 0.402604
vt 0.584938 0.416971
vt 0.284257 0.515689
vt 0.302046 0.495509
vt 0.282969 0.495277
vt 0.674065 0.906098
vt 0.688900 0.852180
vt 0.841392 0.734961
vt 0.839298 0.755531
vt 0.850930 0.751437
vt 0.294037 0.468966
vt 0.272493 0.486436
vt 0.300722 0.479642
vt 0.427137 0.062571
vt 0.448750 0.062674
vt 0.627368 0.337682
vt 0.614950 0.319831
vt 0.202059 0.888053
vt 0.227749 0.909746
vt 0.235441 0.895162
vt 0.161547 0.370400
vt 0.818471 0.431496
vt 0.819518 0.442842
vt 0.822801 0.432597
vt 0.168920 0.213333
vt 0.398859 0.114982
vt 0.405621 0.074286
vt 0.383570 0.073294
vt 0.384200 0.076083
vt 0.406553 0.077019
vt 0.384870 0.078745
vt 0.142526 0.973727
vt 0.360651 0.046658
vt 0.337449 0.049297
vt 0.309529 0.569045
vt 0.826715 0.354228
vt 0.841254 0.355629
vt 0.576648 0.589229
vt 0.616838 0.583724
vt 0.575709 0.583853
vt 0.656414 0.584405
vt 0.617415 0.590522
vt 0.657935 0.593157
vt 0.677066 0.782718
vt 0.701974 0.802381
vt 0.589185 0.186372
vt 0.830399 0.672167
vt 0.845876 0.681632
vt 0.552213 0.481728
vt 0.538948 0.506741
vt 0.392388 0.301777
vt 0.380427 0.292054
vt 0.383203 0.304455
vt 0.750649 0.836520
vt 0.095281 0.077512
vt 0.150696 0.054370
vt 0.090293 0.068560
vt 0.618709 0.255960
vt 0.676255 0.273543
vt 0.357198 0.572502
vt 0.256013 0.466468
vt 0.073516 0.383646
vt 0.760089 0.470470
vt 0.780430 0.451031
vt 0.777971 0.447642
vt 0.427757 0.065750
vt 0.448889 0.065467
vt 0.364149 0.309254
vt 0.132546 0.362784
vt 0.251155 0.869449
vt 0.258674 0.857714
vt 0.835116 0.507680
vt 0.400650 0.121551
vt 0.402359 0.127590
vt 0.673101 0.215022
vt 0.328568 0.239152
vt 0.754037 0.917810
vt 0.754037 0.929112
vt 0.423741 0.906278
vt 0.740987 0.757947
vt 0.729959 0.555805
vt 0.727132 0.550765
vt 0.695971 0.856913
vt 0.210782 0.501269
vt 0.843210 0.534096
vt 0.343093 0.497332
vt 0.150410 0.320770
vt 0.123277 0.328334
vt 0.098707 0.366033
vt 0.090223 0.372031
vt 0.701722 0.515509
vt 0.658474 0.601057
vt 0.315849 0.099460
vt 0.298516 0.105068
vt 0.299329 0.111450
vt 0.753547 0.839686
vt 0.255400 0.505101
vt 0.559212 0.241044
vt 0.558217 0.244480
vt 0.404071 0.774000
vt 0.113176 0.115910
vt 0.174306 0.098168
vt 0.619824 0.252655
vt 0.678472 0.270461
vt 0.171649 0.090215
vt 0.108110 0.102441
vt 0.831829 0.706182
vt 0.816341 0.709017
vt 0.786481 0.420705
vt 0.071907 0.783325
vt 0.766721 0.893720
vt 0.775803 0.875786
vt 0.764406 0.872587
vt 0.709673 0.899507
vt 0.475261 0.989879
vt 0.016728 0.381991
vt 0.032210 0.384637
vt 0.255766 0.337398
vt 0.224874 0.349711
vt 0.729712 0.354999
vt 0.741398 0.353100
vt 0.044010 0.698021
vt 0.054770 0.693638
vt 0.191328 0.342971
vt 0.648437 0.719676
vt 0.456540 0.617163
vt 0.512291 0.606886
vt 0.710830 0.388987
vt 0.841834 0.816857
vt 0.834354 0.816220
vt 0.232607 0.118385
vt 0.272780 0.125839
vt 0.270642 0.117503
vt 0.155073 0.769830
vt 0.779765 0.640507
vt 0.779765 0.655067
vt 0.162549 0.072830
vt 0.214416 0.058170
vt 0.156795 0.063667
vt 0.661258 0.209038
vt 0.657316 0.217447
vt 0.405638 0.614629
vt 0.402908 0.620384
vt 0.617594 0.259276
vt 0.615353 0.265989
vt 0.457918 0.612102
vt 0.611244 0.329417
vt 0.613219 0.324716
vt 0.613093 0.272862
vt 0.660586 0.296690
vt 0.762351 0.474050
vt 0.782476 0.454307
vt 0.594650 0.325721
vt 0.600961 0.332231
vt 0.599828 0.322711
vt 0.318066 0.295975
vt 0.321344 0.303329
vt 0.484995 0.018527
vt 0.133982 0.375742
vt 0.130956 0.373022
vt 0.123627 0.379153
vt 0.138120 0.368360
vt 0.128464 0.370415
vt 0.774690 0.444025
vt 0.426010 0.055153
vt 0.446732 0.049605
vt 0.425482 0.051106
vt 0.129502 0.408720
vt 0.137227 0.398041
vt 0.834380 0.564861
vt 0.458540 0.048804
vt 0.457683 0.045627
vt 0.445999 0.046042
vt 0.470686 0.047987
vt 0.469701 0.045225
vt 0.842765 0.538349
vt 0.838500 0.537924
vt 0.744357 0.511180
vt 0.403917 0.068406
vt 0.382083 0.054005
vt 0.401658 0.048536
vt 0.382047 0.049308
vt 0.424965 0.046963
vt 0.401950 0.052923
vt 0.362019 0.077831
vt 0.347862 0.760076
vt 0.353712 0.274026
vt 0.512169 0.602355
vt 0.280941 0.874069
vt 0.163167 0.504511
vt 0.144847 0.490708
vt 0.254845 0.056609
vt 0.176867 0.113001
vt 0.231120 0.108941
vt 0.175931 0.105719
vt 0.133503 0.667516
vt 0.439281 0.209854
vt 0.502694 0.231278
vt 0.504603 0.227986
vt 0.266118 0.099924
vt 0.229191 0.099329
vt 0.037939 0.142883
vt 0.346683 0.632899
vt 0.019938 0.625019
vt 0.038150 0.648530
vt 0.052927 0.370726
vt 0.046630 0.357542
vt 0.033705 0.358329
vt 0.043355 0.350258
vt 0.030674 0.351429
vt 0.053079 0.343601
vt 0.040045 0.342776
vt 0.024104 0.367343
vt 0.014528 0.376828
vt 0.021487 0.361237
vt 0.012392 0.371623
vt 0.311471 0.135914
vt 0.116990 0.313320
vt 0.789865 0.534019
vt 0.193910 0.723357
vt 0.105359 0.320559
vt 0.107481 0.326076
vt 0.094051 0.326807
vt 0.103208 0.314915
vt 0.091846 0.320782
vt 0.193647 0.348602
vt 0.757030 0.466585
vt 0.735899 0.499520
vt 0.197841 0.360176
vt 0.220535 0.340064
vt 0.266606 0.231638
vt 0.215389 0.249830
vt 0.216717 0.256452
vt 0.125688 0.751432
vt 0.267879 0.238174
vt 0.218059 0.262836
vt 0.339108 0.082460
vt 0.321079 0.215917
vt 0.383629 0.209730
vt 0.383793 0.207019
vt 0.500784 0.234568
vt 0.555215 0.254800
vt 0.557219 0.247917
vt 0.141340 0.382316
vt 0.686168 0.860399
vt 0.672752 0.875451
vt 0.796766 0.775417
vt 0.087594 0.807701
vt 0.861921 0.700704
vt 0.846223 0.692669
vt 0.118152 0.402274
vt 0.134305 0.389984
vt 0.437313 0.213055
vt 0.295450 0.083139
vt 0.396956 0.630210
vt 0.353789 0.617037
vt 0.101224 0.697595
vt 0.100867 0.685840
vt 0.845135 0.448718
vt 0.845196 0.459524
vt 0.649264 0.563538
vt 0.701949 0.855944
vt 0.706697 0.853188
vt 0.834237 0.556067
vt 0.315509 0.058685
vt 0.065319 0.652106
vt 0.338934 0.085928
vt 0.316379 0.093783
vt 0.712351 0.732004
vt 0.764215 0.477476
vt 0.742008 0.507547
vt 0.699245 0.584025
vt 0.127854 0.246149
vt 0.172385 0.219808
vt 0.316902 0.074718
vt 0.174999 0.281794
vt 0.370751 0.295498
vt 0.739306 0.503724
vt 0.542796 0.704634
vt 0.754037 0.895208
vt 0.233767 0.432899
vt 0.598395 0.963629
vt 0.305358 0.962670
vt 0.357119 0.592117
vt 0.443111 0.257571
vt 0.423663 0.252432
vt 0.094681 0.358368
vt 0.701973 0.259197
vt 0.861202 0.679693
vt 0.691657 0.252871
vt 0.723224 0.848993
vt 0.729330 0.853618
vt 0.756181 0.842654
vt 0.821758 0.622789
vt 0.580053 0.796641
vt 0.360943 0.298811
vt 0.373783 0.307067
vt 0.830584 0.695098
vt 0.814406 0.697647
vt 0.048559 0.387677
vt 0.289959 0.320907
vt 0.166243 0.344333
vt 0.126592 0.407300
vt 0.135959 0.393780
vt 0.141659 0.398874
vt 0.141395 0.392720
vt 0.145685 0.387408
vt 0.142291 0.405293
vt 0.144589 0.403267
vt 0.144731 0.395144
vt 0.141867 0.387098
vt 0.148264 0.380447
vt 0.267325 0.157653
vt 0.026283 0.772151
vt 0.610206 0.314740
vt 0.611803 0.308679
vt 0.607829 0.304650
vt 0.616558 0.314853
vt 0.613299 0.302378
vt 0.609280 0.297326
vt 0.608404 0.320318
vt 0.606297 0.325173
vt 0.608903 0.333842
vt 0.606221 0.311172
vt 0.604378 0.316490
vt 0.660729 0.894799
vt 0.668789 0.449539
vt 0.175463 0.471265
vt 0.198279 0.446414
vt 0.457685 0.751904
vt 0.136587 0.637040
vt 0.773658 0.383740
vt 0.782263 0.384880
vt 0.782326 0.380259
vt 0.789519 0.381345
vt 0.790000 0.376555
vt 0.773875 0.388413
vt 0.774489 0.379097
vt 0.783408 0.375473
vt 0.775845 0.374470
vt 0.791435 0.371527
vt 0.785000 0.370603
vt 0.763767 0.381889
vt 0.763051 0.386533
vt 0.750328 0.383337
vt 0.764974 0.377495
vt 0.751481 0.379196
vt 0.765873 0.396909
vt 0.763319 0.391675
vt 0.713456 0.885545
vt 0.733747 0.890376
vt 0.751591 0.665235
vt 0.779765 0.625946
vt 0.868755 0.831861
vt 0.778719 0.429755
vt 0.112696 0.398477
vt 0.459783 0.066295
vt 0.460144 0.063608
vt 0.470890 0.064376
vt 0.471688 0.061671
vt 0.469974 0.067076
vt 0.460343 0.060857
vt 0.472248 0.058959
vt 0.611146 0.567452
vt 0.341726 0.313794
vt 0.324538 0.310229
vt 0.327682 0.316870
vt 0.317012 0.081616
vt 0.209618 0.047457
vt 0.268441 0.108940
vt 0.861554 0.690308
vt 0.462077 0.589446
vt 0.552883 0.421980
vt 0.116534 0.127836
vt 0.114962 0.121969
vt 0.284968 0.534077
vt 0.462493 0.024599
vt 0.076649 0.145564
vt 0.822516 0.387149
vt 0.823446 0.392272
vt 0.828388 0.385389
vt 0.817989 0.392935
vt 0.818048 0.399154
vt 0.817089 0.387929
vt 0.812655 0.392797
vt 0.813098 0.398771
vt 0.828987 0.391075
vt 0.834576 0.382995
vt 0.834569 0.389611
vt 0.840922 0.380285
vt 0.822881 0.399097
vt 0.827655 0.398821
vt 0.832145 0.379003
vt 0.838742 0.375474
vt 0.833874 0.373657
vt 0.845643 0.371578
vt 0.826156 0.381795
vt 0.827913 0.377434
vt 0.428409 0.068638
vt 0.825745 0.542734
vt 0.827668 0.550102
vt 0.827840 0.542863
vt 0.789600 0.439963
vt 0.786907 0.436791
vt 0.798050 0.429878
vt 0.795057 0.427043
vt 0.791892 0.443037
vt 0.800673 0.432618
vt 0.783413 0.433421
vt 0.834023 0.716627
vt 0.076289 0.728100
vt 0.054293 0.723720
vt 0.576558 0.594042
vt 0.575782 0.598479
vt 0.076289 0.706486
vt 0.453849 0.625424
vt 0.399981 0.625466
vt 0.270786 0.608798
vt 0.846708 0.484036
vt 0.845872 0.508548
vt 0.812064 0.721265
vt 0.792947 0.413476
vt 0.818674 0.366364
vt 0.054003 0.758594
vt 0.594810 0.337362
vt 0.602754 0.341675
vt 0.594891 0.348739
vt 0.606073 0.337899
vt 0.603782 0.329064
vt 0.602221 0.320202
vt 0.804436 0.533080
vt 0.123725 0.405764
vt 0.655054 0.810688
vt 0.637790 0.835071
vt 0.153281 0.374648
vt 0.623523 0.857221
vt 0.171645 0.721114
vt 0.149781 0.724682
vt 0.140378 0.298788
vt 0.114761 0.307947
vt 0.404729 0.071449
vt 0.686791 0.705739
vt 0.172904 0.277377
vt 0.488021 0.891165
vt 0.548795 0.873244
vt 0.834851 0.795888
vt 0.324010 0.221741
vt 0.322580 0.218830
vt 0.429762 0.073933
vt 0.551699 0.085250
vt 0.587213 0.853141
vt 0.265355 0.224832
vt 0.362294 0.080442
vt 0.847662 0.364223
vt 0.749470 0.393375
vt 0.850061 0.197560
vt 0.657914 0.615437
vt 0.613683 0.607954
vt 0.777539 0.900020
vt 0.787199 0.878984
vt 0.177460 0.120149
vt 0.455188 0.621480
vt 0.032297 0.719341
vt 0.165043 0.341406
vt 0.156480 0.346071
vt 0.147509 0.345207
vt 0.726366 0.851351
vt 0.545911 0.348034
vt 0.825651 0.536725
vt 0.372179 0.255283
vt 0.373993 0.263363
vt 0.361798 0.260218
vt 0.382711 0.251987
vt 0.370336 0.247073
vt 0.359804 0.252218
vt 0.394539 0.257753
vt 0.393248 0.250202
vt 0.381106 0.243959
vt 0.391940 0.242586
vt 0.830884 0.806203
vt 0.826252 0.815487
vt 0.760723 0.535897
vt 0.279008 0.582343
vt 0.527655 0.296400
vt 0.535582 0.312810
vt 0.798017 0.851746
vt 0.314439 0.049956
vt 0.336723 0.041711
vt 0.764322 0.349269
vt 0.270573 0.249354
vt 0.442444 0.275130
vt 0.082004 0.377784
vt 0.641811 0.217729
vt 0.488303 0.842202
vt 0.054337 0.396636
vt 0.307392 0.489887
vt 0.340769 0.470764
vt 0.823970 0.451252
vt 0.819960 0.450773
vt 0.817388 0.460234
vt 0.815183 0.442431
vt 0.815782 0.450523
vt 0.146829 0.637134
vt 0.169847 0.353176
vt 0.279915 0.790078
vt 0.124852 0.638939
vt 0.649761 0.928073
vt 0.282149 0.808021
vt 0.302463 0.825410
vt 0.829833 0.550103
vt 0.827470 0.556169
vt 0.829731 0.556131
vt 0.827174 0.564926
vt 0.825207 0.556209
vt 0.824763 0.564954
vt 0.047375 0.312416
vt 0.065561 0.271812
vt 0.805348 0.686992
vt 0.806183 0.698951
vt 0.796914 0.688140
vt 0.797921 0.700265
vt 0.806270 0.674806
vt 0.798045 0.675729
vt 0.808510 0.710453
vt 0.804706 0.722820
vt 0.074011 0.275847
vt 0.797081 0.382560
vt 0.242003 0.950714
vt 0.815383 0.371339
vt 0.044770 0.147381
vt 0.404622 0.256897
vt 0.682305 0.246530
vt 0.673280 0.240009
vt 0.548042 0.856059
vt 0.587230 0.835573
vt 0.547901 0.839022
vt 0.276703 0.168698
vt 0.280515 0.495794
vt 0.726903 0.242873
vt 0.228529 0.570052
vt 0.044046 0.403534
vt 0.860344 0.669178
vt 0.134866 0.365550
vt 0.423454 0.235554
vt 0.668212 0.224216
vt 0.090465 0.693212
vt 0.089988 0.684744
vt 0.213056 0.701616
vt 0.329700 0.283448
vt 0.316406 0.292184
vt 0.341241 0.274845
vt 0.327863 0.278519
vt 0.351713 0.266920
vt 0.339276 0.268706
vt 0.349687 0.259684
vt 0.762091 0.851454
vt 0.774066 0.851551
vt 0.443397 0.251703
vt 0.803419 0.409966
vt 0.801836 0.418942
vt 0.807654 0.411951
vt 0.797865 0.416373
vt 0.791324 0.424017
vt 0.805175 0.421292
vt 0.811404 0.413662
vt 0.808199 0.423533
vt 0.814911 0.415235
vt 0.812921 0.405534
vt 0.817163 0.406445
vt 0.821249 0.407180
vt 0.808369 0.404273
vt 0.803352 0.402487
vt 0.805053 0.370081
vt 0.809814 0.372737
vt 0.812118 0.367728
vt 0.803517 0.375176
vt 0.809004 0.376820
vt 0.807431 0.364496
vt 0.815159 0.361981
vt 0.810228 0.358666
vt 0.818570 0.355865
vt 0.799482 0.367773
vt 0.797628 0.373093
vt 0.801788 0.362286
vt 0.793346 0.366380
vt 0.796678 0.378078
vt 0.214989 0.714352
vt 0.211432 0.645836
vt 0.230666 0.616003
vt 0.858462 0.659087
vt 0.083279 0.331334
vt 0.072932 0.335041
vt 0.080800 0.324760
vt 0.070084 0.327898
vt 0.062902 0.338829
vt 0.059711 0.331247
vt 0.786042 0.851649
vt 0.653669 0.225773
vt 0.133503 0.689130
vt 0.111984 0.701978
vt 0.133503 0.710744
vt 0.817802 0.636949
vt 0.813341 0.650117
vt 0.812529 0.636943
vt 0.806904 0.650403
vt 0.817548 0.622590
vt 0.809216 0.662625
vt 0.801726 0.663241
vt 0.779765 0.611385
vt 0.809993 0.851844
vt 0.705890 0.913470
vt 0.822879 0.777758
vt 0.827145 0.785754
vt 0.830961 0.782237
vt 0.819668 0.781690
vt 0.833828 0.789323
vt 0.838325 0.786315
vt 0.834280 0.779132
vt 0.842500 0.783726
vt 0.837349 0.776234
vt 0.846513 0.781346
vt 0.825460 0.774239
vt 0.827725 0.770925
vt 0.839788 0.825683
vt 0.844187 0.820693
vt 0.836134 0.820808
vt 0.848543 0.824915
vt 0.830545 0.825809
vt 0.827450 0.820560
vt 0.834905 0.831175
vt 0.844607 0.830794
vt 0.839898 0.836600
vt 0.850010 0.836023
vt 0.829767 0.836184
vt 0.853896 0.829572
vt 0.859747 0.834445
vt 0.592783 0.170855
vt 0.402109 0.470841
vt 0.346282 0.482586
vt 0.276727 0.261984
vt 0.229580 0.783962
vt 0.695954 0.203701
vt 0.708744 0.206944
vt 0.700307 0.198011
vt 0.713960 0.200632
vt 0.682342 0.200416
vt 0.685681 0.195436
vt 0.833493 0.757601
vt 0.788357 0.906319
vt 0.127800 0.761892
vt 0.131782 0.639413
vt 0.129992 0.644067
vt 0.714893 0.852898
vt 0.717943 0.855078
vt 0.720897 0.857196
vt 0.711646 0.850593
vt 0.827689 0.532593
vt 0.827797 0.536918
vt 0.825457 0.532387
vt 0.142931 0.642667
vt 0.690666 0.856336
vt 0.123751 0.740887
vt 0.292569 0.325879
vt 0.599248 0.926832
vt 0.663947 0.233145
vt 0.822986 0.591528
vt 0.567412 0.812874
vt 0.558331 0.456731
vt 0.495523 0.521799
vt 0.854753 0.392281
vt 0.149514 0.641373
vt 0.148278 0.644301
vt 0.151980 0.646329
vt 0.089511 0.676276
vt 0.001144 0.121316
vt 0.260554 0.630055
vt 0.596047 0.908019
vt 0.755722 0.246350
vt 0.809993 0.918918
vt 0.853121 0.637397
vt 0.471552 0.050746
vt 0.723839 0.638574
vt 0.832990 0.415716
vt 0.369973 0.846953
vt 0.512706 0.010053
vt 0.804436 0.600154
vt 0.862526 0.423863
vt 0.676314 0.956779
vt 0.775561 0.347337
vt 0.698324 0.941395
vt 0.238717 0.701056
vt 0.874306 0.743496
vt 0.135396 0.411371
vt 0.021573 0.392019
vt 0.233874 0.127743
vt 0.013231 0.641587
vt 0.049694 0.335856
vt 0.003193 0.789015
vt 0.610653 0.289600
vt 0.779765 0.669628
vt 0.459341 0.068949
vt 0.825502 0.550104
vt 0.076289 0.684872
vt 0.137930 0.293862
vt 0.155262 0.343133
vt 0.746151 0.536836
vt 0.313262 0.041024
vt 0.283887 0.828063
vt 0.800655 0.711894
vt 0.557231 0.438905
vt 0.211116 0.688510
vn -0.3299 0.2722 0.9039
vn 0.0114 0.7108 0.7033
vn -0.1644 0.7210 0.6732
vn -0.9940 -0.1016 0.0413
vn -0.8296 0.5027 -0.2432
vn -0.9806 0.1840 -0.0676
vn -0.2293 0.9725 -0.0408
vn 0.1114 0.9361 -0.3337
vn -0.0260 0.9992 -0.0298
vn 0.9876 0.1391 -0.0723
vn 0.9133 0.4071 0.0132
vn 0.9502 0.3106 -0.0239
vn -0.9620 -0.0933 0.2565
vn -0.9678 0.1044 0.2289
vn -0.9694 0.0571 0.2388
vn -0.9048 0.4208 -0.0654
vn -0.8458 0.5335 0.0086
vn -0.8689 0.4946 0.0210
vn -0.5206 0.1433 -0.8417
vn -0.0358 -0.0870 -0.9956
vn -0.3985 -0.0427 -0.9162
vn 0.0154 -0.5870 -0.8095
vn 0.1652 -0.7650 -0.6225
vn 0.2765 -0.5542 -0.7851
vn 0.8896 -0.1437 0.4335
vn 0.6834 -0.0484 0.7285
vn 0.8760 -0.0786 0.4759
vn 0.6102 0.4373 -0.6606
vn 0.0742 0.0310 -0.9968
vn 0.1880 0.5621 -0.8054
vn -0.8562 -0.1895 0.4807
vn -0.8802 0.2078 0.4267
vn -0.9018 -0.0384 0.4305
vn 0.9718 -0.1558 0.1772
vn 0.9159 -0.1903 0.3535
vn 0.9614 -0.1703 0.2161
vn 0.1511 -0.3052 -0.9402
vn 0.3752 -0.4009 -0.8358
vn 0.1667 -0.3674 -0.9150
vn -0.9224 -0.1945 -0.3336
vn -0.9669 -0.1167 -0.2268
vn -0.9302 -0.2588 -0.2604
vn 0.0323 -0.9859 -0.1643
vn -0.1787 -0.8606 -0.4770
vn -0.3564 -0.8803 -0.3132
vn -0.0776 0.4930 -0.8665
vn -0.4203 0.4891 -0.7643
vn -0.4257 0.7114 -0.5592
vn -0.9860 -0.1454 -0.0820
vn -0.9336 -0.2444 -0.2620
vn -0.9853 -0.1432 -0.0936
vn 0.8543 -0.1926 0.4828
vn 0.7155 -0.2119 0.6657
vn 0.8495 -0.2032 0.4868
vn -0.6796 -0.4441 -0.5839
vn -0.6494 -0.3236 -0.6882
vn -0.7541 -0.3023 -0.5830
vn 0.1535 -0.8770 -0.4552
vn -0.3240 -0.8923 -0.3142
vn 0.0905 -0.8499 -0.5192
vn 0.0193 0.9180 0.3962
vn 0.1441 0.9896 0.0035
vn -0.0126 0.9257 0.3779
vn -0.8958 -0.1184 0.4285
vn -0.8977 0.0467 0.4381
vn -0.9052 -0.0614 0.4206
vn -0.4777 -0.6132 -0.6291
vn -0.3167 -0.8091 -0.4951
vn -0.3080 -0.7836 -0.5396
vn -0.6799 0.7313 -0.0538
vn -0.8146 0.5390 -0.2141
vn -0.6820 0.7263 -0.0865
vn 0.4451 0.7722 0.4535
vn 0.7346 0.5362 0.4158
vn 0.5566 0.7354 0.3865
vn -0.9614 0.2752 0.0009
vn -0.9081 0.4163 0.0464
vn -0.9148 0.4036 -0.0173
vn -0.0920 0.9956 0.0188
vn 0.4434 0.8770 -0.1850
vn 0.4228 0.9051 0.0455
vn 0.2936 0.8954 0.3348
vn 0.5400 0.7452 0.3914
vn 0.3476 0.8808 0.3215
vn 0.9974 0.0575 -0.0426
vn 0.9781 -0.1477 0.1466
vn 0.1802 0.7224 0.6676
vn 0.3822 0.5747 0.7236
vn 0.2161 0.5834 0.7829
vn -0.9793 0.1544 0.1311
vn -0.9793 0.2023 -0.0115
vn -0.9784 0.2054 -0.0227
vn -0.7821 -0.3977 -0.4798
vn -0.8589 -0.4200 -0.2931
vn -0.8754 -0.2737 -0.3984
vn -0.7568 0.5888 -0.2839
vn -0.6559 0.7539 0.0388
vn -0.7073 0.7044 0.0590
vn 0.2625 -0.3026 -0.9163
vn 0.5057 -0.3587 -0.7846
vn 0.5446 -0.2778 -0.7913
vn -0.4633 -0.0684 0.8836
vn 0.0017 -0.0606 0.9982
vn -0.4407 -0.1110 0.8907
vn 0.0751 0.5646 0.8219
vn -0.2787 0.5771 0.7677
vn 0.0159 0.7064 0.7077
vn 0.4312 -0.8694 -0.2414
vn 0.6372 -0.7646 -0.0964
vn 0.5956 -0.7927 -0.1303
vn 0.1358 0.5008 -0.8549
vn -0.1867 0.4431 -0.8768
vn -0.2235 0.6114 -0.7591
vn 0.0257 0.6048 -0.7959
vn 0.2716 0.1320 -0.9533
vn 0.0919 0.1064 -0.9901
vn 0.0379 0.9782 -0.2042
vn -0.2933 0.4802 -0.8267
vn -0.2030 0.9429 -0.2641
vn -0.8816 -0.2457 -0.4029
vn -0.9394 -0.2691 0.2126
vn -0.9808 -0.1536 0.1205
vn -0.9653 0.0587 0.2546
vn -0.9695 0.0167 0.2444
vn -0.6450 -0.6630 -0.3800
vn -0.4046 -0.8610 -0.3081
vn 0.7630 0.0191 -0.6461
vn 0.7197 0.5679 -0.3994
vn 0.8284 0.3290 -0.4533
vn 0.8391 0.1943 0.5081
vn 0.9729 -0.1987 0.1186
vn 0.9987 -0.0283 0.0429
vn 0.8037 -0.1867 -0.5650
vn 0.3558 -0.7789 -0.5164
vn 0.3171 -0.2814 -0.9057
vn 0.8247 -0.1706 -0.5392
vn 0.8249 -0.1122 -0.5540
vn 0.7969 -0.2348 -0.5567
vn -0.8326 -0.0908 -0.5463
vn -0.9002 0.0191 -0.4350
vn -0.8928 -0.0747 -0.4442
vn 0.8506 0.0888 -0.5183
vn 0.8432 -0.0530 -0.5350
vn 0.9215 -0.0134 -0.3882
vn 0.9555 0.2909 -0.0483
vn 0.9307 0.3547 -0.0896
vn 0.9556 0.2874 -0.0647
vn 0.9926 -0.1044 -0.0621
vn 0.9856 -0.0425 0.1638
vn 0.9986 -0.0487 -0.0194
vn -0.8479 0.5224 -0.0907
vn -0.8567 0.4898 -0.1617
vn -0.8472 0.5015 -0.1751
vn -0.9664 0.2485 -0.0658
vn -0.9455 0.3246 -0.0266
vn -0.9580 0.2862 0.0184
vn -0.8986 -0.2807 0.3371
vn -0.8954 -0.1586 0.4160
vn -0.8892 -0.2931 0.3512
vn -0.9924 -0.0872 -0.0863
vn -0.9678 -0.0246 0.2507
vn -0.9832 -0.1457 -0.1099
vn -0.9731 -0.1503 0.1746
vn -0.9993 0.0217 0.0293
vn -0.9944 -0.0620 0.0854
vn -0.8239 0.1681 0.5412
vn -0.5683 -0.0208 0.8226
vn -0.8429 0.0737 0.5331
vn 0.4081 -0.1875 0.8935
vn -0.1150 -0.0561 0.9918
vn 0.3438 -0.1494 0.9271
vn -0.9039 0.1369 -0.4052
vn -0.9180 0.3290 -0.2217
vn -0.9529 0.1771 -0.2460
vn -0.7273 0.0301 -0.6857
vn -0.4280 -0.0384 -0.9030
vn -0.4326 0.0735 -0.8986
vn 0.9716 -0.0217 -0.2355
vn 0.8955 -0.0964 -0.4345
vn 0.9248 -0.1166 -0.3622
vn -0.9333 -0.2426 -0.2646
vn -0.9943 -0.0661 -0.0838
vn -0.9499 -0.1642 -0.2660
vn 0.9525 0.3042 -0.0162
vn 0.8799 0.2702 -0.3910
vn 0.9004 0.4343 -0.0252
vn -0.8682 -0.0172 -0.4959
vn -0.8464 -0.0267 -0.5319
vn -0.8306 -0.0484 -0.5548
vn -0.8722 -0.1209 0.4740
vn -0.9014 -0.2453 0.3567
vn -0.8804 -0.2144 0.4230
vn 0.9194 0.0076 0.3933
vn 0.9028 -0.0267 0.4293
vn 0.9218 0.0329 0.3864
vn -0.8642 0.5015 0.0408
vn -0.9704 0.2396 -0.0296
vn -0.9266 0.3759 -0.0077
vn -0.8818 0.3972 -0.2543
vn -0.9339 0.2998 -0.1947
vn -0.9148 0.3208 -0.2454
vn 0.9940 0.0516 0.0963
vn 0.9760 -0.1414 0.1653
vn 0.9817 -0.1085 0.1564
vn -0.9862 -0.0836 0.1432
vn -0.9850 0.0283 0.1701
vn -0.9800 -0.0539 0.1914
vn -0.2005 -0.2999 -0.9327
vn 0.0807 -0.3651 -0.9274
vn 0.1189 -0.3058 -0.9446
vn -0.1260 0.7771 0.6166
vn -0.1588 0.9162 0.3678
vn 0.1233 0.9004 0.4171
vn 0.9286 0.1622 -0.3338
vn 0.9690 -0.1488 0.1972
vn 0.9734 -0.1116 0.2001
vn -0.0035 -0.1897 0.9818
vn 0.4327 -0.1111 0.8947
vn 0.4051 -0.2577 0.8772
vn -0.9702 -0.1545 0.1867
vn -0.9549 -0.1376 0.2630
vn -0.9557 -0.1757 0.2360
vn -0.4818 -0.1403 0.8650
vn -0.7248 -0.1162 0.6790
vn -0.7423 -0.0895 0.6640
vn 0.9046 -0.0300 -0.4253
vn 0.9514 -0.0515 -0.3036
vn 0.8847 -0.0271 -0.4654
vn -0.5331 0.8025 0.2680
vn -0.5685 0.8218 -0.0376
vn -0.9406 -0.1995 -0.2748
vn -0.9884 -0.0889 -0.1233
vn -0.7319 0.2672 -0.6268
vn -0.4302 0.2104 -0.8779
vn -0.4150 0.3660 -0.8330
vn -0.8932 -0.1330 0.4296
vn -0.9009 -0.1799 0.3950
vn -0.8979 -0.1616 0.4095
vn -0.8331 0.5531 0.0033
vn -0.8318 0.5445 -0.1079
vn -0.8101 0.5863 -0.0018
vn 0.9857 0.0436 0.1628
vn 0.9813 -0.0744 0.1776
vn 0.9537 0.3007 0.0090
vn 0.9455 0.2981 0.1309
vn 0.9283 0.3700 -0.0368
vn 0.8977 -0.0948 0.4303
vn 0.8999 -0.0445 0.4339
vn 0.7371 -0.1224 0.6646
vn 0.4897 -0.1352 0.8613
vn 0.7520 -0.0918 0.6528
vn -0.3200 -0.3465 -0.8818
vn -0.1691 -0.2300 -0.9584
vn -0.3575 -0.2277 -0.9057
vn 0.5623 0.0705 0.8239
vn 0.8523 -0.1841 0.4895
vn 0.8369 -0.0899 0.5399
vn -0.9553 0.0049 -0.2956
vn -0.9720 0.0595 -0.2274
vn -0.4435 0.4407 0.7804
vn -0.2203 0.5917 0.7755
vn -0.2624 0.4493 0.8540
vn 0.3564 0.7502 0.5570
vn 0.6649 0.6946 0.2747
vn 0.3587 0.8587 0.3660
vn 0.9798 0.1790 -0.0896
vn 0.9593 0.2650 -0.0974
vn 0.9716 0.1896 -0.1418
vn 0.3452 0.9090 0.2335
vn 0.2248 0.8699 0.4391
vn -0.8665 -0.3449 -0.3609
vn 0.5000 0.2379 0.8327
vn 0.2935 0.6030 0.7418
vn 0.5143 0.5057 0.6927
vn 0.9163 0.3642 -0.1669
vn 0.8236 0.5448 -0.1581
vn 0.8714 0.4344 -0.2282
vn -0.0257 -0.7966 -0.6039
vn 0.8440 -0.4611 0.2740
vn 0.7713 -0.6347 0.0467
vn 0.8730 -0.4348 0.2210
vn 0.1023 0.4835 0.8694
vn -0.1860 0.4530 0.8719
vn 0.9785 0.0314 -0.2040
vn 0.9806 0.0947 -0.1717
vn 0.9739 0.0437 -0.2228
vn 0.9613 0.2365 0.1412
vn -0.8144 -0.1362 -0.5641
vn -0.8201 -0.0662 -0.5684
vn -0.8355 -0.0544 -0.5468
vn -0.0940 0.1228 -0.9880
vn -0.6351 0.4921 -0.5954
vn -0.2152 0.6124 -0.7607
vn -0.7592 0.6227 -0.1894
vn -0.5955 0.7945 -0.1187
vn -0.7145 0.6973 -0.0572
vn -0.3183 0.9381 0.1367
vn -0.4823 0.8550 -0.1906
vn -0.2147 0.9707 0.1078
vn 0.2109 -0.3455 -0.9144
vn -0.0238 -0.3586 -0.9332
vn 0.2329 -0.3397 -0.9112
vn 0.5475 -0.1076 -0.8299
vn 0.8811 -0.1939 -0.4314
vn 0.9111 -0.0736 -0.4055
vn -0.0137 0.2296 -0.9732
vn -0.3764 0.7508 0.5428
vn -0.9137 0.2311 0.3342
vn -0.9575 0.2885 0.0033
vn -0.9661 0.2322 0.1131
vn -0.0010 0.6244 -0.7811
vn 0.3410 0.6784 -0.6508
vn 0.0003 0.7199 -0.6940
vn -0.8165 0.4666 -0.3400
vn -0.8742 0.3595 -0.3264
vn 0.1787 0.9097 0.3748
vn -0.9665 0.2438 0.0805
vn -0.9788 0.2048 -0.0036
vn -0.9683 0.2494 -0.0117
vn -0.8968 -0.0356 -0.4410
vn -0.6976 -0.1601 0.6984
vn -0.8630 0.0098 0.5051
vn -0.1004 -0.0133 -0.9949
vn -0.1648 -0.0008 -0.9863
vn 0.2065 -0.9765 -0.0616
vn 0.2437 -0.9293 -0.2775
vn 0.4156 0.1696 0.8936
vn -0.0971 -0.1154 0.9886
vn 0.4501 -0.0158 0.8928
vn 0.5508 0.5599 -0.6190
vn 0.2393 0.7475 -0.6196
vn 0.3066 0.5749 -0.7586
vn 0.7902 0.5589 0.2513
vn 0.5369 0.8292 0.1557
vn 0.7146 0.6907 0.1106
vn -0.9738 -0.0448 0.2232
vn -0.9636 -0.0255 0.2662
vn -0.9707 -0.1024 0.2174
vn -0.9393 0.2217 0.2619
vn -0.9796 0.1838 0.0810
vn -0.6632 -0.0953 0.7424
vn -0.8939 -0.1608 0.4184
vn -0.8775 -0.1060 0.4677
vn -0.2183 -0.3692 -0.9033
vn -0.0709 -0.3558 -0.9319
vn -0.2387 -0.3871 -0.8906
vn -0.8719 -0.4285 0.2370
vn -0.0440 0.9800 0.1940
vn 0.0892 -0.0513 -0.9947
vn -0.1266 -0.0516 -0.9906
vn 0.4609 -0.0722 0.8845
vn 0.0026 -0.0540 0.9985
vn -0.3264 0.6127 0.7198
vn -0.0459 0.7054 0.7073
vn -0.0234 0.4832 0.8752
vn -0.0382 0.6804 -0.7319
vn -0.0834 0.8650 -0.4947
vn -0.2585 0.6829 -0.6832
vn -0.2069 -0.9772 -0.0483
vn -0.1732 -0.9476 -0.2683
vn -0.3645 -0.9191 -0.1498
vn -0.9718 0.0414 0.2321
vn -0.9583 0.0489 0.2814
vn -0.7910 -0.2077 -0.5755
vn -0.8364 -0.0876 -0.5410
vn 0.9991 0.0093 -0.0419
vn 0.9868 0.0410 0.1565
vn 0.9925 -0.0507 -0.1110
vn 0.2943 -0.8262 -0.4804
vn -0.2191 -0.9295 -0.2966
vn 0.8999 -0.0468 0.4335
vn 0.0252 -0.8029 -0.5956
vn -0.0060 -0.9370 -0.3494
vn 0.0303 -0.9582 -0.2845
vn -0.7268 0.6803 -0.0951
vn -0.2792 0.5295 0.8011
vn -0.3464 0.7829 0.5168
vn 0.1624 -0.1545 -0.9746
vn 0.3007 0.9420 0.1492
vn -0.3673 0.8638 0.3449
vn -0.3043 0.8956 0.3245
vn -0.9747 -0.1165 0.1906
vn 0.7160 0.4556 0.5290
vn 0.3411 0.7422 0.5769
vn 0.6056 0.3137 0.7313
vn 0.0238 -0.9162 0.3999
vn 0.4142 -0.6967 0.5857
vn 0.0187 -0.7555 0.6549
vn -0.3411 0.6838 -0.6451
vn -0.3593 0.5886 -0.7242
vn -0.8929 0.2948 -0.3402
vn -0.7190 0.3679 -0.5897
vn -0.6979 0.4586 -0.5501
vn -0.4962 -0.0714 0.8653
vn -0.8053 0.0280 0.5922
vn -0.4219 0.8598 0.2876
vn -0.8077 0.5450 -0.2249
vn -0.7267 0.6689 0.1566
vn -0.9957 -0.0854 -0.0371
vn -0.9711 0.0147 0.2382
vn -0.9190 -0.2857 0.2718
vn -0.9208 -0.3448 -0.1823
vn -0.9224 -0.2430 0.3003
vn 0.6840 -0.2232 -0.6945
vn 0.4116 -0.0583 -0.9095
vn 0.3986 -0.1619 -0.9027
vn 0.9446 -0.0238 -0.3274
vn 0.9691 0.1648 -0.1838
vn 0.9829 0.0611 -0.1735
vn -0.9590 -0.0459 0.2797
vn -0.9647 -0.0254 0.2621
vn -0.9627 -0.0345 0.2683
vn -0.1380 -0.8496 -0.5091
vn 0.3515 -0.8812 -0.3161
vn 0.2365 -0.9094 -0.3421
vn 0.4461 0.8455 0.2934
vn 0.6951 0.5970 0.4006
vn 0.3831 0.8000 0.4617
vn 0.8340 0.2962 -0.4655
vn 0.2486 0.4517 -0.8569
vn 0.7356 0.2590 -0.6259
vn -0.8367 0.4231 -0.3477
vn -0.8357 0.0985 0.5403
vn -0.6710 0.6898 0.2720
vn 0.1969 0.7560 0.6242
vn -0.6409 0.3057 0.7042
vn -0.8080 0.2571 0.5302
vn -0.6213 0.5266 0.5803
vn -0.0157 -0.0225 -0.9996
vn 0.9753 -0.0044 0.2207
vn 0.9875 -0.0488 0.1497
vn 0.9799 -0.0972 0.1744
vn -0.9249 0.3266 -0.1948
vn -0.6854 0.7218 -0.0958
vn -0.8495 0.5049 -0.1533
vn -0.9187 0.3450 -0.1921
vn -0.9454 0.2843 -0.1593
vn -0.8517 -0.4270 0.3037
vn -0.0172 0.0873 -0.9960
vn 0.2049 0.5093 0.8359
vn 0.0097 0.9968 -0.0797
vn 0.8649 -0.1195 0.4876
vn 0.8958 -0.1769 0.4078
vn 0.8916 -0.1460 0.4286
vn 0.9744 -0.0645 0.2154
vn 0.9749 -0.0224 0.2217
vn 0.9743 0.0396 0.2217
vn -0.8951 -0.0802 0.4385
vn -0.9015 -0.1246 0.4144
vn -0.6926 -0.3760 -0.6156
vn -0.7668 -0.2597 -0.5869
vn -0.5515 -0.6136 -0.5651
vn -0.4855 -0.6352 -0.6007
vn -0.0637 -0.8457 -0.5298
vn 0.7301 0.4566 -0.5084
vn 0.4173 0.8885 -0.1910
vn 0.7435 0.6510 -0.1529
vn 0.9847 0.1676 -0.0480
vn 0.8491 0.2292 0.4758
vn 0.8795 0.4735 -0.0482
vn 0.8917 0.4367 -0.1188
vn 0.9029 -0.1051 0.4168
vn 0.8916 -0.1393 0.4308
vn 0.3341 0.1215 0.9347
vn -0.1027 0.3210 0.9415
vn 0.2091 0.2914 0.9335
vn 0.6273 -0.0328 0.7781
vn 0.5236 0.2170 0.8239
vn 0.2715 0.6063 -0.7474
vn 0.1139 0.0584 0.9918
vn -0.5668 0.4375 0.6981
vn -0.4170 0.1775 0.8914
vn 0.9864 0.1460 -0.0755
vn 0.9760 0.2101 -0.0576
vn 0.5078 0.8605 -0.0403
vn 0.3529 0.8885 -0.2933
vn 0.5656 0.7856 -0.2509
vn -0.9627 0.2531 -0.0959
vn -0.9613 0.2534 -0.1077
vn 0.2350 -0.3681 -0.8996
vn 0.4658 -0.4033 -0.7877
vn -0.1456 -0.1580 -0.9766
vn -0.5631 0.0084 -0.8263
vn -0.5126 -0.1395 -0.8472
vn 0.0366 -0.1621 0.9861
vn 0.5295 -0.1614 0.8328
vn 0.0917 -0.1065 0.9901
vn 0.5262 -0.0626 0.8481
vn 0.5057 -0.1989 0.8395
vn 0.7736 -0.1858 0.6059
vn 0.7483 -0.1535 0.6454
vn 0.1450 0.5659 0.8117
vn -0.1099 0.4133 0.9039
vn 0.1207 0.4960 0.8599
vn -0.1950 0.6205 0.7596
vn 0.0539 0.4156 0.9079
vn 0.0141 0.5701 0.8214
vn -0.9657 0.1982 -0.1678
vn -0.7261 -0.1126 -0.6783
vn -0.8410 0.0219 -0.5407
vn 0.9795 -0.0539 0.1941
vn 0.9824 -0.0107 0.1866
vn 0.1182 -0.8776 -0.4646
vn 0.0359 -0.9299 -0.3661
vn 0.1736 0.6527 0.7375
vn 0.5412 0.7756 -0.3249
vn 0.5177 0.7309 -0.4447
vn 0.5870 0.7057 -0.3968
vn -0.7545 -0.2791 0.5940
vn -0.3944 -0.6831 0.6147
vn -0.4587 -0.4527 0.7646
vn -0.8654 0.4942 -0.0825
vn 0.0233 -0.2905 -0.9566
vn 0.4785 0.7014 0.5284
vn 0.6873 0.5784 0.4394
vn 0.6581 0.5229 0.5418
vn 0.8618 -0.4599 0.2138
vn 0.9370 0.3029 -0.1742
vn 0.8674 0.3547 -0.3490
vn 0.0952 0.9727 0.2116
vn -0.3050 0.7618 0.5716
vn -0.7280 0.1578 -0.6671
vn -0.7234 -0.1535 -0.6731
vn -0.7167 -0.0729 -0.6935
vn 0.6728 0.7013 -0.2355
vn 0.6439 0.6910 -0.3284
vn 0.6835 0.6988 -0.2109
vn 0.8690 0.2157 -0.4452
vn 0.9473 0.0478 -0.3167
vn 0.8713 0.2857 -0.3989
vn 0.8523 -0.0274 -0.5223
vn 0.8542 -0.0708 -0.5151
vn 0.1911 0.7022 0.6858
vn 0.3268 0.2511 0.9111
vn 0.9049 -0.0701 0.4199
vn 0.8947 -0.1273 0.4281
vn 0.0665 0.9057 0.4188
vn -0.2484 -0.2427 -0.9378
vn -0.4784 -0.6384 -0.6029
vn -0.4817 -0.1796 -0.8577
vn 0.4181 -0.8949 -0.1558
vn -0.0013 -0.9494 -0.3141
vn 0.1768 -0.9404 -0.2907
vn 0.0310 -0.9964 -0.0791
vn -0.1523 -0.9858 0.0705
vn -0.0401 -0.9844 -0.1711
vn -0.0458 0.0472 0.9978
vn 0.0619 0.3578 0.9317
vn 0.3047 0.1966 0.9319
vn -0.0825 0.4412 -0.8936
vn -0.0787 0.4988 -0.8631
vn 0.2909 -0.0927 -0.9522
vn 0.5465 0.1648 -0.8211
vn 0.5856 -0.0530 -0.8089
vn 0.8137 0.2330 -0.5326
vn 0.8704 0.0294 -0.4914
vn 0.5041 0.5397 -0.6742
vn 0.6241 -0.1966 -0.7562
vn 0.3195 -0.2259 -0.9202
vn 0.6566 -0.3204 -0.6828
vn 0.3505 -0.3257 -0.8781
vn 0.8989 -0.1216 -0.4210
vn 0.9054 -0.2681 -0.3292
vn 0.9620 0.2583 -0.0888
vn 0.9989 -0.0164 0.0442
vn 0.7555 -0.2034 0.6228
vn -0.1650 0.4021 0.9006
vn 0.1151 0.3181 0.9411
vn 0.0815 0.3066 0.9483
vn -0.0548 -0.3053 -0.9507
vn -0.1929 -0.2945 -0.9360
vn -0.0521 -0.2821 -0.9580
vn 0.8445 -0.2829 -0.4548
vn 0.9806 -0.1788 -0.0801
vn 0.7978 -0.3615 -0.4825
vn 0.9532 -0.2841 -0.1030
vn -0.9710 -0.0736 0.2274
vn -0.5417 -0.2640 -0.7981
vn -0.7492 -0.2157 -0.6262
vn 0.9126 -0.0207 -0.4083
vn 0.8590 0.1601 -0.4863
vn 0.8836 -0.0099 -0.4681
vn 0.6774 0.7342 -0.0449
vn 0.7164 0.6671 -0.2043
vn 0.9636 0.0297 -0.2657
vn -0.9180 -0.1879 0.3493
vn -0.7297 -0.1985 0.6543
vn -0.7652 -0.2036 0.6107
vn -0.9459 0.3078 -0.1026
vn -0.9653 0.2549 -0.0567
vn 0.9505 0.2462 -0.1896
vn -0.2026 -0.3347 -0.9203
vn -0.0607 -0.3314 -0.9415
vn 0.9547 -0.1692 0.2449
vn -0.7267 0.4589 0.5112
vn -0.4968 0.8030 0.3292
vn -0.5731 0.7023 0.4222
vn -0.7644 0.5724 -0.2967
vn -0.8385 0.4881 -0.2422
vn -0.3126 0.7860 0.5335
vn -0.9755 0.2198 -0.0082
vn -0.9604 0.2568 -0.1082
vn -0.9955 0.0026 0.0949
vn -0.9965 0.0335 0.0772
vn -0.3149 0.9023 0.2944
vn -0.4428 0.8966 -0.0076
vn 0.6915 -0.7189 0.0712
vn 0.7705 -0.6352 0.0536
vn -0.9512 0.1392 -0.2754
vn -0.2348 0.9588 0.1600
vn -0.5827 -0.4580 -0.6713
vn 0.0029 -0.3185 -0.9479
vn 0.0082 -0.2952 -0.9554
vn -0.6140 0.6914 -0.3809
vn -0.6726 0.5539 -0.4906
vn -0.8695 0.4008 -0.2887
vn -0.6905 0.7191 -0.0780
vn 0.9872 0.1101 -0.1150
vn 0.9514 -0.0261 -0.3068
vn -0.2551 -0.5983 -0.7596
vn -0.1336 -0.7957 -0.5907
vn 0.9760 0.0652 0.2077
vn 0.9843 -0.0138 0.1758
vn -0.9582 -0.2525 -0.1348
vn -0.2363 0.9261 -0.2941
vn 0.0107 0.9999 -0.0004
vn -0.0952 0.9940 0.0540
vn -0.5563 0.0733 0.8277
vn -0.0905 -0.1248 0.9880
vn 0.6801 0.7279 -0.0875
vn 0.2937 0.9431 -0.1561
vn 0.9758 0.2118 -0.0550
vn 0.9692 0.2449 -0.0249
vn 0.9662 0.2490 -0.0661
vn -0.6751 0.0610 0.7352
vn 0.8251 -0.4911 0.2793
vn 0.7013 -0.7076 0.0864
vn 0.6161 -0.7715 0.1588
vn -0.0862 -0.3744 -0.9233
vn -0.2623 -0.3974 -0.8793
vn -0.9036 -0.0979 0.4169
vn 0.9762 -0.0338 -0.2142
vn 0.9622 -0.0017 -0.2722
vn 0.9749 0.0325 -0.2201
vn -0.7011 0.7125 0.0267
vn -0.7656 0.4913 -0.4153
vn -0.8391 0.3405 -0.4241
vn -0.9067 -0.0683 -0.4161
vn -0.7517 -0.2435 -0.6129
vn -0.8514 -0.1328 -0.5075
vn -0.5257 0.8273 0.1979
vn 0.0077 -0.3458 0.9383
vn 0.4973 -0.2685 0.8250
vn -0.8007 -0.1959 -0.5661
vn -0.9158 0.1323 -0.3793
vn -0.4822 -0.6083 -0.6304
vn -0.4841 -0.2715 0.8318
vn -0.9991 -0.0328 -0.0282
vn -0.7314 -0.3989 -0.5531
vn -0.7818 -0.4942 -0.3802
vn -0.6598 0.7124 -0.2392
vn -0.7631 0.6055 -0.2257
vn -0.6696 0.7044 -0.2357
vn -0.8367 0.4887 0.2472
vn -0.9219 0.0804 0.3790
vn -0.9498 0.2375 0.2038
vn -0.8243 -0.2337 -0.5156
vn 0.4050 0.3447 -0.8468
vn 0.7069 0.3591 -0.6094
vn 0.3811 0.4807 -0.7898
vn -0.8761 -0.0942 -0.4728
vn -0.3596 0.5061 -0.7839
vn -0.9368 -0.1553 -0.3135
vn -0.8801 -0.0204 -0.4743
vn -0.9243 0.0126 -0.3814
vn -0.8333 0.0248 -0.5523
vn 0.8915 -0.4178 -0.1752
vn 0.9294 -0.3247 0.1751
vn 0.9102 -0.3585 0.2074
vn 0.9661 -0.2567 0.0272
vn -0.2491 0.0458 -0.9674
vn -0.0673 -0.1575 -0.9852
vn -0.2082 -0.1379 -0.9683
vn -0.7444 0.0174 -0.6675
vn 0.9781 0.2073 -0.0186
vn 0.9712 0.2342 -0.0437
vn -0.2461 0.0007 -0.9692
vn -0.6864 -0.1183 -0.7175
vn -0.8074 -0.0639 -0.5865
vn 0.9826 -0.0170 -0.1850
vn 0.3158 -0.0941 0.9441
vn 0.1388 0.1056 0.9847
vn 0.4000 0.0185 0.9163
vn 0.2946 0.8246 0.4830
vn -0.0570 0.9850 0.1626
vn -0.8070 0.5853 0.0792
vn -0.9368 0.3495 0.0130
vn -0.0514 0.0045 0.9987
vn 0.7147 -0.1912 0.6728
vn 0.6742 -0.1450 0.7242
vn -0.8958 0.3209 0.3075
vn -0.5200 0.4088 0.7500
vn -0.7403 0.2669 0.6171
vn 0.4289 -0.4411 -0.7883
vn 0.1795 -0.4046 -0.8967
vn 0.3997 -0.4398 -0.8043
vn -0.4503 -0.0112 0.8928
vn 0.8877 -0.2951 0.3533
vn 0.8324 -0.5010 0.2369
vn 0.8922 -0.3822 -0.2406
vn -0.9252 -0.3240 0.1973
vn -0.7919 -0.5686 0.2226
vn -0.8854 -0.3541 0.3012
vn -0.9727 0.2317 0.0144
vn -0.9602 0.2736 -0.0564
vn 0.8782 -0.1415 0.4570
vn 0.7665 -0.2940 0.5710
vn 0.8839 -0.2409 0.4007
vn -0.0924 -0.3412 -0.9355
vn -0.1073 -0.3781 -0.9195
vn -0.0543 -0.3637 -0.9300
vn 0.0239 0.7568 0.6532
vn 0.6141 0.7848 -0.0840
vn 0.1309 0.4831 -0.8657
vn 0.3615 0.5301 -0.7670
vn 0.1117 -0.2403 -0.9643
vn 0.1760 -0.3293 -0.9277
vn 0.0300 0.0074 -0.9995
vn 0.2766 -0.2145 -0.9367
vn 0.0133 -0.2745 -0.9615
vn 0.0221 -0.2375 -0.9711
vn -0.6973 0.6850 0.2108
vn -0.3792 0.7960 0.4717
vn -0.3729 0.8738 0.3122
vn 0.7997 0.5986 -0.0475
vn -0.2924 0.9248 -0.2433
vn -0.2458 0.9223 -0.2982
vn 0.4242 0.8604 -0.2825
vn 0.6275 0.7340 -0.2599
vn 0.6969 -0.3141 0.6447
vn 0.8586 0.0004 0.5127
vn 0.7017 -0.1925 0.6860
vn 0.8945 -0.2300 0.3835
vn 0.7088 0.1377 0.6918
vn -0.9767 0.0988 -0.1904
vn 0.9396 0.3402 -0.0372
vn 0.9238 0.3689 0.1023
vn 0.9262 0.3737 -0.0493
vn 0.9181 0.3877 -0.0820
vn -0.9228 -0.0208 0.3847
vn -0.9470 -0.0797 0.3112
vn -0.8331 0.3920 0.3901
vn -0.5099 0.6360 -0.5792
vn -0.7996 0.4117 -0.4371
vn -0.6321 0.4797 -0.6085
vn -0.9509 0.2851 -0.1204
vn -0.8853 0.4501 -0.1167
vn -0.9447 0.3250 -0.0432
vn 0.8649 0.0263 0.5013
vn 0.9405 -0.0618 0.3341
vn -0.0122 0.9954 -0.0952
vn 0.8384 0.1419 0.5262
vn 0.8945 0.0332 0.4458
vn 0.8953 0.0088 0.4455
vn 0.7773 -0.1981 0.5971
vn -0.1450 0.4282 0.8920
vn -0.2838 0.4245 0.8598
vn -0.1861 0.9595 -0.2117
vn -0.3406 0.8785 -0.3350
vn 0.1633 0.9170 -0.3640
vn 0.9714 -0.0777 0.2246
vn -0.8607 -0.1696 -0.4800
vn -0.9266 -0.1111 -0.3593
vn -0.9271 0.3728 -0.0374
vn -0.9284 0.3342 0.1626
vn -0.8807 0.4632 0.0992
vn -0.9112 0.3611 -0.1982
vn -0.6970 0.5939 0.4018
vn -0.8785 0.4393 -0.1876
vn -0.9440 0.3123 -0.1062
vn -0.9479 0.2829 -0.1462
vn -0.9608 0.2652 -0.0805
vn -0.9395 0.2885 -0.1848
vn 0.8543 -0.1541 0.4965
vn -0.9052 -0.0180 0.4245
vn -0.9003 -0.0565 0.4316
vn -0.9028 -0.0376 0.4284
vn 0.9569 0.0004 0.2905
vn -0.9204 0.3084 -0.2403
vn -0.8890 0.3458 -0.3002
vn -0.9302 0.3115 -0.1944
vn -0.9369 0.2881 -0.1978
vn -0.8347 0.3958 -0.3830
vn -0.6976 0.4758 -0.5357
vn 0.9598 0.1844 -0.2116
vn 0.9738 0.0802 -0.2128
vn -0.9785 0.1926 -0.0740
vn -0.9554 0.2832 -0.0839
vn -0.8058 0.0056 -0.5921
vn -0.8189 -0.0679 -0.5699
vn -0.8066 0.5461 -0.2262
vn -0.7589 0.6046 -0.2419
vn -0.8112 0.5368 -0.2318
vn -0.7543 0.6032 -0.2592
vn -0.8063 0.5526 -0.2109
vn -0.8357 0.5095 -0.2052
vn -0.8480 0.4901 -0.2015
vn -0.3176 0.9089 -0.2702
vn -0.6592 0.7078 -0.2540
vn 0.6844 0.6114 -0.3972
vn 0.8629 0.4203 -0.2805
vn -0.8859 0.4216 -0.1936
vn 0.9718 0.2306 -0.0492
vn -0.8889 0.4526 0.0712
vn -0.7247 0.6798 0.1124
vn -0.7979 0.5843 0.1479
vn 0.8489 0.1002 -0.5191
vn 0.8735 0.0323 -0.4857
vn -0.9138 -0.1644 0.3715
vn -0.9495 0.0430 0.3107
vn 0.8593 0.0028 -0.5115
vn -0.8385 0.2708 0.4728
vn -0.9606 0.1462 0.2363
vn -0.9458 0.1505 0.2878
vn -0.9962 0.0440 0.0758
vn -0.8718 0.2483 0.4223
vn -0.9743 0.2022 0.0990
vn -0.9887 0.1494 0.0077
vn -0.8268 0.3622 0.4303
vn -0.9374 0.2222 0.2682
vn -0.8064 0.5022 0.3122
vn -0.9880 0.1511 0.0321
vn -0.9220 0.3334 0.1968
vn -0.6488 0.4887 0.5833
vn -0.6628 0.3761 0.6475
vn -0.4240 0.5725 0.7017
vn -0.6241 0.6511 0.4320
vn -0.7087 0.3458 0.6149
vn -0.9232 0.2860 0.2566
vn -0.4843 0.4150 0.7702
vn -0.7966 0.3941 0.4583
vn -0.9659 0.2587 0.0109
vn -0.9582 0.2666 -0.1036
vn -0.9621 0.2727 0.0014
vn -0.9693 0.2197 -0.1108
vn 0.9931 0.0728 0.0919
vn 0.9890 -0.0735 -0.1280
vn 0.9885 -0.0744 -0.1317
vn 0.9476 -0.0320 0.3179
vn 0.8964 -0.2559 0.3618
vn 0.9483 -0.1487 0.2803
vn 0.8705 0.4761 0.1248
vn 0.9223 -0.3174 0.2206
vn 0.9549 -0.2108 0.2092
vn -0.9119 -0.2000 0.3583
vn -0.8922 -0.2392 0.3831
vn -0.9205 0.1338 0.3671
vn -0.9351 0.1018 0.3393
vn -0.7790 0.0761 0.6224
vn -0.7639 0.2218 0.6060
vn -0.9727 0.1784 0.1486
vn -0.9715 0.2366 -0.0118
vn 0.4156 -0.0334 -0.9089
vn 0.1813 -0.0243 -0.9831
vn -0.7541 -0.1465 0.6402
vn 0.9753 -0.0270 0.2191
vn -0.8927 -0.1281 0.4321
vn -0.9388 0.3353 0.0794
vn 0.4137 0.1783 -0.8928
vn 0.3919 0.0493 -0.9187
vn 0.1222 -0.9271 -0.3544
vn 0.4242 -0.8627 -0.2753
vn 0.0231 -0.9883 -0.1506
vn -0.6366 -0.6999 -0.3237
vn 0.6701 -0.7384 0.0759
vn 0.8838 -0.4151 0.2158
vn 0.8395 0.0094 -0.5432
vn 0.9847 0.0616 -0.1628
vn 0.9435 -0.0065 -0.3313
vn -0.7670 0.5001 0.4021
vn -0.8592 0.5050 0.0826
vn -0.9437 -0.0774 -0.3215
vn -0.9708 -0.0526 -0.2342
vn -0.1867 0.2541 0.9490
vn 0.4170 0.8143 -0.4037
vn 0.2748 0.9224 -0.2714
vn 0.4979 0.1230 0.8585
vn 0.1161 -0.0787 0.9901
vn 0.0895 -0.0220 0.9957
vn 0.5424 -0.8383 -0.0547
vn -0.6716 -0.4248 -0.6071
vn 0.9432 0.3085 -0.1234
vn -0.2161 0.9443 0.2481
vn 0.8137 -0.2023 0.5449
vn 0.5179 -0.8375 0.1745
vn 0.7070 -0.5589 0.4333
vn 0.0938 0.0346 -0.9950
vn -0.4092 -0.1631 -0.8978
vn -0.3758 -0.2950 -0.8785
vn -0.3075 0.8019 -0.5123
vn 0.3123 0.7902 -0.5273
vn 0.0037 0.8285 -0.5600
vn -0.8373 -0.0251 -0.5461
vn -0.9649 0.1698 -0.2005
vn -0.9044 0.0892 -0.4174
vn -0.9420 0.0685 -0.3284
vn -0.7623 -0.1625 -0.6265
vn -0.9007 -0.0848 -0.4261
vn -0.9742 0.1581 -0.1608
vn -0.9694 0.2322 -0.0789
vn -0.9476 0.1853 -0.2602
vn -0.9568 0.2827 0.0684
vn -0.7388 0.0160 -0.6738
vn -0.8414 0.1495 -0.5194
vn -0.9054 0.3148 -0.2849
vn -0.6300 -0.1087 -0.7690
vn -0.5421 -0.2274 -0.8089
vn -0.3035 -0.1706 -0.9374
vn -0.2433 -0.2697 -0.9317
vn -0.9748 0.2195 -0.0405
vn -0.7565 -0.2642 -0.5983
vn -0.8702 -0.2105 -0.4455
vn -0.7499 -0.3094 -0.5847
vn -0.8687 -0.2583 -0.4227
vn -0.5554 -0.3162 -0.7691
vn -0.2323 -0.3553 -0.9054
vn -0.5487 -0.3544 -0.7571
vn -0.2430 -0.3848 -0.8904
vn 0.1814 -0.5387 -0.8227
vn -0.9091 0.3993 -0.1188
vn 0.9552 0.2707 -0.1197
vn 0.9573 0.2626 -0.1211
vn -0.4421 0.1592 0.8827
vn 0.7835 -0.5721 -0.2424
vn 0.3028 -0.9473 -0.1044
vn -0.7998 -0.1217 -0.5878
vn 0.2992 0.3405 0.8914
vn 0.4961 -0.0755 0.8650
vn -0.0359 -0.1674 0.9852
vn -0.9347 -0.0424 -0.3528
vn -0.5521 -0.6146 -0.5634
vn -0.3167 0.9383 -0.1389
vn -0.8392 0.3405 -0.4241
vn -0.9791 -0.1068 0.1733
vn -0.9840 -0.0199 -0.1773
vn -0.8704 -0.4384 -0.2240
vn -0.8521 0.5026 -0.1460
vn 0.7249 0.1190 -0.6785
vn 0.7210 0.2477 -0.6471
vn 0.9519 0.2843 -0.1140
vn 0.9587 0.2323 -0.1640
vn -0.3279 -0.4359 -0.8381
vn -0.0008 -0.2872 -0.9579
vn -0.2857 -0.8862 0.3647
vn -0.9915 0.0930 -0.0907
vn 0.9837 0.1788 0.0202
vn 0.9884 -0.0321 -0.1485
vn 0.8902 -0.0146 -0.4553
vn -0.8624 -0.1198 -0.4919
vn -0.9996 -0.0229 0.0163
vn 0.8424 -0.0981 -0.5298
vn 0.8572 -0.0247 -0.5145
vn -0.9688 -0.0521 -0.2423
vn 0.9064 -0.0301 0.4213
vn 0.9029 -0.0727 0.4236
vn -0.9466 0.2776 -0.1639
vn -0.6469 0.7058 -0.2887
vn -0.6444 0.6760 -0.3575
vn -0.9634 0.2404 -0.1188
vn 0.9396 -0.1342 -0.3148
vn 0.8644 0.0298 -0.5019
vn 0.9851 0.1714 0.0115
vn 0.9887 -0.0451 -0.1432
vn -0.9644 -0.1656 0.2062
vn -0.9077 -0.1901 0.3740
vn 0.9003 -0.1301 0.4154
vn -0.8370 0.5456 0.0418
vn -0.7960 0.6022 0.0606
vn 0.9294 0.3390 -0.1462
vn 0.9054 0.3791 -0.1912
vn 0.9639 0.2534 -0.0820
vn -0.8727 0.2707 -0.4063
vn -0.4172 0.8265 -0.3780
vn -0.8472 -0.1961 0.4937
vn -0.6911 -0.2930 0.6607
vn -0.4048 0.8070 -0.4299
vn -0.8682 0.4962 0.0072
vn -0.9680 0.2471 0.0438
vn 0.9558 0.2485 -0.1572
vn -0.2766 -0.9536 -0.1191
vn -0.0257 -0.9365 -0.3497
vn -0.0894 0.5612 0.8228
vn 0.9729 0.2311 -0.0057
vn 0.9732 0.2242 -0.0500
vn -0.9887 0.1030 -0.1093
vn -0.9885 0.1373 -0.0627
vn -0.6558 -0.5179 -0.5493
vn -0.1256 -0.9026 -0.4117
vn -0.8594 -0.1032 0.5008
vn 0.3632 -0.9312 0.0316
vn -0.7635 -0.5650 -0.3127
vn 0.9546 -0.1178 0.2738
vn 0.6901 0.3571 0.6294
vn 0.8691 -0.1720 -0.4638
vn 0.9349 -0.0044 -0.3548
vn 0.0358 -0.3553 -0.9341
vn 0.0406 -0.3957 -0.9175
vn -0.0003 -0.2068 -0.9784
vn 0.1325 -0.2226 -0.9659
vn 0.9109 -0.2003 0.3608
vn -0.0119 0.9102 0.4141
vn 0.3618 0.7448 -0.5607
vn 0.3220 0.5980 -0.7340
vn 0.1388 0.9289 0.3434
vn 0.9256 0.3754 -0.0479
vn -0.6932 -0.2055 -0.6908
vn -0.9627 0.0390 0.2677
vn -0.9792 0.1040 0.1741
vn -0.3856 0.4912 -0.7811
vn -0.8994 0.1905 -0.3934
vn 0.3953 0.6755 -0.6225
vn 0.2256 -0.9663 -0.1238
vn 0.2974 -0.8986 0.3226
vn 0.9917 0.1015 0.0790
vn 0.0068 -0.4251 -0.9051
vn 0.3359 -0.3993 -0.8531
vn 0.3186 0.6419 0.6975
vn 0.1867 0.4381 0.8793
vn -0.9838 -0.0357 -0.1755
vn -0.9739 -0.0149 -0.2264
vn -0.3923 -0.9191 0.0362
vn -0.5112 -0.8579 -0.0521
vn 0.0274 -0.9899 0.1389
vn 0.9135 -0.3851 -0.1313
vn -0.0082 -0.1522 -0.9883
vn 0.3726 -0.2740 -0.8866
vn -0.9831 0.0512 -0.1760
vn -0.8561 0.0675 -0.5123
vn -0.8415 -0.0444 -0.5384
vn -0.3863 -0.0087 -0.9223
vn -0.5996 0.0096 0.8002
vn -0.8340 -0.2125 0.5092
vn -0.6551 -0.0685 0.7524
vn -0.8654 -0.0095 0.5010
vn 0.9031 -0.1844 0.3878
vn 0.8520 0.4705 0.2297
vn 0.9685 0.1444 0.2031
vn 0.9052 0.3185 0.2813
vn 0.5745 -0.4402 -0.6901
vn 0.8954 -0.2883 0.3394
vn 0.8991 -0.1857 0.3963
vn 0.3276 0.6727 0.6635
vn 0.6333 0.6633 0.3986
vn -0.9348 0.0182 0.3547
vn 0.4739 -0.5809 -0.6618
vn 0.5029 0.8333 -0.2294
vn 0.2577 0.9097 -0.3257
vn -0.0381 0.6078 0.7932
vn 0.9843 -0.0047 0.1766
vn 0.9745 0.1844 -0.1277
vn -0.6781 0.5964 0.4295
vn -0.4548 0.6733 0.5830
vn 0.9004 -0.2606 0.3484
vn -0.9777 0.0320 -0.2074
vn -0.9729 0.0454 -0.2265
vn -0.9471 0.3158 -0.0576
vn 0.2502 -0.8589 -0.4469
vn 0.4968 -0.6133 -0.6140
vn 0.0904 -0.8499 -0.5192
vn 0.9740 0.0657 0.2170
vn -0.7174 -0.0905 -0.6907
vn 0.6739 -0.6344 -0.3787
vn 0.7991 -0.5052 -0.3261
vn 0.6812 -0.6564 -0.3243
vn -0.3115 0.5189 0.7961
vn 0.2625 0.9643 -0.0347
vn 0.2788 0.9389 0.2020
vn -0.0683 -0.2769 -0.9585
vn -0.2375 -0.7456 -0.6227
vn -0.0490 0.9416 0.3332
vn 0.9969 -0.0744 0.0244
vn 0.7163 0.5506 -0.4287
vn -0.4991 -0.8444 -0.1946
vn 0.4272 0.8207 0.3795
vn 0.1931 0.8951 0.4018
vn 0.4209 0.8787 0.2253
vn -0.3410 -0.0412 0.9392
vn -0.2212 0.2142 0.9514
vn 0.9309 -0.0657 -0.3594
vn 0.8579 0.0310 -0.5129
vn 0.9102 0.0411 -0.4122
vn -0.8326 0.3088 0.4598
vn 0.8825 -0.1408 -0.4487
vn 0.7814 0.0163 -0.6238
vn 0.4980 -0.4526 -0.7397
vn 0.7121 -0.3141 -0.6280
vn 0.8304 0.4158 0.3709
vn 0.3521 0.5136 0.7825
vn 0.6315 0.6304 0.4516
vn 0.8306 0.5499 0.0880
vn 0.3774 -0.2129 0.9012
vn 0.6205 0.3338 0.7096
vn -0.0333 0.9450 0.3254
vn 0.0899 0.9764 -0.1965
vn 0.7669 -0.1512 0.6238
vn 0.4775 -0.4570 0.7504
vn -0.1963 0.5026 -0.8420
vn 0.0028 -0.9483 -0.3173
vn -0.8859 -0.3443 -0.3108
vn 0.7809 0.2252 0.5826
vn 0.5698 0.0417 0.8207
vn 0.7936 0.5219 -0.3127
vn 0.6702 0.6158 -0.4143
vn 0.9819 0.1699 0.0840
vn 0.9784 0.2067 -0.0087
vn 0.9785 0.1559 0.1351
vn -0.9892 0.1196 -0.0845
vn -0.7948 0.5220 0.3095
vn -0.9438 0.2895 -0.1596
vn -0.8131 0.0284 0.5814
vn -0.7972 -0.1802 -0.5762
vn -0.5406 -0.0840 0.8371
vn 0.0653 0.3018 0.9511
vn -0.3921 0.0774 0.9167
vn 0.9616 0.2465 0.1210
vn 0.9523 0.2943 -0.0810
vn 0.9452 0.3265 0.0090
vn 0.9551 0.2947 -0.0302
vn -0.0036 0.5253 -0.8509
vn 0.3578 0.5835 -0.7290
vn -0.7080 0.5476 -0.4459
vn -0.8775 0.4549 -0.1515
vn -0.1090 0.9804 -0.1640
vn 0.2218 0.5936 -0.7736
vn 0.8984 0.0339 0.4378
vn 0.8282 0.2466 0.5033
vn 0.8384 0.2867 0.4635
vn 0.5547 -0.0514 0.8304
vn 0.8057 0.0269 0.5917
vn 0.4703 0.7052 -0.5306
vn 0.7408 0.4915 -0.4578
vn -0.9324 0.0663 0.3553
vn -0.9069 -0.0364 0.4197
vn -0.9034 -0.0054 0.4288
vn 0.6059 0.5454 -0.5792
vn 0.8492 0.2292 0.4758
vn 0.7610 0.4803 -0.4362
vn 0.6215 0.7402 0.2566
vn -0.0250 -0.9272 -0.3736
vn 0.0453 -0.9812 -0.1875
vn 0.9722 0.2196 0.0818
vn 0.9160 0.2796 0.2877
vn 0.9510 0.2989 0.0790
vn -0.7771 -0.6225 0.0926
vn -0.4285 0.1302 0.8941
vn 0.4135 0.0423 -0.9095
vn 0.8393 -0.2613 -0.4769
vn 0.9319 -0.2194 -0.2890
vn 0.8922 -0.1188 -0.4358
vn 0.9352 -0.2315 -0.2680
vn 0.8755 -0.3681 -0.3130
vn 0.8710 -0.3746 -0.3178
vn -0.9852 0.0991 -0.1397
vn -0.9874 0.1339 -0.0845
vn -0.1784 0.4923 0.8519
vn -0.3399 0.6400 0.6891
vn 0.7658 0.2809 -0.5785
vn 0.7824 -0.0692 -0.6190
vn 0.5808 0.6367 0.5073
vn 0.2929 0.5985 0.7456
vn 0.5148 0.5944 0.6178
vn -0.6587 0.7189 0.2223
vn -0.3224 0.7719 0.5479
vn -0.6068 0.3362 0.7202
vn -0.7141 -0.6927 0.1013
vn -0.5579 -0.8021 0.2131
vn 0.7233 -0.0085 -0.6905
vn 0.9057 -0.0514 0.4208
vn 0.2451 -0.2558 -0.9352
vn 0.7074 -0.1755 -0.6847
vn 0.5160 -0.2875 -0.8069
vn 0.7339 -0.2310 -0.6388
vn 0.8391 0.0484 0.5418
vn 0.9349 0.1008 0.3402
vn 0.3957 0.5095 0.7641
vn -0.5682 0.1255 0.8132
vn -0.8920 0.0011 0.4520
vn -0.8244 0.1081 0.5555
vn 0.1321 0.8291 -0.5433
vn -0.0965 -0.9658 -0.2406
vn 0.1943 -0.4122 -0.8901
vn 0.4462 -0.8034 -0.3944
vn -0.8353 0.3351 0.4359
vn -0.8372 0.1614 0.5226
vn -0.8505 -0.1427 0.5062
vn -0.9489 -0.0250 -0.3145
vn 0.6557 -0.0040 -0.7550
vn -0.8304 0.5223 -0.1941
vn 0.9148 -0.0109 0.4039
vn 0.6877 0.4547 -0.5660
vn -0.1508 -0.2365 -0.9599
vn -0.1325 -0.3505 -0.9271
vn 0.2376 -0.3257 -0.9151
vn 0.2352 -0.3048 -0.9229
vn 0.9497 0.0414 -0.3104
vn 0.7884 -0.5044 -0.3521
vn 0.6984 0.7110 -0.0824
vn -0.4580 0.8400 0.2909
vn -0.7672 -0.6372 0.0730
vn -0.8853 0.1168 -0.4501
vn 0.6154 0.6784 -0.4014
vn 0.7120 0.6904 -0.1284
vn -0.7117 -0.5242 0.4677
vn 0.3447 0.9327 0.1063
vn 0.2629 0.9638 0.0449
vn -0.2263 0.8132 0.5361
vn -0.0554 0.8182 0.5722
vn 0.9432 -0.1363 -0.3030
vn -0.9675 0.0290 0.2513
vn 0.6247 0.7560 0.1956
vn 0.9261 0.3647 -0.0968
vn -0.7991 0.1491 -0.5824
vn -0.0897 0.0226 -0.9957
vn 0.9972 0.0281 -0.0699
vn 0.9972 -0.0683 -0.0296
vn -0.3334 0.6576 -0.6756
vn -0.9762 -0.0004 -0.2170
vn 0.6812 -0.4657 -0.5649
vn 0.7008 -0.3854 -0.6003
vn 0.8374 0.5429 0.0632
vn -0.9553 0.2648 -0.1317
vn -0.9545 0.2744 -0.1166
vn 0.9558 0.1513 -0.2523
vn 0.9478 0.2348 -0.2159
vn -0.9819 -0.1255 0.1418
vn -0.7948 -0.0842 0.6011
vn -0.8424 -0.0294 0.5380
vn -0.1330 0.9395 0.3157
vn -0.5635 0.7416 0.3639
vn -0.4539 0.7819 0.4272
vn 0.2127 -0.3961 -0.8932
vn 0.0547 -0.3920 -0.9184
vn 0.7472 -0.3556 -0.5615
vn 0.6670 -0.4905 -0.5608
vn -0.4429 -0.8859 -0.1380
vn -0.1910 -0.9390 -0.2859
vn 0.7769 -0.2996 -0.5537
vn 0.8922 0.3721 -0.2560
vn 0.8369 0.4267 -0.3428
vn 0.0076 -0.9293 -0.3693
vn 0.3071 -0.7481 -0.5883
vn 0.4768 -0.2158 -0.8521
vn 0.9686 0.2487 -0.0068
vn 0.9553 0.2742 -0.1110
vn -0.4163 0.7314 0.5402
vn -0.0824 0.8623 0.4997
vn 0.2577 0.5327 0.8061
vn -0.2809 0.2350 0.9305
vn -0.6550 -0.0685 0.7525
vn 0.3290 0.8230 0.4631
vn 0.8541 -0.1744 -0.4900
vn 0.0618 -0.1485 0.9870
vn -0.5061 -0.2020 0.8385
vn -0.4365 -0.1985 0.8776
vn 0.9084 0.2444 0.3393
vn 0.9132 0.3717 0.1672
vn 0.4116 0.8697 0.2723
vn -0.5349 -0.1681 0.8280
vn -0.7756 -0.1890 0.6023
vn -0.7775 -0.1982 0.5968
vn -0.7545 -0.1653 0.6351
vn 0.3583 0.9058 -0.2261
vn 0.8362 0.1348 0.5316
vn -0.3141 -0.1191 0.9419
vn -0.6837 -0.1666 0.7105
vn -0.3623 -0.1641 0.9175
vn 0.9013 0.4246 0.0859
vn -0.7320 0.1521 -0.6641
vn -0.1393 0.3886 0.9108
vn 0.7972 -0.2191 -0.5625
vn -0.8875 0.0439 0.4587
vn 0.9631 0.0596 0.2626
vn 0.9648 0.0896 0.2473
vn -0.5413 0.7458 0.3883
vn 0.8638 0.3648 -0.3476
vn 0.9318 0.3022 -0.2011
vn 0.8275 0.4943 -0.2662
vn -0.8366 -0.4964 0.2317
vn -0.7641 -0.6426 0.0564
vn -0.8618 -0.4609 0.2116
vn 0.5884 0.8085 -0.0103
vn 0.8100 0.5785 -0.0964
vn -0.0549 -0.2432 -0.9684
vn -0.1920 -0.2369 -0.9524
vn -0.4980 -0.0928 -0.8622
vn -0.4989 -0.2062 -0.8418
vn -0.8337 -0.0001 -0.5522
vn -0.5149 -0.3012 -0.8026
vn -0.5158 0.0773 -0.8532
vn -0.5599 0.4023 -0.7244
vn -0.7560 0.3279 -0.5665
vn 0.4171 -0.8956 -0.1547
vn -0.7573 -0.2599 -0.5992
vn 0.8117 -0.1658 0.5601
vn -0.9175 -0.1859 0.3516
vn -0.7241 -0.3158 -0.6132
vn -0.2933 -0.3844 -0.8753
vn -0.6734 -0.3771 -0.6359
vn 0.0645 0.7458 -0.6630
vn 0.8265 -0.1390 -0.5456
vn 0.8263 -0.0134 -0.5630
vn -0.0604 0.9287 -0.3658
vn -0.5057 -0.5854 -0.6337
vn -0.7269 -0.0700 -0.6831
vn -0.9919 0.1041 0.0724
vn -0.1395 -0.5751 -0.8061
vn -0.3598 -0.0691 -0.9305
vn 0.7697 0.6341 0.0736
vn -0.6239 -0.7699 0.1340
vn -0.6228 -0.7769 -0.0930
vn -0.4158 -0.8868 -0.2018
vn -0.5846 -0.8057 -0.0954
vn 0.6849 0.6206 0.3816
vn -0.8755 0.4534 -0.1669
vn -0.9180 0.3672 -0.1499
vn -0.9395 -0.1501 -0.3080
vn -0.9642 -0.0303 0.2635
vn -0.6909 0.6618 0.2911
vn -0.3633 0.7285 0.5807
vn -0.1284 0.0370 0.9910
vn 0.5583 0.4424 0.7019
vn -0.6958 -0.7133 0.0845
vn -0.0607 0.8520 0.5200
vn 0.6396 -0.3232 -0.6974
vn -0.9950 -0.0696 0.0721
vn -0.8031 -0.1523 0.5760
vn -0.6977 0.4758 -0.5356
vn 0.9704 -0.1019 -0.2188
vn -0.8030 0.5783 -0.1439
vn -0.7691 0.6388 -0.0207
vn 0.5192 0.8457 0.1230
vn -0.2791 0.5143 0.8109
vn 0.9308 0.0153 0.3653
vn 0.8170 0.5349 -0.2153
vn 0.6055 0.7958 0.0069
vn -0.9463 0.0131 -0.3231
vn 0.5237 -0.0254 -0.8515
vn 0.8147 -0.2210 -0.5361
vn -0.3167 -0.8090 -0.4951
vn -0.0187 0.6153 0.7880
vn -0.8166 -0.0274 -0.5766
vn 0.2604 0.5284 0.8081
vn 0.7223 -0.0188 -0.6913
vn -0.8884 -0.0129 -0.4590
vn 0.8961 -0.1662 0.4114
vn 0.0127 -0.5452 0.8382
vn 0.7113 -0.1256 -0.6916
vn -0.5385 0.7991 -0.2674
vn -0.0064 -0.3410 -0.9400
vn -0.6277 0.5885 0.5096
vn -0.6100 0.7801 0.1389
vn 0.7333 0.3216 0.5990
vn -0.8149 0.3574 -0.4563
vn 0.2368 0.5073 0.8286
vn 0.4451 0.5357 0.7176
vn -0.2132 0.7245 0.6555
vn -0.0302 0.7006 0.7130
vn 0.0378 -0.1535 -0.9874
vn -0.0110 0.9722 0.2339
vn -0.7927 0.2195 -0.5687
vn 0.7618 0.2280 0.6064
vn 0.8218 0.4186 0.3865
vn 0.9227 0.3657 -0.1220
vn 0.9006 0.4312 -0.0536
vn 0.8723 0.4296 -0.2334
vn 0.9314 0.3251 -0.1636
vn 0.9170 0.3381 -0.2115
vn 0.9014 0.3705 -0.2242
vn 0.8556 0.5120 0.0758
vn 0.8291 0.5071 -0.2356
vn 0.5195 -0.8315 -0.1967
vn -0.9498 -0.1328 0.2834
vn 0.8448 0.4150 -0.3376
vn 0.7689 0.4743 -0.4286
vn 0.8915 0.3647 -0.2688
vn 0.9182 0.3307 -0.2182
vn 0.9208 0.3349 -0.1998
vn -0.9422 0.3021 -0.1448
vn 0.9870 0.1036 -0.1226
vn 0.9322 0.0289 0.3608
vn 0.9041 -0.1232 0.4091
vn -0.8396 -0.0917 -0.5354
vn 0.9446 0.3101 0.1074
vn 0.7600 0.4221 0.4942
vn 0.9109 0.2669 0.3146
vn 0.7628 0.3947 0.5122
vn 0.9245 0.3106 0.2209
vn 0.8072 0.4191 0.4157
vn 0.9103 0.2664 0.3167
vn 0.5733 0.5250 0.6291
vn 0.5788 0.4744 0.6632
vn 0.6403 0.4952 0.5872
vn 0.5924 0.6170 0.5181
vn 0.7812 0.4794 0.3997
vn 0.6035 0.7210 0.3406
vn 0.3750 0.6969 0.6113
vn 0.3550 0.8354 0.4197
vn 0.9934 0.0928 0.0672
vn 0.9185 0.3033 0.2538
vn -0.7842 -0.0706 0.6165
vn 0.9370 -0.1260 -0.3257
vn 0.9709 0.1833 0.1542
vn 0.9182 0.1382 0.3713
vn 0.7781 0.0780 0.6233
vn 0.9566 -0.0977 -0.2747
vn 0.1115 0.8755 0.4701
vn 0.2069 0.7319 0.6492
vn -0.7388 0.5477 0.3927
vn 0.8474 0.5169 -0.1216
vn -0.6670 0.6379 0.3850
vn 0.8477 -0.0601 -0.5270
vn -0.0170 -0.1618 0.9867
vn 0.6657 0.5490 -0.5053
vn -0.0083 0.3963 -0.9181
vn -0.0118 0.2744 0.9615
vn 0.9377 0.0513 -0.3436
vn 0.7870 -0.0965 -0.6094
vn 0.8446 -0.0225 -0.5349
vn 0.9033 -0.0192 -0.4285
vn 0.7464 -0.1522 -0.6479
vn 0.9677 0.1302 -0.2160
vn 0.9556 0.0589 -0.2889
vn 0.8745 -0.0873 -0.4771
vn 0.5814 -0.1650 -0.7967
vn 0.6599 -0.0838 -0.7466
vn 0.3421 -0.1287 -0.9308
vn 0.5370 -0.2122 -0.8164
vn 0.2451 -0.2558 -0.9351
vn 0.9071 0.0767 -0.4138
vn 0.7683 0.0461 -0.6384
vn 0.9510 0.2158 -0.2214
vn 0.4553 0.0393 -0.8895
vn 0.9638 0.1216 -0.2373
vn 0.9736 0.1998 -0.1103
vn 0.9554 0.1239 0.2680
vn 0.8540 0.5090 -0.1081
vn 0.6874 0.7241 0.0563
vn 0.7516 0.6381 -0.1671
vn 0.5343 -0.3006 -0.7900
vn 0.7452 -0.2426 -0.6211
vn 0.5417 -0.2977 -0.7861
vn 0.7483 -0.2444 -0.6166
vn 0.8666 -0.1857 -0.4632
vn -0.2110 0.9203 0.3294
vn 0.7509 -0.4193 -0.5102
vn 0.5902 -0.6183 -0.5190
vn 0.5333 -0.6487 -0.5429
vn 0.2848 0.9127 0.2930
vn 0.9423 -0.1441 -0.3022
vn 0.9362 0.3512 0.0100
vn 0.9740 0.2263 -0.0045
vn 0.9590 0.2632 -0.1052
vn 0.9388 0.3050 -0.1599
vn 0.9352 0.3070 -0.1763
vn 0.8335 -0.0132 0.5524
vn -0.9772 0.1810 -0.1111
vn -0.9700 0.2345 -0.0641
vn 0.6742 0.7199 -0.1651
vn -0.9787 -0.1472 0.1431
vn -0.7944 -0.1849 -0.5786
vn 0.9471 0.1922 0.2572
vn -0.9548 0.0332 -0.2955
vn -0.7047 -0.2133 0.6766
vn -0.4148 -0.2288 0.8806
vn -0.9714 -0.0030 -0.2375
vn -0.1704 -0.9491 -0.2648
vn -0.5191 -0.8510 -0.0793
vn 0.0981 0.9152 0.3908
vn 0.9167 0.3685 0.1547
vn -0.9556 0.1425 0.2579
vn 0.7237 0.6106 0.3218
vn 0.9885 0.1482 -0.0295
vn 0.4959 -0.6724 -0.5495
vn -0.9872 -0.1437 0.0698
vn -0.7618 0.2480 -0.5984
vn -0.9915 0.0190 0.1290
vn -0.4279 0.8892 0.1617
vn 0.0043 -0.1748 0.9846
vn 0.8188 0.5096 -0.2642
vn -0.4411 0.3782 0.8138
vn -0.0757 0.4978 0.8640
vn -0.4608 0.2560 0.8498
vn -0.4147 0.5261 0.7425
vn -0.0214 0.7500 0.6611
vn -0.3911 0.6995 0.5981
vn -0.9658 0.2463 -0.0815
vn -0.9665 0.2461 -0.0728
vn 0.8548 -0.1410 0.4994
vn -0.4568 0.4369 0.7749
vn 0.0195 -0.5414 -0.8406
vn -0.0886 0.5333 -0.8413
vn 0.2356 -0.2807 -0.9304
vn 0.8768 0.1969 0.4388
vn 0.2502 0.4125 -0.8759
vn 0.6901 0.2918 -0.6623
vn 0.9338 0.3279 -0.1431
vn 0.1160 0.5628 -0.8184
vn 0.9478 0.2649 0.1773
vn 0.5918 0.8060 0.0034
vn 0.6482 0.7383 0.1864
vn 0.5085 0.8414 0.1829
vn 0.6420 0.7142 0.2789
vn 0.8308 0.5280 0.1761
vn 0.1630 -0.9859 0.0389
vn 0.4148 0.4462 0.7930
vn 0.3480 0.6275 0.6965
vn 0.8052 0.4053 0.4330
vn 0.4604 0.2435 0.8536
vn 0.2809 0.7869 0.5495
vn 0.0618 -0.9819 -0.1792
vn 0.9646 0.2557 -0.0641
vn 0.9555 0.2857 -0.0730
vn 0.0063 0.9383 -0.3459
vn -0.0574 0.9340 0.3527
vn -0.2175 -0.3494 -0.9114
vn -0.2186 -0.3958 -0.8919
vn -0.3949 -0.1729 0.9023
vn 0.1135 -0.1032 -0.9882
vn -0.5631 0.4973 0.6601
vn -0.2688 0.4579 0.8474
vn 0.0436 -0.4045 -0.9135
vn -0.6413 0.2815 0.7138
vn -0.7812 0.3830 0.4930
vn -0.5383 0.2075 0.8168
vn -0.4844 0.1895 0.8541
vn 0.8627 -0.1798 -0.4727
vn 0.7415 -0.2425 -0.6256
vn 0.7326 -0.2264 -0.6419
vn 0.8682 -0.1926 -0.4572
vn 0.8716 -0.1911 -0.4515
vn 0.5351 -0.2906 -0.7932
vn 0.5251 -0.2718 -0.8065
vn 0.7306 -0.1965 -0.6539
vn 0.5227 -0.2450 -0.8166
vn 0.8620 -0.1455 -0.4855
vn 0.9394 -0.0960 -0.3291
vn 0.9002 0.4206 0.1131
vn 0.9466 0.3122 -0.0810
vn 0.9213 0.3879 0.0283
vn 0.9421 0.3337 -0.0316
vn 0.9502 0.2833 -0.1299
vn 0.7955 0.5271 0.2989
vn 0.8430 0.5036 0.1893
vn 0.7267 0.5277 0.4399
vn 0.8641 0.4379 0.2480
vn 0.9367 0.3426 0.0717
vn 0.9169 -0.1881 0.3520
vn -0.6220 -0.4045 -0.6705
vn -0.5737 -0.4132 -0.7072
vn -0.8951 -0.3746 -0.2416
vn -0.5396 -0.3708 -0.7558
vn 0.8705 0.0294 -0.4914
vn 0.6065 0.1624 0.7783
vn 0.5260 0.0715 0.8475
vn 0.4872 0.0940 0.8682
vn -0.7274 -0.3455 -0.5929
vn -0.8451 -0.3008 -0.4420
vn -0.7067 -0.3447 -0.6179
vn -0.8546 -0.3003 -0.4235
vn -0.8592 -0.2319 -0.4561
vn -0.7126 -0.2857 -0.6408
vn -0.4998 -0.3780 -0.7793
vn -0.4983 -0.3266 -0.8031
vn -0.5240 -0.3848 -0.7598
vn -0.2331 -0.4063 -0.8835
vn -0.9513 0.3042 -0.0499
vn -0.9601 0.2265 -0.1638
vn -0.9604 0.2412 -0.1396
vn -0.9533 0.2873 -0.0931
vn -0.9483 0.3117 0.0604
vn -0.9683 0.2431 -0.0572
vn -0.8607 0.4384 0.2588
vn -0.8878 0.4429 0.1248
vn -0.9016 0.4293 0.0526
vn 0.2528 -0.1377 -0.9577
vn 0.7041 -0.4543 -0.5458
vn 0.6780 -0.4159 -0.6061
vn 0.7438 -0.4377 -0.5052
vn -0.9948 0.0074 0.1012
vn 0.9305 0.3315 0.1555
vn -0.6585 0.7506 0.0546
vn -0.5100 0.8595 0.0336
vn -0.7398 0.6697 0.0650
vn 0.6860 0.6216 -0.3781
vn 0.7079 0.6290 -0.3215
vn 0.8260 0.4768 -0.3005
vn -0.8569 0.4835 -0.1785
vn 0.8472 -0.1691 -0.5037
vn 0.9154 0.3442 -0.2087
vn -0.7268 0.6802 -0.0951
vn 0.7236 0.6106 0.3218
s 1
f 1/1/1 2/2/2 3/3/3
f 4/4/4 5/5/5 6/6/6
f 7/7/7 8/8/8 9/9/9
f 10/10/10 11/11/11 12/12/12
f 13/13/13 14/14/14 15/15/15
f 16/16/16 17/17/17 18/18/18
f 19/19/19 20/20/20 21/21/21
f 22/22/22 23/23/23 24/24/24
f 25/25/25 26/26/26 27/27/27
f 28/28/28 29/29/29 30/30/30
f 31/31/31 32/32/32 33/33/33
f 34/34/34 35/35/35 36/36/36
f 37/37/37 38/38/38 39/39/39
f 40/40/40 41/41/41 42/42/42
f 43/43/43 44/44/44 45/45/45
f 46/46/46 47/47/47 48/48/48
f 49/49/49 50/50/50 51/51/51
f 52/52/52 53/53/53 54/54/54
f 55/55/55 56/56/56 57/57/57
f 58/58/58 59/59/59 60/60/60
f 61/61/61 62/62/62 63/63/63
f 64/64/64 65/65/65 66/66/66
f 67/67/67 68/68/68 69/69/69
f 70/70/70 71/71/71 72/72/72
f 73/73/73 74/74/74 75/75/75
f 76/76/76 77/77/77 78/78/78
f 79/79/79 80/80/80 81/81/81
f 82/82/82 83/83/83 84/84/84
f 34/34/34 85/85/85 86/86/86
f 87/87/87 88/88/88 89/89/89
f 90/90/90 91/91/91 92/92/92
f 93/93/93 94/94/94 95/95/95
f 96/96/96 97/97/97 98/98/98
f 99/99/99 100/100/100 101/101/101
f 102/102/102 103/103/103 104/104/104
f 105/105/105 106/106/106 107/107/107
f 108/108/108 109/109/109 110/110/110
f 111/111/111 112/112/112 113/113/113
f 114/114/114 115/115/115 116/116/116
f 117/117/117 118/118/118 119/119/119
f 120/120/120 121/121/121 122/122/122
f 123/123/123 124/124/124 14/14/14
f 125/125/125 126/126/126 127/127/45
f 128/128/127 129/129/128 130/130/129
f 131/131/130 132/132/131 133/133/132
f 134/134/133 135/135/134 136/136/135
f 137/137/136 138/138/137 139/139/138
f 140/140/139 141/141/140 142/142/141
f 143/143/142 144/144/143 145/145/144
f 146/146/145 147/147/146 148/148/147
f 149/149/148 150/150/149 151/151/150
f 152/152/151 153/153/152 154/154/153
f 155/155/154 156/156/155 157/157/156
f 158/158/157 159/159/158 160/160/159
f 161/161/160 162/162/161 163/163/162
f 164/164/163 165/165/164 166/166/165
f 167/167/166 168/168/167 169/169/168
f 170/170/169 171/171/170 172/172/171
f 173/173/172 174/174/173 175/175/174
f 176/176/175 177/177/176 178/178/177
f 179/179/178 180/180/179 181/181/180
f 182/182/181 183/183/182 184/184/183
f 185/185/184 186/186/185 187/187/186
f 188/188/187 189/189/188 190/190/189
f 191/191/190 192/192/191 193/193/192
f 194/194/193 195/195/194 196/196/195
f 197/197/196 198/198/197 199/199/198
f 200/200/199 201/201/200 202/202/201
f 203/203/202 204/204/203 205/205/204
f 206/206/205 207/207/206 208/208/207
f 209/209/208 210/210/209 211/211/210
f 212/212/211 213/213/212 214/214/213
f 145/145/144 215/215/214 143/143/142
f 205/205/204 216/216/215 217/217/216
f 218/218/217 219/219/218 220/220/219
f 221/221/220 222/222/221 223/223/222
f 224/224/223 225/225/224 226/226/225
f 227/227/226 228/228/227 229/229/228
f 7/7/7 230/230/229 231/231/230
f 51/51/51 232/232/231 233/233/232
f 234/234/233 235/235/234 236/236/235
f 237/237/236 238/238/237 239/239/238
f 240/240/239 241/241/240 242/242/241
f 243/243/242 205/205/204 244/244/243
f 245/245/244 246/246/245 247/247/246
f 195/195/194 248/248/247 249/249/248
f 250/250/249 251/251/250 252/252/251
f 253/253/252 254/254/253 255/255/254
f 256/256/255 257/257/256 258/258/257
f 259/259/258 175/175/174 260/260/259
f 261/261/260 262/262/261 263/263/262
f 264/264/263 265/265/264 266/266/265
f 267/267/266 268/268/267 269/269/268
f 270/270/269 271/271/270 214/214/213
f 42/42/42 272/272/271 40/40/40
f 273/273/272 274/274/273 275/275/274
f 276/276/275 277/277/276 278/278/277
f 279/279/278 136/136/135 135/135/134
f 280/280/279 281/281/280 282/282/281
f 283/283/282 284/284/283 105/105/105
f 285/285/284 286/286/285 287/287/286
f 288/288/287 203/203/202 243/243/242
f 289/289/288 290/290/289 291/291/290
f 292/292/291 293/293/292 294/294/293
f 295/295/294 296/296/295 297/297/296
f 298/298/297 299/299/298 300/300/299
f 301/301/300 302/302/301 303/303/302
f 304/304/303 305/305/304 306/306/305
f 307/307/306 236/236/235 235/235/234
f 262/262/261 308/308/307 212/212/211
f 309/309/308 310/310/309 311/311/310
f 312/312/311 313/313/312 314/314/313
f 315/315/314 202/202/201 316/316/315
f 266/266/265 117/117/117 317/317/316
f 318/318/317 319/319/318 320/320/319
f 321/321/320 173/173/172 259/259/258
f 31/31/31 322/322/321 323/323/322
f 254/254/253 324/324/323 325/325/324
f 326/326/325 327/327/326 43/43/43
f 328/328/327 329/329/328 330/330/329
f 331/331/330 332/332/331 333/333/332
f 334/334/333 335/335/334 336/336/335
f 337/337/336 338/338/337 339/339/338
f 340/340/339 341/341/340 318/318/317
f 342/342/341 343/343/342 344/344/343
f 345/345/344 346/346/345 347/347/346
f 158/158/157 348/348/347 192/192/191
f 270/270/269 213/213/212 349/349/348
f 325/325/324 350/350/349 351/351/350
f 352/352/351 353/353/103 354/354/352
f 355/355/353 356/356/354 357/357/355
f 358/358/356 359/359/357 360/360/358
f 361/361/359 362/362/360 363/363/361
f 364/364/362 15/15/15 365/365/363
f 366/366/364 289/289/288 367/367/365
f 368/368/366 369/369/367 370/370/368
f 371/371/369 372/372/370 58/58/58
f 54/54/54 373/373/371 52/52/52
f 374/374/372 375/375/373 376/376/374
f 377/377/375 378/378/376 379/379/377
f 99/99/99 380/380/378 211/211/210
f 381/381/379 382/382/380 383/383/381
f 208/208/207 384/384/382 206/206/205
f 385/385/383 386/386/384 387/387/385
f 388/388/386 389/389/387 390/390/388
f 391/391/311 392/392/389 393/393/390
f 394/394/391 395/395/392 396/396/393
f 169/169/168 397/397/394 398/398/395
f 399/399/396 400/400/397 401/401/398
f 402/402/399 403/403/400 161/161/160
f 404/404/401 405/405/402 406/406/403
f 407/407/404 408/408/405 409/409/406
f 410/410/407 411/411/408 412/412/409
f 413/413/410 414/414/411 415/415/412
f 416/416/413 417/417/414 418/418/415
f 419/419/416 420/420/417 421/421/418
f 422/422/419 423/423/420 424/424/421
f 425/425/422 426/426/423 427/427/424
f 266/266/265 428/428/425 264/264/263
f 429/429/426 430/430/427 431/431/428
f 384/384/382 339/339/338 221/221/220
f 432/432/429 178/178/177 177/177/176
f 433/433/430 434/434/431 435/435/432
f 436/436/433 437/437/434 438/438/435
f 439/439/436 440/440/437 201/201/200
f 193/193/192 348/348/347 441/441/438
f 442/442/439 235/235/234 178/178/177
f 443/443/440 444/444/441 379/379/377
f 445/445/442 446/446/443 447/447/444
f 448/448/445 449/449/446 450/450/447
f 451/451/448 238/238/237 452/452/449
f 453/453/450 454/454/451 366/366/364
f 455/455/413 456/456/452 457/457/453
f 457/457/453 458/458/454 455/455/413
f 459/459/455 460/460/456 461/461/457
f 258/258/257 462/462/458 463/463/459
f 464/464/460 277/277/276 465/465/461
f 447/447/444 466/466/462 467/467/463
f 468/468/464 378/378/376 469/469/465
f 470/470/466 379/379/377 378/378/376
f 471/471/467 470/470/466 468/468/464
f 470/470/466 472/472/468 443/443/440
f 473/473/469 48/48/48 444/444/441
f 474/474/470 475/475/471 476/476/472
f 477/477/473 146/146/145 478/478/474
f 479/479/475 480/480/476 481/481/477
f 482/482/478 483/483/91 484/484/479
f 485/485/480 486/486/481 100/100/100
f 487/487/482 488/488/483 489/489/484
f 490/490/485 491/491/486 492/492/487
f 492/492/487 493/493/488 494/494/470
f 495/495/489 496/496/490 491/491/486
f 491/491/486 497/497/491 493/493/488
f 498/498/492 499/499/493 500/500/494
f 501/501/495 502/502/496 503/503/497
f 174/174/173 504/504/498 175/175/174
f 505/505/499 506/506/500 140/140/139
f 507/507/501 434/434/431 508/508/502
f 509/509/503 510/510/23 511/511/504
f 512/512/505 264/264/263 428/428/425
f 513/513/506 514/514/507 515/515/508
f 516/516/509 517/517/510 518/518/511
f 16/16/16 153/153/152 519/519/512
f 39/39/39 520/520/513 37/37/37
f 521/521/514 522/522/515 523/523/516
f 281/281/280 524/524/517 282/282/281
f 215/215/214 525/525/518 526/526/519
f 527/527/520 528/528/521 382/382/380
f 529/529/522 530/530/523 531/531/524
f 532/532/525 533/533/526 534/534/527
f 535/535/528 536/536/529 537/537/530
f 538/538/531 144/144/143 539/539/532
f 387/387/385 540/540/533 541/541/534
f 467/467/463 542/542/535 543/543/536
f 386/386/384 544/544/537 540/540/533
f 545/545/538 546/546/539 547/547/540
f 548/548/541 549/549/542 550/550/543
f 551/551/544 552/552/545 553/553/546
f 554/554/547 555/555/548 556/556/549
f 557/557/550 423/423/420 558/558/551
f 559/559/552 560/560/553 561/561/554
f 561/561/554 562/562/555 563/563/556
f 115/115/115 564/564/557 560/560/553
f 560/560/553 565/565/455 562/562/555
f 559/559/552 566/566/558 567/567/559
f 567/567/559 568/568/560 569/569/561
f 561/561/554 570/570/562 566/566/558
f 566/566/558 571/571/563 568/568/560
f 203/203/202 572/572/564 573/573/565
f 172/172/171 574/574/566 170/170/169
f 575/575/567 576/576/568 577/577/569
f 578/578/570 579/579/571 580/580/572
f 101/101/101 581/581/573 305/305/304
f 305/305/304 582/582/574 583/583/148
f 100/100/100 584/584/575 581/581/573
f 581/581/573 585/585/576 582/582/574
f 337/337/336 586/586/577 124/124/124
f 587/587/578 505/505/499 588/588/579
f 589/589/580 590/590/581 591/591/582
f 592/592/583 481/481/477 593/593/584
f 228/228/227 594/594/585 145/145/144
f 595/595/586 596/596/587 597/597/588
f 598/598/92 599/599/589 600/600/590
f 601/601/591 86/86/86 85/85/85
f 602/602/592 603/603/593 345/345/344
f 221/221/220 206/206/205 384/384/382
f 604/604/594 204/204/203 36/36/36
f 605/605/595 32/32/32 323/323/322
f 98/98/98 606/606/596 607/607/597
f 200/200/199 608/608/598 609/609/599
f 610/610/600 607/607/597 606/606/596
f 484/484/479 611/611/601 612/612/602
f 274/274/273 357/357/355 356/356/354
f 613/613/603 51/51/51 614/614/604
f 615/615/605 437/437/434 616/616/606
f 548/548/541 281/281/280 617/617/607
f 110/110/110 618/618/608 281/281/280
f 619/619/391 436/436/433 620/620/609
f 621/621/610 72/72/72 298/298/297
f 456/456/452 622/622/611 55/55/55
f 623/623/612 578/578/570 624/624/613
f 72/72/72 625/625/614 299/299/298
f 626/626/615 71/71/71 627/627/616
f 628/628/292 78/78/78 629/629/617
f 630/630/618 631/631/619 179/179/178
f 632/632/620 69/69/69 633/633/621
f 634/634/217 104/104/104 103/103/103
f 635/635/622 636/636/623 369/369/367
f 637/637/624 406/406/403 405/405/402
f 467/467/463 445/445/442 447/447/444
f 638/638/625 639/639/626 640/640/627
f 641/641/628 642/642/629 168/168/167
f 266/266/265 643/643/630 644/644/631
f 645/645/632 646/646/633 647/647/634
f 344/344/343 648/648/635 342/342/341
f 649/649/636 650/650/637 651/651/638
f 347/347/346 652/652/639 653/653/640
f 237/237/236 654/654/641 452/452/449
f 655/655/642 656/656/643 657/657/644
f 658/658/645 659/659/646 660/660/647
f 661/661/648 662/662/649 663/663/650
f 664/664/651 438/438/435 437/437/434
f 251/251/250 665/665/652 666/666/653
f 667/667/654 668/668/609 669/669/655
f 670/670/656 671/671/44 458/458/454
f 672/672/652 224/224/223 673/673/657
f 415/415/412 402/402/399 674/674/658
f 125/125/125 675/675/659 676/676/660
f 677/677/472 492/492/487 494/494/470
f 678/678/661 679/679/662 680/680/663
f 681/681/664 682/682/665 683/683/666
f 684/684/667 676/676/660 675/675/659
f 685/685/668 686/686/669 687/687/670
f 97/97/97 664/664/651 606/606/596
f 615/615/605 606/606/596 664/664/651
f 684/684/667 367/367/365 688/688/671
f 689/689/672 358/358/356 360/360/358
f 690/690/673 691/691/674 95/95/95
f 506/506/500 692/692/675 141/141/140
f 693/693/676 291/291/290 290/290/289
f 694/694/677 695/695/678 696/696/679
f 697/697/680 369/369/367 636/636/623
f 448/448/445 507/507/501 244/244/243
f 698/698/681 699/699/682 700/700/683
f 701/701/684 691/691/674 506/506/500
f 148/148/147 702/702/685 703/703/686
f 704/704/687 705/705/688 488/488/483
f 95/95/95 706/706/689 93/93/93
f 10/10/10 179/179/178 707/707/690
f 708/708/691 709/709/692 710/710/693
f 711/711/694 712/712/695 84/84/84
f 713/713/696 714/714/697 197/197/196
f 172/172/171 715/715/698 708/708/691
f 716/716/699 708/708/691 717/717/700
f 488/488/483 706/706/689 701/701/684
f 718/718/701 719/719/702 720/720/703
f 721/721/704 722/722/705 723/723/706
f 397/397/394 492/492/487 724/724/707
f 725/725/708 726/726/517 727/727/709
f 728/728/710 729/729/131 695/695/678
f 730/730/711 731/731/712 732/732/713
f 733/733/714 734/734/715 76/76/76
f 735/735/716 736/736/717 737/737/718
f 738/738/719 739/739/720 740/740/721
f 214/214/213 741/741/722 212/212/211
f 742/742/723 81/81/81 80/80/80
f 333/333/332 743/743/724 744/744/725
f 745/745/726 738/738/719 746/746/727
f 747/747/728 547/547/540 748/748/687
f 749/749/729 750/750/730 751/751/731
f 752/752/732 753/753/733 754/754/734
f 755/755/735 593/593/584 277/277/276
f 678/678/661 756/756/736 757/757/737
f 758/758/738 759/759/739 532/532/525
f 760/760/740 761/761/741 762/762/742
f 763/763/490 764/764/743 765/765/491
f 766/766/744 27/27/27 26/26/26
f 175/175/174 767/767/745 260/260/259
f 768/768/746 769/769/747 770/770/748
f 771/771/749 526/526/519 525/525/518
f 338/338/337 772/772/750 773/773/751
f 774/774/752 476/476/472 475/475/471
f 53/53/53 352/352/351 250/250/249
f 775/775/753 776/776/754 777/777/755
f 778/778/756 779/779/757 780/780/758
f 781/781/759 782/782/760 27/27/27
f 113/113/113 427/427/424 783/783/761
f 784/784/762 785/785/763 786/786/764
f 244/244/243 217/217/216 448/448/445
f 170/170/169 787/787/765 495/495/489
f 788/788/766 789/789/767 263/263/262
f 478/478/474 148/148/147 703/703/686
f 758/758/738 790/790/768 791/791/737
f 792/792/769 359/359/357 793/793/770
f 794/794/771 217/217/216 216/216/215
f 795/795/772 142/142/141 796/796/773
f 774/774/752 797/797/774 798/798/775
f 799/799/776 800/800/777 797/797/774
f 475/475/471 799/799/776 774/774/752
f 801/801/778 802/802/779 799/799/776
f 798/798/775 803/803/780 310/310/309
f 310/310/309 804/804/781 805/805/782
f 800/800/777 803/803/780 797/797/774
f 803/803/780 806/806/783 804/804/781
f 54/54/54 250/250/249 807/807/784
f 642/642/629 495/495/489 490/490/485
f 808/808/785 809/809/786 810/810/787
f 196/196/195 811/811/788 194/194/193
f 316/316/315 812/812/789 813/813/790
f 813/813/790 814/814/791 815/815/777
f 202/202/201 816/816/792 812/812/789
f 812/812/789 817/817/783 814/814/791
f 813/813/790 776/776/754 316/316/315
f 818/818/793 777/777/755 776/776/754
f 815/815/777 818/818/793 813/813/790
f 819/819/779 820/820/794 818/818/793
f 821/821/795 594/594/585 822/822/796
f 823/823/797 824/824/798 199/199/198
f 39/39/39 723/723/706 722/722/705
f 825/825/799 826/826/800 530/530/523
f 679/679/662 827/827/801 828/828/802
f 828/828/802 829/829/803 830/830/804
f 831/831/805 832/832/806 827/827/801
f 827/827/801 833/833/807 829/829/803
f 828/828/802 680/680/663 679/679/662
f 680/680/663 834/834/808 756/756/736
f 830/830/804 835/835/809 828/828/802
f 835/835/809 836/836/769 834/834/808
f 837/837/810 838/838/591 839/839/811
f 829/829/803 840/840/812 609/609/599
f 124/124/124 413/413/410 365/365/363
f 630/630/618 12/12/12 841/841/813
f 842/842/814 843/843/815 844/844/816
f 591/591/582 845/845/817 846/846/818
f 847/847/819 848/848/820 13/13/13
f 849/849/821 539/539/532 846/846/818
f 850/850/822 851/851/823 852/852/824
f 852/852/824 853/853/825 613/613/603
f 854/854/826 855/855/827 851/851/823
f 851/851/823 856/856/828 853/853/825
f 852/852/824 857/857/829 850/850/822
f 858/858/830 859/859/831 857/857/829
f 852/852/824 614/614/604 858/858/830
f 858/858/830 860/860/832 861/861/833
f 850/850/822 862/862/834 863/863/835
f 863/863/835 864/864/836 865/865/260
f 857/857/829 866/866/837 862/862/834
f 862/862/834 867/867/307 864/864/836
f 863/863/835 854/854/826 850/850/822
f 868/868/838 869/869/839 854/854/826
f 865/865/260 868/868/838 863/863/835
f 870/870/840 871/871/841 868/868/838
f 469/469/465 872/872/488 468/468/464
f 873/873/842 76/76/76 874/874/843
f 875/875/844 876/876/845 733/733/714
f 877/877/846 878/878/847 879/879/848
f 880/880/849 881/881/850 882/882/851
f 883/883/852 185/185/184 187/187/186
f 884/884/576 885/885/853 886/886/854
f 811/811/788 449/449/446 794/794/771
f 887/887/4 888/888/855 889/889/856
f 398/398/395 890/890/857 891/891/858
f 892/892/859 893/893/308 890/890/857
f 397/397/394 892/892/859 398/398/395
f 724/724/707 894/894/860 892/892/859
f 891/891/858 895/895/861 90/90/90
f 895/895/861 91/91/91 90/90/90
f 890/890/857 896/896/310 895/895/861
f 895/895/861 897/897/862 898/898/601
f 899/899/863 324/324/323 900/900/864
f 901/901/865 518/518/511 673/673/657
f 654/654/641 810/810/787 809/809/786
f 249/249/248 196/196/195 195/195/194
f 902/902/866 450/450/447 635/635/622
f 903/903/867 66/66/66 654/654/641
f 718/718/701 318/318/317 904/904/868
f 905/905/439 906/906/869 907/907/306
f 908/908/870 134/134/133 136/136/135
f 909/909/871 910/910/872 911/911/873
f 912/912/874 913/913/539 126/126/126
f 914/914/875 915/915/680 916/916/876
f 846/846/818 917/917/877 849/849/821
f 918/918/878 919/919/879 631/631/619
f 920/920/880 904/904/868 921/921/881
f 922/922/882 923/923/883 41/41/41
f 715/715/698 924/924/884 709/709/692
f 357/357/355 719/719/702 355/355/353
f 191/191/190 516/516/509 901/901/865
f 925/925/885 926/926/886 793/793/770
f 916/916/876 651/651/638 914/914/875
f 927/927/887 928/928/888 929/929/889
f 930/930/890 651/651/638 650/650/637
f 931/931/891 670/670/656 457/457/453
f 465/465/461 932/932/892 147/147/146
f 438/438/435 660/660/647 933/933/655
f 275/275/274 711/711/694 521/521/514
f 9/9/9 934/934/893 7/7/7
f 57/57/57 931/931/891 55/55/55
f 935/935/894 885/885/853 696/696/679
f 936/936/895 280/280/279 937/937/896
f 938/938/897 304/304/303 908/908/870
f 939/939/898 56/56/56 940/940/899
f 544/544/537 941/941/2 540/540/533
f 625/625/614 392/392/389 942/942/900
f 314/314/313 943/943/901 944/944/902
f 945/945/902 638/638/625 942/942/900
f 946/946/903 947/947/904 948/948/905
f 949/949/906 155/155/154 947/947/904
f 950/950/907 949/949/906 946/946/903
f 951/951/908 952/952/909 949/949/906
f 948/948/905 953/953/910 954/954/911
f 954/954/911 873/873/842 874/874/843
f 947/947/904 157/157/156 953/953/910
f 953/953/910 955/955/912 873/873/842
f 954/954/911 956/956/913 948/948/905
f 957/957/914 958/958/21 956/956/913
f 874/874/843 957/957/914 954/954/911
f 959/959/915 960/960/19 957/957/914
f 948/948/905 961/961/916 946/946/903
f 946/946/903 962/962/917 950/950/907
f 956/956/913 963/963/918 961/961/916
f 961/961/916 964/964/919 962/962/917
f 824/824/798 965/965/920 600/600/590
f 795/795/772 966/966/921 588/588/579
f 967/967/922 968/968/923 966/966/921
f 796/796/773 967/967/922 795/795/772
f 967/967/922 232/232/231 969/969/924
f 588/588/579 970/970/925 587/587/578
f 587/587/578 971/971/926 972/972/208
f 966/966/921 973/973/927 970/970/925
f 970/970/925 974/974/928 971/971/926
f 975/975/929 351/351/350 350/350/349
f 976/976/930 600/600/590 599/599/589
f 977/977/931 978/978/932 647/647/634
f 979/979/933 719/719/702 924/924/884
f 921/921/881 980/980/758 981/981/757
f 678/678/661 982/982/768 296/296/295
f 983/983/368 984/984/934 134/134/133
f 737/737/718 985/985/896 986/986/279
f 987/987/935 984/984/934 914/914/875
f 717/717/700 710/710/693 988/988/26
f 989/989/936 530/530/523 826/826/800
f 990/990/937 710/710/693 709/709/692
f 991/991/938 329/329/328 992/992/939
f 94/94/94 676/676/660 272/272/271
f 921/921/881 607/607/597 920/920/880
f 259/259/258 993/993/940 321/321/320
f 994/994/941 127/127/45 671/671/44
f 994/994/941 453/453/450 675/675/659
f 995/995/617 754/754/734 996/996/942
f 997/997/646 531/531/524 998/998/943
f 999/999/944 1000/1000/945 1001/1001/946
f 627/627/616 1002/1002/947 436/436/433
f 268/268/267 771/771/749 525/525/518
f 1003/1003/281 737/737/718 986/986/279
f 1004/1004/948 590/590/581 1005/1005/949
f 1006/1006/950 411/411/408 1007/1007/951
f 1008/1008/952 1009/1009/953 940/940/899
f 1010/1010/386 1011/1011/510 1012/1012/954
f 1013/1013/313 942/942/900 392/392/389
f 183/183/182 856/856/828 1014/1014/955
f 1015/1015/956 1016/1016/957 412/412/409
f 49/49/49 853/853/825 183/183/182
f 180/180/179 919/919/879 1017/1017/958
f 1018/1018/959 1019/1019/122 1020/1020/960
f 1021/1021/961 227/227/226 1022/1022/962
f 1023/1023/963 692/692/675 690/690/673
f 1024/1024/964 1025/1025/965 195/195/194
f 612/612/602 440/440/437 484/484/479
f 1026/1026/966 201/201/200 440/440/437
f 1027/1027/782 1026/1026/966 612/612/602
f 1028/1028/781 816/816/792 1026/1026/966
f 1029/1029/967 608/608/598 1030/1030/968
f 311/311/310 805/805/782 1031/1031/862
f 452/452/449 809/809/786 451/451/448
f 1032/1032/30 643/643/630 1033/1033/28
f 156/156/155 1034/1034/969 875/875/844
f 882/882/851 1035/1035/636 1036/1036/876
f 1037/1037/388 518/518/511 517/517/510
f 1038/1038/970 1016/1016/957 879/879/848
f 1039/1039/971 304/304/303 306/306/305
f 1040/1040/972 707/707/690 1041/1041/973
f 1042/1042/974 1043/1043/975 595/595/586
f 1044/1044/860 798/798/775 309/309/308
f 1025/1025/965 1045/1045/976 248/248/247
f 240/240/239 18/18/18 17/17/17
f 1046/1046/977 199/199/198 18/18/18
f 242/242/241 1046/1046/977 240/240/239
f 1047/1047/978 197/197/196 1046/1046/977
f 535/535/528 1005/1005/949 590/590/581
f 1048/1048/979 770/770/748 1049/1049/980
f 147/147/146 1050/1050/981 148/148/147
f 1051/1051/982 1052/1052/983 5/5/5
f 1053/1053/984 1054/1054/985 31/31/31
f 824/824/798 18/18/18 199/199/198
f 1055/1055/986 1029/1029/967 1030/1030/968
f 1056/1056/987 683/683/666 1057/1057/988
f 1058/1058/989 573/573/565 572/572/564
f 553/553/546 1059/1059/990 1060/1060/991
f 169/169/168 340/340/339 167/167/166
f 1061/1061/992 263/263/262 262/262/261
f 703/703/686 1062/1062/993 1063/1063/994
f 701/701/684 489/489/484 488/488/483
f 573/573/565 36/36/36 204/204/203
f 1064/1064/995 714/714/697 1065/1065/996
f 1066/1066/366 306/306/305 1067/1067/150
f 807/807/784 543/543/536 54/54/54
f 1068/1068/540 1069/1069/997 705/705/688
f 1070/1070/621 1071/1071/998 375/375/373
f 167/167/166 718/718/701 720/720/703
f 901/901/865 1072/1072/999 191/191/190
f 557/557/550 689/689/672 47/47/47
f 641/641/628 720/720/703 979/979/933
f 786/786/764 781/781/759 784/784/762
f 145/145/144 229/229/228 228/228/227
f 676/676/660 912/912/874 125/125/125
f 822/822/796 655/655/642 657/657/644
f 98/98/98 981/981/757 96/96/96
f 94/94/94 690/690/673 95/95/95
f 1073/1073/1000 914/914/875 651/651/638
f 1074/1074/1001 1069/1069/997 912/912/874
f 27/27/27 1075/1075/1002 25/25/25
f 1076/1076/744 275/275/274 1077/1077/1003
f 536/536/529 1078/1078/1004 1079/1079/1005
f 650/650/637 109/109/109 930/930/890
f 1080/1080/709 618/618/608 650/650/637
f 464/464/460 12/12/12 11/11/11
f 675/675/659 366/366/364 684/684/667
f 1081/1081/1006 722/722/705 1082/1082/1007
f 37/37/37 1083/1083/1008 1084/1084/1009
f 83/83/83 711/711/694 84/84/84
f 1085/1085/765 1086/1086/1010 763/763/490
f 40/40/40 684/684/667 688/688/671
f 1087/1087/1011 616/616/606 712/712/695
f 1087/1087/1011 610/610/600 615/615/605
f 275/275/274 523/523/516 1077/1077/1003
f 422/422/419 1088/1088/1012 1089/1089/1013
f 1002/1002/947 616/616/606 437/437/434
f 75/75/75 1090/1090/1014 73/73/73
f 1091/1091/1015 841/841/813 12/12/12
f 70/70/70 712/712/695 616/616/606
f 75/75/75 522/522/515 83/83/83
f 55/55/55 457/457/453 456/456/452
f 1092/1092/1016 57/57/57 56/56/56
f 627/627/616 1093/1093/393 626/626/615
f 1094/1094/666 1095/1095/1017 1096/1096/1018
f 395/395/392 236/236/235 1097/1097/1019
f 1098/1098/1020 234/234/233 395/395/392
f 744/744/725 111/111/111 1099/1099/1021
f 617/617/607 1100/1100/1022 548/548/541
f 940/940/899 622/622/611 1008/1008/952
f 1101/1101/1023 937/937/896 389/389/387
f 67/67/67 1008/1008/952 622/622/611
f 1102/1102/1024 879/879/848 1016/1016/957
f 1103/1103/1025 24/24/24 1104/1104/1026
f 1061/1061/992 1105/1105/1027 1106/1106/1028
f 1107/1107/1029 796/796/773 1108/1108/1030
f 1109/1109/1031 363/363/361 1110/1110/1032
f 1111/1111/1033 1101/1101/1023 388/388/386
f 632/632/620 1112/1112/1025 1008/1008/952
f 299/299/298 942/942/900 638/638/625
f 1113/1113/1034 696/696/679 885/885/853
f 1114/1114/1035 940/940/899 1009/1009/953
f 1115/1115/1035 1116/1116/1036 409/409/406
f 848/848/820 123/123/123 14/14/14
f 1117/1117/1037 198/198/197 1064/1064/995
f 794/794/771 782/782/760 811/811/788
f 588/588/579 140/140/139 795/795/772
f 1118/1118/1038 1119/1119/1039 693/693/676
f 255/255/254 325/325/324 1120/1120/1040
f 1121/1121/1041 1122/1122/1042 1123/1123/1043
f 1063/1063/994 478/478/474 703/703/686
f 89/89/89 107/107/107 87/87/87
f 1124/1124/1044 773/773/751 772/772/750
f 633/633/621 1125/1125/22 632/632/620
f 2/2/2 63/63/63 3/3/3
f 35/35/35 1126/1126/699 1127/1127/1045
f 1128/1128/1046 1129/1129/1047 1130/1130/1048
f 1131/1131/1049 1116/1116/1036 1104/1104/1026
f 446/446/443 1132/1132/1050 1133/1133/1051
f 1134/1134/1052 1135/1135/1053 264/264/263
f 808/808/785 772/772/750 1136/1136/1054
f 1137/1137/1055 1104/1104/1026 24/24/24
f 943/943/901 1138/1138/1056 1139/1139/1057
f 428/428/425 1140/1140/1058 512/512/505
f 151/151/150 1141/1141/1059 368/368/366
f 1142/1142/1060 647/647/634 978/978/932
f 1143/1143/1061 1144/1144/1062 1145/1145/428
f 1146/1146/1063 726/726/517 1132/1132/1050
f 1147/1147/534 762/762/742 1148/1148/385
f 767/767/745 1149/1149/1064 1150/1150/1065
f 952/952/909 1151/1151/1066 155/155/154
f 1152/1152/1067 1153/1153/1068 1154/1154/1069
f 1155/1155/1070 882/882/851 636/636/623
f 807/807/784 252/252/251 445/445/442
f 1092/1092/1016 177/177/176 1156/1156/1071
f 1157/1157/1072 1158/1158/1073 1159/1159/1074
f 575/575/567 1160/1160/1075 789/789/767
f 36/36/36 1127/1127/1045 604/604/594
f 1161/1161/1076 335/335/334 1162/1162/1077
f 667/667/654 530/530/523 662/662/649
f 1163/1163/1078 1164/1164/1079 545/545/538
f 62/62/62 1165/1165/1080 63/63/63
f 1166/1166/1081 1167/1167/1082 422/422/419
f 1146/1146/1063 735/735/716 737/737/718
f 1168/1168/1083 1110/1110/1032 363/363/361
f 1169/1169/1084 1170/1170/1085 1171/1171/1086
f 1172/1172/318 600/600/590 965/965/920
f 1173/1173/1087 1174/1174/1088 554/554/547
f 1175/1175/1089 1176/1176/1090 1177/1177/1091
f 431/431/428 1178/1178/1092 1179/1179/1061
f 1180/1180/1093 1181/1181/1094 1176/1176/1090
f 1157/1157/1072 1182/1182/1095 1183/1183/1096
f 1184/1184/1097 1185/1185/1098 1186/1186/1099
f 1187/1187/1100 770/770/748 769/769/747
f 1188/1188/1101 760/760/740 762/762/742
f 555/555/548 1189/1189/1102 556/556/549
f 239/239/238 158/158/157 192/192/191
f 569/569/561 1084/1084/1009 567/567/559
f 1190/1190/1103 460/460/456 1191/1191/1104
f 1192/1192/293 995/995/617 996/996/942
f 908/908/870 1163/1163/1078 938/938/897
f 1193/1193/1105 1194/1194/1106 736/736/717
f 743/743/724 1195/1195/1107 112/112/112
f 1196/1196/1108 911/911/873 361/361/359
f 1197/1197/1109 404/404/401 121/121/121
f 673/673/657 226/226/225 901/901/865
f 1198/1198/1110 1199/1199/1111 927/927/887
f 244/244/243 508/508/502 243/243/242
f 736/736/717 1200/1200/387 985/985/896
f 1201/1201/1081 1086/1086/1010 86/86/86
f 1202/1202/1112 481/481/477 1203/1203/1113
f 508/508/502 1129/1129/1047 243/243/242
f 291/291/290 367/367/365 289/289/288
f 1204/1204/1114 1205/1205/1115 1206/1206/1116
f 85/85/85 1207/1207/811 601/601/591
f 1208/1208/1117 1209/1209/1118 1210/1210/1119
f 1211/1211/1120 1020/1020/960 1019/1019/122
f 955/955/912 733/733/714 873/873/842
f 1156/1156/1071 1212/1212/1121 1092/1092/1016
f 1213/1213/1122 1214/1214/1123 1215/1215/1124
f 1216/1216/1125 1217/1217/1126 1218/1218/1127
f 1063/1063/994 1219/1219/1128 268/268/267
f 1220/1220/1129 1221/1221/1130 1222/1222/311
f 1223/1223/1131 1055/1055/986 1030/1030/968
f 1224/1224/1132 824/824/798 976/976/930
f 1225/1225/1133 1226/1226/1134 1227/1227/114
f 1228/1228/1135 1229/1229/1136 1230/1230/1137
f 1231/1231/1138 1232/1232/1139 991/991/938
f 1233/1233/1140 1234/1234/1141 1203/1203/1113
f 1235/1235/1142 1236/1236/1143 1237/1237/1144
f 685/685/668 907/907/306 906/906/869
f 1238/1238/1145 333/333/332 744/744/725
f 1239/1239/1146 1240/1240/1147 1241/1241/1148
f 844/844/816 860/860/832 842/842/814
f 108/108/108 1242/1242/1149 418/418/415
f 987/987/935 326/326/325 1243/1243/1150
f 1244/1244/1151 1245/1245/1152 1246/1246/1153
f 688/688/671 922/922/882 40/40/40
f 1247/1247/993 1246/1246/1153 1248/1248/1128
f 315/315/314 1030/1030/968 608/608/598
f 1249/1249/1154 999/999/944 1001/1001/946
f 1250/1250/341 1251/1251/1155 1173/1173/1087
f 1252/1252/1156 1004/1004/948 906/906/869
f 14/14/14 365/365/363 15/15/15
f 1184/1184/1097 1246/1246/1153 1245/1245/1152
f 1253/1253/264 187/187/186 1254/1254/630
f 539/539/532 591/591/582 846/846/818
f 1255/1255/1157 1256/1256/1158 1257/1257/1159
f 1258/1258/1160 1259/1259/1161 1260/1260/1162
f 849/849/821 1022/1022/962 538/538/531
f 1261/1261/1163 823/823/797 1262/1262/1164
f 211/211/210 1263/1263/482 209/209/208
f 1237/1237/1144 451/451/448 809/809/786
f 1264/1264/1165 1265/1265/1166 1160/1160/1075
f 1097/1097/1019 396/396/393 395/395/392
f 1266/1266/1167 1267/1267/1168 143/143/142
f 298/298/297 82/82/82 621/621/610
f 1268/1268/1169 1269/1269/1170 1270/1270/1171
f 861/861/833 1271/1271/1172 859/859/831
f 1272/1272/1173 1273/1273/595 1274/1274/1174
f 1275/1275/1175 1059/1059/990 1276/1276/1176
f 408/408/405 1277/1277/1177 1252/1252/1156
f 785/785/763 542/542/535 1278/1278/1178
f 1279/1279/1179 624/624/613 750/750/730
f 1280/1280/1180 1281/1281/1181 1282/1282/1182
f 1283/1283/1183 1284/1284/1184 1232/1232/1139
f 1285/1285/1185 89/89/89 88/88/88
f 1286/1286/1186 427/427/424 426/426/423
f 1124/1124/1044 1287/1287/1187 1288/1288/1188
f 793/793/770 1289/1289/1189 925/925/885
f 1290/1290/1190 45/45/45 1291/1291/126
f 486/486/481 1292/1292/1191 721/721/704
f 274/274/273 1087/1087/1011 711/711/694
f 975/975/929 1293/1293/1192 909/909/871
f 1294/1294/1193 1020/1020/960 1295/1295/1194
f 1296/1296/1195 226/226/225 225/225/224
f 1297/1297/1196 1064/1064/995 1108/1108/1030
f 1183/1183/1096 1298/1298/863 1299/1299/1197
f 241/241/240 154/154/153 1300/1300/1198
f 1301/1301/1199 811/811/788 782/782/760
f 1302/1302/808 793/793/770 926/926/886
f 686/686/669 537/537/530 1303/1303/1200
f 1304/1304/1201 1305/1305/1202 738/738/719
f 1306/1306/1203 623/623/612 1307/1307/1204
f 657/657/644 1308/1308/1205 287/287/286
f 1260/1260/1162 1158/1158/1073 1309/1309/1206
f 1310/1310/128 1311/1311/1207 1312/1312/129
f 859/859/831 1313/1313/1208 866/866/837
f 784/784/762 766/766/744 1314/1314/1003
f 1236/1236/1143 159/159/158 451/451/448
f 439/439/436 609/609/599 840/840/812
f 1275/1275/1175 1315/1315/347 1316/1316/1209
f 1317/1317/1210 661/661/648 663/663/650
f 119/119/119 317/317/316 117/117/117
f 1318/1318/1211 1319/1319/1212 1138/1138/1056
f 1320/1320/438 1276/1276/1176 1321/1321/1213
f 595/595/586 164/164/163 1042/1042/974
f 1138/1138/1056 1322/1322/1214 1323/1323/1215
f 1272/1272/1173 63/63/63 1165/1165/1080
f 1190/1190/1103 1324/1324/1216 1325/1325/1217
f 1326/1326/1218 878/878/847 1041/1041/973
f 380/380/378 748/748/687 1263/1263/482
f 1139/1139/1057 1323/1323/1215 62/62/62
f 1108/1108/1030 1065/1065/996 1107/1107/1029
f 414/414/411 1327/1327/1219 403/403/400
f 1328/1328/1220 1329/1329/1221 1330/1330/457
f 860/860/832 1107/1107/1029 1065/1065/996
f 432/432/429 939/939/898 1114/1114/1035
f 1331/1331/1222 1208/1208/1117 1210/1210/1119
f 193/193/192 1332/1332/1213 516/516/509
f 959/959/915 76/76/76 78/78/78
f 1333/1333/118 1334/1334/1223 698/698/681
f 1335/1335/1076 8/8/8 1336/1336/476
f 511/511/504 1337/1337/372 1338/1338/374
f 1339/1339/1224 257/257/256 1340/1340/1225
f 1338/1338/374 553/553/546 511/511/504
f 1051/1051/982 1195/1195/1107 1341/1341/1226
f 260/260/259 1150/1150/1065 1342/1342/1227
f 746/746/727 740/740/721 301/301/300
f 1343/1343/1228 1153/1153/1068 1344/1344/1229
f 755/755/735 11/11/11 1345/1345/1230
f 1346/1346/1231 1151/1151/1066 1347/1347/1232
f 143/143/142 526/526/519 1266/1266/1167
f 830/830/804 609/609/599 608/608/598
f 1348/1348/1233 1349/1349/1005 1350/1350/1234
f 1351/1351/1235 223/223/222 1042/1042/974
f 1352/1352/1236 406/406/403 1353/1353/1237
f 1354/1354/1238 1355/1355/1239 1356/1356/1240
f 1357/1357/1241 210/210/209 1358/1358/1242
f 1343/1343/1228 1359/1359/1243 1360/1360/1244
f 1060/1060/991 1361/1361/1245 1362/1362/1246
f 1344/1344/1229 1363/1363/1247 1343/1343/1228
f 1364/1364/1248 1202/1202/1112 1365/1365/1249
f 1366/1366/1250 1367/1367/1251 509/509/503
f 1368/1368/1252 1369/1369/727 1281/1281/1181
f 1370/1370/1253 1371/1371/1254 1372/1372/1126
f 107/107/107 1373/1373/1255 1374/1374/1256
f 640/640/627 1375/1375/61 544/544/537
f 1376/1376/1257 1215/1215/1124 1214/1214/1123
f 1377/1377/1258 1378/1378/1259 1215/1215/1124
f 1379/1379/1260 1377/1377/1258 1376/1376/1257
f 1377/1377/1258 1286/1286/1186 1380/1380/1041
f 1362/1362/1246 509/509/503 1060/1060/991
f 180/180/179 1381/1381/1261 181/181/180
f 1382/1382/1262 1383/1383/1263 1384/1384/1264
f 1385/1385/1265 1218/1218/1127 1386/1386/1266
f 1387/1387/1267 421/421/418 271/271/270
f 759/759/739 515/515/508 533/533/526
f 992/992/939 1388/1388/1268 1383/1383/1263
f 1383/1383/1263 1389/1389/1269 1390/1390/1270
f 329/329/328 1391/1391/1122 1388/1388/1268
f 1388/1388/1268 1392/1392/1271 1389/1389/1269
f 1393/1393/736 926/926/886 1394/1394/1272
f 1395/1395/864 1299/1299/1197 1298/1298/863
f 1396/1396/1273 1231/1231/1138 1199/1199/1111
f 1397/1397/1274 1398/1398/587 1399/1399/1275
f 1400/1400/588 1401/1401/1276 1384/1384/1264
f 1402/1402/1277 1248/1248/1128 1246/1246/1153
f 1317/1317/1210 1403/1403/1278 234/234/233
f 216/216/215 1075/1075/1002 794/794/771
f 1036/1036/876 636/636/623 882/882/851
f 500/500/494 1404/1404/1279 283/283/282
f 212/212/211 1061/1061/992 262/262/261
f 1255/1255/1157 1021/1021/961 1405/1405/1280
f 66/66/66 1406/1406/1281 810/810/787
f 1231/1231/1138 992/992/939 1382/1382/1262
f 450/450/447 1407/1407/1282 1408/1408/1283
f 528/528/521 1409/1409/1284 382/382/380
f 1410/1410/1285 1411/1411/1286 1412/1412/1287
f 1350/1350/1234 1312/1312/129 1311/1311/1207
f 1405/1405/1280 137/137/136 1363/1363/1247
f 1122/1122/1042 1413/1413/1271 1123/1123/1043
f 1414/1414/1288 1415/1415/1289 1416/1416/1290
f 1411/1411/1286 1417/1417/1291 1418/1418/1292
f 1243/1243/1150 43/43/43 1290/1290/1190
f 1278/1278/1178 786/786/764 785/785/763
f 1060/1060/991 511/511/504 553/553/546
f 1267/1267/1168 539/539/532 144/144/143
f 1274/1274/1174 3/3/3 1272/1272/1173
f 842/842/814 1065/1065/996 714/714/697
f 110/110/110 550/550/543 108/108/108
f 1119/1119/1039 189/189/188 291/291/290
f 1072/1072/999 903/903/867 237/237/236
f 1419/1419/626 1139/1139/1057 62/62/62
f 1420/1420/1251 24/24/24 23/23/23
f 490/490/485 168/168/167 642/642/629
f 1421/1421/574 1422/1422/854 435/435/432
f 357/357/355 709/709/692 924/924/884
f 1423/1423/1293 700/700/683 699/699/682
f 1424/1424/1294 1425/1425/1295 700/700/683
f 1426/1426/1296 1427/1427/1297 1425/1425/1295
f 579/579/571 1426/1426/1296 1424/1424/1294
f 1428/1428/1298 1429/1429/959 1426/1426/1296
f 700/700/683 1430/1430/1299 698/698/681
f 698/698/681 1431/1431/1300 1333/1333/118
f 1425/1425/1295 1432/1432/1222 1430/1430/1299
f 1430/1430/1299 1433/1433/1301 1431/1431/1300
f 1073/1073/1000 1434/1434/1302 326/326/325
f 821/821/795 286/286/285 269/269/268
f 255/255/254 1435/1435/1303 253/253/252
f 1436/1436/1304 696/696/679 695/695/678
f 597/597/588 1437/1437/1305 595/595/586
f 253/253/252 1438/1438/1306 1439/1439/1307
f 1439/1439/1307 1440/1440/1308 653/653/640
f 1435/1435/1303 1441/1441/162 1438/1438/1306
f 1438/1438/1306 1442/1442/624 1440/1440/1308
f 1443/1443/1309 1052/1052/983 1341/1341/1226
f 1264/1264/1165 577/577/569 502/502/496
f 1136/1136/1054 123/123/123 1235/1235/1142
f 1444/1444/1310 1017/1017/958 1445/1445/1311
f 8/8/8 1446/1446/1140 1336/1336/476
f 7/7/7 1052/1052/983 1447/1447/1312
f 1448/1448/1313 1449/1449/945 1450/1450/1314
f 207/207/206 1451/1451/1315 1096/1096/1018
f 1452/1452/1316 1450/1450/1314 1453/1453/1317
f 1402/1402/1277 1186/1186/1099 1454/1454/1318
f 1455/1455/1154 1456/1456/1319 1457/1457/712
f 1458/1458/1320 1459/1459/1321 1460/1460/1322
f 1214/1214/1123 1461/1461/1323 1376/1376/1257
f 1462/1462/1324 599/599/589 1463/1463/1325
f 233/233/232 1464/1464/1326 1107/1107/1029
f 1465/1465/1327 207/207/206 1327/1327/1219
f 1316/1316/1209 1416/1416/1290 1415/1415/1289
f 305/305/304 1067/1067/150 306/306/305
f 1466/1466/1328 1467/1467/1329 753/753/733
f 1468/1468/1330 1469/1469/1331 1214/1214/1123
f 1458/1458/1320 1470/1470/1332 1110/1110/1032
f 351/351/350 1120/1120/1040 325/325/324
f 1417/1417/1291 1471/1471/1333 527/527/520
f 1319/1319/1212 381/381/379 1322/1322/1214
f 1472/1472/369 1137/1137/1055 1420/1420/1251
f 1360/1360/1244 1473/1473/1334 1131/1131/1049
f 1474/1474/1335 1122/1122/1042 1475/1475/1336
f 1476/1476/1337 689/689/672 1477/1477/755
f 1175/1175/1089 1478/1478/1338 1258/1258/1160
f 1479/1479/1339 297/297/296 1480/1480/1340
f 845/845/817 1277/1277/1177 917/917/877
f 1456/1456/1319 1110/1110/1032 1470/1470/1332
f 1143/1143/1061 1355/1355/1239 1409/1409/1284
f 1409/1409/1284 383/383/381 382/382/380
f 1481/1481/1341 419/419/416 1387/1387/1267
f 1482/1482/1342 1144/1144/1062 528/528/521
f 1483/1483/1343 435/435/432 1422/1422/854
f 17/17/17 152/152/151 240/240/239
f 1484/1484/1344 1485/1485/1345 1310/1310/128
f 1149/1149/1064 1297/1297/1196 1486/1486/1346
f 1487/1487/726 1488/1488/1347 1395/1395/864
f 1309/1309/1206 1183/1183/1096 1489/1489/1348
f 53/53/53 220/220/219 219/219/218
f 1242/1242/1149 1490/1490/69 1491/1491/1349
f 1489/1489/1348 1299/1299/1197 1181/1181/1094
f 555/555/548 1482/1482/1342 1492/1492/1350
f 514/514/507 1167/1167/1082 837/837/810
f 1493/1493/1351 1453/1453/1317 1450/1450/1314
f 1269/1269/1170 500/500/494 1494/1494/1352
f 41/41/41 1342/1342/1227 1023/1023/963
f 1368/1368/1252 1495/1495/1353 1488/1488/1347
f 927/927/887 1189/1189/1102 1198/1198/1110
f 554/554/547 1397/1397/1274 1173/1173/1087
f 919/919/879 287/287/286 1308/1308/1205
f 1496/1496/1354 993/993/940 922/922/882
f 1497/1497/398 1210/1210/1119 1209/1209/1118
f 1498/1498/1355 1132/1132/1050 725/725/708
f 673/673/657 1499/1499/1356 672/672/652
f 160/160/159 1500/1500/1290 158/158/157
f 139/139/138 1501/1501/1357 407/407/404
f 1177/1177/1091 656/656/643 1175/1175/1089
f 119/119/119 1502/1502/1300 1503/1503/1358
f 65/65/65 430/430/427 1406/1406/1281
f 346/346/345 302/302/301 652/652/639
f 303/303/302 1504/1504/1359 1306/1306/1203
f 21/21/21 1083/1083/1008 1505/1505/918
f 1506/1506/1360 1160/1160/1075 1265/1265/1166
f 1505/1505/918 520/520/513 1507/1507/919
f 279/279/278 1290/1290/1190 1164/1164/1079
f 580/580/572 624/624/613 578/578/570
f 1508/1508/1361 844/844/816 843/843/815
f 1223/1223/1131 316/316/315 776/776/754
f 604/604/594 25/25/25 1075/1075/1002
f 1313/1313/1208 1509/1509/348 1510/1510/212
f 1511/1511/1362 421/421/418 420/420/417
f 252/252/251 666/666/653 1193/1193/1105
f 1512/1512/1363 779/779/757 174/174/173
f 278/278/277 593/593/584 1202/1202/1112
f 294/294/293 116/116/116 292/292/291
f 1513/1513/1364 1514/1514/1365 1494/1494/1352
f 1515/1515/1366 503/503/497 1516/1516/1367
f 1492/1492/1350 528/528/521 1471/1471/1333
f 938/938/897 545/545/538 747/747/728
f 699/699/682 29/29/29 1517/1517/1368
f 349/349/348 81/81/81 270/270/269
f 1335/1335/1076 1518/1518/1369 9/9/9
f 4/4/4 1519/1519/1370 1051/1051/982
f 231/231/230 681/681/664 1056/1056/987
f 1520/1520/1371 1386/1386/1266 1521/1521/1372
f 1460/1460/1322 1362/1362/1246 1361/1361/1245
f 1386/1386/1266 1522/1522/1373 1523/1523/1374
f 1522/1522/1373 1524/1524/1375 1523/1523/1374
f 1218/1218/1127 1525/1525/1376 1522/1522/1373
f 1522/1522/1373 1526/1526/1377 1527/1527/1378
f 1523/1523/1374 1521/1521/1372 1386/1386/1266
f 1528/1528/1379 1469/1469/1331 1521/1521/1372
f 1524/1524/1375 1528/1528/1379 1523/1523/1374
f 1529/1529/1380 1461/1461/1323 1528/1528/1379
f 930/930/890 1530/1530/1381 1434/1434/1302
f 1531/1531/1382 163/163/162 162/162/161
f 1234/1234/1141 1532/1532/1383 1365/1365/1249
f 1533/1533/1384 1534/1534/1375 1532/1532/1383
f 1535/1535/330 1533/1533/1384 1234/1234/1141
f 1536/1536/1145 1537/1537/1380 1533/1533/1384
f 1365/1365/1249 1538/1538/1385 1364/1364/1248
f 1364/1364/1248 1539/1539/1386 1540/1540/1387
f 1532/1532/1383 1541/1541/1378 1538/1538/1385
f 1538/1538/1385 1542/1542/1377 1539/1539/1386
f 1543/1543/1388 484/484/479 440/440/437
f 1544/1544/1389 478/478/474 267/267/266
f 825/825/799 1512/1512/1363 173/173/172
f 1479/1479/1339 242/242/241 241/241/240
f 1042/1042/974 166/166/165 1351/1351/1235
f 687/687/670 1303/1303/1200 1221/1221/1130
f 1024/1024/964 1301/1301/1199 786/786/764
f 339/339/338 773/773/751 222/222/221
f 1133/1133/1051 248/248/247 1045/1045/976
f 1545/1545/1390 1546/1546/1391 880/880/849
f 1149/1149/1064 1262/1262/1164 1117/1117/1037
f 1547/1547/1392 190/190/189 1119/1119/1039
f 247/247/246 1548/1548/1393 768/768/746
f 1549/1549/1394 1550/1550/1395 1551/1551/1396
f 1551/1551/1396 1552/1552/1397 1553/1553/1398
f 1554/1554/1399 1102/1102/1024 1550/1550/1395
f 1550/1550/1395 1015/1015/956 1552/1552/1397
f 1551/1551/1396 1555/1555/1400 1549/1549/1394
f 1556/1556/1401 1557/1557/88 1555/1555/1400
f 1553/1553/1398 1556/1556/1401 1551/1551/1396
f 1558/1558/1402 1559/1559/1185 1556/1556/1401
f 1549/1549/1394 1560/1560/1403 1561/1561/1404
f 1561/1561/1404 1562/1562/1405 334/334/333
f 1555/1555/1400 1563/1563/1406 1560/1560/1403
f 1560/1560/1403 1564/1564/1407 1562/1562/1405
f 1561/1561/1404 1554/1554/1399 1549/1549/1394
f 1554/1554/1399 1565/1565/1408 877/877/846
f 334/334/333 1566/1566/1409 1561/1561/1404
f 1566/1566/1409 1040/1040/972 1565/1565/1408
f 157/157/156 875/875/844 955/955/912
f 1017/1017/958 1308/1308/1205 1177/1177/1091
f 1567/1567/1301 1210/1210/1119 1568/1568/397
f 1323/1323/1215 1354/1354/1238 1165/1165/1080
f 1569/1569/1382 1353/1353/1237 406/406/403
f 1570/1570/1410 404/404/401 1352/1352/1236
f 78/78/78 1571/1571/732 629/629/617
f 1572/1572/1411 1041/1041/973 707/707/690
f 1573/1573/1271 1215/1215/1124 1378/1378/1259
f 1284/1284/1184 1574/1574/1412 1575/1575/1413
f 1575/1575/1413 1576/1576/1125 1577/1577/1265
f 1205/1205/1115 1574/1574/1412 1206/1206/1116
f 1574/1574/1412 1578/1578/1253 1576/1576/1125
f 1575/1575/1413 1232/1232/1139 1284/1284/1184
f 1579/1579/1414 991/991/938 1232/1232/1139
f 1577/1577/1265 1579/1579/1414 1575/1575/1413
f 1580/1580/1371 330/330/329 1579/1579/1414
f 1280/1280/1180 1445/1445/1311 1495/1495/1353
f 1245/1245/1152 1396/1396/1273 1198/1198/1110
f 1581/1581/1415 655/655/642 228/228/227
f 1118/1118/1038 663/663/650 1547/1547/1392
f 1189/1189/1102 1245/1245/1152 1198/1198/1110
f 972/972/208 489/489/484 587/587/578
f 445/445/442 1193/1193/1105 735/735/716
f 447/447/444 1133/1133/1051 1045/1045/976
f 1260/1260/1162 1489/1489/1348 1180/1180/1093
f 128/128/127 1079/1079/1005 1078/1078/1004
f 1582/1582/1406 1583/1583/1416 1584/1584/1407
f 33/33/33 1053/1053/984 31/31/31
f 1186/1186/1099 1585/1585/1417 1169/1169/1084
f 1585/1585/1417 1471/1471/1333 1170/1170/1085
f 1586/1586/1418 1356/1356/1240 1355/1355/1239
f 1587/1587/1419 1311/1311/1207 1171/1171/1086
f 1588/1588/1420 1265/1265/1166 1467/1467/1329
f 1589/1589/1421 1021/1021/961 1022/1022/962
f 1587/1587/1419 1170/1170/1085 1417/1417/1291
f 527/527/520 1418/1418/1292 1417/1417/1291
f 220/220/219 1590/1590/1422 218/218/217
f 1141/1141/1059 635/635/622 369/369/367
f 1591/1591/1200 1410/1410/1285 1592/1592/1423
f 687/687/670 1593/1593/1424 685/685/668
f 1412/1412/1287 1592/1592/1423 1410/1410/1285
f 1257/1257/1159 1581/1581/1415 227/227/226
f 1594/1594/1425 540/540/533 941/941/2
f 1595/1595/1130 1592/1592/1423 313/313/312
f 1072/1072/999 239/239/238 191/191/190
f 1596/1596/1426 1597/1597/1427 1598/1598/1428
f 1599/1599/1429 1600/1600/1430 1597/1597/1427
f 1601/1601/1431 1599/1599/1429 1596/1596/1426
f 1602/1602/1432 1603/1603/1433 1599/1599/1429
f 1598/1598/1428 1604/1604/1434 1605/1605/1435
f 1605/1605/1435 1606/1606/729 1607/1607/1436
f 1597/1597/1427 1608/1608/1437 1604/1604/1434
f 1604/1604/1434 1609/1609/1438 1606/1606/729
f 1605/1605/1435 1610/1610/1439 1598/1598/1428
f 1611/1611/1440 1612/1612/1441 1610/1610/1439
f 1607/1607/1436 1611/1611/1440 1605/1605/1435
f 1613/1613/1442 186/186/185 1611/1611/1440
f 1598/1598/1428 1614/1614/1443 1596/1596/1426
f 1596/1596/1426 1142/1142/1060 1601/1601/1431
f 1610/1610/1439 1615/1615/1444 1614/1614/1443
f 1614/1614/1443 645/645/632 1142/1142/1060
f 1616/1616/1445 1206/1206/1116 1284/1284/1184
f 1365/1365/1249 1203/1203/1113 1234/1234/1141
f 1617/1617/1446 1618/1618/1447 1619/1619/1448
f 107/107/107 1583/1583/1416 87/87/87
f 1282/1282/1182 1620/1620/1449 1621/1621/1450
f 1621/1621/1450 1622/1622/1451 1623/1623/1452
f 1281/1281/1181 1624/1624/300 1620/1620/1449
f 1620/1620/1449 1625/1625/302 1622/1622/1451
f 1621/1621/1450 1381/1381/1261 1282/1282/1182
f 1381/1381/1261 1572/1572/1411 181/181/180
f 1623/1623/1452 1626/1626/1453 1621/1621/1450
f 1626/1626/1453 1326/1326/1218 1572/1572/1411
f 1445/1445/1311 1177/1177/1091 1176/1176/1090
f 1488/1488/1347 1181/1181/1094 1299/1299/1197
f 1258/1258/1160 1180/1180/1093 1175/1175/1089
f 1627/1627/1454 1191/1191/1104 1225/1225/1133
f 1628/1628/491 257/257/256 1629/1629/467
f 1251/1251/1155 1482/1482/1342 1174/1174/1088
f 1159/1159/1074 1630/1630/1455 1631/1631/1456
f 1632/1632/743 1340/1340/1225 257/257/256
f 149/149/148 435/435/432 434/434/431
f 1630/1630/1455 1405/1405/1280 1344/1344/1229
f 1361/1361/1245 1316/1316/1209 1460/1460/1322
f 1633/1633/58 1634/1634/1457 1472/1472/369
f 1363/1363/1247 139/139/138 1359/1359/1243
f 1359/1359/1243 407/407/404 1473/1473/1334
f 1635/1635/953 1104/1104/1026 1116/1116/1036
f 415/415/412 365/365/363 413/413/410
f 1636/1636/753 359/359/357 1637/1637/986
f 1638/1638/1458 461/461/457 460/460/456
f 13/13/13 732/732/713 847/847/819
f 1639/1639/1459 879/879/848 878/878/847
f 1602/1602/1432 1007/1007/951 411/411/408
f 1615/1615/1444 185/185/184 646/646/633
f 1640/1640/1460 646/646/633 185/185/184
f 1641/1641/665 162/162/161 1095/1095/1017
f 278/278/277 1540/1540/1387 276/276/275
f 1642/1642/1461 1643/1643/1462 1371/1371/1254
f 1050/1050/981 1644/1644/1115 702/702/685
f 1645/1645/1463 1371/1371/1254 1643/1643/1462
f 1646/1646/1464 1372/1372/1126 1371/1371/1254
f 1540/1540/1387 1646/1646/1464 1645/1645/1463
f 1539/1539/1386 1647/1647/1376 1646/1646/1464
f 1648/1648/1465 695/695/678 729/729/131
f 847/847/819 160/160/159 159/159/158
f 1649/1649/327 1521/1521/1372 1469/1469/1331
f 1643/1643/1462 932/932/892 1645/1645/1463
f 1390/1390/1270 1384/1384/1264 1383/1383/1263
f 727/727/709 881/881/850 725/725/708
f 1650/1650/1466 778/778/756 1651/1651/1467
f 1652/1652/1468 744/744/725 1099/1099/1021
f 1095/1095/1017 403/403/400 1327/1327/1219
f 1366/1366/1250 1459/1459/1321 372/372/370
f 822/822/796 287/287/286 286/286/285
f 1651/1651/1467 780/780/758 1653/1653/319
f 1654/1654/1469 1655/1655/6 165/165/164
f 1656/1656/1470 1657/1657/160 1435/1435/1303
f 1645/1645/1463 276/276/275 1540/1540/1387
f 1444/1444/1310 1282/1282/1182 1381/1381/1261
f 1136/1136/1054 1237/1237/1144 808/808/785
f 1204/1204/1114 1658/1658/1471 1244/1244/1151
f 1243/1243/1150 135/135/134 987/987/935
f 1342/1342/1227 1659/1659/1472 1023/1023/963
f 1660/1660/658 1656/1656/1470 1493/1493/1351
f 255/255/254 1493/1493/1351 1656/1656/1470
f 1661/1661/1473 1662/1662/1474 1054/1054/985
f 1562/1562/1405 1162/1162/1077 335/335/334
f 1449/1449/945 1493/1493/1351 1450/1450/1314
f 929/929/889 1401/1401/1276 1397/1397/1274
f 928/928/888 1384/1384/1264 1401/1401/1276
f 184/184/183 1014/1014/955 1663/1663/1475
f 1658/1658/1471 1283/1283/1183 1396/1396/1273
f 1495/1495/1353 1176/1176/1090 1181/1181/1094
f 1448/1448/1313 1664/1664/1476 1665/1665/1477
f 1666/1666/685 1244/1244/1151 1247/1247/993
f 1667/1667/1478 640/640/627 544/544/537
f 788/788/766 1106/1106/1028 576/576/568
f 1173/1173/1087 1399/1399/1275 1250/1250/341
f 1668/1668/1422 1662/1662/1474 634/634/217
f 1669/1669/946 1665/1665/1477 1455/1455/1154
f 1454/1454/1318 1670/1670/749 1402/1402/1277
f 1485/1485/1345 1171/1171/1086 1311/1311/1207
f 1665/1665/1477 1109/1109/1031 1456/1456/1319
f 1671/1671/28 187/187/186 186/186/185
f 1672/1672/1479 336/336/335 1345/1345/1230
f 1673/1673/1480 90/90/90 341/341/340
f 1674/1674/1192 1159/1159/1074 1675/1675/872
f 1406/1406/1281 1288/1288/1188 1287/1287/1187
f 1158/1158/1073 1255/1255/1157 1630/1630/1455
f 1676/1676/1481 1677/1677/1482 1329/1329/1221
f 1344/1344/1229 1631/1631/1456 1630/1630/1455
f 1412/1412/1287 1418/1418/1292 1319/1319/1212
f 1287/1287/1187 810/810/787 1406/1406/1281
f 1348/1348/1233 1587/1587/1419 1411/1411/1286
f 1460/1460/1322 1415/1415/1289 1458/1458/1320
f 1678/1678/530 1348/1348/1233 1410/1410/1285
f 1679/1679/1483 1360/1360/1244 1634/1634/1457
f 1321/1321/1213 1012/1012/954 1011/1011/510
f 1481/1481/1341 270/270/269 81/81/81
f 1199/1199/1111 1382/1382/1262 928/928/888
f 466/466/462 1278/1278/1178 542/542/535
f 586/586/577 1465/1465/1327 413/413/410
f 1634/1634/1457 1131/1131/1049 1137/1137/1055
f 1165/1165/1080 1356/1356/1240 1272/1272/1173
f 1680/1680/468 258/258/257 463/463/459
f 1276/1276/1176 552/552/545 1012/1012/954
f 826/826/800 190/190/189 989/989/936
f 1318/1318/1211 313/313/312 1592/1592/1423
f 1654/1654/1469 1437/1437/1305 888/888/855
f 433/433/430 1130/1130/1048 1129/1129/1047
f 1473/1473/1334 409/409/406 1116/1116/1036
f 1519/1519/1370 112/112/112 1195/1195/1107
f 112/112/112 425/425/422 113/113/113
f 1681/1681/1484 1682/1682/1485 1519/1519/1370
f 1682/1682/1485 1683/1683/1486 425/425/422
f 739/739/720 653/653/640 652/652/639
f 1652/1652/1468 1376/1376/1257 1461/1461/1323
f 482/482/478 1463/1463/1325 599/599/589
f 1228/1228/1135 543/543/536 542/542/535
f 1543/1543/1388 840/840/812 1463/1463/1325
f 965/965/920 1653/1653/319 1172/1172/318
f 1684/1684/1487 1271/1271/1172 1508/1508/1361
f 525/525/518 269/269/268 268/268/267
f 1685/1685/1488 352/352/351 354/354/352
f 1451/1451/1315 166/166/165 165/165/164
f 479/479/475 336/336/335 335/335/334
f 1619/1619/1448 1686/1686/1489 1617/1617/1446
f 592/592/583 1345/1345/1230 336/336/335
f 1334/1334/1223 30/30/30 29/29/29
f 178/178/177 1403/1403/1278 176/176/175
f 260/260/259 923/923/883 259/259/258
f 249/249/248 1498/1498/1355 1546/1546/1391
f 477/477/473 285/285/284 918/918/878
f 1140/1140/1058 1687/1687/1490 1688/1688/1491
f 1688/1688/1491 1689/1689/1492 499/499/493
f 1690/1690/1493 1691/1691/1194 1687/1687/1490
f 1687/1687/1490 1692/1692/1120 1689/1689/1492
f 556/556/549 929/929/889 554/554/547
f 559/559/552 116/116/116 115/115/115
f 512/512/505 1688/1688/1491 498/498/492
f 113/113/113 1099/1099/1021 111/111/111
f 1693/1693/1494 1690/1690/1493 1140/1140/1058
f 1694/1694/1495 1695/1695/1193 1690/1690/1493
f 1693/1693/1494 399/399/396 1694/1694/1495
f 1694/1694/1495 401/401/398 1696/1696/1118
f 1347/1347/1232 1697/1697/1496 1698/1698/1497
f 290/290/289 176/176/175 693/693/676
f 1699/1699/1498 886/886/854 885/885/853
f 1700/1700/429 1252/1252/1156 905/905/439
f 501/501/495 1467/1467/1329 1265/1265/1166
f 1701/1701/388 1194/1194/1106 1702/1702/1356
f 1663/1663/1475 1697/1697/1496 952/952/909
f 1703/1703/562 1677/1677/1482 133/133/132
f 504/504/498 1261/1261/1163 767/767/745
f 1270/1270/1171 1494/1494/1352 1514/1514/1365
f 1704/1704/1499 1145/1145/428 1144/1144/1062
f 1705/1705/635 1704/1704/1499 1251/1251/1155
f 1454/1454/1318 1169/1169/1084 1485/1485/1345
f 1706/1706/1033 1012/1012/954 552/552/545
f 1679/1679/1483 1154/1154/1069 1153/1153/1068
f 1675/1675/872 1631/1631/1456 1152/1152/1067
f 1457/1457/712 1470/1470/1332 1414/1414/1288
f 1185/1185/1098 1492/1492/1350 1585/1585/1417
f 603/603/593 1504/1504/1359 346/346/345
f 909/909/871 1707/1707/1500 975/975/929
f 644/644/631 1708/1708/1501 117/117/117
f 1709/1709/1502 623/623/612 624/624/613
f 1710/1710/926 1358/1358/1242 210/210/209
f 323/323/322 1711/1711/1174 605/605/595
f 1712/1712/1436 751/751/731 1517/1517/1368
f 1374/1374/1256 1518/1518/1369 1583/1583/1416
f 751/751/731 699/699/682 1517/1517/1368
f 1227/1227/114 996/996/942 1225/1225/1133
f 549/549/542 375/375/373 1071/1071/998
f 761/761/741 1148/1148/385 762/762/742
f 1713/1713/515 1714/1714/1503 1230/1230/1137
f 1715/1715/1504 424/424/421 423/423/420
f 1716/1716/1505 1717/1717/1225 424/424/421
f 1715/1715/1504 1240/1240/1147 1716/1716/1505
f 1716/1716/1505 1718/1718/458 1719/1719/1224
f 1166/1166/1081 424/424/421 1717/1717/1225
f 1720/1720/1506 768/768/746 1048/1048/979
f 1715/1715/1504 46/46/46 473/473/469
f 1341/1341/1226 1721/1721/1507 1443/1443/1309
f 668/668/609 1098/1098/1020 394/394/391
f 669/669/655 531/531/524 667/667/654
f 1722/1722/1424 1097/1097/1019 236/236/235
f 1723/1723/1508 243/243/242 1129/1129/1047
f 612/612/602 1724/1724/862 1027/1027/782
f 1725/1725/1129 1726/1726/390 1097/1097/1019
f 1164/1164/1079 1291/1291/126 546/546/539
f 1619/1619/1448 1727/1727/1509 534/534/527
f 1727/1727/1509 1728/1728/1510 1729/1729/1511
f 1729/1729/1511 1730/1730/1512 419/419/416
f 1618/1618/1447 1731/1731/1513 1728/1728/1510
f 1728/1728/1510 1732/1732/1046 1730/1730/1512
f 1105/1105/1027 271/271/270 421/421/418
f 1733/1733/544 1734/1734/1514 1111/1111/1033
f 754/754/734 1225/1225/1133 996/996/942
f 169/169/168 891/891/858 1673/1673/1480
f 1516/1516/1367 1735/1735/1515 1736/1736/1516
f 1736/1736/1516 1737/1737/130 1738/1738/1517
f 503/503/497 1739/1739/1518 1735/1735/1515
f 1735/1735/1515 1740/1740/1465 1737/1737/130
f 1736/1736/1516 1325/1325/1217 1516/1516/1367
f 1325/1325/1217 1638/1638/1458 1190/1190/1103
f 1738/1738/1517 1741/1741/1519 1736/1736/1516
f 1741/1741/1519 1742/1742/1220 1638/1638/1458
f 1100/1100/1022 1743/1743/1520 549/549/542
f 1089/1089/1013 558/558/551 423/423/420
f 1324/1324/1216 1516/1516/1367 1325/1325/1217
f 1707/1707/1500 1453/1453/1317 351/351/350
f 1744/1744/1521 412/412/409 411/411/408
f 229/229/228 1022/1022/962 227/227/226
f 364/364/362 674/674/658 1000/1000/945
f 732/732/713 1745/1745/1288 160/160/159
f 1115/1115/1035 408/408/405 1700/1700/429
f 1546/1546/1391 725/725/708 881/881/850
f 1746/1746/1522 647/647/634 646/646/633
f 93/93/93 705/705/688 1069/1069/997
f 904/904/868 320/320/319 980/980/758
f 944/944/902 1139/1139/1057 1747/1747/1523
f 626/626/615 393/393/390 392/392/389
f 300/300/299 638/638/625 640/640/627
f 1748/1748/1524 1503/1503/1358 399/399/396
f 73/73/73 1667/1667/1478 386/386/384
f 1734/1734/1514 936/936/895 1101/1101/1023
f 438/438/435 620/620/609 436/436/433
f 454/454/451 1212/1212/1121 289/289/288
f 355/355/353 920/920/880 607/607/597
f 273/273/272 988/988/26 710/710/693
f 983/983/368 1039/1039/971 1066/1066/366
f 1749/1749/1525 1082/1082/1007 1750/1750/1526
f 1751/1751/1527 1752/1752/1425 1753/1753/1
f 222/222/221 344/344/343 343/343/342
f 485/485/480 211/211/210 210/210/209
f 327/327/326 1754/1754/454 44/44/44
f 362/362/360 60/60/60 59/59/59
f 1753/1753/1 322/322/321 1751/1751/1527
f 1755/1755/516 1230/1230/1137 1229/1229/1136
f 513/513/506 1394/1394/1272 926/926/886
f 1443/1443/1309 333/333/332 332/332/331
f 1434/1434/1302 417/417/414 327/327/326
f 1084/1084/1009 20/20/20 1756/1756/1528
f 292/292/291 1756/1756/1528 20/20/20
f 1241/1241/1148 473/473/469 444/444/441
f 1515/1515/1366 753/753/733 1467/1467/1329
f 1241/1241/1148 472/472/468 1239/1239/1146
f 1127/1127/1045 1757/1757/700 25/25/25
f 1477/1477/755 360/360/358 1636/1636/753
f 1507/1507/919 1081/1081/1006 1749/1749/1525
f 1054/1054/985 1751/1751/1527 322/322/321
f 52/52/52 1714/1714/1503 761/761/741
f 1758/1758/1442 1517/1517/1368 29/29/29
f 1759/1759/1529 789/789/767 1160/1160/1075
f 1760/1760/1530 783/783/761 427/427/424
f 1147/1147/534 1590/1590/1422 1188/1188/1101
f 652/652/639 740/740/721 739/739/720
f 59/59/59 363/363/361 362/362/360
f 1304/1304/1201 900/900/864 324/324/323
f 911/911/873 1761/1761/1067 362/362/360
f 498/498/492 1134/1134/1052 512/512/505
f 372/372/370 1168/1168/1083 59/59/59
f 1082/1082/1007 1292/1292/1191 1762/1762/1531
f 1763/1763/1486 1475/1475/1336 1764/1764/423
f 428/428/425 1748/1748/1524 1693/1693/1494
f 1765/1765/1269 889/889/856 888/888/855
f 284/284/283 1766/1766/1532 106/106/106
f 106/106/106 1767/1767/1533 1373/1373/1255
f 1768/1768/1534 1769/1769/1237 1766/1766/1532
f 1766/1766/1532 682/682/665 1767/1767/1533
f 1322/1322/1214 383/383/381 1354/1354/1238
f 1373/1373/1255 934/934/893 1374/1374/1256
f 300/300/299 1090/1090/1014 298/298/297
f 1379/1379/1260 1099/1099/1021 783/783/761
f 1404/1404/1279 1768/1768/1534 284/284/283
f 1770/1770/1535 1771/1771/1236 1768/1768/1534
f 499/499/493 1770/1770/1535 1404/1404/1279
f 1689/1689/1492 1772/1772/1410 1770/1770/1535
f 532/532/525 80/80/80 758/758/738
f 1486/1486/1346 142/142/141 141/141/140
f 1773/1773/455 1329/1329/1221 1774/1774/555
f 1503/1503/1358 1775/1775/1301 400/400/397
f 1589/1589/1421 917/917/877 138/138/137
f 138/138/137 1277/1277/1177 1501/1501/1357
f 1776/1776/1536 1777/1777/1537 1778/1778/1538
f 1779/1779/1539 1623/1623/1452 1777/1777/1537
f 1038/1038/970 1779/1779/1539 1776/1776/1536
f 1639/1639/1459 1780/1780/1540 1779/1779/1539
f 1778/1778/1538 1781/1781/1541 1782/1782/1542
f 1782/1782/1542 1783/1783/1203 1784/1784/1204
f 1623/1623/1452 1781/1781/1541 1777/1777/1537
f 1622/1622/1451 1783/1783/1203 1781/1781/1541
f 1782/1782/1542 1785/1785/1543 1778/1778/1538
f 1786/1786/1544 1600/1600/1430 1785/1785/1543
f 1784/1784/1204 1786/1786/1544 1782/1782/1542
f 1787/1787/1502 1608/1608/1437 1786/1786/1544
f 1778/1778/1538 1788/1788/1545 1776/1776/1536
f 1776/1776/1536 1789/1789/1546 1038/1038/970
f 1785/1785/1543 1603/1603/1433 1788/1788/1545
f 1788/1788/1545 410/410/407 1789/1789/1546
f 1790/1790/1547 1791/1791/1548 1792/1792/1549
f 1792/1792/1549 1746/1746/1522 1640/1640/1460
f 1793/1793/1550 1794/1794/1551 1791/1791/1548
f 1791/1791/1548 977/977/931 1746/1746/1522
f 1792/1792/1549 1795/1795/1552 1790/1790/1547
f 1796/1796/1553 1797/1797/1169 1795/1795/1552
f 1640/1640/1460 1796/1796/1553 1792/1792/1549
f 883/883/852 1798/1798/1053 1796/1796/1553
f 1790/1790/1547 1799/1799/1554 1800/1800/1555
f 1800/1800/1555 1558/1558/1402 1553/1553/1398
f 1795/1795/1552 1801/1801/1171 1799/1799/1554
f 1799/1799/1554 1802/1802/1365 1558/1558/1402
f 1800/1800/1555 1793/1793/1550 1790/1790/1547
f 1803/1803/1556 1006/1006/950 1793/1793/1550
f 1553/1553/1398 1803/1803/1556 1800/1800/1555
f 1552/1552/1397 1744/1744/1521 1803/1803/1556
f 1178/1178/1092 33/33/33 32/32/32
f 1292/1292/1191 1358/1358/1242 1762/1762/1531
f 1804/1804/1270 888/888/855 1437/1437/1305
f 1805/1805/1557 1806/1806/566 35/35/35
f 377/377/375 47/47/47 1476/1476/1337
f 1807/1807/840 263/263/262 789/789/767
f 332/332/331 1447/1447/1312 1443/1443/1309
f 750/750/730 1423/1423/1293 751/751/731
f 84/84/84 621/621/610 82/82/82
f 801/801/778 469/469/465 378/378/376
f 345/345/344 1808/1808/1558 1809/1809/1559
f 1809/1809/1559 1810/1810/402 1811/1811/1560
f 653/653/640 1808/1808/1558 347/347/346
f 1440/1440/1308 1810/1810/402 1808/1808/1558
f 1809/1809/1559 602/602/592 345/345/344
f 1812/1812/1561 579/579/571 602/602/592
f 1811/1811/1560 1812/1812/1561 1809/1809/1559
f 1813/1813/1109 1428/1428/1298 1812/1812/1561
f 742/742/723 534/534/527 1727/1727/1509
f 1424/1424/1294 580/580/572 579/579/571
f 1794/1794/1551 1007/1007/951 978/978/932
f 233/233/232 614/614/604 51/51/51
f 150/150/149 902/902/866 1141/1141/1059
f 1565/1565/1408 1041/1041/973 878/878/847
f 1814/1814/1562 1329/1329/1221 1677/1677/1482
f 1601/1601/1431 978/978/932 1007/1007/951
f 1789/1789/1546 412/412/409 1016/1016/957
f 1478/1478/1338 1256/1256/1158 1258/1258/1160
f 1815/1815/928 1762/1762/1531 1358/1358/1242
f 791/791/737 1394/1394/1272 758/758/738
f 648/648/635 1288/1288/1188 429/429/426
f 1314/1314/1003 1229/1229/1136 784/784/762
f 1530/1530/1381 418/418/415 417/417/414
f 1805/1805/1557 86/86/86 1086/1086/1010
f 1816/1816/856 1817/1817/1484 1818/1818/4
f 223/223/222 343/343/342 1043/1043/975
f 576/576/568 1819/1819/1563 1820/1820/1564
f 1820/1820/1564 1821/1821/1498 1822/1822/894
f 1106/1106/1028 1511/1511/1362 1819/1819/1563
f 1819/1819/1563 1823/1823/1343 1821/1821/1498
f 1820/1820/1564 577/577/569 576/576/568
f 1824/1824/1565 502/502/496 577/577/569
f 1822/1822/894 1824/1824/1565 1820/1820/1564
f 1825/1825/1304 1739/1739/1518 1824/1824/1565
f 379/379/377 48/48/48 377/377/375
f 1664/1664/1476 361/361/359 1109/1109/1031
f 1196/1196/1108 1452/1452/1316 1707/1707/1500
f 1481/1481/1341 1727/1727/1509 1729/1729/1511
f 121/121/121 1826/1826/1120 122/122/122
f 1150/1150/1065 1486/1486/1346 1659/1659/1472
f 730/730/711 15/15/15 999/999/944
f 141/141/140 1659/1659/1472 1486/1486/1346
f 1827/1827/563 133/133/132 132/132/131
f 181/181/180 707/707/690 179/179/178
f 1828/1828/1297 1020/1020/960 1208/1208/1117
f 1829/1829/1566 1830/1830/1567 1831/1831/1568
f 1832/1832/1569 182/182/181 1830/1830/1567
f 968/968/923 1832/1832/1569 1829/1829/1566
f 969/969/924 50/50/50 1832/1832/1569
f 1831/1831/1568 1833/1833/1570 1834/1834/1571
f 1834/1834/1571 951/951/908 950/950/907
f 1830/1830/1567 184/184/183 1833/1833/1570
f 1833/1833/1570 1663/1663/1475 951/951/908
f 1834/1834/1571 1835/1835/1572 1831/1831/1568
f 1836/1836/1573 1837/1837/1526 1835/1835/1572
f 950/950/907 1836/1836/1573 1834/1834/1571
f 962/962/917 1838/1838/1525 1836/1836/1573
f 1831/1831/1568 1839/1839/1574 1829/1829/1566
f 1829/1829/1566 973/973/927 968/968/923
f 1835/1835/1572 1840/1840/1575 1839/1839/1574
f 1840/1840/1575 973/973/927 1839/1839/1574
f 1841/1841/1576 1842/1842/1577 1843/1843/1578
f 1843/1843/1578 1346/1346/1231 1347/1347/1232
f 1844/1844/1579 876/876/845 1842/1842/1577
f 1842/1842/1577 1034/1034/969 1346/1346/1231
f 1843/1843/1578 1845/1845/1580 1841/1841/1576
f 1846/1846/1581 869/869/839 1845/1845/1580
f 1347/1347/1232 1846/1846/1581 1843/1843/1578
f 1698/1698/1497 855/855/827 1846/1846/1581
f 1841/1841/1576 1847/1847/1582 1848/1848/1583
f 1848/1848/1583 1849/1849/1360 1850/1850/1420
f 1845/1845/1580 871/871/841 1847/1847/1582
f 1847/1847/1582 1851/1851/1529 1849/1849/1360
f 1848/1848/1583 1844/1844/1579 1841/1841/1576
f 1852/1852/1584 734/734/715 1844/1844/1579
f 1850/1850/1420 1852/1852/1584 1848/1848/1583
f 1853/1853/1328 77/77/77 1852/1852/1584
f 550/550/543 1071/1071/998 1242/1242/1149
f 1854/1854/1585 747/747/728 380/380/378
f 1494/1494/1352 283/283/282 1513/1513/1364
f 1324/1324/1216 754/754/734 753/753/733
f 418/418/415 1491/1491/1349 416/416/413
f 1855/1855/383 1714/1714/1503 1856/1856/74
f 350/350/349 1857/1857/1095 975/975/929
f 1043/1043/975 1858/1858/1275 596/596/587
f 567/567/559 1756/1756/1528 559/559/552
f 925/925/885 1088/1088/1012 514/514/507
f 171/171/170 979/979/933 715/715/698
f 1289/1289/1189 1089/1089/1013 1088/1088/1012
f 38/38/38 1859/1859/1586 723/723/706
f 1860/1860/1587 1861/1861/677 1859/1859/1586
f 569/569/561 1860/1860/1587 38/38/38
f 568/568/560 1862/1862/710 1860/1860/1587
f 723/723/706 1863/1863/1588 721/721/704
f 721/721/704 584/584/575 486/486/481
f 1859/1859/1586 1864/1864/1034 1863/1863/1588
f 1863/1863/1588 585/585/576 584/584/575
f 666/666/653 1702/1702/1356 1194/1194/1106
f 1014/1014/955 1698/1698/1497 1697/1697/1496
f 42/42/42 1023/1023/963 690/690/673
f 1865/1865/557 1191/1191/1104 460/460/456
f 367/367/365 1496/1496/1354 688/688/671
f 1866/1866/1517 133/133/132 1677/1677/1482
f 247/247/246 572/572/564 245/245/244
f 1743/1743/1520 376/376/374 375/375/373
f 833/833/807 1463/1463/1325 840/840/812
f 1510/1510/212 866/866/837 1313/1313/1208
f 1096/1096/1018 1327/1327/1219 207/207/206
f 918/918/878 841/841/813 477/477/473
f 1091/1091/1015 465/465/461 147/147/146
f 231/231/230 5/5/5 1052/1052/983
f 880/880/849 1408/1408/1283 1545/1545/1390
f 1040/1040/972 1345/1345/1230 11/11/11
f 450/450/447 1155/1155/1070 635/635/622
f 321/321/320 188/188/187 826/826/800
f 1867/1867/1589 1351/1351/1235 166/166/165
f 246/246/245 769/769/747 1548/1548/1393
f 1868/1868/1590 1187/1187/1100 769/769/747
f 288/288/287 1868/1868/1590 246/246/245
f 1723/1723/1508 1869/1869/1513 1868/1868/1590
f 1056/1056/987 6/6/6 5/5/5
f 989/989/936 663/663/650 662/662/649
f 296/296/295 1870/1870/1591 297/297/296
f 1871/1871/1592 1508/1508/1361 1870/1870/1591
f 982/982/768 1871/1871/1592 296/296/295
f 1872/1872/79 1684/1684/1487 1871/1871/1592
f 297/297/296 1873/1873/1593 1480/1480/1340
f 1480/1480/1340 1047/1047/978 242/242/241
f 1870/1870/1591 843/843/815 1873/1873/1593
f 1873/1873/1593 713/713/696 1047/1047/978
f 1651/1651/1467 823/823/797 1650/1650/1466
f 225/225/224 104/104/104 1661/1661/1473
f 1053/1053/984 225/225/224 1661/1661/1473
f 1854/1854/1585 101/101/101 304/304/303
f 1439/1439/1307 1305/1305/1202 253/253/252
f 533/533/526 1874/1874/1594 1875/1875/1595
f 1875/1875/1595 1876/1876/1596 1686/1686/1489
f 515/515/508 837/837/810 1874/1874/1594
f 1874/1874/1594 839/839/811 1876/1876/1596
f 534/534/527 1875/1875/1595 1619/1619/1448
f 295/295/294 831/831/805 679/679/662
f 1297/1297/1196 796/796/773 142/142/141
f 1877/1877/1446 1049/1049/980 770/770/748
f 1224/1224/1132 154/154/153 153/153/152
f 1878/1878/1597 1300/1300/1198 154/154/153
f 976/976/930 1878/1878/1597 1224/1224/1132
f 1462/1462/1324 832/832/806 1878/1878/1597
f 1879/1879/988 1096/1096/1018 1451/1451/1315
f 1005/1005/949 906/906/869 1004/1004/948
f 1583/1583/1416 1880/1880/1077 1584/1584/1407
f 32/32/32 1179/1179/1061 1178/1178/1092
f 1513/1513/1364 105/105/105 89/89/89
f 1881/1881/1488 102/102/102 224/224/223
f 1882/1882/1575 1082/1082/1007 1762/1762/1531
f 1544/1544/1389 269/269/268 286/286/285
f 1479/1479/1339 1300/1300/1198 831/831/805
f 1730/1730/1512 1883/1883/1048 420/420/417
f 1296/1296/1195 64/64/64 903/903/867
f 480/480/476 1203/1203/1113 481/481/477
f 529/529/522 1884/1884/96 1512/1512/1363
f 1885/1885/1344 1266/1266/1167 526/526/519
f 373/373/371 1230/1230/1137 1714/1714/1503
f 1267/1267/1168 1078/1078/1004 1886/1886/1598
f 468/468/464 1887/1887/491 471/471/467
f 1823/1823/1343 420/420/417 1883/1883/1048
f 230/230/229 1767/1767/1533 681/681/664
f 176/176/175 1118/1118/1038 693/693/676
f 1049/1049/980 1720/1720/1506 1048/1048/979
f 1888/1888/1599 572/572/564 1720/1720/1506
f 1889/1889/1489 1888/1888/1599 1049/1049/980
f 1890/1890/1596 1058/1058/989 1888/1888/1599
f 1545/1545/1390 1407/1407/1282 196/196/195
f 1879/1879/988 165/165/164 1655/1655/6
f 1886/1886/1598 589/589/580 591/591/582
f 1891/1891/1186 1475/1475/1336 1121/1121/1041
f 1/1/1 1892/1892/1425 2/2/2
f 4/4/4 1051/1051/982 5/5/5
f 7/7/7 1447/1447/1312 8/8/8
f 10/10/10 1040/1040/972 11/11/11
f 13/13/13 848/848/820 14/14/14
f 16/16/16 519/519/512 17/17/17
f 19/19/19 292/292/291 20/20/20
f 22/22/22 1893/1893/372 23/23/23
f 25/25/25 1757/1757/700 26/26/26
f 28/28/28 1758/1758/1442 29/29/29
f 31/31/31 323/323/322 32/32/32
f 34/34/34 1805/1805/1557 35/35/35
f 37/37/37 569/569/561 38/38/38
f 40/40/40 922/922/882 41/41/41
f 43/43/43 327/327/326 44/44/44
f 46/46/46 557/557/550 47/47/47
f 49/49/49 182/182/181 50/50/50
f 52/52/52 760/760/740 53/53/53
f 55/55/55 622/622/611 56/56/56
f 58/58/58 372/372/370 59/59/59
f 61/61/61 1419/1419/626 62/62/62
f 64/64/64 33/33/33 65/65/65
f 67/67/67 456/456/452 68/68/68
f 70/70/70 1002/1002/947 71/71/71
f 73/73/73 385/385/383 74/74/74
f 76/76/76 734/734/715 77/77/77
f 79/79/79 790/790/768 80/80/80
f 82/82/82 75/75/75 83/83/83
f 34/34/34 573/573/565 85/85/85
f 87/87/87 1582/1582/1406 88/88/88
f 319/319/318 341/341/340 92/92/92
f 341/341/340 90/90/90 92/92/92
f 93/93/93 1074/1074/1001 94/94/94
f 96/96/96 659/659/646 97/97/97
f 99/99/99 485/485/480 100/100/100
f 102/102/102 1894/1894/352 103/103/103
f 105/105/105 284/284/283 106/106/106
f 108/108/108 1530/1530/1381 109/109/109
f 111/111/111 743/743/724 112/112/112
f 114/114/114 1895/1895/1134 115/115/115
f 117/117/117 1708/1708/1501 118/118/118
f 120/120/120 1197/1197/1109 121/121/121
f 123/123/123 337/337/336 124/124/124
f 125/125/125 912/912/874 126/126/126
f 128/128/127 1266/1266/1167 129/129/128
f 131/131/130 1896/1896/1465 132/132/131
f 134/134/133 984/984/934 135/135/134
f 137/137/136 1589/1589/1421 138/138/137
f 140/140/139 506/506/500 141/141/140
f 143/143/142 1267/1267/1168 144/144/143
f 146/146/145 1091/1091/1015 147/147/146
f 149/149/148 434/434/431 150/150/149
f 152/152/151 519/519/512 153/153/152
f 155/155/154 1151/1151/1066 156/156/155
f 158/158/157 238/238/237 159/159/158
f 161/161/160 403/403/400 162/162/161
f 164/164/163 1654/1654/1469 165/165/164
f 167/167/166 641/641/628 168/168/167
f 170/170/169 642/642/629 171/171/170
f 173/173/172 1512/1512/1363 174/174/173
f 176/176/175 1156/1156/1071 177/177/176
f 179/179/178 631/631/619 180/180/179
f 182/182/181 49/49/49 183/183/182
f 185/185/184 1612/1612/1441 186/186/185
f 188/188/187 1496/1496/1354 189/189/188
f 191/191/190 239/239/238 192/192/191
f 194/194/193 1024/1024/964 195/195/194
f 197/197/196 714/714/697 198/198/197
f 200/200/199 439/439/436 201/201/200
f 203/203/202 573/573/565 204/204/203
f 206/206/205 1867/1867/1589 207/207/206
f 209/209/208 1710/1710/926 210/210/209
f 212/212/211 308/308/307 213/213/212
f 145/145/144 594/594/585 215/215/214
f 205/205/204 204/204/203 216/216/215
f 218/218/217 353/353/103 219/219/218
f 221/221/220 339/339/338 222/222/221
f 224/224/223 102/102/102 225/225/224
f 227/227/226 1581/1581/1415 228/228/227
f 7/7/7 934/934/893 230/230/229
f 51/51/51 50/50/50 232/232/231
f 234/234/233 1403/1403/1278 235/235/234
f 237/237/236 452/452/449 238/238/237
f 240/240/239 152/152/151 241/241/240
f 243/243/242 203/203/202 205/205/204
f 245/245/244 288/288/287 246/246/245
f 195/195/194 1025/1025/965 248/248/247
f 250/250/249 352/352/351 251/251/250
f 253/253/252 1305/1305/1202 254/254/253
f 256/256/255 1629/1629/467 257/257/256
f 259/259/258 173/173/172 175/175/174
f 261/261/260 1897/1897/836 262/262/261
f 264/264/263 1135/1135/1053 265/265/264
f 267/267/266 1063/1063/994 268/268/267
f 270/270/269 1387/1387/1267 271/271/270
f 42/42/42 94/94/94 272/272/271
f 273/273/272 990/990/937 274/274/273
f 276/276/275 465/465/461 277/277/276
f 279/279/278 1163/1163/1078 136/136/135
f 280/280/279 617/617/607 281/281/280
f 283/283/282 1404/1404/1279 284/284/283
f 285/285/284 1544/1544/1389 286/286/285
f 288/288/287 245/245/244 203/203/202
f 289/289/288 1212/1212/1121 290/290/289
f 292/292/291 19/19/19 293/293/292
f 295/295/294 678/678/661 296/296/295
f 298/298/297 72/72/72 299/299/298
f 301/301/300 740/740/721 302/302/301
f 304/304/303 101/101/101 305/305/304
f 307/307/306 1722/1722/1424 236/236/235
f 262/262/261 1897/1897/836 308/308/307
f 309/309/308 798/798/775 310/310/309
f 312/312/311 1595/1595/1130 313/313/312
f 315/315/314 200/200/199 202/202/201
f 266/266/265 644/644/631 117/117/117
f 318/318/317 341/341/340 319/319/318
f 321/321/320 825/825/799 173/173/172
f 31/31/31 1054/1054/985 322/322/321
f 254/254/253 1304/1304/1201 324/324/323
f 326/326/325 1434/1434/1302 327/327/326
f 328/328/327 1898/1898/1330 329/329/328
f 331/331/330 1446/1446/1140 332/332/331
f 334/334/333 1562/1562/1405 335/335/334
f 337/337/336 123/123/123 338/338/337
f 340/340/339 1673/1673/1480 341/341/340
f 342/342/341 1858/1858/1275 343/343/342
f 345/345/344 603/603/593 346/346/345
f 158/158/157 1500/1500/1290 348/348/347
f 270/270/269 214/214/213 213/213/212
f 325/325/324 324/324/323 350/350/349
f 352/352/351 219/219/218 353/353/103
f 355/355/353 610/610/600 356/356/354
f 358/358/356 1289/1289/1189 359/359/357
f 361/361/359 911/911/873 362/362/360
f 364/364/362 999/999/944 15/15/15
f 366/366/364 454/454/451 289/289/288
f 368/368/366 1141/1141/1059 369/369/367
f 371/371/369 1366/1366/1250 372/372/370
f 54/54/54 543/543/536 373/373/371
f 374/374/372 1070/1070/621 375/375/373
f 377/377/375 801/801/778 378/378/376
f 99/99/99 1854/1854/1585 380/380/378
f 381/381/379 527/527/520 382/382/380
f 208/208/207 586/586/577 384/384/382
f 385/385/383 73/73/73 386/386/384
f 388/388/386 1101/1101/1023 389/389/387
f 391/391/311 1013/1013/313 392/392/389
f 394/394/391 1098/1098/1020 395/395/392
f 169/169/168 168/168/167 397/397/394
f 399/399/396 1503/1503/1358 400/400/397
f 402/402/399 414/414/411 403/403/400
f 404/404/401 1899/1899/1560 405/405/402
f 407/407/404 1501/1501/1357 408/408/405
f 410/410/407 1602/1602/1432 411/411/408
f 413/413/410 1465/1465/1327 414/414/411
f 416/416/413 1754/1754/454 417/417/414
f 419/419/416 1730/1730/1512 420/420/417
f 422/422/419 1089/1089/1013 423/423/420
f 425/425/422 1683/1683/1486 426/426/423
f 266/266/265 317/317/316 428/428/425
f 429/429/426 1288/1288/1188 430/430/427
f 384/384/382 337/337/336 339/339/338
f 432/432/429 442/442/439 178/178/177
f 433/433/430 508/508/502 434/434/431
f 436/436/433 1002/1002/947 437/437/434
f 439/439/436 1543/1543/1388 440/440/437
f 193/193/192 192/192/191 348/348/347
f 442/442/439 307/307/306 235/235/234
f 443/443/440 1241/1241/1148 444/444/441
f 445/445/442 735/735/716 446/446/443
f 448/448/445 217/217/216 449/449/446
f 451/451/448 159/159/158 238/238/237
f 453/453/450 931/931/891 454/454/451
f 455/455/413 68/68/68 456/456/452
f 457/457/453 670/670/656 458/458/454
f 459/459/455 1865/1865/557 460/460/456
f 258/258/257 1339/1339/1224 462/462/458
f 464/464/460 755/755/735 277/277/276
f 447/447/444 1045/1045/976 466/466/462
f 468/468/464 470/470/466 378/378/376
f 470/470/466 443/443/440 379/379/377
f 471/471/467 1900/1900/255 470/470/466
f 470/470/466 1900/1900/255 472/472/468
f 473/473/469 46/46/46 48/48/48
f 474/474/470 469/469/465 475/475/471
f 477/477/473 841/841/813 146/146/145
f 479/479/475 1161/1161/1076 480/480/476
f 482/482/478 598/598/92 483/483/91
f 485/485/480 1357/1357/1241 486/486/481
f 487/487/482 704/704/687 488/488/483
f 490/490/485 495/495/489 491/491/486
f 492/492/487 491/491/486 493/493/488
f 495/495/489 787/787/765 496/496/490
f 491/491/486 496/496/490 497/497/491
f 498/498/492 1688/1688/1491 499/499/493
f 501/501/495 1264/1264/1165 502/502/496
f 174/174/173 778/778/756 504/504/498
f 505/505/499 701/701/684 506/506/500
f 507/507/501 150/150/149 434/434/431
f 509/509/503 1367/1367/1251 510/510/23
f 512/512/505 1134/1134/1052 264/264/263
f 513/513/506 925/925/885 514/514/507
f 516/516/509 1332/1332/1213 517/517/510
f 16/16/16 1224/1224/1132 153/153/152
f 39/39/39 1081/1081/1006 520/520/513
f 521/521/514 83/83/83 522/522/515
f 281/281/280 618/618/608 524/524/517
f 215/215/214 821/821/795 525/525/518
f 527/527/520 1471/1471/1333 528/528/521
f 529/529/522 825/825/799 530/530/523
f 532/532/525 759/759/739 533/533/526
f 535/535/528 589/589/580 536/536/529
f 538/538/531 229/229/228 144/144/143
f 387/387/385 386/386/384 540/540/533
f 467/467/463 466/466/462 542/542/535
f 386/386/384 1667/1667/1478 544/544/537
f 545/545/538 1164/1164/1079 546/546/539
f 548/548/541 1100/1100/1022 549/549/542
f 551/551/544 1706/1706/1033 552/552/545
f 554/554/547 1174/1174/1088 555/555/548
f 557/557/550 1715/1715/1504 423/423/420
f 559/559/552 115/115/115 560/560/553
f 561/561/554 560/560/553 562/562/555
f 115/115/115 1895/1895/1134 564/564/557
f 560/560/553 564/564/557 565/565/455
f 559/559/552 561/561/554 566/566/558
f 567/567/559 566/566/558 568/568/560
f 561/561/554 563/563/556 570/570/562
f 566/566/558 570/570/562 571/571/563
f 203/203/202 245/245/244 572/572/564
f 172/172/171 716/716/699 574/574/566
f 575/575/567 788/788/766 576/576/568
f 578/578/570 602/602/592 579/579/571
f 101/101/101 100/100/100 581/581/573
f 305/305/304 581/581/573 582/582/574
f 100/100/100 486/486/481 584/584/575
f 581/581/573 584/584/575 585/585/576
f 337/337/336 384/384/382 586/586/577
f 587/587/578 489/489/484 505/505/499
f 589/589/580 535/535/528 590/590/581
f 592/592/583 479/479/475 481/481/477
f 228/228/227 655/655/642 594/594/585
f 595/595/586 1043/1043/975 596/596/587
f 598/598/92 482/482/478 599/599/589
f 601/601/591 1201/1201/1081 86/86/86
f 602/602/592 578/578/570 603/603/593
f 221/221/220 1351/1351/1235 206/206/205
f 604/604/594 216/216/215 204/204/203
f 605/605/595 1901/1901/1418 32/32/32
f 98/98/98 97/97/97 606/606/596
f 200/200/199 315/315/314 608/608/598
f 610/610/600 355/355/353 607/607/597
f 484/484/479 483/483/91 611/611/601
f 274/274/273 990/990/937 357/357/355
f 613/613/603 49/49/49 51/51/51
f 615/615/605 664/664/651 437/437/434
f 548/548/541 110/110/110 281/281/280
f 110/110/110 109/109/109 618/618/608
f 619/619/391 627/627/616 436/436/433
f 621/621/610 70/70/70 72/72/72
f 456/456/452 67/67/67 622/622/611
f 623/623/612 603/603/593 578/578/570
f 72/72/72 71/71/71 625/625/614
f 626/626/615 625/625/614 71/71/71
f 628/628/292 959/959/915 78/78/78
f 630/630/618 918/918/878 631/631/619
f 632/632/620 67/67/67 69/69/69
f 634/634/217 1662/1662/1474 104/104/104
f 635/635/622 1155/1155/1070 636/636/623
f 637/637/624 1569/1569/1382 406/406/403
f 467/467/463 807/807/784 445/445/442
f 638/638/625 1902/1902/1523 639/639/626
f 641/641/628 171/171/170 642/642/629
f 266/266/265 265/265/264 643/643/630
f 645/645/632 1615/1615/1444 646/646/633
f 344/344/343 1124/1124/1044 648/648/635
f 649/649/636 1080/1080/709 650/650/637
f 347/347/346 346/346/345 652/652/639
f 237/237/236 903/903/867 654/654/641
f 655/655/642 1478/1478/1338 656/656/643
f 658/658/645 97/97/97 659/659/646
f 661/661/648 667/667/654 662/662/649
f 664/664/651 658/658/645 438/438/435
f 251/251/250 1685/1685/1488 665/665/652
f 667/667/654 661/661/648 668/668/609
f 670/670/656 994/994/941 671/671/44
f 672/672/652 1881/1881/1488 224/224/223
f 415/415/412 414/414/411 402/402/399
f 125/125/125 994/994/941 675/675/659
f 677/677/472 724/724/707 492/492/487
f 678/678/661 295/295/294 679/679/662
f 681/681/664 1767/1767/1533 682/682/665
f 684/684/667 272/272/271 676/676/660
f 685/685/668 1005/1005/949 686/686/669
f 97/97/97 658/658/645 664/664/651
f 615/615/605 610/610/600 606/606/596
f 684/684/667 366/366/364 367/367/365
f 689/689/672 558/558/551 358/358/356
f 690/690/673 692/692/675 691/691/674
f 506/506/500 691/691/674 692/692/675
f 693/693/676 1119/1119/1039 291/291/290
f 694/694/677 728/728/710 695/695/678
f 697/697/680 370/370/368 369/369/367
f 448/448/445 902/902/866 507/507/501
f 698/698/681 1334/1334/1223 699/699/682
f 701/701/684 706/706/689 691/691/674
f 148/148/147 1050/1050/981 702/702/685
f 704/704/687 1068/1068/540 705/705/688
f 95/95/95 691/691/674 706/706/689
f 10/10/10 630/630/618 179/179/178
f 708/708/691 715/715/698 709/709/692
f 711/711/694 1087/1087/1011 712/712/695
f 713/713/696 842/842/814 714/714/697
f 172/172/171 171/171/170 715/715/698
f 716/716/699 172/172/171 708/708/691
f 488/488/483 705/705/688 706/706/689
f 718/718/701 920/920/880 719/719/702
f 721/721/704 1292/1292/1191 722/722/705
f 397/397/394 490/490/485 492/492/487
f 725/725/708 1132/1132/1050 726/726/517
f 728/728/710 1903/1903/563 729/729/131
f 730/730/711 1249/1249/1154 731/731/712
f 733/733/714 876/876/845 734/734/715
f 735/735/716 1193/1193/1105 736/736/717
f 738/738/719 1305/1305/1202 739/739/720
f 214/214/213 271/271/270 741/741/722
f 742/742/723 1481/1481/1341 81/81/81
f 333/333/332 1721/1721/1507 743/743/724
f 745/745/726 1304/1304/1201 738/738/719
f 747/747/728 545/545/538 547/547/540
f 749/749/729 1279/1279/1179 750/750/730
f 752/752/732 1466/1466/1328 753/753/733
f 755/755/735 592/592/583 593/593/584
f 678/678/661 680/680/663 756/756/736
f 758/758/738 1394/1394/1272 759/759/739
f 760/760/740 52/52/52 761/761/741
f 763/763/490 1086/1086/1010 764/764/743
f 766/766/744 781/781/759 27/27/27
f 175/175/174 504/504/498 767/767/745
f 768/768/746 1548/1548/1393 769/769/747
f 771/771/749 1885/1885/1344 526/526/519
f 338/338/337 1136/1136/1054 772/772/750
f 774/774/752 1044/1044/860 476/476/472
f 53/53/53 219/219/218 352/352/351
f 775/775/753 1223/1223/1131 776/776/754
f 778/778/756 174/174/173 779/779/757
f 781/781/759 1301/1301/1199 782/782/760
f 113/113/113 425/425/422 427/427/424
f 784/784/762 1229/1229/1136 785/785/763
f 244/244/243 205/205/204 217/217/216
f 170/170/169 574/574/566 787/787/765
f 788/788/766 575/575/567 789/789/767
f 478/478/474 146/146/145 148/148/147
f 758/758/738 80/80/80 790/790/768
f 792/792/769 1637/1637/986 359/359/357
f 794/794/771 449/449/446 217/217/216
f 795/795/772 140/140/139 142/142/141
f 774/774/752 799/799/776 797/797/774
f 799/799/776 802/802/779 800/800/777
f 475/475/471 801/801/778 799/799/776
f 801/801/778 377/377/375 802/802/779
f 798/798/775 797/797/774 803/803/780
f 310/310/309 803/803/780 804/804/781
f 800/800/777 1904/1904/791 803/803/780
f 803/803/780 1904/1904/791 806/806/783
f 54/54/54 53/53/53 250/250/249
f 642/642/629 170/170/169 495/495/489
f 808/808/785 1237/1237/1144 809/809/786
f 196/196/195 1407/1407/1282 811/811/788
f 316/316/315 202/202/201 812/812/789
f 813/813/790 812/812/789 814/814/791
f 202/202/201 201/201/200 816/816/792
f 812/812/789 816/816/792 817/817/783
f 813/813/790 818/818/793 776/776/754
f 818/818/793 820/820/794 777/777/755
f 815/815/777 819/819/779 818/818/793
f 819/819/779 1905/1905/1600 820/820/794
f 821/821/795 215/215/214 594/594/585
f 198/198/197 1262/1262/1164 199/199/198
f 1262/1262/1164 823/823/797 199/199/198
f 39/39/39 38/38/38 723/723/706
f 825/825/799 321/321/320 826/826/800
f 679/679/662 831/831/805 827/827/801
f 828/828/802 827/827/801 829/829/803
f 831/831/805 1300/1300/1198 832/832/806
f 827/827/801 832/832/806 833/833/807
f 828/828/802 835/835/809 680/680/663
f 680/680/663 835/835/809 834/834/808
f 830/830/804 1029/1029/967 835/835/809
f 835/835/809 1029/1029/967 836/836/769
f 837/837/810 1167/1167/1082 838/838/591
f 829/829/803 833/833/807 840/840/812
f 124/124/124 586/586/577 413/413/410
f 630/630/618 10/10/10 12/12/12
f 842/842/814 713/713/696 843/843/815
f 591/591/582 590/590/581 845/845/817
f 847/847/819 1236/1236/1143 848/848/820
f 849/849/821 538/538/531 539/539/532
f 850/850/822 854/854/826 851/851/823
f 852/852/824 851/851/823 853/853/825
f 854/854/826 869/869/839 855/855/827
f 851/851/823 855/855/827 856/856/828
f 852/852/824 858/858/830 857/857/829
f 858/858/830 861/861/833 859/859/831
f 852/852/824 613/613/603 614/614/604
f 858/858/830 614/614/604 860/860/832
f 850/850/822 857/857/829 862/862/834
f 863/863/835 862/862/834 864/864/836
f 857/857/829 859/859/831 866/866/837
f 862/862/834 866/866/837 867/867/307
f 863/863/835 868/868/838 854/854/826
f 868/868/838 871/871/841 869/869/839
f 865/865/260 870/870/840 868/868/838
f 870/870/840 1851/1851/1529 871/871/841
f 469/469/465 474/474/470 872/872/488
f 873/873/842 733/733/714 76/76/76
f 875/875/844 1034/1034/969 876/876/845
f 877/877/846 1565/1565/1408 878/878/847
f 880/880/849 1546/1546/1391 881/881/850
f 883/883/852 1640/1640/1460 185/185/184
f 884/884/576 1113/1113/1034 885/885/853
f 811/811/788 1407/1407/1282 449/449/446
f 887/887/4 1654/1654/1469 888/888/855
f 398/398/395 892/892/859 890/890/857
f 892/892/859 894/894/860 893/893/308
f 397/397/394 724/724/707 892/892/859
f 724/724/707 677/677/472 894/894/860
f 891/891/858 890/890/857 895/895/861
f 895/895/861 898/898/601 91/91/91
f 890/890/857 893/893/308 896/896/310
f 895/895/861 896/896/310 897/897/862
f 899/899/863 350/350/349 324/324/323
f 901/901/865 516/516/509 518/518/511
f 654/654/641 66/66/66 810/810/787
f 249/249/248 1545/1545/1390 196/196/195
f 902/902/866 448/448/445 450/450/447
f 903/903/867 64/64/64 66/66/66
f 718/718/701 340/340/339 318/318/317
f 905/905/439 1252/1252/1156 906/906/869
f 908/908/870 1039/1039/971 134/134/133
f 909/909/871 1293/1293/1192 910/910/872
f 912/912/874 1069/1069/997 913/913/539
f 914/914/875 984/984/934 915/915/680
f 846/846/818 845/845/817 917/917/877
f 918/918/878 285/285/284 919/919/879
f 920/920/880 718/718/701 904/904/868
f 922/922/882 993/993/940 923/923/883
f 715/715/698 979/979/933 924/924/884
f 357/357/355 924/924/884 719/719/702
f 191/191/190 193/193/192 516/516/509
f 925/925/885 513/513/506 926/926/886
f 916/916/876 649/649/636 651/651/638
f 927/927/887 1199/1199/1111 928/928/888
f 930/930/890 1073/1073/1000 651/651/638
f 931/931/891 453/453/450 670/670/656
f 465/465/461 276/276/275 932/932/892
f 438/438/435 658/658/645 660/660/647
f 275/275/274 274/274/273 711/711/694
f 9/9/9 1518/1518/1369 934/934/893
f 57/57/57 454/454/451 931/931/891
f 935/935/894 1699/1699/1498 885/885/853
f 936/936/895 617/617/607 280/280/279
f 938/938/897 1854/1854/1585 304/304/303
f 939/939/898 1092/1092/1016 56/56/56
f 544/544/537 1375/1375/61 941/941/2
f 625/625/614 626/626/615 392/392/389
f 314/314/313 313/313/312 943/943/901
f 945/945/902 1902/1902/1523 638/638/625
f 946/946/903 949/949/906 947/947/904
f 949/949/906 952/952/909 155/155/154
f 950/950/907 951/951/908 949/949/906
f 951/951/908 1663/1663/1475 952/952/909
f 948/948/905 947/947/904 953/953/910
f 954/954/911 953/953/910 873/873/842
f 947/947/904 155/155/154 157/157/156
f 953/953/910 157/157/156 955/955/912
f 954/954/911 957/957/914 956/956/913
f 957/957/914 960/960/19 958/958/21
f 874/874/843 959/959/915 957/957/914
f 959/959/915 628/628/292 960/960/19
f 948/948/905 956/956/913 961/961/916
f 946/946/903 961/961/916 962/962/917
f 956/956/913 958/958/21 963/963/918
f 961/961/916 963/963/918 964/964/919
f 824/824/798 823/823/797 965/965/920
f 795/795/772 967/967/922 966/966/921
f 967/967/922 969/969/924 968/968/923
f 796/796/773 1464/1464/1326 967/967/922
f 967/967/922 1464/1464/1326 232/232/231
f 588/588/579 966/966/921 970/970/925
f 587/587/578 970/970/925 971/971/926
f 966/966/921 968/968/923 973/973/927
f 970/970/925 973/973/927 974/974/928
f 975/975/929 1707/1707/1500 351/351/350
f 976/976/930 824/824/798 600/600/590
f 977/977/931 1794/1794/1551 978/978/932
f 979/979/933 720/720/703 719/719/702
f 921/921/881 904/904/868 980/980/758
f 678/678/661 757/757/737 982/982/768
f 983/983/368 915/915/680 984/984/934
f 737/737/718 736/736/717 985/985/896
f 987/987/935 135/135/134 984/984/934
f 717/717/700 708/708/691 710/710/693
f 989/989/936 662/662/649 530/530/523
f 990/990/937 273/273/272 710/710/693
f 991/991/938 330/330/329 329/329/328
f 94/94/94 1074/1074/1001 676/676/660
f 921/921/881 98/98/98 607/607/597
f 259/259/258 923/923/883 993/993/940
f 994/994/941 125/125/125 127/127/45
f 994/994/941 670/670/656 453/453/450
f 995/995/617 752/752/732 754/754/734
f 997/997/646 529/529/522 531/531/524
f 999/999/944 364/364/362 1000/1000/945
f 627/627/616 71/71/71 1002/1002/947
f 268/268/267 1219/1219/1128 771/771/749
f 1003/1003/281 1146/1146/1063 737/737/718
f 1004/1004/948 845/845/817 590/590/581
f 1006/1006/950 1744/1744/1521 411/411/408
f 1008/1008/952 1112/1112/1025 1009/1009/953
f 1010/1010/386 1906/1906/388 1011/1011/510
f 1013/1013/313 945/945/902 942/942/900
f 183/183/182 853/853/825 856/856/828
f 1015/1015/956 1102/1102/1024 1016/1016/957
f 49/49/49 613/613/603 853/853/825
f 180/180/179 631/631/619 919/919/879
f 1018/1018/959 1907/1907/120 1019/1019/122
f 1021/1021/961 1257/1257/1159 227/227/226
f 1023/1023/963 1659/1659/1472 692/692/675
f 1024/1024/964 1278/1278/1178 1025/1025/965
f 612/612/602 1026/1026/966 440/440/437
f 1026/1026/966 816/816/792 201/201/200
f 1027/1027/782 1028/1028/781 1026/1026/966
f 1028/1028/781 817/817/783 816/816/792
f 1029/1029/967 830/830/804 608/608/598
f 311/311/310 310/310/309 805/805/782
f 452/452/449 654/654/641 809/809/786
f 1032/1032/30 644/644/631 643/643/630
f 156/156/155 1346/1346/1231 1034/1034/969
f 882/882/851 881/881/850 1035/1035/636
f 1037/1037/388 1499/1499/1356 518/518/511
f 1038/1038/970 1789/1789/1546 1016/1016/957
f 1039/1039/971 908/908/870 304/304/303
f 1040/1040/972 10/10/10 707/707/690
f 1042/1042/974 223/223/222 1043/1043/975
f 1044/1044/860 774/774/752 798/798/775
f 1025/1025/965 466/466/462 1045/1045/976
f 240/240/239 1046/1046/977 18/18/18
f 1046/1046/977 197/197/196 199/199/198
f 242/242/241 1047/1047/978 1046/1046/977
f 1047/1047/978 713/713/696 197/197/196
f 535/535/528 686/686/669 1005/1005/949
f 1048/1048/979 768/768/746 770/770/748
f 147/147/146 932/932/892 1050/1050/981
f 1051/1051/982 1341/1341/1226 1052/1052/983
f 1053/1053/984 1661/1661/1473 1054/1054/985
f 824/824/798 16/16/16 18/18/18
f 1055/1055/986 836/836/769 1029/1029/967
f 1056/1056/987 681/681/664 683/683/666
f 1058/1058/989 85/85/85 573/573/565
f 553/553/546 552/552/545 1059/1059/990
f 169/169/168 1673/1673/1480 340/340/339
f 1061/1061/992 788/788/766 263/263/262
f 703/703/686 702/702/685 1062/1062/993
f 701/701/684 505/505/499 489/489/484
f 573/573/565 34/34/34 36/36/36
f 1064/1064/995 198/198/197 714/714/697
f 1066/1066/366 1039/1039/971 306/306/305
f 807/807/784 467/467/463 543/543/536
f 1068/1068/540 913/913/539 1069/1069/997
f 1070/1070/621 1490/1490/69 1071/1071/998
f 167/167/166 340/340/339 718/718/701
f 901/901/865 226/226/225 1072/1072/999
f 557/557/550 558/558/551 689/689/672
f 641/641/628 167/167/166 720/720/703
f 786/786/764 1301/1301/1199 781/781/759
f 145/145/144 144/144/143 229/229/228
f 676/676/660 1074/1074/1001 912/912/874
f 822/822/796 594/594/585 655/655/642
f 98/98/98 921/921/881 981/981/757
f 94/94/94 42/42/42 690/690/673
f 1073/1073/1000 987/987/935 914/914/875
f 1074/1074/1001 93/93/93 1069/1069/997
f 27/27/27 782/782/760 1075/1075/1002
f 1076/1076/744 273/273/272 275/275/274
f 536/536/529 589/589/580 1078/1078/1004
f 650/650/637 618/618/608 109/109/109
f 1080/1080/709 524/524/517 618/618/608
f 464/464/460 1091/1091/1015 12/12/12
f 675/675/659 453/453/450 366/366/364
f 1081/1081/1006 39/39/39 722/722/705
f 37/37/37 520/520/513 1083/1083/1008
f 83/83/83 521/521/514 711/711/694
f 1085/1085/765 1805/1805/1557 1086/1086/1010
f 40/40/40 272/272/271 684/684/667
f 1087/1087/1011 615/615/605 616/616/606
f 1087/1087/1011 356/356/354 610/610/600
f 275/275/274 521/521/514 523/523/516
f 422/422/419 1167/1167/1082 1088/1088/1012
f 1002/1002/947 70/70/70 616/616/606
f 75/75/75 82/82/82 1090/1090/1014
f 1091/1091/1015 146/146/145 841/841/813
f 70/70/70 621/621/610 712/712/695
f 75/75/75 74/74/74 522/522/515
f 55/55/55 931/931/891 457/457/453
f 1092/1092/1016 1212/1212/1121 57/57/57
f 627/627/616 619/619/391 1093/1093/393
f 1094/1094/666 1641/1641/665 1095/1095/1017
f 395/395/392 234/234/233 236/236/235
f 1098/1098/1020 1317/1317/1210 234/234/233
f 744/744/725 743/743/724 111/111/111
f 617/617/607 936/936/895 1100/1100/1022
f 940/940/899 56/56/56 622/622/611
f 1101/1101/1023 936/936/895 937/937/896
f 67/67/67 632/632/620 1008/1008/952
f 1102/1102/1024 877/877/846 879/879/848
f 1103/1103/1025 22/22/22 24/24/24
f 1061/1061/992 741/741/722 1105/1105/1027
f 1107/1107/1029 1464/1464/1326 796/796/773
f 1109/1109/1031 361/361/359 363/363/361
f 1111/1111/1033 1734/1734/1514 1101/1101/1023
f 632/632/620 1125/1125/22 1112/1112/1025
f 299/299/298 625/625/614 942/942/900
f 1113/1113/1034 694/694/677 696/696/679
f 1114/1114/1035 939/939/898 940/940/899
f 1115/1115/1035 1635/1635/953 1116/1116/1036
f 848/848/820 1235/1235/1142 123/123/123
f 1117/1117/1037 1262/1262/1164 198/198/197
f 794/794/771 1075/1075/1002 782/782/760
f 588/588/579 505/505/499 140/140/139
f 1118/1118/1038 1547/1547/1392 1119/1119/1039
f 255/255/254 254/254/253 325/325/324
f 1121/1121/1041 1475/1475/1336 1122/1122/1042
f 1063/1063/994 267/267/266 478/478/474
f 89/89/89 105/105/105 107/107/107
f 1124/1124/1044 344/344/343 773/773/751
f 633/633/621 1908/1908/372 1125/1125/22
f 2/2/2 61/61/61 63/63/63
f 35/35/35 1806/1806/566 1126/1126/699
f 1128/1128/1046 1723/1723/1508 1129/1129/1047
f 1131/1131/1049 1473/1473/1334 1116/1116/1036
f 446/446/443 1146/1146/1063 1132/1132/1050
f 1134/1134/1052 1268/1268/1169 1135/1135/1053
f 808/808/785 1287/1287/1187 772/772/750
f 1137/1137/1055 1131/1131/1049 1104/1104/1026
f 943/943/901 1318/1318/1211 1138/1138/1056
f 428/428/425 1693/1693/1494 1140/1140/1058
f 151/151/150 150/150/149 1141/1141/1059
f 1142/1142/1060 645/645/632 647/647/634
f 1143/1143/1061 1409/1409/1284 1144/1144/1062
f 1146/1146/1063 1003/1003/281 726/726/517
f 1147/1147/534 1188/1188/1101 762/762/742
f 767/767/745 1261/1261/1163 1149/1149/1064
f 952/952/909 1697/1697/1496 1151/1151/1066
f 1152/1152/1067 1631/1631/1456 1153/1153/1068
f 1155/1155/1070 880/880/849 882/882/851
f 807/807/784 250/250/249 252/252/251
f 1092/1092/1016 939/939/898 177/177/176
f 1157/1157/1072 1309/1309/1206 1158/1158/1073
f 575/575/567 1264/1264/1165 1160/1160/1075
f 36/36/36 35/35/35 1127/1127/1045
f 1161/1161/1076 479/479/475 335/335/334
f 667/667/654 531/531/524 530/530/523
f 1163/1163/1078 279/279/278 1164/1164/1079
f 62/62/62 1323/1323/1215 1165/1165/1080
f 1166/1166/1081 838/838/591 1167/1167/1082
f 1146/1146/1063 446/446/443 735/735/716
f 1168/1168/1083 1458/1458/1320 1110/1110/1032
f 1169/1169/1084 1585/1585/1417 1170/1170/1085
f 1172/1172/318 598/598/92 600/600/590
f 1173/1173/1087 1251/1251/1155 1174/1174/1088
f 1175/1175/1089 1180/1180/1093 1176/1176/1090
f 431/431/428 430/430/427 1178/1178/1092
f 1180/1180/1093 1489/1489/1348 1181/1181/1094
f 1157/1157/1072 1674/1674/1192 1182/1182/1095
f 1184/1184/1097 1189/1189/1102 1185/1185/1098
f 1187/1187/1100 1877/1877/1446 770/770/748
f 1188/1188/1101 220/220/219 760/760/740
f 555/555/548 1185/1185/1098 1189/1189/1102
f 239/239/238 238/238/237 158/158/157
f 569/569/561 37/37/37 1084/1084/1009
f 1190/1190/1103 1638/1638/1458 460/460/456
f 1192/1192/293 1909/1909/292 995/995/617
f 908/908/870 136/136/135 1163/1163/1078
f 1193/1193/1105 666/666/653 1194/1194/1106
f 743/743/724 1721/1721/1507 1195/1195/1107
f 1196/1196/1108 909/909/871 911/911/873
f 1197/1197/1109 1899/1899/1560 404/404/401
f 673/673/657 224/224/223 226/226/225
f 1198/1198/1110 1396/1396/1273 1199/1199/1111
f 244/244/243 507/507/501 508/508/502
f 736/736/717 1194/1194/1106 1200/1200/387
f 1201/1201/1081 764/764/743 1086/1086/1010
f 1202/1202/1112 593/593/584 481/481/477
f 508/508/502 433/433/430 1129/1129/1047
f 291/291/290 189/189/188 367/367/365
f 1204/1204/1114 1666/1666/685 1205/1205/1115
f 85/85/85 1058/1058/989 1207/1207/811
f 1208/1208/1117 1294/1294/1193 1209/1209/1118
f 1211/1211/1120 1295/1295/1194 1020/1020/960
f 955/955/912 875/875/844 733/733/714
f 1156/1156/1071 290/290/289 1212/1212/1121
f 1213/1213/1122 1468/1468/1330 1214/1214/1123
f 1216/1216/1125 1910/1910/1253 1217/1217/1126
f 1063/1063/994 1062/1062/993 1219/1219/1128
f 1220/1220/1129 687/687/670 1221/1221/1130
f 1223/1223/1131 775/775/753 1055/1055/986
f 1224/1224/1132 16/16/16 824/824/798
f 1225/1225/1133 1191/1191/1104 1226/1226/1134
f 1228/1228/1135 785/785/763 1229/1229/1136
f 1231/1231/1138 1283/1283/1183 1232/1232/1139
f 1233/1233/1140 1535/1535/330 1234/1234/1141
f 1235/1235/1142 848/848/820 1236/1236/1143
f 685/685/668 1593/1593/1424 907/907/306
f 1238/1238/1145 331/331/330 333/333/332
f 1239/1239/1146 1718/1718/458 1240/1240/1147
f 844/844/816 861/861/833 860/860/832
f 108/108/108 550/550/543 1242/1242/1149
f 987/987/935 1073/1073/1000 326/326/325
f 1244/1244/1151 1658/1658/1471 1245/1245/1152
f 688/688/671 1496/1496/1354 922/922/882
f 1247/1247/993 1244/1244/1151 1246/1246/1153
f 315/315/314 1223/1223/1131 1030/1030/968
f 1249/1249/1154 730/730/711 999/999/944
f 1250/1250/341 1705/1705/635 1251/1251/1155
f 1252/1252/1156 1277/1277/1177 1004/1004/948
f 14/14/14 124/124/124 365/365/363
f 1184/1184/1097 1402/1402/1277 1246/1246/1153
f 1253/1253/264 883/883/852 187/187/186
f 539/539/532 1886/1886/1598 591/591/582
f 1255/1255/1157 1259/1259/1161 1256/1256/1158
f 1258/1258/1160 1256/1256/1158 1259/1259/1161
f 849/849/821 1589/1589/1421 1022/1022/962
f 1261/1261/1163 1650/1650/1466 823/823/797
f 211/211/210 380/380/378 1263/1263/482
f 1237/1237/1144 1236/1236/1143 451/451/448
f 1264/1264/1165 501/501/495 1265/1265/1166
f 1097/1097/1019 1726/1726/390 396/396/393
f 1266/1266/1167 128/128/127 1267/1267/1168
f 298/298/297 1090/1090/1014 82/82/82
f 1268/1268/1169 1134/1134/1052 1269/1269/1170
f 861/861/833 844/844/816 1271/1271/1172
f 1272/1272/1173 1356/1356/1240 1273/1273/595
f 1275/1275/1175 1361/1361/1245 1059/1059/990
f 408/408/405 1501/1501/1357 1277/1277/1177
f 785/785/763 1228/1228/1135 542/542/535
f 1279/1279/1179 1709/1709/1502 624/624/613
f 1280/1280/1180 1368/1368/1252 1281/1281/1181
f 1283/1283/1183 1616/1616/1445 1284/1284/1184
f 1285/1285/1185 1513/1513/1364 89/89/89
f 1286/1286/1186 1760/1760/1530 427/427/424
f 1124/1124/1044 772/772/750 1287/1287/1187
f 793/793/770 359/359/357 1289/1289/1189
f 1290/1290/1190 43/43/43 45/45/45
f 486/486/481 1357/1357/1241 1292/1292/1191
f 274/274/273 356/356/354 1087/1087/1011
f 975/975/929 1857/1857/1095 1293/1293/1192
f 1294/1294/1193 1208/1208/1117 1020/1020/960
f 1296/1296/1195 1072/1072/999 226/226/225
f 1297/1297/1196 1117/1117/1037 1064/1064/995
f 1183/1183/1096 1182/1182/1095 1298/1298/863
f 241/241/240 152/152/151 154/154/153
f 1301/1301/1199 194/194/193 811/811/788
f 1302/1302/808 792/792/769 793/793/770
f 686/686/669 535/535/528 537/537/530
f 1304/1304/1201 254/254/253 1305/1305/1202
f 1306/1306/1203 1504/1504/1359 623/623/612
f 657/657/644 656/656/643 1308/1308/1205
f 1260/1260/1162 1259/1259/1161 1158/1158/1073
f 1310/1310/128 1485/1485/1345 1311/1311/1207
f 859/859/831 1271/1271/1172 1313/1313/1208
f 784/784/762 781/781/759 766/766/744
f 1236/1236/1143 847/847/819 159/159/158
f 439/439/436 200/200/199 609/609/599
f 1275/1275/1175 1320/1320/438 1315/1315/347
f 1317/1317/1210 1098/1098/1020 661/661/648
f 119/119/119 1748/1748/1524 317/317/316
f 1318/1318/1211 1412/1412/1287 1319/1319/1212
f 1320/1320/438 1275/1275/1175 1276/1276/1176
f 595/595/586 1437/1437/1305 164/164/163
f 1138/1138/1056 1319/1319/1212 1322/1322/1214
f 1272/1272/1173 3/3/3 63/63/63
f 1190/1190/1103 1627/1627/1454 1324/1324/1216
f 1326/1326/1218 1639/1639/1459 878/878/847
f 380/380/378 747/747/728 748/748/687
f 1139/1139/1057 1138/1138/1056 1323/1323/1215
f 1108/1108/1030 1064/1064/995 1065/1065/996
f 414/414/411 1465/1465/1327 1327/1327/1219
f 1328/1328/1220 1676/1676/1481 1329/1329/1221
f 860/860/832 233/233/232 1107/1107/1029
f 432/432/429 177/177/176 939/939/898
f 1331/1331/1222 1828/1828/1297 1208/1208/1117
f 193/193/192 441/441/438 1332/1332/1213
f 959/959/915 874/874/843 76/76/76
f 1333/1333/118 1911/1911/1501 1334/1334/1223
f 1335/1335/1076 9/9/9 8/8/8
f 511/511/504 510/510/23 1337/1337/372
f 1339/1339/1224 258/258/257 257/257/256
f 1338/1338/374 551/551/544 553/553/546
f 1051/1051/982 1519/1519/1370 1195/1195/1107
f 260/260/259 767/767/745 1150/1150/1065
f 746/746/727 738/738/719 740/740/721
f 1343/1343/1228 1679/1679/1483 1153/1153/1068
f 755/755/735 464/464/460 11/11/11
f 1346/1346/1231 156/156/155 1151/1151/1066
f 143/143/142 215/215/214 526/526/519
f 830/830/804 829/829/803 609/609/599
f 1348/1348/1233 1912/1912/529 1349/1349/1005
f 1351/1351/1235 221/221/220 223/223/222
f 1352/1352/1236 404/404/401 406/406/403
f 1354/1354/1238 383/383/381 1355/1355/1239
f 1357/1357/1241 485/485/480 210/210/209
f 1343/1343/1228 1363/1363/1247 1359/1359/1243
f 1060/1060/991 1059/1059/990 1361/1361/1245
f 1344/1344/1229 1405/1405/1280 1363/1363/1247
f 1364/1364/1248 278/278/277 1202/1202/1112
f 1366/1366/1250 371/371/369 1367/1367/1251
f 1368/1368/1252 1487/1487/726 1369/1369/727
f 1370/1370/1253 1642/1642/1461 1371/1371/1254
f 107/107/107 106/106/106 1373/1373/1255
f 640/640/627 639/639/626 1375/1375/61
f 1376/1376/1257 1377/1377/1258 1215/1215/1124
f 1377/1377/1258 1380/1380/1041 1378/1378/1259
f 1379/1379/1260 1760/1760/1530 1377/1377/1258
f 1377/1377/1258 1760/1760/1530 1286/1286/1186
f 1362/1362/1246 1366/1366/1250 509/509/503
f 180/180/179 1444/1444/1310 1381/1381/1261
f 1382/1382/1262 992/992/939 1383/1383/1263
f 1385/1385/1265 1216/1216/1125 1218/1218/1127
f 1387/1387/1267 419/419/416 421/421/418
f 759/759/739 513/513/506 515/515/508
f 992/992/939 329/329/328 1388/1388/1268
f 1383/1383/1263 1388/1388/1268 1389/1389/1269
f 329/329/328 1898/1898/1330 1391/1391/1122
f 1388/1388/1268 1391/1391/1122 1392/1392/1271
f 1393/1393/736 1302/1302/808 926/926/886
f 1395/1395/864 1488/1488/1347 1299/1299/1197
f 1396/1396/1273 1283/1283/1183 1231/1231/1138
f 1397/1397/1274 1401/1401/1276 1398/1398/587
f 1400/1400/588 1398/1398/587 1401/1401/1276
f 1402/1402/1277 1670/1670/749 1248/1248/1128
f 1317/1317/1210 1118/1118/1038 1403/1403/1278
f 216/216/215 604/604/594 1075/1075/1002
f 1036/1036/876 697/697/680 636/636/623
f 500/500/494 499/499/493 1404/1404/1279
f 212/212/211 741/741/722 1061/1061/992
f 1255/1255/1157 1257/1257/1159 1021/1021/961
f 66/66/66 65/65/65 1406/1406/1281
f 1231/1231/1138 991/991/938 992/992/939
f 450/450/447 449/449/446 1407/1407/1282
f 528/528/521 1144/1144/1062 1409/1409/1284
f 1410/1410/1285 1348/1348/1233 1411/1411/1286
f 1350/1350/1234 1349/1349/1005 1312/1312/129
f 1405/1405/1280 1021/1021/961 137/137/136
f 1122/1122/1042 1816/1816/856 1413/1413/1271
f 1414/1414/1288 1470/1470/1332 1415/1415/1289
f 1411/1411/1286 1587/1587/1419 1417/1417/1291
f 1243/1243/1150 326/326/325 43/43/43
f 1278/1278/1178 1024/1024/964 786/786/764
f 1060/1060/991 509/509/503 511/511/504
f 1267/1267/1168 1886/1886/1598 539/539/532
f 1274/1274/1174 1/1/1 3/3/3
f 842/842/814 860/860/832 1065/1065/996
f 110/110/110 548/548/541 550/550/543
f 1119/1119/1039 190/190/189 189/189/188
f 1072/1072/999 1296/1296/1195 903/903/867
f 1419/1419/626 1747/1747/1523 1139/1139/1057
f 1420/1420/1251 1137/1137/1055 24/24/24
f 490/490/485 397/397/394 168/168/167
f 1421/1421/574 1913/1913/576 1422/1422/854
f 357/357/355 990/990/937 709/709/692
f 1423/1423/1293 1424/1424/1294 700/700/683
f 1424/1424/1294 1426/1426/1296 1425/1425/1295
f 1426/1426/1296 1429/1429/959 1427/1427/1297
f 579/579/571 1428/1428/1298 1426/1426/1296
f 1428/1428/1298 1914/1914/120 1429/1429/959
f 700/700/683 1425/1425/1295 1430/1430/1299
f 698/698/681 1430/1430/1299 1431/1431/1300
f 1425/1425/1295 1427/1427/1297 1432/1432/1222
f 1430/1430/1299 1432/1432/1222 1433/1433/1301
f 1073/1073/1000 930/930/890 1434/1434/1302
f 821/821/795 822/822/796 286/286/285
f 255/255/254 1656/1656/1470 1435/1435/1303
f 1436/1436/1304 935/935/894 696/696/679
f 597/597/588 1804/1804/1270 1437/1437/1305
f 253/253/252 1435/1435/1303 1438/1438/1306
f 1439/1439/1307 1438/1438/1306 1440/1440/1308
f 1435/1435/1303 1657/1657/160 1441/1441/162
f 1438/1438/1306 1441/1441/162 1442/1442/624
f 1443/1443/1309 1447/1447/1312 1052/1052/983
f 1264/1264/1165 575/575/567 577/577/569
f 1136/1136/1054 338/338/337 123/123/123
f 1444/1444/1310 180/180/179 1017/1017/958
f 8/8/8 332/332/331 1446/1446/1140
f 7/7/7 231/231/230 1052/1052/983
f 1448/1448/1313 1669/1669/946 1449/1449/945
f 207/207/206 1867/1867/1589 1451/1451/1315
f 1452/1452/1316 1448/1448/1313 1450/1450/1314
f 1402/1402/1277 1184/1184/1097 1186/1186/1099
f 1455/1455/1154 1665/1665/1477 1456/1456/1319
f 1458/1458/1320 1168/1168/1083 1459/1459/1321
f 1214/1214/1123 1469/1469/1331 1461/1461/1323
f 1462/1462/1324 976/976/930 599/599/589
f 233/233/232 232/232/231 1464/1464/1326
f 1465/1465/1327 208/208/207 207/207/206
f 1316/1316/1209 1315/1315/347 1416/1416/1290
f 305/305/304 583/583/148 1067/1067/150
f 1466/1466/1328 1588/1588/1420 1467/1467/1329
f 1468/1468/1330 1649/1649/327 1469/1469/1331
f 1458/1458/1320 1415/1415/1289 1470/1470/1332
f 351/351/350 1453/1453/1317 1120/1120/1040
f 1417/1417/1291 1170/1170/1085 1471/1471/1333
f 1319/1319/1212 1418/1418/1292 381/381/379
f 1472/1472/369 1634/1634/1457 1137/1137/1055
f 1360/1360/1244 1359/1359/1243 1473/1473/1334
f 1474/1474/1335 1817/1817/1484 1122/1122/1042
f 1476/1476/1337 47/47/47 689/689/672
f 1175/1175/1089 656/656/643 1478/1478/1338
f 1479/1479/1339 295/295/294 297/297/296
f 845/845/817 1004/1004/948 1277/1277/1177
f 1456/1456/1319 1109/1109/1031 1110/1110/1032
f 1143/1143/1061 1586/1586/1418 1355/1355/1239
f 1409/1409/1284 1355/1355/1239 383/383/381
f 1481/1481/1341 1729/1729/1511 419/419/416
f 1482/1482/1342 1704/1704/1499 1144/1144/1062
f 1483/1483/1343 433/433/430 435/435/432
f 17/17/17 519/519/512 152/152/151
f 1484/1484/1344 1454/1454/1318 1485/1485/1345
f 1149/1149/1064 1117/1117/1037 1297/1297/1196
f 1487/1487/726 1368/1368/1252 1488/1488/1347
f 1309/1309/1206 1157/1157/1072 1183/1183/1096
f 53/53/53 760/760/740 220/220/219
f 1242/1242/1149 1071/1071/998 1490/1490/69
f 1489/1489/1348 1183/1183/1096 1299/1299/1197
f 555/555/548 1174/1174/1088 1482/1482/1342
f 514/514/507 1088/1088/1012 1167/1167/1082
f 1493/1493/1351 1120/1120/1040 1453/1453/1317
f 1269/1269/1170 498/498/492 500/500/494
f 41/41/41 923/923/883 1342/1342/1227
f 1368/1368/1252 1280/1280/1180 1495/1495/1353
f 927/927/887 556/556/549 1189/1189/1102
f 554/554/547 929/929/889 1397/1397/1274
f 919/919/879 285/285/284 287/287/286
f 1496/1496/1354 188/188/187 993/993/940
f 1497/1497/398 1568/1568/397 1210/1210/1119
f 1498/1498/1355 1133/1133/1051 1132/1132/1050
f 673/673/657 518/518/511 1499/1499/1356
f 160/160/159 1745/1745/1288 1500/1500/1290
f 139/139/138 138/138/137 1501/1501/1357
f 1177/1177/1091 1308/1308/1205 656/656/643
f 119/119/119 118/118/118 1502/1502/1300
f 65/65/65 1178/1178/1092 430/430/427
f 346/346/345 1504/1504/1359 302/302/301
f 303/303/302 302/302/301 1504/1504/1359
f 21/21/21 20/20/20 1083/1083/1008
f 1506/1506/1360 1759/1759/1529 1160/1160/1075
f 1505/1505/918 1083/1083/1008 520/520/513
f 279/279/278 1243/1243/1150 1290/1290/1190
f 580/580/572 750/750/730 624/624/613
f 1508/1508/1361 1271/1271/1172 844/844/816
f 1223/1223/1131 315/315/314 316/316/315
f 604/604/594 1127/1127/1045 25/25/25
f 1313/1313/1208 1684/1684/1487 1509/1509/348
f 1511/1511/1362 1105/1105/1027 421/421/418
f 252/252/251 251/251/250 666/666/653
f 1512/1512/1363 1884/1884/96 779/779/757
f 278/278/277 277/277/276 593/593/584
f 294/294/293 114/114/114 116/116/116
f 1513/1513/1364 1285/1285/1185 1514/1514/1365
f 1515/1515/1366 501/501/495 503/503/497
f 1492/1492/1350 1482/1482/1342 528/528/521
f 938/938/897 1163/1163/1078 545/545/538
f 699/699/682 1334/1334/1223 29/29/29
f 349/349/348 79/79/79 81/81/81
f 1335/1335/1076 1880/1880/1077 1518/1518/1369
f 4/4/4 1681/1681/1484 1519/1519/1370
f 231/231/230 230/230/229 681/681/664
f 1520/1520/1371 1385/1385/1265 1386/1386/1266
f 1460/1460/1322 1459/1459/1321 1362/1362/1246
f 1386/1386/1266 1218/1218/1127 1522/1522/1373
f 1522/1522/1373 1527/1527/1378 1524/1524/1375
f 1218/1218/1127 1217/1217/1126 1525/1525/1376
f 1522/1522/1373 1525/1525/1376 1526/1526/1377
f 1523/1523/1374 1528/1528/1379 1521/1521/1372
f 1528/1528/1379 1461/1461/1323 1469/1469/1331
f 1524/1524/1375 1529/1529/1380 1528/1528/1379
f 1529/1529/1380 1652/1652/1468 1461/1461/1323
f 930/930/890 109/109/109 1530/1530/1381
f 1531/1531/1382 1915/1915/624 163/163/162
f 1234/1234/1141 1533/1533/1384 1532/1532/1383
f 1533/1533/1384 1537/1537/1380 1534/1534/1375
f 1535/1535/330 1536/1536/1145 1533/1533/1384
f 1536/1536/1145 1916/1916/1468 1537/1537/1380
f 1365/1365/1249 1532/1532/1383 1538/1538/1385
f 1364/1364/1248 1538/1538/1385 1539/1539/1386
f 1532/1532/1383 1534/1534/1375 1541/1541/1378
f 1538/1538/1385 1541/1541/1378 1542/1542/1377
f 1543/1543/1388 482/482/478 484/484/479
f 1544/1544/1389 477/477/473 478/478/474
f 825/825/799 529/529/522 1512/1512/1363
f 1479/1479/1339 1480/1480/1340 242/242/241
f 1042/1042/974 164/164/163 166/166/165
f 687/687/670 686/686/669 1303/1303/1200
f 1024/1024/964 194/194/193 1301/1301/1199
f 339/339/338 338/338/337 773/773/751
f 1133/1133/1051 1498/1498/1355 248/248/247
f 1545/1545/1390 249/249/248 1546/1546/1391
f 1149/1149/1064 1261/1261/1163 1262/1262/1164
f 1547/1547/1392 989/989/936 190/190/189
f 247/247/246 246/246/245 1548/1548/1393
f 1549/1549/1394 1554/1554/1399 1550/1550/1395
f 1551/1551/1396 1550/1550/1395 1552/1552/1397
f 1554/1554/1399 877/877/846 1102/1102/1024
f 1550/1550/1395 1102/1102/1024 1015/1015/956
f 1551/1551/1396 1556/1556/1401 1555/1555/1400
f 1556/1556/1401 1559/1559/1185 1557/1557/88
f 1553/1553/1398 1558/1558/1402 1556/1556/1401
f 1558/1558/1402 1802/1802/1365 1559/1559/1185
f 1549/1549/1394 1555/1555/1400 1560/1560/1403
f 1561/1561/1404 1560/1560/1403 1562/1562/1405
f 1555/1555/1400 1557/1557/88 1563/1563/1406
f 1560/1560/1403 1563/1563/1406 1564/1564/1407
f 1561/1561/1404 1566/1566/1409 1554/1554/1399
f 1554/1554/1399 1566/1566/1409 1565/1565/1408
f 334/334/333 1672/1672/1479 1566/1566/1409
f 1566/1566/1409 1672/1672/1479 1040/1040/972
f 157/157/156 156/156/155 875/875/844
f 1017/1017/958 919/919/879 1308/1308/1205
f 1567/1567/1301 1331/1331/1222 1210/1210/1119
f 1323/1323/1215 1322/1322/1214 1354/1354/1238
f 1569/1569/1382 1917/1917/665 1353/1353/1237
f 1570/1570/1410 121/121/121 404/404/401
f 78/78/78 77/77/77 1571/1571/732
f 1572/1572/1411 1326/1326/1218 1041/1041/973
f 1573/1573/1271 1213/1213/1122 1215/1215/1124
f 1284/1284/1184 1206/1206/1116 1574/1574/1412
f 1575/1575/1413 1574/1574/1412 1576/1576/1125
f 1205/1205/1115 1918/1918/1461 1574/1574/1412
f 1574/1574/1412 1918/1918/1461 1578/1578/1253
f 1575/1575/1413 1579/1579/1414 1232/1232/1139
f 1579/1579/1414 330/330/329 991/991/938
f 1577/1577/1265 1580/1580/1371 1579/1579/1414
f 1580/1580/1371 328/328/327 330/330/329
f 1280/1280/1180 1444/1444/1310 1445/1445/1311
f 1245/1245/1152 1658/1658/1471 1396/1396/1273
f 1581/1581/1415 1478/1478/1338 655/655/642
f 1118/1118/1038 1317/1317/1210 663/663/650
f 1189/1189/1102 1184/1184/1097 1245/1245/1152
f 972/972/208 487/487/482 489/489/484
f 445/445/442 252/252/251 1193/1193/1105
f 447/447/444 446/446/443 1133/1133/1051
f 1260/1260/1162 1309/1309/1206 1489/1489/1348
f 128/128/127 130/130/129 1079/1079/1005
f 1582/1582/1406 87/87/87 1583/1583/1416
f 33/33/33 64/64/64 1053/1053/984
f 1186/1186/1099 1185/1185/1098 1585/1585/1417
f 1585/1585/1417 1492/1492/1350 1471/1471/1333
f 1586/1586/1418 1273/1273/595 1356/1356/1240
f 1587/1587/1419 1350/1350/1234 1311/1311/1207
f 1588/1588/1420 1506/1506/1360 1265/1265/1166
f 1589/1589/1421 137/137/136 1021/1021/961
f 1587/1587/1419 1171/1171/1086 1170/1170/1085
f 527/527/520 381/381/379 1418/1418/1292
f 220/220/219 1188/1188/1101 1590/1590/1422
f 1141/1141/1059 902/902/866 635/635/622
f 1591/1591/1200 1678/1678/530 1410/1410/1285
f 687/687/670 1220/1220/1129 1593/1593/1424
f 1412/1412/1287 1318/1318/1211 1592/1592/1423
f 1257/1257/1159 1256/1256/1158 1581/1581/1415
f 1594/1594/1425 541/541/534 540/540/533
f 1595/1595/1130 1591/1591/1200 1592/1592/1423
f 1072/1072/999 237/237/236 239/239/238
f 1596/1596/1426 1599/1599/1429 1597/1597/1427
f 1599/1599/1429 1603/1603/1433 1600/1600/1430
f 1601/1601/1431 1602/1602/1432 1599/1599/1429
f 1602/1602/1432 410/410/407 1603/1603/1433
f 1598/1598/1428 1597/1597/1427 1604/1604/1434
f 1605/1605/1435 1604/1604/1434 1606/1606/729
f 1597/1597/1427 1600/1600/1430 1608/1608/1437
f 1604/1604/1434 1608/1608/1437 1609/1609/1438
f 1605/1605/1435 1611/1611/1440 1610/1610/1439
f 1611/1611/1440 186/186/185 1612/1612/1441
f 1607/1607/1436 1613/1613/1442 1611/1611/1440
f 1613/1613/1442 1671/1671/28 186/186/185
f 1598/1598/1428 1610/1610/1439 1614/1614/1443
f 1596/1596/1426 1614/1614/1443 1142/1142/1060
f 1610/1610/1439 1612/1612/1441 1615/1615/1444
f 1614/1614/1443 1615/1615/1444 645/645/632
f 1616/1616/1445 1204/1204/1114 1206/1206/1116
f 1365/1365/1249 1202/1202/1112 1203/1203/1113
f 1617/1617/1446 1919/1919/1100 1618/1618/1447
f 107/107/107 1374/1374/1256 1583/1583/1416
f 1282/1282/1182 1281/1281/1181 1620/1620/1449
f 1621/1621/1450 1620/1620/1449 1622/1622/1451
f 1281/1281/1181 1369/1369/727 1624/1624/300
f 1620/1620/1449 1624/1624/300 1625/1625/302
f 1621/1621/1450 1626/1626/1453 1381/1381/1261
f 1381/1381/1261 1626/1626/1453 1572/1572/1411
f 1623/1623/1452 1780/1780/1540 1626/1626/1453
f 1626/1626/1453 1780/1780/1540 1326/1326/1218
f 1445/1445/1311 1017/1017/958 1177/1177/1091
f 1488/1488/1347 1495/1495/1353 1181/1181/1094
f 1258/1258/1160 1260/1260/1162 1180/1180/1093
f 1627/1627/1454 1190/1190/1103 1191/1191/1104
f 1628/1628/491 1632/1632/743 257/257/256
f 1251/1251/1155 1704/1704/1499 1482/1482/1342
f 1159/1159/1074 1158/1158/1073 1630/1630/1455
f 1632/1632/743 1920/1920/1081 1340/1340/1225
f 149/149/148 1421/1421/574 435/435/432
f 1630/1630/1455 1255/1255/1157 1405/1405/1280
f 1361/1361/1245 1275/1275/1175 1316/1316/1209
f 1633/1633/58 1679/1679/1483 1634/1634/1457
f 1363/1363/1247 137/137/136 139/139/138
f 1359/1359/1243 139/139/138 407/407/404
f 1635/1635/953 1103/1103/1025 1104/1104/1026
f 415/415/412 364/364/362 365/365/363
f 1636/1636/753 360/360/358 359/359/357
f 1638/1638/1458 1742/1742/1220 461/461/457
f 13/13/13 730/730/711 732/732/713
f 1639/1639/1459 1038/1038/970 879/879/848
f 1602/1602/1432 1601/1601/1431 1007/1007/951
f 1615/1615/1444 1612/1612/1441 185/185/184
f 1640/1640/1460 1746/1746/1522 646/646/633
f 1641/1641/665 1531/1531/1382 162/162/161
f 278/278/277 1364/1364/1248 1540/1540/1387
f 1642/1642/1461 1644/1644/1115 1643/1643/1462
f 1050/1050/981 1643/1643/1462 1644/1644/1115
f 1645/1645/1463 1646/1646/1464 1371/1371/1254
f 1646/1646/1464 1647/1647/1376 1372/1372/1126
f 1540/1540/1387 1539/1539/1386 1646/1646/1464
f 1539/1539/1386 1542/1542/1377 1647/1647/1376
f 1648/1648/1465 1436/1436/1304 695/695/678
f 847/847/819 732/732/713 160/160/159
f 1649/1649/327 1520/1520/1371 1521/1521/1372
f 1643/1643/1462 1050/1050/981 932/932/892
f 1390/1390/1270 1400/1400/588 1384/1384/1264
f 727/727/709 1035/1035/636 881/881/850
f 1650/1650/1466 504/504/498 778/778/756
f 1652/1652/1468 1238/1238/1145 744/744/725
f 1095/1095/1017 162/162/161 403/403/400
f 1366/1366/1250 1362/1362/1246 1459/1459/1321
f 822/822/796 657/657/644 287/287/286
f 1651/1651/1467 778/778/756 780/780/758
f 1654/1654/1469 887/887/4 1655/1655/6
f 1656/1656/1470 1921/1921/399 1657/1657/160
f 1645/1645/1463 932/932/892 276/276/275
f 1444/1444/1310 1280/1280/1180 1282/1282/1182
f 1136/1136/1054 1235/1235/1142 1237/1237/1144
f 1204/1204/1114 1616/1616/1445 1658/1658/1471
f 1243/1243/1150 279/279/278 135/135/134
f 1342/1342/1227 1150/1150/1065 1659/1659/1472
f 1660/1660/658 1921/1921/399 1656/1656/1470
f 255/255/254 1120/1120/1040 1493/1493/1351
f 1661/1661/1473 104/104/104 1662/1662/1474
f 1562/1562/1405 1564/1564/1407 1162/1162/1077
f 1449/1449/945 1660/1660/658 1493/1493/1351
f 929/929/889 928/928/888 1401/1401/1276
f 928/928/888 1382/1382/1262 1384/1384/1264
f 184/184/183 183/183/182 1014/1014/955
f 1658/1658/1471 1616/1616/1445 1283/1283/1183
f 1495/1495/1353 1445/1445/1311 1176/1176/1090
f 1448/1448/1313 1452/1452/1316 1664/1664/1476
f 1666/1666/685 1204/1204/1114 1244/1244/1151
f 1667/1667/1478 300/300/299 640/640/627
f 788/788/766 1061/1061/992 1106/1106/1028
f 1173/1173/1087 1397/1397/1274 1399/1399/1275
f 1668/1668/1422 1751/1751/1527 1662/1662/1474
f 1669/1669/946 1448/1448/1313 1665/1665/1477
f 1454/1454/1318 1484/1484/1344 1670/1670/749
f 1485/1485/1345 1169/1169/1084 1171/1171/1086
f 1665/1665/1477 1664/1664/1476 1109/1109/1031
f 1671/1671/28 1254/1254/630 187/187/186
f 1672/1672/1479 334/334/333 336/336/335
f 1673/1673/1480 891/891/858 90/90/90
f 1674/1674/1192 1157/1157/1072 1159/1159/1074
f 1406/1406/1281 430/430/427 1288/1288/1188
f 1158/1158/1073 1259/1259/1161 1255/1255/1157
f 1676/1676/1481 1866/1866/1517 1677/1677/1482
f 1344/1344/1229 1153/1153/1068 1631/1631/1456
f 1412/1412/1287 1411/1411/1286 1418/1418/1292
f 1287/1287/1187 808/808/785 810/810/787
f 1348/1348/1233 1350/1350/1234 1587/1587/1419
f 1460/1460/1322 1316/1316/1209 1415/1415/1289
f 1678/1678/530 1912/1912/529 1348/1348/1233
f 1679/1679/1483 1343/1343/1228 1360/1360/1244
f 1321/1321/1213 1276/1276/1176 1012/1012/954
f 1481/1481/1341 1387/1387/1267 270/270/269
f 1199/1199/1111 1231/1231/1138 1382/1382/1262
f 466/466/462 1025/1025/965 1278/1278/1178
f 586/586/577 208/208/207 1465/1465/1327
f 1634/1634/1457 1360/1360/1244 1131/1131/1049
f 1165/1165/1080 1354/1354/1238 1356/1356/1240
f 1680/1680/468 256/256/255 258/258/257
f 1276/1276/1176 1059/1059/990 552/552/545
f 826/826/800 188/188/187 190/190/189
f 1318/1318/1211 943/943/901 313/313/312
f 1654/1654/1469 164/164/163 1437/1437/1305
f 433/433/430 1483/1483/1343 1130/1130/1048
f 1473/1473/1334 407/407/404 409/409/406
f 1519/1519/1370 1682/1682/1485 112/112/112
f 112/112/112 1682/1682/1485 425/425/422
f 1681/1681/1484 1922/1922/1335 1682/1682/1485
f 1682/1682/1485 1922/1922/1335 1683/1683/1486
f 739/739/720 1439/1439/1307 653/653/640
f 1652/1652/1468 1379/1379/1260 1376/1376/1257
f 482/482/478 1543/1543/1388 1463/1463/1325
f 1228/1228/1135 373/373/371 543/543/536
f 1543/1543/1388 439/439/436 840/840/812
f 965/965/920 1651/1651/1467 1653/1653/319
f 1684/1684/1487 1313/1313/1208 1271/1271/1172
f 525/525/518 821/821/795 269/269/268
f 1685/1685/1488 251/251/250 352/352/351
f 1451/1451/1315 1867/1867/1589 166/166/165
f 479/479/475 592/592/583 336/336/335
f 1619/1619/1448 1875/1875/1595 1686/1686/1489
f 592/592/583 755/755/735 1345/1345/1230
f 1334/1334/1223 1911/1911/1501 30/30/30
f 178/178/177 235/235/234 1403/1403/1278
f 260/260/259 1342/1342/1227 923/923/883
f 249/249/248 248/248/247 1498/1498/1355
f 477/477/473 1544/1544/1389 285/285/284
f 1140/1140/1058 1690/1690/1493 1687/1687/1490
f 1688/1688/1491 1687/1687/1490 1689/1689/1492
f 1690/1690/1493 1695/1695/1193 1691/1691/1194
f 1687/1687/1490 1691/1691/1194 1692/1692/1120
f 556/556/549 927/927/887 929/929/889
f 559/559/552 1756/1756/1528 116/116/116
f 512/512/505 1140/1140/1058 1688/1688/1491
f 113/113/113 783/783/761 1099/1099/1021
f 1693/1693/1494 1694/1694/1495 1690/1690/1493
f 1694/1694/1495 1696/1696/1118 1695/1695/1193
f 1693/1693/1494 1748/1748/1524 399/399/396
f 1694/1694/1495 399/399/396 401/401/398
f 1347/1347/1232 1151/1151/1066 1697/1697/1496
f 290/290/289 1156/1156/1071 176/176/175
f 1699/1699/1498 1923/1923/1343 886/886/854
f 1700/1700/429 408/408/405 1252/1252/1156
f 501/501/495 1515/1515/1366 1467/1467/1329
f 1701/1701/388 1200/1200/387 1194/1194/1106
f 1663/1663/1475 1014/1014/955 1697/1697/1496
f 1703/1703/562 1814/1814/1562 1677/1677/1482
f 504/504/498 1650/1650/1466 1261/1261/1163
f 1270/1270/1171 1269/1269/1170 1494/1494/1352
f 1704/1704/1499 1924/1924/426 1145/1145/428
f 1705/1705/635 1924/1924/426 1704/1704/1499
f 1454/1454/1318 1186/1186/1099 1169/1169/1084
f 1706/1706/1033 1010/1010/386 1012/1012/954
f 1679/1679/1483 1633/1633/58 1154/1154/1069
f 1675/1675/872 1159/1159/1074 1631/1631/1456
f 1457/1457/712 1456/1456/1319 1470/1470/1332
f 1185/1185/1098 555/555/548 1492/1492/1350
f 603/603/593 623/623/612 1504/1504/1359
f 909/909/871 1196/1196/1108 1707/1707/1500
f 644/644/631 1032/1032/30 1708/1708/1501
f 1709/1709/1502 1307/1307/1204 623/623/612
f 1710/1710/926 1815/1815/928 1358/1358/1242
f 323/323/322 322/322/321 1711/1711/1174
f 1712/1712/1436 749/749/729 751/751/731
f 1374/1374/1256 934/934/893 1518/1518/1369
f 751/751/731 1423/1423/1293 699/699/682
f 1227/1227/114 1192/1192/293 996/996/942
f 549/549/542 1743/1743/1520 375/375/373
f 761/761/741 1855/1855/383 1148/1148/385
f 1713/1713/515 1856/1856/74 1714/1714/1503
f 1715/1715/1504 1716/1716/1505 424/424/421
f 1716/1716/1505 1719/1719/1224 1717/1717/1225
f 1715/1715/1504 473/473/469 1240/1240/1147
f 1716/1716/1505 1240/1240/1147 1718/1718/458
f 1166/1166/1081 422/422/419 424/424/421
f 1720/1720/1506 247/247/246 768/768/746
f 1715/1715/1504 557/557/550 46/46/46
f 1341/1341/1226 1195/1195/1107 1721/1721/1507
f 668/668/609 661/661/648 1098/1098/1020
f 669/669/655 998/998/943 531/531/524
f 1722/1722/1424 1725/1725/1129 1097/1097/1019
f 1723/1723/1508 288/288/287 243/243/242
f 612/612/602 611/611/601 1724/1724/862
f 1725/1725/1129 1925/1925/311 1726/1726/390
f 1164/1164/1079 1290/1290/1190 1291/1291/126
f 1619/1619/1448 1618/1618/1447 1727/1727/1509
f 1727/1727/1509 1618/1618/1447 1728/1728/1510
f 1729/1729/1511 1728/1728/1510 1730/1730/1512
f 1618/1618/1447 1919/1919/1100 1731/1731/1513
f 1728/1728/1510 1731/1731/1513 1732/1732/1046
f 1105/1105/1027 741/741/722 271/271/270
f 1733/1733/544 1743/1743/1520 1734/1734/1514
f 754/754/734 1627/1627/1454 1225/1225/1133
f 169/169/168 398/398/395 891/891/858
f 1516/1516/1367 503/503/497 1735/1735/1515
f 1736/1736/1516 1735/1735/1515 1737/1737/130
f 503/503/497 502/502/496 1739/1739/1518
f 1735/1735/1515 1739/1739/1518 1740/1740/1465
f 1736/1736/1516 1741/1741/1519 1325/1325/1217
f 1325/1325/1217 1741/1741/1519 1638/1638/1458
f 1738/1738/1517 1926/1926/1601 1741/1741/1519
f 1741/1741/1519 1926/1926/1601 1742/1742/1220
f 1100/1100/1022 1734/1734/1514 1743/1743/1520
f 1089/1089/1013 358/358/356 558/558/551
f 1324/1324/1216 1515/1515/1366 1516/1516/1367
f 1707/1707/1500 1452/1452/1316 1453/1453/1317
f 1744/1744/1521 1015/1015/956 412/412/409
f 229/229/228 538/538/531 1022/1022/962
f 364/364/362 415/415/412 674/674/658
f 732/732/713 731/731/712 1745/1745/1288
f 1115/1115/1035 409/409/406 408/408/405
f 1546/1546/1391 1498/1498/1355 725/725/708
f 1746/1746/1522 977/977/931 647/647/634
f 93/93/93 706/706/689 705/705/688
f 904/904/868 318/318/317 320/320/319
f 944/944/902 943/943/901 1139/1139/1057
f 626/626/615 1093/1093/393 393/393/390
f 300/300/299 299/299/298 638/638/625
f 1748/1748/1524 119/119/119 1503/1503/1358
f 73/73/73 1090/1090/1014 1667/1667/1478
f 1734/1734/1514 1100/1100/1022 936/936/895
f 438/438/435 933/933/655 620/620/609
f 454/454/451 57/57/57 1212/1212/1121
f 355/355/353 719/719/702 920/920/880
f 273/273/272 1076/1076/744 988/988/26
f 983/983/368 134/134/133 1039/1039/971
f 1749/1749/1525 1081/1081/1006 1082/1082/1007
f 1751/1751/1527 1668/1668/1422 1752/1752/1425
f 222/222/221 773/773/751 344/344/343
f 485/485/480 99/99/99 211/211/210
f 327/327/326 417/417/414 1754/1754/454
f 362/362/360 1761/1761/1067 60/60/60
f 1753/1753/1 1711/1711/1174 322/322/321
f 1755/1755/516 1713/1713/515 1230/1230/1137
f 513/513/506 759/759/739 1394/1394/1272
f 1443/1443/1309 1721/1721/1507 333/333/332
f 1434/1434/1302 1530/1530/1381 417/417/414
f 1084/1084/1009 1083/1083/1008 20/20/20
f 292/292/291 116/116/116 1756/1756/1528
f 1241/1241/1148 1240/1240/1147 473/473/469
f 1515/1515/1366 1324/1324/1216 753/753/733
f 1241/1241/1148 443/443/440 472/472/468
f 1127/1127/1045 1126/1126/699 1757/1757/700
f 1477/1477/755 689/689/672 360/360/358
f 1507/1507/919 520/520/513 1081/1081/1006
f 1054/1054/985 1662/1662/1474 1751/1751/1527
f 52/52/52 373/373/371 1714/1714/1503
f 1758/1758/1442 1712/1712/1436 1517/1517/1368
f 1759/1759/1529 1807/1807/840 789/789/767
f 1760/1760/1530 1379/1379/1260 783/783/761
f 1147/1147/534 1927/1927/1425 1590/1590/1422
f 652/652/639 302/302/301 740/740/721
f 59/59/59 1168/1168/1083 363/363/361
f 1304/1304/1201 745/745/726 900/900/864
f 911/911/873 910/910/872 1761/1761/1067
f 498/498/492 1269/1269/1170 1134/1134/1052
f 372/372/370 1459/1459/1321 1168/1168/1083
f 1082/1082/1007 722/722/705 1292/1292/1191
f 1763/1763/1486 1474/1474/1335 1475/1475/1336
f 428/428/425 317/317/316 1748/1748/1524
f 1765/1765/1269 1928/1928/1271 889/889/856
f 284/284/283 1768/1768/1534 1766/1766/1532
f 106/106/106 1766/1766/1532 1767/1767/1533
f 1768/1768/1534 1771/1771/1236 1769/1769/1237
f 1766/1766/1532 1769/1769/1237 682/682/665
f 1322/1322/1214 381/381/379 383/383/381
f 1373/1373/1255 230/230/229 934/934/893
f 300/300/299 1667/1667/1478 1090/1090/1014
f 1379/1379/1260 1652/1652/1468 1099/1099/1021
f 1404/1404/1279 1770/1770/1535 1768/1768/1534
f 1770/1770/1535 1772/1772/1410 1771/1771/1236
f 499/499/493 1689/1689/1492 1770/1770/1535
f 1689/1689/1492 1692/1692/1120 1772/1772/1410
f 532/532/525 742/742/723 80/80/80
f 1486/1486/1346 1297/1297/1196 142/142/141
f 1773/1773/455 1330/1330/457 1329/1329/1221
f 1503/1503/1358 1502/1502/1300 1775/1775/1301
f 1589/1589/1421 849/849/821 917/917/877
f 138/138/137 917/917/877 1277/1277/1177
f 1776/1776/1536 1779/1779/1539 1777/1777/1537
f 1779/1779/1539 1780/1780/1540 1623/1623/1452
f 1038/1038/970 1639/1639/1459 1779/1779/1539
f 1639/1639/1459 1326/1326/1218 1780/1780/1540
f 1778/1778/1538 1777/1777/1537 1781/1781/1541
f 1782/1782/1542 1781/1781/1541 1783/1783/1203
f 1623/1623/1452 1622/1622/1451 1781/1781/1541
f 1622/1622/1451 1625/1625/302 1783/1783/1203
f 1782/1782/1542 1786/1786/1544 1785/1785/1543
f 1786/1786/1544 1608/1608/1437 1600/1600/1430
f 1784/1784/1204 1787/1787/1502 1786/1786/1544
f 1787/1787/1502 1609/1609/1438 1608/1608/1437
f 1778/1778/1538 1785/1785/1543 1788/1788/1545
f 1776/1776/1536 1788/1788/1545 1789/1789/1546
f 1785/1785/1543 1600/1600/1430 1603/1603/1433
f 1788/1788/1545 1603/1603/1433 410/410/407
f 1790/1790/1547 1793/1793/1550 1791/1791/1548
f 1792/1792/1549 1791/1791/1548 1746/1746/1522
f 1793/1793/1550 1006/1006/950 1794/1794/1551
f 1791/1791/1548 1794/1794/1551 977/977/931
f 1792/1792/1549 1796/1796/1553 1795/1795/1552
f 1796/1796/1553 1798/1798/1053 1797/1797/1169
f 1640/1640/1460 883/883/852 1796/1796/1553
f 883/883/852 1253/1253/264 1798/1798/1053
f 1790/1790/1547 1795/1795/1552 1799/1799/1554
f 1800/1800/1555 1799/1799/1554 1558/1558/1402
f 1795/1795/1552 1797/1797/1169 1801/1801/1171
f 1799/1799/1554 1801/1801/1171 1802/1802/1365
f 1800/1800/1555 1803/1803/1556 1793/1793/1550
f 1803/1803/1556 1744/1744/1521 1006/1006/950
f 1553/1553/1398 1552/1552/1397 1803/1803/1556
f 1552/1552/1397 1015/1015/956 1744/1744/1521
f 1178/1178/1092 65/65/65 33/33/33
f 1292/1292/1191 1357/1357/1241 1358/1358/1242
f 1804/1804/1270 1765/1765/1269 888/888/855
f 1805/1805/1557 1085/1085/765 1806/1806/566
f 377/377/375 48/48/48 47/47/47
f 1807/1807/840 261/261/260 263/263/262
f 332/332/331 8/8/8 1447/1447/1312
f 750/750/730 580/580/572 1423/1423/1293
f 84/84/84 712/712/695 621/621/610
f 801/801/778 475/475/471 469/469/465
f 345/345/344 347/347/346 1808/1808/1558
f 1809/1809/1559 1808/1808/1558 1810/1810/402
f 653/653/640 1440/1440/1308 1808/1808/1558
f 1440/1440/1308 1442/1442/624 1810/1810/402
f 1809/1809/1559 1812/1812/1561 602/602/592
f 1812/1812/1561 1428/1428/1298 579/579/571
f 1811/1811/1560 1813/1813/1109 1812/1812/1561
f 1813/1813/1109 1914/1914/120 1428/1428/1298
f 742/742/723 532/532/525 534/534/527
f 1424/1424/1294 1423/1423/1293 580/580/572
f 1794/1794/1551 1006/1006/950 1007/1007/951
f 233/233/232 860/860/832 614/614/604
f 150/150/149 507/507/501 902/902/866
f 1565/1565/1408 1040/1040/972 1041/1041/973
f 1814/1814/1562 1774/1774/555 1329/1329/1221
f 1601/1601/1431 1142/1142/1060 978/978/932
f 1789/1789/1546 410/410/407 412/412/409
f 1478/1478/1338 1581/1581/1415 1256/1256/1158
f 1815/1815/928 1882/1882/1575 1762/1762/1531
f 791/791/737 1393/1393/736 1394/1394/1272
f 648/648/635 1124/1124/1044 1288/1288/1188
f 1314/1314/1003 1755/1755/516 1229/1229/1136
f 1530/1530/1381 108/108/108 418/418/415
f 1805/1805/1557 34/34/34 86/86/86
f 1816/1816/856 1122/1122/1042 1817/1817/1484
f 223/223/222 222/222/221 343/343/342
f 576/576/568 1106/1106/1028 1819/1819/1563
f 1820/1820/1564 1819/1819/1563 1821/1821/1498
f 1106/1106/1028 1105/1105/1027 1511/1511/1362
f 1819/1819/1563 1511/1511/1362 1823/1823/1343
f 1820/1820/1564 1824/1824/1565 577/577/569
f 1824/1824/1565 1739/1739/1518 502/502/496
f 1822/1822/894 1825/1825/1304 1824/1824/1565
f 1825/1825/1304 1740/1740/1465 1739/1739/1518
f 379/379/377 444/444/441 48/48/48
f 1664/1664/1476 1196/1196/1108 361/361/359
f 1196/1196/1108 1664/1664/1476 1452/1452/1316
f 1481/1481/1341 742/742/723 1727/1727/1509
f 121/121/121 1570/1570/1410 1826/1826/1120
f 1150/1150/1065 1149/1149/1064 1486/1486/1346
f 730/730/711 13/13/13 15/15/15
f 141/141/140 692/692/675 1659/1659/1472
f 1827/1827/563 1703/1703/562 133/133/132
f 181/181/180 1572/1572/1411 707/707/690
f 1828/1828/1297 1018/1018/959 1020/1020/960
f 1829/1829/1566 1832/1832/1569 1830/1830/1567
f 1832/1832/1569 50/50/50 182/182/181
f 968/968/923 969/969/924 1832/1832/1569
f 969/969/924 232/232/231 50/50/50
f 1831/1831/1568 1830/1830/1567 1833/1833/1570
f 1834/1834/1571 1833/1833/1570 951/951/908
f 1830/1830/1567 182/182/181 184/184/183
f 1833/1833/1570 184/184/183 1663/1663/1475
f 1834/1834/1571 1836/1836/1573 1835/1835/1572
f 1836/1836/1573 1838/1838/1525 1837/1837/1526
f 950/950/907 962/962/917 1836/1836/1573
f 962/962/917 964/964/919 1838/1838/1525
f 1831/1831/1568 1835/1835/1572 1839/1839/1574
f 1829/1829/1566 1839/1839/1574 973/973/927
f 1835/1835/1572 1837/1837/1526 1840/1840/1575
f 1840/1840/1575 974/974/928 973/973/927
f 1841/1841/1576 1844/1844/1579 1842/1842/1577
f 1843/1843/1578 1842/1842/1577 1346/1346/1231
f 1844/1844/1579 734/734/715 876/876/845
f 1842/1842/1577 876/876/845 1034/1034/969
f 1843/1843/1578 1846/1846/1581 1845/1845/1580
f 1846/1846/1581 855/855/827 869/869/839
f 1347/1347/1232 1698/1698/1497 1846/1846/1581
f 1698/1698/1497 856/856/828 855/855/827
f 1841/1841/1576 1845/1845/1580 1847/1847/1582
f 1848/1848/1583 1847/1847/1582 1849/1849/1360
f 1845/1845/1580 869/869/839 871/871/841
f 1847/1847/1582 871/871/841 1851/1851/1529
f 1848/1848/1583 1852/1852/1584 1844/1844/1579
f 1852/1852/1584 77/77/77 734/734/715
f 1850/1850/1420 1853/1853/1328 1852/1852/1584
f 1853/1853/1328 1571/1571/732 77/77/77
f 550/550/543 549/549/542 1071/1071/998
f 1854/1854/1585 938/938/897 747/747/728
f 1494/1494/1352 500/500/494 283/283/282
f 1324/1324/1216 1627/1627/1454 754/754/734
f 418/418/415 1242/1242/1149 1491/1491/1349
f 1855/1855/383 761/761/741 1714/1714/1503
f 350/350/349 899/899/863 1857/1857/1095
f 1043/1043/975 343/343/342 1858/1858/1275
f 567/567/559 1084/1084/1009 1756/1756/1528
f 925/925/885 1289/1289/1189 1088/1088/1012
f 171/171/170 641/641/628 979/979/933
f 1289/1289/1189 358/358/356 1089/1089/1013
f 38/38/38 1860/1860/1587 1859/1859/1586
f 1860/1860/1587 1862/1862/710 1861/1861/677
f 569/569/561 568/568/560 1860/1860/1587
f 568/568/560 571/571/563 1862/1862/710
f 723/723/706 1859/1859/1586 1863/1863/1588
f 721/721/704 1863/1863/1588 584/584/575
f 1859/1859/1586 1861/1861/677 1864/1864/1034
f 1863/1863/1588 1864/1864/1034 585/585/576
f 666/666/653 665/665/652 1702/1702/1356
f 1014/1014/955 856/856/828 1698/1698/1497
f 42/42/42 41/41/41 1023/1023/963
f 1865/1865/557 1226/1226/1134 1191/1191/1104
f 367/367/365 189/189/188 1496/1496/1354
f 1866/1866/1517 131/131/130 133/133/132
f 247/247/246 1720/1720/1506 572/572/564
f 1743/1743/1520 1733/1733/544 376/376/374
f 833/833/807 1462/1462/1324 1463/1463/1325
f 1510/1510/212 867/867/307 866/866/837
f 1096/1096/1018 1095/1095/1017 1327/1327/1219
f 918/918/878 630/630/618 841/841/813
f 1091/1091/1015 464/464/460 465/465/461
f 231/231/230 1056/1056/987 5/5/5
f 880/880/849 1155/1155/1070 1408/1408/1283
f 1040/1040/972 1672/1672/1479 1345/1345/1230
f 450/450/447 1408/1408/1283 1155/1155/1070
f 321/321/320 993/993/940 188/188/187
f 1867/1867/1589 206/206/205 1351/1351/1235
f 246/246/245 1868/1868/1590 769/769/747
f 1868/1868/1590 1869/1869/1513 1187/1187/1100
f 288/288/287 1723/1723/1508 1868/1868/1590
f 1723/1723/1508 1128/1128/1046 1869/1869/1513
f 1056/1056/987 1057/1057/988 6/6/6
f 989/989/936 1547/1547/1392 663/663/650
f 296/296/295 1871/1871/1592 1870/1870/1591
f 1871/1871/1592 1684/1684/1487 1508/1508/1361
f 982/982/768 1872/1872/79 1871/1871/1592
f 1872/1872/79 1509/1509/348 1684/1684/1487
f 297/297/296 1870/1870/1591 1873/1873/1593
f 1480/1480/1340 1873/1873/1593 1047/1047/978
f 1870/1870/1591 1508/1508/1361 843/843/815
f 1873/1873/1593 843/843/815 713/713/696
f 1651/1651/1467 965/965/920 823/823/797
f 225/225/224 102/102/102 104/104/104
f 1053/1053/984 1296/1296/1195 225/225/224
f 1854/1854/1585 99/99/99 101/101/101
f 1439/1439/1307 739/739/720 1305/1305/1202
f 533/533/526 515/515/508 1874/1874/1594
f 1875/1875/1595 1874/1874/1594 1876/1876/1596
f 515/515/508 514/514/507 837/837/810
f 1874/1874/1594 837/837/810 839/839/811
f 534/534/527 533/533/526 1875/1875/1595
f 295/295/294 1479/1479/1339 831/831/805
f 1297/1297/1196 1108/1108/1030 796/796/773
f 1877/1877/1446 1889/1889/1489 1049/1049/980
f 1224/1224/1132 1878/1878/1597 154/154/153
f 1878/1878/1597 832/832/806 1300/1300/1198
f 976/976/930 1462/1462/1324 1878/1878/1597
f 1462/1462/1324 833/833/807 832/832/806
f 1879/1879/988 1094/1094/666 1096/1096/1018
f 1005/1005/949 685/685/668 906/906/869
f 1583/1583/1416 1518/1518/1369 1880/1880/1077
f 32/32/32 1901/1901/1418 1179/1179/1061
f 1513/1513/1364 283/283/282 105/105/105
f 1881/1881/1488 1894/1894/352 102/102/102
f 1882/1882/1575 1750/1750/1526 1082/1082/1007
f 1544/1544/1389 267/267/266 269/269/268
f 1479/1479/1339 241/241/240 1300/1300/1198
f 1730/1730/1512 1732/1732/1046 1883/1883/1048
f 1296/1296/1195 1053/1053/984 64/64/64
f 480/480/476 1233/1233/1140 1203/1203/1113
f 529/529/522 997/997/646 1884/1884/96
f 1885/1885/1344 129/129/128 1266/1266/1167
f 373/373/371 1228/1228/1135 1230/1230/1137
f 1267/1267/1168 128/128/127 1078/1078/1004
f 468/468/464 872/872/488 1887/1887/491
f 1823/1823/1343 1511/1511/1362 420/420/417
f 230/230/229 1373/1373/1255 1767/1767/1533
f 176/176/175 1403/1403/1278 1118/1118/1038
f 1049/1049/980 1888/1888/1599 1720/1720/1506
f 1888/1888/1599 1058/1058/989 572/572/564
f 1889/1889/1489 1890/1890/1596 1888/1888/1599
f 1890/1890/1596 1207/1207/811 1058/1058/989
f 1545/1545/1390 1408/1408/1283 1407/1407/1282
f 1879/1879/988 1451/1451/1315 165/165/164
f 1886/1886/1598 1078/1078/1004 589/589/580
f 1891/1891/1186 1764/1764/423 1475/1475/1336
