# Blender v2.80 (sub 35) OBJ File: 'r3pu_lowpoly.blend'
# www.blender.org
v -0.225437 -5.609819 4.065372
v -0.220236 -5.604659 3.976129
v -0.226745 -5.604537 3.975006
v 0.020455 -6.248250 3.945391
v 0.000000 -6.258505 3.937926
v 0.020455 -6.257483 3.936271
v 0.041158 -6.245701 3.942698
v -0.309016 -5.626443 3.940301
v -0.367054 -5.647512 3.992050
v -0.309529 -5.629262 4.023608
v -0.215699 -5.632567 4.083565
v -0.219068 -5.648727 4.097249
v -0.212440 -5.649033 4.098126
v 0.194160 -5.850945 4.035039
v 0.159459 -5.879120 4.040593
v 0.169332 -5.891257 4.029407
v 0.128940 -5.928949 4.034089
v 0.145921 -5.935450 4.022875
v 0.127918 -5.656201 3.859126
v 0.117515 -5.660967 3.811753
v 0.117547 -5.616210 3.813404
v 0.138451 -5.746120 3.861706
v 0.159190 -5.750129 3.860054
v 0.158598 -5.750607 3.857166
v 0.184523 -5.755634 3.854152
v 0.183890 -5.756249 3.851270
v -0.322490 -5.781996 3.966736
v -0.294298 -5.820193 3.911309
v -0.288498 -5.816502 3.970367
v 0.043091 -5.560907 4.039526
v 0.020455 -5.561718 3.955612
v 0.020455 -5.563469 4.048426
v 0.000000 -5.560514 3.958616
v 0.000000 -5.562594 4.052868
v 0.196537 -5.650991 4.032700
v 0.204118 -5.644743 3.972063
v 0.194216 -5.652081 4.031882
v -0.251524 -5.610368 3.965525
v 0.162928 -6.084962 3.915097
v 0.175447 -6.045932 3.889484
v 0.174186 -6.046187 3.916179
v 0.186347 -6.008092 3.917106
v 0.391333 -5.682345 3.969663
v 0.386848 -5.665782 3.902810
v 0.388223 -5.664826 3.976895
v -0.127735 -5.612917 4.058653
v -0.119931 -5.593689 3.997767
v -0.137046 -5.608426 3.993085
v 0.200440 -5.972786 3.917782
v 0.187038 -6.008030 3.886961
v 0.200613 -5.972786 3.883367
v 0.217611 -5.936903 3.918006
v -0.386848 -5.665782 3.902810
v -0.391333 -5.682345 3.969663
v -0.388223 -5.664826 3.976895
v 0.128473 -5.630240 3.860082
v 0.128846 -5.658184 3.861165
v 0.128128 -5.687583 3.861264
v 0.171751 -5.771021 4.032648
v 0.173719 -5.748626 4.039072
v 0.169938 -5.771224 4.030277
v 0.168128 -5.789334 4.026069
v 0.239010 -5.897074 3.917580
v 0.258414 -5.854333 3.971310
v 0.233072 -5.895718 3.969144
v 0.363043 -5.755435 3.897015
v 0.324278 -5.791688 3.855694
v 0.358470 -5.761316 3.846474
v 0.389622 -5.727946 3.891706
v -0.020455 -5.563469 4.048426
v -0.042909 -5.567961 4.147035
v -0.020455 -5.571160 4.159032
v 0.108304 -5.728354 3.807376
v 0.099956 -5.711442 3.810014
v 0.108312 -5.710870 3.807954
v 0.114766 -5.725480 3.806827
v 0.115213 -5.735192 3.806350
v 0.108624 -5.740852 3.806889
v 0.099956 -5.732404 3.809454
v 0.220154 -5.751403 3.785523
v 0.221447 -5.733738 3.783474
v 0.221510 -5.752908 3.782281
v 0.219701 -5.765593 3.784814
v 0.219748 -5.771173 4.058594
v 0.206145 -5.733323 4.078084
v 0.201211 -5.773695 4.065623
v 0.194280 -5.768941 4.069414
v 0.189410 -5.798595 4.061131
v 0.197129 -5.804774 4.056036
v 0.087180 -5.760231 4.107163
v 0.092149 -5.712040 4.124166
v 0.085742 -5.761943 4.109619
v 0.082926 -5.797360 4.096091
v 0.235137 -5.651550 4.090452
v 0.262816 -5.668374 4.076283
v 0.266889 -5.658580 4.074393
v 0.285990 -5.673926 4.063105
v 0.297230 -5.669518 4.057125
v -0.364377 -5.697509 3.767156
v -0.388387 -5.710003 3.839504
v -0.383135 -5.688572 3.842231
v -0.217345 -5.937297 3.879278
v -0.203783 -5.972786 3.822562
v -0.200613 -5.972786 3.883367
v -0.152208 -5.624858 3.868461
v -0.136725 -5.625372 3.863206
v -0.153803 -5.636599 3.859848
v -0.230482 -5.905478 3.789712
v -0.218433 -5.938462 3.808831
v -0.238025 -5.903316 3.797642
v 0.115880 -5.540978 4.017893
v 0.114608 -5.537538 3.935863
v 0.113984 -5.538280 4.019090
v 0.169096 -5.767157 3.792957
v 0.194039 -5.768138 3.787656
v 0.196319 -5.775656 3.786474
v 0.211875 -5.773639 3.783246
v 0.216760 -5.781827 3.781485
v 0.199693 -5.785619 3.786255
v 0.167952 -5.776435 3.793665
v 0.132108 -5.821331 4.077137
v 0.107365 -5.815747 4.085954
v 0.103155 -5.822983 4.085892
v 0.088479 -5.815939 4.091140
v 0.081357 -5.823692 4.091841
v 0.107513 -5.836391 4.079061
v 0.235736 -5.663533 3.785413
v 0.227399 -5.694441 3.784366
v 0.227359 -5.663087 3.786330
v 0.221308 -5.694264 3.785929
v 0.221212 -5.663099 3.787883
v 0.227323 -5.634789 3.789307
v 0.247254 -5.640891 3.783976
v 0.020455 -5.571160 4.159032
v 0.000000 -5.570631 4.165016
v 0.113984 -5.538280 4.019090
v 0.108239 -5.535554 3.936508
v 0.107718 -5.536117 4.020354
v 0.094539 -5.538127 3.938800
v 0.094085 -5.538569 4.023563
v 0.170965 -5.641778 4.041702
v 0.159075 -5.624681 3.986881
v 0.149890 -5.629086 4.051064
v 0.139395 -5.736281 3.867684
v 0.158733 -5.729069 3.862680
v 0.159331 -5.738821 3.863466
v 0.183417 -5.731698 3.856852
v 0.184375 -5.742496 3.857576
v 0.159650 -5.745113 3.863468
v 0.139546 -5.741705 3.867664
v -0.258414 -5.854333 3.971310
v -0.239010 -5.897074 3.917580
v -0.233072 -5.895718 3.969144
v 0.365398 -5.646876 3.914381
v 0.304546 -5.627151 3.873038
v 0.309016 -5.626443 3.940301
v 0.250722 -5.610404 3.892728
v 0.251524 -5.610368 3.965525
v -0.113244 -5.586565 4.000123
v -0.110417 -5.598691 4.064323
v -0.103853 -5.591824 4.067929
v 0.352397 -5.751580 3.758990
v 0.346441 -5.728715 3.756575
v 0.354510 -5.726089 3.759395
v 0.339927 -5.705186 3.758791
v 0.348065 -5.702632 3.761588
v -0.227295 -5.611640 3.804011
v -0.221077 -5.622068 3.795275
v -0.227307 -5.621926 3.793728
v 0.111178 -6.214809 3.892453
v 0.085346 -6.234860 3.893154
v 0.105923 -6.210504 3.882658
v 0.180510 -5.636366 3.979963
v 0.165681 -5.625695 3.933497
v 0.359553 -5.750599 3.960838
v 0.327372 -5.786463 3.904976
v 0.159579 -6.082649 3.945549
v 0.169606 -6.046516 3.950021
v 0.196981 -5.643160 3.974350
v 0.187414 -5.636302 3.928585
v -0.241645 -5.636148 4.073710
v -0.266889 -5.658580 4.074393
v -0.235137 -5.651550 4.090452
v 0.114869 -5.613739 3.811202
v 0.108342 -5.658196 3.809768
v 0.108368 -5.612226 3.811358
v 0.099956 -5.657401 3.811459
v 0.099956 -5.611189 3.812694
v 0.108392 -5.570648 3.814170
v 0.114904 -5.572540 3.814183
v 0.062360 -6.242224 3.940513
v 0.041364 -6.254874 3.933005
v 0.063182 -6.251153 3.929828
v 0.085985 -6.238853 3.923705
v 0.085483 -6.229353 3.935841
v 0.394683 -5.701213 3.961874
v 0.390983 -5.684618 3.898241
v 0.218819 -5.684566 3.846092
v 0.203548 -5.702691 3.850239
v 0.201591 -5.682683 3.849302
v 0.180749 -5.700320 3.854671
v 0.178941 -5.678338 3.853089
v 0.199757 -5.665258 3.849655
v 0.217095 -5.668253 3.846932
v 0.100847 -5.973126 4.034089
v 0.113154 -6.007813 4.021640
v 0.120439 -5.972871 4.025894
v 0.094052 -5.937007 4.044824
v 0.081715 -5.973772 4.040747
v 0.086154 -6.004941 4.033315
v 0.099516 -6.006385 4.028240
v 0.020486 -5.758302 4.137219
v 0.041653 -5.719997 4.142473
v 0.021349 -5.721046 4.152217
v 0.000000 -5.758152 4.141643
v 0.000000 -5.790187 4.126508
v 0.020235 -5.790908 4.122977
v 0.039504 -5.760232 4.128535
v 0.092218 -6.041153 4.022402
v 0.079429 -6.036360 4.027444
v 0.083605 -6.074925 4.017238
v 0.105630 -6.045519 4.015594
v 0.074549 -6.003716 4.035798
v 0.069665 -5.976042 4.043664
v 0.068755 -5.975965 4.041845
v 0.052869 -5.952138 4.046530
v 0.068918 -5.975167 4.038343
v -0.107718 -5.536117 4.020354
v -0.112383 -5.544952 4.119205
v -0.106253 -5.542526 4.121240
v 0.217345 -5.937297 3.879278
v 0.238408 -5.898655 3.875269
v 0.264588 -5.856955 3.915637
v 0.181883 -6.008175 3.954660
v 0.257841 -5.750764 4.049442
v 0.289844 -5.747313 4.034647
v 0.295980 -5.728255 4.039858
v 0.258424 -5.720397 4.060537
v 0.223112 -5.732264 4.071653
v 0.261801 -5.771652 4.038772
v 0.226745 -5.604537 3.975006
v 0.220744 -5.604496 3.901469
v 0.220236 -5.604659 3.976129
v -0.194216 -5.652081 4.031882
v -0.196981 -5.643160 3.974350
v -0.204118 -5.644743 3.972063
v 0.227157 -5.604374 3.900168
v 0.127271 -5.742749 3.806523
v 0.146738 -5.749682 3.802047
v 0.093233 -5.799851 4.048105
v 0.114754 -5.799007 4.038943
v 0.092194 -5.798429 4.045637
v 0.075954 -5.798656 4.052804
v 0.085742 -5.761943 4.109619
v 0.085832 -5.714233 4.125927
v 0.079241 -5.766399 4.111056
v 0.074940 -5.716887 4.128696
v 0.068812 -5.769066 4.113801
v 0.074504 -5.806416 4.099524
v 0.081353 -5.800081 4.098353
v 0.099781 -5.663242 4.135678
v 0.088664 -5.649498 4.098028
v 0.104683 -5.625570 4.145433
v 0.208128 -5.762372 3.848406
v 0.207440 -5.763041 3.845523
v 0.225633 -5.767548 3.843982
v 0.224953 -5.768145 3.841125
v 0.137046 -5.608426 3.993085
v 0.218078 -5.771430 3.784854
v 0.210941 -5.770781 3.786539
v 0.207304 -5.641088 3.971554
v 0.213064 -5.641449 3.920718
v 0.206149 -5.643316 3.971624
v 0.110417 -5.598691 4.064323
v 0.113244 -5.586565 4.000123
v 0.103853 -5.591824 4.067929
v -0.169606 -6.046516 3.950021
v -0.186347 -6.008092 3.917106
v -0.174186 -6.046187 3.916179
v 0.070347 -5.549039 3.943580
v 0.070088 -5.549720 4.030596
v 0.043155 -5.559752 3.949600
v -0.214049 -5.633606 4.077271
v -0.192706 -5.670583 4.042805
v -0.213192 -5.629813 4.078037
v 0.030340 -5.920901 4.063428
v 0.053702 -5.896555 4.070539
v 0.027568 -5.892266 4.076851
v 0.044844 -5.857770 4.088263
v 0.023904 -5.856565 4.092933
v 0.000000 -5.888330 4.080279
v 0.000000 -5.915049 4.066906
v 0.389622 -5.727946 3.891706
v 0.388387 -5.710003 3.839504
v 0.395422 -5.704839 3.893327
v 0.383135 -5.688572 3.842231
v 0.024489 -6.130014 4.015487
v 0.000000 -6.089752 4.017710
v 0.000000 -6.130786 4.015876
v 0.138766 -5.800179 4.033032
v 0.131421 -5.811955 4.077158
v 0.155263 -5.811110 4.068463
v -0.395422 -5.704839 3.893327
v -0.387635 -5.723331 3.957581
v -0.394683 -5.701213 3.961874
v -0.363043 -5.755435 3.897015
v -0.359553 -5.750599 3.960838
v -0.133720 -6.176261 3.877574
v -0.156778 -6.086458 3.844725
v -0.124742 -6.175182 3.869929
v 0.094645 -6.130920 4.006138
v 0.110142 -6.082967 4.001516
v 0.099741 -6.080975 4.009963
v -0.140302 -6.141266 3.939599
v -0.162928 -6.084962 3.915097
v -0.135922 -6.159708 3.916304
v -0.042169 -5.594891 4.161782
v -0.067184 -5.609075 4.163648
v -0.043683 -5.615000 4.173845
v 0.128269 -5.733807 3.863586
v 0.129306 -5.725430 3.865973
v 0.129324 -5.734364 3.866334
v 0.128771 -5.739183 3.863553
v -0.184169 -5.697177 4.055843
v -0.188930 -5.678444 4.044063
v -0.190514 -5.676437 4.045788
v 0.273811 -5.772650 4.030012
v 0.236797 -5.802889 4.035031
v -0.278653 -5.787975 4.004890
v -0.273812 -5.772650 4.030012
v -0.314603 -5.758301 3.999363
v 0.021510 -5.618706 4.184813
v 0.000000 -5.636592 4.187879
v 0.022162 -5.635375 4.182091
v 0.044378 -5.631961 4.171194
v 0.043683 -5.615000 4.173845
v 0.115996 -5.775356 4.043228
v 0.108812 -5.757947 4.052068
v 0.100971 -5.773453 4.048107
v 0.090565 -5.765722 4.053471
v 0.093559 -5.789248 4.044505
v 0.114400 -5.790267 4.038251
v 0.000000 -5.603130 4.178713
v -0.021510 -5.618706 4.184813
v 0.000000 -5.620006 4.190488
v 0.066704 -5.626598 4.161654
v 0.067184 -5.609075 4.163648
v 0.085588 -5.622285 4.154529
v 0.087392 -5.604412 4.155797
v 0.078451 -5.717281 4.079307
v 0.083584 -5.680414 4.087554
v 0.084107 -5.679245 4.090453
v 0.088173 -5.651135 4.095194
v 0.131745 -5.775326 4.037993
v 0.136726 -5.757371 4.044628
v 0.127701 -5.760602 4.045862
v 0.135785 -5.790239 4.030608
v 0.145004 -5.770929 4.035261
v 0.095733 -6.150310 4.000258
v 0.087760 -6.147084 4.007093
v 0.081586 -6.162980 4.002535
v -0.180282 -5.700461 4.053009
v -0.179375 -5.677653 4.045103
v -0.186628 -5.679812 4.042931
v -0.217150 -5.857504 4.006750
v -0.213448 -5.825237 4.036811
v -0.245962 -5.821075 4.007441
v 0.164793 -5.662748 4.050542
v 0.187046 -5.649830 4.034123
v 0.170965 -5.641778 4.041702
v 0.110417 -5.598691 4.064323
v 0.097295 -5.612622 4.078428
v 0.103771 -5.619308 4.074616
v 0.000000 -6.212420 3.976308
v 0.020535 -6.233121 3.958469
v 0.020928 -6.211693 3.975435
v 0.188673 -5.673618 4.040257
v 0.181276 -5.671247 4.042568
v 0.072710 -5.755725 4.067944
v 0.202491 -5.693146 4.089746
v 0.199900 -5.730387 4.080436
v 0.205736 -5.691999 4.091238
v 0.206983 -5.664174 4.096621
v -0.114404 -6.180666 3.945667
v -0.083269 -6.197246 3.968300
v -0.107700 -6.169583 3.962250
v -0.164793 -5.662748 4.050542
v -0.187046 -5.649830 4.034123
v -0.181276 -5.671247 4.042568
v -0.388223 -5.664826 3.976895
v -0.356149 -5.690270 3.999178
v -0.353260 -5.673013 4.006393
v 0.111953 -6.198617 3.925685
v 0.131974 -6.172126 3.899650
v 0.135922 -6.159708 3.916304
v 0.365398 -5.646876 3.914381
v 0.367054 -5.647512 3.992050
v 0.195626 -5.972786 3.959893
v 0.212225 -5.936564 3.964971
v 0.085483 -6.229353 3.935841
v 0.109851 -6.210516 3.911600
v -0.103771 -5.619308 4.074616
v -0.127735 -5.612917 4.058653
v -0.121065 -5.633399 4.068547
v 0.222636 -5.627454 4.078544
v 0.218815 -5.609972 4.066299
v 0.216314 -5.627709 4.079472
v 0.084628 -6.231061 3.886927
v 0.103052 -6.208349 3.877761
v 0.124742 -6.175182 3.869929
v 0.136725 -5.625372 3.863206
v 0.152208 -5.624858 3.868461
v 0.153803 -5.636599 3.859848
v -0.020455 -5.566733 3.838341
v 0.000000 -5.577230 3.828372
v -0.020455 -5.577467 3.827142
v -0.041923 -6.201384 3.980043
v -0.021982 -6.168997 4.004265
v -0.043404 -6.168550 4.003943
v 0.065338 -6.157872 4.008959
v 0.063708 -6.167800 4.003565
v 0.044259 -6.158353 4.009440
v 0.043404 -6.168550 4.003943
v 0.030234 -6.084406 4.019456
v 0.049186 -6.129168 4.014005
v 0.061774 -6.069114 4.022494
v 0.046036 -6.146461 4.012099
v 0.022945 -6.146521 4.013199
v 0.000000 -6.146505 4.013638
v 0.022340 -6.158540 4.009795
v 0.074298 -6.129714 4.011113
v 0.069418 -6.146225 4.010552
v 0.078876 -6.156378 4.006664
v 0.212523 -5.634710 4.082092
v 0.212440 -5.649033 4.098126
v 0.215699 -5.632567 4.083565
v 0.122959 -6.134820 3.960592
v 0.135653 -6.082442 3.970698
v 0.123361 -6.135550 3.965686
v 0.130883 -5.972786 4.018409
v 0.121347 -6.008287 4.013958
v -0.147476 -6.007930 3.985111
v -0.130883 -5.972786 4.018409
v -0.158208 -5.972429 3.991205
v 0.156991 -5.689325 4.063920
v 0.134351 -5.684053 4.074612
v 0.153641 -5.696197 4.064887
v 0.173139 -5.698169 4.055339
v -0.099691 -5.604497 4.151867
v -0.089296 -5.576953 4.141666
v -0.101993 -5.575718 4.137653
v -0.091105 -5.635923 4.098676
v -0.095167 -5.616221 4.084234
v -0.090640 -5.637754 4.095876
v 0.141278 -5.652650 4.059124
v 0.121065 -5.633399 4.068547
v 0.118096 -5.635974 4.067773
v 0.100328 -5.621563 4.074390
v 0.115747 -5.636603 4.065887
v 0.139766 -5.653667 4.056756
v 0.359270 -5.708873 3.991403
v 0.391333 -5.682345 3.969663
v 0.356149 -5.690270 3.999178
v 0.212440 -5.649033 4.098126
v 0.216922 -5.662178 4.097274
v 0.219068 -5.648727 4.097249
v 0.232448 -5.664295 4.090832
v -0.169332 -5.891257 4.029407
v -0.173152 -5.936636 3.996737
v -0.145921 -5.935450 4.022875
v 0.219710 -5.694622 3.788854
v 0.221383 -5.716002 3.784574
v 0.219872 -5.716106 3.787585
v 0.220017 -5.733398 3.786581
v 0.042316 -5.588975 4.158259
v 0.020455 -5.571160 4.159032
v 0.020318 -5.594955 4.169673
v 0.213888 -5.639131 3.919293
v 0.217553 -5.606442 3.976277
v 0.218380 -5.606204 3.902742
v -0.216314 -5.627709 4.079472
v -0.215727 -5.611875 4.065074
v -0.218815 -5.609972 4.066299
v 0.143349 -5.649632 4.060447
v 0.041615 -6.210040 3.973618
v 0.061385 -6.227978 3.955725
v 0.061818 -6.207975 3.971665
v -0.327372 -5.786463 3.904976
v -0.215727 -5.611875 4.065074
v -0.217553 -5.606442 3.976277
v 0.097479 -5.622026 4.150877
v 0.099691 -5.604497 4.151867
v 0.105656 -5.606845 4.149504
v 0.067264 -5.585108 4.150512
v 0.089296 -5.576953 4.141666
v -0.314652 -5.719433 4.031532
v -0.345890 -5.692727 4.008195
v -0.348972 -5.711179 4.000410
v 0.120810 -6.133753 3.958439
v 0.135993 -6.081617 3.965660
v 0.021982 -6.168997 4.004265
v 0.000000 -6.158561 4.009942
v 0.000000 -6.169148 4.004411
v 0.114440 -6.046959 4.007471
v 0.221964 -5.632329 4.082602
v 0.235137 -5.651550 4.090452
v 0.241645 -5.636148 4.073710
v -0.135956 -5.675922 4.074517
v -0.162935 -5.669086 4.053288
v -0.156991 -5.689325 4.063920
v 0.109017 -5.580441 4.132659
v 0.105656 -5.606845 4.149504
v 0.106863 -5.608964 4.146355
v 0.195626 -5.972786 3.959893
v 0.186181 -5.927456 3.990615
v 0.169330 -5.966950 3.984458
v -0.114440 -6.046959 4.007471
v -0.121347 -6.008287 4.013958
v 0.102812 -5.567840 4.133921
v 0.112383 -5.544952 4.119205
v 0.106253 -5.542526 4.121240
v -0.309064 -5.684057 4.046698
v -0.327216 -5.660140 4.027893
v -0.343064 -5.675683 4.015424
v -0.305945 -5.742254 4.027072
v -0.341984 -5.732541 3.996117
v 0.157035 -5.696199 3.859990
v 0.155873 -5.670906 3.857898
v 0.138390 -5.692184 3.864107
v 0.137899 -5.663712 3.861681
v 0.154719 -5.648113 3.857207
v 0.177218 -5.658745 3.852863
v -0.322490 -5.781996 3.966736
v -0.326096 -5.755161 3.990341
v -0.359553 -5.750599 3.960838
v 0.106508 -5.577425 4.129804
v 0.095492 -5.614058 4.086870
v 0.093315 -5.611971 4.083994
v 0.127585 -5.627717 3.858318
v 0.021126 -6.202811 3.981604
v 0.000000 -6.203439 3.982322
v 0.219068 -5.648727 4.097249
v -0.110142 -6.082967 4.001516
v -0.140425 -6.046514 3.977612
v -0.135653 -6.082442 3.970698
v 0.266889 -5.658580 4.074393
v 0.285069 -5.646189 4.051398
v 0.243568 -5.631495 4.069074
v 0.225437 -5.609819 4.065372
v 0.222636 -5.627454 4.078544
v -0.042909 -5.567961 4.147035
v -0.067674 -5.578425 4.146892
v -0.042316 -5.588975 4.158259
v 0.322490 -5.781996 3.966736
v 0.326096 -5.755161 3.990341
v 0.291113 -5.783673 3.996053
v -0.087392 -5.604412 4.155797
v -0.067264 -5.585108 4.150512
v 0.158208 -5.972429 3.991205
v 0.173152 -5.936636 3.996737
v 0.090136 -5.812647 4.089073
v 0.108021 -5.812686 4.084150
v 0.102130 -5.625531 4.077682
v 0.091080 -5.640102 4.093028
v 0.097294 -5.646370 4.089057
v -0.084797 -6.214581 3.953037
v -0.061818 -6.207975 3.971665
v -0.083269 -6.197246 3.968300
v -0.103263 -5.586462 4.072937
v -0.109949 -5.572684 4.128934
v -0.113901 -5.547679 4.116379
v 0.159579 -6.082649 3.945549
v 0.147981 -6.046445 3.970037
v 0.142323 -6.082358 3.963206
v -0.218815 -5.609972 4.066299
v -0.222636 -5.627454 4.078544
v -0.216314 -5.627709 4.079472
v 0.169606 -6.046516 3.950021
v 0.156409 -6.006542 3.977589
v -0.061774 -6.069114 4.022494
v -0.074298 -6.129714 4.011113
v -0.049186 -6.129168 4.014005
v 0.089977 -5.569358 4.137978
v 0.069363 -5.556237 4.134973
v 0.067674 -5.578425 4.146892
v 0.161423 -5.820344 4.065809
v 0.177256 -5.812514 4.061335
v 0.157429 -5.813832 4.069146
v 0.156662 -5.833952 4.061822
v 0.184272 -5.819171 4.056295
v -0.391333 -5.682345 3.969663
v -0.359270 -5.708873 3.991403
v 0.149890 -5.629086 4.051064
v 0.127735 -5.612917 4.058653
v -0.336188 -5.657038 4.019483
v 0.000000 -5.570631 4.165016
v -0.020318 -5.594955 4.169673
v 0.000000 -5.596799 4.175393
v -0.092812 -5.544817 4.125494
v -0.102812 -5.567840 4.133921
v -0.089977 -5.569358 4.137978
v -0.096679 -5.609892 4.081080
v -0.103853 -5.591824 4.067929
v -0.097295 -5.612622 4.078428
v 0.206394 -5.887857 3.996030
v 0.212225 -5.936564 3.964971
v 0.233072 -5.895718 3.969144
v -0.297230 -5.669518 4.057125
v -0.285069 -5.646189 4.051398
v -0.327216 -5.660140 4.027893
v 0.197540 -5.972786 3.812447
v 0.183050 -6.007919 3.819851
v 0.194624 -5.972786 3.807389
v 0.210948 -5.939004 3.799664
v -0.094688 -5.544831 3.831533
v -0.108402 -5.552754 3.818913
v -0.108408 -5.542255 3.830328
v 0.020455 -6.251832 3.908121
v 0.041432 -6.257795 3.916672
v 0.020455 -6.260716 3.920399
v 0.000000 -6.248853 3.904217
v 0.020455 -6.247387 3.901982
v 0.041432 -6.248808 3.903891
v 0.227295 -5.611640 3.804011
v 0.221077 -5.622068 3.795275
v 0.221023 -5.611765 3.805551
v 0.070433 -5.564688 3.822239
v 0.043177 -5.565212 3.835939
v 0.070433 -5.555197 3.833536
v 0.092575 -5.573979 3.814385
v 0.070433 -5.569747 3.816591
v 0.043177 -5.574512 3.824686
v -0.114904 -5.544250 3.830413
v 0.114912 -5.554773 3.818986
v 0.108402 -5.552754 3.818913
v 0.094687 -5.555079 3.820186
v -0.198439 -5.655689 3.852772
v -0.213605 -5.648038 3.859577
v -0.196317 -5.644417 3.861769
v 0.114912 -5.554773 3.818986
v 0.117487 -5.547586 3.832278
v 0.117551 -5.558190 3.820971
v 0.246181 -5.626972 3.789609
v 0.227307 -5.621926 3.793728
v 0.221125 -5.634903 3.790858
v -0.370691 -5.720834 3.765006
v -0.348065 -5.702632 3.761588
v -0.354510 -5.726089 3.759395
v 0.127969 -5.616871 3.862615
v 0.127107 -5.614143 3.860965
v 0.219089 -5.613369 3.808207
v 0.218380 -5.606204 3.902742
v 0.294224 -5.633332 3.787078
v 0.285943 -5.640902 3.779199
v -0.185990 -6.007919 3.825203
v -0.191402 -6.007921 3.835906
v 0.063456 -6.245390 3.899566
v 0.041432 -6.244317 3.897500
v 0.063456 -6.240963 3.892994
v 0.086659 -6.242456 3.905607
v 0.063456 -6.254249 3.912710
v 0.174069 -5.636860 3.864416
v 0.176000 -5.648374 3.855694
v 0.020455 -5.577467 3.827142
v 0.043177 -5.579330 3.819059
v 0.020455 -5.583569 3.821542
v 0.000000 -5.584351 3.822787
v 0.228257 -5.907167 3.785856
v 0.230482 -5.905478 3.789712
v 0.252048 -5.875620 3.778391
v 0.253845 -5.872570 3.781596
v 0.332780 -5.779721 3.762297
v 0.315756 -5.804115 3.773683
v 0.305086 -5.809683 3.767883
v -0.219245 -5.623707 3.797971
v -0.221024 -5.611765 3.805551
v -0.219089 -5.613369 3.808207
v 0.215791 -5.659122 3.850304
v 0.198439 -5.655689 3.852772
v -0.339524 -5.654441 3.774628
v -0.378230 -5.668560 3.844773
v -0.357443 -5.648553 3.853064
v 0.383620 -5.733903 3.839838
v 0.370690 -5.720834 3.765006
v 0.364377 -5.697509 3.767156
v 0.342010 -5.680594 3.763649
v 0.358448 -5.675606 3.769176
v 0.370690 -5.720834 3.765006
v -0.294224 -5.633332 3.787078
v -0.304546 -5.627151 3.873038
v 0.292383 -5.824462 3.863780
v 0.261410 -5.868599 3.788382
v 0.287440 -5.835569 3.780441
v 0.133720 -6.176261 3.877574
v 0.222730 -5.659236 3.847512
v 0.221919 -5.646600 3.854025
v 0.223954 -5.657591 3.844629
v 0.156778 -6.086458 3.844725
v 0.168580 -6.045495 3.829645
v 0.172029 -6.045496 3.835075
v 0.185990 -6.007919 3.825203
v -0.213064 -5.641449 3.920718
v -0.220591 -5.648232 3.856892
v -0.221919 -5.646600 3.854025
v -0.105923 -6.210504 3.882658
v -0.111178 -6.214809 3.892453
v -0.176000 -5.648374 3.855694
v 0.196317 -5.644417 3.861769
v -0.226747 -5.682591 3.837043
v -0.219710 -5.694622 3.788854
v -0.219523 -5.664025 3.790708
v 0.020455 -5.566733 3.838341
v 0.220591 -5.648232 3.856892
v 0.094688 -5.544831 3.831533
v 0.108408 -5.542255 3.830328
v 0.122035 -6.134105 3.956379
v 0.138123 -6.081602 3.963247
v 0.135516 -6.080821 3.961525
v 0.111178 -6.214809 3.892453
v 0.133720 -6.176261 3.877574
v -0.358448 -5.675606 3.769176
v -0.325064 -5.660008 3.768534
v -0.294224 -5.633332 3.787078
v -0.285943 -5.640902 3.779199
v -0.248248 -5.617368 3.799286
v -0.250722 -5.610404 3.892728
v 0.327101 -5.783145 3.759555
v 0.332780 -5.779721 3.762297
v 0.344962 -5.754439 3.756178
v 0.137339 -5.637944 3.860673
v -0.220591 -5.648232 3.856892
v -0.215791 -5.659122 3.850304
v -0.222730 -5.659236 3.847512
v -0.129645 -5.619705 3.863746
v -0.135441 -5.613451 3.871810
v -0.128478 -5.607670 3.872364
v 0.219245 -5.623707 3.797971
v 0.221125 -5.634903 3.790858
v 0.219354 -5.636373 3.793597
v 0.143770 -5.609996 3.938662
v 0.137046 -5.608426 3.993085
v 0.126840 -5.595480 3.942652
v 0.119931 -5.593689 3.997767
v -0.120053 -5.588417 3.944040
v -0.126826 -5.604769 3.871267
v -0.128478 -5.607670 3.872364
v -0.114608 -5.537538 3.935863
v -0.117487 -5.547586 3.832278
v -0.116802 -5.540296 3.936028
v -0.128478 -5.607670 3.872364
v -0.126840 -5.595480 3.942652
v -0.120053 -5.588417 3.944040
v 0.218433 -5.938462 3.808831
v 0.238025 -5.903316 3.797642
v -0.070347 -5.549039 3.943580
v -0.043177 -5.565212 3.835939
v -0.070433 -5.555197 3.833536
v 0.103263 -5.586462 4.072937
v 0.109949 -5.572684 4.128934
v 0.096963 -5.607666 4.083670
v -0.131974 -6.172126 3.899650
v -0.109851 -6.210516 3.911600
v 0.043177 -5.565212 3.835939
v 0.070433 -5.555197 3.833536
v -0.358470 -5.761316 3.846474
v -0.367770 -5.746176 3.764641
v -0.345995 -5.774128 3.767974
v -0.043155 -5.559752 3.949600
v -0.020455 -5.566733 3.838341
v -0.120810 -6.133753 3.958439
v -0.135993 -6.081617 3.965660
v -0.133920 -6.080824 3.963337
v 0.041364 -6.254874 3.933005
v 0.260038 -5.690954 4.070575
v 0.293998 -5.706929 4.048525
v 0.292430 -5.686843 4.056494
v 0.227893 -5.693918 4.083482
v 0.119318 -5.639570 4.071632
v 0.097294 -5.646370 4.089057
v 0.114155 -5.659957 4.082891
v 0.314652 -5.719433 4.031532
v 0.305945 -5.742254 4.027072
v 0.378230 -5.668560 3.844773
v 0.357443 -5.648553 3.853064
v 0.187046 -5.649830 4.034123
v 0.124556 -6.135231 3.957896
v 0.128163 -6.136622 3.957615
v -0.108646 -5.570177 4.131860
v 0.181883 -6.008175 3.954660
v 0.317844 -5.662778 3.765476
v 0.281808 -5.644676 3.775254
v 0.155764 -5.798020 4.023679
v 0.137712 -5.798896 4.030562
v 0.115809 -5.800342 4.041414
v 0.059865 -5.718710 4.134422
v 0.055590 -5.765417 4.120178
v 0.038480 -5.794766 4.115709
v 0.052743 -5.803453 4.108032
v 0.227427 -5.716466 3.782987
v 0.221447 -5.733738 3.783474
v 0.221383 -5.716002 3.784574
v 0.235736 -5.694884 3.783484
v 0.235736 -5.717216 3.782111
v 0.227449 -5.735439 3.781800
v -0.107763 -5.578013 4.135607
v 0.152208 -5.624858 3.868461
v 0.094688 -5.544831 3.831533
v 0.105048 -6.132052 3.998409
v 0.120644 -6.133565 3.956798
v 0.063917 -5.667790 4.150080
v 0.043490 -5.672102 4.158714
v 0.080984 -5.663868 4.143884
v 0.092385 -5.662357 4.140715
v 0.092149 -5.712040 4.124166
v 0.098518 -5.662427 4.138628
v 0.103478 -5.623796 4.148558
v -0.096963 -5.607666 4.083670
v -0.103113 -5.588890 4.070467
v 0.111966 -5.580549 4.002086
v 0.140425 -6.046514 3.977612
v 0.110142 -6.082967 4.001516
v 0.103478 -5.623796 4.148558
v 0.041923 -6.201384 3.980043
v 0.182573 -5.699150 4.054116
v 0.182156 -5.706682 4.055429
v 0.184169 -5.697177 4.055843
v 0.192706 -5.670583 4.042805
v 0.214049 -5.633606 4.077271
v 0.213192 -5.629813 4.078037
v 0.000000 -5.675708 4.174905
v 0.022008 -5.674779 4.169200
v 0.000000 -5.721509 4.157512
v 0.094851 -5.659937 4.088210
v 0.114254 -5.670213 4.082294
v 0.135956 -5.675922 4.074517
v 0.186628 -5.679812 4.042931
v 0.182573 -5.699150 4.054116
v 0.188930 -5.678444 4.044063
v 0.333806 -5.683078 3.760874
v 0.325064 -5.660008 3.768534
v -0.099741 -6.080975 4.009963
v -0.083605 -6.074925 4.017238
v -0.246181 -5.626972 3.789609
v 0.103113 -5.588890 4.070467
v 0.096679 -5.609892 4.081080
v 0.178622 -6.045499 3.845936
v 0.191402 -6.007921 3.835906
v -0.165226 -6.086466 3.854961
v -0.175447 -6.045932 3.889484
v -0.178622 -6.045499 3.845936
v 0.309064 -5.684057 4.046698
v 0.311752 -5.701075 4.039403
v 0.101787 -5.881501 4.061788
v 0.076970 -5.893664 4.065318
v 0.059859 -5.853860 4.086341
v 0.063635 -5.938746 4.053094
v 0.228359 -5.702955 3.837047
v 0.226699 -5.683661 3.840014
v 0.226747 -5.682591 3.837043
v 0.225150 -5.666857 3.841127
v 0.225294 -5.665205 3.838329
v 0.132567 -5.857968 4.060553
v 0.131999 -5.829489 4.073314
v 0.205237 -5.720007 3.850991
v 0.182225 -5.717874 3.855905
v 0.220683 -5.703722 3.846493
v 0.222407 -5.721389 3.846850
v 0.206676 -5.734790 3.851592
v 0.088670 -5.748272 4.060160
v 0.102364 -5.752018 4.055998
v 0.100172 -5.742382 4.060252
v 0.091810 -5.726211 4.067217
v 0.082324 -5.721069 4.070732
v 0.077327 -5.753995 4.060616
v 0.221510 -5.752908 3.782281
v 0.227472 -5.757648 3.780414
v 0.235736 -5.737823 3.780843
v 0.235736 -5.764001 3.779233
v 0.226901 -5.775877 3.779433
v 0.220994 -5.768224 3.781463
v 0.207884 -5.747200 3.852074
v 0.223960 -5.737300 3.847162
v 0.225315 -5.751184 3.847431
v 0.208610 -5.756174 3.851921
v 0.184935 -5.750009 3.857574
v 0.140370 -5.759073 3.799456
v 0.124522 -5.744998 3.803954
v 0.144705 -5.751997 3.799351
v 0.134884 -5.768536 3.800963
v 0.117937 -5.752244 3.804452
v 0.157978 -5.715224 3.861553
v 0.139134 -5.727124 3.866973
v 0.138800 -5.712874 3.865826
v 0.099956 -5.688627 3.810624
v 0.108324 -5.689282 3.808692
v 0.114828 -5.659288 3.809418
v 0.114799 -5.690117 3.808210
v 0.128238 -5.709847 3.862606
v 0.129100 -5.688962 3.863602
v 0.129242 -5.710836 3.865134
v 0.128276 -5.724689 3.863323
v 0.140626 -5.654392 4.059813
v 0.162935 -5.669086 4.053288
v 0.162913 -5.667923 4.049453
v 0.179375 -5.677653 4.045103
v 0.180089 -5.676693 4.041211
v 0.162484 -5.668819 4.046655
v 0.139179 -5.654974 4.057203
v 0.211998 -5.693263 4.089760
v 0.210384 -5.662107 4.098305
v 0.241791 -5.634710 4.068402
v 0.222292 -5.631116 4.077715
v 0.216870 -5.631475 4.078705
v 0.217875 -5.633595 4.076725
v 0.222340 -5.633163 4.075627
v 0.198070 -5.649028 4.034297
v 0.215727 -5.611875 4.065074
v 0.193571 -5.674295 4.041618
v 0.191108 -5.672515 4.041154
v 0.191990 -5.676243 4.039907
v 0.194631 -5.675919 4.039366
v -0.250655 -5.615039 4.053929
v -0.290522 -5.642276 4.044881
v -0.243569 -5.631495 4.069074
v 0.353430 -5.708884 3.992423
v 0.352595 -5.730084 3.987110
v 0.350302 -5.690541 4.000150
v 0.350962 -5.708075 3.990529
v 0.346655 -5.729948 3.988201
v 0.194058 -5.895770 3.997644
v 0.217150 -5.857504 4.006750
v 0.192840 -5.897176 4.002550
v 0.174379 -5.935409 3.991821
v 0.172688 -5.934207 3.989372
v 0.192324 -5.894506 3.995256
v 0.216601 -5.854568 3.999476
v 0.218378 -5.855886 4.001806
v 0.165226 -6.086466 3.854961
v -0.030234 -6.084406 4.019456
v 0.347501 -5.691341 4.002668
v 0.348972 -5.711179 4.000410
v 0.350607 -5.709335 3.995001
v 0.343662 -5.730427 3.990827
v 0.341961 -5.729125 3.988419
v 0.348864 -5.708311 3.992502
v 0.159336 -5.971359 3.986224
v 0.173152 -5.936636 3.996737
v 0.158208 -5.972429 3.991205
v 0.148411 -6.006990 3.980069
v 0.146591 -6.006051 3.977595
v 0.157609 -5.970279 3.983743
v 0.217397 -5.632661 4.080183
v 0.222587 -5.632400 4.079029
v 0.241506 -5.636178 4.069706
v 0.222819 -5.634089 4.076715
v 0.222587 -5.632400 4.079029
v 0.218644 -5.634402 4.078015
v 0.217397 -5.632661 4.080183
v 0.214533 -5.634770 4.078751
v 0.214533 -5.634770 4.078751
v 0.216084 -5.636508 4.076602
v 0.199573 -5.889680 3.996347
v 0.223656 -5.851122 4.000058
v 0.219110 -5.853181 3.998054
v 0.194939 -5.892820 3.993948
v 0.179591 -5.929288 3.990700
v 0.163355 -5.967674 3.984710
v 0.175234 -5.932600 3.988081
v 0.159838 -5.969321 3.982313
v 0.151172 -6.006053 3.978022
v 0.000000 -5.602718 4.174960
v 0.020282 -5.600997 4.173067
v 0.019763 -5.600502 4.169261
v 0.042169 -5.594891 4.161782
v 0.041340 -5.594115 4.157856
v 0.019281 -5.601638 4.166542
v 0.000000 -5.603805 4.172278
v 0.081275 -6.191313 3.970342
v 0.062065 -6.199609 3.978232
v 0.060886 -6.201199 3.973404
v 0.041923 -6.201384 3.980043
v 0.041277 -6.203065 3.975167
v 0.059888 -6.199781 3.970756
v 0.079757 -6.189942 3.967899
v 0.193841 -5.676940 4.038444
v 0.193056 -5.677871 4.037596
v 0.192218 -5.678874 4.036654
v 0.192218 -5.678874 4.036654
v 0.192420 -5.676980 4.039195
v 0.193841 -5.676940 4.038444
v 0.105994 -5.573564 4.131283
v 0.100840 -5.571556 4.132992
v 0.088706 -5.573287 4.136697
v 0.088706 -5.573287 4.136697
v 0.099112 -5.572628 4.130828
v 0.100840 -5.571556 4.132992
v 0.103552 -5.574269 4.129530
v 0.088544 -5.575053 4.137642
v 0.101993 -5.575718 4.137653
v 0.100522 -5.573224 4.134107
v 0.105501 -5.575091 4.132579
v 0.103028 -5.575277 4.130733
v 0.098805 -5.573807 4.131803
v 0.041564 -5.592550 4.156825
v 0.019906 -5.598880 4.168265
v 0.000000 -5.601028 4.174007
v 0.000000 -5.602521 4.171551
v 0.019459 -5.600413 4.165771
v 0.019459 -5.600413 4.165771
v 0.041564 -5.592550 4.156825
v 0.019906 -5.598880 4.168265
v 0.061052 -6.203880 3.971258
v 0.083269 -6.197246 3.968300
v 0.081810 -6.193572 3.967949
v 0.081810 -6.193572 3.967949
v 0.060146 -6.201766 3.969079
v 0.061052 -6.203880 3.971258
v 0.041242 -6.205893 3.973245
v 0.330902 -5.658097 4.020160
v 0.290522 -5.642276 4.044881
v 0.286843 -5.644428 4.044868
v 0.240730 -5.636469 4.066222
v 0.285024 -5.645548 4.042710
v 0.286843 -5.644428 4.044868
v 0.328632 -5.658503 4.018075
v 0.330902 -5.658097 4.020160
v 0.109949 -5.572684 4.128934
v 0.107042 -5.575913 4.128496
v 0.104351 -5.576484 4.126900
v 0.059700 -6.200183 3.969113
v 0.040776 -6.203777 3.970889
v 0.060146 -6.201766 3.969079
v 0.080357 -6.191598 3.966003
v 0.079562 -6.190213 3.966219
v 0.079562 -6.190213 3.966219
v 0.059700 -6.200183 3.969113
v 0.040766 -6.201663 3.972350
v 0.040608 -6.202136 3.970757
v 0.314797 -5.754255 3.990205
v 0.341961 -5.729125 3.988419
v 0.314586 -5.754668 3.991820
v 0.278664 -5.783952 3.995951
v 0.314797 -5.754255 3.990205
v 0.280639 -5.783973 3.995723
v 0.316631 -5.754520 3.989914
v 0.342271 -5.728717 3.986718
v 0.000000 -6.204536 3.973072
v 0.020592 -6.205452 3.972538
v 0.020546 -6.203785 3.972315
v 0.040608 -6.202136 3.970757
v 0.020635 -6.203267 3.973872
v 0.020546 -6.203785 3.972315
v 0.000000 -6.203999 3.974616
v 0.000000 -6.204536 3.973072
v 0.133938 -6.080559 3.961756
v 0.140842 -6.044816 3.968437
v 0.139247 -6.044553 3.968585
v 0.146776 -6.005722 3.976038
v 0.139247 -6.044553 3.968585
v 0.139137 -6.044841 3.970154
v 0.133920 -6.080824 3.963337
v 0.133938 -6.080559 3.961756
v 0.087275 -5.575797 4.133637
v 0.098384 -5.573494 4.130570
v 0.102471 -5.574924 4.129532
v 0.102471 -5.574924 4.129532
v 0.099112 -5.572628 4.130828
v 0.098384 -5.573494 4.130570
v 0.087675 -5.574727 4.134145
v 0.087275 -5.575797 4.133637
v 0.157850 -5.969894 3.982215
v 0.148469 -6.005794 3.975985
v 0.172953 -5.933754 3.987882
v 0.157850 -5.969894 3.982215
v 0.146776 -6.005722 3.976038
v 0.103164 -5.577081 4.126959
v 0.102471 -5.574924 4.129532
v 0.103782 -5.577471 4.128114
v 0.103164 -5.577081 4.126959
v 0.101933 -6.164505 3.960917
v 0.102129 -6.164474 3.962590
v 0.079562 -6.190213 3.966219
v 0.103062 -6.165471 3.960558
v 0.101933 -6.164505 3.960917
v 0.040398 -5.595191 4.153768
v 0.019215 -5.601471 4.165287
v 0.000000 -5.603592 4.171058
v 0.000000 -5.603592 4.171058
v 0.019215 -5.601471 4.165287
v 0.040527 -5.595316 4.155066
v 0.040398 -5.595191 4.153768
v 0.218635 -5.634643 4.076679
v 0.222626 -5.634247 4.075438
v 0.240649 -5.637665 4.067211
v 0.240370 -5.637610 4.065937
v 0.222626 -5.634247 4.075438
v 0.218635 -5.634643 4.076679
v 0.065885 -5.583735 4.142835
v 0.065516 -5.584829 4.142294
v 0.040796 -5.594134 4.154256
v 0.065704 -5.585004 4.143583
v 0.065516 -5.584829 4.142294
v 0.087551 -5.576055 4.134895
v 0.138980 -5.654586 4.056149
v 0.163054 -5.668602 4.045651
v 0.163054 -5.668602 4.045651
v 0.180540 -5.677834 4.038367
v 0.181796 -5.677727 4.037518
v 0.163054 -5.668602 4.045651
v 0.182632 -5.676684 4.038474
v 0.163856 -5.667615 4.046437
v 0.138980 -5.654586 4.056149
v 0.284178 -5.647244 4.044017
v 0.284068 -5.646759 4.042568
v 0.327083 -5.660432 4.019782
v 0.327217 -5.659616 4.018135
v 0.327217 -5.659616 4.018135
v 0.284068 -5.646759 4.042568
v 0.240370 -5.637610 4.065937
v 0.192570 -5.893975 3.993804
v 0.216801 -5.854000 3.998043
v 0.192570 -5.893975 3.993804
v 0.172953 -5.933754 3.987882
v 0.346073 -5.690199 3.998370
v 0.349211 -5.707884 3.990783
v 0.342271 -5.728717 3.986718
v 0.349211 -5.707884 3.990783
v 0.344024 -5.729044 3.986415
v 0.347819 -5.690054 3.998181
v 0.346073 -5.690199 3.998370
v 0.327217 -5.659616 4.018135
v 0.343043 -5.674841 4.007154
v 0.343313 -5.674102 4.005445
v 0.345742 -5.690717 4.000078
v 0.343313 -5.674102 4.005445
v 0.344970 -5.673432 4.005298
v 0.328632 -5.658503 4.018075
v 0.328661 -5.659957 4.022459
v 0.343064 -5.675683 4.015424
v 0.344748 -5.674943 4.009812
v 0.345890 -5.692727 4.008195
v 0.344748 -5.674943 4.009812
v 0.328661 -5.659957 4.022459
v 0.066722 -5.582151 4.145472
v 0.065885 -5.583735 4.142835
v 0.066722 -5.582151 4.145472
v 0.087675 -5.574727 4.134145
v 0.163672 -6.086483 3.891604
v 0.152573 -6.086457 3.839607
v 0.119910 -6.174645 3.866106
v 0.316265 -5.756120 3.994164
v 0.341984 -5.732541 3.996117
v 0.314603 -5.758301 3.999363
v 0.280223 -5.785887 3.999775
v 0.343662 -5.730427 3.990827
v 0.353260 -5.673013 4.006393
v 0.347424 -5.673542 4.007325
v 0.336188 -5.657038 4.019483
v 0.000000 -6.208261 3.975801
v 0.020784 -6.207531 3.974990
v 0.041242 -6.205893 3.973245
v 0.020592 -6.205452 3.972538
v 0.020784 -6.207531 3.974990
v 0.000000 -6.206203 3.973323
v 0.000000 -6.208261 3.975801
v 0.067264 -5.585108 4.150512
v 0.066542 -5.583827 4.146438
v 0.089296 -5.576953 4.141666
v 0.095167 -5.616221 4.084234
v 0.093014 -5.614172 4.081371
v 0.093014 -5.614172 4.081371
v 0.090575 -5.611929 4.082374
v 0.093315 -5.611971 4.083994
v 0.021126 -6.202811 3.981604
v 0.020844 -6.204621 3.976765
v 0.000000 -6.203439 3.982322
v 0.000000 -6.205320 3.977524
v 0.319823 -5.755104 3.991540
v 0.319823 -5.755104 3.991540
v 0.344024 -5.729044 3.986415
v 0.316631 -5.754520 3.989914
v 0.284486 -5.783899 3.997275
v 0.117766 -5.637859 4.068328
v 0.119318 -5.639570 4.071632
v 0.119318 -5.639570 4.071632
v 0.117766 -5.637859 4.068328
v 0.115593 -5.638113 4.066137
v 0.115593 -5.638113 4.066137
v 0.100150 -5.623595 4.074709
v 0.117766 -5.637859 4.068328
v 0.114916 -5.637506 4.065332
v 0.097543 -5.623603 4.072923
v 0.114916 -5.637506 4.065332
v 0.096625 -5.622811 4.072419
v 0.143353 -6.045640 3.970282
v 0.164121 -5.666209 4.049007
v 0.181826 -5.675014 4.041046
v 0.104044 -6.165711 3.964844
v 0.105089 -6.165507 3.969797
v 0.104044 -6.165711 3.964844
v 0.082728 -6.190114 3.975156
v 0.102129 -6.164474 3.962590
v 0.102129 -6.164474 3.962590
v 0.122959 -6.134820 3.960592
v 0.104044 -6.165711 3.964844
v 0.285556 -5.646198 4.046637
v 0.327216 -5.660140 4.027893
v 0.258414 -5.854333 3.971310
v 0.258987 -5.815187 3.999204
v 0.230490 -5.849862 3.999346
v 0.107700 -6.169583 3.962250
v 0.105118 -6.167037 3.962241
v 0.105118 -6.167037 3.962241
v 0.080357 -6.191598 3.966003
v 0.141083 -6.045670 3.972571
v 0.147476 -6.007930 3.985111
v 0.131878 -5.742690 3.867775
v 0.139551 -5.744752 3.866620
v 0.131878 -5.742690 3.867775
v 0.139055 -5.745878 3.864556
v 0.131044 -5.742900 3.866102
v 0.131044 -5.742900 3.866102
v 0.131411 -5.739990 3.868222
v 0.131878 -5.742690 3.867775
v 0.226027 -5.766068 3.846135
v 0.232911 -5.763236 3.844223
v 0.232619 -5.767622 3.843957
v 0.232619 -5.767622 3.843957
v 0.233626 -5.763701 3.841711
v 0.232670 -5.768364 3.842049
v 0.232619 -5.767622 3.843957
v 0.226027 -5.766068 3.846135
v 0.162546 -5.795526 4.020124
v 0.156223 -5.788014 4.023697
v 0.155237 -5.796300 4.022103
v 0.162546 -5.795526 4.020124
v 0.163609 -5.796308 4.021482
v 0.163609 -5.796308 4.021482
v 0.164285 -5.788682 4.022072
v 0.067953 -5.794538 4.051129
v 0.075176 -5.784400 4.050684
v 0.068713 -5.783986 4.053977
v 0.067953 -5.794538 4.051129
v 0.068271 -5.784483 4.056300
v 0.068097 -5.795583 4.052739
v 0.068097 -5.795583 4.052739
v 0.074365 -5.795293 4.048750
v 0.067953 -5.794538 4.051129
v 0.052975 -5.828363 4.098667
v 0.073769 -5.841000 4.087659
v 0.063179 -5.828250 4.095951
v 0.064320 -5.809743 4.101964
v 0.040015 -5.825560 4.102802
v 0.109595 -5.747492 3.806422
v 0.100106 -5.748539 3.808963
v 0.116578 -5.740549 3.805839
v 0.109435 -5.761986 3.806483
v 0.100554 -5.756860 3.808561
v 0.219321 -5.774403 3.781483
v 0.225142 -5.782918 3.779464
v 0.235115 -5.786036 3.778064
v 0.233253 -5.794208 3.778120
v 0.223621 -5.792679 3.780489
v 0.203848 -5.823350 4.044785
v 0.193828 -5.816958 4.052981
v 0.185826 -5.810278 4.058551
v 0.189396 -5.835928 4.046265
v 0.081037 -5.814398 4.093733
v 0.073508 -5.821840 4.094752
v 0.159572 -5.748591 3.862243
v 0.184927 -5.753972 3.856343
v 0.159190 -5.750129 3.860054
v 0.159572 -5.748591 3.862243
v 0.139551 -5.744752 3.866620
v 0.208604 -5.760655 3.850619
v 0.226121 -5.761338 3.847231
v 0.208128 -5.762372 3.848406
v 0.184523 -5.755634 3.854152
v 0.137246 -5.796842 4.028942
v 0.114136 -5.796899 4.037356
v 0.114136 -5.796899 4.037356
v 0.137246 -5.796842 4.028942
v 0.155237 -5.796300 4.022103
v 0.091467 -5.796232 4.044059
v 0.074365 -5.795293 4.048750
v 0.091467 -5.796232 4.044059
v 0.074988 -5.797256 4.050337
v 0.021417 -5.823220 4.108261
v 0.000000 -5.854683 4.095954
v 0.000000 -5.822167 4.111321
v 0.164917 -5.797138 4.023847
v 0.166444 -5.788876 4.023647
v 0.163609 -5.796308 4.021482
v 0.156877 -5.799172 4.026122
v 0.164917 -5.797138 4.023847
v 0.218078 -5.771430 3.784854
v 0.220994 -5.768224 3.781463
v 0.219321 -5.774403 3.781483
v 0.218078 -5.771430 3.784854
v 0.210941 -5.770781 3.786539
v 0.091105 -5.635923 4.098676
v 0.082841 -5.811185 4.091557
v 0.081353 -5.800081 4.098353
v 0.081037 -5.814398 4.093733
v 0.082841 -5.811185 4.091557
v 0.090136 -5.812647 4.089073
v 0.090575 -5.611929 4.082374
v 0.130337 -5.742800 3.863380
v 0.129752 -5.739551 3.866337
v 0.130337 -5.742800 3.863380
v 0.129645 -5.619705 3.863746
v 0.130158 -5.632817 3.861250
v 0.129645 -5.619705 3.863746
v -0.108408 -5.542255 3.830328
v -0.108239 -5.535554 3.936508
v -0.043177 -5.565212 3.835939
v 0.203783 -5.972786 3.822562
v -0.227157 -5.604374 3.900168
v -0.221024 -5.611765 3.805551
v -0.227295 -5.611640 3.804011
v 0.120644 -6.133565 3.956798
v -0.174069 -5.636860 3.864416
v 0.247904 -5.816880 3.998541
v 0.252196 -5.815885 4.000241
v 0.284486 -5.783899 3.997275
v -0.062360 -6.242224 3.940513
v -0.041014 -6.230835 3.956584
v -0.061385 -6.227978 3.955725
v 0.294298 -5.820193 3.911309
v 0.263516 -5.859997 3.870412
v 0.292383 -5.824462 3.863780
v 0.294298 -5.820193 3.911309
v 0.112383 -5.544952 4.119205
v 0.106253 -5.542526 4.121240
v 0.204207 -5.642025 3.924603
v 0.250655 -5.615039 4.053929
v 0.225437 -5.609819 4.065372
v 0.206149 -5.643316 3.971624
v 0.211297 -5.643077 3.922235
v 0.120053 -5.588417 3.944040
v 0.118738 -5.585160 3.943959
v 0.112187 -5.583400 4.001209
v -0.085483 -6.229353 3.935841
v 0.189860 -5.680143 4.035432
v 0.190757 -5.678901 4.037416
v 0.190711 -5.679115 4.036413
v 0.189860 -5.680143 4.035432
v 0.181796 -5.677727 4.037518
v 0.181796 -5.677727 4.037518
v 0.188381 -5.680191 4.036213
v 0.278664 -5.783952 3.995951
v 0.245749 -5.817261 3.998661
v 0.245749 -5.817261 3.998661
v 0.278534 -5.784401 3.997465
v 0.245605 -5.817783 4.000115
v 0.245605 -5.817783 4.000115
v 0.216801 -5.854000 3.998043
v 0.245749 -5.817261 3.998661
v 0.192840 -5.897176 4.002550
v 0.180282 -5.700461 4.053009
v 0.170719 -5.708344 4.054776
v 0.178222 -5.709705 4.052466
v 0.180530 -5.708512 4.053619
v 0.182573 -5.699150 4.054116
v -0.173139 -5.698169 4.055339
v 0.088613 -5.653264 4.092344
v 0.091080 -5.640102 4.093028
v 0.345890 -5.692727 4.008195
v 0.348972 -5.711179 4.000410
v 0.088613 -5.653264 4.092344
v -0.156409 -6.006542 3.977589
v -0.169606 -6.046516 3.950021
v -0.147981 -6.046445 3.970037
v 0.213448 -5.825237 4.036811
v -0.236797 -5.802889 4.035031
v -0.278653 -5.787975 4.004890
v 0.216256 -5.807369 4.045739
v 0.223988 -5.668329 3.844042
v 0.222730 -5.659236 3.847512
v 0.276407 -5.844398 3.771469
v 0.278744 -5.840634 3.774318
v 0.301402 -5.813553 3.765165
v 0.305086 -5.809683 3.767883
v 0.090847 -5.616810 4.077028
v 0.096625 -5.622811 4.072419
v 0.089866 -5.615963 4.076628
v 0.089866 -5.615963 4.076628
v 0.097514 -5.621903 4.072980
v 0.090783 -5.615048 4.077184
v 0.089315 -5.613277 4.079349
v 0.090270 -5.614121 4.079747
v 0.078443 -5.718669 4.073650
v 0.087664 -5.688543 4.080608
v 0.084063 -5.681992 4.084752
v 0.084063 -5.681992 4.084752
v 0.077905 -5.717805 4.076374
v 0.078443 -5.718669 4.073650
v 0.171279 -5.749200 4.037662
v 0.162304 -5.768645 4.030444
v 0.167443 -5.771452 4.028725
v 0.166444 -5.788876 4.023647
v 0.169938 -5.771224 4.030277
v 0.232127 -5.752707 3.844121
v 0.230715 -5.738174 3.843827
v 0.232127 -5.752707 3.844121
v 0.231653 -5.738144 3.840931
v 0.233061 -5.752898 3.841334
v 0.232911 -5.763236 3.844223
v 0.225622 -5.684606 3.843013
v 0.223988 -5.668329 3.844042
v 0.225622 -5.684606 3.843013
v 0.228406 -5.703439 3.840181
v 0.227408 -5.703834 3.843235
v 0.131213 -5.734993 3.868170
v 0.129324 -5.734364 3.866334
v 0.131125 -5.726077 3.867630
v 0.131213 -5.734993 3.868170
v 0.131411 -5.739990 3.868222
v 0.130532 -5.660079 3.862393
v 0.129100 -5.688962 3.863602
v 0.128846 -5.658184 3.861165
v 0.130799 -5.690134 3.864930
v 0.072768 -5.755682 4.062438
v 0.072171 -5.755527 4.065067
v 0.072768 -5.755682 4.062438
v 0.068713 -5.783986 4.053977
v 0.175046 -5.727285 4.046463
v 0.169615 -5.728375 4.046745
v 0.173719 -5.748626 4.039072
v 0.177414 -5.726366 4.047729
v 0.229124 -5.721787 3.843519
v 0.227408 -5.703834 3.843235
v 0.230080 -5.721631 3.840517
v 0.229124 -5.721787 3.843519
v 0.230715 -5.738174 3.843827
v 0.130992 -5.711628 3.866613
v 0.129306 -5.725430 3.865973
v 0.129242 -5.710836 3.865134
v 0.245962 -5.821075 4.007441
v 0.247347 -5.819201 4.002419
v 0.218378 -5.855886 4.001806
v 0.247347 -5.819201 4.002419
v 0.278653 -5.787975 4.004890
v 0.245962 -5.821075 4.007441
v -0.169330 -5.966950 3.984458
v -0.181883 -6.008175 3.954660
v -0.095729 -5.618897 4.081527
v 0.114404 -6.180666 3.945667
v 0.020282 -5.600997 4.173067
v 0.042169 -5.594891 4.161782
v -0.212440 -5.649033 4.098126
v -0.212523 -5.634710 4.082092
v -0.215699 -5.632567 4.083565
v 0.194216 -5.652081 4.031882
v 0.189957 -5.677610 4.040214
v 0.187614 -5.678940 4.039047
v 0.180540 -5.677834 4.038367
v 0.189595 -5.677421 4.038864
v 0.093596 -5.616872 4.078667
v 0.090270 -5.614121 4.079747
v 0.095729 -5.618897 4.081527
v 0.093596 -5.616872 4.078667
v 0.100150 -5.623595 4.074709
v 0.097543 -5.623603 4.072923
v 0.090847 -5.616810 4.077028
v 0.093731 -5.614798 4.078414
v 0.093166 -5.612102 4.081101
v 0.090247 -5.612362 4.079895
v 0.055851 -5.949801 4.050590
v 0.069665 -5.976042 4.043664
v 0.072653 -5.975029 4.043618
v 0.075544 -6.004201 4.037331
v 0.078788 -6.004410 4.036424
v 0.030150 -5.933043 4.056074
v 0.000000 -5.929806 4.053252
v 0.028914 -5.935806 4.052146
v 0.000000 -5.926783 4.058444
v 0.069506 -6.032208 4.030871
v 0.072487 -6.033633 4.030270
v 0.053320 -6.055972 4.025002
v 0.055602 -6.058429 4.025025
v 0.029984 -6.074532 4.020557
v 0.028754 -6.071402 4.020439
v 0.000000 -6.077034 4.018484
v 0.000000 -6.080409 4.018517
v 0.034204 -5.997283 4.001972
v 0.056181 -5.970053 4.009503
v 0.031603 -5.966850 4.008910
v 0.046284 -5.952488 4.013094
v 0.028039 -5.942852 4.014414
v 0.000000 -5.964490 4.008602
v 0.000000 -5.997678 4.000911
v 0.056056 -6.023021 3.997434
v 0.031533 -6.026828 3.995244
v 0.000000 -6.029613 3.993765
v 0.027914 -6.049521 3.990112
v 0.046115 -6.040115 3.993130
v 0.054033 -5.945655 4.018016
v 0.029128 -5.930625 4.023992
v 0.029209 -5.929830 4.020490
v 0.000000 -5.924711 4.024675
v 0.000000 -5.923915 4.021173
v 0.028894 -5.930206 4.018203
v 0.053444 -5.945830 4.015760
v 0.028544 -5.936311 4.049003
v 0.053558 -5.951868 4.048920
v 0.028914 -5.935806 4.052146
v 0.000000 -5.930398 4.049687
v 0.028626 -5.935514 4.045501
v 0.053012 -5.951343 4.043028
v 0.052869 -5.952138 4.046530
v 0.051452 -5.947609 4.014498
v 0.066710 -5.970215 4.010052
v 0.060807 -5.996699 4.003619
v 0.072208 -5.996546 4.004314
v 0.069305 -5.969352 4.011136
v 0.027820 -5.932591 4.016845
v 0.000000 -5.938202 4.014806
v 0.028894 -5.930206 4.018203
v 0.000000 -5.924368 4.018878
v 0.000000 -5.926981 4.017494
v 0.066561 -6.022736 3.998087
v 0.051229 -6.044954 3.992320
v 0.069151 -6.023995 3.998688
v 0.027671 -6.059383 3.987960
v 0.000000 -6.054023 3.988420
v 0.000000 -6.064651 3.986132
v 0.000000 -6.067606 3.986251
v 0.028739 -6.062128 3.988153
v 0.053686 -5.947588 4.026520
v 0.069922 -5.970277 4.016833
v 0.069688 -5.971416 4.021836
v 0.075482 -5.999167 4.015789
v 0.075214 -6.000474 4.021542
v 0.069420 -5.972724 4.027588
v 0.053451 -5.948896 4.032273
v 0.029052 -6.063458 3.990052
v 0.000000 -6.069806 3.991627
v 0.028971 -6.064254 3.993553
v 0.053798 -6.048253 3.994646
v 0.053212 -6.047114 3.992689
v 0.028739 -6.062128 3.988153
v 0.000000 -6.069008 3.988125
v 0.028387 -6.069942 4.018565
v 0.000000 -6.077034 4.018484
v 0.028754 -6.071402 4.020439
v 0.052634 -6.054733 4.023160
v 0.052776 -6.053937 4.019658
v 0.028469 -6.069144 4.015063
v 0.000000 -6.075491 4.016638
v 0.070085 -5.969482 4.013332
v 0.075716 -5.998028 4.010787
v 0.053890 -5.946453 4.021518
v 0.054033 -5.945655 4.018016
v 0.069305 -5.969352 4.011136
v 0.075026 -5.996748 4.005166
v 0.075879 -5.997232 4.007285
v 0.052634 -6.054733 4.023160
v 0.069506 -6.032208 4.030871
v 0.068598 -6.031314 4.029237
v 0.075544 -6.004201 4.037331
v 0.074712 -6.002918 4.032297
v 0.068761 -6.030520 4.025735
v 0.000000 -5.928464 4.041183
v 0.028877 -5.933069 4.034746
v 0.028742 -5.934377 4.040499
v 0.053451 -5.948896 4.032273
v 0.053216 -5.950204 4.038025
v 0.000000 -5.929601 4.046185
v 0.028586 -6.068008 4.010061
v 0.053216 -6.051492 4.008903
v 0.028720 -6.066700 4.004308
v 0.000000 -6.073557 4.008134
v 0.000000 -6.074696 4.013136
v 0.052981 -6.052802 4.014655
v 0.068995 -6.029381 4.020733
v 0.069263 -6.028073 4.014980
v 0.052981 -6.052802 4.014655
v 0.052776 -6.053937 4.019658
v 0.074946 -6.001782 4.027294
v 0.053216 -5.950204 4.038025
v 0.069151 -5.974031 4.033341
v 0.053012 -5.951343 4.043028
v 0.069928 -6.024832 4.000723
v 0.053655 -6.049048 3.998148
v 0.069765 -6.025630 4.004225
v 0.069151 -6.023995 3.998688
v 0.053798 -6.048253 3.994646
v 0.069532 -6.026766 4.009227
v 0.053450 -6.050184 4.003150
v 0.053216 -6.051492 4.008903
v 0.028854 -6.065392 3.998556
v 0.053655 -6.049048 3.998148
v 0.000000 -6.070941 3.996629
v 0.000000 -6.072249 4.002382
v 0.053450 -6.050184 4.003150
v 0.000000 -5.925849 4.029678
v 0.029011 -5.931762 4.028994
v 0.053890 -5.946453 4.021518
v 0.053686 -5.947588 4.026520
v 0.000000 -5.927156 4.035430
v 0.119446 -5.738450 3.808372
v 0.117947 -5.733583 3.808881
v 0.114440 -6.046959 4.007471
v 0.182279 -5.807524 4.058644
v 0.185936 -5.796186 4.061059
v 0.107763 -5.578013 4.135607
v 0.106508 -5.577425 4.129804
v 0.103028 -5.575277 4.130733
v 0.105501 -5.575091 4.132579
v 0.175509 -5.747706 4.041298
v 0.190999 -5.767530 4.068852
v 0.196755 -5.730278 4.079318
v 0.206983 -5.664174 4.096621
v 0.215361 -5.635726 4.075312
v 0.216200 -5.636759 4.075272
v 0.117471 -5.711297 3.809869
v 0.117490 -5.691314 3.810625
v 0.216084 -5.636508 4.076602
v 0.216200 -5.636759 4.075272
v 0.224164 -5.655746 3.841889
v 0.190514 -5.676437 4.045788
v 0.191589 -5.675652 4.041968
v 0.117490 -5.691314 3.810625
v 0.114780 -5.710691 3.807403
v 0.117515 -5.660967 3.811753
v 0.221212 -5.663099 3.787883
v 0.219523 -5.664025 3.790708
v 0.221308 -5.694264 3.785929
v 0.103782 -5.577471 4.128114
v 0.278653 -5.787975 4.004890
v 0.209010 -5.651384 4.096423
v 0.155263 -5.811110 4.068463
v 0.132186 -5.814739 4.078510
v 0.174048 -5.809761 4.061236
v 0.229963 -5.721350 3.837360
v 0.358470 -5.761316 3.846474
v 0.367770 -5.746176 3.764641
v 0.114904 -5.544250 3.830413
v -0.172029 -6.045496 3.835075
v 0.233323 -5.763920 3.838732
v -0.041364 -6.254874 3.933005
v -0.020455 -6.260716 3.920399
v -0.020455 -6.257483 3.936271
v 0.118224 -5.582068 3.943540
v 0.126826 -5.604769 3.871267
v 0.125993 -5.601995 3.869658
v 0.114904 -5.572540 3.814183
v -0.114155 -5.659957 4.082891
v -0.141514 -5.655820 4.063470
v -0.180511 -5.636366 3.979963
v -0.187046 -5.649830 4.034123
v -0.170965 -5.641778 4.041702
v -0.159579 -6.082649 3.945549
v 0.309529 -5.629262 4.023608
v 0.193948 -5.765511 3.790764
v 0.098518 -5.662427 4.138628
v 0.093499 -5.711592 4.121463
v 0.117456 -5.724959 3.809333
v 0.117471 -5.711297 3.809869
v 0.217553 -5.606442 3.976277
v 0.193948 -5.765511 3.790764
v 0.170190 -5.760169 3.793446
v 0.171185 -5.757762 3.796332
v 0.108021 -5.812686 4.084150
v 0.131421 -5.811955 4.077158
v 0.222231 -5.644757 3.851285
v 0.219089 -5.613369 3.808207
v 0.190999 -5.767530 4.068852
v 0.196755 -5.730278 4.079318
v 0.117566 -5.575721 3.816252
v 0.117547 -5.616210 3.813404
v 0.185936 -5.796186 4.061059
v 0.146738 -5.749682 3.802047
v 0.127271 -5.742749 3.806523
v 0.232857 -5.752896 3.838262
v 0.231487 -5.737941 3.837819
v 0.068864 -5.785295 4.059025
v -0.196537 -5.650991 4.032700
v 0.174048 -5.809761 4.061236
v 0.182279 -5.807524 4.058644
v 0.114404 -6.180666 3.945667
v 0.140302 -6.141266 3.939599
v 0.179123 -5.724894 4.049736
v 0.177414 -5.726366 4.047729
v 0.179123 -5.724894 4.049736
v 0.182279 -5.807524 4.058644
v 0.309529 -5.629262 4.023608
v -0.063456 -6.254249 3.912710
v -0.041433 -6.248808 3.903891
v -0.041433 -6.257795 3.916672
v 0.116802 -5.540296 3.936028
v 0.086659 -6.242456 3.905607
v 0.128478 -5.607670 3.872364
v 0.090640 -5.637754 4.095876
v 0.093496 -5.609901 4.083710
v 0.096679 -5.609892 4.081080
v 0.096963 -5.607666 4.083670
v 0.090599 -5.610169 4.082509
v 0.089647 -5.611086 4.081972
v 0.117947 -5.733583 3.808881
v 0.117456 -5.724959 3.809333
v 0.089315 -5.613277 4.079349
v 0.089647 -5.611086 4.081972
v 0.232135 -5.768719 3.839274
v 0.232670 -5.768364 3.842049
v 0.232135 -5.768719 3.839274
v 0.068888 -5.796703 4.055211
v 0.068888 -5.796703 4.055211
v 0.327216 -5.660140 4.027893
v -0.020455 -5.561718 3.955612
v 0.000000 -5.565372 3.839541
v 0.174069 -5.636860 3.864416
v -0.020535 -6.233121 3.958469
v 0.000000 -6.249291 3.946865
v 0.000000 -6.234123 3.959668
v 0.117566 -5.575721 3.816252
v 0.119446 -5.738450 3.808372
v 0.090599 -5.610169 4.082509
v 0.103164 -5.577081 4.126959
v 0.089647 -5.611086 4.081972
v 0.092812 -5.544817 4.125494
v 0.069363 -5.556237 4.134973
v 0.041014 -6.230835 3.956584
v -0.287441 -5.835569 3.780441
v -0.305086 -5.809683 3.767883
v -0.278744 -5.840634 3.774318
v -0.324278 -5.791688 3.855694
v -0.315756 -5.804115 3.773683
v 0.227295 -5.611640 3.804011
v 0.248248 -5.617368 3.799286
v 0.082841 -5.811185 4.091557
v -0.159076 -5.624681 3.986881
v 0.191589 -5.675652 4.041968
v 0.192420 -5.676980 4.039195
v 0.213605 -5.648038 3.859577
v -0.127107 -5.614143 3.860965
v -0.125993 -5.601995 3.869658
v -0.204207 -5.642025 3.924603
v -0.196317 -5.644417 3.861769
v -0.213605 -5.648038 3.859577
v -0.383620 -5.733903 3.839838
v -0.370691 -5.720834 3.765006
v 0.171185 -5.757762 3.796332
v 0.104469 -5.690579 4.077200
v 0.096508 -5.704649 4.073687
v 0.105458 -5.720551 4.067268
v 0.112006 -5.712981 4.068667
v 0.146491 -5.707109 4.063239
v 0.130637 -5.712883 4.064883
v 0.139418 -5.717168 4.060948
v 0.156384 -5.717145 4.055934
v 0.132381 -5.698854 4.070117
v 0.156450 -5.745091 4.043415
v 0.158714 -5.730351 4.049378
v 0.145737 -5.723673 4.056533
v 0.148038 -5.732250 4.052312
v 0.146968 -5.741624 4.048624
v 0.152560 -5.759736 4.037889
v 0.166189 -5.748374 4.038600
v 0.143173 -5.750523 4.045805
v 0.117400 -5.690998 4.075390
v 0.120950 -5.710957 4.067664
v 0.117677 -5.714164 4.043005
v 0.109630 -5.740593 4.034213
v 0.131137 -5.736590 4.030498
v 0.112419 -5.749723 4.051314
v 0.105051 -5.738423 4.039313
v 0.107938 -5.745068 4.054331
v 0.136057 -5.732654 4.033957
v 0.137429 -5.745069 4.046994
v 0.140718 -5.738966 4.048667
v 0.127923 -5.742888 4.031800
v 0.125464 -5.752268 4.047029
v 0.132118 -5.749786 4.046388
v 0.137429 -5.745069 4.046994
v 0.103712 -5.726338 4.044582
v 0.109811 -5.726191 4.061574
v 0.106522 -5.732290 4.059901
v 0.115079 -5.745278 4.034019
v 0.118540 -5.752315 4.048733
v 0.105935 -5.738919 4.057340
v 0.143279 -5.733108 4.053498
v 0.139303 -5.726191 4.054237
v 0.141305 -5.732337 4.051229
v 0.142647 -5.740243 4.050741
v 0.142647 -5.740243 4.050741
v 0.143279 -5.733108 4.053498
v 0.141123 -5.726491 4.056736
v 0.126227 -5.754561 4.048977
v 0.118774 -5.754611 4.050812
v 0.126227 -5.754561 4.048977
v 0.117821 -5.760646 4.048633
v 0.133390 -5.751889 4.048287
v 0.105207 -5.740192 4.060075
v 0.105839 -5.733058 4.062832
v 0.105207 -5.740192 4.060075
v 0.101461 -5.731175 4.064215
v 0.107362 -5.746810 4.056837
v 0.122258 -5.718740 4.064596
v 0.115122 -5.721469 4.062181
v 0.121776 -5.718988 4.061539
v 0.128700 -5.718944 4.059835
v 0.129711 -5.718689 4.062761
v 0.122258 -5.718740 4.064596
v 0.115096 -5.721410 4.065286
v 0.109379 -5.726491 4.064634
v 0.109379 -5.726491 4.064634
v 0.115096 -5.721410 4.065286
v 0.109379 -5.726491 4.064634
v 0.105839 -5.733058 4.062832
v 0.112186 -5.751822 4.053590
v 0.112419 -5.749723 4.051314
v 0.112186 -5.751822 4.053590
v 0.107362 -5.746810 4.056837
v 0.112186 -5.751822 4.053590
v 0.118774 -5.754611 4.050812
v 0.139107 -5.746810 4.048939
v 0.140718 -5.738966 4.048667
v 0.137429 -5.745069 4.046994
v 0.132118 -5.749786 4.046388
v 0.136300 -5.721479 4.059983
v 0.134822 -5.721533 4.057254
v 0.136300 -5.721479 4.059983
v 0.141123 -5.726491 4.056736
v 0.136300 -5.721479 4.059983
v 0.129711 -5.718689 4.062761
v 0.124690 -5.713715 4.044519
v 0.136613 -5.726382 4.036379
v 0.103156 -5.732609 4.042159
v 0.111847 -5.716105 4.046739
v 0.134718 -5.720567 4.039225
v 0.109811 -5.726191 4.061574
v 0.106823 -5.720567 4.046165
v 0.133965 -5.731343 4.031937
v 0.134470 -5.725645 4.034139
v 0.132748 -5.720357 4.036726
v 0.114894 -5.742821 4.031993
v 0.121629 -5.745235 4.032407
v 0.120848 -5.742785 4.030528
v 0.126570 -5.740648 4.029976
v 0.104559 -5.725605 4.041596
v 0.104054 -5.731306 4.039394
v 0.105777 -5.736589 4.036807
v 0.123631 -5.714127 4.041540
v 0.118141 -5.713757 4.046132
v 0.117677 -5.714164 4.043005
v 0.111955 -5.716300 4.043557
v 0.107387 -5.720357 4.043036
v 0.106823 -5.720567 4.046165
v 0.107387 -5.720357 4.043036
v 0.109289 -5.742827 4.036460
v 0.109630 -5.740593 4.034213
v 0.109289 -5.742827 4.036460
v 0.109630 -5.740593 4.034213
v 0.126570 -5.740648 4.029976
v 0.132947 -5.738423 4.032373
v 0.133965 -5.731343 4.031937
v 0.130480 -5.716166 4.042078
v 0.128894 -5.716353 4.039320
v 0.130480 -5.716166 4.042078
v 0.128894 -5.716353 4.039320
v 0.084797 -6.214581 3.953037
v -0.041158 -6.245701 3.942698
v -0.020455 -6.257483 3.936271
v -0.020455 -6.248250 3.945391
v 0.314603 -5.758301 3.999363
v -0.128940 -5.928949 4.034089
v -0.159459 -5.879120 4.040593
v -0.194160 -5.850945 4.035039
v -0.206983 -5.664174 4.096621
v -0.209010 -5.651384 4.096423
v -0.158598 -5.750607 3.857166
v -0.184523 -5.755634 3.854152
v -0.159190 -5.750129 3.860054
v -0.138451 -5.746120 3.861706
v -0.043091 -5.560907 4.039526
v -0.264588 -5.856955 3.915637
v -0.195626 -5.972786 3.959893
v -0.217611 -5.936903 3.918006
v -0.200440 -5.972786 3.917782
v -0.196537 -5.650991 4.032700
v -0.207304 -5.641088 3.971554
v -0.198070 -5.649028 4.034297
v -0.187038 -6.008030 3.886961
v -0.224164 -5.655746 3.841889
v -0.219354 -5.636373 3.793597
v -0.128128 -5.687583 3.861264
v -0.128846 -5.658184 3.861165
v -0.127918 -5.656201 3.859126
v -0.128473 -5.630240 3.860082
v -0.127585 -5.627717 3.858318
v -0.182279 -5.807524 4.058644
v -0.168128 -5.789334 4.026069
v -0.185936 -5.796186 4.061059
v -0.105089 -6.165507 3.969797
v -0.105048 -6.132052 3.998409
v -0.123361 -6.135550 3.965686
v -0.169938 -5.771224 4.030277
v -0.171751 -5.771021 4.032648
v -0.173719 -5.748626 4.039072
v -0.175509 -5.747706 4.041298
v 0.196537 -5.650991 4.032700
v -0.111953 -6.198617 3.925685
v -0.084797 -6.214581 3.953037
v -0.389622 -5.727946 3.891706
v -0.108304 -5.728354 3.807376
v -0.099956 -5.711442 3.810014
v -0.099956 -5.732404 3.809454
v -0.108624 -5.740852 3.806889
v -0.115213 -5.735192 3.806350
v -0.114766 -5.725480 3.806827
v -0.108312 -5.710870 3.807954
v -0.219701 -5.765593 3.784814
v -0.221510 -5.752908 3.782281
v -0.220154 -5.751403 3.785523
v -0.221447 -5.733738 3.783474
v -0.220017 -5.733398 3.786581
v -0.206145 -5.733323 4.078084
v -0.219748 -5.771173 4.058594
v -0.201211 -5.773695 4.065623
v -0.197129 -5.804774 4.056036
v -0.189410 -5.798595 4.061131
v -0.194280 -5.768941 4.069414
v -0.217553 -5.606442 3.976277
v -0.082926 -5.797360 4.096091
v -0.085742 -5.761943 4.109619
v -0.087180 -5.760231 4.107163
v -0.092149 -5.712040 4.124166
v -0.093499 -5.711592 4.121463
v -0.266889 -5.658580 4.074393
v -0.285990 -5.673926 4.063105
v -0.262816 -5.668374 4.076283
v -0.235137 -5.651550 4.090452
v -0.165681 -5.625695 3.933497
v -0.152208 -5.624858 3.868461
v -0.174069 -5.636860 3.864416
v 0.220591 -5.648232 3.856892
v 0.230482 -5.905478 3.789712
v 0.218433 -5.938462 3.808831
v 0.210948 -5.939004 3.799664
v 0.288498 -5.816502 3.970367
v -0.115881 -5.540978 4.017893
v -0.194039 -5.768138 3.787656
v -0.169096 -5.767157 3.792957
v -0.196319 -5.775656 3.786474
v -0.167952 -5.776435 3.793665
v -0.199693 -5.785619 3.786255
v -0.216760 -5.781827 3.781485
v -0.211875 -5.773639 3.783246
v -0.107365 -5.815747 4.085954
v -0.132108 -5.821331 4.077137
v -0.103155 -5.822983 4.085892
v -0.107513 -5.836391 4.079061
v -0.081357 -5.823692 4.091841
v -0.088479 -5.815939 4.091140
v -0.227399 -5.694441 3.784366
v -0.235736 -5.663533 3.785413
v -0.227359 -5.663087 3.786330
v -0.247254 -5.640891 3.783976
v -0.227323 -5.634789 3.789307
v -0.221212 -5.663099 3.787883
v -0.221308 -5.694264 3.785929
v 0.042909 -5.567961 4.147035
v -0.181883 -6.008175 3.954660
v -0.094539 -5.538127 3.938800
v -0.113984 -5.538280 4.019090
v -0.158733 -5.729069 3.862680
v -0.139395 -5.736281 3.867684
v -0.159331 -5.738821 3.863466
v -0.139546 -5.741705 3.867664
v -0.159650 -5.745113 3.863468
v -0.184375 -5.742496 3.857576
v -0.183417 -5.731698 3.856852
v 0.387635 -5.723331 3.957581
v -0.365398 -5.646876 3.914381
v -0.346441 -5.728715 3.756575
v -0.352397 -5.751580 3.758990
v 0.253845 -5.872570 3.781596
v 0.238025 -5.903316 3.797642
v -0.248248 -5.617368 3.799286
v -0.339927 -5.705186 3.758791
v -0.187414 -5.636302 3.928585
v 0.387635 -5.723331 3.957581
v 0.101993 -5.575718 4.137653
v -0.108342 -5.658196 3.809768
v -0.114869 -5.613739 3.811202
v -0.108368 -5.612226 3.811358
v -0.114904 -5.572540 3.814183
v -0.108392 -5.570648 3.814170
v -0.099956 -5.611189 3.812694
v -0.099956 -5.657401 3.811459
v -0.085985 -6.238853 3.923705
v -0.063182 -6.251153 3.929828
v -0.041364 -6.254874 3.933005
v -0.203548 -5.702691 3.850239
v -0.218819 -5.684566 3.846092
v -0.201591 -5.682683 3.849302
v -0.217095 -5.668253 3.846932
v -0.199757 -5.665258 3.849655
v -0.178941 -5.678338 3.853089
v -0.180749 -5.700320 3.854671
v -0.100847 -5.973126 4.034089
v -0.113154 -6.007813 4.021640
v -0.099516 -6.006385 4.028240
v -0.086154 -6.004941 4.033315
v -0.081715 -5.973772 4.040747
v -0.094052 -5.937007 4.044824
v -0.120439 -5.972871 4.025894
v -0.020486 -5.758302 4.137219
v -0.041653 -5.719997 4.142473
v -0.039505 -5.760232 4.128535
v -0.020235 -5.790908 4.122977
v -0.021349 -5.721046 4.152217
v -0.092218 -6.041153 4.022402
v -0.105630 -6.045519 4.015594
v -0.079429 -6.036360 4.027444
v -0.069665 -5.976042 4.043664
v -0.074549 -6.003716 4.035798
v -0.068755 -5.975965 4.041845
v -0.074712 -6.002918 4.032297
v -0.068918 -5.975167 4.038343
v -0.052869 -5.952138 4.046530
v -0.149890 -5.629086 4.051064
v -0.238408 -5.898655 3.875269
v -0.257841 -5.750764 4.049442
v -0.289844 -5.747313 4.034647
v -0.261801 -5.771652 4.038772
v -0.223112 -5.732264 4.071653
v -0.258424 -5.720397 4.060537
v -0.295980 -5.728255 4.039858
v -0.220744 -5.604496 3.901469
v 0.367054 -5.647512 3.992050
v -0.075954 -5.798656 4.052804
v -0.092194 -5.798429 4.045637
v -0.093233 -5.799851 4.048105
v -0.114754 -5.799007 4.038943
v -0.115809 -5.800342 4.041414
v -0.119446 -5.738450 3.808372
v -0.128771 -5.739183 3.863553
v -0.117947 -5.733583 3.808881
v -0.085832 -5.714233 4.125927
v -0.085742 -5.761943 4.109619
v -0.079241 -5.766399 4.111056
v -0.081353 -5.800081 4.098353
v -0.074504 -5.806416 4.099524
v -0.068812 -5.769066 4.113801
v -0.074940 -5.716887 4.128696
v -0.090136 -5.812647 4.089073
v -0.207440 -5.763041 3.845523
v -0.225633 -5.767548 3.843982
v -0.208128 -5.762372 3.848406
v -0.183890 -5.756249 3.851270
v -0.094085 -5.538569 4.023563
v -0.213888 -5.639131 3.919293
v -0.104683 -5.625570 4.145433
v -0.106863 -5.608964 4.146355
v 0.084797 -6.214581 3.953037
v -0.107042 -5.575913 4.128497
v -0.093496 -5.609901 4.083710
v -0.070089 -5.549720 4.030596
v -0.053702 -5.896555 4.070539
v -0.030340 -5.920901 4.063428
v -0.027568 -5.892266 4.076851
v -0.023904 -5.856565 4.092933
v -0.044844 -5.857770 4.088263
v 0.127735 -5.612917 4.058653
v -0.120644 -6.133565 3.956798
v -0.135516 -6.080821 3.961525
v -0.122035 -6.134105 3.956379
v -0.218078 -5.771430 3.784854
v -0.224953 -5.768145 3.841125
v -0.210941 -5.770781 3.786539
v -0.124556 -6.135231 3.957896
v -0.142323 -6.082358 3.963206
v -0.128163 -6.136622 3.957615
v -0.129324 -5.734364 3.866334
v -0.128269 -5.733807 3.863586
v -0.129306 -5.725430 3.865973
v -0.128276 -5.724689 3.863323
v -0.215361 -5.635726 4.075312
v -0.193571 -5.674295 4.041617
v -0.273812 -5.772650 4.030012
v -0.305945 -5.742254 4.027072
v -0.021510 -5.618706 4.184813
v -0.044378 -5.631961 4.171194
v -0.022162 -5.635375 4.182091
v 0.000000 -5.620006 4.190488
v -0.163672 -6.086483 3.891604
v -0.108812 -5.757947 4.052068
v -0.115996 -5.775356 4.043228
v -0.100971 -5.773453 4.048107
v -0.114400 -5.790267 4.038251
v -0.093559 -5.789248 4.044505
v -0.090565 -5.765722 4.053471
v 0.179375 -5.677653 4.045103
v 0.186628 -5.679812 4.042931
v -0.085588 -5.622285 4.154529
v -0.066704 -5.626598 4.161654
v 0.217150 -5.857504 4.006750
v 0.245962 -5.821075 4.007441
v -0.084107 -5.679245 4.090453
v -0.088173 -5.651135 4.095194
v -0.083584 -5.680414 4.087554
v -0.078451 -5.717281 4.079307
v -0.131745 -5.775326 4.037993
v -0.136726 -5.757371 4.044628
v -0.145004 -5.770929 4.035261
v -0.135785 -5.790239 4.030608
v -0.127701 -5.760602 4.045862
v -0.095733 -6.150310 4.000258
v -0.094645 -6.130920 4.006138
v -0.105048 -6.132052 3.998409
v 0.343064 -5.675683 4.015424
v -0.081587 -6.162980 4.002535
v -0.087760 -6.147084 4.007093
v -0.188673 -5.673618 4.040257
v -0.387635 -5.723331 3.957581
v -0.352595 -5.730084 3.987110
v -0.206983 -5.664174 4.096621
v -0.205736 -5.691999 4.091238
v -0.202491 -5.693146 4.089746
v -0.199900 -5.730387 4.080436
v -0.196755 -5.730278 4.079318
v -0.192706 -5.670583 4.042805
v -0.191108 -5.672515 4.041154
v -0.258987 -5.815187 3.999204
v -0.258414 -5.854333 3.971310
v -0.230490 -5.849862 3.999346
v 0.042909 -5.567961 4.147035
v -0.085483 -6.229353 3.935841
v -0.111966 -5.580549 4.002086
v -0.041615 -6.210040 3.973618
v 0.097295 -5.612622 4.078428
v -0.105923 -6.210504 3.882658
v -0.084628 -6.231061 3.886927
v -0.085346 -6.234860 3.893154
v -0.127969 -5.616871 3.862615
v -0.129645 -5.619705 3.863746
v -0.103052 -6.208349 3.877761
v -0.158208 -5.972429 3.991205
v -0.130883 -5.972786 4.018409
v -0.063708 -6.167800 4.003565
v -0.044259 -6.158353 4.009440
v -0.065338 -6.157872 4.008959
v -0.024489 -6.130014 4.015487
v -0.046036 -6.146461 4.012099
v -0.022946 -6.146521 4.013199
v -0.022340 -6.158540 4.009795
v -0.069418 -6.146225 4.010552
v -0.078876 -6.156378 4.006664
v -0.121347 -6.008287 4.013958
v 0.082728 -6.190114 3.975156
v -0.134351 -5.684053 4.074612
v -0.153641 -5.696197 4.064887
v -0.141278 -5.652650 4.059124
v -0.118096 -5.635974 4.067773
v -0.139766 -5.653667 4.056756
v -0.115747 -5.636603 4.065887
v -0.100328 -5.621563 4.074390
v -0.128163 -6.136622 3.957615
v -0.020455 -5.571160 4.159032
v -0.216922 -5.662178 4.097274
v -0.212440 -5.649033 4.098126
v -0.219068 -5.648727 4.097249
v -0.062065 -6.199609 3.978232
v -0.102130 -5.625531 4.077682
v -0.091080 -5.640102 4.093028
v -0.095729 -5.618897 4.081527
v -0.232448 -5.664295 4.090831
v 0.213192 -5.629813 4.078037
v 0.192706 -5.670583 4.042805
v -0.221383 -5.716002 3.784574
v -0.219872 -5.716106 3.787585
v -0.186181 -5.927456 3.990615
v -0.195626 -5.972786 3.959893
v -0.390983 -5.684618 3.898241
v -0.194216 -5.652081 4.031882
v -0.191108 -5.672515 4.041154
v -0.097479 -5.622026 4.150877
v -0.105656 -5.606845 4.149504
v 0.107763 -5.578013 4.135607
v -0.114440 -6.046959 4.007471
v 0.128163 -6.136622 3.957615
v 0.107700 -6.169583 3.962250
v 0.297230 -5.669518 4.057125
v 0.285069 -5.646189 4.051398
v 0.266889 -5.658580 4.074393
v 0.387635 -5.723331 3.957581
v 0.359553 -5.750599 3.960838
v -0.043683 -5.615000 4.173845
v -0.020282 -5.600997 4.173067
v -0.042169 -5.594891 4.161782
v -0.157035 -5.696199 3.859990
v -0.155873 -5.670906 3.857898
v -0.177218 -5.658745 3.852863
v -0.154719 -5.648113 3.857207
v -0.137899 -5.663712 3.861681
v -0.138390 -5.692184 3.864107
v -0.218380 -5.606204 3.902742
v -0.222231 -5.644757 3.851285
v 0.141514 -5.655820 4.063470
v -0.082728 -6.190114 3.975156
v 0.147476 -6.007930 3.985111
v -0.159579 -6.082649 3.945549
v -0.097295 -5.612622 4.078428
v -0.110417 -5.598691 4.064323
v 0.062065 -6.199609 3.978232
v -0.021126 -6.202811 3.981604
v -0.117456 -5.724959 3.809333
v -0.095492 -5.614058 4.086870
v -0.109017 -5.580441 4.132659
v 0.367054 -5.647512 3.992050
v 0.388223 -5.664826 3.976895
v 0.215727 -5.611875 4.065074
v 0.213192 -5.629813 4.078037
v -0.213192 -5.629813 4.078037
v -0.161423 -5.820344 4.065809
v -0.177256 -5.812514 4.061335
v -0.184272 -5.819171 4.056295
v -0.156662 -5.833952 4.061822
v -0.157429 -5.813832 4.069146
v -0.212225 -5.936564 3.964971
v -0.206394 -5.887857 3.996030
v -0.233072 -5.895718 3.969144
v -0.170965 -5.641778 4.041702
v -0.143349 -5.649632 4.060447
v -0.149890 -5.629086 4.051064
v -0.105656 -5.606845 4.149504
v -0.107763 -5.578013 4.135607
v -0.221964 -5.632329 4.082602
v -0.367054 -5.647512 3.992050
v -0.192840 -5.897176 4.002550
v -0.117487 -5.547586 3.832278
v -0.114912 -5.554773 3.818986
v -0.117551 -5.558190 3.820971
v -0.210948 -5.939004 3.799664
v -0.194624 -5.972786 3.807389
v -0.197540 -5.972786 3.812447
v -0.183050 -6.007919 3.819851
v 0.020455 -5.566733 3.838341
v -0.222730 -5.659236 3.847512
v -0.020455 -6.247387 3.901982
v -0.020455 -6.251832 3.908121
v 0.000000 -6.253242 3.910213
v -0.342010 -5.680594 3.763649
v -0.364377 -5.697509 3.767156
v -0.358448 -5.675606 3.769176
v 0.135441 -5.613451 3.871810
v 0.128478 -5.607670 3.872364
v -0.043177 -5.574512 3.824686
v -0.070433 -5.569747 3.816591
v -0.070433 -5.564688 3.822239
v -0.092575 -5.573979 3.814385
v -0.094687 -5.555079 3.820186
v -0.114912 -5.554773 3.818986
v -0.221125 -5.634903 3.790858
v -0.367770 -5.746176 3.764641
v 0.345995 -5.774128 3.767974
v 0.294224 -5.633332 3.787078
v 0.357443 -5.648553 3.853064
v 0.339524 -5.654441 3.774628
v 0.221023 -5.611765 3.805551
v -0.063456 -6.240963 3.892994
v -0.063456 -6.245390 3.899566
v -0.041433 -6.244317 3.897500
v 0.114904 -5.544250 3.830413
v -0.020455 -5.583569 3.821542
v -0.043177 -5.579330 3.819059
v -0.252048 -5.875620 3.778391
v -0.228258 -5.907167 3.785856
v -0.263516 -5.859997 3.870412
v -0.261410 -5.868599 3.788382
v 0.345995 -5.774128 3.767974
v -0.332780 -5.779721 3.762297
v -0.315756 -5.804115 3.773683
v -0.345995 -5.774128 3.767974
v -0.168580 -6.045495 3.829645
v 0.096963 -5.607666 4.083670
v 0.107042 -5.575913 4.128496
v 0.093496 -5.609901 4.083710
v -0.339524 -5.654441 3.774628
v -0.211297 -5.643077 3.922235
v -0.220591 -5.648232 3.856892
v 0.364377 -5.697509 3.767156
v -0.086659 -6.242456 3.905607
v -0.085985 -6.238853 3.923705
v -0.086659 -6.242456 3.905607
v 0.213605 -5.648038 3.859577
v -0.142323 -6.082358 3.963206
v -0.223954 -5.657591 3.844629
v 0.339524 -5.654441 3.774628
v 0.358448 -5.675606 3.769176
v -0.063182 -6.251153 3.929828
v -0.332780 -5.779721 3.762297
v -0.344962 -5.754439 3.756178
v -0.327101 -5.783145 3.759555
v -0.327101 -5.783145 3.759555
v -0.332780 -5.779721 3.762297
v -0.137339 -5.637944 3.860673
v -0.221125 -5.634903 3.790858
v -0.221077 -5.622068 3.795275
v -0.122959 -6.134820 3.960592
v -0.143770 -5.609996 3.938662
v -0.292383 -5.824462 3.863780
v -0.094688 -5.544831 3.831533
v 0.221023 -5.611765 3.805551
v 0.000000 -6.262017 3.922205
v 0.000000 -6.258505 3.937926
v -0.135441 -5.613451 3.871810
v -0.260038 -5.690954 4.070575
v -0.293998 -5.706929 4.048525
v -0.227893 -5.693918 4.083482
v -0.292430 -5.686843 4.056494
v -0.311752 -5.701075 4.039403
v -0.186628 -5.679812 4.042931
v -0.182573 -5.699150 4.054116
v -0.180282 -5.700461 4.053009
v -0.378230 -5.668560 3.844773
v -0.212225 -5.936564 3.964971
v -0.386848 -5.665782 3.902810
v -0.020928 -6.211693 3.975435
v -0.281808 -5.644676 3.775254
v -0.317844 -5.662778 3.765476
v -0.137712 -5.798896 4.030562
v -0.138766 -5.800179 4.033032
v -0.155764 -5.798020 4.023679
v -0.156877 -5.799172 4.026122
v -0.059865 -5.718710 4.134422
v -0.055590 -5.765417 4.120178
v -0.052743 -5.803453 4.108032
v -0.038480 -5.794766 4.115709
v -0.227427 -5.716466 3.782987
v -0.221447 -5.733738 3.783474
v -0.227449 -5.735439 3.781800
v -0.235736 -5.717216 3.782111
v -0.235736 -5.694884 3.783484
v -0.221383 -5.716002 3.784574
v -0.225294 -5.665205 3.838329
v -0.120644 -6.133565 3.956798
v -0.138123 -6.081602 3.963247
v -0.063917 -5.667790 4.150080
v -0.080984 -5.663868 4.143884
v -0.043490 -5.672102 4.158714
v -0.092385 -5.662357 4.140715
v -0.103478 -5.623796 4.148558
v -0.098518 -5.662427 4.138628
v -0.092149 -5.712040 4.124166
v -0.103478 -5.623796 4.148558
v -0.081587 -6.162980 4.002535
v -0.082728 -6.190114 3.975156
v -0.182156 -5.706682 4.055429
v -0.022008 -5.674779 4.169200
v -0.094851 -5.659937 4.088210
v -0.097294 -5.646370 4.089057
v -0.114254 -5.670213 4.082294
v -0.333806 -5.683078 3.760874
v -0.345995 -5.774128 3.767974
v 0.339524 -5.654441 3.774628
v -0.291113 -5.783673 3.996053
v -0.288498 -5.816502 3.970367
v -0.118224 -5.582068 3.943540
v -0.297230 -5.669518 4.057125
v -0.101787 -5.881501 4.061788
v -0.076970 -5.893664 4.065318
v -0.063635 -5.938746 4.053094
v -0.059859 -5.853860 4.086341
v -0.225150 -5.666857 3.841127
v -0.226699 -5.683661 3.840014
v -0.228359 -5.702955 3.837047
v -0.132567 -5.857968 4.060553
v -0.131999 -5.829489 4.073314
v -0.205237 -5.720007 3.850991
v -0.206677 -5.734790 3.851592
v -0.222407 -5.721389 3.846850
v -0.220683 -5.703722 3.846493
v -0.182225 -5.717874 3.855905
v -0.088670 -5.748272 4.060160
v -0.102364 -5.752018 4.055998
v -0.077327 -5.753995 4.060616
v -0.082324 -5.721069 4.070732
v -0.091810 -5.726211 4.067217
v -0.100172 -5.742382 4.060252
v -0.221510 -5.752908 3.782281
v -0.227472 -5.757648 3.780414
v -0.220995 -5.768224 3.781463
v -0.226901 -5.775877 3.779433
v -0.235736 -5.764001 3.779233
v -0.235736 -5.737823 3.780843
v -0.207884 -5.747200 3.852074
v -0.184935 -5.750009 3.857574
v -0.208610 -5.756174 3.851921
v -0.225315 -5.751184 3.847431
v -0.223960 -5.737300 3.847162
v -0.140370 -5.759073 3.799456
v -0.124522 -5.744998 3.803954
v -0.117937 -5.752244 3.804452
v -0.134884 -5.768536 3.800963
v -0.144705 -5.751997 3.799351
v -0.157978 -5.715224 3.861553
v -0.139134 -5.727124 3.866973
v -0.138800 -5.712874 3.865826
v -0.099956 -5.688627 3.810624
v -0.108324 -5.689282 3.808692
v -0.114799 -5.690117 3.808210
v -0.114828 -5.659288 3.809418
v -0.129242 -5.710836 3.865134
v -0.128238 -5.709847 3.862606
v -0.129100 -5.688962 3.863602
v -0.162935 -5.669086 4.053288
v -0.140626 -5.654392 4.059813
v -0.162913 -5.667923 4.049453
v -0.139179 -5.654974 4.057203
v -0.162484 -5.668819 4.046655
v -0.180089 -5.676693 4.041211
v -0.179375 -5.677653 4.045103
v 0.063182 -6.251153 3.929828
v -0.211998 -5.693263 4.089760
v -0.210384 -5.662107 4.098305
v -0.222636 -5.627454 4.078544
v -0.241791 -5.634710 4.068402
v -0.222292 -5.631116 4.077715
v -0.222340 -5.633163 4.075627
v -0.217875 -5.633595 4.076725
v -0.216870 -5.631475 4.078705
v -0.194631 -5.675919 4.039366
v -0.191990 -5.676243 4.039907
v -0.353430 -5.708884 3.992423
v -0.346655 -5.729948 3.988201
v -0.350962 -5.708075 3.990529
v -0.350303 -5.690541 4.000150
v -0.194058 -5.895770 3.997644
v -0.217150 -5.857504 4.006750
v -0.218378 -5.855886 4.001806
v -0.216601 -5.854568 3.999476
v -0.192324 -5.894506 3.995256
v -0.172689 -5.934207 3.989372
v -0.174379 -5.935409 3.991821
v -0.192840 -5.897176 4.002550
v 0.142323 -6.082358 3.963206
v -0.348972 -5.711179 4.000410
v -0.347501 -5.691341 4.002668
v -0.350607 -5.709335 3.995001
v -0.348864 -5.708311 3.992502
v -0.341962 -5.729125 3.988419
v -0.343662 -5.730427 3.990827
v -0.159337 -5.971359 3.986224
v -0.173152 -5.936636 3.996737
v -0.157609 -5.970279 3.983743
v -0.146591 -6.006051 3.977595
v -0.148411 -6.006990 3.980069
v -0.217397 -5.632661 4.080183
v -0.222587 -5.632400 4.079029
v -0.222587 -5.632400 4.079029
v -0.218644 -5.634402 4.078015
v -0.222819 -5.634089 4.076715
v -0.222819 -5.634089 4.076715
v -0.241506 -5.636178 4.069706
v -0.103164 -5.577081 4.126959
v -0.090599 -5.610169 4.082509
v -0.089647 -5.611086 4.081972
v -0.214533 -5.634770 4.078751
v -0.217397 -5.632661 4.080183
v -0.214533 -5.634770 4.078751
v -0.212523 -5.634710 4.082092
v -0.199573 -5.889680 3.996347
v -0.179591 -5.929288 3.990700
v -0.194939 -5.892820 3.993948
v -0.219110 -5.853181 3.998054
v -0.223656 -5.851122 4.000058
v -0.163355 -5.967674 3.984710
v -0.151173 -6.006053 3.978022
v -0.159838 -5.969321 3.982313
v -0.175234 -5.932600 3.988081
v -0.019763 -5.600502 4.169261
v -0.019281 -5.601639 4.166542
v -0.041340 -5.594115 4.157856
v -0.062065 -6.199609 3.978232
v -0.081275 -6.191313 3.970342
v -0.060886 -6.201199 3.973404
v -0.079757 -6.189942 3.967899
v -0.059888 -6.199781 3.970756
v -0.041277 -6.203065 3.975167
v -0.041923 -6.201384 3.980043
v -0.127271 -5.742749 3.806523
v -0.146738 -5.749682 3.802047
v -0.192420 -5.676980 4.039195
v -0.192218 -5.678874 4.036654
v -0.193841 -5.676940 4.038444
v -0.193841 -5.676940 4.038444
v -0.193056 -5.677871 4.037596
v -0.105994 -5.573564 4.131283
v -0.100840 -5.571556 4.132992
v -0.103552 -5.574269 4.129530
v -0.099112 -5.572628 4.130828
v -0.099112 -5.572628 4.130828
v -0.088706 -5.573287 4.136697
v -0.100840 -5.571556 4.132992
v -0.101993 -5.575718 4.137653
v -0.088544 -5.575053 4.137642
v -0.100522 -5.573224 4.134107
v -0.098805 -5.573807 4.131803
v -0.103028 -5.575277 4.130733
v -0.105501 -5.575091 4.132579
v -0.041564 -5.592550 4.156825
v -0.019907 -5.598880 4.168265
v -0.041564 -5.592550 4.156825
v -0.019459 -5.600413 4.165771
v -0.019907 -5.598880 4.168265
v -0.061052 -6.203880 3.971258
v -0.041242 -6.205893 3.973245
v -0.041242 -6.205893 3.973245
v -0.060146 -6.201766 3.969079
v -0.061052 -6.203880 3.971258
v -0.081810 -6.193572 3.967949
v -0.290522 -5.642276 4.044881
v -0.330902 -5.658097 4.020160
v -0.286843 -5.644428 4.044868
v -0.286843 -5.644428 4.044868
v -0.328633 -5.658503 4.018075
v -0.285024 -5.645548 4.042710
v -0.240730 -5.636469 4.066222
v -0.243569 -5.631495 4.069074
v -0.107042 -5.575913 4.128497
v -0.109949 -5.572684 4.128934
v -0.059700 -6.200183 3.969113
v -0.040776 -6.203777 3.970889
v -0.040608 -6.202136 3.970757
v -0.059700 -6.200183 3.969113
v -0.040766 -6.201663 3.972350
v -0.079562 -6.190213 3.966219
v -0.080357 -6.191598 3.966003
v -0.060146 -6.201766 3.969079
v -0.314797 -5.754255 3.990205
v -0.342271 -5.728717 3.986718
v -0.342271 -5.728717 3.986718
v -0.316631 -5.754520 3.989914
v -0.314797 -5.754255 3.990205
v -0.280639 -5.783973 3.995723
v -0.278664 -5.783952 3.995951
v -0.278664 -5.783952 3.995951
v -0.314586 -5.754668 3.991820
v -0.020592 -6.205452 3.972538
v -0.020546 -6.203785 3.972315
v -0.020546 -6.203785 3.972315
v -0.020635 -6.203267 3.973872
v -0.040608 -6.202136 3.970757
v -0.140842 -6.044816 3.968437
v -0.133938 -6.080559 3.961756
v -0.139247 -6.044553 3.968585
v -0.139247 -6.044553 3.968585
v -0.139137 -6.044841 3.970154
v -0.146776 -6.005722 3.976038
v -0.146776 -6.005722 3.976038
v -0.087275 -5.575797 4.133637
v -0.098384 -5.573494 4.130570
v -0.098384 -5.573494 4.130570
v -0.087675 -5.574727 4.134145
v -0.102471 -5.574924 4.129532
v -0.102471 -5.574924 4.129532
v -0.157850 -5.969894 3.982215
v -0.148469 -6.005794 3.975985
v -0.157850 -5.969894 3.982215
v -0.172953 -5.933754 3.987882
v -0.172953 -5.933754 3.987882
v -0.072710 -5.755725 4.067944
v -0.190999 -5.767530 4.068852
v -0.196755 -5.730278 4.079318
v -0.103782 -5.577471 4.128114
v -0.102471 -5.574924 4.129532
v -0.103164 -5.577081 4.126959
v -0.104351 -5.576484 4.126900
v -0.101933 -6.164505 3.960917
v -0.103062 -6.165471 3.960558
v -0.101933 -6.164505 3.960917
v -0.079562 -6.190213 3.966219
v -0.079562 -6.190213 3.966219
v -0.102129 -6.164474 3.962590
v -0.019459 -5.600413 4.165771
v -0.040398 -5.595191 4.153768
v -0.019215 -5.601471 4.165287
v -0.019215 -5.601471 4.165287
v -0.040527 -5.595316 4.155066
v -0.218635 -5.634643 4.076679
v -0.222626 -5.634247 4.075438
v -0.218635 -5.634643 4.076679
v -0.222626 -5.634247 4.075438
v -0.240370 -5.637610 4.065937
v -0.240649 -5.637665 4.067211
v -0.065885 -5.583735 4.142835
v -0.087275 -5.575797 4.133637
v -0.065516 -5.584829 4.142294
v -0.065516 -5.584829 4.142294
v -0.087551 -5.576055 4.134895
v -0.065704 -5.585004 4.143583
v -0.040398 -5.595191 4.153768
v -0.040796 -5.594134 4.154256
v -0.138980 -5.654586 4.056149
v -0.163054 -5.668602 4.045651
v -0.138980 -5.654586 4.056149
v -0.163856 -5.667615 4.046437
v -0.163054 -5.668602 4.045651
v -0.182632 -5.676684 4.038474
v -0.181796 -5.677727 4.037518
v -0.180540 -5.677834 4.038367
v -0.284178 -5.647244 4.044017
v -0.240370 -5.637610 4.065937
v -0.284068 -5.646759 4.042568
v -0.284068 -5.646759 4.042568
v -0.285024 -5.645548 4.042710
v -0.327217 -5.659616 4.018135
v -0.327083 -5.660432 4.019782
v -0.192570 -5.893975 3.993804
v -0.192570 -5.893975 3.993804
v -0.216801 -5.854000 3.998043
v -0.216801 -5.854000 3.998043
v -0.346073 -5.690199 3.998370
v -0.349211 -5.707884 3.990783
v -0.349211 -5.707884 3.990783
v -0.347819 -5.690054 3.998181
v -0.344024 -5.729044 3.986415
v -0.343043 -5.674841 4.007154
v -0.327217 -5.659616 4.018135
v -0.343313 -5.674102 4.005445
v -0.343313 -5.674102 4.005445
v -0.328633 -5.658503 4.018075
v -0.344970 -5.673432 4.005298
v -0.346073 -5.690199 3.998370
v -0.343313 -5.674102 4.005445
v -0.345742 -5.690717 4.000078
v -0.343043 -5.674841 4.007154
v -0.343064 -5.675683 4.015424
v -0.328661 -5.659957 4.022459
v -0.344748 -5.674943 4.009812
v -0.344748 -5.674943 4.009812
v -0.345890 -5.692727 4.008195
v -0.343064 -5.675683 4.015424
v -0.088706 -5.573287 4.136697
v -0.066722 -5.582151 4.145472
v -0.066722 -5.582151 4.145472
v -0.087675 -5.574727 4.134145
v -0.065885 -5.583735 4.142835
v -0.110142 -6.082967 4.001516
v -0.152573 -6.086457 3.839607
v -0.119910 -6.174645 3.866106
v -0.316265 -5.756120 3.994164
v -0.316265 -5.756120 3.994164
v -0.341962 -5.729125 3.988419
v -0.314586 -5.754668 3.991820
v -0.280223 -5.785887 3.999775
v -0.280223 -5.785887 3.999775
v -0.347424 -5.673542 4.007325
v -0.336188 -5.657038 4.019483
v -0.020784 -6.207531 3.974990
v -0.020784 -6.207531 3.974990
v -0.020592 -6.205452 3.972538
v -0.067264 -5.585108 4.150512
v -0.066542 -5.583827 4.146438
v -0.089296 -5.576953 4.141666
v -0.090575 -5.611929 4.082374
v -0.093014 -5.614172 4.081371
v -0.093315 -5.611971 4.083994
v -0.093315 -5.611971 4.083994
v -0.021126 -6.202811 3.981604
v -0.020844 -6.204621 3.976765
v -0.319823 -5.755104 3.991540
v -0.284486 -5.783899 3.997275
v -0.284486 -5.783899 3.997275
v -0.316631 -5.754520 3.989914
v -0.319823 -5.755104 3.991540
v -0.117766 -5.637859 4.068328
v -0.102130 -5.625531 4.077682
v -0.100150 -5.623595 4.074709
v -0.115593 -5.638113 4.066137
v -0.119318 -5.639570 4.071632
v -0.114916 -5.637506 4.065332
v -0.097543 -5.623603 4.072923
v -0.096625 -5.622811 4.072419
v -0.096625 -5.622811 4.072419
v -0.114916 -5.637506 4.065332
v -0.143353 -6.045640 3.970282
v -0.164121 -5.666209 4.049007
v -0.181826 -5.675014 4.041046
v -0.181826 -5.675014 4.041046
v -0.163856 -5.667615 4.046437
v -0.164121 -5.666209 4.049007
v -0.104045 -6.165711 3.964844
v -0.104045 -6.165711 3.964844
v -0.285556 -5.646198 4.046637
v -0.107700 -6.169583 3.962250
v -0.081810 -6.193572 3.967949
v -0.105118 -6.167037 3.962241
v -0.141083 -6.045670 3.972571
v -0.131878 -5.742690 3.867775
v -0.131411 -5.739990 3.868222
v -0.131411 -5.739990 3.868222
v -0.131044 -5.742900 3.866102
v -0.131878 -5.742690 3.867775
v -0.131878 -5.742690 3.867775
v -0.139055 -5.745878 3.864556
v -0.139551 -5.744752 3.866620
v -0.232911 -5.763236 3.844223
v -0.226027 -5.766068 3.846135
v -0.232619 -5.767622 3.843957
v -0.232619 -5.767622 3.843957
v -0.232670 -5.768364 3.842049
v -0.232619 -5.767622 3.843957
v -0.233626 -5.763701 3.841711
v -0.232911 -5.763236 3.844223
v -0.162546 -5.795526 4.020124
v -0.156223 -5.788014 4.023697
v -0.164285 -5.788682 4.022072
v -0.163609 -5.796308 4.021482
v -0.162546 -5.795526 4.020124
v -0.155237 -5.796300 4.022103
v -0.067953 -5.794538 4.051129
v -0.075176 -5.784400 4.050684
v -0.074365 -5.795293 4.048750
v -0.074365 -5.795293 4.048750
v -0.068097 -5.795583 4.052739
v -0.067953 -5.794538 4.051129
v -0.067953 -5.794538 4.051129
v -0.068271 -5.784483 4.056300
v -0.068713 -5.783986 4.053977
v -0.052975 -5.828363 4.098667
v -0.040015 -5.825560 4.102802
v -0.064320 -5.809743 4.101964
v -0.063179 -5.828250 4.095951
v -0.073769 -5.841000 4.087659
v -0.109595 -5.747492 3.806422
v -0.100106 -5.748539 3.808963
v -0.100554 -5.756860 3.808561
v -0.109435 -5.761986 3.806483
v -0.116578 -5.740549 3.805839
v -0.219321 -5.774403 3.781483
v -0.225142 -5.782918 3.779464
v -0.223621 -5.792679 3.780489
v -0.233253 -5.794208 3.778120
v -0.235115 -5.786036 3.778064
v -0.203848 -5.823350 4.044785
v -0.193828 -5.816958 4.052981
v -0.189396 -5.835928 4.046265
v -0.185826 -5.810278 4.058551
v -0.081037 -5.814398 4.093733
v -0.073508 -5.821840 4.094752
v -0.139551 -5.744752 3.866620
v -0.159572 -5.748591 3.862243
v -0.159572 -5.748591 3.862243
v -0.159190 -5.750129 3.860054
v -0.184927 -5.753972 3.856343
v -0.208604 -5.760655 3.850619
v -0.184523 -5.755634 3.854152
v -0.208128 -5.762372 3.848406
v -0.226121 -5.761338 3.847231
v -0.137246 -5.796842 4.028943
v -0.155237 -5.796300 4.022103
v -0.137246 -5.796842 4.028943
v -0.114136 -5.796899 4.037356
v -0.114136 -5.796899 4.037356
v -0.091467 -5.796232 4.044059
v -0.091467 -5.796232 4.044059
v -0.074988 -5.797256 4.050337
v -0.021417 -5.823220 4.108261
v -0.163609 -5.796308 4.021482
v -0.164917 -5.797138 4.023847
v -0.164917 -5.797138 4.023847
v -0.166444 -5.788876 4.023647
v -0.218078 -5.771430 3.784854
v -0.218078 -5.771430 3.784854
v -0.220995 -5.768224 3.781463
v -0.082841 -5.811185 4.091557
v -0.082841 -5.811185 4.091557
v -0.081353 -5.800081 4.098353
v -0.116802 -5.540296 3.936028
v -0.131044 -5.742900 3.866102
v -0.130337 -5.742800 3.863380
v -0.130337 -5.742800 3.863380
v -0.129752 -5.739551 3.866337
v -0.130158 -5.632817 3.861250
v -0.130158 -5.632817 3.861250
v 0.287440 -5.835569 3.780441
v 0.278744 -5.840634 3.774318
v -0.179123 -5.724894 4.049736
v 0.248248 -5.617368 3.799286
v -0.085985 -6.238853 3.923705
v -0.070433 -5.555197 3.833536
v -0.253845 -5.872570 3.781596
v -0.247904 -5.816880 3.998541
v -0.252196 -5.815885 4.000241
v -0.112187 -5.583400 4.001209
v -0.113244 -5.586565 4.000123
v -0.211297 -5.643077 3.922235
v -0.206149 -5.643316 3.971624
v -0.204118 -5.644743 3.972063
v 0.322490 -5.781996 3.966736
v 0.288498 -5.816502 3.970367
v -0.118738 -5.585160 3.943959
v -0.189860 -5.680143 4.035432
v -0.190757 -5.678901 4.037416
v -0.188381 -5.680191 4.036213
v -0.181796 -5.677727 4.037518
v -0.189860 -5.680143 4.035432
v -0.190711 -5.679115 4.036413
v -0.192218 -5.678874 4.036654
v -0.245749 -5.817261 3.998661
v -0.245605 -5.817783 4.000115
v -0.245749 -5.817261 3.998661
v -0.278534 -5.784401 3.997465
v -0.180530 -5.708512 4.053619
v -0.178222 -5.709705 4.052466
v -0.170719 -5.708344 4.054776
v -0.069363 -5.556237 4.134973
v -0.088613 -5.653264 4.092344
v -0.091080 -5.640102 4.093028
v 0.021510 -5.618706 4.184813
v -0.216256 -5.807369 4.045739
v 0.105089 -6.165507 3.969797
v -0.223988 -5.668329 3.844042
v -0.301402 -5.813553 3.765165
v -0.276407 -5.844398 3.771469
v -0.090847 -5.616810 4.077028
v -0.089866 -5.615963 4.076628
v -0.090270 -5.614121 4.079747
v -0.089315 -5.613277 4.079349
v -0.089315 -5.613277 4.079349
v -0.090783 -5.615048 4.077184
v -0.089866 -5.615963 4.076628
v -0.097514 -5.621903 4.072980
v -0.087664 -5.688543 4.080608
v -0.078443 -5.718669 4.073650
v -0.084063 -5.681992 4.084752
v -0.084063 -5.681992 4.084752
v -0.077905 -5.717805 4.076374
v -0.088613 -5.653264 4.092344
v -0.162304 -5.768645 4.030444
v -0.171279 -5.749200 4.037662
v -0.167443 -5.771452 4.028725
v -0.169938 -5.771224 4.030277
v -0.166444 -5.788876 4.023647
v -0.232127 -5.752707 3.844121
v -0.233061 -5.752898 3.841334
v -0.232127 -5.752707 3.844121
v -0.231653 -5.738144 3.840931
v -0.230715 -5.738174 3.843827
v -0.230715 -5.738174 3.843827
v -0.225622 -5.684606 3.843013
v -0.227408 -5.703834 3.843235
v -0.225622 -5.684606 3.843013
v -0.228406 -5.703439 3.840181
v -0.223988 -5.668329 3.844042
v -0.131213 -5.734993 3.868170
v -0.131213 -5.734993 3.868170
v -0.131125 -5.726077 3.867630
v -0.129324 -5.734364 3.866334
v -0.130532 -5.660079 3.862393
v -0.129100 -5.688962 3.863602
v -0.130799 -5.690134 3.864930
v -0.128846 -5.658184 3.861165
v -0.072768 -5.755682 4.062438
v -0.068713 -5.783986 4.053977
v -0.072768 -5.755682 4.062438
v -0.072171 -5.755527 4.065067
v -0.078443 -5.718669 4.073650
v -0.175046 -5.727285 4.046463
v -0.177414 -5.726366 4.047729
v -0.173719 -5.748626 4.039072
v -0.169615 -5.728375 4.046745
v -0.229124 -5.721787 3.843519
v -0.229124 -5.721787 3.843519
v -0.230080 -5.721631 3.840517
v -0.227408 -5.703834 3.843235
v -0.130992 -5.711628 3.866613
v -0.129306 -5.725430 3.865973
v -0.129242 -5.710836 3.865134
v -0.245962 -5.821075 4.007441
v -0.247347 -5.819201 4.002419
v -0.247347 -5.819201 4.002419
v -0.278534 -5.784401 3.997465
v -0.245605 -5.817783 4.000115
v -0.119318 -5.639570 4.071632
v 0.188930 -5.678444 4.044063
v 0.190514 -5.676437 4.045788
v 0.341984 -5.732541 3.996117
v -0.112383 -5.544952 4.119205
v -0.108646 -5.570177 4.131860
v -0.341984 -5.732541 3.996117
v -0.189957 -5.677610 4.040214
v -0.186628 -5.679812 4.042931
v -0.187614 -5.678940 4.039047
v -0.189595 -5.677421 4.038864
v -0.093596 -5.616872 4.078667
v -0.090270 -5.614121 4.079747
v -0.090847 -5.616810 4.077028
v -0.097543 -5.623603 4.072923
v -0.100150 -5.623595 4.074709
v -0.095729 -5.618897 4.081527
v -0.093596 -5.616872 4.078667
v -0.093014 -5.614172 4.081371
v -0.093596 -5.616872 4.078667
v -0.093731 -5.614798 4.078414
v -0.090247 -5.612362 4.079895
v -0.093166 -5.612102 4.081101
v -0.069665 -5.976042 4.043664
v -0.055851 -5.949801 4.050590
v -0.072653 -5.975029 4.043618
v -0.078788 -6.004410 4.036424
v -0.075544 -6.004201 4.037331
v -0.030150 -5.933043 4.056074
v -0.028914 -5.935806 4.052146
v -0.069506 -6.032208 4.030871
v -0.072487 -6.033633 4.030270
v -0.055602 -6.058429 4.025025
v -0.053320 -6.055972 4.025002
v -0.029984 -6.074532 4.020557
v -0.028754 -6.071402 4.020439
v -0.056181 -5.970053 4.009503
v -0.034204 -5.997283 4.001972
v -0.031603 -5.966850 4.008910
v -0.028039 -5.942852 4.014414
v -0.046284 -5.952488 4.013094
v -0.056056 -6.023021 3.997434
v -0.031533 -6.026828 3.995244
v -0.046115 -6.040115 3.993130
v -0.027914 -6.049521 3.990112
v -0.029128 -5.930625 4.023992
v -0.054033 -5.945655 4.018016
v -0.029209 -5.929830 4.020490
v -0.053444 -5.945830 4.015760
v -0.028894 -5.930206 4.018203
v -0.028544 -5.936311 4.049003
v -0.053558 -5.951868 4.048920
v -0.052869 -5.952138 4.046530
v -0.053012 -5.951343 4.043028
v -0.028626 -5.935514 4.045501
v -0.028914 -5.935806 4.052146
v -0.051453 -5.947609 4.014498
v -0.066710 -5.970215 4.010052
v -0.069306 -5.969352 4.011136
v -0.072208 -5.996546 4.004314
v -0.060807 -5.996699 4.003619
v -0.027820 -5.932591 4.016845
v -0.028894 -5.930206 4.018203
v -0.066561 -6.022736 3.998087
v -0.069151 -6.023995 3.998688
v -0.051230 -6.044954 3.992320
v -0.027671 -6.059383 3.987960
v -0.028739 -6.062128 3.988153
v -0.069922 -5.970277 4.016833
v -0.053686 -5.947588 4.026520
v -0.069688 -5.971416 4.021836
v -0.053451 -5.948896 4.032273
v -0.069420 -5.972724 4.027588
v -0.075214 -6.000474 4.021542
v -0.075482 -5.999167 4.015789
v -0.029052 -6.063458 3.990052
v -0.028739 -6.062128 3.988153
v -0.053212 -6.047114 3.992689
v -0.053798 -6.048253 3.994646
v -0.028971 -6.064254 3.993553
v -0.028387 -6.069942 4.018565
v -0.028469 -6.069144 4.015063
v -0.052777 -6.053937 4.019658
v -0.052634 -6.054733 4.023160
v -0.028754 -6.071402 4.020439
v -0.070085 -5.969482 4.013332
v -0.075716 -5.998028 4.010787
v -0.075879 -5.997232 4.007285
v -0.075026 -5.996748 4.005166
v -0.069306 -5.969352 4.011136
v -0.054033 -5.945655 4.018016
v -0.053890 -5.946453 4.021518
v -0.069506 -6.032208 4.030871
v -0.052634 -6.054733 4.023160
v -0.068598 -6.031314 4.029237
v -0.068761 -6.030520 4.025735
v -0.075544 -6.004201 4.037331
v -0.028877 -5.933069 4.034746
v -0.028742 -5.934377 4.040499
v -0.053216 -5.950204 4.038025
v -0.053451 -5.948896 4.032273
v -0.028586 -6.068008 4.010061
v -0.053216 -6.051492 4.008903
v -0.052981 -6.052802 4.014655
v -0.028720 -6.066700 4.004308
v -0.068995 -6.029381 4.020733
v -0.074946 -6.001782 4.027294
v -0.052777 -6.053937 4.019658
v -0.052981 -6.052802 4.014655
v -0.069263 -6.028073 4.014980
v -0.053216 -5.950204 4.038025
v -0.069151 -5.974031 4.033341
v -0.053012 -5.951343 4.043028
v -0.069928 -6.024832 4.000723
v -0.053655 -6.049048 3.998148
v -0.053798 -6.048253 3.994646
v -0.069151 -6.023995 3.998688
v -0.069765 -6.025630 4.004225
v -0.069532 -6.026766 4.009227
v -0.053216 -6.051492 4.008903
v -0.053450 -6.050184 4.003150
v -0.028854 -6.065392 3.998556
v -0.053655 -6.049048 3.998148
v -0.053450 -6.050184 4.003150
v -0.029011 -5.931762 4.028994
v -0.053686 -5.947588 4.026520
v -0.053890 -5.946453 4.021518
v -0.119446 -5.738450 3.808372
v -0.127271 -5.742749 3.806523
v -0.171185 -5.757762 3.796332
v -0.117515 -5.660967 3.811753
v -0.182279 -5.807524 4.058644
v -0.174048 -5.809761 4.061236
v 0.288498 -5.816502 3.970367
v -0.125464 -5.752268 4.047029
v -0.127923 -5.742888 4.031800
v -0.132118 -5.749786 4.046388
v -0.216084 -5.636508 4.076602
v -0.191589 -5.675652 4.041968
v -0.106508 -5.577425 4.129804
v -0.105501 -5.575091 4.132579
v -0.106508 -5.577425 4.129804
v -0.103782 -5.577471 4.128114
v -0.216200 -5.636759 4.075272
v -0.216084 -5.636508 4.076602
v -0.216200 -5.636759 4.075272
v -0.117491 -5.691314 3.810625
v -0.114780 -5.710691 3.807403
v -0.117471 -5.711297 3.809869
v -0.117515 -5.660967 3.811753
v -0.221212 -5.663099 3.787883
v -0.221308 -5.694264 3.785929
v -0.209010 -5.651384 4.096423
v -0.117471 -5.711297 3.809869
v -0.117491 -5.691314 3.810625
v -0.155263 -5.811110 4.068463
v -0.132186 -5.814739 4.078510
v -0.131421 -5.811955 4.077158
v 0.261410 -5.868599 3.788382
v 0.020455 -6.257483 3.936271
v 0.000000 -5.565372 3.839541
v 0.196317 -5.644417 3.861769
v -0.114904 -5.572540 3.814183
v -0.117566 -5.575721 3.816252
v 0.092812 -5.544817 4.125494
v -0.115881 -5.540978 4.017893
v -0.113984 -5.538280 4.019090
v -0.098518 -5.662427 4.138628
v -0.099781 -5.663242 4.135678
v -0.117947 -5.733583 3.808881
v -0.117456 -5.724959 3.809333
v -0.093496 -5.609901 4.083710
v -0.218380 -5.606204 3.902742
v -0.210941 -5.770781 3.786539
v -0.193948 -5.765511 3.790764
v -0.170190 -5.760169 3.793446
v -0.090136 -5.812647 4.089073
v -0.108021 -5.812686 4.084150
v -0.068888 -5.796703 4.055211
v -0.068864 -5.785295 4.059025
v -0.190999 -5.767530 4.068852
v -0.185936 -5.796186 4.061059
v -0.117566 -5.575721 3.816252
v -0.117547 -5.616210 3.813404
v -0.146738 -5.749682 3.802047
v -0.171185 -5.757762 3.796332
v -0.232857 -5.752896 3.838262
v -0.233323 -5.763920 3.838732
v -0.131421 -5.811955 4.077158
v -0.155263 -5.811110 4.068463
v -0.174048 -5.809761 4.061236
v -0.179123 -5.724894 4.049736
v -0.182156 -5.706682 4.055429
v -0.177414 -5.726366 4.047729
v -0.231487 -5.737941 3.837819
v -0.229963 -5.721350 3.837360
v -0.082841 -5.811185 4.091557
v 0.250655 -5.615039 4.053929
v 0.367770 -5.746176 3.764641
v 0.114608 -5.537538 3.935863
v 0.108408 -5.542255 3.830328
v 0.324278 -5.791688 3.855694
v 0.315756 -5.804115 3.773683
v 0.209010 -5.651384 4.096423
v 0.212523 -5.634710 4.082092
v -0.088664 -5.649498 4.098028
v -0.191589 -5.675652 4.041968
v -0.189957 -5.677610 4.040214
v -0.192420 -5.676980 4.039195
v -0.191589 -5.675652 4.041968
v 0.162935 -5.669086 4.053288
v -0.096679 -5.609892 4.081080
v -0.089315 -5.613277 4.079349
v -0.089647 -5.611086 4.081972
v -0.232670 -5.768364 3.842049
v -0.232135 -5.768719 3.839274
v -0.232135 -5.768719 3.839274
v -0.117547 -5.616210 3.813404
v -0.068097 -5.795583 4.052739
v -0.068888 -5.796703 4.055211
v -0.216200 -5.636759 4.075272
v -0.214533 -5.634770 4.078751
v 0.085985 -6.238853 3.923705
v 0.202491 -5.693146 4.089746
v 0.113901 -5.547679 4.116379
v 0.112383 -5.544952 4.119205
v -0.090575 -5.611929 4.082374
v -0.193948 -5.765511 3.790764
v -0.069363 -5.556237 4.134973
v -0.111178 -6.214809 3.892453
v -0.202491 -5.693146 4.089746
v -0.388223 -5.664826 3.976895
v -0.092812 -5.544817 4.125494
v 0.135441 -5.613451 3.871810
v 0.126840 -5.595480 3.942652
v -0.220744 -5.604496 3.901469
v -0.108021 -5.812686 4.084150
v 0.108646 -5.570177 4.131860
v -0.103782 -5.577471 4.128114
v -0.106508 -5.577425 4.129804
v -0.104469 -5.690579 4.077200
v -0.096508 -5.704649 4.073687
v -0.112006 -5.712981 4.068667
v -0.105458 -5.720551 4.067268
v -0.146491 -5.707109 4.063239
v -0.130637 -5.712883 4.064883
v -0.132381 -5.698854 4.070117
v -0.156384 -5.717145 4.055934
v -0.139418 -5.717168 4.060948
v -0.156450 -5.745091 4.043415
v -0.158714 -5.730351 4.049378
v -0.146968 -5.741624 4.048624
v -0.148038 -5.732250 4.052312
v -0.145737 -5.723673 4.056533
v -0.152560 -5.759736 4.037889
v -0.143173 -5.750523 4.045805
v -0.166189 -5.748374 4.038600
v -0.117400 -5.690998 4.075390
v -0.120950 -5.710957 4.067664
v -0.127923 -5.742888 4.031800
v -0.137429 -5.745069 4.046994
v -0.132118 -5.749786 4.046388
v -0.124690 -5.713715 4.044519
v -0.134822 -5.721533 4.057254
v -0.130480 -5.716166 4.042078
v -0.105051 -5.738423 4.039313
v -0.112419 -5.749723 4.051314
v -0.107938 -5.745068 4.054331
v -0.111847 -5.716105 4.046739
v -0.109811 -5.726191 4.061574
v -0.115122 -5.721469 4.062181
v -0.121776 -5.718988 4.061539
v -0.128700 -5.718944 4.059835
v -0.136058 -5.732654 4.033957
v -0.132947 -5.738423 4.032373
v -0.107387 -5.720357 4.043036
v -0.117677 -5.714164 4.043005
v -0.104054 -5.731306 4.039394
v -0.105935 -5.738919 4.057340
v -0.105051 -5.738423 4.039313
v -0.107938 -5.745068 4.054331
v -0.143279 -5.733108 4.053498
v -0.139303 -5.726191 4.054237
v -0.141123 -5.726491 4.056736
v -0.141123 -5.726491 4.056736
v -0.143279 -5.733108 4.053498
v -0.142647 -5.740243 4.050741
v -0.140718 -5.738966 4.048667
v -0.141305 -5.732337 4.051229
v -0.126227 -5.754561 4.048977
v -0.133390 -5.751889 4.048287
v -0.133390 -5.751889 4.048287
v -0.126227 -5.754561 4.048977
v -0.117821 -5.760646 4.048633
v -0.118774 -5.754611 4.050812
v -0.118540 -5.752315 4.048733
v -0.105207 -5.740192 4.060075
v -0.107362 -5.746810 4.056837
v -0.107362 -5.746810 4.056837
v -0.105207 -5.740192 4.060075
v -0.101461 -5.731175 4.064215
v -0.105839 -5.733058 4.062832
v -0.106522 -5.732290 4.059901
v -0.122258 -5.718740 4.064596
v -0.115122 -5.721469 4.062181
v -0.115096 -5.721410 4.065286
v -0.115096 -5.721410 4.065286
v -0.122258 -5.718740 4.064596
v -0.129711 -5.718689 4.062761
v -0.109379 -5.726491 4.064634
v -0.105839 -5.733058 4.062832
v -0.109379 -5.726491 4.064634
v -0.112186 -5.751822 4.053590
v -0.118774 -5.754611 4.050812
v -0.112186 -5.751822 4.053590
v -0.112186 -5.751822 4.053590
v -0.112419 -5.749723 4.051314
v -0.139107 -5.746810 4.048939
v -0.142647 -5.740243 4.050741
v -0.139107 -5.746810 4.048939
v -0.132118 -5.749786 4.046388
v -0.137429 -5.745069 4.046994
v -0.136300 -5.721479 4.059983
v -0.129711 -5.718689 4.062761
v -0.136300 -5.721479 4.059983
v -0.139303 -5.726191 4.054237
v -0.115079 -5.745278 4.034019
v -0.103712 -5.726338 4.044582
v -0.134718 -5.720567 4.039225
v -0.111847 -5.716105 4.046739
v -0.134718 -5.720567 4.039225
v -0.106823 -5.720567 4.046165
v -0.132748 -5.720357 4.036726
v -0.136613 -5.726382 4.036379
v -0.134470 -5.725645 4.034139
v -0.133965 -5.731343 4.031937
v -0.126570 -5.740648 4.029976
v -0.121629 -5.745235 4.032407
v -0.120848 -5.742785 4.030528
v -0.114894 -5.742821 4.031993
v -0.105777 -5.736589 4.036807
v -0.103157 -5.732609 4.042159
v -0.104054 -5.731306 4.039394
v -0.104559 -5.725605 4.041596
v -0.111955 -5.716300 4.043557
v -0.118141 -5.713757 4.046132
v -0.117677 -5.714164 4.043005
v -0.123631 -5.714127 4.041540
v -0.107387 -5.720357 4.043036
v -0.111955 -5.716300 4.043557
v -0.109289 -5.742827 4.036460
v -0.109630 -5.740593 4.034213
v -0.109289 -5.742827 4.036460
v -0.109630 -5.740593 4.034213
v -0.133965 -5.731343 4.031937
v -0.132947 -5.738423 4.032373
v -0.131137 -5.736590 4.030498
v -0.126570 -5.740648 4.029976
v -0.128894 -5.716353 4.039320
v -0.132748 -5.720357 4.036726
v 0.055855 -5.969480 4.005796
v 0.034093 -5.996493 3.998186
v 0.031512 -5.966238 4.005075
v 0.000000 -5.996926 3.997116
v 0.000000 -5.963908 4.004753
v 0.027907 -5.942533 4.010637
v 0.045941 -5.952181 4.009427
v 0.055731 -6.021958 3.993837
v 0.031443 -6.025816 3.991498
v 0.045774 -6.038815 3.989685
v 0.027783 -6.048197 3.986560
v 0.000000 -6.028613 3.990010
v -0.034093 -5.996493 3.998186
v -0.055855 -5.969480 4.005796
v -0.031513 -5.966238 4.005075
v -0.045941 -5.952181 4.009427
v -0.027907 -5.942533 4.010637
v -0.055731 -6.021958 3.993837
v -0.031443 -6.025816 3.991498
v -0.027783 -6.048197 3.986560
v -0.045774 -6.038815 3.989685
v -0.053187 -5.946044 4.015005
v -0.068047 -5.969263 4.008087
v -0.068954 -5.969389 4.010396
v -0.073646 -5.996078 4.002236
v -0.074635 -5.996585 4.004459
v -0.069154 -5.970326 4.014929
v -0.053337 -5.946907 4.019561
v 0.068954 -5.969389 4.010396
v 0.073646 -5.996078 4.002236
v 0.068047 -5.969263 4.008087
v 0.053187 -5.946044 4.015005
v 0.053337 -5.946907 4.019561
v 0.069154 -5.970326 4.014929
v 0.074635 -5.996585 4.004459
v 0.052959 -6.046590 3.992096
v 0.067896 -6.022749 3.995899
v 0.068802 -6.023637 3.998035
v 0.069001 -6.024755 4.002529
v 0.053108 -6.047784 3.996577
v -0.028607 -6.061492 3.987617
v -0.052270 -6.045377 3.990035
v -0.028236 -6.060066 3.985600
v 0.000000 -6.066927 3.985743
v 0.000000 -6.068197 3.990225
v -0.028686 -6.062739 3.992097
v -0.052959 -6.046590 3.992096
v 0.000000 -5.924758 4.018131
v -0.028387 -5.930956 4.015016
v -0.028759 -5.930545 4.017450
v -0.052495 -5.946242 4.012623
v -0.053187 -5.946044 4.015005
v -0.028839 -5.931358 4.022029
v 0.000000 -5.925553 4.022721
v -0.028697 -6.067349 4.012145
v -0.053152 -6.051476 4.012573
v -0.028709 -6.066446 4.008091
v 0.000006 -6.072813 4.010280
v -0.000045 -6.072946 4.012896
v -0.028538 -6.067524 4.014748
v -0.053134 -6.052383 4.016632
v 0.069164 -5.974896 4.035107
v 0.074914 -6.001256 4.025003
v 0.069206 -5.973948 4.030970
v 0.053339 -5.951472 4.039748
v 0.052870 -5.952541 4.042235
v 0.068576 -5.975781 4.037630
v 0.074874 -6.002187 4.029132
v -0.068802 -6.023637 3.998035
v -0.067897 -6.022749 3.995899
v -0.052959 -6.046590 3.992096
v -0.053108 -6.047784 3.996577
v -0.069001 -6.024755 4.002529
v 0.028841 -5.935921 4.042213
v 0.053375 -5.950506 4.035609
v 0.028859 -5.934947 4.038082
v 0.000005 -5.930111 4.042898
v -0.000046 -5.931338 4.045341
v 0.028564 -5.937109 4.044672
v 0.053339 -5.951472 4.039748
v 0.028711 -6.066446 4.008099
v 0.028704 -6.067348 4.012173
v 0.053152 -6.051476 4.012586
v 0.053133 -6.052382 4.016681
v 0.052684 -6.052664 4.019295
v 0.028440 -6.067521 4.014793
v 0.028759 -5.930545 4.017450
v 0.052495 -5.946242 4.012623
v 0.028387 -5.930956 4.015016
v 0.028839 -5.931358 4.022029
v 0.053187 -5.946044 4.015005
v -0.069036 -6.029331 4.022602
v -0.074917 -6.001251 4.024988
v -0.069060 -6.028420 4.018533
v -0.053134 -6.052383 4.016632
v -0.052796 -6.052669 4.019212
v -0.068578 -6.029788 4.025151
v -0.074382 -6.002832 4.031588
v -0.074887 -6.002172 4.029071
v 0.028236 -6.060066 3.985600
v 0.028607 -6.061492 3.987617
v 0.052270 -6.045377 3.990035
v 0.052959 -6.046590 3.992096
v 0.028686 -6.062739 3.992097
v 0.053133 -6.052382 4.016681
v 0.069057 -6.028421 4.018548
v 0.069026 -6.029338 4.022662
v 0.074247 -6.002856 4.031691
v 0.068451 -6.029799 4.025253
v -0.028858 -5.934942 4.038077
v -0.028835 -5.935908 4.042195
v -0.053375 -5.950501 4.035600
v -0.053340 -5.951451 4.039712
v -0.028663 -5.937088 4.044641
v -0.028713 -6.064651 4.000165
v 0.000001 -6.071911 4.006222
v -0.053158 -6.049677 4.004646
v -0.053108 -6.047784 3.996577
v 0.000000 -6.070117 3.998294
v 0.028866 -5.933126 4.030130
v 0.000001 -5.929134 4.038775
v 0.053387 -5.948689 4.027655
v 0.053337 -5.946907 4.019561
v 0.000000 -5.927313 4.030827
v 0.053158 -6.049677 4.004646
v 0.028713 -6.064651 4.000165
v 0.053108 -6.047784 3.996577
v -0.074927 -5.999449 4.017052
v -0.069209 -5.973941 4.030957
v -0.069220 -5.972136 4.023016
v -0.053375 -5.950501 4.035600
v -0.053387 -5.948689 4.027655
v -0.074854 -5.997613 4.008972
v -0.069068 -6.026620 4.010602
v -0.053152 -6.051476 4.012573
v -0.053158 -6.049677 4.004646
v 0.069220 -5.972136 4.023016
v 0.053375 -5.950506 4.035609
v 0.074927 -5.999449 4.017052
v 0.074854 -5.997613 4.008972
v 0.053387 -5.948689 4.027655
v 0.069068 -6.026620 4.010602
v 0.053152 -6.051476 4.012586
v 0.053158 -6.049677 4.004646
v -0.053387 -5.948689 4.027655
v -0.028866 -5.933126 4.030130
v -0.053337 -5.946907 4.019561
v -0.053340 -5.951451 4.039712
v -0.069173 -5.974875 4.035056
v -0.068703 -5.975745 4.037542
v -0.052983 -5.952507 4.042174
v 0.066925 -5.977397 4.040738
v 0.049713 -5.957199 4.047595
v 0.064569 -5.979175 4.043260
v 0.064569 -5.979175 4.043260
v 0.072474 -6.003874 4.034931
v 0.066925 -5.977397 4.040738
v 0.051561 -5.954668 4.045235
v -0.000209 -5.933916 4.048248
v 0.026712 -5.942586 4.049867
v 0.027782 -5.939564 4.047604
v 0.026712 -5.942586 4.049867
v 0.051561 -5.954668 4.045235
v 0.027782 -5.939564 4.047604
v 0.052870 -5.952541 4.042235
v 0.066808 -6.030224 4.028630
v 0.069931 -6.004768 4.037653
v 0.064453 -6.030241 4.031569
v 0.064453 -6.030241 4.031569
v 0.051385 -6.052592 4.022791
v 0.066808 -6.030224 4.028630
v 0.052684 -6.052664 4.019295
v 0.027665 -6.067127 4.018367
v 0.049539 -6.051863 4.025921
v 0.026594 -6.065918 4.021629
v -0.000209 -6.072438 4.016497
v 0.051385 -6.052592 4.022791
v -0.072946 -6.003851 4.034825
v -0.065350 -5.979146 4.043191
v -0.067388 -5.977359 4.040649
v -0.067388 -5.977359 4.040649
v -0.050477 -5.957164 4.047547
v -0.052006 -5.954628 4.045173
v -0.052006 -5.954628 4.045173
v -0.052006 -5.954628 4.045173
v -0.027457 -5.942565 4.049842
v -0.028209 -5.939540 4.047572
v -0.000368 -5.937114 4.050480
v -0.052983 -5.952507 4.042174
v -0.051830 -6.052599 4.022707
v -0.065234 -6.030237 4.031489
v -0.067271 -6.030220 4.028526
v -0.070720 -6.004754 4.037573
v -0.028092 -6.067133 4.018320
v -0.000370 -6.071055 4.019813
v -0.027343 -6.065927 4.021594
v -0.051830 -6.052599 4.022707
v -0.052796 -6.052669 4.019212
v 0.065856 -5.969891 4.006677
v 0.060433 -5.995885 3.999966
v 0.050819 -5.947647 4.011051
v 0.068047 -5.969263 4.008087
v 0.071264 -5.995795 4.001027
v 0.027484 -5.932862 4.013348
v 0.000000 -5.937923 4.011010
v 0.000000 -5.927336 4.013977
v 0.000000 -5.925247 4.015676
v 0.028387 -5.930956 4.015016
v 0.050601 -6.043427 3.989225
v 0.065711 -6.021564 3.994902
v 0.067896 -6.022749 3.995899
v 0.027338 -6.057624 3.984921
v 0.000000 -6.052671 3.984865
v 0.028236 -6.060066 3.985600
v 0.000000 -6.065425 3.983740
v 0.000000 -6.062809 3.983111
v -0.050819 -5.947647 4.011051
v -0.065856 -5.969891 4.006677
v -0.060433 -5.995885 3.999966
v -0.071264 -5.995795 4.001027
v -0.068047 -5.969263 4.008087
v -0.027484 -5.932862 4.013348
v -0.028387 -5.930956 4.015016
v -0.065711 -6.021564 3.994902
v -0.050601 -6.043427 3.989225
v -0.067897 -6.022749 3.995899
v -0.027338 -6.057624 3.984921
v -0.028236 -6.060066 3.985600
v 0.061865 -5.980545 4.044022
v 0.069931 -6.004768 4.037653
v 0.047629 -5.959482 4.048161
v 0.025568 -5.945467 4.050318
v -0.000409 -5.940217 4.050898
v 0.061742 -6.029460 4.032844
v 0.049539 -6.051863 4.025921
v 0.066996 -6.005064 4.038662
v 0.025444 -6.063638 4.023318
v -0.000370 -6.071055 4.019813
v 0.026594 -6.065918 4.021629
v 0.047445 -6.050172 4.027439
v -0.048466 -5.959465 4.048135
v -0.065350 -5.979146 4.043191
v -0.062712 -5.980526 4.043984
v -0.070720 -6.004754 4.037573
v -0.067847 -6.005055 4.038619
v -0.027457 -5.942565 4.049842
v -0.026393 -5.945455 4.050305
v -0.065234 -6.030237 4.031489
v -0.062589 -6.029460 4.032802
v -0.050304 -6.051871 4.025857
v -0.048282 -6.050179 4.027404
v -0.027343 -6.065927 4.021594
v -0.026271 -6.063643 4.023299
v -0.000411 -6.068563 4.021573
v 0.134822 -5.721533 4.057254
v 0.383620 -5.733903 3.839838
v -0.221024 -5.611765 3.805551
v 0.053558 -5.951868 4.048920
v 0.127735 -5.612917 4.058653
v 0.105048 -6.132052 3.998409
v -0.236797 -5.802889 4.035031
v 0.103853 -5.591824 4.067929
v 0.085985 -6.238853 3.923705
v 0.209010 -5.651384 4.096423
v 0.394683 -5.701213 3.961874
v 0.108646 -5.570177 4.131860
v -0.394683 -5.701213 3.961874
v -0.106253 -5.542526 4.121240
v 0.208096 -5.939426 3.795108
v -0.358448 -5.675606 3.769176
v 0.152573 -6.086457 3.839607
v 0.211297 -5.643077 3.922235
v 0.301402 -5.813553 3.765165
v 0.327101 -5.783145 3.759555
v 0.221077 -5.622068 3.795275
v 0.143770 -5.609996 3.938662
v -0.114904 -5.544250 3.830413
v 0.102130 -5.625531 4.077682
v -0.112383 -5.544952 4.119205
v 0.180530 -5.708512 4.053619
v 0.180282 -5.700461 4.053009
v 0.141514 -5.655820 4.063470
v 0.216314 -5.627709 4.079472
v 0.124742 -6.175182 3.869929
v 0.341984 -5.732541 3.996117
v 0.222819 -5.634089 4.076715
v 0.107763 -5.578013 4.135607
v 0.040796 -5.594134 4.154256
v 0.040776 -6.203777 3.970889
v 0.285024 -5.645548 4.042710
v 0.342271 -5.728717 3.986718
v 0.000000 -6.206203 3.973323
v 0.103028 -5.575277 4.130733
v 0.079757 -6.189942 3.967899
v 0.218644 -5.634402 4.078015
v 0.162484 -5.668819 4.046655
v 0.327083 -5.660432 4.019782
v 0.327216 -5.660140 4.027893
v 0.343043 -5.674841 4.007154
v 0.156778 -6.086458 3.844725
v 0.346655 -5.729948 3.988201
v 0.280639 -5.783973 3.995723
v 0.096625 -5.622811 4.072419
v 0.105089 -6.165507 3.969797
v 0.120810 -6.133753 3.958439
v 0.103062 -6.165471 3.960558
v 0.225633 -5.767548 3.843982
v 0.130158 -5.632817 3.861250
v 0.213064 -5.641449 3.920718
v 0.097543 -5.623603 4.072923
v 0.128473 -5.630240 3.860082
v 0.216601 -5.854568 3.999476
v 0.196537 -5.650991 4.032700
v 0.053558 -5.951868 4.048920
v 0.000000 -5.924368 4.018878
v 0.000000 -5.929806 4.053252
v 0.075026 -5.996748 4.005166
v 0.053444 -5.945830 4.015760
v 0.053212 -6.047114 3.992689
v 0.000000 -6.067606 3.986251
v 0.053320 -6.055972 4.025002
v 0.053444 -5.945830 4.015760
v 0.053320 -6.055972 4.025002
v 0.053212 -6.047114 3.992689
v 0.121347 -6.008287 4.013958
v 0.105501 -5.575091 4.132579
v 0.345995 -5.774128 3.767974
v -0.206149 -5.643316 3.971624
v 0.182156 -5.706682 4.055429
v 0.135441 -5.613451 3.871810
v 0.104351 -5.576484 4.126900
v 0.119446 -5.738450 3.808372
v 0.114894 -5.742821 4.031993
v 0.120848 -5.742785 4.030528
v 0.134470 -5.725645 4.034139
v 0.132748 -5.720357 4.036726
v 0.128894 -5.716353 4.039320
v 0.123631 -5.714127 4.041540
v 0.111955 -5.716300 4.043557
v 0.107387 -5.720357 4.043036
v 0.104054 -5.731306 4.039394
v 0.104559 -5.725605 4.041596
v 0.105777 -5.736589 4.036807
v 0.132947 -5.738423 4.032373
v 0.132947 -5.738423 4.032373
v 0.133390 -5.751889 4.048287
v 0.127923 -5.742888 4.031800
v 0.136057 -5.732654 4.033957
v -0.095733 -6.150310 4.000258
v -0.053558 -5.951868 4.048920
v -0.103052 -6.208349 3.877761
v -0.196537 -5.650991 4.032700
v 0.095733 -6.150310 4.000258
v 0.327216 -5.660140 4.027893
v 0.191108 -5.672515 4.041154
v -0.103853 -5.591824 4.067929
v -0.114904 -5.544250 3.830413
v -0.208096 -5.939426 3.795108
v -0.305086 -5.809683 3.767883
v 0.109949 -5.572684 4.128934
v 0.220591 -5.648232 3.856892
v -0.133938 -6.080559 3.961756
v -0.180530 -5.708512 4.053619
v -0.141514 -5.655820 4.063470
v -0.216314 -5.627709 4.079472
v -0.082728 -6.190114 3.975156
v -0.190757 -5.678901 4.037416
v -0.107763 -5.578013 4.135607
v -0.040796 -5.594134 4.154256
v -0.040776 -6.203777 3.970889
v -0.080357 -6.191598 3.966003
v -0.330902 -5.658097 4.020160
v -0.103028 -5.575277 4.130733
v -0.079757 -6.189942 3.967899
v -0.218644 -5.634402 4.078015
v -0.343662 -5.730427 3.990827
v -0.280639 -5.783973 3.995723
v -0.182632 -5.676684 4.038474
v -0.102129 -6.164474 3.962590
v -0.081275 -6.191313 3.970342
v -0.226027 -5.766068 3.846135
v -0.225633 -5.767548 3.843982
v -0.163609 -5.796308 4.021482
v -0.219321 -5.774403 3.781483
v -0.081037 -5.814398 4.093733
v -0.192218 -5.678874 4.036654
v -0.182573 -5.699150 4.054116
v -0.128473 -5.630240 3.860082
v -0.188930 -5.678444 4.044063
v -0.053558 -5.951868 4.048920
v -0.053444 -5.945830 4.015760
v -0.075026 -5.996748 4.005166
v -0.053212 -6.047114 3.992689
v -0.053320 -6.055972 4.025002
v -0.053444 -5.945830 4.015760
v -0.053320 -6.055972 4.025002
v -0.053212 -6.047114 3.992689
v -0.182279 -5.807524 4.058644
v 0.114904 -5.544250 3.830413
v -0.096963 -5.607666 4.083670
v -0.119446 -5.738450 3.808372
v -0.089647 -5.611086 4.081972
v -0.134470 -5.725645 4.034139
v -0.120848 -5.742785 4.030528
v -0.109630 -5.740593 4.034213
v -0.114894 -5.742821 4.031993
v -0.105777 -5.736589 4.036807
v -0.104559 -5.725605 4.041596
v -0.111955 -5.716300 4.043557
v -0.123631 -5.714127 4.041540
v -0.128894 -5.716353 4.039320
v -0.132748 -5.720357 4.036726
v -0.115096 -5.721410 4.065286
v -0.141123 -5.726491 4.056736
v -0.136058 -5.732654 4.033957
v -0.127923 -5.742888 4.031800
v -0.052495 -5.946242 4.012623
v 0.052495 -5.946242 4.012623
v 0.052270 -6.045377 3.990035
v 0.000000 -6.065425 3.983740
v 0.000000 -5.925247 4.015676
v -0.052270 -6.045377 3.990035
v 0.051561 -5.954668 4.045235
v 0.051385 -6.052592 4.022791
v -0.050477 -5.957164 4.047547
v -0.050304 -6.051871 4.025857
v -0.050304 -6.051871 4.025857
v 0.052495 -5.946242 4.012623
v 0.073646 -5.996078 4.002236
v 0.052270 -6.045377 3.990035
v -0.073646 -5.996078 4.002236
v -0.052495 -5.946242 4.012623
v -0.052270 -6.045377 3.990035
v -0.000368 -5.937114 4.050480
vt 0.935195 0.567456
vt 0.925241 0.582998
vt 0.938874 0.585218
vt 0.906393 0.586330
vt 0.913748 0.588076
vt 0.902269 0.579894
vt 0.941585 0.582410
vt 0.942996 0.578781
vt 0.942996 0.574922
vt 0.941472 0.571423
vt 0.931360 0.567567
vt 0.927840 0.569202
vt 0.923717 0.575640
vt 0.925129 0.572011
vt 0.923718 0.579499
vt 0.931519 0.586965
vt 0.920138 0.573121
vt 0.917426 0.570313
vt 0.921550 0.576750
vt 0.910072 0.568568
vt 0.903794 0.572537
vt 0.902270 0.576035
vt 0.903681 0.583522
vt 0.920026 0.584108
vt 0.921550 0.580609
vt 0.780073 0.381292
vt 0.777188 0.438998
vt 0.781367 0.439757
vt 0.451152 0.962109
vt 0.443187 0.976686
vt 0.455303 0.969022
vt 0.463003 0.953665
vt 0.836674 0.460197
vt 0.875421 0.425187
vt 0.836387 0.406508
vt 0.767194 0.159825
vt 0.755193 0.161254
vt 0.756615 0.165750
vt 0.629794 0.724123
vt 0.657850 0.721295
vt 0.657194 0.709587
vt 0.691577 0.703348
vt 0.685107 0.692332
vt 0.207601 0.449873
vt 0.204478 0.480428
vt 0.233385 0.479612
vt 0.143761 0.079458
vt 0.130742 0.077453
vt 0.130837 0.079355
vt 0.114453 0.077460
vt 0.114591 0.079352
vt 0.627987 0.237824
vt 0.591837 0.266850
vt 0.630539 0.264251
vt 0.101120 0.402211
vt 0.086999 0.348450
vt 0.086412 0.407686
vt 0.074076 0.349855
vt 0.073450 0.410037
vt 0.908764 0.615471
vt 0.906506 0.658570
vt 0.910534 0.615814
vt 0.797940 0.445366
vt 0.709274 0.463449
vt 0.720947 0.434207
vt 0.703199 0.438062
vt 0.697326 0.413126
vt 0.052688 0.121403
vt 0.066977 0.165625
vt 0.064220 0.115740
vt 0.101171 0.125728
vt 0.088774 0.165829
vt 0.101035 0.169330
vt 0.692015 0.390052
vt 0.717395 0.408906
vt 0.714935 0.385269
vt 0.686936 0.366599
vt 0.584664 0.155830
vt 0.629023 0.164916
vt 0.633407 0.153874
vt 0.224357 0.449401
vt 0.206314 0.448546
vt 0.187347 0.448318
vt 0.941249 0.281497
vt 0.941435 0.266175
vt 0.939699 0.281824
vt 0.940193 0.294009
vt 0.681757 0.340524
vt 0.640098 0.320002
vt 0.647204 0.346664
vt 0.188785 0.230053
vt 0.201774 0.194104
vt 0.173261 0.198918
vt 0.166754 0.234458
vt 0.060357 0.406902
vt 0.045174 0.469656
vt 0.059107 0.478026
vt 0.332454 0.789230
vt 0.323551 0.788624
vt 0.324935 0.792275
vt 0.332405 0.792511
vt 0.336673 0.791010
vt 0.337891 0.787193
vt 0.332557 0.784983
vt 0.788599 0.175084
vt 0.799737 0.174360
vt 0.787609 0.172906
vt 0.779675 0.174132
vt 0.587707 0.762757
vt 0.581519 0.791006
vt 0.598326 0.768708
vt 0.600380 0.774209
vt 0.613346 0.758388
vt 0.611426 0.751636
vt 0.978235 0.446669
vt 0.980056 0.479422
vt 0.980056 0.446085
vt 0.978084 0.421809
vt 0.537964 0.827727
vt 0.528988 0.807086
vt 0.523762 0.810721
vt 0.518900 0.794202
vt 0.511716 0.791867
vt 0.495691 0.181236
vt 0.543868 0.185194
vt 0.545184 0.171961
vt 0.571865 0.352490
vt 0.535025 0.377979
vt 0.574984 0.377411
vt 0.983646 0.397300
vt 0.993593 0.396429
vt 0.982633 0.388869
vt 0.512529 0.331731
vt 0.525556 0.354219
vt 0.517813 0.329277
vt 0.283139 0.348067
vt 0.284928 0.401025
vt 0.284928 0.347311
vt 0.360851 0.808391
vt 0.366069 0.818855
vt 0.369776 0.818503
vt 0.371899 0.825487
vt 0.376395 0.826129
vt 0.374646 0.818239
vt 0.364564 0.806317
vt 0.651470 0.767738
vt 0.662867 0.780429
vt 0.667552 0.777897
vt 0.673127 0.787447
vt 0.679553 0.785727
vt 0.669998 0.768055
vt 0.328857 0.854937
vt 0.340685 0.845943
vt 0.327121 0.851412
vt 0.339417 0.843386
vt 0.325925 0.848798
vt 0.314788 0.856390
vt 0.321314 0.863794
vt 0.085162 0.478811
vt 0.072160 0.482176
vt 0.148587 0.388408
vt 0.145565 0.335481
vt 0.144803 0.388886
vt 0.136576 0.336923
vt 0.135865 0.390901
vt 0.925117 0.609160
vt 0.934999 0.648608
vt 0.937982 0.603190
vt 0.211597 0.104816
vt 0.199118 0.100954
vt 0.198782 0.107049
vt 0.183253 0.103462
vt 0.182691 0.110231
vt 0.198612 0.111041
vt 0.211530 0.108257
vt 0.631441 0.292386
vt 0.596618 0.323233
vt 0.630432 0.322277
vt 0.393892 0.182735
vt 0.432648 0.211451
vt 0.428292 0.167584
vt 0.465858 0.200010
vt 0.463857 0.152438
vt 0.083876 0.164236
vt 0.088922 0.121526
vt 0.084238 0.119118
vt 0.389067 0.889404
vt 0.378425 0.890684
vt 0.378509 0.894739
vt 0.367049 0.892001
vt 0.367176 0.896072
vt 0.223697 0.663667
vt 0.229917 0.664253
vt 0.228877 0.661520
vt 0.434816 0.337078
vt 0.435709 0.355916
vt 0.442572 0.338665
vt 0.921640 0.653012
vt 0.933693 0.685807
vt 0.214339 0.265947
vt 0.217807 0.223974
vt 0.688659 0.466072
vt 0.680690 0.442888
vt 0.911180 0.656852
vt 0.919902 0.688956
vt 0.764999 0.139944
vt 0.753642 0.122957
vt 0.754184 0.148691
vt 0.284311 0.812014
vt 0.302280 0.801451
vt 0.282507 0.809460
vt 0.300333 0.798011
vt 0.280481 0.806037
vt 0.264520 0.816753
vt 0.266474 0.819252
vt 0.474779 0.944418
vt 0.467318 0.960571
vt 0.479485 0.951137
vt 0.489601 0.936951
vt 0.484736 0.929531
vt 0.040268 0.127504
vt 0.054416 0.169558
vt 0.160225 0.075068
vt 0.170149 0.085975
vt 0.171304 0.073385
vt 0.184810 0.083804
vt 0.185862 0.070038
vt 0.172385 0.062286
vt 0.161239 0.064618
vt 0.721500 0.688743
vt 0.726730 0.663813
vt 0.711114 0.681022
vt 0.712859 0.712336
vt 0.731899 0.695845
vt 0.739985 0.676262
vt 0.733364 0.670205
vt 0.688905 0.848863
vt 0.664254 0.863462
vt 0.675143 0.871248
vt 0.700039 0.856470
vt 0.711671 0.836603
vt 0.700772 0.828920
vt 0.679584 0.840069
vt 0.749088 0.652830
vt 0.754326 0.660503
vt 0.765176 0.636541
vt 0.743534 0.644886
vt 0.288172 0.037585
vt 0.287211 0.056922
vt 0.288411 0.056818
vt 0.289059 0.074623
vt 0.290794 0.056790
vt 0.007593 0.384756
vt 0.003312 0.448419
vt 0.007445 0.449601
vt 0.712782 0.361468
vt 0.710153 0.335677
vt 0.677563 0.314136
vt 0.672310 0.418307
vt 0.560540 0.759656
vt 0.542751 0.748452
vt 0.532724 0.757604
vt 0.549502 0.777753
vt 0.572193 0.784885
vt 0.565957 0.745256
vt 0.479320 0.146708
vt 0.484733 0.194745
vt 0.483570 0.145929
vt 0.146039 0.146387
vt 0.141884 0.184520
vt 0.146458 0.186580
vt 0.480549 0.195640
vt 0.144040 0.116763
vt 0.131844 0.116515
vt 0.961859 0.791344
vt 0.963184 0.806078
vt 0.963651 0.791347
vt 0.962523 0.780231
vt 0.655763 0.820666
vt 0.639000 0.849184
vt 0.660720 0.820648
vt 0.645745 0.851818
vt 0.667209 0.823117
vt 0.677213 0.798632
vt 0.671437 0.799596
vt 0.978387 0.511504
vt 0.952526 0.513398
vt 0.977628 0.536448
vt 0.099433 0.077496
vt 0.099612 0.079392
vt 0.088295 0.077615
vt 0.088464 0.079499
vt 0.948369 0.645193
vt 0.086631 0.116407
vt 0.091328 0.116319
vt 0.852797 0.299336
vt 0.853889 0.266388
vt 0.851519 0.299329
vt 0.246254 0.317787
vt 0.253663 0.359283
vt 0.250846 0.315504
vt 0.619780 0.427805
vt 0.597641 0.401442
vt 0.597574 0.427560
vt 0.120075 0.340541
vt 0.119454 0.395979
vt 0.101677 0.344872
vt 0.084341 0.670645
vt 0.113575 0.690277
vt 0.083467 0.668025
vt 0.742059 0.745267
vt 0.720403 0.751894
vt 0.733244 0.763926
vt 0.711402 0.778780
vt 0.722435 0.787150
vt 0.747292 0.775761
vt 0.757066 0.759067
vt 0.025578 0.175923
vt 0.040057 0.210228
vt 0.040929 0.173786
vt 0.054474 0.207415
vt 0.816317 0.626014
vt 0.817231 0.656290
vt 0.830409 0.633773
vt 0.961916 0.821467
vt 0.935885 0.807476
vt 0.936466 0.823520
vt 0.579282 0.180140
vt 0.621792 0.192030
vt 0.624301 0.176809
vt 0.582197 0.216757
vt 0.624046 0.213060
vt 0.574044 0.517167
vt 0.551073 0.456844
vt 0.568866 0.517701
vt 0.777741 0.600722
vt 0.754218 0.620772
vt 0.758655 0.626707
vt 0.614287 0.492777
vt 0.597431 0.454008
vt 0.599245 0.505594
vt 0.670258 0.962169
vt 0.688752 0.963090
vt 0.676304 0.953801
vt 0.157514 0.446562
vt 0.162913 0.445067
vt 0.157147 0.444785
vt 0.154031 0.446553
vt 0.591924 0.104721
vt 0.581057 0.114809
vt 0.581808 0.116431
vt 0.560322 0.739275
vt 0.590397 0.736007
vt 0.914566 0.478636
vt 0.897914 0.489847
vt 0.919797 0.503439
vt 0.639438 0.932031
vt 0.657000 0.929987
vt 0.644615 0.922339
vt 0.632006 0.915006
vt 0.626767 0.924860
vt 0.720050 0.068245
vt 0.726590 0.079944
vt 0.730070 0.068860
vt 0.737675 0.073617
vt 0.733257 0.057711
vt 0.719525 0.057952
vt 0.945373 0.093971
vt 0.939464 0.077768
vt 0.935510 0.092476
vt 0.618583 0.908920
vt 0.612564 0.918579
vt 0.607208 0.903809
vt 0.600398 0.913098
vt 0.953158 0.468332
vt 0.951613 0.492501
vt 0.953199 0.493739
vt 0.951065 0.511882
vt 0.709734 0.068823
vt 0.708409 0.081641
vt 0.713966 0.078995
vt 0.705502 0.058627
vt 0.701512 0.072322
vt 0.783843 0.588886
vt 0.786672 0.594413
vt 0.795654 0.587095
vt 0.868404 0.099640
vt 0.870917 0.087151
vt 0.865956 0.088180
vt 0.867862 0.852098
vt 0.852595 0.873358
vt 0.872591 0.881476
vt 0.324914 0.555594
vt 0.335579 0.543077
vt 0.322333 0.542908
vt 0.268689 0.535998
vt 0.264106 0.546218
vt 0.270708 0.548395
vt 0.423225 0.943445
vt 0.444597 0.951084
vt 0.435645 0.935642
vt 0.344105 0.555049
vt 0.338596 0.555943
vt 0.953055 0.442637
vt 0.569721 0.815909
vt 0.583900 0.795056
vt 0.567371 0.815704
vt 0.557322 0.831252
vt 0.618649 0.521326
vt 0.633407 0.535524
vt 0.629255 0.514737
vt 0.126829 0.674353
vt 0.110746 0.677872
vt 0.120698 0.686580
vt 0.001084 0.769109
vt 0.026764 0.768197
vt 0.021786 0.755978
vt 0.717849 0.539379
vt 0.731577 0.518582
vt 0.718772 0.512726
vt 0.079649 0.156966
vt 0.075651 0.104742
vt 0.663951 0.395804
vt 0.655590 0.372788
vt 0.715263 0.560650
vt 0.728878 0.545287
vt 0.145973 0.623178
vt 0.131063 0.630977
vt 0.141080 0.638568
vt 0.482143 0.076686
vt 0.483193 0.086447
vt 0.486288 0.076021
vt 0.440361 0.355114
vt 0.446489 0.339617
vt 0.452745 0.321206
vt 0.212719 0.035003
vt 0.202692 0.034177
vt 0.201791 0.042624
vt 0.238308 0.762385
vt 0.247160 0.769092
vt 0.243752 0.760133
vt 0.880056 0.603465
vt 0.856116 0.618434
vt 0.868152 0.625719
vt 0.802620 0.596314
vt 0.807218 0.590580
vt 0.814677 0.603116
vt 0.818931 0.596963
vt 0.798223 0.649460
vt 0.802190 0.618044
vt 0.775198 0.647796
vt 0.809641 0.609409
vt 0.822645 0.617210
vt 0.835608 0.624892
vt 0.827130 0.610336
vt 0.788409 0.608947
vt 0.796461 0.601533
vt 0.794695 0.592254
vt 0.648671 0.159804
vt 0.635817 0.155988
vt 0.647368 0.162184
vt 0.905103 0.778126
vt 0.908635 0.814972
vt 0.908704 0.777953
vt 0.705899 0.676359
vt 0.722988 0.659559
vt 0.917117 0.309425
vt 0.895963 0.333107
vt 0.914764 0.335509
vt 0.702322 0.129244
vt 0.717746 0.132289
vt 0.703863 0.124863
vt 0.690813 0.123757
vt 0.706889 0.974368
vt 0.693270 0.984130
vt 0.700472 0.988333
vt 0.951351 0.888279
vt 0.939219 0.878069
vt 0.949907 0.889890
vt 0.306388 0.556753
vt 0.286603 0.551322
vt 0.285789 0.554007
vt 0.269440 0.550970
vt 0.284794 0.555548
vt 0.306082 0.558301
vt 0.463977 0.522463
vt 0.476412 0.499547
vt 0.454863 0.511538
vt 0.549284 0.837890
vt 0.550990 0.829149
vt 0.545515 0.835713
vt 0.543489 0.821783
vt 0.849220 0.821773
vt 0.868963 0.793020
vt 0.850584 0.789008
vt 0.824561 0.179267
vt 0.810960 0.175703
vt 0.810955 0.177679
vt 0.800002 0.176412
vt 0.214433 0.538311
vt 0.195072 0.535831
vt 0.202060 0.547643
vt 0.855319 0.265532
vt 0.873370 0.303367
vt 0.876334 0.255919
vt 0.365769 0.077227
vt 0.376492 0.085596
vt 0.377705 0.084726
vt 0.306452 0.554041
vt 0.447701 0.927562
vt 0.467667 0.933901
vt 0.459339 0.919444
vt 0.587509 0.241079
vt 0.774042 0.381240
vt 0.775636 0.438717
vt 0.600742 0.899400
vt 0.593838 0.908320
vt 0.591431 0.904679
vt 0.606215 0.929330
vt 0.592007 0.924969
vt 0.876980 0.963268
vt 0.888520 0.984174
vt 0.896877 0.973906
vt 0.903524 0.778770
vt 0.905069 0.815198
vt 0.831188 0.603870
vt 0.839789 0.617749
vt 0.843685 0.611095
vt 0.739790 0.639832
vt 0.647231 0.166828
vt 0.638032 0.172878
vt 0.650618 0.181530
vt 0.900041 0.084775
vt 0.882607 0.081928
vt 0.884850 0.092990
vt 0.961574 0.561929
vt 0.976761 0.548734
vt 0.975204 0.546831
vt 0.459942 0.738404
vt 0.435377 0.710358
vt 0.439516 0.740176
vt 0.899575 0.279494
vt 0.897158 0.307268
vt 0.246091 0.508702
vt 0.245518 0.494735
vt 0.240781 0.495191
vt 0.861119 0.983097
vt 0.865678 0.998916
vt 0.880810 0.993670
vt 0.901409 0.514780
vt 0.923285 0.524550
vt 0.200045 0.080415
vt 0.200665 0.064612
vt 0.212019 0.077266
vt 0.212191 0.059492
vt 0.201284 0.050236
vt 0.186864 0.057631
vt 0.082057 0.814437
vt 0.068132 0.796158
vt 0.049586 0.810827
vt 0.959245 0.563326
vt 0.939244 0.533135
vt 0.937072 0.533947
vt 0.225995 0.450554
vt 0.844606 0.582067
vt 0.856713 0.588846
vt 0.635574 0.160891
vt 0.901749 0.253920
vt 0.920247 0.281638
vt 0.923100 0.256003
vt 0.644655 0.196691
vt 0.659888 0.214084
vt 0.359517 0.505996
vt 0.341541 0.500751
vt 0.344538 0.509541
vt 0.157160 0.558954
vt 0.145898 0.573906
vt 0.163568 0.568806
vt 0.469697 0.582035
vt 0.460107 0.561157
vt 0.448303 0.589105
vt 0.699503 0.970997
vt 0.682494 0.973895
vt 0.692959 0.662957
vt 0.672605 0.678303
vt 0.936832 0.780368
vt 0.936256 0.792026
vt 0.935682 0.524249
vt 0.947745 0.518247
vt 0.946465 0.513532
vt 0.375477 0.979365
vt 0.385033 0.963994
vt 0.368799 0.966164
vt 0.379357 0.444475
vt 0.388149 0.480321
vt 0.404403 0.472604
vt 0.477670 0.816957
vt 0.455618 0.796027
vt 0.465323 0.819877
vt 0.775827 0.380655
vt 0.779841 0.371101
vt 0.775796 0.370454
vt 0.470766 0.791824
vt 0.446127 0.768761
vt 0.845251 0.688723
vt 0.872663 0.658171
vt 0.857969 0.650631
vt 0.238470 0.513480
vt 0.221877 0.513913
vt 0.227244 0.525136
vt 0.635646 0.756669
vt 0.624627 0.754915
vt 0.635521 0.762074
vt 0.643047 0.750214
vt 0.623252 0.748145
vt 0.006021 0.781561
vt 0.032126 0.781371
vt 0.304298 0.541561
vt 0.284603 0.538924
vt 0.856233 0.406532
vt 0.181959 0.541836
vt 0.177638 0.562286
vt 0.189878 0.555009
vt 0.121479 0.567479
vt 0.122509 0.582794
vt 0.130316 0.578322
vt 0.363824 0.449349
vt 0.376129 0.441260
vt 0.362218 0.447653
vt 0.433300 0.679399
vt 0.456892 0.710744
vt 0.454899 0.679061
vt 0.753730 0.097549
vt 0.764416 0.104618
vt 0.764413 0.069538
vt 0.762155 0.375337
vt 0.762059 0.399411
vt 0.765512 0.374569
vt 0.766016 0.351387
vt 0.216388 0.733719
vt 0.218323 0.725953
vt 0.212962 0.728169
vt 0.434364 0.402048
vt 0.424573 0.390174
vt 0.425221 0.404684
vt 0.440663 0.414544
vt 0.438935 0.400730
vt 0.434051 0.387455
vt 0.303764 0.860899
vt 0.307794 0.856090
vt 0.302595 0.858211
vt 0.254670 0.801600
vt 0.249049 0.790170
vt 0.249750 0.803641
vt 0.263142 0.809323
vt 0.257264 0.800525
vt 0.253883 0.788165
vt 0.212664 0.725009
vt 0.258513 0.822495
vt 0.256509 0.820017
vt 0.254989 0.813710
vt 0.953944 0.375791
vt 0.944173 0.381359
vt 0.955300 0.383972
vt 0.273137 0.476355
vt 0.277798 0.467815
vt 0.270886 0.475052
vt 0.314745 0.865933
vt 0.308949 0.858762
vt 0.313627 0.853736
vt 0.248104 0.581204
vt 0.244567 0.594044
vt 0.253629 0.587118
vt 0.233013 0.447841
vt 0.234783 0.448922
vt 0.488565 0.254790
vt 0.486420 0.193727
vt 0.326119 0.885589
vt 0.328497 0.880409
vt 0.537169 0.402824
vt 0.544288 0.401987
vt 0.433685 0.372128
vt 0.438791 0.386096
vt 0.438531 0.370748
vt 0.426426 0.357599
vt 0.423993 0.374888
vt 0.188689 0.042402
vt 0.187570 0.050720
vt 0.250958 0.777883
vt 0.256373 0.787132
vt 0.253993 0.776630
vt 0.250630 0.767664
vt 0.770847 0.328676
vt 0.768052 0.328138
vt 0.771517 0.307182
vt 0.768965 0.305638
vt 0.159536 0.140785
vt 0.177670 0.143467
vt 0.182707 0.136377
vt 0.381883 0.255495
vt 0.389131 0.250115
vt 0.387945 0.248510
vt 0.162004 0.058430
vt 0.173159 0.055851
vt 0.860737 0.563796
vt 0.886203 0.517594
vt 0.870834 0.514159
vt 0.024060 0.211086
vt 0.036546 0.260829
vt 0.367435 0.904232
vt 0.356530 0.897325
vt 0.356871 0.905515
vt 0.378684 0.902865
vt 0.829479 0.557701
vt 0.834591 0.503236
vt 0.707682 0.285926
vt 0.763922 0.304108
vt 0.764711 0.281611
vt 0.446222 0.316572
vt 0.844337 0.218294
vt 0.852196 0.222966
vt 0.845348 0.216463
vt 0.756326 0.454520
vt 0.760712 0.425441
vt 0.757109 0.426273
vt 0.758506 0.400219
vt 0.364608 0.178534
vt 0.363528 0.219316
vt 0.364727 0.221054
vt 0.577636 0.542635
vt 0.584236 0.544612
vt 0.968374 0.380849
vt 0.174400 0.047651
vt 0.342815 0.233542
vt 0.337353 0.264675
vt 0.356665 0.262033
vt 0.087030 0.274294
vt 0.851208 0.224790
vt 0.249743 0.815884
vt 0.251150 0.822239
vt 0.471691 0.858082
vt 0.462533 0.820949
vt 0.460880 0.821746
vt 0.742232 0.545507
vt 0.746861 0.518298
vt 0.496524 0.167794
vt 0.229863 0.611633
vt 0.222475 0.630280
vt 0.227771 0.632286
vt 0.798288 0.551252
vt 0.798205 0.492035
vt 0.162416 0.137269
vt 0.397392 0.876149
vt 0.389194 0.885584
vt 0.212412 0.043269
vt 0.939661 0.380900
vt 0.942773 0.373266
vt 0.938290 0.372843
vt 0.998128 0.400108
vt 0.994405 0.404974
vt 0.998864 0.408724
vt 0.869268 0.187686
vt 0.862218 0.182653
vt 0.861389 0.184411
vt 0.947097 0.683054
vt 0.239007 0.363681
vt 0.247298 0.396310
vt 0.248909 0.360758
vt 0.381569 0.362799
vt 0.372954 0.316517
vt 0.371323 0.317223
vt 0.003442 0.330988
vt 0.001084 0.265967
vt 0.001773 0.331314
vt 0.085079 0.246391
vt 0.088692 0.201920
vt 0.083653 0.200936
vt 0.759865 0.352467
vt 0.762499 0.327969
vt 0.030467 0.337843
vt 0.046663 0.271401
vt 0.030299 0.268394
vt 0.254348 0.312303
vt 0.263416 0.276236
vt 0.240851 0.305264
vt 0.588465 0.514365
vt 0.596733 0.541702
vt 0.101662 0.273056
vt 0.120016 0.271095
vt 0.548991 0.221918
vt 0.495001 0.212282
vt 0.497408 0.232972
vt 0.046706 0.343217
vt 0.060975 0.273510
vt 0.928906 0.218205
vt 0.926663 0.256344
vt 0.928348 0.256489
vt 0.414566 0.392344
vt 0.538276 0.794831
vt 0.526243 0.771251
vt 0.519988 0.783973
vt 0.556176 0.806031
vt 0.731572 0.157646
vt 0.745651 0.154596
vt 0.733303 0.146717
vt 0.520159 0.754804
vt 0.532762 0.744591
vt 0.067939 0.204792
vt 0.081486 0.198290
vt 0.915168 0.614202
vt 0.473433 0.857550
vt 0.476111 0.857098
vt 0.389530 0.482176
vt 0.464436 0.764584
vt 0.344517 0.889983
vt 0.329684 0.877822
vt 0.964340 0.833676
vt 0.963704 0.821444
vt 0.961392 0.806095
vt 0.654309 0.856782
vt 0.672925 0.830538
vt 0.692361 0.819574
vt 0.687778 0.808865
vt 0.350212 0.842102
vt 0.356507 0.836540
vt 0.348827 0.839616
vt 0.342410 0.849452
vt 0.352063 0.845546
vt 0.358419 0.838791
vt 0.704671 0.988661
vt 0.946870 0.730422
vt 0.136492 0.269298
vt 0.931220 0.783020
vt 0.470624 0.858199
vt 0.634346 0.885615
vt 0.646448 0.891490
vt 0.624034 0.881049
vt 0.617402 0.877561
vt 0.634896 0.847984
vt 0.614151 0.875144
vt 0.598128 0.896068
vt 0.365222 0.451019
vt 0.377848 0.442883
vt 0.257584 0.358051
vt 0.911033 0.840337
vt 0.930073 0.817274
vt 0.979233 0.538135
vt 0.832514 0.575690
vt 0.942480 0.232746
vt 0.944702 0.237302
vt 0.943283 0.231367
vt 0.345212 0.551403
vt 0.341633 0.516391
vt 0.339729 0.514388
vt 0.670662 0.906649
vt 0.658448 0.898909
vt 0.686876 0.878954
vt 0.745920 0.145835
vt 0.732251 0.140294
vt 0.717476 0.137440
vt 0.676374 0.140101
vt 0.667108 0.133368
vt 0.675368 0.141794
vt 0.356359 0.893238
vt 0.344371 0.893703
vt 0.871764 0.692788
vt 0.859985 0.691931
vt 0.228025 0.652313
vt 0.252771 0.313884
vt 0.239405 0.306923
vt 0.749901 0.427931
vt 0.751399 0.401828
vt 0.557928 0.455644
vt 0.580025 0.427661
vt 0.551412 0.427675
vt 0.510634 0.778335
vt 0.515215 0.767016
vt 0.689228 0.742650
vt 0.706806 0.744878
vt 0.701838 0.775602
vt 0.729846 0.722853
vt 0.816325 0.209848
vt 0.828655 0.212490
vt 0.829445 0.210611
vt 0.839462 0.213845
vt 0.840604 0.212095
vt 0.664441 0.744986
vt 0.654491 0.762719
vt 0.169153 0.096877
vt 0.183949 0.094799
vt 0.159129 0.087178
vt 0.158116 0.098349
vt 0.168305 0.106190
vt 0.740743 0.085455
vt 0.731427 0.083708
vt 0.733877 0.090239
vt 0.741007 0.100702
vt 0.747718 0.103601
vt 0.747537 0.080895
vt 0.364805 0.833214
vt 0.368024 0.834916
vt 0.360970 0.841941
vt 0.372287 0.837361
vt 0.375793 0.831484
vt 0.371326 0.830315
vt 0.167593 0.114010
vt 0.157202 0.108411
vt 0.156405 0.117191
vt 0.167177 0.119720
vt 0.182373 0.114997
vt 0.351840 0.797555
vt 0.342688 0.793270
vt 0.349586 0.800654
vt 0.354805 0.793594
vt 0.344588 0.789179
vt 0.199534 0.092302
vt 0.211718 0.099091
vt 0.211860 0.090187
vt 0.313749 0.792587
vt 0.315651 0.796035
vt 0.303916 0.804064
vt 0.317185 0.798683
vt 0.172977 0.447328
vt 0.186450 0.446801
vt 0.172332 0.445690
vt 0.163399 0.446782
vt 0.672766 0.108321
vt 0.673103 0.123230
vt 0.675978 0.123822
vt 0.675992 0.134911
vt 0.678789 0.136012
vt 0.677974 0.123733
vt 0.674794 0.107519
vt 0.564365 0.812700
vt 0.554573 0.831525
vt 0.359629 0.508600
vt 0.345681 0.511913
vt 0.342441 0.513897
vt 0.343986 0.515102
vt 0.346638 0.513440
vt 0.846382 0.339753
vt 0.866627 0.360501
vt 0.347138 0.553431
vt 0.345093 0.553379
vt 0.347041 0.555421
vt 0.348573 0.554379
vt 0.796891 0.388221
vt 0.825216 0.391509
vt 0.793771 0.376862
vt 0.460363 0.524393
vt 0.467733 0.537797
vt 0.451339 0.513627
vt 0.458801 0.525153
vt 0.463999 0.539664
vt 0.914940 0.945385
vt 0.918762 0.972107
vt 0.918451 0.944765
vt 0.913508 0.917851
vt 0.911715 0.918559
vt 0.913185 0.946141
vt 0.913492 0.973670
vt 0.915210 0.972872
vt 0.749542 0.456134
vt 0.832509 0.669491
vt 0.881433 0.239285
vt 0.885332 0.226607
vt 0.881568 0.226262
vt 0.884555 0.212480
vt 0.882729 0.212666
vt 0.879759 0.226257
vt 0.911999 0.892793
vt 0.917014 0.917356
vt 0.915540 0.892412
vt 0.910091 0.867827
vt 0.908297 0.868356
vt 0.910191 0.893415
vt 0.649569 0.163795
vt 0.649718 0.167693
vt 0.653524 0.181905
vt 0.651203 0.167919
vt 0.280243 0.093549
vt 0.278629 0.090677
vt 0.277047 0.091503
vt 0.650802 0.161639
vt 0.276170 0.088939
vt 0.277938 0.088236
vt 0.429795 0.682846
vt 0.430585 0.651393
vt 0.428775 0.654567
vt 0.428347 0.686743
vt 0.432038 0.713768
vt 0.436148 0.742700
vt 0.430839 0.717702
vt 0.434856 0.745337
vt 0.442765 0.770291
vt 0.947988 0.093941
vt 0.949536 0.107971
vt 0.952195 0.107593
vt 0.957993 0.123367
vt 0.960762 0.122803
vt 0.953936 0.107095
vt 0.949710 0.093779
vt 0.969282 0.614818
vt 0.962716 0.628158
vt 0.965635 0.629111
vt 0.961230 0.641850
vt 0.964166 0.642448
vt 0.967614 0.629743
vt 0.971117 0.615802
vt 0.348549 0.555414
vt 0.348488 0.556380
vt 0.348430 0.557424
vt 0.680227 0.144985
vt 0.678537 0.145070
vt 0.678889 0.146185
vt 0.250257 0.511307
vt 0.246285 0.511709
vt 0.239196 0.516418
vt 0.080179 0.093473
vt 0.079708 0.101970
vt 0.081486 0.102574
vt 0.249219 0.512903
vt 0.976800 0.156689
vt 0.976767 0.165832
vt 0.979457 0.165011
vt 0.980322 0.168201
vt 0.981559 0.166453
vt 0.980968 0.163731
vt 0.215366 0.540886
vt 0.203316 0.550293
vt 0.191482 0.557680
vt 0.192258 0.558972
vt 0.203840 0.551776
vt 0.079968 0.036935
vt 0.080350 0.054781
vt 0.081486 0.036681
vt 0.457510 0.917444
vt 0.468890 0.906155
vt 0.466784 0.904636
vt 0.277647 0.252942
vt 0.276785 0.236933
vt 0.275016 0.237290
vt 0.274123 0.223234
vt 0.426371 0.498459
vt 0.394023 0.499551
vt 0.392555 0.502113
vt 0.359829 0.510378
vt 0.392077 0.503794
vt 0.859767 0.042511
vt 0.857832 0.074642
vt 0.859767 0.075523
vt 0.252580 0.509794
vt 0.251993 0.512772
vt 0.250742 0.514352
vt 0.455651 0.916190
vt 0.445328 0.924756
vt 0.456468 0.916942
vt 0.465438 0.904374
vt 0.464460 0.903828
vt 0.972179 0.615973
vt 0.968630 0.629916
vt 0.966253 0.642755
vt 0.967225 0.642910
vt 0.885430 0.289448
vt 0.884483 0.268072
vt 0.884346 0.289948
vt 0.885007 0.318136
vt 0.453019 0.564733
vt 0.442146 0.593109
vt 0.454243 0.564275
vt 0.461098 0.540801
vt 0.420851 0.939497
vt 0.433599 0.932697
vt 0.433021 0.931797
vt 0.444675 0.923898
vt 0.964986 0.656434
vt 0.965926 0.656545
vt 0.964375 0.670416
vt 0.965305 0.670468
vt 0.459817 0.822124
vt 0.450936 0.797948
vt 0.449871 0.798346
vt 0.440219 0.772036
vt 0.904605 0.841115
vt 0.905718 0.841024
vt 0.903389 0.815639
vt 0.902269 0.815716
vt 0.979460 0.155667
vt 0.981845 0.163451
vt 0.982418 0.166085
vt 0.248794 0.513667
vt 0.245846 0.513330
vt 0.245735 0.514135
vt 0.239344 0.518067
vt 0.239526 0.518916
vt 0.433870 0.746400
vt 0.441268 0.771477
vt 0.429888 0.719222
vt 0.909101 0.893574
vt 0.907191 0.868474
vt 0.250228 0.515112
vt 0.073191 0.102088
vt 0.073961 0.100142
vt 0.073213 0.099698
vt 0.907278 0.757966
vt 0.908442 0.758096
vt 0.912648 0.740941
vt 0.470656 0.882170
vt 0.469606 0.881958
vt 0.215899 0.543362
vt 0.204110 0.552556
vt 0.192679 0.559674
vt 0.950569 0.093777
vt 0.954813 0.107042
vt 0.962544 0.122070
vt 0.963446 0.121970
vt 0.651749 0.164848
vt 0.652136 0.167913
vt 0.655306 0.181397
vt 0.656267 0.181356
vt 0.347203 0.513993
vt 0.344809 0.515437
vt 0.228430 0.529546
vt 0.228643 0.530403
vt 0.215723 0.542527
vt 0.971594 0.140145
vt 0.972495 0.140009
vt 0.978572 0.155854
vt 0.675617 0.107552
vt 0.678641 0.124291
vt 0.482888 0.352194
vt 0.483635 0.341993
vt 0.483061 0.341570
vt 0.326405 0.560445
vt 0.341721 0.559301
vt 0.326464 0.559451
vt 0.305991 0.559219
vt 0.665240 0.214191
vt 0.666344 0.214347
vt 0.675683 0.246198
vt 0.676926 0.246596
vt 0.424894 0.501016
vt 0.391934 0.504857
vt 0.360036 0.511212
vt 0.427337 0.688285
vt 0.427670 0.655870
vt 0.912138 0.946406
vt 0.910647 0.918766
vt 0.878502 0.238868
vt 0.878604 0.226053
vt 0.881589 0.212456
vt 0.457656 0.525630
vt 0.462297 0.540411
vt 0.449888 0.514591
vt 0.448869 0.515271
vt 0.882242 0.263053
vt 0.879746 0.250584
vt 0.878513 0.250574
vt 0.879675 0.239012
vt 0.440910 0.505777
vt 0.441690 0.504822
vt 0.425367 0.499879
vt 0.884977 0.263962
vt 0.885000 0.252264
vt 0.881406 0.251192
vt 0.885147 0.239940
vt 0.679155 0.258208
vt 0.673579 0.247072
vt 0.228107 0.527869
vt 0.078132 0.075667
vt 0.079858 0.075627
vt 0.078427 0.093383
vt 0.725135 0.461207
vt 0.480450 0.290281
vt 0.456064 0.323748
vt 0.882222 0.289427
vt 0.878881 0.269920
vt 0.878816 0.291794
vt 0.881859 0.318036
vt 0.882334 0.267532
vt 0.446412 0.501400
vt 0.442987 0.503640
vt 0.429255 0.496067
vt 0.421845 0.941149
vt 0.434171 0.933386
vt 0.446087 0.925383
vt 0.275389 0.208913
vt 0.273459 0.208772
vt 0.275491 0.194473
vt 0.273553 0.194200
vt 0.966839 0.141336
vt 0.969766 0.140894
vt 0.973843 0.157087
vt 0.938003 0.531327
vt 0.935846 0.532119
vt 0.617125 0.118487
vt 0.615619 0.120494
vt 0.617653 0.120368
vt 0.959967 0.655969
vt 0.962857 0.656328
vt 0.959390 0.670278
vt 0.962241 0.670449
vt 0.456189 0.563171
vt 0.969102 0.196019
vt 0.967502 0.173962
vt 0.967280 0.198000
vt 0.969366 0.226671
vt 0.932232 0.514626
vt 0.934597 0.514136
vt 0.668485 0.093514
vt 0.671235 0.093014
vt 0.673089 0.091684
vt 0.630566 0.096852
vt 0.621122 0.110080
vt 0.632234 0.097075
vt 0.673817 0.091372
vt 0.671966 0.079777
vt 0.284665 0.556464
vt 0.267854 0.553369
vt 0.452533 0.797188
vt 0.325866 0.558094
vt 0.340387 0.558176
vt 0.910103 0.757344
vt 0.913545 0.757798
vt 0.977121 0.598077
vt 0.966307 0.613702
vt 0.978810 0.599335
vt 0.940247 0.745950
vt 0.941860 0.773531
vt 0.941860 0.746224
vt 0.663256 0.215001
vt 0.669839 0.245361
vt 0.455635 0.645807
vt 0.439523 0.618199
vt 0.434333 0.648333
vt 0.474682 0.882558
vt 0.472252 0.882029
vt 0.283521 0.272196
vt 0.279258 0.252184
vt 0.907464 0.840568
vt 0.913666 0.867536
vt 0.216481 0.108816
vt 0.211552 0.110310
vt 0.148289 0.076691
vt 0.143681 0.077560
vt 0.148651 0.077863
vt 0.151597 0.444885
vt 0.153480 0.443533
vt 0.151726 0.443806
vt 0.156040 0.126780
vt 0.151597 0.125253
vt 0.151812 0.128062
vt 0.774495 0.211898
vt 0.776951 0.210565
vt 0.774093 0.210640
vt 0.083824 0.076698
vt 0.088124 0.076292
vt 0.687423 0.056020
vt 0.692318 0.060703
vt 0.692125 0.055196
vt 0.965303 0.838711
vt 0.964219 0.839005
vt 0.686702 0.055901
vt 0.687004 0.060780
vt 0.749478 0.053181
vt 0.745762 0.060057
vt 0.750068 0.060300
vt 0.949652 0.415707
vt 0.951032 0.422849
vt 0.950839 0.415349
vt 0.964319 0.775889
vt 0.965509 0.780430
vt 0.965390 0.776226
vt 0.696456 0.793742
vt 0.689747 0.778176
vt 0.690900 0.789969
vt 0.683802 0.800612
vt 0.702511 0.800243
vt 0.340937 0.786450
vt 0.339519 0.782243
vt 0.339242 0.790659
vt 0.347101 0.783879
vt 0.343187 0.780986
vt 0.373671 0.828523
vt 0.378492 0.829505
vt 0.381688 0.833244
vt 0.384849 0.831027
vt 0.382319 0.827196
vt 0.614604 0.737477
vt 0.617457 0.745625
vt 0.619332 0.752821
vt 0.626638 0.735703
vt 0.676604 0.791180
vt 0.683131 0.789816
vt 0.198691 0.113387
vt 0.182409 0.117651
vt 0.198961 0.114612
vt 0.130576 0.076114
vt 0.143475 0.076254
vt 0.167216 0.122712
vt 0.155945 0.123656
vt 0.167548 0.124054
vt 0.182694 0.118957
vt 0.703886 0.054387
vt 0.719043 0.053669
vt 0.964402 0.806254
vt 0.964908 0.821711
vt 0.965509 0.833857
vt 0.733934 0.053115
vt 0.745199 0.052896
vt 0.964891 0.791466
vt 0.964300 0.780275
vt 0.711780 0.808581
vt 0.735097 0.796590
vt 0.723290 0.816757
vt 0.940097 0.299022
vt 0.938492 0.293937
vt 0.938372 0.298748
vt 0.962565 0.833754
vt 0.962472 0.839254
vt 0.776164 0.173989
vt 0.777982 0.171845
vt 0.774261 0.171679
vt 0.371924 0.828617
vt 0.370261 0.825692
vt 0.950483 0.521853
vt 0.977784 0.412447
vt 0.979967 0.420569
vt 0.979700 0.410892
vt 0.674778 0.791958
vt 0.671348 0.788335
vt 0.071755 0.059799
vt 0.151662 0.446643
vt 0.153789 0.444753
vt 0.148772 0.079718
vt 0.231154 0.447094
vt 0.217011 0.039904
vt 0.217249 0.031300
vt 0.007399 0.264392
vt 0.007691 0.331331
vt 0.233839 0.752704
vt 0.755442 0.376880
vt 0.782414 0.487759
vt 0.780201 0.547673
vt 0.784232 0.548699
vt 0.902367 0.778794
vt 0.969605 0.389150
vt 0.433516 0.623282
vt 0.435572 0.620862
vt 0.444268 0.591406
vt 0.399821 0.989358
vt 0.407017 0.972284
vt 0.393881 0.978138
vt 0.675442 0.289741
vt 0.708102 0.309845
vt 0.228830 0.189811
vt 0.245048 0.218276
vt 0.146464 0.452728
vt 0.142789 0.453675
vt 0.909016 0.691801
vt 0.463092 0.094179
vt 0.478862 0.087102
vt 0.904981 0.659126
vt 0.904328 0.693633
vt 0.252009 0.395459
vt 0.254138 0.395531
vt 0.255734 0.358601
vt 0.381983 0.991135
vt 0.681315 0.143275
vt 0.679873 0.143842
vt 0.347633 0.558149
vt 0.347580 0.559219
vt 0.341679 0.560369
vt 0.681128 0.137547
vt 0.680948 0.142114
vt 0.440928 0.593769
vt 0.432340 0.624256
vt 0.885374 0.344451
vt 0.883967 0.318566
vt 0.884367 0.344887
vt 0.911532 0.998655
vt 0.912455 0.973965
vt 0.910483 0.998916
vt 0.648372 0.694110
vt 0.685917 0.122607
vt 0.691397 0.117141
vt 0.686357 0.116604
vt 0.685014 0.117787
vt 0.684595 0.123853
vt 0.873312 0.098487
vt 0.750698 0.150117
vt 0.750370 0.158600
vt 0.496274 0.755013
vt 0.501135 0.742704
vt 0.949690 0.510043
vt 0.258120 0.881478
vt 0.266896 0.914051
vt 0.277742 0.902670
vt 0.610540 0.731944
vt 0.858929 0.892891
vt 0.880893 0.909795
vt 0.602413 0.742176
vt 0.838552 0.215701
vt 0.157549 0.058872
vt 0.771874 0.285991
vt 0.769462 0.283936
vt 0.771874 0.265152
vt 0.769539 0.263038
vt 0.071997 0.054671
vt 0.073284 0.049359
vt 0.071335 0.054851
vt 0.260984 0.551129
vt 0.268016 0.552429
vt 0.261161 0.550176
vt 0.259438 0.549306
vt 0.071754 0.057378
vt 0.750535 0.105252
vt 0.747634 0.126050
vt 0.750698 0.130521
vt 0.950169 0.491010
vt 0.951434 0.467488
vt 0.949909 0.466450
vt 0.686674 0.088764
vt 0.690420 0.074523
vt 0.686787 0.072973
vt 0.685637 0.061173
vt 0.685243 0.073657
vt 0.152044 0.118584
vt 0.152874 0.109396
vt 0.784016 0.212547
vt 0.793441 0.211020
vt 0.783891 0.210720
vt 0.777234 0.212219
vt 0.155859 0.075494
vt 0.156813 0.065047
vt 0.828066 0.214418
vt 0.815888 0.211852
vt 0.815637 0.213832
vt 0.156711 0.443594
vt 0.218091 0.103686
vt 0.216873 0.098295
vt 0.216863 0.103887
vt 0.216764 0.107051
vt 0.216917 0.057056
vt 0.217996 0.075217
vt 0.218002 0.055985
vt 0.216898 0.075819
vt 0.750373 0.079751
vt 0.951235 0.442249
vt 0.949641 0.441665
vt 0.949508 0.422727
vt 0.686571 0.104316
vt 0.689982 0.103161
vt 0.685195 0.089628
vt 0.685166 0.105358
vt 0.153809 0.099033
vt 0.154815 0.087671
vt 0.804128 0.211380
vt 0.804024 0.213334
vt 0.793419 0.212910
vt 0.216884 0.089253
vt 0.218054 0.098064
vt 0.218019 0.088910
vt 0.916862 0.996853
vt 0.913239 0.997785
vt 0.883486 0.367682
vt 0.882260 0.344312
vt 0.878502 0.320314
vt 0.878957 0.346425
vt 0.235978 0.862204
vt 0.245808 0.895658
vt 0.937952 0.880057
vt 0.484292 0.889440
vt 0.635676 0.940062
vt 0.622438 0.934231
vt 0.610580 0.143591
vt 0.597773 0.150007
vt 0.598328 0.151706
vt 0.340902 0.542181
vt 0.678081 0.143099
vt 0.679122 0.141385
vt 0.680677 0.136530
vt 0.346117 0.557144
vt 0.617184 0.116138
vt 0.615089 0.118618
vt 0.936817 0.529173
vt 0.934666 0.529948
vt 0.933479 0.524946
vt 0.619175 0.110134
vt 0.615144 0.116276
vt 0.262715 0.548751
vt 0.261161 0.546932
vt 0.259625 0.548348
vt 0.738006 0.719030
vt 0.739166 0.699093
vt 0.737154 0.698645
vt 0.745373 0.680847
vt 0.743689 0.679508
vt 0.746733 0.737530
vt 0.763080 0.748798
vt 0.748695 0.735787
vt 0.761613 0.751302
vt 0.758302 0.666610
vt 0.757122 0.664750
vt 0.775582 0.658129
vt 0.775065 0.656046
vt 0.795129 0.655071
vt 0.794846 0.657154
vt 0.813126 0.663304
vt 0.814192 0.661482
vt 0.824021 0.102851
vt 0.809442 0.085905
vt 0.804638 0.100587
vt 0.797291 0.089751
vt 0.789159 0.099726
vt 0.799408 0.119658
vt 0.820219 0.123867
vt 0.842603 0.092692
vt 0.842197 0.108229
vt 0.840198 0.127908
vt 0.855956 0.113317
vt 0.852156 0.100956
vt 0.830187 0.075523
vt 0.831605 0.060080
vt 0.829241 0.060129
vt 0.831097 0.041306
vt 0.828732 0.041301
vt 0.827839 0.059871
vt 0.828773 0.075097
vt 0.848500 0.059728
vt 0.850933 0.075293
vt 0.850428 0.060040
vt 0.847992 0.041336
vt 0.846134 0.059777
vt 0.847082 0.074884
vt 0.849447 0.074794
vt 0.794821 0.085959
vt 0.810738 0.079461
vt 0.826669 0.086443
vt 0.827862 0.079423
vt 0.810358 0.077731
vt 0.782689 0.098557
vt 0.782904 0.116320
vt 0.781181 0.097568
vt 0.774073 0.114533
vt 0.775852 0.114893
vt 0.843615 0.086206
vt 0.855765 0.098428
vt 0.844564 0.084748
vt 0.862086 0.114712
vt 0.855448 0.130993
vt 0.862080 0.132334
vt 0.863789 0.132680
vt 0.863788 0.114376
vt 0.302681 0.074474
vt 0.305436 0.056613
vt 0.302030 0.056654
vt 0.301791 0.037420
vt 0.297875 0.037468
vt 0.298115 0.056701
vt 0.298764 0.074517
vt 0.776113 0.022822
vt 0.777787 0.042447
vt 0.778487 0.022900
vt 0.777585 0.005055
vt 0.776187 0.005357
vt 0.774733 0.022925
vt 0.775411 0.042422
vt 0.795453 0.023461
vt 0.796117 0.042749
vt 0.796828 0.023336
vt 0.796925 0.006021
vt 0.794550 0.005903
vt 0.793077 0.023383
vt 0.794751 0.042626
vt 0.307818 0.056584
vt 0.305196 0.037380
vt 0.306085 0.074436
vt 0.308470 0.074410
vt 0.309268 0.056442
vt 0.309032 0.037454
vt 0.307579 0.037351
vt 0.289059 0.006076
vt 0.287211 0.019400
vt 0.288411 0.019840
vt 0.287096 0.037376
vt 0.290554 0.037556
vt 0.290795 0.019811
vt 0.842248 0.041326
vt 0.838870 0.059929
vt 0.842756 0.059847
vt 0.839817 0.075159
vt 0.843703 0.075012
vt 0.845627 0.041332
vt 0.789684 0.023270
vt 0.787255 0.005538
vt 0.785782 0.023141
vt 0.788983 0.042565
vt 0.792376 0.042601
vt 0.791157 0.005733
vt 0.294200 0.019771
vt 0.298115 0.019724
vt 0.294849 0.006013
vt 0.291444 0.006050
vt 0.293960 0.037515
vt 0.294849 0.074560
vt 0.294199 0.056748
vt 0.291444 0.074597
vt 0.307820 0.019607
vt 0.306086 0.005889
vt 0.305436 0.019635
vt 0.309269 0.019937
vt 0.308470 0.005863
vt 0.302032 0.019676
vt 0.302681 0.005927
vt 0.298765 0.005970
vt 0.781881 0.023013
vt 0.779960 0.005174
vt 0.781180 0.042483
vt 0.785081 0.042524
vt 0.783353 0.005344
vt 0.834477 0.041312
vt 0.834985 0.060010
vt 0.832553 0.075433
vt 0.835932 0.075306
vt 0.838362 0.041319
vt 0.338656 0.792356
vt 0.336274 0.792564
vt 0.931797 0.842639
vt 0.620462 0.755503
vt 0.614560 0.760831
vt 0.962951 0.563988
vt 0.632234 0.149565
vt 0.629957 0.151610
vt 0.631828 0.151706
vt 0.942759 0.265408
vt 0.964702 0.275151
vt 0.964909 0.250021
vt 0.964443 0.205660
vt 0.343360 0.517481
vt 0.344225 0.517778
vt 0.171974 0.481364
vt 0.184878 0.480987
vt 0.651984 0.162786
vt 0.652905 0.162996
vt 0.846603 0.214756
vt 0.674089 0.142983
vt 0.676770 0.144312
vt 0.317987 0.799730
vt 0.326040 0.795092
vt 0.304929 0.805023
vt 0.844428 0.179727
vt 0.843930 0.181557
vt 0.824712 0.177354
vt 0.630198 0.149616
vt 0.564895 0.725180
vt 0.552141 0.837469
vt 0.635953 0.764152
vt 0.649203 0.771509
vt 0.625583 0.757452
vt 0.804445 0.209356
vt 0.005861 0.207849
vt 0.019569 0.262224
vt 0.279997 0.469039
vt 0.544171 0.428658
vt 0.776967 0.208642
vt 0.428197 0.446328
vt 0.431962 0.431380
vt 0.422285 0.433408
vt 0.256143 0.395819
vt 0.240899 0.442326
vt 0.242700 0.443380
vt 0.261640 0.479356
vt 0.915904 0.075478
vt 0.898022 0.073916
vt 0.131007 0.179815
vt 0.141365 0.144409
vt 0.130766 0.138581
vt 0.617374 0.452448
vt 0.426545 0.112851
vt 0.102102 0.116268
vt 0.980056 0.512567
vt 0.978311 0.479183
vt 0.332465 0.793857
vt 0.326584 0.796243
vt 0.485497 0.145637
vt 0.364692 0.819380
vt 0.358019 0.810090
vt 0.356945 0.811040
vt 0.661702 0.781567
vt 0.648888 0.773043
vt 0.853437 0.221256
vt 0.875444 0.194661
vt 0.601848 0.775965
vt 0.585757 0.795971
vt 0.268146 0.819931
vt 0.285671 0.812827
vt 0.964702 0.294354
vt 0.348749 0.802032
vt 0.342014 0.794942
vt 0.784038 0.208743
vt 0.793713 0.209024
vt 0.952869 0.422830
vt 0.147481 0.146184
vt 0.937195 0.836313
vt 0.937269 0.842011
vt 0.702053 0.530277
vt 0.700708 0.503801
vt 0.684260 0.106816
vt 0.943140 0.250756
vt 0.944219 0.249663
vt 0.965112 0.301619
vt 0.403220 0.489008
vt 0.444904 0.457705
vt 0.447706 0.441529
vt 0.438227 0.444248
vt 0.283102 0.400901
vt 0.737227 0.565184
vt 0.238998 0.441600
vt 0.949079 0.520224
vt 0.260324 0.545089
vt 0.262514 0.544403
vt 0.261641 0.542564
vt 0.258803 0.546500
vt 0.258604 0.547464
vt 0.157568 0.481876
vt 0.163150 0.481633
vt 0.071096 0.057557
vt 0.071097 0.059974
vt 0.774042 0.208850
vt 0.083653 0.077862
vt 0.083711 0.079693
vt 0.952577 0.415089
vt 0.962593 0.775773
vt 0.494608 0.782128
vt 0.060943 0.347665
vt 0.074131 0.274536
vt 0.933073 0.732817
vt 0.419914 0.965883
vt 0.439061 0.969816
vt 0.432473 0.958845
vt 0.259541 0.478000
vt 0.154392 0.482176
vt 0.274002 0.136262
vt 0.273100 0.107056
vt 0.273401 0.136813
vt 0.133985 0.456343
vt 0.117886 0.463014
vt 0.456317 0.942727
vt 0.505929 0.279692
vt 0.497432 0.260992
vt 0.501871 0.284134
vt 0.555139 0.245613
vt 0.501296 0.255986
vt 0.483110 0.257749
vt 0.470045 0.260362
vt 0.936870 0.775699
vt 0.116498 0.174180
vt 0.279980 0.050870
vt 0.281184 0.050065
vt 0.163285 0.050319
vt 0.367238 0.309898
vt 0.374609 0.315499
vt 0.142139 0.217427
vt 0.131938 0.256957
vt 0.143281 0.259805
vt 0.544470 0.201211
vt 0.494806 0.195552
vt 0.116444 0.116315
vt 0.736494 0.125808
vt 0.740201 0.115684
vt 0.732733 0.105548
vt 0.729262 0.111125
vt 0.707399 0.117119
vt 0.717135 0.112308
vt 0.710947 0.109786
vt 0.699852 0.110522
vt 0.717488 0.122120
vt 0.696803 0.090926
vt 0.696908 0.101367
vt 0.706124 0.105561
vt 0.703705 0.099701
vt 0.703403 0.093117
vt 0.697769 0.080467
vt 0.690066 0.088950
vt 0.704929 0.086723
vt 0.728054 0.126484
vt 0.723651 0.113066
vt 0.223571 0.089069
vt 0.233880 0.085248
vt 0.223009 0.085373
vt 0.085630 0.070125
vt 0.097228 0.073946
vt 0.096619 0.070210
vt 0.366579 0.071276
vt 0.356144 0.066230
vt 0.355671 0.071024
vt 0.354763 0.075024
vt 0.233880 0.076527
vt 0.223570 0.072088
vt 0.223009 0.076154
vt 0.367026 0.062174
vt 0.356143 0.061403
vt 0.222822 0.080825
vt 0.097982 0.065616
vt 0.096289 0.060775
vt 0.096298 0.065571
vt 0.098329 0.070609
vt 0.706384 0.093944
vt 0.706731 0.098928
vt 0.708842 0.103408
vt 0.354547 0.066160
vt 0.354546 0.060964
vt 0.715579 0.083163
vt 0.720419 0.078517
vt 0.711187 0.085386
vt 0.220838 0.080862
vt 0.221039 0.075835
vt 0.730829 0.092051
vt 0.734220 0.098025
vt 0.728718 0.087571
vt 0.665960 0.068162
vt 0.668053 0.072697
vt 0.667913 0.068130
vt 0.668052 0.063472
vt 0.666109 0.063148
vt 0.721982 0.107817
vt 0.726372 0.105593
vt 0.221641 0.071457
vt 0.666558 0.077112
vt 0.666110 0.073078
vt 0.729564 0.101774
vt 0.731175 0.097034
vt 0.353997 0.056550
vt 0.355633 0.057302
vt 0.221641 0.089735
vt 0.221038 0.085756
vt 0.725036 0.084341
vt 0.720438 0.082745
vt 0.707996 0.089204
vt 0.707690 0.094145
vt 0.709188 0.089742
vt 0.712152 0.086194
vt 0.666557 0.058821
vt 0.668467 0.059451
vt 0.098329 0.055924
vt 0.097973 0.060453
vt 0.712524 0.106637
vt 0.717122 0.108233
vt 0.678996 0.063779
vt 0.085325 0.065737
vt 0.233703 0.080946
vt 0.678997 0.072505
vt 0.085317 0.061200
vt 0.668469 0.076445
vt 0.679391 0.076050
vt 0.083937 0.069671
vt 0.083661 0.065683
vt 0.083653 0.061558
vt 0.368592 0.062657
vt 0.367027 0.066741
vt 0.368592 0.066808
vt 0.368186 0.070931
vt 0.235874 0.076885
vt 0.235713 0.080902
vt 0.235874 0.084811
vt 0.680955 0.064141
vt 0.678865 0.068185
vt 0.680837 0.068146
vt 0.680956 0.072074
vt 0.681315 0.075297
vt 0.234410 0.072681
vt 0.236356 0.073388
vt 0.234410 0.088744
vt 0.236356 0.087990
vt 0.366543 0.058295
vt 0.368152 0.059131
vt 0.935354 0.586853
vt 0.939763 0.586277
vt 0.085630 0.057220
vt 0.083938 0.057939
vt 0.679390 0.059977
vt 0.681315 0.060684
vt 0.701753 0.553205
vt 0.413530 0.983326
vt 0.430716 0.983763
vt 0.426565 0.976850
vt 0.535653 0.728409
vt 0.837798 0.788774
vt 0.838680 0.826941
vt 0.849975 0.852758
vt 0.612279 0.133487
vt 0.609916 0.141712
vt 0.050109 0.099568
vt 0.033349 0.101236
vt 0.050149 0.101358
vt 0.063458 0.099559
vt 0.046231 0.400559
vt 0.594951 0.294193
vt 0.625260 0.376821
vt 0.597341 0.351591
vt 0.597624 0.376890
vt 0.352836 0.108012
vt 0.362277 0.146293
vt 0.354036 0.106905
vt 0.577818 0.401791
vt 0.359556 0.229185
vt 0.374062 0.258875
vt 0.321410 0.309538
vt 0.339891 0.309717
vt 0.341042 0.308418
vt 0.357340 0.309237
vt 0.358833 0.308118
vt 0.612921 0.034272
vt 0.588889 0.040003
vt 0.612481 0.042052
vt 0.919317 0.194963
vt 0.901205 0.219427
vt 0.923720 0.217699
vt 0.588437 0.052408
vt 0.589916 0.052988
vt 0.590143 0.068534
vt 0.591404 0.069549
vt 0.845383 0.338690
vt 0.605806 0.533536
vt 0.623713 0.546771
vt 0.578568 0.195804
vt 0.294302 0.695251
vt 0.288340 0.701888
vt 0.297346 0.698247
vt 0.299627 0.692936
vt 0.296088 0.691036
vt 0.291977 0.692925
vt 0.286781 0.698288
vt 0.292532 0.270641
vt 0.300736 0.271636
vt 0.301507 0.269510
vt 0.312836 0.269961
vt 0.312873 0.267976
vt 0.815291 0.927582
vt 0.836905 0.908346
vt 0.826504 0.902014
vt 0.834975 0.882238
vt 0.828141 0.883877
vt 0.820697 0.902924
vt 0.384237 0.141628
vt 0.975345 0.987945
vt 0.978116 0.963918
vt 0.976301 0.963088
vt 0.979184 0.930478
vt 0.977416 0.930468
vt 0.826420 0.987542
vt 0.843218 0.983678
vt 0.827027 0.981208
vt 0.804615 0.983511
vt 0.116283 0.209189
vt 0.101938 0.249849
vt 0.117002 0.253647
vt 0.158799 0.050798
vt 0.249912 0.130230
vt 0.269247 0.140465
vt 0.270355 0.132088
vt 0.635574 0.295373
vt 0.001927 0.383497
vt 0.297717 0.650480
vt 0.301285 0.661660
vt 0.300620 0.648150
vt 0.305401 0.660579
vt 0.304302 0.644958
vt 0.300039 0.638039
vt 0.297264 0.641635
vt 0.784621 0.851561
vt 0.801282 0.855263
vt 0.784532 0.846239
vt 0.791920 0.839285
vt 0.771813 0.839628
vt 0.773464 0.846067
vt 0.260581 0.648621
vt 0.245817 0.650380
vt 0.247032 0.654124
vt 0.234216 0.649243
vt 0.234711 0.659134
vt 0.248001 0.656844
vt 0.261459 0.651350
vt 0.099831 0.471301
vt 0.622286 0.401455
vt 0.016153 0.333297
vt 0.003395 0.384038
vt 0.979931 0.330642
vt 0.992446 0.326731
vt 0.979598 0.324558
vt 0.992376 0.323295
vt 0.979424 0.320574
vt 0.963457 0.321453
vt 0.964016 0.328209
vt 0.192214 0.272196
vt 0.875125 0.475041
vt 0.256388 0.590065
vt 0.264931 0.583616
vt 0.227953 0.131066
vt 0.248062 0.137714
vt 0.222816 0.653419
vt 0.247306 0.597034
vt 0.131034 0.213651
vt 0.025731 0.131392
vt 0.584810 0.920760
vt 0.264115 0.707439
vt 0.243847 0.712338
vt 0.244333 0.715426
vt 0.225998 0.719546
vt 0.226337 0.722697
vt 0.245270 0.719302
vt 0.265123 0.711275
vt 0.386245 0.998916
vt 0.403539 0.996670
vt 0.417598 0.990380
vt 0.950874 0.345728
vt 0.940928 0.356662
vt 0.952030 0.358292
vt 0.941961 0.367090
vt 0.953127 0.369369
vt 0.966615 0.361569
vt 0.965568 0.347829
vt 0.835863 0.755557
vt 0.855049 0.738780
vt 0.846217 0.736137
vt 0.837685 0.733341
vt 0.824566 0.749982
vt 0.819516 0.774648
vt 0.847694 0.760816
vt 0.712136 0.862436
vt 0.711489 0.891058
vt 0.724383 0.866241
vt 0.723719 0.842326
vt 0.699353 0.885392
vt 0.853665 0.713926
vt 0.863320 0.714869
vt 0.844401 0.713126
vt 0.312099 0.020753
vt 0.313129 0.039542
vt 0.313273 0.020989
vt 0.315494 0.039539
vt 0.315639 0.020986
vt 0.313661 0.005360
vt 0.116586 0.131491
vt 0.568802 0.324996
vt 0.852937 0.930482
vt 0.871440 0.940481
vt 0.862845 0.918706
vt 0.825207 0.932701
vt 0.842560 0.948966
vt 0.868372 0.953698
vt 0.778295 0.486887
vt 0.391298 0.131915
vt 0.267252 0.123227
vt 0.268374 0.112118
vt 0.266547 0.111926
vt 0.267902 0.097304
vt 0.266081 0.097109
vt 0.289143 0.275343
vt 0.289180 0.310607
vt 0.292003 0.275676
vt 0.736336 0.906049
vt 0.752996 0.877472
vt 0.750581 0.873147
vt 0.763693 0.853495
vt 0.761701 0.847993
vt 0.745243 0.868707
vt 0.730728 0.901468
vt 0.241439 0.121458
vt 0.017548 0.099376
vt 0.005787 0.101008
vt 0.017543 0.101151
vt 0.033324 0.099461
vt 0.016020 0.387294
vt 0.366165 0.179325
vt 0.978569 0.872983
vt 0.976491 0.862467
vt 0.477405 0.918256
vt 0.385787 0.479963
vt 0.363409 0.450962
vt 0.030176 0.393292
vt 0.781302 0.787472
vt 0.776465 0.765368
vt 0.764506 0.782190
vt 0.749543 0.802987
vt 0.762256 0.808491
vt 0.236671 0.321351
vt 0.325608 0.945141
vt 0.297987 0.919406
vt 0.325002 0.946027
vt 0.002585 0.064231
vt 0.005796 0.099241
vt 0.007253 0.064381
vt 0.323714 0.947311
vt 0.294247 0.922443
vt 0.322056 0.949459
vt 0.292230 0.312423
vt 0.292484 0.310660
vt 0.297821 0.312262
vt 0.298192 0.310563
vt 0.084491 0.672681
vt 0.114461 0.692928
vt 0.870830 0.920681
vt 0.879710 0.947287
vt 0.663831 0.946282
vt 0.682331 0.944408
vt 0.669747 0.937022
vt 0.651489 0.939402
vt 0.582014 0.455268
vt 0.909175 0.142401
vt 0.902618 0.154127
vt 0.912663 0.153510
vt 0.902092 0.164442
vt 0.915857 0.164685
vt 0.920286 0.148744
vt 0.688432 0.135067
vt 0.683482 0.134040
vt 0.704267 0.960513
vt 0.694227 0.953113
vt 0.621610 0.708231
vt 0.593665 0.718520
vt 0.953178 0.916787
vt 0.951629 0.898441
vt 0.951569 0.918019
vt 0.952338 0.942378
vt 0.892277 0.153547
vt 0.890950 0.140699
vt 0.884034 0.150038
vt 0.888033 0.163765
vt 0.896519 0.143353
vt 0.892406 0.652311
vt 0.885071 0.663427
vt 0.892086 0.664969
vt 0.491769 0.766382
vt 0.888175 0.641148
vt 0.886194 0.652557
vt 0.117316 0.691016
vt 0.023655 0.805882
vt 0.043906 0.791895
vt 0.792045 0.968383
vt 0.800680 0.952009
vt 0.799350 0.950064
vt 0.810590 0.927494
vt 0.808881 0.926326
vt 0.339845 0.102549
vt 0.338665 0.103690
vt 0.128215 0.804839
vt 0.145016 0.832033
vt 0.157279 0.814436
vt 0.208738 0.528032
vt 0.612687 0.556497
vt 0.384881 0.399625
vt 0.397678 0.957551
vt 0.237614 0.308619
vt 0.477478 0.476905
vt 0.468250 0.465562
vt 0.463835 0.467301
vt 0.365615 0.310942
vt 0.364029 0.311671
vt 0.574332 0.541677
vt 0.872370 0.767773
vt 0.854323 0.763071
vt 0.879464 0.632788
vt 0.864868 0.632440
vt 0.876714 0.639602
vt 0.844088 0.642239
vt 0.861847 0.639909
vt 0.848666 0.632412
vt 0.852464 0.625136
vt 0.875182 0.647524
vt 0.884143 0.644512
vt 0.860598 0.739955
vt 0.806286 0.567457
vt 0.900312 0.089938
vt 0.886395 0.097380
vt 0.136569 0.658566
vt 0.143835 0.639113
vt 0.138080 0.659024
vt 0.145664 0.638962
vt 0.148844 0.623271
vt 0.625879 0.490995
vt 0.170484 0.550572
vt 0.796984 0.972865
vt 0.790195 0.978637
vt 0.793943 0.980851
vt 0.891092 0.610795
vt 0.926791 0.056401
vt 0.933013 0.063569
vt 0.931673 0.052206
vt 0.807090 0.975785
vt 0.855031 0.368286
vt 0.833007 0.344604
vt 0.324032 0.268413
vt 0.323789 0.266510
vt 0.211583 0.844530
vt 0.224795 0.879383
vt 0.582071 0.167553
vt 0.107450 0.682143
vt 0.115377 0.691102
vt 0.711285 0.963982
vt 0.711247 0.974678
vt 0.582466 0.917265
vt 0.869568 0.715651
vt 0.688017 0.502952
vt 0.689440 0.525067
vt 0.238421 0.117070
vt 0.220838 0.107073
vt 0.224970 0.128062
vt 0.489601 0.526532
vt 0.481776 0.551715
vt 0.947298 0.062749
vt 0.949398 0.080189
vt 0.957707 0.065605
vt 0.980847 0.351145
vt 0.981460 0.366920
vt 0.967627 0.373951
vt 0.982086 0.381272
vt 0.993019 0.371982
vt 0.992857 0.354236
vt 0.387938 0.188235
vt 0.366034 0.222703
vt 0.715470 0.148274
vt 0.900102 0.622266
vt 0.710888 0.646278
vt 0.285852 0.931958
vt 0.147156 0.616334
vt 0.135965 0.615570
vt 0.820709 0.569676
vt 0.868563 0.596064
vt 0.297334 0.276021
vt 0.940509 0.876298
vt 0.963454 0.846999
vt 0.447436 0.484344
vt 0.467736 0.489335
vt 0.485424 0.087039
vt 0.488565 0.076729
vt 0.364439 0.078241
vt 0.818703 0.863615
vt 0.825639 0.872351
vt 0.832220 0.870230
vt 0.820705 0.854007
vt 0.814049 0.866374
vt 0.201793 0.863685
vt 0.185210 0.828137
vt 0.174741 0.847025
vt 0.116830 0.666114
vt 0.134144 0.657346
vt 0.124127 0.649580
vt 0.978127 0.860826
vt 0.964917 0.845209
vt 0.765929 0.155530
vt 0.006229 0.748862
vt 0.867057 0.821871
vt 0.408051 0.291988
vt 0.403396 0.283431
vt 0.401550 0.284716
vt 0.519428 0.355639
vt 0.524912 0.379350
vt 0.528282 0.378910
vt 0.533606 0.403272
vt 0.245514 0.780134
vt 0.357043 0.225789
vt 0.445676 0.427426
vt 0.441105 0.428744
vt 0.436192 0.415836
vt 0.236054 0.600551
vt 0.239079 0.588049
vt 0.230604 0.594477
vt 0.213419 0.026443
vt 0.217873 0.022667
vt 0.238673 0.750698
vt 0.232453 0.739408
vt 0.229859 0.740483
vt 0.230531 0.728992
vt 0.221635 0.731547
vt 0.218034 0.722782
vt 0.235733 0.661859
vt 0.259482 0.578081
vt 0.396895 0.883050
vt 0.441745 0.266953
vt 0.400503 0.222600
vt 0.414393 0.273175
vt 0.876334 0.192958
vt 0.459443 0.453565
vt 0.454597 0.454945
vt 0.452445 0.440170
vt 0.253140 0.824716
vt 0.246788 0.758880
vt 0.241163 0.749666
vt 0.504827 0.309963
vt 0.509992 0.333158
vt 0.565239 0.297005
vt 0.511403 0.304114
vt 0.152919 0.148820
vt 0.878502 0.189238
vt 0.885247 0.204816
vt 0.885247 0.182010
vt 0.540549 0.429170
vt 0.887415 0.179969
vt 0.890143 0.209461
vt 0.890143 0.179137
vt 0.224472 0.606537
vt 0.146617 0.219580
vt 0.147568 0.262224
vt 0.052288 0.258318
vt 0.593059 0.565289
vt 0.604889 0.562759
vt 0.454984 0.470698
vt 0.906950 0.736627
vt 0.628738 0.454115
vt 0.358249 0.227537
vt 0.081486 0.251316
vt 0.067070 0.255959
vt 0.434365 0.459750
vt 0.280167 0.587384
vt 0.267678 0.586249
vt 0.282840 0.589159
vt 0.491769 0.241264
vt 0.493590 0.238308
vt 0.993247 0.388177
vt 0.375163 0.260539
vt 0.383090 0.257124
vt 0.927324 0.217874
vt 0.100869 0.204974
vt 0.560620 0.270593
vt 0.015879 0.265667
vt 0.487197 0.256698
vt 0.427248 0.418419
vt 0.417707 0.420399
vt 0.090159 0.246962
vt 0.833165 0.967112
vt 0.859643 0.966032
vt 0.814612 0.957015
vt 0.851610 0.977715
vt 0.868749 0.973559
vt 0.580581 0.113686
vt 0.591166 0.103121
vt 0.590696 0.102038
vt 0.546410 0.159604
vt 0.628157 0.351298
vt 0.890848 0.480690
vt 0.410489 0.950724
vt 0.230414 0.633288
vt 0.232553 0.614178
vt 0.268432 0.081947
vt 0.266617 0.081755
vt 0.269116 0.069858
vt 0.267321 0.069633
vt 0.722197 0.896443
vt 0.735965 0.867368
vt 0.747590 0.843809
vt 0.735999 0.845068
vt 0.270098 0.644755
vt 0.278500 0.644383
vt 0.278298 0.641426
vt 0.269022 0.640989
vt 0.259369 0.644896
vt 0.270843 0.647514
vt 0.353751 0.231894
vt 0.930064 0.218224
vt 0.296506 0.920488
vt 0.706830 0.927961
vt 0.715872 0.934703
vt 0.695767 0.920303
vt 0.722168 0.938768
vt 0.715474 0.964625
vt 0.725873 0.940414
vt 0.739395 0.909035
vt 0.980245 0.871556
vt 0.896779 0.195341
vt 0.914375 0.175423
vt 0.593323 0.098500
vt 0.683406 0.913490
vt 0.928553 0.076364
vt 0.928282 0.067582
vt 0.914852 0.081916
vt 0.238772 0.603583
vt 0.275015 0.582818
vt 0.344073 0.901154
vt 0.098379 0.798896
vt 0.113994 0.821339
vt 0.385327 0.362496
vt 0.848781 0.988788
vt 0.804656 0.810087
vt 0.794091 0.795872
vt 0.802009 0.765012
vt 0.769719 0.815260
vt 0.352566 0.230200
vt 0.341994 0.231710
vt 0.329932 0.234515
vt 0.814775 0.832814
vt 0.804181 0.850172
vt 0.949876 0.334847
vt 0.949024 0.325551
vt 0.938803 0.333426
vt 0.939824 0.344575
vt 0.964711 0.336855
vt 0.923361 0.136879
vt 0.914024 0.138630
vt 0.930172 0.141450
vt 0.930355 0.118692
vt 0.923627 0.121597
vt 0.916480 0.132083
vt 0.286776 0.641002
vt 0.287895 0.637530
vt 0.293478 0.638550
vt 0.295864 0.634594
vt 0.289246 0.632805
vt 0.277930 0.637384
vt 0.948311 0.317748
vt 0.963133 0.316696
vt 0.947887 0.312047
vt 0.937081 0.314621
vt 0.937883 0.323384
vt 0.302394 0.675751
vt 0.298823 0.685218
vt 0.303043 0.686841
vt 0.307290 0.676550
vt 0.298612 0.675089
vt 0.980342 0.339279
vt 0.992565 0.332447
vt 0.992704 0.341336
vt 0.278539 0.705851
vt 0.277493 0.702039
vt 0.276746 0.699068
vt 0.263467 0.704424
vt 0.306953 0.311840
vt 0.307480 0.310221
vt 0.320638 0.311032
vt 0.483589 0.425559
vt 0.485313 0.442293
vt 0.486209 0.424900
vt 0.487181 0.442677
vt 0.487974 0.424566
vt 0.487276 0.411559
vt 0.484780 0.412719
vt 0.413544 0.377291
vt 0.804776 0.953154
vt 0.793153 0.970909
vt 0.076924 0.669985
vt 0.068990 0.682847
vt 0.078481 0.672108
vt 0.079380 0.673670
vt 0.082095 0.672113
vt 0.081758 0.670184
vt 0.114622 0.694640
vt 0.116264 0.693779
vt 0.035532 0.779092
vt 0.047312 0.789482
vt 0.036937 0.778074
vt 0.030268 0.766074
vt 0.914275 0.393154
vt 0.909870 0.422931
vt 0.913406 0.423939
vt 0.915122 0.424482
vt 0.916028 0.393664
vt 0.918072 0.363533
vt 0.916280 0.363063
vt 0.910777 0.392292
vt 0.676794 0.467958
vt 0.921427 0.540349
vt 0.920976 0.553876
vt 0.925297 0.541540
vt 0.927114 0.541879
vt 0.928855 0.526476
vt 0.927086 0.525936
vt 0.918295 0.336126
vt 0.912785 0.362322
vt 0.920103 0.336505
vt 0.922481 0.310194
vt 0.920685 0.309922
vt 0.768800 0.157658
vt 0.767986 0.153989
vt 0.488252 0.284118
vt 0.486501 0.287033
vt 0.489211 0.285379
vt 0.769133 0.153021
vt 0.767566 0.138754
vt 0.126223 0.589457
vt 0.149901 0.611790
vt 0.150846 0.612069
vt 0.483894 0.288759
vt 0.484869 0.286143
vt 0.770273 0.158927
vt 0.768783 0.161278
vt 0.189904 0.826670
vt 0.216166 0.843191
vt 0.194026 0.827226
vt 0.165400 0.812469
vt 0.161745 0.812571
vt 0.239792 0.860422
vt 0.261053 0.879234
vt 0.242728 0.860525
vt 0.220204 0.843985
vt 0.952061 0.080522
vt 0.953805 0.080684
vt 0.960482 0.066176
vt 0.962716 0.712086
vt 0.969281 0.724723
vt 0.965635 0.711444
vt 0.971117 0.723655
vt 0.967614 0.710728
vt 0.964166 0.698265
vt 0.961230 0.698541
vt 0.063541 0.063979
vt 0.050436 0.064225
vt 0.488240 0.328895
vt 0.489009 0.330480
vt 0.489211 0.328411
vt 0.115548 0.695105
vt 0.116430 0.695507
vt 0.122850 0.587691
vt 0.125074 0.584380
vt 0.124747 0.587528
vt 0.126712 0.584756
vt 0.487423 0.333569
vt 0.487736 0.342613
vt 0.489211 0.333139
vt 0.976075 0.026123
vt 0.976198 0.035401
vt 0.978775 0.027317
vt 0.980297 0.028389
vt 0.980859 0.025326
vt 0.979606 0.023687
vt 0.165405 0.570839
vt 0.179388 0.564639
vt 0.488108 0.381798
vt 0.487740 0.399965
vt 0.489211 0.400495
vt 0.384125 0.961441
vt 0.396513 0.955104
vt 0.277033 0.165784
vt 0.281029 0.153149
vt 0.279324 0.152244
vt 0.283420 0.138980
vt 0.044809 0.708916
vt 0.028619 0.736924
vt 0.047763 0.708828
vt 0.863788 0.074983
vt 0.861935 0.040958
vt 0.862147 0.075523
vt 0.070466 0.683860
vt 0.066742 0.681524
vt 0.123326 0.589912
vt 0.120419 0.589029
vt 0.383891 0.959214
vt 0.396314 0.954141
vt 0.395863 0.953161
vt 0.968631 0.710646
vt 0.966254 0.697881
vt 0.972180 0.723561
vt 0.368847 0.962283
vt 0.384171 0.960287
vt 0.926421 0.505748
vt 0.930064 0.526704
vt 0.049681 0.787460
vt 0.073645 0.792456
vt 0.074625 0.791592
vt 0.104812 0.795353
vt 0.105968 0.794588
vt 0.921037 0.480916
vt 0.925271 0.505524
vt 0.408847 0.947536
vt 0.408324 0.946603
vt 0.965927 0.684328
vt 0.964987 0.684338
vt 0.967226 0.697823
vt 0.281641 0.899446
vt 0.298821 0.918647
vt 0.282493 0.898694
vt 0.926674 0.282343
vt 0.925563 0.282215
vt 0.923586 0.310361
vt 0.263791 0.877810
vt 0.978869 0.036118
vt 0.981177 0.028685
vt 0.127476 0.585037
vt 0.133956 0.581251
vt 0.125622 0.587513
vt 0.981722 0.025721
vt 0.244131 0.860154
vt 0.262804 0.878471
vt 0.921190 0.336719
vt 0.919136 0.363798
vt 0.221994 0.843861
vt 0.951429 0.968260
vt 0.612481 0.061923
vt 0.612702 0.087796
vt 0.483617 0.357210
vt 0.482935 0.355380
vt 0.482923 0.357768
vt 0.125310 0.589553
vt 0.925604 0.194759
vt 0.346773 0.956441
vt 0.347080 0.955417
vt 0.368824 0.961164
vt 0.920640 0.174457
vt 0.924435 0.194894
vt 0.180450 0.565799
vt 0.167340 0.572476
vt 0.181013 0.566404
vt 0.954683 0.080722
vt 0.962269 0.066557
vt 0.770350 0.155654
vt 0.769975 0.152729
vt 0.082005 0.672997
vt 0.079602 0.674428
vt 0.071106 0.684435
vt 0.769188 0.138433
vt 0.149235 0.577026
vt 0.134620 0.581811
vt 0.149891 0.577617
vt 0.972050 0.050266
vt 0.977978 0.035927
vt 0.971148 0.050144
vt 0.963172 0.066633
vt 0.166685 0.571927
vt 0.487945 0.442626
vt 0.488544 0.424015
vt 0.138934 0.659375
vt 0.129506 0.677535
vt 0.130411 0.677951
vt 0.122193 0.690914
vt 0.123156 0.691381
vt 0.488881 0.410630
vt 0.769198 0.102782
vt 0.770086 0.138208
vt 0.770217 0.102413
vt 0.050478 0.709571
vt 0.049471 0.709197
vt 0.031572 0.736826
vt 0.769535 0.067021
vt 0.195864 0.827060
vt 0.917070 0.393982
vt 0.916153 0.424822
vt 0.167071 0.812108
vt 0.924055 0.554239
vt 0.928337 0.542124
vt 0.037897 0.777289
vt 0.031802 0.765248
vt 0.048772 0.788333
vt 0.770572 0.052105
vt 0.770652 0.066450
vt 0.771676 0.051423
vt 0.028240 0.753186
vt 0.030344 0.736708
vt 0.027029 0.753425
vt 0.032881 0.764669
vt 0.920039 0.565289
vt 0.922835 0.553932
vt 0.918806 0.564838
vt 0.765220 0.054688
vt 0.767431 0.066891
vt 0.768359 0.051859
vt 0.916929 0.565136
vt 0.917050 0.553009
vt 0.912980 0.564708
vt 0.132570 0.580344
vt 0.147906 0.575953
vt 0.487492 0.360669
vt 0.486008 0.342452
vt 0.485803 0.360352
vt 0.879121 0.693744
vt 0.547646 0.457445
vt 0.566271 0.518012
vt 0.923538 0.504877
vt 0.887956 0.347992
vt 0.890388 0.367741
vt 0.890266 0.347445
vt 0.887770 0.320990
vt 0.918244 0.480000
vt 0.025376 0.754012
vt 0.025149 0.738342
vt 0.409188 0.948364
vt 0.274926 0.179819
vt 0.276843 0.180228
vt 0.966383 0.049198
vt 0.969314 0.049745
vt 0.973237 0.034770
vt 0.276923 0.127782
vt 0.278887 0.129325
vt 0.278886 0.127390
vt 0.938422 0.875743
vt 0.959966 0.684537
vt 0.962856 0.684514
vt 0.071755 0.793652
vt 0.102310 0.796421
vt 0.935885 0.771037
vt 0.937990 0.746989
vt 0.935890 0.744961
vt 0.486089 0.459902
vt 0.484479 0.472709
vt 0.486998 0.473541
vt 0.487862 0.460861
vt 0.483464 0.459428
vt 0.488580 0.461183
vt 0.488620 0.474877
vt 0.489211 0.475427
vt 0.151709 0.623002
vt 0.146533 0.639278
vt 0.280219 0.900496
vt 0.128589 0.676368
vt 0.121828 0.689209
vt 0.889302 0.268627
vt 0.887770 0.282420
vt 0.889302 0.282808
vt 0.922774 0.194419
vt 0.977121 0.738773
vt 0.767274 0.102789
vt 0.345223 0.960172
vt 0.368447 0.963593
vt 0.345898 0.957782
vt 0.923812 0.282034
vt 0.997320 0.322716
vt 0.997609 0.324477
vt 0.288937 0.313619
vt 0.287096 0.312242
vt 0.287309 0.313323
vt 0.068548 0.102155
vt 0.063469 0.101352
vt 0.063511 0.102551
vt 0.932232 0.306593
vt 0.936689 0.305048
vt 0.932441 0.303787
vt 0.001467 0.101797
vt 0.001136 0.100714
vt 0.288675 0.233232
vt 0.291288 0.234467
vt 0.291450 0.232853
vt 0.869909 0.166377
vt 0.874816 0.161684
vt 0.869489 0.161607
vt 0.869187 0.166496
vt 0.270206 0.065245
vt 0.270355 0.069948
vt 0.932119 0.169226
vt 0.928392 0.162333
vt 0.927828 0.169511
vt 0.270355 0.123534
vt 0.269175 0.128062
vt 0.270279 0.127878
vt 0.947179 0.995106
vt 0.948798 0.988134
vt 0.947272 0.988143
vt 0.756531 0.828839
vt 0.747889 0.826754
vt 0.756742 0.843226
vt 0.762547 0.831827
vt 0.773403 0.827050
vt 0.302331 0.691351
vt 0.304256 0.695377
vt 0.307766 0.693731
vt 0.308552 0.688919
vt 0.298176 0.689500
vt 0.296413 0.638210
vt 0.299183 0.634142
vt 0.303546 0.633152
vt 0.302684 0.628625
vt 0.298866 0.629227
vt 0.845772 0.872531
vt 0.837262 0.874041
vt 0.841417 0.861183
vt 0.830063 0.875936
vt 0.768502 0.844869
vt 0.766491 0.838517
vt 0.992382 0.321245
vt 0.979485 0.318231
vt 0.050309 0.102574
vt 0.979727 0.317007
vt 0.963152 0.314045
vt 0.947907 0.309060
vt 0.963409 0.312741
vt 0.948210 0.307720
vt 0.936611 0.308167
vt 0.886414 0.168015
vt 0.874623 0.167203
vt 0.269724 0.082012
vt 0.269212 0.097469
vt 0.901608 0.168735
vt 0.916536 0.169291
vt 0.269710 0.112354
vt 0.269062 0.123375
vt 0.736067 0.822771
vt 0.269106 0.064847
vt 0.267358 0.064509
vt 0.588836 0.034536
vt 0.587261 0.039842
vt 0.295103 0.639383
vt 0.288794 0.270896
vt 0.291050 0.272890
vt 0.768721 0.846842
vt 0.974714 0.997085
vt 0.977201 0.989435
vt 0.411376 0.358015
vt 0.068833 0.101055
vt 0.068928 0.099289
vt 0.287105 0.310498
vt 0.289036 0.312393
vt 0.355915 0.309992
vt 0.997850 0.391517
vt 0.201878 0.139673
vt 0.205532 0.133127
vt 0.592845 0.085748
vt 0.310264 0.868833
vt 0.443826 0.472579
vt 0.224940 0.742523
vt 0.506904 0.307719
vt 0.135530 0.801934
vt 0.132427 0.802608
vt 0.383133 0.399049
vt 0.381292 0.398353
vt 0.363466 0.177651
vt 0.360836 0.146356
vt 0.359868 0.146148
vt 0.243471 0.258128
vt 0.270355 0.250547
vt 0.383450 0.362748
vt 0.488782 0.403861
vt 0.487500 0.403756
vt 0.488542 0.404969
vt 0.489211 0.409658
vt 0.119364 0.696042
vt 0.118394 0.695585
vt 0.117379 0.695946
vt 0.136944 0.801355
vt 0.916501 0.453572
vt 0.917546 0.453871
vt 0.919955 0.480673
vt 0.867499 0.104471
vt 0.868846 0.105656
vt 0.873897 0.105118
vt 0.138502 0.563900
vt 0.933343 0.072071
vt 0.948504 0.891715
vt 0.939610 0.107232
vt 0.847652 0.885450
vt 0.786339 0.572472
vt 0.937508 0.366682
vt 0.495664 0.263990
vt 0.500034 0.286899
vt 0.488059 0.480485
vt 0.488603 0.481100
vt 0.486756 0.481578
vt 0.487292 0.482176
vt 0.152080 0.613671
vt 0.152038 0.615599
vt 0.152963 0.615891
vt 0.150802 0.622703
vt 0.930270 0.096192
vt 0.933179 0.117037
vt 0.933343 0.091712
vt 0.950072 0.919362
vt 0.950607 0.943224
vt 0.950190 0.900131
vt 0.872915 0.147833
vt 0.869162 0.133558
vt 0.869274 0.149386
vt 0.867727 0.148700
vt 0.868121 0.161212
vt 0.932684 0.313249
vt 0.298147 0.234188
vt 0.298116 0.232413
vt 0.307495 0.233738
vt 0.307317 0.231904
vt 0.933520 0.322419
vt 0.936531 0.356254
vt 0.935477 0.344102
vt 0.341228 0.229855
vt 0.329476 0.232551
vt 0.351468 0.228423
vt 0.292041 0.313621
vt 0.997712 0.327635
vt 0.997722 0.333218
vt 0.998916 0.327830
vt 0.997750 0.374392
vt 0.998821 0.356255
vt 0.997740 0.355659
vt 0.998820 0.375457
vt 0.933016 0.142596
vt 0.932710 0.162091
vt 0.948002 0.969093
vt 0.949618 0.968657
vt 0.949044 0.944114
vt 0.869059 0.117973
vt 0.867652 0.116928
vt 0.867679 0.132694
vt 0.872478 0.119130
vt 0.934462 0.332762
vt 0.317693 0.231315
vt 0.317957 0.233209
vt 0.329059 0.230635
vt 0.997730 0.342247
vt 0.998882 0.333444
vt 0.998846 0.342584
vt 0.911195 0.451755
vt 0.914798 0.452954
vt 0.888096 0.296988
vt 0.890066 0.320427
vt 0.890388 0.296386
vt 0.914162 0.064522
vt 0.932232 0.222058
vt 0.933026 0.220655
vt 0.512285 0.732741
vt 0.110431 0.575723
vt 0.120027 0.586602
vt 0.900102 0.959314
vt 0.486009 0.404912
vt 0.484586 0.407449
vt 0.487016 0.406108
vt 0.118220 0.693776
vt 0.279570 0.131563
vt 0.276920 0.129714
vt 0.277600 0.131945
vt 0.283069 0.136813
vt 0.284928 0.136372
vt 0.484011 0.478065
vt 0.486496 0.479024
vt 0.937145 0.877531
vt 0.935885 0.879530
vt 0.150048 0.616299
vt 0.151146 0.613385
vt 0.149173 0.614072
vt 0.818167 0.745248
vt 0.801343 0.756033
vt 0.819544 0.746780
vt 0.833036 0.731707
vt 0.831041 0.730897
vt 0.780924 0.757505
vt 0.781484 0.754943
vt 0.837123 0.712659
vt 0.839324 0.712774
vt 0.838118 0.692885
vt 0.836048 0.693455
vt 0.829131 0.674937
vt 0.827454 0.676203
vt 0.795560 0.154661
vt 0.815570 0.144712
vt 0.796830 0.139264
vt 0.782231 0.134042
vt 0.785855 0.146395
vt 0.828752 0.161295
vt 0.834405 0.146820
vt 0.840761 0.157393
vt 0.849059 0.147479
vt 0.831605 0.021875
vt 0.830188 0.004652
vt 0.829240 0.021818
vt 0.828774 0.004998
vt 0.827838 0.021973
vt 0.848500 0.022289
vt 0.850933 0.005045
vt 0.849448 0.005450
vt 0.847082 0.005352
vt 0.846134 0.022231
vt 0.850428 0.022116
vt 0.782108 0.148929
vt 0.794255 0.161103
vt 0.793234 0.162550
vt 0.810021 0.167794
vt 0.811645 0.160861
vt 0.775815 0.132604
vt 0.774042 0.132930
vt 0.827169 0.167666
vt 0.827478 0.169378
vt 0.843107 0.161125
vt 0.855250 0.148577
vt 0.856688 0.149548
vt 0.330169 0.020975
vt 0.327178 0.005352
vt 0.326789 0.020978
vt 0.323292 0.005355
vt 0.322903 0.020981
vt 0.322759 0.039534
vt 0.326646 0.039531
vt 0.776112 0.060876
vt 0.774734 0.060569
vt 0.776187 0.075057
vt 0.777585 0.075523
vt 0.778487 0.060848
vt 0.795453 0.060645
vt 0.793077 0.060673
vt 0.794550 0.075033
vt 0.796926 0.074964
vt 0.796828 0.061000
vt 0.332534 0.020973
vt 0.330025 0.039528
vt 0.332390 0.039527
vt 0.333817 0.039543
vt 0.333959 0.021227
vt 0.332923 0.005349
vt 0.330557 0.005350
vt 0.312098 0.058632
vt 0.313662 0.074549
vt 0.313273 0.058316
vt 0.315638 0.058316
vt 0.312079 0.039608
vt 0.838870 0.022053
vt 0.842756 0.022149
vt 0.843703 0.005212
vt 0.839817 0.005051
vt 0.789685 0.060714
vt 0.787255 0.075244
vt 0.791157 0.075131
vt 0.785783 0.060761
vt 0.319017 0.058313
vt 0.318874 0.039537
vt 0.316027 0.074548
vt 0.319407 0.074547
vt 0.322904 0.058309
vt 0.319406 0.005356
vt 0.319017 0.020984
vt 0.316027 0.005359
vt 0.332535 0.058302
vt 0.330557 0.074540
vt 0.332923 0.074539
vt 0.333959 0.058079
vt 0.330169 0.058305
vt 0.326789 0.058308
vt 0.323292 0.074544
vt 0.327178 0.074542
vt 0.781881 0.060807
vt 0.779960 0.075455
vt 0.783353 0.075356
vt 0.834985 0.021958
vt 0.835932 0.004890
vt 0.832553 0.004750
vt 0.296581 0.688708
vt 0.297182 0.684505
vt 0.034014 0.064406
vt 0.337350 0.278057
vt 0.827170 0.876267
vt 0.822957 0.872763
vt 0.460775 0.613432
vt 0.387086 0.070157
vt 0.376469 0.073758
vt 0.387437 0.074415
vt 0.485722 0.289528
vt 0.486990 0.328043
vt 0.961238 0.845914
vt 0.962606 0.844178
vt 0.981256 0.022706
vt 0.982418 0.024535
vt 0.084348 0.673583
vt 0.770907 0.157167
vt 0.771676 0.156656
vt 0.276599 0.697779
vt 0.285608 0.695493
vt 0.285204 0.694309
vt 0.263533 0.703051
vt 0.357423 0.263778
vt 0.337752 0.266511
vt 0.789162 0.975943
vt 0.305878 0.276468
vt 0.318373 0.277104
vt 0.812025 0.867017
vt 0.799105 0.859086
vt 0.797922 0.860113
vt 0.225391 0.137676
vt 0.415544 0.406712
vt 0.241237 0.771538
vt 0.918492 0.734764
vt 0.392333 0.280238
vt 0.390637 0.281580
vt 0.233040 0.500593
vt 0.409928 0.410057
vt 0.411376 0.410804
vt 0.980245 0.897233
vt 0.978525 0.898042
vt 0.294725 0.690217
vt 0.291090 0.691936
vt 0.147940 0.612467
vt 0.776929 0.485893
vt 0.295954 0.642651
vt 0.296372 0.651084
vt 0.298068 0.662410
vt 0.773564 0.848052
vt 0.784200 0.853133
vt 0.950044 0.995670
vt 0.950611 0.988127
vt 0.818445 0.902507
vt 0.825416 0.884018
vt 0.226732 0.717915
vt 0.244264 0.710828
vt 0.297059 0.674702
vt 0.296644 0.662497
vt 0.298292 0.236136
vt 0.291287 0.236366
vt 0.240589 0.094522
vt 0.241221 0.078619
vt 0.242024 0.066052
vt 0.866744 0.115467
vt 0.866674 0.102835
vt 0.591820 0.084418
vt 0.307770 0.235701
vt 0.318283 0.235197
vt 0.241557 0.126390
vt 0.359713 0.496689
vt 0.389033 0.897208
vt 0.149429 0.335381
vt 0.145488 0.268548
vt 0.708626 0.263707
vt 0.764941 0.260376
vt 0.962026 0.197726
vt 0.949653 0.190042
vt 0.953124 0.896938
vt 0.579206 0.116295
vt 0.578428 0.114697
vt 0.486297 0.403161
vt 0.484833 0.404335
vt 0.700092 0.140279
vt 0.146303 0.614076
vt 0.276170 0.129237
vt 0.276192 0.127304
vt 0.288295 0.234477
vt 0.288192 0.236254
vt 0.001084 0.098987
vt 0.365337 0.279454
vt 0.948343 0.995472
vt 0.267430 0.128036
vt 0.485992 0.289797
vt 0.595621 0.149430
vt 0.415490 0.360359
vt 0.965112 0.224974
vt 0.279407 0.284474
vt 0.281215 0.282667
vt 0.483635 0.400495
vt 0.018675 0.064449
vt 0.029531 0.460355
vt 0.471455 0.482176
vt 0.612921 0.113584
vt 0.890848 0.433288
vt 0.015762 0.452784
vt 0.957222 0.728665
vt 0.957222 0.681198
vt 0.389131 0.188958
vt 0.240889 0.109819
vt 0.265079 0.274364
vt 0.282984 0.096183
vt 0.284928 0.095717
vt 0.919104 0.096434
vt 0.922819 0.106582
vt 0.911855 0.111150
vt 0.915334 0.116740
vt 0.889939 0.105143
vt 0.899699 0.109965
vt 0.900053 0.100130
vt 0.882373 0.111753
vt 0.893496 0.112493
vt 0.879315 0.131393
vt 0.879422 0.120928
vt 0.885932 0.129198
vt 0.886236 0.122599
vt 0.888661 0.116726
vt 0.880283 0.141875
vt 0.887462 0.135606
vt 0.872561 0.133374
vt 0.910645 0.095757
vt 0.906231 0.109204
vt 0.103307 0.056975
vt 0.113555 0.059513
vt 0.114374 0.056217
vt 0.349504 0.066603
vt 0.338566 0.070886
vt 0.349613 0.070765
vt 0.377081 0.057248
vt 0.387435 0.060741
vt 0.388083 0.056960
vt 0.629288 0.093117
vt 0.617610 0.090239
vt 0.618499 0.093914
vt 0.338566 0.061757
vt 0.338450 0.066485
vt 0.102103 0.064263
vt 0.102532 0.060094
vt 0.617122 0.080995
vt 0.628435 0.076908
vt 0.617597 0.076778
vt 0.114747 0.068935
vt 0.113554 0.073486
vt 0.115223 0.073946
vt 0.891386 0.118884
vt 0.889269 0.123374
vt 0.888921 0.128369
vt 0.113100 0.063921
vt 0.113113 0.068831
vt 0.388754 0.070476
vt 0.389131 0.075060
vt 0.893735 0.136946
vt 0.898137 0.139175
vt 0.902989 0.143831
vt 0.903008 0.139594
vt 0.387077 0.065361
vt 0.615098 0.080779
vt 0.615608 0.076239
vt 0.911308 0.134758
vt 0.913424 0.130267
vt 0.916824 0.124280
vt 0.913772 0.125273
vt 0.617114 0.085718
vt 0.336634 0.061516
vt 0.338881 0.057418
vt 0.336973 0.056846
vt 0.908958 0.116694
vt 0.904557 0.114466
vt 0.899685 0.114047
vt 0.615622 0.090729
vt 0.615089 0.085861
vt 0.912157 0.120522
vt 0.389131 0.060341
vt 0.388744 0.065313
vt 0.907617 0.137993
vt 0.616579 0.073005
vt 0.618499 0.073772
vt 0.115223 0.058906
vt 0.114734 0.063650
vt 0.890536 0.133119
vt 0.894701 0.136136
vt 0.891729 0.132580
vt 0.336634 0.071342
vt 0.336510 0.066605
vt 0.895076 0.115648
vt 0.338882 0.074340
vt 0.376129 0.065193
vt 0.627978 0.085364
vt 0.102532 0.073312
vt 0.349911 0.058027
vt 0.349911 0.074032
vt 0.628447 0.089641
vt 0.100887 0.072789
vt 0.102114 0.068907
vt 0.100508 0.068785
vt 0.100497 0.064565
vt 0.374793 0.073038
vt 0.376139 0.069731
vt 0.374492 0.069376
vt 0.374484 0.065252
vt 0.630449 0.077520
vt 0.627986 0.080897
vt 0.630042 0.081145
vt 0.630034 0.085206
vt 0.351829 0.058667
vt 0.349613 0.062130
vt 0.351559 0.062397
vt 0.351458 0.066463
vt 0.630460 0.089095
vt 0.631225 0.092255
vt 0.376469 0.060823
vt 0.374793 0.061278
vt 0.629288 0.074065
vt 0.631225 0.074936
vt 0.918315 0.569255
vt 0.913907 0.568679
vt 0.351559 0.070247
vt 0.351829 0.073217
vt 0.736964 0.175511
vt 0.722518 0.192326
vt 0.741860 0.190062
vt 0.726368 0.213307
vt 0.747139 0.209106
vt 0.757228 0.189252
vt 0.749034 0.179397
vt 0.703984 0.182260
vt 0.704410 0.197680
vt 0.694586 0.190516
vt 0.690811 0.202765
vt 0.706458 0.217334
vt 0.730971 0.234125
vt 0.750813 0.243989
vt 0.749674 0.228696
vt 0.760425 0.235721
vt 0.764148 0.223467
vt 0.717802 0.250587
vt 0.712207 0.236229
vt 0.697699 0.236827
vt 0.705936 0.246635
vt 0.823654 0.075308
vt 0.824873 0.061328
vt 0.823360 0.061701
vt 0.824765 0.044040
vt 0.823252 0.044168
vt 0.820269 0.061796
vt 0.820560 0.075449
vt 0.658452 0.024682
vt 0.659772 0.043240
vt 0.659970 0.024921
vt 0.658999 0.008576
vt 0.655921 0.008465
vt 0.655376 0.024623
vt 0.658252 0.043261
vt 0.658999 0.076963
vt 0.659972 0.061300
vt 0.658452 0.061578
vt 0.655376 0.061641
vt 0.655921 0.077077
vt 0.969153 0.246735
vt 0.968126 0.232015
vt 0.967625 0.247029
vt 0.968810 0.265306
vt 0.971899 0.265300
vt 0.972237 0.246678
vt 0.969648 0.231523
vt 0.969253 0.804373
vt 0.967833 0.823839
vt 0.969404 0.824006
vt 0.967820 0.841359
vt 0.969379 0.841760
vt 0.972522 0.824068
vt 0.972377 0.804380
vt 0.985883 0.246701
vt 0.983613 0.231416
vt 0.983128 0.246685
vt 0.985549 0.265334
vt 0.987255 0.265330
vt 0.987586 0.246832
vt 0.986372 0.231436
vt 0.641635 0.024602
vt 0.644257 0.043256
vt 0.644454 0.024598
vt 0.642175 0.008439
vt 0.640409 0.008754
vt 0.639874 0.024789
vt 0.641446 0.043249
vt 0.823360 0.025206
vt 0.824874 0.025344
vt 0.823654 0.007673
vt 0.820559 0.007591
vt 0.820268 0.025181
vt 0.986346 0.786000
vt 0.983453 0.771297
vt 0.983509 0.785956
vt 0.986215 0.804513
vt 0.987959 0.804630
vt 0.988097 0.786262
vt 0.986295 0.771352
vt 0.983110 0.284605
vt 0.985877 0.284608
vt 0.983580 0.301619
vt 0.986361 0.301615
vt 0.988089 0.301339
vt 0.987592 0.284461
vt 0.969384 0.785909
vt 0.967784 0.771818
vt 0.967814 0.786234
vt 0.972502 0.785865
vt 0.969342 0.771302
vt 0.806512 0.025223
vt 0.809188 0.044252
vt 0.809298 0.025208
vt 0.806812 0.007616
vt 0.805085 0.007772
vt 0.804780 0.025250
vt 0.804648 0.044149
vt 0.806391 0.044263
vt 0.967603 0.284323
vt 0.969130 0.284519
vt 0.968085 0.301052
vt 0.969606 0.301470
vt 0.972214 0.284566
vt 0.642223 0.077085
vt 0.644461 0.061651
vt 0.641662 0.061636
vt 0.639693 0.043291
vt 0.639919 0.061539
vt 0.983524 0.824185
vt 0.986352 0.824201
vt 0.983484 0.842004
vt 0.986306 0.842011
vt 0.988094 0.824165
vt 0.977738 0.246669
vt 0.982793 0.265323
vt 0.978222 0.231399
vt 0.972724 0.231422
vt 0.977402 0.265309
vt 0.978052 0.785895
vt 0.983382 0.804483
vt 0.977996 0.771234
vt 0.972449 0.771217
vt 0.977929 0.804428
vt 0.978180 0.301610
vt 0.977715 0.284593
vt 0.972682 0.301567
vt 0.814626 0.044234
vt 0.809292 0.061859
vt 0.814734 0.061843
vt 0.809578 0.075523
vt 0.815023 0.075511
vt 0.820161 0.044205
vt 0.814733 0.025188
vt 0.809591 0.007599
vt 0.815023 0.007579
vt 0.649873 0.024601
vt 0.644997 0.008426
vt 0.649672 0.043261
vt 0.655176 0.043264
vt 0.650416 0.008424
vt 0.649873 0.061658
vt 0.645009 0.077103
vt 0.650416 0.077112
vt 0.978033 0.841957
vt 0.978072 0.824134
vt 0.972487 0.841873
vt 0.806758 0.075519
vt 0.806483 0.061863
vt 0.804729 0.061614
vt 0.804994 0.075164
vt 0.542489 0.151706
vt 0.557751 0.143720
vt 0.542190 0.150138
vt 0.635750 0.026068
vt 0.637455 0.043434
vt 0.637632 0.025340
vt 0.638160 0.009658
vt 0.990150 0.804948
vt 0.992101 0.787950
vt 0.990292 0.786977
vt 0.569599 0.131347
vt 0.558586 0.145069
vt 0.570836 0.132278
vt 0.988053 0.771730
vt 0.637679 0.061282
vt 0.635574 0.043557
vt 0.635786 0.060809
vt 0.509992 0.143657
vt 0.496831 0.132668
vt 0.509177 0.145002
vt 0.640491 0.076872
vt 0.989829 0.284021
vt 0.992226 0.299398
vt 0.991734 0.283424
vt 0.989491 0.265299
vt 0.990328 0.300534
vt 0.802373 0.043795
vt 0.800509 0.059855
vt 0.802452 0.060878
vt 0.558994 0.068972
vt 0.570070 0.082007
vt 0.571320 0.081276
vt 0.802715 0.074128
vt 0.990250 0.841356
vt 0.992101 0.823828
vt 0.990288 0.824062
vt 0.991957 0.805335
vt 0.988045 0.841840
vt 0.802808 0.008210
vt 0.800549 0.025478
vt 0.802503 0.025308
vt 0.800425 0.043345
vt 0.989822 0.247198
vt 0.991403 0.265314
vt 0.991735 0.247804
vt 0.990316 0.232370
vt 0.988078 0.231679
vt 0.735571 0.169405
vt 0.719814 0.176057
vt 0.751345 0.175814
vt 0.735833 0.167947
vt 0.718641 0.169377
vt 0.763416 0.188268
vt 0.763513 0.205792
vt 0.770229 0.204431
vt 0.771676 0.204131
vt 0.764637 0.187438
vt 0.691153 0.188127
vt 0.703101 0.176065
vt 0.702223 0.174841
vt 0.684994 0.204222
vt 0.691369 0.220384
vt 0.683482 0.203948
vt 0.683543 0.221956
vt 0.685056 0.221657
vt 0.763946 0.238118
vt 0.751900 0.250145
vt 0.734798 0.250148
vt 0.736311 0.256747
vt 0.752705 0.251373
vt 0.770231 0.221964
vt 0.771676 0.222241
vt 0.719395 0.256627
vt 0.703699 0.250164
vt 0.719058 0.258083
vt 0.691773 0.237739
vt 0.690483 0.238566
vt 0.541854 0.148340
vt 0.525432 0.150237
vt 0.556764 0.142189
vt 0.568125 0.130322
vt 0.574514 0.114956
vt 0.511015 0.142124
vt 0.498056 0.131730
vt 0.525802 0.148432
vt 0.493605 0.115413
vt 0.491769 0.098515
vt 0.491813 0.115793
vt 0.499586 0.130693
vt 0.568575 0.082998
vt 0.558154 0.070111
vt 0.557160 0.071603
vt 0.542705 0.063597
vt 0.542363 0.065370
vt 0.576260 0.097981
vt 0.574512 0.098315
vt 0.525910 0.063769
vt 0.526281 0.065537
vt 0.510305 0.070225
vt 0.511335 0.071725
vt 0.498429 0.082566
vt 0.499952 0.083556
vt 0.493563 0.098846
vt 0.096620 0.056566
vt 0.151597 0.201971
vt 0.224738 0.666421
vt 0.287544 0.075060
vt 0.951365 0.598798
vt 0.772959 0.595373
vt 0.893016 0.464488
vt 0.261994 0.533785
vt 0.724670 0.565289
vt 0.637301 0.153427
vt 0.485757 0.510543
vt 0.250622 0.508306
vt 0.011339 0.794973
vt 0.113063 0.571762
vt 0.769099 0.350972
vt 0.874991 0.565289
vt 0.759718 0.453715
vt 0.853007 0.267352
vt 0.184462 0.133725
vt 0.398065 0.872996
vt 0.870194 0.185961
vt 0.237544 0.398788
vt 0.003065 0.264511
vt 0.744171 0.165750
vt 0.405897 0.474394
vt 0.943819 0.238600
vt 0.668100 0.131687
vt 0.669877 0.108338
vt 0.340728 0.511801
vt 0.751769 0.516321
vt 0.888317 0.212631
vt 0.281184 0.092344
vt 0.977944 0.169511
vt 0.078690 0.054845
vt 0.275999 0.223186
vt 0.858016 0.041844
vt 0.885602 0.267488
vt 0.421399 0.940409
vt 0.073939 0.102574
vt 0.913802 0.741239
vt 0.650806 0.164726
vt 0.483635 0.352618
vt 0.883459 0.262995
vt 0.888317 0.265320
vt 0.681315 0.257315
vt 0.476484 0.288288
vt 0.969366 0.172460
vt 0.967536 0.229231
vt 0.672526 0.079280
vt 0.973891 0.597291
vt 0.940157 0.773061
vt 0.284928 0.270968
vt 0.156318 0.127964
vt 0.222663 0.448631
vt 0.903031 0.694947
vt 0.073961 0.049262
vt 0.218091 0.038393
vt 0.885602 0.368286
vt 0.341835 0.540575
vt 0.740125 0.718393
vt 0.827337 0.041246
vt 0.850177 0.041416
vt 0.828175 0.077691
vt 0.793798 0.084484
vt 0.857208 0.097457
vt 0.774042 0.042313
vt 0.798258 0.005665
vt 0.309911 0.074043
vt 0.287677 0.005475
vt 0.309911 0.006371
vt 0.933717 0.869836
vt 0.960532 0.565289
vt 0.001084 0.261236
vt 0.147568 0.187188
vt 0.684190 0.119420
vt 0.235116 0.441919
vt 0.274002 0.106779
vt 0.148772 0.116950
vt 0.927954 0.585648
vt 0.938761 0.568773
vt 0.086204 0.073659
vt 0.365721 0.075060
vt 0.354039 0.071321
vt 0.935892 0.588076
vt 0.942745 0.583189
vt 0.898964 0.205777
vt 0.312170 0.004822
vt 0.480450 0.474111
vt 0.105593 0.682210
vt 0.933717 0.770651
vt 0.238421 0.091903
vt 0.832039 0.343509
vt 0.137160 0.608627
vt 0.409853 0.290779
vt 0.516397 0.356336
vt 0.879210 0.210289
vt 0.887815 0.210289
vt 0.902269 0.738773
vt 0.929467 0.256589
vt 0.592487 0.096976
vt 0.482617 0.442338
vt 0.080713 0.667688
vt 0.966307 0.725572
vt 0.488007 0.330971
vt 0.977213 0.021897
vt 0.486487 0.381458
vt 0.278876 0.166385
vt 0.284928 0.140246
vt 0.863788 0.040125
vt 0.483635 0.354785
vt 0.919480 0.174758
vt 0.769539 0.156085
vt 0.888057 0.368286
vt 0.937990 0.773531
vt 0.888045 0.267488
vt 0.978810 0.737440
vt 0.917684 0.174150
vt 0.005930 0.102211
vt 0.936940 0.303864
vt 0.587179 0.034632
vt 0.287096 0.273175
vt 0.976597 0.998916
vt 0.487728 0.402662
vt 0.867079 0.098391
vt 0.998916 0.393021
vt 0.483613 0.406275
vt 0.800861 0.753876
vt 0.780593 0.149891
vt 0.809637 0.169511
vt 0.844060 0.162580
vt 0.798258 0.075507
vt 0.334342 0.005803
vt 0.312302 0.075060
vt 0.334342 0.074108
vt 0.242235 0.060761
vt 0.149429 0.268917
vt 0.145090 0.612441
vt 0.068928 0.063740
vt 0.483058 0.400445
vt 0.906506 0.569886
vt 0.909913 0.587966
vt 0.917314 0.586758
vt 0.616580 0.094684
vt 0.336973 0.075060
vt 0.921298 0.572343
vt 0.914443 0.567457
vt 0.825170 0.074743
vt 0.660517 0.009041
vt 0.660517 0.076468
vt 0.967280 0.265360
vt 0.967676 0.804460
vt 0.825170 0.008057
vt 0.990260 0.772761
vt 0.638246 0.076283
vt 0.992082 0.840558
vt 0.800848 0.008948
vt 0.992226 0.233461
vt 0.752156 0.174573
vt 0.718307 0.167918
vt 0.689856 0.187317
vt 0.736568 0.258208
vt 0.765172 0.238932
vt 0.702817 0.251401
vt 0.576260 0.115330
vn 0.2244 -0.3684 0.9022
vn -0.2244 -0.3688 0.9020
vn -0.2242 -0.3689 0.9020
vn -0.2244 -0.3685 0.9022
vn 0.2246 -0.3684 0.9021
vn 0.2249 -0.3683 0.9021
vn 0.2246 -0.3684 0.9022
vn 0.2250 -0.3684 0.9020
vn 0.2249 -0.3680 0.9022
vn 0.2250 -0.3681 0.9021
vn 0.2244 -0.3685 0.9022
vn 0.2243 -0.3684 0.9022
vn 0.2245 -0.3684 0.9021
vn 0.2244 -0.3689 0.9020
vn 0.2246 -0.3688 0.9020
vn 0.2243 -0.3687 0.9021
vn 0.2245 -0.3684 0.9022
vn 0.2243 -0.3688 0.9020
vn -0.2241 -0.3685 0.9022
vn -0.2246 -0.3685 0.9021
vn -0.2244 -0.3684 0.9022
vn -0.2243 -0.3688 0.9020
vn -0.2246 -0.3688 0.9020
vn -0.2245 -0.3687 0.9021
vn -0.2243 -0.3684 0.9022
vn -0.2249 -0.3683 0.9021
vn -0.2246 -0.3683 0.9022
vn -0.2245 -0.3684 0.9021
vn -0.2241 -0.3684 0.9023
vn -0.2244 -0.3685 0.9021
vn -0.2164 0.8469 0.4858
vn 0.2929 0.9558 0.0264
vn -0.1137 0.9930 0.0311
vn 0.1326 -0.6725 0.7282
vn -0.0000 -0.8694 0.4941
vn 0.1299 -0.8712 0.4734
vn 0.1795 -0.6871 0.7040
vn -0.3045 0.9525 -0.0007
vn -0.6261 0.6402 0.4451
vn -0.4565 0.7771 0.4332
vn 0.3023 0.8938 0.3312
vn -0.2551 0.3251 0.9106
vn 0.2545 0.3884 0.8857
vn 0.5469 -0.4508 0.7055
vn 0.3973 -0.3760 0.8371
vn 0.5348 -0.4125 0.7374
vn 0.3878 -0.2973 0.8725
vn 0.5467 -0.3481 0.7615
vn 0.9476 -0.0048 -0.3193
vn 0.8640 0.0169 -0.5032
vn 0.8579 0.0251 -0.5133
vn 0.2765 0.9587 -0.0662
vn 0.1065 0.9123 -0.3955
vn 0.1987 0.9743 -0.1060
vn 0.1211 0.8908 -0.4380
vn 0.2159 0.9638 -0.1566
vn -0.6552 -0.6620 0.3639
vn -0.7483 -0.6595 0.0712
vn -0.6967 -0.6010 0.3917
vn -0.2378 0.9706 0.0375
vn -0.0168 0.9998 -0.0119
vn -0.0212 0.9988 0.0451
vn -0.0000 1.0000 -0.0080
vn 0.0000 0.9988 0.0490
vn -0.7377 0.6190 0.2694
vn -0.1887 0.9811 0.0433
vn -0.0856 0.8073 0.5839
vn -0.2552 0.9666 0.0229
vn 0.9484 -0.3054 0.0852
vn 0.9562 -0.2886 0.0496
vn 0.9525 -0.2926 0.0840
vn 0.9386 -0.3379 0.0692
vn 0.9161 -0.0017 0.4009
vn 0.8519 0.5178 -0.0784
vn 0.8630 0.3257 0.3862
vn -0.6228 0.5545 0.5520
vn -0.7047 0.7015 0.1068
vn -0.6376 0.7639 0.0997
vn 0.9145 -0.4005 0.0567
vn 0.9443 -0.3259 0.0462
vn 0.9217 -0.3868 0.0304
vn 0.8909 -0.4512 0.0524
vn -0.8519 0.5179 -0.0784
vn -0.9161 -0.0017 0.4009
vn -0.8630 0.3257 0.3862
vn 0.8156 0.0697 -0.5744
vn 0.7606 -0.0279 -0.6486
vn 0.9527 -0.0138 -0.3037
vn -0.8404 -0.0453 0.5401
vn -0.6031 -0.2000 0.7722
vn -0.6572 -0.1602 0.7365
vn -0.8462 0.0815 0.5266
vn 0.8622 -0.5031 0.0593
vn 0.7374 -0.5319 0.4162
vn 0.7679 -0.4710 0.4342
vn 0.6932 -0.7187 0.0538
vn 0.6981 -0.7153 0.0308
vn 0.7047 -0.7095 0.0009
vn 0.8827 -0.4699 0.0001
vn 0.0212 0.9988 0.0451
vn -0.0413 0.8322 0.5529
vn -0.1956 0.7935 0.5763
vn -0.1794 0.0334 -0.9832
vn -0.2410 0.0309 -0.9700
vn -0.1642 0.0353 -0.9858
vn 0.3088 0.0499 -0.9498
vn 0.2405 0.1151 -0.9638
vn -0.1959 0.0382 -0.9799
vn -0.2557 0.0281 -0.9663
vn -0.9959 0.0119 -0.0899
vn -0.6417 0.0442 -0.7657
vn -0.6461 0.0554 -0.7613
vn -0.9843 0.1362 -0.1121
vn 0.3844 -0.3297 0.8623
vn 0.2857 -0.3087 0.9072
vn 0.3330 -0.3122 0.8897
vn 0.0155 -0.2755 0.9612
vn 0.1048 -0.2634 0.9590
vn 0.3794 -0.3276 0.8653
vn 0.9914 -0.1294 0.0171
vn 0.6621 -0.2862 0.6926
vn 0.6924 -0.2773 0.6661
vn 0.9962 -0.0804 0.0345
vn 0.4447 0.2723 0.8533
vn 0.4375 -0.1470 0.8871
vn 0.5068 0.2734 0.8175
vn 0.4674 -0.1495 0.8713
vn 0.5803 0.1404 0.8022
vn -0.6815 0.2475 -0.6887
vn -0.9825 0.0331 -0.1833
vn -0.9435 0.2579 -0.2082
vn -0.8944 -0.4470 0.0152
vn -0.8762 -0.4289 -0.2200
vn -0.9217 -0.3868 0.0304
vn -0.3957 0.7843 -0.4778
vn -0.1648 0.3994 -0.9018
vn -0.0656 0.4153 -0.9073
vn -0.7405 -0.5803 -0.3390
vn -0.8233 -0.5006 -0.2675
vn -0.7901 -0.5645 -0.2390
vn 0.9724 0.2296 0.0413
vn 0.5617 0.8271 -0.0208
vn 0.6070 0.7938 0.0379
vn -0.2189 0.0279 -0.9754
vn -0.0672 0.4640 -0.8833
vn -0.2295 0.0137 -0.9732
vn -0.1400 0.4292 -0.8923
vn -0.2372 0.0010 -0.9715
vn -0.2514 -0.0650 -0.9657
vn -0.2377 -0.0443 -0.9703
vn 0.3209 -0.2960 0.8997
vn 0.2750 0.1436 0.9507
vn 0.2724 -0.2684 0.9240
vn 0.3080 0.0971 0.9464
vn 0.2834 -0.2623 0.9224
vn 0.2906 -0.3701 0.8824
vn -0.1073 0.0237 -0.9939
vn -0.1749 0.0609 -0.9827
vn -0.1904 0.0662 -0.9795
vn -0.6134 0.0464 -0.7884
vn -0.5977 0.0654 -0.7990
vn -0.2037 0.2274 -0.9523
vn -0.1499 0.2937 -0.9441
vn 0.1956 0.7935 0.5763
vn 0.0000 0.7734 0.6340
vn 0.6071 0.7937 0.0379
vn 0.0550 0.9981 -0.0277
vn 0.0848 0.9957 0.0360
vn -0.3022 0.9529 -0.0264
vn -0.2928 0.9557 0.0305
vn 0.5843 0.5840 0.5635
vn 0.5588 0.8234 0.0992
vn 0.6043 0.5638 0.5630
vn -0.1415 -0.0421 -0.9890
vn -0.2284 -0.0906 -0.9693
vn -0.2233 -0.0512 -0.9734
vn -0.2317 -0.0840 -0.9692
vn -0.2334 -0.0497 -0.9711
vn -0.1862 0.1607 -0.9693
vn -0.1201 0.1549 -0.9806
vn -0.7374 -0.5319 0.4162
vn -0.8622 -0.5031 0.0593
vn -0.7679 -0.4710 0.4342
vn 0.5014 0.8642 -0.0422
vn 0.3112 0.9478 -0.0688
vn 0.3045 0.9525 -0.0007
vn 0.2555 0.9658 -0.0432
vn 0.2552 0.9666 0.0229
vn -0.8717 0.4741 0.1236
vn -0.7012 0.4937 0.5143
vn -0.9159 0.1813 0.3581
vn 0.4132 -0.2253 -0.8824
vn 0.3123 0.0663 -0.9477
vn 0.3081 0.0738 -0.9485
vn 0.2744 0.1647 -0.9474
vn 0.2734 0.1636 -0.9479
vn -0.0193 0.9118 -0.4102
vn 0.5637 0.4436 -0.6967
vn 0.1222 0.5399 -0.8328
vn 0.7519 -0.6264 -0.2057
vn 0.3904 -0.7629 -0.5153
vn 0.5509 -0.6033 -0.5767
vn 0.4579 0.8825 0.1072
vn 0.5077 0.8613 -0.0210
vn 0.6588 -0.6675 0.3470
vn 0.6895 -0.7210 0.0687
vn 0.8558 -0.2994 0.4218
vn 0.8442 -0.3018 0.4429
vn 0.3293 0.9377 0.1111
vn 0.3779 0.9258 -0.0095
vn -0.3646 0.8509 0.3781
vn -0.5068 0.2734 0.8175
vn -0.4447 0.2722 0.8533
vn 0.3442 0.0514 -0.9375
vn -0.1221 0.0338 -0.9919
vn -0.0817 0.0508 -0.9954
vn -0.1924 0.0299 -0.9809
vn -0.1357 0.0463 -0.9897
vn -0.0088 0.1811 -0.9834
vn 0.3957 0.1565 -0.9049
vn 0.3380 -0.6878 0.6424
vn 0.1926 -0.8776 0.4390
vn 0.3611 -0.8414 0.4020
vn 0.6456 -0.6854 0.3367
vn 0.6273 -0.5903 0.5080
vn 0.9250 -0.1370 0.3545
vn 0.9697 0.2308 -0.0797
vn -0.3035 -0.0188 -0.9527
vn -0.2063 -0.0632 -0.9764
vn -0.1779 -0.0307 -0.9836
vn -0.2132 -0.0847 -0.9733
vn -0.1951 -0.0553 -0.9792
vn -0.1152 0.1485 -0.9822
vn -0.2635 0.1560 -0.9520
vn 0.3591 -0.1920 0.9133
vn 0.5346 -0.2223 0.8154
vn 0.4676 -0.2387 0.8511
vn 0.3102 -0.2638 0.9133
vn 0.3062 -0.1721 0.9363
vn 0.3417 -0.2105 0.9159
vn 0.3685 -0.2045 0.9069
vn 0.2773 -0.3730 0.8854
vn 0.4083 -0.3182 0.8556
vn 0.3278 -0.3455 0.8793
vn 0.0000 -0.4043 0.9146
vn -0.0000 -0.4188 0.9081
vn 0.2137 -0.3899 0.8957
vn 0.3543 -0.3322 0.8741
vn 0.3365 -0.2225 0.9150
vn 0.2568 -0.2481 0.9341
vn 0.2732 -0.1875 0.9435
vn 0.5128 -0.2297 0.8272
vn -0.9648 -0.0611 0.2559
vn -0.3934 -0.3665 0.8432
vn -0.9000 -0.4110 0.1453
vn -0.6962 -0.7160 0.0510
vn -0.9236 -0.3623 -0.1253
vn -0.0848 0.9957 0.0360
vn -0.6991 0.5742 0.4261
vn -0.2210 0.8335 0.5065
vn 0.8944 -0.4470 0.0152
vn 0.8600 -0.5101 0.0171
vn 0.8110 -0.5810 0.0684
vn 0.8261 -0.3501 0.4416
vn 0.4007 -0.3385 0.8514
vn 0.4657 -0.4000 0.7894
vn 0.4633 -0.3306 0.8222
vn 0.3933 -0.3180 0.8627
vn 0.3659 -0.3190 0.8743
vn 0.4524 -0.4134 0.7902
vn 0.1137 0.9930 0.0311
vn -0.3258 0.9447 -0.0383
vn -0.2929 0.9558 0.0264
vn 0.0856 0.8073 0.5839
vn -0.3293 0.9377 0.1111
vn 0.1886 0.9811 0.0433
vn 0.1052 0.9938 -0.0365
vn 0.2740 0.8668 -0.4166
vn 0.2041 0.8936 -0.3997
vn 0.1432 0.9182 0.3692
vn 0.2023 0.7821 0.5894
vn 0.2091 0.7690 0.6040
vn 0.2540 0.9077 0.3340
vn 0.3276 -0.2982 0.8965
vn 0.3560 -0.2983 0.8856
vn 0.3366 -0.2977 0.8934
vn 0.3274 -0.2989 0.8964
vn 0.3635 -0.2952 0.8836
vn 0.6870 -0.2485 0.6828
vn 0.9855 -0.1527 0.0743
vn 0.9742 -0.1263 -0.1870
vn 0.9793 -0.1628 0.1201
vn 0.1459 0.8793 -0.4533
vn 0.2351 0.9543 -0.1842
vn 0.0935 0.9122 -0.3989
vn 0.1462 0.9770 -0.1552
vn 0.6376 0.7639 0.0997
vn -0.5770 0.7108 -0.4022
vn 0.0988 0.9115 -0.3993
vn -0.9217 0.3748 -0.1000
vn -0.8708 0.4741 -0.1304
vn -0.7583 0.6489 -0.0633
vn 0.7012 0.4937 0.5143
vn 0.8718 0.4741 0.1236
vn 0.9159 0.1813 0.3581
vn -0.8443 -0.3018 0.4429
vn -0.9386 -0.3379 0.0692
vn -0.9525 -0.2926 0.0840
vn -0.3924 0.9195 -0.0221
vn -0.3939 0.9187 0.0305
vn -0.2335 0.9722 -0.0178
vn 0.2829 -0.4762 0.8326
vn 0.7847 -0.0212 0.6196
vn 0.7080 0.0946 0.6999
vn 0.0336 -0.4571 0.8888
vn 0.1894 -0.3659 0.9112
vn 0.1013 -0.4084 0.9072
vn 0.1930 -0.3782 0.9054
vn 0.1305 -0.4010 0.9068
vn -0.0000 -0.4277 0.9039
vn 0.0000 -0.5010 0.8655
vn 0.9825 0.0331 -0.1833
vn 0.9983 -0.0038 -0.0590
vn 0.9435 0.2579 -0.2082
vn 0.0317 -0.1055 0.9939
vn 0.0000 -0.0771 0.9970
vn -0.0000 -0.0935 0.9956
vn 0.0975 0.9347 0.3419
vn 0.1777 0.7740 0.6078
vn 0.1906 0.7676 0.6119
vn -0.9983 -0.0038 -0.0590
vn -0.8056 -0.4857 0.3394
vn -0.9250 -0.1370 0.3545
vn -0.6932 -0.7187 0.0538
vn -0.6588 -0.6675 0.3470
vn -0.8201 -0.4786 -0.3137
vn -0.7041 -0.4075 -0.5816
vn -0.5350 -0.4626 -0.7070
vn 0.4339 -0.1259 0.8921
vn 0.6850 -0.1611 0.7105
vn 0.4755 -0.1712 0.8629
vn -0.8556 -0.3713 0.3606
vn -0.9484 -0.3054 0.0852
vn -0.8971 -0.4189 0.1403
vn -0.0198 0.8066 0.5908
vn -0.3223 0.1966 0.9260
vn -0.3729 0.2056 0.9048
vn 0.9613 0.0396 -0.2727
vn 0.8193 -0.0272 -0.5727
vn 0.8375 0.0238 -0.5459
vn 0.9419 0.2411 -0.2339
vn 0.8952 0.2855 0.3422
vn 0.7473 0.6315 0.2068
vn 0.8628 0.5027 0.0526
vn 0.5532 -0.5500 0.6257
vn 0.5434 -0.5271 0.6534
vn -0.6699 -0.7052 0.2323
vn -0.5532 -0.5500 0.6257
vn -0.6607 -0.7199 0.2125
vn 0.3161 0.2083 0.9256
vn 0.0000 -0.2346 0.9721
vn 0.3581 -0.2165 0.9082
vn 0.4402 -0.2016 0.8750
vn 0.3729 0.2056 0.9048
vn 0.2685 -0.3488 0.8979
vn 0.2309 -0.3550 0.9059
vn 0.2398 -0.3349 0.9112
vn 0.2157 -0.3294 0.9192
vn 0.2566 -0.2318 0.9383
vn 0.2951 -0.2374 0.9255
vn -0.0000 0.8184 0.5747
vn -0.3161 0.2083 0.9256
vn 0.0000 0.2001 0.9798
vn 0.4053 -0.1941 0.8933
vn 0.3223 0.1966 0.9260
vn 0.3402 -0.1822 0.9225
vn 0.2948 0.1988 0.9347
vn 0.9654 -0.0672 -0.2519
vn 0.9823 -0.1710 0.0758
vn 0.9706 -0.0815 -0.2263
vn 0.9809 -0.1717 0.0917
vn 0.3003 -0.3702 0.8791
vn 0.2843 -0.4118 0.8658
vn 0.2601 -0.3925 0.8822
vn 0.3290 -0.2567 0.9088
vn 0.3069 -0.3908 0.8678
vn 0.6630 -0.4068 0.6284
vn 0.3837 -0.2267 0.8952
vn 0.4076 -0.5545 0.7256
vn 0.1019 0.1700 0.9802
vn -0.4993 0.6052 0.6200
vn 0.1515 0.8134 0.5617
vn -0.7610 -0.5479 0.3473
vn -0.5534 -0.4855 0.6768
vn -0.7182 -0.6279 0.2999
vn 0.3561 -0.1287 0.9255
vn 0.4968 0.6370 0.5894
vn 0.5629 -0.2578 0.7853
vn 0.3632 -0.0599 0.9298
vn -0.0000 -0.2730 0.9620
vn 0.1121 -0.6349 0.7645
vn 0.0800 -0.2817 0.9562
vn 0.0131 -0.0769 0.9970
vn 0.3399 -0.0747 0.9375
vn 0.9611 -0.0521 -0.2711
vn -0.6442 -0.0989 0.7584
vn -0.0656 -0.2633 0.9625
vn -0.0987 -0.2311 0.9679
vn -0.6875 0.0135 0.7261
vn -0.7608 -0.4669 0.4508
vn -0.3912 -0.2482 0.8862
vn -0.4683 -0.1916 0.8625
vn -0.3561 -0.1287 0.9255
vn -0.4969 0.6370 0.5894
vn -0.3399 -0.0747 0.9375
vn -0.4293 -0.2861 0.8567
vn -0.4829 -0.1889 0.8551
vn 0.8079 -0.4947 0.3202
vn 0.8997 -0.4138 0.1387
vn 0.8971 -0.4189 0.1403
vn 0.6261 0.6402 0.4451
vn 0.7999 -0.4029 0.4448
vn 0.7813 -0.4379 0.4448
vn 0.8215 -0.5170 0.2404
vn -0.3632 -0.0599 0.9298
vn -0.2910 -0.0667 0.9544
vn 0.2821 0.1947 0.9394
vn -0.2533 0.8453 0.4705
vn -0.2258 0.2546 0.9403
vn 0.4450 -0.7371 -0.5086
vn 0.5602 -0.5791 -0.5922
vn 0.5350 -0.4626 -0.7070
vn 0.1648 0.3994 -0.9018
vn 0.3957 0.7843 -0.4778
vn 0.0656 0.4153 -0.9073
vn 0.0411 0.9159 -0.3993
vn 0.0000 0.6613 -0.7501
vn 0.1081 0.7000 -0.7059
vn -0.1067 -0.8006 0.5897
vn -0.0218 -0.5188 0.8546
vn -0.0355 -0.5402 0.8408
vn 0.1117 -0.3403 0.9337
vn 0.1333 -0.5744 0.8077
vn 0.0299 -0.3578 0.9333
vn 0.0355 -0.5402 0.8408
vn -0.0313 -0.1086 0.9936
vn 0.0705 -0.1206 0.9902
vn 0.0800 -0.1887 0.9788
vn 0.0524 -0.1690 0.9842
vn 0.0279 -0.2033 0.9787
vn 0.0000 -0.2142 0.9768
vn 0.0152 -0.3749 0.9269
vn 0.1787 -0.1023 0.9786
vn 0.1328 -0.1349 0.9819
vn 0.2427 -0.3412 0.9081
vn -0.7288 0.6825 0.0549
vn -0.2544 0.3884 0.8857
vn -0.3022 0.8939 0.3312
vn 0.8172 -0.3397 -0.4656
vn 0.9250 -0.2045 0.3204
vn 0.9119 -0.3759 0.1647
vn 0.6206 -0.3034 0.7231
vn 0.6822 -0.2460 0.6885
vn -0.8682 -0.2764 0.4121
vn -0.6206 -0.3033 0.7231
vn -0.8287 -0.3626 0.4263
vn 0.4972 0.0846 0.8635
vn 0.2911 -0.1874 0.9382
vn 0.3551 -0.2073 0.9115
vn 0.4220 0.0691 0.9039
vn -0.3535 0.1801 0.9179
vn -0.0675 0.7248 0.6856
vn -0.3141 0.6668 0.6758
vn -0.9699 -0.2033 -0.1343
vn -0.9790 0.1576 -0.1291
vn -0.9829 -0.1643 0.0830
vn -0.1188 -0.6498 0.7508
vn 0.2910 -0.0667 0.9544
vn -0.1284 -0.5660 0.8143
vn -0.0692 -0.5287 0.8460
vn -0.1783 -0.6158 0.7674
vn -0.1586 -0.6873 0.7088
vn 0.4611 -0.2938 0.8373
vn 0.4292 -0.2861 0.8567
vn -0.2542 0.3885 0.8857
vn 0.2536 -0.1452 0.9563
vn 0.2552 0.3252 0.9106
vn 0.3825 -0.1671 0.9087
vn -0.5348 -0.4125 0.7374
vn -0.8005 -0.4321 0.4153
vn -0.5467 -0.3481 0.7615
vn -0.9861 0.0002 -0.1659
vn -0.6280 0.0436 -0.7770
vn -0.9904 -0.0036 -0.1380
vn -0.9936 -0.0032 -0.1126
vn 0.4559 -0.0095 0.8900
vn 0.3752 -0.0020 0.9269
vn -0.9755 0.1951 -0.1016
vn -0.7970 0.6035 -0.0248
vn -0.8727 0.4858 -0.0481
vn 0.2258 0.2546 0.9403
vn 0.7529 0.6007 0.2690
vn 0.2532 0.8453 0.4705
vn 0.3014 -0.1272 0.9450
vn 0.1122 -0.2882 0.9510
vn 0.2848 -0.6550 0.7000
vn 0.2150 -0.3013 0.9290
vn -0.6895 -0.7210 0.0687
vn 0.7530 0.6006 0.2690
vn 0.7970 0.6035 -0.0248
vn 0.3024 -0.1740 0.9372
vn 0.3535 0.1801 0.9179
vn 0.6981 0.0635 0.7132
vn -0.0119 0.7593 0.6506
vn 0.0675 0.7248 0.6856
vn -0.6104 -0.2942 0.7354
vn -0.8535 -0.0770 0.5154
vn -0.8686 -0.2139 0.4470
vn 0.8159 -0.3455 -0.4637
vn 0.9268 -0.1292 -0.3527
vn 0.0218 -0.5188 0.8546
vn 0.0000 -0.3804 0.9248
vn -0.0000 -0.5084 0.8611
vn 0.6850 -0.2247 0.6930
vn 0.1823 0.8912 0.4155
vn 0.3645 0.8511 0.3778
vn -0.4560 0.1077 0.8834
vn -0.6035 0.5630 0.5646
vn -0.4972 0.0846 0.8635
vn 0.9747 0.2083 -0.0806
vn 0.9845 -0.1020 0.1428
vn 0.3316 -0.2881 0.8984
vn 0.3419 -0.2780 0.8977
vn -0.6851 -0.2247 0.6930
vn -0.6822 -0.2460 0.6885
vn 0.3088 0.0777 0.9479
vn 0.6991 0.5742 0.4261
vn 0.2210 0.8334 0.5065
vn -0.6231 -0.1273 0.7717
vn -0.6422 0.5899 0.4895
vn -0.8358 0.1829 0.5177
vn -0.5807 -0.4654 0.6680
vn -0.7789 -0.5533 0.2954
vn -0.2318 -0.0898 -0.9686
vn -0.2247 -0.0640 -0.9723
vn -0.1809 -0.0851 -0.9798
vn -0.1787 -0.0642 -0.9818
vn -0.1449 0.0884 -0.9855
vn -0.1242 0.1108 -0.9861
vn -0.4203 -0.3499 0.8372
vn 0.6717 0.5920 -0.4454
vn 0.9611 0.0526 -0.2712
vn 0.6388 0.5366 -0.5514
vn 0.9602 0.0481 -0.2752
vn 0.0709 -0.7822 0.6190
vn 0.0000 -0.7737 0.6336
vn 0.2551 0.3252 0.9106
vn -0.6850 -0.1611 0.7105
vn -0.8988 -0.2122 0.3836
vn -0.9250 -0.2045 0.3204
vn 0.4425 0.8045 0.3961
vn 0.4464 0.0652 0.8924
vn 0.2164 0.8469 0.4858
vn 0.2821 0.1948 0.9394
vn -0.3814 0.0223 0.9241
vn -0.4559 -0.0095 0.8900
vn 0.6552 -0.6620 0.3639
vn 0.4203 -0.3499 0.8372
vn 0.4065 -0.3065 0.8607
vn -0.2948 0.1988 0.9347
vn 0.0119 0.7593 0.6506
vn 0.8288 -0.3626 0.4262
vn 0.8006 -0.4321 0.4152
vn 0.2550 0.7287 0.6356
vn 0.1726 0.7592 0.6276
vn 0.7108 0.5615 0.4237
vn 0.8515 -0.0441 0.5225
vn 0.5023 0.0743 0.8615
vn -0.5782 -0.5657 0.5879
vn -0.2150 -0.3013 0.9290
vn -0.9716 -0.2328 0.0416
vn -0.8606 -0.3562 0.3640
vn -0.9844 0.1187 0.1301
vn 0.3579 -0.2448 0.9011
vn 0.3855 -0.2225 0.8955
vn 0.2533 0.8453 0.4705
vn -0.2821 0.1947 0.9394
vn 0.2257 0.2546 0.9403
vn 0.3562 -0.2608 0.8973
vn -0.0800 -0.1887 0.9788
vn -0.1787 -0.1023 0.9786
vn -0.0705 -0.1206 0.9902
vn 0.3019 0.0565 0.9517
vn -0.1371 0.8186 0.5577
vn 0.3814 0.0223 0.9241
vn 0.3651 -0.3097 0.8780
vn 0.3301 0.0073 0.9439
vn 0.3494 0.1069 0.9309
vn 0.3549 -0.3796 0.8544
vn 0.3755 -0.3382 0.8629
vn -0.4611 -0.2938 0.8373
vn 0.6228 0.5545 0.5520
vn -0.4600 -0.0571 0.8861
vn 0.0000 0.7733 0.6340
vn -0.3752 -0.0020 0.9269
vn -0.0000 0.0081 1.0000
vn 0.0894 0.8370 0.5398
vn -0.3088 0.0777 0.9479
vn -0.3019 0.0565 0.9517
vn -0.7466 -0.4653 0.4754
vn -0.5630 -0.2578 0.7852
vn 0.3452 -0.2912 0.8922
vn -0.5803 0.1404 0.8022
vn -0.4425 0.8045 0.3962
vn -0.6421 0.5900 0.4894
vn 0.7636 -0.4531 -0.4601
vn 0.7950 -0.4201 -0.4377
vn 0.7750 -0.4471 -0.4466
vn 0.7179 -0.5154 -0.4679
vn 0.2924 0.8837 -0.3656
vn -0.0044 0.5428 -0.8398
vn -0.0371 0.9227 -0.3837
vn -0.0011 -0.8108 -0.5853
vn 0.1053 -0.9702 -0.2182
vn 0.0695 -0.9767 -0.2029
vn 0.0000 -0.8076 -0.5897
vn -0.0037 -0.8109 -0.5851
vn 0.0097 -0.8188 -0.5740
vn 0.0193 0.9118 -0.4102
vn -0.5637 0.4436 -0.6967
vn -0.4731 0.8006 -0.3677
vn -0.2469 0.6900 -0.6804
vn -0.2425 0.8969 -0.3698
vn -0.3701 0.8601 -0.3511
vn -0.0829 0.2446 -0.9661
vn -0.1180 0.7408 -0.6613
vn -0.2410 0.7418 -0.6258
vn -0.5538 0.7589 -0.3426
vn 0.4907 0.4429 -0.7504
vn 0.0044 0.5428 -0.8398
vn -0.2193 0.5346 -0.8161
vn 0.0028 0.4691 -0.8832
vn 0.0027 0.8934 -0.4492
vn -0.1819 0.8663 -0.4653
vn 0.9172 0.3699 -0.1481
vn 0.9007 0.1999 -0.3859
vn -0.0377 0.5469 -0.8363
vn -0.1222 0.5398 -0.8328
vn -0.5839 0.1787 -0.7919
vn -0.7519 0.0795 -0.6545
vn -0.2734 0.1636 -0.9479
vn -0.3081 0.0738 -0.9485
vn 0.9081 0.2125 -0.3608
vn 0.9791 0.1259 -0.1596
vn -0.9272 0.3592 -0.1058
vn -0.8728 0.4858 -0.0481
vn 0.2276 0.8602 -0.4564
vn 0.0552 0.6692 -0.7410
vn -0.7998 -0.4219 -0.4270
vn -0.9085 -0.3806 -0.1727
vn 0.1271 -0.8232 -0.5534
vn 0.0066 -0.8194 -0.5732
vn 0.1444 -0.8217 -0.5513
vn 0.5530 -0.8153 -0.1718
vn 0.2620 -0.9460 -0.1911
vn 0.2937 0.8261 -0.4809
vn 0.0342 0.4358 -0.8994
vn -0.1081 0.7000 -0.7059
vn -0.2387 0.7287 -0.6419
vn -0.1357 0.6699 -0.7299
vn 0.0000 0.6319 -0.7750
vn 0.7912 -0.5720 -0.2163
vn 0.7405 -0.5804 -0.3389
vn 0.8134 -0.5761 0.0804
vn 0.7740 -0.6122 -0.1619
vn 0.5586 -0.5421 -0.6277
vn 0.6829 -0.6887 -0.2435
vn 0.6901 -0.6616 -0.2934
vn 0.9662 0.1312 -0.2217
vn 0.4730 0.8006 -0.3677
vn 0.9273 0.3591 -0.1058
vn -0.1888 0.4663 -0.8643
vn -0.0028 0.4691 -0.8832
vn -0.4028 0.7211 -0.5637
vn -0.8334 0.5157 -0.1987
vn -0.5087 0.8507 -0.1323
vn 0.8909 -0.4447 -0.0923
vn 0.7519 0.0795 -0.6545
vn 0.6815 0.2476 -0.6887
vn 0.2348 0.2768 -0.9318
vn 0.6257 0.4280 -0.6522
vn -0.2276 0.8602 -0.4564
vn -0.3112 0.9478 -0.0688
vn 0.7506 -0.6598 0.0368
vn 0.7651 -0.6141 -0.1937
vn 0.7265 -0.6581 -0.1979
vn 0.8201 -0.4786 -0.3137
vn -0.7247 0.2477 -0.6430
vn -0.9776 0.0648 -0.2000
vn -0.9731 -0.0100 -0.2301
vn 0.7041 -0.4074 -0.5816
vn 0.7688 -0.4095 -0.4913
vn 0.7782 -0.3970 -0.4867
vn 0.7998 -0.4219 -0.4270
vn 0.8709 0.4738 -0.1304
vn 0.6836 0.5995 -0.4163
vn 0.9776 0.0648 -0.2000
vn -0.5509 -0.6032 -0.5767
vn -0.7519 -0.6264 -0.2057
vn -0.0342 0.4358 -0.8994
vn 0.1819 0.8663 -0.4652
vn 0.9958 -0.0777 0.0490
vn 0.9861 0.0002 -0.1659
vn 0.9796 0.0064 -0.2009
vn -0.0411 0.9159 -0.3993
vn -0.6836 0.5995 -0.4163
vn -0.2924 0.8837 -0.3656
vn 0.0371 0.9227 -0.3837
vn -0.1312 0.0628 0.9894
vn -0.2897 -0.0810 0.9537
vn -0.2419 -0.0917 0.9659
vn -0.6257 0.4280 -0.6522
vn -0.1578 0.5150 -0.8425
vn -0.0552 0.6692 -0.7410
vn -0.1703 0.8914 -0.4201
vn -0.2555 0.9658 -0.0432
vn 0.6172 -0.6128 -0.4935
vn 0.5586 -0.5422 -0.6277
vn 0.4396 -0.2857 -0.8516
vn -0.0892 0.0764 -0.9931
vn 0.1888 0.4663 -0.8643
vn 0.7247 0.2477 -0.6430
vn -0.5846 0.3515 -0.7312
vn -0.5061 0.7344 -0.4522
vn -0.7775 0.5634 -0.2794
vn -0.9662 0.1312 -0.2217
vn -0.5840 0.1787 -0.7918
vn -0.9712 0.0366 -0.2354
vn 0.6113 0.7909 -0.0276
vn 0.6845 0.7286 -0.0227
vn 0.7047 0.7015 0.1068
vn -0.8448 0.5345 0.0252
vn -0.9392 0.3247 -0.1117
vn -0.5617 0.8271 -0.0208
vn -0.9172 0.3699 -0.1481
vn -0.9333 0.3583 0.0243
vn -0.6845 0.7287 -0.0227
vn 0.8233 -0.5006 -0.2675
vn 0.7901 -0.5645 -0.2390
vn 0.3924 0.9195 -0.0221
vn 0.2425 0.8969 -0.3698
vn 0.3701 0.8601 -0.3511
vn 0.9716 -0.2328 0.0416
vn 0.8606 -0.3562 0.3641
vn 0.7852 -0.5507 0.2832
vn -0.8997 -0.4138 0.1387
vn -0.8215 -0.5170 0.2404
vn -0.7047 -0.7095 0.0009
vn -0.7575 -0.3279 -0.5645
vn -0.6748 -0.6279 -0.3879
vn 0.2335 0.9722 -0.0178
vn -0.8159 -0.3455 -0.4636
vn -0.9268 -0.1292 -0.3527
vn -0.9216 -0.1296 -0.3659
vn 0.1926 -0.8776 0.4389
vn 0.3978 -0.2918 0.8698
vn 0.4599 -0.2944 0.8378
vn 0.4734 -0.2475 0.8453
vn 0.3598 -0.2971 0.8845
vn 0.6332 0.5903 0.5007
vn 0.4140 0.1197 0.9024
vn 0.6104 -0.2942 0.7354
vn 0.5807 -0.4654 0.6680
vn 0.8334 0.5157 -0.1987
vn 0.5087 0.8507 -0.1323
vn -0.1732 0.0838 0.9813
vn 0.4899 -0.2082 0.8466
vn -0.6209 -0.0842 0.7794
vn 0.1491 0.5357 -0.8312
vn 0.0055 0.7196 -0.6943
vn 0.0960 0.8206 0.5633
vn 0.1969 0.7876 0.5839
vn 0.1187 0.9290 0.3506
vn 0.3852 -0.3053 0.8709
vn 0.3465 -0.3101 0.8853
vn 0.2803 -0.3492 0.8941
vn 0.2863 -0.3272 0.9005
vn -0.1751 0.0608 -0.9827
vn -0.6416 0.0442 -0.7657
vn -0.1015 0.0615 -0.9929
vn -0.0989 0.0614 -0.9932
vn -0.1755 0.0608 -0.9826
vn -0.7653 0.4943 0.4124
vn 0.7213 -0.2388 0.6502
vn 0.7372 -0.2942 0.6083
vn 0.4042 -0.2856 0.8689
vn 0.4334 -0.2910 0.8529
vn 0.3394 -0.2829 0.8971
vn 0.2985 -0.2840 0.9112
vn 0.6622 -0.2862 0.6926
vn 0.6301 -0.2791 0.7246
vn 0.6313 -0.1958 0.7504
vn -0.7852 -0.5507 0.2831
vn -0.9761 -0.1238 0.1784
vn 0.9952 -0.0292 0.0929
vn 0.8988 -0.2122 0.3836
vn 0.1067 -0.8006 0.5897
vn -0.7268 0.2997 0.6180
vn -0.8356 0.0588 0.5462
vn -0.8952 0.2855 0.3422
vn -0.7847 -0.0210 0.6195
vn -0.2829 -0.4762 0.8326
vn -0.7079 0.0946 0.6999
vn 0.0000 -0.3334 0.9428
vn 0.3510 -0.3103 0.8835
vn 0.0000 -0.3726 0.9280
vn 0.2838 -0.2115 0.9353
vn 0.2264 -0.1718 0.9588
vn 0.4560 0.1077 0.8834
vn -0.1515 0.8133 0.5618
vn -0.7269 0.2997 0.6179
vn -0.7473 0.6314 0.2068
vn 0.2350 0.2791 -0.9311
vn 0.1578 0.5150 -0.8425
vn -0.4755 -0.1712 0.8629
vn -0.2732 -0.1875 0.9435
vn 0.0377 0.5469 -0.8363
vn 0.9761 -0.1238 0.1784
vn 0.7466 -0.4653 0.4755
vn 0.9117 -0.3529 -0.2102
vn 0.9085 -0.3806 -0.1727
vn -0.8849 -0.3705 -0.2822
vn -0.9562 -0.2886 0.0496
vn -0.9117 -0.3529 -0.2103
vn 0.6231 -0.1273 0.7717
vn 0.6026 -0.2317 0.7637
vn 0.3094 -0.3478 0.8851
vn 0.2701 -0.3350 0.9027
vn 0.2416 -0.3703 0.8970
vn 0.1590 -0.2998 0.9407
vn -0.9929 -0.0791 0.0885
vn -0.9763 -0.0804 -0.2011
vn -0.9958 -0.0777 0.0490
vn -0.9723 -0.0532 -0.2277
vn -0.9959 -0.0905 0.0019
vn 0.3285 -0.3825 0.8636
vn 0.3212 -0.3954 0.8605
vn -0.2260 -0.0620 -0.9722
vn -0.2229 -0.0842 -0.9712
vn -0.3297 -0.0525 -0.9426
vn -0.3460 -0.0539 -0.9367
vn -0.2417 -0.0612 -0.9684
vn 0.1868 -0.3290 0.9257
vn 0.2097 -0.3539 0.9115
vn 0.1754 -0.3494 0.9204
vn 0.1513 -0.3207 0.9350
vn 0.3072 -0.3234 0.8950
vn 0.3339 -0.3220 0.8859
vn -0.6460 0.0554 -0.7613
vn -0.1751 0.0601 -0.9827
vn -0.0968 0.0615 -0.9934
vn -0.0972 0.0577 -0.9936
vn -0.1741 0.0538 -0.9833
vn -0.5865 0.1246 -0.8003
vn -0.2475 -0.0313 -0.9684
vn -0.3553 -0.0547 -0.9331
vn -0.3552 -0.0315 -0.9343
vn -0.2068 0.1367 -0.9688
vn -0.1955 0.1387 -0.9708
vn -0.2072 0.0367 -0.9776
vn -0.0325 0.3954 -0.9179
vn -0.0567 0.4411 -0.8957
vn -0.2219 -0.0241 -0.9748
vn -0.2039 0.0398 -0.9782
vn -0.2299 -0.0900 -0.9691
vn -0.1548 -0.0799 -0.9847
vn -0.1688 -0.0825 -0.9822
vn -0.2202 0.0295 -0.9750
vn -0.1469 0.0337 -0.9886
vn 0.3328 0.0349 -0.9424
vn 0.3281 0.0351 -0.9440
vn 0.9568 -0.0122 -0.2905
vn 0.7811 -0.0416 -0.6231
vn 0.8036 -0.0348 -0.5942
vn 0.9589 -0.0102 -0.2837
vn 0.5189 0.8467 -0.1174
vn 0.6035 0.5630 0.5646
vn 0.4729 0.8798 -0.0477
vn 0.4993 0.6053 0.6199
vn 0.3595 0.9326 -0.0312
vn 0.5008 0.8624 0.0737
vn 0.5097 0.8517 -0.1217
vn 0.2559 -0.2848 0.9238
vn -0.1552 -0.0655 0.9857
vn 0.2556 -0.6023 0.7562
vn 0.2619 -0.4513 0.8531
vn 0.0049 -0.3987 0.9171
vn 0.0668 -0.4660 0.8822
vn 0.2959 -0.4335 0.8512
vn -0.9050 0.4101 0.1131
vn -0.7529 0.6007 0.2690
vn -0.0900 -0.6083 0.7886
vn -0.5155 -0.0098 0.8568
vn -0.0142 -0.6260 0.7797
vn 0.8783 -0.2320 -0.4180
vn -0.3969 0.8026 0.4453
vn -0.4622 -0.0193 0.8866
vn -0.4465 0.0651 0.8924
vn -0.2047 -0.2728 0.9400
vn 0.4555 -0.3775 0.8062
vn -0.2451 -0.4132 0.8771
vn -0.3294 -0.2546 0.9092
vn -0.1214 0.0276 0.9922
vn 0.8452 -0.4303 -0.3170
vn 0.7610 -0.5480 0.3473
vn 0.7858 -0.4849 0.3840
vn 0.8876 -0.3657 -0.2800
vn 0.8809 -0.3517 -0.3167
vn 0.8369 -0.4091 -0.3637
vn 0.7620 -0.4939 -0.4189
vn 0.7711 -0.5236 -0.3624
vn 0.8849 -0.3705 -0.2822
vn 0.0313 -0.1086 0.9936
vn 0.9724 0.2108 -0.0997
vn 0.8686 -0.2139 0.4470
vn 0.9830 -0.0246 -0.1817
vn 0.8185 -0.4718 -0.3278
vn 0.7884 -0.5132 -0.3391
vn 0.9819 -0.0153 -0.1889
vn 0.9199 -0.2916 -0.2622
vn 0.9468 -0.1866 -0.2622
vn 0.9390 -0.1800 -0.2932
vn 0.9133 -0.2808 -0.2950
vn -0.2263 0.9043 -0.3620
vn -0.0302 0.9536 -0.2996
vn 0.0693 0.9622 -0.2633
vn -0.1087 0.9140 -0.3908
vn -0.0301 0.9536 -0.2995
vn -0.2576 0.8235 -0.5054
vn -0.4095 0.7596 -0.5053
vn -0.4093 0.7597 -0.5053
vn -0.3996 0.7696 -0.4981
vn -0.2718 0.0489 0.9611
vn -0.2180 0.1225 0.9682
vn -0.2413 0.1053 0.9647
vn -0.2838 0.0300 0.9584
vn -0.2976 0.0009 0.9547
vn -0.2929 -0.0412 0.9552
vn -0.3104 -0.0092 0.9506
vn -0.3020 -0.0536 0.9518
vn -0.2993 -0.0949 0.9494
vn -0.0000 0.9956 -0.0939
vn 0.0800 0.8283 0.5546
vn -0.2235 0.9718 -0.0755
vn 0.0196 0.8068 0.5905
vn -0.3392 0.9406 -0.0118
vn -0.2325 0.9670 -0.1042
vn -0.0000 0.9885 -0.1511
vn 0.5214 -0.7993 -0.2987
vn 0.2803 -0.8124 0.5113
vn 0.2442 -0.9599 -0.1379
vn 0.0783 -0.9942 -0.0734
vn 0.2499 -0.9505 -0.1846
vn 0.5366 -0.7805 -0.3209
vn -0.8628 0.3033 0.4044
vn 0.4409 -0.7900 0.4260
vn -0.7551 0.3488 0.5552
vn -0.7551 0.3492 0.5549
vn -0.3698 0.7624 -0.5310
vn -0.8599 0.2925 0.4182
vn 0.1733 -0.6226 0.7631
vn 0.1562 -0.6431 0.7497
vn 0.4116 -0.6684 0.6195
vn 0.4115 -0.6685 0.6195
vn 0.1327 -0.7326 0.6676
vn 0.1562 -0.6433 0.7495
vn 0.0057 -0.7353 0.6777
vn -0.2067 0.9708 0.1219
vn 0.3141 0.6668 0.6758
vn 0.1513 0.9824 0.1092
vn 0.5493 0.8313 -0.0849
vn 0.4068 0.8559 -0.3192
vn 0.0514 0.9985 -0.0194
vn 0.5070 -0.6411 0.5761
vn 0.3851 -0.6162 0.6870
vn -0.0000 -0.6071 0.7946
vn 0.0000 -0.6840 0.7294
vn 0.4017 -0.6645 0.6301
vn 0.4019 -0.6644 0.6301
vn 0.5070 -0.6411 0.5762
vn 0.3854 -0.6162 0.6869
vn 0.0021 0.3950 0.9187
vn 0.3912 -0.2482 0.8862
vn -0.0746 0.3398 0.9375
vn -0.0747 0.3400 0.9375
vn -0.0068 0.4168 0.9090
vn 0.0021 0.3949 0.9187
vn 0.0396 0.4482 0.8931
vn 0.0117 -0.7534 0.6575
vn 0.4622 -0.0193 0.8866
vn 0.1693 -0.7303 0.6618
vn 0.2773 -0.5989 0.7513
vn 0.2046 -0.6950 0.6893
vn 0.1692 -0.7305 0.6616
vn 0.0424 -0.7344 0.6774
vn 0.0116 -0.7534 0.6574
vn 0.8605 -0.3562 0.3641
vn 0.3027 -0.7665 0.5664
vn 0.0527 -0.7734 0.6317
vn 0.2504 -0.5514 0.7958
vn 0.0335 0.4488 0.8930
vn -0.0067 0.4167 0.9090
vn -0.0757 0.3181 0.9450
vn 0.5105 -0.4962 0.7022
vn 0.5104 -0.4962 0.7023
vn 0.2504 -0.5515 0.7957
vn 0.0807 -0.9920 -0.0969
vn 0.1176 -0.5593 0.8206
vn 0.5660 -0.5270 0.6340
vn 0.7885 -0.5131 -0.3391
vn 0.5628 -0.7148 -0.4150
vn 0.5701 -0.5712 0.5905
vn 0.5663 -0.5272 0.6336
vn -0.1137 0.2548 0.9603
vn -0.0904 0.2681 0.9591
vn 0.5763 -0.3658 0.7308
vn 0.0000 -0.5123 0.8588
vn 0.0238 0.4855 0.8739
vn 0.0805 -0.5256 0.8469
vn 0.1176 -0.5594 0.8205
vn 0.0546 -0.9963 -0.0670
vn 0.0805 -0.5259 0.8467
vn 0.0000 -0.9985 -0.0556
vn 0.0000 -0.5124 0.8588
vn 0.7124 -0.2355 0.6610
vn -0.2854 -0.1328 0.9492
vn 0.6986 -0.2461 0.6718
vn 0.6706 -0.2946 0.6809
vn 0.6986 -0.2461 0.6719
vn 0.9440 -0.0982 -0.3149
vn 0.9216 -0.1297 -0.3659
vn 0.7126 -0.2355 0.6609
vn 0.2313 0.3501 0.9077
vn 0.3001 0.2925 0.9080
vn 0.7204 0.2211 0.6573
vn 0.7203 0.2206 0.6576
vn 0.1328 -0.7323 0.6679
vn 0.3000 0.2928 0.9079
vn 0.3983 -0.7177 0.5712
vn 0.2311 0.3506 0.9076
vn 0.6369 -0.3494 0.6872
vn -0.2980 -0.1011 0.9492
vn 0.6150 -0.3898 0.6855
vn 0.6367 -0.3494 0.6873
vn 0.6706 -0.2945 0.6809
vn 0.9349 -0.3185 0.1567
vn 0.7205 0.2208 0.6574
vn 0.6046 0.6274 -0.4907
vn 0.9348 -0.3187 0.1567
vn 0.6923 -0.4030 0.5986
vn 0.6950 -0.5817 -0.4226
vn 0.5106 -0.4962 0.7022
vn -0.0693 0.2130 0.9746
vn 0.2388 0.4765 0.8461
vn 0.2018 0.5302 0.8235
vn -0.0000 0.5801 0.8145
vn -0.0001 0.5803 0.8144
vn -0.3528 0.9337 -0.0609
vn 0.2391 0.4766 0.8460
vn -0.3160 0.7040 0.6360
vn 0.3189 0.7132 0.6243
vn 0.0652 0.9641 -0.2575
vn 0.4857 0.5205 0.7023
vn 0.3190 0.7131 0.6243
vn -0.3158 0.7039 0.6362
vn 0.5053 -0.6795 0.5319
vn 0.2065 0.4264 0.8806
vn 0.5066 -0.6716 0.5406
vn -0.3878 0.9214 -0.0245
vn 0.2064 0.4271 0.8803
vn -0.2878 0.9574 0.0222
vn 0.4945 0.2235 0.8400
vn 0.4197 0.0499 0.9063
vn 0.4198 0.0503 0.9062
vn 0.4601 0.8374 0.2950
vn 0.2774 -0.0076 0.9607
vn 0.4198 0.0502 0.9062
vn -0.0713 -0.7649 0.6402
vn -0.1138 -0.7505 0.6509
vn 0.4946 0.2237 0.8398
vn 0.2179 0.9738 -0.0646
vn 0.5247 0.3330 0.7835
vn 0.4949 0.8684 0.0294
vn 0.6077 0.1001 0.7878
vn 0.6080 0.1001 0.7876
vn 0.5245 0.3332 0.7835
vn 0.4858 0.5205 0.7022
vn 0.6220 -0.4382 0.6489
vn 0.6213 -0.4966 0.6061
vn 0.6219 -0.4381 0.6491
vn 0.6151 -0.3898 0.6853
vn 0.6868 -0.1856 0.7027
vn 0.5972 -0.2860 0.7494
vn 0.5762 -0.3659 0.7308
vn 0.5971 -0.2861 0.7494
vn -0.2148 0.1031 0.9712
vn -0.2631 -0.4193 0.8689
vn 0.6866 -0.1856 0.7029
vn 0.6078 0.1000 0.7878
vn 0.8620 0.5032 -0.0610
vn 0.6399 -0.1331 0.7569
vn 0.9640 0.2280 -0.1371
vn 0.6400 -0.1329 0.7568
vn -0.2039 -0.5777 0.7904
vn 0.0427 -0.7343 0.6775
vn 0.5152 0.8549 -0.0609
vn 0.8358 0.1828 0.5177
vn 0.8767 0.4769 -0.0639
vn 0.8535 -0.0770 0.5153
vn 0.8767 0.4768 -0.0638
vn 0.5151 0.8550 -0.0609
vn 0.5097 -0.6445 0.5700
vn 0.5056 -0.6792 0.5321
vn 0.5098 -0.6444 0.5699
vn 0.3983 -0.7178 0.5710
vn 0.9513 -0.3045 0.0481
vn 0.6995 -0.4165 -0.5808
vn 0.5192 -0.4591 -0.7208
vn 0.5746 -0.7080 -0.4105
vn 0.7789 -0.5532 0.2954
vn 0.6607 -0.7200 0.2125
vn 0.5765 -0.7007 -0.4204
vn 0.8185 -0.4717 -0.3278
vn 0.4829 -0.1889 0.8551
vn -0.1271 -0.5587 0.8195
vn 0.4599 -0.0571 0.8861
vn 0.0000 0.4682 0.8836
vn 0.0289 0.4623 0.8863
vn 0.0396 0.4481 0.8931
vn 0.0238 0.4857 0.8738
vn 0.0289 0.4622 0.8863
vn 0.0000 0.5009 0.8655
vn -0.0000 0.4681 0.8837
vn -0.0118 0.7593 0.6506
vn -0.3491 0.9355 0.0552
vn 0.9790 0.1576 -0.1291
vn 0.6232 0.5921 -0.5110
vn 0.6232 0.5921 -0.5109
vn 0.5466 0.5966 -0.5876
vn 0.6389 0.5366 -0.5513
vn 0.0527 -0.9979 -0.0375
vn 0.0000 -0.9999 -0.0172
vn -0.0692 0.2376 0.9689
vn -0.0691 0.2375 0.9689
vn -0.2148 0.1030 0.9712
vn -0.0902 0.2682 0.9591
vn -0.0866 0.2468 0.9652
vn 0.5461 0.8127 -0.2031
vn 0.6332 0.5902 0.5008
vn 0.6331 0.5904 0.5006
vn 0.5460 0.8128 -0.2031
vn 0.5354 0.8159 -0.2185
vn 0.5350 0.8161 -0.2186
vn 0.5609 0.7693 -0.3059
vn 0.5458 0.8129 -0.2033
vn 0.5200 0.2601 0.8136
vn 0.5527 0.7849 -0.2800
vn 0.5200 0.2600 0.8136
vn 0.6127 0.2262 0.7573
vn -0.3136 -0.1290 0.9408
vn -0.0378 -0.6789 0.7332
vn -0.0027 -0.6569 0.7540
vn 0.6824 -0.5848 -0.4387
vn 0.7995 -0.5730 0.1803
vn 0.6823 -0.5848 -0.4387
vn 0.5903 -0.7329 0.3382
vn 0.6950 -0.5818 -0.4225
vn 0.6949 -0.5817 -0.4227
vn 0.8172 -0.3397 -0.4657
vn 0.6823 -0.5847 -0.4388
vn 0.1739 0.9676 -0.1828
vn 0.6421 0.5901 0.4894
vn 0.3913 -0.2976 0.8708
vn 0.3688 -0.2901 0.8831
vn 0.4684 -0.1915 0.8625
vn -0.1305 0.2617 0.9563
vn -0.1306 0.2616 0.9563
vn -0.0758 0.3183 0.9450
vn 0.9519 -0.0988 -0.2900
vn 0.8682 -0.2764 0.4121
vn 0.4214 0.5392 -0.7292
vn 0.0020 0.6373 -0.7706
vn 0.4214 0.5388 -0.7295
vn 0.1858 0.9309 -0.3146
vn 0.6629 0.6870 -0.2977
vn 0.6628 0.6871 -0.2976
vn 0.4157 0.1342 -0.8995
vn 0.4214 0.5389 -0.7293
vn -0.1141 0.5530 -0.8253
vn -0.7401 0.0329 -0.6717
vn -0.5794 0.5505 -0.6010
vn -0.5795 0.5505 -0.6010
vn -0.9955 0.0559 -0.0759
vn -0.6187 0.7729 -0.1405
vn -0.5794 0.5508 -0.6008
vn -0.1140 0.5528 -0.8255
vn -0.2219 0.2784 0.9345
vn 0.2621 -0.3113 0.9135
vn 0.2800 0.2779 0.9189
vn -0.2217 0.2784 0.9345
vn -0.5193 0.5809 0.6268
vn -0.2526 -0.2339 0.9389
vn 0.7611 0.2647 0.5921
vn 0.3226 -0.2702 0.9072
vn 0.7861 -0.2459 0.5672
vn 0.9964 -0.0761 -0.0370
vn 0.8127 0.5622 0.1531
vn 0.8127 0.5621 0.1533
vn 0.3355 0.2765 0.9006
vn 0.7611 0.2645 0.5922
vn 0.2323 -0.3541 0.9059
vn 0.2696 -0.3622 0.8923
vn 0.2624 -0.3405 0.9029
vn 0.3000 -0.3098 0.9022
vn 0.2154 -0.3705 0.9035
vn -0.2159 0.0375 -0.9757
vn -0.2612 0.0304 -0.9648
vn 0.0510 0.2367 -0.9702
vn -0.2243 -0.0068 -0.9745
vn -0.2418 0.0119 -0.9702
vn -0.3261 0.2151 -0.9205
vn -0.2018 0.0042 -0.9794
vn -0.1232 0.0320 -0.9919
vn -0.1881 -0.0183 -0.9820
vn -0.2477 -0.0653 -0.9666
vn 0.4692 -0.4261 0.7735
vn 0.4076 -0.3449 0.8455
vn 0.2603 -0.2004 0.9445
vn 0.4319 -0.4061 0.8053
vn 0.4597 -0.1293 0.8786
vn 0.3077 -0.2733 0.9114
vn -0.0569 0.6023 -0.7962
vn -0.0557 0.5672 -0.8217
vn 0.1065 0.9123 -0.3954
vn -0.0570 0.6022 -0.7963
vn 0.0020 0.6374 -0.7706
vn -0.0477 0.5536 -0.8314
vn -0.3053 0.1054 -0.9464
vn 0.1458 0.8793 -0.4535
vn 0.1211 0.8909 -0.4378
vn 0.3254 0.2612 0.9088
vn 0.3030 0.2709 0.9137
vn 0.3254 0.2610 0.9088
vn 0.2800 0.2778 0.9189
vn 0.2756 0.2644 0.9242
vn 0.2936 0.7840 0.5470
vn 0.1642 -0.4001 0.9016
vn -0.0000 -0.4197 0.9077
vn 0.0000 -0.4218 0.9067
vn -0.5649 0.6466 0.5126
vn -0.7174 -0.0234 0.6963
vn -0.5193 0.5810 0.6267
vn -0.0165 0.9315 0.3633
vn -0.5648 0.6466 0.5127
vn -0.5769 0.7109 -0.4022
vn -0.3261 0.2152 -0.9205
vn -0.5769 0.7108 -0.4024
vn 0.0989 0.9114 -0.3994
vn 0.9699 -0.2033 -0.1343
vn 0.8026 0.3675 0.4699
vn 0.4595 -0.1293 0.8787
vn 0.8026 0.3676 0.4699
vn 0.6926 0.7099 -0.1279
vn 0.8589 0.2071 -0.4684
vn 0.6926 0.7099 -0.1277
vn 0.5846 0.3515 -0.7312
vn 0.3219 0.0748 -0.9438
vn -0.0550 0.9981 -0.0277
vn 0.8762 -0.4289 -0.2200
vn -0.1052 0.9938 -0.0365
vn 0.4730 0.8007 -0.3677
vn -0.2937 0.8261 -0.4809
vn -0.1838 0.1923 0.9640
vn -0.1484 0.1896 0.9706
vn -0.0864 0.2470 0.9651
vn -0.3380 -0.6878 0.6424
vn -0.1384 -0.6570 0.7411
vn -0.2848 -0.6549 0.7000
vn 0.7483 -0.6595 0.0713
vn 0.8096 -0.5862 0.0293
vn 0.6992 0.5741 0.4261
vn 0.2328 0.9725 -0.0036
vn 0.3969 0.8026 0.4453
vn -0.7581 0.6491 -0.0633
vn -0.3320 0.9407 -0.0700
vn 0.8448 0.5345 0.0252
vn 0.9606 0.2684 0.0716
vn 0.9801 0.1544 0.1248
vn -0.6273 -0.5903 0.5080
vn -0.3581 0.5235 0.7731
vn -0.2811 0.8354 -0.4724
vn 0.0015 -0.7338 0.6794
vn -0.3581 0.5234 0.7732
vn 0.2770 -0.0079 0.9608
vn 0.2770 -0.0082 0.9608
vn 0.1372 0.9797 0.1460
vn 0.5702 -0.5711 0.5906
vn 0.5987 -0.5391 0.5924
vn 0.5984 -0.5390 0.5928
vn 0.5788 -0.6822 -0.4468
vn 0.6677 -0.5934 -0.4495
vn 0.6680 -0.5931 -0.4495
vn 0.6214 -0.4967 0.6060
vn 0.5987 -0.5388 0.5926
vn 0.7858 -0.4849 0.3839
vn -0.1019 0.1700 0.9802
vn 0.2946 -0.2612 0.9192
vn -0.0650 -0.2100 0.9755
vn -0.5888 -0.0439 0.8071
vn -0.7268 0.2996 0.6181
vn -0.4221 0.0691 0.9039
vn 0.7388 -0.2157 0.6385
vn 0.8515 -0.0440 0.5225
vn 0.8535 -0.0770 0.5154
vn 0.7388 -0.2157 0.6384
vn -0.3562 -0.2608 0.8973
vn -0.3579 -0.2448 0.9011
vn 0.5534 -0.4855 0.6768
vn -0.5434 -0.5271 0.6534
vn 0.4468 -0.3978 0.8014
vn -0.7312 0.0494 -0.6803
vn 0.7930 -0.5943 0.1344
vn 0.7548 -0.6407 -0.1407
vn 0.7523 -0.6542 -0.0773
vn 0.6901 -0.6617 -0.2933
vn 0.5753 0.7202 -0.3878
vn 0.6127 0.2257 0.7574
vn 0.8561 0.0625 0.5131
vn 0.8562 0.0626 0.5129
vn -0.1406 -0.5923 0.7933
vn -0.0064 -0.6616 0.7499
vn 0.9691 -0.1433 0.2010
vn 0.5526 0.6303 -0.5452
vn 0.7458 -0.2961 0.5968
vn 0.2850 -0.3160 0.9050
vn 0.7214 -0.2986 0.6249
vn 0.7213 -0.2986 0.6249
vn 0.9854 -0.1637 0.0466
vn 0.7459 -0.2960 0.5967
vn -0.1725 -0.3404 0.9243
vn 0.1964 -0.3889 0.9001
vn -0.2068 -0.3156 0.9261
vn -0.6571 -0.1602 0.7366
vn -0.7516 -0.0693 -0.6559
vn -0.7554 -0.0860 -0.6496
vn -0.9866 -0.0964 -0.1317
vn -0.9897 -0.0768 -0.1205
vn -0.7323 -0.0553 -0.6787
vn -0.7324 -0.0553 -0.6787
vn -0.9828 -0.0903 -0.1613
vn -0.7479 -0.0800 -0.6590
vn 0.3513 -0.0175 -0.9361
vn 0.8375 0.0238 -0.5460
vn 0.3131 -0.0585 -0.9479
vn 0.3512 -0.0176 -0.9361
vn 0.4157 0.1343 -0.8995
vn 0.2276 -0.0585 -0.9720
vn 0.7811 -0.0416 -0.6230
vn 0.2487 -0.0749 -0.9657
vn 0.7639 -0.2825 0.5803
vn 0.9889 -0.1471 0.0196
vn 0.7638 -0.2825 0.5803
vn 0.7860 -0.2459 0.5672
vn -0.1227 -0.3350 0.9342
vn 0.2037 -0.3865 0.8995
vn -0.5522 -0.1978 0.8099
vn -0.7553 -0.0843 -0.6500
vn -0.7479 -0.0800 -0.6589
vn -0.9855 -0.0951 -0.1405
vn 0.2821 -0.0677 -0.9570
vn 0.7182 -0.6279 0.2999
vn 0.6759 -0.6211 -0.3967
vn 0.7711 -0.5236 -0.3622
vn 0.6758 -0.6211 -0.3967
vn 0.6699 -0.7051 0.2324
vn -0.3419 -0.2780 0.8977
vn -0.8261 -0.3501 0.4416
vn -0.9069 0.3960 0.1439
vn 0.7608 -0.4669 0.4508
vn 0.0799 0.8284 0.5544
vn 0.0198 0.8066 0.5908
vn 0.2543 0.3885 0.8857
vn 0.7287 0.6826 0.0549
vn 0.3021 0.8939 0.3312
vn -0.0855 0.8073 0.5840
vn -0.4941 0.8274 -0.2670
vn -0.0746 0.9767 -0.2014
vn 0.4599 0.8373 0.2955
vn -0.0257 -0.6883 0.7250
vn 0.5734 0.6878 -0.4450
vn 0.5527 0.6304 -0.5451
vn 0.9069 0.3961 0.1438
vn 0.5735 0.6878 -0.4450
vn 0.5607 0.7694 -0.3059
vn 0.5521 0.7852 -0.2805
vn 0.5749 0.7202 -0.3883
vn -0.0132 -0.6314 0.7753
vn 0.0826 -0.7263 0.6824
vn 0.0945 -0.7495 0.6552
vn -0.0563 -0.3441 0.9372
vn 0.2169 -0.1480 0.9649
vn -0.3054 -0.2115 0.9284
vn 0.3106 -0.2179 0.9252
vn -0.1164 -0.6266 0.7706
vn 0.0000 -0.9341 0.3569
vn -0.3033 -0.8501 0.4305
vn 0.0000 -0.7145 0.6996
vn -0.3774 -0.0487 0.9248
vn 0.1785 -0.2744 0.9449
vn -0.3939 0.1890 0.8995
vn -0.0277 -0.1724 0.9846
vn -0.0739 -0.0760 0.9944
vn -0.2486 0.3476 0.9041
vn 0.0000 0.3910 0.9204
vn 0.0000 -0.0469 0.9989
vn -0.0417 -0.2218 0.9742
vn -0.0538 -0.2264 0.9725
vn -0.0399 -0.2271 0.9730
vn -0.0508 -0.2281 0.9723
vn -0.0375 -0.2300 0.9725
vn -0.0000 -0.2272 0.9738
vn 0.0000 -0.2220 0.9750
vn -0.0542 -0.2168 0.9747
vn -0.0403 -0.2163 0.9755
vn 0.0000 -0.2166 0.9763
vn -0.0378 -0.2133 0.9763
vn -0.0513 -0.2150 0.9753
vn -0.6960 -0.7179 0.0166
vn -0.3769 -0.9013 -0.2138
vn -0.3746 -0.9271 -0.0110
vn -0.0000 -0.9751 -0.2219
vn -0.0000 -0.9999 -0.0170
vn -0.2766 -0.7715 0.5729
vn -0.5067 -0.6285 0.5902
vn -0.3806 -0.9247 -0.0081
vn -0.4643 -0.6056 0.6462
vn 0.0000 -0.9997 -0.0264
vn -0.3816 -0.8993 -0.2136
vn -0.7063 -0.6835 -0.1843
vn -0.6961 -0.7161 0.0509
vn -0.1473 -0.3210 0.9356
vn -0.1809 -0.2733 0.9447
vn -0.0557 -0.2217 0.9735
vn -0.1933 -0.2174 0.9567
vn -0.6571 -0.4100 0.6326
vn -0.0866 -0.3541 0.9312
vn -0.0000 -0.2313 0.9729
vn -0.2765 -0.7716 0.5729
vn 0.0000 -0.8230 0.5680
vn 0.0000 -0.3677 0.9300
vn -0.1809 -0.1620 0.9701
vn -0.1476 -0.1149 0.9823
vn -0.6562 0.0985 0.7481
vn -0.0868 -0.0833 0.9927
vn -0.0000 -0.2123 0.9772
vn 0.0000 -0.0705 0.9975
vn -0.0000 0.4963 0.8682
vn -0.2756 0.4482 0.8504
vn -0.7035 -0.6863 -0.1846
vn -0.9230 -0.3638 -0.1256
vn -0.9231 -0.3634 -0.1256
vn -0.9990 0.0128 -0.0437
vn -0.9990 0.0128 -0.0436
vn -0.9233 -0.3630 -0.1255
vn -0.7045 -0.6853 -0.1844
vn -0.3728 0.8411 0.3920
vn 0.0000 0.9752 0.2215
vn -0.3750 0.9058 0.1972
vn -0.6939 0.6421 0.3258
vn -0.5058 0.3128 0.8040
vn -0.2755 0.4479 0.8505
vn -0.0000 0.9089 0.4170
vn -0.3771 0.8238 0.4232
vn -0.0000 0.3911 0.9204
vn -0.2485 0.3475 0.9042
vn -0.6913 0.6186 0.3734
vn -0.7040 0.6982 0.1299
vn -0.3797 0.9040 0.1965
vn -0.0000 0.8945 0.4470
vn -0.9129 -0.4014 0.0745
vn -0.9990 0.0127 -0.0437
vn -0.7027 -0.6871 -0.1847
vn -0.6961 -0.7177 0.0164
vn -0.6572 -0.4100 0.6325
vn -0.7101 -0.1545 0.6869
vn -0.9874 -0.0325 0.1549
vn -0.6912 0.6186 0.3737
vn -0.3775 -0.0486 0.9247
vn -0.8965 0.3031 0.3232
vn -0.3054 -0.2116 0.9284
vn -0.9218 0.3851 0.0446
vn -0.0000 -0.9750 -0.2220
vn -0.3791 -0.9003 -0.2136
vn -0.3804 -0.8998 -0.2136
vn -0.7045 -0.6853 -0.1845
vn -0.7055 -0.6844 -0.1843
vn 0.0000 -0.9751 -0.2218
vn -0.3786 0.9045 0.1966
vn -0.7022 0.7000 0.1306
vn -0.3773 0.9049 0.1968
vn -0.0000 0.9751 0.2216
vn -0.7032 0.6990 0.1300
vn -0.9217 0.3854 0.0448
vn -0.9215 0.3858 0.0448
vn -0.7031 0.6990 0.1302
vn -0.7040 0.6982 0.1301
vn -0.7054 -0.6844 -0.1842
vn -0.9235 -0.3626 -0.1253
vn -0.7063 -0.6835 -0.1842
vn -0.9111 0.3338 0.2417
vn -0.7004 0.7016 0.1311
vn -0.9211 0.3867 0.0452
vn -0.6939 0.6421 0.3260
vn -0.9213 0.3862 0.0448
vn -0.7012 0.7009 0.1307
vn -0.7022 0.6999 0.1307
vn -0.3760 0.9054 0.1970
vn -0.7004 0.7017 0.1309
vn 0.0000 0.9752 0.2214
vn -0.7012 0.7009 0.1308
vn -0.0000 -0.9751 -0.2220
vn -0.3779 -0.9009 -0.2136
vn -0.7026 -0.6872 -0.1846
vn -0.7034 -0.6864 -0.1846
vn 0.6146 0.5856 -0.5285
vn 0.8445 0.1747 -0.5063
vn 0.6851 -0.2247 0.6930
vn -0.2344 0.3381 0.9115
vn -0.5786 -0.0676 0.8128
vn 0.7652 0.4943 0.4125
vn 0.6718 0.5919 -0.4453
vn 0.4070 0.8559 -0.3192
vn 0.5490 0.8314 -0.0854
vn -0.8151 -0.0788 0.5739
vn -0.6203 -0.1198 0.7752
vn -0.6395 -0.1184 0.7596
vn -0.1400 -0.5397 0.8301
vn -0.8419 0.2479 0.4793
vn 0.8716 0.0174 -0.4898
vn 0.8690 0.0171 -0.4945
vn -0.3993 0.7696 -0.4983
vn -0.8418 0.2485 0.4792
vn -0.9937 -0.1024 -0.0452
vn -0.8628 0.5028 0.0525
vn -0.6306 0.7124 -0.3078
vn 0.8690 0.0172 -0.4945
vn 0.3239 0.0364 -0.9454
vn -0.5977 0.0654 -0.7991
vn -0.9796 0.0064 -0.2009
vn 0.6048 0.6273 -0.4906
vn 0.6699 -0.7052 0.2323
vn -0.7623 0.2984 0.5744
vn 0.1905 0.7676 0.6119
vn 0.3091 0.1483 0.9394
vn 0.1308 0.7248 0.6764
vn -0.9899 -0.0837 0.1142
vn 0.7575 -0.3279 -0.5645
vn 0.5538 0.7589 -0.3426
vn -0.7782 -0.3970 -0.4867
vn -0.9799 0.1053 0.1697
vn -0.1926 -0.8776 0.4390
vn -0.0695 -0.9767 -0.2029
vn -0.1299 -0.8712 0.4734
vn 0.9898 0.1085 0.0920
vn 0.9392 0.3247 -0.1117
vn 0.9836 0.1770 -0.0359
vn 0.3958 0.1565 -0.9049
vn -0.4140 0.1197 0.9024
vn -0.6166 0.5788 0.5337
vn -0.4579 0.8825 0.1072
vn -0.5843 0.5840 0.5635
vn -0.8558 -0.2994 0.4218
vn 0.4565 0.7771 0.4332
vn 0.1936 0.8973 -0.3966
vn 0.6302 -0.2791 0.7246
vn 0.9888 -0.1434 0.0412
vn 0.8710 0.0439 -0.4892
vn 0.8717 0.0174 -0.4898
vn -0.7970 0.6034 -0.0248
vn -0.0563 0.4616 -0.8853
vn 0.2016 0.8952 -0.3974
vn 0.1777 0.7739 0.6078
vn -0.9946 -0.0746 -0.0718
vn -0.9273 0.3591 -0.1058
vn -0.6202 -0.1198 0.7753
vn 0.8665 0.0707 -0.4942
vn 0.8579 0.0251 -0.5132
vn -0.5788 -0.0676 0.8127
vn 0.2041 0.8937 -0.3995
vn -0.9869 -0.0612 0.1493
vn -0.9874 -0.0842 0.1337
vn 0.9597 0.0221 -0.2801
vn 0.7379 0.6188 0.2693
vn -0.2343 0.3380 0.9115
vn 0.8556 -0.3713 0.3606
vn -0.7940 -0.0735 0.6035
vn -0.5521 -0.1978 0.8100
vn -0.7939 -0.0735 0.6036
vn -0.2343 0.3381 0.9115
vn -0.2620 -0.9460 -0.1911
vn -0.0097 -0.8188 -0.5739
vn -0.1053 -0.9702 -0.2182
vn 0.9333 0.3583 0.0243
vn 0.7775 0.5634 -0.2794
vn 0.9829 -0.1643 0.0830
vn 0.1309 -0.7822 0.6091
vn 0.7466 -0.4654 0.4754
vn 0.7851 -0.5508 0.2830
vn 0.1589 -0.7983 0.5809
vn 0.9747 -0.2234 0.0003
vn 0.8711 0.0439 -0.4892
vn 0.9691 -0.1432 0.2008
vn -0.5815 0.8114 0.0597
vn -0.6186 0.7731 -0.1403
vn -0.5814 0.8114 0.0597
vn 0.7880 0.6156 -0.0104
vn 0.7880 0.6156 -0.0103
vn 0.6422 0.5899 0.4895
vn 0.0168 0.9998 -0.0119
vn 0.0000 0.9172 -0.3984
vn -0.1121 -0.6349 0.7645
vn 0.0000 -0.6731 0.7395
vn 0.0000 -0.6269 0.7791
vn 0.8666 0.0707 -0.4940
vn 0.1586 -0.7983 0.5810
vn 0.9350 -0.3182 0.1565
vn 0.9746 -0.2238 0.0006
vn -0.0894 0.8370 0.5398
vn 0.1384 -0.6570 0.7411
vn -0.7265 -0.6581 -0.1979
vn -0.6901 -0.6616 -0.2934
vn -0.7548 -0.6407 -0.1406
vn -0.6981 -0.7153 0.0308
vn -0.6829 -0.6887 -0.2435
vn 0.1703 0.8914 -0.4201
vn 0.8026 0.3675 0.4698
vn -0.5588 0.8234 0.0992
vn -0.6308 0.7123 -0.3077
vn -0.3700 0.7625 -0.5308
vn -0.0027 0.8934 -0.4492
vn -0.9791 0.1259 -0.1596
vn -0.9836 0.1770 -0.0359
vn -0.2328 0.9725 -0.0036
vn 0.0026 0.8934 -0.4492
vn -0.8909 -0.4447 -0.0923
vn 0.2017 0.8952 -0.3974
vn 0.1367 -0.3061 0.9421
vn 0.1503 -0.3121 0.9381
vn 0.1434 -0.3111 0.9395
vn 0.1581 -0.3127 0.9366
vn 0.2683 -0.3485 0.8981
vn 0.2142 -0.3604 0.9079
vn 0.2401 -0.3690 0.8979
vn 0.2853 -0.3670 0.8854
vn 0.2084 -0.3304 0.9205
vn 0.3064 -0.4031 0.8623
vn 0.2929 -0.3862 0.8747
vn 0.2694 -0.3620 0.8924
vn 0.2972 -0.3645 0.8825
vn 0.3117 -0.3945 0.8644
vn 0.3003 -0.4075 0.8624
vn 0.1992 -0.3986 0.8952
vn 0.3008 -0.4141 0.8591
vn 0.1452 -0.3080 0.9402
vn 0.1833 -0.3328 0.9250
vn 0.6514 0.6468 0.3966
vn 0.8855 0.3938 0.2467
vn 0.8856 0.3986 0.2384
vn -0.8359 0.0735 0.5439
vn -0.6700 0.4008 0.6249
vn -0.8403 0.0774 0.5366
vn -0.3843 0.6417 0.6637
vn -0.0379 0.7813 0.6231
vn -0.3874 0.6472 0.6566
vn 0.9598 -0.2771 -0.0458
vn 0.7892 -0.5966 -0.1456
vn 0.9601 -0.2741 -0.0550
vn 0.3287 0.7744 0.5406
vn 0.3273 0.7802 0.5331
vn 0.9940 0.0760 0.0783
vn -0.2297 -0.4100 0.8827
vn -0.7658 -0.5952 0.2433
vn -0.8747 -0.2718 0.4012
vn -0.1993 -0.2569 0.9457
vn -0.1994 -0.2569 0.9456
vn -0.1852 -0.5649 0.8041
vn 0.1592 0.0968 0.9825
vn 0.3314 0.1097 0.9371
vn 0.1592 0.0967 0.9825
vn 0.2403 -0.3653 0.8994
vn 0.0060 0.0116 0.9999
vn 0.6405 -0.2374 0.7303
vn 0.6011 -0.4127 0.6844
vn 0.6406 -0.2375 0.7303
vn 0.1331 -0.3372 0.9320
vn 0.5978 -0.0782 0.7978
vn 0.2389 -0.7460 0.6216
vn 0.5074 -0.8438 -0.1749
vn 0.1570 -0.9771 -0.1435
vn -0.2074 -0.9769 -0.0513
vn 0.0678 -0.7537 0.6537
vn 0.2389 -0.7462 0.6214
vn 0.3959 -0.6712 0.6267
vn 0.5275 -0.5548 0.6434
vn 0.5275 -0.5546 0.6436
vn 0.3958 -0.6711 0.6268
vn 0.5274 -0.5547 0.6435
vn 0.6012 -0.4126 0.6843
vn 0.4916 0.0519 0.8693
vn 0.6515 0.6467 0.3966
vn 0.4916 0.0520 0.8693
vn 0.4917 0.0521 0.8692
vn 0.3314 0.1096 0.9371
vn -0.1250 -0.1079 0.9863
vn -0.8403 0.0773 0.5366
vn -0.6699 0.4007 0.6250
vn -0.3874 0.6472 0.6565
vn -0.0886 -0.6919 0.7165
vn -0.5322 -0.8426 0.0827
vn -0.0887 -0.6918 0.7166
vn -0.1851 -0.5650 0.8041
vn 0.0677 -0.7537 0.6538
vn -0.2048 -0.9779 -0.0424
vn -0.8696 -0.2751 0.4100
vn 0.9935 0.0717 0.0880
vn 0.5082 -0.8452 -0.1656
vn -0.7614 -0.5975 0.2515
vn 0.7894 -0.5964 -0.1455
vn 0.7893 -0.5990 -0.1351
vn 0.2244 -0.3685 0.9021
vn 0.2243 -0.3683 0.9022
vn 0.2245 -0.3686 0.9021
vn -0.0352 0.7749 0.6311
vn 0.2246 -0.3685 0.9021
vn 0.2245 -0.3685 0.9021
vn 0.1590 -0.9782 -0.1332
vn 0.2241 -0.3684 0.9022
vn 0.7893 -0.5989 -0.1351
vn 0.6520 0.6407 0.4055
vn 0.2244 -0.3686 0.9021
vn -0.6655 0.3955 0.6331
vn -0.5281 -0.8441 0.0925
vn 0.2244 -0.3683 0.9022
vn 0.5782 -0.5657 0.5879
vn -0.1795 -0.6871 0.7040
vn -0.1326 -0.6725 0.7282
vn 0.6607 -0.7199 0.2125
vn -0.3878 -0.2973 0.8725
vn -0.3973 -0.3760 0.8371
vn -0.5469 -0.4508 0.7055
vn 0.6875 0.0135 0.7261
vn 0.7624 0.2984 0.5742
vn -0.1987 0.9743 -0.1060
vn -0.1211 0.8908 -0.4379
vn -0.1065 0.9123 -0.3955
vn -0.2765 0.9587 -0.0662
vn 0.2378 0.9706 0.0374
vn -0.8110 -0.5810 0.0684
vn -0.7999 -0.4029 0.4448
vn -0.8909 -0.4512 0.0524
vn -0.9145 -0.4005 0.0567
vn 0.7377 0.6190 0.2693
vn 0.9217 0.3748 -0.1000
vn 0.9050 0.4101 0.1131
vn -0.9443 -0.3259 0.0462
vn 0.9937 -0.1023 -0.0452
vn 0.9712 0.0366 -0.2354
vn -0.9527 -0.0138 -0.3037
vn -0.7606 -0.0279 -0.6486
vn -0.9476 -0.0048 -0.3193
vn -0.8156 0.0697 -0.5744
vn -0.9602 0.0481 -0.2752
vn 0.2343 0.3381 0.9115
vn 0.8462 0.0815 0.5266
vn 0.5788 -0.0676 0.8127
vn -0.7995 -0.5730 0.1804
vn -0.7213 -0.2388 0.6502
vn -0.9119 -0.3758 0.1647
vn 0.6573 -0.1602 0.7364
vn 0.8404 -0.0453 0.5401
vn 0.6031 -0.2000 0.7722
vn 0.8151 -0.0788 0.5739
vn -0.7377 0.6191 0.2694
vn -0.8079 -0.4947 0.3202
vn -0.8827 -0.4699 0.0001
vn 0.1794 0.0334 -0.9832
vn 0.2410 0.0309 -0.9700
vn 0.2557 0.0281 -0.9663
vn 0.1959 0.0382 -0.9799
vn -0.2405 0.1151 -0.9638
vn -0.3088 0.0499 -0.9498
vn 0.1642 0.0353 -0.9858
vn 0.9843 0.1362 -0.1122
vn 0.6461 0.0554 -0.7613
vn 0.9959 0.0119 -0.0899
vn 0.6417 0.0442 -0.7656
vn 0.9936 -0.0032 -0.1126
vn -0.2861 -0.3086 0.9072
vn -0.3845 -0.3297 0.8623
vn -0.3330 -0.3122 0.8897
vn -0.3794 -0.3276 0.8653
vn -0.1048 -0.2634 0.9590
vn -0.0156 -0.2755 0.9612
vn -0.9962 -0.0804 0.0345
vn -0.6923 -0.2773 0.6662
vn -0.9914 -0.1294 0.0171
vn -0.6621 -0.2862 0.6926
vn -0.9888 -0.1434 0.0412
vn -0.4674 -0.1495 0.8713
vn -0.4375 -0.1470 0.8871
vn -0.5077 0.8613 -0.0210
vn 0.7404 -0.5804 -0.3390
vn 0.7180 -0.5154 -0.4679
vn 0.6967 -0.6010 0.3917
vn -0.9724 0.2296 0.0413
vn 0.0672 0.4640 -0.8833
vn 0.2189 0.0279 -0.9754
vn 0.2295 0.0137 -0.9732
vn 0.2377 -0.0443 -0.9703
vn 0.2514 -0.0650 -0.9657
vn 0.2372 0.0010 -0.9715
vn 0.1400 0.4292 -0.8923
vn -0.2750 0.1436 0.9507
vn -0.3209 -0.2960 0.8997
vn -0.2724 -0.2684 0.9240
vn -0.2906 -0.3701 0.8824
vn -0.2834 -0.2623 0.9224
vn -0.3080 0.0971 0.9464
vn 0.1749 0.0609 -0.9827
vn 0.1073 0.0237 -0.9939
vn 0.1904 0.0662 -0.9795
vn 0.1499 0.2937 -0.9441
vn 0.2037 0.2274 -0.9523
vn 0.5977 0.0654 -0.7990
vn 0.6134 0.0465 -0.7884
vn 0.0413 0.8322 0.5529
vn 0.3022 0.9529 -0.0264
vn -0.6071 0.7937 0.0379
vn 0.2284 -0.0906 -0.9693
vn 0.1415 -0.0421 -0.9890
vn 0.2233 -0.0512 -0.9734
vn 0.1201 0.1549 -0.9806
vn 0.1862 0.1607 -0.9693
vn 0.2334 -0.0497 -0.9711
vn 0.2317 -0.0840 -0.9692
vn 0.8056 -0.4857 0.3394
vn -0.5014 0.8642 -0.0422
vn -0.3123 0.0663 -0.9477
vn -0.4132 -0.2253 -0.8824
vn 0.7740 -0.6121 -0.1619
vn -0.2744 0.1647 -0.9474
vn -0.3779 0.9258 -0.0095
vn 0.1221 0.0338 -0.9919
vn -0.3442 0.0514 -0.9375
vn 0.0817 0.0508 -0.9954
vn -0.3957 0.1565 -0.9049
vn 0.0088 0.1811 -0.9834
vn 0.1357 0.0463 -0.9897
vn 0.1924 0.0299 -0.9809
vn -0.6456 -0.6854 0.3367
vn -0.3611 -0.8414 0.4020
vn 0.2063 -0.0632 -0.9764
vn 0.3035 -0.0188 -0.9526
vn 0.1779 -0.0307 -0.9836
vn 0.2635 0.1560 -0.9520
vn 0.1152 0.1485 -0.9822
vn 0.1951 -0.0553 -0.9792
vn 0.2132 -0.0847 -0.9733
vn -0.3591 -0.1920 0.9133
vn -0.5346 -0.2223 0.8154
vn -0.3685 -0.2045 0.9069
vn -0.3417 -0.2105 0.9159
vn -0.3062 -0.1721 0.9363
vn -0.3102 -0.2638 0.9133
vn -0.4676 -0.2387 0.8511
vn -0.2773 -0.3730 0.8854
vn -0.4083 -0.3182 0.8556
vn -0.3543 -0.3322 0.8741
vn -0.2137 -0.3899 0.8957
vn -0.3278 -0.3455 0.8793
vn -0.3365 -0.2225 0.9150
vn -0.5128 -0.2297 0.8272
vn -0.2568 -0.2481 0.9341
vn 0.3935 -0.3665 0.8431
vn 0.9648 -0.0610 0.2560
vn 0.9000 -0.4109 0.1456
vn 0.9990 0.0127 -0.0438
vn 0.9236 -0.3623 -0.1253
vn 0.6962 -0.7160 0.0510
vn -0.6043 0.5638 0.5630
vn -0.8600 -0.5101 0.0171
vn -0.4007 -0.3385 0.8514
vn -0.4657 -0.4000 0.7894
vn -0.4524 -0.4134 0.7902
vn -0.3659 -0.3190 0.8743
vn -0.3933 -0.3180 0.8627
vn -0.4633 -0.3306 0.8222
vn 0.3257 0.9447 -0.0383
vn -0.2540 0.9077 0.3340
vn -0.2091 0.7690 0.6041
vn -0.1432 0.9182 0.3692
vn -0.2023 0.7821 0.5894
vn -0.1186 0.9291 0.3502
vn -0.6146 0.5856 -0.5285
vn -0.9419 0.2411 -0.2339
vn -0.8445 0.1747 -0.5063
vn -0.3276 -0.2982 0.8965
vn -0.6924 -0.2773 0.6661
vn -0.3560 -0.2983 0.8856
vn -0.6870 -0.2485 0.6828
vn -0.3635 -0.2952 0.8836
vn -0.3274 -0.2989 0.8964
vn -0.3366 -0.2977 0.8934
vn -0.2549 0.7287 0.6356
vn -0.2351 0.9543 -0.1842
vn -0.0935 0.9122 -0.3989
vn -0.1459 0.8793 -0.4534
vn -0.2159 0.9638 -0.1566
vn 0.2928 0.9557 0.0305
vn 0.9755 0.1951 -0.1016
vn -0.9793 -0.1628 0.1202
vn -0.9845 -0.1020 0.1428
vn -0.3026 -0.7665 0.5665
vn -0.1310 -0.7822 0.6091
vn 0.3939 0.9187 0.0305
vn -0.1894 -0.3659 0.9112
vn -0.0336 -0.4571 0.8888
vn -0.1013 -0.4084 0.9072
vn -0.1305 -0.4010 0.9068
vn -0.1930 -0.3782 0.9054
vn -0.7371 -0.2941 0.6084
vn 0.2419 -0.0917 0.9660
vn 0.1312 0.0627 0.9894
vn 0.5770 0.7108 -0.4022
vn -0.1462 0.9770 -0.1552
vn -0.0988 0.9115 -0.3993
vn 0.1732 0.0838 0.9813
vn -0.3855 -0.2225 0.8955
vn -0.4899 -0.2082 0.8466
vn -0.8375 0.0238 -0.5459
vn -0.9613 0.0396 -0.2727
vn -0.8193 -0.0272 -0.5727
vn -0.9589 -0.0102 -0.2837
vn 0.1400 -0.5397 0.8301
vn 0.0899 -0.6082 0.7887
vn -0.4402 -0.2016 0.8750
vn -0.3581 -0.2165 0.9082
vn -0.0000 0.2002 0.9798
vn -0.9513 -0.3045 0.0481
vn -0.2309 -0.3550 0.9059
vn -0.2685 -0.3488 0.8979
vn -0.2398 -0.3349 0.9112
vn -0.2951 -0.2374 0.9255
vn -0.2566 -0.2318 0.9383
vn -0.2156 -0.3294 0.9192
vn 0.4993 0.6052 0.6200
vn -0.1515 0.8134 0.5617
vn -0.3402 -0.1822 0.9225
vn -0.4053 -0.1941 0.8933
vn 0.7610 -0.5479 0.3473
vn -0.9706 -0.0815 -0.2263
vn -0.9809 -0.1717 0.0917
vn -0.9824 -0.1710 0.0758
vn -0.9654 -0.0672 -0.2519
vn -0.3003 -0.3702 0.8791
vn -0.2843 -0.4118 0.8658
vn -0.3069 -0.3908 0.8678
vn -0.3290 -0.2567 0.9088
vn -0.2601 -0.3925 0.8822
vn -0.6630 -0.4068 0.6284
vn -0.4339 -0.1259 0.8921
vn 0.8358 0.1829 0.5177
vn -0.4076 -0.5545 0.7256
vn -0.3837 -0.2267 0.8952
vn -0.0132 -0.0769 0.9969
vn -0.8055 -0.4857 0.3394
vn -0.4555 -0.3775 0.8062
vn 0.0986 -0.2311 0.9679
vn 0.6442 -0.0989 0.7585
vn 0.0655 -0.2633 0.9625
vn 0.6395 -0.1184 0.7596
vn 0.7847 -0.0209 0.6195
vn 0.5152 -0.0098 0.8570
vn -0.3913 -0.2976 0.8708
vn -0.3688 -0.2901 0.8831
vn -0.9952 -0.0292 0.0929
vn -0.1122 -0.2882 0.9510
vn 0.5630 -0.2578 0.7853
vn -0.4450 -0.7371 -0.5086
vn -0.3904 -0.7629 -0.5153
vn -0.9081 0.2125 -0.3608
vn -0.5603 -0.5791 -0.5922
vn -0.1332 -0.5744 0.8077
vn -0.0299 -0.3578 0.9333
vn -0.1117 -0.3403 0.9337
vn -0.0317 -0.1055 0.9939
vn -0.0524 -0.1690 0.9842
vn -0.0279 -0.2033 0.9787
vn -0.0152 -0.3749 0.9269
vn -0.1328 -0.1349 0.9819
vn -0.2427 -0.3412 0.9081
vn -0.2911 -0.1874 0.9382
vn -0.3551 -0.2073 0.9115
vn 0.1188 -0.6498 0.7508
vn 0.1284 -0.5660 0.8143
vn 0.1586 -0.6873 0.7088
vn 0.1783 -0.6158 0.7674
vn 0.0694 -0.5292 0.8457
vn -0.2536 -0.1452 0.9563
vn 0.2542 0.3885 0.8857
vn -0.2552 0.3251 0.9106
vn -0.2803 -0.8124 0.5112
vn -0.7108 0.5614 0.4238
vn -0.8515 -0.0441 0.5225
vn -0.3825 -0.1671 0.9087
vn -0.7080 0.0946 0.6998
vn -0.7847 -0.0208 0.6196
vn 0.6280 0.0436 -0.7770
vn 0.9904 -0.0036 -0.1380
vn -0.3316 -0.2881 0.8984
vn -0.9697 0.2308 -0.0797
vn 0.0855 0.8073 0.5840
vn 0.5152 -0.0100 0.8570
vn -0.3024 -0.1740 0.9372
vn -0.6981 0.0635 0.7132
vn 0.7653 0.4943 0.4124
vn -0.6850 -0.2247 0.6930
vn 0.4683 -0.1916 0.8626
vn 0.4425 0.8045 0.3962
vn -0.0799 0.8283 0.5545
vn -0.0197 0.8067 0.5906
vn 0.2318 -0.0898 -0.9686
vn 0.2247 -0.0640 -0.9723
vn 0.1242 0.1108 -0.9861
vn 0.1449 0.0884 -0.9855
vn 0.1787 -0.0642 -0.9818
vn 0.1809 -0.0851 -0.9798
vn 0.8727 0.4858 -0.0481
vn 0.9946 -0.0746 -0.0718
vn 0.6166 0.5788 0.5337
vn -0.5903 -0.7329 0.3382
vn -0.0709 -0.7822 0.6190
vn -0.8711 0.0439 -0.4892
vn -0.9611 0.0526 -0.2712
vn -0.9747 0.2083 -0.0806
vn -0.7081 0.0945 0.6998
vn 0.7081 0.0946 0.6998
vn -0.3650 -0.3097 0.8780
vn -0.3301 0.0073 0.9439
vn -0.3755 -0.3382 0.8629
vn -0.3549 -0.3796 0.8544
vn -0.3494 0.1069 0.9309
vn -0.7813 -0.4379 0.4448
vn -0.3452 -0.2912 0.8922
vn -0.3014 -0.1272 0.9450
vn -0.7652 0.4943 0.4125
vn -0.1823 0.8911 0.4155
vn -0.7858 -0.4849 0.3839
vn -0.4906 0.4429 -0.7504
vn -0.9007 0.1999 -0.3859
vn -0.7180 -0.5154 -0.4679
vn -0.7750 -0.4471 -0.4466
vn -0.7636 -0.4531 -0.4601
vn -0.7950 -0.4201 -0.4377
vn 0.0037 -0.8109 -0.5851
vn 0.0011 -0.8108 -0.5854
vn 0.0000 -0.8077 -0.5897
vn -0.2348 0.2768 -0.9318
vn -0.6815 0.2476 -0.6887
vn 0.5061 0.7344 -0.4522
vn 0.2410 0.7418 -0.6258
vn 0.1180 0.7408 -0.6613
vn 0.2469 0.6900 -0.6804
vn 0.0829 0.2446 -0.9661
vn 0.2193 0.5346 -0.8161
vn -0.4907 0.4429 -0.7504
vn 0.5839 0.1787 -0.7919
vn 0.6747 -0.6279 -0.3879
vn 0.4028 0.7211 -0.5637
vn -0.4732 0.8006 -0.3677
vn -0.1444 -0.8217 -0.5513
vn -0.1271 -0.8231 -0.5534
vn -0.0066 -0.8194 -0.5732
vn 0.5539 0.7589 -0.3426
vn 0.1357 0.6699 -0.7299
vn 0.2387 0.7287 -0.6419
vn -0.8134 -0.5761 0.0804
vn -0.7913 -0.5720 -0.2163
vn -0.8096 -0.5862 0.0293
vn -0.7651 -0.6141 -0.1938
vn -0.5586 -0.5421 -0.6277
vn -0.6830 -0.6887 -0.2434
vn -0.6748 -0.6279 -0.3878
vn -0.7687 -0.4095 -0.4913
vn 0.7854 -0.5505 0.2831
vn 0.3025 -0.7665 0.5665
vn 0.1314 -0.7822 0.6091
vn 0.3319 0.9407 -0.0700
vn 0.6835 0.5995 -0.4163
vn -0.5530 -0.8153 -0.1718
vn -0.0026 0.8934 -0.4492
vn 0.9731 -0.0100 -0.2301
vn -0.5586 -0.5422 -0.6277
vn -0.4396 -0.2857 -0.8516
vn -0.6172 -0.6129 -0.4934
vn -0.6172 -0.6128 -0.4935
vn -0.5586 -0.5421 -0.6278
vn 0.0892 0.0764 -0.9931
vn 0.5840 0.1787 -0.7919
vn 0.5638 0.4436 -0.6967
vn -0.8172 -0.3397 -0.4657
vn -0.6113 0.7909 -0.0276
vn -0.7506 -0.6598 0.0368
vn 0.0000 -0.9830 -0.1834
vn -0.0000 -0.8694 0.4942
vn -0.3978 -0.2918 0.8698
vn -0.4599 -0.2944 0.8378
vn -0.3598 -0.2971 0.8845
vn -0.4734 -0.2475 0.8453
vn -0.6026 -0.2317 0.7637
vn 0.1515 0.8133 0.5617
vn 0.7268 0.2997 0.6181
vn 0.1020 0.1700 0.9801
vn -0.0800 -0.2817 0.9562
vn -0.0055 0.7196 -0.6943
vn -0.1491 0.5357 -0.8312
vn -0.1969 0.7875 0.5840
vn -0.0975 0.9346 0.3420
vn -0.0960 0.8206 0.5634
vn 0.0165 0.9315 0.3633
vn -0.3852 -0.3053 0.8709
vn -0.3465 -0.3101 0.8853
vn -0.2863 -0.3272 0.9005
vn -0.2803 -0.3492 0.8941
vn 0.1751 0.0608 -0.9827
vn 0.6417 0.0442 -0.7657
vn 0.1755 0.0608 -0.9826
vn 0.0989 0.0614 -0.9932
vn 0.1015 0.0615 -0.9929
vn 0.9959 -0.0905 0.0019
vn -0.7373 -0.2941 0.6083
vn 0.2896 -0.0810 0.9537
vn -0.4042 -0.2856 0.8689
vn -0.3394 -0.2829 0.8971
vn -0.4334 -0.2910 0.8529
vn -0.2985 -0.2840 0.9112
vn -0.6312 -0.1958 0.7505
vn -0.6301 -0.2791 0.7246
vn -0.6622 -0.2862 0.6926
vn 0.8356 0.0588 0.5462
vn -0.3510 -0.3103 0.8835
vn -0.2838 -0.2115 0.9353
vn -0.5023 0.0743 0.8615
vn -0.2264 -0.1718 0.9588
vn -0.2350 0.2791 -0.9311
vn -0.4065 -0.3065 0.8607
vn -0.9898 0.1085 0.0920
vn -0.3094 -0.3478 0.8851
vn -0.2701 -0.3350 0.9027
vn -0.1590 -0.2998 0.9407
vn -0.2416 -0.3703 0.8970
vn 0.9723 -0.0532 -0.2277
vn 0.9763 -0.0804 -0.2011
vn 0.9929 -0.0791 0.0885
vn -0.3285 -0.3825 0.8636
vn -0.3212 -0.3954 0.8605
vn 0.2260 -0.0620 -0.9722
vn 0.2417 -0.0612 -0.9684
vn 0.3460 -0.0539 -0.9367
vn 0.3297 -0.0525 -0.9426
vn 0.2229 -0.0842 -0.9712
vn -0.1868 -0.3290 0.9257
vn -0.2097 -0.3539 0.9115
vn -0.3339 -0.3220 0.8859
vn -0.3072 -0.3234 0.8950
vn -0.1513 -0.3207 0.9350
vn -0.1754 -0.3494 0.9204
vn 0.6460 0.0554 -0.7613
vn 0.1751 0.0601 -0.9827
vn 0.5864 0.1246 -0.8004
vn 0.1741 0.0538 -0.9833
vn 0.0972 0.0577 -0.9936
vn 0.0968 0.0615 -0.9934
vn 0.2475 -0.0313 -0.9684
vn 0.1955 0.1387 -0.9708
vn 0.2068 0.1367 -0.9688
vn 0.3552 -0.0315 -0.9343
vn 0.3553 -0.0547 -0.9331
vn 0.2072 0.0367 -0.9776
vn 0.0325 0.3954 -0.9179
vn 0.2039 0.0398 -0.9782
vn 0.2219 -0.0241 -0.9748
vn 0.0567 0.4411 -0.8957
vn 0.2298 -0.0900 -0.9691
vn 0.1548 -0.0799 -0.9847
vn 0.1688 -0.0825 -0.9822
vn 0.2202 0.0295 -0.9750
vn 0.1469 0.0337 -0.9886
vn -0.3280 0.0351 -0.9440
vn -0.3328 0.0349 -0.9424
vn -0.8036 -0.0348 -0.5942
vn -0.9568 -0.0122 -0.2905
vn -0.7811 -0.0416 -0.6231
vn -0.6035 0.5631 0.5646
vn -0.5189 0.8467 -0.1174
vn -0.4729 0.8798 -0.0477
vn -0.5097 0.8516 -0.1223
vn -0.5007 0.8625 0.0739
vn -0.3595 0.9326 -0.0312
vn -0.4993 0.6053 0.6199
vn -0.2559 -0.2848 0.9238
vn 0.1552 -0.0655 0.9857
vn -0.2820 0.1948 0.9394
vn -0.2556 -0.6023 0.7562
vn -0.2618 -0.4513 0.8531
vn -0.2958 -0.4335 0.8512
vn -0.0667 -0.4663 0.8821
vn -0.0049 -0.3987 0.9171
vn -0.8786 -0.2317 -0.4177
vn 0.0142 -0.6260 0.7797
vn 0.2047 -0.2728 0.9400
vn 0.1213 0.0276 0.9922
vn 0.3294 -0.2546 0.9092
vn 0.2450 -0.4132 0.8771
vn -0.8452 -0.4303 -0.3169
vn -0.7610 -0.5480 0.3473
vn -0.7711 -0.5236 -0.3622
vn -0.7620 -0.4940 -0.4188
vn -0.8369 -0.4091 -0.3637
vn -0.8809 -0.3516 -0.3168
vn -0.8876 -0.3657 -0.2799
vn -0.7858 -0.4849 0.3840
vn -0.9724 0.2108 -0.0997
vn -0.9830 -0.0246 -0.1817
vn -0.9819 -0.0153 -0.1889
vn -0.7884 -0.5131 -0.3393
vn -0.8185 -0.4718 -0.3277
vn -0.9199 -0.2916 -0.2622
vn -0.9133 -0.2807 -0.2951
vn -0.9390 -0.1800 -0.2932
vn -0.9468 -0.1866 -0.2622
vn 0.2263 0.9043 -0.3620
vn 0.0302 0.9536 -0.2996
vn 0.0301 0.9536 -0.2995
vn 0.2576 0.8235 -0.5054
vn 0.1085 0.9142 -0.3905
vn 0.1087 0.9140 -0.3909
vn -0.0693 0.9622 -0.2633
vn -0.9349 -0.3184 0.1566
vn -0.1586 -0.7981 0.5812
vn -0.9747 -0.2236 -0.0000
vn 0.4092 0.7597 -0.5053
vn 0.2262 0.9043 -0.3621
vn 0.4094 0.7596 -0.5054
vn 0.7289 0.6825 0.0548
vn 0.2718 0.0489 0.9611
vn 0.2977 0.0009 0.9547
vn 0.2839 0.0300 0.9584
vn 0.2410 0.1052 0.9648
vn 0.2180 0.1225 0.9682
vn 0.2929 -0.0412 0.9552
vn 0.2996 -0.0948 0.9494
vn 0.3015 -0.0535 0.9520
vn 0.3104 -0.0092 0.9506
vn 0.2236 0.9717 -0.0758
vn 0.2324 0.9670 -0.1041
vn 0.3392 0.9406 -0.0117
vn -0.2803 -0.8125 0.5112
vn -0.5213 -0.7994 -0.2987
vn -0.2442 -0.9599 -0.1380
vn -0.5366 -0.7804 -0.3210
vn -0.2499 -0.9505 -0.1846
vn -0.0783 -0.9942 -0.0734
vn -0.2739 0.8668 -0.4167
vn -0.2041 0.8936 -0.3997
vn 0.3697 0.7626 -0.5309
vn 0.7556 0.3488 0.5544
vn 0.8596 0.2908 0.4202
vn 0.8625 0.3015 0.4064
vn -0.4408 -0.7900 0.4261
vn -0.1732 -0.6222 0.7635
vn -0.1562 -0.6431 0.7497
vn -0.0057 -0.7353 0.6777
vn -0.1326 -0.7325 0.6677
vn -0.1325 -0.7328 0.6674
vn -0.4114 -0.6686 0.6194
vn -0.1561 -0.6432 0.7496
vn -0.3142 0.6668 0.6758
vn 0.2067 0.9708 0.1219
vn -0.1513 0.9824 0.1091
vn -0.0514 0.9985 -0.0194
vn -0.4069 0.8559 -0.3192
vn -0.5493 0.8313 -0.0850
vn -0.5071 -0.6411 0.5760
vn -0.3852 -0.6162 0.6869
vn -0.5071 -0.6410 0.5762
vn -0.4019 -0.6644 0.6302
vn -0.3854 -0.6161 0.6870
vn -0.0021 0.3950 0.9187
vn -0.0396 0.4482 0.8931
vn 0.0068 0.4168 0.9090
vn 0.0747 0.3398 0.9375
vn -0.4622 -0.0192 0.8866
vn -0.0117 -0.7534 0.6574
vn -0.1694 -0.7304 0.6617
vn -0.1693 -0.7306 0.6615
vn -0.0423 -0.7343 0.6775
vn -0.2046 -0.6952 0.6891
vn -0.2772 -0.5989 0.7513
vn -0.4465 0.0652 0.8924
vn -0.3027 -0.7666 0.5664
vn -0.8605 -0.3563 0.3641
vn -0.2503 -0.5513 0.7959
vn -0.0335 0.4489 0.8929
vn -0.1176 -0.5595 0.8204
vn -0.2504 -0.5515 0.7957
vn -0.0807 -0.9920 -0.0969
vn -0.5105 -0.4962 0.7022
vn 0.0757 0.3182 0.9450
vn 0.0067 0.4167 0.9090
vn -0.5661 -0.5270 0.6339
vn -0.5764 -0.3659 0.7306
vn -0.5765 -0.3658 0.7307
vn 0.0902 0.2681 0.9592
vn -0.5663 -0.5272 0.6335
vn 0.1137 0.2548 0.9603
vn -0.5703 -0.5710 0.5906
vn -0.5702 -0.5712 0.5904
vn -0.5630 -0.7148 -0.4150
vn -0.0238 0.4855 0.8739
vn -0.0805 -0.5256 0.8469
vn -0.0806 -0.5260 0.8467
vn -0.0546 -0.9963 -0.0671
vn -0.1176 -0.5594 0.8205
vn 0.2854 -0.1328 0.9492
vn -0.7124 -0.2355 0.6610
vn -0.6985 -0.2461 0.6719
vn -0.6986 -0.2461 0.6719
vn -0.9440 -0.0982 -0.3149
vn -0.6709 -0.2943 0.6807
vn -0.6709 -0.2944 0.6806
vn -0.2313 0.3504 0.9076
vn -0.3000 0.2923 0.9081
vn -0.2998 0.2928 0.9079
vn -0.3985 -0.7176 0.5712
vn -0.7205 0.2206 0.6575
vn -0.7205 0.2211 0.6573
vn -0.6369 -0.3494 0.6872
vn 0.2979 -0.1012 0.9492
vn -0.6367 -0.3495 0.6873
vn -0.6152 -0.3899 0.6852
vn -0.6150 -0.3900 0.6854
vn -0.9611 -0.0521 -0.2711
vn 0.6203 -0.1198 0.7752
vn -0.6046 0.6274 -0.4907
vn -0.7205 0.2208 0.6574
vn -0.9348 -0.3188 0.1568
vn -0.0524 -0.7734 0.6317
vn -0.6924 -0.4030 0.5985
vn 0.0693 0.2129 0.9746
vn -0.6923 -0.4031 0.5985
vn -0.5106 -0.4962 0.7021
vn -0.5107 -0.4961 0.7022
vn -0.6949 -0.5814 -0.4232
vn -0.4017 -0.6645 0.6301
vn -0.2388 0.4765 0.8461
vn -0.2014 0.5301 0.8237
vn -0.2014 0.5300 0.8237
vn 0.3528 0.9337 -0.0608
vn 0.3157 0.7040 0.6362
vn -0.3188 0.7131 0.6244
vn 0.3154 0.7038 0.6365
vn -0.3189 0.7130 0.6244
vn -0.4861 0.5202 0.7022
vn -0.0654 0.9642 -0.2570
vn -0.5054 -0.6794 0.5320
vn -0.2312 0.3507 0.9075
vn -0.2065 0.4264 0.8806
vn -0.2063 0.4270 0.8804
vn 0.2876 0.9575 0.0219
vn 0.3878 0.9214 -0.0245
vn -0.2390 0.4765 0.8461
vn -0.5066 -0.6716 0.5406
vn -0.4947 0.2239 0.8397
vn -0.4195 0.0499 0.9064
vn -0.4947 0.2239 0.8398
vn 0.1136 -0.7506 0.6510
vn -0.4196 0.0500 0.9063
vn 0.0714 -0.7649 0.6402
vn -0.2771 -0.0078 0.9608
vn -0.4601 0.8373 0.2952
vn -0.2179 0.9738 -0.0645
vn -0.4861 0.5201 0.7023
vn -0.5246 0.3330 0.7835
vn -0.5245 0.3331 0.7835
vn -0.2046 -0.6951 0.6892
vn -0.6077 0.1001 0.7878
vn -0.4946 0.8686 0.0296
vn -0.6220 -0.4381 0.6490
vn -0.6219 -0.4381 0.6491
vn -0.6213 -0.4968 0.6059
vn -0.6213 -0.4966 0.6061
vn -0.6868 -0.1855 0.7028
vn -0.5971 -0.2861 0.7494
vn 0.2630 -0.4193 0.8689
vn 0.2147 0.1030 0.9712
vn -0.8620 0.5032 -0.0609
vn -0.6074 0.1002 0.7880
vn -0.6397 -0.1332 0.7570
vn -0.6400 -0.1329 0.7568
vn -0.0426 -0.7343 0.6775
vn 0.2045 -0.5779 0.7901
vn -0.6867 -0.1856 0.7029
vn -0.6399 -0.1331 0.7568
vn -0.9640 0.2280 -0.1371
vn -0.8620 0.5033 -0.0611
vn -0.8358 0.1827 0.5177
vn -0.5152 0.8549 -0.0609
vn -0.8767 0.4768 -0.0638
vn -0.8766 0.4770 -0.0639
vn -0.4115 -0.6685 0.6195
vn -0.5096 -0.6446 0.5699
vn -0.5099 -0.6444 0.5699
vn -0.3984 -0.7178 0.5709
vn -0.5056 -0.6792 0.5321
vn -0.6995 -0.4165 -0.5807
vn -0.5192 -0.4591 -0.7208
vn -0.5745 -0.7081 -0.4105
vn -0.5747 -0.7080 -0.4105
vn -0.7885 -0.5131 -0.3392
vn -0.5628 -0.7147 -0.4153
vn -0.5765 -0.7006 -0.4204
vn -0.5765 -0.7007 -0.4203
vn 0.1271 -0.5587 0.8195
vn -0.4601 -0.0571 0.8861
vn -0.0289 0.4623 0.8863
vn -0.0289 0.4622 0.8863
vn -0.0238 0.4856 0.8738
vn 0.0118 0.7593 0.6507
vn 0.3491 0.9355 0.0552
vn -0.0675 0.7249 0.6856
vn -0.5467 0.5966 -0.5876
vn -0.6232 0.5921 -0.5109
vn -0.6389 0.5366 -0.5513
vn -0.6388 0.5366 -0.5514
vn -0.0709 -0.7822 0.6189
vn -0.0527 -0.9979 -0.0375
vn 0.0692 0.2375 0.9689
vn 0.0864 0.2470 0.9651
vn 0.0866 0.2469 0.9652
vn 0.0901 0.2682 0.9591
vn 0.0690 0.2376 0.9689
vn -0.5460 0.8128 -0.2033
vn -0.7107 0.5615 0.4237
vn -0.5609 0.7693 -0.3059
vn -0.5353 0.8159 -0.2184
vn -0.6331 0.5903 0.5007
vn -0.5202 0.2602 0.8134
vn -0.5525 0.7849 -0.2803
vn -0.6124 0.2262 0.7575
vn -0.6124 0.2266 0.7574
vn -0.5202 0.2600 0.8135
vn 0.3136 -0.1290 0.9408
vn 0.0376 -0.6790 0.7332
vn 0.0025 -0.6570 0.7539
vn 0.0024 -0.6569 0.7540
vn 0.1140 -0.7505 0.6509
vn 0.0379 -0.6789 0.7333
vn -0.6823 -0.5848 -0.4388
vn -0.6823 -0.5848 -0.4386
vn -0.1738 0.9678 -0.1822
vn -0.4683 -0.1915 0.8625
vn 0.0746 0.3397 0.9376
vn 0.1306 0.2616 0.9563
vn -0.9519 -0.0988 -0.2900
vn -0.4214 0.5392 -0.7291
vn -0.4157 0.1343 -0.8995
vn -0.4157 0.1342 -0.8996
vn -0.6628 0.6871 -0.2977
vn -0.4214 0.5389 -0.7294
vn -0.4214 0.5388 -0.7295
vn -0.1858 0.9309 -0.3146
vn -0.0020 0.6374 -0.7706
vn 0.7401 0.0329 -0.6717
vn 0.1141 0.5530 -0.8253
vn 0.5794 0.5505 -0.6011
vn 0.5794 0.5508 -0.6008
vn 0.6186 0.7730 -0.1406
vn 0.5795 0.5505 -0.6010
vn 0.9955 0.0559 -0.0759
vn 0.2218 0.2784 0.9345
vn -0.2621 -0.3113 0.9135
vn 0.2526 -0.2339 0.9389
vn 0.5193 0.5808 0.6269
vn 0.2217 0.2784 0.9345
vn -0.2801 0.2779 0.9189
vn -0.7611 0.2648 0.5921
vn -0.3226 -0.2702 0.9071
vn -0.3354 0.2766 0.9005
vn -0.3355 0.2767 0.9005
vn -0.8127 0.5621 0.1533
vn -0.7611 0.2645 0.5922
vn -0.9964 -0.0761 -0.0369
vn -0.7860 -0.2459 0.5672
vn -0.2323 -0.3541 0.9059
vn -0.2154 -0.3705 0.9035
vn -0.3000 -0.3098 0.9022
vn -0.2624 -0.3405 0.9029
vn -0.2696 -0.3622 0.8923
vn 0.2159 0.0375 -0.9757
vn 0.2612 0.0304 -0.9648
vn 0.2418 0.0119 -0.9702
vn 0.2243 -0.0068 -0.9745
vn -0.0510 0.2367 -0.9702
vn 0.3261 0.2152 -0.9205
vn 0.2018 0.0042 -0.9794
vn 0.2477 -0.0653 -0.9666
vn 0.1881 -0.0183 -0.9820
vn 0.1232 0.0320 -0.9919
vn -0.4692 -0.4261 0.7735
vn -0.4076 -0.3449 0.8455
vn -0.4319 -0.4061 0.8053
vn -0.2603 -0.2004 0.9445
vn -0.4598 -0.1293 0.8786
vn -0.3077 -0.2733 0.9114
vn -0.0020 0.6373 -0.7706
vn 0.0569 0.6023 -0.7962
vn 0.0570 0.6022 -0.7963
vn -0.1065 0.9123 -0.3953
vn 0.0557 0.5672 -0.8217
vn 0.0477 0.5536 -0.8314
vn -0.1458 0.8792 -0.4536
vn 0.3053 0.1054 -0.9464
vn -0.3254 0.2612 0.9088
vn -0.3030 0.2709 0.9137
vn -0.3030 0.2707 0.9137
vn -0.2756 0.2644 0.9242
vn -0.2936 0.7840 0.5470
vn -0.1642 -0.4001 0.9016
vn 0.5648 0.6466 0.5127
vn 0.5649 0.6466 0.5126
vn 0.7174 -0.0234 0.6963
vn 0.5769 0.7108 -0.4024
vn 0.5769 0.7109 -0.4023
vn -0.8026 0.3676 0.4699
vn -0.8026 0.3675 0.4699
vn -0.6629 0.6870 -0.2977
vn -0.6926 0.7099 -0.1277
vn -0.6926 0.7099 -0.1278
vn -0.8589 0.2071 -0.4684
vn -0.3218 0.0748 -0.9439
vn -0.3218 0.0748 -0.9438
vn 0.7265 -0.6581 -0.1978
vn 0.7547 -0.6408 -0.1405
vn 0.7939 -0.0735 0.6036
vn -0.7740 -0.6121 -0.1621
vn 0.1838 0.1923 0.9640
vn 0.1484 0.1896 0.9706
vn -0.9801 0.1544 0.1248
vn -0.8718 0.4741 0.1236
vn 0.3322 0.9406 -0.0700
vn 0.7582 0.6489 -0.0633
vn 0.1883 0.9812 0.0432
vn -0.9606 0.2684 0.0716
vn 0.3581 0.5237 0.7730
vn 0.2810 0.8353 -0.4725
vn -0.1372 0.9797 0.1459
vn -0.2770 -0.0080 0.9608
vn 0.3580 0.5236 0.7731
vn -0.0017 -0.7339 0.6792
vn 0.7555 0.3485 0.5547
vn -0.5986 -0.5391 0.5925
vn -0.6679 -0.5933 -0.4494
vn -0.5985 -0.5390 0.5927
vn -0.5787 -0.6822 -0.4468
vn 0.5888 -0.0439 0.8071
vn 0.0650 -0.2100 0.9755
vn -0.2946 -0.2612 0.9192
vn 0.1371 0.8186 0.5577
vn -0.7388 -0.2157 0.6385
vn -0.4468 -0.3978 0.8014
vn 0.7994 -0.5730 0.1803
vn 0.7312 0.0494 -0.6804
vn -0.7524 -0.6542 -0.0773
vn -0.7930 -0.5942 0.1344
vn -0.5751 0.7204 -0.3877
vn -0.8561 0.0626 0.5131
vn -0.5524 0.6305 -0.5452
vn -0.9692 -0.1431 0.2006
vn -0.9691 -0.1433 0.2009
vn 0.0059 -0.6616 0.7498
vn -0.8562 0.0626 0.5129
vn 0.1406 -0.5924 0.7933
vn -0.2850 -0.3160 0.9050
vn -0.7458 -0.2961 0.5967
vn -0.7214 -0.2986 0.6249
vn -0.7213 -0.2986 0.6249
vn -0.9854 -0.1637 0.0465
vn -0.7389 -0.2156 0.6384
vn -0.1964 -0.3889 0.9001
vn 0.1725 -0.3404 0.9243
vn 0.2068 -0.3156 0.9261
vn 0.6571 -0.1602 0.7365
vn 0.7516 -0.0693 -0.6560
vn 0.9897 -0.0768 -0.1205
vn 0.7516 -0.0693 -0.6559
vn 0.9866 -0.0964 -0.1317
vn 0.7554 -0.0860 -0.6496
vn 0.7554 -0.0859 -0.6496
vn 0.7323 -0.0553 -0.6787
vn 0.7479 -0.0800 -0.6589
vn 0.9828 -0.0903 -0.1613
vn -0.3513 -0.0175 -0.9361
vn -0.3512 -0.0176 -0.9361
vn -0.3131 -0.0585 -0.9479
vn -0.8375 0.0238 -0.5460
vn -0.2276 -0.0585 -0.9720
vn -0.7811 -0.0416 -0.6230
vn -0.2487 -0.0749 -0.9657
vn -0.7606 -0.0279 -0.6487
vn -0.7639 -0.2825 0.5803
vn -0.7861 -0.2459 0.5672
vn -0.7638 -0.2825 0.5803
vn -0.9889 -0.1471 0.0195
vn -0.7459 -0.2960 0.5967
vn 0.1227 -0.3350 0.9342
vn 0.5522 -0.1978 0.8099
vn 0.6032 -0.2000 0.7721
vn -0.2037 -0.3865 0.8995
vn 0.7553 -0.0843 -0.6499
vn 0.9855 -0.0951 -0.1405
vn 0.7479 -0.0800 -0.6590
vn -0.2821 -0.0677 -0.9570
vn -0.6759 -0.6211 -0.3967
vn -0.6757 -0.6212 -0.3968
vn -0.5788 -0.6822 -0.4468
vn -0.6677 -0.5934 -0.4495
vn -0.6332 0.5903 0.5007
vn -0.7473 0.6315 0.2068
vn -0.8629 0.5027 0.0525
vn 0.7789 -0.5533 0.2954
vn -0.6208 -0.0841 0.7794
vn 0.4942 0.8273 -0.2671
vn 0.1515 0.8133 0.5618
vn 0.0746 0.9767 -0.2014
vn 0.0256 -0.6883 0.7250
vn -0.5734 0.6878 -0.4450
vn -0.5528 0.6302 -0.5451
vn -0.5749 0.7203 -0.3881
vn -0.5518 0.7853 -0.2807
vn -0.5606 0.7695 -0.3059
vn -0.9069 0.3959 0.1440
vn -0.5737 0.6877 -0.4449
vn -0.6232 0.5921 -0.5110
vn -0.5733 0.6879 -0.4450
vn 0.0132 -0.6314 0.7753
vn -0.0945 -0.7495 0.6552
vn -0.0826 -0.7263 0.6823
vn 0.3934 -0.3665 0.8432
vn 0.0563 -0.3441 0.9372
vn -0.2169 -0.1480 0.9649
vn -0.3106 -0.2179 0.9252
vn 0.3054 -0.2116 0.9284
vn 0.1164 -0.6266 0.7706
vn 0.3033 -0.8500 0.4307
vn 0.3774 -0.0487 0.9248
vn -0.1785 -0.2744 0.9449
vn 0.0277 -0.1724 0.9846
vn 0.3939 0.1890 0.8995
vn 0.0739 -0.0760 0.9944
vn 0.2486 0.3477 0.9040
vn 0.0538 -0.2264 0.9725
vn 0.0417 -0.2218 0.9742
vn 0.0399 -0.2271 0.9730
vn 0.0375 -0.2300 0.9725
vn 0.0508 -0.2281 0.9723
vn 0.0542 -0.2168 0.9747
vn 0.0403 -0.2163 0.9755
vn 0.0513 -0.2150 0.9753
vn 0.0378 -0.2133 0.9763
vn 0.3769 -0.9013 -0.2138
vn 0.6960 -0.7178 0.0165
vn 0.3746 -0.9271 -0.0111
vn 0.5068 -0.6285 0.5901
vn 0.2766 -0.7716 0.5729
vn 0.3806 -0.9247 -0.0081
vn 0.4643 -0.6056 0.6463
vn 0.6961 -0.7161 0.0509
vn 0.7062 -0.6836 -0.1842
vn 0.3816 -0.8993 -0.2135
vn 0.3033 -0.8501 0.4306
vn 0.1472 -0.3210 0.9356
vn 0.1805 -0.2734 0.9448
vn 0.6572 -0.4100 0.6325
vn 0.1934 -0.2174 0.9567
vn 0.0557 -0.2217 0.9735
vn 0.0866 -0.3542 0.9312
vn 0.2765 -0.7716 0.5729
vn 0.1809 -0.1620 0.9701
vn 0.6562 0.0986 0.7481
vn 0.1476 -0.1149 0.9823
vn 0.0868 -0.0833 0.9927
vn 0.2757 0.4482 0.8504
vn 0.9230 -0.3638 -0.1256
vn 0.7035 -0.6863 -0.1845
vn 0.9231 -0.3634 -0.1256
vn 0.7045 -0.6853 -0.1844
vn 0.9233 -0.3630 -0.1255
vn 0.9990 0.0128 -0.0436
vn 0.9990 0.0128 -0.0437
vn 0.3728 0.8413 0.3915
vn 0.2755 0.4479 0.8506
vn 0.5059 0.3129 0.8039
vn 0.6939 0.6421 0.3257
vn 0.3750 0.9058 0.1972
vn 0.3772 0.8238 0.4231
vn 0.3797 0.9040 0.1965
vn 0.7040 0.6982 0.1299
vn 0.6914 0.6186 0.3733
vn 0.2485 0.3476 0.9041
vn 0.9129 -0.4014 0.0744
vn 0.9990 0.0127 -0.0437
vn 0.9874 -0.0325 0.1549
vn 0.7102 -0.1544 0.6869
vn 0.6573 -0.4099 0.6324
vn 0.6961 -0.7177 0.0162
vn 0.7027 -0.6871 -0.1847
vn 0.3776 -0.0485 0.9247
vn 0.6912 0.6186 0.3736
vn 0.8965 0.3031 0.3232
vn 0.9218 0.3851 0.0446
vn 0.3053 -0.2116 0.9284
vn 0.3791 -0.9003 -0.2136
vn 0.3804 -0.8998 -0.2136
vn 0.7055 -0.6844 -0.1842
vn 0.7045 -0.6853 -0.1845
vn 0.3786 0.9045 0.1966
vn 0.7022 0.7000 0.1305
vn 0.7032 0.6990 0.1302
vn 0.3773 0.9049 0.1968
vn 0.9217 0.3854 0.0448
vn 0.7040 0.6982 0.1300
vn 0.7032 0.6989 0.1304
vn 0.9215 0.3858 0.0448
vn 0.7055 -0.6844 -0.1841
vn 0.9235 -0.3626 -0.1253
vn 0.7063 -0.6836 -0.1842
vn 0.9111 0.3338 0.2417
vn 0.7004 0.7017 0.1311
vn 0.6938 0.6421 0.3260
vn 0.6562 0.0985 0.7481
vn 0.9211 0.3867 0.0452
vn 0.9213 0.3862 0.0448
vn 0.7022 0.6999 0.1307
vn 0.7012 0.7009 0.1308
vn 0.3760 0.9054 0.1970
vn 0.7004 0.7017 0.1309
vn 0.7012 0.7009 0.1307
vn 0.3779 -0.9009 -0.2136
vn 0.7034 -0.6864 -0.1845
vn 0.7026 -0.6872 -0.1847
vn -0.2739 0.8668 -0.4168
vn -0.2017 0.8952 -0.3974
vn -0.8640 0.0170 -0.5032
vn 0.2344 0.3381 0.9115
vn -0.1308 0.7248 0.6764
vn 0.0379 0.7813 0.6231
vn 0.3843 0.6417 0.6637
vn 0.3874 0.6472 0.6566
vn 0.3995 0.7697 -0.4979
vn 0.6309 0.7123 -0.3076
vn -0.6717 0.5920 -0.4454
vn -0.5492 0.8314 -0.0850
vn -0.6718 0.5919 -0.4454
vn -0.6048 0.6273 -0.4906
vn 0.8418 0.2479 0.4794
vn 0.3995 0.7695 -0.4983
vn 0.8419 0.2483 0.4791
vn -0.8690 0.0171 -0.4945
vn -0.3239 0.0364 -0.9454
vn -0.8717 0.0174 -0.4898
vn -0.8640 0.0170 -0.5031
vn 0.5977 0.0654 -0.7991
vn 0.6134 0.0464 -0.7884
vn 0.7623 0.2984 0.5744
vn -0.1906 0.7676 0.6120
vn -0.3091 0.1483 0.9394
vn -0.1777 0.7739 0.6078
vn 0.1819 0.8663 -0.4653
vn -0.3958 0.1565 -0.9049
vn -0.8666 0.0707 -0.4940
vn -0.6069 0.7938 0.0379
vn -0.6302 -0.2791 0.7246
vn -0.9855 -0.1527 0.0742
vn -0.1309 -0.7822 0.6091
vn 0.8727 0.4859 -0.0481
vn -0.0989 0.9114 -0.3994
vn -0.1936 0.8973 -0.3966
vn 0.0563 0.4616 -0.8853
vn -0.2550 0.7287 0.6355
vn -0.1726 0.7592 0.6275
vn -0.7880 0.6156 -0.0104
vn -0.9597 0.0221 -0.2801
vn 0.6201 -0.1198 0.7753
vn 0.5787 -0.0676 0.8128
vn -0.8665 0.0707 -0.4942
vn -0.8578 0.0251 -0.5133
vn -0.2042 0.8937 -0.3995
vn -0.2016 0.8952 -0.3974
vn 0.9869 -0.0612 0.1493
vn 0.9799 0.1053 0.1697
vn -0.1777 0.7740 0.6078
vn -0.1906 0.7676 0.6119
vn 0.7940 -0.0735 0.6035
vn 0.8357 0.0588 0.5461
vn 0.5520 -0.1978 0.8100
vn 0.9874 -0.0842 0.1337
vn 0.9899 -0.0837 0.1142
vn -0.8026 0.3676 0.4698
vn 0.5616 0.8271 -0.0208
vn 0.0372 0.9227 -0.3837
vn -0.7624 0.2984 0.5742
vn -0.7287 0.6826 0.0549
vn -0.9742 -0.1263 -0.1870
vn 0.6306 0.7125 -0.3078
vn 0.4942 0.8273 -0.2672
vn 0.3695 0.7627 -0.5308
vn 0.6306 0.7124 -0.3078
vn -0.7466 -0.4654 0.4754
vn -0.9690 -0.1435 0.2009
vn -0.9747 -0.2236 0.0001
vn 0.6187 0.7729 -0.1408
vn 0.5815 0.8114 0.0597
vn 0.5814 0.8114 0.0597
vn -0.8127 0.5622 0.1531
vn -0.7880 0.6156 -0.0103
vn 0.8415 0.2484 0.4797
vn 0.4096 0.7595 -0.5053
vn -0.6441 -0.0989 0.7585
vn 0.9844 0.1187 0.1301
vn 0.6991 0.5742 0.4262
vn -0.5467 0.5966 -0.5875
vn -0.1936 0.8974 -0.3966
vn 0.6441 -0.0989 0.7585
vn 0.3258 0.9447 -0.0383
vn -0.1726 0.7592 0.6276
vn 0.6209 -0.0842 0.7794
vn -0.6720 0.5918 -0.4451
vn -0.1367 -0.3061 0.9421
vn -0.1503 -0.3121 0.9381
vn -0.1581 -0.3127 0.9366
vn -0.1434 -0.3111 0.9395
vn -0.2683 -0.3485 0.8981
vn -0.2142 -0.3604 0.9079
vn -0.2084 -0.3304 0.9205
vn -0.2853 -0.3670 0.8854
vn -0.2401 -0.3690 0.8979
vn -0.3064 -0.4031 0.8623
vn -0.2929 -0.3862 0.8747
vn -0.3117 -0.3945 0.8644
vn -0.2972 -0.3645 0.8825
vn -0.2694 -0.3620 0.8924
vn -0.3003 -0.4075 0.8624
vn -0.3008 -0.4141 0.8591
vn -0.1993 -0.3986 0.8952
vn -0.1452 -0.3080 0.9402
vn -0.1833 -0.3328 0.9250
vn 0.6699 0.4009 0.6249
vn 0.3874 0.6471 0.6566
vn 0.2048 -0.9779 -0.0424
vn 0.5322 -0.8426 0.0827
vn 0.5281 -0.8441 0.0924
vn -0.8854 0.3939 0.2467
vn -0.6515 0.6468 0.3965
vn -0.8856 0.3986 0.2384
vn -0.5083 -0.8451 -0.1656
vn -0.7893 -0.5965 -0.1455
vn -0.5074 -0.8438 -0.1749
vn -0.1570 -0.9771 -0.1435
vn 0.2074 -0.9769 -0.0513
vn 0.8359 0.0735 0.5440
vn 0.6655 0.3954 0.6331
vn -0.9940 0.0760 0.0783
vn -0.8855 0.3937 0.2467
vn 0.2297 -0.4100 0.8827
vn 0.7657 -0.5953 0.2433
vn 0.1850 -0.5650 0.8041
vn 0.1852 -0.5649 0.8041
vn 0.1993 -0.2569 0.9457
vn 0.8403 0.0773 0.5366
vn 0.8747 -0.2718 0.4012
vn -0.1592 0.0968 0.9825
vn -0.0062 0.0116 0.9999
vn -0.0060 0.0116 0.9999
vn -0.1592 0.0967 0.9825
vn -0.2403 -0.3653 0.8994
vn -0.3314 0.1096 0.9371
vn -0.3273 0.7802 0.5331
vn -0.6405 -0.2374 0.7303
vn -0.5978 -0.0782 0.7978
vn -0.6405 -0.2375 0.7303
vn -0.1331 -0.3372 0.9320
vn -0.6012 -0.4126 0.6843
vn -0.9601 -0.2741 -0.0550
vn -0.2388 -0.7460 0.6216
vn -0.5074 -0.8438 -0.1750
vn -0.3959 -0.6712 0.6267
vn -0.2389 -0.7462 0.6213
vn -0.0677 -0.7537 0.6538
vn -0.5275 -0.5546 0.6435
vn -0.6011 -0.4127 0.6844
vn -0.5274 -0.5547 0.6435
vn -0.4916 0.0519 0.8693
vn -0.3314 0.1097 0.9371
vn -0.4917 0.0521 0.8692
vn -0.4916 0.0520 0.8693
vn -0.6514 0.6467 0.3967
vn 0.1250 -0.1079 0.9863
vn 0.1251 -0.1080 0.9863
vn 0.3874 0.6472 0.6565
vn 0.6700 0.4005 0.6251
vn 0.0886 -0.6919 0.7166
vn -0.0678 -0.7537 0.6537
vn 0.0886 -0.6919 0.7165
vn 0.7658 -0.5953 0.2433
vn -0.3287 0.7744 0.5406
vn -0.9598 -0.2770 -0.0457
vn 0.7614 -0.5975 0.2515
vn -0.5082 -0.8452 -0.1655
vn 0.7615 -0.5974 0.2515
vn -0.7893 -0.5990 -0.1351
vn 0.8696 -0.2751 0.4100
vn -0.2243 -0.3685 0.9022
vn 0.0352 0.7749 0.6311
vn -0.2245 -0.3686 0.9021
vn -0.9935 0.0717 0.0880
vn -0.2245 -0.3684 0.9022
vn -0.2244 -0.3683 0.9022
vn -0.2243 -0.3683 0.9022
vn -0.1590 -0.9782 -0.1333
vn -0.2244 -0.3686 0.9021
vn -0.6520 0.6407 0.4055
vn -0.6521 0.6406 0.4054
vn -0.2242 -0.3685 0.9022
vn 0.6654 0.3955 0.6331
vn 0.0790 0.2379 -0.9681
vn 0.0448 0.2218 -0.9741
vn 0.0440 0.2305 -0.9721
vn 0.0000 0.2221 -0.9750
vn 0.0000 0.2295 -0.9733
vn 0.0501 0.2547 -0.9657
vn 0.0731 0.2493 -0.9657
vn 0.0800 0.2040 -0.9757
vn 0.0446 0.2127 -0.9761
vn 0.0740 0.1925 -0.9785
vn 0.0511 0.1868 -0.9811
vn -0.0000 0.2141 -0.9768
vn -0.0448 0.2218 -0.9741
vn -0.0790 0.2379 -0.9681
vn -0.0440 0.2305 -0.9721
vn -0.0731 0.2493 -0.9657
vn -0.0501 0.2547 -0.9657
vn -0.0800 0.2040 -0.9757
vn -0.0446 0.2127 -0.9761
vn -0.0511 0.1868 -0.9811
vn -0.0739 0.1925 -0.9785
vn -0.6883 0.7225 -0.0645
vn -0.6972 0.4175 -0.5827
vn -0.9022 0.4104 -0.1328
vn -0.7514 0.1447 -0.6437
vn -0.9754 0.0464 -0.2155
vn -0.9234 0.3794 0.0576
vn -0.7019 0.7004 0.1297
vn 0.9023 0.4102 -0.1326
vn 0.7515 0.1447 -0.6437
vn 0.6972 0.4175 -0.5827
vn 0.6883 0.7225 -0.0646
vn 0.7019 0.7003 0.1297
vn 0.9234 0.3794 0.0576
vn 0.9754 0.0464 -0.2155
vn 0.6862 -0.6255 -0.3714
vn 0.6959 -0.1273 -0.7068
vn 0.9005 -0.3166 -0.2982
vn 0.9216 -0.3713 -0.1131
vn 0.6997 -0.6897 -0.1865
vn -0.3691 -0.8279 -0.4224
vn -0.5366 -0.3603 -0.7630
vn -0.2937 -0.5139 -0.8060
vn -0.0000 -0.8975 -0.4411
vn 0.0000 -0.9677 -0.2522
vn -0.3738 -0.8972 -0.2350
vn -0.6862 -0.6255 -0.3714
vn 0.0000 1.0000 -0.0096
vn -0.2948 0.8116 -0.5044
vn -0.3708 0.9284 -0.0226
vn -0.5381 0.6534 -0.5324
vn -0.6884 0.7225 -0.0646
vn -0.3756 0.9099 0.1761
vn -0.0000 0.9816 0.1911
vn -0.3694 -0.9213 -0.1217
vn -0.6995 -0.6975 -0.1554
vn -0.3733 -0.9053 -0.2026
vn 0.0012 -0.9906 -0.1364
vn 0.0010 -0.9992 0.0402
vn -0.3542 -0.9339 0.0491
vn -0.6958 -0.7145 -0.0727
vn 0.9151 0.3461 0.2070
vn 1.0000 -0.0039 0.0048
vn 0.9236 0.3724 0.0907
vn 0.6930 0.6634 0.2822
vn 0.6446 0.5721 0.5071
vn 0.8590 0.2748 0.4319
vn 0.9928 -0.0270 0.1167
vn -0.9005 -0.3167 -0.2980
vn -0.6959 -0.1272 -0.7068
vn -0.6861 -0.6255 -0.3714
vn -0.6997 -0.6897 -0.1864
vn -0.9216 -0.3713 -0.1131
vn 0.3696 0.8699 0.3267
vn 0.7016 0.6935 0.1637
vn 0.3751 0.9027 0.2108
vn 0.0011 0.9408 0.3389
vn 0.0006 0.8321 0.5547
vn 0.3407 0.7645 0.5473
vn 0.6930 0.6635 0.2821
vn 0.3733 -0.9054 -0.2023
vn 0.3713 -0.9215 -0.1139
vn 0.6995 -0.6977 -0.1545
vn 0.6955 -0.7162 -0.0573
vn 0.6622 -0.7358 0.1415
vn 0.3531 -0.9328 0.0719
vn 0.3708 0.9284 -0.0226
vn 0.5381 0.6534 -0.5324
vn 0.2948 0.8116 -0.5043
vn 0.3756 0.9099 0.1761
vn 0.6884 0.7225 -0.0646
vn -0.9180 -0.3966 0.0043
vn -1.0000 -0.0035 0.0036
vn -0.9218 -0.3788 -0.0822
vn -0.6957 -0.7147 -0.0725
vn -0.6707 -0.7351 0.0990
vn -0.8862 -0.4265 0.1810
vn -0.9573 -0.0648 0.2819
vn -0.9951 -0.0223 0.0961
vn 0.2936 -0.5138 -0.8061
vn 0.3691 -0.8279 -0.4224
vn 0.5366 -0.3603 -0.7631
vn 0.3738 -0.8972 -0.2350
vn 0.6958 -0.7159 -0.0574
vn 0.9218 -0.3790 -0.0811
vn 0.9164 -0.3997 0.0235
vn 0.9384 -0.0776 0.3368
vn 0.8707 -0.4325 0.2341
vn -0.3751 0.9028 0.2103
vn -0.3680 0.8729 0.3203
vn -0.7018 0.6935 0.1627
vn -0.6934 0.6686 0.2686
vn -0.3421 0.7755 0.5307
vn -0.3735 -0.9036 -0.2099
vn -0.0000 -0.9757 -0.2189
vn -0.6996 -0.6958 -0.1625
vn -0.6997 -0.6897 -0.1863
vn -0.0000 -0.9741 -0.2261
vn 0.3753 0.9047 0.2018
vn -0.0000 0.9739 0.2269
vn 0.7018 0.6954 0.1544
vn 0.7020 0.7003 0.1297
vn -0.0000 0.9760 0.2177
vn 0.6996 -0.6959 -0.1623
vn 0.3734 -0.9036 -0.2099
vn -1.0000 -0.0018 -0.0043
vn -0.9236 0.3727 0.0896
vn -0.9237 0.3745 0.0814
vn -0.7018 0.6935 0.1626
vn -0.7019 0.6954 0.1543
vn -0.9996 0.0035 -0.0278
vn -0.9219 -0.3770 -0.0897
vn -0.6995 -0.6976 -0.1553
vn 0.9237 0.3744 0.0816
vn 0.7017 0.6934 0.1637
vn 1.0000 -0.0018 -0.0041
vn 0.9996 0.0035 -0.0278
vn 0.9219 -0.3771 -0.0895
vn 0.6995 -0.6977 -0.1544
vn -0.3753 0.9047 0.2017
vn -0.7020 0.7003 0.1297
vn -0.6934 0.6687 0.2686
vn -0.9168 0.3517 0.1892
vn -0.8754 0.2929 0.3846
vn -0.6540 0.5899 0.4736
vn 0.7508 0.1841 0.6344
vn 0.3823 0.2291 0.8952
vn 0.5227 0.0406 0.8516
vn 0.5228 0.0406 0.8515
vn 0.8272 -0.1291 0.5469
vn 0.7509 0.1840 0.6343
vn 0.5568 0.4448 0.7015
vn -0.0015 0.6723 0.7403
vn 0.1924 0.3458 0.9184
vn 0.2896 0.6124 0.7356
vn 0.1924 0.3459 0.9183
vn 0.5567 0.4449 0.7015
vn 0.6446 0.5722 0.5070
vn 0.7729 -0.4480 0.4494
vn 0.5797 -0.1870 0.7931
vn 0.5411 -0.4198 0.7287
vn 0.5411 -0.4197 0.7287
vn 0.5887 -0.7243 0.3589
vn 0.7728 -0.4479 0.4496
vn 0.6625 -0.7356 0.1415
vn 0.3126 -0.9048 0.2890
vn 0.4079 -0.6229 0.6676
vn 0.2109 -0.7530 0.6234
vn -0.0013 -0.9668 0.2557
vn -0.8669 -0.1149 0.4851
vn -0.5544 0.0556 0.8304
vn -0.7855 0.2087 0.5827
vn -0.7855 0.2086 0.5826
vn -0.4024 0.2464 0.8817
vn -0.5785 0.4707 0.6661
vn -0.5784 0.4707 0.6663
vn -0.5784 0.4707 0.6662
vn -0.2011 0.3571 0.9122
vn -0.2974 0.6287 0.7185
vn -0.0025 0.3871 0.9220
vn -0.6540 0.5900 0.4735
vn -0.6098 -0.7298 0.3091
vn -0.5734 -0.4247 0.7006
vn -0.8067 -0.4462 0.3875
vn -0.6165 -0.1814 0.7662
vn -0.3202 -0.9104 0.2618
vn -0.0030 -0.7982 0.6024
vn -0.2206 -0.7608 0.6104
vn -0.6094 -0.7301 0.3091
vn -0.6708 -0.7351 0.0988
vn 0.2879 0.3095 -0.9063
vn 0.0790 0.2212 -0.9720
vn 0.2306 0.3986 -0.8877
vn 0.6971 0.4176 -0.5828
vn 0.3059 0.2108 -0.9284
vn 0.1302 0.4590 -0.8789
vn 0.0000 0.2540 -0.9672
vn 0.0000 0.4810 -0.8767
vn 0.0000 0.8690 -0.4948
vn 0.2951 0.8115 -0.5044
vn 0.2307 0.0239 -0.9727
vn 0.2879 0.1122 -0.9511
vn 0.6958 -0.1272 -0.7068
vn 0.1303 -0.0347 -0.9909
vn -0.0000 0.1877 -0.9822
vn 0.2937 -0.5139 -0.8060
vn -0.0000 -0.5703 -0.8214
vn 0.0000 -0.0557 -0.9984
vn -0.2301 0.3984 -0.8879
vn -0.2878 0.3095 -0.9063
vn -0.0790 0.2212 -0.9720
vn -0.3059 0.2108 -0.9284
vn -0.6971 0.4176 -0.5828
vn -0.1303 0.4590 -0.8789
vn -0.2951 0.8115 -0.5044
vn -0.2878 0.1123 -0.9511
vn -0.2307 0.0239 -0.9727
vn -0.1303 -0.0347 -0.9909
vn -0.0003 -0.2227 0.9749
vn 0.5796 -0.1870 0.7931
vn -0.0004 -0.2228 0.9749
vn -0.0003 -0.2226 0.9749
vn -0.0002 -0.2227 0.9749
vn 0.4079 -0.6229 0.6675
vn -0.0005 -0.2227 0.9749
vn -0.0029 -0.7980 0.6026
vn 0.2107 -0.7530 0.6233
vn -0.0004 -0.2227 0.9749
vn -0.6167 -0.1814 0.7660
vn -0.5734 -0.4248 0.7006
vn -0.0001 -0.2228 0.9749
vn -0.4292 -0.6330 0.6443
vn -0.2207 -0.7607 0.6104
vn -0.0004 -0.2226 0.9749
vn -0.5323 -0.8425 0.0827
vn 0.4731 0.8006 -0.3678
vn -0.4645 -0.6054 0.6463
vn 0.9159 0.1813 0.3582
vn 0.6208 -0.0841 0.7794
vn -0.2210 0.8334 0.5065
vn 0.7463 -0.5169 -0.4194
vn 0.6995 -0.4165 -0.5807
vn -0.3322 0.9406 -0.0701
vn 0.7524 -0.6542 -0.0773
vn 0.6172 -0.6128 -0.4934
vn -0.5638 0.4436 -0.6967
vn 0.7108 0.5614 0.4238
vn -0.6991 0.5742 0.4262
vn -0.5886 -0.0439 0.8072
vn -0.1020 0.1700 0.9801
vn 0.6166 0.5787 0.5338
vn -0.2257 0.2545 0.9404
vn 0.5349 -0.4626 -0.7070
vn -0.1085 0.9142 -0.3905
vn 0.7653 0.4941 0.4126
vn 0.5068 -0.6715 0.5407
vn 0.2046 -0.6950 0.6892
vn 0.5762 -0.3657 0.7309
vn 0.0000 0.5013 0.8653
vn 0.4068 0.8559 -0.3193
vn 0.5367 -0.7803 -0.3210
vn -0.2578 0.8233 -0.5056
vn 0.5007 0.8625 0.0736
vn 0.4948 0.8685 0.0292
vn 0.6421 0.5900 0.4895
vn 0.8621 0.5031 -0.0610
vn 0.7042 -0.4074 -0.5815
vn -0.1215 0.0275 0.9922
vn -0.1139 0.2545 0.9603
vn 0.6128 0.2257 0.7573
vn 0.7994 -0.5731 0.1802
vn 0.8158 -0.3455 -0.4637
vn -0.0694 0.2128 0.9746
vn 0.0935 0.9122 -0.3988
vn 0.3218 0.0748 -0.9439
vn -0.8709 0.4738 -0.1304
vn 0.5524 0.7849 -0.2805
vn 0.8156 0.0697 -0.5743
vn 0.7620 -0.4939 -0.4188
vn -0.7376 0.6191 0.2695
vn -0.4642 -0.6057 0.6463
vn -0.0000 -0.8233 0.5676
vn 0.0000 -0.9340 0.3572
vn -0.7101 -0.1545 0.6870
vn -0.5068 -0.6287 0.5898
vn -0.5057 0.3129 0.8040
vn 0.0000 0.4964 0.8681
vn -0.3939 0.1894 0.8994
vn -0.5069 -0.6285 0.5899
vn -0.3938 0.1892 0.8995
vn -0.5056 0.3128 0.8041
vn 0.5492 0.8314 -0.0850
vn 0.7583 0.6488 -0.0633
vn -0.8357 0.0588 0.5461
vn 0.0528 -0.7733 0.6318
vn 0.6147 0.5856 -0.5285
vn 0.2242 -0.3692 0.9019
vn 0.2245 -0.3688 0.9020
vn 0.2244 -0.3687 0.9020
vn 0.2244 -0.3688 0.9020
vn 0.2243 -0.3689 0.9020
vn -0.6655 0.3954 0.6331
vn -0.6655 0.3954 0.6330
vn 0.0062 0.0116 0.9999
vn -0.3842 0.6418 0.6637
vn -0.8360 0.0734 0.5439
vn 0.4644 -0.6054 0.6464
vn -0.5603 -0.5792 -0.5921
vn 0.7377 0.6191 0.2695
vn -0.5154 -0.0096 0.8569
vn -0.9159 0.1813 0.3582
vn -0.7463 -0.5169 -0.4194
vn 0.8605 -0.3563 0.3641
vn -0.6835 0.5995 -0.4163
vn -0.7126 -0.2355 0.6609
vn 0.5886 -0.0439 0.8072
vn 0.2257 0.2545 0.9404
vn 0.2807 0.8354 -0.4726
vn -0.7653 0.4941 0.4125
vn -0.5068 -0.6715 0.5407
vn -0.0335 0.4488 0.8930
vn 0.0758 0.3183 0.9450
vn -0.0116 -0.7533 0.6575
vn -0.4067 0.8559 -0.3193
vn -0.5368 -0.7803 -0.3208
vn 0.2580 0.8233 -0.5056
vn -0.8186 -0.4718 -0.3277
vn 0.1139 0.2546 0.9603
vn 0.0711 -0.7647 0.6404
vn -0.6950 -0.5815 -0.4229
vn -0.5214 -0.7994 -0.2985
vn 0.1140 0.5528 -0.8255
vn -0.0935 0.9122 -0.3988
vn 0.5194 0.5809 0.6268
vn -0.4596 -0.1293 0.8787
vn 0.7556 0.3486 0.5546
vn 0.7267 0.2996 0.6182
vn 0.7474 0.6314 0.2069
vn 0.4641 -0.6056 0.6464
vn 0.5069 -0.6286 0.5898
vn 0.5058 0.3129 0.8039
vn 0.3940 0.1894 0.8994
vn 0.5072 -0.6285 0.5897
vn 0.3938 0.1891 0.8996
vn 0.5056 0.3130 0.8040
vn 0.2343 0.3380 0.9115
vn -0.7852 -0.5508 0.2830
vn -0.2242 -0.3687 0.9021
vn -0.2251 -0.3683 0.9020
vn -0.2250 -0.3682 0.9021
vn -0.2243 -0.3686 0.9021
vn -0.3957 -0.6711 0.6269
vn 0.1852 -0.5650 0.8040
vn 0.8359 0.0735 0.5439
vn 0.3842 0.6418 0.6637
vn -0.5380 0.6535 -0.5324
vn 0.5380 0.6535 -0.5324
vn 0.5366 -0.3602 -0.7631
vn 0.0000 -0.5707 -0.8212
vn 0.0000 0.8692 -0.4944
vn -0.5365 -0.3603 -0.7631
vn 0.5568 0.4447 0.7016
vn -0.4025 0.2461 0.8817
vn -0.4296 -0.6328 0.6442
vn -0.4291 -0.6329 0.6444
vn 0.5379 0.6535 -0.5325
vn 0.7515 0.1446 -0.6437
vn 0.5367 -0.3602 -0.7630
vn -0.7514 0.1446 -0.6438
vn -0.5379 0.6534 -0.5326
vn -0.5368 -0.3603 -0.7629
vn -0.0025 0.3872 0.9220
s off
f 1764/1/1 1765/2/1 1766/3/1
f 3155/4/2 3156/5/3 3157/6/4
f 1766/3/5 1858/7/5 3574/8/5
f 3574/8/6 3575/9/7 3576/10/6
f 1764/1/8 3578/11/9 3579/12/10
f 1765/2/11 3579/12/11 3580/13/11
f 3579/12/12 3581/14/12 3580/13/12
f 1764/1/13 3579/12/13 1765/2/13
f 3580/13/14 3582/15/15 1765/2/14
f 3573/16/1 1766/3/1 1765/2/1
f 3574/8/12 3576/10/12 1766/3/12
f 1766/3/16 3576/10/17 1764/1/18
f 3234/17/19 3236/18/19 3642/19/20
f 3236/18/21 3643/20/21 3644/21/21
f 3644/21/22 3646/22/23 3157/6/24
f 3157/6/25 3647/23/25 3155/4/25
f 3650/24/26 3651/25/27 3642/19/26
f 3650/24/21 3642/19/21 3236/18/21
f 3650/24/28 3157/6/28 3156/5/28
f 3644/21/29 3157/6/30 3236/18/29
f 3236/18/21 3157/6/21 3650/24/21
s 1
f 1/26/31 2/27/32 3/28/33
f 4/29/34 5/30/35 6/31/36
f 6/31/36 7/32/37 4/29/34
f 8/33/38 9/34/39 10/35/40
f 11/36/41 12/37/42 13/38/43
f 14/39/44 15/40/45 16/41/46
f 16/41/46 17/42/47 18/43/48
f 19/44/49 20/45/50 21/46/51
f 22/47/52 23/48/53 24/49/54
f 24/49/54 25/50/55 26/51/56
f 27/52/57 28/53/58 29/54/59
f 30/55/60 31/56/61 32/57/62
f 32/57/62 33/58/63 34/59/64
f 35/60/65 36/61/66 37/62/67
f 10/35/40 38/63/68 8/33/38
f 39/64/69 40/65/70 41/66/71
f 40/65/70 42/67/72 41/66/71
f 43/68/73 44/69/74 45/70/75
f 46/71/76 47/72/77 48/73/78
f 49/74/79 50/75/80 51/76/81
f 51/76/81 52/77/82 49/74/79
f 53/78/83 54/79/84 55/80/85
f 19/44/49 56/81/86 57/82/87
f 57/82/87 58/83/88 19/44/49
f 59/84/89 60/85/90 61/86/91
f 61/86/91 62/87/92 59/84/89
f 63/88/93 64/89/94 65/90/95
f 66/91/96 67/92/97 68/93/98
f 68/93/98 69/94/99 66/91/96
f 70/95/100 71/96/101 72/97/102
f 73/98/103 74/99/104 75/100/105
f 75/100/105 76/101/106 73/98/103
f 73/98/103 77/102/107 78/103/108
f 78/103/108 79/104/109 73/98/103
f 80/105/110 81/106/111 82/107/112
f 82/107/112 83/108/113 80/105/110
f 84/109/114 85/110/115 86/111/116
f 85/110/115 87/112/117 86/111/116
f 86/111/116 88/113/118 89/114/119
f 89/114/119 84/109/114 86/111/116
f 90/115/120 91/116/121 92/117/122
f 92/117/122 93/118/123 90/115/120
f 94/119/124 95/120/125 96/121/126
f 96/121/126 97/122/127 98/123/128
f 99/124/129 100/125/130 101/126/131
f 102/127/132 103/128/133 104/129/134
f 105/130/135 106/131/136 107/132/137
f 108/133/138 109/134/139 110/135/140
f 111/136/141 112/137/142 113/138/143
f 114/139/144 115/140/145 116/141/146
f 116/141/146 117/142/147 118/143/148
f 118/143/148 119/144/149 116/141/146
f 116/141/146 120/145/150 114/139/144
f 121/146/151 122/147/152 123/148/153
f 123/148/153 124/149/154 125/150/155
f 125/150/155 126/151/156 123/148/153
f 126/151/156 121/146/151 123/148/153
f 127/152/157 128/153/158 129/154/159
f 129/154/159 130/155/160 131/156/161
f 131/156/161 132/157/162 129/154/159
f 129/154/159 133/158/163 127/152/157
f 134/159/164 34/59/64 135/160/165
f 136/161/166 137/162/167 138/163/168
f 138/163/168 139/164/169 140/165/170
f 141/166/171 142/167/172 143/168/173
f 144/169/174 145/170/175 146/171/176
f 146/171/176 147/172/177 148/173/178
f 148/173/178 149/174/179 146/171/176
f 146/171/176 150/175/180 144/169/174
f 151/176/181 152/177/182 153/178/183
f 154/179/184 155/180/185 156/181/186
f 156/181/186 157/182/187 158/183/188
f 159/184/189 160/185/190 161/186/191
f 162/187/192 163/188/193 164/189/194
f 164/189/194 165/190/195 166/191/196
f 167/192/197 168/193/198 169/194/199
f 170/195/200 171/196/201 172/197/202
f 173/198/203 174/199/204 142/167/172
f 175/200/205 176/201/206 66/91/96
f 177/202/207 41/66/71 178/203/208
f 179/204/209 180/205/210 173/198/203
f 181/206/211 182/207/212 183/208/213
f 184/209/214 185/210/215 186/211/216
f 186/211/216 187/212/217 188/213/218
f 188/213/218 189/214/219 186/211/216
f 186/211/216 190/215/220 184/209/214
f 191/216/221 192/217/222 193/218/223
f 191/216/221 194/219/224 195/220/225
f 196/221/226 197/222/227 43/68/73
f 198/223/228 199/224/229 200/225/230
f 200/225/230 201/226/231 202/227/232
f 202/227/232 203/228/233 200/225/230
f 200/225/230 204/229/234 198/223/228
f 205/230/235 206/231/236 207/232/237
f 207/232/237 208/233/238 205/230/235
f 208/233/238 209/234/239 205/230/235
f 205/230/235 210/235/240 211/236/241
f 212/237/242 213/238/243 214/239/244
f 214/239/244 215/240/245 212/237/242
f 212/237/242 216/241/246 217/242/247
f 217/242/247 218/243/248 212/237/242
f 219/244/249 206/231/236 211/236/241
f 211/236/241 220/245/250 219/244/249
f 220/245/250 221/246/251 219/244/249
f 221/246/251 222/247/252 219/244/249
f 223/248/253 224/249/254 225/250/255
f 224/249/254 226/251/256 225/250/255
f 226/251/256 227/252/257 225/250/255
f 227/252/257 223/248/253 225/250/255
f 228/253/258 229/254/259 230/255/260
f 63/88/93 231/256/261 232/257/262
f 232/257/262 233/258/263 63/88/93
f 178/203/208 42/67/72 234/259/264
f 235/260/265 236/261/266 237/262/267
f 237/262/267 238/263/268 235/260/265
f 235/260/265 239/264/269 84/109/114
f 84/109/114 240/265/270 235/260/265
f 241/266/271 242/267/272 243/268/273
f 244/269/274 245/270/275 246/271/276
f 158/183/188 247/272/277 241/266/271
f 248/273/278 24/49/54 249/274/279
f 250/275/280 251/276/281 252/277/282
f 252/277/282 253/278/283 250/275/280
f 254/279/122 255/280/284 256/281/285
f 256/281/285 257/282/286 258/283/287
f 258/283/287 259/284/288 256/281/285
f 256/281/285 260/285/289 254/279/122
f 261/286/290 262/287/291 263/288/292
f 26/51/56 264/289/293 265/290/294
f 265/290/294 266/291/295 267/292/296
f 268/293/297 143/168/173 142/167/172
f 267/292/296 269/294/298 270/295/299
f 271/296/300 272/297/301 273/298/302
f 274/299/303 275/300/304 276/301/305
f 277/302/306 278/303/307 279/304/308
f 140/165/170 280/305/309 281/306/310
f 281/306/310 282/307/311 30/55/60
f 283/308/312 284/309/313 285/310/314
f 286/311/315 287/312/316 288/313/317
f 288/313/317 289/314/318 290/315/319
f 290/315/319 291/316/320 288/313/317
f 288/313/317 292/317/321 286/311/315
f 293/318/99 294/319/322 295/320/323
f 295/320/323 296/321/324 197/222/227
f 297/322/325 298/323/326 299/324/327
f 300/325/328 301/326/329 302/327/330
f 303/328/331 304/329/332 305/330/333
f 304/329/332 306/331/334 307/332/335
f 308/333/336 309/334/337 310/335/338
f 311/336/339 312/337/340 313/338/341
f 314/339/342 315/340/343 316/341/344
f 317/342/345 318/343/346 319/344/347
f 320/345/348 321/346/349 322/347/350
f 322/347/350 323/348/351 320/345/348
f 324/349/352 325/350/353 326/351/354
f 327/352/355 236/261/266 240/265/270
f 240/265/270 328/353/356 327/352/355
f 329/354/357 330/355/358 331/356/359
f 332/357/360 333/358/361 334/359/362
f 332/357/360 335/360/363 336/361/364
f 337/362/365 338/363/366 339/364/367
f 338/363/366 340/365/368 339/364/367
f 340/365/368 341/366/369 339/364/367
f 339/364/367 342/367/370 337/362/365
f 343/368/371 344/369/372 345/370/373
f 336/361/364 346/371/374 347/372/375
f 347/372/375 348/373/376 349/374/377
f 350/375/378 351/376/379 352/377/380
f 352/377/380 353/378/381 262/287/291
f 354/379/382 355/380/383 356/381/384
f 356/381/384 337/362/365 354/379/382
f 354/379/382 342/367/370 357/382/385
f 357/382/385 358/383/386 354/379/382
f 359/384/387 311/336/339 360/385/388
f 360/385/388 361/386/389 359/384/387
f 362/387/390 363/388/391 364/389/392
f 365/390/393 366/391/394 367/392/395
f 368/393/396 369/394/397 370/395/171
f 371/396/303 372/397/398 373/398/399
f 374/399/400 375/400/401 376/401/402
f 377/402/403 369/394/397 378/403/404
f 350/375/378 90/115/120 379/404/405
f 380/405/406 381/406/407 382/407/408
f 382/407/408 383/408/409 380/405/406
f 384/409/410 385/410/411 386/411/412
f 387/412/413 388/413/414 389/414/415
f 390/415/85 391/416/416 392/417/417
f 393/418/418 394/419/419 395/420/420
f 45/70/75 396/421/184 397/422/421
f 398/423/422 52/77/82 399/424/423
f 400/425/225 401/426/424 393/418/418
f 402/427/425 403/428/76 404/429/426
f 405/430/427 406/431/428 407/432/429
f 172/197/202 408/433/430 409/434/431
f 409/434/431 410/435/432 172/197/202
f 411/436/433 412/437/434 413/438/435
f 414/439/436 415/440/437 416/441/438
f 417/442/439 418/443/440 419/444/441
f 361/386/389 420/445/442 421/446/443
f 421/446/443 422/447/444 423/448/445
f 424/449/446 425/450/447 426/451/448
f 427/452/449 297/322/325 428/453/450
f 428/453/450 299/324/327 429/454/451
f 429/454/451 430/455/452 428/453/450
f 428/453/450 422/447/444 427/452/449
f 360/385/388 431/456/453 432/457/454
f 432/457/454 425/450/447 427/452/449
f 427/452/449 420/445/442 432/457/454
f 432/457/454 433/458/455 360/385/388
f 434/459/456 435/460/457 436/461/458
f 437/462/459 438/463/460 439/464/461
f 18/43/48 207/232/237 440/465/462
f 207/232/237 441/466/463 440/465/462
f 442/467/464 443/468/465 444/469/466
f 445/470/467 446/471/468 447/472/469
f 447/472/469 448/473/470 445/470/467
f 449/474/471 450/475/472 451/476/473
f 452/477/474 453/478/475 454/479/476
f 455/480/477 456/481/478 457/482/479
f 457/482/479 373/398/399 458/483/480
f 458/483/480 459/484/481 457/482/479
f 457/482/479 460/485/482 455/480/477
f 461/486/483 462/487/73 463/488/484
f 464/489/485 465/490/486 466/491/487
f 466/491/487 467/492/488 94/119/124
f 468/493/489 469/494/490 470/495/491
f 471/496/492 472/497/493 473/498/494
f 472/497/493 474/499/495 473/498/494
f 475/500/496 476/501/164 477/502/497
f 478/503/498 479/504/499 480/505/500
f 481/506/501 482/507/502 483/508/503
f 370/395/171 484/509/504 368/393/396
f 485/510/505 486/511/506 487/512/507
f 307/332/335 488/513/508 27/52/57
f 2/27/32 489/514/509 490/515/510
f 349/374/377 491/516/511 492/517/512
f 491/516/511 493/518/513 492/517/512
f 494/519/514 349/374/377 495/520/515
f 496/521/516 497/522/517 498/523/518
f 499/524/519 500/525/520 437/462/459
f 423/448/445 430/455/452 501/526/521
f 501/526/521 502/527/522 503/528/523
f 441/466/463 222/247/252 504/529/524
f 504/529/524 313/338/341 312/337/340
f 505/530/525 506/531/124 507/532/526
f 508/533/527 509/534/528 510/535/529
f 511/536/530 512/537/513 513/538/531
f 514/539/422 515/540/532 516/541/533
f 442/467/464 517/542/534 518/543/535
f 519/544/536 520/545/537 521/546/538
f 522/547/539 523/548/540 524/549/541
f 331/356/359 525/550/542 526/551/543
f 202/227/232 527/552/544 528/553/545
f 528/553/545 529/554/546 530/555/547
f 530/555/547 531/556/548 528/553/545
f 528/553/545 532/557/549 202/227/232
f 533/558/57 534/559/550 535/560/335
f 536/561/551 537/562/552 538/563/553
f 21/46/51 539/564/554 19/44/49
f 540/565/555 503/528/523 541/566/556
f 436/461/458 542/567/557 505/530/525
f 543/568/558 544/569/559 545/570/560
f 507/532/526 546/571/126 547/572/561
f 548/573/562 549/574/563 550/575/564
f 551/576/101 552/577/565 553/578/566
f 554/579/567 555/580/568 556/581/569
f 557/582/570 558/583/571 450/475/472
f 18/43/48 559/584/572 560/585/573
f 250/275/280 561/586/574 562/587/575
f 563/588/576 564/589/577 565/590/578
f 566/591/579 567/592/580 568/593/411
f 569/594/581 570/595/582 571/596/583
f 572/597/207 573/598/584 574/599/585
f 575/600/586 576/601/587 577/602/588
f 578/603/208 579/604/589 573/598/584
f 580/605/590 581/606/591 582/607/592
f 583/608/593 584/609/594 585/610/595
f 586/611/596 587/612/597 588/613/598
f 588/613/598 121/146/151 586/611/596
f 121/146/151 589/614/599 586/611/596
f 589/614/599 590/615/600 586/611/596
f 591/616/84 592/617/601 391/416/416
f 456/481/478 593/618/173 594/619/602
f 595/620/603 10/35/40 9/34/39
f 596/621/604 597/622/605 598/623/606
f 599/624/607 600/625/608 601/626/609
f 602/627/610 603/628/191 604/629/611
f 605/630/612 606/631/423 607/632/95
f 608/633/613 609/634/614 610/635/615
f 611/636/616 612/637/617 613/638/618
f 613/638/618 614/639/619 611/636/616
f 615/640/620 616/641/621 617/642/622
f 618/643/623 619/644/624 620/645/625
f 618/643/623 621/646/626 622/647/627
f 622/647/627 623/648/628 618/643/623
f 624/649/629 625/650/630 626/651/631
f 627/652/632 628/653/633 629/654/634
f 627/652/632 630/655/635 631/656/636
f 631/656/636 632/657/637 627/652/632
f 616/641/621 633/658/638 617/642/622
f 634/659/639 189/214/219 635/660/640
f 189/214/219 636/661/641 635/660/640
f 637/662/642 638/663/643 639/664/644
f 640/665/639 641/666/645 642/667/646
f 643/668/647 132/157/162 644/669/648
f 644/669/648 645/670/649 625/650/630
f 646/671/650 647/672/651 648/673/652
f 649/674/653 539/564/554 650/675/654
f 242/267/272 651/676/655 652/677/656
f 643/668/647 653/678/657 654/679/658
f 103/128/133 655/680/659 656/681/660
f 657/682/661 658/683/662 659/684/663
f 659/684/663 171/196/201 657/682/661
f 657/682/661 660/685/664 661/686/665
f 413/438/435 662/687/666 663/688/667
f 664/689/668 665/690/669 666/691/670
f 664/689/668 667/692/671 415/440/437
f 614/639/619 668/693/672 669/694/673
f 669/694/673 670/695/674 671/696/675
f 672/697/676 673/698/677 674/699/678
f 675/700/679 676/701/680 677/702/681
f 678/703/682 203/228/233 679/704/683
f 679/704/683 532/557/549 663/688/667
f 680/705/684 681/706/685 682/707/686
f 683/708/687 684/709/688 294/319/322
f 685/710/689 686/711/690 687/712/691
f 688/713/688 166/191/196 685/710/689
f 689/714/692 682/707/686 690/715/693
f 691/716/694 692/717/695 693/718/696
f 172/197/202 694/719/697 170/195/200
f 695/720/698 696/721/699 697/722/700
f 698/723/701 699/724/702 700/725/703
f 699/724/702 701/726/704 700/725/703
f 656/681/660 104/129/134 103/128/133
f 702/727/705 703/728/706 704/729/707
f 308/333/336 705/730/708 706/731/709
f 639/664/644 707/732/710 637/662/642
f 708/733/711 663/688/667 662/687/666
f 709/734/712 710/735/713 711/736/714
f 282/307/311 712/737/715 31/56/61
f 713/738/716 272/297/301 696/721/699
f 635/660/640 714/739/717 715/740/718
f 716/741/719 717/742/720 718/743/721
f 394/419/419 719/744/200 720/745/697
f 101/126/131 721/746/722 99/124/129
f 722/747/723 723/748/692 724/749/724
f 629/654/634 636/661/641 627/652/632
f 725/750/725 690/715/693 726/751/726
f 674/699/678 727/752/727 672/697/676
f 728/753/728 729/754/729 162/187/192
f 663/688/667 531/556/548 413/438/435
f 413/438/435 730/755/730 411/436/433
f 731/756/706 732/757/731 733/758/732
f 734/759/733 735/760/734 736/761/735
f 737/762/736 738/763/737 739/764/738
f 142/167/172 740/765/739 268/293/297
f 741/766/297 742/767/740 743/768/741
f 744/769/742 745/770/743 746/771/735
f 747/772/744 748/773/745 749/774/746
f 750/775/735 751/776/747 752/777/742
f 232/257/262 753/778/748 754/779/749
f 755/780/750 756/781/751 757/782/752
f 758/783/753 759/784/754 760/785/755
f 761/786/756 706/731/709 762/787/757
f 763/788/633 280/305/309 764/789/634
f 765/790/758 766/791/759 767/792/760
f 768/793/761 769/794/436 756/781/751
f 770/795/762 771/796/763 772/797/764
f 773/798/765 620/645/625 619/644/624
f 774/799/766 775/800/767 776/801/768
f 774/799/766 97/122/127 95/120/125
f 774/799/766 467/492/488 777/802/769
f 777/802/769 238/263/268 774/799/766
f 778/803/770 779/804/578 780/805/771
f 781/806/772 775/800/767 237/262/267
f 237/262/267 782/807/773 781/806/772
f 197/222/227 783/808/774 44/69/74
f 44/69/74 784/809/775 396/421/184
f 785/810/397 173/198/203 141/166/171
f 574/599/585 786/811/776 787/812/777
f 788/813/778 571/596/583 570/595/582
f 789/814/264 516/541/533 579/604/589
f 654/679/658 790/815/779 791/816/780
f 654/679/658 133/158/163 643/668/647
f 300/325/328 792/817/781 793/818/782
f 793/818/782 794/819/783 300/325/328
f 795/820/784 218/243/248 796/821/785
f 796/821/785 797/822/786 798/823/787
f 798/823/787 258/283/287 796/821/785
f 796/821/785 257/282/286 795/820/784
f 799/824/788 800/825/789 801/826/493
f 801/826/493 128/153/158 799/824/788
f 799/824/788 802/827/790 803/828/791
f 803/828/791 804/829/792 799/824/788
f 513/538/531 537/562/552 511/536/530
f 805/830/793 449/474/471 451/476/473
f 174/199/204 806/831/434 740/765/739
f 764/789/634 139/164/169 807/832/717
f 438/463/460 808/833/794 439/464/461
f 718/743/721 809/834/795 716/741/719
f 810/835/796 335/360/363 811/836/797
f 811/836/797 795/820/784 810/835/796
f 810/835/796 257/282/286 812/837/798
f 812/837/798 346/371/374 810/835/796
f 813/838/799 348/373/376 812/837/798
f 812/837/798 255/280/284 813/838/799
f 813/838/799 814/839/800 815/840/801
f 813/838/799 816/841/802 491/516/511
f 817/842/803 818/843/804 602/627/610
f 111/136/141 758/783/753 819/844/805
f 820/845/806 821/846/340 438/463/460
f 513/538/531 822/847/802 263/288/292
f 823/848/807 501/526/521 540/565/555
f 824/849/808 825/850/809 826/851/810
f 827/852/811 828/853/812 829/854/813
f 334/359/362 830/855/814 831/856/815
f 831/856/815 832/857/816 214/239/244
f 214/239/244 811/836/797 831/856/815
f 831/856/815 335/360/363 334/359/362
f 780/805/771 833/858/817 834/859/818
f 834/859/818 835/860/819 780/805/771
f 836/861/820 837/862/821 838/863/822
f 839/864/823 840/865/824 686/711/690
f 841/866/825 581/606/591 842/867/826
f 723/748/692 843/868/827 724/749/724
f 166/191/196 839/864/823 686/711/690
f 844/869/828 760/785/755 845/870/829
f 50/75/80 846/871/830 847/872/831
f 848/873/832 849/874/833 850/875/834
f 98/123/128 776/801/768 851/876/835
f 851/876/835 775/800/767 852/877/836
f 208/233/238 853/878/837 854/879/838
f 853/878/837 855/880/839 854/879/838
f 855/880/839 287/312/316 854/879/838
f 854/879/838 856/881/840 208/233/238
f 857/882/841 858/883/842 859/884/843
f 859/884/843 860/885/844 861/886/845
f 862/887/846 863/888/847 126/151/156
f 126/151/156 853/878/837 862/887/846
f 853/878/837 15/40/45 862/887/846
f 15/40/45 589/614/599 862/887/846
f 864/889/848 147/172/177 865/890/849
f 865/890/849 199/224/229 864/889/848
f 864/889/848 866/891/850 867/892/851
f 867/892/851 868/893/852 864/889/848
f 869/894/853 870/895/854 871/896/855
f 871/896/855 872/897/856 869/894/853
f 869/894/853 873/898/857 874/899/858
f 874/899/858 340/365/368 869/894/853
f 875/900/859 804/829/792 876/901/860
f 876/901/860 877/902/861 878/903/862
f 878/903/862 879/904/863 876/901/860
f 876/901/860 880/905/864 875/900/859
f 148/173/178 868/893/852 881/906/865
f 881/906/865 882/907/866 883/908/867
f 883/908/867 884/909/868 881/906/865
f 881/906/865 885/910/869 148/173/178
f 886/911/870 887/912/871 888/913/872
f 888/913/872 114/139/144 886/911/870
f 886/911/870 120/145/150 889/914/873
f 889/914/873 890/915/874 886/911/870
f 891/916/875 892/917/876 893/918/877
f 893/918/877 527/552/544 891/916/875
f 891/916/875 201/226/231 865/890/849
f 865/890/849 145/170/175 891/916/875
f 894/919/878 185/210/215 895/920/879
f 895/920/879 896/921/880 897/922/881
f 897/922/881 75/100/105 895/920/879
f 895/920/879 74/99/104 894/919/878
f 898/923/882 899/924/883 900/925/884
f 900/925/884 901/926/885 898/923/882
f 902/927/886 903/928/887 904/929/888
f 904/929/888 905/930/889 906/931/890
f 906/931/890 907/932/891 904/929/888
f 904/929/888 908/933/892 902/927/886
f 909/934/893 910/935/894 382/407/408
f 909/934/893 381/406/407 85/110/115
f 909/934/893 239/264/269 777/802/769
f 909/934/893 467/492/488 465/490/486
f 911/936/895 550/575/564 912/937/896
f 550/575/564 913/938/897 912/937/896
f 912/937/896 914/939/898 915/940/899
f 915/940/899 911/936/895 912/937/896
f 479/504/499 916/941/900 917/942/901
f 918/943/902 919/944/903 920/945/904
f 920/945/904 921/946/905 918/943/902
f 922/947/906 923/948/907 924/949/908
f 925/950/909 926/951/910 461/486/483
f 925/950/909 463/488/484 927/952/911
f 927/952/911 928/953/912 925/950/909
f 928/953/912 929/954/913 925/950/909
f 930/955/914 931/956/915 932/957/916
f 932/957/916 933/958/917 930/955/914
f 930/955/914 934/959/918 935/960/919
f 930/955/914 936/961/920 937/962/921
f 720/745/697 698/723/701 938/963/922
f 582/607/592 939/964/923 580/605/590
f 940/965/924 941/966/925 942/967/926
f 941/966/925 943/968/927 942/967/926
f 942/967/926 944/969/928 945/970/929
f 945/970/929 940/965/924 942/967/926
f 946/971/930 947/972/573 948/973/572
f 948/973/572 949/974/931 946/971/930
f 946/971/930 950/975/932 951/976/933
f 951/976/933 933/958/917 946/971/930
f 952/977/934 505/530/525 953/978/935
f 953/978/935 507/532/526 954/979/936
f 954/979/936 955/980/937 953/978/935
f 956/981/938 957/982/939 958/983/934
f 959/984/940 436/461/458 952/977/934
f 960/985/941 957/982/939 961/986/942
f 962/987/943 515/540/532 605/630/612
f 605/630/612 963/988/944 962/987/943
f 962/987/943 964/989/945 965/990/946
f 965/990/946 966/991/947 962/987/943
f 967/992/948 579/604/589 516/541/533
f 516/541/533 966/991/947 967/992/948
f 967/992/948 968/993/949 969/994/950
f 969/994/950 970/995/951 967/992/948
f 971/996/952 972/997/953 973/998/954
f 973/998/954 974/999/955 975/1000/956
f 975/1000/956 976/1001/957 973/998/954
f 973/998/954 977/1002/958 971/996/952
f 978/1003/959 979/1004/960 980/1005/961
f 980/1005/961 981/1006/807 982/1007/962
f 982/1007/962 983/1008/963 980/1005/961
f 980/1005/961 984/1009/964 978/1003/959
f 985/1010/965 986/1011/966 987/1012/967
f 988/1013/968 989/1014/969 990/1015/970
f 991/1016/971 519/544/536 992/1017/972
f 992/1017/972 583/608/593 993/1018/973
f 994/1019/974 995/1020/975 996/1021/976
f 992/1017/972 997/1022/977 991/1016/971
f 998/1023/978 999/1024/979 1000/1025/980
f 999/1024/979 1001/1026/981 1000/1025/980
f 1000/1025/980 1002/1027/982 1003/1028/983
f 1003/1028/983 998/1023/978 1000/1025/980
f 1004/1029/984 477/502/497 1005/1030/985
f 1005/1030/985 598/623/606 1006/1031/986
f 1005/1030/985 1007/1032/987 1008/1033/988
f 1009/1034/989 1010/1035/990 1011/1036/991
f 1012/1037/992 485/510/505 487/512/507
f 1012/1037/992 1013/1038/993 1014/1039/994
f 1015/1040/995 1016/1041/996 1017/1042/997
f 1016/1041/996 1018/1043/998 1017/1042/997
f 1019/1044/999 1020/1045/1000 1021/1046/1001
f 1021/1046/1001 548/573/562 911/936/895
f 1021/1046/1001 1022/1047/1002 1023/1048/1003
f 1024/1049/1004 1025/1050/1005 1026/1051/1006
f 1027/1052/1007 991/1016/971 1028/1053/1008
f 1028/1053/1008 997/1022/977 1029/1054/1009
f 1030/1055/1010 1031/1056/1011 1032/1057/1012
f 1030/1055/1010 1033/1058/1013 1034/1059/1014
f 1035/1060/1015 983/1008/963 1036/1061/1016
f 1036/1061/1016 1037/1062/1017 1038/1063/1018
f 1039/1064/1019 1040/1065/1020 1041/1066/1021
f 1041/1066/1021 1042/1067/1022 1039/1064/1019
f 1043/1068/1023 1044/1069/1024 1045/1070/1025
f 1045/1070/1025 1046/1071/1026 1043/1068/1023
f 1047/1072/1027 1048/1073/1028 1049/1074/1029
f 1049/1074/1029 1031/1056/1011 1050/1075/1030
f 1038/1063/1018 1051/1076/1031 1052/1077/1032
f 1052/1077/1032 1053/1078/1033 1054/1079/1034
f 1055/1080/1035 1056/1081/1036 1057/1082/1037
f 1056/1081/1036 1058/1083/1038 1057/1082/1037
f 1059/1084/1039 950/975/932 1060/1085/1040
f 1059/1084/1039 1061/1086/1041 1062/1087/1042
f 1063/1088/1043 1003/1028/983 1064/1089/1044
f 1003/1028/983 1065/1090/1045 1064/1089/1044
f 1066/1091/1046 1067/1092/1047 1068/1093/1048
f 1068/1093/1048 1069/1094/1049 1070/1095/1050
f 1071/1096/1051 1072/1097/1052 969/994/950
f 969/994/950 1073/1098/1053 1071/1096/1051
f 1074/1099/1054 934/959/918 951/976/933
f 951/976/933 1075/1100/1055 1074/1099/1054
f 1029/1054/1009 1066/1091/1046 1076/1101/1056
f 1077/1102/1057 1078/1103/1058 1079/1104/1059
f 1080/1105/1060 499/524/519 1081/1106/1061
f 1081/1106/1061 1082/1107/1062 1080/1105/1060
f 1034/1059/1014 1083/1108/1063 1084/1109/1060
f 1083/1108/1063 809/834/795 1084/1109/1060
f 1085/1110/1064 1008/1033/988 1086/1111/1065
f 1086/1111/1065 1007/1032/987 1087/1112/1066
f 1088/1113/1067 976/1001/957 1089/1114/1065
f 1089/1114/1065 1090/1115/1068 1091/1116/1069
f 1092/1117/1070 955/980/937 1093/1118/1071
f 1093/1118/1071 1094/1119/1072 1095/1120/1073
f 1096/1121/1074 1022/1047/1002 915/940/899
f 915/940/899 1097/1122/1075 1096/1121/1074
f 1070/1095/1050 1098/1123/1076 1099/1124/1077
f 1099/1124/1077 1100/1125/1078 1085/1110/1064
f 1091/1116/1069 1101/1126/1079 1102/1127/1080
f 1102/1127/1080 1103/1128/1081 1063/1088/1043
f 1104/1129/1082 907/932/891 1105/1130/1083
f 1106/1131/1084 1107/1132/1085 1108/1133/1086
f 1109/1134/1087 1110/1135/1088 1111/1136/1089
f 1111/1136/1089 1112/1137/1090 1109/1134/1087
f 1095/1120/1073 1113/1138/1091 1114/1139/1092
f 1114/1139/1092 1115/1140/1093 1116/1141/1094
f 1117/1142/1095 1023/1048/1003 1118/1143/1096
f 1118/1143/1096 1022/1047/1002 1119/1144/1097
f 1120/1145/1098 968/993/949 965/990/946
f 965/990/946 1121/1146/1099 1120/1145/1098
f 1122/1147/1100 936/961/920 935/960/919
f 935/960/919 1123/1148/1101 1122/1147/1100
f 1124/1149/1102 945/970/929 1125/1150/1103
f 945/970/929 1126/1151/1104 1125/1150/1103
f 1127/1152/1105 1128/1153/1106 928/953/912
f 1127/1152/1105 1129/1154/1107 1130/1155/1108
f 1131/1156/1109 1132/1157/1110 1133/1158/1111
f 1133/1158/1111 1134/1159/1112 1124/1149/1102
f 1135/1160/1113 1129/1154/1107 1136/1161/1114
f 1135/1160/1113 1137/1162/1115 1117/1142/1095
f 1138/1163/1116 1139/1164/1117 1140/1165/1118
f 1140/1165/1118 1141/1166/1119 940/965/924
f 940/965/924 1132/1157/1110 1140/1165/1118
f 1142/1167/1120 1115/1140/1093 1143/1168/1121
f 993/1018/973 585/610/595 1144/1169/1122
f 1144/1169/1122 475/500/496 1004/1029/984
f 1010/1035/990 1145/1170/1123 1146/1171/1124
f 1146/1171/1124 1147/1172/1125 994/1019/974
f 1148/1173/1126 395/420/420 394/419/419
f 1149/1174/1127 410/435/432 1150/1175/1128
f 1151/1176/1129 1152/1177/1130 1153/1178/1131
f 1153/1178/1131 1154/1179/1132 1151/1176/1129
f 1154/1179/1132 1041/1066/1021 1151/1176/1129
f 1151/1176/1129 1040/1065/1020 1155/1180/1133
f 927/952/911 1156/1181/1134 1157/1182/1135
f 1157/1182/1135 1158/1183/1136 1019/1044/999
f 1019/1044/999 1136/1161/1114 1157/1182/1135
f 1136/1161/1114 927/952/911 1157/1182/1135
f 1159/1184/1137 376/401/402 1160/1185/1138
f 1160/1185/1138 485/510/505 1161/1186/1139
f 1018/1043/998 1162/1187/1140 1163/1188/1141
f 1163/1188/1141 1164/1189/1142 1165/1190/1143
f 975/1000/956 1166/1191/1144 1167/1192/1145
f 1167/1192/1145 1168/1193/515 998/1023/978
f 1167/1192/1145 1103/1128/1081 1101/1126/1079
f 1101/1126/1079 975/1000/956 1167/1192/1145
f 538/563/553 1169/1194/1146 1170/1195/1147
f 1171/1196/1148 1172/1197/1149 1173/1198/1150
f 982/1007/962 1174/1199/555 1175/1200/1151
f 1175/1200/1151 1176/1201/556 1177/1202/1152
f 1175/1200/1151 1053/1078/1033 1051/1076/1031
f 1175/1200/1151 1037/1062/1017 982/1007/962
f 1178/1203/1153 556/581/569 555/580/568
f 555/580/568 929/954/913 1178/1203/1153
f 1179/1204/1154 1180/1205/1155 1181/1206/1156
f 1181/1206/1156 1182/1207/1157 1179/1204/1154
f 1183/1208/1158 563/588/576 1184/1209/1159
f 1185/1210/1160 902/927/886 1186/1211/1161
f 1186/1211/1161 908/933/892 1187/1212/1162
f 1188/1213/1163 1189/1214/1164 1190/1215/1165
f 1191/1216/1166 1192/1217/1167 1187/1212/1162
f 1187/1212/1162 1104/1129/1082 1191/1216/1166
f 1193/1218/1168 460/485/482 459/484/481
f 459/484/481 1194/1219/1169 1193/1218/1168
f 717/742/720 573/598/584 1195/1220/1170
f 573/598/584 970/995/951 1195/1220/1170
f 1195/1220/1170 1072/1097/1052 1056/1081/1036
f 1195/1220/1170 718/743/721 717/742/720
f 1196/1221/1171 378/403/404 368/393/396
f 368/393/396 455/480/477 1196/1221/1171
f 1196/1221/1171 460/485/482 1111/1136/1089
f 1111/1136/1089 1197/1222/1172 1196/1221/1171
f 1198/1223/1173 439/464/461 1199/1224/1174
f 1200/1225/1175 1201/1226/1176 978/1003/959
f 1200/1225/1175 984/1009/964 1202/1227/1177
f 1203/1228/1178 1204/1229/1179 1205/1230/1180
f 954/979/936 547/572/561 1206/1231/1181
f 1206/1231/1181 1207/1232/1182 1143/1168/1121
f 1143/1168/1121 1113/1138/1091 1206/1231/1181
f 1206/1231/1181 1094/1119/1072 954/979/936
f 1208/1233/94 1209/1234/1183 1210/1235/1184
f 1014/1039/994 1211/1236/1185 1212/1237/1186
f 1212/1237/1186 787/812/777 786/811/776
f 786/811/776 1083/1108/1063 1212/1237/1186
f 1213/1238/1187 1214/1239/1188 1015/1040/995
f 1215/1240/1189 1216/1241/1190 820/845/806
f 1215/1240/1189 438/463/460 500/525/520
f 1215/1240/1189 1061/1086/1041 1060/1085/1040
f 1060/1085/1040 949/974/931 1215/1240/1189
f 1217/1242/1191 150/175/180 1218/1243/1192
f 1219/1244/1193 1220/1245/1194 1221/1246/1195
f 1222/1247/1196 1223/1248/1197 1224/1249/1198
f 1225/1250/1199 1226/1251/1200 1227/1252/1201
f 1228/1253/1202 1229/1254/1203 1230/1255/1204
f 1231/1256/1205 266/291/295 1232/1257/1206
f 1233/1258/1207 1234/1259/1208 1235/1260/1209
f 1236/1261/1210 792/817/781 1237/1262/1211
f 1238/1263/1211 1239/1264/1212 1233/1258/1207
f 1240/1265/1213 1241/1266/1214 1242/1267/1215
f 1243/1268/1213 1244/1269/1216 1245/1270/1217
f 1246/1271/1218 1247/1272/1219 1248/1273/1220
f 1249/1274/1221 289/314/318 855/880/839
f 1249/1274/1221 1250/1275/1222 1251/1276/1223
f 1249/1274/1221 1252/1277/1224 798/823/787
f 798/823/787 1253/1278/1225 1249/1274/1221
f 1254/1279/1226 1255/1280/1227 78/103/108
f 78/103/108 1256/1281/1228 1254/1279/1226
f 1256/1281/1228 890/915/874 1254/1279/1226
f 1254/1279/1226 1257/1282/1229 1258/1283/1230
f 1259/1284/1231 879/904/863 1260/1285/1232
f 1260/1285/1232 1261/1286/1233 1262/1287/1234
f 1260/1285/1232 1263/1288/1235 118/143/148
f 118/143/148 1259/1284/1231 1260/1285/1232
f 1264/1289/1236 89/114/119 1265/1290/1237
f 89/114/119 1266/1291/1238 1265/1290/1237
f 1266/1291/1238 590/615/600 1265/1290/1237
f 1265/1290/1237 1267/1292/1239 1264/1289/1236
f 1268/1293/1240 259/284/288 1269/1294/1241
f 1269/1294/1241 1252/1277/1224 1251/1276/1223
f 1251/1276/1223 125/150/155 1269/1294/1241
f 125/150/155 1268/1293/1240 1269/1294/1241
f 1218/1243/1192 149/174/179 1270/1295/1242
f 1270/1295/1242 885/910/869 1271/1296/1243
f 1271/1296/1243 1272/1297/1244 1270/1295/1242
f 1273/1298/1245 1220/1245/1194 1274/1299/1246
f 1271/1296/1243 884/909/868 1275/1300/1247
f 1275/1300/1247 1276/1301/1248 1225/1250/1199
f 1225/1250/1199 1277/1302/1249 1275/1300/1247
f 1275/1300/1247 1278/1303/1250 1271/1296/1243
f 1279/1304/1251 1234/1259/1208 357/382/385
f 357/382/385 1280/1305/1252 1279/1304/1251
f 1281/1306/1252 793/818/782 1282/1307/1253
f 1282/1307/1253 792/817/781 1283/1308/1254
f 1280/1305/1252 341/366/369 1284/1309/1255
f 341/366/369 1285/1310/1219 1284/1309/1255
f 1286/1311/1255 1287/1312/1256 252/277/282
f 252/277/282 1281/1306/1252 1286/1311/1255
f 1288/1313/1257 1289/1314/1258 290/315/319
f 290/315/319 1253/1278/1225 1288/1313/1257
f 1288/1313/1257 797/822/786 217/242/247
f 217/242/247 1290/1315/1259 1288/1313/1257
f 1291/1316/1260 1292/1317/1261 1293/1318/1262
f 1237/1262/1211 1294/1319/1263 1295/1320/1264
f 1296/1321/1265 1297/1322/864 1298/1323/1266
f 1299/1324/1267 117/142/147 1300/1325/1268
f 1301/1326/1269 263/288/292 262/287/291
f 1302/1327/1270 1303/1328/289 1304/1329/1271
f 1305/1330/1272 124/149/154 1306/1331/574
f 1307/1332/1149 1079/1104/1059 1078/1103/1058
f 1308/1333/1273 1309/1334/1274 1222/1247/1196
f 1221/1246/1195 22/47/52 1310/1335/1275
f 1311/1336/1276 56/81/86 649/674/653
f 938/963/922 700/725/703 846/871/830
f 411/436/433 1312/1337/1277 1313/1338/1276
f 1314/1339/622 747/772/744 1315/1340/1278
f 416/441/438 1316/1341/751 414/439/436
f 611/636/616 753/778/748 1317/1342/1279
f 1318/1343/1280 1319/1344/1281 1320/1345/197
f 1321/1346/795 1061/1086/1041 499/524/519
f 107/132/137 1322/1347/1282 105/130/135
f 1323/1348/1283 963/988/944 1324/1349/1284
f 1324/1349/1284 1210/1235/1184 1209/1234/1183
f 1209/1234/1183 1325/1350/1285 1324/1349/1284
f 1324/1349/1284 1044/1069/1024 1323/1348/1283
f 1326/1351/1286 1327/1352/1287 1328/1353/1288
f 1329/1354/1289 1330/1355/1290 691/716/694
f 1331/1356/694 176/201/206 1332/1357/1289
f 1333/1358/1291 138/163/168 1334/1359/538
f 36/61/66 1335/1360/1292 179/204/209
f 1336/1361/1293 241/266/271 1337/1362/563
f 1338/1363/1294 1339/1364/1295 36/61/66
f 743/768/741 1340/1365/1296 275/300/304
f 275/300/304 1341/1366/1297 1342/1367/1298
f 1328/1353/1288 1343/1368/1299 1326/1351/1286
f 1344/1369/1300 1345/1370/1301 988/1013/968
f 987/1012/967 1346/1371/1302 1347/1372/1303
f 1347/1372/1303 1110/1135/1088 1348/1373/1304
f 1349/1374/1305 1350/1375/1306 1344/1369/1300
f 1323/1348/1283 1351/1376/1307 1352/1377/1308
f 1353/1378/1309 1354/1379/1310 1355/1380/1311
f 1356/1381/1312 1357/1382/1313 1358/1383/1314
f 1352/1377/1308 964/989/945 1323/1348/1283
f 16/41/46 560/585/573 1359/1384/1315
f 1360/1385/1316 1361/1386/1317 1362/1387/1318
f 1360/1385/1316 1363/1388/1319 1364/1389/1320
f 1365/1390/1321 509/534/528 363/388/391
f 1366/1391/1322 779/804/578 1367/1392/1323
f 1368/1393/1324 781/806/772 1369/1394/925
f 564/589/577 353/378/381 1370/1395/1325
f 1371/1396/1326 1372/1397/306 1373/1398/1327
f 1374/1399/1328 1267/1292/1239 14/39/44
f 367/392/395 1375/1400/1329 1376/1401/357
f 1301/1326/1269 1169/1194/1146 537/562/552
f 1374/1399/1328 1377/1402/1330 1264/1289/1236
f 726/751/726 1320/1345/197 725/750/725
f 695/720/698 860/885/844 1378/1403/1331
f 1379/1404/698 204/229/234 678/703/682
f 671/696/675 1380/1405/1332 1381/1406/1333
f 1381/1406/1333 1382/1407/1334 1383/1408/1335
f 1384/1409/1336 1385/1410/1337 1386/1411/1338
f 1387/1412/1339 1388/1413/1340 1389/1414/1341
f 1389/1414/1341 1390/1415/1342 1387/1412/1339
f 1386/1411/1338 1391/1416/1343 1384/1409/1336
f 1392/1417/1344 1393/1418/1345 1394/1419/1346
f 1394/1419/1346 833/858/817 1366/1391/1322
f 1370/1395/1325 351/376/379 1395/1420/1347
f 1395/1420/1347 1396/1421/1348 1397/1422/1349
f 1398/1423/1350 1399/1424/1351 1400/1425/1352
f 1400/1425/1352 1234/1259/1208 1239/1264/1212
f 1400/1425/1352 1401/1426/1261 1402/1427/1353
f 1402/1427/1353 1398/1423/1350 1400/1425/1352
f 1403/1428/1354 1276/1301/1248 883/908/867
f 883/908/867 1404/1429/1355 1403/1428/1354
f 1405/1430/1354 1406/1431/1356 1407/1432/1357
f 1407/1432/1357 1408/1433/1200 1405/1430/1354
f 1409/1434/1358 866/891/850 198/223/228
f 198/223/228 1410/1435/1331 1409/1434/1358
f 1378/1403/1331 858/883/842 1411/1436/1359
f 1411/1436/1359 1412/1437/1360 1413/1438/1361
f 1414/1439/1362 1309/1334/1274 322/347/350
f 1415/1440/1363 1416/1441/1364 1417/1442/1365
f 1417/1442/1365 892/917/876 144/169/174
f 144/169/174 1418/1443/1366 1417/1442/1365
f 1419/1444/1367 1420/1445/1368 1421/1446/87
f 1421/1446/87 1312/1337/1277 1419/1444/1367
f 1419/1444/1367 730/755/730 530/555/547
f 530/555/547 1422/1447/1369 1419/1444/1367
f 1423/1448/1370 1241/1266/1214 874/899/858
f 1423/1448/1370 873/898/857 1392/1417/1344
f 1397/1422/1349 1424/1449/1371 1425/1450/1372
f 1425/1450/1372 1244/1269/1216 1426/1451/1373
f 1427/1452/1374 1361/1386/1317 1428/1453/1375
f 1428/1453/1375 1398/1423/1350 1427/1452/1374
f 1427/1452/1374 1429/1454/90 1430/1455/1376
f 1430/1455/1376 1362/1387/1318 1427/1452/1374
f 1431/1456/1377 882/907/866 867/892/851
f 867/892/851 1432/1457/1378 1431/1456/1377
f 1413/1438/1361 1433/1458/1379 1434/1459/1377
f 1434/1459/1377 1406/1431/1356 1435/1460/1355
f 1436/1461/1380 1437/1462/349 1438/1463/884
f 1438/1463/884 1422/1447/1369 1436/1461/1380
f 1436/1461/1380 529/554/546 893/918/877
f 893/918/877 1416/1441/1364 1436/1461/1380
f 1439/1464/1381 937/962/921 1440/1465/1382
f 1441/1466/1383 1355/1380/1311 1442/1467/1384
f 1442/1467/1384 1354/1379/1310 1154/1179/1132
f 1442/1467/1384 1443/1468/1385 1444/1469/1381
f 1445/1470/1386 1446/1471/1387 1371/1396/1326
f 1447/1472/1388 454/479/476 453/478/475
f 1013/1038/993 1448/1473/1389 1211/1236/1185
f 1449/1474/1390 336/361/364 1450/1475/1391
f 1451/1476/1392 1452/1477/1393 1453/1478/1394
f 919/944/903 1454/1479/1395 377/402/403
f 836/861/820 1455/1480/1396 1456/1481/1397
f 1456/1481/1397 1345/1370/1301 1350/1375/1306
f 1456/1481/1397 1457/1482/1398 906/931/890
f 906/931/890 836/861/820 1456/1481/1397
f 1458/1483/1399 986/1011/966 920/945/904
f 920/945/904 377/402/403 1458/1483/1399
f 377/402/403 1197/1222/1172 1458/1483/1399
f 1458/1483/1399 1110/1135/1088 1346/1371/1302
f 1459/1484/1400 1460/1485/1401 1171/1196/1148
f 1170/1195/1147 1461/1486/1402 1462/1487/1403
f 1461/1486/1402 1463/1488/1404 1462/1487/1403
f 1459/1484/1400 1464/1489/1405 1465/1490/1406
f 1466/1491/1407 1388/1413/1340 458/483/480
f 458/483/480 372/397/398 1466/1491/1407
f 372/397/398 1467/1492/1408 1466/1491/1407
f 1466/1491/1407 1468/1493/1409 1389/1414/1341
f 1469/1494/1410 1470/1495/254 1471/1496/1411
f 1471/1496/1411 1472/1497/1412 1473/1498/1413
f 1473/1498/1413 209/234/239 1471/1496/1411
f 209/234/239 1469/1494/1410 1471/1496/1411
f 1474/1499/1414 1475/1500/1415 1476/1501/1416
f 1476/1501/1416 1469/1494/1410 1474/1499/1414
f 1474/1499/1414 856/881/840 286/311/315
f 286/311/315 1477/1502/1417 1474/1499/1414
f 1473/1498/1413 1478/1503/1418 1479/1504/1419
f 1479/1504/1419 1480/1505/1420 1481/1506/1421
f 1481/1506/1421 220/245/250 1479/1504/1419
f 1479/1504/1419 210/235/240 1473/1498/1413
f 1482/1507/1422 1480/1505/1420 1483/1508/1423
f 1482/1507/1422 1484/1509/1424 1485/1510/1425
f 1485/1510/1425 424/449/446 1482/1507/1422
f 1482/1507/1422 426/451/448 1481/1506/1421
f 1486/1511/1426 1487/1512/1427 1488/1513/1428
f 1488/1513/1428 1489/1514/1429 1490/1515/1430
f 1490/1515/1430 1491/1516/1431 1488/1513/1428
f 1488/1513/1428 1492/1517/1432 1486/1511/1426
f 1493/1518/1433 1486/1511/1426 1494/1519/1434
f 1494/1519/1434 1492/1517/1432 1495/1520/1435
f 1495/1520/1435 1496/1521/1436 1494/1519/1434
f 1494/1519/1434 1497/1522/1437 1493/1518/1433
f 1498/1523/1438 1499/1524/1439 1500/1525/1440
f 1500/1525/1440 1501/1526/1441 1502/1527/1442
f 1502/1527/1442 1503/1528/1443 1500/1525/1440
f 1500/1525/1440 1504/1529/1444 1498/1523/1438
f 1505/1530/1445 1506/1531/1446 1507/1532/1416
f 1507/1532/1416 1508/1533/1447 1505/1530/1445
f 1508/1533/1447 1509/1534/1448 1505/1530/1445
f 1505/1530/1445 1510/1535/1449 1511/1536/1450
f 1512/1537/1451 1487/1512/1427 1513/1538/1452
f 1513/1538/1452 1514/1539/1453 1515/1540/1454
f 1515/1540/1454 1516/1541/1455 1513/1538/1452
f 1516/1541/1455 1512/1537/1451 1513/1538/1452
f 1517/1542/1456 1518/1543/1457 1490/1515/1430
f 1490/1515/1430 1512/1537/1451 1517/1542/1456
f 1512/1537/1451 1519/1544/1458 1517/1542/1456
f 1517/1542/1456 1520/1545/1459 1521/1546/1460
f 1522/1547/1461 1514/1539/1453 1493/1518/1433
f 1493/1518/1433 1523/1548/1462 1522/1547/1461
f 1523/1548/1462 1524/1549/1463 1522/1547/1461
f 1524/1549/1463 1515/1540/1454 1522/1547/1461
f 1523/1548/1462 1496/1521/1436 1525/1550/1464
f 1525/1550/1464 1526/1551/1465 1527/1552/1466
f 1525/1550/1464 1528/1553/1467 1529/1554/1468
f 1529/1554/1468 1523/1548/1462 1525/1550/1464
f 1530/1555/1469 1531/1556/1470 1532/1557/1471
f 1531/1556/1470 1533/1558/1472 1532/1557/1471
f 1532/1557/1471 1534/1559/1473 1535/1560/1474
f 1532/1557/1471 1536/1561/1475 1530/1555/1469
f 1537/1562/1476 1538/1563/1477 1539/1564/1478
f 1539/1564/1478 1540/1565/1479 1537/1562/1476
f 1537/1562/1476 1541/1566/1480 1542/1567/1481
f 1542/1567/1481 1543/1568/1482 1537/1562/1476
f 1544/1569/1483 1545/1570/1484 1546/1571/1485
f 1546/1571/1485 1547/1572/1486 1544/1569/1483
f 1544/1569/1483 1548/1573/1487 1549/1574/1488
f 1549/1574/1488 1550/1575/1489 1544/1569/1483
f 1551/1576/1490 1552/1577/1491 1531/1556/1470
f 1551/1576/1490 1553/1578/1492 1554/1579/1493
f 1554/1579/1493 1555/1580/1494 1551/1576/1490
f 1551/1576/1490 1556/1581/1495 1557/1582/1496
f 1558/1583/1497 1559/1584/1498 1560/1585/1499
f 1560/1585/1499 1561/1586/1500 223/248/253
f 1560/1585/1499 1562/1587/1491 1563/1588/1501
f 1563/1588/1501 1558/1583/1497 1560/1585/1499
f 1564/1589/1502 1565/1590/1503 1566/1591/1504
f 1566/1591/1504 1567/1592/1505 1568/1593/1506
f 1568/1593/1506 1509/1534/1448 1566/1591/1504
f 1566/1591/1504 1569/1594/1507 1564/1589/1502
f 1570/1595/1508 1571/1596/1509 1572/1597/1510
f 1572/1597/1510 1573/1598/1477 1570/1595/1508
f 1570/1595/1508 1574/1599/1511 1549/1574/1488
f 1549/1574/1488 1575/1600/1512 1570/1595/1508
f 1576/1601/1513 1534/1559/1473 1577/1602/1514
f 1577/1602/1514 1578/1603/1515 1576/1601/1513
f 1576/1601/1513 1579/1604/1516 1563/1588/1501
f 1563/1588/1501 1580/1605/1472 1576/1601/1513
f 1581/1606/1517 1535/1560/1474 1582/1607/1518
f 1535/1560/1474 1580/1605/1472 1582/1607/1518
f 1582/1607/1518 1562/1587/1491 227/252/257
f 1582/1607/1518 1583/1608/1519 1581/1606/1517
f 1584/1609/1520 1585/1610/1521 1586/1611/1522
f 1586/1611/1522 1557/1582/1496 1584/1609/1520
f 1584/1609/1520 1556/1581/1495 1587/1612/1463
f 1587/1612/1463 1588/1613/1523 1584/1609/1520
f 1589/1614/1524 1552/1577/1491 1586/1611/1522
f 1586/1611/1522 1590/1615/1525 1589/1614/1524
f 1589/1614/1524 1591/1616/1526 1577/1602/1514
f 1577/1602/1514 1533/1558/1472 1589/1614/1524
f 1592/1617/1527 1593/1618/1528 1539/1564/1478
f 1539/1564/1478 1594/1619/1529 1592/1617/1527
f 1592/1617/1527 1595/1620/1529 1572/1597/1510
f 1572/1597/1510 1596/1621/1530 1592/1617/1527
f 1597/1622/1531 1499/1524/1439 1598/1623/1532
f 1598/1623/1532 1599/1624/1533 1600/1625/1534
f 1600/1625/1534 1565/1590/1503 1598/1623/1532
f 1598/1623/1532 1601/1626/1502 1597/1622/1531
f 1602/1627/1535 77/102/107 1603/1628/1536
f 477/502/497 596/621/604 598/623/606
f 1602/1627/1535 887/912/871 1256/1281/1228
f 1216/1241/1190 1604/1629/1537 820/845/806
f 1605/1630/1538 88/113/118 1606/1631/1539
f 1605/1630/1538 587/612/597 1266/1291/1238
f 536/561/551 1607/1632/1540 511/536/530
f 1608/1633/1541 1609/1634/1542 1610/1635/1543
f 1611/1636/1544 1612/1637/1545 1613/1638/1546
f 1614/1639/409 826/851/810 825/850/809
f 1097/1122/1075 1615/1640/1547 1616/1641/1548
f 898/923/882 1617/1642/1549 1618/1643/1550
f 1619/1644/1551 1092/1117/1070 1620/1645/1552
f 93/118/123 379/404/405 90/115/120
f 913/938/897 829/854/813 828/853/812
f 1621/1646/1553 739/764/738 861/886/845
f 1622/1647/1554 959/984/940 1623/1648/1555
f 828/853/812 914/939/898 913/938/897
f 1624/1649/1556 1625/1650/1557 897/922/881
f 897/922/881 1626/1651/50 1624/1649/1556
f 739/764/738 1627/1652/1558 1628/1653/1559
f 1628/1653/1559 1629/1654/160 471/496/492
f 1630/1655/1560 1173/1198/1150 1172/1197/1149
f 1631/1656/1561 327/352/355 328/353/356
f 1632/1657/1562 910/935/894 464/489/485
f 1633/1658/1563 1634/1659/1564 588/613/598
f 588/613/598 1635/1660/1565 1633/1658/1563
f 474/499/495 1636/1661/1566 473/498/494
f 1637/1662/98 1638/1663/1567 683/708/687
f 112/137/142 641/666/645 1639/1664/1568
f 1640/1665/1569 848/873/832 850/875/834
f 1641/1666/1570 80/105/110 83/108/113
f 1642/1667/1571 1643/1668/1572 1644/1669/1573
f 1645/1670/1574 1646/1671/1575 1647/1672/1576
f 642/667/646 1648/1673/1577 640/665/639
f 1649/1674/1578 1650/1675/1579 508/533/527
f 924/949/908 1/26/31 922/947/906
f 1651/1676/1580 1652/1677/414 1653/1678/1581
f 279/304/308 1654/1679/1582 277/302/306
f 1655/1680/1583 158/183/188 1336/1361/1293
f 1656/1681/1584 267/292/296 270/295/299
f 263/288/292 1657/1682/1585 261/286/290
f 261/286/290 91/116/121 1658/1683/1586
f 1603/1628/1536 76/101/106 1659/1684/1587
f 1659/1684/1587 1625/1650/1557 1660/1685/1588
f 562/587/575 794/819/783 250/275/280
f 243/268/273 652/677/656 1661/1686/1589
f 1300/1325/1268 115/140/145 1662/1687/1584
f 1662/1687/1584 1663/1688/1590 1664/1689/1591
f 1306/1331/574 122/147/152 1665/1690/575
f 1665/1690/575 1634/1659/1564 1666/1691/1592
f 1667/1692/1593 480/505/500 1668/1693/1594
f 1669/1694/1595 381/406/407 1670/1695/1546
f 1606/1631/1539 87/112/117 1669/1694/1595
f 184/209/214 1671/1696/1596 1672/1697/1597
f 59/84/89 1673/1698/1598 1612/1637/1545
f 1672/1697/1597 896/921/880 184/209/214
f 1674/1699/1599 1663/1688/1590 888/913/872
f 888/913/872 1675/1700/278 1674/1699/1599
f 1676/1701/1600 1406/1431/1356 1677/1702/1601
f 1641/1666/1570 1407/1432/1357 1676/1701/1600
f 379/404/405 1396/1421/1348 350/375/378
f 1647/1672/1576 642/667/646 641/666/645
f 1678/1703/1602 1424/1449/1371 379/404/405
f 246/271/276 1679/1704/1603 244/269/274
f 1342/1367/1298 1645/1670/1574 819/844/805
f 1295/1320/1264 1680/1705/1565 1681/1706/1604
f 1682/1707/1389 395/420/420 1683/1708/1605
f 1684/1709/1606 1363/1388/1319 1430/1455/1376
f 1685/1710/1607 1611/1636/1544 1686/1711/1608
f 1677/1702/1601 1433/1458/1379 1636/1661/1566
f 1636/1661/1566 1412/1437/1360 857/882/841
f 80/105/110 1677/1702/1601 474/499/495
f 62/87/92 1687/1712/1609 1673/1698/1598
f 1158/1183/1136 1688/1713/1583 1020/1045/1000
f 1628/1653/1559 861/886/845 739/764/738
f 656/681/660 1640/1665/1569 850/875/834
f 1689/1714/1610 1690/1715/1611 1691/1716/1612
f 1692/1717/1613 1647/1672/1576 641/666/645
f 861/886/845 697/722/700 1621/1646/1553
f 401/426/424 1693/1718/664 719/744/200
f 742/767/740 1694/1719/1614 1340/1365/1296
f 262/287/291 1695/1720/1615 1301/1326/1269
f 1623/1648/1555 838/863/822 1622/1647/1554
f 989/1014/969 1455/1480/1396 1623/1648/1555
f 1696/1721/1616 1697/1722/1617 1698/1723/1618
f 1294/1319/1263 302/327/330 1680/1705/1565
f 1699/1724/1619 1467/1492/1408 1696/1721/1616
f 1700/1725/1620 1468/1493/1409 1699/1724/1619
f 320/345/348 1701/1726/1536 1702/1727/1621
f 1307/1332/1149 1703/1728/1622 1704/1729/1620
f 1230/1255/1204 1641/1666/1570 1705/1730/1623
f 267/292/296 1706/1731/1624 1707/1732/1625
f 1245/1270/1217 1678/1703/1602 1708/1733/1626
f 1709/1734/1627 1287/1312/1256 1246/1271/1218
f 851/876/835 1710/1735/1628 98/123/128
f 1616/1641/1548 921/946/905 985/1010/965
f 901/926/885 1702/1727/1621 1617/1642/1549
f 1613/1638/1546 1686/1711/1608 1611/1636/1544
f 1692/1717/1613 819/844/805 1645/1670/1574
f 1711/1736/1629 1712/1737/1630 769/794/436
f 180/205/210 1713/1738/666 174/199/204
f 1317/1342/1279 701/726/704 611/636/616
f 93/118/123 1708/1733/1626 1678/1703/1602
f 1714/1739/1631 1715/1740/1632 1716/1741/1633
f 3/28/33 922/947/906 1/26/31
f 1717/1742/1634 650/675/654 539/564/554
f 471/496/492 859/884/843 1628/1653/1559
f 323/348/351 1718/1743/1535 1701/1726/1536
f 1696/1721/1616 1029/1054/1009 1699/1724/1619
f 1719/1744/1635 1720/1745/1636 1721/1746/1637
f 1722/1747/1638 281/306/310 1723/1748/594
f 1621/1646/1553 1668/1693/1594 737/762/736
f 375/400/401 7/32/37 1724/1749/1639
f 26/51/56 249/274/279 24/49/54
f 1725/1750/1640 1726/1751/1641 1727/1752/1642
f 1725/1750/1640 1728/1753/1643 1729/1754/1644
f 1730/1755/629 157/182/187 1731/1756/1645
f 989/1014/969 1620/1645/1552 990/1015/970
f 58/83/88 1618/1643/1550 20/45/50
f 253/278/283 1732/1757/1646 561/586/574
f 248/273/278 1310/1335/1275 22/47/52
f 1653/1678/1581 1733/1758/1647 1651/1676/1580
f 844/869/828 819/844/805 758/783/753
f 1734/1759/1648 961/986/942 1735/1760/1649
f 1736/1761/1650 679/704/683 708/733/711
f 1737/1762/1651 745/770/743 1738/1763/1652
f 1739/1764/1653 1740/1765/644 1741/1766/1654
f 1742/1767/1655 1743/1768/650 766/791/759
f 265/290/294 1744/1769/1656 26/51/56
f 1615/1640/1547 918/943/902 921/946/905
f 1745/1770/1657 1393/1418/1345 1746/1771/1658
f 1746/1771/1658 873/898/857 872/897/856
f 872/897/856 1747/1772/1659 1746/1771/1658
f 1746/1771/1658 1748/1773/1660 1745/1770/1657
f 1749/1774/1661 1750/1775/1662 1751/1776/1663
f 1751/1776/1663 1752/1777/1664 1749/1774/1661
f 1752/1777/1664 447/472/469 1749/1774/1661
f 447/472/469 1753/1778/1665 1749/1774/1661
f 1754/1779/1666 1428/1453/1375 1755/1780/1667
f 1428/1453/1375 1752/1777/1664 1755/1780/1667
f 1755/1780/1667 1756/1781/1668 1757/1782/1669
f 1755/1780/1667 1758/1783/1670 1754/1779/1666
f 358/383/386 1399/1424/1351 1759/1784/1671
f 1759/1784/1671 1760/1785/1672 1754/1779/1666
f 1754/1779/1666 1761/1786/1673 1759/1784/1671
f 1759/1784/1671 355/380/383 358/383/386
f 1762/1787/1674 446/471/468 834/859/818
f 834/859/818 1745/1770/1657 1762/1787/1674
f 1762/1787/1674 1748/1773/1660 1763/1788/1675
f 1763/1788/1675 1753/1778/1665 1762/1787/1674
f 1767/1789/1676 1768/1790/1677 1769/1791/1678
f 1770/1792/1679 1771/1793/1680 1772/1794/1681
f 1773/1795/1682 1774/1796/1683 1775/1797/1684
f 1776/1798/1680 1773/1795/1682 1775/1797/1684
f 1777/1799/1685 1778/1800/1686 1779/1801/1687
f 1774/1796/1683 1780/1802/1688 1781/1803/1689
f 1768/1790/1677 1782/1804/1690 1769/1791/1678
f 1783/1805/1691 1784/1806/1692 1785/1807/1693
f 1783/1805/1691 1772/1794/1681 1786/1808/1694
f 1787/1809/1695 1757/1782/1669 1788/1810/1691
f 1757/1782/1669 1789/1811/1696 1788/1810/1691
f 1790/1812/1697 1775/1797/1684 1774/1796/1683
f 1790/1812/1697 1781/1803/1689 1791/1813/1698
f 1792/1814/1699 1793/1815/1700 356/381/384
f 356/381/384 1794/1816/1701 1792/1814/1699
f 1795/1817/1702 1769/1791/1678 1782/1804/1690
f 1795/1817/1702 1779/1801/1687 1796/1818/1703
f 1797/1819/1704 1798/1820/1705 871/896/855
f 871/896/855 1799/1821/1706 1797/1819/1704
f 1800/1822/1707 1801/1823/1708 1802/1824/1709
f 1800/1822/1707 1803/1825/1710 1804/1826/1711
f 1805/1827/1712 1750/1775/1662 1763/1788/1675
f 1763/1788/1675 1806/1828/1713 1805/1827/1712
f 1807/1829/1714 1779/1801/1687 1778/1800/1686
f 1808/1830/1715 1801/1823/1708 1809/1831/1716
f 1806/1828/1713 1747/1772/1659 1810/1832/1717
f 1810/1832/1717 1798/1820/1705 1811/1833/1718
f 1812/1834/1719 1781/1803/1689 1813/1835/1720
f 1814/1836/1721 1769/1791/1678 1815/1837/1706
f 1816/1838/1722 870/895/854 338/363/366
f 338/363/366 1817/1839/1723 1816/1838/1722
f 1818/1840/1724 1819/1841/1725 1820/1842/1726
f 1818/1840/1724 1821/1843/1727 1794/1816/1701
f 1794/1816/1701 1761/1786/1673 1818/1840/1724
f 1818/1840/1724 1758/1783/1670 1787/1809/1695
f 1822/1844/1728 1803/1825/1710 1823/1845/1729
f 1824/1846/1730 1784/1806/1692 1825/1847/1731
f 1826/1848/1728 1756/1781/1668 1751/1776/1663
f 1751/1776/1663 1827/1849/1732 1826/1848/1728
f 1802/1824/1709 1828/1850/1733 1803/1825/1710
f 1770/1792/1679 1785/1807/1693 1829/1851/1734
f 1777/1799/1685 1782/1804/1690 1830/1852/1735
f 1831/1853/1736 1802/1824/1709 1801/1823/1708
f 1832/1854/1737 1785/1807/1693 1784/1806/1692
f 1831/1853/1736 1833/1855/1738 1834/1856/1739
f 1780/1802/1688 1813/1835/1720 1781/1803/1689
f 1828/1850/1733 1823/1845/1729 1803/1825/1710
f 1835/1857/1740 1829/1851/1734 1836/1858/13
f 1829/1851/1734 1837/1859/1741 1836/1858/13
f 1838/1860/1742 1839/1861/1743 1840/1862/1744
f 1839/1861/1743 1841/1863/1745 1840/1862/1744
f 1842/1864/11 1830/1852/1735 1843/1865/1740
f 1830/1852/1735 1844/1866/1742 1843/1865/1740
f 1845/1867/1742 1846/1868/1746 1847/1869/1740
f 1846/1868/1746 1848/1870/1741 1847/1869/1740
f 1848/1870/1741 1834/1856/1739 1849/1871/1747
f 1850/1872/1748 1842/1864/11 1851/1873/1
f 1844/1866/1742 1852/1874/1749 1853/1875/1740
f 1854/1876/1749 1838/1860/1742 1855/1877/1750
f 1856/1878/1740 1857/1879/1751 1766/3/1745
f 1857/1879/1751 1858/7/11 1766/3/1745
f 1837/1859/1741 1859/1880/1752 1860/1881/12
f 1861/1882/1752 1845/1867/1742 1862/1883/1753
f 1863/1884/1754 393/418/418 1682/1707/1389
f 399/424/423 63/88/93 65/90/95
f 1864/1885/1755 1865/1886/1573 1866/1887/1756
f 1866/1887/1756 5/30/35 1715/1740/1632
f 1867/1888/1757 782/807/773 327/352/355
f 468/493/489 1868/1889/1758 1869/1890/1759
f 1869/1890/1759 1870/1891/1760 468/493/489
f 1871/1892/1761 324/349/352 1872/1893/1762
f 1873/1894/1763 1874/1895/1764 1875/1896/1765
f 1875/1896/1765 1876/1897/1766 1873/1894/1763
f 37/62/67 179/204/209 785/810/397
f 70/95/100 33/58/63 1711/1736/1629
f 1711/1736/1629 1877/1898/1767 70/95/100
f 29/54/59 1878/1899/1768 151/176/181
f 1879/1900/1769 1880/1901/1770 1881/1902/1771
f 278/303/307 849/874/833 279/304/308
f 849/874/833 315/340/343 279/304/308
f 1882/1903/1772 1883/1904/1773 1884/1905/1774
f 1880/1901/1770 104/129/134 1881/1902/1771
f 1881/1902/1771 1885/1906/1775 278/303/307
f 1886/1907/1776 1887/1908/1777 675/700/679
f 1888/1909/1778 1889/1910/1779 1890/1911/1780
f 1890/1911/1780 1891/1912/1781 1892/1913/1782
f 1893/1914/1783 1894/1915/1784 1895/1916/1785
f 1896/1917/1786 1897/1918/1787 1898/1919/1788
f 1894/1915/1784 1899/1920/1789 1900/1921/1790
f 1900/1921/1790 1901/1922/1791 1902/1923/1792
f 271/296/300 1903/1924/1793 916/941/900
f 1904/1925/1794 1905/1926/579 384/409/410
f 1906/1927/1795 765/790/758 306/331/334
f 306/331/334 1728/1753/1643 488/513/508
f 1907/1928/1796 1908/1929/1797 1909/1930/1798
f 1909/1930/1798 1910/1931/1799 1907/1928/1796
f 1907/1928/1796 1911/1932/1800 1912/1933/1801
f 1912/1933/1801 1913/1934/1802 1907/1928/1796
f 1914/1935/1803 1915/1936/1804 1916/1937/1805
f 1916/1937/1805 1917/1938/1806 1918/1939/1807
f 1919/1940/1808 1920/1941/1809 1921/1942/1810
f 1920/1941/1809 1922/1943/1811 1921/1942/1810
f 1921/1942/1810 1923/1944/1812 1924/1945/1813
f 1924/1945/1813 1919/1940/1808 1921/1942/1810
f 1925/1946/510 1884/1905/1774 1883/1904/1773
f 1926/1947/1814 1927/1948/1815 1928/1949/1816
f 1928/1949/1816 1929/1950/1817 1930/1951/1818
f 1931/1952/212 1932/1953/1819 1933/1954/1820
f 1933/1954/1820 1934/1955/213 1931/1952/212
f 1935/1956/1821 1936/1957/135 1937/1958/1282
f 678/703/682 1938/1959/716 1379/1404/698
f 1939/1960/1822 1940/1961/748 1941/1962/1823
f 1728/1753/1643 767/792/760 1729/1754/1644
f 1942/1963/1824 233/258/263 1329/1354/1289
f 1943/1964/1825 747/772/744 749/774/746
f 1944/1965/1826 1945/1966/1827 1946/1967/1828
f 1946/1967/1828 1947/1968/1829 1948/1969/1830
f 1948/1969/1830 1949/1970/1831 1946/1967/1828
f 1946/1967/1828 1950/1971/1832 1944/1965/1826
f 1951/1972/1833 1952/1973/1834 1953/1974/1835
f 1952/1973/1834 1954/1975/1836 1953/1974/1835
f 1954/1975/1836 1955/1976/1837 1953/1974/1835
f 1953/1974/1835 1956/1977/1838 1951/1972/1833
f 1957/1978/1839 1958/1979/1840 1959/1980/1841
f 1959/1980/1841 1960/1981/1842 1961/1982/1843
f 1961/1982/1843 1962/1983/1844 1959/1980/1841
f 1959/1980/1841 1963/1984/1845 1957/1978/1839
f 1723/1748/594 30/55/60 1964/1985/1846
f 1881/1902/1771 1965/1986/1387 1879/1900/1769
f 228/253/258 1966/1987/1847 1315/1340/1278
f 1315/1340/1278 1967/1988/1848 228/253/258
f 1968/1989/1849 1969/1990/1850 1970/1991/1851
f 1970/1991/1851 1971/1992/1852 1972/1993/1853
f 1972/1993/1853 1973/1994/1854 1970/1991/1851
f 1970/1991/1851 1974/1995/1855 1968/1989/1849
f 1337/1362/563 243/268/273 406/431/428
f 66/91/96 1975/1996/1856 175/200/205
f 8/33/38 726/751/726 690/715/693
f 690/715/693 1976/1997/1857 8/33/38
f 1977/1998/1858 1978/1999/1859 648/673/652
f 1979/2000/1860 1980/2001/749 1939/1960/1822
f 169/194/199 1981/2002/725 167/192/197
f 648/673/652 1982/2003/1861 1977/1998/1858
f 1651/1676/1580 1935/1956/1821 1983/2004/1862
f 1983/2004/1862 245/270/275 1651/1676/1580
f 1964/1985/1846 32/57/62 134/159/164
f 1984/2005/1856 295/320/323 196/221/226
f 495/520/515 492/517/512 1985/2006/979
f 1986/2007/1863 1987/2008/1864 1988/2009/1865
f 1988/2009/1865 1989/2010/1866 1990/2011/1867
f 1990/2011/1867 1991/2012/1868 1988/2009/1865
f 1988/2009/1865 1992/2013/1869 1986/2007/1863
f 1326/1351/1286 1993/2014/1870 1994/2015/1871
f 1326/1351/1286 1995/2016/1571 1864/1885/1755
f 1996/2017/1872 1997/2018/1873 1998/2019/1874
f 1998/2019/1874 1999/2020/1875 2000/2021/1876
f 2000/2021/1876 2001/2022/1877 1998/2019/1874
f 1998/2019/1874 2002/2023/1878 1996/2017/1872
f 2003/2024/1879 2004/2025/1880 2005/2026/1881
f 2003/2024/1879 2006/2027/1882 2007/2028/1883
f 2007/2028/1883 2008/2029/1884 2003/2024/1879
f 2008/2029/1884 2009/2030/1885 2003/2024/1879
f 2010/2031/1886 2011/2032/1887 2012/2033/1888
f 2012/2033/1888 2013/2034/1889 2010/2031/1886
f 2010/2031/1886 216/241/246 215/240/245
f 215/240/245 2014/2035/1890 2010/2031/1886
f 2015/2036/1891 2004/2025/1880 2016/2037/1892
f 2016/2037/1892 842/867/826 2015/2036/1891
f 842/867/826 2017/2038/1893 2015/2036/1891
f 2017/2038/1893 2005/2026/1881 2015/2036/1891
f 2018/2039/1894 2019/2040/1895 2020/2041/1896
f 2020/2041/1896 2021/2042/1897 2022/2043/1898
f 2022/2043/1898 2023/2044/1899 2020/2041/1896
f 2023/2044/1899 2018/2039/1894 2020/2041/1896
f 48/73/78 2024/2045/1900 46/71/76
f 352/377/380 1658/1683/1586 350/375/378
f 1878/1899/1768 2025/2046/1901 152/177/182
f 152/177/182 102/127/132 1880/1901/1770
f 2026/2047/1902 2027/2048/1903 2028/2049/1904
f 2028/2049/1904 1920/1941/1809 2026/2047/1902
f 2026/2047/1902 2029/2050/1905 2030/2051/1906
f 2030/2051/1906 2031/2052/1907 2026/2047/1902
f 3/28/33 2032/2053/1908 1318/1343/1280
f 1318/1343/1280 38/63/68 3/28/33
f 2033/2054/421 156/181/186 1655/1680/1583
f 2034/2055/1909 2035/2056/1910 2036/2057/1911
f 2036/2057/1911 2037/2058/1912 2038/2059/1913
f 2039/2060/1914 2040/2061/1915 2041/2062/1916
f 2042/2063/1917 2043/2064/1918 2044/2065/1919
f 2044/2065/1919 2045/2066/1920 2046/2067/1921
f 2046/2067/1921 2047/2068/1922 2044/2065/1919
f 2044/2065/1919 2048/2069/1923 2042/2063/1917
f 2036/2057/1911 2049/2070/1924 2034/2055/1909
f 2050/2071/1925 2051/2072/1926 2052/2073/1927
f 2052/2073/1927 2053/2074/1928 2050/2071/1925
f 230/255/260 2054/2075/1929 228/253/258
f 1714/1739/1631 1864/1885/1755 1866/1887/1756
f 1883/1904/1773 702/727/705 2055/2076/1930
f 452/477/474 2056/2077/1931 2057/2078/1932
f 486/511/506 195/220/225 2058/2079/1754
f 2059/2080/1933 817/842/803 2060/2081/1934
f 2061/2082/1935 768/793/761 755/780/750
f 755/780/750 2054/2075/1929 2061/2082/1935
f 2062/2083/1936 2063/2084/1937 2064/2085/1938
f 2064/2085/1938 292/317/321 291/316/320
f 291/316/320 2065/2086/1939 2064/2085/1938
f 2064/2085/1938 2066/2087/1940 2062/2083/1936
f 100/125/130 1906/1927/1795 303/328/331
f 743/768/741 2067/2088/602 741/766/297
f 303/328/331 101/126/131 100/125/130
f 1334/1359/538 140/165/170 1722/1747/1638
f 2068/2089/1941 2069/2090/1942 2070/2091/1943
f 2071/2092/1944 2072/2093/1945 2073/2094/1946
f 720/745/697 1148/1173/1126 394/419/419
f 2074/2095/1947 2075/2096/1948 2076/2097/1949
f 2040/2061/1915 2077/2098/1950 2078/2099/1951
f 2078/2099/1951 2079/2100/1952 2080/2101/1953
f 2081/2102/1954 2082/2103/1955 283/308/312
f 1375/1400/1329 2028/2049/1904 2083/2104/358
f 2083/2104/358 2027/2048/1903 2084/2105/542
f 2085/2106/372 2086/2107/1956 2087/2108/1957
f 2085/2106/372 333/358/361 2088/2109/1958
f 2089/2110/1959 308/333/336 761/786/756
f 2090/2111/1960 2091/2112/1961 2092/2113/1962
f 2092/2113/1962 2093/2114/1963 2094/2115/1964
f 2094/2115/1964 2095/2116/1965 2092/2113/1962
f 2095/2116/1965 2090/2111/1960 2092/2113/1962
f 2096/2117/1966 1360/1385/1316 2097/2118/1967
f 318/343/346 2098/2119/1968 2099/2120/1969
f 2099/2120/1969 319/344/347 318/343/346
f 1374/1399/1328 2100/2121/1970 2101/2122/1381
f 2102/2123/1971 2103/2124/1972 2104/2125/1973
f 2104/2125/1973 2105/2126/1974 2102/2123/1971
f 2106/2127/1975 2107/2128/1976 2108/2129/1977
f 2108/2129/1977 2109/2130/1978 2106/2127/1975
f 2106/2127/1975 2093/2114/1963 2091/2112/1961
f 2091/2112/1961 2110/2131/1979 2106/2127/1975
f 2111/2132/1980 2112/2133/1981 2113/2134/1787
f 2114/2135/1982 852/877/836 1368/1393/1324
f 2115/2136/1983 2116/2137/1984 2111/2132/1980
f 388/413/414 2117/2138/1985 389/414/415
f 592/617/601 2118/2139/1986 2119/2140/1987
f 1930/1951/1818 2102/2123/1971 2105/2126/1974
f 2120/2141/1761 2121/2142/1988 2122/2143/1989
f 2122/2143/1989 2123/2144/1990 2124/2145/1991
f 1882/1903/1772 2125/2146/1992 2126/2147/1993
f 2127/2148/1994 2128/2149/181 2129/2150/1995
f 585/610/595 2130/2151/1846 475/500/496
f 1904/1925/1794 761/786/756 762/787/757
f 762/787/757 2131/2152/1299 1904/1925/1794
f 234/259/264 49/74/79 398/423/422
f 2132/2153/1996 818/843/804 569/594/581
f 2133/2154/1997 1328/1353/1288 1327/1352/1287
f 276/301/305 845/870/829 2134/2155/1998
f 2135/2156/708 2136/2157/1999 2137/2158/2000
f 653/678/657 840/865/824 654/679/658
f 746/771/735 2138/2159/2001 2139/2160/733
f 310/335/338 2140/2161/2002 705/730/708
f 470/495/491 2141/2162/466 2142/2163/465
f 2143/2164/2003 2144/2165/2004 2145/2166/2005
f 2145/2166/2005 2115/2136/1983 2143/2164/2003
f 1897/1918/1787 545/570/560 1898/1919/1788
f 426/451/448 431/456/453 221/246/251
f 2146/2167/2006 2147/2168/2007 2148/2169/2008
f 2148/2169/2008 2144/2165/2004 2149/2170/2009
f 2149/2170/2009 429/454/451 2148/2169/2008
f 2148/2169/2008 299/324/327 2146/2167/2006
f 581/606/591 2116/2137/1984 2150/2171/2010
f 2150/2171/2010 2151/2172/2011 2145/2166/2005
f 2145/2166/2005 2147/2168/2007 2150/2171/2010
f 2150/2171/2010 582/607/592 581/606/591
f 431/456/453 313/338/341 221/246/251
f 2152/2173/535 2009/2030/1885 2142/2163/465
f 2009/2030/1885 470/495/491 2142/2163/465
f 421/446/443 2153/2174/1176 361/386/389
f 510/535/529 2154/2175/2012 508/533/527
f 1365/1390/1321 2155/2176/2013 510/535/529
f 404/429/426 2156/2177/2014 2157/2178/2015
f 2157/2178/2015 2158/2179/2016 2159/2180/2017
f 2159/2180/2017 2160/2181/2018 2157/2178/2015
f 2157/2178/2015 402/427/425 404/429/426
f 2161/2182/1949 384/409/410 386/411/412
f 2162/2183/102 553/578/566 597/622/605
f 2163/2184/2019 2164/2185/2020 2165/2186/2021
f 419/444/441 2166/2187/2022 417/442/439
f 2167/2188/2023 2168/2189/2024 2169/2190/1388
f 2165/2186/2021 2170/2191/2025 2163/2184/2019
f 2171/2192/2026 916/941/900 2172/2193/2027
f 1918/1939/1807 2173/2194/2028 2174/2195/2029
f 2173/2194/2028 710/735/713 2174/2195/2029
f 2175/2196/2030 2176/2197/1769 1445/1470/1386
f 305/330/333 2177/2198/2031 303/328/331
f 2178/2199/2032 2179/2200/2033 2117/2138/1985
f 2180/2201/2034 557/582/570 449/474/471
f 808/833/794 1199/1224/1174 439/464/461
f 2181/2202/2035 2180/2201/2034 449/474/471
f 418/443/440 502/527/522 2149/2170/2009
f 2149/2170/2009 419/444/441 418/443/440
f 492/517/512 2182/2203/2036 1985/2006/979
f 2183/2204/2037 841/866/825 2016/2037/1892
f 2016/2037/1892 2152/2173/535 2183/2204/2037
f 1695/1720/1615 1461/1486/1402 1169/1194/1146
f 1682/1707/1389 2184/2205/777 2185/2206/2038
f 2119/2140/1987 535/560/335 534/559/550
f 2186/2207/128 2187/2208/2039 2188/2209/126
f 328/353/356 2101/2122/1381 1631/1656/1561
f 2189/2210/1856 461/486/483 926/951/910
f 1450/1475/1391 347/372/375 494/519/514
f 14/39/44 1359/1384/1315 2100/2121/1970
f 2190/2211/205 926/951/910 555/580/568
f 2191/2212/347 2192/2213/2040 2193/2214/2041
f 2194/2215/2042 2001/2022/1877 2195/2216/2043
f 2195/2216/2043 2196/2217/2044 2197/2218/2045
f 2197/2218/2045 2198/2219/2046 2195/2216/2043
f 2195/2216/2043 2199/2220/2047 2194/2215/2042
f 2200/2221/2048 2201/2222/2049 677/702/681
f 780/805/771 2202/2223/2050 778/803/770
f 2143/2164/2003 2203/2224/2051 2166/2187/2022
f 1903/1924/1793 2172/2193/2027 916/941/900
f 2204/2225/1190 440/465/462 441/466/463
f 1373/1398/1327 2205/2226/1582 2075/2096/1948
f 2206/2227/611 2207/2228/190 402/427/425
f 2208/2229/960 423/448/445 823/848/807
f 503/528/523 2209/2230/2052 541/566/556
f 2041/2062/1916 2078/2099/1951 2210/2231/2053
f 2211/2232/2054 2057/2078/1932 2212/2233/2055
f 2213/2234/421 1156/1181/1134 2214/2235/75
f 407/432/429 2215/2236/901 2216/2237/2056
f 2217/2238/2057 1884/1905/1774 482/507/502
f 373/398/399 594/619/602 371/396/303
f 2218/2239/2058 2219/2240/2059 2220/2241/2060
f 2220/2241/2060 2221/2242/2061 2218/2239/2058
f 2221/2242/2061 1952/1973/1834 2218/2239/2058
f 1952/1973/1834 2222/2243/2062 2218/2239/2058
f 2223/2244/2063 2224/2245/2064 2225/2246/183
f 2226/2247/1581 2227/2248/2065 2228/2249/1900
f 463/488/484 2214/2235/75 1156/1181/1134
f 2212/2233/2055 2229/2250/2035 2230/2251/2066
f 183/208/213 2231/2252/2067 181/206/211
f 392/417/417 2232/2253/39 390/415/85
f 1870/1891/1760 2233/2254/2068 468/493/489
f 2234/2255/745 2235/2256/2069 2236/2257/2070
f 2237/2258/2071 2238/2259/2072 2239/2260/2073
f 2239/2260/2073 2240/2261/2074 655/680/659
f 628/653/633 664/689/668 2241/2262/715
f 2242/2263/732 704/729/707 703/728/706
f 1690/1715/1611 2243/2264/2075 2244/2265/2076
f 2244/2265/2076 621/646/626 2245/2266/2077
f 2246/2267/2078 2247/2268/2079 2248/2269/722
f 2249/2270/2080 1313/1338/1276 2250/2271/1614
f 2251/2272/2081 2252/2273/2082 2253/2274/2083
f 2253/2274/2083 2254/2275/2084 2255/2276/2085
f 2255/2276/2085 1990/2011/1867 616/641/621
f 1990/2011/1867 2256/2277/2086 616/641/621
f 620/645/625 2245/2266/2077 618/643/623
f 169/194/199 2257/2278/2087 1961/1982/1843
f 1961/1982/1843 843/868/827 169/194/199
f 648/673/652 2258/2279/759 646/671/650
f 162/187/192 2259/2280/2088 728/753/728
f 1892/1913/1782 2138/2159/2001 1737/1762/1651
f 700/725/703 847/872/831 846/871/830
f 1712/1737/1630 31/56/61 712/737/715
f 2260/2281/657 2261/2282/775 2262/2283/2089
f 2263/2284/2090 737/762/736 1668/1693/1594
f 2137/2158/2000 2264/2285/2091 2265/2286/2092
f 2265/2286/2092 2266/2287/2093 1690/1715/1611
f 2267/2288/2094 635/660/640 715/740/718
f 416/441/438 667/692/671 2268/2289/2095
f 416/441/438 2269/2290/2096 2251/2272/2081
f 108/133/138 2270/2291/2097 2271/2292/2098
f 2271/2292/2098 2237/2258/2071 108/133/138
f 1691/1716/1612 2244/2265/2076 1643/1668/1572
f 637/662/642 2196/2217/2044 2000/2021/1876
f 2000/2021/1876 732/757/731 637/662/642
f 110/135/140 2272/2293/2099 2273/2294/2100
f 109/134/139 2239/2260/2073 103/128/133
f 67/92/97 2274/2295/2088 68/93/98
f 2275/2296/2101 2276/2297/2102 2277/2298/2103
f 655/680/659 2278/2299/2104 1640/1665/1569
f 2278/2299/2104 309/334/337 1640/1665/1569
f 1646/1671/1575 650/675/654 1647/1672/1576
f 2279/2300/2105 2280/2301/2106 2281/2302/2107
f 2282/2303/684 2246/2267/2078 2248/2269/722
f 2283/2304/2108 1741/1766/1654 2284/2305/2109
f 1727/1752/1642 2273/2294/2100 1725/1750/1640
f 2285/2306/689 294/319/322 684/709/688
f 762/787/757 2286/2307/2110 2287/2308/1870
f 2288/2309/2110 2265/2286/2092 1689/1714/1610
f 1339/1364/1295 2289/2310/2111 1335/1360/1292
f 2290/2311/1948 314/339/342 2161/2182/1949
f 2201/2222/2049 2291/2312/2112 1886/1907/1776
f 1694/1719/1614 649/674/653 1646/1671/1575
f 2292/2313/2089 783/808/774 2293/2314/691
f 696/721/699 478/503/498 1667/1692/1593
f 1691/1716/1612 2294/2315/1871 1689/1714/1610
f 2295/2316/2113 2296/2317/2114 2297/2318/2115
f 2298/2319/2116 1726/1751/1641 2299/2320/2117
f 107/132/137 2300/2321/2118 2197/2218/2045
f 2197/2218/2045 707/732/710 107/132/137
f 1667/1692/1593 697/722/700 696/721/699
f 675/700/679 2301/2322/2119 2302/2323/2120
f 2303/2324/2121 545/570/560 771/796/763
f 48/73/78 751/776/747 2304/2325/2122
f 2304/2325/2122 1733/1758/1647 48/73/78
f 83/108/113 1705/1730/1623 1641/1666/1570
f 2305/2326/2123 2273/2294/2100 2272/2293/2099
f 109/134/139 2025/2046/1901 110/135/140
f 1966/1987/1847 757/782/752 2306/2327/620
f 1731/1756/1645 155/180/185 2260/2281/657
f 850/875/834 1885/1906/1775 656/681/660
f 2307/2328/631 247/272/277 1730/1755/629
f 1644/1669/1573 2308/2329/2124 2309/2330/2125
f 2306/2327/620 1315/1340/1278 1966/1987/1847
f 2304/2325/2122 2310/2331/734 1936/1957/135
f 231/256/261 1317/1342/1279 753/778/748
f 1330/1355/1290 754/779/749 692/717/695
f 2055/2076/1930 704/729/707 2201/2222/2049
f 2311/2332/2126 2312/2333/2127 2030/2051/1906
f 2030/2051/1906 2313/2334/2128 2311/2332/2126
f 2311/2332/2126 2170/2191/2025 1933/1954/1820
f 2311/2332/2126 1932/1953/1819 2314/2335/2129
f 2084/2105/542 2031/2052/1907 496/521/516
f 496/521/516 2312/2333/2127 2315/2336/2130
f 2316/2337/2131 2317/2338/2132 2318/2339/2133
f 2319/2340/685 2177/2198/2031 53/78/83
f 152/177/182 2320/2341/2063 153/178/183
f 1683/1708/1605 39/64/69 177/202/207
f 2321/2342/83 682/707/686 681/706/685
f 1327/1352/1287 2322/2343/2134 2133/2154/1997
f 724/749/724 1960/1981/1842 2323/2344/2135
f 724/749/724 2324/2345/2136 722/747/723
f 2038/2059/1913 2325/2346/2137 2326/2347/2138
f 2326/2347/2138 2327/2348/2139 2328/2349/2140
f 2012/2033/1888 2329/2350/2141 2330/2351/2142
f 2330/2351/2142 2048/2069/1923 2047/2068/1922
f 2047/2068/1922 2331/2352/2143 2330/2351/2142
f 2330/2351/2142 2332/2353/2144 2012/2033/1888
f 2333/2354/2145 2334/2355/2146 2335/2356/2147
f 2335/2356/2147 2336/2357/2148 2333/2354/2145
f 2333/2354/2145 2337/2358/2149 1957/1978/1839
f 1957/1978/1839 2338/2359/2028 2333/2354/2145
f 2339/2360/2150 711/736/714 1887/1908/1777
f 772/797/764 2340/2361/2151 770/795/762
f 2341/2362/2152 2070/2091/1943 2069/2090/1942
f 2342/2363/2153 2086/2107/1956 2099/2120/1969
f 2099/2120/1969 2343/2364/2154 2342/2363/2153
f 2342/2363/2153 2048/2069/1923 2329/2350/2141
f 2329/2350/2141 2344/2365/2155 2342/2363/2153
f 2345/2366/2156 2098/2119/1968 2180/2201/2034
f 2345/2366/2156 2346/2367/2157 2347/2368/2158
f 2345/2366/2156 2348/2369/2159 2042/2063/1917
f 2042/2063/1917 2343/2364/2154 2345/2366/2156
f 2057/2078/1932 2349/2370/2157 2229/2250/2035
f 2350/2371/1983 1896/1917/1786 2351/2372/2051
f 2352/2373/2160 2317/2338/2132 324/349/352
f 830/855/814 2087/2108/1957 2353/2374/2161
f 2353/2374/2161 2086/2107/1956 2344/2365/2155
f 2344/2365/2155 2014/2035/1890 2353/2374/2161
f 2353/2374/2161 832/857/816 830/855/814
f 1649/1674/1578 2354/2375/2162 2355/2376/2163
f 508/533/527 2356/2377/2164 1649/1674/1578
f 722/747/723 2357/2378/2165 2246/2267/2078
f 2357/2378/2165 647/672/651 2246/2267/2078
f 2358/2379/760 1978/1999/1859 2295/2316/2113
f 686/711/690 2359/2380/2089 687/712/691
f 2360/2381/2166 2361/2382/59 2127/2148/1994
f 376/401/402 1724/1749/1639 485/510/505
f 745/770/743 2362/2383/2167 1738/1763/1652
f 522/547/539 2312/2333/2127 2314/2335/2129
f 2314/2335/2129 2363/2384/613 522/547/539
f 2364/2385/2168 2008/2029/1884 2365/2386/2169
f 2365/2386/2169 2366/2387/2170 2062/2083/1936
f 2062/2083/1936 2367/2388/2171 2365/2386/2169
f 2367/2388/2171 2364/2385/2168 2365/2386/2169
f 709/734/712 2368/2389/2172 2369/2390/2173
f 2369/2390/2173 2370/2391/2174 709/734/712
f 2371/2392/2175 2372/2393/2176 2221/2242/2061
f 2221/2242/2061 1869/1890/1759 2371/2392/2175
f 1869/1890/1759 2364/2385/2168 2371/2392/2175
f 2364/2385/2168 1954/1975/1836 2371/2392/2175
f 2373/2394/2177 1974/1995/1855 2374/2395/2178
f 2374/2395/2178 2375/2396/2179 2373/2394/2177
f 2373/2394/2177 2376/2397/2180 1996/2017/1872
f 1996/2017/1872 2377/2398/2181 2373/2394/2177
f 2378/2399/2182 2379/2400/2183 2095/2116/1965
f 2095/2116/1965 2380/2401/2184 2378/2399/2182
f 2378/2399/2182 2381/2402/2185 2382/2403/2186
f 2382/2403/2186 2383/2404/2187 2378/2399/2182
f 2335/2356/2147 2384/2405/2188 2385/2406/2189
f 2385/2406/2189 2386/2407/2190 2387/2408/2191
f 2387/2408/2191 2388/2409/2192 2385/2406/2189
f 2385/2406/2189 2389/2410/2193 2335/2356/2147
f 2374/2395/2178 1973/1994/1854 2390/2411/2194
f 2390/2411/2194 2391/2412/2195 2392/2413/2196
f 2392/2413/2196 2393/2414/2197 2390/2411/2194
f 2390/2411/2194 2394/2415/2198 2374/2395/2178
f 2395/2416/2199 2396/2417/2200 2397/2418/2201
f 2397/2418/2201 2398/2419/2202 2395/2416/2199
f 2395/2416/2199 1947/1968/1829 1945/1966/1827
f 1945/1966/1827 2399/2420/2203 2395/2416/2199
f 2400/2421/2204 2401/2422/2205 1968/1989/1849
f 1968/1989/1849 2377/2398/2181 2400/2421/2204
f 2400/2421/2204 2002/2023/1878 2194/2215/2042
f 2194/2215/2042 2402/2423/2206 2400/2421/2204
f 1986/2007/1863 2403/2424/2207 2404/2425/2208
f 2404/2425/2208 1908/1929/1797 1913/1934/1802
f 1913/1934/1802 2405/2426/2209 2404/2425/2208
f 2404/2425/2208 2406/2427/2210 1986/2007/1863
f 2080/2101/1953 2407/2428/2211 2408/2429/2212
f 2408/2429/2212 2409/2430/2213 1888/1909/1778
f 2410/2431/2214 2411/2432/2215 2412/2433/2216
f 2412/2433/2216 2413/2434/2217 2414/2435/2218
f 2414/2435/2218 2415/2436/2219 2412/2433/2216
f 2412/2433/2216 2416/2437/2220 2410/2431/2214
f 2417/2438/223 619/644/624 661/686/665
f 2418/2439/2221 2419/2440/2222 2163/2184/2019
f 2418/2439/2221 2170/2191/2025 2313/2334/2128
f 2418/2439/2221 2029/2050/1905 1919/1940/1808
f 2418/2439/2221 2123/2144/1990 2121/2142/1988
f 2420/2441/2223 2421/2442/2224 2422/2443/2225
f 2421/2442/2224 2423/2444/2226 2422/2443/2225
f 2422/2443/2225 2424/2445/2227 2425/2446/2228
f 2425/2446/2228 2420/2441/2223 2422/2443/2225
f 1872/1893/1762 326/351/354 1452/1477/1393
f 2426/2447/2229 2427/2448/2230 2082/2103/1955
f 2082/2103/1955 2179/2200/2033 284/309/313
f 2428/2449/2231 2119/2140/1987 2429/2450/2232
f 2429/2450/2232 2430/2451/2233 2428/2449/2231
f 2430/2451/2233 2431/2452/2234 2428/2449/2231
f 2428/2449/2231 391/416/416 592/617/601
f 2432/2453/2235 2433/2454/2236 2434/2455/2237
f 2432/2453/2235 2435/2456/2238 2436/2457/2239
f 2432/2453/2235 2437/2458/2240 2438/2459/2241
f 2438/2459/2241 2439/2460/2242 2432/2453/2235
f 1683/1708/1605 2440/2461/585 2184/2205/777
f 2146/2167/2006 298/323/326 939/964/923
f 2441/2462/518 2442/2463/2243 2443/2464/2244
f 2442/2463/2243 2444/2465/2245 2443/2464/2244
f 2443/2464/2244 2445/2466/2246 2446/2467/2247
f 2446/2467/2247 2441/2462/518 2443/2464/2244
f 2447/2468/2248 2448/2469/490 2438/2459/2241
f 2438/2459/2241 2449/2470/2249 2447/2468/2248
f 2447/2468/2248 2450/2471/2250 2451/2472/2251
f 2451/2472/2251 444/469/466 2447/2468/2248
f 2231/2252/2067 2452/2473/2252 2453/2474/2253
f 2454/2475/2254 2455/2476/2255 2456/2477/2256
f 2457/2478/2257 2458/2479/2258 2453/2474/2253
f 2453/2474/2253 181/206/211 2231/2252/2067
f 2459/2480/2259 2460/2481/2260 2461/2482/2261
f 2462/2483/2262 2455/2476/2255 2463/2484/2263
f 2464/2485/2264 11/36/41 2465/2486/2265
f 2466/2487/2266 2175/2196/2030 2467/2488/2267
f 2467/2488/2267 2468/2489/2268 2466/2487/2266
f 2466/2487/2266 2469/2490/2269 2470/2491/2270
f 2470/2491/2270 2224/2245/2064 2466/2487/2266
f 2471/2492/2271 1371/1396/1326 2472/2493/2272
f 2472/2493/2272 2473/2494/2273 2471/2492/2271
f 2471/2492/2271 2474/2495/2274 2467/2488/2267
f 2467/2488/2267 1445/1470/1386 2471/2492/2271
f 2192/2213/2040 971/996/952 2475/2496/2275
f 2475/2496/2275 977/1002/958 2476/2497/2276
f 2476/2497/2276 2477/2498/2277 2475/2496/2275
f 2475/2496/2275 2193/2214/2041 2192/2213/2040
f 2478/2499/2278 2479/2500/2279 2480/2501/2280
f 2480/2501/2280 2481/2502/2281 2482/2503/2282
f 2482/2503/2282 2483/2504/2283 2480/2501/2280
f 2480/2501/2280 2484/2505/439 2478/2499/2278
f 1873/1894/1763 2485/2506/2284 2486/2507/2285
f 2487/2508/2286 2488/2509/2287 2489/2510/2288
f 2490/2511/2289 2491/2512/2290 2426/2447/2229
f 600/625/608 2492/2513/2291 2493/2514/2292
f 2493/2514/2292 2494/2515/2293 2495/2516/2294
f 2496/2517/2295 2497/2518/2296 2498/2519/2297
f 2493/2514/2292 601/626/609 600/625/608
f 2499/2520/2298 2500/2521/2299 2501/2522/2300
f 2500/2521/2299 2502/2523/2301 2501/2522/2300
f 2501/2522/2300 2503/2524/2302 2504/2525/2303
f 2504/2525/2303 2499/2520/2298 2501/2522/2300
f 597/622/605 2505/2526/2304 2506/2527/2305
f 2507/2528/2306 2508/2529/2307 2509/2530/2308
f 2506/2527/2305 1007/1032/987 1006/1031/986
f 2506/2527/2305 598/623/606 597/622/605
f 2510/2531/2309 2133/2154/1997 2511/2532/2310
f 2512/2533/2310 2513/2534/2311 2514/2535/2309
f 2513/2534/2311 2515/2536/2312 2514/2535/2309
f 2510/2531/2309 568/593/411 567/592/580
f 2516/2537/2313 2517/2538/2314 2518/2539/2315
f 2519/2540/2316 2520/2541/2317 2521/2542/2318
f 2518/2539/2315 2522/2543/2319 2421/2442/2224
f 2518/2539/2315 2523/2544/2320 2516/2537/2313
f 2315/2336/2130 524/549/541 497/522/517
f 2524/2545/2321 2494/2515/2293 2492/2513/2291
f 2492/2513/2291 2525/2546/2322 2524/2545/2321
f 2526/2547/2323 2527/2548/2324 2528/2549/2325
f 2529/2550/2326 2530/2551/2327 2482/2503/2282
f 2482/2503/2282 2531/2552/2328 2529/2550/2326
f 2526/2547/2323 2532/2553/2329 2533/2554/2330
f 2534/2555/2331 2445/2466/2246 2535/2556/2332
f 2536/2557/2333 2537/2558/2334 2538/2559/2335
f 2538/2559/2335 2539/2560/2336 2540/2561/2337
f 2541/2562/2338 2542/2563/2339 2534/2555/2331
f 2543/2564/2340 1047/1072/1027 2544/2565/2341
f 2545/2566/2342 1053/1078/1033 2546/2567/2343
f 2546/2567/2343 2547/2568/2344 2545/2566/2342
f 2544/2565/2341 2527/2548/2324 2543/2564/2340
f 2548/2569/2345 2549/2570/2346 2550/2571/2347
f 2551/2572/2348 772/797/764 2552/2573/2349
f 2551/2572/2348 2450/2471/2250 2553/2574/2350
f 2554/2575/2351 2548/2569/2345 2550/2571/2347
f 2502/2523/2301 2555/2576/2352 2556/2577/2353
f 2557/2578/2354 2558/2579/2355 2495/2516/2294
f 2495/2516/2294 2559/2580/2356 2557/2578/2354
f 2560/2581/2357 2502/2523/2301 2556/2577/2353
f 2561/2582/2358 2562/2583/2359 2554/2575/2351
f 2553/2574/2350 2449/2470/2249 2563/2584/2360
f 2563/2584/2360 2437/2458/2240 2564/2585/2361
f 2565/2586/2362 2473/2494/2273 2561/2582/2358
f 2566/2587/2363 1926/1947/1814 1928/1949/1816
f 2567/2588/2364 1902/1923/1792 2568/2589/1991
f 2569/2590/2365 2570/2591/2366 2571/2592/2367
f 2559/2580/2356 2572/2593/2368 2459/2480/2259
f 2573/2594/2369 770/795/762 2340/2361/2151
f 2068/2089/1941 2574/2595/2370 2575/2596/2371
f 2574/2595/2370 2576/2597/2372 2575/2596/2371
f 2577/2598/2373 2578/2599/2374 2573/2594/2369
f 2579/2600/2375 2580/2601/2376 2581/2602/2377
f 2582/2603/2378 2583/2604/2379 2476/2497/2276
f 2476/2497/2276 1088/1113/1067 2582/2603/2378
f 2581/2602/2377 1007/1032/987 2579/2600/2375
f 2457/2478/2257 2584/2605/2380 2585/2606/2381
f 2586/2607/2382 2423/2444/2226 2587/2608/2383
f 2587/2608/2383 2522/2543/2319 2588/2609/2384
f 2585/2606/2381 2589/2610/2385 2457/2478/2257
f 2590/2611/2386 2591/2612/2387 2592/2613/2388
f 2593/2614/2389 2594/2615/2390 2595/2616/2391
f 2595/2616/2391 2596/2617/2392 2593/2614/2389
f 2592/2613/2388 2597/2618/2393 2590/2611/2386
f 2414/2435/2218 2598/2619/2394 2599/2620/2395
f 2600/2621/2396 2601/2622/2397 2602/2623/2398
f 2602/2623/2398 2603/2624/2399 2604/2625/2400
f 2599/2620/2395 2605/2626/2401 2414/2435/2218
f 2606/2627/2402 2607/2628/2403 2608/2629/2404
f 2609/2630/2405 2522/2543/2319 2610/2631/2406
f 2610/2631/2406 2611/2632/2407 2609/2630/2405
f 2608/2629/2404 2612/2633/2408 2606/2627/2402
f 2613/2634/2409 2474/2495/2274 2565/2586/2362
f 2564/2585/2361 2436/2457/2239 2614/2635/2410
f 2614/2635/2410 2435/2456/2238 2615/2636/2411
f 2616/2637/2412 2468/2489/2268 2613/2634/2409
f 2444/2465/2245 2617/2638/2413 2618/2639/2414
f 2619/2640/2414 2620/2641/2415 2430/2451/2233
f 2619/2640/2414 2621/2642/2416 2536/2557/2333
f 2535/2556/2332 2444/2465/2245 2618/2639/2414
f 2622/2643/2417 2623/2644/2418 2624/2645/2419
f 2625/2646/2420 2626/2647/2421 2627/2648/2422
f 2625/2646/2420 2620/2641/2415 2628/2649/2423
f 2629/2650/2424 2630/2651/2425 2631/2652/2426
f 2632/2653/2427 2633/2654/2428 2634/2655/2429
f 2634/2655/2429 2612/2633/2408 2622/2643/2417
f 2631/2652/2426 2442/2463/2243 2635/2656/2430
f 2635/2656/2430 2636/2657/517 2637/2658/541
f 552/577/565 2638/2659/2431 2639/2660/2432
f 2640/2661/2433 2641/2662/2434 2642/2663/2435
f 2642/2663/2435 2507/2528/2306 2640/2661/2433
f 2639/2660/2432 553/578/566 552/577/565
f 2643/2664/558 2112/2133/1981 841/866/825
f 310/335/338 2644/2665/2436 2645/2666/2437
f 2646/2667/2438 526/551/543 2446/2467/2247
f 2647/2668/2439 2648/2669/2440 2649/2670/2441
f 2649/2670/2441 2650/2671/2442 2647/2668/2439
f 2651/2672/2443 331/356/359 2646/2667/2438
f 392/417/417 2431/2452/2234 2652/2673/2444
f 2431/2452/2234 2627/2648/2422 2652/2673/2444
f 2627/2648/2422 2517/2538/2314 2652/2673/2444
f 2652/2673/2444 2653/2674/2445 392/417/417
f 2322/2343/2134 1159/1184/1137 2654/2675/2446
f 2655/2676/2447 1164/1189/1142 2656/2677/2448
f 2656/2677/2448 2512/2533/2310 2655/2676/2447
f 2654/2675/2446 2133/2154/1997 2322/2343/2134
f 2657/2678/2449 2477/2498/2277 2658/2679/2450
f 2477/2498/2277 2595/2616/2391 2658/2679/2450
f 2658/2679/2450 2594/2615/2390 2500/2521/2299
f 2658/2679/2450 2659/2680/2451 2657/2678/2449
f 2660/2681/2452 2661/2682/2453 2662/2683/2454
f 2663/2684/2455 453/478/475 2211/2232/2054
f 2664/2685/2456 2483/2504/2283 2665/2686/2457
f 2665/2686/2457 2530/2551/2327 2546/2567/2343
f 2665/2686/2457 1053/1078/1033 1177/1202/1152
f 2665/2686/2457 1176/1201/556 2664/2685/2456
f 2666/2687/2458 2360/2381/2166 2667/2688/2459
f 2668/2689/2460 2669/2690/2461 2670/2691/2462
f 2666/2687/2458 2621/2642/2416 2429/2450/2232
f 2429/2450/2232 534/559/550 2666/2687/2458
f 2671/2692/2463 2672/2693/2464 2673/2694/2465
f 2673/2694/2465 2674/2695/2466 2671/2692/2463
f 2671/2692/2463 2413/2434/2217 2411/2432/2215
f 2411/2432/2215 2675/2696/2467 2671/2692/2463
f 2676/2697/2468 2677/2698/2469 2678/2699/2470
f 2679/2700/2471 2159/2180/2017 2680/2701/2472
f 2680/2701/2472 2158/2179/2016 2600/2621/2396
f 2598/2619/2394 2674/2695/2466 2676/2697/2468
f 1373/1398/1327 2341/2362/2152 2681/2702/2473
f 2681/2702/2473 2069/2090/1942 2548/2569/2345
f 2681/2702/2473 2562/2583/2359 2472/2493/2272
f 2472/2493/2272 1373/1398/1327 2681/2702/2473
f 2682/2703/2474 389/414/415 2683/2704/2475
f 2684/2705/2476 2685/2706/2477 2686/2707/2478
f 2682/2703/2474 2158/2179/2016 2156/2177/2014
f 2156/2177/2014 387/412/413 2682/2703/2474
f 2687/2708/2479 1898/1919/1788 2303/2324/2121
f 2303/2324/2121 2578/2599/2374 2687/2708/2479
f 2688/2709/2480 2481/2502/2281 2479/2500/2279
f 2687/2708/2479 2351/2372/2051 1896/1917/1786
f 609/634/614 2458/2479/2258 2689/2710/2481
f 2689/2710/2481 2589/2610/2385 2606/2627/2402
f 2606/2627/2402 2633/2654/2428 2689/2710/2481
f 2689/2710/2481 610/635/615 609/634/614
f 404/429/426 2228/2249/1900 2227/2248/2065
f 2690/2711/2482 2691/2712/2483 2692/2713/2484
f 2692/2713/2484 2532/2553/2329 2574/2595/2370
f 2574/2595/2370 2074/2095/1947 2692/2713/2484
f 2692/2713/2484 2076/2097/1949 2690/2711/2482
f 2693/2714/2485 442/467/464 2451/2472/2251
f 2451/2472/2251 2552/2573/2349 2693/2714/2485
f 2693/2714/2485 772/797/764 771/796/763
f 2693/2714/2485 545/570/560 544/569/559
f 2694/2715/2486 1971/1992/1852 2695/2716/2487
f 2696/2717/2488 2697/2718/2489 2698/2719/2490
f 2699/2720/2491 2700/2721/2492 2701/2722/2493
f 2702/2723/2494 2703/2724/2495 2704/2725/2496
f 2705/2726/2497 2051/2072/1926 2706/2727/2498
f 2707/2728/2499 2708/2729/2500 2709/2730/2494
f 2710/2731/2501 2711/2732/2502 2712/2733/2503
f 2712/2733/2503 2713/2734/2504 2710/2731/2501
f 2714/2735/2505 2327/2348/2139 2715/2736/2506
f 2716/2737/2507 2717/2738/2508 2718/2739/2509
f 2719/2740/2510 2720/2741/2511 2721/2742/2512
f 2722/2743/2507 2723/2744/2513 2724/2745/2514
f 2725/2746/2515 2066/2087/1940 2726/2747/2516
f 2726/2747/2516 2331/2352/2143 2725/2746/2515
f 2725/2746/2515 2727/2748/2517 2728/2749/2518
f 2725/2746/2515 2729/2750/2519 2367/2388/2171
f 2730/2751/2520 2731/2752/2521 2732/2753/2522
f 2730/2751/2520 2733/2754/2523 2397/2418/2201
f 2397/2418/2201 2734/2755/2524 2730/2751/2520
f 2734/2755/2524 1910/1931/1799 2730/2751/2520
f 2387/2408/2191 2735/2756/2525 2736/2757/2526
f 2735/2756/2525 1949/1970/1831 2736/2757/2526
f 2736/2757/2526 2737/2758/2527 2738/2759/2528
f 2736/2757/2526 2739/2760/2529 2387/2408/2191
f 1922/1943/1811 2740/2761/2530 2741/2762/2531
f 2741/2762/2531 2742/2763/2532 2220/2241/2060
f 2220/2241/2060 2743/2764/2533 2741/2762/2531
f 2743/2764/2533 1922/1943/1811 2741/2762/2531
f 2046/2067/1921 2744/2765/2534 2745/2766/2535
f 2744/2765/2534 1955/1976/1837 2745/2766/2535
f 1955/1976/1837 2728/2749/2518 2745/2766/2535
f 2745/2766/2535 2727/2748/2517 2046/2067/1921
f 1972/1993/1853 2746/2767/2536 2747/2768/2537
f 2748/2769/2538 2700/2721/2492 1875/1896/1765
f 2749/2770/2539 2750/2771/2540 2747/2768/2537
f 2747/2768/2537 2391/2412/2195 1972/1993/1853
f 2392/2413/2196 2750/2771/2540 2751/2772/2541
f 2751/2772/2541 2752/2773/1764 2753/2774/2542
f 2753/2774/2542 2703/2724/2495 2751/2772/2541
f 2751/2772/2541 2754/2775/2543 2392/2413/2196
f 2755/2776/2544 2711/2732/2502 2756/2777/2506
f 2757/2778/2544 2327/2348/2139 2325/2346/2137
f 2325/2346/2137 2758/2779/2545 2757/2778/2544
f 2759/2780/2546 2109/2130/1978 2755/2776/2544
f 2094/2115/1964 2759/2780/2546 2760/2781/2547
f 2758/2779/2545 2035/2056/1910 2761/2782/2547
f 2761/2782/2547 2762/2783/2548 2719/2740/2510
f 2718/2739/2509 2094/2115/1964 2760/2781/2547
f 2763/2784/2549 1289/1314/1258 1290/1315/1259
f 1290/1315/1259 2013/2034/1889 2763/2784/2549
f 2763/2784/2549 2332/2353/2144 2726/2747/2516
f 2726/2747/2516 2065/2086/1939 2763/2784/2549
f 2328/2349/2140 2764/2785/2504 2765/2786/2550
f 2766/2787/2551 2767/2788/2552 1894/1915/1784
f 2768/2789/2553 1950/1971/1832 2735/2756/2525
f 2769/2790/2554 2770/2791/2190 1914/1935/1803
f 2771/2792/2555 1956/1977/1838 2744/2765/2534
f 2772/2793/2556 2773/2794/1920 1926/1947/1814
f 2132/2153/1996 2774/2795/746 2362/2383/2167
f 1876/1897/1766 2775/2796/2557 2776/2797/2558
f 2777/2798/2559 2778/2799/2560 2040/2061/1915
f 2139/2160/733 1891/1912/1781 2779/2800/2561
f 2780/2801/2562 106/131/136 734/759/733
f 674/699/678 2781/2802/2563 2782/2803/2564
f 2783/2804/2565 2568/2589/1991 1902/1923/1792
f 661/686/665 623/648/628 657/682/661
f 2784/2805/1645 644/669/648 624/649/629
f 1689/1714/1610 2785/2806/1870 2288/2309/2110
f 1928/1949/1816 2105/2126/1974 2566/2587/2363
f 2786/2807/752 2255/2276/2085 615/640/620
f 110/135/140 2787/2808/2566 108/133/138
f 2470/2491/2270 2788/2809/2567 2789/2810/2568
f 2789/2810/2568 2539/2560/2336 2667/2688/2459
f 2667/2688/2459 2127/2148/1994 2789/2810/2568
f 2789/2810/2568 2129/2150/1995 2470/2491/2270
f 276/301/305 1342/1367/1298 844/869/828
f 603/628/191 2790/2811/2569 2791/2812/2570
f 488/513/508 2305/2326/2123 28/53/58
f 28/53/58 2272/2293/2099 1878/1899/1768
f 246/271/276 1739/1764/1653 2283/2304/2108
f 2792/2813/2571 2793/2814/2572 2794/2815/2573
f 72/97/102 34/59/64 70/95/100
f 1332/1357/1289 2795/2816/567 2796/2817/1824
f 2791/2812/2570 2797/2818/2574 744/769/742
f 752/777/742 47/72/77 159/184/189
f 2798/2819/2575 2799/2820/2576 2800/2821/2577
f 2800/2821/2577 2801/2822/2578 2798/2819/2575
f 2802/2823/2579 2603/2624/2399 2803/2824/2580
f 2803/2824/2580 2804/2825/2581 2802/2823/2579
f 2540/2561/2337 2788/2809/2567 2805/2826/2582
f 2805/2826/2582 2469/2490/2269 2616/2637/2412
f 2615/2636/2411 2806/2827/2583 2807/2828/2584
f 2807/2828/2584 2808/2829/2585 2541/2562/2338
f 487/512/507 2058/2079/1754 1013/1038/993
f 374/399/400 1714/1739/1631 1716/1741/1633
f 362/387/390 2809/2830/2586 2810/2831/2587
f 362/387/390 2811/2832/2588 1365/1390/1321
f 601/626/609 2812/2833/2589 599/624/607
f 2355/2376/2163 2813/2834/2590 2168/2189/2024
f 2814/2835/2024 2103/2124/1972 454/479/476
f 343/368/371 2815/2836/360 972/997/953
f 2129/2150/1995 2225/2246/183 2224/2245/2064
f 366/391/394 2742/2763/2532 2740/2761/2530
f 366/391/394 2816/2837/2591 1375/1400/1329
f 361/386/389 2817/2838/2592 359/384/387
f 1646/1671/1575 1340/1365/1296 1694/1719/1614
f 51/76/81 847/872/831 1317/1342/1279
f 733/758/732 1999/2020/1875 2818/2839/2593
f 2242/2263/732 2368/2389/2172 2291/2312/2112
f 1727/1752/1642 2819/2840/2594 2820/2841/2595
f 2820/2841/2595 2787/2808/2566 1727/1752/1642
f 2678/2699/2470 2821/2842/2596 2822/2843/2597
f 2822/2843/2597 2823/2844/2598 2824/2845/2599
f 2825/2846/2600 2826/2847/2601 2827/2848/2602
f 2827/2848/2602 2828/2849/2603 2679/2700/2471
f 2829/2850/2604 2830/2851/2605 2831/2852/2606
f 2832/2853/2607 2833/2854/2608 2104/2125/1973
f 2104/2125/1973 2834/2855/2609 2832/2853/2607
f 2831/2852/2606 2354/2375/2162 2829/2850/2604
f 2835/2856/2610 2836/2857/2611 2837/2858/2612
f 2836/2857/2611 2838/2859/2613 2837/2858/2612
f 2837/2858/2612 2839/2860/2552 2712/2733/2503
f 2837/2858/2612 2711/2732/2502 2835/2856/2610
f 2840/2861/2614 2754/2775/2543 2702/2723/2494
f 2709/2730/2494 2841/2862/2615 2842/2863/2616
f 2842/2863/2616 2843/2864/2617 2844/2865/2618
f 2845/2866/2619 2393/2414/2197 2840/2861/2614
f 2846/2867/2620 2376/2397/2180 2847/2868/2621
f 2848/2869/2620 2849/2870/2622 2369/2390/2173
f 2369/2390/2173 2850/2871/2593 2848/2869/2620
f 2818/2839/2593 1997/2018/1873 2846/2867/2620
f 2851/2872/2623 2778/2799/2560 2696/2717/2488
f 2695/2716/2487 1969/1990/1850 2852/2873/2624
f 2852/2873/2624 2401/2422/2205 2853/2874/2625
f 2853/2874/2625 2854/2875/2626 2852/2873/2624
f 2855/2876/2627 2856/2877/2628 2857/2878/2629
f 2857/2878/2629 2198/2219/2046 2855/2876/2627
f 2855/2876/2627 2300/2321/2118 2780/2801/2562
f 2780/2801/2562 2858/2879/2630 2855/2876/2627
f 2859/2880/2631 2717/2738/2508 2860/2881/2632
f 2861/2882/2633 2723/2744/2513 2862/2883/2634
f 2862/2883/2634 2863/2884/2635 2861/2882/2633
f 2859/2880/2631 2381/2402/2185 2380/2401/2184
f 2864/2885/2636 2811/2832/2588 2810/2831/2587
f 2810/2831/2587 2865/2886/2637 2864/2885/2636
f 2864/2885/2636 2866/2887/2638 2836/2857/2611
f 2836/2857/2611 2867/2888/2639 2864/2885/2636
f 2868/2889/2640 2394/2415/2198 2845/2866/2619
f 2869/2890/2640 2843/2864/2617 2870/2891/2641
f 2870/2891/2641 2871/2892/2642 2869/2890/2640
f 2847/2868/2621 2375/2396/2179 2868/2889/2640
f 2872/2893/2643 2873/2894/1952 2853/2874/2625
f 2853/2874/2625 2402/2423/2206 2872/2893/2643
f 2872/2893/2643 2199/2220/2047 2857/2878/2629
f 2857/2878/2629 2874/2895/2211 2872/2893/2643
f 2434/2455/2237 2875/2896/395 2876/2897/2644
f 2876/2897/2644 329/354/357 2651/2672/2443
f 2877/2898/2645 2878/2899/2646 2879/2900/2647
f 2806/2827/2583 2434/2455/2237 2876/2897/2644
f 2880/2901/2648 2355/2376/2163 2167/2188/2023
f 2881/2902/2649 826/851/810 2882/2903/2650
f 781/806/772 2883/2904/2651 1369/1394/925
f 600/625/608 2884/2905/259 2885/2906/2652
f 2886/2907/543 496/521/516 498/523/518
f 2887/2908/2653 2888/2909/2654 2889/2910/2655
f 2888/2909/2654 2415/2436/2219 2889/2910/2655
f 2889/2910/2655 2605/2626/2401 2800/2821/2577
f 2889/2910/2655 2799/2820/2576 2887/2908/2653
f 2890/2911/2656 2491/2512/2290 2803/2824/2580
f 2890/2911/2656 2603/2624/2399 2683/2704/2475
f 2683/2704/2475 2117/2138/1985 2890/2911/2656
f 2117/2138/1985 2427/2448/2230 2890/2911/2656
f 2891/2912/2657 2892/2913/2658 2893/2914/2659
f 2891/2912/2657 2894/2915/2660 2895/2916/2661
f 2673/2694/2465 2896/2917/2662 2897/2918/2663
f 1447/1472/1388 2898/2919/2664 2899/2920/2665
f 2900/2921/2666 2828/2849/2603 2826/2847/2601
f 2900/2921/2666 2901/2922/2667 2902/2923/2668
f 2902/2923/2668 2206/2227/611 2900/2921/2666
f 2206/2227/611 2160/2181/2018 2900/2921/2666
f 2903/2924/2669 2904/2925/2670 2905/2926/2671
f 2904/2925/2670 2007/2028/1883 2905/2926/2671
f 2007/2028/1883 2906/2927/2672 2905/2926/2671
f 2905/2926/2671 2907/2928/2673 2903/2924/2669
f 2908/2929/2674 1475/1500/1415 1477/1502/1417
f 1477/1502/1417 2063/2084/1937 2908/2929/2674
f 2908/2929/2674 2366/2387/2170 2904/2925/2670
f 2904/2925/2670 2909/2930/2675 2908/2929/2674
f 2910/2931/2676 2906/2927/2672 2911/2932/2677
f 2911/2932/2677 2006/2027/1882 2017/2038/1893
f 2017/2038/1893 2912/2933/2678 2911/2932/2677
f 2911/2932/2677 2913/2934/2679 2910/2931/2676
f 2914/2935/2680 2913/2934/2679 2912/2933/2678
f 2914/2935/2680 580/605/590 939/964/923
f 939/964/923 1485/1510/1425 2914/2935/2680
f 2914/2935/2680 1484/1509/1424 2915/2936/2681
f 2916/2937/2682 2917/2938/2683 2918/2939/2684
f 2918/2939/2684 1492/1517/1432 1491/1516/1431
f 1491/1516/1431 2919/2940/2685 2918/2939/2684
f 2918/2939/2684 2920/2941/2686 2916/2937/2682
f 2917/2938/2683 2921/2942/2687 2922/2943/2688
f 2922/2943/2688 2923/2944/2689 2924/2945/2690
f 2924/2945/2690 1495/1520/1435 2922/2943/2688
f 2922/2943/2688 1492/1517/1432 2917/2938/2683
f 2925/2946/2691 2926/2947/2692 2927/2948/2693
f 2927/2948/2693 2928/2949/2694 2929/2950/2695
f 2929/2950/2695 1502/1527/1442 2927/2948/2693
f 2927/2948/2693 1501/1526/1441 2925/2946/2691
f 2930/2951/2696 2931/2952/2697 2932/2953/2698
f 2930/2951/2696 2933/2954/2699 2934/2955/2700
f 2934/2955/2700 1508/1533/1447 2930/2951/2696
f 1508/1533/1447 2935/2956/2701 2930/2951/2696
f 2916/2937/2682 2936/2957/2702 2937/2958/2703
f 2936/2957/2702 2938/2959/2704 2937/2958/2703
f 2938/2959/2704 2939/2960/2705 2937/2958/2703
f 2937/2958/2703 2940/2961/2706 2916/2937/2682
f 2941/2962/2707 1518/1543/1457 1521/1546/1460
f 2941/2962/2707 1520/1545/1459 2942/2963/2708
f 2942/2963/2708 2936/2957/2702 2941/2962/2707
f 2936/2957/2702 2919/2940/2685 2941/2962/2707
f 2943/2964/2709 2940/2961/2706 2939/2960/2705
f 2939/2960/2705 2944/2965/2710 2943/2964/2709
f 2944/2965/2710 2945/2966/2711 2943/2964/2709
f 2945/2966/2711 2921/2942/2687 2943/2964/2709
f 2924/2945/2690 2945/2966/2711 2946/2967/2712
f 2945/2966/2711 2947/2968/2713 2946/2967/2712
f 2946/2967/2712 1528/1553/1467 1527/1552/1466
f 2946/2967/2712 1526/1551/1465 2924/2945/2690
f 2948/2969/2714 2949/2970/2715 2950/2971/2716
f 2950/2971/2716 2951/2972/2717 2952/2973/2718
f 2950/2971/2716 2953/2974/2719 2954/2975/2720
f 2954/2975/2720 2948/2969/2714 2950/2971/2716
f 2955/2976/2721 1538/1563/1477 1543/1568/1482
f 1543/1568/1482 2956/2977/2722 2955/2976/2721
f 2955/2976/2721 2957/2978/2723 2958/2979/2724
f 2958/2979/2724 2959/2980/2725 2955/2976/2721
f 2960/2981/2726 1545/1570/1484 1550/1575/1489
f 1550/1575/1489 2961/2982/2727 2960/2981/2726
f 2960/2981/2726 2962/2983/2728 2963/2984/2729
f 2963/2984/2729 2964/2985/2730 2960/2981/2726
f 2965/2986/2731 2966/2987/2732 2967/2988/2733
f 2965/2986/2731 2968/2989/2734 2969/2990/2735
f 2969/2990/2735 2970/2991/2736 2965/2986/2731
f 2965/2986/2731 2971/2992/2737 2948/2969/2714
f 2972/2993/2738 2973/2994/2739 2974/2995/2740
f 2973/2994/2739 2975/2996/2741 2974/2995/2740
f 2974/2995/2740 2021/2042/1897 2019/2040/1895
f 2974/2995/2740 2976/2997/2742 2972/2993/2738
f 2977/2998/2743 1564/1589/1502 2978/2999/2744
f 2978/2999/2744 1569/1594/1507 2934/2955/2700
f 2934/2955/2700 2979/3000/2745 2978/2999/2744
f 2978/2999/2744 2980/3001/2746 2977/2998/2743
f 2981/3002/2747 2982/3003/2748 2983/3004/2749
f 2983/3004/2749 2961/2982/2727 2981/3002/2747
f 2981/3002/2747 1574/1599/1511 1573/1598/1477
f 1573/1598/1477 2984/3005/2750 2981/3002/2747
f 2985/3006/2751 2953/2974/2719 2986/3007/2720
f 2986/3007/2720 2975/2996/2741 2985/3006/2751
f 2985/3006/2751 2987/3008/2752 2988/3009/2753
f 2988/3009/2753 2989/3010/2754 2985/3006/2751
f 2952/2973/2718 2990/3011/2755 2991/3012/2756
f 2991/3012/2756 2992/3013/2757 2022/2043/1898
f 2991/3012/2756 2021/2042/1897 2986/3007/2720
f 2986/3007/2720 2952/2973/2718 2991/3012/2756
f 2993/3014/2758 2994/3015/2759 2995/3016/2760
f 2995/3016/2760 2996/3017/2761 2993/3014/2758
f 2993/3014/2758 2968/2989/2734 2967/2988/2733
f 2967/2988/2733 2997/3018/2762 2993/3014/2758
f 2998/3019/2763 2966/2987/2732 2954/2975/2720
f 2954/2975/2720 2989/3010/2754 2998/3019/2763
f 2998/3019/2763 2999/3020/2764 3000/3021/2765
f 3000/3021/2765 2997/3018/2762 2998/3019/2763
f 3001/3022/2766 3002/3023/2767 3003/3024/2768
f 3003/3024/2768 2984/3005/2750 3001/3022/2766
f 3001/3022/2766 1595/1620/1529 1594/1619/1529
f 1594/1619/1529 2959/2980/2725 3001/3022/2766
f 2925/2946/2691 1597/1622/1531 3004/3025/2769
f 3004/3025/2769 1601/1626/1502 2977/2998/2743
f 2977/2998/2743 3005/3026/2770 3004/3025/2769
f 3004/3025/2769 3006/3027/2771 2925/2946/2691
f 3007/3028/1914 1911/1932/1800 2734/2755/2524
f 3007/3028/1914 2396/2417/2200 3008/3029/2772
f 2053/2074/1928 2486/2507/2285 3009/3030/2773
f 1890/1911/1780 3010/3031/2774 1888/1909/1778
f 3011/3032/2775 1923/1944/1812 2743/2764/2533
f 3011/3032/2775 2219/2240/2059 3012/3033/2776
f 556/581/569 3013/3034/1824 554/579/567
f 3014/3035/2777 3015/3036/2778 3016/3037/2779
f 3017/3038/2780 3018/3039/2781 2487/2508/2286
f 3019/3040/2782 2230/2251/2066 3020/3041/2783
f 3021/3042/2784 2503/2524/2302 3022/3043/2785
f 2081/2102/1954 2586/2607/2382 3023/3044/2786
f 2584/2605/2380 3024/3045/2787 3025/3046/2788
f 285/310/314 2425/2446/2228 283/308/312
f 283/308/312 2424/2445/2227 2081/2102/1954
f 3026/3047/2789 3027/3048/2790 3028/3049/2791
f 3029/3050/2792 2405/2426/2209 3026/3047/2789
f 3030/3051/2793 1887/1908/1777 711/736/714
f 711/736/714 3031/3052/2794 3030/3051/2793
f 3032/3053/2795 2419/2440/2222 2120/2141/1761
f 3033/3054/2791 2408/2429/2212 3034/3055/2789
f 3035/3056/2796 3036/3057/2797 3037/3058/2798
f 3012/3033/2776 2222/2243/2062 3035/3056/2796
f 2293/2314/691 296/321/324 2285/2306/689
f 2782/2803/2564 3038/3059/695 1979/2000/1860
f 1983/2004/1862 1937/1958/1282 1740/1765/644
f 3039/3060/36 2308/2329/2124 620/645/625
f 2241/2262/715 415/440/437 3040/3061/1630
f 1335/1360/1292 3041/3062/2799 180/205/210
f 2236/2257/2070 3042/3063/2800 3043/3064/2801
f 519/544/536 3044/3065/1638 583/608/593
f 1895/1916/1785 1900/1921/1790 2567/2588/2364
f 569/594/581 3045/3066/1825 2132/2153/1996
f 571/596/583 3046/3067/2802 3045/3066/1825
f 384/409/410 316/341/344 1904/1925/1794
f 3034/3055/2789 1888/1909/1778 3010/3031/2774
f 3047/3068/2803 2056/2077/1931 3048/3069/2804
f 3048/3069/2804 1929/1950/1817 3047/3068/2803
f 1912/1933/1801 3049/3070/1916 3050/3071/2053
f 2572/2593/2368 3051/3072/2805 2460/2481/2260
f 3050/3071/2053 3027/3048/2790 1912/1933/1801
f 3052/3073/2806 2/27/32 490/515/510
f 1944/1965/1826 3053/3074/2807 3054/3075/2808
f 3054/3075/2808 3055/3076/2809 1944/1965/1826
f 1951/1972/1833 3056/3077/2810 3057/3078/2811
f 1886/1907/1776 677/702/681 2201/2222/2049
f 3057/3078/2811 3036/3057/2797 1951/1972/1833
f 3058/3079/2812 1926/1947/1814 3059/3080/2813
f 3060/3081/2814 2123/2144/1990 1924/1945/1813
f 1924/1945/1813 3061/3082/2815 3060/3081/2814
f 1925/1946/510 2055/2076/1930 2200/2221/2048
f 3062/3083/2816 1987/2008/1864 3063/3084/2817
f 3063/3084/2817 2406/2427/2210 3029/3050/2792
f 3064/3085/2818 3055/3076/2809 3065/3086/2819
f 3008/3029/2772 2399/2420/2203 3064/3085/2818
f 3066/3087/2820 2843/2864/2617 2841/2862/2615
f 2841/2862/2615 3067/3088/2821 3066/3087/2820
f 3068/3089/2822 2326/2347/2138 3069/3090/2823
f 2566/2587/2363 2833/2854/2608 2862/2883/2634
f 2862/2883/2634 3059/3080/2813 2566/2587/2363
f 2215/2236/901 243/268/273 1661/1686/1589
f 2765/2786/2550 3070/3091/2776 2328/2349/2140
f 2362/2383/2167 2790/2811/2569 2132/2153/1996
f 3071/3092/2824 2809/2830/2586 3072/3093/2825
f 1902/1923/1792 3073/3094/2826 2783/2804/2565
f 2870/2891/2641 3074/3095/2827 3075/3096/2828
f 3075/3096/2828 2849/2870/2622 2870/2891/2641
f 607/632/95 1210/1235/1184 605/630/612
f 3076/3097/2829 2034/2055/1909 2049/2070/1924
f 1020/1045/1000 3077/3098/1293 548/573/562
f 3078/3099/1567 164/189/194 688/713/688
f 2291/2312/2112 2339/2360/2150 1886/1907/1776
f 3079/3100/2830 3080/3101/2831 137/162/167
f 3081/3102/97 693/718/696 3082/3103/677
f 2882/2903/2650 3083/3104/2832 3084/3105/2833
f 454/479/476 3085/3106/2834 452/477/474
f 3086/3107/2835 325/350/353 3087/3108/2836
f 2887/2908/2653 3088/3109/2837 3089/3110/2838
f 835/860/819 3090/3111/887 2202/2223/2050
f 3051/3072/2805 3091/3112/2839 2902/2923/2668
f 2902/2923/2668 2460/2481/2260 3051/3072/2805
f 2776/2797/2558 2485/2506/2284 1876/1897/1766
f 2461/2482/2261 2901/2922/2667 2825/2846/2600
f 3092/3113/2840 2660/2681/2452 3093/3114/2841
f 3048/3069/2804 3085/3106/2834 2102/2123/1971
f 3067/3088/2821 3094/3115/2842 3095/3116/2843
f 2706/2727/2498 2072/2093/1945 3096/3117/2844
f 1892/1913/1782 3097/3118/2817 1890/1911/1780
f 3059/3080/2813 3098/3119/2845 3058/3079/2812
f 3099/3120/2846 2762/2783/2548 2034/2055/1909
f 3100/3121/2847 2487/2508/2286 2489/2510/2288
f 3101/3122/2848 326/351/354 3086/3107/2835
f 3102/3123/224 661/686/665 660/685/664
f 3103/3124/2849 825/850/809 1686/1711/1608
f 2774/2795/746 1738/1763/1652 2362/2383/2167
f 40/65/70 938/963/922 846/871/830
f 3104/3125/2850 113/138/143 3105/3126/2851
f 1724/1749/1639 191/216/221 486/511/506
f 2571/2592/2367 3106/3127/2852 2569/2590/2365
f 3090/3111/887 448/473/470 2096/2117/1966
f 2174/2195/2029 2370/2391/2174 3075/3096/2828
f 1737/1762/1651 3043/3064/2801 1892/1913/1782
f 3107/3128/2853 2072/2093/1945 2050/2071/1925
f 1918/1939/1807 3075/3096/2828 3074/3095/2827
f 2236/2257/2070 1738/1763/1652 2234/2255/745
f 375/400/401 1715/1740/1632 4/29/34
f 3108/3129/2589 1877/1898/1767 2061/2082/1935
f 2210/2231/2053 2080/2101/1953 3033/3054/2791
f 3109/3130/709 2137/2158/2000 2288/2309/2110
f 473/498/494 857/882/841 471/496/492
f 2050/2071/1925 3009/3030/2773 3107/3128/2853
f 807/832/717 137/162/167 3080/3101/2831
f 1914/1935/1803 3095/3116/2843 2769/2790/2554
f 3110/3131/2854 2352/2373/2160 1871/1892/1761
f 1916/1937/1805 3074/3095/2827 3066/3087/2820
f 1916/1937/1805 3067/3088/2821 1914/1935/1803
f 3111/3132/85 1976/1997/1857 2321/2342/83
f 2061/2082/1935 3112/3133/607 3108/3129/2589
f 3023/3044/2786 2426/2447/2229 2081/2102/1954
f 3019/3040/2782 2211/2232/2054 2212/2233/2055
f 1643/1668/1572 2245/2266/2077 2308/2329/2124
f 1316/1341/751 2253/2274/2083 2786/2807/752
f 740/765/739 3113/3134/2080 3114/3135/740
f 3115/3136/2855 677/702/681 676/701/680
f 3116/3137/2856 2038/2059/1913 3068/3089/2822
f 3069/3090/2823 2328/2349/2140 3070/3091/2776
f 3104/3125/2850 3117/3138/2857 759/784/754
f 3118/3139/2785 2662/2683/2454 3119/3140/2858
f 2829/2850/2604 3120/3141/2859 3121/3142/2860
f 3121/3142/2860 3122/3143/2861 3123/3144/2862
f 3123/3144/2862 2382/2403/2186 3121/3142/2860
f 3121/3142/2860 2381/2402/2185 2829/2850/2604
f 3124/3145/2863 3125/3146/2864 3126/3147/2865
f 3126/3147/2865 2155/2176/2013 3124/3145/2863
f 2155/2176/2013 3127/3148/2866 3124/3145/2863
f 3127/3148/2866 3128/3149/2867 3124/3145/2863
f 2867/2888/2639 3129/3150/2868 3130/3151/2869
f 3130/3151/2869 3131/3152/2870 3132/3153/2871
f 3130/3151/2869 3133/3154/2872 3127/3148/2866
f 3127/3148/2866 2867/2888/2639 3130/3151/2869
f 2835/2856/2610 2108/2129/1977 3134/3155/2873
f 3134/3155/2873 2107/2128/1976 3135/3156/2874
f 3135/3156/2874 3129/3150/2868 3134/3155/2873
f 3134/3155/2873 3136/3157/2875 2835/2856/2610
f 3137/3158/2876 2154/2175/2012 3126/3147/2865
f 3126/3147/2865 3138/3159/2877 3137/3158/2876
f 3137/3158/2876 3122/3143/2861 3120/3141/2859
f 3120/3141/2859 2356/2377/2164 3137/3158/2876
f 3139/3160/2778 3140/3161/2878 3141/3162/2879
f 3142/3163/2880 3143/3164/2881 3144/3165/2882
f 3145/3166/2883 3146/3167/2884 3147/3168/2885
f 3148/3169/2886 3149/3170/2887 3150/3171/2888
f 3142/3163/2880 3151/3172/2889 3152/3173/2890
f 3153/3174/2891 3140/3161/2878 3154/3175/2892
f 3158/3176/2893 3159/3177/2894 3160/3178/2885
f 3161/3179/2895 3162/3180/2896 3163/3181/2897
f 3164/3182/2898 3132/3153/2871 3165/3183/2895
f 3132/3153/2871 3166/3184/2899 3165/3183/2895
f 3161/3179/2895 3167/3185/2900 3168/3186/2901
f 3169/3187/2902 3016/3037/2779 3170/3188/2903
f 3171/3189/2904 2110/2131/1979 3172/3190/2905
f 3172/3190/2905 3173/3191/2906 3174/3192/2907
f 3169/3187/2902 3175/3193/2908 3014/3035/2777
f 3176/3194/2909 3160/3178/2885 3177/3195/2910
f 3178/3196/2910 2383/2404/2187 3179/3197/2911
f 3179/3197/2911 3180/3198/2912 3181/3199/2913
f 3176/3194/2909 3182/3200/2914 3158/3176/2893
f 3183/3201/2915 3184/3202/2916 3185/3203/2917
f 3186/3204/2917 3138/3159/2877 3187/3205/2918
f 3187/3205/2918 3125/3146/2864 3188/3206/2919
f 3183/3201/2915 3152/3173/2890 3151/3172/2889
f 3189/3207/2920 3182/3200/2914 3190/3208/2921
f 3191/3209/2922 3180/3198/2912 3123/3144/2862
f 3123/3144/2862 3186/3204/2917 3191/3209/2922
f 3189/3207/2920 3150/3171/2888 3149/3170/2887
f 3192/3210/2923 3175/3193/2908 3193/3211/2924
f 3174/3192/2907 2090/2111/1960 3194/3212/2925
f 3194/3212/2925 2379/2400/2183 3178/3196/2910
f 3195/3213/2926 3160/3178/2885 3196/3214/2927
f 3197/3215/2928 3167/3185/2900 3198/3216/2899
f 3199/3217/2929 3131/3152/2870 3135/3156/2874
f 3135/3156/2874 3171/3189/2904 3199/3217/2929
f 3199/3217/2929 3200/3218/2930 3201/3219/2931
f 3202/3220/2932 3152/3173/2890 3203/3221/2933
f 3188/3206/2919 3128/3149/2867 3204/3222/2934
f 3204/3222/2934 3133/3154/2872 3164/3182/2898
f 3202/3220/2932 3205/3223/2935 3143/3164/2881
f 3206/3224/2936 3014/3035/2777 3175/3193/2908
f 3207/3225/2937 3158/3176/2893 3182/3200/2914
f 3168/3186/2901 3208/3226/2938 3162/3180/2896
f 3151/3172/2889 3209/3227/2939 3184/3202/2916
f 3153/3174/2891 3168/3186/2901 3167/3185/2900
f 3210/3228/2940 3143/3164/2881 3205/3223/2935
f 3146/3167/2884 3206/3224/2936 3175/3193/2908
f 3207/3225/2937 3149/3170/2887 3211/3229/2941
f 3212/3230/25 3213/3231/2942 3214/3232/28
f 3213/3231/2942 3215/3233/2943 3214/3232/28
f 3216/3234/20 3217/3235/2944 3218/3236/28
f 3217/3235/2944 3219/3237/21 3218/3236/28
f 3220/3238/2945 3221/3239/2946 3222/3240/2947
f 3221/3239/2946 3223/3241/2948 3222/3240/2947
f 3224/3242/2949 3225/3243/2950 3226/3244/30
f 3225/3243/2950 3227/3245/20 3226/3244/30
f 3223/3241/2948 3211/3229/2941 3228/3246/2951
f 3211/3229/2941 3229/3247/2947 3228/3246/2951
f 3219/3237/21 3230/3248/2952 3231/3249/4
f 3232/3250/2953 3220/3238/2945 3233/3251/4
f 3234/17/2954 3235/3252/2955 3236/18/4
f 3235/3252/2955 3237/3253/30 3236/18/4
f 3227/3245/20 3144/3165/2882 3238/3254/25
f 3144/3165/2882 3239/3255/2949 3238/3254/25
f 3240/3256/2956 3241/3257/2957 3242/3258/2958
f 3242/3258/2958 3243/3259/2959 3244/3260/2960
f 3244/3260/2960 3245/3261/2961 3242/3258/2958
f 3242/3258/2958 3246/3262/2962 3240/3256/2956
f 3241/3257/2957 3247/3263/2963 3248/3264/2964
f 3248/3264/2964 3249/3265/2965 3250/3266/2966
f 3250/3266/2966 3251/3267/2967 3248/3264/2964
f 3248/3264/2964 3243/3259/2959 3241/3257/2957
f 3252/3268/2968 3253/3269/2969 3254/3270/2970
f 3254/3270/2970 3255/3271/2971 3256/3272/2972
f 3256/3272/2972 3244/3260/2960 3254/3270/2970
f 3254/3270/2970 3243/3259/2959 3252/3268/2968
f 3257/3273/2973 3252/3268/2968 3258/3274/2974
f 3258/3274/2974 3243/3259/2959 3251/3267/2967
f 3251/3267/2967 3259/3275/2975 3258/3274/2974
f 3258/3274/2974 3260/3276/2976 3257/3273/2973
f 3261/3277/2977 3262/3278/2978 3263/3279/2979
f 3263/3279/2979 3264/3280/2980 3265/3281/2981
f 3265/3281/2981 3266/3282/2982 3263/3279/2979
f 3263/3279/2979 3267/3283/2983 3261/3277/2977
f 3268/3284/2984 3269/3285/2985 3270/3286/2986
f 3270/3286/2986 3271/3287/2987 3268/3284/2984
f 3268/3284/2984 3272/3288/2988 3273/3289/2989
f 3273/3289/2989 3274/3290/2990 3268/3284/2984
f 3275/3291/2991 3276/3292/2992 3277/3293/2993
f 3277/3293/2993 3269/3285/2985 3274/3290/2990
f 3274/3290/2990 3278/3294/2994 3277/3293/2993
f 3277/3293/2993 3279/3295/2995 3275/3291/2991
f 3280/3296/2996 3281/3297/2997 3282/3298/2998
f 3282/3298/2998 3283/3299/2999 3280/3296/2996
f 3280/3296/2996 3284/3300/3000 3285/3301/3001
f 3285/3301/3001 3286/3302/3002 3280/3296/2996
f 3287/3303/3003 3288/3304/3004 3289/3305/3005
f 3289/3305/3005 3290/3306/3006 3291/3307/3007
f 3291/3307/3007 3292/3308/3008 3289/3305/3005
f 3289/3305/3005 3293/3309/3009 3287/3303/3003
f 3294/3310/3010 3295/3311/3011 3296/3312/3012
f 3296/3312/3012 3297/3313/3013 3294/3310/3010
f 3294/3310/3010 3298/3314/3014 3299/3315/3015
f 3299/3315/3015 3300/3316/3016 3294/3310/3010
f 3301/3317/3017 3302/3318/3018 3303/3319/3019
f 3303/3319/3019 3304/3320/3020 3301/3317/3017
f 3301/3317/3017 3305/3321/3021 3306/3322/3022
f 3306/3322/3022 3307/3323/3023 3301/3317/3017
f 3308/3324/3024 3264/3280/2980 3309/3325/3025
f 3309/3325/3025 3310/3326/3026 3308/3324/3024
f 3308/3324/3024 3311/3327/3027 3312/3328/3028
f 3312/3328/3028 3265/3281/2981 3308/3324/3024
f 3313/3329/3029 3314/3330/3030 3315/3331/3031
f 3315/3331/3031 3316/3332/3032 3313/3329/3029
f 3313/3329/3029 3317/3333/3033 3318/3334/3034
f 3318/3334/3034 3319/3335/3035 3313/3329/3029
f 3297/3313/3013 3320/3336/3036 3321/3337/3037
f 3321/3337/3037 3322/3338/3038 3323/3339/3039
f 3321/3337/3037 3324/3340/3040 3325/3341/3041
f 3325/3341/3041 3297/3313/3013 3321/3337/3037
f 3326/3342/3042 3327/3343/3043 3328/3344/3044
f 3328/3344/3044 3287/3303/3003 3326/3342/3042
f 3326/3342/3042 3293/3309/3009 3329/3345/3045
f 3329/3345/3045 3330/3346/3046 3326/3342/3042
f 3331/3347/3047 3332/3348/3048 3333/3349/3049
f 3333/3349/3049 3334/3350/3050 3331/3347/3047
f 3331/3347/3047 3335/3351/3051 3336/3352/3052
f 3331/3347/3047 3337/3353/3053 3338/3354/3054
f 3283/3299/2999 3339/3355/3055 3340/3356/3056
f 3340/3356/3056 3341/3357/3057 3342/3358/2991
f 3342/3358/2991 3343/3359/3058 3340/3356/3056
f 3340/3356/3056 3284/3300/3000 3283/3299/2999
f 3344/3360/3059 3345/3361/3060 3346/3362/3061
f 3346/3362/3061 3302/3318/3018 3307/3323/3023
f 3346/3362/3061 3347/3363/3062 3348/3364/3063
f 3348/3364/3063 3344/3360/3059 3346/3362/3061
f 3316/3332/3032 3349/3365/3064 3350/3366/3065
f 3350/3366/3065 3351/3367/3066 3352/3368/3067
f 3352/3368/3067 3353/3369/3068 3350/3366/3065
f 3350/3366/3065 3317/3333/3033 3316/3332/3032
f 3354/3370/3069 3355/3371/3070 3296/3312/3012
f 3296/3312/3012 3356/3372/3071 3354/3370/3069
f 3354/3370/3069 3357/3373/3072 3285/3301/3001
f 3285/3301/3001 3358/3374/3073 3354/3370/3069
f 3359/3375/3074 3360/3376/3075 3315/3331/3031
f 3315/3331/3031 3361/3377/3076 3359/3375/3074
f 3359/3375/3074 3362/3378/3077 3329/3345/3045
f 3329/3345/3045 3363/3379/3078 3359/3375/3074
f 3364/3380/3079 3320/3336/3036 3365/3381/3080
f 3365/3381/3080 3355/3371/3070 3358/3374/3073
f 3358/3374/3073 3343/3359/3058 3365/3381/3080
f 3365/3381/3080 3366/3382/2995 3364/3380/3079
f 3367/3383/3081 3368/3384/3082 3369/3385/3083
f 3369/3385/3083 3370/3386/3084 3371/3387/3085
f 3371/3387/3085 3266/3282/2982 3369/3385/3083
f 3369/3385/3083 3372/3388/3086 3367/3383/3081
f 3373/3389/3087 3374/3390/3088 3333/3349/3049
f 3333/3349/3049 3367/3383/3081 3373/3389/3087
f 3373/3389/3087 3372/3388/3086 3312/3328/3028
f 3312/3328/3028 3375/3391/3071 3373/3389/3087
f 3376/3392/3089 3377/3393/3090 3303/3319/3019
f 3303/3319/3019 3378/3394/3091 3376/3392/3089
f 3376/3392/3089 3379/3395/3092 3273/3289/2989
f 3273/3289/2989 3380/3396/3076 3376/3392/3089
f 3378/3394/3091 3345/3361/3060 3381/3397/3093
f 3381/3397/3093 3382/3398/3094 3383/3399/3079
f 3383/3399/3079 3278/3294/2994 3381/3397/3093
f 3381/3397/3093 3379/3395/3092 3378/3394/3091
f 3384/3400/3085 3349/3365/3064 3385/3401/3095
f 3385/3401/3095 3360/3376/3075 3363/3379/3078
f 3363/3379/3078 3292/3308/3008 3385/3401/3095
f 3385/3401/3095 3386/3402/3096 3384/3400/3085
f 3387/3403/3097 3368/3384/3082 3388/3404/3098
f 3388/3404/3098 3332/3348/3048 3338/3354/3054
f 3338/3354/3054 3389/3405/3099 3388/3404/3098
f 3388/3404/3098 3390/3406/3100 3387/3403/3097
f 3391/3407/3101 3392/3408/3102 3393/3409/3103
f 3394/3410/3104 3395/3411/3105 3396/3412/3106
f 3396/3412/3106 3347/3363/3062 3306/3322/3022
f 3306/3322/3022 3397/3413/3107 3396/3412/3106
f 3398/3414/3108 3399/3415/3109 3400/3416/3110
f 3401/3417/3111 3402/3418/3112 3403/3419/3110
f 3400/3416/3110 3404/3420/3113 3318/3334/3034
f 3400/3416/3110 3317/3333/3033 3398/3414/3108
f 3405/3421/3114 3406/3422/3115 3407/3423/3116
f 3408/3424/3117 3409/3425/3118 3410/3426/3119
f 3405/3421/3114 3411/3427/3120 3348/3364/3063
f 3348/3364/3063 3395/3411/3105 3405/3421/3114
f 3412/3428/3121 3413/3429/3122 3414/3430/3123
f 3414/3430/3123 3415/3431/3124 3412/3428/3121
f 3412/3428/3121 3298/3314/3014 3325/3341/3041
f 3325/3341/3041 3416/3432/3118 3412/3428/3121
f 3417/3433/3125 3418/3434/3126 3419/3435/3127
f 3420/3436/3128 3421/3437/3129 3422/3438/3130
f 3423/3439/3131 3389/3405/3099 3419/3435/3127
f 3419/3435/3127 3337/3353/3053 3417/3433/3125
f 3424/3440/3132 3425/3441/3133 3426/3442/3134
f 3426/3442/3134 3427/3443/3135 3398/3414/3108
f 3398/3414/3108 3353/3369/3068 3426/3442/3134
f 3426/3442/3134 3428/3444/3136 3424/3440/3132
f 3429/3445/3137 3430/3446/3138 3431/3447/3139
f 3431/3447/3139 3432/3448/3140 3417/3433/3125
f 3417/3433/3125 3336/3352/3052 3431/3447/3139
f 3431/3447/3139 3335/3351/3051 3429/3445/3137
f 3433/3449/3141 3434/3450/3142 3435/3451/3143
f 3435/3451/3143 3436/3452/3144 3433/3449/3141
f 3433/3449/3141 3437/3453/3145 3299/3315/3015
f 3299/3315/3015 3415/3431/3124 3433/3449/3141
f 3438/3454/3146 3439/3455/3147 3240/3256/2956
f 3240/3256/2956 3440/3456/3148 3438/3454/3146
f 3440/3456/3148 3441/3457/3149 3438/3454/3146
f 3441/3457/3149 3442/3458/3150 3438/3454/3146
f 3440/3456/3148 3245/3261/2961 3443/3459/3151
f 3443/3459/3151 3444/3460/3152 3445/3461/3153
f 3443/3459/3151 3446/3462/3154 3447/3463/3155
f 3447/3463/3155 3440/3456/3148 3443/3459/3151
f 3448/3464/3156 3247/3263/2963 3449/3465/3157
f 3449/3465/3157 3439/3455/3147 3442/3458/3150
f 3442/3458/3150 3450/3466/3158 3449/3465/3157
f 3450/3466/3158 3448/3464/3156 3449/3465/3157
f 3451/3467/3159 3452/3468/3160 3250/3266/2966
f 3250/3266/2966 3448/3464/3156 3451/3467/3159
f 3448/3464/3156 3453/3469/3161 3451/3467/3159
f 3451/3467/3159 3454/3470/3162 3455/3471/3163
f 3456/3472/3164 3253/3269/2969 3457/3473/3165
f 3457/3473/3165 3458/3474/3166 3459/3475/3167
f 3459/3475/3167 3460/3476/3168 3457/3473/3165
f 3460/3476/3168 3456/3472/3164 3457/3473/3165
f 3461/3477/3169 3444/3460/3152 3256/3272/2972
f 3256/3272/2972 3456/3472/3164 3461/3477/3169
f 3456/3472/3164 3462/3478/3170 3461/3477/3169
f 3461/3477/3169 3446/3462/3154 3445/3461/3153
f 3463/3479/3171 3458/3474/3166 3257/3273/2973
f 3257/3273/2973 3464/3480/3172 3463/3479/3171
f 3464/3480/3172 3465/3481/3025 3463/3479/3171
f 3465/3481/3025 3459/3475/3167 3463/3479/3171
f 3464/3480/3172 3259/3275/2975 3466/3482/3173
f 3466/3482/3173 3452/3468/3160 3455/3471/3163
f 3466/3482/3173 3454/3470/3162 3467/3483/2998
f 3467/3483/2998 3464/3480/3172 3466/3482/3173
f 3468/3484/3174 3469/3485/3175 3393/3409/3103
f 3393/3409/3103 3470/3486/3176 3468/3484/3174
f 3470/3486/3176 3401/3417/3111 3471/3487/3177
f 3401/3417/3111 3472/3488/3174 3471/3487/3177
f 3473/3489/3178 3474/3490/3179 3408/3424/3117
f 3408/3424/3117 3475/3491/3174 3473/3489/3178
f 3476/3492/3180 3477/3493/3181 3478/3494/3182
f 3478/3494/3182 3479/3495/3174 3476/3492/3180
f 3480/3496/3183 3481/3497/3126 3482/3498/3174
f 3482/3498/3174 3483/3499/3184 3484/3500/3183
f 3472/3488/3174 3485/3501/3133 3486/3502/3174
f 3486/3502/3174 3421/3437/3129 3480/3496/3183
f 3484/3500/3183 3487/3503/3185 3488/3504/3186
f 3488/3504/3186 3489/3505/3187 3490/3506/3183
f 3490/3506/3183 3491/3507/3188 3492/3508/3189
f 3491/3507/3188 3493/3509/3174 3492/3508/3189
f 3494/3510/3190 1832/1854/1737 1784/1806/1692
f 3486/3502/3174 3488/3504/3186 3492/3508/3189
f 316/341/344 2089/2110/1959 761/786/756
f 1/26/31 575/600/586 2/27/32
f 4/29/34 1715/1740/1632 5/30/35
f 6/31/36 192/217/222 7/32/37
f 8/33/38 1976/1997/1857 9/34/39
f 11/36/41 2231/2252/2067 12/37/42
f 14/39/44 1267/1292/1239 15/40/45
f 16/41/46 15/40/45 17/42/47
f 19/44/49 58/83/88 20/45/50
f 22/47/52 1220/1245/1194 23/48/53
f 24/49/54 23/48/53 25/50/55
f 27/52/57 488/513/508 28/53/58
f 30/55/60 282/307/311 31/56/61
f 32/57/62 31/56/61 33/58/63
f 35/60/65 1338/1363/1294 36/61/66
f 10/35/40 922/947/906 38/63/68
f 39/64/69 1148/1173/1126 40/65/70
f 40/65/70 50/75/80 42/67/72
f 43/68/73 197/222/227 44/69/74
f 46/71/76 160/185/190 47/72/77
f 49/74/79 42/67/72 50/75/80
f 51/76/81 231/256/261 52/77/82
f 53/78/83 2177/2198/2031 54/79/84
f 19/44/49 539/564/554 56/81/86
f 57/82/87 899/924/883 58/83/88
f 59/84/89 1611/1636/1544 60/85/90
f 61/86/91 1292/1317/1261 62/87/92
f 63/88/93 233/258/263 64/89/94
f 66/91/96 176/201/206 67/92/97
f 68/93/98 3495/3511/687 69/94/99
f 70/95/100 1877/1898/1767 71/96/101
f 73/98/103 79/104/109 74/99/104
f 75/100/105 1625/1650/1557 76/101/106
f 73/98/103 76/101/106 77/102/107
f 78/103/108 1255/1280/1227 79/104/109
f 80/105/110 474/499/495 81/106/111
f 82/107/112 1297/1322/864 83/108/113
f 84/109/114 239/264/269 85/110/115
f 85/110/115 381/406/407 87/112/117
f 86/111/116 87/112/117 88/113/118
f 89/114/119 1377/1402/1330 84/109/114
f 90/115/120 1658/1683/1586 91/116/121
f 92/117/122 1303/1328/289 93/118/123
f 94/119/124 467/492/488 95/120/125
f 96/121/126 95/120/125 97/122/127
f 99/124/129 1743/1768/650 100/125/130
f 102/127/132 109/134/139 103/128/133
f 105/130/135 735/760/734 106/131/136
f 108/133/138 2237/2258/2071 109/134/139
f 111/136/141 1692/1717/1613 112/137/142
f 114/139/144 1663/1688/1590 115/140/145
f 116/141/146 115/140/145 117/142/147
f 118/143/148 1263/1288/1235 119/144/149
f 116/141/146 119/144/149 120/145/150
f 121/146/151 1634/1659/1564 122/147/152
f 123/148/153 122/147/152 124/149/154
f 125/150/155 1250/1275/1222 126/151/156
f 126/151/156 863/888/847 121/146/151
f 127/152/157 802/827/790 128/153/158
f 129/154/159 128/153/158 130/155/160
f 131/156/161 645/670/649 132/157/162
f 129/154/159 132/157/162 133/158/163
f 134/159/164 32/57/62 34/59/64
f 136/161/166 3079/3100/2830 137/162/167
f 138/163/168 137/162/167 139/164/169
f 141/166/171 173/198/203 142/167/172
f 144/169/174 892/917/876 145/170/175
f 146/171/176 145/170/175 147/172/177
f 148/173/178 885/910/869 149/174/179
f 146/171/176 149/174/179 150/175/180
f 151/176/181 1878/1899/1768 152/177/182
f 154/179/184 2261/2282/775 155/180/185
f 156/181/186 155/180/185 157/182/187
f 159/184/189 47/72/77 160/185/190
f 162/187/192 729/754/729 163/188/193
f 164/189/194 163/188/193 165/190/195
f 167/192/197 3496/3512/3191 168/193/198
f 170/195/200 660/685/664 171/196/201
f 173/198/203 180/205/210 174/199/204
f 175/200/205 2795/2816/567 176/201/206
f 177/202/207 39/64/69 41/66/71
f 179/204/209 1335/1360/1292 180/205/210
f 181/206/211 609/634/614 182/207/212
f 184/209/214 896/921/880 185/210/215
f 186/211/216 185/210/215 187/212/217
f 188/213/218 630/655/635 189/214/219
f 186/211/216 189/214/219 190/215/220
f 191/216/221 7/32/37 192/217/222
f 191/216/221 193/218/223 194/219/224
f 196/221/226 295/320/323 197/222/227
f 198/223/228 866/891/850 199/224/229
f 200/225/230 199/224/229 201/226/231
f 202/227/232 532/557/549 203/228/233
f 200/225/230 203/228/233 204/229/234
f 205/230/235 211/236/241 206/231/236
f 207/232/237 17/42/47 208/233/238
f 208/233/238 856/881/840 209/234/239
f 205/230/235 209/234/239 210/235/240
f 212/237/242 218/243/248 213/238/243
f 214/239/244 832/857/816 215/240/245
f 212/237/242 215/240/245 216/241/246
f 217/242/247 797/822/786 218/243/248
f 219/244/249 222/247/252 206/231/236
f 211/236/241 210/235/240 220/245/250
f 220/245/250 426/451/448 221/246/251
f 221/246/251 313/338/341 222/247/252
f 223/248/253 1561/1586/1500 224/249/254
f 224/249/254 3497/3513/3192 226/251/256
f 226/251/256 1583/1608/1519 227/252/257
f 227/252/257 1562/1587/1491 223/248/253
f 228/253/258 1967/1988/1848 229/254/259
f 63/88/93 52/77/82 231/256/261
f 232/257/262 1330/1355/1290 233/258/263
f 178/203/208 41/66/71 42/67/72
f 235/260/265 240/265/270 236/261/266
f 237/262/267 775/800/767 238/263/268
f 235/260/265 238/263/268 239/264/269
f 84/109/114 1377/1402/1330 240/265/270
f 241/266/271 247/272/277 242/267/272
f 244/269/274 1652/1677/414 245/270/275
f 158/183/188 157/182/187 247/272/277
f 248/273/278 22/47/52 24/49/54
f 250/275/280 794/819/783 251/276/281
f 252/277/282 1287/1312/1256 253/278/283
f 254/279/122 814/839/800 255/280/284
f 256/281/285 255/280/284 257/282/286
f 258/283/287 1252/1277/1224 259/284/288
f 256/281/285 259/284/288 260/285/289
f 261/286/290 352/377/380 262/287/291
f 26/51/56 25/50/55 264/289/293
f 265/290/294 264/289/293 266/291/295
f 268/293/297 3498/3514/602 143/168/173
f 267/292/296 1707/1732/1625 269/294/298
f 271/296/300 478/503/498 272/297/301
f 274/299/303 743/768/741 275/300/304
f 277/302/306 1965/1986/1387 278/303/307
f 140/165/170 139/164/169 280/305/309
f 281/306/310 280/305/309 282/307/311
f 283/308/312 2082/2103/1955 284/309/313
f 286/311/315 856/881/840 287/312/316
f 288/313/317 287/312/316 289/314/318
f 290/315/319 1289/1314/1258 291/316/320
f 288/313/317 291/316/320 292/317/321
f 293/318/99 683/708/687 294/319/322
f 295/320/323 294/319/322 296/321/324
f 297/322/325 424/449/446 298/323/326
f 300/325/328 794/819/783 301/326/329
f 303/328/331 1906/1927/1795 304/329/332
f 304/329/332 1906/1927/1795 306/331/334
f 308/333/336 848/873/832 309/334/337
f 311/336/339 3499/3515/794 312/337/340
f 314/339/342 1654/1679/1582 315/340/343
f 317/342/345 558/583/571 318/343/346
f 320/345/348 901/926/885 321/346/349
f 322/347/350 1309/1334/1274 323/348/351
f 324/349/352 2317/2338/2132 325/350/353
f 327/352/355 782/807/773 236/261/266
f 240/265/270 1377/1402/1330 328/353/356
f 329/354/357 3500/3516/1329 330/355/358
f 332/357/360 2088/2109/1958 333/358/361
f 332/357/360 334/359/362 335/360/363
f 337/362/365 1793/1815/1700 338/363/366
f 338/363/366 870/895/854 340/365/368
f 340/365/368 1241/1266/1214 341/366/369
f 339/364/367 341/366/369 342/367/370
f 343/368/371 2192/2213/2040 344/369/372
f 336/361/364 335/360/363 346/371/374
f 347/372/375 346/371/374 348/373/376
f 350/375/378 1396/1421/1348 351/376/379
f 352/377/380 351/376/379 353/378/381
f 354/379/382 358/383/386 355/380/383
f 356/381/384 1793/1815/1700 337/362/365
f 354/379/382 337/362/365 342/367/370
f 357/382/385 1234/1259/1208 358/383/386
f 359/384/387 3499/3515/794 311/336/339
f 360/385/388 433/458/455 361/386/389
f 362/387/390 1365/1390/1321 363/388/391
f 365/390/393 1870/1891/1760 366/391/394
f 368/393/396 378/403/404 369/394/397
f 371/396/303 3501/3517/3193 372/397/398
f 374/399/400 1716/1741/1633 375/400/401
f 377/402/403 1454/1479/1395 369/394/397
f 350/375/378 1658/1683/1586 90/115/120
f 380/405/406 1670/1695/1546 381/406/407
f 382/407/408 910/935/894 383/408/409
f 384/409/410 1905/1926/579 385/410/411
f 387/412/413 2226/2247/1581 388/413/414
f 390/415/85 591/616/84 391/416/416
f 393/418/418 401/426/424 394/419/419
f 45/70/75 44/69/74 396/421/184
f 398/423/422 49/74/79 52/77/82
f 400/425/225 3502/3518/224 401/426/424
f 402/427/425 2207/2228/190 403/428/76
f 405/430/427 1337/1362/563 406/431/428
f 172/197/202 171/196/201 408/433/430
f 409/434/431 1150/1175/1128 410/435/432
f 411/436/433 2249/2270/2080 412/437/434
f 414/439/436 3040/3061/1630 415/440/437
f 417/442/439 2209/2230/2052 418/443/440
f 361/386/389 433/458/455 420/445/442
f 421/446/443 420/445/442 422/447/444
f 424/449/446 297/322/325 425/450/447
f 427/452/449 425/450/447 297/322/325
f 428/453/450 297/322/325 299/324/327
f 429/454/451 502/527/522 430/455/452
f 428/453/450 430/455/452 422/447/444
f 360/385/388 311/336/339 431/456/453
f 432/457/454 431/456/453 425/450/447
f 427/452/449 422/447/444 420/445/442
f 432/457/454 420/445/442 433/458/455
f 434/459/456 3503/3519/2832 435/460/457
f 437/462/459 500/525/520 438/463/460
f 18/43/48 17/42/47 207/232/237
f 207/232/237 206/231/236 441/466/463
f 442/467/464 518/543/535 443/468/465
f 445/470/467 835/860/819 446/471/468
f 447/472/469 1361/1386/1317 448/473/470
f 449/474/471 557/582/570 450/475/472
f 452/477/474 2211/2232/2054 453/478/475
f 455/480/477 484/509/504 456/481/478
f 457/482/479 456/481/478 373/398/399
f 458/483/480 1388/1413/1340 459/484/481
f 457/482/479 459/484/481 460/485/482
f 461/486/483 3504/3520/226 462/487/73
f 464/489/485 910/935/894 465/490/486
f 466/491/487 465/490/486 467/492/488
f 468/493/489 2233/2254/2068 469/494/490
f 471/496/492 1629/1654/160 472/497/493
f 472/497/493 81/106/111 474/499/495
f 475/500/496 2130/2151/1846 476/501/164
f 478/503/498 271/296/300 479/504/499
f 481/506/501 2217/2238/2057 482/507/502
f 370/395/171 593/618/173 484/509/504
f 485/510/505 1724/1749/1639 486/511/506
f 307/332/335 306/331/334 488/513/508
f 2/27/32 575/600/586 489/514/509
f 349/374/377 348/373/376 491/516/511
f 491/516/511 816/841/802 493/518/513
f 494/519/514 347/372/375 349/374/377
f 496/521/516 2315/2336/2130 497/522/517
f 499/524/519 1061/1086/1041 500/525/520
f 423/448/445 422/447/444 430/455/452
f 501/526/521 430/455/452 502/527/522
f 441/466/463 206/231/236 222/247/252
f 504/529/524 222/247/252 313/338/341
f 505/530/525 542/567/557 506/531/124
f 508/533/527 1650/1675/1579 509/534/528
f 511/536/530 1607/1632/1540 512/537/513
f 514/539/422 606/631/423 515/540/532
f 442/467/464 544/569/559 517/542/534
f 519/544/536 3505/3521/3194 520/545/537
f 522/547/539 2363/2384/613 523/548/540
f 331/356/359 330/355/358 525/550/542
f 202/227/232 201/226/231 527/552/544
f 528/553/545 527/552/544 529/554/546
f 530/555/547 730/755/730 531/556/548
f 528/553/545 531/556/548 532/557/549
f 533/558/57 2360/2381/2166 534/559/550
f 536/561/551 511/536/530 537/562/552
f 21/46/51 1717/1742/1634 539/564/554
f 540/565/555 501/526/521 503/528/523
f 436/461/458 435/460/457 542/567/557
f 543/568/558 517/542/534 544/569/559
f 507/532/526 506/531/124 546/571/126
f 548/573/562 3077/3098/1293 549/574/563
f 551/576/101 2812/2833/2589 552/577/565
f 554/579/567 2190/2211/205 555/580/568
f 557/582/570 318/343/346 558/583/571
f 18/43/48 440/465/462 559/584/572
f 250/275/280 253/278/283 561/586/574
f 563/588/576 1461/1486/1402 564/589/577
f 566/591/579 1328/1353/1288 567/592/580
f 569/594/581 817/842/803 570/595/582
f 572/597/207 578/603/208 573/598/584
f 575/600/586 1/26/31 576/601/587
f 578/603/208 789/814/264 579/604/589
f 580/605/590 842/867/826 581/606/591
f 583/608/593 3044/3065/1638 584/609/594
f 586/611/596 590/615/600 587/612/597
f 588/613/598 1634/1659/1564 121/146/151
f 121/146/151 863/888/847 589/614/599
f 589/614/599 1267/1292/1239 590/615/600
f 591/616/84 3506/3522/333 592/617/601
f 456/481/478 484/509/504 593/618/173
f 595/620/603 923/948/907 10/35/40
f 596/621/604 2162/2183/102 597/622/605
f 599/624/607 3507/3523/3195 600/625/608
f 602/627/610 818/843/804 603/628/191
f 605/630/612 515/540/532 606/631/423
f 608/633/613 182/207/212 609/634/614
f 611/636/616 701/726/704 612/637/617
f 613/638/618 3508/3524/3196 614/639/619
f 615/640/620 2255/2276/2085 616/641/621
f 618/643/623 623/648/628 619/644/624
f 618/643/623 2245/2266/2077 621/646/626
f 622/647/627 658/683/662 623/648/628
f 624/649/629 644/669/648 625/650/630
f 627/652/632 632/657/637 628/653/633
f 627/652/632 636/661/641 630/655/635
f 631/656/636 665/690/669 632/657/637
f 616/641/621 2256/2277/2086 633/658/638
f 634/659/639 190/215/220 189/214/219
f 189/214/219 630/655/635 636/661/641
f 637/662/642 732/757/731 638/663/643
f 640/665/639 1639/1664/1568 641/666/645
f 643/668/647 133/158/163 132/157/162
f 644/669/648 132/157/162 645/670/649
f 646/671/650 2247/2268/2079 647/672/651
f 649/674/653 56/81/86 539/564/554
f 242/267/272 2307/2328/631 651/676/655
f 643/668/647 2784/2805/1645 653/678/657
f 103/128/133 2239/2260/2073 655/680/659
f 657/682/661 623/648/628 658/683/662
f 659/684/663 408/433/430 171/196/201
f 657/682/661 171/196/201 660/685/664
f 413/438/435 412/437/434 662/687/666
f 664/689/668 632/657/637 665/690/669
f 664/689/668 666/691/670 667/692/671
f 614/639/619 3508/3524/3196 668/693/672
f 669/694/673 668/693/672 670/695/674
f 672/697/676 2274/2295/2088 673/698/677
f 675/700/679 2302/2323/2120 676/701/680
f 678/703/682 204/229/234 203/228/233
f 679/704/683 203/228/233 532/557/549
f 680/705/684 3509/3525/722 681/706/685
f 683/708/687 1638/1663/1567 684/709/688
f 685/710/689 166/191/196 686/711/690
f 688/713/688 164/189/194 166/191/196
f 689/714/692 680/705/684 682/707/686
f 691/716/694 1330/1355/1290 692/717/695
f 172/197/202 410/435/432 694/719/697
f 695/720/698 713/738/716 696/721/699
f 698/723/701 3510/3526/3197 699/724/702
f 699/724/702 612/637/617 701/726/704
f 656/681/660 1885/1906/1775 104/129/134
f 702/727/705 2792/2813/2571 703/728/706
f 308/333/336 310/335/338 705/730/708
f 639/664/644 1322/1347/1282 707/732/710
f 708/733/711 679/704/683 663/688/667
f 709/734/712 2370/2391/2174 710/735/713
f 282/307/311 763/788/633 712/737/715
f 713/738/716 3511/3527/3198 272/297/301
f 635/660/640 636/661/641 714/739/717
f 716/741/719 786/811/776 717/742/720
f 394/419/419 401/426/424 719/744/200
f 101/126/131 2319/2340/685 721/746/722
f 722/747/723 2282/2303/684 723/748/692
f 629/654/634 714/739/717 636/661/641
f 725/750/725 689/714/692 690/715/693
f 674/699/678 3512/3528/3199 727/752/727
f 728/753/728 3513/3529/3200 729/754/729
f 663/688/667 532/557/549 531/556/548
f 413/438/435 531/556/548 730/755/730
f 731/756/706 638/663/643 732/757/731
f 734/759/733 106/131/136 735/760/734
f 737/762/736 3514/3530/3201 738/763/737
f 142/167/172 174/199/204 740/765/739
f 741/766/297 3515/3531/739 742/767/740
f 744/769/742 2797/2818/2574 745/770/743
f 747/772/744 3516/3532/638 748/773/745
f 750/775/735 2310/2331/734 751/776/747
f 232/257/262 231/256/261 753/778/748
f 755/780/750 768/793/761 756/781/751
f 758/783/753 3104/3125/2850 759/784/754
f 761/786/756 308/333/336 706/731/709
f 763/788/633 282/307/311 280/305/309
f 765/790/758 1742/1767/1655 766/791/759
f 768/793/761 1711/1736/1629 769/794/436
f 770/795/762 2303/2324/2121 771/796/763
f 773/798/765 3039/3060/36 620/645/625
f 774/799/766 238/263/268 775/800/767
f 774/799/766 776/801/768 97/122/127
f 774/799/766 95/120/125 467/492/488
f 777/802/769 239/264/269 238/263/268
f 778/803/770 3517/3533/3202 779/804/578
f 781/806/772 852/877/836 775/800/767
f 237/262/267 236/261/266 782/807/773
f 197/222/227 296/321/324 783/808/774
f 44/69/74 783/808/774 784/809/775
f 785/810/397 179/204/209 173/198/203
f 574/599/585 717/742/720 786/811/776
f 788/813/778 3518/3534/3203 571/596/583
f 789/814/264 514/539/422 516/541/533
f 654/679/658 840/865/824 790/815/779
f 654/679/658 791/816/780 133/158/163
f 300/325/328 1294/1319/1263 792/817/781
f 793/818/782 251/276/281 794/819/783
f 795/820/784 213/238/243 218/243/248
f 796/821/785 218/243/248 797/822/786
f 798/823/787 1252/1277/1224 258/283/287
f 796/821/785 258/283/287 257/282/286
f 799/824/788 804/829/792 800/825/789
f 801/826/493 130/155/160 128/153/158
f 799/824/788 128/153/158 802/827/790
f 803/828/791 877/902/861 804/829/792
f 513/538/531 1301/1326/1269 537/562/552
f 805/830/793 2181/2202/2035 449/474/471
f 174/199/204 1713/1738/666 806/831/434
f 764/789/634 280/305/309 139/164/169
f 438/463/460 821/846/340 808/833/794
f 718/743/721 1055/1080/1035 809/834/795
f 810/835/796 346/371/374 335/360/363
f 811/836/797 213/238/243 795/820/784
f 810/835/796 795/820/784 257/282/286
f 812/837/798 348/373/376 346/371/374
f 813/838/799 491/516/511 348/373/376
f 812/837/798 257/282/286 255/280/284
f 813/838/799 255/280/284 814/839/800
f 813/838/799 815/840/801 816/841/802
f 817/842/803 569/594/581 818/843/804
f 111/136/141 3104/3125/2850 758/783/753
f 820/845/806 1604/1629/1537 821/846/340
f 513/538/531 512/537/513 822/847/802
f 823/848/807 423/448/445 501/526/521
f 824/849/808 3519/3535/3204 825/850/809
f 827/852/811 918/943/902 828/853/812
f 334/359/362 333/358/361 830/855/814
f 831/856/815 830/855/814 832/857/816
f 214/239/244 213/238/243 811/836/797
f 831/856/815 811/836/797 335/360/363
f 780/805/771 779/804/578 833/858/817
f 834/859/818 446/471/468 835/860/819
f 836/861/820 3520/3536/3205 837/862/821
f 839/864/823 790/815/779 840/865/824
f 841/866/825 2112/2133/1981 581/606/591
f 723/748/692 1981/2002/725 843/868/827
f 166/191/196 165/190/195 839/864/823
f 844/869/828 758/783/753 760/785/755
f 50/75/80 40/65/70 846/871/830
f 848/873/832 2089/2110/1959 849/874/833
f 98/123/128 97/122/127 776/801/768
f 851/876/835 776/801/768 775/800/767
f 208/233/238 17/42/47 853/878/837
f 853/878/837 1250/1275/1222 855/880/839
f 855/880/839 289/314/318 287/312/316
f 854/879/838 287/312/316 856/881/840
f 857/882/841 1412/1437/1360 858/883/842
f 859/884/843 858/883/842 860/885/844
f 862/887/846 589/614/599 863/888/847
f 126/151/156 1250/1275/1222 853/878/837
f 853/878/837 17/42/47 15/40/45
f 15/40/45 1267/1292/1239 589/614/599
f 864/889/848 868/893/852 147/172/177
f 865/890/849 201/226/231 199/224/229
f 864/889/848 199/224/229 866/891/850
f 867/892/851 882/907/866 868/893/852
f 869/894/853 340/365/368 870/895/854
f 871/896/855 1798/1820/1705 872/897/856
f 869/894/853 872/897/856 873/898/857
f 874/899/858 1241/1266/1214 340/365/368
f 875/900/859 800/825/789 804/829/792
f 876/901/860 804/829/792 877/902/861
f 878/903/862 1261/1286/1233 879/904/863
f 876/901/860 879/904/863 880/905/864
f 148/173/178 147/172/177 868/893/852
f 881/906/865 868/893/852 882/907/866
f 883/908/867 1276/1301/1248 884/909/868
f 881/906/865 884/909/868 885/910/869
f 886/911/870 890/915/874 887/912/871
f 888/913/872 1663/1688/1590 114/139/144
f 886/911/870 114/139/144 120/145/150
f 889/914/873 1257/1282/1229 890/915/874
f 891/916/875 145/170/175 892/917/876
f 893/918/877 529/554/546 527/552/544
f 891/916/875 527/552/544 201/226/231
f 865/890/849 147/172/177 145/170/175
f 894/919/878 187/212/217 185/210/215
f 895/920/879 185/210/215 896/921/880
f 897/922/881 1625/1650/1557 75/100/105
f 895/920/879 75/100/105 74/99/104
f 898/923/882 58/83/88 899/924/883
f 900/925/884 321/346/349 901/926/885
f 902/927/886 3521/3537/3206 903/928/887
f 904/929/888 903/928/887 905/930/889
f 906/931/890 1457/1482/1398 907/932/891
f 904/929/888 907/932/891 908/933/892
f 909/934/893 465/490/486 910/935/894
f 909/934/893 382/407/408 381/406/407
f 909/934/893 85/110/115 239/264/269
f 909/934/893 777/802/769 467/492/488
f 911/936/895 548/573/562 550/575/564
f 550/575/564 3522/3538/3207 913/938/897
f 912/937/896 913/938/897 914/939/898
f 915/940/899 1022/1047/1002 911/936/895
f 479/504/499 271/296/300 916/941/900
f 918/943/902 827/852/811 919/944/903
f 920/945/904 986/1011/966 921/946/905
f 922/947/906 10/35/40 923/948/907
f 925/950/909 929/954/913 926/951/910
f 925/950/909 461/486/483 463/488/484
f 927/952/911 1129/1154/1107 928/953/912
f 928/953/912 1128/1153/1106 929/954/913
f 930/955/914 937/962/921 931/956/915
f 932/957/916 947/972/573 933/958/917
f 930/955/914 933/958/917 934/959/918
f 930/955/914 935/960/919 936/961/920
f 720/745/697 3523/3539/3208 698/723/701
f 582/607/592 2146/2167/2006 939/964/923
f 940/965/924 1141/1166/1119 941/966/925
f 941/966/925 3524/3540/2651 943/968/927
f 942/967/926 943/968/927 944/969/928
f 945/970/929 1134/1159/1112 940/965/924
f 946/971/930 933/958/917 947/972/573
f 948/973/572 1216/1241/1190 949/974/931
f 946/971/930 949/974/931 950/975/932
f 951/976/933 934/959/918 933/958/917
f 952/977/934 436/461/458 505/530/525
f 953/978/935 505/530/525 507/532/526
f 954/979/936 1094/1119/1072 955/980/937
f 956/981/938 3525/3541/3209 957/982/939
f 959/984/940 434/459/456 436/461/458
f 960/985/941 958/983/934 957/982/939
f 962/987/943 966/991/947 515/540/532
f 605/630/612 1210/1235/1184 963/988/944
f 962/987/943 963/988/944 964/989/945
f 965/990/946 968/993/949 966/991/947
f 967/992/948 970/995/951 579/604/589
f 516/541/533 515/540/532 966/991/947
f 967/992/948 966/991/947 968/993/949
f 969/994/950 1072/1097/1052 970/995/951
f 971/996/952 343/368/371 972/997/953
f 973/998/954 972/997/953 974/999/955
f 975/1000/956 1090/1115/1068 976/1001/957
f 973/998/954 976/1001/957 977/1002/958
f 978/1003/959 1201/1226/1176 979/1004/960
f 980/1005/961 979/1004/960 981/1006/807
f 982/1007/962 1037/1062/1017 983/1008/963
f 980/1005/961 983/1008/963 984/1009/964
f 985/1010/965 921/946/905 986/1011/966
f 988/1013/968 1345/1370/1301 989/1014/969
f 991/1016/971 3505/3521/3194 519/544/536
f 992/1017/972 519/544/536 583/608/593
f 994/1019/974 1147/1172/1125 995/1020/975
f 992/1017/972 1067/1092/1047 997/1022/977
f 998/1023/978 1168/1193/515 999/1024/979
f 999/1024/979 3526/3542/3210 1001/1026/981
f 1000/1025/980 1001/1026/981 1002/1027/982
f 1003/1028/983 1103/1128/1081 998/1023/978
f 1004/1029/984 475/500/496 477/502/497
f 1005/1030/985 477/502/497 598/623/606
f 1005/1030/985 1006/1031/986 1007/1032/987
f 1009/1034/989 3527/3543/3211 1010/1035/990
f 1012/1037/992 1161/1186/1139 485/510/505
f 1012/1037/992 487/512/507 1013/1038/993
f 1015/1040/995 1214/1239/1188 1016/1041/996
f 1016/1041/996 3528/3544/1011 1018/1043/998
f 1019/1044/999 1158/1183/1136 1020/1045/1000
f 1021/1046/1001 1020/1045/1000 548/573/562
f 1021/1046/1001 911/936/895 1022/1047/1002
f 1024/1049/1004 3529/3545/3212 1025/1050/1005
f 1027/1052/1007 3505/3521/3194 991/1016/971
f 1028/1053/1008 991/1016/971 997/1022/977
f 1030/1055/1010 1050/1075/1030 1031/1056/1011
f 1030/1055/1010 1032/1057/1012 1033/1058/1013
f 1035/1060/1015 984/1009/964 983/1008/963
f 1036/1061/1016 983/1008/963 1037/1062/1017
f 1039/1064/1019 3530/3546/3213 1040/1065/1020
f 1041/1066/1021 1354/1379/1310 1042/1067/1022
f 1043/1068/1023 1351/1376/1307 1044/1069/1024
f 1045/1070/1025 1128/1153/1106 1046/1071/1026
f 1047/1072/1027 3531/3547/3214 1048/1073/1028
f 1049/1074/1029 1048/1073/1028 1031/1056/1011
f 1038/1063/1018 1037/1062/1017 1051/1076/1031
f 1052/1077/1032 1051/1076/1031 1053/1078/1033
f 1055/1080/1035 718/743/721 1056/1081/1036
f 1056/1081/1036 1072/1097/1052 1058/1083/1038
f 1059/1084/1039 1075/1100/1055 950/975/932
f 1059/1084/1039 1060/1085/1040 1061/1086/1041
f 1063/1088/1043 1103/1128/1081 1003/1028/983
f 1003/1028/983 1002/1027/982 1065/1090/1045
f 1066/1091/1046 997/1022/977 1067/1092/1047
f 1068/1093/1048 1067/1092/1047 1069/1094/1049
f 1071/1096/1051 1058/1083/1038 1072/1097/1052
f 969/994/950 968/993/949 1073/1098/1053
f 1074/1099/1054 1123/1148/1101 934/959/918
f 951/976/933 950/975/932 1075/1100/1055
f 1029/1054/1009 997/1022/977 1066/1091/1046
f 1077/1102/1057 3532/3548/3215 1078/1103/1058
f 1080/1105/1060 1321/1346/795 499/524/519
f 1081/1106/1061 3533/3549/3216 1082/1107/1062
f 1034/1059/1014 1033/1058/1013 1083/1108/1063
f 1083/1108/1063 716/741/719 809/834/795
f 1085/1110/1064 1100/1125/1078 1008/1033/988
f 1086/1111/1065 1008/1033/988 1007/1032/987
f 1088/1113/1067 977/1002/958 976/1001/957
f 1089/1114/1065 976/1001/957 1090/1115/1068
f 1092/1117/1070 3534/3550/3217 955/980/937
f 1093/1118/1071 955/980/937 1094/1119/1072
f 1096/1121/1074 1119/1144/1097 1022/1047/1002
f 915/940/899 914/939/898 1097/1122/1075
f 1070/1095/1050 1069/1094/1049 1098/1123/1076
f 1099/1124/1077 1098/1123/1076 1100/1125/1078
f 1091/1116/1069 1090/1115/1068 1101/1126/1079
f 1102/1127/1080 1101/1126/1079 1103/1128/1081
f 1104/1129/1082 908/933/892 907/932/891
f 1106/1131/1084 3535/3551/3218 1107/1132/1085
f 1109/1134/1087 1348/1373/1304 1110/1135/1088
f 1111/1136/1089 460/485/482 1112/1137/1090
f 1095/1120/1073 1094/1119/1072 1113/1138/1091
f 1114/1139/1092 1113/1138/1091 1115/1140/1093
f 1117/1142/1095 1137/1162/1115 1023/1048/1003
f 1118/1143/1096 1023/1048/1003 1022/1047/1002
f 1120/1145/1098 1073/1098/1053 968/993/949
f 965/990/946 964/989/945 1121/1146/1099
f 1122/1147/1100 1357/1382/1313 936/961/920
f 935/960/919 934/959/918 1123/1148/1101
f 1124/1149/1102 1134/1159/1112 945/970/929
f 945/970/929 944/969/928 1126/1151/1104
f 1127/1152/1105 1046/1071/1026 1128/1153/1106
f 1127/1152/1105 928/953/912 1129/1154/1107
f 1131/1156/1109 3536/3552/3219 1132/1157/1110
f 1133/1158/1111 1132/1157/1110 1134/1159/1112
f 1135/1160/1113 1130/1155/1108 1129/1154/1107
f 1135/1160/1113 1136/1161/1114 1137/1162/1115
f 1138/1163/1116 3537/3553/3220 1139/1164/1117
f 1140/1165/1118 1139/1164/1117 1141/1166/1119
f 940/965/924 1134/1159/1112 1132/1157/1110
f 1142/1167/1120 3538/3554/3221 1115/1140/1093
f 993/1018/973 583/608/593 585/610/595
f 1144/1169/1122 585/610/595 475/500/496
f 1010/1035/990 3527/3543/3211 1145/1170/1123
f 1146/1171/1124 1145/1170/1123 1147/1172/1125
f 1148/1173/1126 39/64/69 395/420/420
f 1149/1174/1127 3539/3555/3222 410/435/432
f 1151/1176/1129 1155/1180/1133 1152/1177/1130
f 1153/1178/1131 1443/1468/1385 1154/1179/1132
f 1154/1179/1132 1354/1379/1310 1041/1066/1021
f 1151/1176/1129 1041/1066/1021 1040/1065/1020
f 927/952/911 463/488/484 1156/1181/1134
f 1157/1182/1135 1156/1181/1134 1158/1183/1136
f 1019/1044/999 1137/1162/1115 1136/1161/1114
f 1136/1161/1114 1129/1154/1107 927/952/911
f 1159/1184/1137 374/399/400 376/401/402
f 1160/1185/1138 376/401/402 485/510/505
f 1018/1043/998 3528/3544/1011 1162/1187/1140
f 1163/1188/1141 1162/1187/1140 1164/1189/1142
f 975/1000/956 974/999/955 1166/1191/1144
f 1167/1192/1145 1166/1191/1144 1168/1193/515
f 1167/1192/1145 998/1023/978 1103/1128/1081
f 1101/1126/1079 1090/1115/1068 975/1000/956
f 538/563/553 537/562/552 1169/1194/1146
f 1171/1196/1148 1460/1485/1401 1172/1197/1149
f 982/1007/962 981/1006/807 1174/1199/555
f 1175/1200/1151 1174/1199/555 1176/1201/556
f 1175/1200/1151 1177/1202/1152 1053/1078/1033
f 1175/1200/1151 1051/1076/1031 1037/1062/1017
f 1178/1203/1153 1325/1350/1285 556/581/569
f 555/580/568 926/951/910 929/954/913
f 1179/1204/1154 3540/3556/3223 1180/1205/1155
f 1181/1206/1156 3541/3557/3224 1182/1207/1157
f 1183/1208/1158 1463/1488/1404 563/588/576
f 1185/1210/1160 3521/3537/3206 902/927/886
f 1186/1211/1161 902/927/886 908/933/892
f 1188/1213/1163 1464/1489/1405 1189/1214/1164
f 1191/1216/1166 3542/3558/3225 1192/1217/1167
f 1187/1212/1162 908/933/892 1104/1129/1082
f 1193/1218/1168 1112/1137/1090 460/485/482
f 459/484/481 1388/1413/1340 1194/1219/1169
f 717/742/720 574/599/585 573/598/584
f 573/598/584 579/604/589 970/995/951
f 1195/1220/1170 970/995/951 1072/1097/1052
f 1195/1220/1170 1056/1081/1036 718/743/721
f 1196/1221/1171 1197/1222/1172 378/403/404
f 368/393/396 484/509/504 455/480/477
f 1196/1221/1171 455/480/477 460/485/482
f 1111/1136/1089 1110/1135/1088 1197/1222/1172
f 1198/1223/1173 437/462/459 439/464/461
f 1200/1225/1175 3543/3559/3226 1201/1226/1176
f 1200/1225/1175 978/1003/959 984/1009/964
f 1203/1228/1178 3544/3560/3227 1204/1229/1179
f 954/979/936 507/532/526 547/572/561
f 1206/1231/1181 547/572/561 1207/1232/1182
f 1143/1168/1121 1115/1140/1093 1113/1138/1091
f 1206/1231/1181 1113/1138/1091 1094/1119/1072
f 1208/1233/94 3013/3034/1824 1209/1234/1183
f 1014/1039/994 1013/1038/993 1211/1236/1185
f 1212/1237/1186 1211/1236/1185 787/812/777
f 786/811/776 716/741/719 1083/1108/1063
f 1213/1238/1187 3545/3561/3228 1214/1239/1188
f 1215/1240/1189 949/974/931 1216/1241/1190
f 1215/1240/1189 820/845/806 438/463/460
f 1215/1240/1189 500/525/520 1061/1086/1041
f 1060/1085/1040 950/975/932 949/974/931
f 1217/1242/1191 1418/1443/1366 150/175/180
f 1219/1244/1193 1274/1299/1246 1220/1245/1194
f 1222/1247/1196 1309/1334/1274 1223/1248/1197
f 1225/1250/1199 1276/1301/1248 1226/1251/1200
f 1228/1253/1202 1408/1433/1200 1229/1254/1203
f 1231/1256/1205 1706/1731/1624 266/291/295
f 1233/1258/1207 1239/1264/1212 1234/1259/1208
f 1236/1261/1210 1283/1308/1254 792/817/781
f 1238/1263/1211 1401/1426/1261 1239/1264/1212
f 1240/1265/1213 1285/1310/1219 1241/1266/1214
f 1243/1268/1213 1426/1451/1373 1244/1269/1216
f 1246/1271/1218 1287/1312/1256 1247/1272/1219
f 1249/1274/1221 1253/1278/1225 289/314/318
f 1249/1274/1221 855/880/839 1250/1275/1222
f 1249/1274/1221 1251/1276/1223 1252/1277/1224
f 798/823/787 797/822/786 1253/1278/1225
f 1254/1279/1226 1258/1283/1230 1255/1280/1227
f 78/103/108 77/102/107 1256/1281/1228
f 1256/1281/1228 887/912/871 890/915/874
f 1254/1279/1226 890/915/874 1257/1282/1229
f 1259/1284/1231 880/905/864 879/904/863
f 1260/1285/1232 879/904/863 1261/1286/1233
f 1260/1285/1232 1262/1287/1234 1263/1288/1235
f 118/143/148 117/142/147 1259/1284/1231
f 1264/1289/1236 1377/1402/1330 89/114/119
f 89/114/119 88/113/118 1266/1291/1238
f 1266/1291/1238 587/612/597 590/615/600
f 1265/1290/1237 590/615/600 1267/1292/1239
f 1268/1293/1240 260/285/289 259/284/288
f 1269/1294/1241 259/284/288 1252/1277/1224
f 1251/1276/1223 1250/1275/1222 125/150/155
f 125/150/155 124/149/154 1268/1293/1240
f 1218/1243/1192 150/175/180 149/174/179
f 1270/1295/1242 149/174/179 885/910/869
f 1271/1296/1243 1278/1303/1250 1272/1297/1244
f 1273/1298/1245 23/48/53 1220/1245/1194
f 1271/1296/1243 885/910/869 884/909/868
f 1275/1300/1247 884/909/868 1276/1301/1248
f 1225/1250/1199 3546/3562/3229 1277/1302/1249
f 1275/1300/1247 1277/1302/1249 1278/1303/1250
f 1279/1304/1251 1235/1260/1209 1234/1259/1208
f 357/382/385 342/367/370 1280/1305/1252
f 1281/1306/1252 251/276/281 793/818/782
f 1282/1307/1253 793/818/782 792/817/781
f 1280/1305/1252 342/367/370 341/366/369
f 341/366/369 1241/1266/1214 1285/1310/1219
f 1286/1311/1255 1247/1272/1219 1287/1312/1256
f 252/277/282 251/276/281 1281/1306/1252
f 1288/1313/1257 1290/1315/1259 1289/1314/1258
f 290/315/319 289/314/318 1253/1278/1225
f 1288/1313/1257 1253/1278/1225 797/822/786
f 217/242/247 216/241/246 1290/1315/1259
f 1291/1316/1260 62/87/92 1292/1317/1261
f 1237/1262/1211 792/817/781 1294/1319/1263
f 1296/1321/1265 83/108/113 1297/1322/864
f 1299/1324/1267 1259/1284/1231 117/142/147
f 1301/1326/1269 513/538/531 263/288/292
f 1302/1327/1270 93/118/123 1303/1328/289
f 1305/1330/1272 1268/1293/1240 124/149/154
f 1307/1332/1149 1704/1729/1620 1079/1104/1059
f 1308/1333/1273 323/348/351 1309/1334/1274
f 1221/1246/1195 1220/1245/1194 22/47/52
f 1311/1336/1276 3547/3563/3230 56/81/86
f 938/963/922 698/723/701 700/725/703
f 411/436/433 730/755/730 1312/1337/1277
f 1314/1339/622 3516/3532/638 747/772/744
f 416/441/438 2251/2272/2081 1316/1341/751
f 611/636/616 614/639/619 753/778/748
f 1318/1343/1280 2032/2053/1908 1319/1344/1281
f 1321/1346/795 1062/1087/1042 1061/1086/1041
f 107/132/137 707/732/710 1322/1347/1282
f 1323/1348/1283 964/989/945 963/988/944
f 1324/1349/1284 963/988/944 1210/1235/1184
f 1209/1234/1183 556/581/569 1325/1350/1285
f 1324/1349/1284 1325/1350/1285 1044/1069/1024
f 1326/1351/1286 1864/1885/1755 1327/1352/1287
f 1329/1354/1289 233/258/263 1330/1355/1290
f 1331/1356/694 67/92/97 176/201/206
f 1333/1358/1291 136/161/166 138/163/168
f 36/61/66 1339/1364/1295 1335/1360/1292
f 1336/1361/1293 158/183/188 241/266/271
f 1338/1363/1294 3548/3564/3231 1339/1364/1295
f 743/768/741 742/767/740 1340/1365/1296
f 275/300/304 1340/1365/1296 1341/1366/1297
f 1328/1353/1288 566/591/579 1343/1368/1299
f 1344/1369/1300 1350/1375/1306 1345/1370/1301
f 987/1012/967 986/1011/966 1346/1371/1302
f 1347/1372/1303 1346/1371/1302 1110/1135/1088
f 1349/1374/1305 1457/1482/1398 1350/1375/1306
f 1323/1348/1283 1044/1069/1024 1351/1376/1307
f 1353/1378/1309 1042/1067/1022 1354/1379/1310
f 1356/1381/1312 936/961/920 1357/1382/1313
f 1352/1377/1308 1121/1146/1099 964/989/945
f 16/41/46 18/43/48 560/585/573
f 1360/1385/1316 448/473/470 1361/1386/1317
f 1360/1385/1316 1362/1387/1318 1363/1388/1319
f 1365/1390/1321 510/535/529 509/534/528
f 1366/1391/1322 833/858/817 779/804/578
f 1368/1393/1324 852/877/836 781/806/772
f 564/589/577 1695/1720/1615 353/378/381
f 1371/1396/1326 1446/1471/1387 1372/1397/306
f 1374/1399/1328 1264/1289/1236 1267/1292/1239
f 367/392/395 366/391/394 1375/1400/1329
f 1301/1326/1269 1695/1720/1615 1169/1194/1146
f 1374/1399/1328 328/353/356 1377/1402/1330
f 726/751/726 1318/1343/1280 1320/1345/197
f 695/720/698 697/722/700 860/885/844
f 1379/1404/698 1410/1435/1331 204/229/234
f 671/696/675 670/695/674 1380/1405/1332
f 1381/1406/1333 1380/1405/1332 1382/1407/1334
f 1384/1409/1336 3549/3565/3232 1385/1410/1337
f 1387/1412/1339 1194/1219/1169 1388/1413/1340
f 1389/1414/1341 1468/1493/1409 1390/1415/1342
f 1386/1411/1338 1703/1728/1622 1391/1416/1343
f 1392/1417/1344 873/898/857 1393/1418/1345
f 1394/1419/1346 1393/1418/1345 833/858/817
f 1370/1395/1325 353/378/381 351/376/379
f 1395/1420/1347 351/376/379 1396/1421/1348
f 1398/1423/1350 1760/1785/1672 1399/1424/1351
f 1400/1425/1352 1399/1424/1351 1234/1259/1208
f 1400/1425/1352 1239/1264/1212 1401/1426/1261
f 1402/1427/1353 1429/1454/90 1398/1423/1350
f 1403/1428/1354 1226/1251/1200 1276/1301/1248
f 883/908/867 882/907/866 1404/1429/1355
f 1405/1430/1354 1435/1460/1355 1406/1431/1356
f 1407/1432/1357 1229/1254/1203 1408/1433/1200
f 1409/1434/1358 1432/1457/1378 866/891/850
f 198/223/228 204/229/234 1410/1435/1331
f 1378/1403/1331 860/885/844 858/883/842
f 1411/1436/1359 858/883/842 1412/1437/1360
f 1414/1439/1362 1223/1248/1197 1309/1334/1274
f 1415/1440/1363 1437/1462/349 1416/1441/1364
f 1417/1442/1365 1416/1441/1364 892/917/876
f 144/169/174 150/175/180 1418/1443/1366
f 1419/1444/1367 1422/1447/1369 1420/1445/1368
f 1421/1446/87 3550/3566/3233 1312/1337/1277
f 1419/1444/1367 1312/1337/1277 730/755/730
f 530/555/547 529/554/546 1422/1447/1369
f 1423/1448/1370 1242/1267/1215 1241/1266/1214
f 1423/1448/1370 874/899/858 873/898/857
f 1397/1422/1349 1396/1421/1348 1424/1449/1371
f 1425/1450/1372 1424/1449/1371 1244/1269/1216
f 1427/1452/1374 1362/1387/1318 1361/1386/1317
f 1428/1453/1375 1760/1785/1672 1398/1423/1350
f 1427/1452/1374 1398/1423/1350 1429/1454/90
f 1430/1455/1376 1363/1388/1319 1362/1387/1318
f 1431/1456/1377 1404/1429/1355 882/907/866
f 867/892/851 866/891/850 1432/1457/1378
f 1413/1438/1361 1412/1437/1360 1433/1458/1379
f 1434/1459/1377 1433/1458/1379 1406/1431/1356
f 1436/1461/1380 1416/1441/1364 1437/1462/349
f 1438/1463/884 1420/1445/1368 1422/1447/1369
f 1436/1461/1380 1422/1447/1369 529/554/546
f 893/918/877 892/917/876 1416/1441/1364
f 1439/1464/1381 931/956/915 937/962/921
f 1441/1466/1383 3551/3567/3234 1355/1380/1311
f 1442/1467/1384 1355/1380/1311 1354/1379/1310
f 1442/1467/1384 1154/1179/1132 1443/1468/1385
f 1445/1470/1386 2176/2197/1769 1446/1471/1387
f 1447/1472/1388 2814/2835/2024 454/479/476
f 1013/1038/993 2058/2079/1754 1448/1473/1389
f 1449/1474/1390 332/357/360 336/361/364
f 1451/1476/1392 1872/1893/1762 1452/1477/1393
f 919/944/903 3552/3568/3235 1454/1479/1395
f 836/861/820 838/863/822 1455/1480/1396
f 1456/1481/1397 1455/1480/1396 1345/1370/1301
f 1456/1481/1397 1350/1375/1306 1457/1482/1398
f 906/931/890 905/930/889 836/861/820
f 1458/1483/1399 1346/1371/1302 986/1011/966
f 920/945/904 919/944/903 377/402/403
f 377/402/403 378/403/404 1197/1222/1172
f 1458/1483/1399 1197/1222/1172 1110/1135/1088
f 1459/1484/1400 1465/1490/1406 1460/1485/1401
f 1170/1195/1147 1169/1194/1146 1461/1486/1402
f 1461/1486/1402 563/588/576 1463/1488/1404
f 1459/1484/1400 1189/1214/1164 1464/1489/1405
f 1466/1491/1407 1389/1414/1341 1388/1413/1340
f 458/483/480 373/398/399 372/397/398
f 372/397/398 1697/1722/1617 1467/1492/1408
f 1466/1491/1407 1467/1492/1408 1468/1493/1409
f 1469/1494/1410 3553/3569/3236 1470/1495/254
f 1471/1496/1411 1470/1495/254 1472/1497/1412
f 1473/1498/1413 210/235/240 209/234/239
f 209/234/239 856/881/840 1469/1494/1410
f 1474/1499/1414 1477/1502/1417 1475/1500/1415
f 1476/1501/1416 3553/3569/3236 1469/1494/1410
f 1474/1499/1414 1469/1494/1410 856/881/840
f 286/311/315 292/317/321 1477/1502/1417
f 1473/1498/1413 1472/1497/1412 1478/1503/1418
f 1479/1504/1419 1478/1503/1418 1480/1505/1420
f 1481/1506/1421 426/451/448 220/245/250
f 1479/1504/1419 220/245/250 210/235/240
f 1482/1507/1422 1481/1506/1421 1480/1505/1420
f 1482/1507/1422 1483/1508/1423 1484/1509/1424
f 1485/1510/1425 298/323/326 424/449/446
f 1482/1507/1422 424/449/446 426/451/448
f 1486/1511/1426 1514/1539/1453 1487/1512/1427
f 1488/1513/1428 1487/1512/1427 1489/1514/1429
f 1490/1515/1430 1518/1543/1457 1491/1516/1431
f 1488/1513/1428 1491/1516/1431 1492/1517/1432
f 1493/1518/1433 1514/1539/1453 1486/1511/1426
f 1494/1519/1434 1486/1511/1426 1492/1517/1432
f 1495/1520/1435 1526/1551/1465 1496/1521/1436
f 1494/1519/1434 1496/1521/1436 1497/1522/1437
f 1498/1523/1438 1599/1624/1533 1499/1524/1439
f 1500/1525/1440 1499/1524/1439 1501/1526/1441
f 1502/1527/1442 3554/3570/3237 1503/1528/1443
f 1500/1525/1440 1503/1528/1443 1504/1529/1444
f 1505/1530/1445 1511/1536/1450 1506/1531/1446
f 1507/1532/1416 3555/3571/3238 1508/1533/1447
f 1508/1533/1447 1569/1594/1507 1509/1534/1448
f 1505/1530/1445 1509/1534/1448 1510/1535/1449
f 1512/1537/1451 1489/1514/1429 1487/1512/1427
f 1513/1538/1452 1487/1512/1427 1514/1539/1453
f 1515/1540/1454 3556/3572/3239 1516/1541/1455
f 1516/1541/1455 3557/3573/3240 1512/1537/1451
f 1517/1542/1456 1521/1546/1460 1518/1543/1457
f 1490/1515/1430 1489/1514/1429 1512/1537/1451
f 1512/1537/1451 3557/3573/3240 1519/1544/1458
f 1517/1542/1456 1519/1544/1458 1520/1545/1459
f 1522/1547/1461 1515/1540/1454 1514/1539/1453
f 1493/1518/1433 1497/1522/1437 1523/1548/1462
f 1523/1548/1462 3558/3574/3241 1524/1549/1463
f 1524/1549/1463 3556/3572/3239 1515/1540/1454
f 1523/1548/1462 1497/1522/1437 1496/1521/1436
f 1525/1550/1464 1496/1521/1436 1526/1551/1465
f 1525/1550/1464 1527/1552/1466 1528/1553/1467
f 1529/1554/1468 3558/3574/3241 1523/1548/1462
f 1530/1555/1469 1553/1578/1492 1531/1556/1470
f 1531/1556/1470 1552/1577/1491 1533/1558/1472
f 1532/1557/1471 1533/1558/1472 1534/1559/1473
f 1532/1557/1471 1535/1560/1474 1536/1561/1475
f 1537/1562/1476 1543/1568/1482 1538/1563/1477
f 1539/1564/1478 1593/1618/1528 1540/1565/1479
f 1537/1562/1476 1540/1565/1479 1541/1566/1480
f 1542/1567/1481 3559/3575/3242 1543/1568/1482
f 1544/1569/1483 1550/1575/1489 1545/1570/1484
f 1546/1571/1485 3560/3576/3243 1547/1572/1486
f 1544/1569/1483 1547/1572/1486 1548/1573/1487
f 1549/1574/1488 1574/1599/1511 1550/1575/1489
f 1551/1576/1490 1557/1582/1496 1552/1577/1491
f 1551/1576/1490 1531/1556/1470 1553/1578/1492
f 1554/1579/1493 3561/3577/3244 1555/1580/1494
f 1551/1576/1490 1555/1580/1494 1556/1581/1495
f 1558/1583/1497 3562/3578/3245 1559/1584/1498
f 1560/1585/1499 1559/1584/1498 1561/1586/1500
f 1560/1585/1499 223/248/253 1562/1587/1491
f 1563/1588/1501 1579/1604/1516 1558/1583/1497
f 1564/1589/1502 1601/1626/1502 1565/1590/1503
f 1566/1591/1504 1565/1590/1503 1567/1592/1505
f 1568/1593/1506 1510/1535/1449 1509/1534/1448
f 1566/1591/1504 1509/1534/1448 1569/1594/1507
f 1570/1595/1508 1575/1600/1512 1571/1596/1509
f 1572/1597/1510 1595/1620/1529 1573/1598/1477
f 1570/1595/1508 1573/1598/1477 1574/1599/1511
f 1549/1574/1488 1548/1573/1487 1575/1600/1512
f 1576/1601/1513 1580/1605/1472 1534/1559/1473
f 1577/1602/1514 1591/1616/1526 1578/1603/1515
f 1576/1601/1513 1578/1603/1515 1579/1604/1516
f 1563/1588/1501 1562/1587/1491 1580/1605/1472
f 1581/1606/1517 1536/1561/1475 1535/1560/1474
f 1535/1560/1474 1534/1559/1473 1580/1605/1472
f 1582/1607/1518 1580/1605/1472 1562/1587/1491
f 1582/1607/1518 227/252/257 1583/1608/1519
f 1584/1609/1520 1588/1613/1523 1585/1610/1521
f 1586/1611/1522 1552/1577/1491 1557/1582/1496
f 1584/1609/1520 1557/1582/1496 1556/1581/1495
f 1587/1612/1463 3563/3579/3246 1588/1613/1523
f 1589/1614/1524 1533/1558/1472 1552/1577/1491
f 1586/1611/1522 1585/1610/1521 1590/1615/1525
f 1589/1614/1524 1590/1615/1525 1591/1616/1526
f 1577/1602/1514 1534/1559/1473 1533/1558/1472
f 1592/1617/1527 1596/1621/1530 1593/1618/1528
f 1539/1564/1478 1538/1563/1477 1594/1619/1529
f 1592/1617/1527 1594/1619/1529 1595/1620/1529
f 1572/1597/1510 1571/1596/1509 1596/1621/1530
f 1597/1622/1531 1501/1526/1441 1499/1524/1439
f 1598/1623/1532 1499/1524/1439 1599/1624/1533
f 1600/1625/1534 1567/1592/1505 1565/1590/1503
f 1598/1623/1532 1565/1590/1503 1601/1626/1502
f 1602/1627/1535 1256/1281/1228 77/102/107
f 477/502/497 476/501/164 596/621/604
f 1602/1627/1535 1675/1700/278 887/912/871
f 1216/1241/1190 3564/3580/463 1604/1629/1537
f 1605/1630/1538 1266/1291/1238 88/113/118
f 1605/1630/1538 1635/1660/1565 587/612/597
f 536/561/551 3565/3581/3247 1607/1632/1540
f 1608/1633/1541 1630/1655/1560 1609/1634/1542
f 1611/1636/1544 59/84/89 1612/1637/1545
f 1614/1639/409 3083/3104/2832 826/851/810
f 1097/1122/1075 914/939/898 1615/1640/1547
f 898/923/882 901/926/885 1617/1642/1549
f 1619/1644/1551 3534/3550/3217 1092/1117/1070
f 93/118/123 1678/1703/1602 379/404/405
f 913/938/897 3522/3538/3207 829/854/813
f 1621/1646/1553 737/762/736 739/764/738
f 1622/1647/1554 434/459/456 959/984/940
f 828/853/812 1615/1640/1547 914/939/898
f 1624/1649/1556 1660/1685/1588 1625/1650/1557
f 897/922/881 896/921/880 1626/1651/50
f 739/764/738 738/763/737 1627/1652/1558
f 1628/1653/1559 1627/1652/1558 1629/1654/160
f 1630/1655/1560 1608/1633/1541 1173/1198/1150
f 1631/1656/1561 1867/1888/1757 327/352/355
f 1632/1657/1562 383/408/409 910/935/894
f 1633/1658/1563 1666/1691/1592 1634/1659/1564
f 588/613/598 587/612/597 1635/1660/1565
f 474/499/495 1677/1702/1601 1636/1661/1566
f 1637/1662/98 3566/3582/2088 1638/1663/1567
f 112/137/142 1692/1717/1613 641/666/645
f 1640/1665/1569 309/334/337 848/873/832
f 1641/1666/1570 1676/1701/1600 80/105/110
f 1642/1667/1571 1691/1716/1612 1643/1668/1572
f 1645/1670/1574 1341/1366/1297 1646/1671/1575
f 642/667/646 1717/1742/1634 1648/1673/1577
f 1649/1674/1578 2880/2901/2648 1650/1675/1579
f 924/949/908 576/601/587 1/26/31
f 1651/1676/1580 245/270/275 1652/1677/414
f 279/304/308 315/340/343 1654/1679/1582
f 1655/1680/1583 156/181/186 158/183/188
f 1656/1681/1584 265/290/294 267/292/296
f 263/288/292 822/847/802 1657/1682/1585
f 261/286/290 1657/1682/1585 91/116/121
f 1603/1628/1536 77/102/107 76/101/106
f 1659/1684/1587 76/101/106 1625/1650/1557
f 562/587/575 301/326/329 794/819/783
f 243/268/273 242/267/272 652/677/656
f 1300/1325/1268 117/142/147 115/140/145
f 1662/1687/1584 115/140/145 1663/1688/1590
f 1306/1331/574 124/149/154 122/147/152
f 1665/1690/575 122/147/152 1634/1659/1564
f 1667/1692/1593 478/503/498 480/505/500
f 1669/1694/1595 87/112/117 381/406/407
f 1606/1631/1539 88/113/118 87/112/117
f 184/209/214 190/215/220 1671/1696/1596
f 59/84/89 62/87/92 1673/1698/1598
f 1672/1697/1597 1626/1651/50 896/921/880
f 1674/1699/1599 1664/1689/1591 1663/1688/1590
f 888/913/872 887/912/871 1675/1700/278
f 1676/1701/1600 1407/1432/1357 1406/1431/1356
f 1641/1666/1570 1229/1254/1203 1407/1432/1357
f 379/404/405 1424/1449/1371 1396/1421/1348
f 1647/1672/1576 650/675/654 642/667/646
f 1678/1703/1602 1244/1269/1216 1424/1449/1371
f 246/271/276 3567/3583/3248 1679/1704/1603
f 1342/1367/1298 1341/1366/1297 1645/1670/1574
f 1295/1320/1264 1294/1319/1263 1680/1705/1565
f 1682/1707/1389 393/418/418 395/420/420
f 1684/1709/1606 3568/3584/3249 1363/1388/1319
f 1685/1710/1607 60/85/90 1611/1636/1544
f 1677/1702/1601 1406/1431/1356 1433/1458/1379
f 1636/1661/1566 1433/1458/1379 1412/1437/1360
f 80/105/110 1676/1701/1600 1677/1702/1601
f 62/87/92 1291/1316/1260 1687/1712/1609
f 1158/1183/1136 2213/2234/421 1688/1713/1583
f 1628/1653/1559 859/884/843 861/886/845
f 656/681/660 655/680/659 1640/1665/1569
f 1689/1714/1610 2265/2286/2092 1690/1715/1611
f 1692/1717/1613 1645/1670/1574 1647/1672/1576
f 861/886/845 860/885/844 697/722/700
f 401/426/424 3502/3518/224 1693/1718/664
f 742/767/740 3569/3585/2080 1694/1719/1614
f 262/287/291 353/378/381 1695/1720/1615
f 1623/1648/1555 1455/1480/1396 838/863/822
f 989/1014/969 1345/1370/1301 1455/1480/1396
f 1696/1721/1616 1467/1492/1408 1697/1722/1617
f 1294/1319/1263 300/325/328 302/327/330
f 1699/1724/1619 1468/1493/1409 1467/1492/1408
f 1700/1725/1620 1390/1415/1342 1468/1493/1409
f 320/345/348 323/348/351 1701/1726/1536
f 1307/1332/1149 1391/1416/1343 1703/1728/1622
f 1230/1255/1204 1229/1254/1203 1641/1666/1570
f 267/292/296 266/291/295 1706/1731/1624
f 1245/1270/1217 1244/1269/1216 1678/1703/1602
f 1709/1734/1627 253/278/283 1287/1312/1256
f 851/876/835 2114/2135/1982 1710/1735/1628
f 1616/1641/1548 1615/1640/1547 921/946/905
f 901/926/885 320/345/348 1702/1727/1621
f 1613/1638/1546 3103/3124/2849 1686/1711/1608
f 1692/1717/1613 111/136/141 819/844/805
f 1711/1736/1629 33/58/63 1712/1737/1630
f 180/205/210 3041/3062/2799 1713/1738/666
f 1317/1342/1279 847/872/831 701/726/704
f 93/118/123 1302/1327/1270 1708/1733/1626
f 1714/1739/1631 1866/1887/1756 1715/1740/1632
f 3/28/33 38/63/68 922/947/906
f 1717/1742/1634 642/667/646 650/675/654
f 471/496/492 857/882/841 859/884/843
f 323/348/351 1308/1333/1273 1718/1743/1535
f 1696/1721/1616 1028/1053/1008 1029/1054/1009
f 1719/1744/1635 3570/3586/3250 1720/1745/1636
f 1722/1747/1638 140/165/170 281/306/310
f 1621/1646/1553 1667/1692/1593 1668/1693/1594
f 375/400/401 4/29/34 7/32/37
f 26/51/56 1744/1769/1656 249/274/279
f 1725/1750/1640 1729/1754/1644 1726/1751/1641
f 1725/1750/1640 2305/2326/2123 1728/1753/1643
f 1730/1755/629 247/272/277 157/182/187
f 989/1014/969 1619/1644/1551 1620/1645/1552
f 58/83/88 898/923/882 1618/1643/1550
f 253/278/283 1709/1734/1627 1732/1757/1646
f 248/273/278 3571/3587/3251 1310/1335/1275
f 1653/1678/1581 2024/2045/1900 1733/1758/1647
f 844/869/828 1342/1367/1298 819/844/805
f 1734/1759/1648 960/985/941 961/986/942
f 1736/1761/1650 678/703/682 679/704/683
f 1737/1762/1651 2138/2159/2001 745/770/743
f 1739/1764/1653 1983/2004/1862 1740/1765/644
f 1742/1767/1655 100/125/130 1743/1768/650
f 265/290/294 1656/1681/1584 1744/1769/1656
f 1615/1640/1547 828/853/812 918/943/902
f 1745/1770/1657 833/858/817 1393/1418/1345
f 1746/1771/1658 1393/1418/1345 873/898/857
f 872/897/856 1798/1820/1705 1747/1772/1659
f 1746/1771/1658 1747/1772/1659 1748/1773/1660
f 1749/1774/1661 1753/1778/1665 1750/1775/1662
f 1751/1776/1663 1756/1781/1668 1752/1777/1664
f 1752/1777/1664 1361/1386/1317 447/472/469
f 447/472/469 446/471/468 1753/1778/1665
f 1754/1779/1666 1760/1785/1672 1428/1453/1375
f 1428/1453/1375 1361/1386/1317 1752/1777/1664
f 1755/1780/1667 1752/1777/1664 1756/1781/1668
f 1755/1780/1667 1757/1782/1669 1758/1783/1670
f 358/383/386 1234/1259/1208 1399/1424/1351
f 1759/1784/1671 1399/1424/1351 1760/1785/1672
f 1754/1779/1666 1758/1783/1670 1761/1786/1673
f 1759/1784/1671 1761/1786/1673 355/380/383
f 1762/1787/1674 1753/1778/1665 446/471/468
f 834/859/818 833/858/817 1745/1770/1657
f 1762/1787/1674 1745/1770/1657 1748/1773/1660
f 1763/1788/1675 1750/1775/1662 1753/1778/1665
f 3572/3588/3252 3573/16/3253 1765/2/3254
f 3573/16/3255 1856/1878/1740 1766/3/1745
f 3576/10/16 3577/3589/3255 1764/1/3256
f 1767/1789/1676 1852/1874/1749 1768/1790/1677
f 1770/1792/1679 3583/3590/3257 1771/1793/1680
f 1773/1795/1682 1839/1861/1743 1774/1796/1683
f 1776/1798/1680 3584/3591/3258 1773/1795/1682
f 1777/1799/1685 1850/1872/1748 1778/1800/1686
f 1774/1796/1683 1839/1861/1743 1780/1802/1688
f 1768/1790/1677 1830/1852/1735 1782/1804/1690
f 1783/1805/1691 1825/1847/1731 1784/1806/1692
f 1783/1805/1691 1785/1807/1693 1772/1794/1681
f 1787/1809/1695 1758/1783/1670 1757/1782/1669
f 1757/1782/1669 1756/1781/1668 1789/1811/1696
f 1790/1812/1697 3585/3592/3259 1775/1797/1684
f 1790/1812/1697 1774/1796/1683 1781/1803/1689
f 1792/1814/1699 1817/1839/1723 1793/1815/1700
f 356/381/384 355/380/383 1794/1816/1701
f 1795/1817/1702 1815/1837/1706 1769/1791/1678
f 1795/1817/1702 1782/1804/1690 1779/1801/1687
f 1797/1819/1704 1811/1833/1718 1798/1820/1705
f 871/896/855 870/895/854 1799/1821/1706
f 1800/1822/1707 1809/1831/1716 1801/1823/1708
f 1800/1822/1707 1802/1824/1709 1803/1825/1710
f 1805/1827/1712 1827/1849/1732 1750/1775/1662
f 1763/1788/1675 1748/1773/1660 1806/1828/1713
f 1807/1829/1714 1796/1818/1703 1779/1801/1687
f 1808/1830/1715 1833/1855/1738 1801/1823/1708
f 1806/1828/1713 1748/1773/1660 1747/1772/1659
f 1810/1832/1717 1747/1772/1659 1798/1820/1705
f 1812/1834/1719 1791/1813/1698 1781/1803/1689
f 1814/1836/1721 1767/1789/1676 1769/1791/1678
f 1816/1838/1722 1799/1821/1706 870/895/854
f 338/363/366 1793/1815/1700 1817/1839/1723
f 1818/1840/1724 1787/1809/1695 1819/1841/1725
f 1818/1840/1724 1820/1842/1726 1821/1843/1727
f 1794/1816/1701 355/380/383 1761/1786/1673
f 1818/1840/1724 1761/1786/1673 1758/1783/1670
f 1822/1844/1728 1804/1826/1711 1803/1825/1710
f 1824/1846/1730 3494/3510/3190 1784/1806/1692
f 1826/1848/1728 1789/1811/1696 1756/1781/1668
f 1751/1776/1663 1750/1775/1662 1827/1849/1732
f 1802/1824/1709 1846/1868/1746 1828/1850/1733
f 1770/1792/1679 1772/1794/1681 1785/1807/1693
f 1777/1799/1685 1779/1801/1687 1782/1804/1690
f 1831/1853/1736 1846/1868/1746 1802/1824/1709
f 1832/1854/1737 1829/1851/1734 1785/1807/1693
f 1831/1853/1736 1801/1823/1708 1833/1855/1738
f 1780/1802/1688 1854/1876/1749 1813/1835/1720
f 1828/1850/1733 1861/1882/1752 1823/1845/1729
f 1835/1857/1740 1770/1792/1679 1829/1851/1734
f 1829/1851/1734 1832/1854/1737 1837/1859/1741
f 1838/1860/1742 1780/1802/1688 1839/1861/1743
f 1839/1861/1743 1773/1795/1682 1841/1863/1745
f 1842/1864/11 1777/1799/1685 1830/1852/1735
f 1830/1852/1735 1768/1790/1677 1844/1866/1742
f 1845/1867/1742 1828/1850/1733 1846/1868/1746
f 1846/1868/1746 1831/1853/1736 1848/1870/1741
f 1848/1870/1741 1831/1853/1736 1834/1856/1739
f 1850/1872/1748 1777/1799/1685 1842/1864/11
f 1844/1866/1742 1768/1790/1677 1852/1874/1749
f 1854/1876/1749 1780/1802/1688 1838/1860/1742
f 1856/1878/1740 3586/3593/3260 1857/1879/1751
f 1857/1879/1751 3587/3594/3261 1858/7/11
f 1837/1859/1741 1832/1854/1737 1859/1880/1752
f 1861/1882/1752 1828/1850/1733 1845/1867/1742
f 1863/1884/1754 400/425/225 393/418/418
f 399/424/423 52/77/82 63/88/93
f 1864/1885/1755 1995/2016/1571 1865/1886/1573
f 1866/1887/1756 1865/1886/1573 5/30/35
f 1867/1888/1757 2883/2904/2651 782/807/773
f 468/493/489 470/495/491 1868/1889/1758
f 1869/1890/1759 2742/2763/2532 1870/1891/1760
f 1871/1892/1761 2352/2373/2160 324/349/352
f 1873/1894/1763 2053/2074/1928 1874/1895/1764
f 1875/1896/1765 2700/2721/2492 1876/1897/1766
f 37/62/67 36/61/66 179/204/209
f 70/95/100 34/59/64 33/58/63
f 1711/1736/1629 768/793/761 1877/1898/1767
f 29/54/59 28/53/58 1878/1899/1768
f 1879/1900/1769 2320/2341/2063 1880/1901/1770
f 278/303/307 1885/1906/1775 849/874/833
f 849/874/833 2089/2110/1959 315/340/343
f 1882/1903/1772 2793/2814/2572 1883/1904/1773
f 1880/1901/1770 102/127/132 104/129/134
f 1881/1902/1771 104/129/134 1885/1906/1775
f 1886/1907/1776 2339/2360/2150 1887/1908/1777
f 1888/1909/1778 2409/2430/2213 1889/1910/1779
f 1890/1911/1780 1889/1910/1779 1891/1912/1781
f 1893/1914/1783 2766/2787/2551 1894/1915/1784
f 1896/1917/1786 3588/3595/1980 1897/1918/1787
f 1894/1915/1784 2767/2788/2552 1899/1920/1789
f 1900/1921/1790 1899/1920/1789 1901/1922/1791
f 271/296/300 273/298/302 1903/1924/1793
f 1904/1925/1794 2131/2152/1299 1905/1926/579
f 1906/1927/1795 1742/1767/1655 765/790/758
f 306/331/334 765/790/758 1728/1753/1643
f 1907/1928/1796 1913/1934/1802 1908/1929/1797
f 1909/1930/1798 2731/2752/2521 1910/1931/1799
f 1907/1928/1796 1910/1931/1799 1911/1932/1800
f 1912/1933/1801 3027/3048/2790 1913/1934/1802
f 1914/1935/1803 2770/2791/2190 1915/1936/1804
f 1916/1937/1805 1915/1936/1804 1917/1938/1806
f 1919/1940/1808 2029/2050/1905 1920/1941/1809
f 1920/1941/1809 2816/2837/2591 1922/1943/1811
f 1921/1942/1810 1922/1943/1811 1923/1944/1812
f 1924/1945/1813 2123/2144/1990 1919/1940/1808
f 1925/1946/510 482/507/502 1884/1905/1774
f 1926/1947/1814 2773/2794/1920 1927/1948/1815
f 1928/1949/1816 1927/1948/1815 1929/1950/1817
f 1931/1952/212 2363/2384/613 1932/1953/1819
f 1933/1954/1820 2170/2191/2025 1934/1955/213
f 1935/1956/1821 2304/2325/2122 1936/1957/135
f 678/703/682 1736/1761/1650 1938/1959/716
f 1939/1960/1822 1980/2001/749 1940/1961/748
f 1728/1753/1643 765/790/758 767/792/760
f 1942/1963/1824 64/89/94 233/258/263
f 1943/1964/1825 1967/1988/1848 747/772/744
f 1944/1965/1826 3055/3076/2809 1945/1966/1827
f 1946/1967/1828 1945/1966/1827 1947/1968/1829
f 1948/1969/1830 2737/2758/2527 1949/1970/1831
f 1946/1967/1828 1949/1970/1831 1950/1971/1832
f 1951/1972/1833 3036/3057/2797 1952/1973/1834
f 1952/1973/1834 2372/2393/2176 1954/1975/1836
f 1954/1975/1836 2729/2750/2519 1955/1976/1837
f 1953/1974/1835 1955/1976/1837 1956/1977/1838
f 1957/1978/1839 2337/2358/2149 1958/1979/1840
f 1959/1980/1841 1958/1979/1840 1960/1981/1842
f 1961/1982/1843 2257/2278/2087 1962/1983/1844
f 1959/1980/1841 1962/1983/1844 1963/1984/1845
f 1723/1748/594 281/306/310 30/55/60
f 1881/1902/1771 278/303/307 1965/1986/1387
f 228/253/258 2054/2075/1929 1966/1987/1847
f 1315/1340/1278 747/772/744 1967/1988/1848
f 1968/1989/1849 2401/2422/2205 1969/1990/1850
f 1970/1991/1851 1969/1990/1850 1971/1992/1852
f 1972/1993/1853 2391/2412/2195 1973/1994/1854
f 1970/1991/1851 1973/1994/1854 1974/1995/1855
f 1337/1362/563 241/266/271 243/268/273
f 66/91/96 69/94/99 1975/1996/1856
f 8/33/38 38/63/68 726/751/726
f 690/715/693 682/707/686 1976/1997/1857
f 1977/1998/1858 2296/2317/2114 1978/1999/1859
f 1979/2000/1860 3038/3059/695 1980/2001/749
f 169/194/199 843/868/827 1981/2002/725
f 648/673/652 647/672/651 1982/2003/1861
f 1651/1676/1580 1733/1758/1647 1935/1956/1821
f 1983/2004/1862 1739/1764/1653 245/270/275
f 1964/1985/1846 30/55/60 32/57/62
f 1984/2005/1856 293/318/99 295/320/323
f 495/520/515 349/374/377 492/517/512
f 1986/2007/1863 2406/2427/2210 1987/2008/1864
f 1988/2009/1865 1987/2008/1864 1989/2010/1866
f 1990/2011/1867 2254/2275/2084 1991/2012/1868
f 1988/2009/1865 1991/2012/1868 1992/2013/1869
f 1326/1351/1286 1343/1368/1299 1993/2014/1870
f 1326/1351/1286 1994/2015/1871 1995/2016/1571
f 1996/2017/1872 2376/2397/2180 1997/2018/1873
f 1998/2019/1874 1997/2018/1873 1999/2020/1875
f 2000/2021/1876 2196/2217/2044 2001/2022/1877
f 1998/2019/1874 2001/2022/1877 2002/2023/1878
f 2003/2024/1879 2009/2030/1885 2004/2025/1880
f 2003/2024/1879 2005/2026/1881 2006/2027/1882
f 2007/2028/1883 2366/2387/2170 2008/2029/1884
f 2008/2029/1884 1868/1889/1758 2009/2030/1885
f 2010/2031/1886 2014/2035/1890 2011/2032/1887
f 2012/2033/1888 2332/2353/2144 2013/2034/1889
f 2010/2031/1886 2013/2034/1889 216/241/246
f 215/240/245 832/857/816 2014/2035/1890
f 2015/2036/1891 2005/2026/1881 2004/2025/1880
f 2016/2037/1892 841/866/825 842/867/826
f 842/867/826 580/605/590 2017/2038/1893
f 2017/2038/1893 2006/2027/1882 2005/2026/1881
f 2018/2039/1894 2976/2997/2742 2019/2040/1895
f 2020/2041/1896 2019/2040/1895 2021/2042/1897
f 2022/2043/1898 2992/3013/2757 2023/2044/1899
f 2023/2044/1899 3589/3596/3262 2018/2039/1894
f 48/73/78 1733/1758/1647 2024/2045/1900
f 352/377/380 261/286/290 1658/1683/1586
f 1878/1899/1768 2272/2293/2099 2025/2046/1901
f 152/177/182 2025/2046/1901 102/127/132
f 2026/2047/1902 2031/2052/1907 2027/2048/1903
f 2028/2049/1904 2816/2837/2591 1920/1941/1809
f 2026/2047/1902 1920/1941/1809 2029/2050/1905
f 2030/2051/1906 2312/2333/2127 2031/2052/1907
f 3/28/33 2/27/32 2032/2053/1908
f 1318/1343/1280 726/751/726 38/63/68
f 2033/2054/421 154/179/184 156/181/186
f 2034/2055/1909 2762/2783/2548 2035/2056/1910
f 2036/2057/1911 2035/2056/1910 2037/2058/1912
f 2039/2060/1914 2777/2798/2559 2040/2061/1915
f 2042/2063/1917 2348/2369/2159 2043/2064/1918
f 2044/2065/1919 2043/2064/1918 2045/2066/1920
f 2046/2067/1921 2727/2748/2517 2047/2068/1922
f 2044/2065/1919 2047/2068/1922 2048/2069/1923
f 2036/2057/1911 3116/3137/2856 2049/2070/1924
f 2050/2071/1925 2072/2093/1945 2051/2072/1926
f 2052/2073/1927 1874/1895/1764 2053/2074/1928
f 230/255/260 3112/3133/607 2054/2075/1929
f 1714/1739/1631 1327/1352/1287 1864/1885/1755
f 1883/1904/1773 2793/2814/2572 702/727/705
f 452/477/474 3085/3106/2834 2056/2077/1931
f 486/511/506 191/216/221 195/220/225
f 2059/2080/1933 570/595/582 817/842/803
f 2061/2082/1935 1877/1898/1767 768/793/761
f 755/780/750 1966/1987/1847 2054/2075/1929
f 2062/2083/1936 2366/2387/2170 2063/2084/1937
f 2064/2085/1938 2063/2084/1937 292/317/321
f 291/316/320 1289/1314/1258 2065/2086/1939
f 2064/2085/1938 2065/2086/1939 2066/2087/1940
f 100/125/130 1742/1767/1655 1906/1927/1795
f 743/768/741 274/299/303 2067/2088/602
f 303/328/331 2177/2198/2031 101/126/131
f 1334/1359/538 138/163/168 140/165/170
f 2068/2089/1941 2549/2570/2346 2069/2090/1942
f 2071/2092/1944 3096/3117/2844 2072/2093/1945
f 720/745/697 938/963/922 1148/1173/1126
f 2074/2095/1947 2341/2362/2152 2075/2096/1948
f 2040/2061/1915 2778/2799/2560 2077/2098/1950
f 2078/2099/1951 2077/2098/1950 2079/2100/1952
f 2081/2102/1954 2426/2447/2229 2082/2103/1955
f 1375/1400/1329 2816/2837/2591 2028/2049/1904
f 2083/2104/358 2028/2049/1904 2027/2048/1903
f 2085/2106/372 319/344/347 2086/2107/1956
f 2085/2106/372 2087/2108/1957 333/358/361
f 2089/2110/1959 848/873/832 308/333/336
f 2090/2111/1960 3173/3191/2906 2091/2112/1961
f 2092/2113/1962 2091/2112/1961 2093/2114/1963
f 2094/2115/1964 2717/2738/2508 2095/2116/1965
f 2095/2116/1965 2379/2400/2183 2090/2111/1960
f 2096/2117/1966 448/473/470 1360/1385/1316
f 318/343/346 557/582/570 2098/2119/1968
f 2099/2120/1969 2086/2107/1956 319/344/347
f 1374/1399/1328 14/39/44 2100/2121/1970
f 2102/2123/1971 3085/3106/2834 2103/2124/1972
f 2104/2125/1973 2833/2854/2608 2105/2126/1974
f 2106/2127/1975 2110/2131/1979 2107/2128/1976
f 2108/2129/1977 2711/2732/2502 2109/2130/1978
f 2106/2127/1975 2109/2130/1978 2093/2114/1963
f 2091/2112/1961 3173/3191/2906 2110/2131/1979
f 2111/2132/1980 2116/2137/1984 2112/2133/1981
f 2114/2135/1982 851/876/835 852/877/836
f 2115/2136/1983 2151/2172/2011 2116/2137/1984
f 388/413/414 2178/2199/2032 2117/2138/1985
f 592/617/601 3506/3522/333 2118/2139/1986
f 1930/1951/1818 3048/3069/2804 2102/2123/1971
f 2120/2141/1761 2419/2440/2222 2121/2142/1988
f 2122/2143/1989 2121/2142/1988 2123/2144/1990
f 1882/1903/1772 1884/1905/1774 2125/2146/1992
f 2127/2148/1994 2361/2382/59 2128/2149/181
f 585/610/595 584/609/594 2130/2151/1846
f 1904/1925/1794 316/341/344 761/786/756
f 762/787/757 2287/2308/1870 2131/2152/1299
f 234/259/264 42/67/72 49/74/79
f 2132/2153/1996 2790/2811/2569 818/843/804
f 2133/2154/1997 567/592/580 1328/1353/1288
f 276/301/305 844/869/828 845/870/829
f 2135/2156/708 3590/3597/3263 2136/2157/1999
f 653/678/657 2359/2380/2089 840/865/824
f 746/771/735 745/770/743 2138/2159/2001
f 310/335/338 2645/2666/2437 2140/2161/2002
f 470/495/491 469/494/490 2141/2162/466
f 2143/2164/2003 419/444/441 2144/2165/2004
f 2145/2166/2005 2151/2172/2011 2115/2136/1983
f 1897/1918/1787 543/568/558 545/570/560
f 426/451/448 425/450/447 431/456/453
f 2146/2167/2006 582/607/592 2147/2168/2007
f 2148/2169/2008 2147/2168/2007 2144/2165/2004
f 2149/2170/2009 502/527/522 429/454/451
f 2148/2169/2008 429/454/451 299/324/327
f 581/606/591 2112/2133/1981 2116/2137/1984
f 2150/2171/2010 2116/2137/1984 2151/2172/2011
f 2145/2166/2005 2144/2165/2004 2147/2168/2007
f 2150/2171/2010 2147/2168/2007 582/607/592
f 431/456/453 311/336/339 313/338/341
f 2152/2173/535 2004/2025/1880 2009/2030/1885
f 2009/2030/1885 1868/1889/1758 470/495/491
f 421/446/443 2208/2229/960 2153/2174/1176
f 510/535/529 2155/2176/2013 2154/2175/2012
f 1365/1390/1321 2811/2832/2588 2155/2176/2013
f 404/429/426 2227/2248/2065 2156/2177/2014
f 2157/2178/2015 2156/2177/2014 2158/2179/2016
f 2159/2180/2017 2828/2849/2603 2160/2181/2018
f 2157/2178/2015 2160/2181/2018 402/427/425
f 2161/2182/1949 314/339/342 384/409/410
f 2162/2183/102 551/576/101 553/578/566
f 2163/2184/2019 2419/2440/2222 2164/2185/2020
f 419/444/441 2143/2164/2003 2166/2187/2022
f 2167/2188/2023 2355/2376/2163 2168/2189/2024
f 2165/2186/2021 1934/1955/213 2170/2191/2025
f 2171/2192/2026 917/942/901 916/941/900
f 1918/1939/1807 1917/1938/1806 2173/2194/2028
f 2173/2194/2028 3031/3052/2794 710/735/713
f 2175/2196/2030 2223/2244/2063 2176/2197/1769
f 305/330/333 54/79/84 2177/2198/2031
f 2178/2199/2032 3591/3598/3264 2179/2200/2033
f 2180/2201/2034 2098/2119/1968 557/582/570
f 808/833/794 3592/3599/387 1199/1224/1174
f 2181/2202/2035 2346/2367/2157 2180/2201/2034
f 418/443/440 503/528/523 502/527/522
f 2149/2170/2009 2144/2165/2004 419/444/441
f 492/517/512 493/518/513 2182/2203/2036
f 2183/2204/2037 2643/2664/558 841/866/825
f 2016/2037/1892 2004/2025/1880 2152/2173/535
f 1695/1720/1615 564/589/577 1461/1486/1402
f 1682/1707/1389 1683/1708/1605 2184/2205/777
f 2119/2140/1987 2118/2139/1986 535/560/335
f 2186/2207/128 3593/3600/1628 2187/2208/2039
f 328/353/356 1374/1399/1328 2101/2122/1381
f 2189/2210/1856 3504/3520/226 461/486/483
f 1450/1475/1391 336/361/364 347/372/375
f 14/39/44 16/41/46 1359/1384/1315
f 2190/2211/205 2189/2210/1856 926/951/910
f 2191/2212/347 344/369/372 2192/2213/2040
f 2194/2215/2042 2002/2023/1878 2001/2022/1877
f 2195/2216/2043 2001/2022/1877 2196/2217/2044
f 2197/2218/2045 2300/2321/2118 2198/2219/2046
f 2195/2216/2043 2198/2219/2046 2199/2220/2047
f 2200/2221/2048 2055/2076/1930 2201/2222/2049
f 780/805/771 835/860/819 2202/2223/2050
f 2143/2164/2003 2115/2136/1983 2203/2224/2051
f 1903/1924/1793 3594/3601/3265 2172/2193/2027
f 2204/2225/1190 559/584/572 440/465/462
f 1373/1398/1327 1372/1397/306 2205/2226/1582
f 2206/2227/611 3595/3602/3266 2207/2228/190
f 2208/2229/960 421/446/443 423/448/445
f 503/528/523 418/443/440 2209/2230/2052
f 2041/2062/1916 2040/2061/1915 2078/2099/1951
f 2211/2232/2054 452/477/474 2057/2078/1932
f 2213/2234/421 1158/1183/1136 1156/1181/1134
f 407/432/429 406/431/428 2215/2236/901
f 2217/2238/2057 2125/2146/1992 1884/1905/1774
f 373/398/399 456/481/478 594/619/602
f 2218/2239/2058 2222/2243/2062 2219/2240/2059
f 2220/2241/2060 2742/2763/2532 2221/2242/2061
f 2221/2242/2061 2372/2393/2176 1952/1973/1834
f 1952/1973/1834 3036/3057/2797 2222/2243/2062
f 2223/2244/2063 2175/2196/2030 2224/2245/2064
f 2226/2247/1581 387/412/413 2227/2248/2065
f 463/488/484 462/487/73 2214/2235/75
f 2212/2233/2055 2057/2078/1932 2229/2250/2035
f 183/208/213 12/37/42 2231/2252/2067
f 392/417/417 2653/2674/2445 2232/2253/39
f 1870/1891/1760 365/390/393 2233/2254/2068
f 2234/2255/745 3596/3603/638 2235/2256/2069
f 2237/2258/2071 3597/3604/3267 2238/2259/2072
f 2239/2260/2073 2238/2259/2072 2240/2261/2074
f 628/653/633 632/657/637 664/689/668
f 2242/2263/732 2291/2312/2112 704/729/707
f 1690/1715/1611 2266/2287/2093 2243/2264/2075
f 2244/2265/2076 2243/2264/2075 621/646/626
f 2246/2267/2078 647/672/651 2247/2268/2079
f 2249/2270/2080 411/436/433 1313/1338/1276
f 2251/2272/2081 2269/2290/2096 2252/2273/2082
f 2253/2274/2083 2252/2273/2082 2254/2275/2084
f 2255/2276/2085 2254/2275/2084 1990/2011/1867
f 1990/2011/1867 1989/2010/1866 2256/2277/2086
f 620/645/625 2308/2329/2124 2245/2266/2077
f 169/194/199 168/193/198 2257/2278/2087
f 1961/1982/1843 1960/1981/1842 843/868/827
f 648/673/652 1978/1999/1859 2258/2279/759
f 162/187/192 3078/3099/1567 2259/2280/2088
f 1892/1913/1782 1891/1912/1781 2138/2159/2001
f 700/725/703 701/726/704 847/872/831
f 1712/1737/1630 33/58/63 31/56/61
f 2260/2281/657 155/180/185 2261/2282/775
f 2263/2284/2090 3514/3530/3201 737/762/736
f 2137/2158/2000 2136/2157/1999 2264/2285/2091
f 2265/2286/2092 2264/2285/2091 2266/2287/2093
f 2267/2288/2094 634/659/639 635/660/640
f 416/441/438 415/440/437 667/692/671
f 416/441/438 2268/2289/2095 2269/2290/2096
f 108/133/138 2787/2808/2566 2270/2291/2097
f 2271/2292/2098 3597/3604/3267 2237/2258/2071
f 1691/1716/1612 1690/1715/1611 2244/2265/2076
f 637/662/642 707/732/710 2196/2217/2044
f 2000/2021/1876 1999/2020/1875 732/757/731
f 110/135/140 2025/2046/1901 2272/2293/2099
f 109/134/139 2237/2258/2071 2239/2260/2073
f 67/92/97 673/698/677 2274/2295/2088
f 2275/2296/2101 3598/3605/1641 2276/2297/2102
f 655/680/659 2240/2261/2074 2278/2299/2104
f 2278/2299/2104 2644/2665/2436 309/334/337
f 1646/1671/1575 649/674/653 650/675/654
f 2279/2300/2105 3599/3606/3268 2280/2301/2106
f 2282/2303/684 722/747/723 2246/2267/2078
f 2283/2304/2108 1739/1764/1653 1741/1766/1654
f 1727/1752/1642 2787/2808/2566 2273/2294/2100
f 2285/2306/689 296/321/324 294/319/322
f 762/787/757 706/731/709 2286/2307/2110
f 2288/2309/2110 2137/2158/2000 2265/2286/2092
f 1339/1364/1295 3600/3607/3269 2289/2310/2111
f 2290/2311/1948 1654/1679/1582 314/339/342
f 2201/2222/2049 704/729/707 2291/2312/2112
f 1694/1719/1614 1311/1336/1276 649/674/653
f 2292/2313/2089 784/809/775 783/808/774
f 696/721/699 272/297/301 478/503/498
f 1691/1716/1612 1642/1667/1571 2294/2315/1871
f 2295/2316/2113 1978/1999/1859 2296/2317/2114
f 2298/2319/2116 2819/2840/2594 1726/1751/1641
f 107/132/137 106/131/136 2300/2321/2118
f 2197/2218/2045 2196/2217/2044 707/732/710
f 1667/1692/1593 1621/1646/1553 697/722/700
f 675/700/679 1887/1908/1777 2301/2322/2119
f 2303/2324/2121 1898/1919/1788 545/570/560
f 48/73/78 47/72/77 751/776/747
f 2304/2325/2122 1935/1956/1821 1733/1758/1647
f 83/108/113 1296/1321/1265 1705/1730/1623
f 2305/2326/2123 1725/1750/1640 2273/2294/2100
f 109/134/139 102/127/132 2025/2046/1901
f 1966/1987/1847 755/780/750 757/782/752
f 1731/1756/1645 157/182/187 155/180/185
f 850/875/834 849/874/833 1885/1906/1775
f 2307/2328/631 242/267/272 247/272/277
f 1644/1669/1573 1643/1668/1572 2308/2329/2124
f 2306/2327/620 1314/1339/622 1315/1340/1278
f 2304/2325/2122 751/776/747 2310/2331/734
f 231/256/261 51/76/81 1317/1342/1279
f 1330/1355/1290 232/257/262 754/779/749
f 2055/2076/1930 702/727/705 704/729/707
f 2311/2332/2126 2314/2335/2129 2312/2333/2127
f 2030/2051/1906 2029/2050/1905 2313/2334/2128
f 2311/2332/2126 2313/2334/2128 2170/2191/2025
f 2311/2332/2126 1933/1954/1820 1932/1953/1819
f 2084/2105/542 2027/2048/1903 2031/2052/1907
f 496/521/516 2031/2052/1907 2312/2333/2127
f 2316/2337/2131 325/350/353 2317/2338/2132
f 2319/2340/685 101/126/131 2177/2198/2031
f 152/177/182 1880/1901/1770 2320/2341/2063
f 1683/1708/1605 395/420/420 39/64/69
f 2321/2342/83 1976/1997/1857 682/707/686
f 1327/1352/1287 1714/1739/1631 2322/2343/2134
f 724/749/724 843/868/827 1960/1981/1842
f 724/749/724 2323/2344/2135 2324/2345/2136
f 2038/2059/1913 2037/2058/1912 2325/2346/2137
f 2326/2347/2138 2325/2346/2137 2327/2348/2139
f 2012/2033/1888 2011/2032/1887 2329/2350/2141
f 2330/2351/2142 2329/2350/2141 2048/2069/1923
f 2047/2068/1922 2727/2748/2517 2331/2352/2143
f 2330/2351/2142 2331/2352/2143 2332/2353/2144
f 2333/2354/2145 2338/2359/2028 2334/2355/2146
f 2335/2356/2147 2389/2410/2193 2336/2357/2148
f 2333/2354/2145 2336/2357/2148 2337/2358/2149
f 1957/1978/1839 1963/1984/1845 2338/2359/2028
f 2339/2360/2150 709/734/712 711/736/714
f 772/797/764 3601/3608/3270 2340/2361/2151
f 2341/2362/2152 2074/2095/1947 2070/2091/1943
f 2342/2363/2153 2344/2365/2155 2086/2107/1956
f 2099/2120/1969 2098/2119/1968 2343/2364/2154
f 2342/2363/2153 2343/2364/2154 2048/2069/1923
f 2329/2350/2141 2011/2032/1887 2344/2365/2155
f 2345/2366/2156 2343/2364/2154 2098/2119/1968
f 2345/2366/2156 2180/2201/2034 2346/2367/2157
f 2345/2366/2156 2347/2368/2158 2348/2369/2159
f 2042/2063/1917 2048/2069/1923 2343/2364/2154
f 2057/2078/1932 2056/2077/1931 2349/2370/2157
f 2350/2371/1983 3588/3595/1980 1896/1917/1786
f 2352/2373/2160 3602/3609/3271 2317/2338/2132
f 830/855/814 333/358/361 2087/2108/1957
f 2353/2374/2161 2087/2108/1957 2086/2107/1956
f 2344/2365/2155 2011/2032/1887 2014/2035/1890
f 2353/2374/2161 2014/2035/1890 832/857/816
f 1649/1674/1578 2356/2377/2164 2354/2375/2162
f 508/533/527 2154/2175/2012 2356/2377/2164
f 722/747/723 2324/2345/2136 2357/2378/2165
f 2357/2378/2165 1982/2003/1861 647/672/651
f 2358/2379/760 2258/2279/759 1978/1999/1859
f 686/711/690 840/865/824 2359/2380/2089
f 2360/2381/2166 533/558/57 2361/2382/59
f 376/401/402 375/400/401 1724/1749/1639
f 745/770/743 2797/2818/2574 2362/2383/2167
f 522/547/539 2315/2336/2130 2312/2333/2127
f 2314/2335/2129 1932/1953/1819 2363/2384/613
f 2364/2385/2168 1868/1889/1758 2008/2029/1884
f 2365/2386/2169 2008/2029/1884 2366/2387/2170
f 2062/2083/1936 2066/2087/1940 2367/2388/2171
f 2367/2388/2171 2729/2750/2519 2364/2385/2168
f 709/734/712 2339/2360/2150 2368/2389/2172
f 2369/2390/2173 2849/2870/2622 2370/2391/2174
f 2371/2392/2175 1954/1975/1836 2372/2393/2176
f 2221/2242/2061 2742/2763/2532 1869/1890/1759
f 1869/1890/1759 1868/1889/1758 2364/2385/2168
f 2364/2385/2168 2729/2750/2519 1954/1975/1836
f 2373/2394/2177 2377/2398/2181 1974/1995/1855
f 2374/2395/2178 2394/2415/2198 2375/2396/2179
f 2373/2394/2177 2375/2396/2179 2376/2397/2180
f 1996/2017/1872 2002/2023/1878 2377/2398/2181
f 2378/2399/2182 2383/2404/2187 2379/2400/2183
f 2095/2116/1965 2717/2738/2508 2380/2401/2184
f 2378/2399/2182 2380/2401/2184 2381/2402/2185
f 2382/2403/2186 3180/3198/2912 2383/2404/2187
f 2335/2356/2147 2334/2355/2146 2384/2405/2188
f 2385/2406/2189 2384/2405/2188 2386/2407/2190
f 2387/2408/2191 2739/2760/2529 2388/2409/2192
f 2385/2406/2189 2388/2409/2192 2389/2410/2193
f 2374/2395/2178 1974/1995/1855 1973/1994/1854
f 2390/2411/2194 1973/1994/1854 2391/2412/2195
f 2392/2413/2196 2754/2775/2543 2393/2414/2197
f 2390/2411/2194 2393/2414/2197 2394/2415/2198
f 2395/2416/2199 2399/2420/2203 2396/2417/2200
f 2397/2418/2201 2733/2754/2523 2398/2419/2202
f 2395/2416/2199 2398/2419/2202 1947/1968/1829
f 1945/1966/1827 3055/3076/2809 2399/2420/2203
f 2400/2421/2204 2402/2423/2206 2401/2422/2205
f 1968/1989/1849 1974/1995/1855 2377/2398/2181
f 2400/2421/2204 2377/2398/2181 2002/2023/1878
f 2194/2215/2042 2199/2220/2047 2402/2423/2206
f 1986/2007/1863 1992/2013/1869 2403/2424/2207
f 2404/2425/2208 2403/2424/2207 1908/1929/1797
f 1913/1934/1802 3027/3048/2790 2405/2426/2209
f 2404/2425/2208 2405/2426/2209 2406/2427/2210
f 2080/2101/1953 2079/2100/1952 2407/2428/2211
f 2408/2429/2212 2407/2428/2211 2409/2430/2213
f 2410/2431/2214 3603/3610/1579 2411/2432/2215
f 2412/2433/2216 2411/2432/2215 2413/2434/2217
f 2414/2435/2218 2605/2626/2401 2415/2436/2219
f 2412/2433/2216 2415/2436/2219 2416/2437/2220
f 2417/2438/223 773/798/765 619/644/624
f 2418/2439/2221 2121/2142/1988 2419/2440/2222
f 2418/2439/2221 2163/2184/2019 2170/2191/2025
f 2418/2439/2221 2313/2334/2128 2029/2050/1905
f 2418/2439/2221 1919/1940/1808 2123/2144/1990
f 2420/2441/2223 2523/2544/2320 2421/2442/2224
f 2421/2442/2224 2522/2543/2319 2423/2444/2226
f 2422/2443/2225 2423/2444/2226 2424/2445/2227
f 2425/2446/2228 3604/3611/3272 2420/2441/2223
f 1872/1893/1762 324/349/352 326/351/354
f 2426/2447/2229 2491/2512/2290 2427/2448/2230
f 2082/2103/1955 2427/2448/2230 2179/2200/2033
f 2428/2449/2231 592/617/601 2119/2140/1987
f 2429/2450/2232 2621/2642/2416 2430/2451/2233
f 2430/2451/2233 2620/2641/2415 2431/2452/2234
f 2428/2449/2231 2431/2452/2234 391/416/416
f 2432/2453/2235 2439/2460/2242 2433/2454/2236
f 2432/2453/2235 2434/2455/2237 2435/2456/2238
f 2432/2453/2235 2436/2457/2239 2437/2458/2240
f 2438/2459/2241 2448/2469/490 2439/2460/2242
f 1683/1708/1605 177/202/207 2440/2461/585
f 2146/2167/2006 299/324/327 298/323/326
f 2441/2462/518 2636/2657/517 2442/2463/2243
f 2442/2463/2243 2630/2651/2425 2444/2465/2245
f 2443/2464/2244 2444/2465/2245 2445/2466/2246
f 2446/2467/2247 526/551/543 2441/2462/518
f 2447/2468/2248 444/469/466 2448/2469/490
f 2438/2459/2241 2437/2458/2240 2449/2470/2249
f 2447/2468/2248 2449/2470/2249 2450/2471/2250
f 2451/2472/2251 442/467/464 444/469/466
f 2231/2252/2067 11/36/41 2452/2473/2252
f 2454/2475/2254 2463/2484/2263 2455/2476/2255
f 2457/2478/2257 2589/2610/2385 2458/2479/2258
f 2453/2474/2253 2458/2479/2258 181/206/211
f 2459/2480/2259 2572/2593/2368 2460/2481/2260
f 2462/2483/2262 3017/3038/2780 2455/2476/2255
f 2464/2485/2264 2452/2473/2252 11/36/41
f 2466/2487/2266 2224/2245/2064 2175/2196/2030
f 2467/2488/2267 2474/2495/2274 2468/2489/2268
f 2466/2487/2266 2468/2489/2268 2469/2490/2269
f 2470/2491/2270 2129/2150/1995 2224/2245/2064
f 2471/2492/2271 1445/1470/1386 1371/1396/1326
f 2472/2493/2272 2562/2583/2359 2473/2494/2273
f 2471/2492/2271 2473/2494/2273 2474/2495/2274
f 2467/2488/2267 2175/2196/2030 1445/1470/1386
f 2192/2213/2040 343/368/371 971/996/952
f 2475/2496/2275 971/996/952 977/1002/958
f 2476/2497/2276 2583/2604/2379 2477/2498/2277
f 2475/2496/2275 2477/2498/2277 2193/2214/2041
f 2478/2499/2278 3605/3612/2051 2479/2500/2279
f 2480/2501/2280 2479/2500/2279 2481/2502/2281
f 2482/2503/2282 2530/2551/2327 2483/2504/2283
f 2480/2501/2280 2483/2504/2283 2484/2505/439
f 1873/1894/1763 1876/1897/1766 2485/2506/2284
f 2487/2508/2286 3606/3613/3273 2488/2509/2287
f 2490/2511/2289 2804/2825/2581 2491/2512/2290
f 600/625/608 2885/2906/2652 2492/2513/2291
f 2493/2514/2292 2492/2513/2291 2494/2515/2293
f 2496/2517/2295 2641/2662/2434 2497/2518/2296
f 2493/2514/2292 2638/2659/2431 601/626/609
f 2499/2520/2298 2659/2680/2451 2500/2521/2299
f 2500/2521/2299 2594/2615/2390 2502/2523/2301
f 2501/2522/2300 2502/2523/2301 2503/2524/2302
f 2504/2525/2303 3607/3614/3274 2499/2520/2298
f 597/622/605 553/578/566 2505/2526/2304
f 2507/2528/2306 3608/3615/3275 2508/2529/2307
f 2506/2527/2305 2579/2600/2375 1007/1032/987
f 2506/2527/2305 1006/1031/986 598/623/606
f 2510/2531/2309 567/592/580 2133/2154/1997
f 2512/2533/2310 3609/3616/3276 2513/2534/2311
f 2513/2534/2311 3610/3617/3277 2515/2536/2312
f 2510/2531/2309 2691/2712/2483 568/593/411
f 2516/2537/2313 2653/2674/2445 2517/2538/2314
f 2519/2540/2316 3611/3618/3278 2520/2541/2317
f 2518/2539/2315 2610/2631/2406 2522/2543/2319
f 2518/2539/2315 2421/2442/2224 2523/2544/2320
f 2315/2336/2130 522/547/539 524/549/541
f 2524/2545/2321 2572/2593/2368 2494/2515/2293
f 2492/2513/2291 2885/2906/2652 2525/2546/2322
f 2526/2547/2323 2533/2554/2330 2527/2548/2324
f 2529/2550/2326 2547/2568/2344 2530/2551/2327
f 2482/2503/2282 2481/2502/2281 2531/2552/2328
f 2526/2547/2323 2576/2597/2372 2532/2553/2329
f 2534/2555/2331 2542/2563/2339 2445/2466/2246
f 2536/2557/2333 2621/2642/2416 2537/2558/2334
f 2538/2559/2335 2537/2558/2334 2539/2560/2336
f 2541/2562/2338 2808/2829/2585 2542/2563/2339
f 2543/2564/2340 3531/3547/3214 1047/1072/1027
f 2545/2566/2342 1054/1079/1034 1053/1078/1033
f 2546/2567/2343 2530/2551/2327 2547/2568/2344
f 2544/2565/2341 2528/2549/2325 2527/2548/2324
f 2548/2569/2345 2069/2090/1942 2549/2570/2346
f 2551/2572/2348 3601/3608/3270 772/797/764
f 2551/2572/2348 2552/2573/2349 2450/2471/2250
f 2554/2575/2351 2562/2583/2359 2548/2569/2345
f 2502/2523/2301 2594/2615/2390 2555/2576/2352
f 2557/2578/2354 2591/2612/2387 2558/2579/2355
f 2495/2516/2294 2494/2515/2293 2559/2580/2356
f 2560/2581/2357 2503/2524/2302 2502/2523/2301
f 2561/2582/2358 2473/2494/2273 2562/2583/2359
f 2553/2574/2350 2450/2471/2250 2449/2470/2249
f 2563/2584/2360 2449/2470/2249 2437/2458/2240
f 2565/2586/2362 2474/2495/2274 2473/2494/2273
f 2566/2587/2363 3059/3080/2813 1926/1947/1814
f 2567/2588/2364 1900/1921/1790 1902/1923/1792
f 2569/2590/2365 3612/3619/3279 2570/2591/2366
f 2559/2580/2356 2494/2515/2293 2572/2593/2368
f 2573/2594/2369 2578/2599/2374 770/795/762
f 2068/2089/1941 2070/2091/1943 2574/2595/2370
f 2574/2595/2370 2532/2553/2329 2576/2597/2372
f 2577/2598/2373 3613/3620/3280 2578/2599/2374
f 2579/2600/2375 2597/2618/2393 2580/2601/2376
f 2582/2603/2378 2596/2617/2392 2583/2604/2379
f 2476/2497/2276 977/1002/958 1088/1113/1067
f 2581/2602/2377 1087/1112/1066 1007/1032/987
f 2457/2478/2257 3614/3621/3281 2584/2605/2380
f 2586/2607/2382 2424/2445/2227 2423/2444/2226
f 2587/2608/2383 2423/2444/2226 2522/2543/2319
f 2585/2606/2381 2607/2628/2403 2589/2610/2385
f 2590/2611/2386 2558/2579/2355 2591/2612/2387
f 2593/2614/2389 2555/2576/2352 2594/2615/2390
f 2595/2616/2391 2583/2604/2379 2596/2617/2392
f 2592/2613/2388 2580/2601/2376 2597/2618/2393
f 2414/2435/2218 2413/2434/2217 2598/2619/2394
f 2600/2621/2396 2158/2179/2016 2601/2622/2397
f 2602/2623/2398 2601/2622/2397 2603/2624/2399
f 2599/2620/2395 2801/2822/2578 2605/2626/2401
f 2606/2627/2402 2589/2610/2385 2607/2628/2403
f 2609/2630/2405 2588/2609/2384 2522/2543/2319
f 2610/2631/2406 2626/2647/2421 2611/2632/2407
f 2608/2629/2404 2623/2644/2418 2612/2633/2408
f 2613/2634/2409 2468/2489/2268 2474/2495/2274
f 2564/2585/2361 2437/2458/2240 2436/2457/2239
f 2614/2635/2410 2436/2457/2239 2435/2456/2238
f 2616/2637/2412 2469/2490/2269 2468/2489/2268
f 2444/2465/2245 2630/2651/2425 2617/2638/2413
f 2619/2640/2414 2628/2649/2423 2620/2641/2415
f 2619/2640/2414 2430/2451/2233 2621/2642/2416
f 2535/2556/2332 2445/2466/2246 2444/2465/2245
f 2622/2643/2417 2612/2633/2408 2623/2644/2418
f 2625/2646/2420 2611/2632/2407 2626/2647/2421
f 2625/2646/2420 2627/2648/2422 2620/2641/2415
f 2629/2650/2424 2617/2638/2413 2630/2651/2425
f 2632/2653/2427 610/635/615 2633/2654/2428
f 2634/2655/2429 2633/2654/2428 2612/2633/2408
f 2631/2652/2426 2630/2651/2425 2442/2463/2243
f 2635/2656/2430 2442/2463/2243 2636/2657/517
f 552/577/565 601/626/609 2638/2659/2431
f 2640/2661/2433 2497/2518/2296 2641/2662/2434
f 2642/2663/2435 3608/3615/3275 2507/2528/2306
f 2639/2660/2432 2505/2526/2304 553/578/566
f 2643/2664/558 2113/2134/1787 2112/2133/1981
f 310/335/338 309/334/337 2644/2665/2436
f 2646/2667/2438 331/356/359 526/551/543
f 2647/2668/2439 3615/3622/3282 2648/2669/2440
f 2649/2670/2441 2878/2899/2646 2650/2671/2442
f 2651/2672/2443 329/354/357 331/356/359
f 392/417/417 391/416/416 2431/2452/2234
f 2431/2452/2234 2620/2641/2415 2627/2648/2422
f 2627/2648/2422 2626/2647/2421 2517/2538/2314
f 2652/2673/2444 2517/2538/2314 2653/2674/2445
f 2322/2343/2134 374/399/400 1159/1184/1137
f 2655/2676/2447 1165/1190/1143 1164/1189/1142
f 2656/2677/2448 3609/3616/3276 2512/2533/2310
f 2654/2675/2446 2511/2532/2310 2133/2154/1997
f 2657/2678/2449 2193/2214/2041 2477/2498/2277
f 2477/2498/2277 2583/2604/2379 2595/2616/2391
f 2658/2679/2450 2595/2616/2391 2594/2615/2390
f 2658/2679/2450 2500/2521/2299 2659/2680/2451
f 2660/2681/2452 2892/2913/2658 2661/2682/2453
f 2663/2684/2455 2898/2919/2664 453/478/475
f 2664/2685/2456 2484/2505/439 2483/2504/2283
f 2665/2686/2457 2483/2504/2283 2530/2551/2327
f 2665/2686/2457 2546/2567/2343 1053/1078/1033
f 2665/2686/2457 1177/1202/1152 1176/1201/556
f 2666/2687/2458 534/559/550 2360/2381/2166
f 2668/2689/2460 3616/3623/3283 2669/2690/2461
f 2666/2687/2458 2537/2558/2334 2621/2642/2416
f 2429/2450/2232 2119/2140/1987 534/559/550
f 2671/2692/2463 2675/2696/2467 2672/2693/2464
f 2673/2694/2465 2677/2698/2469 2674/2695/2466
f 2671/2692/2463 2674/2695/2466 2413/2434/2217
f 2411/2432/2215 3603/3610/1579 2675/2696/2467
f 2676/2697/2468 2674/2695/2466 2677/2698/2469
f 2679/2700/2471 2828/2849/2603 2159/2180/2017
f 2680/2701/2472 2159/2180/2017 2158/2179/2016
f 2598/2619/2394 2413/2434/2217 2674/2695/2466
f 1373/1398/1327 2075/2096/1948 2341/2362/2152
f 2681/2702/2473 2341/2362/2152 2069/2090/1942
f 2681/2702/2473 2548/2569/2345 2562/2583/2359
f 2472/2493/2272 1371/1396/1326 1373/1398/1327
f 2682/2703/2474 387/412/413 389/414/415
f 2684/2705/2476 3617/3624/3284 2685/2706/2477
f 2682/2703/2474 2601/2622/2397 2158/2179/2016
f 2156/2177/2014 2227/2248/2065 387/412/413
f 2687/2708/2479 1896/1917/1786 1898/1919/1788
f 2303/2324/2121 770/795/762 2578/2599/2374
f 2688/2709/2480 3618/3625/3285 2481/2502/2281
f 2687/2708/2479 3619/3626/3286 2351/2372/2051
f 609/634/614 181/206/211 2458/2479/2258
f 2689/2710/2481 2458/2479/2258 2589/2610/2385
f 2606/2627/2402 2612/2633/2408 2633/2654/2428
f 2689/2710/2481 2633/2654/2428 610/635/615
f 404/429/426 403/428/76 2228/2249/1900
f 2690/2711/2482 568/593/411 2691/2712/2483
f 2692/2713/2484 2691/2712/2483 2532/2553/2329
f 2574/2595/2370 2070/2091/1943 2074/2095/1947
f 2692/2713/2484 2074/2095/1947 2076/2097/1949
f 2693/2714/2485 544/569/559 442/467/464
f 2451/2472/2251 2450/2471/2250 2552/2573/2349
f 2693/2714/2485 2552/2573/2349 772/797/764
f 2693/2714/2485 771/796/763 545/570/560
f 2694/2715/2486 2746/2767/2536 1971/1992/1852
f 2696/2717/2488 2778/2799/2560 2697/2718/2489
f 2699/2720/2491 2775/2796/2557 2700/2721/2492
f 2702/2723/2494 2754/2775/2543 2703/2724/2495
f 2705/2726/2497 3620/3627/3287 2051/2072/1926
f 2707/2728/2499 3094/3115/2842 2708/2729/2500
f 2710/2731/2501 2756/2777/2506 2711/2732/2502
f 2712/2733/2503 2839/2860/2552 2713/2734/2504
f 2714/2735/2505 2764/2785/2504 2327/2348/2139
f 2716/2737/2507 2860/2881/2632 2717/2738/2508
f 2719/2740/2510 2762/2783/2548 2720/2741/2511
f 2722/2743/2507 3098/3119/2845 2723/2744/2513
f 2725/2746/2515 2367/2388/2171 2066/2087/1940
f 2726/2747/2516 2332/2353/2144 2331/2352/2143
f 2725/2746/2515 2331/2352/2143 2727/2748/2517
f 2725/2746/2515 2728/2749/2518 2729/2750/2519
f 2730/2751/2520 1910/1931/1799 2731/2752/2521
f 2730/2751/2520 2732/2753/2522 2733/2754/2523
f 2397/2418/2201 2396/2417/2200 2734/2755/2524
f 2734/2755/2524 1911/1932/1800 1910/1931/1799
f 2387/2408/2191 2386/2407/2190 2735/2756/2525
f 2735/2756/2525 1950/1971/1832 1949/1970/1831
f 2736/2757/2526 1949/1970/1831 2737/2758/2527
f 2736/2757/2526 2738/2759/2528 2739/2760/2529
f 1922/1943/1811 2816/2837/2591 2740/2761/2530
f 2741/2762/2531 2740/2761/2530 2742/2763/2532
f 2220/2241/2060 2219/2240/2059 2743/2764/2533
f 2743/2764/2533 1923/1944/1812 1922/1943/1811
f 2046/2067/1921 2045/2066/1920 2744/2765/2534
f 2744/2765/2534 1956/1977/1838 1955/1976/1837
f 1955/1976/1837 2729/2750/2519 2728/2749/2518
f 2745/2766/2535 2728/2749/2518 2727/2748/2517
f 1972/1993/1853 1971/1992/1852 2746/2767/2536
f 2748/2769/2538 2701/2722/2493 2700/2721/2492
f 2749/2770/2539 2752/2773/1764 2750/2771/2540
f 2747/2768/2537 2750/2771/2540 2391/2412/2195
f 2392/2413/2196 2391/2412/2195 2750/2771/2540
f 2751/2772/2541 2750/2771/2540 2752/2773/1764
f 2753/2774/2542 3621/3628/3288 2703/2724/2495
f 2751/2772/2541 2703/2724/2495 2754/2775/2543
f 2755/2776/2544 2109/2130/1978 2711/2732/2502
f 2757/2778/2544 2715/2736/2506 2327/2348/2139
f 2325/2346/2137 2037/2058/1912 2758/2779/2545
f 2759/2780/2546 2093/2114/1963 2109/2130/1978
f 2094/2115/1964 2093/2114/1963 2759/2780/2546
f 2758/2779/2545 2037/2058/1912 2035/2056/1910
f 2761/2782/2547 2035/2056/1910 2762/2783/2548
f 2718/2739/2509 2717/2738/2508 2094/2115/1964
f 2763/2784/2549 2065/2086/1939 1289/1314/1258
f 1290/1315/1259 216/241/246 2013/2034/1889
f 2763/2784/2549 2013/2034/1889 2332/2353/2144
f 2726/2747/2516 2066/2087/1940 2065/2086/1939
f 2328/2349/2140 2327/2348/2139 2764/2785/2504
f 2766/2787/2551 3622/3629/3289 2767/2788/2552
f 2768/2789/2553 3053/3074/2807 1950/1971/1832
f 2769/2790/2554 3623/3630/2525 2770/2791/2190
f 2771/2792/2555 3056/3077/2810 1956/1977/1838
f 2772/2793/2556 3624/3631/3290 2773/2794/1920
f 2132/2153/1996 3045/3066/1825 2774/2795/746
f 1876/1897/1766 2700/2721/2492 2775/2796/2557
f 2777/2798/2559 2697/2718/2489 2778/2799/2560
f 2139/2160/733 2138/2159/2001 1891/1912/1781
f 2780/2801/2562 2300/2321/2118 106/131/136
f 674/699/678 673/698/677 2781/2802/2563
f 2783/2804/2565 3110/3131/2854 2568/2589/1991
f 661/686/665 619/644/624 623/648/628
f 2784/2805/1645 643/668/647 644/669/648
f 1689/1714/1610 2294/2315/1871 2785/2806/1870
f 1928/1949/1816 1930/1951/1818 2105/2126/1974
f 2786/2807/752 2253/2274/2083 2255/2276/2085
f 110/135/140 2273/2294/2100 2787/2808/2566
f 2470/2491/2270 2469/2490/2269 2788/2809/2567
f 2789/2810/2568 2788/2809/2567 2539/2560/2336
f 2667/2688/2459 2360/2381/2166 2127/2148/1994
f 2789/2810/2568 2127/2148/1994 2129/2150/1995
f 276/301/305 275/300/304 1342/1367/1298
f 603/628/191 818/843/804 2790/2811/2569
f 488/513/508 1728/1753/1643 2305/2326/2123
f 28/53/58 2305/2326/2123 2272/2293/2099
f 246/271/276 245/270/275 1739/1764/1653
f 2792/2813/2571 702/727/705 2793/2814/2572
f 72/97/102 135/160/165 34/59/64
f 1332/1357/1289 176/201/206 2795/2816/567
f 2791/2812/2570 2790/2811/2569 2797/2818/2574
f 752/777/742 751/776/747 47/72/77
f 2798/2819/2575 3625/3632/3291 2799/2820/2576
f 2800/2821/2577 2605/2626/2401 2801/2822/2578
f 2802/2823/2579 2604/2625/2400 2603/2624/2399
f 2803/2824/2580 2491/2512/2290 2804/2825/2581
f 2540/2561/2337 2539/2560/2336 2788/2809/2567
f 2805/2826/2582 2788/2809/2567 2469/2490/2269
f 2615/2636/2411 2435/2456/2238 2806/2827/2583
f 2807/2828/2584 2806/2827/2583 2808/2829/2585
f 487/512/507 486/511/506 2058/2079/1754
f 374/399/400 2322/2343/2134 1714/1739/1631
f 362/387/390 3626/3633/3292 2809/2830/2586
f 362/387/390 2810/2831/2587 2811/2832/2588
f 601/626/609 552/577/565 2812/2833/2589
f 2355/2376/2163 2354/2375/2162 2813/2834/2590
f 2814/2835/2024 2834/2855/2609 2103/2124/1972
f 343/368/371 345/370/373 2815/2836/360
f 2129/2150/1995 2128/2149/181 2225/2246/183
f 366/391/394 1870/1891/1760 2742/2763/2532
f 366/391/394 2740/2761/2530 2816/2837/2591
f 361/386/389 2153/2174/1176 2817/2838/2592
f 1646/1671/1575 1341/1366/1297 1340/1365/1296
f 51/76/81 50/75/80 847/872/831
f 733/758/732 732/757/731 1999/2020/1875
f 2242/2263/732 2850/2871/2593 2368/2389/2172
f 1727/1752/1642 1726/1751/1641 2819/2840/2594
f 2820/2841/2595 2270/2291/2097 2787/2808/2566
f 2678/2699/2470 2677/2698/2469 2821/2842/2596
f 2822/2843/2597 2821/2842/2596 2823/2844/2598
f 2825/2846/2600 2901/2922/2667 2826/2847/2601
f 2827/2848/2602 2826/2847/2601 2828/2849/2603
f 2829/2850/2604 2381/2402/2185 2830/2851/2605
f 2832/2853/2607 2863/2884/2635 2833/2854/2608
f 2104/2125/1973 2103/2124/1972 2834/2855/2609
f 2831/2852/2606 2813/2834/2590 2354/2375/2162
f 2835/2856/2610 3136/3157/2875 2836/2857/2611
f 2836/2857/2611 2866/2887/2638 2838/2859/2613
f 2837/2858/2612 2838/2859/2613 2839/2860/2552
f 2837/2858/2612 2712/2733/2503 2711/2732/2502
f 2840/2861/2614 2393/2414/2197 2754/2775/2543
f 2709/2730/2494 2708/2729/2500 2841/2862/2615
f 2842/2863/2616 2841/2862/2615 2843/2864/2617
f 2845/2866/2619 2394/2415/2198 2393/2414/2197
f 2846/2867/2620 1997/2018/1873 2376/2397/2180
f 2848/2869/2620 2871/2892/2642 2849/2870/2622
f 2369/2390/2173 2368/2389/2172 2850/2871/2593
f 2818/2839/2593 1999/2020/1875 1997/2018/1873
f 2851/2872/2623 2077/2098/1950 2778/2799/2560
f 2695/2716/2487 1971/1992/1852 1969/1990/1850
f 2852/2873/2624 1969/1990/1850 2401/2422/2205
f 2853/2874/2625 2873/2894/1952 2854/2875/2626
f 2855/2876/2627 2858/2879/2630 2856/2877/2628
f 2857/2878/2629 2199/2220/2047 2198/2219/2046
f 2855/2876/2627 2198/2219/2046 2300/2321/2118
f 2780/2801/2562 3627/3634/1781 2858/2879/2630
f 2859/2880/2631 2380/2401/2184 2717/2738/2508
f 2861/2882/2633 2724/2745/2514 2723/2744/2513
f 2862/2883/2634 2833/2854/2608 2863/2884/2635
f 2859/2880/2631 2830/2851/2605 2381/2402/2185
f 2864/2885/2636 2867/2888/2639 2811/2832/2588
f 2810/2831/2587 2809/2830/2586 2865/2886/2637
f 2864/2885/2636 2865/2886/2637 2866/2887/2638
f 2836/2857/2611 3136/3157/2875 2867/2888/2639
f 2868/2889/2640 2375/2396/2179 2394/2415/2198
f 2869/2890/2640 2844/2865/2618 2843/2864/2617
f 2870/2891/2641 2849/2870/2622 2871/2892/2642
f 2847/2868/2621 2376/2397/2180 2375/2396/2179
f 2872/2893/2643 2874/2895/2211 2873/2894/1952
f 2853/2874/2625 2401/2422/2205 2402/2423/2206
f 2872/2893/2643 2402/2423/2206 2199/2220/2047
f 2857/2878/2629 2856/2877/2628 2874/2895/2211
f 2434/2455/2237 2433/2454/2236 2875/2896/395
f 2876/2897/2644 2875/2896/395 329/354/357
f 2877/2898/2645 2650/2671/2442 2878/2899/2646
f 2806/2827/2583 2435/2456/2238 2434/2455/2237
f 2880/2901/2648 1649/1674/1578 2355/2376/2163
f 2881/2902/2649 824/849/808 826/851/810
f 781/806/772 782/807/773 2883/2904/2651
f 600/625/608 3507/3523/3195 2884/2905/259
f 2886/2907/543 2084/2105/542 496/521/516
f 2887/2908/2653 3628/3635/3293 2888/2909/2654
f 2888/2909/2654 2416/2437/2220 2415/2436/2219
f 2889/2910/2655 2415/2436/2219 2605/2626/2401
f 2889/2910/2655 2800/2821/2577 2799/2820/2576
f 2890/2911/2656 2427/2448/2230 2491/2512/2290
f 2890/2911/2656 2803/2824/2580 2603/2624/2399
f 2683/2704/2475 389/414/415 2117/2138/1985
f 2117/2138/1985 2179/2200/2033 2427/2448/2230
f 2891/2912/2657 2661/2682/2453 2892/2913/2658
f 2891/2912/2657 2893/2914/2659 2894/2915/2660
f 2673/2694/2465 2672/2693/2464 2896/2917/2662
f 1447/1472/1388 453/478/475 2898/2919/2664
f 2900/2921/2666 2160/2181/2018 2828/2849/2603
f 2900/2921/2666 2826/2847/2601 2901/2922/2667
f 2902/2923/2668 3091/3112/2839 2206/2227/611
f 2206/2227/611 402/427/425 2160/2181/2018
f 2903/2924/2669 3629/3636/3294 2904/2925/2670
f 2904/2925/2670 2366/2387/2170 2007/2028/1883
f 2007/2028/1883 2006/2027/1882 2906/2927/2672
f 2905/2926/2671 2906/2927/2672 2907/2928/2673
f 2908/2929/2674 2909/2930/2675 1475/1500/1415
f 1477/1502/1417 292/317/321 2063/2084/1937
f 2908/2929/2674 2063/2084/1937 2366/2387/2170
f 2904/2925/2670 3629/3636/3294 2909/2930/2675
f 2910/2931/2676 2907/2928/2673 2906/2927/2672
f 2911/2932/2677 2906/2927/2672 2006/2027/1882
f 2017/2038/1893 580/605/590 2912/2933/2678
f 2911/2932/2677 2912/2933/2678 2913/2934/2679
f 2914/2935/2680 2915/2936/2681 2913/2934/2679
f 2914/2935/2680 2912/2933/2678 580/605/590
f 939/964/923 298/323/326 1485/1510/1425
f 2914/2935/2680 1485/1510/1425 1484/1509/1424
f 2916/2937/2682 2940/2961/2706 2917/2938/2683
f 2918/2939/2684 2917/2938/2683 1492/1517/1432
f 1491/1516/1431 1518/1543/1457 2919/2940/2685
f 2918/2939/2684 2919/2940/2685 2920/2941/2686
f 2917/2938/2683 2940/2961/2706 2921/2942/2687
f 2922/2943/2688 2921/2942/2687 2923/2944/2689
f 2924/2945/2690 1526/1551/1465 1495/1520/1435
f 2922/2943/2688 1495/1520/1435 1492/1517/1432
f 2925/2946/2691 3006/3027/2771 2926/2947/2692
f 2927/2948/2693 2926/2947/2692 2928/2949/2694
f 2929/2950/2695 3554/3570/3237 1502/1527/1442
f 2927/2948/2693 1502/1527/1442 1501/1526/1441
f 2930/2951/2696 2935/2956/2701 2931/2952/2697
f 2930/2951/2696 2932/2953/2698 2933/2954/2699
f 2934/2955/2700 1569/1594/1507 1508/1533/1447
f 1508/1533/1447 3555/3571/3238 2935/2956/2701
f 2916/2937/2682 2920/2941/2686 2936/2957/2702
f 2936/2957/2702 3630/3637/3295 2938/2959/2704
f 2938/2959/2704 3631/3638/2734 2939/2960/2705
f 2937/2958/2703 2939/2960/2705 2940/2961/2706
f 2941/2962/2707 2919/2940/2685 1518/1543/1457
f 2941/2962/2707 1521/1546/1460 1520/1545/1459
f 2942/2963/2708 3630/3637/3295 2936/2957/2702
f 2936/2957/2702 2920/2941/2686 2919/2940/2685
f 2943/2964/2709 2921/2942/2687 2940/2961/2706
f 2939/2960/2705 3631/3638/2734 2944/2965/2710
f 2944/2965/2710 3632/3639/3296 2945/2966/2711
f 2945/2966/2711 2923/2944/2689 2921/2942/2687
f 2924/2945/2690 2923/2944/2689 2945/2966/2711
f 2945/2966/2711 3632/3639/3296 2947/2968/2713
f 2946/2967/2712 2947/2968/2713 1528/1553/1467
f 2946/2967/2712 1527/1552/1466 1526/1551/1465
f 2948/2969/2714 2971/2992/2737 2949/2970/2715
f 2950/2971/2716 2949/2970/2715 2951/2972/2717
f 2950/2971/2716 2952/2973/2718 2953/2974/2719
f 2954/2975/2720 2966/2987/2732 2948/2969/2714
f 2955/2976/2721 2959/2980/2725 1538/1563/1477
f 1543/1568/1482 3559/3575/3242 2956/2977/2722
f 2955/2976/2721 2956/2977/2722 2957/2978/2723
f 2958/2979/2724 3002/3023/2767 2959/2980/2725
f 2960/2981/2726 2964/2985/2730 1545/1570/1484
f 1550/1575/1489 1574/1599/1511 2961/2982/2727
f 2960/2981/2726 2961/2982/2727 2962/2983/2728
f 2963/2984/2729 3633/3640/3297 2964/2985/2730
f 2965/2986/2731 2948/2969/2714 2966/2987/2732
f 2965/2986/2731 2967/2988/2733 2968/2989/2734
f 2969/2990/2735 3634/3641/3298 2970/2991/2736
f 2965/2986/2731 2970/2991/2736 2971/2992/2737
f 2972/2993/2738 3635/3642/3299 2973/2994/2739
f 2973/2994/2739 2987/3008/2752 2975/2996/2741
f 2974/2995/2740 2975/2996/2741 2021/2042/1897
f 2974/2995/2740 2019/2040/1895 2976/2997/2742
f 2977/2998/2743 1601/1626/1502 1564/1589/1502
f 2978/2999/2744 1564/1589/1502 1569/1594/1507
f 2934/2955/2700 2933/2954/2699 2979/3000/2745
f 2978/2999/2744 2979/3000/2745 2980/3001/2746
f 2981/3002/2747 2984/3005/2750 2982/3003/2748
f 2983/3004/2749 2962/2983/2728 2961/2982/2727
f 2981/3002/2747 2961/2982/2727 1574/1599/1511
f 1573/1598/1477 1595/1620/1529 2984/3005/2750
f 2985/3006/2751 2989/3010/2754 2953/2974/2719
f 2986/3007/2720 2021/2042/1897 2975/2996/2741
f 2985/3006/2751 2975/2996/2741 2987/3008/2752
f 2988/3009/2753 2999/3020/2764 2989/3010/2754
f 2952/2973/2718 2951/2972/2717 2990/3011/2755
f 2991/3012/2756 2990/3011/2755 2992/3013/2757
f 2991/3012/2756 2022/2043/1898 2021/2042/1897
f 2986/3007/2720 2953/2974/2719 2952/2973/2718
f 2993/3014/2758 2997/3018/2762 2994/3015/2759
f 2995/3016/2760 3636/3643/3300 2996/3017/2761
f 2993/3014/2758 2996/3017/2761 2968/2989/2734
f 2967/2988/2733 2966/2987/2732 2997/3018/2762
f 2998/3019/2763 2997/3018/2762 2966/2987/2732
f 2954/2975/2720 2953/2974/2719 2989/3010/2754
f 2998/3019/2763 2989/3010/2754 2999/3020/2764
f 3000/3021/2765 2994/3015/2759 2997/3018/2762
f 3001/3022/2766 2959/2980/2725 3002/3023/2767
f 3003/3024/2768 2982/3003/2748 2984/3005/2750
f 3001/3022/2766 2984/3005/2750 1595/1620/1529
f 1594/1619/1529 1538/1563/1477 2959/2980/2725
f 2925/2946/2691 1501/1526/1441 1597/1622/1531
f 3004/3025/2769 1597/1622/1531 1601/1626/1502
f 2977/2998/2743 2980/3001/2746 3005/3026/2770
f 3004/3025/2769 3005/3026/2770 3006/3027/2771
f 3007/3028/1914 3049/3070/1916 1911/1932/1800
f 3007/3028/1914 2734/2755/2524 2396/2417/2200
f 2053/2074/1928 1873/1894/1763 2486/2507/2285
f 1890/1911/1780 3097/3118/2817 3010/3031/2774
f 3011/3032/2775 3061/3082/2815 1923/1944/1812
f 3011/3032/2775 2743/2764/2533 2219/2240/2059
f 556/581/569 1209/1234/1183 3013/3034/1824
f 3014/3035/2777 3217/3235/2944 3015/3036/2778
f 3017/3038/2780 2462/2483/2262 3018/3039/2781
f 3019/3040/2782 2212/2233/2055 2230/2251/2066
f 3021/3042/2784 2504/2525/2303 2503/2524/2302
f 2081/2102/1954 2424/2445/2227 2586/2607/2382
f 2584/2605/2380 3614/3621/3281 3024/3045/2787
f 285/310/314 3604/3611/3272 2425/2446/2228
f 283/308/312 2425/2446/2228 2424/2445/2227
f 3026/3047/2789 2405/2426/2209 3027/3048/2790
f 3029/3050/2792 2406/2427/2210 2405/2426/2209
f 3030/3051/2793 2301/2322/2119 1887/1908/1777
f 711/736/714 710/735/713 3031/3052/2794
f 3032/3053/2795 2164/2185/2020 2419/2440/2222
f 3033/3054/2791 2080/2101/1953 2408/2429/2212
f 3035/3056/2796 2222/2243/2062 3036/3057/2797
f 3012/3033/2776 2219/2240/2059 2222/2243/2062
f 2293/2314/691 783/808/774 296/321/324
f 2782/2803/2564 2781/2802/2563 3038/3059/695
f 1983/2004/1862 1935/1956/1821 1937/1958/1282
f 3039/3060/36 2309/2330/2125 2308/2329/2124
f 2241/2262/715 664/689/668 415/440/437
f 1335/1360/1292 2289/2310/2111 3041/3062/2799
f 2236/2257/2070 2235/2256/2069 3042/3063/2800
f 519/544/536 521/546/538 3044/3065/1638
f 1895/1916/1785 1894/1915/1784 1900/1921/1790
f 569/594/581 571/596/583 3045/3066/1825
f 571/596/583 3518/3534/3203 3046/3067/2802
f 384/409/410 314/339/342 316/341/344
f 3034/3055/2789 2408/2429/2212 1888/1909/1778
f 3047/3068/2803 2349/2370/2157 2056/2077/1931
f 3048/3069/2804 1930/1951/1818 1929/1950/1817
f 1912/1933/1801 1911/1932/1800 3049/3070/1916
f 2572/2593/2368 2524/2545/2321 3051/3072/2805
f 3050/3071/2053 3028/3049/2791 3027/3048/2790
f 3052/3073/2806 2032/2053/1908 2/27/32
f 1944/1965/1826 1950/1971/1832 3053/3074/2807
f 3054/3075/2808 3065/3086/2819 3055/3076/2809
f 1951/1972/1833 1956/1977/1838 3056/3077/2810
f 1886/1907/1776 675/700/679 677/702/681
f 3057/3078/2811 3037/3058/2798 3036/3057/2797
f 3058/3079/2812 2772/2793/2556 1926/1947/1814
f 3060/3081/2814 2124/2145/1991 2123/2144/1990
f 1924/1945/1813 1923/1944/1812 3061/3082/2815
f 1925/1946/510 1883/1904/1773 2055/2076/1930
f 3062/3083/2816 1989/2010/1866 1987/2008/1864
f 3063/3084/2817 1987/2008/1864 2406/2427/2210
f 3064/3085/2818 2399/2420/2203 3055/3076/2809
f 3008/3029/2772 2396/2417/2200 2399/2420/2203
f 3066/3087/2820 3074/3095/2827 2843/2864/2617
f 2841/2862/2615 2708/2729/2500 3067/3088/2821
f 3068/3089/2822 2038/2059/1913 2326/2347/2138
f 2566/2587/2363 2105/2126/1974 2833/2854/2608
f 2862/2883/2634 2723/2744/2513 3059/3080/2813
f 2215/2236/901 406/431/428 243/268/273
f 2765/2786/2550 3637/3644/3301 3070/3091/2776
f 2362/2383/2167 2797/2818/2574 2790/2811/2569
f 3071/3092/2824 2865/2886/2637 2809/2830/2586
f 1902/1923/1792 1901/1922/1791 3073/3094/2826
f 2870/2891/2641 2843/2864/2617 3074/3095/2827
f 3075/3096/2828 2370/2391/2174 2849/2870/2622
f 607/632/95 1208/1233/94 1210/1235/1184
f 3076/3097/2829 3099/3120/2846 2034/2055/1909
f 1020/1045/1000 1688/1713/1583 3077/3098/1293
f 3078/3099/1567 162/187/192 164/189/194
f 2291/2312/2112 2368/2389/2172 2339/2360/2150
f 3079/3100/2830 3638/3645/1568 3080/3101/2831
f 3081/3102/97 691/716/694 693/718/696
f 2882/2903/2650 826/851/810 3083/3104/2832
f 454/479/476 2103/2124/1972 3085/3106/2834
f 3086/3107/2835 326/351/354 325/350/353
f 2887/2908/2653 2799/2820/2576 3088/3109/2837
f 835/860/819 445/470/467 3090/3111/887
f 3051/3072/2805 3639/3646/3302 3091/3112/2839
f 2902/2923/2668 2901/2922/2667 2460/2481/2260
f 2776/2797/2558 3640/3647/1914 2485/2506/2284
f 2461/2482/2261 2460/2481/2260 2901/2922/2667
f 3092/3113/2840 2892/2913/2658 2660/2681/2452
f 3048/3069/2804 2056/2077/1931 3085/3106/2834
f 3067/3088/2821 2708/2729/2500 3094/3115/2842
f 2706/2727/2498 2051/2072/1926 2072/2093/1945
f 1892/1913/1782 3043/3064/2801 3097/3118/2817
f 3059/3080/2813 2723/2744/2513 3098/3119/2845
f 3099/3120/2846 2720/2741/2511 2762/2783/2548
f 3100/3121/2847 3017/3038/2780 2487/2508/2286
f 3101/3122/2848 1452/1477/1393 326/351/354
f 3102/3123/224 2417/2438/223 661/686/665
f 3103/3124/2849 1614/1639/409 825/850/809
f 2774/2795/746 2234/2255/745 1738/1763/1652
f 40/65/70 1148/1173/1126 938/963/922
f 3104/3125/2850 111/136/141 113/138/143
f 1724/1749/1639 7/32/37 191/216/221
f 2571/2592/2367 3641/3648/2841 3106/3127/2852
f 3090/3111/887 445/470/467 448/473/470
f 2174/2195/2029 710/735/713 2370/2391/2174
f 1737/1762/1651 2236/2257/2070 3043/3064/2801
f 3107/3128/2853 2073/2094/1946 2072/2093/1945
f 1918/1939/1807 2174/2195/2029 3075/3096/2828
f 2236/2257/2070 1737/1762/1651 1738/1763/1652
f 375/400/401 1716/1741/1633 1715/1740/1632
f 3108/3129/2589 71/96/101 1877/1898/1767
f 2210/2231/2053 2078/2099/1951 2080/2101/1953
f 3109/3130/709 2135/2156/708 2137/2158/2000
f 473/498/494 1636/1661/1566 857/882/841
f 2050/2071/1925 2053/2074/1928 3009/3030/2773
f 807/832/717 139/164/169 137/162/167
f 1914/1935/1803 3067/3088/2821 3095/3116/2843
f 3110/3131/2854 2783/2804/2565 2352/2373/2160
f 1916/1937/1805 1918/1939/1807 3074/3095/2827
f 1916/1937/1805 3066/3087/2820 3067/3088/2821
f 3111/3132/85 9/34/39 1976/1997/1857
f 2061/2082/1935 2054/2075/1929 3112/3133/607
f 3023/3044/2786 2490/2511/2289 2426/2447/2229
f 3019/3040/2782 2663/2684/2455 2211/2232/2054
f 1643/1668/1572 2244/2265/2076 2245/2266/2077
f 1316/1341/751 2251/2272/2081 2253/2274/2083
f 740/765/739 806/831/434 3113/3134/2080
f 3115/3136/2855 2200/2221/2048 677/702/681
f 3116/3137/2856 2036/2057/1911 2038/2059/1913
f 3069/3090/2823 2326/2347/2138 2328/2349/2140
f 3104/3125/2850 3105/3126/2851 3117/3138/2857
f 3118/3139/2785 2660/2681/2452 2662/2683/2454
f 2829/2850/2604 2354/2375/2162 3120/3141/2859
f 3121/3142/2860 3120/3141/2859 3122/3143/2861
f 3123/3144/2862 3180/3198/2912 2382/2403/2186
f 3121/3142/2860 2382/2403/2186 2381/2402/2185
f 3124/3145/2863 3128/3149/2867 3125/3146/2864
f 3126/3147/2865 2154/2175/2012 2155/2176/2013
f 2155/2176/2013 2811/2832/2588 3127/3148/2866
f 3127/3148/2866 3133/3154/2872 3128/3149/2867
f 2867/2888/2639 3136/3157/2875 3129/3150/2868
f 3130/3151/2869 3129/3150/2868 3131/3152/2870
f 3130/3151/2869 3132/3153/2871 3133/3154/2872
f 3127/3148/2866 2811/2832/2588 2867/2888/2639
f 2835/2856/2610 2711/2732/2502 2108/2129/1977
f 3134/3155/2873 2108/2129/1977 2107/2128/1976
f 3135/3156/2874 3131/3152/2870 3129/3150/2868
f 3134/3155/2873 3129/3150/2868 3136/3157/2875
f 3137/3158/2876 2356/2377/2164 2154/2175/2012
f 3126/3147/2865 3125/3146/2864 3138/3159/2877
f 3137/3158/2876 3138/3159/2877 3122/3143/2861
f 3120/3141/2859 2354/2375/2162 2356/2377/2164
f 3139/3160/2778 3154/3175/2892 3140/3161/2878
f 3142/3163/2880 3152/3173/2890 3143/3164/2881
f 3145/3166/2883 3230/3248/2952 3146/3167/2884
f 3148/3169/2886 3211/3229/2941 3149/3170/2887
f 3142/3163/2880 3225/3243/2950 3151/3172/2889
f 3153/3174/2891 3167/3185/2900 3140/3161/2878
f 3236/18/4 3237/3253/30 3643/20/3303
f 3644/21/2943 3643/20/30 3645/3649/4
f 3155/4/3304 3648/3650/3305 3156/5/3305
f 3156/5/3306 3649/3651/2951 3650/24/2943
f 3158/3176/2893 3221/3239/2946 3159/3177/2894
f 3161/3179/2895 3168/3186/2901 3162/3180/2896
f 3164/3182/2898 3133/3154/2872 3132/3153/2871
f 3132/3153/2871 3131/3152/2870 3166/3184/2899
f 3161/3179/2895 3198/3216/2899 3167/3185/2900
f 3169/3187/2902 3014/3035/2777 3016/3037/2779
f 3171/3189/2904 2107/2128/1976 2110/2131/1979
f 3172/3190/2905 2110/2131/1979 3173/3191/2906
f 3169/3187/2902 3193/3211/2924 3175/3193/2908
f 3176/3194/2909 3158/3176/2893 3160/3178/2885
f 3178/3196/2910 2379/2400/2183 2383/2404/2187
f 3179/3197/2911 2383/2404/2187 3180/3198/2912
f 3176/3194/2909 3190/3208/2921 3182/3200/2914
f 3183/3201/2915 3151/3172/2889 3184/3202/2916
f 3186/3204/2917 3122/3143/2861 3138/3159/2877
f 3187/3205/2918 3138/3159/2877 3125/3146/2864
f 3183/3201/2915 3203/3221/2933 3152/3173/2890
f 3189/3207/2920 3149/3170/2887 3182/3200/2914
f 3191/3209/2922 3181/3199/2913 3180/3198/2912
f 3123/3144/2862 3122/3143/2861 3186/3204/2917
f 3189/3207/2920 3652/3652/3307 3150/3171/2888
f 3192/3210/2923 3146/3167/2884 3175/3193/2908
f 3174/3192/2907 3173/3191/2906 2090/2111/1960
f 3194/3212/2925 2090/2111/1960 2379/2400/2183
f 3195/3213/2926 3177/3195/2910 3160/3178/2885
f 3197/3215/2928 3140/3161/2878 3167/3185/2900
f 3199/3217/2929 3166/3184/2899 3131/3152/2870
f 3135/3156/2874 2107/2128/1976 3171/3189/2904
f 3199/3217/2929 3171/3189/2904 3200/3218/2930
f 3202/3220/2932 3143/3164/2881 3152/3173/2890
f 3188/3206/2919 3125/3146/2864 3128/3149/2867
f 3204/3222/2934 3128/3149/2867 3133/3154/2872
f 3202/3220/2932 3653/3653/3308 3205/3223/2935
f 3206/3224/2936 3217/3235/2944 3014/3035/2777
f 3207/3225/2937 3221/3239/2946 3158/3176/2893
f 3168/3186/2901 3213/3231/2942 3208/3226/2938
f 3151/3172/2889 3225/3243/2950 3209/3227/2939
f 3153/3174/2891 3213/3231/2942 3168/3186/2901
f 3210/3228/2940 3144/3165/2882 3143/3164/2881
f 3146/3167/2884 3230/3248/2952 3206/3224/2936
f 3207/3225/2937 3182/3200/2914 3149/3170/2887
f 3212/3230/25 3208/3226/2938 3213/3231/2942
f 3213/3231/2942 3153/3174/2891 3215/3233/2943
f 3216/3234/20 3015/3036/2778 3217/3235/2944
f 3217/3235/2944 3206/3224/2936 3219/3237/21
f 3220/3238/2945 3159/3177/2894 3221/3239/2946
f 3221/3239/2946 3207/3225/2937 3223/3241/2948
f 3224/3242/2949 3209/3227/2939 3225/3243/2950
f 3225/3243/2950 3142/3163/2880 3227/3245/20
f 3223/3241/2948 3207/3225/2937 3211/3229/2941
f 3211/3229/2941 3148/3169/2886 3229/3247/2947
f 3219/3237/21 3206/3224/2936 3230/3248/2952
f 3232/3250/2953 3159/3177/2894 3220/3238/2945
f 3234/17/2954 3654/3654/3309 3235/3252/2955
f 3235/3252/2955 3655/3655/3310 3237/3253/30
f 3227/3245/20 3142/3163/2880 3144/3165/2882
f 3144/3165/2882 3210/3228/2940 3239/3255/2949
f 3240/3256/2956 3439/3455/3147 3241/3257/2957
f 3242/3258/2958 3241/3257/2957 3243/3259/2959
f 3244/3260/2960 3444/3460/3152 3245/3261/2961
f 3242/3258/2958 3245/3261/2961 3246/3262/2962
f 3241/3257/2957 3439/3455/3147 3247/3263/2963
f 3248/3264/2964 3247/3263/2963 3249/3265/2965
f 3250/3266/2966 3452/3468/3160 3251/3267/2967
f 3248/3264/2964 3251/3267/2967 3243/3259/2959
f 3252/3268/2968 3458/3474/3166 3253/3269/2969
f 3254/3270/2970 3253/3269/2969 3255/3271/2971
f 3256/3272/2972 3444/3460/3152 3244/3260/2960
f 3254/3270/2970 3244/3260/2960 3243/3259/2959
f 3257/3273/2973 3458/3474/3166 3252/3268/2968
f 3258/3274/2974 3252/3268/2968 3243/3259/2959
f 3251/3267/2967 3452/3468/3160 3259/3275/2975
f 3258/3274/2974 3259/3275/2975 3260/3276/2976
f 3261/3277/2977 3656/3656/3311 3262/3278/2978
f 3263/3279/2979 3262/3278/2978 3264/3280/2980
f 3265/3281/2981 3372/3388/3086 3266/3282/2982
f 3263/3279/2979 3266/3282/2982 3267/3283/2983
f 3268/3284/2984 3274/3290/2990 3269/3285/2985
f 3270/3286/2986 3657/3657/3312 3271/3287/2987
f 3268/3284/2984 3271/3287/2987 3272/3288/2988
f 3273/3289/2989 3379/3395/3092 3274/3290/2990
f 3275/3291/2991 3658/3658/3313 3276/3292/2992
f 3277/3293/2993 3276/3292/2992 3269/3285/2985
f 3274/3290/2990 3379/3395/3092 3278/3294/2994
f 3277/3293/2993 3278/3294/2994 3279/3295/2995
f 3280/3296/2996 3286/3302/3002 3281/3297/2997
f 3282/3298/2998 3659/3659/3314 3283/3299/2999
f 3280/3296/2996 3283/3299/2999 3284/3300/3000
f 3285/3301/3001 3357/3373/3072 3286/3302/3002
f 3287/3303/3003 3660/3660/3315 3288/3304/3004
f 3289/3305/3005 3288/3304/3004 3290/3306/3006
f 3291/3307/3007 3386/3402/3096 3292/3308/3008
f 3289/3305/3005 3292/3308/3008 3293/3309/3009
f 3294/3310/3010 3300/3316/3016 3295/3311/3011
f 3296/3312/3012 3355/3371/3070 3297/3313/3013
f 3294/3310/3010 3297/3313/3013 3298/3314/3014
f 3299/3315/3015 3437/3453/3145 3300/3316/3016
f 3301/3317/3017 3307/3323/3023 3302/3318/3018
f 3303/3319/3019 3377/3393/3090 3304/3320/3020
f 3301/3317/3017 3304/3320/3020 3305/3321/3021
f 3306/3322/3022 3347/3363/3062 3307/3323/3023
f 3308/3324/3024 3265/3281/2981 3264/3280/2980
f 3309/3325/3025 3661/3661/3316 3310/3326/3026
f 3308/3324/3024 3310/3326/3026 3311/3327/3027
f 3312/3328/3028 3372/3388/3086 3265/3281/2981
f 3313/3329/3029 3319/3335/3035 3314/3330/3030
f 3315/3331/3031 3360/3376/3075 3316/3332/3032
f 3313/3329/3029 3316/3332/3032 3317/3333/3033
f 3318/3334/3034 3404/3420/3113 3319/3335/3035
f 3297/3313/3013 3355/3371/3070 3320/3336/3036
f 3321/3337/3037 3320/3336/3036 3322/3338/3038
f 3321/3337/3037 3323/3339/3039 3324/3340/3040
f 3325/3341/3041 3298/3314/3014 3297/3313/3013
f 3326/3342/3042 3330/3346/3046 3327/3343/3043
f 3328/3344/3044 3660/3660/3315 3287/3303/3003
f 3326/3342/3042 3287/3303/3003 3293/3309/3009
f 3329/3345/3045 3362/3378/3077 3330/3346/3046
f 3331/3347/3047 3338/3354/3054 3332/3348/3048
f 3333/3349/3049 3374/3390/3088 3334/3350/3050
f 3331/3347/3047 3334/3350/3050 3335/3351/3051
f 3331/3347/3047 3336/3352/3052 3337/3353/3053
f 3283/3299/2999 3659/3659/3314 3339/3355/3055
f 3340/3356/3056 3339/3355/3055 3341/3357/3057
f 3342/3358/2991 3366/3382/2995 3343/3359/3058
f 3340/3356/3056 3343/3359/3058 3284/3300/3000
f 3344/3360/3059 3382/3398/3094 3345/3361/3060
f 3346/3362/3061 3345/3361/3060 3302/3318/3018
f 3346/3362/3061 3307/3323/3023 3347/3363/3062
f 3348/3364/3063 3411/3427/3120 3344/3360/3059
f 3316/3332/3032 3360/3376/3075 3349/3365/3064
f 3350/3366/3065 3349/3365/3064 3351/3367/3066
f 3352/3368/3067 3428/3444/3136 3353/3369/3068
f 3350/3366/3065 3353/3369/3068 3317/3333/3033
f 3354/3370/3069 3358/3374/3073 3355/3371/3070
f 3296/3312/3012 3295/3311/3011 3356/3372/3071
f 3354/3370/3069 3356/3372/3071 3357/3373/3072
f 3285/3301/3001 3284/3300/3000 3358/3374/3073
f 3359/3375/3074 3363/3379/3078 3360/3376/3075
f 3315/3331/3031 3314/3330/3030 3361/3377/3076
f 3359/3375/3074 3361/3377/3076 3362/3378/3077
f 3329/3345/3045 3293/3309/3009 3363/3379/3078
f 3364/3380/3079 3322/3338/3038 3320/3336/3036
f 3365/3381/3080 3320/3336/3036 3355/3371/3070
f 3358/3374/3073 3284/3300/3000 3343/3359/3058
f 3365/3381/3080 3343/3359/3058 3366/3382/2995
f 3367/3383/3081 3332/3348/3048 3368/3384/3082
f 3369/3385/3083 3368/3384/3082 3370/3386/3084
f 3371/3387/3085 3267/3283/2983 3266/3282/2982
f 3369/3385/3083 3266/3282/2982 3372/3388/3086
f 3373/3389/3087 3375/3391/3071 3374/3390/3088
f 3333/3349/3049 3332/3348/3048 3367/3383/3081
f 3373/3389/3087 3367/3383/3081 3372/3388/3086
f 3312/3328/3028 3311/3327/3027 3375/3391/3071
f 3376/3392/3089 3380/3396/3076 3377/3393/3090
f 3303/3319/3019 3302/3318/3018 3378/3394/3091
f 3376/3392/3089 3378/3394/3091 3379/3395/3092
f 3273/3289/2989 3272/3288/2988 3380/3396/3076
f 3378/3394/3091 3302/3318/3018 3345/3361/3060
f 3381/3397/3093 3345/3361/3060 3382/3398/3094
f 3383/3399/3079 3279/3295/2995 3278/3294/2994
f 3381/3397/3093 3278/3294/2994 3379/3395/3092
f 3384/3400/3085 3351/3367/3066 3349/3365/3064
f 3385/3401/3095 3349/3365/3064 3360/3376/3075
f 3363/3379/3078 3293/3309/3009 3292/3308/3008
f 3385/3401/3095 3292/3308/3008 3386/3402/3096
f 3387/3403/3097 3370/3386/3084 3368/3384/3082
f 3388/3404/3098 3368/3384/3082 3332/3348/3048
f 3338/3354/3054 3337/3353/3053 3389/3405/3099
f 3388/3404/3098 3389/3405/3099 3390/3406/3100
f 3391/3407/3101 3402/3418/3112 3392/3408/3102
f 3394/3410/3104 3406/3422/3115 3395/3411/3105
f 3396/3412/3106 3395/3411/3105 3347/3363/3062
f 3306/3322/3022 3305/3321/3021 3397/3413/3107
f 3398/3414/3108 3427/3443/3135 3399/3415/3109
f 3401/3417/3111 3392/3408/3102 3402/3418/3112
f 3400/3416/3110 3662/3662/3317 3404/3420/3113
f 3400/3416/3110 3318/3334/3034 3317/3333/3033
f 3405/3421/3114 3395/3411/3105 3406/3422/3115
f 3408/3424/3117 3474/3490/3179 3409/3425/3118
f 3405/3421/3114 3663/3663/3118 3411/3427/3120
f 3348/3364/3063 3347/3363/3062 3395/3411/3105
f 3412/3428/3121 3416/3432/3118 3413/3429/3122
f 3414/3430/3123 3434/3450/3142 3415/3431/3124
f 3412/3428/3121 3415/3431/3124 3298/3314/3014
f 3325/3341/3041 3324/3340/3040 3416/3432/3118
f 3417/3433/3125 3432/3448/3140 3418/3434/3126
f 3420/3436/3128 3481/3497/3126 3421/3437/3129
f 3423/3439/3131 3390/3406/3100 3389/3405/3099
f 3419/3435/3127 3389/3405/3099 3337/3353/3053
f 3424/3440/3132 3664/3664/3318 3425/3441/3133
f 3426/3442/3134 3425/3441/3133 3427/3443/3135
f 3398/3414/3108 3317/3333/3033 3353/3369/3068
f 3426/3442/3134 3353/3369/3068 3428/3444/3136
f 3429/3445/3137 3665/3665/3319 3430/3446/3138
f 3431/3447/3139 3430/3446/3138 3432/3448/3140
f 3417/3433/3125 3337/3353/3053 3336/3352/3052
f 3431/3447/3139 3336/3352/3052 3335/3351/3051
f 3433/3449/3141 3415/3431/3124 3434/3450/3142
f 3435/3451/3143 3666/3666/3320 3436/3452/3144
f 3433/3449/3141 3436/3452/3144 3437/3453/3145
f 3299/3315/3015 3298/3314/3014 3415/3431/3124
f 3438/3454/3146 3442/3458/3150 3439/3455/3147
f 3240/3256/2956 3246/3262/2962 3440/3456/3148
f 3440/3456/3148 3667/3667/3321 3441/3457/3149
f 3441/3457/3149 3668/3668/3322 3442/3458/3150
f 3440/3456/3148 3246/3262/2962 3245/3261/2961
f 3443/3459/3151 3245/3261/2961 3444/3460/3152
f 3443/3459/3151 3445/3461/3153 3446/3462/3154
f 3447/3463/3155 3667/3667/3321 3440/3456/3148
f 3448/3464/3156 3249/3265/2965 3247/3263/2963
f 3449/3465/3157 3247/3263/2963 3439/3455/3147
f 3442/3458/3150 3668/3668/3322 3450/3466/3158
f 3450/3466/3158 3669/3669/3323 3448/3464/3156
f 3451/3467/3159 3455/3471/3163 3452/3468/3160
f 3250/3266/2966 3249/3265/2965 3448/3464/3156
f 3448/3464/3156 3669/3669/3323 3453/3469/3161
f 3451/3467/3159 3453/3469/3161 3454/3470/3162
f 3456/3472/3164 3255/3271/2971 3253/3269/2969
f 3457/3473/3165 3253/3269/2969 3458/3474/3166
f 3459/3475/3167 3670/3670/3324 3460/3476/3168
f 3460/3476/3168 3671/3671/3325 3456/3472/3164
f 3461/3477/3169 3445/3461/3153 3444/3460/3152
f 3256/3272/2972 3255/3271/2971 3456/3472/3164
f 3456/3472/3164 3671/3671/3325 3462/3478/3170
f 3461/3477/3169 3462/3478/3170 3446/3462/3154
f 3463/3479/3171 3459/3475/3167 3458/3474/3166
f 3257/3273/2973 3260/3276/2976 3464/3480/3172
f 3464/3480/3172 3672/3672/3326 3465/3481/3025
f 3465/3481/3025 3670/3670/3324 3459/3475/3167
f 3464/3480/3172 3260/3276/2976 3259/3275/2975
f 3466/3482/3173 3259/3275/2975 3452/3468/3160
f 3466/3482/3173 3455/3471/3163 3454/3470/3162
f 3467/3483/2998 3672/3672/3326 3464/3480/3172
f 3468/3484/3174 3475/3491/3174 3469/3485/3175
f 3393/3409/3103 3392/3408/3102 3470/3486/3176
f 3470/3486/3176 3392/3408/3102 3401/3417/3111
f 3401/3417/3111 3673/3673/3327 3472/3488/3174
f 3473/3489/3178 3479/3495/3174 3474/3490/3179
f 3408/3424/3117 3469/3485/3175 3475/3491/3174
f 3476/3492/3180 3493/3509/3174 3477/3493/3181
f 3478/3494/3182 3474/3490/3179 3479/3495/3174
f 3480/3496/3183 3421/3437/3129 3481/3497/3126
f 3482/3498/3174 3481/3497/3126 3483/3499/3184
f 3472/3488/3174 3673/3673/3327 3485/3501/3133
f 3486/3502/3174 3485/3501/3133 3421/3437/3129
f 3484/3500/3183 3483/3499/3184 3487/3503/3185
f 3488/3504/3186 3487/3503/3185 3489/3505/3187
f 3490/3506/3183 3489/3505/3187 3491/3507/3188
f 3491/3507/3188 3477/3493/3181 3493/3509/3174
f 3494/3510/3190 1859/1880/1752 1832/1854/1737
f 3479/3495/3174 3473/3489/3178 3476/3492/3180
f 3473/3489/3178 3475/3491/3174 3468/3484/3174
f 3471/3487/3177 3468/3484/3174 3470/3486/3176
f 3473/3489/3178 3468/3484/3174 3471/3487/3177
f 3471/3487/3177 3472/3488/3174 3476/3492/3180
f 3472/3488/3174 3486/3502/3174 3493/3509/3174
f 3486/3502/3174 3480/3496/3183 3482/3498/3174
f 3493/3509/3174 3486/3502/3174 3492/3508/3189
f 3482/3498/3174 3484/3500/3183 3488/3504/3186
f 3488/3504/3186 3490/3506/3183 3492/3508/3189
f 3488/3504/3186 3486/3502/3174 3482/3498/3174
f 3493/3509/3174 3476/3492/3180 3472/3488/3174
f 3476/3492/3180 3473/3489/3178 3471/3487/3177
f 316/341/344 315/340/343 2089/2110/1959
