# Blender v2.80 (sub 35) OBJ File: 'r3pu_lowpoly.blend'
# www.blender.org
v 0.226395 -7.492686 2.505190
v 0.199814 -7.211948 2.646362
v 0.203047 -7.491031 2.498622
v -0.256115 -6.666008 2.990631
v -0.237696 -6.458777 3.065750
v -0.264097 -6.459362 3.067222
v 0.526737 -6.461911 2.976781
v 0.428407 -6.672739 2.918590
v 0.533617 -6.674421 2.874870
v 0.178173 -6.472234 3.056530
v 0.095585 -6.268058 3.027842
v 0.094939 -6.479002 2.979797
v -2.553008 -3.604382 -3.913869
v -2.222378 -3.785408 -4.287254
v -2.597715 -3.852611 -3.864907
v -0.084345 -6.474155 2.967594
v -0.005187 -6.258935 3.015477
v -0.084442 -6.259790 3.015667
v -2.779843 -7.250513 0.285760
v -2.870505 -7.232036 -0.111044
v -2.768407 -7.269054 0.306354
v 2.622884 -6.752482 -2.132683
v 2.635933 -6.730128 -1.925296
v 2.549843 -6.725626 -2.144530
v -0.083885 -6.669766 2.870755
v -0.005188 -6.479728 2.969047
v 0.194545 -8.420464 2.317386
v 0.191989 -8.060008 2.333552
v 0.169272 -8.417371 2.306012
v 0.740807 -7.243385 2.444993
v 0.766261 -6.938426 2.599612
v 0.611828 -6.957068 2.670296
v 0.138352 -8.891395 1.582657
v 0.088974 -8.845192 1.452930
v 0.137732 -8.841661 1.450092
v 0.095575 -8.934835 1.837543
v 0.139710 -8.954783 1.948050
v 0.096329 -8.922698 1.945858
v -2.295779 -6.413674 0.628358
v -2.276526 -6.763381 0.730117
v -2.031011 -6.626069 1.082588
v -1.711843 -7.180307 1.607286
v -2.008714 -7.288912 1.231771
v -1.689096 -7.192136 1.631036
v 0.175791 -7.212230 2.628637
v 0.178451 -7.491305 2.481498
v -1.414261 -7.067989 1.918460
v -1.135892 -6.870679 2.271060
v -1.420828 -7.070501 1.896989
v 1.872832 -7.386489 1.370546
v 1.895450 -7.706337 1.330836
v 2.175808 -7.471268 0.977407
v 2.408229 -5.977118 0.377312
v 2.272966 -6.402554 0.638005
v 2.514989 -6.186307 0.126747
v -0.270498 -7.765171 2.406086
v -0.450484 -7.540211 2.436957
v -0.496217 -7.796027 2.332068
v 2.923990 -6.848509 -1.399508
v 2.847068 -6.877767 -1.297206
v 2.859630 -6.828771 -1.481511
v 2.991737 -6.812092 -1.501542
v 2.915421 -6.809311 -1.601949
v 1.130362 -7.154512 2.222710
v 1.005853 -6.890586 2.434769
v 0.899867 -6.915321 2.516505
v 0.093452 -8.703929 2.168133
v 0.148957 -8.659916 2.255291
v 0.092692 -8.598350 2.207694
v 0.057791 -7.781417 2.294945
v 0.070159 -8.069684 2.244802
v 0.070182 -7.781696 2.297157
v 0.187352 -7.766480 2.385875
v 0.219666 -8.056649 2.348279
v 0.212856 -7.763649 2.401525
v -2.978039 -4.835094 -2.256581
v -2.952229 -4.996571 -2.802070
v -2.965286 -5.096272 -2.296962
v 3.080358 -6.423839 -2.621468
v 3.032447 -6.185095 -2.944286
v 3.136328 -6.275937 -2.529756
v -2.746184 -7.251906 0.221857
v -2.372464 -7.327569 0.702475
v -2.746812 -7.239285 0.207489
v 2.658206 -7.194129 0.184977
v 2.499445 -7.050616 0.421952
v 2.354345 -7.211161 0.643219
v 3.108307 -6.454166 -0.987658
v 3.029165 -6.186810 -1.194347
v 2.963848 -6.324594 -0.777275
v 0.140743 -8.853841 2.134024
v 0.162788 -8.774159 2.206722
v 0.143453 -8.765732 2.203559
v 0.170274 -8.667700 2.261822
v -2.877738 -7.074481 -0.442446
v -2.940792 -6.918693 -0.309662
v -2.875973 -7.019430 -0.657288
v 0.139828 -8.918705 2.048311
v 0.158288 -8.861883 2.133720
v 0.094713 -6.933551 2.719771
v 0.177603 -6.928370 2.808438
v 0.155892 -8.925634 2.044991
v 3.184156 -6.452703 -2.326102
v 3.222364 -6.335258 -2.184871
v 3.024874 -6.938943 -0.741017
v 2.944373 -7.011870 -0.743116
v 3.002026 -6.933156 -0.916542
v 2.873766 -7.048570 -0.828606
v 2.918574 -6.988374 -0.919375
v 2.925521 -7.045863 -0.355995
v 2.857917 -7.120983 -0.409858
v 2.948603 -7.031010 -0.550432
v 2.850481 -7.008354 -0.993264
v 2.876950 -6.960455 -1.064537
v 2.876890 -7.086472 -0.627970
v 2.905698 -6.902940 -1.207533
v 2.825241 -6.928042 -1.163930
v 3.039704 -6.862886 -1.134328
v 3.120331 -6.788888 -1.248251
v 3.077132 -6.858423 -0.974607
v 3.091657 -6.846794 -0.812438
v 3.020943 -6.939013 -0.562666
v 3.147681 -6.536470 -2.162845
v 3.048750 -6.667133 -1.953179
v 3.022420 -6.617478 -2.229511
v 2.753854 -5.364070 -3.455957
v 2.599672 -5.519689 -3.797489
v 2.578782 -5.303229 -3.785507
v 2.870066 -6.781240 -1.820696
v 2.925487 -6.721170 -2.022207
v 2.966270 -6.769385 -1.744158
v 2.881727 -6.691423 -2.284205
v 2.805488 -6.757247 -2.076205
v 2.746473 -6.744133 -2.325780
v 2.718130 -4.059722 -1.551225
v 2.881300 -3.986669 -2.113595
v 2.832339 -3.957623 -2.122912
v 2.191498 -6.464037 -3.563286
v 2.171179 -6.384831 -3.818918
v 2.265728 -6.478900 -3.581988
v 2.320270 -5.648418 0.747828
v 2.053987 -6.044065 1.266794
v 2.346161 -5.785007 0.609597
v 2.511125 -3.439512 -3.759406
v 2.700448 -3.511287 -3.408634
v 2.733197 -3.548837 -3.419287
v 3.007680 -4.589088 -2.208431
v 2.959003 -4.694687 -2.760819
v 3.001612 -4.446129 -2.737053
v 0.459989 -6.961535 2.731318
v -0.908144 -6.653764 2.599080
v -1.126334 -6.869344 2.319500
v -0.912204 -6.649658 2.612622
v 2.167431 -4.264061 -4.249727
v 1.794694 -4.097760 -4.591293
v 2.172280 -4.087904 -4.250050
v 0.070599 -6.017658 3.010646
v 0.083216 -5.788672 2.942232
v 0.070654 -5.788487 2.939676
v 2.418211 -6.711730 -2.585548
v 2.434468 -6.689778 -2.815996
v 2.495975 -6.739296 -2.581010
v 2.643254 -5.735797 -0.232427
v 2.721033 -5.975229 -0.402807
v 2.748567 -5.111332 -3.451829
v -1.996283 -6.990262 1.106425
v -1.737132 -6.846808 1.487718
v 2.109066 -3.373977 -4.156611
v 1.753749 -3.305739 -4.476761
v 2.083816 -3.291726 -4.131392
v -2.610228 -5.953267 -3.883125
v -2.322946 -5.669541 -4.233139
v -2.305441 -5.864214 -4.273856
v -0.815806 -6.932663 2.575708
v -0.760830 -6.666368 2.751081
v -0.938126 -6.907064 2.488158
v 0.811593 -6.231065 2.807818
v 0.846184 -6.435823 2.762997
v 0.850855 -6.436957 2.747931
v 2.748932 -6.647748 -2.765485
v 2.694976 -6.734263 -2.545093
v 2.625600 -6.690465 -2.797211
v 2.375333 -6.615067 -3.103717
v 2.413041 -6.557672 -3.343920
v 2.461174 -6.623622 -3.111417
v 2.878412 -3.688062 -3.046438
v 2.815530 -3.682476 -3.444148
v -0.665607 -5.835793 2.744291
v -0.593944 -5.644381 2.683486
v -0.586899 -5.644017 2.669583
v 2.604105 -6.499869 -3.345524
v 2.557736 -6.611054 -3.109140
v 2.503551 -6.542059 -3.349612
v 1.146893 -5.585896 -5.103383
v 0.714869 -5.409822 -5.228273
v 1.138604 -5.403988 -5.072600
v -2.932472 -6.867932 -1.185705
v -3.064048 -6.617910 -1.269973
v -2.981133 -6.750678 -1.469745
v 1.741389 -6.172328 -4.381642
v 1.958005 -6.216442 -4.086417
v 1.677067 -6.130229 -4.303960
v -0.898064 -8.057162 2.120970
v -0.585763 -8.337149 2.204113
v -0.538770 -8.060102 2.255629
v 1.444461 -3.381263 -4.777609
v 1.774300 -3.396554 -4.499836
v 1.467335 -3.461583 -4.805398
v 2.828634 -6.684474 -2.506044
v 2.876485 -6.582923 -2.722378
v 2.967683 -6.612690 -2.454580
v -2.777560 -7.245899 0.267616
v -2.387290 -7.323956 0.753167
v -2.767337 -7.248841 0.251319
v 3.092674 -6.531302 -2.393625
v -0.623015 -6.240233 2.962247
v -0.643443 -6.030541 2.905218
v -0.681308 -6.247428 2.922099
v 2.964222 -3.778390 -3.052538
v 2.848477 -3.876447 -3.450050
v 2.734742 -6.197914 -3.590205
v 2.796927 -6.361773 -3.315804
v 2.673240 -6.280316 -3.602061
v 3.151341 -6.701417 -0.866907
v 3.157350 -6.765400 -1.113800
v 2.659319 -6.358501 -0.104505
v 0.280964 -4.767298 -5.302313
v 0.703048 -4.983365 -5.202460
v 0.280772 -4.987266 -5.298770
v 2.200220 -6.156013 -4.251003
v 1.935959 -6.034019 -4.585182
v 2.242706 -6.082108 -4.269267
v 2.148688 -6.214305 -4.224065
v 1.899705 -6.105793 -4.551772
v 2.274272 -6.002350 -4.279677
v -3.033454 -6.461959 -2.269023
v -3.090173 -6.183804 -2.516359
v -3.019020 -6.353859 -2.599110
v 0.443248 -8.839073 1.961249
v 0.174146 -8.962091 1.932094
v 0.434915 -8.883140 1.862492
v -0.231174 -7.214480 2.655237
v -0.209590 -6.926091 2.825682
v -0.232267 -6.928292 2.834777
v 2.008716 -7.259275 1.180381
v 1.716794 -7.176718 1.564856
v 1.717659 -7.175895 1.577547
v 2.988207 -4.122645 -3.076579
v 3.069550 -4.000840 -2.670567
v 3.051267 -4.195116 -2.701589
v 0.345600 -6.456924 3.047594
v 0.226672 -6.667730 2.995726
v 0.328746 -6.668328 2.960844
v 2.969091 -4.747084 -1.672059
v 2.972309 -4.827563 -2.253741
v 1.127753 -6.866470 2.317252
v 0.931099 -6.642153 2.591767
v 0.926134 -6.642409 2.607446
v -0.828421 -6.435317 2.803350
v -0.896020 -6.642769 2.665770
v -0.815176 -6.438460 2.814732
v -0.233142 -6.663879 2.988573
v -0.212192 -6.459107 3.058476
v 0.781306 -8.764006 1.305748
v 1.209456 -8.747297 1.148267
v 0.801523 -8.777946 1.416217
v 0.281833 -4.556103 -5.319768
v 0.000017 -4.368661 -5.352428
v 0.281593 -4.366598 -5.342190
v 1.231969 -8.742893 1.210151
v 1.712642 -8.485730 0.723321
v 1.253693 -8.729585 1.276062
v -2.905715 -4.272893 -1.562332
v -3.052417 -4.269172 -2.138226
v -2.968181 -4.399666 -1.571981
v 0.574064 -5.825307 2.872980
v 0.569013 -6.016468 2.951403
v 0.627841 -6.025569 2.920672
v 1.851045 -8.421238 0.924204
v 1.293191 -8.658443 1.428025
v 1.807464 -8.452634 0.843418
v 0.820782 -8.785974 1.524495
v 0.838124 -8.782175 1.628391
v -2.320333 -7.703808 0.798904
v -2.378108 -7.340242 0.817068
v 1.631150 -8.492488 0.645491
v 1.186548 -8.747250 1.088397
v 1.592625 -8.491476 0.613620
v 0.283297 -5.201909 -5.310587
v 0.710573 -5.205018 -5.209047
v 0.869329 -8.652231 1.893137
v 1.315100 -8.528935 1.596112
v 0.870227 -8.576591 1.961380
v -0.738129 -6.034281 2.849215
v -0.776090 -6.237732 2.868026
v -0.729227 -6.034512 2.858332
v 1.312413 -8.450340 1.676140
v 0.865225 -8.494144 2.018075
v 0.522813 -7.268757 2.529669
v -1.029946 -8.500929 1.949777
v -1.428133 -8.268019 1.732961
v -1.476655 -8.456085 1.580394
v 2.392300 -7.977972 0.394463
v 2.363883 -7.979274 0.268192
v -2.025200 -7.625285 1.210361
v 2.494102 -7.503641 0.504466
v 2.383196 -7.962239 0.539785
v 2.644675 -7.488150 0.136738
v 2.311632 -7.970126 0.161611
v 1.757831 -8.473572 0.776325
v 2.249238 -7.954508 0.075358
v 0.057756 -8.070087 2.242836
v -0.005199 -7.778866 2.290894
v -0.005298 -8.071587 2.237761
v 0.952072 -7.201037 2.343296
v 0.882119 -7.505767 2.254363
v 1.147980 -7.438454 2.110724
v 0.911500 -6.638207 2.653138
v 0.842096 -6.430585 2.795918
v 0.834591 -6.430958 2.804499
v 0.378180 -7.524683 2.454511
v 0.602030 -7.548207 2.367378
v 0.177783 -6.262262 3.086713
v 0.204567 -6.469411 3.072125
v 0.204745 -6.258507 3.097041
v -0.776639 -6.244784 2.802638
v -0.819613 -6.449358 2.755598
v -0.776502 -6.243589 2.813790
v 1.125897 -6.864723 2.341731
v 1.409399 -7.048352 1.985919
v 1.412666 -7.049588 1.973076
v 2.964693 -5.488647 -1.868143
v 2.987840 -5.617158 -2.366759
v 2.966388 -5.362863 -2.331930
v -0.184226 -7.210065 2.627723
v -0.211073 -7.490007 2.498702
v -0.187360 -7.489145 2.480654
v 0.094673 -6.670775 2.881018
v 0.081845 -6.479612 2.972474
v 0.081520 -6.670603 2.872741
v 0.096520 -7.780346 2.309375
v 0.081734 -7.498242 2.389790
v 0.082543 -7.781435 2.301450
v -2.771489 -7.186201 0.163149
v -2.641240 -7.015783 0.391389
v -2.876467 -7.020599 -0.067810
v 2.294961 -7.341764 0.829324
v 2.003161 -7.270000 1.211843
v 1.988448 -7.287173 1.234521
v 3.052839 -5.961885 -1.968117
v 3.140803 -6.252492 -1.688791
v 3.129596 -6.171934 -2.028720
v 2.618316 -6.972378 -1.066825
v 2.411189 -7.168410 -0.815326
v 2.554713 -6.916177 -1.092569
v -1.143336 -5.955999 -5.090064
v -1.599936 -5.803826 -4.895264
v -1.151171 -5.794139 -5.124388
v -3.023499 -6.110395 -2.963246
v -2.871051 -5.825017 -3.386590
v -2.868477 -6.049816 -3.435692
v -0.788279 -6.236221 2.847433
v -0.736559 -6.035440 2.827370
v -0.785342 -6.238350 2.836387
v 2.809479 -7.219152 -0.474428
v 2.813748 -7.235057 -0.276773
v 2.797192 -7.256012 -0.250904
v 2.773863 -7.267610 -0.050656
v 2.759790 -7.287424 -0.028475
v 1.493139 -3.943436 -4.889363
v 1.160201 -3.747498 -5.141860
v 1.512100 -3.704341 -4.871913
v 0.805952 -6.231391 2.835658
v 0.758881 -6.028351 2.839151
v 0.805847 -6.230856 2.846388
v 2.800189 -7.177335 -0.679742
v 2.828766 -7.196795 -0.504478
v 2.772854 -7.131057 -0.847539
v 2.821788 -7.153733 -0.713609
v -2.976606 -6.838111 -0.592363
v -2.996689 -6.569160 -0.602572
v -3.010848 -6.740411 -0.926738
v 0.138922 -8.932547 1.711993
v 0.153886 -8.960276 1.829067
v 0.139391 -8.956537 1.834867
v 0.154719 -8.960176 1.942716
v 0.094695 -8.798805 2.111245
v -0.254715 -5.809334 2.996494
v -0.235887 -5.617355 2.904300
v -0.261558 -5.617147 2.902172
v 0.153308 -8.934543 1.706889
v 0.152901 -8.891588 1.579025
v 2.620173 -7.302956 0.324910
v 2.618301 -7.312416 0.339134
v 2.590377 -3.627177 -3.801637
v -1.729370 -7.216755 1.460384
v -1.441576 -7.061761 1.861414
v -1.729092 -7.481003 1.543548
v -0.096034 -6.931078 2.714654
v -0.083755 -6.930403 2.710182
v -0.951149 -6.642995 2.532666
v -1.163535 -6.856989 2.236626
v 1.526840 -6.651104 1.871418
v 1.739129 -6.273752 1.786426
v 1.377352 -6.467320 2.183199
v 0.057573 -7.497573 2.384151
v -2.603054 -4.825069 -3.769192
v -2.273916 -5.016088 -4.170972
v -2.598400 -5.074182 -3.764065
v 0.223270 -6.927527 2.833255
v 0.069893 -6.479965 2.969116
v 0.069641 -6.670228 2.869104
v 2.294095 -5.525353 0.846712
v 2.029159 -5.906919 1.413676
v -1.305018 -6.291966 2.342745
v -1.360884 -6.471396 2.179286
v -0.670367 -5.836369 2.757927
v -0.728249 -6.035462 2.803196
v -0.731814 -6.035841 2.815387
v -0.108523 -7.213528 2.541012
v -0.095767 -7.213636 2.532399
v 1.793782 -4.442339 -4.574730
v 1.457489 -4.283242 -4.862463
v 1.790219 -4.258487 -4.585113
v -2.833149 -5.393607 -3.325027
v -2.944906 -5.256293 -2.823239
v -2.835212 -5.157785 -3.311934
v -3.115651 -6.206934 -1.686379
v -3.055625 -5.927333 -1.968719
v -3.110952 -6.102407 -2.022645
v 0.196305 -8.664467 2.260025
v 0.457705 -8.678159 2.122962
v 0.462519 -8.576502 2.180701
v 0.187305 -8.772368 2.202281
v 0.180987 -8.861680 2.126529
v 0.176789 -8.926791 2.035542
v 2.841075 -7.174555 -0.538984
v 2.816588 -7.212535 -0.317345
v 2.819719 -7.217323 -0.307351
v 2.769468 -7.249974 -0.088186
v 2.774719 -7.253306 -0.078140
v 2.840717 -7.167893 -0.549178
v 2.814350 -7.205130 -0.327331
v 2.765740 -7.243294 -0.098931
v 2.838195 -7.183059 -0.525041
v 2.820015 -7.223496 -0.294708
v 2.777511 -7.257711 -0.066421
v 2.834211 -7.137892 -0.736706
v 2.840268 -7.127096 -0.752044
v 2.810224 -7.089485 -0.908991
v 2.818779 -7.077040 -0.925533
v 2.795684 -7.106784 -0.884005
v 2.842769 -7.118629 -0.762634
v 2.840432 -7.159684 -0.558488
v 2.823655 -7.067326 -0.936665
v 2.844523 -7.109776 -0.771490
v -2.756570 -6.640988 0.058015
v -2.834906 -6.830085 0.113149
v -2.566160 -6.822936 0.421941
v -3.055599 -6.039455 -1.578561
v -3.100688 -6.314361 -1.373603
v -3.022507 -6.163641 -1.203977
v -3.073838 -5.976005 -2.441175
v -2.034622 -7.291547 1.060640
v -2.383390 -7.309985 0.682953
v -2.017838 -7.300627 1.093305
v 2.295744 -5.643120 -4.262303
v 2.273396 -5.434712 -4.243028
v -1.403979 -7.047298 1.999396
v -1.125853 -6.862312 2.349108
v -1.415477 -7.045243 1.981115
v -2.293071 -5.245215 -4.182103
v -2.603102 -5.309395 -3.771619
v -0.002508 -5.199741 -5.334834
v 1.413449 -7.050459 1.948105
v 1.412820 -7.051172 1.960985
v 2.190390 -7.936401 0.010072
v -2.949305 -5.493905 -2.846664
v -2.967356 -5.365719 -2.335655
v 2.814914 -7.151025 -0.192774
v 2.789454 -7.062603 -0.005902
v 0.523898 -5.569646 2.757913
v 0.508545 -5.634831 2.807274
v 0.548384 -5.634295 2.780040
v 3.083644 -6.064393 -2.437947
v -2.977294 -4.560092 -1.612375
v -2.862961 -4.947094 -1.117507
v -2.855965 -4.779387 -1.033314
v 2.610901 -7.364510 -0.568144
v -1.862061 -4.517194 -4.512878
v -1.501948 -4.736241 -4.808079
v -1.884061 -4.750351 -4.512282
v 2.671679 -7.467696 -0.059637
v 2.670304 -7.439601 -0.251143
v -0.695041 -7.543148 2.338737
v 2.647671 -7.404870 -0.424929
v 0.724543 -5.993180 -5.235820
v 1.134722 -6.070716 -5.039830
v 0.706391 -6.085958 -5.179361
v 0.651719 -6.240791 -5.022172
v 1.035071 -6.261480 -4.819387
v 0.622322 -6.280800 -4.937595
v -2.930715 -5.630239 -1.387644
v -2.943371 -5.224433 -1.805539
v -2.960957 -5.489442 -1.867766
v -0.111236 -7.775510 2.308097
v -0.203048 -8.054720 2.309922
v -0.112333 -8.067743 2.239333
v 1.117033 -3.545014 -5.046095
v 0.772100 -3.591420 -5.184849
v 1.094212 -3.481118 -5.004179
v 2.863075 -4.769704 -1.028615
v 2.750048 -5.156353 -0.547565
v 2.877524 -4.945735 -1.113823
v -2.958043 -6.308484 -0.798643
v -3.058588 -6.437965 -1.014965
v -1.633663 -5.289268 1.485085
v -1.445415 -5.610755 1.995926
v -1.293944 -5.453394 1.950542
v 0.239903 -6.288261 -5.009936
v 0.596300 -6.281172 -4.859800
v 0.227673 -6.290769 -4.925359
v 0.932339 -6.171236 -4.591976
v 0.530048 -6.143563 -4.650152
v 0.551007 -6.202645 -4.717774
v 2.606633 -7.331743 0.357766
v 0.281036 -6.093248 -5.281416
v 0.680929 -6.172171 -5.105454
v 0.268382 -6.178507 -5.197685
v -2.026643 -7.276859 1.148508
v -1.717057 -7.194522 1.534134
v -2.019685 -7.286288 1.131511
v 0.923980 -6.639400 2.632349
v 0.845057 -6.433837 2.775677
v 0.844640 -6.431819 2.786481
v 0.708091 -4.177640 -5.291968
v 0.302493 -4.023596 -5.389970
v 0.739267 -3.998403 -5.315188
v 0.694924 -5.827903 2.771919
v 0.758635 -6.025867 2.814856
v 0.693732 -5.826762 2.758828
v -0.454113 -5.999434 3.006198
v -0.367951 -5.797721 2.961039
v -0.430304 -5.797256 2.939717
v 0.619795 -5.829998 2.842611
v 0.682610 -6.031754 2.888904
v -2.225826 -5.381785 0.893615
v -1.793368 -5.444933 1.519841
v -2.106091 -5.209038 0.861735
v -0.108161 -6.018229 3.019345
v -0.166750 -5.810022 2.997291
v -0.172790 -6.025867 3.069695
v -2.473723 -5.140192 0.224216
v 2.613897 -3.871800 -3.810077
v 2.835243 -4.100983 -3.454638
v 2.604141 -4.101082 -3.809459
v -2.290407 -5.529469 0.847048
v -2.533079 -5.275622 0.178300
v -0.496154 -5.803814 2.913889
v 0.242092 -5.558353 2.865530
v 0.326332 -5.620976 2.880899
v 0.318273 -5.562841 2.848836
v 0.181289 -6.027803 3.069514
v -1.258784 -6.097828 2.403773
v -1.576745 -5.785254 2.019100
v -1.662927 -5.958369 2.001402
v 2.669101 -6.873539 0.152544
v 0.012812 -3.866128 -5.397340
v 0.002873 -4.030550 -5.397254
v 2.580926 -4.304572 -3.812855
v 0.636629 -6.672040 2.826134
v 2.242157 -5.222961 -4.226084
v 2.562878 -5.055690 -3.784377
v -2.617500 -5.526300 -3.788037
v -2.630223 -5.738246 -3.826202
v 1.307753 -8.599377 1.512065
v 0.863221 -8.715453 1.814273
v 0.852590 -8.760639 1.725714
v 1.274232 -8.702919 1.348016
v 2.214182 -6.739421 0.746099
v 2.441609 -6.544143 0.344454
v 1.533778 -6.120399 -4.788809
v 1.854224 -6.159729 -4.506907
v 1.491824 -6.177999 -4.727885
v 1.592210 -5.959786 -4.873517
v 1.568049 -6.044209 -4.838192
v 2.517838 -6.195283 -3.883153
v 2.596265 -6.356350 -3.609416
v 2.456670 -6.271099 -3.880979
v 2.781608 -6.508489 -3.068424
v 2.705098 -6.437605 -3.333606
v 0.437353 -6.458606 3.012791
v 0.524159 -6.242580 3.001520
v 0.441675 -6.240119 3.032817
v 2.177215 -3.878215 -4.244269
v -1.722532 -7.183488 1.550409
v -1.415498 -7.060155 1.933118
v 1.041287 -6.603322 2.476130
v 1.132892 -6.862714 2.302006
v 1.232505 -6.805803 2.182199
v 1.605929 -5.797681 -4.898416
v 1.961533 -5.954848 -4.607428
v -1.732420 -6.270884 1.779815
v -2.021599 -5.905617 1.408626
v -2.045109 -6.041718 1.263072
v 2.764100 -4.566423 -3.468171
v 2.940914 -4.370646 -3.096119
v 2.899833 -4.619206 -3.108169
v 1.792808 -5.442837 1.523432
v 2.225563 -5.376801 0.893409
v 2.105242 -5.206360 0.864514
v 2.620638 -6.838213 -1.243277
v 2.701656 -6.854230 -1.271177
v 2.689491 -6.881521 -1.214825
v 0.786619 -5.797369 2.629103
v 1.191714 -5.895375 2.398084
v 1.080087 -5.716630 2.346291
v 2.753787 -6.924520 -1.172753
v 2.808969 -6.966900 -1.103439
v 1.445844 -5.609194 1.998901
v 2.959826 -6.921279 -1.076346
v 2.938169 -5.244615 -2.793315
v 2.876474 -5.429964 -3.124867
v 2.875490 -5.172751 -3.113506
v -2.888567 -3.989080 -3.308389
v -3.018954 -3.990753 -2.689736
v -2.867153 -3.790973 -3.305301
v 2.537835 -5.272427 0.179979
v 2.669952 -4.884779 -0.398780
v 2.476833 -5.135985 0.225897
v -2.946822 -6.698552 -0.211962
v 2.794875 -6.034255 -3.556698
v 2.930815 -5.874034 -3.185007
v 2.937047 -6.112289 -3.246111
v -0.734895 -5.397196 -5.230665
v -0.291258 -5.197628 -5.314865
v -0.298792 -5.405062 -5.338329
v 1.503011 -4.951670 -4.815464
v 1.133191 -5.199990 -5.046649
v 1.117333 -4.972551 -5.038010
v 2.134200 -7.916429 -0.039490
v 1.670785 -8.491303 0.680884
v 0.807000 -6.231657 2.822931
v 0.758295 -6.027392 2.827989
v 0.757776 -6.029022 2.848755
v 0.798070 -6.231278 2.863404
v 0.804087 -6.230624 2.855508
v -3.013001 -4.318749 -2.737705
v -3.037612 -4.421391 -2.173292
v 3.004300 -3.912664 -3.060089
v -0.077645 -8.931286 1.836614
v -0.004339 -8.904711 1.942951
v -0.081355 -8.916187 1.943599
v -0.083739 -5.615613 2.830664
v -0.005155 -5.569469 2.798190
v -0.083693 -5.564131 2.790063
v -2.847584 -5.611980 -3.347717
v 0.374729 -5.623271 2.862737
v 0.406060 -5.568659 2.817887
v 0.362473 -5.566200 2.831712
v 0.081558 -8.590385 2.201928
v 0.093942 -8.381992 2.240184
v 0.081504 -8.377643 2.232960
v -0.786201 -6.235695 2.858046
v 0.402601 -8.801506 1.404034
v 1.540519 -5.997634 -4.133549
v 1.288873 -6.096058 -4.415530
v 1.609583 -6.068770 -4.220259
v 3.055557 -4.164146 -2.103791
v 3.046047 -4.348241 -2.150342
v -2.739085 -5.156457 -0.550990
v 2.089983 -6.247229 -4.187635
v 1.444617 -6.206650 -4.657934
v 1.394585 -6.195992 -4.581473
v 2.231749 -7.002566 0.768909
v 1.984101 -6.938319 1.116969
v -2.931544 -5.996896 -1.044173
v -2.854243 -5.782590 -0.908961
v 2.946514 -5.223723 -1.804987
v -2.856899 -7.198359 -0.167592
v -2.847754 -7.194814 -0.178453
v 2.137497 -6.220172 0.970828
v 2.017600 -6.616756 1.089665
v -0.282070 -4.188934 -5.352091
v 0.002873 -4.030550 -5.397254
v 0.000019 -4.194596 -5.375464
v 1.808787 -3.906472 -4.586927
v -2.176544 -3.493520 -4.362186
v -1.849081 -3.774049 -4.599145
v 0.725172 -6.241749 2.894553
v 0.681725 -6.456373 2.892894
v 0.749826 -6.447837 2.843559
v -2.586588 -5.523165 -0.068490
v -2.757819 -5.311274 -0.665650
v -0.780410 -6.241128 2.825106
v 0.091587 -8.887079 1.586818
v 0.093891 -8.919962 1.716443
v -0.677878 -5.834953 2.795565
v 0.231411 -6.466166 3.077785
v 0.233109 -6.253626 3.098577
v 0.572810 -6.251817 -4.787091
v 0.216896 -6.264340 -4.847859
v 0.999990 -6.258523 -4.742094
v 2.594361 -5.524439 -0.065851
v 2.569334 -5.386846 0.066596
v 2.942865 -4.965275 -2.778123
v 1.126516 -6.866519 2.330154
v 0.924796 -6.641165 2.620749
v -1.125209 -6.874716 2.291518
v -0.572142 -6.679544 2.871734
v -0.511279 -6.966282 2.716483
v -0.465882 -6.679729 2.915747
v 2.959934 -5.090169 -2.293890
v 2.950824 -4.969727 -1.739670
v 0.057644 -6.480166 2.968174
v -0.005158 -6.667461 2.870128
v 0.057510 -6.669668 2.868255
v 1.854407 -4.944715 -4.553140
v 1.533279 -5.177767 -4.827374
v -0.186463 -6.925930 2.807265
v -0.109372 -6.669358 2.882526
v -0.187247 -6.663286 2.961718
v -0.005156 -6.924356 2.706974
v 0.000335 -4.559131 -5.334136
v -0.000401 -4.769710 -5.320683
v -1.699374 -6.116900 1.935812
v -1.725518 -7.176859 1.567604
v -1.418162 -7.052919 1.948257
v 0.418622 -8.876710 1.641720
v 0.171178 -8.890897 1.573327
v 0.410594 -8.843407 1.523934
v 3.218282 -6.584096 -1.241152
v 0.094924 -7.497858 2.397996
v 2.165752 -4.459606 -4.243175
v 1.818305 -4.685309 -4.559135
v 1.887379 -6.170301 -4.026786
v 1.800968 -6.185385 -4.450293
v 0.245222 -8.052895 2.352544
v 0.408531 -7.784333 2.355643
v 0.235688 -7.762718 2.407671
v 0.222746 -7.213399 2.652841
v 0.331290 -6.943389 2.790133
v 2.668593 -6.570320 -3.093559
v 2.884644 -6.432631 -3.037484
v 2.992284 -6.505217 -2.672751
v 3.236636 -6.462575 -2.085360
v 3.157672 -6.605146 -1.872828
v 2.566969 -6.698648 -1.939330
v 2.482021 -6.691775 -2.151692
v 2.784758 -6.775756 -1.872231
v 2.706359 -6.765355 -2.111470
v 2.802935 -5.538669 -0.785568
v 2.065799 -7.174954 1.031705
v -1.658820 -7.847005 1.606595
v -1.446856 -7.627776 1.833689
v -0.911954 -6.640600 2.652990
v -0.832079 -6.436142 2.791616
v -0.917621 -6.641849 2.639754
v -0.706266 -3.983346 -5.265235
v -0.290333 -3.844232 -5.369268
v -0.288579 -4.019937 -5.370295
v 2.765970 -6.892260 -1.228996
v 0.053163 -8.913486 1.717209
v -0.003526 -8.921160 1.836687
v -0.002469 -8.912098 1.716975
v 0.290234 -6.002393 -5.345425
v 1.071407 -6.223753 -4.898914
v -0.798545 -7.797014 2.216065
v -0.977042 -7.484706 2.213880
v -1.134735 -7.733501 2.053596
v -0.824268 -6.444472 2.767611
v 1.878078 -8.377707 1.018289
v 0.057552 -8.374287 2.226927
v 1.634289 -7.534939 1.641815
v 1.569302 -7.264102 1.745757
v 1.378873 -7.357635 1.930151
v 1.743502 -6.820158 1.492478
v 1.789198 -7.101591 1.417942
v -1.586724 -5.399424 -4.843789
v -1.942872 -5.202302 -4.533210
v -1.565396 -5.184765 -4.819077
v 1.776656 -8.164244 1.369022
v 1.270913 -8.279935 1.812892
v 2.004451 -7.256391 1.154895
v 1.720015 -7.169552 1.536375
v 1.716365 -7.175655 1.551774
v -0.190884 -5.812584 3.004109
v -0.209162 -8.621908 2.252846
v -0.197532 -8.388079 2.284652
v -0.223539 -8.385763 2.296010
v 0.058156 -8.858303 2.033323
v -0.004339 -8.904711 1.942951
v 0.057351 -8.908799 1.944306
v -0.005166 -8.684682 2.155653
v 0.057735 -8.582883 2.196481
v -0.005187 -8.582274 2.192441
v -0.831213 -6.452056 2.725241
v -0.907863 -6.656364 2.585789
v -0.819002 -6.452972 2.743748
v 2.829041 -6.178479 -0.580054
v 2.857582 -5.790081 -0.907367
v 1.930637 -5.382337 -4.588671
v 1.893464 -5.178239 -4.565025
v -2.833044 -6.164170 -0.595131
v -0.197909 -7.765309 2.383610
v -0.109092 -7.493100 2.396358
v 2.518062 -7.271082 -0.735158
v 2.731013 -7.080811 -0.958515
v 2.567113 -7.319529 -0.667935
v -2.505594 -3.374930 -3.865284
v 0.525795 -5.813952 2.900130
v 0.171016 -8.837647 1.445668
v 0.451063 -8.768214 2.048943
v 2.772385 -5.584659 -3.473105
v 2.896982 -5.654049 -3.149547
v 1.559130 -5.377974 -4.854217
v -0.676067 -5.836123 2.771302
v -0.210443 -6.662811 2.979430
v -0.187592 -6.460836 3.043853
v 0.057859 -6.265399 3.017021
v 0.070299 -6.266779 3.018430
v 2.869987 -6.278872 -3.294069
v 2.342761 -6.480762 -3.597373
v 2.314344 -6.376299 -3.860663
v 2.423998 -6.463117 -3.607783
v 2.934431 -6.012093 -1.040696
v 2.296640 -6.592424 -3.089364
v 2.283722 -6.626452 -2.802295
v 2.221520 -6.562746 -3.071685
v 2.522461 -6.701869 -2.812695
v 0.598888 -6.242950 2.969735
v 0.664411 -6.243147 2.932908
v -2.988016 -5.856202 -1.479853
v 3.061595 -6.744125 -1.650099
v 3.144268 -6.709381 -1.545998
v -0.083909 -5.788774 2.940624
v -0.005165 -6.008668 3.007005
v -0.005158 -5.792185 2.939874
v -1.983297 -5.819402 -4.608737
v -1.593884 -5.598020 -4.872609
v 2.785062 -6.847466 -1.355745
v 2.793760 -6.802641 -1.535287
v 2.751549 -4.834632 -3.458981
v 2.883614 -4.892057 -3.111393
v 3.052528 -6.070241 -1.576641
v 3.137372 -6.339199 -1.362651
v 1.276570 -6.096555 2.406611
v 0.966188 -6.407993 2.635475
v 1.323856 -6.292243 2.347653
v 0.617124 -5.634173 2.689678
v 0.696083 -5.824770 2.743352
v 0.618666 -5.632689 2.673825
v -0.005074 -8.778122 2.102059
v 0.058069 -8.686728 2.159093
v 2.982559 -4.526451 -1.600067
v -0.005175 -7.210137 2.527760
v 0.057542 -6.930688 2.706188
v -0.005156 -6.924356 2.706974
v -0.005263 -8.376145 2.222111
v -0.085047 -8.069915 2.230201
v -0.084983 -8.378880 2.213986
v 0.254072 -6.247178 -5.103953
v 0.353113 -6.238380 3.063121
v 0.429136 -6.009378 3.006549
v 0.350674 -6.008925 3.032163
v 2.079783 -7.895212 -0.078568
v 2.465503 -7.220324 -0.780670
v 2.006890 -7.249017 1.139689
v 2.300732 -7.299858 0.755717
v 2.609937 -7.296202 0.302309
v 2.605533 -7.290188 0.290239
v 2.303745 -7.304575 0.768747
v 2.616101 -7.299005 0.313251
v -3.095967 -6.505786 -1.582560
v -3.008026 -6.647380 -1.752247
v -1.847706 -8.076355 1.327385
v 3.001051 -5.737175 -1.922969
v 2.678291 -7.027587 -1.026875
v 2.301797 -5.853631 -4.281194
v 2.618710 -5.732246 -3.824873
v 2.614340 -5.955977 -3.862240
v -2.803778 -6.211926 -3.465203
v 0.426717 -8.892820 1.755278
v -0.003873 -5.835825 -5.424030
v -0.295110 -5.981802 -5.344453
v -0.302637 -5.823154 -5.389699
v 1.136592 -3.972354 -5.152591
v 0.784931 -3.811293 -5.302983
v 3.026881 -3.902803 -2.662534
v -1.999782 -5.776896 1.488605
v -0.823243 -6.232513 2.753312
v -0.865025 -6.443359 2.693252
v 1.706131 -7.181203 1.609467
v 1.686454 -7.193640 1.632548
v 2.797326 -5.801222 -3.505531
v 1.379195 -7.057501 2.020009
v 1.273928 -7.101275 2.102805
v 2.707622 -6.757277 -1.905013
v 0.767592 -8.065192 2.174037
v 1.017753 -7.759276 2.105026
v 0.686921 -7.802960 2.254263
v 0.696820 -5.828466 2.783241
v 0.069782 -8.375263 2.228965
v 0.095845 -8.874541 2.037122
v 0.190813 -5.617650 2.890524
v 0.217912 -5.558047 2.860903
v 0.191201 -5.558417 2.849339
v -2.891622 -4.029419 -2.130163
v -2.932460 -3.882338 -2.694497
v -0.700302 -4.751637 -5.215134
v -0.280545 -4.553238 -5.316774
v -0.282585 -4.765873 -5.304048
v 0.033664 -3.688285 -5.351678
v 0.335067 -3.859997 -5.384419
v 2.629783 -4.294512 -1.017063
v 2.901068 -4.218259 -1.543205
v 2.769213 -4.099779 -1.548549
v 3.062583 -6.804870 -1.380570
v 2.986335 -6.859731 -1.279871
v 1.579741 -5.239032 1.472494
v 1.970000 -5.054196 0.809818
v 1.924073 -5.006220 0.789854
v -0.260835 -7.497783 2.506359
v -0.409556 -7.259791 2.589696
v 0.000017 -4.368661 -5.352428
v 0.000335 -4.559131 -5.334136
v 1.634150 -5.287760 1.486967
v 1.297011 -5.453516 1.952631
v 2.356571 -6.662033 -2.811176
v 2.346657 -6.675564 -2.586250
v 2.385604 -4.973386 0.178697
v -0.391520 -5.622411 2.856140
v -1.014329 -7.186193 2.303657
v -1.178560 -7.135345 2.176889
v 2.252108 -6.535737 -3.312977
v 1.113367 -6.863050 2.364973
v 1.399437 -7.050109 2.001050
v 1.471598 -4.701279 -4.825412
v 2.330064 -6.553349 -3.330894
v 0.485559 -5.572207 2.783778
v 0.469187 -5.630745 2.828748
v 0.012812 -3.866128 -5.397340
v -0.262471 -3.652881 -5.329899
v 0.033664 -3.688285 -5.351678
v 0.448881 -5.571601 2.803045
v 0.422546 -5.625516 2.846354
v -2.280696 -4.817858 0.107103
v -2.592166 -4.732448 -0.439104
v -2.383172 -4.977290 0.175539
v 0.604933 -5.633977 2.747331
v 0.591675 -5.569988 2.713419
v 0.579327 -5.569524 2.724745
v 0.055608 -8.924274 1.837448
v 0.050248 -8.885188 1.588049
v -0.001249 -8.886030 1.588297
v 0.218050 -5.618685 2.901178
v 0.243386 -5.619319 2.904165
v 0.619126 -5.634810 2.703145
v 0.595447 -5.571048 2.691545
v 0.621790 -5.634852 2.714935
v 0.592608 -5.571158 2.679554
v 0.596092 -5.570580 2.702593
v 0.622234 -5.634553 2.725756
v 0.617576 -5.634176 2.736319
v -0.607052 -5.642689 2.711238
v -0.601754 -5.643818 2.697416
v -2.637288 -5.732389 -0.236920
v -2.532174 -6.187532 0.115667
v -2.403942 -5.974802 0.372952
v -2.240502 -4.055107 -4.216034
v -1.854206 -4.288247 -4.522939
v -2.242345 -4.301466 -4.184122
v 1.105718 -6.156459 -4.974465
v 0.207088 -6.218625 -4.775078
v 0.197765 -6.163262 -4.704657
v -3.112927 -6.304851 -2.143589
v 2.283694 -4.813491 0.110902
v 2.248975 -4.761061 0.087582
v 2.490471 -4.551674 -0.490311
v 2.452010 -4.491205 -0.508782
v 0.836772 -8.325747 2.097010
v 0.464498 -8.363537 2.244770
v -2.516151 -6.564045 0.322308
v -2.869554 -6.468054 -0.357158
v 0.345407 -5.802959 2.969270
v 2.626346 -6.713759 -1.780223
v 2.798009 -4.329691 -3.463709
v 2.828301 -4.607351 -0.983529
v -0.005199 -7.778866 2.290894
v -0.005298 -8.071587 2.237761
v 3.202514 -6.669071 -1.439334
v 1.154726 -8.015252 1.972068
v 1.339461 -7.667338 1.905859
v -1.103047 -3.922537 -5.088278
v -0.710152 -3.781738 -5.261262
v -2.846486 -4.907647 -3.306298
v 0.081586 -6.933222 2.711324
v 0.094455 -7.217582 2.541487
v -0.690090 -4.337870 -5.242698
v -0.280495 -4.363017 -5.332433
v 2.841264 -6.795273 -1.672575
v -2.610386 -4.578414 -3.785098
v -2.862040 -4.431827 -3.296521
v -2.613698 -4.344137 -3.790945
v 2.595620 -4.727292 -0.436254
v 1.246569 -5.403876 1.935460
v 0.963816 -5.552357 2.280058
v 2.720803 -6.813746 -1.393527
v -0.468267 -6.459888 3.016521
v -0.383116 -6.236013 3.061438
v -0.468954 -6.233155 3.037729
v -1.517825 -6.660842 1.868465
v 2.606740 -7.276603 0.275198
v 2.302198 -7.289556 0.740421
v 0.283885 -4.191143 -5.368323
v 2.581149 -4.237019 -1.025277
v 2.926942 -3.828687 -2.675472
v -0.003813 -5.617002 -5.397151
v 0.294446 -5.836112 -5.392303
v -0.003873 -5.835825 -5.424030
v 2.586160 -6.749672 -2.568804
v 2.548327 -6.752163 -2.369690
v -0.096844 -6.259769 3.018935
v -0.109653 -6.259347 3.025106
v 2.968081 -4.342065 -1.551442
v 2.756831 -4.459562 -0.993906
v -0.096249 -6.669795 2.874650
v -0.000401 -4.769710 -5.320683
v -0.285435 -4.984542 -5.302280
v -0.109054 -6.931109 2.723242
v 2.637532 -6.761426 -2.353086
v 2.472279 -6.725193 -2.379159
v 0.058012 -6.015759 3.009130
v -0.005187 -6.258935 3.015477
v -2.880957 -7.211754 -0.131512
v -2.878704 -7.202360 -0.146304
v 0.069660 -7.216765 2.529143
v 0.069781 -7.498098 2.385741
v 2.387306 -6.333890 -3.873576
v 2.510842 -6.419465 -3.611560
v 2.845168 -3.661963 -3.044404
v 1.849662 -6.446796 1.464697
v 2.242386 -6.390967 -3.841962
v -0.084458 -7.777297 2.295657
v -0.097995 -8.069090 2.232830
v 2.566208 -6.113811 -3.880378
v -2.615302 -4.103702 -3.810489
v 2.965564 -6.349814 -3.004489
v 2.887629 -3.805044 -2.681959
v 0.691359 -5.828949 2.803053
v 0.752361 -6.029689 2.857217
v -1.159708 -5.388237 -5.066664
v -0.727979 -5.193645 -5.214193
v 2.176663 -6.511478 -3.292616
v 2.118670 -6.442676 -3.542927
v 2.478340 -3.384460 -3.741248
v -0.664892 -5.833945 2.730818
v 2.025981 -6.245009 -4.140893
v 0.696112 -4.531190 -5.238086
v 0.701009 -4.346981 -5.263681
v 2.100474 -6.364821 -3.792979
v -2.956390 -6.280983 -3.009555
v -2.371567 -7.333751 0.718174
v -2.014804 -7.296542 1.115019
v -0.208573 -6.249836 3.091558
v -0.236395 -6.247090 3.093701
v 2.310082 -7.312089 0.794232
v 2.307955 -7.307416 0.781067
v -0.555473 -6.457861 2.980406
v -0.235176 -8.616922 2.249943
v -0.249181 -8.379535 2.298138
v -0.111805 -8.381142 2.222247
v -0.097860 -8.379807 2.216336
v 0.097340 -5.614399 2.836199
v 0.097257 -5.789928 2.947663
v -0.814523 -7.230093 2.414487
v -1.117094 -6.861877 2.364239
v 1.469414 -4.130278 -4.878315
v 0.203397 -6.668451 2.988786
v 0.201350 -6.927374 2.826555
v 1.155139 -5.977645 -5.088802
v -0.095698 -5.789705 2.943983
v -0.084168 -6.014719 3.009463
v 1.097081 -4.727284 -5.052505
v 1.452251 -4.462591 -4.847568
v -0.222450 -7.763586 2.399631
v 0.899141 -6.107248 -4.518034
v 1.234605 -6.026440 -4.329304
v 0.208600 -6.026928 3.076544
v 3.037656 -6.805046 -0.517236
v 3.017511 -6.589273 -0.562942
v 2.847226 -6.721180 -0.166717
v 2.008817 -7.261883 1.194424
v 2.306844 -7.322302 0.809799
v -0.730034 -5.598654 -5.254869
v -0.300734 -5.613539 -5.366160
v -1.088018 -4.495521 -5.065784
v -1.084558 -4.303936 -5.074742
v 1.342435 -6.155852 -4.500130
v 0.965851 -6.225050 -4.666476
v 0.041850 -3.627325 -5.331123
v 0.352755 -3.695175 -5.327313
v -2.889014 -6.955308 -0.905867
v 0.000030 -6.224400 -4.782438
v 3.026179 -5.844018 -2.398231
v 3.012394 -5.948885 -2.879005
v 2.970616 -5.727342 -2.842813
v 0.221805 -8.415850 2.318935
v -2.302627 -7.047947 0.749849
v -0.001240 -6.246882 -5.124025
v 2.719947 -5.024553 -0.442766
v -0.789369 -6.241996 2.784772
v -0.002017 -6.176264 -5.222108
v 0.780291 -3.644357 -5.220501
v 0.356492 -3.640006 -5.302321
v -0.829559 -6.439632 2.779660
v -0.916534 -6.645278 2.626239
v -2.630419 -4.310166 -1.022713
v -2.775516 -4.136207 -1.561445
v -0.000208 -6.294136 -4.937863
v -0.000023 -6.269016 -4.857589
v 0.717986 -5.601060 -5.257822
v 0.287178 -5.407372 -5.334561
v 1.502322 -6.979471 1.810740
v 0.501878 -6.010716 2.979412
v -0.554367 -6.233872 3.002847
v -0.000592 -6.290008 -5.025823
v 0.058302 -8.781405 2.104812
v -0.004827 -8.854248 2.031283
v -0.740960 -6.028801 2.772597
v 1.817015 -3.663258 -4.558810
v 0.000053 -8.851460 1.455135
v 0.047100 -8.848135 1.454429
v 0.171589 -8.935289 1.698566
v 0.172496 -8.961973 1.818962
v -1.926861 -5.621640 1.529505
v 0.152578 -8.840022 1.448319
v 1.878068 -8.320358 1.125277
v 2.026253 -7.873373 -0.112405
v -0.256676 -7.219934 2.655167
v -0.378459 -6.956730 2.781024
v 2.753325 -7.056856 -0.995504
v 2.698775 -7.004695 -1.062830
v 2.636097 -6.951046 -1.100708
v 2.722998 -6.975543 -1.105955
v 2.784289 -7.016565 -1.050218
v 2.778089 -7.026481 -1.038456
v 2.729734 -6.966210 -1.118415
v 2.788867 -7.007835 -1.059371
v 2.827156 -7.058220 -0.945422
v 2.713177 -6.987858 -1.088308
v 2.768392 -7.039329 -1.021184
v 2.649041 -6.935514 -1.125386
v 2.658306 -6.924355 -1.143171
v 2.580443 -6.882733 -1.147441
v 2.588814 -6.873039 -1.165246
v 2.569356 -6.896650 -1.123861
v 2.665054 -6.916129 -1.156373
v 2.734887 -6.958326 -1.128333
v 2.595311 -6.866181 -1.179212
v 2.670445 -6.909404 -1.167303
v 0.670000 -5.551696 2.534774
v 0.924993 -5.498953 2.256986
v 2.634822 -6.815077 -1.301916
v 2.726884 -6.772255 -1.570246
v 2.655420 -6.778317 -1.420930
v 2.659504 -6.739740 -1.595797
v 2.768725 -6.772792 -1.720866
v 2.697266 -6.744682 -1.754267
v -0.720767 -5.958956 -5.235209
v 3.234645 -6.545219 -1.784856
v -0.251457 -8.046826 2.331210
v -0.280886 -8.370802 2.292113
v 2.402809 -6.689366 -2.385062
v -0.728727 -6.033817 2.791169
v -2.963870 -4.741466 -2.779423
v -3.004095 -4.609289 -2.213873
v -2.980952 -4.515411 -2.755654
v -2.378211 -7.330627 0.735017
v -2.754952 -7.252967 0.236267
v 2.030020 -6.337874 -3.765594
v 1.815429 -6.115377 -3.964576
v 2.558777 -4.523542 -3.812304
v 2.180799 -4.711129 -4.227726
v 0.696739 -4.752220 -5.212950
v 0.187989 -5.806633 3.001123
v -0.002783 -6.089653 -5.309703
v -0.109930 -8.703238 2.162102
v -0.184952 -8.621028 2.246619
v -0.175096 -8.732354 2.198900
v -0.089728 -8.854219 1.449659
v -0.137209 -8.904009 1.578461
v -0.137326 -8.854989 1.444588
v -0.102044 -8.941355 1.836219
v -0.145414 -8.954941 1.946500
v -0.140398 -8.963598 1.832775
v 0.083084 -5.614739 2.831588
v 0.070513 -5.615531 2.830105
v -3.010729 -4.144146 -2.118774
v -1.578327 -5.240461 1.471345
v -1.241798 -5.403121 1.933408
v -2.562611 -5.387753 0.064236
v -2.713089 -5.026516 -0.445543
v -2.863405 -6.918446 -1.321488
v -2.731315 -7.039527 -1.227778
v -2.815863 -7.003125 -1.070020
v 2.882643 -5.136837 -1.204214
v -0.109980 -6.471273 2.977443
v -2.245651 -4.765705 0.083705
v -2.487535 -4.556518 -0.493606
v -2.826663 -4.626076 -0.990152
v -2.756544 -4.481504 -1.001709
v -0.207582 -7.211174 2.646473
v -2.699506 -6.359200 -0.126313
v -2.720814 -5.965778 -0.411818
v -1.106402 -4.736896 -5.049665
v -0.714036 -4.979922 -5.208316
v -1.135981 -4.974758 -5.040347
v 0.096873 -8.068390 2.256806
v -0.098302 -8.927533 1.714739
v -0.137948 -8.943417 1.708976
v 1.961404 -5.590757 -4.608539
v -2.474096 -7.206780 -1.169761
v -2.600750 -7.135724 -1.176715
v -2.504538 -7.146990 -1.305288
v -2.837384 -6.771051 -1.938733
v -2.943817 -6.633197 -2.098609
v -2.850078 -6.699283 -2.182368
v -2.653473 -6.783495 -2.317703
v -2.564271 -6.841911 -2.131526
v -2.645366 -6.840027 -2.088959
v 0.468148 -5.804638 2.924689
v -0.210198 -5.617363 2.901072
v -0.185561 -5.616940 2.890621
v -0.164238 -8.830797 2.131610
v -0.197015 -8.734949 2.201632
v -0.183388 -8.834884 2.130754
v -0.153852 -8.907833 2.046793
v -0.170293 -8.912940 2.042809
v -0.107350 -8.877659 2.034945
v -2.806406 -7.115387 -0.645552
v -2.798573 -7.067435 -0.840853
v -2.585942 -7.190171 -1.023718
v -2.702796 -7.107702 -1.017949
v -1.146783 -5.586206 -5.099595
v -2.702926 -7.156828 -0.844146
v -2.559433 -7.069203 -1.483485
v -2.695333 -6.980266 -1.570515
v -2.611828 -6.988092 -1.667281
v -2.368866 -6.999548 -1.642682
v -2.254237 -7.032569 -1.504172
v -2.305600 -7.074463 -1.480735
v -2.929964 -6.713635 -1.846231
v -3.022074 -6.559361 -2.013102
v 0.893630 -6.640733 2.663675
v 0.812353 -6.654865 2.704477
v -2.739461 -6.814796 -2.022168
v -2.635699 -6.908564 -1.862402
v -2.725486 -6.891086 -1.783554
v -2.818792 -6.856712 -1.686349
v -2.906910 -6.808795 -1.579007
v -2.752320 -6.687182 -2.481868
v -2.833408 -6.537643 -2.706162
v -2.720637 -6.613740 -2.755067
v -2.560841 -6.742948 -2.565840
v -2.610682 -6.666204 -2.792137
v -2.515636 -6.685224 -2.810811
v -2.467428 -6.494353 -3.482140
v -2.381488 -6.330865 -3.887007
v -2.312414 -6.374960 -3.868010
v -0.003552 -5.406336 -5.363020
v -0.002508 -5.199741 -5.334834
v -0.679605 -5.835500 2.783990
v -0.606558 -5.641337 2.724814
v 0.407656 -5.803002 2.947752
v -2.153781 -6.476380 -3.416825
v -2.105360 -6.361262 -3.793240
v -2.036370 -6.332367 -3.765353
v -1.098432 -6.865468 2.379437
v 2.944499 -5.502046 -2.813782
v -2.258613 -4.777280 -4.168871
v -1.912003 -4.978312 -4.517913
v 2.831574 -6.479197 -0.326283
v 0.609174 -6.461081 2.939035
v 2.006160 -7.258628 1.167832
v 1.585276 -5.576673 -4.880908
v 0.216121 -5.809629 3.009288
v -2.460605 -6.610417 -3.111647
v -2.556002 -6.589748 -3.109235
v -0.183409 -6.252463 3.081426
v -2.032351 -7.270332 1.166522
v -2.393701 -7.319495 0.772784
v -2.033483 -7.268782 1.186062
v 0.244069 -5.809938 3.008269
v 1.715319 -7.176339 1.591775
v -1.484916 -3.826354 -4.857360
v -1.104965 -3.685927 -5.092679
v -1.527836 -6.116838 -4.790136
v -1.850537 -6.159991 -4.507337
v -1.894242 -6.105854 -4.551097
v -1.487854 -6.175982 -4.729343
v -1.799260 -6.186070 -4.451310
v -0.005181 -7.494536 2.382664
v -0.083806 -7.493886 2.383673
v -2.191813 -6.154079 -4.257486
v -1.929742 -6.034825 -4.582703
v -2.143377 -6.213501 -4.229000
v 0.762520 -6.023488 2.799337
v -1.960198 -6.215673 -4.087749
v -1.741040 -6.172922 -4.382904
v -1.677611 -6.130346 -4.305213
v -2.265356 -6.001943 -4.284547
v -1.025879 -8.748352 1.738380
v -0.572804 -8.874706 1.845290
v -0.587306 -8.819198 1.943120
v -0.556381 -8.893373 1.733351
v -0.197126 -8.949791 1.679932
v -0.200827 -8.972859 1.799525
v -0.255744 -8.723930 2.183007
v -0.598491 -8.737108 2.026206
v -0.239160 -8.829330 2.107434
v -0.208828 -8.964069 1.912331
v -0.222564 -8.912802 2.016088
v -1.972133 -5.422379 -4.558206
v -1.986628 -5.625378 -4.583570
v -0.196292 -8.905483 1.555814
v -0.538518 -8.884407 1.610830
v -0.519695 -8.857021 1.481256
v 1.929741 -5.618456 1.533576
v 1.669522 -5.961113 2.010652
v 2.005562 -5.775394 1.493398
v 0.000019 -4.194596 -5.375464
v 1.706121 -6.122654 1.945526
v -3.008240 -5.891466 -2.913768
v -1.158766 -5.188066 -5.045759
v -1.533638 -4.965815 -4.806537
v -1.068402 -5.719801 2.345739
v 1.163754 -5.803710 -5.124370
v -0.265910 -6.244360 3.090134
v -0.378300 -6.461782 3.044627
v -0.985810 -8.826698 1.546174
v -1.434761 -8.722176 1.190596
v -1.407114 -8.745378 1.113471
v -0.365001 -6.675912 2.956869
v -2.987476 -5.607172 -2.371161
v -2.999401 -5.729341 -1.922734
v -0.926144 -8.825762 1.326761
v -1.376089 -8.752929 1.047844
v -1.342812 -8.750044 0.989882
v -2.310734 -5.648899 0.745624
v -1.474177 -8.616701 1.383635
v -1.035411 -8.676367 1.819989
v -1.009111 -8.800739 1.646812
v -1.457904 -8.678102 1.283050
v -1.846303 -6.446516 1.460756
v -1.933871 -8.324717 0.820305
v -2.405386 -7.780727 0.285435
v -2.355690 -7.817666 0.105693
v -0.439923 -5.627723 2.837627
v -0.460783 -5.574587 2.794536
v -0.483559 -5.634553 2.818463
v -1.915567 -8.361952 0.692149
v -1.481216 -8.541513 1.485150
v -1.925774 -8.216743 1.092686
v -1.938124 -8.275739 0.957361
v 0.082965 -6.019403 3.013712
v 0.082425 -6.267695 3.021651
v -1.885768 -8.385716 0.583523
v -1.847028 -8.394288 0.505059
v -2.209174 -7.865367 -0.194912
v -2.140032 -7.859457 -0.289734
v -1.714121 -7.219167 1.495788
v -2.420924 -7.746179 0.467442
v -0.546725 -5.818875 2.886454
v -0.518496 -5.637403 2.794271
v -0.586071 -5.830997 2.854407
v -2.246736 -4.537772 -4.173527
v 1.089185 -4.491253 -5.080549
v -1.381612 -7.054938 2.019289
v -2.016460 -7.802401 -0.396726
v -2.242126 -7.307210 -1.129743
v -2.179132 -7.252660 -1.166897
v 1.539403 -7.902407 1.692672
v -2.696710 -7.295791 -0.574328
v -2.820629 -7.233731 -0.365718
v -2.707587 -7.271384 -0.597949
v -2.285673 -7.848658 -0.058762
v -2.810144 -7.255924 -0.343930
v -2.558510 -7.334988 -0.783504
v -2.570119 -7.308543 -0.808960
v -2.423851 -7.356865 -0.952720
v -0.153730 -8.968336 1.826067
v -0.151135 -8.946761 1.702833
v -0.159737 -8.960348 1.940383
v -0.150815 -8.905476 1.573655
v -3.107867 -6.408948 -1.858343
v 1.112620 -4.159099 -5.127058
v 1.100923 -4.313482 -5.102097
v 1.122609 -6.862947 2.352998
v 0.920582 -6.638085 2.642921
v -1.127878 -6.865295 2.334157
v -1.419180 -7.047535 1.964162
v 0.819290 -6.433756 2.812734
v 2.208805 -4.979405 -4.219575
v 2.554574 -4.784121 -3.795666
v 1.418135 -7.044802 1.932902
v -0.001415 -4.987219 -5.319733
v -0.244958 -7.763407 2.406937
v -0.228504 -8.050617 2.324887
v -0.190826 -8.915316 2.031770
v -0.206062 -8.834787 2.121953
v -0.178482 -8.964318 1.928226
v -0.221681 -8.732174 2.195699
v -0.269440 -8.606878 2.239448
v -2.702808 -7.241213 -0.613883
v -2.801239 -7.207731 -0.392991
v -2.695426 -7.231750 -0.616482
v -2.793621 -7.201999 -0.401376
v -2.690232 -7.223568 -0.622358
v -2.811439 -7.212813 -0.386651
v -2.571128 -7.269905 -0.820839
v -2.444578 -7.267831 -0.986603
v -2.444468 -7.284204 -0.989060
v -2.567270 -7.256441 -0.820280
v -2.564997 -7.246035 -0.824068
v -2.573202 -7.287060 -0.819236
v -2.708241 -7.253808 -0.609420
v -2.436515 -7.329038 -0.979505
v -2.819481 -7.220420 -0.378759
v -2.868950 -7.199385 -0.157603
v -3.026423 -5.802865 -2.403163
v 0.351259 -7.242950 2.603745
v -0.096830 -6.472868 2.970807
v -1.474812 -4.288879 -4.826387
v -1.480726 -4.499772 -4.817858
v -1.699516 -8.366819 0.375229
v -1.958352 -7.762564 -0.429559
v -0.691391 -4.526176 -5.230317
v -1.066843 -6.213428 -4.899694
v -0.677495 -6.147236 -5.105617
v -0.649401 -6.224789 -5.022290
v 0.924480 -6.200553 2.694859
v -1.032676 -6.256957 -4.819663
v -0.621118 -6.273076 -4.937552
v -2.878298 -4.209631 -3.299014
v -1.124976 -6.049897 -5.041187
v -0.702312 -6.054074 -5.179322
v -0.376847 -6.001045 3.028791
v -2.026713 -7.274284 1.207642
v -0.931851 -6.173090 -4.590581
v -0.572517 -6.251616 -4.786746
v -0.550751 -6.203330 -4.717283
v -2.856235 -4.659895 -3.304053
v -0.255662 -6.932169 2.835700
v -1.090987 -4.124760 -5.079566
v -0.694703 -4.164796 -5.254880
v 0.729020 -6.665723 2.766542
v -1.098544 -6.140058 -4.975633
v -0.529709 -6.144312 -4.649518
v -0.207012 -6.218560 -4.775204
v -0.197698 -6.163130 -4.704830
v -0.284484 -6.074212 -5.280960
v -0.739619 -6.034755 2.838770
v 0.740019 -6.030633 2.864951
v -0.535326 -6.005652 2.973597
v 0.058035 -5.789045 2.938920
v -3.038767 -4.142489 -2.714833
v 0.236882 -6.023728 3.074640
v 2.429680 -6.808807 0.448674
v -1.852081 -4.048898 -4.546979
v -1.801583 -8.391463 0.449215
v -1.037001 -8.591616 1.890751
v -0.957610 -8.832836 1.438735
v -0.265254 -5.554677 2.868581
v -0.344704 -5.618458 2.875516
v -1.583803 -5.956800 -4.873459
v -1.560461 -6.040048 -4.839036
v 1.580872 -5.783423 2.025065
v -1.890814 -6.168068 -4.027830
v -1.610712 -6.068161 -4.221332
v 0.865708 -5.990759 2.684908
v 2.227654 -7.880482 0.875080
v -0.083649 -7.213307 2.528166
v -2.333912 -5.782761 0.605928
v -1.969069 -5.056678 0.807430
v -1.922319 -5.008967 0.788080
v -2.665873 -4.888407 -0.400957
v -2.961211 -4.753980 -1.675268
v -2.944619 -4.970089 -1.740956
v -0.005175 -7.210137 2.527760
v -0.259424 -6.017368 3.066526
v 0.178724 -6.669179 2.970365
v 0.096489 -6.021136 3.019317
v -0.096217 -6.016402 3.013121
v -0.572513 -5.575701 2.714430
v -0.596995 -5.640115 2.738008
v -0.005263 -8.376145 2.222111
v 3.004511 -4.071328 -2.094281
v -0.989967 -8.322052 2.033221
v -1.294314 -7.986344 1.904369
v -1.819869 -6.111402 -3.965506
v -1.542076 -5.996162 -4.134356
v -2.560334 -6.446355 -3.485654
v -2.664969 -6.537283 -3.093334
v -2.724638 -4.088718 -1.561636
v -2.843290 -3.991949 -2.137541
v -2.315802 -7.170230 -1.329739
v -2.426266 -7.136992 -1.391806
v -2.361448 -7.111044 -1.446784
v -0.667784 -5.834930 2.805601
v -0.605332 -8.534227 2.145607
v -0.072774 -8.919987 1.715935
v -0.003526 -8.921160 1.836687
v -0.666128 -6.955380 2.653048
v -0.673548 -6.674285 2.816673
v 2.931027 -5.630807 -1.390587
v -0.604965 -8.638698 2.093915
v -1.393524 -6.196571 -4.582423
v -0.096064 -7.493628 2.387903
v -2.243374 -6.389862 -3.845458
v -2.302875 -6.513362 -3.456318
v -2.382253 -6.514359 -3.471792
v -2.133537 -6.219429 0.967941
v -2.857061 -6.622857 -2.415618
v -2.936900 -6.447743 -2.651989
v -2.876853 -6.373712 -3.039008
v -2.954179 -6.545072 -2.342376
v -0.005165 -6.008668 3.007005
v -0.005158 -5.792185 2.939874
v -2.796056 -5.536500 -0.787956
v -2.866438 -5.135078 -1.207155
v -2.888989 -5.375546 -1.298512
v -2.368232 -6.826684 -1.978478
v -2.428085 -6.798985 -2.168208
v -2.366493 -6.765845 -2.174438
v -2.643221 -7.062294 -1.368984
v -2.781776 -6.956470 -1.452504
v -1.444571 -7.323178 1.861504
v -0.495072 -5.573250 2.773696
v -0.003552 -5.406336 -5.363020
v -1.722969 -7.175508 1.586352
v 2.634141 -6.635874 0.091850
v 2.985751 -5.865651 -1.482770
v -0.234554 -7.492816 2.506921
v -1.070890 -3.422487 -5.067174
v -1.487572 -3.538664 -4.884001
v -1.443934 -3.249468 -4.869478
v -2.124100 -7.189618 -1.189376
v -2.076407 -7.836584 -0.353562
v -0.703015 -5.819998 2.678705
v -0.591213 -5.638432 2.635977
v -0.615117 -5.631083 2.603686
v -2.427458 -6.859800 -1.966069
v -2.492928 -6.826284 -2.155923
v -1.229152 -7.413508 2.056406
v -2.474204 -6.955059 -1.779738
v -2.414743 -6.923048 -1.810169
v 0.731522 -5.821239 -5.278285
v -2.257463 -7.129757 -1.367694
v -0.594453 -7.267541 2.506568
v 0.082623 -8.069175 2.248935
v 3.252989 -6.457205 -1.600986
v -2.553782 -6.106249 -3.908423
v -1.751667 -8.381041 0.408452
v -1.475645 -4.075884 -4.834737
v -0.376868 -5.566917 2.826793
v -0.335181 -5.561071 2.845441
v 0.288881 -5.613763 -5.367691
v -1.956410 -5.958078 -4.602268
v -2.736675 -6.297389 -3.476184
v -2.505685 -6.188224 -3.908637
v -2.652805 -6.378118 -3.483334
v -2.227361 -6.498373 -3.437426
v -2.221907 -6.561132 -3.071669
v -2.296950 -6.588162 -3.089491
v -0.919489 -6.653945 2.565926
v -2.282681 -6.625197 -2.802440
v -2.431772 -6.679152 -2.815686
v -2.375385 -6.607238 -3.103941
v -2.569271 -6.789289 -2.355813
v -2.315477 -6.961268 -1.665029
v -0.107114 -5.791780 2.949831
v -0.219795 -5.554214 2.863998
v -0.226994 -6.022028 3.074472
v -0.005155 -5.621376 2.836200
v 0.057975 -5.616724 2.830654
v -2.449278 -4.495713 -0.512170
v -2.582124 -4.249498 -1.029805
v 0.785197 -6.233390 2.870468
v -0.221174 -5.812006 3.003036
v -2.650174 -6.729922 -2.534237
v -2.447083 -6.265861 -3.901024
v -2.791671 -3.603185 -3.262260
v -2.489997 -3.300750 -3.836896
v -1.288680 -6.097083 -4.415341
v -0.419423 -5.571724 2.810693
v -2.115113 -3.197005 -4.351934
v -1.829724 -3.463564 -4.658622
v -2.813140 -3.645490 -3.275364
v 1.094886 -6.866891 2.378674
v -0.067131 -8.891088 1.586130
v -0.002469 -8.912098 1.716975
v -0.243305 -5.554086 2.868979
v -0.575476 -5.580528 2.671448
v -0.566840 -5.581204 2.657451
v 0.696579 -5.828723 2.793413
v -0.581514 -5.579186 2.685610
v -1.769952 -3.154375 -4.661258
v -0.581633 -5.577478 2.699937
v 0.678321 -5.829414 2.812777
v -0.998844 -6.257596 -4.741835
v -0.595731 -6.278440 -4.859603
v -0.659009 -3.483235 -5.213412
v -0.675341 -3.559507 -5.227936
v -0.965263 -6.226066 -4.665657
v -2.489741 -6.887860 -1.947016
v -2.313776 -5.461472 -4.202732
v -2.539009 -6.978217 -1.734565
v -2.558136 -6.905800 -1.914675
v 2.767519 -7.228844 -0.112748
v 2.895416 -5.375855 -1.297908
v -0.946319 -5.553507 2.277627
v -2.487805 -7.058037 -1.561125
v -2.386031 -7.198019 -1.267765
v -2.972182 -5.699409 -2.876207
v -2.750186 -6.751439 -2.257643
v -0.110673 -8.596642 2.198349
v -0.097244 -7.776650 2.300081
v -0.095930 -5.615030 2.832551
v -0.593557 -6.018564 2.939795
v -2.494453 -6.775380 -2.377459
v 2.167358 -3.624563 -4.219212
v -2.425889 -6.748334 -2.388129
v -2.481117 -6.733678 -2.581869
v -2.407799 -6.709556 -2.587515
v -2.775816 -6.462205 -3.068429
v -0.635789 -6.459084 2.933788
v -0.278198 -8.044245 2.329581
v -0.003404 -5.998552 -5.376444
v -2.896143 -3.851188 -2.699905
v -2.093227 -3.098022 -4.337700
v -1.745256 -3.052187 -4.654820
v -2.232691 -6.079968 -4.276051
v 3.258862 -6.370647 -1.908170
v 0.081489 -7.217486 2.533099
v -2.088041 -6.247450 -4.190740
v -2.026461 -6.245154 -4.142854
v -0.703233 -6.460305 2.882873
v -0.005155 -5.621376 2.836200
v -0.108768 -5.614851 2.837467
v -1.423678 -3.153641 -4.859359
v -1.055196 -3.331975 -5.054985
v -2.851222 -7.168705 -0.211487
v -2.858683 -7.150026 -0.237947
v -1.341978 -6.156834 -4.500563
v -0.898522 -6.109391 -4.516055
v -1.442441 -6.206290 -4.659244
v -0.001415 -4.987219 -5.319733
v -0.002017 -6.176264 -5.222108
v -0.255364 -6.237581 -5.103896
v -0.270630 -6.163644 -5.197507
v -0.001240 -6.246882 -5.124025
v -0.240502 -6.283500 -5.009923
v 0.069697 -6.932230 2.707404
v -0.000208 -6.294136 -4.937863
v -0.216881 -6.263855 -4.847938
v -0.227859 -6.288879 -4.925390
v -0.249540 -3.587264 -5.312326
v -0.000592 -6.290008 -5.025823
v -0.003404 -5.998552 -5.376444
v -0.675076 -5.829219 2.711095
v -0.772657 -6.018304 2.740771
v -0.732266 -5.800812 -5.275436
v -1.177401 -5.899746 2.397805
v -0.003813 -5.617002 -5.397151
v -0.002783 -6.089653 -5.309703
v -0.005166 -8.684682 2.155653
v -0.084815 -8.589596 2.190567
v -0.084839 -8.694018 2.155657
v -0.083518 -8.865891 2.032331
v -0.004827 -8.854248 2.031283
v -0.084543 -8.788976 2.102962
v -0.005074 -8.778122 2.102059
v 2.919515 -6.923838 -0.237452
v -0.168451 -8.906469 1.566135
v -0.168645 -8.949653 1.692835
v -0.169608 -8.853045 1.436861
v -0.151632 -8.854336 1.441503
v -0.171538 -8.972349 1.814389
v -0.500392 -8.820425 1.348153
v -0.196891 -8.850556 1.429434
v -0.893046 -8.812078 1.212520
v -1.308409 -8.741940 0.935752
v -2.335062 -7.316698 -1.090336
v -2.257723 -7.279731 -1.156383
v -2.321044 -7.344775 -1.063242
v -2.196459 -7.226347 -1.192573
v -2.282144 -7.232845 -1.168215
v -2.355160 -7.251946 -1.097667
v -2.290699 -7.215604 -1.167285
v -2.358616 -7.239707 -1.100335
v -2.296638 -7.203943 -1.171045
v -2.350897 -7.269427 -1.100086
v -2.445322 -7.255911 -0.989171
v -2.229934 -7.181726 -1.207746
v -2.242874 -7.165626 -1.209274
v -2.185997 -7.123337 -1.232978
v -2.251143 -7.155139 -1.214785
v -2.203368 -7.108828 -1.237448
v -2.213928 -7.202334 -1.204184
v -2.271107 -7.254582 -1.166894
v -2.164910 -7.142320 -1.226738
v -2.143234 -7.164755 -1.213835
v -2.442584 -7.304711 -0.989156
v -2.344605 -7.291297 -1.100130
v -2.205070 -7.082942 -1.393640
v -2.425296 -7.033313 -1.611118
v -0.583898 -5.642387 2.655845
v -2.357954 -6.886610 -1.833228
v -2.360454 -6.714726 -2.393313
v -2.337685 -6.678000 -2.587969
v 0.445337 -8.055514 2.291244
v -2.355363 -6.656354 -2.811363
v -2.174358 -6.382863 -3.820238
v -2.392342 -7.323005 0.794031
v -0.197379 -6.025168 3.076484
v -2.755645 -7.216814 0.189230
v -2.406836 -7.278906 0.654636
v 0.000030 -6.224400 -4.782438
v -0.000023 -6.269016 -4.857589
v 0.082435 -8.695471 2.163588
v 0.071436 -8.785064 2.106081
v 0.083482 -8.790672 2.108073
v 0.070793 -8.690005 2.160791
v 0.070135 -8.585533 2.198478
v 0.071696 -8.862030 2.034117
v 0.084234 -8.867343 2.035289
v 0.071205 -8.912226 1.944667
v 0.084226 -8.916838 1.945131
v 0.057513 -7.215551 2.527837
v 2.770004 -5.312988 -0.662794
v 0.082997 -5.563535 2.791022
v 0.057947 -5.565640 2.790996
v 0.097285 -5.562563 2.795271
v 0.080844 -8.917312 1.716767
v 0.075013 -8.846140 1.453460
v 0.078081 -8.886204 1.587298
v 0.082994 -8.930509 1.837502
v 0.069594 -8.926971 1.837497
v 0.067144 -8.915130 1.717036
v 0.060845 -8.847135 1.453968
v 0.064135 -8.885563 1.587717
v -0.096957 -8.793859 2.104568
v -0.108885 -8.799862 2.107568
v -0.105132 -8.927775 1.944430
v -0.097389 -8.698043 2.157860
v -0.095879 -8.871287 2.033237
v -0.093812 -8.921590 1.943849
v -0.097519 -8.592581 2.193130
v -0.005181 -7.494536 2.382664
v -1.712135 -7.209087 1.518150
v -0.194873 -5.555212 2.851950
v 0.000053 -8.851460 1.455135
v -0.061101 -8.853391 1.451760
v -0.094124 -8.895443 1.584410
v -0.109650 -5.561799 2.795870
v -0.096099 -5.563005 2.791327
v -0.080951 -8.893166 1.585296
v -0.086015 -8.923562 1.715359
v -0.075554 -8.853802 1.450714
v -0.090413 -8.936026 1.836383
v -0.005155 -5.569469 2.798190
v 2.793697 -6.998542 -1.068813
v 2.831587 -7.047600 -0.954840
v 2.739954 -6.950356 -1.138353
v 2.675641 -6.902750 -1.178271
v 2.600774 -6.860775 -1.191277
v 2.606045 -6.855433 -1.203377
v 0.591826 -5.569308 2.649857
v 0.699601 -5.612559 2.559045
v 0.590445 -5.570658 2.665898
v 2.848340 -7.097819 -0.781623
v 2.843530 -7.146539 -0.569785
v 2.816732 -7.191100 -0.339952
v -2.301245 -7.197931 -1.209464
v -2.370413 -7.229821 -1.166984
v -2.301876 -7.198230 -1.236155
v -2.247752 -7.153159 -1.277580
v -2.366508 -7.231083 -1.139159
v -2.460570 -7.241194 -1.056191
v -2.251221 -7.151614 -1.252368
v -2.208817 -7.098713 -1.281572
v -2.200835 -7.101350 -1.305130
v -2.253139 -7.151372 -1.230293
v -2.299826 -7.198944 -1.186432
v -2.214438 -7.097324 -1.260644
v -2.213892 -7.099815 -1.245039
v -2.362487 -7.233565 -1.115555
v -2.454630 -7.244485 -1.027753
v -2.449110 -7.248760 -1.004150
v -0.561344 -5.575656 2.610170
v -0.555057 -5.579351 2.629951
v -0.558926 -5.580914 2.643619
v -2.579554 -7.225610 -0.889905
v -2.846720 -7.184281 -0.192370
v -0.005187 -8.582274 2.192441
v -2.702286 -7.196359 -0.686111
v -2.803689 -7.166734 -0.462796
v -1.124389 -6.872978 2.305249
v -0.005188 -6.479728 2.969047
v 1.978986 -5.804937 -4.621947
v -2.696240 -7.205688 -0.658273
v -0.583899 -5.568957 2.577999
v -2.797594 -7.180272 -0.435675
v -2.573230 -7.231556 -0.861545
v -2.567680 -7.238052 -0.838711
v -2.691363 -7.214819 -0.636656
v -2.793322 -7.192436 -0.415402
v -3.040759 -4.704526 -1.291215
v -3.020745 -4.664983 -1.215103
v -3.039928 -4.639898 -1.299730
v -2.945478 -4.949961 -1.204468
v -2.963989 -4.981762 -1.282388
v -2.964740 -4.910372 -1.285910
v -2.987610 -4.542922 -1.232597
v -3.021772 -4.542090 -1.319907
v -3.001279 -4.571009 -1.229827
v -2.948771 -5.094293 -1.181991
v -2.966586 -5.099272 -1.253737
v -2.965595 -5.046982 -1.273808
v -3.012804 -4.611775 -1.223521
v -3.023660 -4.730391 -1.205993
v -3.037968 -4.775122 -1.284823
v -3.022539 -4.804478 -1.196812
v -3.007725 -5.119368 -1.249815
v -3.005427 -5.196539 -1.144742
v -3.014628 -5.113771 -1.249536
v -2.960047 -4.520608 -1.236908
v -2.999376 -4.499676 -1.320493
v -2.973349 -4.526470 -1.234176
v -2.687020 -4.972013 -0.153986
v -2.692208 -5.029577 -0.110892
v -2.654360 -5.006052 -0.069136
v -2.866089 -5.341777 -0.570382
v -2.840186 -5.346580 -0.529501
v -2.843956 -5.340181 -0.527718
v -2.859141 -5.290228 -0.529495
v -2.839628 -5.327978 -0.511060
v -2.830031 -5.297894 -0.479492
v -2.802728 -5.338850 -0.509556
v -2.775810 -5.304353 -0.487564
v -2.790692 -5.306789 -0.475496
v -2.984214 -5.135150 -1.241989
v -2.998899 -5.204414 -1.142150
v -2.756713 -5.195755 -0.370010
v -2.726662 -5.146821 -0.320394
v -2.739465 -5.143338 -0.311091
v -3.028477 -5.078789 -1.253500
v -3.018070 -5.095245 -1.165032
v -3.031383 -5.037563 -1.266345
v -2.798602 -5.346965 -0.536781
v -2.788983 -5.335005 -0.520328
v -2.834677 -5.358036 -0.584195
v -2.835183 -5.342060 -0.624730
v -2.815593 -5.346209 -0.578752
v -3.006259 -5.232295 -1.061286
v -3.005427 -5.196539 -1.144742
v -2.998652 -5.243720 -1.060691
v -2.989954 -5.277542 -0.954208
v -2.994562 -5.259593 -0.953844
v -3.011314 -5.213829 -1.062723
v -3.012681 -5.186144 -1.145466
v -2.880205 -4.617825 -1.104461
v -2.820142 -4.673085 -0.904180
v -2.815572 -4.692393 -0.906211
v -2.709649 -5.104672 -0.258537
v -2.719450 -5.102309 -0.247818
v -2.693290 -5.077560 -0.177873
v -2.654387 -5.053092 -0.132951
v -2.661141 -5.059517 -0.114657
v -2.998566 -4.761285 -1.317707
v -2.985759 -4.707063 -1.306492
v -2.978931 -4.771193 -1.297518
v -2.995932 -4.595585 -1.339046
v -2.970642 -4.568255 -1.333288
v -2.981057 -4.603781 -1.326038
v -2.615975 -5.034199 -0.091354
v -2.623158 -5.038609 -0.071572
v -2.984214 -5.135150 -1.241989
v -2.968565 -5.131396 -1.230888
v -2.852110 -5.357832 -0.583067
v -2.834953 -5.350172 -0.530469
v -2.856954 -5.355681 -0.581546
v -2.551153 -5.004241 -0.048210
v -2.555724 -4.964600 -0.117598
v -2.539468 -4.993121 -0.045195
v -3.032616 -4.585274 -1.310510
v -2.741467 -5.197951 -0.379651
v -2.738503 -5.133141 -0.381123
v -2.726662 -5.146821 -0.320394
v -2.865268 -5.322835 -0.554987
v -2.843956 -5.340181 -0.527718
v -2.862466 -5.351529 -0.578276
v -2.685585 -5.075006 -0.192367
v -2.668654 -5.030148 -0.203540
v -2.654387 -5.053092 -0.132951
v -2.556832 -4.944955 -0.104164
v -2.775810 -5.304353 -0.487564
v -2.773501 -5.243107 -0.490167
v -2.758911 -5.254565 -0.438023
v -2.929420 -5.063604 -1.102210
v -2.945318 -5.024682 -1.197036
v -2.929545 -4.985037 -1.113080
v -2.903656 -5.031284 -0.980128
v -2.905190 -5.111063 -0.971971
v -2.933015 -5.137006 -1.083980
v -2.869963 -5.163196 -0.810043
v -2.909657 -5.185121 -0.957025
v -2.863302 -5.089034 -0.802026
v -2.819085 -5.141207 -0.628845
v -2.831684 -5.207487 -0.657166
v -2.877462 -5.230713 -0.810958
v -2.933172 -4.912948 -1.109036
v -2.951288 -4.877893 -1.204401
v -2.936651 -4.846636 -1.100642
v -2.900520 -4.898225 -0.949613
v -2.903062 -4.960630 -0.968930
v -2.856051 -5.022192 -0.778188
v -2.845920 -4.963910 -0.746260
v -2.805708 -5.079427 -0.591121
v -2.936334 -4.785404 -1.098465
v -2.958639 -4.808953 -1.204318
v -2.963427 -4.743622 -1.211701
v -2.930081 -4.732003 -1.100030
v -2.879838 -4.796354 -0.921547
v -2.893141 -4.843194 -0.933411
v -2.830621 -4.915426 -0.713976
v -2.809891 -4.875623 -0.686716
v -2.767956 -4.983395 -0.500160
v -2.789387 -5.025654 -0.547168
v -2.887153 -4.633596 -1.105415
v -2.940238 -4.604833 -1.237294
v -2.930125 -4.580999 -1.239682
v -2.823630 -4.707752 -0.908752
v -2.899415 -4.656527 -1.105236
v -2.758006 -4.817828 -0.659824
v -2.740191 -4.798072 -0.653023
v -2.730934 -4.783184 -0.648535
v -2.659469 -4.883053 -0.405648
v -2.680132 -4.901104 -0.415942
v -2.553341 -4.998772 -0.022389
v -2.539468 -4.993121 -0.045195
v -2.534585 -4.982036 -0.019354
v -2.654494 -4.850291 -0.391838
v -2.591252 -4.927468 -0.226110
v -2.648694 -4.868707 -0.399235
v -2.955798 -5.315091 -0.825890
v -2.982312 -5.288703 -0.954565
v -2.948481 -5.324616 -0.827152
v -2.916627 -5.340762 -0.706821
v -2.921173 -5.326916 -0.702835
v -2.960356 -5.298901 -0.823799
v -2.914410 -5.332826 -0.821659
v -2.929805 -5.274282 -0.943845
v -2.897357 -5.307744 -0.816640
v -2.874858 -5.229550 -0.568034
v -2.846847 -5.239483 -0.491310
v -2.862623 -5.166854 -0.533813
v -2.900800 -5.142285 -0.659138
v -2.909253 -5.209471 -0.677681
v -2.884275 -5.282617 -0.593116
v -2.954159 -5.232442 -0.820244
v -2.947988 -5.173257 -0.817871
v -2.941804 -5.101211 -0.811695
v -2.982136 -5.127471 -0.961297
v -2.987767 -5.188955 -0.958263
v -2.849286 -5.102946 -0.489224
v -2.830874 -5.180254 -0.443136
v -2.813709 -5.122193 -0.387673
v -2.830253 -5.044320 -0.436004
v -2.877229 -5.004516 -0.589732
v -2.892184 -5.071172 -0.629191
v -2.936881 -5.022227 -0.798463
v -2.927476 -4.946446 -0.778410
v -2.975887 -4.968076 -0.964334
v -2.977627 -5.052154 -0.963638
v -2.800930 -4.997464 -0.375887
v -2.792325 -5.069984 -0.325838
v -2.763696 -5.028304 -0.258549
v -2.764300 -4.961308 -0.318518
v -2.814809 -4.908777 -0.494857
v -2.849759 -4.950702 -0.542651
v -2.907850 -4.884005 -0.751772
v -2.881492 -4.834371 -0.722503
v -2.946492 -4.758680 -0.945489
v -2.962200 -4.815866 -0.955243
v -2.972288 -4.885796 -0.961998
v -2.660554 -4.902187 -0.223328
v -2.648695 -4.954531 -0.125548
v -2.622571 -4.941834 -0.109332
v -2.643528 -4.894419 -0.214902
v -2.703480 -4.831950 -0.394891
v -2.719901 -4.840204 -0.403300
v -2.686090 -4.915772 -0.241602
v -2.802405 -4.751965 -0.658505
v -2.743724 -4.855628 -0.421513
v -2.786260 -4.742436 -0.652022
v -2.869817 -4.649429 -0.913490
v -2.885684 -4.660934 -0.917106
v -2.823911 -4.770143 -0.671903
v -2.639083 -5.029676 -0.060946
v -2.606749 -5.002988 -0.032593
v -2.643283 -5.024339 -0.059554
v -2.680717 -5.046311 -0.102096
v -2.677071 -5.051356 -0.103595
v -3.014249 -4.589067 -1.335556
v -2.984413 -4.557559 -1.347421
v -2.946605 -5.304008 -0.946818
v -2.941514 -5.330688 -0.826395
v -2.974898 -5.296407 -0.952895
v -3.027736 -5.028256 -1.288744
v -3.018173 -5.073282 -1.280857
v -3.025012 -5.071496 -1.272988
v -3.020919 -5.108629 -1.245735
v -3.028477 -5.078789 -1.253500
v -3.031383 -5.037563 -1.266345
v -2.774367 -4.741510 -0.650114
v -2.847341 -4.650790 -0.912171
v -2.857244 -4.647350 -0.912493
v -2.786260 -4.742436 -0.652022
v -2.703480 -4.831950 -0.394891
v -2.691994 -4.831303 -0.392566
v -2.765217 -4.745290 -0.649958
v -2.918949 -4.572696 -1.107050
v -2.948936 -4.521761 -1.239435
v -2.932095 -4.576486 -1.106496
v -2.869817 -4.649429 -0.913490
v -2.908324 -4.575254 -1.107658
v -2.586968 -4.979182 -0.017481
v -2.606749 -5.002988 -0.032593
v -2.578920 -4.983156 -0.013676
v -2.573321 -4.964610 -0.016906
v -2.584243 -4.964116 -0.028043
v -2.595553 -4.973103 -0.028947
v -2.612623 -4.996254 -0.033969
v -3.016998 -4.541185 -1.334945
v -3.020912 -4.586994 -1.332204
v -3.028473 -4.584704 -1.325269
v -3.028894 -4.638772 -1.321765
v -3.036253 -4.638126 -1.314656
v -3.032616 -4.585274 -1.310510
v -3.021772 -4.542090 -1.319907
v -3.030405 -4.699377 -1.314102
v -3.037405 -4.700812 -1.306813
v -3.027534 -4.765725 -1.308991
v -3.034558 -4.769154 -1.301458
v -3.040759 -4.704526 -1.291215
v -3.039928 -4.639898 -1.299730
v -3.022371 -4.834731 -1.306206
v -3.030339 -4.839541 -1.298311
v -3.018314 -4.903433 -1.305171
v -3.027143 -4.908533 -1.296438
v -3.034412 -4.847650 -1.280408
v -3.037968 -4.775122 -1.284823
v -2.758911 -5.254565 -0.438023
v -2.991975 -4.828420 -1.311971
v -2.978931 -4.771193 -1.297518
v -2.970823 -4.839572 -1.290805
v -2.754800 -5.185746 -0.436969
v -2.812571 -5.355002 -0.534518
v -2.815593 -5.346209 -0.578752
v -2.803688 -5.250194 -0.425321
v -2.813833 -5.302686 -0.472786
v -2.796396 -5.251322 -0.424838
v -2.783927 -5.192564 -0.367341
v -2.794499 -5.191330 -0.373939
v -2.813684 -5.248333 -0.431866
v -2.820904 -5.300548 -0.473560
v -2.765231 -5.140204 -0.305452
v -2.776540 -5.192761 -0.367797
v -2.757282 -5.139771 -0.307260
v -2.744137 -5.096359 -0.238754
v -2.755107 -5.093641 -0.244619
v -2.776387 -5.138928 -0.311465
v -2.711246 -5.068007 -0.167756
v -2.717180 -5.064274 -0.166347
v -2.684847 -5.039202 -0.102157
v -2.692208 -5.029577 -0.110892
v -2.726419 -5.057982 -0.173574
v -2.883434 -4.598551 -1.103066
v -2.923952 -4.564981 -1.239939
v -2.925702 -4.545239 -1.239709
v -3.002985 -4.698480 -1.323280
v -2.987677 -4.650240 -1.316431
v -2.914410 -5.332826 -0.821659
v -2.903728 -5.352274 -0.709138
v -3.019447 -5.139072 -1.155560
v -3.024479 -5.105835 -1.236670
v -3.018181 -5.168549 -1.147884
v -2.757304 -4.749877 -0.648729
v -2.820142 -4.673085 -0.904180
v -2.839481 -4.655841 -0.910583
v -2.578759 -5.018018 -0.064224
v -2.570567 -4.977524 -0.126751
v -2.601331 -5.007648 -0.033596
v -2.585254 -5.017478 -0.042767
v -2.571918 -4.986880 -0.013553
v -2.987916 -4.512307 -1.351087
v -2.957048 -4.512710 -1.343595
v -2.970626 -4.527991 -1.351999
v -2.752314 -5.140016 -0.308543
v -2.731565 -5.097679 -0.243076
v -2.771436 -5.193163 -0.368372
v -2.965802 -5.263539 -1.049867
v -2.974898 -5.296407 -0.952895
v -2.991602 -5.251920 -1.058241
v -3.010818 -4.967369 -1.309736
v -2.986481 -4.898365 -1.307840
v -2.985353 -4.969600 -1.307082
v -2.985605 -5.089281 -1.277842
v -3.010534 -5.076737 -1.283577
v -3.002888 -4.642436 -1.329968
v -3.023479 -4.698390 -1.317568
v -3.022020 -4.639403 -1.325239
v -2.853606 -5.356874 -0.630370
v -2.873820 -5.358678 -0.631522
v -3.002203 -4.546871 -1.345259
v -2.790931 -5.252203 -0.425000
v -2.774571 -5.254664 -0.426897
v -2.808115 -5.304150 -0.472875
v -2.820306 -5.336017 -0.506444
v -2.976113 -5.218799 -1.132089
v -2.883434 -4.598551 -1.103066
v -2.900622 -4.580208 -1.107050
v -2.675584 -4.838406 -0.392642
v -2.736614 -4.764444 -0.644131
v -2.741467 -5.197951 -0.379651
v -2.707191 -5.071075 -0.169532
v -2.736295 -5.096726 -0.241242
v -3.011795 -5.027852 -1.304069
v -2.825829 -5.334087 -0.506044
v -2.829807 -5.352344 -0.531365
v -2.879171 -5.355826 -0.630491
v -3.018761 -4.968874 -1.305309
v -3.010880 -4.900237 -1.308830
v -3.015253 -4.831397 -1.309605
v -3.020575 -4.763298 -1.312403
v -2.991975 -4.828420 -1.311971
v -3.008933 -4.543717 -1.341977
v -2.995428 -4.508611 -1.347643
v -2.981924 -4.489297 -1.340168
v -2.973703 -4.493273 -1.343486
v -2.619825 -4.987272 -0.043442
v -2.941247 -4.526358 -1.240399
v -2.683382 -4.834657 -0.392943
v -2.992537 -4.490839 -1.332636
v -2.909865 -5.348108 -0.708959
v -2.948481 -5.324616 -0.827152
v -2.555528 -4.968675 -0.010713
v -2.982312 -5.288703 -0.954565
v -2.998652 -5.243720 -1.060691
v -2.953992 -4.534035 -1.330433
v -2.957048 -4.512710 -1.343595
v -2.576677 -4.933920 -0.098498
v -2.595423 -4.908287 -0.216217
v -2.615815 -4.897516 -0.213477
v -2.985944 -5.035461 -1.300237
v -2.879862 -5.350333 -0.705730
v -2.654494 -4.850291 -0.391838
v -2.879862 -5.350333 -0.705730
v -2.862422 -5.331102 -0.700462
v -2.961177 -4.544229 -1.336155
v -2.957048 -4.512710 -1.343595
v -2.925702 -4.545239 -1.239709
v -3.031741 -4.918172 -1.276886
v -3.018368 -4.883721 -1.188177
v -3.034412 -4.847650 -1.280408
v -2.960232 -5.191474 -1.139034
v -2.976113 -5.218799 -1.132089
v -2.970642 -4.568255 -1.333288
v -2.961177 -4.544229 -1.336155
v -2.962558 -4.685879 -1.222091
v -2.985759 -4.707063 -1.306492
v -2.987677 -4.650240 -1.316431
v -3.012681 -5.186144 -1.145466
v -3.031601 -4.982750 -1.273169
v -3.014837 -4.962352 -1.180162
v -3.018181 -5.168549 -1.147884
v -3.024479 -5.105835 -1.236670
v -2.985944 -5.035461 -1.300237
v -2.578759 -5.018018 -0.064224
v -3.007001 -5.140662 -1.074310
v -3.002771 -5.078670 -1.080656
v -3.000261 -5.003637 -1.087122
v -3.015635 -5.034599 -1.172840
v -3.001716 -4.920681 -1.094099
v -3.002958 -4.838247 -1.100454
v -2.999808 -4.764779 -1.105058
v -2.991951 -4.702294 -1.107843
v -2.947359 -4.590576 -1.107267
v -2.904528 -4.682468 -0.923831
v -2.932095 -4.576486 -1.106496
v -2.963449 -4.615753 -1.108353
v -2.623268 -4.894797 -0.213050
v -2.584007 -4.931912 -0.097934
v -2.973703 -4.493273 -1.343486
v -2.981924 -4.489297 -1.340168
v -2.834677 -5.358036 -0.584195
v -2.556832 -4.944955 -0.104164
v -2.555528 -4.968675 -0.010713
v -2.534585 -4.982036 -0.019354
v -2.986481 -4.898365 -1.307840
v -2.949582 -5.233020 -1.052658
v -2.885280 -5.350372 -0.627489
v -2.889493 -5.338810 -0.621194
v -2.921173 -5.326916 -0.702835
v -2.916627 -5.340762 -0.706821
v -2.728401 -4.996023 -0.197400
v -2.726419 -5.057982 -0.173574
v -2.615975 -5.034199 -0.091354
v -2.596294 -4.992446 -0.141396
v -2.794499 -5.191330 -0.373939
v -2.776387 -5.138928 -0.311465
v -2.755107 -5.093641 -0.244619
v -2.813684 -5.248333 -0.431866
v -2.573321 -4.964610 -0.016906
v -2.592889 -4.931356 -0.098337
v -2.813569 -5.285132 -0.588935
v -2.798295 -5.231422 -0.554081
v -2.781607 -5.170730 -0.510655
v -2.791247 -5.293970 -0.534310
v -2.765607 -5.114130 -0.462044
v -2.747458 -5.065419 -0.408922
v -2.724326 -5.028391 -0.351963
v -2.741424 -4.950052 -0.458920
v -2.695621 -4.999880 -0.301540
v -2.697910 -5.055367 -0.259289
v -2.720808 -5.088583 -0.322079
v -2.627616 -4.957594 -0.247001
v -2.604100 -4.941194 -0.234048
v -2.965802 -5.263539 -1.049867
v -2.946605 -5.304008 -0.946818
v -2.631803 -4.892860 -0.212500
v -2.643528 -4.894419 -0.214902
v -2.605138 -4.934062 -0.101530
v -2.709800 -4.923029 -0.432274
v -2.660754 -4.976718 -0.268025
v -2.631886 -5.009581 -0.165618
v -2.798602 -5.346965 -0.536781
v -2.804677 -5.327075 -0.562991
v -2.788983 -5.335005 -0.520328
v -2.563634 -4.965882 -0.011622
v -2.926033 -4.714632 -0.934155
v -2.979072 -4.652806 -1.108743
v -2.981057 -4.603781 -1.326038
v -2.953992 -4.534035 -1.330433
v -2.595423 -4.908287 -0.216217
v -2.992537 -4.490839 -1.332636
v -3.004761 -4.508208 -1.339977
v -3.010347 -4.511778 -1.324271
v -2.999376 -4.499676 -1.320493
v -2.647622 -5.016396 -0.060113
v -2.680717 -5.046311 -0.102096
v -2.643283 -5.024339 -0.059554
v -2.684847 -5.039202 -0.102157
v -2.563634 -4.965882 -0.011622
v -2.578920 -4.983156 -0.013676
v -2.851893 -4.797015 -0.694558
v -2.777411 -4.877786 -0.453255
v -2.723346 -4.934778 -0.273544
v -2.859520 -4.758524 -0.915240
v -2.783463 -4.843384 -0.669861
v -2.838635 -4.729169 -0.911854
v -2.915750 -4.689187 -1.102864
v -2.952939 -4.639704 -1.231026
v -2.605138 -4.934062 -0.101530
v -2.551153 -5.004241 -0.048210
v -2.853606 -5.356874 -0.630370
v -2.853260 -5.306422 -0.691821
v -2.825332 -5.320784 -0.611831
v -2.843182 -5.266484 -0.677640
v -2.709649 -5.104672 -0.258537
v -2.992871 -5.231531 -0.955487
v -3.010705 -5.184499 -1.067699
v -2.999376 -4.499676 -1.320493
v -2.973349 -4.526470 -1.234176
v -2.831963 -5.331080 -0.506226
v -2.830031 -5.297894 -0.479492
v -2.839628 -5.327978 -0.511060
v -3.027360 -4.972687 -1.294905
v -3.019964 -5.026881 -1.299558
v -3.031601 -4.982750 -1.273169
v -3.031741 -4.918172 -1.276886
v -2.920662 -5.303258 -0.697113
v -2.959045 -5.272838 -0.822069
v -2.916290 -5.265528 -0.688960
v -2.889155 -5.317630 -0.610286
v -2.866089 -5.341777 -0.570382
v -2.889493 -5.338810 -0.621194
v -2.887230 -5.277624 -0.813492
v -2.919056 -5.238608 -0.947860
v -2.940552 -5.193601 -1.065944
v -2.953806 -5.151034 -1.159219
v -2.584243 -4.964116 -0.028043
v -2.685585 -5.075006 -0.192367
v -2.985605 -5.089281 -1.277842
v -2.985353 -4.969600 -1.307082
v -2.736614 -4.764444 -0.644131
v 3.039928 -4.639898 -1.299730
v 3.012804 -4.611775 -1.223521
v 3.020745 -4.664983 -1.215103
v 3.021772 -4.542090 -1.319907
v 2.987610 -4.542922 -1.232597
v 3.001279 -4.571009 -1.229827
v 3.024479 -5.105835 -1.236670
v 3.019448 -5.139072 -1.155560
v 3.018181 -5.168549 -1.147884
v 3.037968 -4.775122 -1.284823
v 3.023660 -4.730391 -1.205993
v 3.022539 -4.804478 -1.196812
v 3.031601 -4.982750 -1.273169
v 3.014837 -4.962352 -1.180162
v 3.015635 -5.034599 -1.172840
v 3.040759 -4.704526 -1.291215
v 2.960047 -4.520608 -1.236908
v 2.999376 -4.499676 -1.320493
v 2.992537 -4.490839 -1.332636
v 2.584243 -4.964116 -0.028044
v 2.592889 -4.931356 -0.098337
v 2.573322 -4.964610 -0.016906
v 2.726662 -5.146821 -0.320394
v 2.747891 -5.197648 -0.372023
v 2.732111 -5.145936 -0.312882
v 2.709649 -5.104672 -0.258537
v 2.739465 -5.143338 -0.311091
v 2.713683 -5.104480 -0.250368
v 2.756713 -5.195755 -0.370010
v 2.758911 -5.254565 -0.438023
v 2.781618 -5.306333 -0.479182
v 2.765295 -5.255407 -0.429856
v 2.741468 -5.197951 -0.379651
v 2.774571 -5.254664 -0.426897
v 2.790692 -5.306789 -0.475496
v 2.834953 -5.350172 -0.530469
v 2.834677 -5.358036 -0.584195
v 2.856954 -5.355681 -0.581546
v 2.798602 -5.346965 -0.536781
v 2.804677 -5.327075 -0.562991
v 2.815593 -5.346209 -0.578752
v 2.975582 -5.091557 -1.270930
v 2.965595 -5.046982 -1.273808
v 2.975496 -5.038710 -1.291825
v 2.974722 -5.135437 -1.237597
v 2.966586 -5.099272 -1.253737
v 2.984214 -5.135150 -1.241989
v 2.985605 -5.089281 -1.277842
v 3.012681 -5.186144 -1.145466
v 2.994562 -5.259593 -0.953844
v 2.989955 -5.277542 -0.954208
v 2.683382 -4.834657 -0.392943
v 2.584007 -4.931912 -0.097934
v 2.994535 -4.700849 -1.320195
v 2.987677 -4.650240 -1.316431
v 2.995619 -4.644733 -1.328140
v 2.988770 -4.764025 -1.313038
v 2.985759 -4.707063 -1.306492
v 2.998566 -4.761285 -1.317707
v 3.002985 -4.698480 -1.323280
v 2.988987 -4.598306 -1.337282
v 2.970642 -4.568255 -1.333288
v 2.978145 -4.561734 -1.344979
v 2.981057 -4.603781 -1.326038
v 3.002888 -4.642436 -1.329968
v 2.995932 -4.595585 -1.339046
v 2.923073 -4.553555 -1.239812
v 2.820142 -4.673085 -0.904180
v 2.925702 -4.545239 -1.239709
v 2.685585 -5.075006 -0.192367
v 2.688337 -5.077487 -0.182418
v 2.654388 -5.053092 -0.132951
v 2.693290 -5.077560 -0.177873
v 2.656386 -5.057722 -0.121116
v 2.719449 -5.102309 -0.247818
v 2.726662 -5.146821 -0.320394
v 2.720808 -5.088583 -0.322079
v 2.738504 -5.133141 -0.381123
v 2.578759 -5.018018 -0.064224
v 2.570567 -4.977524 -0.126751
v 2.596294 -4.992446 -0.141396
v 2.862466 -5.351529 -0.578276
v 2.840186 -5.346580 -0.529502
v 2.709649 -5.104672 -0.258537
v 2.697910 -5.055367 -0.259289
v 2.685585 -5.075006 -0.192367
v 2.668654 -5.030148 -0.203540
v 2.741468 -5.197951 -0.379651
v 2.754800 -5.185746 -0.436969
v 2.758911 -5.254565 -0.438023
v 2.773501 -5.243107 -0.490167
v 2.866089 -5.341777 -0.570382
v 2.843956 -5.340181 -0.527718
v 2.945318 -5.024682 -1.197036
v 2.903656 -5.031284 -0.980128
v 2.945479 -4.949961 -1.204468
v 2.903062 -4.960630 -0.968930
v 2.951288 -4.877893 -1.204401
v 2.819085 -5.141207 -0.628845
v 2.831684 -5.207487 -0.657166
v 2.909657 -5.185121 -0.957025
v 2.843182 -5.266484 -0.677640
v 2.938321 -5.294894 -0.944354
v 2.976113 -5.218799 -1.132089
v 2.946605 -5.304008 -0.946818
v 2.871176 -5.344330 -0.704315
v 2.929805 -5.274282 -0.943845
v 2.919057 -5.238608 -0.947860
v 2.578920 -4.983156 -0.013676
v 2.585253 -5.017478 -0.042767
v 2.606749 -5.002988 -0.032593
v 2.879862 -5.350333 -0.705730
v 2.921173 -5.326916 -0.702835
v 2.916627 -5.340762 -0.706821
v 2.963426 -4.743622 -1.211701
v 2.879838 -4.796354 -0.921547
v 2.962558 -4.685879 -1.222091
v 2.962200 -4.815866 -0.955243
v 2.972288 -4.885796 -0.961998
v 2.777411 -4.877786 -0.453255
v 2.904528 -4.682468 -0.923831
v 2.743724 -4.855628 -0.421513
v 2.680133 -4.901104 -0.415942
v 2.823630 -4.707752 -0.908752
v 2.838635 -4.729169 -0.911854
v 2.659469 -4.883053 -0.405648
v 2.815572 -4.692393 -0.906211
v 2.648691 -4.857890 -0.394547
v 2.648694 -4.868707 -0.399235
v 2.905189 -5.111063 -0.971971
v 2.981356 -4.831638 -1.306260
v 2.978931 -4.771193 -1.297518
v 2.988770 -4.764025 -1.313038
v 2.975530 -4.901955 -1.301185
v 2.970823 -4.839572 -1.290805
v 2.986481 -4.898365 -1.307840
v 2.991975 -4.828420 -1.311971
v 2.789387 -5.025654 -0.547168
v 2.893142 -4.843194 -0.933411
v 2.900520 -4.898225 -0.949613
v 2.805708 -5.079427 -0.591121
v 2.846847 -5.239483 -0.491310
v 2.900800 -5.142285 -0.659138
v 2.830874 -5.180254 -0.443136
v 2.892184 -5.071172 -0.629191
v 2.813709 -5.122193 -0.387673
v 2.691994 -4.831303 -0.392566
v 2.847341 -4.650790 -0.912171
v 2.767956 -4.983395 -0.500160
v 2.792325 -5.069984 -0.325839
v 2.849759 -4.950702 -0.542651
v 2.763696 -5.028304 -0.258549
v 2.982136 -5.127471 -0.961297
v 2.909253 -5.209471 -0.677681
v 2.987767 -5.188955 -0.958263
v 2.916291 -5.265528 -0.688960
v 2.814809 -4.908777 -0.494857
v 2.859141 -5.290228 -0.529495
v 2.709800 -4.923029 -0.432274
v 2.859520 -4.758524 -0.915240
v 2.853259 -5.306422 -0.691821
v 2.862422 -5.331102 -0.700462
v 3.031383 -5.037563 -1.266345
v 3.018070 -5.095245 -1.165032
v 2.719901 -4.840204 -0.403300
v 2.648696 -4.954531 -0.125548
v 2.885684 -4.660934 -0.917106
v 3.018173 -5.073282 -1.280857
v 3.027735 -5.028256 -1.288744
v 3.025012 -5.071496 -1.272988
v 3.014628 -5.113771 -1.249536
v 3.028477 -5.078789 -1.253500
v 3.020919 -5.108629 -1.245735
v 3.031383 -5.037563 -1.266345
v 2.741424 -4.950052 -0.458920
v 2.869817 -4.649429 -0.913490
v 2.973349 -4.526470 -1.234176
v 2.960232 -5.191474 -1.139034
v 2.586969 -4.979182 -0.017481
v 2.606749 -5.002988 -0.032593
v 2.612623 -4.996254 -0.033969
v 2.573322 -4.964610 -0.016906
v 2.578920 -4.983156 -0.013676
v 2.584243 -4.964116 -0.028044
v 2.595553 -4.973103 -0.028947
v 3.020912 -4.586994 -1.332204
v 3.016998 -4.541185 -1.334945
v 3.028473 -4.584704 -1.325269
v 3.028894 -4.638772 -1.321765
v 3.032616 -4.585274 -1.310510
v 3.036253 -4.638126 -1.314656
v 3.021772 -4.542090 -1.319907
v 3.030404 -4.699377 -1.314102
v 3.037405 -4.700812 -1.306813
v 3.027534 -4.765725 -1.308991
v 3.040759 -4.704526 -1.291215
v 3.034558 -4.769154 -1.301458
v 3.039928 -4.639898 -1.299730
v 3.022371 -4.834731 -1.306206
v 3.030339 -4.839541 -1.298311
v 3.018314 -4.903433 -1.305171
v 3.034413 -4.847650 -1.280408
v 3.027143 -4.908533 -1.296438
v 3.037968 -4.775122 -1.284823
v 2.967860 -5.212173 -1.131750
v 2.775810 -5.304353 -0.487564
v 2.791247 -5.293970 -0.534310
v 2.865268 -5.322835 -0.554987
v 2.843956 -5.340181 -0.527718
v 2.866089 -5.341777 -0.570382
v 2.803688 -5.250194 -0.425321
v 2.813833 -5.302686 -0.472786
v 2.820904 -5.300548 -0.473560
v 2.783927 -5.192564 -0.367341
v 2.796396 -5.251322 -0.424838
v 2.794499 -5.191330 -0.373939
v 2.813684 -5.248333 -0.431866
v 2.765231 -5.140204 -0.305452
v 2.776540 -5.192761 -0.367797
v 2.744137 -5.096359 -0.238754
v 2.757282 -5.139771 -0.307260
v 2.755107 -5.093641 -0.244619
v 2.776387 -5.138928 -0.311465
v 2.711247 -5.068007 -0.167756
v 2.717180 -5.064274 -0.166347
v 2.680716 -5.046311 -0.102096
v 2.692208 -5.029577 -0.110892
v 2.684847 -5.039202 -0.102157
v 2.726419 -5.057982 -0.173574
v 2.788983 -5.335005 -0.520328
v 2.605138 -4.934062 -0.101530
v 2.703480 -4.831950 -0.394891
v 2.857244 -4.647350 -0.912493
v 2.946492 -4.758680 -0.945489
v 3.032616 -4.585274 -1.310510
v 2.926033 -4.714632 -0.934155
v 2.953806 -5.151034 -1.159219
v 2.736295 -5.096726 -0.241242
v 2.985944 -5.035461 -1.300237
v 2.985605 -5.089281 -1.277842
v 3.008932 -4.543717 -1.341977
v 2.970626 -4.527991 -1.351999
v 2.995428 -4.508611 -1.347643
v 2.925702 -4.545239 -1.239709
v 2.948936 -4.521761 -1.239435
v 2.991975 -4.828420 -1.311971
v 2.985353 -4.969600 -1.307082
v 2.986481 -4.898365 -1.307840
v 2.982312 -5.288703 -0.954565
v 2.976113 -5.218799 -1.132089
v 3.005427 -5.196539 -1.144742
v 3.019964 -5.026881 -1.299558
v 3.018761 -4.968874 -1.305309
v 2.728401 -4.996023 -0.197400
v 2.687020 -4.972013 -0.153986
v 2.920663 -5.303258 -0.697113
v 2.802728 -5.338850 -0.509557
v 2.825829 -5.334087 -0.506044
v 2.957048 -4.512710 -1.343595
v 2.981924 -4.489297 -1.340168
v 2.661141 -5.059517 -0.114657
v 2.804343 -5.353110 -0.536692
v 2.815593 -5.346209 -0.578752
v 2.825797 -5.355152 -0.584130
v 2.623158 -5.038609 -0.071572
v 2.643283 -5.024339 -0.059554
v 2.812571 -5.355002 -0.534518
v 2.551153 -5.004241 -0.048210
v 2.580584 -5.019429 -0.050329
v 2.550650 -5.003408 -0.032085
v 2.539469 -4.993121 -0.045195
v 2.553341 -4.998772 -0.022389
v 2.533433 -4.988908 -0.030281
v 2.877229 -5.004516 -0.589732
v 2.973349 -4.526470 -1.234176
v 2.992871 -5.231531 -0.955487
v 2.977627 -5.052154 -0.963638
v 2.981924 -4.489297 -1.340168
v 2.982312 -5.288703 -0.954565
v 2.958639 -4.808953 -1.204318
v 2.984214 -5.135150 -1.241989
v 2.948771 -5.094293 -1.181991
v 2.953992 -4.534035 -1.330433
v 2.955094 -4.522364 -1.340034
v 3.012681 -5.186144 -1.145466
v 2.946605 -5.304008 -0.946818
v 2.909865 -5.348108 -0.708959
v 2.879862 -5.350333 -0.705730
v 2.930125 -4.580999 -1.239682
v 2.961177 -4.544229 -1.336155
v 2.985759 -4.707063 -1.306492
v 3.028477 -5.078789 -1.253500
v 2.963989 -4.981762 -1.282388
v 2.964740 -4.910372 -1.285910
v 3.018181 -5.168549 -1.147884
v 2.970642 -4.568255 -1.333288
v 2.940238 -4.604833 -1.237294
v 3.031741 -4.918172 -1.276886
v 3.018368 -4.883721 -1.188177
v 3.005427 -5.196539 -1.144742
v 2.975887 -4.968076 -0.964334
v 2.563634 -4.965882 -0.011622
v 2.834677 -5.358036 -0.584195
v 2.825797 -5.355152 -0.584130
v 2.556832 -4.944955 -0.104164
v 2.654494 -4.850291 -0.391838
v 2.555724 -4.964600 -0.117598
v 2.776387 -5.138928 -0.311465
v 2.755107 -5.093641 -0.244619
v 2.654360 -5.006052 -0.069136
v 2.619825 -4.987272 -0.043442
v 2.794499 -5.191330 -0.373939
v 2.726419 -5.057982 -0.173574
v 2.654388 -5.053092 -0.132951
v 2.631886 -5.009581 -0.165618
v 2.692208 -5.029577 -0.110892
v 2.539469 -4.993121 -0.045195
v 2.552783 -4.953460 -0.109853
v 2.921173 -5.326916 -0.702835
v 2.605138 -4.934062 -0.101530
v 2.615975 -5.034199 -0.091354
v 2.923952 -4.564981 -1.239939
v 2.815526 -4.681209 -0.904503
v 2.981057 -4.603781 -1.326038
v 2.615975 -5.034199 -0.091354
v 2.618149 -5.037951 -0.078546
v 2.578759 -5.018018 -0.064224
v 2.957048 -4.512710 -1.343595
v 2.984413 -4.557559 -1.347421
v 2.820142 -4.673085 -0.904180
v 2.992537 -4.490839 -1.332636
v 3.004761 -4.508208 -1.339977
v 3.010347 -4.511778 -1.324271
v 2.999376 -4.499676 -1.320493
v 2.647621 -5.016396 -0.060113
v 2.680716 -5.046311 -0.102096
v 2.684847 -5.039202 -0.102157
v 2.643283 -5.024339 -0.059554
v 2.654494 -4.850291 -0.391838
v 2.556832 -4.944955 -0.104164
v 2.813684 -5.248333 -0.431866
v 2.622571 -4.941834 -0.109332
v 2.966599 -4.535185 -1.348591
v 2.953992 -4.534035 -1.330433
v 2.955094 -4.522364 -1.340034
v 2.961177 -4.544229 -1.336155
v 3.034413 -4.847650 -1.280408
v 2.999376 -4.499676 -1.320493
v 3.010347 -4.511778 -1.324271
v 2.703480 -4.831950 -0.394891
v 2.830031 -5.297894 -0.479492
v 2.952938 -4.639704 -1.231026
v 2.987677 -4.650240 -1.316431
v 2.968565 -5.131396 -1.230888
v 2.839628 -5.327978 -0.511060
v 2.831963 -5.331080 -0.506226
v 2.830031 -5.297894 -0.479492
v 2.839628 -5.327978 -0.511060
v 3.027360 -4.972687 -1.294905
v 3.031601 -4.982750 -1.273169
v 3.031741 -4.918172 -1.276886
v 2.869817 -4.649429 -0.913490
v 2.916627 -5.340762 -0.706821
v 2.563634 -4.965882 -0.011622
v 2.534585 -4.982036 -0.019354
v 2.551153 -5.004241 -0.048210
v 2.974527 -4.973243 -1.299142
v 2.985944 -5.035461 -1.300237
v 2.985353 -4.969600 -1.307082
v 2.794155 -5.337536 -0.512804
v 2.798602 -5.346965 -0.536781
v 2.775810 -5.304353 -0.487564
v 2.788983 -5.335005 -0.520328
v 2.533433 -4.988908 -0.030281
v -0.005158 -6.667461 2.870128
v 0.000016 -6.170033 -4.709848
v -1.234506 -6.027327 -4.328439
v -0.001249 -8.886030 1.588297
v -0.904510 -5.499417 2.253785
v 0.041850 -3.627325 -5.331123
v 0.000016 -6.170033 -4.709848
v 0.070447 -5.564533 2.789961
v -3.010347 -4.511778 -1.324271
v -2.534585 -4.982036 -0.019354
v -2.909865 -5.348108 -0.708959
v -2.563634 -4.965882 -0.011622
v -2.998566 -4.761285 -1.317707
v -2.946605 -5.304008 -0.946818
v -2.982312 -5.288703 -0.954565
v 2.978931 -4.771193 -1.297518
v 2.998566 -4.761285 -1.317707
v 3.024479 -5.105835 -1.236670
v 2.563634 -4.965882 -0.011622
v 2.946605 -5.304008 -0.946818
v 2.534585 -4.982036 -0.019354
v 2.909865 -5.348108 -0.708959
v 2.982312 -5.288703 -0.954565
v 2.957048 -4.512710 -1.343595
v 2.534585 -4.982036 -0.019354
vt 0.025705 0.410701
vt 0.022087 0.382924
vt 0.023201 0.410899
vt 0.025462 0.888030
vt 0.024300 0.905771
vt 0.026584 0.905650
vt 0.050039 0.314701
vt 0.041900 0.331944
vt 0.050953 0.333527
vt 0.020325 0.311994
vt 0.013698 0.294802
vt 0.010821 0.313617
vt 0.741275 0.969080
vt 0.778953 0.941342
vt 0.730004 0.949439
vt 0.008360 0.903133
vt 0.003689 0.923712
vt 0.010574 0.922455
vt 0.296850 0.751709
vt 0.326566 0.733614
vt 0.294170 0.750002
vt 0.519808 0.521678
vt 0.502221 0.528376
vt 0.521718 0.528470
vt 0.007337 0.883910
vt 0.001267 0.903273
vt 0.030096 0.490095
vt 0.024793 0.462691
vt 0.027387 0.490415
vt 0.072799 0.391080
vt 0.073833 0.362209
vt 0.059345 0.361574
vt 0.041262 0.567754
vt 0.039574 0.577774
vt 0.042940 0.577426
vt 0.034223 0.548915
vt 0.036148 0.540377
vt 0.032127 0.539887
vt 0.286354 0.849945
vt 0.269178 0.823617
vt 0.240133 0.843787
vt 0.179883 0.810977
vt 0.213990 0.791290
vt 0.176750 0.810223
vt 0.019290 0.383764
vt 0.020353 0.411644
vt 0.150565 0.833137
vt 0.118913 0.856536
vt 0.152587 0.833397
vt 0.196384 0.434011
vt 0.191412 0.459496
vt 0.231892 0.454526
vt 0.322037 0.345028
vt 0.287611 0.373862
vt 0.339257 0.369248
vt 0.031474 0.780736
vt 0.046674 0.801296
vt 0.052101 0.777576
vt 0.453642 0.512138
vt 0.443064 0.524979
vt 0.460795 0.519879
vt 0.464381 0.499356
vt 0.472395 0.508348
vt 0.111917 0.390474
vt 0.098749 0.363420
vt 0.087308 0.362895
vt 0.024767 0.515148
vt 0.029606 0.508679
vt 0.022410 0.507095
vt 0.008651 0.441737
vt 0.012131 0.466094
vt 0.009726 0.441622
vt 0.022344 0.437410
vt 0.027728 0.461929
vt 0.025147 0.436624
vt 0.567816 0.909835
vt 0.608268 0.883416
vt 0.564785 0.887661
vt 0.562051 0.459239
vt 0.593326 0.442129
vt 0.557769 0.441788
vt 0.304221 0.755207
vt 0.262406 0.775864
vt 0.305784 0.755804
vt 0.312560 0.463095
vt 0.293697 0.439550
vt 0.269463 0.443753
vt 0.433319 0.424928
vt 0.454919 0.403743
vt 0.417879 0.405507
vt 0.032666 0.524616
vt 0.033071 0.517009
vt 0.031049 0.516845
vt 0.031890 0.508730
vt 0.362426 0.748854
vt 0.357575 0.772405
vt 0.382426 0.753988
vt 0.034389 0.532344
vt 0.034423 0.524844
vt 0.009255 0.359020
vt 0.019018 0.354876
vt 0.035904 0.532591
vt 0.533884 0.461817
vt 0.526526 0.443880
vt 0.398094 0.485743
vt 0.394097 0.499847
vt 0.411746 0.496784
vt 0.398382 0.511771
vt 0.408242 0.510721
vt 0.362963 0.478143
vt 0.364232 0.489673
vt 0.378730 0.488737
vt 0.412342 0.521891
vt 0.420344 0.520607
vt 0.381987 0.500755
vt 0.435015 0.517064
vt 0.429584 0.528750
vt 0.432668 0.492646
vt 0.445246 0.479342
vt 0.420463 0.481991
vt 0.408192 0.471462
vt 0.384143 0.474986
vt 0.517581 0.474454
vt 0.502024 0.486237
vt 0.523665 0.484969
vt 0.658518 0.391062
vt 0.684894 0.413475
vt 0.690614 0.395878
vt 0.491862 0.506735
vt 0.508188 0.496478
vt 0.485678 0.497455
vt 0.529431 0.495268
vt 0.513412 0.505984
vt 0.534376 0.504887
vt 0.530424 0.229071
vt 0.580419 0.241210
vt 0.581563 0.236043
vt 0.655037 0.522588
vt 0.678313 0.515724
vt 0.653861 0.515483
vt 0.299399 0.308933
vt 0.243634 0.327411
vt 0.307315 0.323442
vt 0.736319 0.249037
vt 0.701414 0.243397
vt 0.700004 0.247225
vt 0.574218 0.297619
vt 0.615852 0.319144
vt 0.619563 0.299156
vt 0.045554 0.360042
vt 0.091849 0.880358
vt 0.114515 0.856477
vt 0.090750 0.880620
vt 0.768420 0.326094
vt 0.814609 0.324480
vt 0.772637 0.311753
vt 0.015670 0.272474
vt 0.021557 0.251706
vt 0.020464 0.251352
vt 0.561500 0.527754
vt 0.581811 0.521360
vt 0.559655 0.520447
vt 0.381441 0.340786
vt 0.391272 0.364707
vt 0.664892 0.370618
vt 0.230193 0.818398
vt 0.197081 0.838317
vt 0.787223 0.257266
vt 0.829919 0.262506
vt 0.788984 0.250939
vt 0.675811 0.775553
vt 0.720437 0.786367
vt 0.718467 0.769053
vt 0.077672 0.855443
vt 0.070580 0.880975
vt 0.090520 0.855114
vt 0.082416 0.300592
vt 0.083971 0.317828
vt 0.085037 0.318142
vt 0.573638 0.492924
vt 0.553890 0.503715
vt 0.577216 0.503702
vt 0.608825 0.520207
vt 0.628818 0.509891
vt 0.607404 0.511872
vt 0.664105 0.246781
vt 0.695666 0.259415
vt 0.079520 0.953129
vt 0.078606 0.971881
vt 0.079756 0.972467
vt 0.625563 0.491175
vt 0.605536 0.502569
vt 0.627352 0.501065
vt 0.845857 0.469025
vt 0.887372 0.465802
vt 0.850050 0.453779
vt 0.431561 0.758599
vt 0.445363 0.779388
vt 0.458004 0.760203
vt 0.748279 0.524511
vt 0.712685 0.524715
vt 0.745978 0.535928
vt 0.088743 0.753255
vt 0.062981 0.731879
vt 0.057219 0.754511
vt 0.865091 0.276203
vt 0.827923 0.269346
vt 0.862906 0.282784
vt 0.549380 0.493685
vt 0.569602 0.481445
vt 0.544199 0.482993
vt 0.299084 0.752972
vt 0.258182 0.774419
vt 0.300982 0.753902
vt 0.538863 0.472188
vt 0.058050 0.919041
vt 0.063987 0.935467
vt 0.063456 0.917661
vt 0.660522 0.257177
vt 0.691118 0.273782
vt 0.647546 0.462422
vt 0.621896 0.470371
vt 0.648182 0.471532
vt 0.417970 0.450525
vt 0.435451 0.469211
vt 0.357153 0.390759
vt 0.941292 0.423084
vt 0.898729 0.430007
vt 0.935489 0.441707
vt 0.716601 0.486027
vt 0.756244 0.485425
vt 0.717860 0.477432
vt 0.715436 0.495177
vt 0.754405 0.494075
vt 0.719191 0.469521
vt 0.529452 0.764542
vt 0.553803 0.784118
vt 0.557683 0.766296
vt 0.057324 0.528713
vt 0.039056 0.540867
vt 0.058730 0.537452
vt 0.024616 0.834018
vt 0.021328 0.862635
vt 0.023609 0.862906
vt 0.219629 0.428010
vt 0.184656 0.408966
vt 0.183266 0.409240
vt 0.654072 0.283154
vt 0.624408 0.265627
vt 0.622335 0.280057
vt 0.035301 0.311940
vt 0.024456 0.328573
vt 0.033444 0.330052
vt 0.527116 0.296651
vt 0.571978 0.317273
vt 0.116536 0.362776
vt 0.094789 0.337946
vt 0.093618 0.337689
vt 0.076746 0.900503
vt 0.084224 0.880911
vt 0.074863 0.900345
vt 0.023416 0.888148
vt 0.021919 0.905691
vt 0.102597 0.568713
vt 0.144147 0.557621
vt 0.100171 0.559621
vt 0.947032 0.405224
vt 0.976085 0.397100
vt 0.952320 0.389208
vt 0.142666 0.551955
vt 0.203840 0.545357
vt 0.140966 0.545810
vt 0.523773 0.975199
vt 0.571832 0.959160
vt 0.522523 0.962542
vt 0.064836 0.264368
vt 0.059231 0.280348
vt 0.064384 0.281804
vt 0.191191 0.523269
vt 0.136471 0.531118
vt 0.196525 0.531641
vt 0.097796 0.550591
vt 0.095521 0.541687
vt 0.240558 0.738736
vt 0.251530 0.771639
vt 0.207084 0.555318
vt 0.145519 0.563047
vt 0.208028 0.559673
vt 0.929805 0.459903
vt 0.892587 0.448551
vt 0.089683 0.516305
vt 0.130671 0.513878
vt 0.087935 0.508368
vt 0.073739 0.933964
vt 0.072449 0.917136
vt 0.072249 0.934011
vt 0.127562 0.505111
vt 0.086157 0.500706
vt 0.052460 0.390810
vt 0.102083 0.715994
vt 0.138054 0.729760
vt 0.146100 0.711551
vt 0.253794 0.508573
vt 0.264537 0.517585
vt 0.207745 0.762960
vt 0.272600 0.475826
vt 0.242630 0.499611
vt 0.303128 0.492467
vt 0.274270 0.526306
vt 0.200861 0.539125
vt 0.282404 0.534398
vt 0.011114 0.466292
vt 0.003319 0.442043
vt 0.006098 0.467220
vt 0.093232 0.390587
vt 0.086953 0.417635
vt 0.113111 0.416222
vt 0.087912 0.336958
vt 0.080458 0.317036
vt 0.078922 0.316948
vt 0.039976 0.414386
vt 0.060717 0.418282
vt 0.022456 0.295059
vt 0.023138 0.311600
vt 0.025186 0.294996
vt 0.079569 0.917066
vt 0.081538 0.899694
vt 0.078578 0.917126
vt 0.114009 0.362737
vt 0.145003 0.388066
vt 0.146690 0.387860
vt 0.524803 0.361102
vt 0.561957 0.383345
vt 0.565270 0.362079
vt 0.019416 0.832959
vt 0.023931 0.805937
vt 0.021152 0.805170
vt 0.009429 0.332339
vt 0.009498 0.313722
vt 0.008079 0.332567
vt 0.012242 0.441038
vt 0.009015 0.415925
vt 0.010858 0.441414
vt 0.310486 0.757556
vt 0.295806 0.785142
vt 0.334039 0.765828
vt 0.249832 0.449800
vt 0.215675 0.429269
vt 0.212755 0.430271
vt 0.522100 0.402284
vt 0.492717 0.422620
vt 0.521683 0.421761
vt 0.419976 0.550545
vt 0.389726 0.560209
vt 0.425481 0.556837
vt 0.833887 0.722720
vt 0.798034 0.749236
vt 0.839220 0.737074
vt 0.591041 0.783347
vt 0.634524 0.799962
vt 0.632283 0.780253
vt 0.075371 0.917247
vt 0.076307 0.934225
vt 0.076538 0.917230
vt 0.364039 0.506553
vt 0.349459 0.493864
vt 0.346102 0.495570
vt 0.330922 0.483627
vt 0.327867 0.485382
vt 0.853248 0.322170
vt 0.891917 0.316140
vt 0.857088 0.302652
vt 0.080223 0.300458
vt 0.078938 0.283663
vt 0.079077 0.300399
vt 0.380621 0.517543
vt 0.367718 0.504958
vt 0.394793 0.527752
vt 0.384587 0.516080
vt 0.383975 0.776404
vt 0.392955 0.801905
vt 0.414553 0.778230
vt 0.039576 0.558246
vt 0.039087 0.549260
vt 0.037874 0.549065
vt 0.037473 0.540611
vt 0.027263 0.523180
vt 0.034031 0.957901
vt 0.036267 0.976463
vt 0.038667 0.975964
vt 0.040735 0.558381
vt 0.042405 0.567818
vt 0.298568 0.466648
vt 0.296437 0.467753
vt 0.731166 0.264226
vt 0.193267 0.813812
vt 0.156247 0.833823
vt 0.177744 0.784615
vt 0.008353 0.857392
vt 0.007189 0.857242
vt 0.098719 0.879962
vt 0.122702 0.856806
vt 0.166703 0.358925
vt 0.190375 0.331815
vt 0.144231 0.335854
vt 0.006820 0.416164
vt 0.698972 0.870865
vt 0.737152 0.841103
vt 0.692207 0.850338
vt 0.024053 0.353747
vt 0.008386 0.313719
vt 0.006965 0.332620
vt 0.294030 0.296445
vt 0.235588 0.312771
vt 0.132768 0.901537
vt 0.142328 0.883391
vt 0.078341 0.952678
vt 0.078575 0.934747
vt 0.077460 0.934470
vt 0.010080 0.828663
vt 0.008742 0.828238
vt 0.805107 0.352808
vt 0.845922 0.350255
vt 0.810453 0.337725
vt 0.642596 0.837349
vt 0.603713 0.861817
vt 0.647656 0.856995
vt 0.488464 0.804377
vt 0.518072 0.824669
vt 0.517549 0.805108
vt 0.034215 0.508336
vt 0.055079 0.511781
vt 0.054065 0.503387
vt 0.035205 0.516791
vt 0.036351 0.524816
vt 0.037639 0.532734
vt 0.372366 0.503086
vt 0.355291 0.491407
vt 0.353841 0.491916
vt 0.336501 0.481136
vt 0.335060 0.481643
vt 0.373827 0.502568
vt 0.356528 0.491031
vt 0.337763 0.480767
vt 0.370411 0.503842
vt 0.351968 0.492691
vt 0.333260 0.482427
vt 0.387445 0.515031
vt 0.389473 0.514291
vt 0.401924 0.525403
vt 0.404003 0.524669
vt 0.398954 0.526402
vt 0.390947 0.513757
vt 0.375042 0.502171
vt 0.405486 0.524110
vt 0.392144 0.513327
vt 0.333570 0.814101
vt 0.324838 0.792682
vt 0.296737 0.807908
vt 0.484093 0.824229
vt 0.461014 0.803769
vt 0.450918 0.823501
vt 0.553208 0.805453
vt 0.229954 0.795958
vt 0.264296 0.776458
vt 0.226814 0.795282
vt 0.726743 0.438303
vt 0.732194 0.421154
vt 0.142899 0.831894
vt 0.111673 0.856384
vt 0.145092 0.832286
vt 0.730529 0.822126
vt 0.686195 0.830883
vt 0.954234 0.467417
vt 0.149267 0.387556
vt 0.148058 0.387697
vt 0.288348 0.541522
vt 0.599574 0.841484
vt 0.561465 0.864859
vt 0.346191 0.479353
vt 0.332853 0.460532
vt 0.069069 0.240347
vt 0.064931 0.246301
vt 0.069174 0.246629
vt 0.556634 0.421146
vt 0.522183 0.948028
vt 0.471442 0.928528
vt 0.468469 0.944442
vt 0.361460 0.532019
vt 0.795388 0.868832
vt 0.829046 0.838046
vt 0.787780 0.849600
vt 0.319099 0.502235
vt 0.334689 0.512469
vt 0.069536 0.799214
vt 0.349082 0.522590
vt 0.870185 0.515702
vt 0.831480 0.511045
vt 0.866759 0.525252
vt 0.859455 0.545808
vt 0.822154 0.540487
vt 0.855772 0.555689
vt 0.478000 0.865619
vt 0.521680 0.889084
vt 0.520571 0.865924
vt 0.014344 0.775699
vt 0.027136 0.753793
vt 0.017612 0.750283
vt 0.896834 0.297248
vt 0.927771 0.308131
vt 0.898691 0.291029
vt 0.473189 0.282080
vt 0.422879 0.301040
vt 0.475964 0.298187
vt 0.414524 0.822001
vt 0.429518 0.803191
vt 0.223301 0.974753
vt 0.171883 0.954848
vt 0.169650 0.974406
vt 0.886141 0.570762
vt 0.852199 0.564558
vt 0.881418 0.579509
vt 0.812056 0.567074
vt 0.841863 0.587618
vt 0.845272 0.580269
vt 0.293757 0.469331
vt 0.901616 0.539810
vt 0.863150 0.535475
vt 0.896566 0.550277
vt 0.222390 0.793972
vt 0.186688 0.812622
vt 0.223656 0.794379
vt 0.091173 0.337205
vt 0.082904 0.317514
vt 0.081760 0.317238
vt 0.921037 0.362352
vt 0.960027 0.359757
vt 0.923481 0.346998
vt 0.081061 0.265388
vt 0.081311 0.283195
vt 0.082214 0.264987
vt 0.047124 0.939792
vt 0.043906 0.957770
vt 0.049316 0.957136
vt 0.069397 0.265214
vt 0.069375 0.283010
vt 0.287797 0.941386
vt 0.224766 0.955318
vt 0.289694 0.959578
vt 0.016310 0.943092
vt 0.026133 0.959524
vt 0.023001 0.940775
vt 0.351328 0.945798
vt 0.725749 0.281935
vt 0.687027 0.290110
vt 0.721197 0.298975
vt 0.290363 0.926512
vt 0.353582 0.932092
vt 0.055050 0.955895
vt 0.042005 0.235278
vt 0.048037 0.242734
vt 0.049082 0.237042
vt 0.025951 0.276244
vt 0.129731 0.918957
vt 0.174094 0.935999
vt 0.176580 0.919472
vt 0.323921 0.434077
vt 0.989395 0.355011
vt 0.985395 0.368838
vt 0.717559 0.315249
vt 0.060140 0.334851
vt 0.738443 0.403772
vt 0.697686 0.375880
vt 0.680814 0.812873
vt 0.677078 0.794719
vt 0.133678 0.522655
vt 0.091479 0.524509
vt 0.093399 0.532972
vt 0.138937 0.538944
vt 0.269014 0.399492
vt 0.311220 0.395292
vt 0.791146 0.506208
vt 0.752492 0.503485
vt 0.788779 0.515783
vt 0.795537 0.488834
vt 0.793375 0.497182
vt 0.675872 0.473219
vt 0.649120 0.481080
vt 0.675937 0.482113
vt 0.600357 0.480766
vt 0.623670 0.480763
vt 0.042728 0.313281
vt 0.051775 0.297350
vt 0.045090 0.296138
vt 0.777131 0.295461
vt 0.185464 0.812325
vt 0.149362 0.832960
vt 0.107146 0.337999
vt 0.117740 0.362805
vt 0.130045 0.362076
vt 0.799854 0.474422
vt 0.758049 0.477553
vt 0.188414 0.888812
vt 0.232979 0.909073
vt 0.241305 0.894796
vt 0.679084 0.326908
vt 0.650612 0.301859
vt 0.646352 0.321785
vt 0.228411 0.265828
vt 0.291703 0.281359
vt 0.293738 0.263267
vt 0.441855 0.549441
vt 0.442335 0.541552
vt 0.436671 0.543631
vt 0.095351 0.263430
vt 0.131718 0.281616
vt 0.131135 0.262857
vt 0.430609 0.537390
vt 0.422791 0.530287
vt 0.175516 0.264985
vt 0.424314 0.507445
vt 0.605346 0.363882
vt 0.628171 0.387245
vt 0.633737 0.366333
vt 0.674771 0.953205
vt 0.622958 0.969307
vt 0.679920 0.969869
vt 0.357595 0.292363
vt 0.415841 0.273685
vt 0.355587 0.278455
vt 0.356665 0.798591
vt 0.647460 0.446683
vt 0.620513 0.423829
vt 0.619209 0.443983
vt 0.885549 0.758299
vt 0.929560 0.762446
vt 0.923391 0.744749
vt 0.824216 0.404856
vt 0.854670 0.436545
vt 0.861231 0.417701
vt 0.292650 0.547919
vt 0.205801 0.550651
vt 0.081320 0.300525
vt 0.080146 0.283446
vt 0.077642 0.283815
vt 0.076438 0.300334
vt 0.077832 0.300355
vt 0.619144 0.940343
vt 0.571111 0.945682
vt 0.657304 0.267957
vt 0.038426 0.663622
vt 0.030578 0.671743
vt 0.036364 0.673062
vt 0.021517 0.983158
vt 0.015190 0.988953
vt 0.022434 0.989055
vt 0.638106 0.818755
vt 0.052476 0.243508
vt 0.057252 0.238741
vt 0.053246 0.237842
vt 0.021296 0.506952
vt 0.018508 0.490479
vt 0.017281 0.490517
vt 0.074027 0.917220
vt 0.066651 0.574768
vt 0.741183 0.559666
vt 0.777048 0.557214
vt 0.743600 0.547707
vt 0.576417 0.264336
vt 0.575598 0.278690
vt 0.418690 0.924887
vt 0.714390 0.504752
vt 0.786200 0.525777
vt 0.783338 0.536063
vt 0.261290 0.421262
vt 0.229645 0.403562
vt 0.441438 0.842913
vt 0.434695 0.864491
vt 0.525985 0.338003
vt 0.335689 0.738851
vt 0.337312 0.739510
vt 0.263450 0.349295
vt 0.240685 0.378386
vt 0.958965 0.848377
vt 0.987409 0.853276
vt 0.982910 0.839615
vt 0.818455 0.308944
vt 0.793155 0.964374
vt 0.819972 0.930216
vt 0.069390 0.300212
vt 0.063747 0.316713
vt 0.070489 0.317327
vt 0.368657 0.905952
vt 0.424615 0.909378
vt 0.077587 0.917185
vt 0.037880 0.567985
vt 0.036119 0.558323
vt 0.074289 0.951830
vt 0.025730 0.311384
vt 0.027855 0.294874
vt 0.848708 0.572667
vt 0.877023 0.587350
vt 0.818850 0.549718
vt 0.372219 0.319290
vt 0.364526 0.304689
vt 0.610837 0.341139
vt 0.115332 0.362747
vt 0.092446 0.337432
vt 0.116867 0.856454
vt 0.052424 0.883207
vt 0.049100 0.856347
vt 0.043207 0.884420
vt 0.568796 0.339246
vt 0.526950 0.315871
vt 0.007306 0.313638
vt 0.000460 0.331849
vt 0.005892 0.332554
vt 0.787632 0.393373
vt 0.817059 0.423438
vt 0.018764 0.861824
vt 0.009818 0.884299
vt 0.018719 0.887341
vt 0.000175 0.857804
vt 0.970838 0.413328
vt 0.965184 0.431052
vt 0.179731 0.904869
vt 0.184049 0.811982
vt 0.148159 0.832783
vt 0.062385 0.555795
vt 0.043878 0.567959
vt 0.064479 0.565242
vt 0.450038 0.448272
vt 0.010377 0.415547
vt 0.763227 0.342067
vt 0.796707 0.372421
vt 0.711957 0.534956
vt 0.750463 0.513636
vt 0.030305 0.461334
vt 0.043505 0.438541
vt 0.027532 0.436249
vt 0.024548 0.382698
vt 0.033996 0.356588
vt 0.603074 0.491978
vt 0.597728 0.469602
vt 0.565582 0.469978
vt 0.511683 0.464188
vt 0.495453 0.475731
vt 0.504308 0.534556
vt 0.523259 0.534960
vt 0.496408 0.514775
vt 0.517162 0.514284
vt 0.433770 0.338498
vt 0.233404 0.425210
vt 0.163658 0.757913
vt 0.143347 0.780606
vt 0.086387 0.881026
vt 0.078263 0.900469
vt 0.088125 0.880991
vt 0.927348 0.877782
vt 0.967763 0.878203
vt 0.963268 0.862937
vt 0.436675 0.535587
vt 0.033232 0.558712
vt 0.027210 0.550208
vt 0.029357 0.559522
vt 0.906123 0.530039
vt 0.825366 0.530704
vt 0.079697 0.775813
vt 0.096334 0.801344
vt 0.111137 0.777642
vt 0.080568 0.900016
vt 0.185217 0.514373
vt 0.015302 0.490772
vt 0.165166 0.437344
vt 0.161397 0.413115
vt 0.138396 0.415079
vt 0.197198 0.382782
vt 0.198023 0.407061
vt 0.807306 0.783268
vt 0.773068 0.812303
vt 0.813286 0.801254
vt 0.166680 0.487824
vt 0.121317 0.488510
vt 0.222210 0.427293
vt 0.187058 0.408503
vt 0.185857 0.408735
vt 0.028365 0.958621
vt 0.036133 0.709128
vt 0.030693 0.726805
vt 0.033217 0.727573
vt 0.026812 0.531529
vt 0.024920 0.541212
vt 0.029197 0.540168
vt 0.017325 0.516276
vt 0.019355 0.507054
vt 0.014888 0.508242
vt 0.084406 0.899135
vt 0.092949 0.880097
vt 0.082507 0.899372
vt 0.403129 0.386537
vt 0.438700 0.362110
vt 0.773619 0.429319
vt 0.779903 0.412464
vt 0.399982 0.840328
vt 0.024037 0.779486
vt 0.011547 0.801170
vt 0.378426 0.547385
vt 0.405498 0.536395
vt 0.371005 0.540178
vt 0.745866 0.989914
vt 0.060351 0.262962
vt 0.045580 0.577438
vt 0.056136 0.520190
vt 0.653555 0.409060
vt 0.624028 0.405665
vt 0.811505 0.440113
vt 0.077111 0.952278
vt 0.021213 0.887947
vt 0.019387 0.905342
vt 0.010302 0.294100
vt 0.011362 0.294392
vt 0.620460 0.460540
vt 0.652676 0.507935
vt 0.676752 0.499842
vt 0.651475 0.499722
vt 0.445497 0.384083
vt 0.609949 0.527898
vt 0.584542 0.536185
vt 0.610925 0.535266
vt 0.579863 0.513063
vt 0.057963 0.298366
vt 0.063758 0.299363
vt 0.480488 0.843949
vt 0.478444 0.487401
vt 0.470746 0.477037
vt 0.018345 0.964658
vt 0.007355 0.945913
vt 0.011222 0.965455
vt 0.758052 0.760167
vt 0.802879 0.766480
vt 0.449124 0.531615
vt 0.466078 0.526481
vt 0.672291 0.348407
vt 0.640320 0.343721
vt 0.488251 0.402858
vt 0.465215 0.423485
vt 0.132629 0.300143
vt 0.097361 0.318611
vt 0.135156 0.317671
vt 0.082777 0.246015
vt 0.083368 0.264586
vt 0.084000 0.245538
vt 0.019877 0.524368
vt 0.021761 0.515104
vt 0.526929 0.278574
vt 0.000515 0.388104
vt 0.005691 0.359373
vt 0.000249 0.358550
vt 0.013288 0.722768
vt 0.015136 0.749558
vt 0.019886 0.724152
vt 0.891299 0.560806
vt 0.037992 0.294941
vt 0.047565 0.278022
vt 0.041141 0.277036
vt 0.295858 0.553832
vt 0.384430 0.553956
vt 0.223415 0.426968
vt 0.258956 0.446164
vt 0.301729 0.465380
vt 0.303036 0.464983
vt 0.257663 0.446579
vt 0.300286 0.465896
vt 0.473144 0.780114
vt 0.483775 0.761273
vt 0.184389 0.732747
vt 0.523516 0.382736
vt 0.413603 0.543862
vt 0.722005 0.455946
vt 0.680451 0.431044
vt 0.677244 0.449995
vt 0.632173 0.764553
vt 0.060443 0.546505
vt 0.936654 0.697428
vt 0.905033 0.693272
vt 0.911477 0.708583
vt 0.888666 0.335058
vt 0.924094 0.330093
vt 0.626529 0.256685
vt 0.229030 0.921311
vt 0.085244 0.917157
vt 0.088161 0.899067
vt 0.179161 0.410083
vt 0.176067 0.410736
vt 0.649625 0.426949
vt 0.140032 0.388699
vt 0.128134 0.389870
vt 0.499724 0.521885
vt 0.075914 0.464437
vt 0.099437 0.441761
vt 0.068821 0.441806
vt 0.079843 0.265741
vt 0.016265 0.490612
vt 0.029761 0.531368
vt 0.035559 0.239088
vt 0.039750 0.234339
vt 0.037236 0.233043
vt 0.575886 0.985948
vt 0.626502 0.981767
vt 0.905824 0.812344
vt 0.948468 0.817240
vt 0.942192 0.799156
vt 0.992194 0.338392
vt 0.961427 0.344848
vt 0.479210 0.234880
vt 0.528758 0.251443
vt 0.530031 0.235097
vt 0.455110 0.489540
vt 0.443997 0.502878
vt 0.227282 0.239986
vt 0.296694 0.245310
vt 0.297708 0.239401
vt 0.029015 0.805926
vt 0.041366 0.828839
vt 0.977856 0.824788
vt 0.972342 0.808416
vt 0.227559 0.246432
vt 0.173863 0.245715
vt 0.583293 0.528950
vt 0.563050 0.534758
vt 0.360540 0.262431
vt 0.050939 0.974163
vt 0.099466 0.827911
vt 0.117518 0.828672
vt 0.631100 0.525416
vt 0.110521 0.362855
vt 0.142837 0.388339
vt 0.833006 0.384576
vt 0.630040 0.517920
vt 0.064922 0.240195
vt 0.061044 0.245524
vt 0.991920 0.867116
vt 0.974605 0.894813
vt 0.997761 0.883094
vt 0.061225 0.239691
vt 0.056799 0.244402
vt 0.361971 0.978320
vt 0.415993 0.966551
vt 0.356073 0.961838
vt 0.075228 0.247322
vt 0.077155 0.241047
vt 0.075179 0.240992
vt 0.031315 0.549267
vt 0.035016 0.568387
vt 0.031411 0.569048
vt 0.038056 0.240398
vt 0.040385 0.241288
vt 0.081554 0.246492
vt 0.080317 0.240551
vt 0.080260 0.246915
vt 0.081647 0.240109
vt 0.078844 0.240882
vt 0.078822 0.247230
vt 0.077168 0.247384
vt 0.076003 0.970948
vt 0.077381 0.971355
vt 0.378183 0.884854
vt 0.337120 0.856115
vt 0.319550 0.879453
vt 0.767081 0.919982
vt 0.802386 0.887800
vt 0.758910 0.899906
vt 0.828477 0.520759
vt 0.872845 0.594587
vt 0.868776 0.601522
vt 0.522174 0.782684
vt 0.366762 0.246007
vt 0.368856 0.240525
vt 0.426916 0.241208
vt 0.428939 0.235018
vt 0.082290 0.486119
vt 0.051883 0.486428
vt 0.310579 0.829570
vt 0.373933 0.818983
vt 0.044750 0.259815
vt 0.490051 0.534782
vt 0.683430 0.307770
vt 0.472927 0.267558
vt 0.004760 0.773864
vt 0.008217 0.748217
vt 0.463175 0.466830
vt 0.111082 0.464975
vt 0.131376 0.439920
vt 0.891856 0.894509
vt 0.932342 0.895214
vt 0.653216 0.877647
vt 0.007899 0.359353
vt 0.009481 0.388087
vt 0.918606 0.847252
vt 0.953991 0.833481
vt 0.478489 0.516068
vt 0.706146 0.891031
vt 0.663687 0.916902
vt 0.712273 0.910265
vt 0.420859 0.258813
vt 0.173329 0.239292
vt 0.130798 0.244059
vt 0.453857 0.537399
vt 0.043009 0.903643
vt 0.038099 0.922099
vt 0.044926 0.921409
vt 0.165695 0.861113
vt 0.304342 0.464585
vt 0.260248 0.445750
vt 0.957006 0.374310
vt 0.480252 0.228129
vt 0.630121 0.245772
vt 0.943666 0.504119
vt 0.912699 0.514191
vt 0.937770 0.523791
vt 0.557217 0.512535
vt 0.540624 0.520975
vt 0.011686 0.922328
vt 0.012915 0.922250
vt 0.527388 0.263649
vt 0.475963 0.253433
vt 0.008492 0.884018
vt 0.966375 0.790528
vt 0.935833 0.780565
vt 0.009694 0.857769
vt 0.537997 0.513361
vt 0.542589 0.528016
vt 0.014611 0.272067
vt 0.005027 0.292430
vt 0.329504 0.735575
vt 0.331916 0.737014
vt 0.007009 0.388605
vt 0.007894 0.416103
vt 0.676238 0.491100
vt 0.650254 0.490624
vt 0.665346 0.243275
vt 0.212430 0.354140
vt 0.677460 0.508001
vt 0.011764 0.774942
vt 0.016271 0.749860
vt 0.676064 0.464757
vt 0.719457 0.929786
vt 0.595526 0.459154
vt 0.631503 0.241775
vt 0.076955 0.266110
vt 0.076216 0.283869
vt 0.847704 0.771617
vt 0.891404 0.775444
vt 0.632079 0.532647
vt 0.656207 0.529471
vt 0.737986 0.244307
vt 0.080699 0.953580
vt 0.713484 0.514623
vt 0.911785 0.392144
vt 0.916701 0.376610
vt 0.679262 0.523154
vt 0.592142 0.766502
vt 0.261043 0.775407
vt 0.224923 0.794786
vt 0.023426 0.922399
vt 0.026007 0.922435
vt 0.254546 0.447721
vt 0.256237 0.447072
vt 0.050281 0.902746
vt 0.038435 0.709796
vt 0.035573 0.728394
vt 0.022193 0.724654
vt 0.020959 0.724379
vt 0.027053 0.233933
vt 0.022768 0.252281
vt 0.079588 0.827128
vt 0.109763 0.856221
vt 0.849651 0.337494
vt 0.022061 0.328797
vt 0.021731 0.354029
vt 0.834365 0.501953
vt 0.019388 0.964273
vt 0.014155 0.943898
vt 0.869386 0.397633
vt 0.841201 0.365202
vt 0.026719 0.780299
vt 0.808612 0.575476
vt 0.773761 0.567935
vt 0.028529 0.276772
vt 0.385858 0.452459
vt 0.395692 0.427145
vt 0.357645 0.429639
vt 0.217909 0.428538
vt 0.252455 0.448604
vt 0.880840 0.741059
vt 0.917628 0.726782
vt 0.876997 0.845546
vt 0.882671 0.861685
vt 0.780264 0.546566
vt 0.815476 0.558534
vt 0.992986 0.332507
vt 0.963437 0.328933
vt 0.405481 0.756987
vt 0.888807 0.604078
vt 0.559000 0.402322
vt 0.594015 0.421965
vt 0.597119 0.403601
vt 0.032668 0.489496
vt 0.262531 0.801640
vt 0.911895 0.570794
vt 0.417096 0.287394
vt 0.081483 0.917059
vt 0.918742 0.560227
vt 0.926641 0.313563
vt 0.964216 0.323509
vt 0.079507 0.900291
vt 0.089544 0.880843
vt 0.473927 0.991328
vt 0.524948 0.991659
vt 0.899268 0.589371
vt 0.893857 0.597047
vt 0.882751 0.481967
vt 0.924343 0.477419
vt 0.162316 0.386210
vt 0.053607 0.279037
vt 0.051977 0.920380
vt 0.905220 0.580727
vt 0.024290 0.523219
vt 0.022443 0.532639
vt 0.081682 0.935322
vt 0.822470 0.289684
vt 0.033417 0.578680
vt 0.036733 0.578177
vt 0.042204 0.558614
vt 0.040587 0.549539
vt 0.226203 0.936444
vt 0.044087 0.577411
vt 0.178961 0.505317
vt 0.298519 0.559503
vt 0.027091 0.833728
vt 0.036915 0.859039
vt 0.409705 0.535095
vt 0.417746 0.542566
vt 0.423979 0.549223
vt 0.422780 0.540780
vt 0.416279 0.532764
vt 0.414793 0.533358
vt 0.424263 0.540143
vt 0.417462 0.532248
vt 0.406671 0.523639
vt 0.420706 0.541563
vt 0.412703 0.534108
vt 0.426859 0.548184
vt 0.428898 0.547357
vt 0.432087 0.554387
vt 0.434081 0.553512
vt 0.429308 0.555472
vt 0.430375 0.546672
vt 0.425451 0.539579
vt 0.435550 0.552777
vt 0.431571 0.546059
vt 0.096089 0.237924
vt 0.130712 0.237792
vt 0.447278 0.547083
vt 0.470114 0.532323
vt 0.457927 0.542756
vt 0.473528 0.537784
vt 0.483143 0.522836
vt 0.486837 0.528968
vt 0.869778 0.709243
vt 0.489008 0.465431
vt 0.032031 0.755370
vt 0.038303 0.729229
vt 0.544222 0.534771
vt 0.079690 0.935023
vt 0.612592 0.904665
vt 0.569854 0.929261
vt 0.616112 0.923663
vt 0.259680 0.774950
vt 0.302657 0.754610
vt 0.680259 0.530439
vt 0.711264 0.545270
vt 0.713130 0.333138
vt 0.755120 0.362349
vt 0.905430 0.410685
vt 0.030587 0.257412
vt 0.925211 0.549684
vt 0.029612 0.699276
vt 0.033873 0.708633
vt 0.035884 0.699799
vt 0.044363 0.633794
vt 0.046535 0.643929
vt 0.047724 0.633903
vt 0.040367 0.663767
vt 0.042172 0.673072
vt 0.043838 0.663607
vt 0.025774 0.233422
vt 0.024648 0.233149
vt 0.572919 0.971432
vt 0.222782 0.981226
vt 0.168899 0.980969
vt 0.360757 0.920146
vt 0.412705 0.938239
vt 0.441069 0.748106
vt 0.428828 0.735100
vt 0.417204 0.746119
vt 0.478669 0.315964
vt 0.010814 0.903434
vt 0.363941 0.983823
vt 0.421818 0.984190
vt 0.468014 0.958796
vt 0.470887 0.972784
vt 0.022136 0.833784
vt 0.355182 0.835580
vt 0.388172 0.861503
vt 0.868572 0.825608
vt 0.898288 0.793280
vt 0.859630 0.806200
vt 0.014571 0.465524
vt 0.041952 0.653971
vt 0.045266 0.653862
vt 0.767468 0.446349
vt 0.415984 0.706534
vt 0.420234 0.720353
vt 0.430336 0.710315
vt 0.496892 0.740354
vt 0.512968 0.752185
vt 0.519085 0.741622
vt 0.529862 0.721608
vt 0.512336 0.712235
vt 0.508531 0.720560
vt 0.055342 0.261500
vt 0.033826 0.977210
vt 0.031420 0.978284
vt 0.038040 0.691024
vt 0.037914 0.700111
vt 0.039811 0.691148
vt 0.040188 0.682163
vt 0.041707 0.682119
vt 0.035679 0.682185
vt 0.377163 0.738390
vt 0.395552 0.742973
vt 0.404677 0.716436
vt 0.408397 0.731500
vt 0.844441 0.754462
vt 0.391492 0.727320
vt 0.448793 0.714989
vt 0.459633 0.727641
vt 0.467420 0.718527
vt 0.464675 0.694559
vt 0.452292 0.684365
vt 0.448341 0.689669
vt 0.490226 0.750902
vt 0.507064 0.762503
vt 0.085721 0.336996
vt 0.077688 0.337101
vt 0.503188 0.730086
vt 0.486765 0.719917
vt 0.480514 0.729221
vt 0.473216 0.739331
vt 0.465502 0.749805
vt 0.545038 0.732655
vt 0.565258 0.744262
vt 0.569387 0.732959
vt 0.552899 0.713781
vt 0.573050 0.722330
vt 0.575724 0.713027
vt 0.635889 0.725610
vt 0.674078 0.734516
vt 0.673923 0.725775
vt 0.949094 0.735885
vt 0.954566 0.753943
vt 0.075777 0.951979
vt 0.074398 0.970721
vt 0.050101 0.260590
vt 0.640070 0.694842
vt 0.675576 0.702445
vt 0.676479 0.695151
vt 0.107362 0.855942
vt 0.600654 0.384973
vt 0.744418 0.860791
vt 0.780214 0.830837
vt 0.376042 0.408535
vt 0.057012 0.315794
vt 0.221005 0.427617
vt 0.805972 0.456434
vt 0.033071 0.258576
vt 0.603531 0.714085
vt 0.601691 0.723394
vt 0.020886 0.922343
vt 0.220956 0.793513
vt 0.256414 0.773740
vt 0.219190 0.792948
vt 0.035592 0.259230
vt 0.181498 0.409599
vt 0.856355 0.914329
vt 0.898284 0.914814
vt 0.789296 0.718187
vt 0.749948 0.721429
vt 0.752029 0.730854
vt 0.786637 0.708557
vt 0.747688 0.711221
vt 0.002046 0.799988
vt 0.009033 0.800482
vt 0.714538 0.739460
vt 0.753898 0.739454
vt 0.712984 0.730269
vt 0.082476 0.282945
vt 0.709251 0.700520
vt 0.745281 0.700268
vt 0.742763 0.688759
vt 0.717195 0.755876
vt 0.108992 0.689876
vt 0.073912 0.678749
vt 0.072145 0.688758
vt 0.075804 0.668307
vt 0.050324 0.653042
vt 0.048971 0.662857
vt 0.042844 0.701255
vt 0.070435 0.698317
vt 0.044443 0.691785
vt 0.047545 0.672596
vt 0.046023 0.682236
vt 0.766649 0.793929
vt 0.761672 0.776870
vt 0.051629 0.643177
vt 0.077789 0.657540
vt 0.079837 0.646556
vt 0.229535 0.284815
vt 0.179285 0.300853
vt 0.232005 0.300225
vt 0.980880 0.382362
vt 0.181980 0.315688
vt 0.593003 0.803623
vt 0.852400 0.788640
vt 0.820697 0.819286
vt 0.127692 0.956129
vt 0.839707 0.486677
vt 0.028585 0.922445
vt 0.035761 0.904479
vt 0.113381 0.671074
vt 0.160766 0.675148
vt 0.163124 0.667998
vt 0.034601 0.886044
vt 0.558341 0.843636
vt 0.519380 0.844281
vt 0.117743 0.651755
vt 0.164947 0.661701
vt 0.166411 0.655974
vt 0.296105 0.914449
vt 0.154097 0.692507
vt 0.106758 0.698939
vt 0.111191 0.680561
vt 0.157693 0.683438
vt 0.211085 0.867144
vt 0.215137 0.696174
vt 0.277512 0.712273
vt 0.289973 0.703399
vt 0.055445 0.973133
vt 0.059500 0.977995
vt 0.059627 0.972023
vt 0.222285 0.687536
vt 0.150169 0.701998
vt 0.199311 0.714586
vt 0.207301 0.705291
vt 0.016730 0.272887
vt 0.012442 0.294624
vt 0.228217 0.679675
vt 0.232400 0.672890
vt 0.311268 0.686979
vt 0.318710 0.679932
vt 0.189862 0.813290
vt 0.264771 0.721254
vt 0.059769 0.954271
vt 0.063440 0.971545
vt 0.064042 0.953158
vt 0.751908 0.880487
vt 0.876875 0.378174
vt 0.140046 0.831360
vt 0.328852 0.667559
vt 0.408833 0.683388
vt 0.415172 0.677061
vt 0.148866 0.463207
vt 0.361008 0.715308
vt 0.347114 0.726524
vt 0.364518 0.717198
vt 0.301458 0.694885
vt 0.343907 0.724565
vt 0.376868 0.706234
vt 0.380653 0.708015
vt 0.390490 0.697733
vt 0.045041 0.663386
vt 0.046421 0.653639
vt 0.043489 0.672905
vt 0.047685 0.643741
vt 0.497451 0.781064
vt 0.885040 0.350291
vt 0.881198 0.363170
vt 0.112445 0.362767
vt 0.089695 0.337037
vt 0.113217 0.856459
vt 0.146790 0.832570
vt 0.077073 0.317009
vt 0.746222 0.383976
vt 0.705743 0.354063
vt 0.150475 0.387415
vt 0.959560 0.449348
vt 0.029027 0.780710
vt 0.029775 0.754699
vt 0.043496 0.682067
vt 0.041789 0.691348
vt 0.045121 0.672655
vt 0.040077 0.700568
vt 0.041267 0.710655
vt 0.369315 0.719533
vt 0.353469 0.729742
vt 0.371006 0.720241
vt 0.355043 0.730372
vt 0.372495 0.720818
vt 0.351731 0.728980
vt 0.385589 0.710192
vt 0.401025 0.702028
vt 0.399459 0.701427
vt 0.387218 0.710839
vt 0.388608 0.711360
vt 0.383481 0.709293
vt 0.367219 0.718562
vt 0.394459 0.699398
vt 0.349667 0.727951
vt 0.333934 0.738063
vt 0.555497 0.824487
vt 0.036614 0.386566
vt 0.009514 0.903232
vt 0.843526 0.875152
vt 0.837195 0.857512
vt 0.238828 0.656306
vt 0.332739 0.661802
vt 0.913088 0.831274
vt 0.823631 0.693471
vt 0.862106 0.688940
vt 0.857881 0.678058
vt 0.094817 0.300566
vt 0.819953 0.683356
vt 0.853689 0.667660
vt 0.668924 0.935218
vt 0.830692 0.713662
vt 0.866144 0.699578
vt 0.040825 0.940521
vt 0.216923 0.792224
vt 0.809056 0.656348
vt 0.845988 0.650200
vt 0.842356 0.642532
vt 0.658840 0.898034
vt 0.025790 0.862717
vt 0.887077 0.877059
vt 0.923179 0.862084
vt 0.069101 0.336147
vt 0.827242 0.703742
vt 0.838785 0.635167
vt 0.869872 0.627586
vt 0.865632 0.620677
vt 0.900350 0.683429
vt 0.075079 0.934046
vt 0.074616 0.283792
vt 0.053916 0.938432
vt 0.019352 0.251122
vt 0.621254 0.955423
vt 0.031151 0.276976
vt 0.296038 0.416569
vt 0.809993 0.907610
vt 0.235271 0.666914
vt 0.104463 0.707672
vt 0.115565 0.661458
vt 0.040397 0.982050
vt 0.046476 0.974942
vt 0.794012 0.735425
vt 0.791748 0.727198
vt 0.177325 0.283933
vt 0.708341 0.690206
vt 0.740172 0.676877
vt 0.094791 0.282127
vt 0.220912 0.482795
vt 0.007592 0.828037
vt 0.304383 0.900396
vt 0.292146 0.977630
vt 0.292942 0.983563
vt 0.411199 0.951769
vt 0.522507 0.930627
vt 0.522506 0.911393
vt 0.000591 0.828169
vt 0.030964 0.940299
vt 0.019288 0.329410
vt 0.017930 0.273361
vt 0.015208 0.943517
vt 0.072388 0.977118
vt 0.072489 0.970732
vt 0.010667 0.491987
vt 0.577590 0.254845
vt 0.097000 0.731320
vt 0.125254 0.754660
vt 0.707495 0.679817
vt 0.737544 0.664810
vt 0.634734 0.735168
vt 0.599232 0.733946
vt 0.525313 0.997662
vt 0.577105 0.991092
vt 0.431411 0.691611
vt 0.437978 0.702171
vt 0.443774 0.695446
vt 0.072594 0.951883
vt 0.066925 0.716017
vt 0.040017 0.653821
vt 0.032925 0.662454
vt 0.063286 0.855632
vt 0.061736 0.882134
vt 0.482407 0.361216
vt 0.068718 0.707409
vt 0.780620 0.688103
vt 0.010189 0.800732
vt 0.674192 0.717613
vt 0.638039 0.709231
vt 0.636986 0.717047
vt 0.261568 0.873626
vt 0.539817 0.743335
vt 0.561183 0.755591
vt 0.594057 0.756157
vt 0.534444 0.754140
vt 0.009351 0.270078
vt 0.013763 0.250408
vt 0.429820 0.887838
vt 0.474290 0.910894
vt 0.476304 0.888867
vt 0.499189 0.692041
vt 0.516872 0.697985
vt 0.518371 0.691460
vt 0.439606 0.724525
vt 0.450638 0.737644
vt 0.147196 0.805452
vt 0.063168 0.977765
vt 0.949073 0.485358
vt 0.182253 0.811548
vt 0.333991 0.412236
vt 0.484877 0.383082
vt 0.026435 0.806173
vt 0.907172 0.937155
vt 0.865074 0.938778
vt 0.875366 0.963070
vt 0.420702 0.670975
vt 0.324373 0.673531
vt 0.086379 0.954504
vt 0.082868 0.973623
vt 0.086455 0.974163
vt 0.497131 0.698231
vt 0.514989 0.704810
vt 0.121996 0.803200
vt 0.477929 0.703918
vt 0.481571 0.697766
vt 0.876175 0.500078
vt 0.436839 0.685703
vt 0.058764 0.826156
vt 0.013217 0.465857
vt 0.478020 0.446833
vt 0.675456 0.760824
vt 0.237268 0.661475
vt 0.849413 0.893133
vt 0.051409 0.979821
vt 0.047261 0.980682
vt 0.919097 0.495174
vt 0.755523 0.747188
vt 0.632750 0.755166
vt 0.675007 0.752379
vt 0.633645 0.745196
vt 0.639062 0.701912
vt 0.606885 0.690517
vt 0.605973 0.697958
vt 0.094941 0.879933
vt 0.580292 0.689757
vt 0.577658 0.704718
vt 0.604907 0.705711
vt 0.533479 0.713079
vt 0.468023 0.689112
vt 0.020418 0.963712
vt 0.035941 0.983448
vt 0.028108 0.940255
vt 0.017797 0.232772
vt 0.023517 0.233015
vt 0.423763 0.990405
vt 0.474895 0.998092
vt 0.074845 0.300345
vt 0.031077 0.958117
vt 0.549576 0.722628
vt 0.674494 0.743497
vt 0.683378 0.988565
vt 0.746539 0.997010
vt 0.773869 0.666785
vt 0.055500 0.978864
vt 0.803574 0.989318
vt 0.832305 0.955678
vt 0.682724 0.984102
vt 0.108118 0.363021
vt 0.041295 0.643779
vt 0.034867 0.652860
vt 0.038260 0.982640
vt 0.077384 0.977821
vt 0.078599 0.978388
vt 0.078496 0.265997
vt 0.076001 0.977379
vt 0.844529 0.981180
vt 0.074364 0.977124
vt 0.075155 0.266030
vt 0.816302 0.673909
vt 0.849745 0.658475
vt 0.943388 0.920516
vt 0.940353 0.914081
vt 0.812672 0.664962
vt 0.494655 0.704733
vt 0.724732 0.804065
vt 0.473366 0.710729
vt 0.491339 0.711858
vt 0.339026 0.480399
vt 0.480606 0.337895
vt 0.126783 0.975519
vt 0.455644 0.707089
vt 0.424678 0.698406
vt 0.596070 0.822565
vt 0.524890 0.731276
vt 0.026717 0.707666
vt 0.012949 0.775245
vt 0.022627 0.982927
vt 0.059183 0.936869
vt 0.536079 0.705404
vt 0.782030 0.276395
vt 0.538001 0.698299
vt 0.555311 0.705818
vt 0.557115 0.698445
vt 0.596554 0.745087
vt 0.057402 0.901487
vt 0.034491 0.755781
vt 0.930752 0.539823
vt 0.627923 0.985764
vt 0.806523 0.997841
vt 0.848543 0.989629
vt 0.715999 0.748047
vt 0.501967 0.445752
vt 0.008129 0.388466
vt 0.711509 0.720626
vt 0.710286 0.710685
vt 0.063920 0.900166
vt 0.014277 0.983205
vt 0.023826 0.982495
vt 0.878960 0.971083
vt 0.910412 0.944802
vt 0.340841 0.740930
vt 0.343311 0.741899
vt 0.777306 0.677516
vt 0.805446 0.647901
vt 0.783751 0.698474
vt 0.960319 0.772112
vt 0.916552 0.661225
vt 0.889372 0.661883
vt 0.894999 0.672722
vt 0.909523 0.650721
vt 0.883862 0.651645
vt 0.006774 0.359442
vt 0.896553 0.632269
vt 0.874239 0.634829
vt 0.878860 0.642738
vt 0.977179 0.900505
vt 0.902678 0.640851
vt 0.929016 0.681505
vt 0.082708 0.954036
vt 0.085427 0.935663
vt 0.875294 0.723918
vt 0.128442 0.937255
vt 0.943333 0.717042
vt 0.923228 0.671705
vt 0.021260 0.697621
vt 0.024531 0.707348
vt 0.027490 0.699027
vt 0.033675 0.682019
vt 0.027691 0.680625
vt 0.030628 0.690629
vt 0.024505 0.689213
vt 0.357813 0.456243
vt 0.049207 0.643422
vt 0.047937 0.653283
vt 0.050438 0.633512
vt 0.048892 0.633766
vt 0.046589 0.663044
vt 0.081916 0.635465
vt 0.052909 0.633287
vt 0.119919 0.642010
vt 0.167697 0.650532
vt 0.404871 0.691765
vt 0.412740 0.684871
vt 0.400875 0.690199
vt 0.418911 0.678470
vt 0.417578 0.686770
vt 0.411345 0.694298
vt 0.419050 0.687380
vt 0.412584 0.694781
vt 0.420253 0.687892
vt 0.409831 0.693706
vt 0.402324 0.702510
vt 0.423576 0.680356
vt 0.425012 0.681002
vt 0.428698 0.674203
vt 0.426193 0.681563
vt 0.430103 0.674895
vt 0.421627 0.679540
vt 0.415564 0.685966
vt 0.426821 0.673368
vt 0.424235 0.672315
vt 0.397360 0.700590
vt 0.407765 0.692898
vt 0.441613 0.680238
vt 0.460744 0.700415
vt 0.080906 0.973052
vt 0.484753 0.691944
vt 0.539585 0.691479
vt 0.558615 0.691367
vt 0.047912 0.461817
vt 0.579098 0.697072
vt 0.674778 0.709884
vt 0.254242 0.772838
vt 0.025398 0.940384
vt 0.307741 0.756541
vt 0.267240 0.777326
vt 0.885743 0.617683
vt 0.890968 0.624654
vt 0.023705 0.515003
vt 0.025273 0.523097
vt 0.026246 0.523079
vt 0.022730 0.514995
vt 0.020314 0.506944
vt 0.027807 0.531390
vt 0.028781 0.531333
vt 0.030198 0.540014
vt 0.031172 0.539919
vt 0.005931 0.388594
vt 0.428685 0.316863
vt 0.027093 0.227680
vt 0.024825 0.227312
vt 0.028401 0.228153
vt 0.035184 0.558427
vt 0.038634 0.577904
vt 0.036944 0.568105
vt 0.033283 0.548991
vt 0.032311 0.549109
vt 0.034215 0.558556
vt 0.037674 0.578041
vt 0.035979 0.568240
vt 0.031649 0.690750
vt 0.032686 0.690829
vt 0.038327 0.673210
vt 0.028522 0.699167
vt 0.034688 0.682126
vt 0.037369 0.673160
vt 0.025574 0.707513
vt 0.001428 0.416133
vt 0.187911 0.812918
vt 0.033435 0.984534
vt 0.038076 0.633164
vt 0.042417 0.633616
vt 0.043234 0.643941
vt 0.024859 0.988530
vt 0.023575 0.988891
vt 0.042285 0.643870
vt 0.041011 0.653912
vt 0.043403 0.633708
vt 0.039425 0.663715
vt 0.019093 0.227092
vt 0.418645 0.531732
vt 0.407857 0.523168
vt 0.426638 0.539016
vt 0.432767 0.545445
vt 0.436757 0.552112
vt 0.437965 0.551447
vt 0.084163 0.239116
vt 0.095912 0.244334
vt 0.082905 0.239613
vt 0.393341 0.512896
vt 0.376258 0.501773
vt 0.357766 0.490655
vt 0.422694 0.688913
vt 0.416503 0.696223
vt 0.424008 0.689412
vt 0.429861 0.683237
vt 0.415112 0.695746
vt 0.406522 0.703990
vt 0.428587 0.682683
vt 0.433634 0.676756
vt 0.434888 0.677380
vt 0.427374 0.682125
vt 0.421455 0.688405
vt 0.432438 0.676135
vt 0.431270 0.675515
vt 0.413823 0.695264
vt 0.404996 0.703484
vt 0.403622 0.702993
vt 0.082798 0.980253
vt 0.080858 0.979647
vt 0.079728 0.979018
vt 0.393238 0.713029
vt 0.338935 0.740168
vt 0.018197 0.705960
vt 0.377625 0.722753
vt 0.360658 0.732573
vt 0.115691 0.856465
vt 0.001857 0.312960
vt 0.761689 0.464008
vt 0.375639 0.722023
vt 0.086357 0.980813
vt 0.358415 0.731709
vt 0.391502 0.712428
vt 0.389997 0.711881
vt 0.373984 0.721395
vt 0.356618 0.731001
vt 0.557655 0.297725
vt 0.564975 0.305823
vt 0.564389 0.294294
vt 0.463109 0.429843
vt 0.456737 0.437557
vt 0.464272 0.440748
vt 0.578134 0.300170
vt 0.574637 0.288793
vt 0.574951 0.301142
vt 0.448258 0.421880
vt 0.444982 0.429956
vt 0.449971 0.434133
vt 0.570564 0.303065
vt 0.558188 0.309301
vt 0.550297 0.301235
vt 0.550542 0.313262
vt 0.608812 0.386464
vt 0.606500 0.374225
vt 0.607989 0.387080
vt 0.596416 0.298617
vt 0.594989 0.285681
vt 0.594949 0.298551
vt 0.571910 0.443239
vt 0.565935 0.450232
vt 0.571705 0.454740
vt 0.588224 0.429333
vt 0.589578 0.424414
vt 0.588871 0.424290
vt 0.523416 0.409476
vt 0.520593 0.414052
vt 0.524733 0.416728
vt 0.592600 0.420542
vt 0.594090 0.414786
vt 0.591798 0.415118
vt 0.611308 0.384366
vt 0.607514 0.374490
vt 0.588652 0.397683
vt 0.588868 0.388488
vt 0.586911 0.388523
vt 0.519445 0.316513
vt 0.520391 0.328353
vt 0.523234 0.313502
vt 0.594752 0.423330
vt 0.594672 0.420041
vt 0.441819 0.342539
vt 0.442054 0.348603
vt 0.442999 0.341597
vt 0.509418 0.345272
vt 0.510081 0.333601
vt 0.508148 0.346007
vt 0.508524 0.359049
vt 0.510383 0.358228
vt 0.511265 0.344222
vt 0.511248 0.332768
vt 0.503554 0.430075
vt 0.505362 0.404324
vt 0.503179 0.403738
vt 0.587166 0.379752
vt 0.585577 0.379562
vt 0.585065 0.370818
vt 0.586899 0.363133
vt 0.585600 0.362772
vt 0.608897 0.427923
vt 0.609342 0.436368
vt 0.610380 0.428999
vt 0.607871 0.449451
vt 0.610350 0.453052
vt 0.609369 0.448772
vt 0.588904 0.356521
vt 0.587404 0.355905
vt 0.440864 0.427812
vt 0.442224 0.426297
vt 0.590562 0.430076
vt 0.590261 0.424489
vt 0.589940 0.430035
vt 0.501054 0.289615
vt 0.503232 0.299428
vt 0.502996 0.288344
vt 0.570096 0.291184
vt 0.465859 0.323593
vt 0.472714 0.326893
vt 0.473241 0.318616
vt 0.519162 0.407755
vt 0.517756 0.412032
vt 0.589129 0.429746
vt 0.485825 0.306388
vt 0.490698 0.309503
vt 0.490852 0.299940
vt 0.506022 0.298677
vt 0.451269 0.332655
vt 0.457452 0.335732
vt 0.458047 0.328472
vt 0.454591 0.413897
vt 0.455328 0.426118
vt 0.462674 0.418142
vt 0.462519 0.401187
vt 0.454216 0.397251
vt 0.447212 0.409172
vt 0.454497 0.376631
vt 0.446665 0.392890
vt 0.462731 0.378410
vt 0.463325 0.356211
vt 0.455285 0.357159
vt 0.447139 0.374353
vt 0.470463 0.420630
vt 0.470715 0.432825
vt 0.477774 0.422420
vt 0.477767 0.402963
vt 0.470434 0.402704
vt 0.470651 0.378159
vt 0.477967 0.376612
vt 0.471146 0.354027
vt 0.484429 0.424567
vt 0.477949 0.435730
vt 0.484614 0.439221
vt 0.490261 0.426635
vt 0.490022 0.403266
vt 0.484329 0.403127
vt 0.484390 0.374497
vt 0.489898 0.372440
vt 0.484641 0.346602
vt 0.478374 0.350771
vt 0.501666 0.429771
vt 0.499238 0.446706
vt 0.501959 0.447591
vt 0.501256 0.403653
vt 0.498921 0.429223
vt 0.498118 0.370213
vt 0.500880 0.369717
vt 0.502847 0.369538
vt 0.500708 0.336958
vt 0.497946 0.337982
vt 0.591772 0.345635
vt 0.594877 0.345290
vt 0.593701 0.341643
vt 0.505006 0.336528
vt 0.502962 0.313677
vt 0.502722 0.336508
vt 0.509497 0.375375
vt 0.507232 0.359664
vt 0.508349 0.375818
vt 0.511405 0.392975
vt 0.512607 0.394680
vt 0.511222 0.374812
vt 0.434770 0.372571
vt 0.437062 0.388598
vt 0.438296 0.372584
vt 0.528324 0.402443
vt 0.529981 0.412104
vt 0.536141 0.404133
vt 0.534364 0.388304
vt 0.526509 0.388652
vt 0.521858 0.401458
vt 0.518575 0.372768
vt 0.525103 0.370886
vt 0.533119 0.368911
vt 0.524569 0.352591
vt 0.517956 0.355172
vt 0.544483 0.406912
vt 0.537827 0.415598
vt 0.545924 0.419919
vt 0.552677 0.411002
vt 0.551524 0.391202
vt 0.542991 0.389043
vt 0.542059 0.367391
vt 0.550923 0.366889
vt 0.541705 0.346154
vt 0.532668 0.349501
vt 0.560046 0.416621
vt 0.553795 0.425249
vt 0.560963 0.431774
vt 0.566355 0.422588
vt 0.565581 0.399805
vt 0.559102 0.395113
vt 0.558709 0.367971
vt 0.565336 0.370058
vt 0.565307 0.340854
vt 0.558574 0.341557
vt 0.550676 0.343267
vt 0.577658 0.433855
vt 0.575469 0.446823
vt 0.577886 0.448891
vt 0.579589 0.435279
vt 0.579507 0.411432
vt 0.577475 0.410075
vt 0.575120 0.431609
vt 0.577611 0.376273
vt 0.574796 0.407955
vt 0.579732 0.377253
vt 0.580109 0.342436
vt 0.577871 0.341989
vt 0.574828 0.374858
vt 0.585094 0.355164
vt 0.586695 0.349343
vt 0.584462 0.354885
vt 0.582429 0.359353
vt 0.583294 0.362048
vt 0.605686 0.450059
vt 0.609037 0.454110
vt 0.592673 0.462824
vt 0.589348 0.452501
vt 0.589220 0.463844
vt 0.606869 0.397768
vt 0.608115 0.392399
vt 0.607118 0.392424
vt 0.607138 0.387578
vt 0.606101 0.392304
vt 0.605659 0.397166
vt 0.596512 0.376547
vt 0.597608 0.342260
vt 0.596510 0.341753
vt 0.595401 0.376122
vt 0.595533 0.410300
vt 0.596574 0.410655
vt 0.597545 0.377024
vt 0.596453 0.315891
vt 0.597708 0.298775
vt 0.595108 0.315553
vt 0.595297 0.341309
vt 0.597646 0.316290
vt 0.577698 0.461338
vt 0.574150 0.460218
vt 0.577629 0.462373
vt 0.580205 0.462627
vt 0.579749 0.460686
vt 0.577779 0.459602
vt 0.574777 0.459442
vt 0.604928 0.455630
vt 0.604834 0.450206
vt 0.603780 0.450304
vt 0.604127 0.443916
vt 0.603105 0.443820
vt 0.602624 0.450379
vt 0.603688 0.455677
vt 0.604295 0.436679
vt 0.603327 0.436338
vt 0.605073 0.428840
vt 0.604113 0.428261
vt 0.602302 0.435933
vt 0.602005 0.443689
vt 0.606194 0.420746
vt 0.605132 0.419995
vt 0.607240 0.412716
vt 0.606062 0.411911
vt 0.603966 0.419111
vt 0.603096 0.427584
vt 0.592755 0.406725
vt 0.471633 0.447930
vt 0.480384 0.450124
vt 0.471575 0.444224
vt 0.465255 0.331487
vt 0.592890 0.424088
vt 0.594290 0.427090
vt 0.587143 0.407965
vt 0.589158 0.415713
vt 0.587923 0.407661
vt 0.585609 0.398533
vt 0.584695 0.398896
vt 0.586275 0.408330
vt 0.588384 0.415962
vt 0.583913 0.389066
vt 0.586407 0.398236
vt 0.584802 0.388808
vt 0.582488 0.379577
vt 0.581396 0.379785
vt 0.582867 0.389395
vt 0.582544 0.370173
vt 0.581766 0.370080
vt 0.581394 0.360580
vt 0.580858 0.360187
vt 0.580887 0.370024
vt 0.505719 0.430708
vt 0.503816 0.448059
vt 0.506018 0.448840
vt 0.607582 0.437089
vt 0.608830 0.443154
vt 0.592235 0.451150
vt 0.589592 0.442484
vt 0.515970 0.331062
vt 0.516501 0.319598
vt 0.512633 0.330602
vt 0.598421 0.377604
vt 0.600610 0.344992
vt 0.598473 0.342894
vt 0.498520 0.291560
vt 0.501172 0.300346
vt 0.587420 0.349527
vt 0.589715 0.350198
vt 0.589172 0.344973
vt 0.608341 0.459452
vt 0.611920 0.460801
vt 0.610423 0.457718
vt 0.585378 0.388695
vt 0.584003 0.379427
vt 0.586976 0.398070
vt 0.609188 0.365427
vt 0.605071 0.359771
vt 0.606378 0.367355
vt 0.608782 0.405368
vt 0.610750 0.413708
vt 0.611519 0.405327
vt 0.611762 0.390565
vt 0.609069 0.392084
vt 0.607271 0.443768
vt 0.605151 0.436893
vt 0.604992 0.443942
vt 0.592075 0.434041
vt 0.590067 0.435120
vt 0.606909 0.455234
vt 0.588528 0.407476
vt 0.590382 0.407023
vt 0.589802 0.415550
vt 0.590564 0.420928
vt 0.609890 0.372209
vt 0.600592 0.318598
vt 0.598533 0.316810
vt 0.598449 0.411484
vt 0.600691 0.379453
vt 0.590928 0.397434
vt 0.583120 0.370340
vt 0.583413 0.379435
vt 0.609064 0.398186
vt 0.589917 0.421025
vt 0.590893 0.424466
vt 0.589390 0.435093
vt 0.607791 0.405069
vt 0.608137 0.413196
vt 0.607048 0.421235
vt 0.605917 0.429222
vt 0.609621 0.421941
vt 0.606043 0.455508
vt 0.607378 0.459783
vt 0.608777 0.463544
vt 0.609876 0.463193
vt 0.575275 0.457844
vt 0.598652 0.299112
vt 0.597564 0.411040
vt 0.596580 0.284683
vt 0.588495 0.444040
vt 0.588580 0.452669
vt 0.590637 0.340960
vt 0.604226 0.360546
vt 0.605664 0.368158
vt 0.503659 0.461912
vt 0.506215 0.463999
vt 0.598759 0.450132
vt 0.601085 0.435971
vt 0.598629 0.435081
vt 0.611875 0.397410
vt 0.591976 0.441036
vt 0.600845 0.412830
vt 0.437510 0.358360
vt 0.440276 0.358064
vt 0.611166 0.455821
vt 0.601546 0.285333
vt 0.600720 0.300464
vt 0.535373 0.307731
vt 0.542379 0.317467
vt 0.542719 0.304583
vt 0.438940 0.413797
vt 0.435443 0.412166
vt 0.499285 0.460388
vt 0.501871 0.461294
vt 0.490500 0.442571
vt 0.485009 0.452571
vt 0.490699 0.455925
vt 0.606131 0.377201
vt 0.528711 0.310639
vt 0.534248 0.321561
vt 0.605160 0.378632
vt 0.606273 0.388017
vt 0.449806 0.438322
vt 0.591378 0.351404
vt 0.518829 0.340215
vt 0.525367 0.337210
vt 0.533275 0.333620
vt 0.526701 0.325188
vt 0.541946 0.329532
vt 0.550586 0.325538
vt 0.558401 0.322229
vt 0.565182 0.319703
vt 0.578061 0.316762
vt 0.574981 0.341516
vt 0.580484 0.316677
vt 0.575014 0.317128
vt 0.597773 0.434766
vt 0.597927 0.449865
vt 0.599167 0.284087
vt 0.598022 0.284035
vt 0.592527 0.429776
vt 0.601320 0.450738
vt 0.598393 0.463220
vt 0.601546 0.463999
vt 0.464395 0.444554
vt 0.437524 0.402542
vt 0.588489 0.434763
vt 0.587477 0.434280
vt 0.586617 0.440282
vt 0.587727 0.440811
vt 0.567108 0.438202
vt 0.561278 0.444382
vt 0.495102 0.295000
vt 0.498462 0.302104
vt 0.539422 0.425624
vt 0.547145 0.431076
vt 0.554485 0.437264
vt 0.531480 0.420713
vt 0.596673 0.461529
vt 0.597004 0.449499
vt 0.449531 0.346208
vt 0.456426 0.343958
vt 0.464318 0.340992
vt 0.450629 0.339214
vt 0.471952 0.337338
vt 0.478994 0.332847
vt 0.485111 0.327367
vt 0.489970 0.342585
vt 0.490323 0.322126
vt 0.485562 0.315430
vt 0.479569 0.321643
vt 0.498161 0.315831
vt 0.500910 0.314375
vt 0.433505 0.401288
vt 0.432967 0.388115
vt 0.596816 0.434458
vt 0.595808 0.434153
vt 0.596036 0.449082
vt 0.494386 0.339784
vt 0.494653 0.318348
vt 0.494984 0.305109
vt 0.443956 0.337796
vt 0.446107 0.341517
vt 0.446988 0.335549
vt 0.597488 0.462650
vt 0.570785 0.340989
vt 0.570721 0.318055
vt 0.495509 0.458564
vt 0.611897 0.457837
vt 0.505481 0.313418
vt 0.607345 0.462988
vt 0.606124 0.459638
vt 0.604725 0.459257
vt 0.605747 0.461977
vt 0.571031 0.456331
vt 0.565945 0.453257
vt 0.570172 0.457003
vt 0.566871 0.452612
vt 0.589668 0.340991
vt 0.588331 0.344894
vt 0.570723 0.372570
vt 0.570822 0.404309
vt 0.571365 0.427719
vt 0.494752 0.403448
vt 0.494466 0.371066
vt 0.498502 0.403601
vt 0.495105 0.428182
vt 0.495397 0.445049
vt 0.579731 0.450201
vt 0.593273 0.347935
vt 0.439781 0.349190
vt 0.443364 0.357800
vt 0.444890 0.347712
vt 0.448229 0.357484
vt 0.479971 0.313046
vt 0.513377 0.356993
vt 0.514265 0.342544
vt 0.580452 0.286808
vt 0.580714 0.299674
vt 0.589197 0.421124
vt 0.587544 0.416254
vt 0.588440 0.421224
vt 0.606579 0.404383
vt 0.608023 0.398174
vt 0.605257 0.403502
vt 0.604743 0.410942
vt 0.515728 0.389856
vt 0.514098 0.374010
vt 0.520079 0.389398
vt 0.517568 0.400795
vt 0.516063 0.406488
vt 0.514366 0.400292
vt 0.441844 0.373107
vt 0.441009 0.390100
vt 0.441540 0.405243
vt 0.442782 0.417360
vt 0.595902 0.460131
vt 0.586415 0.371088
vt 0.444681 0.433677
vt 0.456748 0.441650
vt 0.505045 0.369881
vt 0.564389 0.294294
vt 0.570564 0.303065
vt 0.564975 0.305823
vt 0.574637 0.288793
vt 0.578134 0.300170
vt 0.574951 0.301142
vt 0.516501 0.319598
vt 0.515970 0.331062
vt 0.512633 0.330602
vt 0.550297 0.301235
vt 0.558188 0.309301
vt 0.550542 0.313262
vt 0.528711 0.310639
vt 0.534248 0.321561
vt 0.526701 0.325188
vt 0.557655 0.297725
vt 0.596416 0.298617
vt 0.594989 0.285681
vt 0.596580 0.284683
vt 0.595902 0.460131
vt 0.597004 0.449499
vt 0.596673 0.461529
vt 0.588868 0.388488
vt 0.589702 0.397555
vt 0.587819 0.388498
vt 0.587166 0.379752
vt 0.586911 0.388523
vt 0.586335 0.379648
vt 0.588652 0.397683
vt 0.592755 0.406725
vt 0.592871 0.414954
vt 0.591482 0.406871
vt 0.590928 0.397434
vt 0.590382 0.407023
vt 0.591798 0.415118
vt 0.590261 0.424489
vt 0.592527 0.429776
vt 0.589940 0.430035
vt 0.443956 0.337796
vt 0.446107 0.341517
vt 0.442999 0.341597
vt 0.445042 0.432381
vt 0.449971 0.434133
vt 0.450044 0.436695
vt 0.441428 0.427047
vt 0.444982 0.429956
vt 0.440864 0.427812
vt 0.444681 0.433677
vt 0.511248 0.332768
vt 0.510383 0.358228
vt 0.508524 0.359049
vt 0.597564 0.411040
vt 0.597927 0.449865
vt 0.608451 0.436792
vt 0.608830 0.443154
vt 0.608045 0.443498
vt 0.609346 0.429550
vt 0.609342 0.436368
vt 0.608897 0.427923
vt 0.607582 0.437089
vt 0.608615 0.449131
vt 0.610350 0.453052
vt 0.609700 0.453604
vt 0.609369 0.448772
vt 0.607271 0.443768
vt 0.607871 0.449451
vt 0.505068 0.448465
vt 0.505362 0.404324
vt 0.506018 0.448840
vt 0.586415 0.371088
vt 0.585750 0.370954
vt 0.586899 0.363133
vt 0.585065 0.370818
vt 0.586287 0.362957
vt 0.585577 0.379562
vt 0.473241 0.318616
vt 0.479569 0.321643
vt 0.472714 0.326893
vt 0.498520 0.291560
vt 0.501172 0.300346
vt 0.498462 0.302104
vt 0.589129 0.429746
vt 0.589578 0.424414
vt 0.479971 0.313046
vt 0.485562 0.315430
vt 0.485825 0.306388
vt 0.490698 0.309503
vt 0.465859 0.323593
vt 0.465255 0.331487
vt 0.458047 0.328472
vt 0.457452 0.335732
vt 0.588224 0.429333
vt 0.588871 0.424290
vt 0.455328 0.426118
vt 0.462519 0.401187
vt 0.463109 0.429843
vt 0.470434 0.402704
vt 0.470715 0.432825
vt 0.463325 0.356211
vt 0.455285 0.357159
vt 0.446665 0.392890
vt 0.448229 0.357484
vt 0.434634 0.388105
vt 0.435443 0.412166
vt 0.432967 0.388115
vt 0.438552 0.358235
vt 0.437062 0.388598
vt 0.441009 0.390100
vt 0.588331 0.344894
vt 0.589715 0.350198
vt 0.586695 0.349343
vt 0.437510 0.358360
vt 0.512607 0.394680
vt 0.511405 0.392975
vt 0.484614 0.439221
vt 0.490022 0.403266
vt 0.490500 0.442571
vt 0.558574 0.341557
vt 0.550676 0.343267
vt 0.570822 0.404309
vt 0.574981 0.341516
vt 0.574796 0.407955
vt 0.497946 0.337982
vt 0.501256 0.403653
vt 0.498502 0.403601
vt 0.500708 0.336958
vt 0.503179 0.403738
vt 0.504038 0.336426
vt 0.502722 0.336508
vt 0.454216 0.397251
vt 0.471679 0.446516
vt 0.480384 0.450124
vt 0.478772 0.450202
vt 0.464428 0.443047
vt 0.471575 0.444224
vt 0.464395 0.444554
vt 0.471633 0.447930
vt 0.478374 0.350771
vt 0.484329 0.403127
vt 0.477767 0.402963
vt 0.471146 0.354027
vt 0.529981 0.412104
vt 0.534364 0.388304
vt 0.537827 0.415598
vt 0.542991 0.389043
vt 0.545924 0.419919
vt 0.596574 0.410655
vt 0.597608 0.342260
vt 0.484641 0.346602
vt 0.553795 0.425249
vt 0.559102 0.395113
vt 0.560963 0.431774
vt 0.524569 0.352591
vt 0.526509 0.388652
vt 0.517956 0.355172
vt 0.520079 0.389398
vt 0.565581 0.399805
vt 0.523416 0.409476
vt 0.494386 0.339784
vt 0.494752 0.403448
vt 0.443364 0.357800
vt 0.440276 0.358064
vt 0.523234 0.313502
vt 0.520391 0.328353
vt 0.577475 0.410075
vt 0.575469 0.446823
vt 0.577871 0.341989
vt 0.608115 0.392399
vt 0.606869 0.397768
vt 0.607118 0.392424
vt 0.607989 0.387080
vt 0.606101 0.392304
vt 0.607138 0.387578
vt 0.605659 0.397166
vt 0.489970 0.342585
vt 0.595297 0.341309
vt 0.594949 0.298551
vt 0.438940 0.413797
vt 0.577698 0.461338
vt 0.574150 0.460218
vt 0.574777 0.459442
vt 0.580205 0.462627
vt 0.577629 0.462373
vt 0.579749 0.460686
vt 0.577779 0.459602
vt 0.604834 0.450206
vt 0.604928 0.455630
vt 0.603780 0.450304
vt 0.604127 0.443916
vt 0.602624 0.450379
vt 0.603105 0.443820
vt 0.603688 0.455677
vt 0.604295 0.436679
vt 0.603327 0.436338
vt 0.605073 0.428840
vt 0.602302 0.435933
vt 0.604113 0.428261
vt 0.602005 0.443689
vt 0.606194 0.420746
vt 0.605132 0.419995
vt 0.607240 0.412716
vt 0.603966 0.419111
vt 0.606062 0.411911
vt 0.603096 0.427584
vt 0.436773 0.412432
vt 0.451269 0.332655
vt 0.450629 0.339214
vt 0.519162 0.407755
vt 0.517756 0.412032
vt 0.516063 0.406488
vt 0.587143 0.407965
vt 0.589158 0.415713
vt 0.588384 0.415962
vt 0.585609 0.398533
vt 0.587923 0.407661
vt 0.584695 0.398896
vt 0.586275 0.408330
vt 0.583913 0.389066
vt 0.586407 0.398236
vt 0.582488 0.379577
vt 0.584802 0.388808
vt 0.581396 0.379785
vt 0.582867 0.389395
vt 0.582544 0.370173
vt 0.581766 0.370080
vt 0.582429 0.359353
vt 0.580858 0.360187
vt 0.581394 0.360580
vt 0.580887 0.370024
vt 0.446988 0.335549
vt 0.579731 0.450201
vt 0.595533 0.410300
vt 0.596510 0.341753
vt 0.565307 0.340854
vt 0.570096 0.291184
vt 0.570785 0.340989
vt 0.442782 0.417360
vt 0.583413 0.379435
vt 0.611875 0.397410
vt 0.611762 0.390565
vt 0.606043 0.455508
vt 0.610423 0.457718
vt 0.607378 0.459783
vt 0.600720 0.300464
vt 0.597708 0.298775
vt 0.609621 0.421941
vt 0.611519 0.405327
vt 0.610750 0.413708
vt 0.604226 0.360546
vt 0.609890 0.372209
vt 0.606500 0.374225
vt 0.608023 0.398174
vt 0.607791 0.405069
vt 0.567108 0.438202
vt 0.571910 0.443239
vt 0.515728 0.389856
vt 0.592600 0.420542
vt 0.589917 0.421025
vt 0.611920 0.460801
vt 0.608777 0.463544
vt 0.585600 0.362772
vt 0.593782 0.423747
vt 0.594290 0.427090
vt 0.593322 0.427848
vt 0.587404 0.355905
vt 0.584462 0.354885
vt 0.592890 0.424088
vt 0.593273 0.347935
vt 0.590539 0.350741
vt 0.592544 0.346642
vt 0.594877 0.345290
vt 0.591772 0.345635
vt 0.594366 0.343222
vt 0.551524 0.391202
vt 0.580714 0.299674
vt 0.513377 0.356993
vt 0.532668 0.349501
vt 0.598022 0.284035
vt 0.507232 0.359664
vt 0.477949 0.435730
vt 0.611308 0.384366
vt 0.448258 0.421880
vt 0.503659 0.461912
vt 0.505039 0.462870
vt 0.606131 0.377201
vt 0.592673 0.462824
vt 0.588495 0.444040
vt 0.591976 0.441036
vt 0.501959 0.447591
vt 0.501871 0.461294
vt 0.485009 0.452571
vt 0.519445 0.316513
vt 0.456737 0.437557
vt 0.464272 0.440748
vt 0.605160 0.378632
vt 0.499285 0.460388
vt 0.499238 0.446706
vt 0.535373 0.307731
vt 0.542379 0.317467
vt 0.510081 0.333601
vt 0.541705 0.346154
vt 0.589668 0.340991
vt 0.441819 0.342539
vt 0.442427 0.342307
vt 0.506022 0.298677
vt 0.505006 0.336528
vt 0.503232 0.299428
vt 0.547145 0.431076
vt 0.554485 0.437264
vt 0.571705 0.454740
vt 0.575275 0.457844
vt 0.539422 0.425624
vt 0.561278 0.444382
vt 0.490852 0.299940
vt 0.494984 0.305109
vt 0.565935 0.450232
vt 0.502996 0.288344
vt 0.504760 0.298944
vt 0.586617 0.440282
vt 0.596036 0.449082
vt 0.495102 0.295000
vt 0.503816 0.448059
vt 0.504437 0.403989
vt 0.495509 0.458564
vt 0.588904 0.356521
vt 0.588169 0.356200
vt 0.591378 0.351404
vt 0.601546 0.285333
vt 0.609037 0.454110
vt 0.600610 0.344992
vt 0.607345 0.462988
vt 0.606124 0.459638
vt 0.604725 0.459257
vt 0.605747 0.461977
vt 0.571031 0.456331
vt 0.565945 0.453257
vt 0.566871 0.452612
vt 0.570172 0.457003
vt 0.600845 0.412830
vt 0.601320 0.450738
vt 0.531480 0.420713
vt 0.577886 0.448891
vt 0.610838 0.456831
vt 0.611897 0.457837
vt 0.612003 0.459434
vt 0.611166 0.455821
vt 0.542719 0.304583
vt 0.580452 0.286808
vt 0.577871 0.287521
vt 0.579507 0.411432
vt 0.524733 0.416728
vt 0.495397 0.445049
vt 0.490699 0.455925
vt 0.442224 0.426297
vt 0.520593 0.414052
vt 0.589197 0.421124
vt 0.587544 0.416254
vt 0.588440 0.421224
vt 0.606579 0.404383
vt 0.605257 0.403502
vt 0.604743 0.410942
vt 0.580109 0.342436
vt 0.587727 0.440811
vt 0.597488 0.462650
vt 0.601546 0.463999
vt 0.501054 0.289615
vt 0.456861 0.440012
vt 0.449806 0.438322
vt 0.456748 0.441650
vt 0.593582 0.420309
vt 0.594752 0.423330
vt 0.594090 0.414786
vt 0.594672 0.420041
vt 0.504642 0.286926
vt 0.000320 0.884459
vt 0.883938 0.610786
vt 0.770371 0.655982
vt 0.036539 0.643063
vt 0.126451 0.982036
vt 0.999876 0.888685
vt 0.880697 0.611034
vt 0.025957 0.227431
vt 0.577871 0.287521
vt 0.506140 0.285435
vt 0.510482 0.393223
vt 0.580858 0.463999
vt 0.478667 0.451542
vt 0.608512 0.358344
vt 0.588323 0.463999
vt 0.610380 0.428999
vt 0.478667 0.451542
vt 0.606273 0.388017
vt 0.580858 0.463999
vt 0.608512 0.358344
vt 0.593701 0.341643
vt 0.510482 0.393223
vt 0.588323 0.463999
vt 0.506215 0.463999
vt 0.506140 0.285435
vn -0.0309 -0.4095 0.9118
vn -0.4057 -0.4613 0.7891
vn -0.4098 -0.3792 0.8296
vn -0.0500 -0.4317 0.9006
vn 0.1568 -0.2411 0.9578
vn -0.0676 -0.2330 0.9701
vn 0.3779 -0.2512 0.8911
vn 0.3328 -0.4444 0.8317
vn 0.3637 -0.4380 0.8221
vn -0.5560 -0.2368 0.7967
vn -0.5120 -0.0625 0.8567
vn -0.5635 -0.2758 0.7787
vn -0.8361 0.1536 -0.5266
vn -0.6957 -0.0992 -0.7115
vn -0.8235 -0.0129 -0.5671
vn 0.0854 -0.3326 0.9392
vn -0.0157 -0.0872 0.9961
vn 0.1308 -0.0990 0.9865
vn -0.8010 0.4741 0.3657
vn -0.8615 -0.5063 0.0396
vn -0.8815 -0.1940 0.4305
vn -0.2616 -0.9621 0.0771
vn -0.4022 -0.9100 0.1007
vn -0.4065 -0.9038 0.1340
vn 0.1442 -0.4876 0.8611
vn -0.0137 -0.3396 0.9405
vn -0.2220 -0.1361 0.9655
vn -0.5435 -0.0954 0.8340
vn -0.5504 -0.0826 0.8308
vn 0.4160 -0.4096 0.8119
vn 0.4778 -0.4154 0.7741
vn 0.3778 -0.4656 0.8003
vn -0.0984 -0.9433 -0.3171
vn 0.0336 -0.9466 -0.3206
vn 0.0482 -0.9321 -0.3589
vn -0.4005 -0.9162 -0.0165
vn -0.4208 -0.8870 0.1899
vn -0.5312 -0.8144 0.2337
vn -0.8717 0.0676 0.4854
vn -0.7906 0.1186 0.6008
vn -0.8483 -0.0624 0.5259
vn -0.7983 0.0991 0.5940
vn -0.7670 0.0166 0.6415
vn -0.7428 -0.1401 0.6547
vn -0.6026 -0.4018 0.6895
vn -0.6011 -0.3295 0.7281
vn -0.2762 0.9400 -0.2002
vn -0.8233 0.1164 0.5555
vn -0.7418 0.5907 0.3175
vn 0.7769 -0.0562 0.6271
vn 0.7687 -0.0832 0.6342
vn 0.8041 -0.0476 0.5927
vn 0.9285 -0.0559 0.3672
vn 0.8926 -0.0204 0.4505
vn 0.9048 0.0688 0.4202
vn -0.1395 -0.3007 0.9435
vn -0.2968 -0.3653 0.8823
vn -0.3048 -0.2668 0.9143
vn 0.1223 -0.9665 -0.2258
vn -0.0593 -0.9496 -0.3079
vn -0.1170 -0.9704 -0.2114
vn 0.3286 -0.9237 -0.1971
vn 0.0990 -0.9791 -0.1774
vn 0.6352 -0.2594 0.7275
vn 0.5969 -0.3484 0.7227
vn 0.5824 -0.3372 0.7397
vn -0.6817 -0.3238 0.6561
vn -0.5648 -0.2366 0.7906
vn -0.6515 -0.1829 0.7362
vn -0.1236 -0.2368 0.9637
vn -0.2308 -0.1117 0.9666
vn -0.2453 -0.2311 0.9415
vn -0.5590 -0.2157 0.8006
vn -0.3017 -0.1199 0.9458
vn -0.3693 -0.2530 0.8942
vn -0.9967 -0.0809 0.0031
vn -0.9918 -0.0284 -0.1243
vn -0.9998 -0.0217 0.0045
vn 0.8556 -0.4033 -0.3244
vn 0.9575 -0.0552 -0.2830
vn 0.9707 0.0647 -0.2316
vn -0.2997 0.8955 0.3289
vn -0.5657 0.6302 0.5319
vn -0.8628 0.2379 0.4460
vn 0.8794 -0.0987 0.4658
vn 0.8125 0.0834 0.5769
vn 0.8136 0.1155 0.5698
vn 0.8865 0.3814 0.2622
vn 0.9071 0.3641 0.2110
vn 0.8595 0.3943 0.3254
vn -0.5338 -0.5882 0.6075
vn -0.0816 -0.5497 0.8314
vn -0.5673 -0.4174 0.7099
vn -0.1328 -0.3413 0.9305
vn -0.8844 -0.4576 -0.0923
vn -0.9636 -0.2467 0.1033
vn -0.8410 -0.5293 -0.1123
vn -0.4806 -0.7588 0.4397
vn -0.0465 -0.7310 0.6808
vn -0.5769 -0.4309 0.6940
vn -0.5967 -0.4243 0.6811
vn -0.0575 -0.8852 0.4617
vn 0.8927 -0.3720 -0.2546
vn 0.9676 0.2176 -0.1277
vn 0.7469 -0.6635 -0.0442
vn 0.6363 -0.7602 -0.1312
vn 0.6017 -0.7837 -0.1540
vn 0.6866 -0.6956 -0.2116
vn 0.5384 -0.8092 -0.2353
vn 0.8533 -0.4861 0.1884
vn 0.8012 -0.5978 0.0255
vn 0.7260 -0.6875 -0.0162
vn 0.5405 -0.7517 -0.3781
vn 0.3554 -0.8655 -0.3528
vn 0.7483 -0.6571 -0.0910
vn 0.1968 -0.9369 -0.2890
vn 0.0683 -0.9010 -0.4284
vn 0.5328 -0.8319 -0.1552
vn 0.6556 -0.7460 -0.1170
vn 0.6973 -0.7129 -0.0740
vn 0.8857 -0.4560 0.0871
vn 0.8985 -0.4125 0.1503
vn 0.6658 -0.7227 -0.1853
vn 0.5442 -0.8118 -0.2118
vn 0.5545 -0.8142 -0.1718
vn 0.9151 0.0658 -0.3978
vn 0.8515 0.1257 -0.5091
vn 0.8463 0.0836 -0.5261
vn 0.1388 -0.9793 -0.1471
vn 0.4206 -0.8872 -0.1895
vn 0.3611 -0.9094 -0.2063
vn 0.4488 -0.8813 -0.1479
vn 0.2309 -0.9652 -0.1226
vn 0.2806 -0.9543 -0.1033
vn 0.5679 0.7541 0.3299
vn 0.4921 0.8302 0.2618
vn 0.4555 0.8510 0.2612
vn -0.2931 -0.9282 -0.2292
vn -0.2671 -0.9204 -0.2856
vn -0.1667 -0.9495 -0.2659
vn 0.9357 -0.1149 0.3335
vn 0.9004 -0.2197 0.3755
vn 0.9346 -0.1312 0.3307
vn 0.7264 0.4938 -0.4781
vn 0.7262 0.6688 -0.1592
vn 0.7720 0.6028 -0.2015
vn 0.9891 -0.1471 -0.0074
vn 0.9872 -0.1041 -0.1211
vn 0.9786 -0.1636 -0.1249
vn 0.3190 -0.4851 0.8142
vn -0.6643 0.6993 -0.2640
vn -0.3517 0.8927 -0.2816
vn -0.5372 0.7435 -0.3982
vn 0.6960 -0.0265 -0.7175
vn 0.6720 -0.0452 -0.7392
vn 0.6968 -0.0131 -0.7171
vn -0.1556 0.1639 0.9741
vn -0.2374 0.4132 0.8791
vn -0.1236 0.4199 0.8991
vn -0.3921 -0.9196 -0.0253
vn -0.2347 -0.9567 -0.1720
vn -0.2177 -0.9732 -0.0745
vn 0.9453 0.0170 0.3257
vn 0.9289 0.1211 0.3501
vn 0.9091 0.0051 -0.4166
vn -0.7969 -0.0108 0.6040
vn -0.8180 -0.1196 0.5626
vn 0.6763 0.3631 -0.6410
vn 0.6445 0.3268 -0.6913
vn 0.6725 0.3978 -0.6241
vn -0.8229 -0.0688 -0.5640
vn -0.7661 0.1001 -0.6349
vn -0.7508 -0.0447 -0.6590
vn -0.5315 -0.3916 0.7511
vn -0.5651 -0.3536 0.7454
vn -0.5902 -0.3555 0.7248
vn 0.8565 0.1190 0.5023
vn 0.9655 0.2118 0.1516
vn 0.8759 0.0194 0.4822
vn 0.4452 -0.8488 -0.2853
vn 0.2823 -0.9435 -0.1734
vn 0.2618 -0.9279 -0.2654
vn -0.2112 -0.9545 -0.2106
vn 0.0278 -0.9574 -0.2874
vn 0.0070 -0.9641 -0.2653
vn 0.6832 0.7262 0.0761
vn 0.8633 0.3652 -0.3484
vn -0.9453 0.2811 -0.1655
vn -0.8685 0.1732 -0.4644
vn -0.9139 0.2664 -0.3063
vn 0.4495 -0.8107 -0.3751
vn 0.2516 -0.9180 -0.3067
vn 0.2633 -0.9028 -0.3399
vn 0.3896 0.1431 -0.9098
vn 0.2893 0.1249 -0.9491
vn 0.3966 0.1472 -0.9061
vn -0.8035 -0.5905 -0.0753
vn -0.9567 -0.2906 0.0190
vn -0.8227 -0.5577 -0.1100
vn -0.2024 -0.9655 0.1639
vn -0.4606 -0.8876 -0.0007
vn -0.3108 -0.8981 0.3110
vn -0.4237 -0.1560 0.8922
vn -0.3341 -0.1828 0.9246
vn -0.3085 -0.1657 0.9367
vn 0.5219 0.4018 -0.7524
vn 0.6486 0.3008 -0.6991
vn 0.5434 0.3619 -0.7575
vn 0.4515 -0.8698 -0.1990
vn 0.5645 -0.7692 -0.2996
vn 0.5603 -0.7990 -0.2182
vn -0.0818 0.9909 0.1072
vn 0.2465 0.9522 -0.1804
vn 0.2864 0.9581 -0.0064
vn 0.6736 -0.6980 -0.2431
vn -0.5412 0.0403 0.8399
vn -0.5344 0.2529 0.8065
vn -0.5355 0.0262 0.8442
vn 0.8595 0.5038 -0.0862
vn 0.8923 0.0700 -0.4461
vn 0.7931 -0.3432 -0.5032
vn 0.6830 -0.5996 -0.4171
vn 0.6850 -0.5364 -0.4930
vn 0.9742 -0.0268 0.2239
vn 0.8646 -0.5024 0.0096
vn 0.8595 0.2297 0.4566
vn 0.1391 -0.0488 -0.9891
vn 0.2973 0.0056 -0.9548
vn 0.1488 0.0229 -0.9886
vn 0.5460 -0.5878 -0.5969
vn 0.5559 -0.4704 -0.6853
vn 0.6461 -0.4244 -0.6344
vn 0.3588 -0.7772 -0.5170
vn 0.4513 -0.6571 -0.6037
vn 0.7151 -0.2481 -0.6535
vn -0.8672 -0.4686 -0.1688
vn -0.9875 -0.0981 -0.1238
vn -0.8776 -0.4368 -0.1975
vn 0.3905 -0.8016 0.4526
vn 0.1506 -0.9780 0.1445
vn 0.3326 -0.9192 0.2107
vn 0.2384 -0.4899 0.8386
vn 0.4680 -0.4563 0.7568
vn 0.2439 -0.5004 0.8308
vn 0.3214 0.9432 0.0838
vn 0.3156 0.9488 -0.0097
vn 0.3410 0.9400 0.0092
vn 0.9538 -0.1028 -0.2822
vn 0.9856 0.1682 -0.0192
vn 0.9866 -0.1245 -0.1050
vn 0.3061 -0.2306 0.9236
vn 0.0207 -0.4545 0.8905
vn 0.3065 -0.4454 0.8412
vn 0.9927 -0.0942 0.0749
vn 0.9957 -0.0921 -0.0137
vn 0.7787 0.5864 0.2231
vn 0.8723 0.0958 0.4794
vn 0.8959 0.4148 0.1593
vn -0.8306 -0.0356 0.5557
vn -0.5814 -0.3468 0.7361
vn -0.5988 -0.2013 0.7752
vn 0.2381 -0.4135 0.8789
vn 0.3719 -0.2427 0.8960
vn 0.0255 -0.9918 -0.1249
vn 0.2326 -0.9709 -0.0572
vn 0.0624 -0.9914 -0.1154
vn 0.1260 -0.0993 -0.9870
vn -0.0143 -0.1141 -0.9934
vn 0.1131 -0.1323 -0.9847
vn 0.3008 -0.9535 0.0207
vn 0.4145 -0.8830 -0.2200
vn 0.3909 -0.9110 0.1315
vn -0.7868 0.5268 0.3216
vn -0.9910 0.0991 0.0896
vn -0.9448 0.2150 0.2471
vn 0.5260 0.3738 0.7639
vn 0.4374 0.2232 0.8711
vn 0.4951 0.2318 0.8374
vn 0.5872 -0.8029 0.1027
vn 0.5389 -0.7621 0.3588
vn 0.5219 -0.8524 -0.0318
vn 0.1418 -0.9890 -0.0422
vn 0.2477 -0.9645 0.0918
vn -0.8256 -0.3166 0.4670
vn -0.7801 0.0348 0.6247
vn 0.3094 -0.8810 -0.3579
vn 0.2364 -0.9669 -0.0959
vn 0.2901 -0.8747 -0.3883
vn 0.1586 0.0872 -0.9835
vn 0.2961 0.0726 -0.9524
vn 0.4818 -0.6456 0.5925
vn 0.5945 -0.6047 0.5301
vn 0.4958 -0.5284 0.6892
vn -0.8523 0.2928 0.4334
vn -0.5971 0.0421 0.8011
vn -0.5806 0.2679 0.7688
vn 0.6143 -0.4809 0.6256
vn 0.4918 -0.3919 0.7775
vn 0.3301 -0.4387 0.8358
vn -0.5091 -0.3640 0.7800
vn -0.6526 -0.2693 0.7082
vn -0.6747 -0.4564 0.5800
vn 0.7653 -0.6435 -0.0146
vn 0.6262 -0.7444 -0.2318
vn -0.7671 -0.0836 0.6361
vn 0.8719 -0.1430 0.4684
vn 0.8457 -0.4553 0.2785
vn 0.9154 -0.3405 0.2149
vn 0.4797 -0.7927 -0.3762
vn 0.4670 -0.8740 -0.1344
vn 0.3611 -0.8092 -0.4635
vn -0.1143 -0.1143 0.9869
vn -0.0149 -0.2497 0.9682
vn -0.0865 -0.1141 0.9897
vn 0.5286 -0.3477 0.7744
vn 0.4543 -0.3076 0.8361
vn 0.5836 -0.2424 0.7750
vn 0.6157 -0.3370 0.7123
vn 0.8749 -0.0194 0.4840
vn 0.6212 -0.2091 0.7552
vn 0.2644 -0.3718 0.8899
vn 0.3487 -0.3395 0.8736
vn -0.4720 -0.0240 0.8813
vn -0.3223 -0.2419 0.9152
vn -0.2061 -0.0125 0.9784
vn -0.9449 0.1778 0.2747
vn -0.8318 0.4424 -0.3352
vn -0.9477 0.2415 -0.2088
vn 0.6366 0.7711 -0.0105
vn 0.7603 0.5481 0.3486
vn 0.4162 0.9082 -0.0442
vn 0.9942 0.0946 0.0519
vn 0.9911 0.1300 -0.0273
vn 0.9984 0.0543 -0.0165
vn 0.6388 -0.3898 0.6633
vn 0.4674 -0.3725 0.8018
vn 0.6380 -0.3225 0.6992
vn -0.5836 -0.4010 0.7061
vn -0.3545 -0.3260 0.8764
vn -0.3805 -0.4578 0.8035
vn -0.5425 -0.2031 0.8151
vn -0.3978 -0.3457 0.8498
vn -0.3929 -0.2194 0.8930
vn -0.9188 -0.1403 0.3689
vn -0.7915 0.0224 0.6108
vn -0.9518 -0.1901 0.2405
vn 0.8162 -0.0050 0.5778
vn 0.7927 0.2840 0.5395
vn 0.7975 0.0073 0.6033
vn 0.9605 0.2765 0.0314
vn 0.8802 0.4588 0.1217
vn 0.8993 0.4369 0.0207
vn -0.2708 -0.6962 -0.6648
vn -0.1918 -0.6703 -0.7169
vn -0.3270 -0.6781 -0.6582
vn -0.3618 -0.3463 -0.8656
vn -0.5237 -0.0327 -0.8513
vn -0.3946 -0.0487 -0.9176
vn -0.9677 -0.0924 -0.2344
vn -0.9246 0.1272 -0.3591
vn -0.9042 -0.1013 -0.4150
vn -0.9748 0.2206 -0.0339
vn -0.9279 0.2013 -0.3139
vn -0.8993 0.2484 -0.3600
vn 0.7158 -0.6872 -0.1240
vn 0.8626 -0.5049 0.0323
vn 0.8234 -0.5674 0.0052
vn 0.9569 -0.1329 0.2581
vn 0.9056 -0.3668 0.2130
vn 0.6419 -0.0572 -0.7647
vn 0.4686 0.2312 -0.8526
vn 0.6257 0.1763 -0.7599
vn 0.9783 0.2042 0.0337
vn 0.9617 0.2686 0.0553
vn 0.9766 0.1904 0.1003
vn 0.5795 -0.7771 -0.2458
vn 0.7060 -0.6989 -0.1146
vn 0.3753 -0.8379 -0.3964
vn 0.5445 -0.8039 -0.2395
vn -0.9590 -0.2821 0.0254
vn -0.9690 0.1505 0.1958
vn -0.9498 -0.3113 0.0317
vn -0.2423 -0.9432 -0.2271
vn -0.2066 -0.9742 -0.0905
vn -0.3524 -0.9338 -0.0621
vn -0.1341 -0.9754 0.1750
vn -0.6711 -0.4644 0.5779
vn -0.1932 0.3744 0.9069
vn 0.0229 0.4734 0.8806
vn -0.1687 0.4516 0.8762
vn -0.1864 -0.9491 -0.2539
vn -0.0843 -0.9363 -0.3408
vn 0.6066 0.7207 0.3355
vn 0.8749 0.1804 0.4494
vn 0.7679 0.2766 -0.5778
vn -0.7849 0.3733 0.4945
vn -0.8198 0.0357 0.5715
vn -0.7402 -0.0525 0.6703
vn 0.4056 -0.4871 0.7735
vn 0.1971 -0.5208 0.8306
vn -0.7128 -0.2186 0.6664
vn -0.7634 -0.1367 0.6313
vn 0.7897 -0.2501 0.5603
vn 0.8283 -0.3072 0.4685
vn 0.7381 -0.3297 0.5886
vn -0.0893 -0.3769 0.9219
vn -0.8296 -0.0364 -0.5572
vn -0.7391 0.0710 -0.6698
vn -0.8411 0.0071 -0.5408
vn 0.0000 -0.5305 0.8477
vn -0.1576 -0.3460 0.9249
vn -0.1788 -0.4891 0.8537
vn 0.9103 0.0879 0.4045
vn 0.8988 -0.1706 0.4038
vn -0.7012 -0.2025 0.6836
vn -0.7377 -0.3115 0.5989
vn -0.9139 0.2003 -0.3531
vn -0.9648 0.2377 -0.1124
vn -0.9260 0.1953 -0.3230
vn 0.5992 -0.4037 0.6914
vn 0.4033 -0.4572 0.7927
vn 0.6451 -0.0143 -0.7639
vn 0.6010 -0.1056 -0.7922
vn 0.6570 -0.0433 -0.7526
vn -0.9401 0.0553 -0.3364
vn -0.9914 0.0074 -0.1306
vn -0.9399 -0.0087 -0.3412
vn -0.9914 0.1180 0.0568
vn -0.9605 0.2751 0.0432
vn -0.9879 0.1549 0.0051
vn 0.2396 -0.3623 0.9007
vn 0.4084 -0.5312 0.7423
vn 0.3842 -0.3679 0.8468
vn 0.2938 -0.5507 0.7813
vn 0.3074 -0.7132 0.6300
vn 0.2612 -0.8692 0.4197
vn 0.9935 -0.1126 0.0182
vn 0.6792 0.6971 0.2296
vn 0.7707 0.6060 0.1971
vn 0.3845 0.8889 0.2491
vn 0.3413 0.9153 0.2136
vn 0.9871 0.1393 0.0791
vn 0.9392 0.2768 0.2030
vn 0.7806 0.5327 0.3268
vn 0.8566 -0.5117 -0.0664
vn 0.9914 0.0139 0.1303
vn 0.8328 0.4865 0.2641
vn 0.6351 -0.7388 -0.2255
vn 0.7904 -0.5816 -0.1925
vn 0.3967 -0.8322 -0.3873
vn 0.5071 -0.7698 -0.3876
vn 0.3330 -0.8606 -0.3853
vn 0.9036 -0.4006 -0.1518
vn 0.9975 -0.0479 0.0516
vn 0.6291 -0.6774 -0.3811
vn 0.9188 -0.3696 -0.1386
vn -0.7413 0.4538 0.4946
vn -0.8616 0.1329 0.4898
vn -0.7265 0.2694 0.6321
vn -0.9532 0.2746 0.1262
vn -0.9880 0.0973 0.1202
vn -0.9362 0.2804 0.2119
vn -0.9801 0.1903 -0.0563
vn -0.7176 0.3632 0.5943
vn -0.7548 0.1364 0.6416
vn -0.3967 0.8966 0.1970
vn 0.7706 0.1118 -0.6274
vn 0.7637 0.1502 -0.6278
vn -0.7797 -0.0506 0.6241
vn -0.7878 0.5737 0.2243
vn -0.7270 0.6179 0.2996
vn -0.7567 0.1123 -0.6441
vn -0.8508 0.0657 -0.5214
vn 0.0081 0.1007 -0.9949
vn 0.6723 0.6972 0.2489
vn 0.4337 0.9007 -0.0257
vn 0.2621 -0.8075 -0.5284
vn -0.9871 0.0819 -0.1374
vn -0.9990 0.0455 -0.0054
vn 0.8792 -0.4208 0.2236
vn 0.8805 -0.1636 0.4449
vn 0.4742 0.4458 0.7592
vn 0.4835 0.4439 0.7544
vn 0.4795 0.4347 0.7623
vn 0.9513 0.3006 -0.0680
vn -0.9892 -0.0444 0.1394
vn -0.9826 -0.0595 0.1762
vn -0.9712 0.0332 0.2361
vn 0.4543 -0.7792 -0.4318
vn -0.6405 0.0200 -0.7677
vn -0.5671 0.0442 -0.8225
vn -0.6410 0.0736 -0.7640
vn 0.8638 -0.5038 -0.0064
vn 0.7704 -0.6181 -0.1564
vn -0.3883 -0.3238 0.8628
vn 0.6397 -0.7121 -0.2893
vn 0.2696 -0.3922 -0.8795
vn 0.3261 -0.5697 -0.7544
vn 0.2312 -0.6066 -0.7607
vn 0.1497 -0.8571 -0.4929
vn 0.1391 -0.9799 -0.1431
vn 0.0815 -0.9766 -0.1988
vn -0.9775 0.1422 0.1558
vn -0.9976 0.0155 0.0674
vn -0.9936 0.0994 0.0527
vn 0.5466 -0.2276 0.8059
vn 0.5456 -0.1331 0.8274
vn 0.5000 -0.1237 0.8571
vn 0.3541 0.5166 -0.7796
vn 0.2066 0.5697 -0.7954
vn 0.3064 0.5839 -0.7518
vn 0.9669 0.0590 0.2483
vn 0.9685 -0.0220 0.2480
vn 0.9824 -0.0389 0.1829
vn -0.9057 0.3203 0.2777
vn -0.9808 0.0902 0.1730
vn -0.5024 0.6759 0.5393
vn -0.5139 0.5669 0.6439
vn -0.4535 0.6435 0.6166
vn 0.0413 -0.9748 -0.2194
vn -0.0033 -0.9835 0.1811
vn 0.0040 -0.9897 0.1433
vn -0.1203 -0.8055 0.5802
vn -0.1064 -0.7681 0.6315
vn -0.0980 -0.7987 0.5938
vn 0.8803 -0.1294 0.4565
vn 0.1261 -0.6420 -0.7562
vn 0.1939 -0.7329 -0.6521
vn 0.1013 -0.7576 -0.6449
vn 0.2175 0.9156 -0.3383
vn 0.3656 0.7848 -0.5005
vn 0.3116 0.8623 -0.3993
vn 0.8955 0.4280 0.1220
vn 0.9613 0.2752 0.0110
vn 0.9711 0.2010 0.1288
vn 0.2760 -0.1693 -0.9461
vn 0.1012 -0.0660 -0.9927
vn 0.2761 -0.0870 -0.9572
vn 0.9472 0.3042 -0.1017
vn 0.9447 0.2869 0.1587
vn 0.9317 0.3575 0.0635
vn -0.3253 0.2383 0.9151
vn -0.2731 0.3847 0.8817
vn -0.3321 0.4002 0.8541
vn 0.4795 0.3778 0.7921
vn 0.4450 0.2268 0.8663
vn -0.7821 0.4026 0.4757
vn -0.5863 0.5888 0.5564
vn -0.6206 0.6164 0.4846
vn 0.5246 0.1363 0.8403
vn 0.3795 0.3666 0.8494
vn 0.4361 0.1484 0.8876
vn -0.8104 0.3973 0.4306
vn 0.7795 0.0355 -0.6254
vn 0.8836 -0.0841 -0.4606
vn 0.7797 -0.0575 -0.6235
vn -0.9164 0.0595 0.3959
vn -0.9315 0.0955 0.3509
vn -0.4464 0.3984 0.8013
vn 0.0420 0.5371 0.8425
vn 0.2841 0.4760 0.8323
vn 0.2798 0.4931 0.8238
vn -0.3810 0.1716 0.9085
vn -0.6474 0.0933 0.7564
vn -0.6290 0.3880 0.6737
vn -0.7512 0.0977 0.6528
vn 0.8102 0.1605 0.5637
vn -0.0216 0.1205 -0.9925
vn -0.0331 -0.0642 -0.9974
vn 0.7861 -0.0756 -0.6135
vn 0.4539 -0.4069 0.7927
vn 0.7502 0.1391 -0.6464
vn 0.8315 0.0309 -0.5547
vn -0.8526 0.1177 -0.5092
vn -0.8452 0.1099 -0.5230
vn 0.5727 -0.6868 0.4474
vn 0.4433 -0.7680 0.4623
vn 0.3636 -0.8876 0.2829
vn 0.4776 -0.8416 0.2521
vn 0.8450 0.0562 0.5318
vn 0.8494 0.1404 0.5087
vn 0.3684 -0.7046 -0.6065
vn 0.2778 -0.8582 -0.4316
vn 0.2699 -0.8757 -0.4004
vn 0.4954 -0.3116 -0.8109
vn 0.4368 -0.5342 -0.7238
vn 0.6786 -0.4694 -0.5649
vn 0.5908 -0.6573 -0.4678
vn 0.5930 -0.5972 -0.5401
vn 0.5673 -0.7491 -0.3421
vn 0.5754 -0.7138 -0.3992
vn 0.3479 -0.2431 0.9055
vn 0.3746 0.0130 0.9271
vn 0.3414 0.0187 0.9397
vn 0.6956 0.0464 -0.7169
vn 0.2076 0.8897 -0.4066
vn 0.0803 0.8941 -0.4405
vn 0.7171 -0.2459 0.6522
vn 0.8386 0.1813 0.5137
vn 0.7660 -0.1648 0.6214
vn 0.5246 -0.0273 -0.8509
vn 0.6265 -0.2655 -0.7329
vn -0.8271 -0.2975 0.4769
vn -0.8979 -0.1802 0.4016
vn -0.9012 -0.2135 0.3772
vn 0.8915 -0.0882 -0.4444
vn 0.9466 -0.1483 -0.2863
vn 0.9549 -0.1002 -0.2794
vn 0.5813 0.5955 0.5545
vn 0.7765 0.4117 0.4770
vn 0.6199 0.6155 0.4867
vn -0.3186 -0.8339 -0.4507
vn -0.2956 -0.8678 -0.3995
vn -0.2599 -0.8202 -0.5096
vn 0.5849 0.4756 0.6570
vn 0.5590 0.3900 0.7318
vn 0.4988 0.5532 0.6672
vn -0.0687 -0.8273 -0.5576
vn 0.2434 -0.8141 -0.5273
vn 0.5100 0.5760 0.6388
vn 0.4324 -0.8711 -0.2328
vn 0.9925 0.0127 -0.1219
vn 0.9620 0.0672 -0.2648
vn 0.9631 -0.0022 -0.2690
vn -0.9380 0.0281 -0.3454
vn -0.9198 0.3918 0.0187
vn -0.9322 0.2503 -0.2617
vn 0.9287 0.1072 0.3550
vn 0.8518 0.3459 0.3935
vn 0.8074 0.4004 0.4334
vn -0.9312 0.2000 0.3047
vn 0.8821 -0.0570 -0.4677
vn 0.9446 0.1525 -0.2905
vn 0.9261 -0.0643 -0.3719
vn -0.2936 0.1011 -0.9506
vn -0.1489 0.0879 -0.9849
vn -0.1620 0.1230 -0.9791
vn 0.5458 0.0746 -0.8346
vn 0.4163 0.1022 -0.9035
vn 0.4373 0.0261 -0.8989
vn 0.1730 -0.7930 -0.5842
vn 0.3553 -0.8858 -0.2986
vn 0.9671 0.1852 0.1747
vn 0.9643 0.2647 0.0102
vn 0.8912 0.2881 0.3505
vn 0.6429 0.0335 0.7652
vn 0.8961 0.1271 0.4253
vn -0.9796 -0.1283 -0.1547
vn -0.9913 -0.1312 0.0121
vn 0.9629 0.1323 -0.2352
vn 0.2458 -0.9689 0.0299
vn 0.0366 -0.9436 0.3292
vn 0.2695 -0.9080 0.3208
vn 0.0638 0.5763 0.8147
vn 0.0077 0.6028 0.7979
vn 0.0516 0.6184 0.7842
vn -0.9333 0.1309 -0.3344
vn 0.3152 0.4773 0.8202
vn 0.3028 0.4988 0.8121
vn 0.3135 0.5000 0.8073
vn -0.4671 -0.2131 0.8581
vn -0.5987 -0.0715 0.7977
vn -0.4324 -0.0860 0.8976
vn -0.8600 0.1348 0.4922
vn 0.0748 -0.9457 -0.3164
vn -0.3644 -0.8399 0.4023
vn -0.1693 -0.8341 0.5250
vn -0.3616 -0.8553 0.3711
vn 0.9689 0.1987 0.1472
vn 0.9935 -0.1087 0.0342
vn -0.9706 -0.0342 0.2383
vn 0.0380 -0.9390 -0.3418
vn 0.1220 -0.9906 -0.0615
vn -0.0269 -0.9620 0.2718
vn 0.8088 0.1113 0.5775
vn 0.8332 0.0235 0.5525
vn -0.9403 0.2392 0.2422
vn -0.9565 0.1476 0.2517
vn 0.9982 0.0118 0.0581
vn -0.1659 0.9856 0.0322
vn -0.7286 0.6833 0.0478
vn 0.9050 -0.1462 0.3995
vn 0.8677 -0.0928 0.4884
vn -0.1579 -0.1114 -0.9812
vn -0.0258 -0.1310 -0.9910
vn 0.6885 0.0105 -0.7252
vn -0.7186 0.0586 -0.6930
vn -0.6087 -0.1219 -0.7840
vn 0.4632 -0.0191 0.8861
vn 0.5559 -0.2313 0.7984
vn 0.5208 -0.2609 0.8128
vn -0.9543 -0.0606 0.2926
vn -0.9719 -0.0117 0.2350
vn -0.8792 0.2507 -0.4052
vn -0.1021 -0.9560 -0.2750
vn -0.2545 -0.9494 -0.1840
vn -0.8216 0.4006 0.4055
vn 0.0505 -0.2389 0.9697
vn 0.1139 0.0029 0.9935
vn -0.0660 -0.8871 0.4569
vn -0.0197 -0.9053 0.4243
vn 0.0220 -0.9732 0.2289
vn 0.9536 -0.0622 0.2945
vn 0.9549 -0.0645 0.2897
vn 0.9929 -0.0326 -0.1143
vn 0.6289 0.7773 -0.0190
vn 0.8502 0.5264 0.0041
vn -0.7581 0.6141 0.2193
vn -0.3955 -0.4323 0.8104
vn -0.3551 -0.4837 0.8000
vn -0.3356 -0.4465 0.8295
vn 0.9999 -0.0123 -0.0093
vn 0.9963 -0.0642 0.0577
vn -0.0286 -0.3494 0.9365
vn 0.0149 -0.5008 0.8654
vn -0.0393 -0.4992 0.8656
vn 0.6384 0.1034 -0.7628
vn 0.5292 0.1487 -0.8353
vn 0.6144 -0.4105 0.6738
vn 0.5598 -0.3938 0.7291
vn 0.6015 -0.3603 0.7130
vn 0.0156 -0.5292 0.8483
vn -0.0031 -0.0810 -0.9967
vn 0.0040 -0.0355 -0.9994
vn -0.8082 -0.1976 0.5548
vn -0.0950 0.9762 -0.1951
vn -0.0044 0.9267 -0.3758
vn 0.1713 -0.9619 -0.2131
vn 0.0285 -0.9360 -0.3508
vn 0.1075 -0.9470 -0.3026
vn 0.9889 0.0505 0.1398
vn -0.5725 -0.3197 0.7550
vn 0.7003 -0.0169 -0.7136
vn 0.6387 0.0384 -0.7685
vn -0.5458 -0.8368 0.0422
vn 0.0207 -0.9914 -0.1293
vn 0.0799 -0.1470 0.9859
vn 0.2891 -0.2428 0.9260
vn 0.0039 -0.2700 0.9629
vn -0.0262 -0.5018 0.8646
vn 0.2753 -0.5030 0.8193
vn 0.4403 -0.8356 -0.3285
vn 0.6807 -0.6417 -0.3534
vn 0.6779 -0.6632 -0.3171
vn 0.9212 -0.3523 -0.1649
vn 0.6650 -0.7202 -0.1978
vn -0.4351 -0.8913 0.1271
vn -0.4551 -0.8777 0.1502
vn -0.1176 -0.9921 -0.0432
vn -0.0279 -0.9994 -0.0195
vn 0.9684 0.0479 0.2446
vn 0.8097 0.1378 0.5705
vn -0.7185 -0.1132 0.6863
vn -0.6724 -0.0923 0.7344
vn -0.7953 -0.1205 0.5941
vn -0.9642 0.2638 0.0269
vn -0.8827 0.4610 0.0910
vn -0.3302 -0.0317 -0.9434
vn -0.1602 0.1102 -0.9809
vn -0.1680 -0.0520 -0.9844
vn -0.1682 -0.8880 -0.4279
vn -0.0714 -0.9861 -0.1498
vn 0.0415 -0.9985 0.0346
vn 0.0444 -0.9888 -0.1425
vn 0.1591 -0.4278 -0.8897
vn 0.2302 -0.8560 -0.4629
vn -0.3990 -0.2226 0.8895
vn -0.5003 -0.2745 0.8212
vn -0.5327 -0.1755 0.8279
vn -0.7294 0.4758 -0.4915
vn 0.6542 -0.7093 0.2624
vn -0.1225 -0.0959 0.9878
vn 0.7320 -0.0815 0.6764
vn 0.7334 -0.1430 0.6645
vn 0.6897 -0.1572 0.7068
vn 0.8289 -0.1063 0.5493
vn 0.8225 0.0759 0.5636
vn -0.5322 0.1460 -0.8339
vn -0.6527 0.1506 -0.7425
vn -0.5415 0.1347 -0.8299
vn 0.7254 -0.3033 0.6180
vn 0.6082 -0.3073 0.7319
vn 0.5355 0.8005 0.2691
vn 0.7895 0.3688 0.4906
vn 0.5788 0.7805 0.2362
vn 0.0993 0.3892 0.9158
vn 0.0392 -0.3000 0.9531
vn 0.4887 -0.0881 0.8680
vn 0.2166 -0.1275 0.9679
vn -0.1593 -0.7711 0.6165
vn -0.1556 -0.9333 0.3236
vn -0.0110 -0.4134 0.9105
vn -0.1342 -0.2348 0.9627
vn -0.0387 -0.2322 0.9719
vn -0.7805 -0.0762 0.6206
vn -0.8725 0.4538 0.1813
vn -0.9518 0.2594 0.1634
vn 0.8979 0.2612 0.3543
vn 0.9589 0.1369 0.2484
vn 0.6436 0.1830 -0.7431
vn 0.6379 0.1692 -0.7513
vn -0.9031 0.2786 0.3267
vn 0.5769 -0.2433 0.7798
vn 0.5941 -0.3175 0.7391
vn -0.0006 -0.7493 -0.6622
vn 0.1063 -0.8314 -0.5454
vn 0.2158 -0.7927 -0.5702
vn -0.8454 0.2993 -0.4424
vn 0.4649 0.3717 0.8035
vn 0.0830 -0.9230 -0.3756
vn 0.4125 -0.6639 0.6238
vn 0.9115 0.1339 -0.3888
vn 0.9529 0.1515 -0.2626
vn 0.5156 0.1773 -0.8383
vn -0.9212 0.2065 -0.3298
vn 0.4591 -0.3848 0.8007
vn 0.5473 -0.2373 0.8026
vn -0.0758 -0.0920 0.9929
vn -0.1935 -0.0966 0.9763
vn 0.8187 -0.3923 -0.4193
vn 0.0381 -0.9452 -0.3244
vn 0.2384 -0.8639 -0.4437
vn 0.2799 -0.8784 -0.3874
vn 0.9388 0.2469 0.2401
vn -0.3480 -0.9237 -0.1600
vn -0.4413 -0.8914 -0.1029
vn -0.3860 -0.9120 -0.1386
vn 0.0080 -0.9740 -0.2266
vn 0.4421 0.0140 0.8968
vn 0.5139 0.0105 0.8578
vn -0.9623 0.2294 0.1461
vn 0.5182 -0.8287 -0.2115
vn 0.6608 -0.7300 -0.1745
vn 0.1192 0.4210 0.8992
vn 0.0028 0.1736 0.9848
vn 0.0100 0.4075 0.9132
vn -0.6583 -0.0332 -0.7521
vn -0.5273 0.1224 -0.8408
vn -0.2389 -0.9239 -0.2991
vn -0.2787 -0.9435 -0.1791
vn 0.9009 -0.0357 -0.4325
vn 0.9616 -0.0386 -0.2716
vn 0.9399 0.3200 0.1190
vn 0.8873 0.4225 0.1848
vn 0.6448 0.1093 0.7565
vn 0.6888 -0.1696 0.7048
vn 0.7038 -0.2042 0.6805
vn 0.9251 0.3796 0.0018
vn 0.7953 0.4370 0.4201
vn 0.8043 0.4742 0.3582
vn 0.0096 -0.5877 0.8090
vn -0.1438 -0.4118 0.8999
vn 0.9891 -0.0263 0.1447
vn -0.0076 -0.4967 0.8679
vn -0.0964 -0.5262 0.8449
vn -0.0849 -0.0972 0.9916
vn 0.0528 -0.1251 0.9907
vn 0.0489 -0.0876 0.9950
vn 0.0754 -0.8672 -0.4923
vn 0.3070 0.0230 0.9514
vn 0.3269 0.2090 0.9217
vn 0.3132 0.2090 0.9264
vn 0.1124 -0.7735 -0.6238
vn -0.1363 -0.6933 -0.7076
vn 0.7620 0.4131 0.4987
vn 0.5400 0.7644 0.3523
vn 0.2786 0.9348 0.2201
vn 0.6029 0.6996 0.3835
vn 0.3186 0.9299 0.1836
vn 0.2335 0.9542 0.1871
vn -0.9650 -0.2611 -0.0245
vn -0.8303 -0.5414 -0.1326
vn -0.7729 -0.2768 0.5709
vn 0.9834 0.1767 0.0405
vn -0.1288 -0.7638 -0.6325
vn 0.7625 -0.0297 -0.6463
vn 0.8480 0.1095 -0.5186
vn 0.8294 -0.0487 -0.5565
vn -0.8081 -0.3970 -0.4352
vn 0.2498 -0.9673 -0.0433
vn -0.0059 -0.0824 -0.9966
vn -0.1821 -0.4254 -0.8865
vn -0.1861 -0.0823 -0.9791
vn 0.4890 -0.0928 -0.8673
vn 0.2702 0.2063 -0.9404
vn 0.7818 0.6099 0.1298
vn -0.8661 0.0610 0.4962
vn -0.6464 0.0535 0.7611
vn -0.6792 -0.1655 0.7151
vn 0.8066 0.1258 0.5776
vn 0.7603 -0.1193 0.6385
vn 0.9043 0.1245 -0.4084
vn 0.6890 -0.2610 0.6761
vn 0.6712 -0.2544 0.6962
vn -0.3047 -0.9511 0.0508
vn 0.4042 -0.1563 0.9012
vn 0.4938 -0.2036 0.8454
vn 0.3705 -0.2203 0.9023
vn 0.9480 0.3135 -0.0552
vn -0.2557 -0.0932 0.9623
vn -0.6241 -0.6371 0.4523
vn -0.3589 0.5054 0.7847
vn -0.2505 0.5432 0.8014
vn -0.3873 0.5362 0.7500
vn -0.6252 0.7425 0.2407
vn -0.7162 0.6813 0.1514
vn -0.2967 -0.0295 -0.9545
vn -0.1382 -0.0708 -0.9879
vn -0.1351 -0.0324 -0.9903
vn 0.0157 0.2853 -0.9583
vn 0.1074 0.1548 -0.9821
vn 0.6630 0.6051 0.4408
vn 0.7394 0.5722 0.3548
vn 0.5917 0.7291 0.3439
vn 0.5009 -0.8479 -0.1738
vn 0.3525 -0.9132 -0.2047
vn 0.4811 0.6947 0.5348
vn 0.5433 0.6843 0.4864
vn 0.5229 0.6993 0.4874
vn -0.0931 -0.4069 0.9087
vn -0.2941 -0.4579 0.8389
vn 0.5012 0.6767 0.5393
vn 0.4584 0.6441 0.6123
vn -0.3931 -0.9115 -0.1209
vn -0.4504 -0.8927 -0.0180
vn 0.6767 0.5706 0.4652
vn -0.3596 0.4818 0.7991
vn -0.5808 -0.3059 0.7544
vn -0.6506 -0.2651 0.7116
vn -0.3026 -0.9354 -0.1829
vn 0.7028 -0.2450 0.6679
vn 0.7795 -0.0513 0.6244
vn 0.5643 0.0030 -0.8256
vn -0.1760 -0.9572 -0.2296
vn 0.4531 0.4641 0.7612
vn 0.4098 0.4566 0.7897
vn -0.1215 0.2465 -0.9615
vn 0.3694 0.4837 0.7934
vn 0.3286 0.4696 0.8194
vn -0.6228 0.6172 0.4807
vn -0.7315 0.5132 0.4489
vn -0.6766 0.5727 0.4629
vn 0.5198 0.4478 0.7275
vn 0.7341 0.4703 0.4898
vn 0.5281 0.4565 0.7161
vn -0.1232 -0.9920 0.0274
vn -0.0084 -0.9721 -0.2343
vn 0.0484 -0.9734 -0.2241
vn -0.1943 0.5119 0.8368
vn 0.0864 0.5042 0.8592
vn 0.9335 0.3177 -0.1663
vn 0.9312 0.3264 -0.1624
vn 0.9358 0.3281 -0.1289
vn 0.9301 0.3273 -0.1667
vn 0.9068 0.4092 0.1016
vn 0.8994 0.4094 0.1532
vn 0.7196 0.4617 0.5187
vn -0.9382 0.2917 -0.1862
vn -0.8850 0.1851 -0.4271
vn -0.9453 0.0355 0.3244
vn -0.8931 0.1475 0.4251
vn -0.9247 -0.0153 0.3805
vn -0.6903 -0.1109 -0.7150
vn -0.6386 -0.0437 -0.7683
vn -0.6930 -0.0518 -0.7191
vn 0.2836 -0.7126 -0.6417
vn -0.0270 -0.8200 0.5717
vn -0.0254 -0.7895 0.6132
vn -0.9828 -0.1660 -0.0815
vn 0.6251 0.6132 0.4829
vn 0.6134 0.6207 0.4883
vn 0.6765 0.5653 0.4720
vn 0.6724 0.5731 0.4684
vn 0.4585 -0.2345 0.8572
vn 0.3437 -0.1972 0.9181
vn -0.7910 0.2973 0.5348
vn -0.8351 0.4260 0.3481
vn 0.3033 0.3713 0.8775
vn -0.4099 -0.9116 0.0315
vn 0.8832 -0.1178 -0.4540
vn 0.8938 0.2732 0.3556
vn 0.8782 -0.4747 -0.0581
vn 0.5507 -0.1854 0.8139
vn 0.6295 -0.1541 0.7616
vn -0.4709 -0.0441 -0.8811
vn -0.3059 0.0968 -0.9471
vn -0.9392 -0.0331 -0.3417
vn -0.4001 -0.4840 0.7783
vn -0.5801 -0.4049 0.7068
vn -0.3083 -0.0686 -0.9488
vn -0.1463 -0.0971 -0.9845
vn -0.1459 -0.9829 -0.1123
vn -0.8202 -0.0358 -0.5710
vn -0.9372 -0.0470 -0.3457
vn -0.8161 -0.0403 -0.5765
vn 0.7290 0.5115 0.4548
vn 0.4466 0.6595 0.6047
vn 0.4878 0.6083 0.6261
vn -0.3347 -0.8984 -0.2842
vn -0.3357 -0.2383 0.9113
vn -0.2576 0.0242 0.9660
vn -0.3231 0.0294 0.9459
vn -0.7881 -0.2378 0.5678
vn 0.8502 0.2258 0.4756
vn 0.7578 0.3913 0.5222
vn 0.1029 -0.1445 -0.9841
vn 0.6547 0.6228 0.4283
vn 0.5271 0.8163 0.2363
vn -0.0018 0.1387 -0.9903
vn 0.1781 -0.0818 -0.9806
vn 0.0349 -0.9909 -0.1300
vn -0.2272 -0.9732 0.0364
vn 0.3457 -0.0954 0.9335
vn 0.5249 -0.0834 0.8471
vn 0.9326 0.2351 0.2739
vn 0.7473 0.5033 0.4339
vn 0.3626 -0.4499 0.8161
vn -0.1375 0.0286 -0.9901
vn 0.5813 -0.4300 0.6908
vn 0.0292 -0.9990 -0.0348
vn -0.4027 -0.9112 0.0872
vn -0.0532 0.1677 0.9844
vn -0.9982 0.0035 0.0607
vn -0.7905 0.6104 -0.0504
vn -0.2237 -0.4790 0.8488
vn -0.2195 -0.3662 0.9043
vn 0.4629 -0.7288 -0.5045
vn 0.4696 -0.7686 -0.4344
vn 0.6228 0.7734 0.1183
vn 0.8557 -0.2280 0.4644
vn -0.0455 -0.9336 -0.3554
vn 0.1776 -0.2566 0.9501
vn 0.2955 -0.1309 0.9463
vn 0.7621 -0.2931 -0.5772
vn -0.8149 -0.0615 -0.5763
vn 0.8353 -0.4227 -0.3515
vn 0.4689 0.8424 0.2654
vn 0.6808 0.4135 0.6046
vn 0.6582 0.2716 0.7022
vn -0.4138 0.1145 -0.9031
vn -0.2950 0.0681 -0.9531
vn -0.3398 -0.9261 -0.1640
vn -0.3395 -0.9144 -0.2204
vn 0.6973 0.5542 -0.4546
vn -0.8757 0.4119 0.2520
vn -0.2850 -0.9504 -0.1244
vn 0.2874 -0.1210 -0.9501
vn 0.2844 -0.1529 -0.9464
vn -0.3958 -0.8808 -0.2601
vn -0.8580 -0.4316 -0.2783
vn -0.1114 0.9854 0.1285
vn 0.1799 0.9357 -0.3034
vn 0.2236 -0.0448 0.9737
vn -0.0240 -0.0211 0.9995
vn 0.5972 0.7072 0.3783
vn 0.3333 0.9232 0.1916
vn -0.4287 -0.2329 0.8729
vn -0.2631 -0.3213 0.9097
vn -0.0926 -0.1526 0.9839
vn 0.4972 -0.0698 0.8648
vn 0.2926 -0.0773 0.9531
vn -0.3496 0.5394 0.7660
vn -0.3640 0.3908 0.8454
vn -0.4619 -0.3886 0.7973
vn -0.7739 -0.1037 0.6248
vn 0.6184 -0.1263 -0.7757
vn -0.3941 -0.4227 0.8161
vn -0.3965 -0.4872 0.7781
vn 0.3712 -0.3520 -0.8593
vn 0.2902 0.4072 0.8660
vn 0.1430 0.1641 0.9760
vn 0.4523 -0.0503 -0.8904
vn 0.5832 -0.0640 -0.8098
vn 0.4073 -0.2831 0.8683
vn -0.1391 -0.7819 0.6077
vn -0.1908 -0.8190 0.5412
vn -0.1063 0.1937 0.9753
vn 0.9405 -0.0203 0.3391
vn 0.8663 0.3184 0.3848
vn 0.8279 0.2507 0.5017
vn 0.6108 0.7195 0.3306
vn 0.7958 0.2800 0.5370
vn -0.2916 0.1065 -0.9506
vn -0.1717 0.1236 -0.9774
vn -0.4609 -0.0308 -0.8869
vn -0.4688 -0.0390 -0.8824
vn -0.1175 -0.8851 0.4503
vn -0.0669 -0.8804 0.4694
vn 0.0337 0.3211 -0.9464
vn 0.1237 0.3615 -0.9241
vn -0.8026 -0.5899 -0.0886
vn -0.0004 -0.8304 0.5572
vn 0.9762 0.2143 -0.0341
vn 0.9678 0.1895 -0.1657
vn 0.9766 0.1687 -0.1338
vn 0.1520 -0.1728 0.9732
vn -0.7412 0.0780 0.6667
vn -0.0133 -0.8655 -0.5008
vn 0.9459 0.1134 0.3040
vn -0.7454 0.0839 0.6613
vn -0.0178 -0.7600 -0.6497
vn 0.2219 0.4973 -0.8387
vn 0.1422 0.4083 -0.9017
vn -0.7990 0.4487 -0.4004
vn -0.6079 0.7236 -0.3268
vn -0.6923 0.5855 0.4218
vn -0.6643 0.6720 0.3274
vn -0.0031 -0.9923 0.1236
vn -0.0008 -0.9137 0.4065
vn 0.2856 0.1293 -0.9496
vn 0.1677 0.1359 -0.9764
vn 0.8071 -0.0335 0.5894
vn 0.3702 0.2134 0.9041
vn -0.4463 0.0353 0.8942
vn -0.0075 -0.9720 -0.2347
vn -0.1520 -0.5824 0.7986
vn 0.0255 -0.7796 0.6257
vn -0.6935 0.3092 0.6507
vn 0.6786 0.1694 -0.7147
vn 0.0541 -0.9631 -0.2636
vn 0.0593 -0.9604 -0.2723
vn 0.0102 -0.9630 -0.2693
vn 0.0483 -0.9927 -0.1105
vn -0.7351 0.3799 0.5615
vn 0.0553 -0.9251 -0.3757
vn 0.7148 -0.5323 0.4536
vn 0.0891 -0.7598 -0.6440
vn -0.0687 -0.4985 0.8642
vn -0.3031 -0.4979 0.8126
vn 0.0677 -0.8483 -0.5251
vn -0.1645 -0.7820 -0.6012
vn -0.3101 -0.7226 -0.6178
vn -0.1118 -0.7743 -0.6228
vn 0.2599 -0.7796 -0.5699
vn 0.1774 -0.8140 -0.5532
vn -0.0769 -0.7685 -0.6352
vn 0.3096 -0.7568 -0.5757
vn 0.6867 -0.6242 -0.3727
vn -0.1426 -0.7793 -0.6102
vn 0.1096 -0.8368 -0.5364
vn -0.3012 -0.7286 -0.6152
vn -0.2912 -0.7366 -0.6105
vn -0.3605 -0.7260 -0.5856
vn -0.3619 -0.7455 -0.5597
vn -0.3612 -0.7102 -0.6042
vn -0.2811 -0.7466 -0.6029
vn -0.0532 -0.7684 -0.6378
vn -0.3631 -0.7655 -0.5311
vn -0.2708 -0.7579 -0.5935
vn 0.6040 0.5370 0.5890
vn 0.4868 0.6198 0.6155
vn -0.3339 -0.8677 -0.3683
vn -0.3617 -0.9199 -0.1511
vn -0.3669 -0.8923 -0.2629
vn -0.3899 -0.9132 -0.1187
vn -0.3054 -0.9512 -0.0454
vn -0.3820 -0.9241 -0.0052
vn -0.2778 -0.3892 -0.8782
vn 0.8977 -0.4291 -0.1006
vn 0.0777 -0.1854 0.9796
vn -0.2563 -0.1641 0.9526
vn -0.4613 -0.8820 0.0962
vn -0.8973 0.2986 0.3252
vn -0.9906 -0.0509 -0.1272
vn -0.9904 -0.1384 -0.0040
vn -0.9845 -0.1020 -0.1428
vn 0.2188 0.9621 -0.1624
vn 0.2070 0.9771 0.0493
vn -0.4558 -0.8506 -0.2623
vn -0.5554 -0.8252 0.1029
vn 0.7967 -0.0646 -0.6009
vn 0.7160 0.0243 -0.6977
vn 0.2920 -0.0691 -0.9539
vn -0.3243 0.3788 0.8668
vn -0.0193 -0.6492 -0.7604
vn 0.5082 -0.3522 0.7859
vn 0.4093 -0.2349 0.8816
vn 0.3699 -0.4175 0.8300
vn 0.0676 -0.9476 -0.3121
vn 0.2109 -0.9304 -0.2996
vn 0.0483 -0.9346 -0.3524
vn 0.4655 -0.8849 0.0139
vn 0.3816 -0.8798 0.2835
vn 0.4125 -0.9110 -0.0034
vn -0.2005 0.5689 0.7976
vn -0.0741 0.5768 0.8135
vn -0.8426 0.5021 0.1947
vn -0.4809 0.6949 0.5347
vn -0.4382 0.6601 0.6101
vn -0.9554 -0.0758 0.2855
vn -0.9507 0.0972 0.2945
vn -0.6809 -0.7171 -0.1485
vn -0.5706 -0.8025 -0.1744
vn -0.6676 -0.7318 -0.1373
vn 0.9871 -0.0300 0.1571
vn 0.5210 -0.2704 0.8096
vn -0.6098 0.6252 0.4871
vn -0.6825 0.5628 0.4663
vn -0.8997 0.2698 0.3432
vn -0.7622 0.4989 0.4124
vn 0.4782 -0.4430 0.7583
vn -0.8404 0.3372 0.4244
vn -0.9280 0.1517 0.3404
vn -0.4514 -0.0014 -0.8923
vn -0.2963 0.0204 -0.9549
vn -0.4413 0.0469 -0.8961
vn -0.5498 -0.0951 0.8299
vn 0.3590 -0.9196 -0.1597
vn 0.3512 -0.9163 -0.1922
vn 0.6565 0.1339 -0.7424
vn -0.3355 -0.9023 -0.2706
vn -0.4949 -0.8375 -0.2318
vn -0.3495 -0.8885 -0.2973
vn -0.6028 -0.7701 -0.2086
vn -0.7247 -0.6628 -0.1885
vn -0.6268 -0.7510 -0.2074
vn -0.3070 -0.9236 -0.2295
vn -0.0177 -0.9664 -0.2566
vn -0.2843 -0.9267 -0.2459
vn 0.3749 0.3723 0.8490
vn 0.2176 0.4946 0.8415
vn 0.4125 0.4968 0.7636
vn 0.3382 -0.5922 0.7314
vn -0.0466 -0.4959 0.8671
vn -0.0840 -0.6709 0.7368
vn 0.3365 -0.7597 0.5564
vn -0.0343 -0.8356 0.5482
vn 0.5174 -0.6717 0.5302
vn -0.7253 -0.6644 -0.1804
vn -0.7029 -0.6909 -0.1690
vn -0.4939 -0.8405 -0.2229
vn -0.5982 -0.7769 -0.1964
vn -0.3994 0.1187 -0.9090
vn -0.6059 -0.7694 -0.2025
vn -0.3229 -0.8984 -0.2978
vn -0.4800 -0.8390 -0.2563
vn -0.3189 -0.8917 -0.3211
vn 0.3055 -0.8233 -0.4783
vn 0.3864 -0.7681 -0.5106
vn 0.3172 -0.8005 -0.5085
vn -0.7039 -0.6859 -0.1844
vn -0.8457 -0.5142 -0.1429
vn 0.4856 -0.4290 0.7617
vn 0.5370 -0.3720 0.7571
vn -0.4790 -0.8480 -0.2269
vn -0.3031 -0.9050 -0.2984
vn -0.4860 -0.8340 -0.2614
vn -0.6035 -0.7648 -0.2254
vn -0.7007 -0.6896 -0.1830
vn -0.5479 -0.7991 -0.2475
vn -0.6620 -0.7052 -0.2539
vn -0.5522 -0.7891 -0.2690
vn -0.0815 -0.9697 -0.2304
vn -0.3646 -0.8905 -0.2722
vn -0.0896 -0.9649 -0.2468
vn -0.3054 -0.8860 -0.3489
vn -0.4635 -0.7328 -0.4981
vn -0.2406 -0.8671 -0.4362
vn 0.0049 0.1413 -0.9900
vn -0.9522 0.2966 -0.0725
vn -0.8697 0.4210 0.2576
vn 0.3227 0.3698 0.8713
vn 0.3388 -0.9194 -0.2000
vn 0.4172 -0.8789 -0.2311
vn 0.4759 -0.8485 -0.2314
vn -0.6142 -0.3508 0.7069
vn 0.9878 0.0852 -0.1302
vn -0.7166 0.0339 -0.6967
vn -0.6467 0.1148 -0.7541
vn 0.8147 0.3674 0.4487
vn 0.4636 -0.2445 0.8516
vn 0.2909 0.9549 0.0597
vn 0.5157 0.1468 -0.8441
vn -0.0929 0.3872 0.9173
vn -0.0773 -0.9619 -0.2622
vn -0.3346 -0.8960 -0.2921
vn 0.4851 -0.0640 0.8721
vn 0.0331 0.9800 -0.1964
vn 0.0291 0.9996 0.0038
vn -0.3626 0.9208 0.1437
vn 0.1753 0.3783 0.9089
vn 0.6820 0.6514 0.3324
vn -0.5570 -0.0878 -0.8258
vn -0.4264 0.0543 -0.9029
vn -0.3629 -0.6920 -0.6241
vn -0.2831 -0.8508 -0.4426
vn -0.4550 -0.6458 -0.6131
vn -0.2681 -0.8652 -0.4238
vn -0.0218 -0.9908 -0.1338
vn -0.0134 -0.3810 0.9245
vn 0.1538 -0.3713 0.9157
vn -0.5470 -0.5784 -0.6052
vn -0.5531 -0.4645 -0.6917
vn -0.3686 -0.7728 -0.5167
vn 0.8148 0.3133 0.4878
vn 0.4692 -0.8829 0.0160
vn 0.2044 -0.9643 0.1681
vn 0.3109 -0.8955 0.3184
vn -0.7051 -0.2555 -0.6615
vn -0.4595 -0.7511 0.4741
vn -0.2829 -0.9142 0.2900
vn -0.3408 -0.7690 0.5409
vn -0.1929 -0.9810 0.0224
vn -0.0127 -0.9656 -0.2596
vn -0.0775 -0.9946 -0.0689
vn -0.3638 -0.5093 0.7799
vn -0.3633 -0.6171 0.6980
vn -0.3542 -0.6588 0.6637
vn -0.1900 -0.9572 0.2181
vn -0.3007 -0.8161 0.4935
vn -0.6583 0.1522 -0.7372
vn -0.6625 0.1122 -0.7406
vn 0.0073 -0.9341 -0.3570
vn -0.1075 -0.9822 -0.1538
vn -0.0348 -0.9695 -0.2427
vn 0.7304 0.3930 0.5586
vn 0.7524 0.1079 0.6498
vn 0.8652 0.0755 0.4957
vn 0.8115 -0.1988 0.5495
vn -0.9701 0.1686 -0.1749
vn -0.4304 0.0860 -0.8985
vn -0.5538 0.0969 -0.8270
vn -0.4841 0.5507 0.6799
vn 0.3951 -0.0411 -0.9177
vn -0.1776 0.0023 0.9841
vn -0.2485 -0.2309 0.9407
vn -0.2357 -0.9667 0.0997
vn -0.5316 -0.8328 0.1546
vn -0.4201 -0.9074 0.0122
vn -0.2749 -0.4416 0.8540
vn -0.9898 0.1416 -0.0165
vn -0.9779 0.2040 0.0457
vn -0.0512 -0.9926 -0.1106
vn -0.3021 -0.9452 -0.1236
vn -0.2166 -0.9506 -0.2222
vn -0.9361 -0.1426 0.3216
vn -0.6447 -0.6682 0.3712
vn -0.5017 -0.6205 0.6027
vn -0.3666 -0.8829 0.2933
vn -0.6065 -0.7464 0.2741
vn -0.8528 -0.2120 0.4773
vn -0.7510 -0.6454 0.1397
vn -0.7554 -0.6552 -0.0070
vn -0.7157 -0.6887 -0.1157
vn -0.3801 0.4808 0.7902
vn -0.4050 0.4836 0.7759
vn -0.4739 0.4572 0.7526
vn -0.7138 -0.6998 0.0282
vn -0.6646 -0.5846 0.4653
vn -0.7859 -0.4761 0.3945
vn -0.7717 -0.5849 0.2497
vn -0.2911 0.1595 0.9433
vn -0.3480 -0.0916 0.9330
vn -0.6325 -0.7668 -0.1093
vn -0.4839 -0.8325 -0.2698
vn -0.5481 -0.7707 -0.3249
vn -0.3447 -0.8233 -0.4509
vn -0.3364 0.9412 -0.0324
vn -0.8043 -0.5673 0.1770
vn -0.5873 0.3845 0.7122
vn -0.5436 0.4342 0.7183
vn -0.5724 0.3852 0.7239
vn -0.6987 0.0029 -0.7155
vn 0.4611 -0.1135 -0.8800
vn -0.6810 -0.2676 0.6817
vn 0.1123 -0.7938 -0.5977
vn 0.0513 -0.7593 -0.6487
vn 0.3144 -0.6552 -0.6869
vn 0.6813 -0.1625 0.7137
vn -0.6932 -0.6670 -0.2731
vn -0.8822 -0.3921 -0.2608
vn -0.8012 -0.4683 -0.3725
vn -0.6601 -0.7204 -0.2128
vn -0.7504 -0.6351 -0.1835
vn -0.6291 -0.6966 -0.3448
vn -0.7316 -0.5122 -0.4499
vn -0.5077 -0.7446 -0.4333
vn 0.2881 -0.9572 -0.0290
vn 0.3060 -0.9263 -0.2200
vn 0.1300 -0.9549 0.2670
vn 0.2030 -0.9234 -0.3257
vn -0.9727 -0.2256 -0.0538
vn 0.4747 -0.1753 -0.8625
vn 0.4693 -0.1526 -0.8698
vn 0.8571 0.3027 0.4167
vn 0.8646 -0.0028 0.5025
vn -0.4432 0.8742 -0.1982
vn -0.2507 0.9496 -0.1883
vn 0.4653 -0.2854 0.8379
vn 0.7338 0.0846 -0.6741
vn 0.8140 -0.0211 -0.5804
vn 0.8128 0.2751 0.5135
vn 0.0066 0.0334 -0.9994
vn 0.1444 -0.3060 0.9410
vn 0.3622 -0.1618 0.9180
vn -0.2412 -0.8285 0.5054
vn -0.3307 -0.6634 0.6712
vn -0.0390 -0.9696 0.2416
vn -0.3297 -0.5067 0.7966
vn -0.3369 -0.3261 0.8833
vn -0.8083 0.3258 -0.4904
vn -0.6590 0.6963 -0.2844
vn -0.8111 0.3353 -0.4793
vn -0.9361 0.0829 -0.3420
vn -0.8636 -0.2379 -0.4444
vn -0.6965 0.6441 -0.3163
vn -0.8080 0.1456 -0.5709
vn -0.7913 -0.0364 -0.6104
vn -0.7837 0.0026 -0.6211
vn -0.8177 0.1193 -0.5631
vn -0.7707 -0.4242 -0.4754
vn -0.8168 -0.1628 -0.5534
vn -0.8758 -0.0614 -0.4787
vn -0.6263 -0.5669 -0.5352
vn -0.9259 0.1608 -0.3418
vn -0.2406 0.9703 -0.0271
vn -0.9717 0.2348 -0.0277
vn 0.2540 -0.4673 0.8468
vn 0.3065 -0.3160 0.8979
vn -0.5782 -0.0296 -0.8154
vn -0.5772 -0.0019 -0.8166
vn -0.1049 -0.8383 -0.5350
vn 0.1942 -0.7701 -0.6077
vn -0.2996 -0.0576 -0.9523
vn -0.2311 -0.8286 -0.5099
vn -0.2067 -0.6978 -0.6858
vn -0.1665 -0.8208 -0.5464
vn 0.6677 0.0693 0.7412
vn -0.1471 -0.9701 -0.1930
vn -0.0990 -0.9603 -0.2608
vn -0.9312 -0.0659 -0.3584
vn -0.3150 -0.5531 -0.7713
vn -0.2392 -0.5842 -0.7756
vn -0.2674 0.2325 0.9351
vn -0.7386 0.4098 0.5352
vn 0.1181 -0.8100 0.5744
vn 0.0631 -0.8959 0.4398
vn 0.0996 -0.8021 0.5889
vn -0.9399 -0.0274 -0.3404
vn -0.0708 -0.5191 0.8518
vn -0.4764 -0.0539 -0.8776
vn -0.3220 -0.0751 -0.9437
vn 0.5530 -0.3541 0.7542
vn -0.2769 -0.6854 -0.6735
vn 0.1092 -0.7694 0.6293
vn 0.0277 -0.8209 0.5704
vn 0.0269 -0.7891 0.6137
vn -0.1612 -0.6280 -0.7614
vn -0.9657 0.2529 -0.0584
vn 0.4365 0.2333 0.8690
vn -0.4541 0.2444 0.8567
vn -0.0374 0.4157 0.9088
vn -0.9929 0.0176 -0.1174
vn 0.1762 0.1993 0.9640
vn 0.8020 0.1725 0.5719
vn -0.6243 -0.1023 -0.7744
vn -0.3022 -0.8609 -0.4093
vn -0.5145 -0.4998 0.6967
vn -0.1244 -0.9916 -0.0360
vn -0.1697 0.4690 0.8668
vn -0.3354 0.4608 0.8217
vn -0.4885 -0.3089 -0.8160
vn -0.4297 -0.5260 -0.7340
vn 0.6240 0.4032 0.6693
vn 0.5519 -0.8316 0.0624
vn 0.3588 -0.8523 0.3805
vn 0.6202 0.3222 0.7152
vn 0.8230 -0.2036 0.5302
vn 0.1634 -0.4906 0.8559
vn -0.9342 -0.1285 0.3327
vn -0.5419 0.6874 0.4836
vn -0.5209 0.7028 0.4845
vn -0.8556 0.3421 0.3885
vn -0.9907 -0.1049 0.0865
vn -0.9952 -0.0601 0.0771
vn -0.2305 0.2197 0.9480
vn -0.6042 -0.3798 0.7005
vn -0.4305 0.1534 0.8895
vn 0.3570 0.1504 0.9219
vn -0.6611 0.4657 0.5882
vn -0.6415 0.4520 0.6198
vn 0.7270 0.6405 0.2473
vn -0.4751 -0.2138 0.8536
vn -0.5856 -0.1523 0.7961
vn 0.5586 -0.8202 0.1237
vn 0.3599 -0.8374 0.4113
vn -0.4906 -0.7835 -0.3814
vn -0.5195 -0.8008 -0.2981
vn -0.6427 0.6957 0.3209
vn -0.5709 0.7830 0.2472
vn 0.2055 -0.8973 -0.3906
vn -0.1317 -0.9115 -0.3898
vn 0.1201 -0.8738 -0.4712
vn -0.5659 0.4061 0.7175
vn -0.3594 -0.3243 0.8750
vn 0.1896 -0.9711 -0.1454
vn -0.4147 -0.4621 0.7839
vn -0.5128 -0.3824 0.7686
vn 0.9808 0.1267 0.1484
vn -0.3693 -0.4790 0.7963
vn 0.0249 -0.9645 0.2630
vn 0.4013 -0.3473 0.8476
vn 0.0568 -0.9407 -0.3345
vn 0.1552 -0.9564 -0.2473
vn -0.0604 -0.9523 -0.2990
vn -0.9027 -0.1098 0.4161
vn -0.6606 -0.7130 -0.2349
vn -0.7522 -0.6159 -0.2341
vn -0.7284 -0.6210 -0.2897
vn -0.7503 -0.6255 -0.2142
vn -0.9662 0.0669 0.2489
vn -0.9858 -0.0178 0.1671
vn -0.9842 0.0634 0.1651
vn 0.4154 -0.8561 -0.3076
vn 0.3899 -0.8901 -0.2361
vn 0.4425 -0.8681 -0.2247
vn -0.4698 -0.8541 -0.2232
vn -0.5867 -0.7843 -0.2016
vn -0.7090 -0.1411 0.6909
vn -0.5149 0.4460 0.7321
vn -0.6174 0.7395 0.2683
vn 0.7983 0.2740 0.5363
vn 0.9669 0.2156 0.1366
vn 0.2079 -0.4090 0.8885
vn -0.3662 0.1588 -0.9169
vn -0.5110 0.0199 -0.8593
vn -0.4580 0.1495 -0.8763
vn 0.3765 -0.5804 -0.7221
vn -0.0884 -0.8311 -0.5491
vn -0.5538 0.4723 0.6857
vn -0.7024 0.5191 0.4869
vn -0.5672 0.5347 0.6264
vn 0.3578 -0.8764 -0.3224
vn 0.2307 -0.9404 -0.2500
vn -0.6335 -0.1809 0.7523
vn 0.1468 -0.8983 -0.4142
vn 0.3117 -0.8537 -0.4172
vn 0.2906 -0.0673 -0.9545
vn 0.4350 -0.8115 -0.3901
vn -0.3764 -0.4242 0.8236
vn -0.3935 -0.1056 0.9133
vn 0.9823 0.1602 0.0969
vn -0.7564 -0.3091 -0.5764
vn -0.1612 -0.8519 -0.4982
vn -0.5738 -0.0634 -0.8165
vn -0.3760 0.4983 0.7812
vn -0.3629 0.4791 0.7992
vn 0.1705 0.1343 -0.9762
vn -0.6195 -0.2691 -0.7374
vn -0.6973 -0.5796 -0.4218
vn -0.6790 -0.4778 -0.5573
vn -0.6062 -0.6855 -0.4033
vn 0.2909 -0.9331 -0.2112
vn 0.3634 -0.9194 -0.1504
vn 0.3169 -0.9333 -0.1687
vn -0.8132 -0.0271 0.5813
vn 0.4004 -0.9072 -0.1294
vn 0.1761 -0.9646 -0.1964
vn 0.1629 -0.9631 -0.2140
vn -0.0323 -0.9734 -0.2266
vn 0.3675 -0.7994 -0.4752
vn 0.4410 0.3781 0.8140
vn 0.2730 0.5173 0.8111
vn -0.1213 0.2092 0.9703
vn 0.0079 0.5592 0.8290
vn 0.0090 0.5711 0.8208
vn -0.6788 0.5697 0.4633
vn -0.6858 0.5995 0.4127
vn 0.4322 -0.0268 0.9014
vn -0.0831 0.3864 0.9186
vn -0.3578 -0.8994 -0.2511
vn -0.5961 -0.6029 -0.5303
vn -0.8746 0.4710 -0.1149
vn -0.8444 0.3324 -0.4201
vn 0.1636 -0.8346 0.5261
vn -0.3502 0.5074 0.7874
vn -0.7352 0.2129 -0.6436
vn -0.6038 0.0131 -0.7970
vn -0.8951 0.4211 -0.1467
vn 0.5838 -0.3920 0.7110
vn 0.1185 -0.9650 -0.2341
vn 0.0701 0.4874 0.8704
vn -0.8621 0.1679 -0.4781
vn -0.8517 0.1683 -0.4963
vn 0.8918 0.3806 0.2444
vn -0.9261 0.2716 -0.2619
vn -0.5910 0.1563 -0.7914
vn -0.8886 0.4220 0.1797
vn 0.4772 0.3910 0.7870
vn -0.0301 -0.9799 0.1972
vn -0.0078 -0.9903 0.1384
vn -0.2410 0.2272 -0.9436
vn -0.2550 0.2027 -0.9454
vn 0.0620 -0.8881 0.4554
vn 0.1968 -0.9232 -0.3300
vn -0.7670 0.1276 -0.6288
vn -0.0886 -0.9198 -0.3823
vn -0.0481 -0.9443 -0.3255
vn 0.9545 -0.0495 0.2942
vn 0.9879 0.0382 0.1506
vn -0.4613 0.6159 0.6386
vn -0.1079 -0.9156 -0.3875
vn -0.0881 -0.9362 -0.3402
vn -0.9742 0.1709 -0.1475
vn -0.5046 -0.8350 -0.2195
vn 0.5023 -0.1889 0.8438
vn 0.3875 -0.2420 0.8896
vn 0.2298 0.5661 0.7917
vn -0.5617 0.2502 0.7886
vn 0.2234 -0.9532 -0.2038
vn 0.6877 0.2141 -0.6937
vn 0.3857 -0.9058 -0.1756
vn 0.1827 -0.9656 -0.1852
vn 0.3523 -0.9252 -0.1407
vn -0.6332 -0.7158 -0.2946
vn -0.5314 -0.2147 0.8194
vn -0.1729 -0.1855 0.9673
vn -0.0147 -0.4383 -0.8987
vn -0.6266 0.7522 0.2042
vn -0.7282 0.2495 -0.6383
vn -0.5812 0.1903 -0.7912
vn -0.6410 -0.4201 -0.6424
vn 0.9703 0.2415 0.0170
vn -0.4006 -0.4510 0.7976
vn -0.0490 -0.9396 -0.3389
vn 0.2935 -0.9492 -0.1137
vn -0.5631 -0.2214 0.7962
vn 0.4006 0.5304 0.7471
vn -0.4472 0.1850 -0.8751
vn -0.3553 0.1843 -0.9164
vn -0.9522 -0.3052 0.0169
vn -0.9242 -0.3810 -0.0268
vn 0.1134 -0.8867 0.4481
vn 0.1373 -0.7852 0.6038
vn -0.1229 -0.9891 -0.0815
vn -0.1041 -0.8477 -0.5202
vn -0.1358 -0.7377 -0.6613
vn -0.0612 -0.9658 -0.2518
vn -0.2299 -0.5140 0.8264
vn 0.0172 -0.9092 0.4159
vn -0.0139 -0.9926 0.1210
vn -0.1043 0.2767 -0.9553
vn -0.6745 0.4625 0.5754
vn -0.5887 0.3096 0.7467
vn -0.2986 -0.0760 -0.9513
vn -0.5565 0.3833 0.7371
vn 0.1227 -0.2133 0.9692
vn 0.1664 -0.3962 0.9030
vn 0.2453 -0.7527 0.6110
vn 0.2060 -0.5684 0.7966
vn 0.9076 -0.0585 0.4157
vn 0.1460 -0.9266 -0.3467
vn 0.2013 -0.9489 -0.2430
vn 0.0336 -0.9199 -0.3906
vn 0.0406 -0.9273 -0.3721
vn 0.1456 -0.9881 -0.0490
vn 0.0026 -0.9678 -0.2517
vn -0.0137 -0.9245 -0.3809
vn -0.0288 -0.9912 -0.1288
vn -0.1992 -0.9406 -0.2750
vn -0.4327 -0.6190 -0.6555
vn -0.1484 -0.6087 -0.7794
vn -0.2737 -0.7892 -0.5497
vn 0.1068 -0.5268 -0.8433
vn -0.5063 -0.2644 -0.8208
vn -0.7033 -0.2003 -0.6821
vn -0.4979 -0.3472 -0.7947
vn -0.4528 -0.6867 -0.5686
vn -0.0854 -0.7585 -0.6461
vn -0.6930 -0.1430 -0.7066
vn -0.6597 -0.5571 -0.5044
vn -0.2443 -0.3179 -0.9161
vn -0.1906 -0.4188 -0.8878
vn -0.0831 -0.3669 -0.9265
vn 0.3195 -0.7038 -0.6345
vn 0.0291 -0.4762 -0.8789
vn -0.1079 -0.3827 -0.9176
vn -0.3649 -0.3984 -0.8415
vn 0.0089 -0.3798 -0.9250
vn 0.1861 -0.4692 -0.8632
vn -0.7437 -0.2554 -0.6178
vn -0.6000 -0.3477 -0.7204
vn 0.4823 -0.7746 -0.4092
vn 0.1279 -0.8816 -0.4544
vn -0.8909 0.4391 0.1160
vn 0.3725 -0.8354 -0.4041
vn 0.4366 -0.8858 -0.1573
vn 0.4064 -0.9056 -0.1213
vn 0.3107 -0.1523 0.9382
vn 0.3473 -0.9260 -0.1481
vn 0.2864 -0.9221 -0.2603
vn -0.6152 0.6325 0.4707
vn 0.1167 0.1858 0.9756
vn -0.9031 -0.0523 0.4262
vn -0.7692 -0.0118 0.6389
vn -0.4841 -0.3732 0.7914
vn -0.3101 -0.5644 0.7650
vn -0.4718 -0.5306 0.7042
vn -0.3055 -0.3996 0.8643
vn -0.2864 -0.2288 0.9304
vn -0.3071 -0.7473 0.5893
vn -0.4411 -0.7110 0.5476
vn -0.2842 -0.9078 0.3086
vn -0.3843 -0.8776 0.2867
vn -0.0925 -0.4903 0.8666
vn 0.9712 -0.0204 0.2374
vn -0.1887 0.6085 0.7708
vn 0.0278 0.6155 0.7876
vn -0.3383 0.5835 0.7383
vn -0.1792 -0.9697 -0.1660
vn 0.0512 -0.9547 -0.2930
vn -0.0618 -0.9654 -0.2535
vn -0.2915 -0.9566 0.0054
vn -0.2230 -0.9747 0.0176
vn -0.1375 -0.9780 -0.1570
vn 0.0552 -0.9578 -0.2820
vn -0.0419 -0.9688 -0.2443
vn 0.3846 -0.5385 0.7498
vn 0.5117 -0.5075 0.6933
vn 0.5149 -0.8113 0.2768
vn 0.3573 -0.3760 0.8550
vn 0.4160 -0.7084 0.5702
vn 0.4297 -0.8522 0.2984
vn 0.3297 -0.2009 0.9224
vn 0.2957 0.8278 -0.4768
vn 0.4383 0.5297 0.7262
vn 0.0542 -0.9631 -0.2636
vn 0.0460 -0.9623 -0.2679
vn 0.2112 -0.9426 -0.2586
vn 0.3857 0.5739 0.7224
vn 0.2173 0.6057 0.7655
vn 0.1716 -0.9551 -0.2416
vn 0.2872 -0.9462 -0.1489
vn 0.0559 -0.9586 -0.2791
vn 0.3828 -0.9236 0.0219
vn 0.3258 -0.7573 -0.5660
vn 0.6656 -0.6473 -0.3715
vn -0.0328 -0.7801 -0.6247
vn -0.2559 -0.7758 -0.5768
vn -0.3575 -0.7808 -0.5123
vn -0.3356 -0.7980 -0.5006
vn 0.7846 0.4867 0.3841
vn 0.6000 0.5276 0.6014
vn 0.9180 0.3959 0.0222
vn 0.8477 -0.5034 -0.1671
vn 0.9253 -0.3787 -0.0205
vn 0.9618 -0.2498 0.1122
vn 0.5517 -0.8334 -0.0330
vn 0.0856 -0.9787 -0.1864
vn 0.4197 -0.8923 -0.1664
vn 0.6627 -0.7453 -0.0732
vn 0.1996 -0.9745 -0.1026
vn -0.2123 -0.9627 -0.1676
vn 0.7645 -0.6349 0.1113
vn 0.7981 -0.5329 0.2811
vn 0.7103 -0.7028 -0.0407
vn 0.7297 -0.6782 -0.0871
vn 0.4512 -0.8675 -0.2094
vn 0.8178 -0.5644 0.1125
vn 0.5943 -0.6675 -0.4487
vn 0.0490 -0.9675 -0.2483
vn -0.1329 -0.9842 -0.1168
vn -0.2757 -0.9324 -0.2338
vn -0.6962 0.5354 0.4783
vn -0.8667 0.4717 0.1625
vn -0.9079 0.2839 -0.3083
vn -0.4148 -0.8951 -0.1638
vn -0.9946 -0.1037 0.0102
vn -0.5666 -0.8036 -0.1822
vn -0.7254 -0.6649 -0.1781
vn -0.4737 0.8636 -0.1726
vn 0.6617 -0.0214 -0.7494
vn -0.5464 -0.8163 -0.1871
vn -0.5716 0.5474 0.6113
vn -0.7346 -0.6500 -0.1947
vn -0.3643 -0.9203 -0.1422
vn -0.4810 -0.8432 -0.2402
vn -0.6453 -0.7160 -0.2663
vn -0.8192 -0.5168 -0.2487
vn -1.0000 -0.0073 -0.0001
vn -0.9506 0.1338 0.2801
vn -0.9965 0.0824 0.0166
vn 0.9814 0.0291 -0.1898
vn 0.8842 -0.0446 -0.4649
vn 0.8852 0.0269 -0.4645
vn -0.7509 0.5254 0.4001
vn -0.9519 0.3059 0.0174
vn -0.8564 0.3714 0.3586
vn 0.9670 -0.1305 -0.2187
vn 0.8184 -0.3096 -0.4842
vn 0.8676 -0.1549 -0.4725
vn -0.9127 0.2489 0.3241
vn -0.9722 0.0458 0.2298
vn -0.9988 -0.0430 -0.0235
vn -0.9818 -0.0065 0.1896
vn -0.3730 -0.6626 -0.6495
vn -0.7014 -0.6145 -0.3611
vn -0.6150 -0.5749 -0.5397
vn -0.0698 0.9346 0.3488
vn -0.6438 0.7246 0.2458
vn -0.4933 0.7616 0.4202
vn -0.6976 0.5567 0.4509
vn -0.8375 0.1164 0.5339
vn -0.7309 0.3340 0.5952
vn -0.8189 -0.4263 0.3842
vn -0.5605 -0.6793 0.4737
vn -0.7449 -0.4567 0.4864
vn -0.9017 -0.1200 0.4154
vn -0.7359 -0.4008 0.5458
vn -0.7390 -0.3372 0.5833
vn 0.2636 -0.8054 0.5308
vn 0.8848 -0.4528 0.1099
vn 0.2655 -0.7274 0.6328
vn 0.1586 -0.7149 -0.6810
vn -0.4721 -0.7505 -0.4625
vn 0.1172 -0.7375 0.6651
vn 0.7868 -0.5700 0.2368
vn 0.0568 -0.8022 0.5944
vn -0.9820 -0.1611 -0.0984
vn -0.9872 0.0579 0.1485
vn -0.9981 -0.0495 -0.0359
vn 0.7535 -0.6491 -0.1045
vn 0.8538 -0.5201 0.0235
vn 0.2931 -0.9496 -0.1112
vn 0.8049 -0.4772 -0.3527
vn 0.7749 -0.5350 -0.3366
vn -0.9030 -0.4177 -0.1006
vn -0.7559 -0.6172 -0.2184
vn -0.9079 -0.4176 0.0375
vn -0.9816 -0.0966 0.1645
vn -0.9915 -0.1164 0.0572
vn -0.8658 -0.4454 -0.2279
vn 0.9377 -0.0886 -0.3359
vn 0.8447 0.5295 -0.0779
vn 0.9416 -0.0669 -0.3300
vn 0.7478 -0.6533 0.1181
vn 0.0425 -0.8965 0.4410
vn 0.1434 -0.9568 0.2528
vn 0.6567 -0.7263 -0.2030
vn 0.1875 -0.9586 0.2141
vn 0.2733 -0.0619 -0.9599
vn 0.8641 -0.0208 -0.5029
vn 0.8862 0.0415 -0.4615
vn 0.1478 -0.2362 -0.9604
vn 0.7050 -0.3503 -0.6167
vn 0.7338 -0.2907 -0.6141
vn 0.5516 -0.8104 -0.1974
vn 0.1936 -0.9230 0.3325
vn 0.7564 -0.4737 -0.4511
vn -0.1711 -0.9778 0.1210
vn -0.3604 -0.8225 0.4401
vn -0.4167 -0.8796 0.2293
vn 0.5945 -0.8011 -0.0692
vn 0.9256 -0.1888 -0.3280
vn 0.8925 -0.4339 -0.1230
vn -0.9800 0.1983 0.0165
vn 0.8302 -0.5014 0.2439
vn 0.9648 -0.0254 -0.2619
vn -0.8851 -0.2157 0.4124
vn -0.6287 -0.7146 0.3068
vn 0.7339 -0.6738 -0.0857
vn 0.8036 -0.4875 -0.3416
vn 0.8206 0.5711 -0.0218
vn 0.9460 -0.0244 -0.3231
vn 0.8663 -0.4630 0.1873
vn 0.9781 -0.0629 -0.1982
vn 0.9768 -0.0533 -0.2076
vn 0.9838 0.0151 -0.1787
vn 0.9776 -0.0096 -0.2103
vn 0.9719 -0.0744 -0.2234
vn 0.9630 -0.1498 -0.2239
vn 0.9641 -0.0829 -0.2521
vn 0.9557 -0.1588 -0.2480
vn 0.9693 -0.0389 -0.2428
vn 0.9569 -0.0419 -0.2875
vn 0.9534 -0.0699 -0.2935
vn 0.9515 -0.1416 -0.2731
vn 0.9820 0.0658 -0.1773
vn 0.9808 0.0874 -0.1745
vn 0.9773 0.0391 -0.2080
vn 0.9704 -0.0113 -0.2412
vn 0.9770 0.0287 -0.2111
vn 0.9674 -0.0168 -0.2527
vn 0.9570 -0.0598 -0.2839
vn 0.9558 -0.0361 -0.2917
vn 0.9636 -0.0571 -0.2613
vn 0.9792 0.0721 -0.1895
vn 0.9717 -0.0079 -0.2363
vn 0.9184 -0.2179 -0.3302
vn 0.8917 -0.2860 -0.3508
vn 0.9495 -0.1166 -0.2913
vn 0.9311 -0.1668 -0.3244
vn 0.8613 -0.3445 -0.3734
vn 0.9210 -0.1963 -0.3364
vn 0.9481 -0.0823 -0.3071
vn 0.8236 -0.3890 -0.4127
vn 0.8305 -0.3821 -0.4053
vn 0.8379 -0.3630 -0.4077
vn 0.8045 -0.4261 -0.4137
vn 0.8028 -0.4302 -0.4128
vn 0.7304 -0.5393 -0.4191
vn 0.7854 -0.4594 -0.4149
vn 0.9459 -0.0363 -0.3224
vn 0.7597 -0.5006 -0.4149
vn 0.6915 -0.5910 -0.4155
vn 0.3318 -0.7161 0.6141
vn 0.8492 -0.0084 0.5281
vn 0.7523 0.6582 -0.0279
vn 0.9355 -0.0976 -0.3395
vn 0.9457 -0.0367 -0.3231
vn -0.8755 -0.4624 0.1406
vn -0.7669 -0.6380 -0.0692
vn -0.7242 -0.6881 0.0455
vn -0.8155 -0.5417 0.2039
vn -0.9299 -0.2198 0.2948
vn -0.9606 -0.1361 0.2423
vn 0.4386 -0.8501 -0.2916
vn 0.8716 -0.3790 -0.3110
vn 0.8630 -0.3881 -0.3235
vn -0.9457 0.0080 0.3250
vn -0.9111 -0.0826 0.4039
vn -0.9499 -0.0043 0.3125
vn -0.9593 0.0219 0.2814
vn -0.9536 0.0483 0.2973
vn -0.9391 -0.0196 0.3431
vn -0.9550 0.0954 0.2810
vn -0.9605 0.0745 0.2682
vn -0.9659 0.0400 0.2557
vn -0.9704 0.0818 0.2271
vn -0.9649 0.1144 0.2363
vn -0.9500 0.0024 0.3122
vn -0.9177 -0.0869 0.3877
vn -0.9246 -0.0773 0.3731
vn -0.9413 0.0882 0.3260
vn -0.9452 0.1146 0.3057
vn -0.9599 0.0231 0.2795
vn -0.9670 0.0346 0.2524
vn -0.9548 0.1099 0.2760
vn -0.9751 0.0280 0.2199
vn -0.9752 0.0425 0.2173
vn -0.9084 0.2340 0.3464
vn -0.9300 -0.0024 0.3675
vn -0.9135 0.1393 0.3822
vn -0.8280 0.4181 0.3736
vn -0.8440 0.3874 0.3709
vn -0.9056 0.2522 0.3411
vn -0.9220 0.2165 0.3210
vn -0.8718 0.3273 0.3646
vn -0.9055 0.2582 0.3367
vn -0.9446 0.1531 0.2904
vn -0.9654 0.0739 0.2500
vn -0.5924 0.6821 0.4288
vn -0.6192 0.6405 0.4542
vn -0.5654 0.6915 0.4497
vn -0.3765 0.8294 0.4128
vn -0.3601 0.8386 0.4087
vn -0.6355 0.6439 0.4261
vn -0.6534 0.6317 0.4171
vn -0.6555 0.6224 0.4277
vn -0.7155 0.5632 0.4133
vn -0.3683 0.8334 0.4121
vn -0.3977 0.8121 0.4270
vn -0.6714 0.6006 0.4342
vn -0.7533 0.5106 0.4146
vn -0.2434 -0.6775 0.6941
vn -0.3671 -0.3605 0.8575
vn -0.4905 -0.3893 0.7797
vn -0.6121 -0.4869 0.6231
vn -0.3764 -0.7530 0.5398
vn -0.3587 -0.1202 -0.9257
vn 0.1770 -0.2445 -0.9534
vn 0.3750 -0.8593 -0.3478
vn -0.3805 -0.9206 -0.0877
vn -0.4797 -0.8579 -0.1843
vn -0.9026 -0.1256 -0.4118
vn -0.6129 -0.4079 -0.6767
vn -0.8612 -0.2896 -0.4177
vn -0.8147 -0.4425 -0.3749
vn 0.1239 0.9470 0.2964
vn 0.4144 0.8875 0.2014
vn 0.0672 0.9418 0.3294
vn 0.1216 0.9493 0.2898
vn 0.4249 0.8872 0.1799
vn 0.0015 0.9306 0.3660
vn 0.3473 0.9125 0.2161
vn -0.4406 0.7814 0.4420
vn 0.3871 0.8922 0.2329
vn -0.5171 0.2126 0.8291
vn -0.2892 -0.1137 0.9505
vn -0.3457 0.6743 0.6525
vn -0.5015 0.6983 0.5108
vn -0.6051 0.5330 0.5914
vn -0.5682 0.0196 0.8227
vn -0.8231 0.1658 -0.5431
vn -0.5812 -0.0500 -0.8122
vn -0.8542 0.0685 -0.5154
vn -0.5873 -0.0805 -0.8054
vn -0.8737 -0.0048 -0.4864
vn -0.5841 -0.0883 -0.8068
vn -0.8796 -0.0579 -0.4722
vn -0.5746 -0.0815 -0.8144
vn -0.8757 -0.0749 -0.4770
vn -0.5556 -0.0578 -0.8294
vn -0.8607 -0.0618 -0.5053
vn -0.5726 -0.0191 -0.8196
vn -0.8674 -0.0257 -0.4969
vn -0.9980 -0.0456 -0.0435
vn 0.3398 -0.0265 -0.9401
vn 0.8870 0.0556 -0.4583
vn 0.9573 -0.0139 -0.2889
vn 0.2298 -0.9530 0.1973
vn -0.3537 -0.5907 0.7252
vn -0.2133 -0.6507 0.7288
vn -0.1171 -0.6665 0.7362
vn -0.2387 -0.6782 0.6950
vn -0.7274 -0.3711 0.5772
vn -0.7363 -0.3289 0.5913
vn -0.4275 -0.5626 0.7076
vn -0.1329 -0.7730 0.6203
vn 0.0226 -0.7315 0.6815
vn 0.1385 -0.8099 0.5699
vn -0.2174 -0.8249 0.5217
vn -0.7631 -0.3842 0.5197
vn -0.7220 -0.4146 0.5539
vn -0.3963 -0.7977 0.4545
vn -0.5889 -0.6138 0.5258
vn -0.7430 -0.2173 0.6331
vn -0.8486 -0.1920 0.4930
vn 0.8845 0.4546 -0.1045
vn 0.9308 -0.1221 -0.3445
vn 0.9116 0.3855 -0.1429
vn 0.2222 -0.1036 -0.9695
vn 0.8049 -0.1549 -0.5728
vn -0.2511 -0.9674 -0.0334
vn -0.9948 0.0167 0.1008
vn -0.9537 -0.2689 -0.1348
vn -0.9839 -0.1747 -0.0370
vn 0.5184 0.8450 0.1310
vn 0.5851 0.8031 0.1123
vn 0.5078 -0.8518 -0.1289
vn 0.6762 -0.6196 -0.3985
vn -0.1529 -0.6174 0.7716
vn 0.1743 -0.8684 0.4642
vn -0.0346 -0.3914 0.9196
vn -0.1234 0.1821 -0.9755
vn 0.7598 0.2875 -0.5831
vn 0.3351 -0.0908 -0.9378
vn 0.0159 -0.7990 0.6011
vn -0.0743 -0.8834 0.4628
vn -0.0122 -0.7210 0.6928
vn 0.3215 -0.8414 -0.4344
vn -0.4797 -0.8578 -0.1843
vn -0.5053 -0.8003 -0.3228
vn -0.1995 -0.0401 -0.9791
vn 0.4098 0.0020 -0.9122
vn 0.4479 -0.0510 -0.8926
vn 0.3073 -0.4815 -0.8208
vn -0.2586 -0.4851 -0.8354
vn 0.1696 -0.1763 -0.9696
vn -0.3521 -0.1026 -0.9303
vn -0.3628 -0.1201 -0.9241
vn 0.3905 -0.8995 -0.1962
vn -0.1836 -0.9823 0.0381
vn -0.3221 -0.0707 -0.9440
vn -0.0502 -0.6778 0.7336
vn 0.2007 -0.7108 0.6742
vn -0.0775 -0.6871 0.7224
vn -0.1089 -0.7605 0.6402
vn 0.2617 -0.8132 -0.5199
vn 0.6318 0.7680 0.1046
vn 0.4533 0.8790 0.1478
vn 0.7897 0.6120 -0.0436
vn 0.8302 -0.5013 0.2438
vn -0.3077 -0.8580 0.4113
vn 0.0397 -0.8980 0.4383
vn -0.2131 -0.2239 -0.9510
vn -0.2755 -0.7035 0.6551
vn -0.1749 -0.9082 0.3802
vn -0.5210 -0.8346 0.1787
vn -0.6287 -0.0333 -0.7770
vn -0.1989 -0.0082 -0.9800
vn -0.2477 -0.0541 -0.9673
vn -0.3173 -0.0858 -0.9444
vn -0.5501 0.0236 -0.8348
vn -0.4425 0.3369 -0.8311
vn -0.0147 0.9273 -0.3740
vn 0.4050 0.7196 -0.5640
vn -0.6594 0.4356 0.6127
vn 0.6556 0.7518 0.0699
vn 0.3922 0.9019 0.1813
vn -0.4375 0.8960 -0.0762
vn -0.6352 -0.7645 0.1096
vn 0.3546 0.4246 0.8331
vn -0.7559 -0.6171 -0.2184
vn 0.8729 -0.1980 -0.4460
vn 0.3984 0.8939 0.2054
vn 0.7673 0.6395 -0.0484
vn 0.4119 0.8983 0.1527
vn 0.4197 -0.2331 -0.8772
vn 0.4547 -0.8542 -0.2521
vn 0.8410 -0.4242 -0.3358
vn 0.7377 -0.3227 -0.5930
vn -0.9992 -0.0183 -0.0353
vn -0.9855 -0.0263 0.1676
vn 0.8349 -0.4230 -0.3522
vn 0.9377 -0.1587 -0.3090
vn -0.9999 -0.0008 -0.0154
vn -0.9863 0.0014 0.1651
vn -0.9790 0.0956 0.1802
vn -0.9812 0.0664 0.1812
vn -0.9839 0.0233 0.1772
vn -0.9852 0.0433 0.1658
vn -0.9827 -0.0009 0.1852
vn -0.9754 0.0288 0.2187
vn -0.9593 0.0938 0.2663
vn -0.9294 0.1862 0.3185
vn -0.7021 0.5648 0.4337
vn -0.7824 0.4670 0.4121
vn -0.4405 0.7814 0.4420
vn -0.8157 0.4140 0.4039
vn 0.2870 0.9340 0.2128
vn 0.1617 0.9426 0.2920
vn 0.4050 0.7197 -0.5640
vn 0.8207 0.5710 -0.0218
vn 0.8655 -0.3922 -0.3117
vn -0.7253 -0.6359 0.2637
vn -0.8829 -0.3251 0.3387
vn -0.8330 0.3566 0.4231
vn 0.6099 -0.6898 -0.3901
vn -0.3457 0.6743 0.6526
vn -0.1238 0.9185 0.3756
vn 0.9324 -0.0555 -0.3571
vn 0.9394 -0.0281 -0.3416
vn 0.9457 -0.0060 -0.3250
vn 0.9338 -0.0407 -0.3554
vn 0.9504 -0.0045 -0.3110
vn 0.9490 -0.0596 -0.3096
vn 0.9237 -0.1941 -0.3302
vn 0.8386 -0.3927 -0.3776
vn 0.8269 -0.4231 -0.3705
vn 0.9219 -0.2590 -0.2882
vn 0.9609 -0.1000 -0.2580
vn 0.6488 -0.6417 -0.4090
vn 0.7194 -0.5572 -0.4148
vn 0.0152 0.9479 0.3181
vn -0.3766 0.8293 0.4128
vn -0.4120 0.8025 0.4316
vn 0.7231 -0.5597 -0.4048
vn 0.6887 -0.6069 -0.3967
vn 0.6562 -0.6540 -0.3763
vn 0.9162 -0.1265 -0.3803
vn -0.0367 0.5991 0.7998
vn -0.8493 0.3666 0.3798
vn -0.8812 0.2975 0.3673
vn -0.7489 0.4409 -0.4947
vn -0.8684 0.4933 0.0499
vn -0.6439 0.7246 0.2458
vn -0.6502 -0.0550 0.7577
vn -0.0366 0.5991 0.7998
vn -0.8129 0.4279 0.3950
vn -0.7709 0.4994 0.3954
vn -0.7167 0.5722 0.3987
vn 0.8047 -0.4421 -0.3962
vn 0.7624 -0.5030 -0.4072
vn 0.7680 -0.4876 -0.4152
vn 0.8427 -0.3738 -0.3875
vn 0.8720 -0.3153 -0.3743
vn 0.9287 -0.1775 -0.3257
vn 0.9185 -0.1358 -0.3715
vn 0.9463 -0.1026 -0.3066
vn -0.9680 0.0982 0.2307
vn -0.9849 0.0740 0.1565
vn -0.4738 -0.6014 0.6433
vn -0.7390 -0.3371 0.5833
vn -0.7358 -0.4008 0.5458
vn -0.8980 -0.0250 -0.4392
vn -0.6479 -0.1822 -0.7396
vn -0.9460 -0.0115 0.3239
vn -0.9566 0.0640 0.2842
vn -0.9481 0.0473 0.3145
vn -0.9279 -0.1086 0.3566
vn 0.9253 -0.2275 -0.3033
vn 0.9250 -0.2584 -0.2785
vn 0.9336 -0.2518 -0.2549
vn 0.9413 -0.2301 -0.2472
vn 0.9965 0.0824 0.0166
vn 0.9120 0.2486 0.3262
vn 0.9495 0.1337 0.2837
vn 0.9519 0.3059 0.0174
vn 0.7527 0.5248 0.3975
vn 0.8565 0.3709 0.3589
vn 0.9537 -0.2689 -0.1348
vn 0.9933 0.0179 0.1142
vn 0.9847 -0.1735 -0.0142
vn 0.9988 -0.0430 -0.0235
vn 0.9709 0.0459 0.2351
vn 0.9805 -0.0063 0.1964
vn 0.9999 -0.0008 -0.0154
vn 0.9848 0.0019 0.1735
vn 0.9837 0.0438 0.1742
vn 1.0000 -0.0073 -0.0001
vn 0.0711 0.9357 0.3455
vn 0.6438 0.7246 0.2458
vn 0.4375 0.8960 -0.0762
vn 0.5015 0.6983 0.5108
vn 0.1247 0.9174 0.3779
vn 0.3457 0.6743 0.6525
vn -0.8720 -0.4699 0.1373
vn -0.2887 -0.7376 0.6104
vn -0.1917 -0.8054 0.5608
vn -0.8441 -0.5352 0.0318
vn 0.0737 -0.7833 0.6173
vn -0.1989 -0.8959 0.3973
vn 0.0160 -0.7214 0.6923
vn -0.9172 -0.3881 0.0899
vn -0.5141 -0.6973 0.4995
vn -0.4183 -0.6994 0.5796
vn -0.8959 -0.4202 0.1446
vn -0.0613 -0.7005 0.7110
vn -0.1256 -0.7255 0.6767
vn 0.2767 -0.8702 0.4076
vn -0.1004 -0.9942 -0.0393
vn 0.3034 -0.9428 0.1379
vn -0.8378 -0.5172 -0.1749
vn -0.9204 -0.1428 -0.3639
vn -0.8284 -0.4362 -0.3515
vn -0.6184 -0.3892 -0.6828
vn -0.9069 -0.1327 -0.3999
vn -0.7064 -0.1885 -0.6823
vn -0.5431 -0.5968 -0.5906
vn -0.8718 -0.2650 -0.4119
vn 0.0190 -0.7156 -0.6982
vn -0.1373 -0.4990 -0.8556
vn 0.8728 -0.4474 -0.1950
vn 0.9824 -0.1008 0.1570
vn 0.9069 -0.4203 0.0287
vn -0.4158 0.8935 0.1698
vn -0.2609 0.9285 0.2644
vn -0.6072 -0.0676 -0.7917
vn -0.8744 -0.1384 -0.4650
vn -0.5062 -0.1773 -0.8440
vn -0.6631 -0.0118 -0.7484
vn -0.9180 -0.0022 -0.3966
vn -0.0690 -0.0817 -0.9943
vn 0.0075 -0.1104 -0.9939
vn -0.4455 -0.2746 -0.8521
vn -0.7701 -0.3543 -0.5306
vn -0.4580 -0.3121 -0.8324
vn -0.8066 -0.2842 -0.5183
vn 0.0773 -0.1522 -0.9853
vn 0.0868 -0.1834 -0.9792
vn -0.9567 0.1192 -0.2655
vn -0.7570 0.6534 -0.0037
vn -0.8499 0.5208 -0.0802
vn -0.8077 -0.5728 -0.1397
vn -0.4386 -0.8916 0.1128
vn -0.7090 -0.6594 -0.2499
vn 0.0147 -0.9467 0.3218
vn -0.5206 -0.8520 -0.0553
vn 0.1032 -0.8727 0.4773
vn -0.9614 -0.0974 -0.2574
vn -0.9661 -0.0280 -0.2567
vn -0.5336 -0.8196 -0.2087
vn -0.6759 -0.6193 -0.3996
vn -0.6099 -0.6884 -0.3926
vn 0.6488 -0.7069 0.2817
vn 0.5605 -0.6794 0.4737
vn -0.8441 -0.5353 0.0319
vn -0.9228 -0.2528 -0.2908
vn -0.8048 -0.4825 -0.3457
vn -0.8958 -0.4202 0.1446
vn -0.9601 -0.0218 -0.2787
vn -0.9504 -0.0364 -0.3090
vn 0.8351 -0.4140 0.3623
vn 0.7448 -0.4568 0.4864
vn -0.9755 -0.0544 -0.2132
vn -0.9782 -0.0075 -0.2074
vn -0.9798 0.0282 -0.1977
vn -0.9777 0.0258 -0.2086
vn -0.9791 0.0871 -0.1838
vn -0.9563 -0.0390 -0.2897
vn -0.9525 -0.0677 -0.2970
vn -0.9550 -0.1591 -0.2502
vn -0.9439 -0.1021 -0.3139
vn -0.8102 -0.4826 -0.3327
vn -0.0642 -0.8674 -0.4934
vn -0.2141 -0.9189 -0.3313
vn -0.7095 -0.6288 -0.3182
vn -0.8926 -0.3340 -0.3028
vn -0.9247 -0.2588 -0.2793
vn 0.1912 -0.2109 0.9586
vn -0.0589 -0.8085 0.5856
vn 0.2881 -0.4709 0.8338
vn -0.2618 -0.9445 -0.1987
vn 0.9305 -0.2221 0.2914
vn 0.8161 -0.5432 0.1975
vn -0.9702 -0.0078 -0.2421
vn -0.8928 -0.2856 -0.3484
vn -0.9370 -0.1581 -0.3115
vn 0.9455 0.1558 0.2859
vn 0.9673 0.0716 0.2434
vn 0.7712 0.4984 0.3960
vn 0.7826 0.4694 0.4089
vn 0.7155 0.5630 0.4136
vn -0.6913 -0.5919 -0.4144
vn -0.8046 -0.4264 -0.4132
vn -0.7684 -0.4878 -0.4143
vn -0.7596 -0.5017 -0.4140
vn -0.9169 -0.1707 -0.3607
vn -0.9080 0.3820 -0.1720
vn -0.9203 -0.1621 -0.3561
vn -0.9712 -0.0745 -0.2264
vn -0.6773 0.0085 -0.7356
vn -0.9302 0.0570 -0.3625
vn -0.6631 -0.0118 -0.7485
vn -0.6908 0.0054 -0.7230
vn -0.9264 0.0645 -0.3710
vn -0.2279 -0.0184 -0.9735
vn -0.1492 -0.0519 -0.9874
vn -0.9483 -0.0804 -0.3071
vn -0.9504 -0.1163 -0.2886
vn -0.9709 -0.0112 -0.2394
vn -0.9555 -0.0332 -0.2932
vn 0.9167 -0.0733 0.3927
vn 0.9589 0.0203 0.2831
vn 0.9225 -0.0773 0.3783
vn 0.9592 0.0214 0.2819
vn 0.9287 -0.0676 0.3646
vn -0.1205 0.9486 0.2927
vn -0.4721 0.8646 0.1720
vn -0.9214 -0.1959 -0.3356
vn 0.9326 0.0053 0.3607
vn 0.9056 0.2464 0.3451
vn 0.9143 0.1417 0.3794
vn 0.9705 0.0813 0.2268
vn 0.9532 0.0471 0.2987
vn 0.9655 0.1134 0.2344
vn 0.9477 0.0458 0.3158
vn 0.8446 0.3835 0.3735
vn 0.9094 -0.1095 0.4013
vn -0.7230 -0.5609 -0.4034
vn -0.8055 -0.4421 -0.3946
vn -0.9265 -0.1746 -0.3332
vn -0.8739 -0.3442 -0.3433
vn 0.9981 -0.0495 -0.0359
vn 0.9857 0.0585 0.1581
vn 0.6356 0.6431 0.4271
vn 0.6188 0.6413 0.4538
vn 0.6729 0.6000 0.4327
vn 0.4666 -0.4366 -0.7692
vn 0.9026 -0.1256 -0.4118
vn 0.8612 -0.2896 -0.4177
vn 0.5062 -0.6150 -0.6045
vn 0.9820 -0.1611 -0.0984
vn 0.8147 -0.4425 -0.3749
vn -0.8387 -0.3937 -0.3763
vn 0.3981 0.8112 0.4283
vn 0.4942 0.7630 0.4166
vn -0.8773 -0.3629 -0.3140
vn 0.5171 0.2126 0.8291
vn 0.5682 0.0196 0.8227
vn 0.5014 0.6983 0.5108
vn 0.6051 0.5330 0.5914
vn 0.5077 -0.0729 -0.8584
vn 0.8231 0.1658 -0.5431
vn 0.8542 0.0685 -0.5154
vn 0.5261 -0.0910 -0.8455
vn 0.9800 0.1983 0.0165
vn 0.8737 -0.0048 -0.4864
vn 0.5289 -0.0946 -0.8434
vn 0.8796 -0.0579 -0.4722
vn 0.5051 -0.0896 -0.8584
vn 0.8757 -0.0749 -0.4770
vn 0.4411 -0.0633 -0.8952
vn 0.8607 -0.0618 -0.5053
vn 0.4045 -0.0227 -0.9143
vn 0.9980 -0.0456 -0.0435
vn 0.8674 -0.0257 -0.4969
vn -0.7109 -0.5723 -0.4087
vn -0.9257 -0.3778 0.0173
vn -0.9392 -0.0555 -0.3389
vn 0.8958 -0.2033 0.3952
vn 0.7448 -0.4567 0.4864
vn 0.3537 -0.5907 0.7252
vn 0.1535 -0.6706 0.7258
vn 0.4275 -0.5626 0.7076
vn 0.2387 -0.6782 0.6950
vn 0.0911 -0.6743 0.7328
vn 0.7274 -0.3711 0.5772
vn 0.7363 -0.3289 0.5913
vn 0.1329 -0.7730 0.6203
vn 0.0012 -0.7279 0.6857
vn 0.2174 -0.8249 0.5217
vn -0.0713 -0.8072 0.5859
vn 0.7631 -0.3842 0.5197
vn 0.7220 -0.4146 0.5539
vn 0.3164 -0.8413 0.4382
vn 0.5889 -0.6138 0.5258
vn 0.4876 -0.6356 0.5986
vn 0.8375 0.1164 0.5339
vn 0.7429 -0.2173 0.6331
vn 0.8486 -0.1920 0.4930
vn -0.8901 -0.4517 -0.0612
vn 0.4126 0.8022 0.4315
vn 0.3610 0.8371 0.4111
vn -0.0666 0.9412 0.3312
vn 0.9066 0.2582 0.3338
vn 0.8502 0.3674 0.3771
vn -0.9397 -0.2312 -0.2520
vn 0.0101 -0.8925 0.4510
vn -0.2550 -0.2380 -0.9372
vn 0.4660 -0.0099 -0.8848
vn -0.2080 0.0241 -0.9778
vn 0.3179 0.3044 -0.8979
vn -0.4583 0.8738 0.1626
vn -0.2754 -0.0506 -0.9600
vn 0.6135 -0.7755 -0.1487
vn 0.6008 -0.7008 -0.3845
vn 0.4658 -0.1987 -0.8623
vn 0.4376 -0.0398 -0.8983
vn 0.8330 0.3559 0.4237
vn 0.6973 0.5565 0.4517
vn 0.9461 -0.0131 0.3236
vn -0.1314 -0.8043 0.5796
vn 0.2029 -0.7328 0.6495
vn -0.6984 0.4096 -0.5869
vn -0.1338 0.8758 -0.4637
vn -0.0645 -0.9490 0.3088
vn -0.5113 -0.8580 0.0488
vn -0.8283 -0.4363 -0.3515
vn -0.5255 -0.8176 -0.2355
vn -0.0824 -0.8926 0.4433
vn 0.3855 -0.5315 0.7543
vn -0.0742 -0.9576 0.2783
vn -0.6123 -0.7723 -0.1695
vn -0.3550 -0.9170 0.1817
vn -0.4768 -0.8353 0.2738
vn -0.8188 -0.5209 -0.2413
vn -0.2239 -0.6329 0.7411
vn -0.9365 -0.3362 0.0997
vn 0.9447 0.1105 0.3089
vn 0.4943 0.7630 0.4166
vn 0.9692 0.0962 0.2266
vn 0.9751 0.0422 0.2178
vn -0.9775 0.0722 -0.1982
vn -0.9659 -0.1316 -0.2230
vn -0.8603 -0.2828 -0.4241
vn -0.8544 -0.1041 -0.5091
vn 0.4218 -0.9066 0.0145
vn -0.8381 -0.3632 -0.4071
vn -0.7871 -0.3454 -0.5110
vn -0.9165 -0.0409 -0.3980
vn -0.9192 0.0283 -0.3928
vn -0.8308 -0.3820 -0.4047
vn 0.9992 -0.0183 -0.0353
vn 0.9841 -0.0259 0.1754
vn 0.9755 0.0263 0.2184
vn -0.1559 0.5201 0.8398
vn -0.1003 -0.9942 -0.0393
vn -0.7104 0.7011 0.0613
vn -0.6425 0.7651 0.0440
vn -0.8805 -0.3102 -0.3585
vn 0.7309 0.3339 0.5952
vn 0.6594 0.4356 0.6128
vn -0.6569 -0.6512 -0.3800
vn -0.9580 0.2189 -0.1855
vn 0.4125 0.8023 0.4315
vn -0.5844 -0.7696 -0.2572
vn -0.9071 -0.2020 -0.3694
vn -0.9393 0.2747 -0.2058
vn -0.4321 -0.9017 0.0125
vn 0.0381 -0.1688 -0.9849
vn 0.7489 0.4409 -0.4947
vn 0.8684 0.4933 0.0499
vn 0.6439 0.7246 0.2458
vn 0.6502 -0.0550 0.7577
vn 0.4876 -0.6356 0.5985
vn 0.5652 0.6924 0.4486
vn -0.5759 -0.2530 -0.7774
vn -0.8603 -0.2828 -0.4242
vn 0.3609 0.8371 0.4111
vn 0.7390 -0.3372 0.5833
vn -0.8721 -0.3148 -0.3747
vn -0.8556 -0.3683 -0.3636
vn 0.7359 -0.4008 0.5458
vn 0.4738 -0.6014 0.6433
vn 0.7358 -0.4008 0.5458
vn 0.8980 -0.0250 -0.4392
vn -0.7689 0.0972 0.6319
vn -0.6123 -0.7723 -0.1694
vn -0.7178 -0.0493 -0.6945
vn -0.5189 -0.7596 0.3921
vn -0.0005 -0.8004 0.5995
vn 0.1840 -0.8193 0.5430
vn -0.4576 0.6302 0.6273
vn -0.0550 0.6175 0.7846
vn -0.0366 0.5991 0.7999
vn -0.7669 -0.6381 -0.0692
vn -0.9303 0.0570 -0.3625
s 1
f 1/1/1 2/2/2 3/3/3
f 4/4/4 5/5/5 6/6/6
f 7/7/7 8/8/8 9/9/9
f 10/10/10 11/11/11 12/12/12
f 13/13/13 14/14/14 15/15/15
f 16/16/16 17/17/17 18/18/18
f 19/19/19 20/20/20 21/21/21
f 22/22/22 23/23/23 24/24/24
f 25/25/25 26/26/26 16/16/16
f 27/27/27 28/28/28 29/29/29
f 30/30/30 31/31/31 32/32/32
f 33/33/33 34/34/34 35/35/35
f 36/36/36 37/37/37 38/38/38
f 39/39/39 40/40/40 41/41/41
f 42/42/42 43/43/43 44/44/44
f 3/3/3 45/45/45 46/46/46
f 47/47/47 48/48/48 49/49/49
f 50/50/50 51/51/51 52/52/52
f 53/53/53 54/54/54 55/55/55
f 56/56/56 57/57/57 58/58/58
f 59/59/59 60/60/60 61/61/61
f 62/62/62 59/59/59 63/63/63
f 64/64/64 65/65/65 66/66/66
f 67/67/67 68/68/68 69/69/69
f 70/70/70 71/71/71 72/72/72
f 73/73/73 74/74/74 75/75/75
f 76/76/76 77/77/77 78/78/78
f 79/79/79 80/80/80 81/81/81
f 82/82/82 83/83/83 84/84/84
f 85/85/85 86/86/86 87/87/87
f 88/88/88 89/89/89 90/90/90
f 91/91/91 92/92/92 93/93/93
f 93/93/93 94/94/94 68/68/68
f 95/95/95 96/96/96 97/97/97
f 98/98/98 99/99/99 91/91/91
f 100/100/100 45/45/45 101/101/101
f 37/37/37 102/102/102 98/98/98
f 103/103/103 81/81/81 104/104/104
f 105/105/105 106/106/106 107/107/107
f 106/106/106 108/108/108 109/109/109
f 110/110/110 111/111/111 112/112/112
f 109/109/109 113/113/113 114/114/114
f 112/112/112 115/115/115 106/106/106
f 116/116/116 117/117/117 60/60/60
f 118/118/118 119/119/119 120/120/120
f 105/105/105 121/121/121 122/122/122
f 123/123/123 124/124/124 125/125/125
f 126/126/126 127/127/127 128/128/128
f 129/129/129 130/130/130 131/131/131
f 130/130/130 125/125/125 124/124/124
f 132/132/132 133/133/133 134/134/134
f 135/135/135 136/136/136 137/137/137
f 138/138/138 139/139/139 140/140/140
f 141/141/141 142/142/142 143/143/143
f 144/144/144 145/145/145 146/146/146
f 147/147/147 148/148/148 149/149/149
f 150/150/150 9/9/9 8/8/8
f 151/151/151 152/152/152 153/153/153
f 154/154/154 155/155/155 156/156/156
f 157/157/157 158/158/158 159/159/159
f 160/160/160 161/161/161 162/162/162
f 163/163/163 55/55/55 164/164/164
f 128/128/128 165/165/165 126/126/126
f 41/41/41 166/166/166 167/167/167
f 168/168/168 169/169/169 170/170/170
f 171/171/171 172/172/172 173/173/173
f 174/174/174 175/175/175 176/176/176
f 177/177/177 178/178/178 179/179/179
f 180/180/180 181/181/181 182/182/182
f 183/183/183 184/184/184 185/185/185
f 186/186/186 187/187/187 146/146/146
f 188/188/188 189/189/189 190/190/190
f 191/191/191 192/192/192 193/193/193
f 194/194/194 195/195/195 196/196/196
f 197/197/197 198/198/198 199/199/199
f 200/200/200 201/201/201 202/202/202
f 203/203/203 204/204/204 205/205/205
f 206/206/206 207/207/207 208/208/208
f 209/209/209 210/210/210 211/211/211
f 212/212/212 213/213/213 214/214/214
f 215/215/215 79/79/79 103/103/103
f 216/216/216 217/217/217 218/218/218
f 219/219/219 220/220/220 187/187/187
f 221/221/221 222/222/222 223/223/223
f 224/224/224 121/121/121 225/225/225
f 226/226/226 164/164/164 55/55/55
f 227/227/227 228/228/228 229/229/229
f 230/230/230 231/231/231 232/232/232
f 233/233/233 234/234/234 230/230/230
f 231/231/231 235/235/235 232/232/232
f 236/236/236 237/237/237 238/238/238
f 239/239/239 240/240/240 241/241/241
f 242/242/242 243/243/243 244/244/244
f 245/245/245 246/246/246 247/247/247
f 248/248/248 249/249/249 250/250/250
f 251/251/251 252/252/252 253/253/253
f 254/254/254 255/255/255 147/147/147
f 256/256/256 257/257/257 258/258/258
f 259/259/259 260/260/260 261/261/261
f 262/262/262 263/263/263 5/5/5
f 264/264/264 265/265/265 266/266/266
f 267/267/267 268/268/268 269/269/269
f 270/270/270 266/266/266 265/265/265
f 270/270/270 271/271/271 272/272/272
f 273/273/273 274/274/274 275/275/275
f 276/276/276 277/277/277 278/278/278
f 279/279/279 280/280/280 281/281/281
f 282/282/282 272/272/272 283/283/283
f 284/284/284 285/285/285 21/21/21
f 286/286/286 287/287/287 288/288/288
f 289/289/289 228/228/228 290/290/290
f 291/291/291 292/292/292 293/293/293
f 294/294/294 295/295/295 296/296/296
f 293/293/293 297/297/297 298/298/298
f 299/299/299 32/32/32 150/150/150
f 300/300/300 301/301/301 302/302/302
f 303/303/303 279/279/279 304/304/304
f 305/305/305 43/43/43 285/285/285
f 306/306/306 307/307/307 308/308/308
f 309/309/309 310/310/310 311/311/311
f 312/312/312 313/313/313 314/314/314
f 315/315/315 316/316/316 317/317/317
f 310/310/310 272/272/272 271/271/271
f 318/318/318 319/319/319 320/320/320
f 299/299/299 321/321/321 322/322/322
f 323/323/323 324/324/324 325/325/325
f 326/326/326 327/327/327 328/328/328
f 329/329/329 330/330/330 331/331/331
f 332/332/332 333/333/333 334/334/334
f 335/335/335 336/336/336 337/337/337
f 338/338/338 339/339/339 340/340/340
f 341/341/341 342/342/342 343/343/343
f 344/344/344 345/345/345 346/346/346
f 347/347/347 348/348/348 349/349/349
f 350/350/350 351/351/351 352/352/352
f 353/353/353 354/354/354 355/355/355
f 356/356/356 357/357/357 358/358/358
f 359/359/359 360/360/360 361/361/361
f 362/362/362 363/363/363 364/364/364
f 365/365/365 366/366/366 367/367/367
f 367/367/367 368/368/368 369/369/369
f 370/370/370 371/371/371 372/372/372
f 373/373/373 374/374/374 375/375/375
f 376/376/376 377/377/377 365/365/365
f 378/378/378 379/379/379 376/376/376
f 380/380/380 381/381/381 382/382/382
f 383/383/383 384/384/384 385/385/385
f 385/385/385 386/386/386 37/37/37
f 387/387/387 93/93/93 67/67/67
f 388/388/388 389/389/389 390/390/390
f 33/33/33 391/391/391 383/383/383
f 35/35/35 392/392/392 33/33/33
f 368/368/368 393/393/393 394/394/394
f 395/395/395 146/146/146 187/187/187
f 167/167/167 396/396/396 397/397/397
f 398/398/398 44/44/44 43/43/43
f 25/25/25 399/399/399 400/400/400
f 48/48/48 401/401/401 402/402/402
f 403/403/403 404/404/404 405/405/405
f 406/406/406 313/313/313 70/70/70
f 407/407/407 408/408/408 409/409/409
f 410/410/410 253/253/253 252/252/252
f 340/340/340 411/411/411 412/412/412
f 413/413/413 414/414/414 141/141/141
f 401/401/401 415/415/415 416/416/416
f 417/417/417 418/418/418 419/419/419
f 399/399/399 420/420/420 421/421/421
f 422/422/422 423/423/423 424/424/424
f 425/425/425 426/426/426 427/427/427
f 428/428/428 429/429/429 430/430/430
f 431/431/431 432/432/432 433/433/433
f 434/434/434 99/99/99 435/435/435
f 434/434/434 94/94/94 92/92/92
f 435/435/435 102/102/102 436/436/436
f 436/436/436 386/386/386 240/240/240
f 239/239/239 435/435/435 436/436/436
f 437/437/437 438/438/438 439/439/439
f 439/439/439 440/440/440 441/441/441
f 442/442/442 443/443/443 438/438/438
f 438/438/438 444/444/444 440/440/440
f 439/439/439 445/445/445 437/437/437
f 446/446/446 377/377/377 445/445/445
f 441/441/441 446/446/446 439/439/439
f 447/447/447 366/366/366 446/446/446
f 437/437/437 448/448/448 449/449/449
f 449/449/449 450/450/450 451/451/451
f 445/445/445 379/379/379 448/448/448
f 448/448/448 452/452/452 450/450/450
f 449/449/449 442/442/442 437/437/437
f 453/453/453 454/454/454 442/442/442
f 451/451/451 453/453/453 449/449/449
f 455/455/455 456/456/456 453/453/453
f 457/457/457 458/458/458 459/459/459
f 460/460/460 461/461/461 462/462/462
f 429/429/429 463/463/463 430/430/430
f 464/464/464 465/465/465 466/466/466
f 127/127/127 467/467/467 468/468/468
f 469/469/469 470/470/470 471/471/471
f 409/409/409 472/472/472 473/473/473
f 474/474/474 229/229/229 289/289/289
f 246/246/246 475/475/475 476/476/476
f 175/175/175 261/261/261 260/260/260
f 311/311/311 271/271/271 477/477/477
f 478/478/478 479/479/479 426/426/426
f 480/480/480 481/481/481 85/85/85
f 482/482/482 483/483/483 484/484/484
f 104/104/104 485/485/485 352/352/352
f 486/486/486 487/487/487 488/488/488
f 477/477/477 489/489/489 311/311/311
f 490/490/490 491/491/491 492/492/492
f 493/493/493 304/304/304 494/494/494
f 495/495/495 58/58/58 57/57/57
f 311/311/311 496/496/496 309/309/309
f 497/497/497 498/498/498 499/499/499
f 500/500/500 501/501/501 502/502/502
f 503/503/503 504/504/504 505/505/505
f 506/506/506 507/507/507 508/508/508
f 509/509/509 510/510/510 511/511/511
f 512/512/512 513/513/513 514/514/514
f 381/381/381 515/515/515 516/516/516
f 517/517/517 518/518/518 519/519/519
f 520/520/520 521/521/521 522/522/522
f 523/523/523 524/524/524 525/525/525
f 369/369/369 394/394/394 526/526/526
f 527/527/527 528/528/528 529/529/529
f 530/530/530 531/531/531 532/532/532
f 533/533/533 534/534/534 535/535/535
f 536/536/536 537/537/537 538/538/538
f 539/539/539 540/540/540 541/541/541
f 542/542/542 543/543/543 544/544/544
f 545/545/545 278/278/278 546/546/546
f 547/547/547 548/548/548 549/549/549
f 550/550/550 551/551/551 552/552/552
f 549/549/549 553/553/553 547/547/547
f 554/554/554 555/555/555 556/556/556
f 557/557/557 553/553/553 558/558/558
f 559/559/559 542/542/542 544/544/544
f 560/560/560 561/561/561 562/562/562
f 325/325/325 563/563/563 323/323/323
f 564/564/564 565/565/565 566/566/566
f 481/481/481 567/567/567 86/86/86
f 376/376/376 489/489/489 378/378/378
f 568/568/568 537/537/537 569/569/569
f 570/570/570 156/156/156 556/556/556
f 32/32/32 571/571/571 9/9/9
f 572/572/572 573/573/573 128/128/128
f 574/574/574 172/172/172 575/575/575
f 576/576/576 577/577/577 280/280/280
f 280/280/280 578/578/578 579/579/579
f 54/54/54 580/580/580 581/581/581
f 582/582/582 583/583/583 584/584/584
f 585/585/585 231/231/231 586/586/586
f 587/587/587 588/588/588 589/589/589
f 222/222/222 590/590/590 591/591/591
f 592/592/592 593/593/593 594/594/594
f 185/185/185 193/193/193 192/192/192
f 556/556/556 595/595/595 554/554/554
f 596/596/596 597/597/597 531/531/531
f 598/598/598 599/599/599 600/600/600
f 601/601/601 602/602/602 585/585/585
f 603/603/603 604/604/604 605/605/605
f 606/606/606 607/607/607 608/608/608
f 609/609/609 610/610/610 611/611/611
f 612/612/612 613/613/613 614/614/614
f 615/615/615 616/616/616 617/617/617
f 618/618/618 117/117/117 619/619/619
f 616/616/616 620/620/620 617/617/617
f 621/621/621 114/114/114 116/116/116
f 622/622/622 623/623/623 624/624/624
f 625/625/625 626/626/626 627/627/627
f 628/628/628 629/629/629 630/630/630
f 484/484/484 276/276/276 545/545/545
f 631/631/631 96/96/96 458/458/458
f 632/632/632 633/633/633 634/634/634
f 635/635/635 636/636/636 637/637/637
f 638/638/638 639/639/639 640/640/640
f 286/286/286 641/641/641 642/642/642
f 643/643/643 644/644/644 373/373/373
f 645/645/645 646/646/646 647/647/647
f 274/274/274 648/648/648 649/649/649
f 320/320/320 647/647/647 646/646/646
f 319/319/319 375/375/375 647/647/647
f 248/248/248 220/220/220 650/650/650
f 651/651/651 652/652/652 653/653/653
f 654/654/654 655/655/655 656/656/656
f 375/375/375 645/645/645 647/647/647
f 657/657/657 575/575/575 360/360/360
f 477/477/477 642/642/642 641/641/641
f 281/281/281 579/579/579 310/310/310
f 658/658/658 659/659/659 660/660/660
f 265/265/265 642/642/642 270/270/270
f 661/661/661 662/662/662 663/663/663
f 664/664/664 261/261/261 295/295/295
f 241/241/241 577/577/577 239/239/239
f 266/266/266 665/665/665 264/264/264
f 666/666/666 667/667/667 668/668/668
f 250/250/250 669/669/669 670/670/670
f 671/671/671 488/488/488 487/487/487
f 672/672/672 583/583/583 233/233/233
f 673/673/673 200/200/200 674/674/674
f 675/675/675 580/580/580 676/676/676
f 503/503/503 677/677/677 678/678/678
f 334/334/334 679/679/679 332/332/332
f 680/680/680 82/82/82 681/681/681
f 682/682/682 683/683/683 54/54/54
f 684/684/684 685/685/569 686/686/685
f 156/156/156 687/687/686 595/595/595
f 688/688/687 689/689/688 14/14/14
f 690/690/689 691/691/690 692/692/691
f 693/693/692 671/671/671 694/694/693
f 363/363/363 695/695/694 364/364/364
f 696/696/695 383/383/383 697/697/696
f 296/296/296 698/698/697 294/294/294
f 325/325/325 699/699/698 700/700/699
f 522/522/522 701/701/700 702/702/701
f 502/502/502 703/703/702 521/521/521
f 303/303/303 308/308/308 307/307/307
f 704/704/703 513/513/513 705/705/704
f 624/624/624 706/706/705 622/622/622
f 707/707/706 258/258/258 708/708/707
f 329/329/329 708/708/707 533/533/533
f 597/597/597 709/709/708 47/47/47
f 710/710/709 711/711/710 712/712/711
f 256/256/256 476/476/476 475/475/475
f 713/713/712 714/714/713 679/679/679
f 715/715/714 716/716/715 717/717/716
f 718/718/717 719/719/718 638/638/638
f 720/720/719 721/721/720 722/722/721
f 723/723/722 25/25/25 400/400/400
f 724/724/723 227/227/227 725/725/724
f 726/726/725 416/416/416 415/415/415
f 579/579/579 283/283/283 272/272/272
f 727/727/726 728/728/727 596/596/596
f 729/729/728 730/730/729 731/731/730
f 600/600/600 405/405/405 598/598/598
f 88/88/88 224/224/224 732/732/731
f 73/73/73 733/733/732 341/341/341
f 734/734/733 735/735/734 422/422/422
f 202/202/202 736/736/735 668/668/668
f 584/584/584 737/737/736 673/673/673
f 738/738/737 739/739/738 740/740/739
f 741/741/740 742/742/741 410/410/410
f 471/471/471 42/42/42 469/469/469
f 590/590/590 180/180/180 743/743/742
f 744/744/743 210/210/210 590/590/590
f 211/211/211 745/745/744 215/215/215
f 746/746/745 747/747/746 123/123/123
f 24/24/24 748/748/747 749/749/748
f 133/133/133 750/750/749 751/751/750
f 164/164/164 752/752/751 163/163/163
f 87/87/87 675/675/675 753/753/752
f 682/682/682 143/143/143 142/142/142
f 398/398/398 754/754/753 755/755/754
f 756/756/755 757/757/756 758/758/757
f 759/759/758 760/760/759 761/761/760
f 614/614/614 762/762/761 618/618/618
f 619/619/619 114/114/114 113/113/113
f 763/763/762 764/764/763 765/765/764
f 766/766/765 499/499/499 527/527/527
f 528/528/528 767/767/766 500/500/500
f 768/768/767 769/769/768 770/770/769
f 390/390/390 543/543/543 388/388/388
f 328/328/328 771/771/770 695/695/694
f 307/307/307 772/772/771 303/303/303
f 314/314/314 773/773/772 312/312/312
f 774/774/773 775/775/774 776/776/775
f 777/777/776 778/778/777 676/676/676
f 779/779/778 780/780/779 781/781/780
f 297/297/297 782/782/781 783/783/782
f 784/784/783 785/785/784 786/786/785
f 787/787/786 552/552/552 551/551/551
f 788/788/787 789/789/788 790/790/789
f 791/791/790 792/792/652 793/793/791
f 794/794/792 795/795/793 796/796/794
f 797/797/795 798/798/796 799/799/797
f 800/800/798 801/801/799 164/164/164
f 572/572/572 802/802/800 803/803/801
f 496/496/496 365/365/365 494/494/494
f 677/677/677 515/515/515 804/804/802
f 805/805/803 806/806/804 337/337/337
f 807/807/805 808/808/806 809/809/807
f 128/128/128 468/468/468 572/572/572
f 810/810/808 688/688/687 13/13/13
f 483/483/483 811/811/809 276/276/276
f 731/731/730 812/812/810 665/665/665
f 813/813/811 293/293/293 432/432/432
f 814/814/812 623/623/623 815/815/813
f 816/816/814 803/803/801 802/802/800
f 817/817/815 419/419/419 363/363/363
f 818/818/816 819/819/817 263/263/263
f 157/157/157 820/820/818 821/821/819
f 822/822/820 744/744/743 222/222/222
f 823/823/821 824/824/822 825/825/823
f 90/90/90 826/826/824 800/800/798
f 827/827/825 828/828/826 829/829/827
f 830/830/828 162/162/162 161/161/161
f 278/278/278 831/831/829 832/832/830
f 505/505/505 833/833/831 503/503/503
f 834/834/832 747/747/746 835/835/833
f 836/836/834 837/837/835 838/838/836
f 839/839/837 840/840/838 357/357/357
f 61/61/61 841/841/839 842/842/840
f 843/843/841 608/608/608 844/844/842
f 845/845/843 846/846/844 351/351/351
f 847/847/845 848/848/846 849/849/847
f 225/225/225 732/732/731 224/224/224
f 850/850/848 851/851/849 852/852/850
f 853/853/851 854/854/852 794/794/792
f 855/855/853 514/514/514 254/254/254
f 708/708/707 178/178/178 534/534/534
f 856/856/854 857/857/855 858/858/722
f 859/859/856 860/860/857 861/861/858
f 862/862/859 502/502/502 520/520/520
f 863/863/860 864/864/861 865/865/862
f 494/494/494 309/309/309 496/496/496
f 807/807/805 866/866/863 867/867/864
f 778/778/777 868/868/865 753/753/752
f 869/869/866 870/870/867 871/871/868
f 872/872/869 873/873/870 870/870/867
f 380/380/380 97/97/97 96/96/96
f 441/441/441 870/870/867 873/873/870
f 447/447/447 873/873/870 393/393/393
f 199/199/199 874/874/871 875/875/872
f 876/876/873 302/302/302 301/301/301
f 813/813/811 434/434/434 435/435/435
f 877/877/874 845/845/843 350/350/350
f 878/878/875 867/867/864 353/353/353
f 879/879/876 880/880/877 881/881/878
f 171/171/171 882/882/879 361/361/361
f 578/578/578 883/883/880 283/283/283
f 291/291/291 239/239/239 577/577/577
f 884/884/881 885/885/882 886/886/883
f 84/84/84 681/681/681 82/82/82
f 591/591/591 743/743/742 191/191/191
f 887/887/884 888/888/885 371/371/371
f 889/889/886 650/650/650 219/219/219
f 890/890/887 547/547/547 557/557/557
f 797/797/795 891/891/888 892/892/889
f 349/349/349 893/893/890 894/894/891
f 881/881/878 895/895/892 632/632/632
f 775/775/774 896/896/893 897/897/894
f 751/751/750 898/898/895 22/22/22
f 899/899/896 900/900/897 901/901/898
f 644/644/644 902/902/899 374/374/374
f 290/290/290 196/196/196 195/195/195
f 71/71/71 773/773/772 903/903/900
f 38/38/38 98/98/98 904/904/901
f 905/905/902 906/906/903 907/907/904
f 91/91/91 904/904/901 98/98/98
f 626/626/626 908/908/905 909/909/906
f 910/910/907 911/911/908 912/912/909
f 122/122/122 112/112/112 105/105/105
f 913/913/910 914/914/911 568/568/568
f 915/915/912 916/916/913 917/917/914
f 918/918/915 919/919/916 62/62/62
f 920/920/917 921/921/918 922/922/919
f 116/116/116 919/919/916 621/621/621
f 923/923/920 924/924/921 57/57/57
f 911/911/908 925/925/268 926/926/723
f 621/621/621 118/118/118 107/107/107
f 120/120/120 225/225/225 121/121/121
f 131/131/131 124/124/124 834/834/832
f 620/620/620 927/927/922 928/928/923
f 715/715/714 821/821/819 820/820/818
f 929/929/924 930/930/925 828/828/826
f 931/931/926 921/921/918 611/611/611
f 543/543/543 932/932/927 544/544/544
f 933/933/928 176/176/176 934/934/929
f 829/829/827 935/935/930 827/827/825
f 936/936/931 896/896/893 937/937/932
f 640/640/640 938/938/933 638/638/638
f 827/827/825 939/939/934 183/183/183
f 608/608/608 149/149/149 148/148/148
f 615/615/615 852/852/850 851/851/849
f 561/561/561 660/660/660 562/562/562
f 250/250/250 607/607/607 248/248/248
f 432/432/432 298/298/298 433/433/433
f 940/940/935 941/941/936 483/483/483
f 942/942/568 943/943/937 944/944/910
f 945/945/938 946/946/939 941/941/936
f 947/947/940 948/948/941 949/949/942
f 950/950/943 951/951/944 952/952/945
f 952/952/945 484/484/484 950/950/943
f 953/953/946 792/792/652 764/764/763
f 954/954/947 765/765/764 955/955/948
f 560/560/560 956/956/949 957/957/950
f 958/958/951 959/959/952 960/960/953
f 850/850/848 961/961/954 958/958/951
f 960/960/953 962/962/955 963/963/956
f 963/963/956 951/951/944 964/964/957
f 541/541/541 958/958/951 539/539/539
f 817/817/815 965/965/958 966/966/959
f 967/967/960 968/968/961 969/969/962
f 970/970/963 971/971/964 972/972/965
f 499/499/499 973/973/966 528/528/528
f 974/974/967 524/524/524 975/975/968
f 412/412/412 715/715/714 717/717/716
f 463/463/463 976/976/969 430/430/430
f 922/922/919 977/977/970 978/978/971
f 611/611/611 927/927/922 609/609/609
f 978/978/971 979/979/972 980/980/973
f 433/433/433 981/981/974 982/982/975
f 364/364/364 757/757/756 362/362/362
f 968/968/961 983/983/976 39/39/39
f 984/984/977 804/804/802 515/515/515
f 864/864/861 985/985/978 865/865/862
f 676/676/676 753/753/752 675/675/675
f 23/23/23 986/986/979 748/748/747
f 556/556/556 987/987/980 570/570/570
f 629/629/629 512/512/512 988/988/981
f 989/989/313 860/860/857 990/990/314
f 340/340/340 100/100/100 338/338/338
f 918/918/915 835/835/833 119/119/119
f 62/62/62 834/834/832 918/918/915
f 991/991/982 119/119/119 835/835/833
f 131/131/131 63/63/63 129/129/129
f 992/992/983 993/993/984 900/900/897
f 994/994/985 995/995/986 759/759/758
f 427/427/427 77/77/77 996/996/987
f 428/428/428 874/874/871 461/461/461
f 997/997/988 998/998/989 100/100/100
f 999/999/990 684/684/684 1000/1000/991
f 129/129/129 1001/1001/992 750/750/749
f 1002/1002/993 1003/1003/994 1004/1004/995
f 1005/1005/996 977/977/970 931/931/926
f 107/107/107 109/109/109 621/621/621
f 928/928/923 920/920/917 1006/1006/997
f 624/624/624 126/126/126 165/165/165
f 1006/1006/997 1007/1007/998 928/928/923
f 841/841/839 613/613/613 1008/1008/999
f 1009/1009/1000 1010/1010/1001 1011/1011/1002
f 402/402/402 416/416/416 1012/1012/1003
f 275/275/275 649/649/649 486/486/486
f 66/66/66 315/315/315 64/64/64
f 1013/1013/1004 87/87/87 1014/1014/1005
f 107/107/107 120/120/120 105/105/105
f 60/60/60 762/762/761 841/841/839
f 1015/1015/1006 569/569/569 537/537/537
f 917/917/914 1016/1016/1007 915/915/912
f 915/915/912 980/980/973 979/979/972
f 52/52/52 349/349/349 50/50/50
f 219/219/219 1017/1017/1008 889/889/886
f 1018/1018/1009 1019/1019/1010 1020/1020/881
f 1021/1021/1011 1022/1022/1012 162/162/162
f 740/740/739 3/3/3 75/75/75
f 900/900/897 317/317/317 316/316/316
f 1023/1023/1013 550/550/550 1024/1024/1014
f 132/132/132 211/211/211 125/125/125
f 1025/1025/1015 1026/1026/1016 988/988/981
f 16/16/16 1027/1027/1017 25/25/25
f 1028/1028/724 1029/1029/1018 912/912/909
f 24/24/24 1022/1022/1012 22/22/22
f 669/669/669 916/916/913 1025/1025/1015
f 855/855/853 147/147/147 670/670/670
f 103/103/103 123/123/123 215/215/215
f 125/125/125 215/215/215 123/123/123
f 1027/1027/1017 1030/1030/1019 399/399/399
f 1031/1031/1020 181/181/181 134/134/134
f 345/345/345 459/459/459 458/458/458
f 749/749/748 1032/1032/1021 24/24/24
f 1033/1033/1022 1034/1034/17 820/820/818
f 141/141/141 628/628/628 413/413/413
f 1035/1035/1023 212/212/212 1036/1036/1024
f 1037/1037/1025 406/406/406 1038/1038/1026
f 825/825/823 1039/1039/1027 1040/1040/1028
f 1041/1041/1029 146/146/146 145/145/145
f 1042/1042/1030 142/142/142 404/404/404
f 935/935/930 140/140/140 939/939/934
f 185/185/185 161/161/161 183/183/183
f 140/140/140 1043/1043/1031 823/823/821
f 588/588/588 191/191/191 1040/1040/1028
f 1044/1044/1032 1045/1045/1033 860/860/857
f 1046/1046/1034 223/223/223 587/587/587
f 1047/1047/1035 972/972/965 1004/1004/995
f 634/634/634 1048/1048/1036 822/822/820
f 192/192/192 830/830/828 185/185/185
f 186/186/186 1049/1049/1037 1017/1017/1008
f 183/183/183 929/929/924 827/827/825
f 1040/1040/1028 589/589/589 588/588/588
f 939/939/934 823/823/821 184/184/184
f 645/645/645 1050/1050/1038 1051/1051/1039
f 743/743/742 182/182/182 192/192/192
f 184/184/184 825/825/823 193/193/193
f 1052/1052/1040 1053/1053/1041 635/635/635
f 138/138/138 1054/1054/1042 1055/1055/1043
f 517/517/517 549/549/549 548/548/548
f 1056/1056/1044 168/168/168 170/170/170
f 190/190/190 1057/1057/1045 188/188/188
f 672/672/672 1043/1043/1031 1058/1058/1046
f 1059/1059/1047 269/269/269 1060/1060/1048
f 201/201/201 1061/1061/1049 736/736/735
f 361/361/361 1062/1062/1050 359/359/359
f 198/198/198 461/461/461 874/874/871
f 1063/1063/1051 1064/1064/1052 83/83/83
f 5/5/5 1065/1065/1053 1066/1066/1054
f 1005/1005/996 988/988/981 1026/1026/1016
f 630/630/630 611/611/611 610/610/610
f 587/587/587 235/235/235 1046/1046/1034
f 1039/1039/1027 230/230/230 589/589/589
f 233/233/233 824/824/822 672/672/672
f 245/245/245 1067/1067/1055 1068/1068/1056
f 408/408/408 780/780/779 472/472/472
f 589/589/589 232/232/232 587/587/587
f 712/712/711 1069/1069/1057 710/710/709
f 1058/1058/1046 737/737/736 672/672/672
f 208/208/208 511/511/511 206/206/206
f 1070/1070/1058 790/790/789 1071/1071/1059
f 1045/1045/1033 1072/1072/1060 1073/1073/1061
f 1074/1074/1062 158/158/158 1075/1075/1063
f 1076/1076/1064 174/174/174 933/933/928
f 639/639/639 816/816/814 196/196/196
f 1077/1077/1065 758/758/757 470/470/470
f 370/370/370 155/155/155 1078/1078/1066
f 410/410/410 1079/1079/1067 1080/1080/1068
f 586/586/586 1081/1081/1069 585/585/585
f 1082/1082/1070 1083/1083/1071 836/836/834
f 1084/1084/1072 1085/1085/1073 938/938/933
f 1086/1086/1074 337/337/337 336/336/336
f 586/586/586 234/234/234 582/582/582
f 1087/1087/1075 667/667/667 1088/1088/1076
f 897/897/894 776/776/775 775/775/774
f 700/700/699 1089/1089/1077 325/325/325
f 372/372/372 687/687/686 370/370/370
f 1090/1090/1078 1091/1091/1079 1092/1092/1080
f 498/498/498 582/582/582 973/973/966
f 1093/1093/1081 1094/1094/1082 1067/1067/1055
f 1095/1095/1083 637/637/637 1096/1096/1084
f 999/999/990 1097/1097/1085 1098/1098/1086
f 1078/1078/1066 887/887/884 370/370/370
f 584/584/584 973/973/966 582/582/582
f 703/703/702 1099/1099/1087 1100/1100/1088
f 767/767/766 673/673/673 501/501/501
f 1101/1101/1089 1102/1102/1090 913/913/910
f 1103/1103/1091 382/382/382 197/197/197
f 702/702/701 525/525/525 974/974/967
f 975/975/968 1104/1104/1092 974/974/967
f 1105/1105/1093 1106/1106/1094 1107/1107/1095
f 1108/1108/1096 433/433/433 982/982/975
f 464/464/464 166/166/166 1109/1109/1097
f 520/520/520 1110/1110/1098 862/862/859
f 1110/1110/1098 529/529/529 862/862/859
f 705/705/704 1111/1111/1099 628/628/628
f 1014/1014/1005 753/753/752 868/868/865
f 799/799/797 1112/1112/1100 797/797/795
f 1113/1113/1101 527/527/527 529/529/529
f 1114/1114/1102 1115/1115/1103 510/510/510
f 758/758/757 1116/1116/1104 1117/1117/1105
f 273/273/273 1118/1118/1106 1119/1119/1107
f 1120/1120/1108 702/702/701 1121/1121/1109
f 1122/1122/1110 1123/1123/1111 195/195/195
f 1124/1124/1112 785/785/784 778/778/777
f 593/593/593 277/277/277 1125/1125/1113
f 1126/1126/1114 1009/1009/1000 1011/1011/1002
f 487/487/487 694/694/693 671/671/671
f 1127/1127/1115 522/522/522 1120/1120/1108
f 1128/1128/1116 1129/1129/1117 791/791/790
f 1130/1130/1118 891/891/888 1112/1112/1100
f 1131/1131/1119 208/208/208 207/207/207
f 545/545/545 950/950/943 484/484/484
f 954/954/947 1132/1132/1120 1133/1133/1121
f 883/883/880 1134/1134/1122 729/729/728
f 241/241/241 1135/1135/1123 883/883/880
f 1135/1135/1123 391/391/391 1134/1134/1122
f 240/240/240 384/384/384 1135/1135/1123
f 1136/1136/1124 566/566/566 565/565/565
f 1134/1134/1122 392/392/392 730/730/729
f 730/730/729 1137/1137/1125 812/812/810
f 283/283/283 729/729/728 282/282/282
f 282/282/282 731/731/730 266/266/266
f 772/772/771 576/576/576 279/279/279
f 1138/1138/1126 292/292/292 772/772/771
f 288/288/288 866/866/863 286/286/286
f 1139/1139/1127 867/867/864 866/866/863
f 304/304/304 281/281/281 309/309/309
f 1140/1140/1128 1141/1141/1129 924/924/921
f 809/809/807 641/641/641 807/807/805
f 378/378/378 809/809/807 808/808/806
f 878/878/875 1142/1142/1130 808/808/806
f 808/808/806 452/452/452 378/378/378
f 493/493/493 369/369/369 308/308/308
f 494/494/494 367/367/367 493/493/493
f 353/353/353 1143/1143/1131 878/878/875
f 355/355/355 1144/1144/1132 353/353/353
f 1145/1145/1133 1146/1146/1134 1147/1147/1135
f 1147/1147/1135 455/455/455 451/451/451
f 1148/1148/1136 1149/1149/1137 1146/1146/1134
f 1146/1146/1134 1150/1150/1138 455/455/455
f 1147/1147/1135 1151/1151/1139 1145/1145/1133
f 1152/1152/1140 1143/1143/1131 1151/1151/1139
f 451/451/451 1152/1152/1140 1147/1147/1135
f 450/450/450 1142/1142/1130 1152/1152/1140
f 1145/1145/1133 1153/1153/1141 1154/1154/1142
f 1154/1154/1142 1155/1155/1143 1156/1156/1144
f 1151/1151/1139 1144/1144/1132 1153/1153/1141
f 1153/1153/1141 1157/1157/1145 1155/1155/1143
f 1154/1154/1142 1148/1148/1136 1145/1145/1133
f 1158/1158/1146 1159/1159/1147 1148/1148/1136
f 1156/1156/1144 1158/1158/1146 1154/1154/1142
f 1160/1160/1148 1161/1161/1149 1158/1158/1146
f 888/888/885 1102/1102/1090 1114/1114/1102
f 1162/1162/1150 1007/1007/998 1163/1163/1151
f 1047/1047/1035 625/625/625 15/15/15
f 1164/1164/1152 1008/1008/999 613/613/613
f 1165/1165/1153 1166/1166/1154 1167/1167/1155
f 1001/1001/992 842/842/840 1168/1168/1156
f 61/61/61 63/63/63 59/59/59
f 842/842/840 1008/1008/999 1165/1165/1153
f 1169/1169/1157 1167/1167/1155 986/986/979
f 1165/1165/1153 1168/1168/1156 842/842/840
f 358/358/358 1170/1170/1158 356/356/356
f 750/750/749 1168/1168/1156 898/898/895
f 898/898/895 1169/1169/1157 23/23/23
f 1031/1031/1020 22/22/22 1022/1022/1012
f 134/134/134 751/751/750 1031/1031/1020
f 835/835/833 1171/1171/1159 991/991/982
f 1172/1172/1160 1173/1173/1161 1071/1071/1059
f 134/134/134 209/209/209 132/132/132
f 1170/1170/1158 886/886/883 885/885/882
f 1174/1174/1162 160/160/160 1032/1032/1021
f 162/162/162 1032/1032/1021 160/160/160
f 306/306/306 347/347/347 52/52/52
f 182/182/182 1021/1021/1011 830/830/828
f 326/326/326 418/418/418 1175/1175/1163
f 137/137/137 1017/1017/1008 1049/1049/1037
f 1176/1176/1164 1177/1177/1165 1178/1178/1166
f 1040/1040/1028 193/193/193 825/825/823
f 223/223/223 591/591/591 588/588/588
f 2/2/2 101/101/101 45/45/45
f 844/844/842 148/148/148 706/706/705
f 1048/1048/1036 745/745/744 744/744/743
f 1055/1055/1043 1061/1061/1049 138/138/138
f 214/214/214 1179/1179/1167 1180/1180/1168
f 1058/1058/1046 139/139/139 201/201/201
f 736/736/735 1181/1181/1169 1182/1182/1170
f 1183/1183/1171 1184/1184/1172 734/734/733
f 668/668/668 1182/1182/1170 666/666/666
f 674/674/674 202/202/202 1099/1099/1087
f 501/501/501 674/674/674 703/703/702
f 523/523/523 1099/1099/1087 667/667/667
f 1099/1099/1087 668/668/668 667/667/667
f 1100/1100/1088 521/521/521 703/703/702
f 1185/1185/1173 267/267/267 1059/1059/1047
f 529/529/529 500/500/500 862/862/859
f 701/701/700 523/523/523 525/525/525
f 1121/1121/1109 974/974/967 1104/1104/1092
f 905/905/902 1075/1075/1063 1186/1186/1174
f 1187/1187/1175 766/766/765 527/527/527
f 795/795/793 903/903/900 773/773/772
f 1188/1188/1176 1189/1189/1177 1190/1190/1178
f 1191/1191/1179 1192/1192/1180 1193/1193/1181
f 1194/1194/1182 1195/1195/1183 1196/1196/1184
f 159/159/159 1197/1197/1185 1198/1198/1186
f 1119/1119/1107 1199/1199/1187 273/273/273
f 1200/1200/1188 519/519/519 1201/1201/1189
f 153/153/153 327/327/327 151/151/151
f 1202/1202/1190 1203/1203/1191 671/671/671
f 1204/1204/1192 1205/1205/1193 1206/1206/1194
f 670/670/670 149/149/149 250/250/250
f 254/254/254 1207/1207/1195 714/714/713
f 1024/1024/1014 819/819/817 1208/1208/1196
f 1209/1209/1197 1210/1210/1198 947/947/940
f 1211/1211/1199 948/948/941 1212/1212/1200
f 720/720/719 1213/1213/1201 335/335/335
f 894/894/891 937/937/932 896/896/893
f 711/711/710 924/924/921 1141/1141/1129
f 1214/1214/1202 1215/1215/1203 804/804/802
f 1216/1216/1204 1217/1217/1205 1218/1218/1206
f 893/893/890 330/330/330 937/937/932
f 662/662/662 28/28/28 1219/1219/1207
f 1220/1220/1208 1196/1196/1184 1221/1221/1209
f 468/468/468 1222/1222/1210 802/802/800
f 1223/1223/1211 1224/1224/1212 1225/1225/1213
f 1226/1226/1214 1227/1227/1215 1228/1228/1216
f 1229/1229/1217 1230/1230/1218 1231/1231/1219
f 941/941/936 1232/1232/1220 811/811/809
f 1233/1233/1221 551/551/551 1234/1234/1222
f 1235/1235/1223 1236/1236/1224 1237/1237/1225
f 1189/1189/1177 1236/1236/1224 1190/1190/1178
f 1237/1237/1225 1238/1238/1226 1235/1235/1223
f 1239/1239/1227 1195/1195/1183 1238/1238/1226
f 1240/1240/1228 1235/1235/1223 1238/1238/1226
f 1241/1241/1229 97/97/97 1242/1242/1230
f 1243/1243/1231 1244/1244/1232 1224/1224/1212
f 357/357/357 1245/1245/1233 358/358/358
f 1246/1246/1234 1242/1242/1230 1244/1244/1232
f 197/197/197 1206/1206/1194 1103/1103/1091
f 1247/1247/1235 1248/1248/1236 1249/1249/1237
f 799/799/797 151/151/151 327/327/327
f 1250/1250/1238 1251/1251/1239 1252/1252/1240
f 1253/1253/1241 1254/1254/1242 1227/1227/1215
f 65/65/65 1255/1255/1243 1256/1256/1244
f 1257/1257/1245 1258/1258/1246 1259/1259/1247
f 1226/1226/1214 1259/1259/1247 1260/1260/1248
f 1261/1261/1249 875/875/872 1253/1253/1241
f 1262/1262/1250 1263/1263/1251 1264/1264/1252
f 1265/1265/1253 1266/1266/1254 1267/1267/1255
f 627/627/627 15/15/15 625/625/625
f 881/881/878 235/235/235 879/879/876
f 255/255/255 706/706/705 148/148/148
f 735/735/734 638/638/638 938/938/933
f 1268/1268/1256 1269/1269/1257 1270/1270/1258
f 535/535/535 373/373/373 375/375/375
f 1271/1271/1259 636/636/636 1272/1272/474
f 1273/1273/1260 1274/1274/1261 965/965/958
f 864/864/861 1232/1232/1220 1275/1275/1262
f 534/534/534 643/643/643 373/373/373
f 1276/1276/1263 1277/1277/1264 1278/1278/1265
f 346/346/346 458/458/458 96/96/96
f 1279/1279/1266 934/934/929 176/176/176
f 334/334/334 1280/1280/1267 622/622/622
f 1281/1281/1268 1282/1282/1269 408/408/408
f 1283/1283/1270 1092/1092/1080 1091/1091/1079
f 532/532/532 1179/1179/1167 530/530/530
f 9/9/9 1284/1284/1271 7/7/7
f 872/872/869 784/784/783 1285/1285/1272
f 1245/1245/1233 635/635/635 1095/1095/1083
f 1286/1286/1273 802/802/800 1222/1222/1210
f 1287/1287/1274 563/563/563 1089/1089/1077
f 1268/1268/1256 1288/1288/1275 1289/1289/1276
f 1024/1024/1014 552/552/552 1290/1290/1277
f 1291/1291/1278 1292/1292/1279 1293/1293/1280
f 700/700/699 251/251/251 863/863/860
f 985/985/978 957/957/950 1294/1294/1281
f 440/440/440 871/871/868 870/870/867
f 1093/1093/1081 247/247/247 1295/1295/1282
f 1296/1296/1283 1297/1297/1284 994/994/985
f 1298/1298/1285 1299/1299/1286 1300/1300/1287
f 1301/1301/1288 1302/1302/1289 1299/1299/1286
f 1044/1044/1032 1303/1303/1290 1304/1304/1291
f 1305/1305/1292 1306/1306/1293 1300/1300/1287
f 1300/1300/1287 1307/1307/1294 1305/1305/1292
f 540/540/540 177/177/177 1308/1308/1295
f 1309/1309/1296 1310/1310/1297 1311/1311/1298
f 839/839/837 1312/1312/1299 173/173/173
f 1313/1313/1300 1314/1314/1301 1315/1315/1302
f 1316/1316/1303 1317/1317/1304 1318/1318/1305
f 1319/1319/1306 1320/1320/1307 1321/1321/1308
f 1314/1314/1301 1318/1318/1305 1322/1322/1309
f 1321/1321/1308 1315/1315/1302 1323/1323/1310
f 1324/1324/1311 840/840/838 1325/1325/1312
f 815/815/813 895/895/892 814/814/812
f 1326/1326/1313 1327/1327/1314 1328/1328/1315
f 406/406/406 72/72/72 1038/1038/1026
f 1329/1329/1316 1330/1330/1317 1331/1331/1318
f 1332/1332/685 269/269/269 268/268/268
f 405/405/405 1333/1333/1319 849/849/847
f 237/237/237 1334/1334/1320 359/359/359
f 1335/1335/1321 1336/1336/1322 1218/1218/1206
f 1337/1337/1323 519/519/519 518/518/518
f 64/64/64 317/317/317 776/776/775
f 1338/1338/1324 585/585/585 1081/1081/1069
f 1339/1339/1325 1340/1340/1326 6/6/6
f 1341/1341/1327 1342/1342/1328 1343/1343/1329
f 4/4/4 1340/1340/1326 1344/1344/1330
f 573/573/573 843/843/841 165/165/165
f 505/505/505 1345/1345/1331 1346/1346/1332
f 1286/1286/1273 196/196/196 816/816/814
f 1347/1347/1333 1348/1348/1334 1349/1349/1335
f 495/495/495 1076/1076/1064 769/769/768
f 558/558/558 1350/1350/1336 557/557/557
f 425/425/425 574/574/574 657/657/657
f 1351/1351/1337 1313/1313/1300 1352/1352/1338
f 1353/1353/1339 1354/1354/1340 1342/1342/1328
f 594/594/594 1125/1125/1113 864/864/861
f 1355/1355/1341 167/167/167 1012/1012/1003
f 1356/1356/1342 1357/1357/1343 1358/1358/1344
f 1359/1359/1345 1360/1360/1346 1361/1361/1347
f 1354/1354/1340 1356/1356/1342 1362/1362/1348
f 343/343/343 1219/1219/1207 341/341/341
f 1363/1363/1349 1364/1364/1350 1365/1365/1351
f 1366/1366/1352 821/821/819 1367/1367/1353
f 1351/1351/1337 1365/1365/1351 1356/1356/1342
f 1184/1184/1172 718/718/717 735/735/734
f 1343/1343/1329 1368/1368/1354 1369/1369/1355
f 409/409/409 996/996/987 407/407/407
f 1369/1369/1355 1370/1370/1356 1371/1371/1357
f 397/397/397 1372/1372/1358 49/49/49
f 1324/1324/1311 472/472/472 780/780/779
f 1373/1373/1359 21/21/21 20/20/20
f 216/216/216 1069/1069/1057 1126/1126/1114
f 1271/1271/1259 1096/1096/1084 637/637/637
f 6/6/6 1066/1066/1054 1339/1339/1325
f 1374/1374/1360 1375/1375/1361 1376/1376/1362
f 972/972/965 490/490/490 1377/1377/1363
f 1060/1060/1048 1378/1378/1364 1059/1059/1047
f 1077/1077/1065 1379/1379/1365 1279/1279/1266
f 1380/1380/1366 1381/1381/1367 1382/1382/1368
f 774/774/773 1383/1383/1369 51/51/51
f 622/622/622 713/713/712 334/334/334
f 1283/1283/1270 800/800/798 226/226/226
f 1338/1338/1324 1286/1286/1273 601/601/601
f 1095/1095/1083 358/358/358 1245/1245/1233
f 1384/1384/1370 1385/1385/1371 1386/1386/1372
f 1384/1384/1370 1387/1387/1373 1358/1358/1344
f 1388/1388/1374 1035/1035/1023 1385/1385/1371
f 1386/1386/1372 1389/1389/1375 1384/1384/1370
f 1390/1390/1376 1391/1391/1377 1389/1389/1375
f 1221/1221/1209 1392/1392/1378 1393/1393/1379
f 1196/1196/1184 1394/1394/1380 1392/1392/1378
f 1393/1393/1379 1192/1192/1180 1221/1221/1209
f 1395/1395/1381 1193/1193/1181 1192/1192/1180
f 1067/1067/1055 394/394/394 393/393/393
f 976/976/969 1254/1254/1242 1396/1396/1382
f 1222/1222/1210 601/601/601 1286/1286/1273
f 50/50/50 894/894/891 775/775/774
f 1397/1397/1383 423/423/423 1398/1398/1384
f 243/243/243 722/722/721 818/818/816
f 1399/1399/1385 533/533/533 1400/1400/1386
f 694/694/693 967/967/960 693/693/692
f 471/471/471 1401/1401/1387 1402/1402/1388
f 422/422/422 154/154/154 734/734/733
f 1255/1255/1243 320/320/320 1403/1403/1389
f 324/324/324 252/252/252 699/699/698
f 47/47/47 531/531/531 597/597/597
f 1404/1404/1390 1405/1405/1391 573/573/573
f 1406/1406/1392 600/600/600 599/599/599
f 725/725/724 229/229/229 1407/1407/1393
f 462/462/462 516/516/516 515/515/515
f 56/56/56 1172/1172/1160 1408/1408/1394
f 1086/1086/1074 1172/1172/1160 1409/1409/1395
f 1321/1321/1308 1410/1410/1396 1411/1411/1397
f 1411/1411/1397 1239/1239/1227 1237/1237/1225
f 1323/1323/1310 1412/1412/1398 1410/1410/1396
f 1410/1410/1396 1394/1394/1380 1239/1239/1227
f 1321/1321/1308 1413/1413/1399 1319/1319/1306
f 1319/1319/1306 1070/1070/1058 1414/1414/1400
f 1237/1237/1225 1413/1413/1399 1411/1411/1397
f 1413/1413/1399 788/788/787 1070/1070/1058
f 1415/1415/1401 1416/1416/1402 1417/1417/1403
f 1417/1417/1403 1418/1418/1404 1419/1419/1405
f 1420/1420/1406 680/680/680 1416/1416/1402
f 1416/1416/1402 681/681/681 1418/1418/1404
f 1417/1417/1403 1421/1421/1407 1415/1415/1401
f 1421/1421/1407 1422/1422/1408 1423/1423/1409
f 1419/1419/1405 1424/1424/1410 1417/1417/1403
f 1425/1425/1411 1422/1422/1408 1424/1424/1410
f 1415/1415/1401 1426/1426/1412 1427/1427/1413
f 1427/1427/1413 1390/1390/1376 1386/1386/1372
f 1423/1423/1409 1426/1426/1412 1421/1421/1407
f 1426/1426/1412 1428/1428/1414 1390/1390/1376
f 1427/1427/1413 1420/1420/1406 1415/1415/1401
f 1429/1429/1415 1430/1430/1416 1420/1420/1406
f 1386/1386/1372 1429/1429/1415 1427/1427/1413
f 1385/1385/1371 1036/1036/1024 1429/1429/1415
f 1431/1431/1417 1334/1334/1320 463/463/463
f 507/507/507 790/790/789 789/789/788
f 83/83/83 466/466/466 465/465/465
f 707/707/706 331/331/331 476/476/476
f 290/290/290 640/640/640 639/639/639
f 1432/1432/1418 150/150/150 742/742/741
f 7/7/7 831/831/829 593/593/593
f 721/721/720 1433/1433/1419 1208/1208/1196
f 1434/1434/1420 1097/1097/1085 1435/1435/1421
f 1256/1256/1244 1403/1403/1389 692/692/691
f 557/557/557 604/604/604 890/890/887
f 44/44/44 469/469/469 42/42/42
f 1436/1436/1422 1380/1380/1366 1437/1437/1423
f 1438/1438/1424 1000/1000/991 911/911/908
f 176/176/176 260/260/260 1279/1279/1266
f 1365/1365/1351 1373/1373/1359 1357/1357/1343
f 1435/1435/1421 971/971/964 1434/1434/1420
f 1107/1107/1095 333/333/333 1105/1105/1093
f 1439/1439/1425 1440/1440/1426 1441/1441/1427
f 1442/1442/1428 179/179/179 848/848/846
f 1443/1443/1429 1441/1441/1427 1444/1444/1430
f 538/538/538 914/914/911 888/888/885
f 1003/1003/994 648/648/648 1445/1445/1431
f 1446/1446/1432 1170/1170/1158 1447/1447/1433
f 1011/1011/1002 1448/1448/1434 542/542/542
f 1449/1449/1435 285/285/285 43/43/43
f 1450/1450/1436 1451/1451/1437 1452/1452/1438
f 90/90/90 1091/1091/1079 88/88/88
f 1453/1453/1439 1178/1178/1166 1003/1003/994
f 599/599/599 475/475/475 1406/1406/1392
f 1454/1454/1440 242/242/242 244/244/244
f 1218/1218/1206 1053/1053/1041 1335/1335/1321
f 598/598/598 849/849/847 848/848/846
f 1455/1455/1441 759/759/758 1456/1456/1442
f 31/31/31 1457/1457/1443 571/571/571
f 1458/1458/1444 1447/1447/1433 1440/1440/1426
f 1459/1459/1445 1460/1460/1446 1461/1461/1447
f 1447/1447/1433 885/885/882 1462/1462/1448
f 188/188/188 1175/1175/1163 418/418/418
f 554/554/554 187/187/187 220/220/220
f 1273/1273/1260 363/363/363 1463/1463/1449
f 670/670/670 1025/1025/1015 855/855/853
f 690/690/689 1464/1464/1450 546/546/546
f 1374/1374/1360 1465/1465/1451 559/559/559
f 1033/1033/1022 159/159/159 1466/1466/1452
f 855/855/853 988/988/981 512/512/512
f 1467/1467/1453 1445/1445/1431 648/648/648
f 863/863/860 1468/1468/1454 700/700/699
f 1469/1469/1455 581/581/581 580/580/580
f 1212/1212/1200 275/275/275 1211/1211/1199
f 14/14/14 1470/1470/1456 970/970/963
f 865/865/862 1294/1294/1281 1468/1468/1454
f 892/892/889 564/564/564 415/415/415
f 1348/1348/1334 1369/1369/1355 1471/1471/1457
f 899/899/896 982/982/975 981/981/974
f 1472/1472/1458 302/302/302 1363/1363/1349
f 546/546/546 832/832/830 690/690/689
f 1352/1352/1338 1363/1363/1349 1351/1351/1337
f 348/348/348 1295/1295/1282 893/893/890
f 1473/1473/1459 1328/1328/1315 1327/1327/1314
f 17/17/17 1083/1083/1071 18/18/18
f 1474/1474/1460 1475/1475/1461 390/390/390
f 1306/1306/1293 1476/1476/1462 1477/1477/1463
f 609/609/609 1478/1478/1464 1329/1329/1316
f 1479/1479/1465 1311/1311/1298 1480/1480/1466
f 1481/1481/1467 851/851/849 1308/1308/1295
f 610/610/610 1331/1331/1318 413/413/413
f 51/51/51 782/782/781 1482/1482/1468
f 8/8/8 742/742/741 150/150/150
f 1303/1303/1290 1483/1483/1469 1304/1304/1291
f 1084/1084/1072 228/228/228 1185/1185/1173
f 983/983/976 459/459/459 40/40/40
f 1350/1350/1336 605/605/605 604/604/604
f 1484/1484/1470 1202/1202/1190 693/693/692
f 1485/1485/1471 1200/1200/1188 1486/1486/1472
f 949/949/942 1487/1487/1473 553/553/553
f 698/698/697 1463/1463/1449 294/294/294
f 1011/1011/1002 1465/1465/1451 1126/1126/1114
f 1488/1488/1474 76/76/76 1489/1489/1475
f 1490/1490/854 400/400/400 1483/1483/1469
f 1491/1491/1476 1010/1010/1001 1339/1339/1325
f 338/338/338 101/101/101 1492/1492/1477
f 1493/1493/1478 1367/1367/1353 11/11/11
f 981/981/974 992/992/983 899/899/896
f 1368/1368/1354 1387/1387/1373 1370/1370/1356
f 362/362/362 259/259/259 664/664/664
f 1442/1442/1428 616/616/616 1481/1481/1467
f 18/18/18 1494/1494/1479 1023/1023/1013
f 857/857/855 412/412/412 717/717/716
f 602/602/602 879/879/876 235/235/235
f 1375/1375/1361 1495/1495/1480 1496/1496/1481
f 1362/1362/1348 1358/1358/1344 1387/1387/1373
f 382/382/382 516/516/516 198/198/198
f 795/795/793 1497/1497/856 796/796/794
f 11/11/11 563/563/563 1493/1493/1478
f 917/917/914 1498/1498/1482 136/136/136
f 1341/1341/1327 1327/1327/1314 1316/1316/1303
f 1320/1320/1307 1472/1472/1458 1352/1352/1338
f 1499/1499/1483 1500/1500/1484 301/301/301
f 768/768/767 205/205/205 58/58/58
f 1398/1398/1384 536/536/536 1397/1397/1383
f 1501/1501/1485 1480/1480/1466 1502/1502/1486
f 81/81/81 1106/1106/1094 485/485/485
f 1503/1503/1487 1289/1289/1276 1504/1504/1488
f 908/908/905 1505/1505/1489 1506/1506/1490
f 1078/1078/1066 424/424/424 423/423/423
f 1507/1507/1491 1508/1508/1492 1509/1509/1493
f 217/217/217 1510/1510/1494 296/296/296
f 1175/1175/1163 1112/1112/1100 326/326/326
f 877/877/874 1105/1105/1093 333/333/333
f 1173/1173/1161 1511/1511/1495 1414/1414/1400
f 305/305/305 876/876/873 754/754/753
f 969/969/962 693/693/692 967/967/960
f 470/470/470 1117/1117/1105 1401/1401/1387
f 407/407/407 1453/1453/1439 1002/1002/993
f 818/818/816 244/244/244 243/243/243
f 984/984/977 631/631/631 457/457/457
f 1512/1512/1496 1513/1513/763 651/651/651
f 1279/1279/1266 756/756/755 1077/1077/1065
f 1219/1219/1207 663/663/663 662/662/662
f 1405/1405/1391 606/606/606 843/843/841
f 1514/1514/1497 1515/1515/1498 174/174/174
f 1256/1256/1244 66/66/66 65/65/65
f 679/679/679 1516/1516/1499 332/332/332
f 421/421/421 400/400/400 399/399/399
f 1414/1414/1400 1517/1517/1500 1319/1319/1306
f 910/910/907 1097/1097/1085 1438/1438/1424
f 1060/1060/1048 1015/1015/1006 536/536/536
f 1518/1518/1501 1311/1311/1298 1310/1310/1297
f 422/422/422 938/938/933 1085/1085/1073
f 421/421/421 806/806/804 1519/1519/1502
f 1520/1520/1503 1521/1521/1504 1522/1522/1505
f 969/969/962 39/39/39 1523/1523/1506
f 1524/1524/1507 1525/1525/1508 1263/1263/1251
f 1525/1525/1508 1062/1062/1050 1526/1526/1509
f 1506/1506/1490 909/909/906 908/908/905
f 1527/1527/1510 238/238/238 1525/1525/1508
f 1489/1489/1475 78/78/78 504/504/504
f 1528/1528/835 1466/1466/1452 1529/1529/836
f 1530/1530/1511 1531/1531/1512 1532/1532/1513
f 1068/1068/1056 393/393/393 873/873/870
f 492/492/492 1336/1336/1322 1282/1282/1269
f 1400/1400/1386 936/936/931 1399/1399/1385
f 1533/1533/1514 1534/1534/1515 1535/1535/1516
f 1536/1536/1517 1537/1537/1518 1248/1248/1236
f 1109/1109/1097 40/40/40 459/459/459
f 1488/1488/1474 1531/1531/1512 487/487/487
f 1108/1108/1096 74/74/74 27/27/27
f 1391/1391/1377 1371/1371/1357 1370/1370/1356
f 755/755/754 1538/1538/1519 398/398/398
f 770/770/769 203/203/203 768/768/767
f 1361/1361/1347 1539/1539/1520 1375/1375/1361
f 1026/1026/1016 979/979/972 1005/1005/996
f 55/55/55 581/581/581 226/226/226
f 1293/1293/1280 727/727/726 1291/1291/1278
f 1540/1540/1259 289/289/289 1123/1123/1111
f 1541/1541/1521 1449/1449/1435 42/42/42
f 336/336/336 1408/1408/1394 1086/1086/1074
f 1542/1542/1522 226/226/226 581/581/581
f 332/332/332 1543/1543/1523 877/877/874
f 678/678/678 804/804/802 1215/1215/1203
f 923/923/920 1408/1408/1394 1544/1544/1524
f 901/901/898 316/316/316 322/322/322
f 420/420/420 337/337/337 806/806/804
f 1545/1545/1525 1546/1546/1526 1547/1547/1527
f 776/776/775 993/993/984 774/774/773
f 1437/1437/1423 1382/1382/1368 1548/1548/1528
f 739/739/738 322/322/322 321/321/321
f 1471/1471/1457 1371/1371/1357 1549/1549/1529
f 1287/1287/1274 957/957/950 956/956/949
f 1352/1352/1338 1315/1315/1302 1320/1320/1307
f 712/712/711 1141/1141/1129 1344/1344/1330
f 1346/1346/1332 1431/1431/1417 429/429/429
f 1550/1550/1530 1551/1551/1531 1552/1552/1532
f 1404/1404/1390 803/803/801 718/718/717
f 633/633/633 1107/1107/1095 1106/1106/1094
f 1208/1208/1196 1023/1023/1013 1024/1024/1014
f 238/238/238 359/359/359 1062/1062/1050
f 1183/1183/1171 987/987/980 606/606/606
f 473/473/473 427/427/427 409/409/409
f 1228/1228/1216 1257/1257/1245 1226/1226/1214
f 1553/1553/1533 1554/1554/1534 1534/1534/1515
f 770/770/769 1555/1555/1535 755/755/754
f 998/998/989 46/46/46 45/45/45
f 657/657/657 478/478/478 425/425/425
f 1250/1250/1238 1556/1556/1536 1557/1557/1537
f 1081/1081/1069 1558/1558/1538 1338/1338/1324
f 52/52/52 1482/1482/1468 306/306/306
f 1559/1559/1539 1509/1509/1493 1252/1252/1240
f 683/683/683 676/676/676 580/580/580
f 1560/1560/1540 1514/1514/1497 1076/1076/1064
f 30/30/30 322/322/322 316/316/316
f 509/509/509 372/372/372 371/371/371
f 786/786/785 1406/1406/1392 475/475/475
f 1561/1561/1541 903/903/900 663/663/663
f 881/881/878 221/221/221 1046/1046/1034
f 1036/1036/1024 214/214/214 1430/1430/1416
f 1090/1090/1078 122/122/122 121/121/121
f 991/991/982 1562/1562/1542 732/732/731
f 1180/1180/1168 1430/1430/1416 214/214/214
f 822/822/820 632/632/632 634/634/634
f 465/465/465 84/84/84 83/83/83
f 942/942/568 761/761/760 760/760/759
f 1397/1397/1383 538/538/538 887/887/884
f 1563/1563/1543 173/173/173 1312/1312/1299
f 1564/1564/1544 1549/1549/1529 1380/1380/1366
f 1434/1434/1420 1470/1470/1456 1565/1565/1545
f 508/508/508 789/789/788 1072/1072/1060
f 1566/1566/1546 1475/1475/1461 1567/1567/1547
f 1353/1353/1339 1316/1316/1303 1314/1314/1301
f 844/844/842 165/165/165 843/843/841
f 1558/1558/1538 1568/1568/1548 1122/1122/1110
f 308/308/308 526/526/526 306/306/306
f 357/357/357 1569/1569/1549 839/839/837
f 1563/1563/1543 1570/1570/1550 882/882/879
f 1571/1571/1551 1572/1572/1552 1570/1570/1550
f 1573/1573/1553 1574/1574/1554 1575/1575/1555
f 1576/1576/1556 892/892/889 401/401/401
f 1468/1468/1454 1287/1287/1274 1089/1089/1077
f 1098/1098/1086 1456/1456/1442 999/999/990
f 1577/1577/1557 1575/1575/1555 1574/1574/1554
f 1014/1014/1005 871/871/868 1013/1013/1004
f 1578/1578/1558 1288/1288/1275 1579/1579/1559
f 1580/1580/1560 1554/1554/1534 1230/1230/1218
f 1557/1557/1537 1581/1581/1561 1250/1250/1238
f 1205/1205/1193 1224/1224/1212 1244/1244/1232
f 1582/1582/1562 1494/1494/1479 1082/1082/1070
f 1030/1030/1019 335/335/335 420/420/420
f 1234/1234/1222 1583/1583/1563 1233/1233/1221
f 1584/1584/1564 1339/1339/1325 1066/1066/1054
f 1585/1585/1565 1466/1466/1452 1586/1586/1566
f 1118/1118/1106 1587/1587/1567 1588/1588/1568
f 692/692/691 1589/1589/1569 690/690/689
f 1233/1233/1221 1590/1590/1570 787/787/786
f 1591/1591/1571 1264/1264/1252 1266/1266/1254
f 1592/1592/1572 1503/1503/1487 1572/1572/1552
f 810/810/808 1593/1593/1573 1594/1594/1574
f 1595/1595/1575 1502/1502/1486 1480/1480/1466
f 1359/1359/1345 544/544/544 932/932/927
f 1325/1325/1312 173/173/173 172/172/172
f 1402/1402/1388 1541/1541/1521 471/471/471
f 559/559/559 1361/1361/1347 1374/1374/1360
f 1596/1596/1576 932/932/927 1566/1566/1546
f 1597/1597/1577 1598/1598/1578 688/688/687
f 840/840/838 1052/1052/1040 1245/1245/1233
f 1342/1342/1328 1362/1362/1348 1368/1368/1354
f 13/13/13 1599/1599/1579 810/810/808
f 1495/1495/1480 1274/1274/1261 1496/1496/1481
f 1376/1376/1362 1496/1496/1481 1510/1510/1494
f 1600/1600/1580 318/318/318 1255/1255/1243
f 781/781/780 1052/1052/1040 779/779/778
f 1601/1601/1581 1602/1602/764 1512/1512/1496
f 417/417/417 966/966/959 189/189/189
f 1186/1186/1174 956/956/949 905/905/902
f 390/390/390 1603/1603/1582 1474/1474/1460
f 389/389/389 1583/1583/1563 1603/1603/1582
f 1604/1604/1583 189/189/189 966/966/959
f 1605/1605/1584 190/190/190 189/189/189
f 964/964/957 1606/1606/1585 963/963/956
f 966/966/959 1607/1607/1586 1604/1604/1583
f 1547/1547/1527 1598/1598/1578 1608/1608/1587
f 965/965/958 1609/1609/1588 1607/1607/1586
f 1358/1358/1344 1388/1388/1374 1384/1384/1370
f 546/546/546 1610/1610/1589 545/545/545
f 1611/1611/1590 1444/1444/1430 1612/1612/1591
f 1545/1545/1525 1613/1613/1592 1614/1614/1593
f 1615/1615/1594 1612/1612/1591 1451/1451/1437
f 1459/1459/1445 1450/1450/1436 1452/1452/1438
f 1486/1486/1472 947/947/940 1485/1485/1471
f 1260/1260/1248 1253/1253/1241 1226/1226/1214
f 1180/1180/1168 1063/1063/1051 82/82/82
f 1009/1009/1000 1344/1344/1330 1340/1340/1326
f 1338/1338/1324 1122/1122/1110 194/194/194
f 462/462/462 833/833/831 460/460/460
f 1616/1616/1595 1230/1230/1218 1554/1554/1534
f 1204/1204/1192 199/199/199 1261/1261/1249
f 1401/1401/1387 153/153/153 152/152/152
f 946/946/939 1275/1275/1262 1232/1232/1220
f 1516/1516/1499 826/826/824 1543/1543/1523
f 473/473/473 1617/1617/1596 574/574/574
f 1618/1618/1597 1258/1258/1246 1619/1619/1598
f 1557/1557/1537 1616/1616/1595 1553/1553/1533
f 686/686/685 1000/1000/991 684/684/684
f 85/85/85 1620/1620/1599 480/480/480
f 1249/1249/1237 1259/1259/1247 1258/1258/1246
f 1537/1537/1518 1261/1261/1249 1260/1260/1248
f 1212/1212/1200 1210/1210/1198 1118/1118/1106
f 1248/1248/1236 1260/1260/1248 1259/1259/1247
f 995/995/986 943/943/937 760/760/759
f 1619/1619/1598 1231/1231/1219 1230/1230/1218
f 504/504/504 479/479/479 505/505/505
f 1558/1558/1538 766/766/765 1019/1019/1010
f 1432/1432/1418 1/1/1 321/321/321
f 371/371/371 1114/1114/1102 509/509/509
f 1364/1364/1350 284/284/284 1373/1373/1359
f 1103/1103/1091 1242/1242/1230 97/97/97
f 466/466/466 396/396/396 464/464/464
f 704/704/703 53/53/53 163/163/163
f 714/714/713 1621/1621/1600 679/679/679
f 1622/1622/1601 1201/1201/1189 519/519/519
f 1012/1012/1003 603/603/603 1355/1355/1341
f 1247/1247/1235 1508/1508/1492 1225/1225/1213
f 1206/1206/1194 1244/1244/1232 1242/1242/1230
f 1536/1536/1517 1225/1225/1213 1224/1224/1212
f 1623/1623/1602 1509/1509/1493 1508/1508/1492
f 1331/1331/1318 1333/1333/1319 414/414/414
f 1624/1624/1603 1225/1225/1213 1508/1508/1492
f 15/15/15 970/970/963 1047/1047/1035
f 253/253/253 592/592/592 251/251/251
f 889/889/886 136/136/136 1498/1498/1482
f 1588/1588/1568 1119/1119/1107 1118/1118/1106
f 360/360/360 1625/1625/1604 657/657/657
f 1626/1626/1605 1231/1231/1219 1257/1257/1245
f 506/506/506 1519/1519/1502 806/806/804
f 1627/1627/1606 789/789/788 1189/1189/1177
f 68/68/68 27/27/27 29/29/29
f 1227/1227/1215 236/236/236 1527/1527/1510
f 1628/1628/1607 1304/1304/1291 1519/1519/1502
f 836/836/834 1629/1629/1608 1082/1082/1070
f 1346/1346/1332 460/460/460 833/833/831
f 1445/1445/1431 1004/1004/995 1003/1003/994
f 1376/1376/1362 1630/1630/1609 1374/1374/1360
f 1265/1265/1253 1631/1631/1610 1580/1580/1560
f 1527/1527/1510 1228/1228/1216 1227/1227/1215
f 880/880/877 814/814/812 895/895/892
f 430/430/430 1396/1396/1382 428/428/428
f 41/41/41 1523/1523/1506 39/39/39
f 1632/1632/1611 144/144/144 395/395/395
f 1633/1633/1612 1535/1535/1516 1534/1534/1515
f 1457/1457/1443 692/692/691 691/691/690
f 1178/1178/1166 649/649/649 648/648/648
f 1633/1633/1612 1634/1634/1613 1635/1635/1614
f 1572/1572/1552 1504/1504/1488 1636/1636/1615
f 1637/1637/1616 710/710/709 1069/1069/1057
f 1214/1214/1202 457/457/457 983/983/976
f 58/58/58 1638/1638/1617 56/56/56
f 1639/1639/1618 1019/1019/1010 766/766/765
f 1267/1267/1255 1289/1289/1276 1288/1288/1275
f 1051/1051/1039 1589/1589/1569 646/646/646
f 1383/1383/1369 783/783/782 782/782/781
f 1263/1263/1251 1526/1526/1509 1636/1636/1615
f 571/571/571 691/691/690 1284/1284/1271
f 1125/1125/1113 811/811/809 1232/1232/1220
f 882/882/879 1526/1526/1509 1062/1062/1050
f 607/607/607 555/555/555 248/248/248
f 1599/1599/1579 1640/1640/1619 1593/1593/1573
f 1266/1266/1254 1504/1504/1488 1289/1289/1276
f 1264/1264/1252 1636/1636/1615 1504/1504/1488
f 1570/1570/1550 1636/1636/1615 1526/1526/1509
f 213/213/213 530/530/530 1179/1179/1167
f 1208/1208/1196 722/722/721 721/721/720
f 1608/1608/1587 1641/1641/1620 1642/1642/1621
f 1305/1305/1292 1571/1571/1551 1643/1643/1622
f 1173/1173/1161 205/205/205 204/204/204
f 1171/1171/1159 1644/1644/1623 1562/1562/1542
f 733/733/732 1645/1645/1624 342/342/342
f 321/321/321 740/740/739 739/739/738
f 781/781/780 1282/1282/1269 1336/1336/1322
f 1610/1610/1589 964/964/957 950/950/943
f 1029/1029/1018 910/910/907 912/912/909
f 1565/1565/1545 994/994/985 1455/1455/1441
f 1277/1277/1264 1309/1309/1296 1479/1479/1465
f 1004/1004/995 1377/1377/1363 1002/1002/993
f 1520/1520/1503 1646/1646/1625 1647/1647/1626
f 1648/1648/1627 295/295/295 261/261/261
f 539/539/539 960/960/953 902/902/899
f 1592/1592/1572 1307/1307/1294 1269/1269/1257
f 1269/1269/1257 1646/1646/1625 1270/1270/1258
f 1594/1594/1574 1597/1597/1577 810/810/808
f 1409/1409/1395 805/805/803 1086/1086/1074
f 1571/1571/1551 1312/1312/1299 1643/1643/1622
f 1140/1140/1128 1544/1544/1524 242/242/242
f 836/836/834 1649/1649/1565 654/654/654
f 1082/1082/1070 1650/1650/1628 1582/1582/1562
f 1651/1651/1629 1608/1608/1587 1642/1642/1621
f 361/361/361 575/575/575 171/171/171
f 1652/1652/1630 1547/1547/1527 1651/1651/1629
f 72/72/72 1561/1561/1541 343/343/343
f 1653/1653/1631 344/344/344 1654/1654/1632
f 1477/1477/1463 356/356/356 1446/1446/1432
f 1123/1123/1111 290/290/290 195/195/195
f 1285/1285/1272 786/786/785 246/246/246
f 1477/1477/1463 1300/1300/1287 1306/1306/1293
f 1655/1655/1633 1480/1480/1466 1311/1311/1298
f 1450/1450/1436 1655/1655/1633 1615/1615/1594
f 218/218/218 1637/1637/1616 216/216/216
f 1656/1656/1634 1595/1595/1575 1450/1450/1436
f 860/860/857 1073/1073/1061 861/861/858
f 1611/1611/1590 1655/1655/1633 1518/1518/1501
f 1498/1498/1482 249/249/249 889/889/886
f 1546/1546/1526 689/689/688 1598/1598/1578
f 1298/1298/1285 1446/1446/1432 1458/1458/1444
f 1560/1560/1540 57/57/57 924/924/921
f 1439/1439/1425 1657/1657/1635 1301/1301/1288
f 1518/1518/1501 1443/1443/1429 1611/1611/1590
f 1500/1500/1484 755/755/754 754/754/753
f 1272/1272/474 1029/1029/1018 1658/1658/1393
f 1117/1117/1105 771/771/770 153/153/153
f 1582/1582/1562 1234/1234/1222 551/551/551
f 247/247/247 476/476/476 331/331/331
f 1659/1659/1101 1660/1660/1636 1661/1661/1637
f 1662/1662/1098 1663/1663/1638 1660/1660/1636
f 1440/1440/1426 1462/1462/1448 1661/1661/1637
f 1138/1138/1126 1482/1482/1468 782/782/781
f 1543/1543/1523 89/89/89 845/845/843
f 388/388/388 1448/1448/1434 1491/1491/1476
f 890/890/887 726/726/725 566/566/566
f 997/997/988 412/412/412 1664/1664/1639
f 1665/1665/1108 1666/1666/1640 1667/1667/1641
f 1487/1487/1473 488/488/488 1203/1203/1191
f 1444/1444/1430 1660/1660/1636 1663/1663/1638
f 1668/1668/1642 944/944/910 943/943/937
f 1669/1669/1115 1667/1667/1641 1663/1663/1638
f 1670/1670/1618 1462/1462/1448 885/885/882
f 486/486/486 1177/1177/1165 1488/1488/1474
f 298/298/298 783/783/782 981/981/974
f 926/926/723 912/912/909 911/911/908
f 1612/1612/1591 1663/1663/1638 1667/1667/1641
f 75/75/75 46/46/46 73/73/73
f 414/414/414 404/404/404 142/142/142
f 1434/1434/1420 1455/1455/1441 1098/1098/1086
f 1218/1218/1206 491/491/491 1216/1216/1204
f 75/75/75 738/738/737 740/740/739
f 1671/1671/1643 1672/1672/1644 1130/1130/1118
f 554/554/554 1632/1632/1611 395/395/395
f 949/949/942 1485/1485/1471 947/947/940
f 1673/1673/1645 1096/1096/1084 886/886/883
f 564/564/564 1672/1672/1644 1674/1674/1646
f 1451/1451/1437 1667/1667/1641 1666/1666/1640
f 1675/1675/1009 886/886/883 1096/1096/1084
f 1676/1676/1175 1661/1661/1637 1462/1462/1448
f 1614/1614/1593 1668/1668/1642 943/943/937
f 1510/1510/1494 1274/1274/1261 698/698/697
f 858/858/722 717/717/716 716/716/715
f 1677/1677/792 1678/1678/1647 1679/1679/1648
f 1680/1680/1649 652/652/652 1681/1681/1117
f 1682/1682/1650 1681/1681/1117 1683/1683/851
f 110/110/110 1684/1684/1651 481/481/481
f 1317/1317/1304 1685/1685/1652 1686/1686/1653
f 1686/1686/1653 1395/1395/1381 1393/1393/1379
f 1326/1326/1313 1687/1687/1654 1685/1685/1652
f 1685/1685/1652 1688/1688/1655 1395/1395/1381
f 1686/1686/1653 1318/1318/1305 1317/1317/1304
f 1689/1689/1656 1322/1322/1309 1318/1318/1305
f 1393/1393/1379 1689/1689/1656 1686/1686/1653
f 1392/1392/1378 1412/1412/1398 1689/1689/1656
f 1347/1347/1333 1690/1690/1657 1328/1328/1315
f 1691/1691/1658 1328/1328/1315 1690/1690/1657
f 1323/1323/1310 1314/1314/1301 1322/1322/1309
f 1692/1692/1659 1349/1349/1335 1693/1693/1660
f 1343/1343/1329 1473/1473/1459 1341/1341/1327
f 1517/1517/1500 300/300/300 1472/1472/1458
f 1693/1693/1660 1564/1564/1544 1436/1436/1422
f 1349/1349/1335 1471/1471/1457 1564/1564/1544
f 1389/1389/1375 1370/1370/1356 1387/1387/1373
f 49/49/49 402/402/402 397/397/397
f 20/20/20 1357/1357/1343 1373/1373/1359
f 1654/1654/1632 346/346/346 95/95/95
f 1381/1381/1367 1694/1694/1661 1695/1695/1662
f 1696/1696/1663 1428/1428/1414 1694/1694/1661
f 1695/1695/1662 1382/1382/1368 1381/1381/1367
f 1697/1697/1664 1548/1548/1528 1382/1382/1368
f 1549/1549/1529 1696/1696/1663 1381/1381/1367
f 1698/1698/1665 1699/1699/1666 1700/1700/1667
f 1700/1700/1667 1701/1701/1668 1702/1702/1669
f 1423/1423/1409 1699/1699/1666 1703/1703/1670
f 1699/1699/1666 1704/1704/1671 1701/1701/1668
f 1700/1700/1667 1705/1705/1672 1698/1698/1665
f 1706/1706/1673 1707/1707/1674 1705/1705/1672
f 1702/1702/1669 1706/1706/1673 1700/1700/1667
f 1708/1708/1675 1709/1709/1676 1706/1706/1673
f 1698/1698/1665 1710/1710/1677 1711/1711/1678
f 1711/1711/1678 1697/1697/1664 1695/1695/1662
f 1705/1705/1672 1712/1712/1679 1710/1710/1677
f 1710/1710/1677 1713/1713/1680 1697/1697/1664
f 1711/1711/1678 1703/1703/1670 1698/1698/1665
f 1703/1703/1670 1714/1714/1681 1423/1423/1409
f 1695/1695/1662 1715/1715/1682 1711/1711/1678
f 1694/1694/1661 1714/1714/1681 1715/1715/1682
f 1716/1716/1683 1252/1252/1240 1251/1251/1239
f 1717/1717/1684 1252/1252/1240 1509/1509/1493
f 1623/1623/1602 1249/1249/1237 1618/1618/1597
f 1717/1717/1684 1618/1618/1597 1556/1556/1536
f 19/19/19 1292/1292/1279 212/212/212
f 1718/1718/1685 1671/1671/1643 1057/1057/1045
f 1556/1556/1536 1619/1619/1598 1616/1616/1595
f 1478/1478/1464 847/847/845 1330/1330/1317
f 351/351/351 1562/1562/1542 1644/1644/1623
f 1719/1719/1686 1553/1553/1533 1533/1533/1514
f 1631/1631/1610 1534/1534/1515 1554/1554/1534
f 1229/1229/1217 1262/1262/1250 1591/1591/1571
f 1580/1580/1560 1591/1591/1571 1265/1265/1253
f 1524/1524/1507 1626/1626/1605 1228/1228/1216
f 1720/1720/1687 1635/1635/1614 1721/1721/1688
f 1722/1722/1689 901/901/898 739/739/738
f 1634/1634/1613 1267/1267/1255 1578/1578/1558
f 1345/1345/1331 1625/1625/1604 1431/1431/1417
f 1721/1721/1688 1723/1723/1690 1577/1577/1557
f 1635/1635/1614 1578/1578/1558 1723/1723/1690
f 1522/1522/1505 1579/1579/1559 1288/1288/1275
f 1521/1521/1504 1575/1575/1555 1579/1579/1559
f 1723/1723/1690 1579/1579/1559 1575/1575/1555
f 1270/1270/1258 1522/1522/1505 1268/1268/1256
f 1573/1573/1553 1724/1724/1691 1277/1277/1264
f 1398/1398/1384 1085/1085/1073 1378/1378/1364
f 1293/1293/1280 1725/1725/1692 1449/1449/1435
f 1643/1643/1622 1569/1569/1549 1306/1306/1293
f 1278/1278/1265 1479/1479/1465 1501/1501/1485
f 1647/1647/1626 1302/1302/1289 1310/1310/1297
f 1724/1724/1691 1647/1647/1626 1309/1309/1296
f 1310/1310/1297 1657/1657/1635 1518/1518/1501
f 1299/1299/1286 1646/1646/1625 1307/1307/1294
f 1458/1458/1444 1301/1301/1288 1298/1298/1285
f 1487/1487/1473 558/558/558 553/553/553
f 1002/1002/993 1281/1281/1268 407/407/407
f 1290/1290/1277 1726/1726/1693 1065/1065/1053
f 1297/1297/1284 1614/1614/1593 995/995/986
f 1727/1727/1694 1728/1728/1695 344/344/344
f 1456/1456/1442 761/761/760 684/684/684
f 159/159/159 1586/1586/1566 1466/1466/1452
f 1729/1729/1092 1461/1461/1447 1460/1460/1446
f 1730/1730/1109 1460/1460/1446 1666/1666/1640
f 1452/1452/1438 1666/1666/1640 1460/1460/1446
f 1644/1644/1623 352/352/352 351/351/351
f 1441/1441/1427 1661/1661/1637 1660/1660/1636
f 1731/1731/1696 1732/1732/1697 1733/1733/1698
f 1734/1734/1699 1128/1128/1116 1732/1732/1697
f 661/661/661 1734/1734/1699 1731/1731/1696
f 1735/1735/1700 854/854/852 1734/1734/1699
f 1733/1733/1698 1736/1736/1701 1737/1737/1702
f 1737/1737/1702 1738/1738/1703 1739/1739/1704
f 1732/1732/1697 791/791/790 1736/1736/1701
f 1736/1736/1701 793/793/791 1738/1738/1703
f 1737/1737/1702 387/387/387 1733/1733/1698
f 1739/1739/1704 904/904/901 1737/1737/1702
f 1733/1733/1698 67/67/67 1731/1731/1696
f 1731/1731/1696 69/69/69 661/661/661
f 86/86/86 1469/1469/1455 675/675/675
f 1542/1542/1522 567/567/567 1092/1092/1080
f 846/846/844 732/732/731 1562/1562/1542
f 1325/1325/1312 1617/1617/1596 1324/1324/1311
f 1068/1068/1056 1285/1285/1272 245/245/245
f 777/777/776 1042/1042/1030 403/403/403
f 1664/1664/1639 1740/1740/1705 1037/1037/1025
f 342/342/342 1037/1037/1025 1038/1038/1026
f 1519/1519/1502 1483/1483/1469 421/421/421
f 331/331/331 1295/1295/1282 247/247/247
f 801/801/799 1621/1621/1600 752/752/751
f 514/514/514 1741/1741/1706 1207/1207/1195
f 697/697/696 385/385/385 36/36/36
f 848/848/846 257/257/257 598/598/598
f 263/263/263 1290/1290/1277 1065/1065/1053
f 1674/1674/1646 518/518/518 565/565/565
f 1590/1590/1570 1491/1491/1476 1584/1584/1564
f 548/548/548 565/565/565 518/518/518
f 1442/1442/1428 1308/1308/1295 177/177/177
f 1464/1464/1450 1050/1050/1038 1610/1610/1589
f 1126/1126/1114 1630/1630/1609 216/216/216
f 1075/1075/1063 1366/1366/1352 1493/1493/1478
f 415/415/415 566/566/566 726/726/725
f 849/849/847 1330/1330/1317 847/847/845
f 821/821/819 339/339/339 1367/1367/1353
f 1211/1211/1199 486/486/486 488/488/488
f 605/605/605 1355/1355/1341 603/603/603
f 1523/1523/1506 1484/1484/1470 969/969/962
f 1530/1530/1511 1215/1215/1203 967/967/960
f 1084/1084/1072 1059/1059/1047 1378/1378/1364
f 1291/1291/1278 596/596/596 530/530/530
f 815/815/813 1280/1280/1267 1107/1107/1095
f 996/996/987 1176/1176/1164 1453/1453/1439
f 343/343/343 1038/1038/1026 72/72/72
f 1409/1409/1395 1071/1071/1059 790/790/789
f 104/104/104 746/746/745 103/103/103
f 1499/1499/1483 1511/1511/1495 204/204/204
f 1735/1735/1700 663/663/663 903/903/900
f 633/633/633 80/80/80 634/634/634
f 1742/1742/1707 1198/1198/1186 1197/1197/1185
f 1198/1198/1186 1743/1743/1708 1586/1586/1566
f 1337/1337/1323 1552/1552/1532 1622/1622/1601
f 561/561/561 1275/1275/1262 658/658/658
f 627/627/627 909/909/906 1599/1599/1579
f 1197/1197/1185 1744/1744/1709 1742/1742/1707
f 1074/1074/1062 907/907/904 1744/1744/1709
f 1745/1745/1710 696/696/695 697/697/696
f 1746/1746/1711 696/696/695 1747/1747/1712
f 697/697/696 1748/1748/1713 1745/1745/1710
f 1748/1748/1713 38/38/38 1739/1739/1704
f 1745/1745/1710 1749/1749/1714 1750/1750/1715
f 1750/1750/1715 953/953/946 763/763/762
f 1739/1739/1704 1749/1749/1714 1748/1748/1713
f 1738/1738/1703 953/953/946 1749/1749/1714
f 1750/1750/1715 1747/1747/1712 1745/1745/1710
f 1747/1747/1712 1751/1751/1716 1746/1746/1711
f 763/763/762 1752/1752/1717 1750/1750/1715
f 1752/1752/1717 1133/1133/1121 1751/1751/1716
f 1753/1753/1718 1188/1188/1176 1754/1754/1719
f 1238/1238/1226 1755/1755/1720 1240/1240/1228
f 1756/1756/1721 1627/1627/1606 1188/1188/1176
f 1754/1754/1719 1757/1757/1722 1753/1753/1718
f 1240/1240/1228 1758/1758/1723 1757/1757/1722
f 1754/1754/1719 1190/1190/1178 1235/1235/1223
f 1753/1753/1718 1680/1680/1649 1682/1682/1650
f 1757/1757/1722 653/653/653 1680/1680/1649
f 1682/1682/1650 1756/1756/1721 1753/1753/1718
f 1679/1679/1648 1759/1759/1724 1756/1756/1721
f 1628/1628/1607 508/508/508 1045/1045/1033
f 1540/1540/1259 1568/1568/1548 1018/1018/1009
f 485/485/485 350/350/350 352/352/352
f 1740/1740/1705 1760/1760/1290 406/406/406
f 49/49/49 1761/1761/1725 47/47/47
f 78/78/78 426/426/426 479/479/479
f 1403/1403/1389 646/646/646 1589/1589/1569
f 734/734/733 570/570/570 1183/1183/1171
f 1131/1131/1119 595/595/595 687/687/686
f 787/787/786 1584/1584/1564 1726/1726/1693
f 374/374/374 1606/1606/1585 645/645/645
f 419/419/419 328/328/328 695/695/694
f 594/594/594 251/251/251 592/592/592
f 1741/1741/1706 163/163/163 752/752/751
f 1650/1650/1628 1762/1762/1726 1234/1234/1222
f 1489/1489/1475 1532/1532/1513 1531/1531/1512
f 1683/1683/851 1679/1679/1648 1682/1682/1650
f 1377/1377/1363 492/492/492 1281/1281/1268
f 532/532/532 1761/1761/1725 1064/1064/1052
f 69/69/69 29/29/29 662/662/662
f 1759/1759/1724 1072/1072/1060 1627/1627/1606
f 1763/1763/1727 1601/1601/1581 1764/1764/1728
f 1765/1765/1729 1221/1221/1209 1192/1192/1180
f 1629/1629/1608 1766/1766/1730 1650/1650/1628
f 1632/1632/1611 207/207/207 168/168/168
f 617/617/617 928/928/923 1007/1007/998
f 654/654/654 1767/1767/1731 1629/1629/1608
f 1768/1768/1732 1512/1512/1496 1769/1769/1733
f 1770/1770/1734 1601/1601/1581 1768/1768/1732
f 1769/1769/1733 651/651/651 1771/1771/1735
f 651/651/651 1758/1758/1723 1771/1771/1735
f 1771/1771/1735 1220/1220/1208 1769/1769/1733
f 1771/1771/1735 1755/1755/1720 1194/1194/1182
f 1769/1769/1733 1765/1765/1729 1768/1768/1732
f 1765/1765/1729 1770/1770/1734 1768/1768/1732
f 1772/1772/655 1586/1586/1566 1743/1743/1708
f 1344/1344/1330 1454/1454/1440 4/4/4
f 1773/1773/1736 113/113/113 1774/1774/1737
f 1773/1773/1736 1159/1159/1147 1775/1775/1738
f 1774/1774/1737 1149/1149/1137 1773/1773/1736
f 1775/1775/1738 619/619/619 1773/1773/1736
f 1775/1775/1738 1161/1161/1149 1776/1776/1739
f 1776/1776/1739 1777/1777/1740 1778/1778/1741
f 1779/1779/1742 1780/1780/1743 1162/1162/1150
f 852/852/850 1781/1781/1744 850/850/848
f 1776/1776/1739 618/618/618 1775/1775/1738
f 902/902/899 963/963/956 1606/1606/1585
f 1396/1396/1382 875/875/872 874/874/871
f 431/431/431 27/27/27 94/94/94
f 897/897/894 1600/1600/1580 65/65/65
f 1555/1555/1535 934/934/929 1538/1538/1519
f 752/752/751 1207/1207/1195 1741/1741/1706
f 1216/1216/1204 1435/1435/1421 1097/1097/1085
f 1399/1399/1385 937/937/932 330/330/330
f 10/10/10 1079/1079/1067 324/324/324
f 1433/1433/1419 18/18/18 1023/1023/1013
f 1414/1414/1400 1071/1071/1059 1173/1173/1161
f 541/541/541 1308/1308/1295 851/851/849
f 1199/1199/1187 1467/1467/1453 274/274/274
f 296/296/296 218/218/218 217/217/217
f 12/12/12 1492/1492/1477 10/10/10
f 1400/1400/1386 535/535/535 319/319/319
f 152/152/152 1402/1402/1388 1401/1401/1387
f 1124/1124/1112 403/403/403 600/600/600
f 1217/1217/1205 636/636/636 1053/1053/1041
f 614/614/614 1778/1778/1741 612/612/612
f 868/868/865 869/869/866 1014/1014/1005
f 1774/1774/1737 108/108/108 1782/1782/1745
f 1092/1092/1080 1684/1684/1651 1090/1090/1078
f 982/982/975 738/738/737 1108/1108/1096
f 1783/1783/1746 111/111/111 1784/1784/1747
f 480/480/480 1784/1784/1747 111/111/111
f 1784/1784/1747 454/454/454 1783/1783/1746
f 1620/1620/1599 443/443/443 1784/1784/1747
f 28/28/28 341/341/341 1219/1219/1207
f 1783/1783/1746 456/456/456 1782/1782/1745
f 1782/1782/1745 1150/1150/1138 1774/1774/1737
f 115/115/115 1782/1782/1745 108/108/108
f 1785/1785/1748 1786/1786/1749 1787/1787/1750
f 1507/1507/1491 1788/1788/1751 1787/1787/1750
f 1789/1789/1752 1790/1790/1753 1786/1786/1749
f 1787/1787/1750 1791/1791/1754 1785/1785/1748
f 1788/1788/1751 1792/1792/1755 1791/1791/1754
f 1559/1559/1539 1793/1793/1756 1788/1788/1751
f 1785/1785/1748 1794/1794/1757 1795/1795/1758
f 1795/1795/1758 1708/1708/1675 1702/1702/1669
f 1791/1791/1754 1796/1796/1759 1794/1794/1757
f 1794/1794/1757 1797/1797/1760 1708/1708/1675
f 1795/1795/1758 1789/1789/1752 1785/1785/1748
f 1798/1798/1761 1799/1799/1762 1789/1789/1752
f 1702/1702/1669 1798/1798/1761 1795/1795/1758
f 1701/1701/1668 1800/1800/1763 1798/1798/1761
f 1801/1801/1764 1552/1552/1532 1551/1551/1531
f 931/931/926 629/629/629 1005/1005/996
f 617/617/617 1780/1780/1743 615/615/615
f 1551/1551/1531 1802/1802/1765 1801/1801/1764
f 1718/1718/1685 1803/1803/1766 1802/1802/1765
f 1243/1243/1231 1790/1790/1753 1804/1804/1767
f 1727/1727/1694 1805/1805/1768 84/84/84
f 1223/1223/1211 1786/1786/1749 1790/1790/1753
f 1678/1678/1647 1073/1073/1061 1759/1759/1724
f 444/444/444 1013/1013/1004 871/871/868
f 769/769/768 933/933/928 1555/1555/1535
f 1372/1372/1358 1064/1064/1052 1761/1761/1725
f 1806/1806/794 861/861/858 1678/1678/1647
f 1728/1728/1695 1109/1109/1097 345/345/345
f 1538/1538/1519 1379/1379/1365 44/44/44
f 1492/1492/1477 1080/1080/1068 1079/1079/1067
f 244/244/244 4/4/4 1454/1454/1440
f 1664/1664/1639 1645/1645/1624 997/997/988
f 1241/1241/1229 1807/1807/1769 1808/1808/1770
f 1624/1624/1603 1787/1787/1750 1786/1786/1749
f 1576/1576/1556 709/709/708 798/798/796
f 798/798/796 1809/1809/1771 151/151/151
f 1532/1532/1513 678/678/678 1530/1530/1511
f 413/413/413 630/630/630 610/610/610
f 820/820/818 1810/1810/26 715/715/714
f 695/695/694 1116/1116/1104 364/364/364
f 1367/1367/1353 12/12/12 11/11/11
f 1674/1674/1646 1550/1550/1530 1337/1337/1323
f 1186/1186/1174 1493/1493/1478 563/563/563
f 664/664/664 1463/1463/1449 362/362/362
f 95/95/95 1808/1808/1770 1654/1654/1632
f 1726/1726/1693 1066/1066/1054 1065/1065/1053
f 1057/1057/1045 1130/1130/1118 1175/1175/1163
f 1515/1515/1498 1648/1648/1627 175/175/175
f 832/832/830 1284/1284/1271 691/691/690
f 1470/1470/1456 1296/1296/1283 1565/1565/1545
f 258/258/258 179/179/179 178/178/178
f 143/143/143 705/705/704 141/141/141
f 1080/1080/1068 741/741/740 410/410/410
f 1246/1246/1234 1804/1804/1767 1807/1807/1769
f 1544/1544/1524 1213/1213/1201 242/242/242
f 1012/1012/1003 397/397/397 402/402/402
f 1811/1811/1772 467/467/467 879/879/876
f 21/21/21 1725/1725/1692 19/19/19
f 1094/1094/1082 526/526/526 394/394/394
f 301/301/301 754/754/753 876/876/873
f 1812/1812/1773 1808/1808/1770 1807/1807/1769
f 1813/1813/1774 1622/1622/1601 1552/1552/1532
f 1814/1814/1775 1654/1654/1632 1808/1808/1770
f 1807/1807/1769 1815/1815/1776 1812/1812/1773
f 1804/1804/1767 1799/1799/1762 1815/1815/1776
f 1809/1809/1771 728/728/727 152/152/152
f 1812/1812/1773 1816/1816/1777 1817/1817/1778
f 1817/1817/1778 1425/1425/1411 1419/1419/1405
f 1815/1815/1776 1800/1800/1763 1816/1816/1777
f 1816/1816/1777 1704/1704/1671 1425/1425/1411
f 1817/1817/1778 1814/1814/1775 1812/1812/1773
f 1818/1818/1779 1653/1653/1631 1814/1814/1775
f 1419/1419/1405 1818/1818/1779 1817/1817/1778
f 1418/1418/1404 1805/1805/1768 1818/1818/1779
f 1819/1819/1780 1820/1820/1781 1821/1821/1782
f 1822/1822/1783 1823/1823/1784 1824/1824/1785
f 1825/1825/1786 1826/1826/1787 1827/1827/1788
f 1828/1828/1789 1829/1829/1790 1830/1830/1791
f 1831/1831/1792 1821/1821/1782 1820/1820/1781
f 1832/1832/1793 1833/1833/1794 1834/1834/1795
f 1835/1835/1796 1836/1836/1797 1837/1837/1798
f 1838/1838/1799 1839/1839/1800 1840/1840/1801
f 1841/1841/1802 1842/1842/1803 1843/1843/1804
f 1844/1844/1805 1845/1845/1806 1846/1846/1807
f 1847/1847/1808 1848/1848/1809 1849/1849/1810
f 1850/1850/1811 1851/1851/1812 1852/1852/1813
f 1853/1853/1814 1854/1854/1815 1835/1835/1796
f 1855/1855/1816 1856/1856/1817 1857/1857/1818
f 1858/1858/1819 1859/1859/1820 1860/1860/1821
f 1850/1850/1811 1861/1861/1822 1862/1862/1823
f 1863/1863/1824 1864/1864/1825 1865/1865/1826
f 1866/1866/1827 1867/1867/1797 1868/1868/1828
f 1868/1868/1828 1869/1869/1829 1866/1866/1827
f 1866/1866/1827 1870/1870/1830 1871/1871/1831
f 1871/1871/1831 1872/1872/1832 1866/1866/1827
f 1873/1873/1833 1874/1874/1834 1875/1875/1835
f 1857/1857/1818 1876/1876/1836 1877/1877/1837
f 1878/1878/1838 1879/1879/1839 1880/1880/1840
f 1881/1881/1841 1882/1882/1842 1883/1883/1843
f 1884/1884/1844 1885/1885/1845 1886/1886/1846
f 1880/1880/1840 1887/1887/1847 1888/1888/1848
f 1889/1889/1814 1829/1829/1790 1890/1890/1849
f 1891/1891/1850 1892/1892/1851 1893/1893/1852
f 1894/1894/1853 1895/1895/1854 1896/1896/1855
f 1827/1827/1788 1897/1897/1856 1831/1831/1792
f 1898/1898/1857 1899/1899/1858 1900/1900/1817
f 1901/1901/1859 1902/1902/1807 1848/1848/1809
f 1892/1892/1851 1903/1903/1860 1893/1893/1852
f 1904/1904/1861 1905/1905/1862 1906/1906/1839
f 1907/1907/1863 1896/1896/1855 1895/1895/1854
f 1908/1908/1812 1909/1909/1864 1910/1910/1865
f 1911/1911/1866 1828/1828/1789 1912/1912/1867
f 1912/1912/1867 1913/1913/1868 1911/1911/1866
f 1911/1911/1866 1914/1914/1869 1915/1915/1870
f 1915/1915/1870 1916/1916/1871 1911/1911/1866
f 1917/1917/1872 1918/1918/1873 1915/1915/1870
f 1915/1915/1870 1919/1919/1874 1917/1917/1872
f 1917/1917/1872 1920/1920/1875 1921/1921/1876
f 1921/1921/1876 1922/1922/1877 1917/1917/1872
f 1923/1923/1878 1822/1822/1783 1924/1924/1879
f 1924/1924/1879 1925/1925/1880 1923/1923/1878
f 1923/1923/1878 1926/1926/1881 1927/1927/1882
f 1927/1927/1882 1913/1913/1868 1923/1923/1878
f 1928/1928/1883 1914/1914/1869 1927/1927/1882
f 1928/1928/1883 1926/1926/1881 1929/1929/1884
f 1929/1929/1884 1930/1930/1885 1928/1928/1883
f 1928/1928/1883 1920/1920/1875 1919/1919/1874
f 1931/1931/1886 1932/1932/1887 1933/1933/1888
f 1933/1933/1888 1934/1934/1889 1931/1931/1886
f 1931/1931/1886 1935/1935/1890 1936/1936/1891
f 1936/1936/1891 1925/1925/1880 1931/1931/1886
f 1929/1929/1884 1936/1936/1891 1937/1937/1892
f 1937/1937/1892 1935/1935/1890 1938/1938/1893
f 1938/1938/1893 1939/1939/1894 1937/1937/1892
f 1937/1937/1892 1940/1940/1895 1929/1929/1884
f 1941/1941/1896 1942/1942/1897 1943/1943/1898
f 1943/1943/1898 1873/1873/1833 1941/1941/1896
f 1941/1941/1896 1875/1875/1835 1944/1944/1899
f 1944/1944/1899 1945/1945/1900 1941/1941/1896
f 1946/1946/1901 1944/1944/1899 1947/1947/1902
f 1947/1947/1902 1875/1875/1835 1948/1948/1903
f 1948/1948/1903 1949/1949/1904 1947/1947/1902
f 1947/1947/1902 1950/1950/1905 1946/1946/1901
f 1951/1951/1906 1952/1952/1855 1953/1953/1907
f 1954/1954/1908 1955/1955/1909 1956/1956/1910
f 1957/1957/1911 1958/1958/1912 1959/1959/1913
f 1959/1959/1913 1960/1960/1914 1957/1957/1911
f 1957/1957/1911 1961/1961/1915 1962/1962/1916
f 1962/1962/1916 1869/1869/1829 1957/1957/1911
f 1963/1963/1917 1964/1964/1918 1965/1965/1919
f 1966/1966/1920 1847/1847/1808 1967/1967/1921
f 1967/1967/1921 1968/1968/1922 1966/1966/1920
f 1966/1966/1920 1969/1969/1923 1970/1970/1924
f 1970/1970/1924 1971/1971/1925 1966/1966/1920
f 1972/1972/1926 1970/1970/1924 1973/1973/1927
f 1973/1973/1927 1969/1969/1923 1974/1974/1928
f 1974/1974/1928 1975/1975/1929 1973/1973/1927
f 1973/1973/1927 1976/1976/1930 1972/1972/1926
f 1977/1977/1931 1978/1978/1932 1979/1979/1933
f 1979/1979/1933 1980/1980/1934 1977/1977/1931
f 1977/1977/1931 1981/1981/1935 1982/1982/1936
f 1982/1982/1936 1968/1968/1922 1977/1977/1931
f 1983/1983/1937 1969/1969/1923 1982/1982/1936
f 1982/1982/1936 1984/1984/1938 1983/1983/1937
f 1984/1984/1938 1985/1985/1939 1983/1983/1937
f 1983/1983/1937 1986/1986/1940 1974/1974/1928
f 1987/1987/1941 1988/1988/1942 1989/1989/1943
f 1989/1989/1943 1990/1990/1944 1987/1987/1941
f 1987/1987/1941 1991/1991/1945 1992/1992/1946
f 1992/1992/1946 1980/1980/1934 1987/1987/1941
f 1993/1993/1947 1981/1981/1935 1992/1992/1946
f 1992/1992/1946 1994/1994/1948 1993/1993/1947
f 1993/1993/1947 1995/1995/1949 1996/1996/1950
f 1993/1993/1947 1997/1997/1951 1984/1984/1938
f 1998/1998/1952 1999/1999/1953 2000/2000/1954
f 2000/2000/1954 2001/2001/1955 1998/1998/1952
f 1998/1998/1952 2002/2002/1956 2003/2003/1957
f 2003/2003/1957 2004/2004/1958 1998/1998/1952
f 2005/2005/1959 2006/2006/1960 2003/2003/1957
f 2003/2003/1957 2007/2007/1961 2005/2005/1959
f 2005/2005/1959 2008/2008/1962 2009/2009/1963
f 2009/2009/1963 2010/2010/1964 2005/2005/1959
f 2011/2011/1965 2012/2012/1966 2013/2013/1967
f 2011/2011/1965 2014/2014/1968 2015/2015/1969
f 2016/2016/1970 2017/2017/1971 1884/1884/1844
f 2018/2018/1972 2019/2019/1973 2020/2020/1974
f 2021/2021/1975 2022/2022/1976 2023/2023/1977
f 2023/2023/1977 1837/1837/1798 2024/2024/1978
f 2024/2024/1978 2025/2025/1819 2023/2023/1977
f 2023/2023/1977 2026/2026/1821 2021/2021/1975
f 2027/2027/1979 2028/2028/1980 2029/2029/1981
f 2029/2029/1981 2030/2030/1961 2027/2027/1979
f 2027/2027/1979 2031/2031/1956 2032/2032/1982
f 2032/2032/1982 2033/2033/1983 2027/2027/1979
f 2034/2034/1984 2035/2035/1985 1838/1838/1799
f 1838/1838/1799 2036/2036/1986 2034/2034/1984
f 2034/2034/1984 2037/2037/1962 2029/2029/1981
f 2029/2029/1981 2038/2038/1987 2034/2034/1984
f 2039/2039/1988 2040/2040/1966 2041/2041/1989
f 2041/2041/1989 2042/2042/1990 2039/2039/1988
f 2039/2039/1988 2043/2043/1991 2044/2044/1992
f 2044/2044/1992 2045/2045/1993 2039/2039/1988
f 2046/2046/1994 2047/2047/1995 2048/2048/1996
f 2048/2048/1996 2049/2049/1997 2050/2050/1998
f 2050/2050/1998 2051/2051/1856 2048/2048/1996
f 2048/2048/1996 2052/2052/1787 2046/2046/1994
f 2050/2050/1998 2053/2053/1999 2054/2054/2000
f 2054/2054/2000 2055/2055/2001 2056/2056/2002
f 2056/2056/2002 2057/2057/1780 2054/2054/2000
f 2054/2054/2000 2058/2058/1782 2050/2050/1998
f 2056/2056/2002 2059/2059/2003 2060/2060/2004
f 2060/2060/2004 2061/2061/2005 2062/2062/2006
f 2062/2062/2006 2063/2063/2007 2060/2060/2004
f 2060/2060/2004 2064/2064/1794 2056/2056/2002
f 2065/2065/1865 1852/1852/1813 1851/1851/1812
f 2066/2066/2008 2067/2067/1843 2068/2068/2009
f 2069/2069/2010 1910/1910/1865 1909/1909/1864
f 2070/2070/2011 2071/2071/1826 1861/1861/1822
f 2072/2072/2012 2073/2073/2013 2074/2074/2014
f 2074/2074/2014 2075/2075/2015 2072/2072/2012
f 2072/2072/2012 2076/2076/2016 2077/2077/2017
f 2077/2077/2017 2078/2078/2018 2072/2072/2012
f 2079/2079/2019 2080/2080/2020 2081/2081/2021
f 2081/2081/2021 2082/2082/2022 2079/2079/2019
f 2079/2079/2019 2083/2083/2023 2084/2084/2024
f 2084/2084/2024 2075/2075/2015 2079/2079/2019
f 2082/2082/2022 2085/2085/2025 2086/2086/2026
f 2086/2086/2026 2014/2014/1968 2087/2087/2027
f 2086/2086/2026 2088/2088/1803 2089/2089/2028
f 2089/2089/2028 2082/2082/2022 2086/2086/2026
f 2090/2090/2029 2091/2091/2030 2092/2092/2031
f 2093/2093/2032 2094/2094/2033 1882/1882/1842
f 2095/2095/1917 2096/2096/2034 2019/2019/1973
f 2097/2097/2035 2098/2098/2036 2099/2099/2037
f 2100/2100/2038 2101/2101/1834 2102/2102/2039
f 2103/2103/2040 2104/2104/2041 1894/1894/1853
f 1888/1888/1848 2105/2105/2042 2011/2011/1965
f 2106/2106/2043 2107/2107/2044 2105/2105/2042
f 2108/2108/2045 2109/2109/2046 2110/2110/2047
f 2111/2111/2048 1877/1877/1837 2112/2112/2049
f 2113/2113/2050 1857/1857/1818 2111/2111/2048
f 2114/2114/2051 2115/2115/2052 2116/2116/2053
f 2117/2117/2054 2118/2118/2055 2119/2119/2056
f 2120/2120/2057 1835/1835/1796 2121/2121/2058
f 2122/2122/2059 2123/2123/2060 2124/2124/2061
f 1878/1878/1838 2112/2112/2049 1877/1877/1837
f 2125/2125/2062 1891/1891/1850 2126/2126/2063
f 2110/2110/2047 2127/2127/2064 2108/2108/2045
f 2128/2128/2065 1852/1852/1813 2129/2129/2066
f 1850/1850/1811 2130/2130/2067 2131/2131/2068
f 2132/2132/2069 2116/2116/2053 1854/1854/1815
f 2129/2129/2066 2113/2113/2050 2128/2128/2065
f 2102/2102/2039 2133/2133/2029 2134/2134/2070
f 2135/2135/2071 2136/2136/2072 2100/2100/2038
f 2122/2122/2059 1886/1886/1846 2094/2094/2033
f 2129/2129/2066 2137/2137/2073 1855/1855/1816
f 2015/2015/1969 2085/2085/2025 2138/2138/2074
f 2138/2138/2074 2139/2139/2075 2112/2112/2049
f 2119/2119/2056 2140/2140/2076 2117/2117/2054
f 2112/2112/2049 2081/2081/2021 2111/2111/2048
f 2081/2081/2021 2113/2113/2050 2111/2111/2048
f 2131/2131/2068 2073/2073/2013 2141/2141/2077
f 2141/2141/2077 2142/2142/2078 2131/2131/2068
f 2126/2126/2063 1893/1893/1852 2143/2143/2079
f 2143/2143/2079 2096/2096/2034 2126/2126/2063
f 2138/2138/2074 1880/1880/1840 2015/2015/1969
f 2140/2140/2076 2144/2144/2080 2117/2117/2054
f 2117/2117/2054 2061/2061/2005 2145/2145/2081
f 2145/2145/2081 2059/2059/2003 2146/2146/2082
f 2146/2146/2082 2055/2055/2001 2147/2147/2083
f 2147/2147/2083 2148/2148/2008 2146/2146/2082
f 2147/2147/2083 2053/2053/1999 2123/2123/2060
f 2123/2123/2060 2049/2049/1997 2124/2124/2061
f 2118/2118/2055 2146/2146/2082 2148/2148/2008
f 2108/2108/2045 2149/2149/2084 2150/2150/2085
f 2108/2108/2045 2151/2151/2086 2152/2152/2087
f 2000/2000/1954 2153/2153/2088 2044/2044/1992
f 2154/2154/2089 2038/2038/1987 2134/2134/2070
f 2134/2134/2070 2028/2028/1980 2102/2102/2039
f 2102/2102/2039 2033/2033/1983 2100/2100/2038
f 2100/2100/2038 2155/2155/2090 2135/2135/2071
f 2035/2035/1985 2156/2156/2091 1838/1838/1799
f 2019/2019/1973 2157/2157/2092 2158/2158/1913
f 2158/2158/1913 2020/2020/1974 2019/2019/1973
f 1951/1951/1906 2159/2159/2093 2107/2107/2044
f 2015/2015/1969 1888/1888/1848 2011/2011/1965
f 2116/2116/2053 2160/2160/1912 2161/2161/2094
f 2161/2161/2094 1854/1854/1815 2116/2116/2053
f 2123/2123/2060 1881/1881/1841 2147/2147/2083
f 2092/2092/2031 2162/2162/2095 2163/2163/2046
f 2164/2164/2096 2165/2165/2097 2166/2166/2098
f 2121/2121/2058 2167/2167/2099 2120/2120/2057
f 2168/2168/2100 2126/2126/2063 2096/2096/2034
f 2169/2169/1908 2166/2166/2098 2165/2165/2097
f 2170/2170/2100 1965/1965/1919 2171/2171/2101
f 2017/2017/1971 2172/2172/2102 1885/1885/1845
f 2173/2173/2046 2154/2154/2089 2174/2174/2031
f 2175/2175/2103 2176/2176/2104 2177/2177/2007
f 1889/1889/1814 2178/2178/2105 2179/2179/2069
f 1943/1943/1898 2180/2180/1845 2181/2181/2102
f 2182/2182/2106 2183/2183/1842 2184/2184/2033
f 1924/1924/1879 1824/1824/1785 2068/2068/2009
f 1837/1837/1798 2185/2185/1832 2024/2024/1978
f 1933/1933/1888 2067/2067/1843 2183/2183/1842
f 2186/2186/2107 2187/2187/2108 2175/2175/2103
f 2024/2024/1978 2188/2188/2037 2189/2189/2036
f 2190/2190/2099 1823/1823/1784 1830/1830/1791
f 2191/2191/2040 1888/1888/1848 1887/1887/1847
f 2162/2162/2095 1943/1943/1898 2181/2181/2102
f 1912/1912/1867 1830/1830/1791 1823/1823/1784
f 2192/2192/2109 1975/1975/1929 2193/2193/2110
f 2193/2193/2110 1986/1986/1940 2194/2194/2111
f 2194/2194/2111 2195/2195/2112 2193/2193/2110
f 2193/2193/2110 1859/1859/1820 2192/2192/2109
f 2194/2194/2111 1985/1985/1939 2196/2196/2113
f 2196/2196/2113 1997/1997/1951 2197/2197/2114
f 2197/2197/2114 2176/2176/2104 2196/2196/2113
f 2196/2196/2113 2187/2187/2108 2194/2194/2111
f 2197/2197/2114 1996/1996/1950 2198/2198/2115
f 2198/2198/2115 1995/1995/1949 2199/2199/2116
f 2199/2199/2116 1832/1832/1793 2198/2198/2115
f 2198/2198/2115 1834/1834/1795 2197/2197/2114
f 2200/2200/2117 2201/2201/2118 2009/2009/1963
f 2009/2009/1963 2202/2202/2119 2200/2200/2117
f 2202/2202/2119 1825/1825/1786 2200/2200/2117
f 2200/2200/2117 1827/1827/1788 2203/2203/2120
f 2135/2135/2071 2204/2204/2121 2166/2166/2098
f 2166/2166/2098 2205/2205/2122 2164/2164/2096
f 2035/2035/1985 2206/2206/2123 2207/2207/2086
f 2208/2208/1824 2142/2142/2078 1891/1891/1850
f 1884/1884/1844 2124/2124/2061 2016/2016/1970
f 2209/2209/2124 2210/2210/2093 2211/2211/1907
f 2131/2131/2068 2070/2070/2011 1850/1850/1811
f 2212/2212/2055 2068/2068/2009 1824/1824/1785
f 2213/2213/2125 2179/2179/2069 2178/2178/2105
f 2214/2214/2126 2157/2157/2092 2143/2143/2079
f 2214/2214/2126 1893/1893/1852 1903/1903/1860
f 1903/1903/1860 2215/2215/2127 2214/2214/2126
f 2214/2214/2126 2216/2216/1915 2217/2217/1914
f 2218/2218/2128 2219/2219/2028 1842/1842/1803
f 2220/2220/1847 2221/2221/2129 2103/2103/2040
f 1979/1979/1933 2222/2222/2016 2223/2223/2024
f 1989/1989/1943 2224/2224/2023 2219/2219/2028
f 1978/1978/1932 2225/2225/2017 2222/2222/2016
f 1967/1967/1921 1849/1849/1810 2225/2225/2017
f 2226/2226/2130 2205/2205/2122 2227/2227/2131
f 1988/1988/1942 2223/2223/2024 2224/2224/2023
f 2228/2228/2132 1921/1921/1876 2229/2229/2133
f 2229/2229/2133 1920/1920/1875 2230/2230/2134
f 2230/2230/2134 1909/1909/1864 2229/2229/2133
f 2229/2229/2133 2231/2231/2135 2228/2228/2132
f 2230/2230/2134 1930/1930/1885 2232/2232/2136
f 2232/2232/2136 1940/1940/1895 2233/2233/2137
f 2233/2233/2137 1899/1899/1858 2232/2232/2136
f 2232/2232/2136 2069/2069/2010 2230/2230/2134
f 2233/2233/2137 1939/1939/1894 2234/2234/2138
f 2234/2234/2138 2235/2235/2139 2236/2236/2140
f 2236/2236/2140 2237/2237/2141 2234/2234/2138
f 2234/2234/2138 2238/2238/2142 2233/2233/2137
f 2239/2239/2143 1949/1949/1904 2240/2240/2144
f 2240/2240/2144 1956/1956/1910 1955/1955/1909
f 1955/1955/1909 2104/2104/2041 2240/2240/2144
f 2240/2240/2144 2221/2221/2129 2239/2239/2143
f 1948/1948/1903 1954/1954/1908 1956/1956/1910
f 2241/2241/2051 1964/1964/1918 2242/2242/1972
f 2243/2243/2145 2155/2155/2090 2032/2032/1982
f 2032/2032/1982 2244/2244/2146 2243/2243/2145
f 2243/2243/2145 2245/2245/2147 2227/2227/2131
f 2227/2227/2131 2204/2204/2121 2243/2243/2145
f 2236/2236/2140 2246/2246/2148 2247/2247/2149
f 2247/2247/2149 1950/1950/1905 2239/2239/2143
f 2239/2239/2143 2248/2248/2150 2247/2247/2149
f 2247/2247/2149 1905/1905/1862 2236/2236/2140
f 2249/2249/1822 2250/2250/2151 2251/2251/1823
f 2252/2252/2152 2164/2164/2096 2205/2205/2122
f 2199/2199/2116 2253/2253/2153 2254/2254/2154
f 2254/2254/2154 2201/2201/2118 2203/2203/2120
f 2203/2203/2120 1831/1831/1792 2254/2254/2154
f 2254/2254/2154 1820/1820/1781 2199/2199/2116
f 1942/1942/1897 2255/2255/1846 2180/2180/1845
f 2124/2124/2061 2047/2047/1995 2016/2016/1970
f 2016/2016/1970 2149/2149/2084 2127/2127/2064
f 2110/2110/2047 2256/2256/2095 2172/2172/2102
f 1895/1895/1854 2257/2257/2097 1907/1907/1863
f 2258/2258/2091 2150/2150/2085 2259/2259/2155
f 2259/2259/2155 2149/2149/2084 2046/2046/1994
f 2046/2046/1994 2260/2260/2156 2259/2259/2155
f 2259/2259/2155 2261/2261/2157 2258/2258/2091
f 2262/2262/2158 2263/2263/1968 2264/2264/1967
f 2264/2264/1967 2045/2045/1993 2262/2262/2158
f 2262/2262/2158 2153/2153/2088 1843/1843/1804
f 1843/1843/1804 2265/2265/2027 2262/2262/2158
f 2107/2107/2044 2266/2266/2159 2267/2267/1989
f 2267/2267/1989 2105/2105/2042 2107/2107/2044
f 2268/2268/2160 1991/1991/1945 2269/2269/2161
f 2269/2269/2161 2010/2010/1964 2268/2268/2160
f 2268/2268/2160 2201/2201/2118 2253/2253/2153
f 2253/2253/2153 1994/1994/1948 2268/2268/2160
f 2270/2270/2162 2218/2218/2128 1841/1841/1802
f 1841/1841/1802 2004/2004/1958 2270/2270/2162
f 2270/2270/2162 2006/2006/1960 2269/2269/2161
f 2269/2269/2161 1990/1990/1944 2270/2270/2162
f 1938/1938/1893 2271/2271/2163 2272/2272/2164
f 2272/2272/2164 2273/2273/2165 1946/1946/1901
f 1946/1946/1901 2246/2246/2148 2272/2272/2164
f 2272/2272/2164 2235/2235/2139 1938/1938/1893
f 2274/2274/2166 2182/2182/2106 2275/2275/2167
f 2275/2275/2167 1945/1945/1900 2274/2274/2166
f 2274/2274/2166 2273/2273/2165 2271/2271/2163
f 2271/2271/2163 1934/1934/1889 2274/2274/2166
f 2276/2276/2147 2044/2044/1992 2043/2043/1991
f 1999/1999/1953 1843/1843/1804 2153/2153/2088
f 2106/2106/2043 2277/2277/1853 1951/1951/1906
f 2278/2278/2062 2171/2171/2101 1864/1864/1825
f 2195/2195/2112 1860/1860/1821 1859/1859/1820
f 2177/2177/2007 1834/1834/1795 1833/1833/1794
f 1864/1864/1825 2279/2279/2168 2280/2280/2169
f 2280/2280/2169 2281/2281/2170 2228/2228/2132
f 2228/2228/2132 2250/2250/2151 2280/2280/2169
f 2280/2280/2169 1865/1865/1826 1864/1864/1825
f 2282/2282/1836 2237/2237/2141 1904/1904/1861
f 1900/1900/1817 2238/2238/2142 2282/2282/1836
f 1871/1871/1831 2283/2283/2171 2284/2284/2172
f 2284/2284/2172 1976/1976/1930 2192/2192/2109
f 2192/2192/2109 2097/2097/2035 2284/2284/2172
f 2284/2284/2172 2099/2099/2037 1871/1871/1831
f 2275/2275/2167 2184/2184/2033 2255/2255/1846
f 2285/2285/2157 1825/1825/1786 2286/2286/1801
f 2121/2121/2058 1837/1837/1798 2022/2022/1976
f 2022/2022/1976 2140/2140/2076 2121/2121/2058
f 2128/2128/2065 2080/2080/2020 2074/2074/2014
f 2074/2074/2014 2130/2130/2067 2128/2128/2065
f 1845/1845/1806 2141/2141/2077 2287/2287/2173
f 2141/2141/2077 2078/2078/2018 2287/2287/2173
f 2287/2287/2173 2288/2288/2174 2289/2289/2175
f 2287/2287/2173 1846/1846/1807 1845/1845/1806
f 2062/2062/2006 2144/2144/2080 2290/2290/2176
f 2290/2290/2176 2291/2291/2177 2021/2021/1975
f 2021/2021/1975 2292/2292/2107 2290/2290/2176
f 2290/2290/2176 2293/2293/2103 2062/2062/2006
f 1962/1962/1916 2294/2294/2178 2295/2295/2179
f 2295/2295/2179 2296/2296/2180 1972/1972/1926
f 1972/1972/1926 2283/2283/2171 2295/2295/2179
f 2295/2295/2179 1870/1870/1830 1962/1962/1916
f 2297/2297/2181 2298/2298/1805 1901/1901/1859
f 1901/1901/1859 1971/1971/1925 2297/2297/2181
f 2297/2297/2181 2296/2296/2180 2294/2294/2178
f 2294/2294/2178 2299/2299/2127 2297/2297/2181
f 2300/2300/2182 1964/1964/1918 2301/2301/2183
f 2301/2301/2183 1922/1922/1877 2300/2300/2182
f 1922/1922/1877 2279/2279/2168 2300/2300/2182
f 2300/2300/2182 2171/2171/2101 1965/1965/1919
f 2302/2302/2184 2178/2178/2105 2303/2303/2185
f 2303/2303/2185 1916/1916/1871 2302/2302/2184
f 2302/2302/2184 1918/1918/1873 2301/2301/2183
f 2301/2301/2183 2213/2213/2125 2302/2302/2184
f 2304/2304/1991 2227/2227/2131 2245/2245/2147
f 2248/2248/2150 1906/1906/1839 1905/1905/1862
f 1877/1877/1837 2305/2305/1861 1878/1878/1838
f 2306/2306/2057 1830/1830/1791 1829/1829/1790
f 2307/2307/2056 1824/1824/1785 1823/1823/1784
f 1875/1875/1835 2308/2308/2072 1948/1948/1903
f 2303/2303/2185 1890/1890/1849 1829/1829/1790
f 1932/1932/1887 2068/2068/2009 2067/2067/1843
f 2309/2309/2186 2310/2310/2187 2311/2311/2188
f 2312/2312/2189 2313/2313/2190 2314/2314/2191
f 2315/2315/2192 2316/2316/2193 2317/2317/2194
f 2318/2318/2195 2319/2319/2196 2320/2320/2197
f 2321/2321/2198 2322/2322/2199 2323/2323/2200
f 2324/2324/2201 2311/2311/2188 2319/2319/2196
f 2325/2325/2202 2326/2326/2203 2327/2327/2204
f 2328/2328/2205 2329/2329/2206 2330/2330/2207
f 2331/2331/2208 2332/2332/2209 2333/2333/2210
f 2333/2333/2210 2334/2334/2211 2331/2331/2208
f 2335/2335/2212 2336/2336/2213 2333/2333/2210
f 2333/2333/2210 2337/2337/2214 2335/2335/2212
f 2338/2338/2215 2339/2339/2216 2340/2340/2217
f 2340/2340/2217 2341/2341/2218 2338/2338/2215
f 2342/2342/2219 2332/2332/2209 2340/2340/2217
f 2340/2340/2217 2343/2343/2220 2342/2342/2219
f 2344/2344/2221 2345/2345/2222 2346/2346/2223
f 2347/2347/2224 2348/2348/2225 2349/2349/2226
f 2350/2350/2227 2351/2351/2228 2352/2352/2229
f 2353/2353/2230 2354/2354/2231 2350/2350/2227
f 2350/2350/2227 2355/2355/2232 2353/2353/2230
f 2352/2352/2229 2356/2356/2233 2350/2350/2227
f 2357/2357/2234 2358/2358/2235 2359/2359/2236
f 2329/2329/2206 2360/2360/2237 2361/2361/2238
f 2362/2362/2239 2363/2363/2240 2364/2364/2241
f 2365/2365/2242 2366/2366/2243 2362/2362/2239
f 2362/2362/2239 2367/2367/2244 2365/2365/2242
f 2364/2364/2241 2368/2368/2245 2362/2362/2239
f 2369/2369/2246 2370/2370/2247 2371/2371/2248
f 2364/2364/2241 2372/2372/2249 2369/2369/2246
f 2369/2369/2246 2373/2373/2250 2364/2364/2241
f 2371/2371/2248 2374/2374/2251 2369/2369/2246
f 2375/2375/2252 2376/2376/2253 2377/2377/2254
f 2378/2378/2255 2336/2336/2213 2379/2379/2256
f 2379/2379/2256 2380/2380/2257 2378/2378/2255
f 2381/2381/2258 2382/2382/2259 2379/2379/2256
f 2379/2379/2256 2383/2383/2260 2381/2381/2258
f 2384/2384/2208 2385/2385/2261 2386/2386/2262
f 2387/2387/2263 2388/2388/2264 2389/2389/2265
f 2344/2344/2221 2390/2390/2266 2391/2391/2267
f 2392/2392/2268 2393/2393/2269 2385/2385/2261
f 2394/2394/2255 2395/2395/2270 2393/2393/2269
f 2396/2396/2271 2386/2386/2262 2397/2397/2272
f 2398/2398/2215 2397/2397/2272 2399/2399/2273
f 2391/2391/2267 2400/2400/2274 2401/2401/2275
f 2402/2402/2276 2403/2403/2277 2404/2404/2278
f 2404/2404/2278 2405/2405/2279 2406/2406/2280
f 2407/2407/2281 2405/2405/2279 2403/2403/2277
f 2408/2408/2282 2409/2409/2283 2410/2410/2284
f 2411/2411/2285 2412/2412/2286 2413/2413/2287
f 2414/2414/2288 2415/2415/2289 2411/2411/2285
f 2416/2416/2290 2410/2410/2284 2409/2409/2283
f 2417/2417/2291 2418/2418/2292 2419/2419/2293
f 2411/2411/2285 2420/2420/2294 2414/2414/2288
f 2359/2359/2236 2421/2421/2295 2422/2422/2296
f 2423/2423/2297 2424/2424/2298 2425/2425/2299
f 2320/2320/2197 2426/2426/2300 2427/2427/2301
f 2428/2428/2302 2429/2429/2303 2430/2430/2304
f 2431/2431/2305 2432/2432/2306 2433/2433/2307
f 2434/2434/2308 2435/2435/2309 2432/2432/2306
f 2436/2436/2310 2435/2435/2309 2437/2437/2311
f 2407/2407/2281 2438/2438/2312 2408/2408/2282
f 2439/2439/2313 2440/2440/2314 2441/2441/2315
f 2442/2442/2316 2443/2443/2317 2439/2439/2313
f 2439/2439/2313 2444/2444/2318 2442/2442/2316
f 2441/2441/2315 2445/2445/2319 2439/2439/2313
f 2446/2446/2320 2447/2447/2321 2448/2448/2322
f 2449/2449/2323 2448/2448/2322 2405/2405/2279
f 2450/2450/2324 2451/2451/2325 2452/2452/2326
f 2452/2452/2326 2453/2453/2327 2454/2454/2328
f 2455/2455/2329 2456/2456/2330 2360/2360/2237
f 2385/2385/2261 2457/2457/2331 2446/2446/2320
f 2458/2458/2332 2459/2459/2333 2460/2460/2334
f 2461/2461/2335 2451/2451/2325 2462/2462/2336
f 2463/2463/2337 2462/2462/2336 2464/2464/2338
f 2465/2465/2339 2460/2460/2334 2459/2459/2333
f 2462/2462/2336 2466/2466/2340 2464/2464/2338
f 2467/2467/2341 2433/2433/2307 2468/2468/2342
f 2469/2469/2343 2415/2415/2289 2470/2470/2344
f 2471/2471/2345 2323/2323/2200 2472/2472/2346
f 2473/2473/2347 2474/2474/2348 2430/2430/2304
f 2430/2430/2304 2475/2475/2349 2473/2473/2347
f 2476/2476/2350 2477/2477/2351 2478/2478/2352
f 2478/2478/2352 2479/2479/2353 2476/2476/2350
f 2480/2480/2354 2481/2481/2355 2478/2478/2352
f 2478/2478/2352 2482/2482/2345 2480/2480/2354
f 2483/2483/2356 2468/2468/2342 2424/2424/2298
f 2325/2325/2202 2484/2484/2357 2485/2485/2358
f 2416/2416/2290 2486/2486/2359 2415/2415/2289
f 2487/2487/2360 2488/2488/2293 2489/2489/2361
f 2490/2490/2207 2491/2491/2291 2487/2487/2360
f 2487/2487/2360 2492/2492/2362 2490/2490/2207
f 2489/2489/2361 2493/2493/2363 2487/2487/2360
f 2494/2494/2364 2495/2495/2365 2496/2496/2366
f 2496/2496/2366 2497/2497/2367 2494/2494/2364
f 2498/2498/2368 2499/2499/2369 2496/2496/2366
f 2496/2496/2366 2500/2500/2189 2498/2498/2368
f 2501/2501/2370 2499/2499/2369 2502/2502/2371
f 2502/2502/2371 2503/2503/2372 2501/2501/2370
f 2504/2504/2201 2505/2505/2373 2502/2502/2371
f 2502/2502/2371 2506/2506/2186 2504/2504/2201
f 2507/2507/2374 2505/2505/2373 2508/2508/2375
f 2508/2508/2375 2509/2509/2376 2507/2507/2374
f 2510/2510/2377 2511/2511/2378 2508/2508/2375
f 2508/2508/2375 2512/2512/2195 2510/2510/2377
f 2415/2415/2289 2513/2513/2379 2411/2411/2285
f 2514/2514/2380 2399/2399/2273 2515/2515/2381
f 2516/2516/2382 2517/2517/2383 2518/2518/2274
f 2519/2519/2384 2520/2520/2385 2521/2521/2386
f 2522/2522/2387 2523/2523/2388 2519/2519/2384
f 2519/2519/2384 2524/2524/2389 2522/2522/2387
f 2521/2521/2386 2525/2525/2390 2519/2519/2384
f 2526/2526/2391 2527/2527/2392 2522/2522/2387
f 2528/2528/2393 2529/2529/2394 2526/2526/2391
f 2526/2526/2391 2530/2530/2395 2528/2528/2393
f 2522/2522/2387 2531/2531/2396 2526/2526/2391
f 2532/2532/2397 2528/2528/2393 2533/2533/2398
f 2533/2533/2398 2534/2534/2399 2532/2532/2397
f 2533/2533/2398 2535/2535/2400 2536/2536/2401
f 2528/2528/2393 2537/2537/2402 2533/2533/2398
f 2538/2538/2403 2515/2515/2381 2348/2348/2225
f 2493/2493/2363 2539/2539/2404 2492/2492/2362
f 2540/2540/2405 2541/2541/2406 2455/2455/2329
f 2459/2459/2333 2542/2542/2407 2465/2465/2339
f 2543/2543/2368 2314/2314/2191 2310/2310/2187
f 2465/2465/2339 2544/2544/2408 2428/2428/2302
f 2409/2409/2283 2545/2545/2409 2416/2416/2290
f 2310/2310/2187 2429/2429/2303 2544/2544/2408
f 2546/2546/2410 2381/2381/2258 2383/2383/2260
f 2547/2547/2411 2476/2476/2350 2548/2548/2233
f 2549/2549/2412 2550/2550/2413 2551/2551/2414
f 2552/2552/2254 2456/2456/2330 2553/2553/2415
f 2501/2501/2370 2367/2367/2244 2368/2368/2245
f 2503/2503/2372 2554/2554/2319 2367/2367/2244
f 2509/2509/2376 2555/2555/2416 2556/2556/2318
f 2557/2557/2417 2558/2558/2286 2559/2559/2418
f 2560/2560/2419 2555/2555/2416 2561/2561/2420
f 2507/2507/2374 2556/2556/2318 2554/2554/2319
f 2562/2562/2421 2428/2428/2302 2563/2563/2422
f 2518/2518/2274 2564/2564/2423 2516/2516/2382
f 2520/2520/2385 2565/2565/2424 2566/2566/2425
f 2551/2551/2414 2567/2567/2426 2568/2568/2427
f 2569/2569/2428 2532/2532/2397 2534/2534/2399
f 2527/2527/2392 2335/2335/2212 2337/2337/2214
f 2570/2570/2429 2571/2571/2430 2572/2572/2431
f 2419/2419/2293 2573/2573/2432 2574/2574/2433
f 2566/2566/2425 2575/2575/2434 2344/2344/2221
f 2534/2534/2399 2573/2573/2432 2569/2569/2428
f 2576/2576/2435 2577/2577/2436 2578/2578/2437
f 2578/2578/2437 2579/2579/2438 2576/2576/2435
f 2580/2580/2439 2581/2581/2440 2578/2578/2437
f 2578/2578/2437 2418/2418/2292 2580/2580/2439
f 2454/2454/2328 2582/2582/2441 2458/2458/2332
f 2583/2583/2442 2475/2475/2349 2313/2313/2190
f 2468/2468/2342 2425/2425/2299 2424/2424/2298
f 2584/2584/2443 2464/2464/2338 2564/2564/2423
f 2585/2585/2444 2453/2453/2327 2451/2451/2325
f 2553/2553/2415 2327/2327/2204 2586/2586/2427
f 2353/2353/2230 2412/2412/2286 2513/2513/2379
f 2422/2422/2296 2587/2587/2417 2359/2359/2236
f 2582/2582/2441 2426/2426/2300 2459/2459/2333
f 2447/2447/2321 2588/2588/2445 2448/2448/2322
f 2317/2317/2194 2584/2584/2443 2358/2358/2235
f 2559/2559/2418 2589/2589/2232 2479/2479/2353
f 2342/2342/2219 2527/2527/2392 2337/2337/2214
f 2438/2438/2312 2590/2590/2446 2409/2409/2283
f 2406/2406/2280 2448/2448/2322 2588/2588/2445
f 2591/2591/2447 2375/2375/2252 2592/2592/2448
f 2593/2593/2234 2479/2479/2353 2481/2481/2355
f 2486/2486/2359 2353/2353/2230 2513/2513/2379
f 2594/2594/2287 2595/2595/2449 2596/2596/2294
f 2597/2597/2450 2591/2591/2447 2598/2598/2451
f 2377/2377/2254 2592/2592/2448 2375/2375/2252
f 2425/2425/2299 2599/2599/2243 2423/2423/2297
f 2588/2588/2445 2443/2443/2317 2406/2406/2280
f 2600/2600/2354 2472/2472/2346 2316/2316/2193
f 2601/2601/2452 2404/2404/2278 2602/2602/2453
f 2602/2602/2453 2406/2406/2280 2443/2443/2317
f 2423/2423/2297 2440/2440/2314 2588/2588/2445
f 2481/2481/2355 2603/2603/2194 2593/2593/2234
f 2597/2597/2450 2604/2604/2247 2605/2605/2454
f 2606/2606/2455 2607/2607/2456 2322/2322/2199
f 2359/2359/2236 2608/2608/2418 2357/2357/2234
f 2472/2472/2346 2461/2461/2335 2463/2463/2337
f 2314/2314/2191 2475/2475/2349 2429/2429/2303
f 2322/2322/2199 2609/2609/2457 2585/2585/2444
f 2319/2319/2196 2542/2542/2407 2426/2426/2300
f 2607/2607/2456 2427/2427/2301 2609/2609/2457
f 2323/2323/2200 2585/2585/2444 2461/2461/2335
f 2316/2316/2193 2463/2463/2337 2584/2584/2443
f 2348/2348/2225 2410/2410/2284 2469/2469/2343
f 2610/2610/2458 2580/2580/2439 2417/2417/2291
f 2479/2479/2353 2548/2548/2233 2476/2476/2350
f 2349/2349/2226 2469/2469/2343 2470/2470/2344
f 2414/2414/2288 2611/2611/2459 2612/2612/2431
f 2436/2436/2310 2613/2613/2460 2614/2614/2461
f 2389/2389/2265 2434/2434/2308 2431/2431/2305
f 2615/2615/2462 2436/2436/2310 2437/2437/2311
f 2616/2616/2396 2458/2458/2332 2617/2617/2395
f 2618/2618/2463 2474/2474/2348 2619/2619/2464
f 2454/2454/2328 2620/2620/2389 2452/2452/2326
f 2617/2617/2395 2460/2460/2334 2621/2621/2402
f 2622/2622/2257 2623/2623/2465 2395/2395/2270
f 2621/2621/2402 2562/2562/2421 2624/2624/2400
f 2572/2572/2431 2575/2575/2434 2570/2570/2429
f 2625/2625/2438 2626/2626/2466 2615/2615/2462
f 2399/2399/2273 2407/2407/2281 2408/2408/2282
f 2390/2390/2266 2627/2627/2295 2400/2400/2274
f 2395/2395/2270 2467/2467/2341 2483/2483/2356
f 2397/2397/2272 2449/2449/2323 2407/2407/2281
f 2386/2386/2262 2446/2446/2320 2449/2449/2323
f 2623/2623/2465 2431/2431/2305 2467/2467/2341
f 2430/2430/2304 2563/2563/2422 2428/2428/2302
f 2515/2515/2381 2408/2408/2282 2410/2410/2284
f 2455/2455/2329 2628/2628/2467 2540/2540/2405
f 2464/2464/2338 2516/2516/2382 2564/2564/2423
f 2393/2393/2269 2483/2483/2356 2457/2457/2331
f 2612/2612/2431 2470/2470/2344 2414/2414/2288
f 2629/2629/2468 2389/2389/2265 2623/2623/2465
f 2624/2624/2400 2563/2563/2422 2618/2618/2463
f 2630/2630/2469 2631/2631/2470 2375/2375/2252
f 2632/2632/2249 2605/2605/2454 2604/2604/2247
f 2633/2633/2468 2382/2382/2259 2634/2634/2471
f 2634/2634/2471 2635/2635/2263 2633/2633/2468
f 2573/2573/2432 2577/2577/2436 2634/2634/2471
f 2634/2634/2471 2569/2569/2428 2573/2573/2432
f 2553/2553/2415 2636/2636/2426 2552/2552/2254
f 2637/2637/2472 2494/2494/2364 2374/2374/2251
f 2529/2529/2394 2383/2383/2260 2335/2335/2212
f 2638/2638/2253 2360/2360/2237 2456/2456/2330
f 2551/2551/2414 2639/2639/2204 2640/2640/2473
f 2640/2640/2473 2549/2549/2412 2551/2551/2414
f 2641/2641/2474 2495/2495/2365 2640/2640/2473
f 2640/2640/2473 2642/2642/2475 2641/2641/2474
f 2643/2643/2476 2644/2644/2477 2645/2645/2401
f 2489/2489/2361 2646/2646/2433 2643/2643/2476
f 2643/2643/2476 2619/2619/2464 2489/2489/2361
f 2645/2645/2401 2618/2618/2463 2643/2643/2476
f 2614/2614/2461 2631/2631/2470 2436/2436/2310
f 2457/2457/2331 2424/2424/2298 2447/2447/2321
f 2361/2361/2238 2647/2647/2461 2648/2648/2460
f 2358/2358/2235 2564/2564/2423 2421/2421/2295
f 2553/2553/2415 2541/2541/2406 2325/2325/2202
f 2435/2435/2309 2597/2597/2450 2432/2432/2306
f 2452/2452/2326 2649/2649/2390 2450/2450/2324
f 2650/2650/2478 2619/2619/2464 2474/2474/2348
f 2651/2651/2479 2652/2652/2480 2653/2653/2448
f 2371/2371/2248 2654/2654/2451 2651/2651/2479
f 2651/2651/2479 2637/2637/2472 2371/2371/2248
f 2653/2653/2448 2550/2550/2413 2651/2651/2479
f 2655/2655/2377 2320/2320/2197 2607/2607/2456
f 2656/2656/2475 2313/2313/2190 2657/2657/2474
f 2650/2650/2478 2658/2658/2481 2539/2539/2404
f 2450/2450/2324 2659/2659/2482 2466/2466/2340
f 2361/2361/2238 2330/2330/2207 2329/2329/2206
f 2432/2432/2306 2605/2605/2454 2433/2433/2307
f 2660/2660/2483 2661/2661/2240 2425/2425/2299
f 2545/2545/2409 2662/2662/2484 2486/2486/2359
f 2346/2346/2223 2596/2596/2294 2595/2595/2449
f 2343/2343/2220 2523/2523/2388 2342/2342/2219
f 2501/2501/2370 2373/2373/2250 2497/2497/2367
f 2466/2466/2340 2663/2663/2485 2516/2516/2382
f 2566/2566/2425 2391/2391/2267 2664/2664/2486
f 2521/2521/2386 2566/2566/2425 2664/2664/2486
f 2664/2664/2486 2665/2665/2482 2521/2521/2386
f 2664/2664/2486 2401/2401/2275 2666/2666/2487
f 2561/2561/2420 2511/2511/2378 2667/2667/2488
f 2667/2667/2488 2560/2560/2419 2561/2561/2420
f 2668/2668/2198 2477/2477/2351 2667/2667/2488
f 2667/2667/2488 2669/2669/2455 2668/2668/2198
f 2374/2374/2251 2497/2497/2367 2373/2373/2250
f 2670/2670/2357 2473/2473/2347 2475/2475/2349
f 2390/2390/2266 2595/2595/2449 2671/2671/2296
f 2388/2388/2264 2437/2437/2311 2434/2434/2308
f 2311/2311/2188 2544/2544/2408 2542/2542/2407
f 2427/2427/2301 2453/2453/2327 2609/2609/2457
f 2433/2433/2307 2660/2660/2483 2468/2468/2342
f 2672/2672/2458 2648/2648/2460 2673/2673/2489
f 2674/2674/2490 2615/2615/2462 2388/2388/2264
f 2675/2675/2491 2602/2602/2453 2442/2442/2316
f 2352/2352/2229 2601/2601/2452 2675/2675/2491
f 2675/2675/2491 2676/2676/2411 2352/2352/2229
f 2442/2442/2316 2677/2677/2416 2675/2675/2491
f 2678/2678/2492 2679/2679/2224 2570/2570/2429
f 2678/2678/2492 2680/2680/2380 2681/2681/2403
f 2678/2678/2492 2343/2343/2220 2339/2339/2216
f 2570/2570/2429 2565/2565/2424 2678/2678/2492
f 2590/2590/2446 2354/2354/2231 2545/2545/2409
f 2351/2351/2228 2402/2402/2276 2601/2601/2452
f 2682/2682/2440 2613/2613/2460 2626/2626/2466
f 2134/2134/2070 2174/2174/2031 2154/2154/2089
f 2251/2251/1823 2231/2231/2135 1908/1908/1812
f 1/1/1 741/741/740 2/2/2
f 4/4/4 262/262/262 5/5/5
f 7/7/7 592/592/592 8/8/8
f 10/10/10 323/323/323 11/11/11
f 13/13/13 688/688/687 14/14/14
f 16/16/16 26/26/26 17/17/17
f 19/19/19 1035/1035/1023 20/20/20
f 22/22/22 898/898/895 23/23/23
f 25/25/25 2683/2683/715 26/26/26
f 27/27/27 74/74/74 28/28/28
f 30/30/30 315/315/315 31/31/31
f 33/33/33 696/696/695 34/34/34
f 36/36/36 385/385/385 37/37/37
f 39/39/39 983/983/976 40/40/40
f 42/42/42 1449/1449/1435 43/43/43
f 3/3/3 2/2/2 45/45/45
f 47/47/47 709/709/708 48/48/48
f 50/50/50 774/774/773 51/51/51
f 53/53/53 682/682/682 54/54/54
f 56/56/56 923/923/920 57/57/57
f 59/59/59 116/116/116 60/60/60
f 62/62/62 919/919/916 59/59/59
f 64/64/64 897/897/894 65/65/65
f 67/67/67 93/93/93 68/68/68
f 70/70/70 312/312/312 71/71/71
f 73/73/73 28/28/28 74/74/74
f 76/76/76 1176/1176/1164 77/77/77
f 79/79/79 1048/1048/1036 80/80/80
f 82/82/82 1063/1063/1051 83/83/83
f 85/85/85 481/481/481 86/86/86
f 88/88/88 846/846/844 89/89/89
f 91/91/91 99/99/99 92/92/92
f 93/93/93 92/92/92 94/94/94
f 95/95/95 346/346/346 96/96/96
f 98/98/98 102/102/102 99/99/99
f 100/100/100 998/998/989 45/45/45
f 37/37/37 386/386/386 102/102/102
f 103/103/103 79/79/79 81/81/81
f 105/105/105 112/112/112 106/106/106
f 106/106/106 115/115/115 108/108/108
f 110/110/110 480/480/480 111/111/111
f 109/109/109 108/108/108 113/113/113
f 112/112/112 111/111/111 115/115/115
f 116/116/116 114/114/114 117/117/117
f 118/118/118 918/918/915 119/119/119
f 105/105/105 120/120/120 121/121/121
f 123/123/123 747/747/746 124/124/124
f 126/126/126 814/814/812 127/127/127
f 129/129/129 133/133/133 130/130/130
f 130/130/130 132/132/132 125/125/125
f 132/132/132 130/130/130 133/133/133
f 135/135/135 917/917/914 136/136/136
f 138/138/138 1061/1061/1049 139/139/139
f 141/141/141 414/414/414 142/142/142
f 144/144/144 1056/1056/1044 145/145/145
f 147/147/147 255/255/255 148/148/148
f 150/150/150 32/32/32 9/9/9
f 151/151/151 1809/1809/1771 152/152/152
f 154/154/154 424/424/424 155/155/155
f 157/157/157 1366/1366/1352 158/158/158
f 160/160/160 929/929/924 161/161/161
f 163/163/163 53/53/53 55/55/55
f 128/128/128 573/573/573 165/165/165
f 41/41/41 40/40/40 166/166/166
f 168/168/168 207/207/207 169/169/169
f 171/171/171 575/575/575 172/172/172
f 174/174/174 1515/1515/1498 175/175/175
f 177/177/177 643/643/643 178/178/178
f 180/180/180 209/209/209 181/181/181
f 183/183/183 939/939/934 184/184/184
f 186/186/186 219/219/219 187/187/187
f 188/188/188 417/417/417 189/189/189
f 191/191/191 743/743/742 192/192/192
f 194/194/194 1122/1122/1110 195/195/195
f 197/197/197 382/382/382 198/198/198
f 200/200/200 1058/1058/1046 201/201/201
f 203/203/203 1499/1499/1483 204/204/204
f 206/206/206 169/169/169 207/207/207
f 209/209/209 180/180/180 210/210/210
f 212/212/212 1292/1292/1279 213/213/213
f 215/215/215 745/745/744 79/79/79
f 216/216/216 1630/1630/1609 217/217/217
f 219/219/219 650/650/650 220/220/220
f 221/221/221 822/822/820 222/222/222
f 224/224/224 1090/1090/1078 121/121/121
f 226/226/226 800/800/798 164/164/164
f 227/227/227 1185/1185/1173 228/228/228
f 230/230/230 234/234/234 231/231/231
f 233/233/233 583/583/583 234/234/234
f 231/231/231 602/602/602 235/235/235
f 236/236/236 976/976/969 237/237/237
f 239/239/239 436/436/436 240/240/240
f 242/242/242 1213/1213/1201 243/243/243
f 245/245/245 1285/1285/1272 246/246/246
f 248/248/248 650/650/650 249/249/249
f 251/251/251 699/699/698 252/252/252
f 254/254/254 714/714/713 255/255/255
f 256/256/256 599/599/599 257/257/257
f 259/259/259 756/756/755 260/260/260
f 262/262/262 818/818/816 263/263/263
f 264/264/264 287/287/287 265/265/265
f 267/267/267 724/724/723 268/268/268
f 270/270/270 282/282/282 266/266/266
f 270/270/270 642/642/642 271/271/271
f 273/273/273 1199/1199/1187 274/274/274
f 276/276/276 811/811/809 277/277/277
f 279/279/279 576/576/576 280/280/280
f 282/282/282 270/270/270 272/272/272
f 284/284/284 305/305/305 285/285/285
f 286/286/286 265/265/265 287/287/287
f 289/289/289 229/229/229 228/228/228
f 291/291/291 576/576/576 292/292/292
f 294/294/294 664/664/664 295/295/295
f 293/293/293 292/292/292 297/297/297
f 299/299/299 30/30/30 32/32/32
f 300/300/300 1499/1499/1483 301/301/301
f 303/303/303 772/772/771 279/279/279
f 305/305/305 398/398/398 43/43/43
f 306/306/306 1482/1482/1468 307/307/307
f 309/309/309 281/281/281 310/310/310
f 312/312/312 70/70/70 313/313/313
f 315/315/315 30/30/30 316/316/316
f 310/310/310 579/579/579 272/272/272
f 318/318/318 1400/1400/1386 319/319/319
f 299/299/299 1432/1432/1418 321/321/321
f 323/323/323 10/10/10 324/324/324
f 326/326/326 799/799/797 327/327/327
f 329/329/329 1399/1399/1385 330/330/330
f 332/332/332 877/877/874 333/333/333
f 335/335/335 1213/1213/1201 336/336/336
f 338/338/338 12/12/12 339/339/339
f 341/341/341 733/733/732 342/342/342
f 344/344/344 1728/1728/1695 345/345/345
f 347/347/347 1094/1094/1082 348/348/348
f 350/350/350 845/845/843 351/351/351
f 353/353/353 867/867/864 354/354/354
f 356/356/356 1476/1476/1462 357/357/357
f 359/359/359 1334/1334/1320 360/360/360
f 362/362/362 1463/1463/1449 363/363/363
f 365/365/365 377/377/377 366/366/366
f 367/367/367 366/366/366 368/368/368
f 370/370/370 887/887/884 371/371/371
f 373/373/373 644/644/644 374/374/374
f 376/376/376 379/379/379 377/377/377
f 378/378/378 452/452/452 379/379/379
f 380/380/380 631/631/631 381/381/381
f 383/383/383 391/391/391 384/384/384
f 385/385/385 384/384/384 386/386/386
f 387/387/387 91/91/91 93/93/93
f 388/388/388 1590/1590/1570 389/389/389
f 33/33/33 392/392/392 391/391/391
f 35/35/35 1137/1137/1125 392/392/392
f 368/368/368 447/447/447 393/393/393
f 395/395/395 144/144/144 146/146/146
f 167/167/167 166/166/166 396/396/396
f 398/398/398 1538/1538/1519 44/44/44
f 25/25/25 1027/1027/1017 399/399/399
f 48/48/48 1576/1576/1556 401/401/401
f 403/403/403 1042/1042/1030 404/404/404
f 406/406/406 1760/1760/1290 313/313/313
f 407/407/407 1281/1281/1268 408/408/408
f 410/410/410 742/742/741 253/253/253
f 340/340/340 339/339/339 411/411/411
f 413/413/413 1331/1331/1318 414/414/414
f 401/401/401 892/892/889 415/415/415
f 417/417/417 188/188/188 418/418/418
f 399/399/399 1030/1030/1019 420/420/420
f 422/422/422 1085/1085/1073 423/423/423
f 425/425/425 478/478/478 426/426/426
f 428/428/428 460/460/460 429/429/429
f 431/431/431 434/434/434 432/432/432
f 434/434/434 92/92/92 99/99/99
f 434/434/434 431/431/431 94/94/94
f 435/435/435 99/99/99 102/102/102
f 436/436/436 102/102/102 386/386/386
f 239/239/239 813/813/811 435/435/435
f 437/437/437 442/442/442 438/438/438
f 439/439/439 438/438/438 440/440/440
f 442/442/442 454/454/454 443/443/443
f 438/438/438 443/443/443 444/444/444
f 439/439/439 446/446/446 445/445/445
f 446/446/446 366/366/366 377/377/377
f 441/441/441 447/447/447 446/446/446
f 447/447/447 368/368/368 366/366/366
f 437/437/437 445/445/445 448/448/448
f 449/449/449 448/448/448 450/450/450
f 445/445/445 377/377/377 379/379/379
f 448/448/448 379/379/379 452/452/452
f 449/449/449 453/453/453 442/442/442
f 453/453/453 456/456/456 454/454/454
f 451/451/451 455/455/455 453/453/453
f 455/455/455 1150/1150/1138 456/456/456
f 457/457/457 631/631/631 458/458/458
f 460/460/460 428/428/428 461/461/461
f 429/429/429 1431/1431/1417 463/463/463
f 464/464/464 1728/1728/1695 465/465/465
f 127/127/127 880/880/877 467/467/467
f 469/469/469 1077/1077/1065 470/470/470
f 409/409/409 408/408/408 472/472/472
f 474/474/474 1407/1407/1393 229/229/229
f 246/246/246 786/786/785 475/475/475
f 175/175/175 1648/1648/1627 261/261/261
f 311/311/311 310/310/310 271/271/271
f 478/478/478 1345/1345/1331 479/479/479
f 480/480/480 110/110/110 481/481/481
f 482/482/482 940/940/935 483/483/483
f 104/104/104 81/81/81 485/485/485
f 486/486/486 1488/1488/1474 487/487/487
f 477/477/477 809/809/807 489/489/489
f 490/490/490 1435/1435/1421 491/491/491
f 493/493/493 303/303/303 304/304/304
f 495/495/495 768/768/767 58/58/58
f 311/311/311 489/489/489 496/496/496
f 497/497/497 1081/1081/1069 498/498/498
f 500/500/500 767/767/766 501/501/501
f 503/503/503 1532/1532/1513 504/504/504
f 506/506/506 805/805/803 507/507/507
f 509/509/509 1114/1114/1102 510/510/510
f 512/512/512 1111/1111/1099 513/513/513
f 381/381/381 984/984/977 515/515/515
f 517/517/517 548/548/548 518/518/518
f 520/520/520 502/502/502 521/521/521
f 523/523/523 1087/1087/1075 524/524/524
f 369/369/369 368/368/368 394/394/394
f 527/527/527 499/499/499 528/528/528
f 530/530/530 596/596/596 531/531/531
f 533/533/533 708/708/707 534/534/534
f 536/536/536 1015/1015/1006 537/537/537
f 539/539/539 644/644/644 540/540/540
f 542/542/542 1448/1448/1434 543/543/543
f 545/545/545 276/276/276 278/278/278
f 547/547/547 1136/1136/1124 548/548/548
f 550/550/550 1582/1582/1562 551/551/551
f 549/549/549 949/949/942 553/553/553
f 554/554/554 220/220/220 555/555/555
f 557/557/557 547/547/547 553/553/553
f 559/559/559 1465/1465/1451 542/542/542
f 560/560/560 957/957/950 561/561/561
f 325/325/325 1089/1089/1077 563/563/563
f 564/564/564 1674/1674/1646 565/565/565
f 481/481/481 1684/1684/1651 567/567/567
f 376/376/376 496/496/496 489/489/489
f 568/568/568 914/914/911 537/537/537
f 570/570/570 154/154/154 156/156/156
f 32/32/32 31/31/31 571/571/571
f 572/572/572 1404/1404/1390 573/573/573
f 574/574/574 1617/1617/1596 172/172/172
f 576/576/576 291/291/291 577/577/577
f 280/280/280 577/577/577 578/578/578
f 54/54/54 683/683/683 580/580/580
f 582/582/582 234/234/234 583/583/583
f 585/585/585 602/602/602 231/231/231
f 587/587/587 223/223/223 588/588/588
f 222/222/222 744/744/743 590/590/590
f 592/592/592 7/7/7 593/593/593
f 185/185/185 184/184/184 193/193/193
f 556/556/556 156/156/156 595/595/595
f 596/596/596 728/728/727 597/597/597
f 598/598/598 257/257/257 599/599/599
f 601/601/601 1811/1811/1772 602/602/602
f 603/603/603 726/726/725 604/604/604
f 606/606/606 987/987/980 607/607/607
f 609/609/609 1329/1329/1316 610/610/610
f 612/612/612 1164/1164/1152 613/613/613
f 615/615/615 1481/1481/1467 616/616/616
f 618/618/618 762/762/761 117/117/117
f 616/616/616 1478/1478/1464 620/620/620
f 621/621/621 109/109/109 114/114/114
f 622/622/622 1280/1280/1267 623/623/623
f 625/625/625 1467/1467/1453 626/626/626
f 628/628/628 1111/1111/1099 629/629/629
f 484/484/484 483/483/483 276/276/276
f 631/631/631 380/380/380 96/96/96
f 632/632/632 895/895/892 633/633/633
f 635/635/635 1053/1053/1041 636/636/636
f 638/638/638 719/719/718 639/639/639
f 286/286/286 866/866/863 641/641/641
f 643/643/643 540/540/540 644/644/644
f 645/645/645 1051/1051/1039 646/646/646
f 274/274/274 1467/1467/1453 648/648/648
f 320/320/320 319/319/319 647/647/647
f 319/319/319 535/535/535 375/375/375
f 248/248/248 555/555/555 220/220/220
f 651/651/651 1513/1513/763 652/652/652
f 654/654/654 1649/1649/1565 655/655/655
f 375/375/375 374/374/374 645/645/645
f 657/657/657 574/574/574 575/575/575
f 477/477/477 271/271/271 642/642/642
f 281/281/281 280/280/280 579/579/579
f 658/658/658 946/946/939 659/659/659
f 265/265/265 286/286/286 642/642/642
f 661/661/661 69/69/69 662/662/662
f 664/664/664 259/259/259 261/261/261
f 241/241/241 578/578/578 577/577/577
f 266/266/266 731/731/730 665/665/665
f 666/666/666 1088/1088/1076 667/667/667
f 250/250/250 249/249/249 669/669/669
f 671/671/671 1203/1203/1191 488/488/488
f 672/672/672 737/737/736 583/583/583
f 673/673/673 737/737/736 200/200/200
f 675/675/675 1469/1469/1455 580/580/580
f 503/503/503 833/833/831 677/677/677
f 334/334/334 713/713/712 679/679/679
f 680/680/680 1180/1180/1168 82/82/82
f 682/682/682 1042/1042/1030 683/683/683
f 684/684/684 761/761/760 685/685/569
f 156/156/156 155/155/155 687/687/686
f 688/688/687 1598/1598/1578 689/689/688
f 690/690/689 832/832/830 691/691/690
f 693/693/692 1202/1202/1190 671/671/671
f 363/363/363 419/419/419 695/695/694
f 696/696/695 33/33/33 383/383/383
f 296/296/296 1510/1510/1494 698/698/697
f 325/325/325 324/324/324 699/699/698
f 522/522/522 521/521/521 701/701/700
f 502/502/502 501/501/501 703/703/702
f 303/303/303 493/493/493 308/308/308
f 704/704/703 1741/1741/1706 513/513/513
f 624/624/624 844/844/842 706/706/705
f 707/707/706 256/256/256 258/258/258
f 329/329/329 707/707/706 708/708/707
f 597/597/597 1809/1809/1771 709/709/708
f 710/710/709 1514/1514/1497 711/711/710
f 256/256/256 707/707/706 476/476/476
f 713/713/712 255/255/255 714/714/713
f 715/715/714 1810/1810/26 716/716/715
f 718/718/717 803/803/801 719/719/718
f 720/720/719 1030/1030/1019 721/721/720
f 723/723/722 2683/2683/715 25/25/25
f 724/724/723 267/267/267 227/227/227
f 726/726/725 603/603/603 416/416/416
f 579/579/579 578/578/578 283/283/283
f 727/727/726 1402/1402/1388 728/728/727
f 729/729/728 1134/1134/1122 730/730/729
f 600/600/600 403/403/403 405/405/405
f 88/88/88 1091/1091/1079 224/224/224
f 73/73/73 46/46/46 733/733/732
f 734/734/733 1184/1184/1172 735/735/734
f 202/202/202 201/201/201 736/736/735
f 584/584/584 583/583/583 737/737/736
f 738/738/737 1722/1722/1689 739/739/738
f 741/741/740 1432/1432/1418 742/742/741
f 471/471/471 1541/1541/1521 42/42/42
f 590/590/590 210/210/210 180/180/180
f 744/744/743 745/745/744 210/210/210
f 211/211/211 210/210/210 745/745/744
f 746/746/745 1171/1171/1159 747/747/746
f 24/24/24 23/23/23 748/748/747
f 133/133/133 129/129/129 750/750/749
f 164/164/164 801/801/799 752/752/751
f 87/87/87 86/86/86 675/675/675
f 682/682/682 53/53/53 143/143/143
f 398/398/398 305/305/305 754/754/753
f 756/756/755 259/259/259 757/757/756
f 759/759/758 995/995/986 760/760/759
f 614/614/614 613/613/613 762/762/761
f 619/619/619 117/117/117 114/114/114
f 763/763/762 953/953/946 764/764/763
f 766/766/765 497/497/497 499/499/499
f 528/528/528 973/973/966 767/767/766
f 768/768/767 495/495/495 769/769/768
f 390/390/390 1475/1475/1461 543/543/543
f 328/328/328 327/327/327 771/771/770
f 307/307/307 1138/1138/1126 772/772/771
f 314/314/314 1497/1497/856 773/773/772
f 774/774/773 50/50/50 775/775/774
f 777/777/776 1124/1124/1112 778/778/777
f 779/779/778 1324/1324/1311 780/780/779
f 297/297/297 1138/1138/1126 782/782/781
f 784/784/783 868/868/865 785/785/784
f 787/787/786 1726/1726/1693 552/552/552
f 788/788/787 1189/1189/1177 789/789/788
f 791/791/790 1129/1129/1117 792/792/652
f 794/794/792 854/854/852 795/795/793
f 797/797/795 1576/1576/1556 798/798/796
f 800/800/798 826/826/824 801/801/799
f 572/572/572 468/468/468 802/802/800
f 496/496/496 376/376/376 365/365/365
f 677/677/677 462/462/462 515/515/515
f 805/805/803 506/506/506 806/806/804
f 807/807/805 878/878/875 808/808/806
f 128/128/128 127/127/127 468/468/468
f 810/810/808 1597/1597/1577 688/688/687
f 483/483/483 941/941/936 811/811/809
f 731/731/730 730/730/729 812/812/810
f 813/813/811 291/291/291 293/293/293
f 814/814/812 126/126/126 623/623/623
f 816/816/814 719/719/718 803/803/801
f 817/817/815 417/417/417 419/419/419
f 818/818/816 722/722/721 819/819/817
f 157/157/157 1033/1033/1022 820/820/818
f 822/822/820 1048/1048/1036 744/744/743
f 823/823/821 1043/1043/1031 824/824/822
f 90/90/90 89/89/89 826/826/824
f 827/827/825 929/929/924 828/828/826
f 830/830/828 1021/1021/1011 162/162/162
f 278/278/278 277/277/277 831/831/829
f 505/505/505 1346/1346/1332 833/833/831
f 834/834/832 124/124/124 747/747/746
f 836/836/834 1083/1083/1071 837/837/835
f 839/839/837 1325/1325/1312 840/840/838
f 61/61/61 60/60/60 841/841/839
f 843/843/841 606/606/606 608/608/608
f 845/845/843 89/89/89 846/846/844
f 847/847/845 1442/1442/1428 848/848/846
f 225/225/225 991/991/982 732/732/731
f 850/850/848 541/541/541 851/851/849
f 853/853/851 1128/1128/1116 854/854/852
f 855/855/853 512/512/512 514/514/514
f 708/708/707 258/258/258 178/178/178
f 856/856/854 1740/1740/1705 857/857/855
f 859/859/856 990/990/314 860/860/857
f 862/862/859 500/500/500 502/502/502
f 863/863/860 594/594/594 864/864/861
f 494/494/494 304/304/304 309/309/309
f 807/807/805 641/641/641 866/866/863
f 778/778/777 785/785/784 868/868/865
f 869/869/866 872/872/869 870/870/867
f 872/872/869 1068/1068/1056 873/873/870
f 380/380/380 1103/1103/1091 97/97/97
f 441/441/441 440/440/440 870/870/867
f 447/447/447 441/441/441 873/873/870
f 199/199/199 198/198/198 874/874/871
f 876/876/873 1364/1364/1350 302/302/302
f 813/813/811 432/432/432 434/434/434
f 877/877/874 1543/1543/1523 845/845/843
f 878/878/875 807/807/805 867/867/864
f 879/879/876 467/467/467 880/880/877
f 171/171/171 1563/1563/1543 882/882/879
f 578/578/578 241/241/241 883/883/880
f 291/291/291 813/813/811 239/239/239
f 884/884/881 1670/1670/1618 885/885/882
f 84/84/84 1805/1805/1768 681/681/681
f 591/591/591 590/590/590 743/743/742
f 887/887/884 538/538/538 888/888/885
f 889/889/886 249/249/249 650/650/650
f 890/890/887 1136/1136/1124 547/547/547
f 797/797/795 1112/1112/1100 891/891/888
f 349/349/349 348/348/348 893/893/890
f 881/881/878 880/880/877 895/895/892
f 775/775/774 894/894/891 896/896/893
f 751/751/750 750/750/749 898/898/895
f 899/899/896 992/992/983 900/900/897
f 644/644/644 539/539/539 902/902/899
f 290/290/290 639/639/639 196/196/196
f 71/71/71 312/312/312 773/773/772
f 38/38/38 37/37/37 98/98/98
f 905/905/902 956/956/949 906/906/903
f 91/91/91 387/387/387 904/904/901
f 626/626/626 1199/1199/1187 908/908/905
f 910/910/907 1438/1438/1424 911/911/908
f 122/122/122 110/110/110 112/112/112
f 913/913/910 1102/1102/1090 914/914/911
f 915/915/912 1026/1026/1016 916/916/913
f 918/918/915 118/118/118 919/919/916
f 920/920/917 927/927/922 921/921/918
f 116/116/116 59/59/59 919/919/916
f 923/923/920 1140/1140/1128 924/924/921
f 911/911/908 1000/1000/991 925/925/268
f 621/621/621 919/919/916 118/118/118
f 120/120/120 119/119/119 225/225/225
f 131/131/131 130/130/130 124/124/124
f 620/620/620 609/609/609 927/927/922
f 715/715/714 411/411/411 821/821/819
f 929/929/924 160/160/160 930/930/925
f 931/931/926 977/977/970 921/921/918
f 543/543/543 1475/1475/1461 932/932/927
f 933/933/928 174/174/174 176/176/176
f 829/829/827 1054/1054/1042 935/935/930
f 936/936/931 1600/1600/1580 896/896/893
f 640/640/640 1084/1084/1072 938/938/933
f 827/827/825 935/935/930 939/939/934
f 608/608/608 607/607/607 149/149/149
f 615/615/615 1780/1780/1743 852/852/850
f 561/561/561 658/658/658 660/660/660
f 250/250/250 149/149/149 607/607/607
f 432/432/432 293/293/293 298/298/298
f 940/940/935 945/945/938 941/941/936
f 942/942/568 760/760/759 943/943/937
f 945/945/938 659/659/659 946/946/939
f 947/947/940 1210/1210/1198 948/948/941
f 950/950/943 964/964/957 951/951/944
f 952/952/945 482/482/482 484/484/484
f 953/953/946 793/793/791 792/792/652
f 954/954/947 763/763/762 765/765/764
f 560/560/560 906/906/903 956/956/949
f 958/958/951 961/961/954 959/959/952
f 850/850/848 1781/1781/1744 961/961/954
f 960/960/953 959/959/952 962/962/955
f 963/963/956 962/962/955 951/951/944
f 541/541/541 850/850/848 958/958/951
f 817/817/815 1273/1273/1260 965/965/958
f 967/967/960 1215/1215/1203 968/968/961
f 970/970/963 1470/1470/1456 971/971/964
f 499/499/499 498/498/498 973/973/966
f 974/974/967 525/525/525 524/524/524
f 412/412/412 411/411/411 715/715/714
f 463/463/463 237/237/237 976/976/969
f 922/922/919 921/921/918 977/977/970
f 611/611/611 921/921/918 927/927/922
f 978/978/971 977/977/970 979/979/972
f 433/433/433 298/298/298 981/981/974
f 364/364/364 1116/1116/1104 757/757/756
f 968/968/961 1214/1214/1202 983/983/976
f 984/984/977 1214/1214/1202 804/804/802
f 864/864/861 1275/1275/1262 985/985/978
f 676/676/676 778/778/777 753/753/752
f 23/23/23 1169/1169/1157 986/986/979
f 556/556/556 555/555/555 987/987/980
f 629/629/629 1111/1111/1099 512/512/512
f 989/989/313 1044/1044/1032 860/860/857
f 340/340/340 997/997/988 100/100/100
f 918/918/915 834/834/832 835/835/833
f 62/62/62 131/131/131 834/834/832
f 991/991/982 225/225/225 119/119/119
f 131/131/131 62/62/62 63/63/63
f 992/992/983 1383/1383/1369 993/993/984
f 994/994/985 1297/1297/1284 995/995/986
f 427/427/427 426/426/426 77/77/77
f 428/428/428 1396/1396/1382 874/874/871
f 997/997/988 1645/1645/1624 998/998/989
f 999/999/990 1456/1456/1442 684/684/684
f 129/129/129 63/63/63 1001/1001/992
f 1002/1002/993 1453/1453/1439 1003/1003/994
f 1005/1005/996 979/979/972 977/977/970
f 107/107/107 106/106/106 109/109/109
f 928/928/923 927/927/922 920/920/917
f 624/624/624 623/623/623 126/126/126
f 1006/1006/997 1163/1163/1151 1007/1007/998
f 841/841/839 762/762/761 613/613/613
f 1009/1009/1000 1340/1340/1326 1010/1010/1001
f 402/402/402 401/401/401 416/416/416
f 275/275/275 274/274/274 649/649/649
f 66/66/66 31/31/31 315/315/315
f 1013/1013/1004 85/85/85 87/87/87
f 107/107/107 118/118/118 120/120/120
f 60/60/60 117/117/117 762/762/761
f 1015/1015/1006 1332/1332/685 569/569/569
f 917/917/914 135/135/135 1016/1016/1007
f 915/915/912 1016/1016/1007 980/980/973
f 52/52/52 347/347/347 349/349/349
f 219/219/219 186/186/186 1017/1017/1008
f 1018/1018/1009 1568/1568/1548 1019/1019/1010
f 1021/1021/1011 1031/1031/1020 1022/1022/1012
f 740/740/739 1/1/1 3/3/3
f 900/900/897 993/993/984 317/317/317
f 1023/1023/1013 1494/1494/1479 550/550/550
f 132/132/132 209/209/209 211/211/211
f 1025/1025/1015 916/916/913 1026/1026/1016
f 16/16/16 1433/1433/1419 1027/1027/1017
f 1028/1028/724 1658/1658/1393 1029/1029/1018
f 24/24/24 1032/1032/1021 1022/1022/1012
f 669/669/669 1498/1498/1482 916/916/913
f 855/855/853 254/254/254 147/147/147
f 103/103/103 746/746/745 123/123/123
f 125/125/125 211/211/211 215/215/215
f 1027/1027/1017 721/721/720 1030/1030/1019
f 1031/1031/1020 1021/1021/1011 181/181/181
f 345/345/345 1109/1109/1097 459/459/459
f 749/749/748 1174/1174/1162 1032/1032/1021
f 1033/1033/1022 1528/1528/835 1034/1034/17
f 141/141/141 705/705/704 628/628/628
f 1035/1035/1023 19/19/19 212/212/212
f 1037/1037/1025 1740/1740/1705 406/406/406
f 825/825/823 824/824/822 1039/1039/1027
f 1041/1041/1029 186/186/186 146/146/146
f 1042/1042/1030 682/682/682 142/142/142
f 935/935/930 138/138/138 140/140/140
f 185/185/185 830/830/828 161/161/161
f 140/140/140 139/139/139 1043/1043/1031
f 588/588/588 591/591/591 191/191/191
f 1044/1044/1032 1628/1628/1607 1045/1045/1033
f 1046/1046/1034 221/221/221 223/223/223
f 1047/1047/1035 970/970/963 972/972/965
f 634/634/634 80/80/80 1048/1048/1036
f 192/192/192 182/182/182 830/830/828
f 186/186/186 1041/1041/1029 1049/1049/1037
f 183/183/183 161/161/161 929/929/924
f 1040/1040/1028 1039/1039/1027 589/589/589
f 939/939/934 140/140/140 823/823/821
f 645/645/645 1606/1606/1585 1050/1050/1038
f 743/743/742 180/180/180 182/182/182
f 184/184/184 823/823/821 825/825/823
f 1052/1052/1040 1335/1335/1321 1053/1053/1041
f 138/138/138 935/935/930 1054/1054/1042
f 517/517/517 1485/1485/1471 549/549/549
f 1056/1056/1044 144/144/144 168/168/168
f 190/190/190 1718/1718/1685 1057/1057/1045
f 672/672/672 824/824/822 1043/1043/1031
f 1059/1059/1047 267/267/267 269/269/269
f 201/201/201 139/139/139 1061/1061/1049
f 361/361/361 882/882/879 1062/1062/1050
f 198/198/198 516/516/516 461/461/461
f 1063/1063/1051 532/532/532 1064/1064/1052
f 5/5/5 263/263/263 1065/1065/1053
f 1005/1005/996 629/629/629 988/988/981
f 630/630/630 931/931/926 611/611/611
f 587/587/587 232/232/232 235/235/235
f 1039/1039/1027 233/233/233 230/230/230
f 233/233/233 1039/1039/1027 824/824/822
f 245/245/245 1093/1093/1081 1067/1067/1055
f 408/408/408 1282/1282/1269 780/780/779
f 589/589/589 230/230/230 232/232/232
f 712/712/711 1009/1009/1000 1069/1069/1057
f 1058/1058/1046 200/200/200 737/737/736
f 208/208/208 509/509/509 511/511/511
f 1070/1070/1058 788/788/787 790/790/789
f 1045/1045/1033 508/508/508 1072/1072/1060
f 1074/1074/1062 1197/1197/1185 158/158/158
f 1076/1076/1064 1514/1514/1497 174/174/174
f 639/639/639 719/719/718 816/816/814
f 1077/1077/1065 756/756/755 758/758/757
f 370/370/370 687/687/686 155/155/155
f 410/410/410 252/252/252 1079/1079/1067
f 586/586/586 498/498/498 1081/1081/1069
f 1082/1082/1070 1494/1494/1479 1083/1083/1071
f 1084/1084/1072 1378/1378/1364 1085/1085/1073
f 1086/1086/1074 805/805/803 337/337/337
f 586/586/586 231/231/231 234/234/234
f 1087/1087/1075 523/523/523 667/667/667
f 897/897/894 64/64/64 776/776/775
f 700/700/699 1468/1468/1454 1089/1089/1077
f 372/372/372 1131/1131/1119 687/687/686
f 1090/1090/1078 224/224/224 1091/1091/1079
f 498/498/498 586/586/586 582/582/582
f 1093/1093/1081 348/348/348 1094/1094/1082
f 1095/1095/1083 635/635/635 637/637/637
f 999/999/990 1438/1438/1424 1097/1097/1085
f 1078/1078/1066 1397/1397/1383 887/887/884
f 584/584/584 767/767/766 973/973/966
f 703/703/702 674/674/674 1099/1099/1087
f 767/767/766 584/584/584 673/673/673
f 1101/1101/1089 1115/1115/1103 1102/1102/1090
f 1103/1103/1091 380/380/380 382/382/382
f 702/702/701 701/701/700 525/525/525
f 975/975/968 2684/2684/2493 1104/1104/1092
f 1105/1105/1093 485/485/485 1106/1106/1094
f 1108/1108/1096 431/431/431 433/433/433
f 464/464/464 396/396/396 166/166/166
f 520/520/520 1127/1127/1115 1110/1110/1098
f 1110/1110/1098 1113/1113/1101 529/529/529
f 705/705/704 513/513/513 1111/1111/1099
f 1014/1014/1005 87/87/87 753/753/752
f 799/799/797 326/326/326 1112/1112/1100
f 1113/1113/1101 1187/1187/1175 527/527/527
f 1114/1114/1102 1102/1102/1090 1115/1115/1103
f 758/758/757 757/757/756 1116/1116/1104
f 273/273/273 1212/1212/1200 1118/1118/1106
f 1120/1120/1108 522/522/522 702/702/701
f 1122/1122/1110 1568/1568/1548 1123/1123/1111
f 1124/1124/1112 1406/1406/1392 785/785/784
f 593/593/593 831/831/829 277/277/277
f 1126/1126/1114 1069/1069/1057 1009/1009/1000
f 487/487/487 1531/1531/1512 694/694/693
f 1127/1127/1115 520/520/520 522/522/522
f 1128/1128/1116 853/853/851 1129/1129/1117
f 1130/1130/1118 1672/1672/1644 891/891/888
f 1131/1131/1119 372/372/372 208/208/208
f 545/545/545 1610/1610/1589 950/950/943
f 954/954/947 955/955/948 1132/1132/1120
f 883/883/880 1135/1135/1123 1134/1134/1122
f 241/241/241 240/240/240 1135/1135/1123
f 1135/1135/1123 384/384/384 391/391/391
f 240/240/240 386/386/386 384/384/384
f 1136/1136/1124 890/890/887 566/566/566
f 1134/1134/1122 391/391/391 392/392/392
f 730/730/729 392/392/392 1137/1137/1125
f 283/283/283 883/883/880 729/729/728
f 282/282/282 729/729/728 731/731/730
f 772/772/771 292/292/292 576/576/576
f 1138/1138/1126 297/297/297 292/292/292
f 288/288/288 1139/1139/1127 866/866/863
f 1139/1139/1127 354/354/354 867/867/864
f 304/304/304 279/279/279 281/281/281
f 1140/1140/1128 1454/1454/1440 1141/1141/1129
f 809/809/807 477/477/477 641/641/641
f 378/378/378 489/489/489 809/809/807
f 878/878/875 1143/1143/1131 1142/1142/1130
f 808/808/806 1142/1142/1130 452/452/452
f 493/493/493 367/367/367 369/369/369
f 494/494/494 365/365/365 367/367/367
f 353/353/353 1144/1144/1132 1143/1143/1131
f 355/355/355 1157/1157/1145 1144/1144/1132
f 1145/1145/1133 1148/1148/1136 1146/1146/1134
f 1147/1147/1135 1146/1146/1134 455/455/455
f 1148/1148/1136 1159/1159/1147 1149/1149/1137
f 1146/1146/1134 1149/1149/1137 1150/1150/1138
f 1147/1147/1135 1152/1152/1140 1151/1151/1139
f 1152/1152/1140 1142/1142/1130 1143/1143/1131
f 451/451/451 450/450/450 1152/1152/1140
f 450/450/450 452/452/452 1142/1142/1130
f 1145/1145/1133 1151/1151/1139 1153/1153/1141
f 1154/1154/1142 1153/1153/1141 1155/1155/1143
f 1151/1151/1139 1143/1143/1131 1144/1144/1132
f 1153/1153/1141 1144/1144/1132 1157/1157/1145
f 1154/1154/1142 1158/1158/1146 1148/1148/1136
f 1158/1158/1146 1161/1161/1149 1159/1159/1147
f 1156/1156/1144 1160/1160/1148 1158/1158/1146
f 1160/1160/1148 1777/1777/1740 1161/1161/1149
f 888/888/885 914/914/911 1102/1102/1090
f 1162/1162/1150 1780/1780/1743 1007/1007/998
f 1047/1047/1035 1445/1445/1431 625/625/625
f 1164/1164/1152 1166/1166/1154 1008/1008/999
f 1165/1165/1153 1008/1008/999 1166/1166/1154
f 1001/1001/992 61/61/61 842/842/840
f 61/61/61 1001/1001/992 63/63/63
f 842/842/840 841/841/839 1008/1008/999
f 1169/1169/1157 1165/1165/1153 1167/1167/1155
f 1165/1165/1153 1169/1169/1157 1168/1168/1156
f 358/358/358 1673/1673/1645 1170/1170/1158
f 750/750/749 1001/1001/992 1168/1168/1156
f 898/898/895 1168/1168/1156 1169/1169/1157
f 1031/1031/1020 751/751/750 22/22/22
f 134/134/134 133/133/133 751/751/750
f 835/835/833 747/747/746 1171/1171/1159
f 1172/1172/1160 1638/1638/1617 1173/1173/1161
f 134/134/134 181/181/181 209/209/209
f 1170/1170/1158 1673/1673/1645 886/886/883
f 1174/1174/1162 930/930/925 160/160/160
f 162/162/162 1022/1022/1012 1032/1032/1021
f 306/306/306 526/526/526 347/347/347
f 182/182/182 181/181/181 1021/1021/1011
f 326/326/326 328/328/328 418/418/418
f 137/137/137 136/136/136 1017/1017/1008
f 1176/1176/1164 76/76/76 1177/1177/1165
f 1040/1040/1028 191/191/191 193/193/193
f 223/223/223 222/222/222 591/591/591
f 2/2/2 1080/1080/1068 101/101/101
f 844/844/842 608/608/608 148/148/148
f 1048/1048/1036 79/79/79 745/745/744
f 1055/1055/1043 1181/1181/1169 1061/1061/1049
f 214/214/214 213/213/213 1179/1179/1167
f 1058/1058/1046 1043/1043/1031 139/139/139
f 736/736/735 1061/1061/1049 1181/1181/1169
f 1183/1183/1171 1405/1405/1391 1184/1184/1172
f 668/668/668 736/736/735 1182/1182/1170
f 674/674/674 200/200/200 202/202/202
f 501/501/501 673/673/673 674/674/674
f 523/523/523 1100/1100/1088 1099/1099/1087
f 1099/1099/1087 202/202/202 668/668/668
f 1100/1100/1088 701/701/700 521/521/521
f 1185/1185/1173 227/227/227 267/267/267
f 529/529/529 528/528/528 500/500/500
f 701/701/700 1100/1100/1088 523/523/523
f 1121/1121/1109 702/702/701 974/974/967
f 905/905/902 1074/1074/1062 1075/1075/1063
f 1187/1187/1175 1639/1639/1618 766/766/765
f 795/795/793 1735/1735/1700 903/903/900
f 1188/1188/1176 1627/1627/1606 1189/1189/1177
f 1191/1191/1179 1765/1765/1729 1192/1192/1180
f 1194/1194/1182 1755/1755/1720 1195/1195/1183
f 159/159/159 158/158/158 1197/1197/1185
f 1119/1119/1107 908/908/905 1199/1199/1187
f 1200/1200/1188 517/517/517 519/519/519
f 153/153/153 771/771/770 327/327/327
f 1202/1202/1190 558/558/558 1203/1203/1191
f 1204/1204/1192 1537/1537/1518 1205/1205/1193
f 670/670/670 147/147/147 149/149/149
f 254/254/254 514/514/514 1207/1207/1195
f 1024/1024/1014 1290/1290/1277 819/819/817
f 1209/1209/1197 1587/1587/1567 1210/1210/1198
f 1211/1211/1199 1487/1487/1473 948/948/941
f 720/720/719 243/243/243 1213/1213/1201
f 894/894/891 893/893/890 937/937/932
f 711/711/710 1560/1560/1540 924/924/921
f 1214/1214/1202 968/968/961 1215/1215/1203
f 1216/1216/1204 910/910/907 1217/1217/1205
f 893/893/890 1295/1295/1282 330/330/330
f 662/662/662 29/29/29 28/28/28
f 1220/1220/1208 1194/1194/1182 1196/1196/1184
f 468/468/468 467/467/467 1222/1222/1210
f 1223/1223/1211 1243/1243/1231 1224/1224/1212
f 1226/1226/1214 1253/1253/1241 1227/1227/1215
f 1229/1229/1217 1580/1580/1560 1230/1230/1218
f 941/941/936 946/946/939 1232/1232/1220
f 1233/1233/1221 787/787/786 551/551/551
f 1235/1235/1223 1190/1190/1178 1236/1236/1224
f 1189/1189/1177 788/788/787 1236/1236/1224
f 1237/1237/1225 1239/1239/1227 1238/1238/1226
f 1239/1239/1227 1394/1394/1380 1195/1195/1183
f 1240/1240/1228 1754/1754/1719 1235/1235/1223
f 1241/1241/1229 95/95/95 97/97/97
f 1243/1243/1231 1246/1246/1234 1244/1244/1232
f 357/357/357 840/840/838 1245/1245/1233
f 1246/1246/1234 1241/1241/1229 1242/1242/1230
f 197/197/197 1204/1204/1192 1206/1206/1194
f 1247/1247/1235 1536/1536/1517 1248/1248/1236
f 799/799/797 798/798/796 151/151/151
f 1250/1250/1238 1581/1581/1561 1251/1251/1239
f 1253/1253/1241 875/875/872 1254/1254/1242
f 65/65/65 1600/1600/1580 1255/1255/1243
f 1257/1257/1245 1231/1231/1219 1258/1258/1246
f 1226/1226/1214 1257/1257/1245 1259/1259/1247
f 1261/1261/1249 199/199/199 875/875/872
f 1262/1262/1250 1524/1524/1507 1263/1263/1251
f 1265/1265/1253 1591/1591/1571 1266/1266/1254
f 627/627/627 13/13/13 15/15/15
f 881/881/878 1046/1046/1034 235/235/235
f 255/255/255 713/713/712 706/706/705
f 735/735/734 718/718/717 638/638/638
f 1268/1268/1256 1503/1503/1487 1269/1269/1257
f 535/535/535 534/534/534 373/373/373
f 1271/1271/1259 637/637/637 636/636/636
f 1273/1273/1260 698/698/697 1274/1274/1261
f 864/864/861 1125/1125/1113 1232/1232/1220
f 534/534/534 178/178/178 643/643/643
f 1276/1276/1263 1573/1573/1553 1277/1277/1264
f 346/346/346 345/345/345 458/458/458
f 1279/1279/1266 1379/1379/1365 934/934/929
f 334/334/334 333/333/333 1280/1280/1267
f 1281/1281/1268 492/492/492 1282/1282/1269
f 1283/1283/1270 1542/1542/1522 1092/1092/1080
f 532/532/532 1063/1063/1051 1179/1179/1167
f 9/9/9 571/571/571 1284/1284/1271
f 872/872/869 869/869/866 784/784/783
f 1245/1245/1233 1052/1052/1040 635/635/635
f 1286/1286/1273 816/816/814 802/802/800
f 1287/1287/1274 1186/1186/1174 563/563/563
f 1268/1268/1256 1522/1522/1505 1288/1288/1275
f 1024/1024/1014 550/550/550 552/552/552
f 1291/1291/1278 213/213/213 1292/1292/1279
f 700/700/699 699/699/698 251/251/251
f 985/985/978 561/561/561 957/957/950
f 440/440/440 444/444/444 871/871/868
f 1093/1093/1081 245/245/245 247/247/247
f 1296/1296/1283 1546/1546/1526 1297/1297/1284
f 1298/1298/1285 1301/1301/1288 1299/1299/1286
f 1301/1301/1288 1657/1657/1635 1302/1302/1289
f 1044/1044/1032 989/989/313 1303/1303/1290
f 1305/1305/1292 1643/1643/1622 1306/1306/1293
f 1300/1300/1287 1299/1299/1286 1307/1307/1294
f 540/540/540 643/643/643 177/177/177
f 1309/1309/1296 1647/1647/1626 1310/1310/1297
f 839/839/837 1569/1569/1549 1312/1312/1299
f 1313/1313/1300 1353/1353/1339 1314/1314/1301
f 1316/1316/1303 1327/1327/1314 1317/1317/1304
f 1319/1319/1306 1517/1517/1500 1320/1320/1307
f 1314/1314/1301 1316/1316/1303 1318/1318/1305
f 1321/1321/1308 1320/1320/1307 1315/1315/1302
f 1324/1324/1311 779/779/778 840/840/838
f 815/815/813 633/633/633 895/895/892
f 1326/1326/1313 1317/1317/1304 1327/1327/1314
f 406/406/406 70/70/70 72/72/72
f 1329/1329/1316 1478/1478/1464 1330/1330/1317
f 1332/1332/685 1015/1015/1006 269/269/269
f 405/405/405 404/404/404 1333/1333/1319
f 237/237/237 463/463/463 1334/1334/1320
f 1335/1335/1321 781/781/780 1336/1336/1322
f 1337/1337/1323 1622/1622/1601 519/519/519
f 64/64/64 315/315/315 317/317/317
f 1338/1338/1324 601/601/601 585/585/585
f 1339/1339/1325 1010/1010/1001 1340/1340/1326
f 1341/1341/1327 1353/1353/1339 1342/1342/1328
f 4/4/4 6/6/6 1340/1340/1326
f 573/573/573 1405/1405/1391 843/843/841
f 505/505/505 479/479/479 1345/1345/1331
f 1286/1286/1273 194/194/194 196/196/196
f 1347/1347/1333 1473/1473/1459 1348/1348/1334
f 495/495/495 1560/1560/1540 1076/1076/1064
f 558/558/558 1202/1202/1190 1350/1350/1336
f 425/425/425 473/473/473 574/574/574
f 1351/1351/1337 1354/1354/1340 1313/1313/1300
f 1353/1353/1339 1313/1313/1300 1354/1354/1340
f 594/594/594 593/593/593 1125/1125/1113
f 1355/1355/1341 41/41/41 167/167/167
f 1356/1356/1342 1365/1365/1351 1357/1357/1343
f 1359/1359/1345 1596/1596/1576 1360/1360/1346
f 1354/1354/1340 1351/1351/1337 1356/1356/1342
f 343/343/343 1561/1561/1541 1219/1219/1207
f 1363/1363/1349 302/302/302 1364/1364/1350
f 1366/1366/1352 157/157/157 821/821/819
f 1351/1351/1337 1363/1363/1349 1365/1365/1351
f 1184/1184/1172 1404/1404/1390 718/718/717
f 1343/1343/1329 1342/1342/1328 1368/1368/1354
f 409/409/409 427/427/427 996/996/987
f 1369/1369/1355 1368/1368/1354 1370/1370/1356
f 397/397/397 396/396/396 1372/1372/1358
f 1324/1324/1311 1617/1617/1596 472/472/472
f 1373/1373/1359 284/284/284 21/21/21
f 216/216/216 1637/1637/1616 1069/1069/1057
f 1271/1271/1259 1675/1675/1009 1096/1096/1084
f 6/6/6 5/5/5 1066/1066/1054
f 1374/1374/1360 1361/1361/1347 1375/1375/1361
f 972/972/965 971/971/964 490/490/490
f 1060/1060/1048 1398/1398/1384 1378/1378/1364
f 1077/1077/1065 469/469/469 1379/1379/1365
f 1380/1380/1366 1549/1549/1529 1381/1381/1367
f 774/774/773 993/993/984 1383/1383/1369
f 622/622/622 706/706/705 713/713/712
f 1283/1283/1270 90/90/90 800/800/798
f 1338/1338/1324 194/194/194 1286/1286/1273
f 1095/1095/1083 1673/1673/1645 358/358/358
f 1384/1384/1370 1388/1388/1374 1385/1385/1371
f 1384/1384/1370 1389/1389/1375 1387/1387/1373
f 1388/1388/1374 20/20/20 1035/1035/1023
f 1386/1386/1372 1390/1390/1376 1389/1389/1375
f 1390/1390/1376 1428/1428/1414 1391/1391/1377
f 1221/1221/1209 1196/1196/1184 1392/1392/1378
f 1196/1196/1184 1195/1195/1183 1394/1394/1380
f 1393/1393/1379 1395/1395/1381 1192/1192/1180
f 1395/1395/1381 1688/1688/1655 1193/1193/1181
f 1067/1067/1055 1094/1094/1082 394/394/394
f 976/976/969 236/236/236 1254/1254/1242
f 1222/1222/1210 1811/1811/1772 601/601/601
f 50/50/50 349/349/349 894/894/891
f 1397/1397/1383 1078/1078/1066 423/423/423
f 243/243/243 720/720/719 722/722/721
f 1399/1399/1385 329/329/329 533/533/533
f 694/694/693 1530/1530/1511 967/967/960
f 471/471/471 470/470/470 1401/1401/1387
f 422/422/422 424/424/424 154/154/154
f 1255/1255/1243 318/318/318 320/320/320
f 324/324/324 1079/1079/1067 252/252/252
f 47/47/47 1761/1761/1725 531/531/531
f 1404/1404/1390 1184/1184/1172 1405/1405/1391
f 1406/1406/1392 1124/1124/1112 600/600/600
f 725/725/724 227/227/227 229/229/229
f 462/462/462 461/461/461 516/516/516
f 56/56/56 1638/1638/1617 1172/1172/1160
f 1086/1086/1074 1408/1408/1394 1172/1172/1160
f 1321/1321/1308 1323/1323/1310 1410/1410/1396
f 1411/1411/1397 1410/1410/1396 1239/1239/1227
f 1323/1323/1310 1322/1322/1309 1412/1412/1398
f 1410/1410/1396 1412/1412/1398 1394/1394/1380
f 1321/1321/1308 1411/1411/1397 1413/1413/1399
f 1319/1319/1306 1413/1413/1399 1070/1070/1058
f 1237/1237/1225 1236/1236/1224 1413/1413/1399
f 1413/1413/1399 1236/1236/1224 788/788/787
f 1415/1415/1401 1420/1420/1406 1416/1416/1402
f 1417/1417/1403 1416/1416/1402 1418/1418/1404
f 1420/1420/1406 1430/1430/1416 680/680/680
f 1416/1416/1402 680/680/680 681/681/681
f 1417/1417/1403 1424/1424/1410 1421/1421/1407
f 1421/1421/1407 1424/1424/1410 1422/1422/1408
f 1419/1419/1405 1425/1425/1411 1424/1424/1410
f 1425/1425/1411 1704/1704/1671 1422/1422/1408
f 1415/1415/1401 1421/1421/1407 1426/1426/1412
f 1427/1427/1413 1426/1426/1412 1390/1390/1376
f 1423/1423/1409 1714/1714/1681 1426/1426/1412
f 1426/1426/1412 1714/1714/1681 1428/1428/1414
f 1427/1427/1413 1429/1429/1415 1420/1420/1406
f 1429/1429/1415 1036/1036/1024 1430/1430/1416
f 1386/1386/1372 1385/1385/1371 1429/1429/1415
f 1385/1385/1371 1035/1035/1023 1036/1036/1024
f 1431/1431/1417 1625/1625/1604 1334/1334/1320
f 507/507/507 1409/1409/1395 790/790/789
f 83/83/83 1064/1064/1052 466/466/466
f 707/707/706 329/329/329 331/331/331
f 290/290/290 228/228/228 640/640/640
f 1432/1432/1418 299/299/299 150/150/150
f 7/7/7 1284/1284/1271 831/831/829
f 721/721/720 1027/1027/1017 1433/1433/1419
f 1434/1434/1420 1098/1098/1086 1097/1097/1085
f 1256/1256/1244 1255/1255/1243 1403/1403/1389
f 557/557/557 1350/1350/1336 604/604/604
f 44/44/44 1379/1379/1365 469/469/469
f 1436/1436/1422 1564/1564/1544 1380/1380/1366
f 1438/1438/1424 999/999/990 1000/1000/991
f 176/176/176 175/175/175 260/260/260
f 1365/1365/1351 1364/1364/1350 1373/1373/1359
f 1435/1435/1421 490/490/490 971/971/964
f 1107/1107/1095 1280/1280/1267 333/333/333
f 1439/1439/1425 1458/1458/1444 1440/1440/1426
f 1442/1442/1428 177/177/177 179/179/179
f 1443/1443/1429 1439/1439/1425 1441/1441/1427
f 538/538/538 537/537/537 914/914/911
f 1003/1003/994 1178/1178/1166 648/648/648
f 1446/1446/1432 356/356/356 1170/1170/1158
f 1011/1011/1002 1010/1010/1001 1448/1448/1434
f 1449/1449/1435 1725/1725/1692 285/285/285
f 1450/1450/1436 1615/1615/1594 1451/1451/1437
f 90/90/90 1283/1283/1270 1091/1091/1079
f 1453/1453/1439 1176/1176/1164 1178/1178/1166
f 599/599/599 256/256/256 475/475/475
f 1454/1454/1440 1140/1140/1128 242/242/242
f 1218/1218/1206 1217/1217/1205 1053/1053/1041
f 598/598/598 405/405/405 849/849/847
f 1455/1455/1441 994/994/985 759/759/758
f 31/31/31 66/66/66 1457/1457/1443
f 1458/1458/1444 1446/1446/1432 1447/1447/1433
f 1459/1459/1445 1452/1452/1438 1460/1460/1446
f 1447/1447/1433 1170/1170/1158 885/885/882
f 188/188/188 1057/1057/1045 1175/1175/1163
f 554/554/554 395/395/395 187/187/187
f 1273/1273/1260 817/817/815 363/363/363
f 670/670/670 669/669/669 1025/1025/1015
f 690/690/689 1589/1589/1569 1464/1464/1450
f 1374/1374/1360 1630/1630/1609 1465/1465/1451
f 1033/1033/1022 157/157/157 159/159/159
f 855/855/853 1025/1025/1015 988/988/981
f 1467/1467/1453 625/625/625 1445/1445/1431
f 863/863/860 865/865/862 1468/1468/1454
f 1469/1469/1455 1542/1542/1522 581/581/581
f 1212/1212/1200 273/273/273 275/275/275
f 14/14/14 689/689/688 1470/1470/1456
f 865/865/862 985/985/978 1294/1294/1281
f 892/892/889 891/891/888 564/564/564
f 1348/1348/1334 1343/1343/1329 1369/1369/1355
f 899/899/896 1722/1722/1689 982/982/975
f 1472/1472/1458 300/300/300 302/302/302
f 546/546/546 278/278/278 832/832/830
f 1352/1352/1338 1472/1472/1458 1363/1363/1349
f 348/348/348 1093/1093/1081 1295/1295/1282
f 1473/1473/1459 1347/1347/1333 1328/1328/1315
f 17/17/17 837/837/835 1083/1083/1071
f 1474/1474/1460 1567/1567/1547 1475/1475/1461
f 1306/1306/1293 1569/1569/1549 1476/1476/1462
f 609/609/609 620/620/620 1478/1478/1464
f 1479/1479/1465 1309/1309/1296 1311/1311/1298
f 1481/1481/1467 615/615/615 851/851/849
f 610/610/610 1329/1329/1316 1331/1331/1318
f 51/51/51 1383/1383/1369 782/782/781
f 8/8/8 253/253/253 742/742/741
f 1303/1303/1290 1490/1490/854 1483/1483/1469
f 1084/1084/1072 640/640/640 228/228/228
f 983/983/976 457/457/457 459/459/459
f 1350/1350/1336 1484/1484/1470 605/605/605
f 1484/1484/1470 1350/1350/1336 1202/1202/1190
f 1485/1485/1471 517/517/517 1200/1200/1188
f 949/949/942 948/948/941 1487/1487/1473
f 698/698/697 1273/1273/1260 1463/1463/1449
f 1011/1011/1002 542/542/542 1465/1465/1451
f 1488/1488/1474 1177/1177/1165 76/76/76
f 1490/1490/854 723/723/722 400/400/400
f 1491/1491/1476 1448/1448/1434 1010/1010/1001
f 338/338/338 100/100/100 101/101/101
f 1493/1493/1478 1366/1366/1352 1367/1367/1353
f 981/981/974 783/783/782 992/992/983
f 1368/1368/1354 1362/1362/1348 1387/1387/1373
f 362/362/362 757/757/756 259/259/259
f 1442/1442/1428 847/847/845 616/616/616
f 18/18/18 1083/1083/1071 1494/1494/1479
f 857/857/855 1664/1664/1639 412/412/412
f 602/602/602 1811/1811/1772 879/879/876
f 1375/1375/1361 1539/1539/1520 1495/1495/1480
f 1362/1362/1348 1356/1356/1342 1358/1358/1344
f 382/382/382 381/381/381 516/516/516
f 795/795/793 773/773/772 1497/1497/856
f 11/11/11 323/323/323 563/563/563
f 917/917/914 916/916/913 1498/1498/1482
f 1341/1341/1327 1473/1473/1459 1327/1327/1314
f 1320/1320/1307 1517/1517/1500 1472/1472/1458
f 1499/1499/1483 203/203/203 1500/1500/1484
f 768/768/767 203/203/203 205/205/205
f 1398/1398/1384 1060/1060/1048 536/536/536
f 1501/1501/1485 1479/1479/1465 1480/1480/1466
f 81/81/81 80/80/80 1106/1106/1094
f 1503/1503/1487 1268/1268/1256 1289/1289/1276
f 908/908/905 1119/1119/1107 1505/1505/1489
f 1078/1078/1066 155/155/155 424/424/424
f 1507/1507/1491 1624/1624/1603 1508/1508/1492
f 217/217/217 1376/1376/1362 1510/1510/1494
f 1175/1175/1163 1130/1130/1118 1112/1112/1100
f 877/877/874 350/350/350 1105/1105/1093
f 1173/1173/1161 204/204/204 1511/1511/1495
f 305/305/305 284/284/284 876/876/873
f 969/969/962 1484/1484/1470 693/693/692
f 470/470/470 758/758/757 1117/1117/1105
f 407/407/407 996/996/987 1453/1453/1439
f 818/818/816 262/262/262 244/244/244
f 984/984/977 381/381/381 631/631/631
f 1512/1512/1496 1602/1602/764 1513/1513/763
f 1279/1279/1266 260/260/260 756/756/755
f 1219/1219/1207 1561/1561/1541 663/663/663
f 1405/1405/1391 1183/1183/1171 606/606/606
f 1514/1514/1497 710/710/709 1515/1515/1498
f 1256/1256/1244 1457/1457/1443 66/66/66
f 679/679/679 1621/1621/1600 1516/1516/1499
f 421/421/421 1483/1483/1469 400/400/400
f 1414/1414/1400 1511/1511/1495 1517/1517/1500
f 910/910/907 1216/1216/1204 1097/1097/1085
f 1060/1060/1048 269/269/269 1015/1015/1006
f 1518/1518/1501 1655/1655/1633 1311/1311/1298
f 422/422/422 735/735/734 938/938/933
f 421/421/421 420/420/420 806/806/804
f 1520/1520/1503 1724/1724/1691 1521/1521/1504
f 969/969/962 968/968/961 39/39/39
f 1524/1524/1507 1527/1527/1510 1525/1525/1508
f 1525/1525/1508 238/238/238 1062/1062/1050
f 1506/1506/1490 1640/1640/1619 909/909/906
f 1527/1527/1510 236/236/236 238/238/238
f 1489/1489/1475 76/76/76 78/78/78
f 1528/1528/835 1033/1033/1022 1466/1466/1452
f 1530/1530/1511 694/694/693 1531/1531/1512
f 1068/1068/1056 1067/1067/1055 393/393/393
f 492/492/492 491/491/491 1336/1336/1322
f 1400/1400/1386 318/318/318 936/936/931
f 1533/1533/1514 1553/1553/1533 1534/1534/1515
f 1536/1536/1517 1205/1205/1193 1537/1537/1518
f 1109/1109/1097 166/166/166 40/40/40
f 1488/1488/1474 1489/1489/1475 1531/1531/1512
f 1108/1108/1096 738/738/737 74/74/74
f 1391/1391/1377 1696/1696/1663 1371/1371/1357
f 755/755/754 1555/1555/1535 1538/1538/1519
f 770/770/769 1500/1500/1484 203/203/203
f 1361/1361/1347 1360/1360/1346 1539/1539/1520
f 1026/1026/1016 915/915/912 979/979/972
f 55/55/55 54/54/54 581/581/581
f 1293/1293/1280 1541/1541/1521 727/727/726
f 1540/1540/1259 474/474/474 289/289/289
f 1541/1541/1521 1293/1293/1280 1449/1449/1435
f 336/336/336 1544/1544/1524 1408/1408/1394
f 1542/1542/1522 1283/1283/1270 226/226/226
f 332/332/332 1516/1516/1499 1543/1543/1523
f 678/678/678 677/677/677 804/804/802
f 923/923/920 56/56/56 1408/1408/1394
f 901/901/898 900/900/897 316/316/316
f 420/420/420 335/335/335 337/337/337
f 1545/1545/1525 1297/1297/1284 1546/1546/1526
f 776/776/775 317/317/317 993/993/984
f 1437/1437/1423 1380/1380/1366 1382/1382/1368
f 739/739/738 901/901/898 322/322/322
f 1471/1471/1457 1369/1369/1355 1371/1371/1357
f 1287/1287/1274 1294/1294/1281 957/957/950
f 1352/1352/1338 1313/1313/1300 1315/1315/1302
f 712/712/711 711/711/710 1141/1141/1129
f 1346/1346/1332 1345/1345/1331 1431/1431/1417
f 1550/1550/1530 1671/1671/1643 1551/1551/1531
f 1404/1404/1390 572/572/572 803/803/801
f 633/633/633 815/815/813 1107/1107/1095
f 1208/1208/1196 1433/1433/1419 1023/1023/1013
f 238/238/238 237/237/237 359/359/359
f 1183/1183/1171 570/570/570 987/987/980
f 473/473/473 425/425/425 427/427/427
f 1228/1228/1216 1626/1626/1605 1257/1257/1245
f 1553/1553/1533 1616/1616/1595 1554/1554/1534
f 770/770/769 769/769/768 1555/1555/1535
f 998/998/989 733/733/732 46/46/46
f 657/657/657 1625/1625/1604 478/478/478
f 1250/1250/1238 1717/1717/1684 1556/1556/1536
f 1081/1081/1069 497/497/497 1558/1558/1538
f 52/52/52 51/51/51 1482/1482/1468
f 1559/1559/1539 1507/1507/1491 1509/1509/1493
f 683/683/683 777/777/776 676/676/676
f 1560/1560/1540 711/711/710 1514/1514/1497
f 30/30/30 299/299/299 322/322/322
f 509/509/509 208/208/208 372/372/372
f 786/786/785 785/785/784 1406/1406/1392
f 1561/1561/1541 71/71/71 903/903/900
f 881/881/878 632/632/632 221/221/221
f 1036/1036/1024 212/212/212 214/214/214
f 1090/1090/1078 1684/1684/1651 122/122/122
f 991/991/982 1171/1171/1159 1562/1562/1542
f 1180/1180/1168 680/680/680 1430/1430/1416
f 822/822/820 221/221/221 632/632/632
f 465/465/465 1727/1727/1694 84/84/84
f 942/942/568 685/685/569 761/761/760
f 1397/1397/1383 536/536/536 538/538/538
f 1563/1563/1543 171/171/171 173/173/173
f 1564/1564/1544 1471/1471/1457 1549/1549/1529
f 1434/1434/1420 971/971/964 1470/1470/1456
f 508/508/508 507/507/507 789/789/788
f 1566/1566/1546 932/932/927 1475/1475/1461
f 1353/1353/1339 1341/1341/1327 1316/1316/1303
f 844/844/842 624/624/624 165/165/165
f 1558/1558/1538 1019/1019/1010 1568/1568/1548
f 308/308/308 369/369/369 526/526/526
f 357/357/357 1476/1476/1462 1569/1569/1549
f 1563/1563/1543 1571/1571/1551 1570/1570/1550
f 1571/1571/1551 1592/1592/1572 1572/1572/1552
f 1573/1573/1553 1276/1276/1263 1574/1574/1554
f 1576/1576/1556 797/797/795 892/892/889
f 1468/1468/1454 1294/1294/1281 1287/1287/1274
f 1098/1098/1086 1455/1455/1441 1456/1456/1442
f 1577/1577/1557 1723/1723/1690 1575/1575/1555
f 1014/1014/1005 869/869/866 871/871/868
f 1578/1578/1558 1267/1267/1255 1288/1288/1275
f 1580/1580/1560 1631/1631/1610 1554/1554/1534
f 1557/1557/1537 1719/1719/1686 1581/1581/1561
f 1205/1205/1193 1536/1536/1517 1224/1224/1212
f 1582/1582/1562 550/550/550 1494/1494/1479
f 1030/1030/1019 720/720/719 335/335/335
f 1234/1234/1222 1762/1762/1726 1583/1583/1563
f 1584/1584/1564 1491/1491/1476 1339/1339/1325
f 1585/1585/1565 1529/1529/836 1466/1466/1452
f 1118/1118/1106 1210/1210/1198 1587/1587/1567
f 692/692/691 1403/1403/1389 1589/1589/1569
f 1233/1233/1221 389/389/389 1590/1590/1570
f 1591/1591/1571 1262/1262/1250 1264/1264/1252
f 1592/1592/1572 1269/1269/1257 1503/1503/1487
f 810/810/808 1599/1599/1579 1593/1593/1573
f 1595/1595/1575 2685/2685/2494 1502/1502/1486
f 1359/1359/1345 559/559/559 544/544/544
f 1325/1325/1312 839/839/837 173/173/173
f 1402/1402/1388 727/727/726 1541/1541/1521
f 559/559/559 1359/1359/1345 1361/1361/1347
f 1596/1596/1576 1359/1359/1345 932/932/927
f 1597/1597/1577 1608/1608/1587 1598/1598/1578
f 840/840/838 779/779/778 1052/1052/1040
f 1342/1342/1328 1354/1354/1340 1362/1362/1348
f 13/13/13 627/627/627 1599/1599/1579
f 1495/1495/1480 1609/1609/1588 1274/1274/1261
f 1376/1376/1362 1375/1375/1361 1496/1496/1481
f 1600/1600/1580 936/936/931 318/318/318
f 781/781/780 1335/1335/1321 1052/1052/1040
f 1601/1601/1581 2686/2686/948 1602/1602/764
f 417/417/417 817/817/815 966/966/959
f 1186/1186/1174 1287/1287/1274 956/956/949
f 390/390/390 389/389/389 1603/1603/1582
f 389/389/389 1233/1233/1221 1583/1583/1563
f 1604/1604/1583 1605/1605/1584 189/189/189
f 1605/1605/1584 1803/1803/1766 190/190/190
f 964/964/957 1050/1050/1038 1606/1606/1585
f 966/966/959 965/965/958 1607/1607/1586
f 1547/1547/1527 1546/1546/1526 1598/1598/1578
f 965/965/958 1274/1274/1261 1609/1609/1588
f 1358/1358/1344 1357/1357/1343 1388/1388/1374
f 546/546/546 1464/1464/1450 1610/1610/1589
f 1611/1611/1590 1443/1443/1429 1444/1444/1430
f 1545/1545/1525 1652/1652/1630 1613/1613/1592
f 1615/1615/1594 1611/1611/1590 1612/1612/1591
f 1459/1459/1445 1656/1656/1634 1450/1450/1436
f 1486/1486/1472 1209/1209/1197 947/947/940
f 1260/1260/1248 1261/1261/1249 1253/1253/1241
f 1180/1180/1168 1179/1179/1167 1063/1063/1051
f 1009/1009/1000 712/712/711 1344/1344/1330
f 1338/1338/1324 1558/1558/1538 1122/1122/1110
f 462/462/462 677/677/677 833/833/831
f 1616/1616/1595 1619/1619/1598 1230/1230/1218
f 1204/1204/1192 197/197/197 199/199/199
f 1401/1401/1387 1117/1117/1105 153/153/153
f 946/946/939 658/658/658 1275/1275/1262
f 1516/1516/1499 801/801/799 826/826/824
f 473/473/473 472/472/472 1617/1617/1596
f 1618/1618/1597 1249/1249/1237 1258/1258/1246
f 1557/1557/1537 1556/1556/1536 1616/1616/1595
f 686/686/685 925/925/268 1000/1000/991
f 85/85/85 1013/1013/1004 1620/1620/1599
f 1249/1249/1237 1248/1248/1236 1259/1259/1247
f 1537/1537/1518 1204/1204/1192 1261/1261/1249
f 1212/1212/1200 948/948/941 1210/1210/1198
f 1248/1248/1236 1537/1537/1518 1260/1260/1248
f 995/995/986 1614/1614/1593 943/943/937
f 1619/1619/1598 1258/1258/1246 1231/1231/1219
f 504/504/504 78/78/78 479/479/479
f 1558/1558/1538 497/497/497 766/766/765
f 1432/1432/1418 741/741/740 1/1/1
f 371/371/371 888/888/885 1114/1114/1102
f 1364/1364/1350 876/876/873 284/284/284
f 1103/1103/1091 1206/1206/1194 1242/1242/1230
f 466/466/466 1372/1372/1358 396/396/396
f 704/704/703 143/143/143 53/53/53
f 714/714/713 1207/1207/1195 1621/1621/1600
f 1622/1622/1601 2687/2687/2495 1201/1201/1189
f 1012/1012/1003 416/416/416 603/603/603
f 1247/1247/1235 1623/1623/1602 1508/1508/1492
f 1206/1206/1194 1205/1205/1193 1244/1244/1232
f 1536/1536/1517 1247/1247/1235 1225/1225/1213
f 1623/1623/1602 1717/1717/1684 1509/1509/1493
f 1331/1331/1318 1330/1330/1317 1333/1333/1319
f 1624/1624/1603 1223/1223/1211 1225/1225/1213
f 15/15/15 14/14/14 970/970/963
f 253/253/253 8/8/8 592/592/592
f 889/889/886 1017/1017/1008 136/136/136
f 1588/1588/1568 1505/1505/1489 1119/1119/1107
f 360/360/360 1334/1334/1320 1625/1625/1604
f 1626/1626/1605 1229/1229/1217 1231/1231/1219
f 506/506/506 1628/1628/1607 1519/1519/1502
f 1627/1627/1606 1072/1072/1060 789/789/788
f 68/68/68 94/94/94 27/27/27
f 1227/1227/1215 1254/1254/1242 236/236/236
f 1628/1628/1607 1044/1044/1032 1304/1304/1291
f 836/836/834 654/654/654 1629/1629/1608
f 1346/1346/1332 429/429/429 460/460/460
f 1445/1445/1431 1047/1047/1035 1004/1004/995
f 1376/1376/1362 217/217/217 1630/1630/1609
f 1265/1265/1253 1634/1634/1613 1631/1631/1610
f 1527/1527/1510 1524/1524/1507 1228/1228/1216
f 880/880/877 127/127/127 814/814/812
f 430/430/430 976/976/969 1396/1396/1382
f 41/41/41 1355/1355/1341 1523/1523/1506
f 1632/1632/1611 168/168/168 144/144/144
f 1633/1633/1612 1720/1720/1687 1535/1535/1516
f 1457/1457/1443 1256/1256/1244 692/692/691
f 1178/1178/1166 1177/1177/1165 649/649/649
f 1633/1633/1612 1631/1631/1610 1634/1634/1613
f 1572/1572/1552 1503/1503/1487 1504/1504/1488
f 1637/1637/1616 1515/1515/1498 710/710/709
f 1214/1214/1202 984/984/977 457/457/457
f 58/58/58 205/205/205 1638/1638/1617
f 1639/1639/1618 1020/1020/881 1019/1019/1010
f 1267/1267/1255 1266/1266/1254 1289/1289/1276
f 1051/1051/1039 1464/1464/1450 1589/1589/1569
f 1383/1383/1369 992/992/983 783/783/782
f 1263/1263/1251 1525/1525/1508 1526/1526/1509
f 571/571/571 1457/1457/1443 691/691/690
f 1125/1125/1113 277/277/277 811/811/809
f 882/882/879 1570/1570/1550 1526/1526/1509
f 607/607/607 987/987/980 555/555/555
f 1599/1599/1579 909/909/906 1640/1640/1619
f 1266/1266/1254 1264/1264/1252 1504/1504/1488
f 1264/1264/1252 1263/1263/1251 1636/1636/1615
f 1570/1570/1550 1572/1572/1552 1636/1636/1615
f 213/213/213 1291/1291/1278 530/530/530
f 1208/1208/1196 819/819/817 722/722/721
f 1608/1608/1587 1597/1597/1577 1641/1641/1620
f 1305/1305/1292 1592/1592/1572 1571/1571/1551
f 1173/1173/1161 1638/1638/1617 205/205/205
f 1171/1171/1159 746/746/745 1644/1644/1623
f 733/733/732 998/998/989 1645/1645/1624
f 321/321/321 1/1/1 740/740/739
f 781/781/780 780/780/779 1282/1282/1269
f 1610/1610/1589 1050/1050/1038 964/964/957
f 1029/1029/1018 1217/1217/1205 910/910/907
f 1565/1565/1545 1296/1296/1283 994/994/985
f 1277/1277/1264 1724/1724/1691 1309/1309/1296
f 1004/1004/995 972/972/965 1377/1377/1363
f 1520/1520/1503 1270/1270/1258 1646/1646/1625
f 1648/1648/1627 218/218/218 295/295/295
f 539/539/539 958/958/951 960/960/953
f 1592/1592/1572 1305/1305/1292 1307/1307/1294
f 1269/1269/1257 1307/1307/1294 1646/1646/1625
f 1594/1594/1574 1641/1641/1620 1597/1597/1577
f 1409/1409/1395 507/507/507 805/805/803
f 1571/1571/1551 1563/1563/1543 1312/1312/1299
f 1140/1140/1128 923/923/920 1544/1544/1524
f 836/836/834 838/838/836 1649/1649/1565
f 1082/1082/1070 1629/1629/1608 1650/1650/1628
f 1651/1651/1629 1547/1547/1527 1608/1608/1587
f 361/361/361 360/360/360 575/575/575
f 1652/1652/1630 1545/1545/1525 1547/1547/1527
f 72/72/72 71/71/71 1561/1561/1541
f 1653/1653/1631 1727/1727/1694 344/344/344
f 1477/1477/1463 1476/1476/1462 356/356/356
f 1123/1123/1111 289/289/289 290/290/290
f 1285/1285/1272 784/784/783 786/786/785
f 1477/1477/1463 1298/1298/1285 1300/1300/1287
f 1655/1655/1633 1595/1595/1575 1480/1480/1466
f 1450/1450/1436 1595/1595/1575 1655/1655/1633
f 218/218/218 1648/1648/1627 1637/1637/1616
f 1656/1656/1634 2685/2685/2494 1595/1595/1575
f 860/860/857 1045/1045/1033 1073/1073/1061
f 1611/1611/1590 1615/1615/1594 1655/1655/1633
f 1498/1498/1482 669/669/669 249/249/249
f 1546/1546/1526 1296/1296/1283 689/689/688
f 1298/1298/1285 1477/1477/1463 1446/1446/1432
f 1560/1560/1540 495/495/495 57/57/57
f 1439/1439/1425 1443/1443/1429 1657/1657/1635
f 1518/1518/1501 1657/1657/1635 1443/1443/1429
f 1500/1500/1484 770/770/769 755/755/754
f 1272/1272/474 636/636/636 1029/1029/1018
f 1117/1117/1105 1116/1116/1104 771/771/770
f 1582/1582/1562 1650/1650/1628 1234/1234/1222
f 247/247/247 246/246/246 476/476/476
f 1659/1659/1101 1662/1662/1098 1660/1660/1636
f 1662/1662/1098 1669/1669/1115 1663/1663/1638
f 1440/1440/1426 1447/1447/1433 1462/1462/1448
f 1138/1138/1126 307/307/307 1482/1482/1468
f 1543/1543/1523 826/826/824 89/89/89
f 388/388/388 543/543/543 1448/1448/1434
f 890/890/887 604/604/604 726/726/725
f 997/997/988 340/340/340 412/412/412
f 1665/1665/1108 1730/1730/1109 1666/1666/1640
f 1487/1487/1473 1211/1211/1199 488/488/488
f 1444/1444/1430 1441/1441/1427 1660/1660/1636
f 1668/1668/1642 2688/2688/1089 944/944/910
f 1669/1669/1115 1665/1665/1108 1667/1667/1641
f 1670/1670/1618 1676/1676/1175 1462/1462/1448
f 486/486/486 649/649/649 1177/1177/1165
f 298/298/298 297/297/297 783/783/782
f 926/926/723 1028/1028/724 912/912/909
f 1612/1612/1591 1444/1444/1430 1663/1663/1638
f 75/75/75 3/3/3 46/46/46
f 414/414/414 1333/1333/1319 404/404/404
f 1434/1434/1420 1565/1565/1545 1455/1455/1441
f 1218/1218/1206 1336/1336/1322 491/491/491
f 75/75/75 74/74/74 738/738/737
f 1671/1671/1643 1550/1550/1530 1672/1672/1644
f 554/554/554 595/595/595 1632/1632/1611
f 949/949/942 549/549/549 1485/1485/1471
f 1673/1673/1645 1095/1095/1083 1096/1096/1084
f 564/564/564 891/891/888 1672/1672/1644
f 1451/1451/1437 1612/1612/1591 1667/1667/1641
f 1675/1675/1009 884/884/881 886/886/883
f 1676/1676/1175 1659/1659/1101 1661/1661/1637
f 1614/1614/1593 1613/1613/1592 1668/1668/1642
f 1510/1510/1494 1496/1496/1481 1274/1274/1261
f 858/858/722 857/857/855 717/717/716
f 1677/1677/792 1806/1806/794 1678/1678/1647
f 1680/1680/1649 653/653/653 652/652/652
f 1682/1682/1650 1680/1680/1649 1681/1681/1117
f 110/110/110 122/122/122 1684/1684/1651
f 1317/1317/1304 1326/1326/1313 1685/1685/1652
f 1686/1686/1653 1685/1685/1652 1395/1395/1381
f 1326/1326/1313 1691/1691/1658 1687/1687/1654
f 1685/1685/1652 1687/1687/1654 1688/1688/1655
f 1686/1686/1653 1689/1689/1656 1318/1318/1305
f 1689/1689/1656 1412/1412/1398 1322/1322/1309
f 1393/1393/1379 1392/1392/1378 1689/1689/1656
f 1392/1392/1378 1394/1394/1380 1412/1412/1398
f 1347/1347/1333 1692/1692/1659 1690/1690/1657
f 1691/1691/1658 1326/1326/1313 1328/1328/1315
f 1323/1323/1310 1315/1315/1302 1314/1314/1301
f 1692/1692/1659 1347/1347/1333 1349/1349/1335
f 1343/1343/1329 1348/1348/1334 1473/1473/1459
f 1517/1517/1500 1511/1511/1495 300/300/300
f 1693/1693/1660 1349/1349/1335 1564/1564/1544
f 1349/1349/1335 1348/1348/1334 1471/1471/1457
f 1389/1389/1375 1391/1391/1377 1370/1370/1356
f 49/49/49 48/48/48 402/402/402
f 20/20/20 1388/1388/1374 1357/1357/1343
f 1654/1654/1632 344/344/344 346/346/346
f 1381/1381/1367 1696/1696/1663 1694/1694/1661
f 1696/1696/1663 1391/1391/1377 1428/1428/1414
f 1695/1695/1662 1697/1697/1664 1382/1382/1368
f 1697/1697/1664 1713/1713/1680 1548/1548/1528
f 1549/1549/1529 1371/1371/1357 1696/1696/1663
f 1698/1698/1665 1703/1703/1670 1699/1699/1666
f 1700/1700/1667 1699/1699/1666 1701/1701/1668
f 1423/1423/1409 1422/1422/1408 1699/1699/1666
f 1699/1699/1666 1422/1422/1408 1704/1704/1671
f 1700/1700/1667 1706/1706/1673 1705/1705/1672
f 1706/1706/1673 1709/1709/1676 1707/1707/1674
f 1702/1702/1669 1708/1708/1675 1706/1706/1673
f 1708/1708/1675 1797/1797/1760 1709/1709/1676
f 1698/1698/1665 1705/1705/1672 1710/1710/1677
f 1711/1711/1678 1710/1710/1677 1697/1697/1664
f 1705/1705/1672 1707/1707/1674 1712/1712/1679
f 1710/1710/1677 1712/1712/1679 1713/1713/1680
f 1711/1711/1678 1715/1715/1682 1703/1703/1670
f 1703/1703/1670 1715/1715/1682 1714/1714/1681
f 1695/1695/1662 1694/1694/1661 1715/1715/1682
f 1694/1694/1661 1428/1428/1414 1714/1714/1681
f 1716/1716/1683 1559/1559/1539 1252/1252/1240
f 1717/1717/1684 1250/1250/1238 1252/1252/1240
f 1623/1623/1602 1247/1247/1235 1249/1249/1237
f 1717/1717/1684 1623/1623/1602 1618/1618/1597
f 19/19/19 1725/1725/1692 1292/1292/1279
f 1718/1718/1685 1551/1551/1531 1671/1671/1643
f 1556/1556/1536 1618/1618/1597 1619/1619/1598
f 1478/1478/1464 616/616/616 847/847/845
f 351/351/351 846/846/844 1562/1562/1542
f 1719/1719/1686 1557/1557/1537 1553/1553/1533
f 1631/1631/1610 1633/1633/1612 1534/1534/1515
f 1229/1229/1217 1626/1626/1605 1262/1262/1250
f 1580/1580/1560 1229/1229/1217 1591/1591/1571
f 1524/1524/1507 1262/1262/1250 1626/1626/1605
f 1720/1720/1687 1633/1633/1612 1635/1635/1614
f 1722/1722/1689 899/899/896 901/901/898
f 1634/1634/1613 1265/1265/1253 1267/1267/1255
f 1345/1345/1331 478/478/478 1625/1625/1604
f 1721/1721/1688 1635/1635/1614 1723/1723/1690
f 1635/1635/1614 1634/1634/1613 1578/1578/1558
f 1522/1522/1505 1521/1521/1504 1579/1579/1559
f 1521/1521/1504 1573/1573/1553 1575/1575/1555
f 1723/1723/1690 1578/1578/1558 1579/1579/1559
f 1270/1270/1258 1520/1520/1503 1522/1522/1505
f 1573/1573/1553 1521/1521/1504 1724/1724/1691
f 1398/1398/1384 423/423/423 1085/1085/1073
f 1293/1293/1280 1292/1292/1279 1725/1725/1692
f 1643/1643/1622 1312/1312/1299 1569/1569/1549
f 1278/1278/1265 1277/1277/1264 1479/1479/1465
f 1647/1647/1626 1646/1646/1625 1302/1302/1289
f 1724/1724/1691 1520/1520/1503 1647/1647/1626
f 1310/1310/1297 1302/1302/1289 1657/1657/1635
f 1299/1299/1286 1302/1302/1289 1646/1646/1625
f 1458/1458/1444 1439/1439/1425 1301/1301/1288
f 1487/1487/1473 1203/1203/1191 558/558/558
f 1002/1002/993 1377/1377/1363 1281/1281/1268
f 1290/1290/1277 552/552/552 1726/1726/1693
f 1297/1297/1284 1545/1545/1525 1614/1614/1593
f 1727/1727/1694 465/465/465 1728/1728/1695
f 1456/1456/1442 759/759/758 761/761/760
f 159/159/159 1198/1198/1186 1586/1586/1566
f 1729/1729/1092 2689/2689/2493 1461/1461/1447
f 1730/1730/1109 1729/1729/1092 1460/1460/1446
f 1452/1452/1438 1451/1451/1437 1666/1666/1640
f 1644/1644/1623 104/104/104 352/352/352
f 1441/1441/1427 1440/1440/1426 1661/1661/1637
f 1731/1731/1696 1734/1734/1699 1732/1732/1697
f 1734/1734/1699 854/854/852 1128/1128/1116
f 661/661/661 1735/1735/1700 1734/1734/1699
f 1735/1735/1700 795/795/793 854/854/852
f 1733/1733/1698 1732/1732/1697 1736/1736/1701
f 1737/1737/1702 1736/1736/1701 1738/1738/1703
f 1732/1732/1697 1128/1128/1116 791/791/790
f 1736/1736/1701 791/791/790 793/793/791
f 1737/1737/1702 904/904/901 387/387/387
f 1739/1739/1704 38/38/38 904/904/901
f 1733/1733/1698 387/387/387 67/67/67
f 1731/1731/1696 67/67/67 69/69/69
f 86/86/86 567/567/567 1469/1469/1455
f 1542/1542/1522 1469/1469/1455 567/567/567
f 846/846/844 88/88/88 732/732/731
f 1325/1325/1312 172/172/172 1617/1617/1596
f 1068/1068/1056 872/872/869 1285/1285/1272
f 777/777/776 683/683/683 1042/1042/1030
f 1664/1664/1639 857/857/855 1740/1740/1705
f 342/342/342 1645/1645/1624 1037/1037/1025
f 1519/1519/1502 1304/1304/1291 1483/1483/1469
f 331/331/331 330/330/330 1295/1295/1282
f 801/801/799 1516/1516/1499 1621/1621/1600
f 514/514/514 513/513/513 1741/1741/1706
f 697/697/696 383/383/383 385/385/385
f 848/848/846 179/179/179 257/257/257
f 263/263/263 819/819/817 1290/1290/1277
f 1674/1674/1646 1337/1337/1323 518/518/518
f 1590/1590/1570 388/388/388 1491/1491/1476
f 548/548/548 1136/1136/1124 565/565/565
f 1442/1442/1428 1481/1481/1467 1308/1308/1295
f 1464/1464/1450 1051/1051/1039 1050/1050/1038
f 1126/1126/1114 1465/1465/1451 1630/1630/1609
f 1075/1075/1063 158/158/158 1366/1366/1352
f 415/415/415 564/564/564 566/566/566
f 849/849/847 1333/1333/1319 1330/1330/1317
f 821/821/819 411/411/411 339/339/339
f 1211/1211/1199 275/275/275 486/486/486
f 605/605/605 1523/1523/1506 1355/1355/1341
f 1523/1523/1506 605/605/605 1484/1484/1470
f 1530/1530/1511 678/678/678 1215/1215/1203
f 1084/1084/1072 1185/1185/1173 1059/1059/1047
f 1291/1291/1278 727/727/726 596/596/596
f 815/815/813 623/623/623 1280/1280/1267
f 996/996/987 77/77/77 1176/1176/1164
f 343/343/343 342/342/342 1038/1038/1026
f 1409/1409/1395 1172/1172/1160 1071/1071/1059
f 104/104/104 1644/1644/1623 746/746/745
f 1499/1499/1483 300/300/300 1511/1511/1495
f 1735/1735/1700 661/661/661 663/663/663
f 633/633/633 1106/1106/1094 80/80/80
f 1742/1742/1707 2690/2690/2496 1198/1198/1186
f 1198/1198/1186 2690/2690/2496 1743/1743/1708
f 1337/1337/1323 1550/1550/1530 1552/1552/1532
f 561/561/561 985/985/978 1275/1275/1262
f 627/627/627 626/626/626 909/909/906
f 1197/1197/1185 1074/1074/1062 1744/1744/1709
f 1074/1074/1062 905/905/902 907/907/904
f 1745/1745/1710 1747/1747/1712 696/696/695
f 1746/1746/1711 34/34/34 696/696/695
f 697/697/696 36/36/36 1748/1748/1713
f 1748/1748/1713 36/36/36 38/38/38
f 1745/1745/1710 1748/1748/1713 1749/1749/1714
f 1750/1750/1715 1749/1749/1714 953/953/946
f 1739/1739/1704 1738/1738/1703 1749/1749/1714
f 1738/1738/1703 793/793/791 953/953/946
f 1750/1750/1715 1752/1752/1717 1747/1747/1712
f 1747/1747/1712 1752/1752/1717 1751/1751/1716
f 763/763/762 954/954/947 1752/1752/1717
f 1752/1752/1717 954/954/947 1133/1133/1121
f 1753/1753/1718 1756/1756/1721 1188/1188/1176
f 1238/1238/1226 1195/1195/1183 1755/1755/1720
f 1756/1756/1721 1759/1759/1724 1627/1627/1606
f 1754/1754/1719 1240/1240/1228 1757/1757/1722
f 1240/1240/1228 1755/1755/1720 1758/1758/1723
f 1754/1754/1719 1188/1188/1176 1190/1190/1178
f 1753/1753/1718 1757/1757/1722 1680/1680/1649
f 1757/1757/1722 1758/1758/1723 653/653/653
f 1682/1682/1650 1679/1679/1648 1756/1756/1721
f 1679/1679/1648 1678/1678/1647 1759/1759/1724
f 1628/1628/1607 506/506/506 508/508/508
f 1540/1540/1259 1123/1123/1111 1568/1568/1548
f 485/485/485 1105/1105/1093 350/350/350
f 1740/1740/1705 856/856/854 1760/1760/1290
f 49/49/49 1372/1372/1358 1761/1761/1725
f 78/78/78 77/77/77 426/426/426
f 1403/1403/1389 320/320/320 646/646/646
f 734/734/733 154/154/154 570/570/570
f 1131/1131/1119 1632/1632/1611 595/595/595
f 787/787/786 1590/1590/1570 1584/1584/1564
f 374/374/374 902/902/899 1606/1606/1585
f 419/419/419 418/418/418 328/328/328
f 594/594/594 863/863/860 251/251/251
f 1741/1741/1706 704/704/703 163/163/163
f 1650/1650/1628 1766/1766/1730 1762/1762/1726
f 1489/1489/1475 504/504/504 1532/1532/1513
f 1683/1683/851 1677/1677/792 1679/1679/1648
f 1377/1377/1363 490/490/490 492/492/492
f 532/532/532 531/531/531 1761/1761/1725
f 69/69/69 68/68/68 29/29/29
f 1759/1759/1724 1073/1073/1061 1072/1072/1060
f 1763/1763/1727 2686/2686/948 1601/1601/1581
f 1765/1765/1729 1220/1220/1208 1221/1221/1209
f 1629/1629/1608 1767/1767/1731 1766/1766/1730
f 1632/1632/1611 1131/1131/1119 207/207/207
f 617/617/617 620/620/620 928/928/923
f 654/654/654 656/656/656 1767/1767/1731
f 1768/1768/1732 1601/1601/1581 1512/1512/1496
f 1770/1770/1734 1764/1764/1728 1601/1601/1581
f 1769/1769/1733 1512/1512/1496 651/651/651
f 651/651/651 653/653/653 1758/1758/1723
f 1771/1771/1735 1194/1194/1182 1220/1220/1208
f 1771/1771/1735 1758/1758/1723 1755/1755/1720
f 1769/1769/1733 1220/1220/1208 1765/1765/1729
f 1765/1765/1729 1191/1191/1179 1770/1770/1734
f 1772/1772/655 1585/1585/1565 1586/1586/1566
f 1344/1344/1330 1141/1141/1129 1454/1454/1440
f 1773/1773/1736 619/619/619 113/113/113
f 1773/1773/1736 1149/1149/1137 1159/1159/1147
f 1774/1774/1737 1150/1150/1138 1149/1149/1137
f 1775/1775/1738 618/618/618 619/619/619
f 1775/1775/1738 1159/1159/1147 1161/1161/1149
f 1776/1776/1739 1161/1161/1149 1777/1777/1740
f 1779/1779/1742 852/852/850 1780/1780/1743
f 852/852/850 1779/1779/1742 1781/1781/1744
f 1776/1776/1739 614/614/614 618/618/618
f 902/902/899 960/960/953 963/963/956
f 1396/1396/1382 1254/1254/1242 875/875/872
f 431/431/431 1108/1108/1096 27/27/27
f 897/897/894 896/896/893 1600/1600/1580
f 1555/1555/1535 933/933/928 934/934/929
f 752/752/751 1621/1621/1600 1207/1207/1195
f 1216/1216/1204 491/491/491 1435/1435/1421
f 1399/1399/1385 936/936/931 937/937/932
f 10/10/10 1492/1492/1477 1079/1079/1067
f 1433/1433/1419 16/16/16 18/18/18
f 1414/1414/1400 1070/1070/1058 1071/1071/1059
f 541/541/541 540/540/540 1308/1308/1295
f 1199/1199/1187 626/626/626 1467/1467/1453
f 296/296/296 295/295/295 218/218/218
f 12/12/12 338/338/338 1492/1492/1477
f 1400/1400/1386 533/533/533 535/535/535
f 152/152/152 728/728/727 1402/1402/1388
f 1124/1124/1112 777/777/776 403/403/403
f 1217/1217/1205 1029/1029/1018 636/636/636
f 614/614/614 1776/1776/1739 1778/1778/1741
f 868/868/865 784/784/783 869/869/866
f 1774/1774/1737 113/113/113 108/108/108
f 1092/1092/1080 567/567/567 1684/1684/1651
f 982/982/975 1722/1722/1689 738/738/737
f 1783/1783/1746 115/115/115 111/111/111
f 480/480/480 1620/1620/1599 1784/1784/1747
f 1784/1784/1747 443/443/443 454/454/454
f 1620/1620/1599 444/444/444 443/443/443
f 28/28/28 73/73/73 341/341/341
f 1783/1783/1746 454/454/454 456/456/456
f 1782/1782/1745 456/456/456 1150/1150/1138
f 115/115/115 1783/1783/1746 1782/1782/1745
f 1785/1785/1748 1789/1789/1752 1786/1786/1749
f 1507/1507/1491 1559/1559/1539 1788/1788/1751
f 1789/1789/1752 1799/1799/1762 1790/1790/1753
f 1787/1787/1750 1788/1788/1751 1791/1791/1754
f 1788/1788/1751 1793/1793/1756 1792/1792/1755
f 1559/1559/1539 1716/1716/1683 1793/1793/1756
f 1785/1785/1748 1791/1791/1754 1794/1794/1757
f 1795/1795/1758 1794/1794/1757 1708/1708/1675
f 1791/1791/1754 1792/1792/1755 1796/1796/1759
f 1794/1794/1757 1796/1796/1759 1797/1797/1760
f 1795/1795/1758 1798/1798/1761 1789/1789/1752
f 1798/1798/1761 1800/1800/1763 1799/1799/1762
f 1702/1702/1669 1701/1701/1668 1798/1798/1761
f 1701/1701/1668 1704/1704/1671 1800/1800/1763
f 1801/1801/1764 1813/1813/1774 1552/1552/1532
f 931/931/926 630/630/630 629/629/629
f 617/617/617 1007/1007/998 1780/1780/1743
f 1551/1551/1531 1718/1718/1685 1802/1802/1765
f 1718/1718/1685 190/190/190 1803/1803/1766
f 1243/1243/1231 1223/1223/1211 1790/1790/1753
f 1727/1727/1694 1653/1653/1631 1805/1805/1768
f 1223/1223/1211 1624/1624/1603 1786/1786/1749
f 1678/1678/1647 861/861/858 1073/1073/1061
f 444/444/444 1620/1620/1599 1013/1013/1004
f 769/769/768 1076/1076/1064 933/933/928
f 1372/1372/1358 466/466/466 1064/1064/1052
f 1806/1806/794 859/859/856 861/861/858
f 1728/1728/1695 464/464/464 1109/1109/1097
f 1538/1538/1519 934/934/929 1379/1379/1365
f 1492/1492/1477 101/101/101 1080/1080/1068
f 244/244/244 262/262/262 4/4/4
f 1664/1664/1639 1037/1037/1025 1645/1645/1624
f 1241/1241/1229 1246/1246/1234 1807/1807/1769
f 1624/1624/1603 1507/1507/1491 1787/1787/1750
f 1576/1576/1556 48/48/48 709/709/708
f 798/798/796 709/709/708 1809/1809/1771
f 1532/1532/1513 503/503/503 678/678/678
f 413/413/413 628/628/628 630/630/630
f 820/820/818 1034/1034/17 1810/1810/26
f 695/695/694 771/771/770 1116/1116/1104
f 1367/1367/1353 339/339/339 12/12/12
f 1674/1674/1646 1672/1672/1644 1550/1550/1530
f 1186/1186/1174 1075/1075/1063 1493/1493/1478
f 664/664/664 294/294/294 1463/1463/1449
f 95/95/95 1241/1241/1229 1808/1808/1770
f 1726/1726/1693 1584/1584/1564 1066/1066/1054
f 1057/1057/1045 1671/1671/1643 1130/1130/1118
f 1515/1515/1498 1637/1637/1616 1648/1648/1627
f 832/832/830 831/831/829 1284/1284/1271
f 1470/1470/1456 689/689/688 1296/1296/1283
f 258/258/258 257/257/257 179/179/179
f 143/143/143 704/704/703 705/705/704
f 1080/1080/1068 2/2/2 741/741/740
f 1246/1246/1234 1243/1243/1231 1804/1804/1767
f 1544/1544/1524 336/336/336 1213/1213/1201
f 1012/1012/1003 167/167/167 397/397/397
f 1811/1811/1772 1222/1222/1210 467/467/467
f 21/21/21 285/285/285 1725/1725/1692
f 1094/1094/1082 347/347/347 526/526/526
f 301/301/301 1500/1500/1484 754/754/753
f 1812/1812/1773 1814/1814/1775 1808/1808/1770
f 1813/1813/1774 2687/2687/2495 1622/1622/1601
f 1814/1814/1775 1653/1653/1631 1654/1654/1632
f 1807/1807/1769 1804/1804/1767 1815/1815/1776
f 1804/1804/1767 1790/1790/1753 1799/1799/1762
f 1809/1809/1771 597/597/597 728/728/727
f 1812/1812/1773 1815/1815/1776 1816/1816/1777
f 1817/1817/1778 1816/1816/1777 1425/1425/1411
f 1815/1815/1776 1799/1799/1762 1800/1800/1763
f 1816/1816/1777 1800/1800/1763 1704/1704/1671
f 1817/1817/1778 1818/1818/1779 1814/1814/1775
f 1818/1818/1779 1805/1805/1768 1653/1653/1631
f 1419/1419/1405 1418/1418/1404 1818/1818/1779
f 1418/1418/1404 681/681/681 1805/1805/1768
f 1819/1819/1780 1832/1832/1793 1820/1820/1781
f 1822/1822/1783 1912/1912/1867 1823/1823/1784
f 1825/1825/1786 2691/2691/2156 1826/1826/1787
f 1828/1828/1789 2303/2303/2185 1829/1829/1790
f 1831/1831/1792 1897/1897/1856 1821/1821/1782
f 1832/1832/1793 1819/1819/1780 1833/1833/1794
f 1835/1835/1796 1854/1854/1815 1836/1836/1797
f 1838/1838/1799 2156/2156/2091 1839/1839/1800
f 1841/1841/1802 2218/2218/2128 1842/1842/1803
f 1844/1844/1805 1903/1903/1860 1845/1845/1806
f 1847/1847/1808 1901/1901/1859 1848/1848/1809
f 1850/1850/1811 1862/1862/1823 1851/1851/1812
f 1853/1853/1814 2132/2132/2069 1854/1854/1815
f 1855/1855/1816 2137/2137/2073 1856/1856/1817
f 1858/1858/1819 2097/2097/2035 1859/1859/1820
f 1850/1850/1811 2070/2070/2011 1861/1861/1822
f 1863/1863/1824 2278/2278/2062 1864/1864/1825
f 1866/1866/1827 1872/1872/1832 1867/1867/1797
f 1868/1868/1828 1958/1958/1912 1869/1869/1829
f 1866/1866/1827 1869/1869/1829 1870/1870/1830
f 1871/1871/1831 2099/2099/2037 1872/1872/1832
f 1873/1873/1833 2090/2090/2029 1874/1874/1834
f 1857/1857/1818 1856/1856/1817 1876/1876/1836
f 1878/1878/1838 2305/2305/1861 1879/1879/1839
f 1881/1881/1841 2093/2093/2032 1882/1882/1842
f 1884/1884/1844 2017/2017/1971 1885/1885/1845
f 1880/1880/1840 1879/1879/1839 1887/1887/1847
f 1889/1889/1814 2306/2306/2057 1829/1829/1790
f 1891/1891/1850 2142/2142/2078 1892/1892/1851
f 1894/1894/1853 2104/2104/2041 1895/1895/1854
f 1827/1827/1788 1826/1826/1787 1897/1897/1856
f 1898/1898/1857 2069/2069/2010 1899/1899/1858
f 1901/1901/1859 2298/2298/1805 1902/1902/1807
f 1892/1892/1851 1845/1845/1806 1903/1903/1860
f 1904/1904/1861 2237/2237/2141 1905/1905/1862
f 1907/1907/1863 2692/2692/1907 1896/1896/1855
f 1908/1908/1812 2231/2231/2135 1909/1909/1864
f 1911/1911/1866 1916/1916/1871 1828/1828/1789
f 1912/1912/1867 1822/1822/1783 1913/1913/1868
f 1911/1911/1866 1913/1913/1868 1914/1914/1869
f 1915/1915/1870 1918/1918/1873 1916/1916/1871
f 1917/1917/1872 1922/1922/1877 1918/1918/1873
f 1915/1915/1870 1914/1914/1869 1919/1919/1874
f 1917/1917/1872 1919/1919/1874 1920/1920/1875
f 1921/1921/1876 2281/2281/2170 1922/1922/1877
f 1923/1923/1878 1913/1913/1868 1822/1822/1783
f 1924/1924/1879 1932/1932/1887 1925/1925/1880
f 1923/1923/1878 1925/1925/1880 1926/1926/1881
f 1927/1927/1882 1914/1914/1869 1913/1913/1868
f 1928/1928/1883 1919/1919/1874 1914/1914/1869
f 1928/1928/1883 1927/1927/1882 1926/1926/1881
f 1929/1929/1884 1940/1940/1895 1930/1930/1885
f 1928/1928/1883 1930/1930/1885 1920/1920/1875
f 1931/1931/1886 1925/1925/1880 1932/1932/1887
f 1933/1933/1888 2182/2182/2106 1934/1934/1889
f 1931/1931/1886 1934/1934/1889 1935/1935/1890
f 1936/1936/1891 1926/1926/1881 1925/1925/1880
f 1929/1929/1884 1926/1926/1881 1936/1936/1891
f 1937/1937/1892 1936/1936/1891 1935/1935/1890
f 1938/1938/1893 2235/2235/2139 1939/1939/1894
f 1937/1937/1892 1939/1939/1894 1940/1940/1895
f 1941/1941/1896 1945/1945/1900 1942/1942/1897
f 1943/1943/1898 2091/2091/2030 1873/1873/1833
f 1941/1941/1896 1873/1873/1833 1875/1875/1835
f 1944/1944/1899 2273/2273/2165 1945/1945/1900
f 1946/1946/1901 2273/2273/2165 1944/1944/1899
f 1947/1947/1902 1944/1944/1899 1875/1875/1835
f 1948/1948/1903 1956/1956/1910 1949/1949/1904
f 1947/1947/1902 1949/1949/1904 1950/1950/1905
f 1951/1951/1906 2277/2277/1853 1952/1952/1855
f 1954/1954/1908 2257/2257/2097 1955/1955/1909
f 1957/1957/1911 1869/1869/1829 1958/1958/1912
f 1959/1959/1913 2693/2693/2092 1960/1960/1914
f 1957/1957/1911 1960/1960/1914 1961/1961/1915
f 1962/1962/1916 1870/1870/1830 1869/1869/1829
f 1963/1963/1917 2242/2242/1972 1964/1964/1918
f 1966/1966/1920 1971/1971/1925 1847/1847/1808
f 1967/1967/1921 1978/1978/1932 1968/1968/1922
f 1966/1966/1920 1968/1968/1922 1969/1969/1923
f 1970/1970/1924 2296/2296/2180 1971/1971/1925
f 1972/1972/1926 2296/2296/2180 1970/1970/1924
f 1973/1973/1927 1970/1970/1924 1969/1969/1923
f 1974/1974/1928 1986/1986/1940 1975/1975/1929
f 1973/1973/1927 1975/1975/1929 1976/1976/1930
f 1977/1977/1931 1968/1968/1922 1978/1978/1932
f 1979/1979/1933 1988/1988/1942 1980/1980/1934
f 1977/1977/1931 1980/1980/1934 1981/1981/1935
f 1982/1982/1936 1969/1969/1923 1968/1968/1922
f 1983/1983/1937 1974/1974/1928 1969/1969/1923
f 1982/1982/1936 1981/1981/1935 1984/1984/1938
f 1984/1984/1938 1997/1997/1951 1985/1985/1939
f 1983/1983/1937 1985/1985/1939 1986/1986/1940
f 1987/1987/1941 1980/1980/1934 1988/1988/1942
f 1989/1989/1943 2218/2218/2128 1990/1990/1944
f 1987/1987/1941 1990/1990/1944 1991/1991/1945
f 1992/1992/1946 1981/1981/1935 1980/1980/1934
f 1993/1993/1947 1984/1984/1938 1981/1981/1935
f 1992/1992/1946 1991/1991/1945 1994/1994/1948
f 1993/1993/1947 1994/1994/1948 1995/1995/1949
f 1993/1993/1947 1996/1996/1950 1997/1997/1951
f 1998/1998/1952 2004/2004/1958 1999/1999/1953
f 2000/2000/1954 2276/2276/2147 2001/2001/1955
f 1998/1998/1952 2001/2001/1955 2002/2002/1956
f 2003/2003/1957 2006/2006/1960 2004/2004/1958
f 2005/2005/1959 2010/2010/1964 2006/2006/1960
f 2003/2003/1957 2002/2002/1956 2007/2007/1961
f 2005/2005/1959 2007/2007/1961 2008/2008/1962
f 2009/2009/1963 2201/2201/2118 2010/2010/1964
f 2011/2011/1965 2105/2105/2042 2012/2012/1966
f 2011/2011/1965 2013/2013/1967 2014/2014/1968
f 2016/2016/1970 2127/2127/2064 2017/2017/1971
f 2018/2018/1972 2095/2095/1917 2019/2019/1973
f 2021/2021/1975 2291/2291/2177 2022/2022/1976
f 2023/2023/1977 2022/2022/1976 1837/1837/1798
f 2024/2024/1978 2189/2189/2036 2025/2025/1819
f 2023/2023/1977 2025/2025/1819 2026/2026/1821
f 2027/2027/1979 2033/2033/1983 2028/2028/1980
f 2029/2029/1981 2037/2037/1962 2030/2030/1961
f 2027/2027/1979 2030/2030/1961 2031/2031/1956
f 2032/2032/1982 2155/2155/2090 2033/2033/1983
f 2034/2034/1984 2038/2038/1987 2035/2035/1985
f 1838/1838/1799 1840/1840/1801 2036/2036/1986
f 2034/2034/1984 2036/2036/1986 2037/2037/1962
f 2029/2029/1981 2028/2028/1980 2038/2038/1987
f 2039/2039/1988 2045/2045/1993 2040/2040/1966
f 2041/2041/1989 2694/2694/2497 2042/2042/1990
f 2039/2039/1988 2042/2042/1990 2043/2043/1991
f 2044/2044/1992 2153/2153/2088 2045/2045/1993
f 2046/2046/1994 2149/2149/2084 2047/2047/1995
f 2048/2048/1996 2047/2047/1995 2049/2049/1997
f 2050/2050/1998 2058/2058/1782 2051/2051/1856
f 2048/2048/1996 2051/2051/1856 2052/2052/1787
f 2050/2050/1998 2049/2049/1997 2053/2053/1999
f 2054/2054/2000 2053/2053/1999 2055/2055/2001
f 2056/2056/2002 2064/2064/1794 2057/2057/1780
f 2054/2054/2000 2057/2057/1780 2058/2058/1782
f 2056/2056/2002 2055/2055/2001 2059/2059/2003
f 2060/2060/2004 2059/2059/2003 2061/2061/2005
f 2062/2062/2006 2293/2293/2103 2063/2063/2007
f 2060/2060/2004 2063/2063/2007 2064/2064/1794
f 2065/2065/1865 2129/2129/2066 1852/1852/1813
f 2066/2066/2008 2695/2695/1841 2067/2067/1843
f 2069/2069/2010 1898/1898/1857 1910/1910/1865
f 2070/2070/2011 2208/2208/1824 2071/2071/1826
f 2072/2072/2012 2078/2078/2018 2073/2073/2013
f 2074/2074/2014 2080/2080/2020 2075/2075/2015
f 2072/2072/2012 2075/2075/2015 2076/2076/2016
f 2077/2077/2017 2288/2288/2174 2078/2078/2018
f 2079/2079/2019 2075/2075/2015 2080/2080/2020
f 2081/2081/2021 2139/2139/2075 2082/2082/2022
f 2079/2079/2019 2082/2082/2022 2083/2083/2023
f 2084/2084/2024 2076/2076/2016 2075/2075/2015
f 2082/2082/2022 2139/2139/2075 2085/2085/2025
f 2086/2086/2026 2085/2085/2025 2014/2014/1968
f 2086/2086/2026 2087/2087/2027 2088/2088/1803
f 2089/2089/2028 2083/2083/2023 2082/2082/2022
f 2090/2090/2029 1873/1873/1833 2091/2091/2030
f 2093/2093/2032 2122/2122/2059 2094/2094/2033
f 2095/2095/1917 2168/2168/2100 2096/2096/2034
f 2097/2097/2035 1858/1858/1819 2098/2098/2036
f 2100/2100/2038 2136/2136/2072 2101/2101/1834
f 2103/2103/2040 2221/2221/2129 2104/2104/2041
f 1888/1888/1848 2106/2106/2043 2105/2105/2042
f 2106/2106/2043 1951/1951/1906 2107/2107/2044
f 2108/2108/2045 2152/2152/2087 2109/2109/2046
f 2111/2111/2048 1857/1857/1818 1877/1877/1837
f 2113/2113/2050 1855/1855/1816 1857/1857/1818
f 2114/2114/2051 2696/2696/1972 2115/2115/2052
f 2117/2117/2054 2145/2145/2081 2118/2118/2055
f 2120/2120/2057 1853/1853/1814 1835/1835/1796
f 2122/2122/2059 2093/2093/2032 2123/2123/2060
f 1878/1878/1838 2138/2138/2074 2112/2112/2049
f 2125/2125/2062 2208/2208/1824 1891/1891/1850
f 2110/2110/2047 2017/2017/1971 2127/2127/2064
f 2128/2128/2065 2130/2130/2067 1852/1852/1813
f 1850/1850/1811 1852/1852/1813 2130/2130/2067
f 2132/2132/2069 2114/2114/2051 2116/2116/2053
f 2129/2129/2066 1855/1855/1816 2113/2113/2050
f 2102/2102/2039 2101/2101/1834 2133/2133/2029
f 2135/2135/2071 2169/2169/1908 2136/2136/2072
f 2122/2122/2059 1884/1884/1844 1886/1886/1846
f 2129/2129/2066 2065/2065/1865 2137/2137/2073
f 2015/2015/1969 2014/2014/1968 2085/2085/2025
f 2138/2138/2074 2085/2085/2025 2139/2139/2075
f 2119/2119/2056 2167/2167/2099 2140/2140/2076
f 2112/2112/2049 2139/2139/2075 2081/2081/2021
f 2081/2081/2021 2080/2080/2020 2113/2113/2050
f 2131/2131/2068 2130/2130/2067 2073/2073/2013
f 2141/2141/2077 1892/1892/1851 2142/2142/2078
f 2126/2126/2063 1891/1891/1850 1893/1893/1852
f 2143/2143/2079 2157/2157/2092 2096/2096/2034
f 2138/2138/2074 1878/1878/1838 1880/1880/1840
f 2140/2140/2076 2291/2291/2177 2144/2144/2080
f 2117/2117/2054 2144/2144/2080 2061/2061/2005
f 2145/2145/2081 2061/2061/2005 2059/2059/2003
f 2146/2146/2082 2059/2059/2003 2055/2055/2001
f 2147/2147/2083 1881/1881/1841 2148/2148/2008
f 2147/2147/2083 2055/2055/2001 2053/2053/1999
f 2123/2123/2060 2053/2053/1999 2049/2049/1997
f 2118/2118/2055 2145/2145/2081 2146/2146/2082
f 2108/2108/2045 2127/2127/2064 2149/2149/2084
f 2108/2108/2045 2150/2150/2085 2151/2151/2086
f 2000/2000/1954 1999/1999/1953 2153/2153/2088
f 2154/2154/2089 2035/2035/1985 2038/2038/1987
f 2134/2134/2070 2038/2038/1987 2028/2028/1980
f 2102/2102/2039 2028/2028/1980 2033/2033/1983
f 2100/2100/2038 2033/2033/1983 2155/2155/2090
f 2035/2035/1985 2207/2207/2086 2156/2156/2091
f 2019/2019/1973 2096/2096/2034 2157/2157/2092
f 2158/2158/1913 2697/2697/2498 2020/2020/1974
f 1951/1951/1906 1953/1953/1907 2159/2159/2093
f 2015/2015/1969 1880/1880/1840 1888/1888/1848
f 2116/2116/2053 2115/2115/2052 2160/2160/1912
f 2161/2161/2094 1836/1836/1797 1854/1854/1815
f 2123/2123/2060 2093/2093/2032 1881/1881/1841
f 2092/2092/2031 2091/2091/2030 2162/2162/2095
f 2164/2164/2096 2209/2209/2124 2165/2165/2097
f 2121/2121/2058 2140/2140/2076 2167/2167/2099
f 2168/2168/2100 2125/2125/2062 2126/2126/2063
f 2169/2169/1908 2135/2135/2071 2166/2166/2098
f 2170/2170/2100 1963/1963/1917 1965/1965/1919
f 2017/2017/1971 2110/2110/2047 2172/2172/2102
f 2173/2173/2046 2206/2206/2123 2154/2154/2089
f 2175/2175/2103 2187/2187/2108 2176/2176/2104
f 1889/1889/1814 1890/1890/1849 2178/2178/2105
f 1943/1943/1898 1942/1942/1897 2180/2180/1845
f 2182/2182/2106 1933/1933/1888 2183/2183/1842
f 1924/1924/1879 1822/1822/1783 1824/1824/1785
f 1837/1837/1798 1836/1836/1797 2185/2185/1832
f 1933/1933/1888 1932/1932/1887 2067/2067/1843
f 2186/2186/2107 2195/2195/2112 2187/2187/2108
f 2024/2024/1978 2185/2185/1832 2188/2188/2037
f 2190/2190/2099 2307/2307/2056 1823/1823/1784
f 2191/2191/2040 2106/2106/2043 1888/1888/1848
f 2162/2162/2095 2091/2091/2030 1943/1943/1898
f 1912/1912/1867 1828/1828/1789 1830/1830/1791
f 2192/2192/2109 1976/1976/1930 1975/1975/1929
f 2193/2193/2110 1975/1975/1929 1986/1986/1940
f 2194/2194/2111 2187/2187/2108 2195/2195/2112
f 2193/2193/2110 2195/2195/2112 1859/1859/1820
f 2194/2194/2111 1986/1986/1940 1985/1985/1939
f 2196/2196/2113 1985/1985/1939 1997/1997/1951
f 2197/2197/2114 1834/1834/1795 2176/2176/2104
f 2196/2196/2113 2176/2176/2104 2187/2187/2108
f 2197/2197/2114 1997/1997/1951 1996/1996/1950
f 2198/2198/2115 1996/1996/1950 1995/1995/1949
f 2199/2199/2116 1820/1820/1781 1832/1832/1793
f 2198/2198/2115 1832/1832/1793 1834/1834/1795
f 2200/2200/2117 2203/2203/2120 2201/2201/2118
f 2009/2009/1963 2008/2008/1962 2202/2202/2119
f 2202/2202/2119 2286/2286/1801 1825/1825/1786
f 2200/2200/2117 1825/1825/1786 1827/1827/1788
f 2135/2135/2071 2155/2155/2090 2204/2204/2121
f 2166/2166/2098 2204/2204/2121 2205/2205/2122
f 2035/2035/1985 2154/2154/2089 2206/2206/2123
f 2208/2208/1824 2070/2070/2011 2142/2142/2078
f 1884/1884/1844 2122/2122/2059 2124/2124/2061
f 2209/2209/2124 2164/2164/2096 2210/2210/2093
f 2131/2131/2068 2142/2142/2078 2070/2070/2011
f 2212/2212/2055 2066/2066/2008 2068/2068/2009
f 2213/2213/2125 2241/2241/2051 2179/2179/2069
f 2214/2214/2126 2217/2217/1914 2157/2157/2092
f 2214/2214/2126 2143/2143/2079 1893/1893/1852
f 1903/1903/1860 1844/1844/1805 2215/2215/2127
f 2214/2214/2126 2215/2215/2127 2216/2216/1915
f 2218/2218/2128 1989/1989/1943 2219/2219/2028
f 2220/2220/1847 2248/2248/2150 2221/2221/2129
f 1979/1979/1933 1978/1978/1932 2222/2222/2016
f 1989/1989/1943 1988/1988/1942 2224/2224/2023
f 1978/1978/1932 1967/1967/1921 2225/2225/2017
f 1967/1967/1921 1847/1847/1808 1849/1849/1810
f 2226/2226/2130 2252/2252/2152 2205/2205/2122
f 1988/1988/1942 1979/1979/1933 2223/2223/2024
f 2228/2228/2132 2281/2281/2170 1921/1921/1876
f 2229/2229/2133 1921/1921/1876 1920/1920/1875
f 2230/2230/2134 2069/2069/2010 1909/1909/1864
f 2229/2229/2133 1909/1909/1864 2231/2231/2135
f 2230/2230/2134 1920/1920/1875 1930/1930/1885
f 2232/2232/2136 1930/1930/1885 1940/1940/1895
f 2233/2233/2137 2238/2238/2142 1899/1899/1858
f 2232/2232/2136 1899/1899/1858 2069/2069/2010
f 2233/2233/2137 1940/1940/1895 1939/1939/1894
f 2234/2234/2138 1939/1939/1894 2235/2235/2139
f 2236/2236/2140 1905/1905/1862 2237/2237/2141
f 2234/2234/2138 2237/2237/2141 2238/2238/2142
f 2239/2239/2143 1950/1950/1905 1949/1949/1904
f 2240/2240/2144 1949/1949/1904 1956/1956/1910
f 1955/1955/1909 1895/1895/1854 2104/2104/2041
f 2240/2240/2144 2104/2104/2041 2221/2221/2129
f 1948/1948/1903 2308/2308/2072 1954/1954/1908
f 2241/2241/2051 2213/2213/2125 1964/1964/1918
f 2243/2243/2145 2204/2204/2121 2155/2155/2090
f 2032/2032/1982 2031/2031/1956 2244/2244/2146
f 2243/2243/2145 2244/2244/2146 2245/2245/2147
f 2227/2227/2131 2205/2205/2122 2204/2204/2121
f 2236/2236/2140 2235/2235/2139 2246/2246/2148
f 2247/2247/2149 2246/2246/2148 1950/1950/1905
f 2239/2239/2143 2221/2221/2129 2248/2248/2150
f 2247/2247/2149 2248/2248/2150 1905/1905/1862
f 2249/2249/1822 1865/1865/1826 2250/2250/2151
f 2252/2252/2152 2210/2210/2093 2164/2164/2096
f 2199/2199/2116 1995/1995/1949 2253/2253/2153
f 2254/2254/2154 2253/2253/2153 2201/2201/2118
f 2203/2203/2120 1827/1827/1788 1831/1831/1792
f 2254/2254/2154 1831/1831/1792 1820/1820/1781
f 1942/1942/1897 2275/2275/2167 2255/2255/1846
f 2124/2124/2061 2049/2049/1997 2047/2047/1995
f 2016/2016/1970 2047/2047/1995 2149/2149/2084
f 2110/2110/2047 2109/2109/2046 2256/2256/2095
f 1895/1895/1854 1955/1955/1909 2257/2257/2097
f 2258/2258/2091 2151/2151/2086 2150/2150/2085
f 2259/2259/2155 2150/2150/2085 2149/2149/2084
f 2046/2046/1994 2052/2052/1787 2260/2260/2156
f 2259/2259/2155 2260/2260/2156 2261/2261/2157
f 2262/2262/2158 2265/2265/2027 2263/2263/1968
f 2264/2264/1967 2040/2040/1966 2045/2045/1993
f 2262/2262/2158 2045/2045/1993 2153/2153/2088
f 1843/1843/1804 1842/1842/1803 2265/2265/2027
f 2107/2107/2044 2159/2159/2093 2266/2266/2159
f 2267/2267/1989 2012/2012/1966 2105/2105/2042
f 2268/2268/2160 1994/1994/1948 1991/1991/1945
f 2269/2269/2161 2006/2006/1960 2010/2010/1964
f 2268/2268/2160 2010/2010/1964 2201/2201/2118
f 2253/2253/2153 1995/1995/1949 1994/1994/1948
f 2270/2270/2162 1990/1990/1944 2218/2218/2128
f 1841/1841/1802 1999/1999/1953 2004/2004/1958
f 2270/2270/2162 2004/2004/1958 2006/2006/1960
f 2269/2269/2161 1991/1991/1945 1990/1990/1944
f 1938/1938/1893 1935/1935/1890 2271/2271/2163
f 2272/2272/2164 2271/2271/2163 2273/2273/2165
f 1946/1946/1901 1950/1950/1905 2246/2246/2148
f 2272/2272/2164 2246/2246/2148 2235/2235/2139
f 2274/2274/2166 1934/1934/1889 2182/2182/2106
f 2275/2275/2167 1942/1942/1897 1945/1945/1900
f 2274/2274/2166 1945/1945/1900 2273/2273/2165
f 2271/2271/2163 1935/1935/1890 1934/1934/1889
f 2276/2276/2147 2000/2000/1954 2044/2044/1992
f 1999/1999/1953 1841/1841/1802 1843/1843/1804
f 2106/2106/2043 2191/2191/2040 2277/2277/1853
f 2278/2278/2062 2170/2170/2100 2171/2171/2101
f 2195/2195/2112 2186/2186/2107 1860/1860/1821
f 2177/2177/2007 2176/2176/2104 1834/1834/1795
f 1864/1864/1825 2171/2171/2101 2279/2279/2168
f 2280/2280/2169 2279/2279/2168 2281/2281/2170
f 2228/2228/2132 2231/2231/2135 2250/2250/2151
f 2280/2280/2169 2250/2250/2151 1865/1865/1826
f 2282/2282/1836 2238/2238/2142 2237/2237/2141
f 1900/1900/1817 1899/1899/1858 2238/2238/2142
f 1871/1871/1831 1870/1870/1830 2283/2283/2171
f 2284/2284/2172 2283/2283/2171 1976/1976/1930
f 2192/2192/2109 1859/1859/1820 2097/2097/2035
f 2284/2284/2172 2097/2097/2035 2099/2099/2037
f 2275/2275/2167 2182/2182/2106 2184/2184/2033
f 2285/2285/2157 2691/2691/2156 1825/1825/1786
f 2121/2121/2058 1835/1835/1796 1837/1837/1798
f 2022/2022/1976 2291/2291/2177 2140/2140/2076
f 2128/2128/2065 2113/2113/2050 2080/2080/2020
f 2074/2074/2014 2073/2073/2013 2130/2130/2067
f 1845/1845/1806 1892/1892/1851 2141/2141/2077
f 2141/2141/2077 2073/2073/2013 2078/2078/2018
f 2287/2287/2173 2078/2078/2018 2288/2288/2174
f 2287/2287/2173 2289/2289/2175 1846/1846/1807
f 2062/2062/2006 2061/2061/2005 2144/2144/2080
f 2290/2290/2176 2144/2144/2080 2291/2291/2177
f 2021/2021/1975 2026/2026/1821 2292/2292/2107
f 2290/2290/2176 2292/2292/2107 2293/2293/2103
f 1962/1962/1916 1961/1961/1915 2294/2294/2178
f 2295/2295/2179 2294/2294/2178 2296/2296/2180
f 1972/1972/1926 1976/1976/1930 2283/2283/2171
f 2295/2295/2179 2283/2283/2171 1870/1870/1830
f 2297/2297/2181 2299/2299/2127 2298/2298/1805
f 1901/1901/1859 1847/1847/1808 1971/1971/1925
f 2297/2297/2181 1971/1971/1925 2296/2296/2180
f 2294/2294/2178 1961/1961/1915 2299/2299/2127
f 2300/2300/2182 1965/1965/1919 1964/1964/1918
f 2301/2301/2183 1918/1918/1873 1922/1922/1877
f 1922/1922/1877 2281/2281/2170 2279/2279/2168
f 2300/2300/2182 2279/2279/2168 2171/2171/2101
f 2302/2302/2184 2213/2213/2125 2178/2178/2105
f 2303/2303/2185 1828/1828/1789 1916/1916/1871
f 2302/2302/2184 1916/1916/1871 1918/1918/1873
f 2301/2301/2183 1964/1964/1918 2213/2213/2125
f 2304/2304/1991 2226/2226/2130 2227/2227/2131
f 2248/2248/2150 2220/2220/1847 1906/1906/1839
f 1877/1877/1837 1876/1876/1836 2305/2305/1861
f 2306/2306/2057 2190/2190/2099 1830/1830/1791
f 2307/2307/2056 2212/2212/2055 1824/1824/1785
f 1875/1875/1835 1874/1874/1834 2308/2308/2072
f 2303/2303/2185 2178/2178/2105 1890/1890/1849
f 1932/1932/1887 1924/1924/1879 2068/2068/2009
f 2309/2309/2186 2543/2543/2368 2310/2310/2187
f 2312/2312/2189 2657/2657/2474 2313/2313/2190
f 2315/2315/2192 2600/2600/2354 2316/2316/2193
f 2318/2318/2195 2324/2324/2201 2319/2319/2196
f 2321/2321/2198 2606/2606/2455 2322/2322/2199
f 2324/2324/2201 2309/2309/2186 2311/2311/2188
f 2325/2325/2202 2485/2485/2358 2326/2326/2203
f 2328/2328/2205 2628/2628/2467 2329/2329/2206
f 2331/2331/2208 2341/2341/2218 2332/2332/2209
f 2333/2333/2210 2336/2336/2213 2334/2334/2211
f 2335/2335/2212 2383/2383/2260 2336/2336/2213
f 2333/2333/2210 2332/2332/2209 2337/2337/2214
f 2338/2338/2215 2680/2680/2380 2339/2339/2216
f 2340/2340/2217 2332/2332/2209 2341/2341/2218
f 2342/2342/2219 2337/2337/2214 2332/2332/2209
f 2340/2340/2217 2339/2339/2216 2343/2343/2220
f 2344/2344/2221 2575/2575/2434 2345/2345/2222
f 2347/2347/2224 2538/2538/2403 2348/2348/2225
f 2350/2350/2227 2354/2354/2231 2351/2351/2228
f 2353/2353/2230 2662/2662/2484 2354/2354/2231
f 2350/2350/2227 2356/2356/2233 2355/2355/2232
f 2352/2352/2229 2676/2676/2411 2356/2356/2233
f 2357/2357/2234 2317/2317/2194 2358/2358/2235
f 2329/2329/2206 2455/2455/2329 2360/2360/2237
f 2362/2362/2239 2366/2366/2243 2363/2363/2240
f 2365/2365/2242 2698/2698/2499 2366/2366/2243
f 2362/2362/2239 2368/2368/2245 2367/2367/2244
f 2364/2364/2241 2373/2373/2250 2368/2368/2245
f 2369/2369/2246 2372/2372/2249 2370/2370/2247
f 2364/2364/2241 2363/2363/2240 2372/2372/2249
f 2369/2369/2246 2374/2374/2251 2373/2373/2250
f 2371/2371/2248 2637/2637/2472 2374/2374/2251
f 2375/2375/2252 2631/2631/2470 2376/2376/2253
f 2378/2378/2255 2334/2334/2211 2336/2336/2213
f 2379/2379/2256 2382/2382/2259 2380/2380/2257
f 2381/2381/2258 2569/2569/2428 2382/2382/2259
f 2379/2379/2256 2336/2336/2213 2383/2383/2260
f 2384/2384/2208 2392/2392/2268 2385/2385/2261
f 2387/2387/2263 2674/2674/2490 2388/2388/2264
f 2344/2344/2221 2346/2346/2223 2390/2390/2266
f 2392/2392/2268 2394/2394/2255 2393/2393/2269
f 2394/2394/2255 2622/2622/2257 2395/2395/2270
f 2396/2396/2271 2384/2384/2208 2386/2386/2262
f 2398/2398/2215 2396/2396/2271 2397/2397/2272
f 2391/2391/2267 2390/2390/2266 2400/2400/2274
f 2402/2402/2276 2438/2438/2312 2403/2403/2277
f 2404/2404/2278 2403/2403/2277 2405/2405/2279
f 2407/2407/2281 2449/2449/2323 2405/2405/2279
f 2408/2408/2282 2438/2438/2312 2409/2409/2283
f 2411/2411/2285 2513/2513/2379 2412/2412/2286
f 2414/2414/2288 2470/2470/2344 2415/2415/2289
f 2416/2416/2290 2469/2469/2343 2410/2410/2284
f 2417/2417/2291 2580/2580/2439 2418/2418/2292
f 2411/2411/2285 2413/2413/2287 2420/2420/2294
f 2359/2359/2236 2358/2358/2235 2421/2421/2295
f 2423/2423/2297 2447/2447/2321 2424/2424/2298
f 2320/2320/2197 2319/2319/2196 2426/2426/2300
f 2428/2428/2302 2544/2544/2408 2429/2429/2303
f 2431/2431/2305 2434/2434/2308 2432/2432/2306
f 2434/2434/2308 2437/2437/2311 2435/2435/2309
f 2436/2436/2310 2631/2631/2470 2435/2435/2309
f 2407/2407/2281 2403/2403/2277 2438/2438/2312
f 2439/2439/2313 2443/2443/2317 2440/2440/2314
f 2442/2442/2316 2602/2602/2453 2443/2443/2317
f 2439/2439/2313 2445/2445/2319 2444/2444/2318
f 2441/2441/2315 2699/2699/2244 2445/2445/2319
f 2446/2446/2320 2457/2457/2331 2447/2447/2321
f 2449/2449/2323 2446/2446/2320 2448/2448/2322
f 2450/2450/2324 2462/2462/2336 2451/2451/2325
f 2452/2452/2326 2451/2451/2325 2453/2453/2327
f 2455/2455/2329 2541/2541/2406 2456/2456/2330
f 2385/2385/2261 2393/2393/2269 2457/2457/2331
f 2458/2458/2332 2582/2582/2441 2459/2459/2333
f 2461/2461/2335 2585/2585/2444 2451/2451/2325
f 2463/2463/2337 2461/2461/2335 2462/2462/2336
f 2465/2465/2339 2562/2562/2421 2460/2460/2334
f 2462/2462/2336 2450/2450/2324 2466/2466/2340
f 2467/2467/2341 2431/2431/2305 2433/2433/2307
f 2469/2469/2343 2416/2416/2290 2415/2415/2289
f 2471/2471/2345 2321/2321/2198 2323/2323/2200
f 2473/2473/2347 2650/2650/2478 2474/2474/2348
f 2430/2430/2304 2429/2429/2303 2475/2475/2349
f 2476/2476/2350 2560/2560/2419 2477/2477/2351
f 2478/2478/2352 2481/2481/2355 2479/2479/2353
f 2480/2480/2354 2700/2700/2192 2481/2481/2355
f 2478/2478/2352 2477/2477/2351 2482/2482/2345
f 2483/2483/2356 2467/2467/2341 2468/2468/2342
f 2325/2325/2202 2541/2541/2406 2484/2484/2357
f 2416/2416/2290 2545/2545/2409 2486/2486/2359
f 2487/2487/2360 2491/2491/2291 2488/2488/2293
f 2490/2490/2207 2701/2701/2458 2491/2491/2291
f 2487/2487/2360 2493/2493/2363 2492/2492/2362
f 2489/2489/2361 2619/2619/2464 2493/2493/2363
f 2494/2494/2364 2549/2549/2412 2495/2495/2365
f 2496/2496/2366 2499/2499/2369 2497/2497/2367
f 2498/2498/2368 2506/2506/2186 2499/2499/2369
f 2496/2496/2366 2495/2495/2365 2500/2500/2189
f 2501/2501/2370 2497/2497/2367 2499/2499/2369
f 2502/2502/2371 2505/2505/2373 2503/2503/2372
f 2504/2504/2201 2512/2512/2195 2505/2505/2373
f 2502/2502/2371 2499/2499/2369 2506/2506/2186
f 2507/2507/2374 2503/2503/2372 2505/2505/2373
f 2508/2508/2375 2511/2511/2378 2509/2509/2376
f 2510/2510/2377 2669/2669/2455 2511/2511/2378
f 2508/2508/2375 2505/2505/2373 2512/2512/2195
f 2415/2415/2289 2486/2486/2359 2513/2513/2379
f 2514/2514/2380 2398/2398/2215 2399/2399/2273
f 2516/2516/2382 2663/2663/2485 2517/2517/2383
f 2519/2519/2384 2523/2523/2388 2520/2520/2385
f 2522/2522/2387 2527/2527/2392 2523/2523/2388
f 2519/2519/2384 2525/2525/2390 2524/2524/2389
f 2521/2521/2386 2665/2665/2482 2525/2525/2390
f 2526/2526/2391 2529/2529/2394 2527/2527/2392
f 2528/2528/2393 2546/2546/2410 2529/2529/2394
f 2526/2526/2391 2531/2531/2396 2530/2530/2395
f 2522/2522/2387 2524/2524/2389 2531/2531/2396
f 2532/2532/2397 2546/2546/2410 2528/2528/2393
f 2533/2533/2398 2536/2536/2401 2534/2534/2399
f 2533/2533/2398 2537/2537/2402 2535/2535/2400
f 2528/2528/2393 2530/2530/2395 2537/2537/2402
f 2538/2538/2403 2514/2514/2380 2515/2515/2381
f 2493/2493/2363 2650/2650/2478 2539/2539/2404
f 2540/2540/2405 2484/2484/2357 2541/2541/2406
f 2459/2459/2333 2426/2426/2300 2542/2542/2407
f 2543/2543/2368 2312/2312/2189 2314/2314/2191
f 2465/2465/2339 2542/2542/2407 2544/2544/2408
f 2409/2409/2283 2590/2590/2446 2545/2545/2409
f 2310/2310/2187 2314/2314/2191 2429/2429/2303
f 2546/2546/2410 2532/2532/2397 2381/2381/2258
f 2547/2547/2411 2560/2560/2419 2476/2476/2350
f 2549/2549/2412 2637/2637/2472 2550/2550/2413
f 2552/2552/2254 2638/2638/2253 2456/2456/2330
f 2501/2501/2370 2503/2503/2372 2367/2367/2244
f 2503/2503/2372 2507/2507/2374 2554/2554/2319
f 2509/2509/2376 2561/2561/2420 2555/2555/2416
f 2557/2557/2417 2702/2702/2287 2558/2558/2286
f 2560/2560/2419 2547/2547/2411 2555/2555/2416
f 2507/2507/2374 2509/2509/2376 2556/2556/2318
f 2562/2562/2421 2465/2465/2339 2428/2428/2302
f 2518/2518/2274 2421/2421/2295 2564/2564/2423
f 2520/2520/2385 2343/2343/2220 2565/2565/2424
f 2551/2551/2414 2550/2550/2413 2567/2567/2426
f 2569/2569/2428 2381/2381/2258 2532/2532/2397
f 2527/2527/2392 2529/2529/2394 2335/2335/2212
f 2570/2570/2429 2679/2679/2224 2571/2571/2430
f 2419/2419/2293 2418/2418/2292 2573/2573/2432
f 2566/2566/2425 2565/2565/2424 2575/2575/2434
f 2534/2534/2399 2574/2574/2433 2573/2573/2432
f 2576/2576/2435 2635/2635/2263 2577/2577/2436
f 2578/2578/2437 2581/2581/2440 2579/2579/2438
f 2580/2580/2439 2703/2703/2489 2581/2581/2440
f 2578/2578/2437 2577/2577/2436 2418/2418/2292
f 2454/2454/2328 2453/2453/2327 2582/2582/2441
f 2583/2583/2442 2670/2670/2357 2475/2475/2349
f 2468/2468/2342 2660/2660/2483 2425/2425/2299
f 2584/2584/2443 2463/2463/2337 2464/2464/2338
f 2585/2585/2444 2609/2609/2457 2453/2453/2327
f 2553/2553/2415 2325/2325/2202 2327/2327/2204
f 2353/2353/2230 2355/2355/2232 2412/2412/2286
f 2422/2422/2296 2704/2704/2449 2587/2587/2417
f 2582/2582/2441 2427/2427/2301 2426/2426/2300
f 2447/2447/2321 2423/2423/2297 2588/2588/2445
f 2317/2317/2194 2316/2316/2193 2584/2584/2443
f 2559/2559/2418 2558/2558/2286 2589/2589/2232
f 2342/2342/2219 2523/2523/2388 2527/2527/2392
f 2438/2438/2312 2402/2402/2276 2590/2590/2446
f 2406/2406/2280 2405/2405/2279 2448/2448/2322
f 2591/2591/2447 2630/2630/2469 2375/2375/2252
f 2593/2593/2234 2559/2559/2418 2479/2479/2353
f 2486/2486/2359 2662/2662/2484 2353/2353/2230
f 2594/2594/2287 2705/2705/2417 2595/2595/2449
f 2597/2597/2450 2630/2630/2469 2591/2591/2447
f 2377/2377/2254 2706/2706/2426 2592/2592/2448
f 2425/2425/2299 2661/2661/2240 2599/2599/2243
f 2588/2588/2445 2440/2440/2314 2443/2443/2317
f 2600/2600/2354 2471/2471/2345 2472/2472/2346
f 2601/2601/2452 2402/2402/2276 2404/2404/2278
f 2602/2602/2453 2404/2404/2278 2406/2406/2280
f 2423/2423/2297 2599/2599/2243 2440/2440/2314
f 2481/2481/2355 2700/2700/2192 2603/2603/2194
f 2597/2597/2450 2598/2598/2451 2604/2604/2247
f 2606/2606/2455 2655/2655/2377 2607/2607/2456
f 2359/2359/2236 2587/2587/2417 2608/2608/2418
f 2472/2472/2346 2323/2323/2200 2461/2461/2335
f 2314/2314/2191 2313/2313/2190 2475/2475/2349
f 2322/2322/2199 2607/2607/2456 2609/2609/2457
f 2319/2319/2196 2311/2311/2188 2542/2542/2407
f 2607/2607/2456 2320/2320/2197 2427/2427/2301
f 2323/2323/2200 2322/2322/2199 2585/2585/2444
f 2316/2316/2193 2472/2472/2346 2463/2463/2337
f 2348/2348/2225 2515/2515/2381 2410/2410/2284
f 2610/2610/2458 2703/2703/2489 2580/2580/2439
f 2479/2479/2353 2589/2589/2232 2548/2548/2233
f 2349/2349/2226 2348/2348/2225 2469/2469/2343
f 2414/2414/2288 2420/2420/2294 2611/2611/2459
f 2436/2436/2310 2626/2626/2466 2613/2613/2460
f 2389/2389/2265 2388/2388/2264 2434/2434/2308
f 2615/2615/2462 2626/2626/2466 2436/2436/2310
f 2616/2616/2396 2454/2454/2328 2458/2458/2332
f 2618/2618/2463 2563/2563/2422 2474/2474/2348
f 2454/2454/2328 2616/2616/2396 2620/2620/2389
f 2617/2617/2395 2458/2458/2332 2460/2460/2334
f 2622/2622/2257 2629/2629/2468 2623/2623/2465
f 2621/2621/2402 2460/2460/2334 2562/2562/2421
f 2572/2572/2431 2345/2345/2222 2575/2575/2434
f 2625/2625/2438 2682/2682/2440 2626/2626/2466
f 2399/2399/2273 2397/2397/2272 2407/2407/2281
f 2390/2390/2266 2671/2671/2296 2627/2627/2295
f 2395/2395/2270 2623/2623/2465 2467/2467/2341
f 2397/2397/2272 2386/2386/2262 2449/2449/2323
f 2386/2386/2262 2385/2385/2261 2446/2446/2320
f 2623/2623/2465 2389/2389/2265 2431/2431/2305
f 2430/2430/2304 2474/2474/2348 2563/2563/2422
f 2515/2515/2381 2399/2399/2273 2408/2408/2282
f 2455/2455/2329 2329/2329/2206 2628/2628/2467
f 2464/2464/2338 2466/2466/2340 2516/2516/2382
f 2393/2393/2269 2395/2395/2270 2483/2483/2356
f 2612/2612/2431 2349/2349/2226 2470/2470/2344
f 2629/2629/2468 2387/2387/2263 2389/2389/2265
f 2624/2624/2400 2562/2562/2421 2563/2563/2422
f 2630/2630/2469 2435/2435/2309 2631/2631/2470
f 2632/2632/2249 2660/2660/2483 2605/2605/2454
f 2633/2633/2468 2380/2380/2257 2382/2382/2259
f 2634/2634/2471 2577/2577/2436 2635/2635/2263
f 2573/2573/2432 2418/2418/2292 2577/2577/2436
f 2634/2634/2471 2382/2382/2259 2569/2569/2428
f 2553/2553/2415 2586/2586/2427 2636/2636/2426
f 2637/2637/2472 2549/2549/2412 2494/2494/2364
f 2529/2529/2394 2546/2546/2410 2383/2383/2260
f 2638/2638/2253 2647/2647/2461 2360/2360/2237
f 2551/2551/2414 2568/2568/2427 2639/2639/2204
f 2640/2640/2473 2495/2495/2365 2549/2549/2412
f 2641/2641/2474 2500/2500/2189 2495/2495/2365
f 2640/2640/2473 2639/2639/2204 2642/2642/2475
f 2643/2643/2476 2646/2646/2433 2644/2644/2477
f 2489/2489/2361 2488/2488/2293 2646/2646/2433
f 2643/2643/2476 2618/2618/2463 2619/2619/2464
f 2645/2645/2401 2624/2624/2400 2618/2618/2463
f 2614/2614/2461 2376/2376/2253 2631/2631/2470
f 2457/2457/2331 2483/2483/2356 2424/2424/2298
f 2361/2361/2238 2360/2360/2237 2647/2647/2461
f 2358/2358/2235 2584/2584/2443 2564/2564/2423
f 2553/2553/2415 2456/2456/2330 2541/2541/2406
f 2435/2435/2309 2630/2630/2469 2597/2597/2450
f 2452/2452/2326 2620/2620/2389 2649/2649/2390
f 2650/2650/2478 2493/2493/2363 2619/2619/2464
f 2651/2651/2479 2654/2654/2451 2652/2652/2480
f 2371/2371/2248 2370/2370/2247 2654/2654/2451
f 2651/2651/2479 2550/2550/2413 2637/2637/2472
f 2653/2653/2448 2567/2567/2426 2550/2550/2413
f 2655/2655/2377 2318/2318/2195 2320/2320/2197
f 2656/2656/2475 2583/2583/2442 2313/2313/2190
f 2650/2650/2478 2473/2473/2347 2658/2658/2481
f 2450/2450/2324 2649/2649/2390 2659/2659/2482
f 2361/2361/2238 2672/2672/2458 2330/2330/2207
f 2432/2432/2306 2597/2597/2450 2605/2605/2454
f 2660/2660/2483 2632/2632/2249 2661/2661/2240
f 2545/2545/2409 2354/2354/2231 2662/2662/2484
f 2346/2346/2223 2345/2345/2222 2596/2596/2294
f 2343/2343/2220 2520/2520/2385 2523/2523/2388
f 2501/2501/2370 2368/2368/2245 2373/2373/2250
f 2466/2466/2340 2659/2659/2482 2663/2663/2485
f 2566/2566/2425 2344/2344/2221 2391/2391/2267
f 2521/2521/2386 2520/2520/2385 2566/2566/2425
f 2664/2664/2486 2666/2666/2487 2665/2665/2482
f 2664/2664/2486 2391/2391/2267 2401/2401/2275
f 2561/2561/2420 2509/2509/2376 2511/2511/2378
f 2667/2667/2488 2477/2477/2351 2560/2560/2419
f 2668/2668/2198 2482/2482/2345 2477/2477/2351
f 2667/2667/2488 2511/2511/2378 2669/2669/2455
f 2374/2374/2251 2494/2494/2364 2497/2497/2367
f 2670/2670/2357 2658/2658/2481 2473/2473/2347
f 2390/2390/2266 2346/2346/2223 2595/2595/2449
f 2388/2388/2264 2615/2615/2462 2437/2437/2311
f 2311/2311/2188 2310/2310/2187 2544/2544/2408
f 2427/2427/2301 2582/2582/2441 2453/2453/2327
f 2433/2433/2307 2605/2605/2454 2660/2660/2483
f 2672/2672/2458 2361/2361/2238 2648/2648/2460
f 2674/2674/2490 2625/2625/2438 2615/2615/2462
f 2675/2675/2491 2601/2601/2452 2602/2602/2453
f 2352/2352/2229 2351/2351/2228 2601/2601/2452
f 2675/2675/2491 2677/2677/2416 2676/2676/2411
f 2442/2442/2316 2444/2444/2318 2677/2677/2416
f 2678/2678/2492 2681/2681/2403 2679/2679/2224
f 2678/2678/2492 2339/2339/2216 2680/2680/2380
f 2678/2678/2492 2565/2565/2424 2343/2343/2220
f 2570/2570/2429 2575/2575/2434 2565/2565/2424
f 2590/2590/2446 2351/2351/2228 2354/2354/2231
f 2351/2351/2228 2590/2590/2446 2402/2402/2276
f 2682/2682/2440 2707/2707/2489 2613/2613/2460
f 2134/2134/2070 2133/2133/2029 2174/2174/2031
f 2251/2251/1823 2250/2250/2151 2231/2231/2135
