# Blender v2.80 (sub 35) OBJ File: 'r3pu_lowpoly.blend'
# www.blender.org
v -4.601229 -8.926438 -5.642166
v -5.146221 -8.850980 -5.289034
v -4.582481 -8.551094 -5.311453
v 7.806304 -13.292501 0.290569
v 8.076872 -13.065742 0.487512
v 7.783032 -13.061680 0.575373
v 9.549179 -11.630511 0.612659
v 9.737059 -10.950119 0.305577
v 9.414669 -11.162641 0.751203
v -5.176560 -9.780398 -5.962503
v -5.706409 -9.403224 -5.467134
v -5.158060 -9.212987 -5.599014
v -8.462491 -11.882380 -4.654197
v -8.795458 -11.520182 -4.579622
v -8.532969 -11.481389 -4.733524
v 10.062595 -11.633961 -3.508645
v 9.562388 -11.819181 -3.980312
v 9.624461 -11.527708 -4.015898
v -8.844572 -8.809114 -2.282791
v -8.970882 -9.061456 -2.859721
v -9.253078 -9.123436 -2.456357
v 7.241092 -11.770366 -5.168558
v 7.450112 -11.460315 -5.196669
v 7.428659 -11.769551 -5.103305
v -7.714247 -12.503720 1.109075
v -6.790862 -12.788138 1.113034
v -6.788009 -12.498142 1.306664
v 3.842663 -9.716335 1.728289
v 3.174411 -9.305641 1.574963
v 3.044388 -9.547686 1.745291
v -3.813567 -10.478281 -6.628811
v -2.952125 -10.880995 -6.831954
v -3.728657 -11.011276 -6.693879
v -2.544206 -12.479430 2.853471
v -1.708006 -12.855692 2.975273
v -1.719751 -12.342695 3.039883
v 8.594098 -10.771225 -4.777918
v 8.818336 -10.398121 -4.537084
v 8.863246 -10.812807 -4.625984
v 10.186356 -11.994342 -0.639488
v 10.340877 -11.500243 -1.136363
v 10.181644 -11.685182 -0.515951
v 2.732809 -6.159116 -2.330694
v 2.917754 -6.444212 -1.770810
v 2.918780 -6.320024 -2.380838
v 9.112814 -12.513396 0.586340
v 8.534903 -12.818762 0.615680
v 9.118862 -12.747503 0.337277
v 5.157981 -9.214347 -5.600667
v 5.705454 -9.088575 -5.207307
v 5.706270 -9.404469 -5.468652
v -0.570379 -12.675633 3.095615
v 0.000000 -13.137960 2.925922
v 0.000000 -12.607802 3.086652
v 0.000000 -10.702138 2.732559
v -0.771388 -10.046857 2.402546
v -0.606634 -10.804126 2.807953
v 9.935025 -11.887928 -0.008643
v 9.637280 -12.343703 0.190961
v 9.940313 -12.177298 -0.171198
v 8.133336 -9.157657 0.215310
v 8.681895 -9.690762 0.526315
v 8.230654 -9.101714 0.102140
v -7.461786 -10.792531 -5.262371
v -7.268645 -10.488588 -5.288114
v -7.284100 -10.801685 -5.333532
v 5.916392 -12.525789 1.639520
v 5.064910 -12.214704 2.074214
v 5.036697 -12.605819 2.028852
v 3.811044 -8.350678 0.600047
v 3.434837 -8.002407 0.394645
v 3.304755 -8.181750 0.640191
v 10.435446 -11.655366 -1.884723
v 10.401681 -11.822251 -2.608165
v 10.414645 -11.511489 -2.558092
v -1.480019 -5.751657 -4.564133
v -1.277411 -6.213504 -4.947608
v -1.660563 -6.213951 -4.731380
v 1.648705 -8.883565 1.578750
v 1.935065 -9.221814 1.825202
v 2.127728 -8.992289 1.638368
v 9.156552 -9.299816 -0.343929
v 8.397381 -8.938493 -0.229351
v 8.946186 -9.496914 0.138811
v 7.846016 -8.434565 -0.941931
v 7.988571 -8.389685 -1.360752
v 7.868166 -8.348186 -1.403311
v 8.257183 -8.584105 -2.592657
v 8.053169 -8.435905 -2.266979
v 8.182724 -8.472767 -2.193712
v 6.192398 -9.907686 1.362655
v 5.704707 -9.166692 0.907646
v 5.501715 -9.809093 1.440784
v 10.267863 -11.014671 -1.033083
v 10.410889 -11.338580 -1.817755
v 10.321607 -10.860636 -1.733853
v 4.338877 -10.971011 2.147269
v 3.604173 -10.415663 2.133911
v 3.514647 -10.811176 2.306078
v -2.898752 -7.362429 -0.090203
v -2.665590 -6.889625 -0.641102
v -3.090131 -7.043883 -0.629891
v -1.128998 -11.239732 -6.754251
v -1.633754 -11.882803 -6.743747
v -1.725437 -11.299584 -6.814325
v 1.851038 -9.637443 -6.604672
v 2.426156 -8.876989 -6.238984
v 2.465081 -9.681019 -6.593874
v -1.841446 -10.177757 -6.758893
v -1.185112 -10.675869 -6.785403
v -1.799649 -10.728320 -6.833419
v 1.420280 -7.888446 0.771179
v 2.013387 -7.748746 0.539332
v 1.717122 -7.582686 0.460130
v 8.517534 -8.773160 -0.648734
v 9.272440 -9.163950 -0.880022
v 8.582952 -8.673000 -1.098349
v -9.926159 -12.148011 -0.166252
v -9.743792 -12.604892 -0.293047
v -9.780386 -12.228067 0.029332
v 7.221552 -8.162899 -2.133652
v 7.124990 -8.131824 -1.583517
v 7.225821 -8.166291 -1.576678
v -4.819731 -12.136906 -5.971135
v -4.314285 -11.656384 -6.396761
v -4.162498 -12.182249 -6.270326
v -0.460380 -6.630231 -5.340302
v -0.851122 -6.203362 -5.092937
v -0.424121 -6.203403 -5.168700
v 6.660100 -11.813447 -5.368904
v 6.142761 -11.556692 -5.699958
v 6.723944 -11.490108 -5.476190
v 4.162498 -12.182249 -6.270326
v 3.592102 -11.578951 -6.663066
v 4.314285 -11.656384 -6.396761
v 6.820070 -8.717559 0.072552
v 6.389306 -8.328939 -0.340586
v 6.360677 -8.652054 0.188512
v -8.076239 -13.052812 0.502668
v -7.806304 -13.292501 0.290569
v -7.782780 -13.056508 0.581435
v 2.986606 -8.300356 -5.753438
v 2.363032 -8.146512 -5.802593
v 9.378132 -11.710655 0.781395
v 9.246881 -11.243057 0.922199
v -5.706835 -9.076121 -5.192122
v -8.578300 -10.484217 1.133905
v -8.872923 -10.747716 1.075315
v -8.717318 -10.834205 1.188063
v 1.224970 -9.627954 -6.598165
v 1.815226 -8.835893 -6.273635
v 0.000000 -8.163998 -6.006506
v -0.600395 -8.868352 -6.308724
v -0.574878 -8.154302 -5.997545
v -1.698155 -7.714051 -5.649065
v -2.363333 -8.146130 -5.801947
v -2.364759 -7.656710 -5.419542
v -6.769331 -11.701352 1.630973
v -7.546284 -11.232543 1.549901
v -7.608546 -11.734530 1.494043
v 2.307262 -11.375532 -6.850408
v 2.698189 -12.052030 -6.765769
v 2.194694 -11.954666 -6.790632
v 1.799649 -10.728320 -6.833419
v 1.725437 -11.299584 -6.814324
v -7.241092 -11.770366 -5.168558
v -7.452157 -11.440547 -5.198215
v -7.268535 -11.449192 -5.266254
v 4.964504 -7.333044 -2.715939
v 4.259190 -7.150484 -3.278267
v 4.373512 -7.102227 -2.640631
v 9.368650 -11.477492 -4.238423
v 9.046190 -11.709769 -4.391029
v 9.101745 -11.427815 -4.439259
v -1.004033 -13.293797 2.879206
v -1.671319 -13.367707 2.770973
v -9.624010 -12.308906 0.194901
v -9.439253 -12.729796 -0.023971
v -9.460152 -12.389988 0.330451
v 8.554762 -13.044408 0.326136
v 9.828053 -10.167855 -3.214097
v 9.569294 -10.505236 -3.907301
v 9.441682 -10.098093 -3.758739
v 2.425507 -9.379584 1.799533
v 10.354712 -11.817807 -1.226537
v 10.162682 -12.291044 -0.787997
v 10.337190 -12.127793 -1.337096
v 7.894787 -8.342560 -1.872157
v 7.755731 -8.314290 -1.439300
v -9.018990 -11.872865 1.007030
v -8.481709 -12.413138 0.983660
v -8.423008 -12.082907 1.197025
v 1.633754 -11.882803 -6.743747
v 1.128998 -11.239731 -6.754250
v 10.219702 -11.082500 -3.155221
v 10.286411 -10.737344 -2.409621
v 10.386477 -11.200366 -2.502738
v 7.739523 -8.403476 -0.963565
v -9.558369 -11.008145 0.549973
v -9.184872 -10.575627 0.770057
v -9.350952 -10.487511 0.569417
v -7.670701 -12.193268 1.311399
v -7.869484 -11.717078 1.452928
v -7.945489 -12.173339 1.273120
v 6.752294 -8.073101 -2.764365
v 6.322318 -8.092882 -3.390384
v 6.362017 -7.919348 -2.774000
v 6.784146 -12.190990 1.467730
v 7.614764 -11.761757 1.486122
v 6.769331 -11.701352 1.630973
v -9.198986 -11.792783 0.903716
v -8.891639 -11.367843 1.169895
v -9.060126 -11.281950 1.061482
v 0.507262 -7.207374 -5.568515
v 0.000000 -7.597829 -5.752715
v 0.000000 -7.206199 -5.588228
v -6.217400 -11.197405 -5.786019
v -5.680111 -10.846600 -6.041867
v -5.626469 -11.242538 -6.025157
v 3.929846 -6.865946 -2.540132
v 4.415179 -7.158495 -1.992425
v -4.442877 -11.142338 -6.470629
v -4.938644 -11.686199 -6.138268
v -5.041335 -11.236431 -6.249848
v 5.167500 -8.683267 0.488435
v 4.577270 -8.313071 0.297474
v 4.487254 -8.496725 0.560550
v 7.920559 -9.230255 0.364027
v 8.405891 -9.819070 0.787535
v 8.029275 -9.198669 0.299657
v 4.557943 -7.955616 -4.652426
v 3.855850 -8.228006 -5.353234
v 3.875181 -7.589176 -4.599299
v 1.085939 -10.922290 2.866051
v 1.929311 -10.423666 2.525613
v 1.297831 -10.218865 2.534938
v 8.860193 -11.096090 -4.639442
v 9.132986 -10.852806 -4.447390
v 9.131992 -11.140469 -4.460459
v 8.150933 -8.427377 -1.755266
v 8.319185 -8.518383 -2.117188
v -10.342804 -11.845800 -1.241632
v -10.401696 -11.316520 -1.814094
v -10.423443 -11.708891 -1.899565
v 5.231143 -8.499396 0.225402
v 5.788037 -8.790851 0.469294
v 5.827221 -8.606307 0.216245
v 3.048115 -7.834741 0.430593
v 2.898752 -7.362429 -0.090203
v 2.659740 -7.722655 0.411403
v 3.143822 -6.473325 -3.042492
v 2.496243 -6.412163 -3.994518
v 2.830843 -6.279820 -2.991102
v 3.458155 -6.650870 -3.098866
v 3.799011 -6.892396 -3.186003
v 10.028109 -9.995680 -2.243721
v 10.192146 -10.388829 -1.659212
v 10.145668 -10.285162 -2.313178
v -7.847126 -10.463711 -5.056610
v -8.590460 -10.762318 -4.770820
v -8.569067 -10.459064 -4.716379
v 3.279006 -6.599320 -1.777826
v 3.578667 -6.928578 -1.195075
v 3.624818 -6.739891 -1.800974
v 7.171032 -8.790726 -0.010709
v 7.246179 -8.501125 -0.516795
v 7.148578 -8.478029 -0.508505
v 0.460380 -6.630231 -5.340302
v 0.851122 -6.203362 -5.092937
v 0.926720 -6.628524 -5.262423
v -5.539131 -11.640364 -5.914695
v -9.235273 -12.047661 -4.137879
v -9.809230 -11.739958 -3.751412
v -9.326012 -11.621015 -4.205723
v -6.800644 -13.059277 0.893437
v -7.753477 -12.798757 0.859025
v 7.428659 -11.769551 -5.103305
v 7.834420 -11.495775 -5.050844
v 7.804560 -11.787971 -4.968619
v 7.252007 -8.910163 -4.138815
v 7.101396 -8.412016 -3.290113
v 7.224801 -8.448146 -3.247347
v 6.261251 -10.484221 -5.733925
v 6.787807 -10.816456 -5.548392
v 6.252625 -10.837925 -5.793333
v 9.236460 -9.888741 0.274464
v 7.552878 -8.927505 -3.996929
v 8.195600 -9.216322 -4.007582
v 7.610039 -9.147357 -4.305697
v -7.998521 -12.490262 1.064165
v 7.188992 -8.971205 0.224605
v 6.822077 -8.901821 0.316919
v 1.719751 -12.342695 3.039883
v 2.555776 -12.001043 2.829799
v 1.723218 -11.836540 2.995675
v 8.564938 -11.331615 -4.774062
v 7.856277 -11.203188 -5.108303
v -0.552339 -7.756697 -5.811895
v -1.091990 -7.586330 -5.680689
v -0.540778 -7.596542 -5.738043
v 6.812702 -9.982532 1.275786
v 7.233871 -9.340875 0.640349
v 6.826859 -9.281728 0.745484
v 3.458307 -7.185842 -0.624791
v 3.655651 -7.671357 -0.131091
v 3.824235 -7.377633 -0.690924
v 4.302864 -8.863632 1.022166
v 4.755578 -9.661504 1.514108
v 5.037127 -9.054568 0.949916
v 4.122253 -7.841256 -0.202136
v 3.926396 -8.170345 0.343141
v 7.252007 -8.910163 -4.138815
v 7.267793 -9.086881 -4.403603
v 7.754379 -12.809663 0.848212
v 8.004095 -12.533858 1.031402
v 7.716477 -12.521159 1.095970
v 9.645043 -10.935860 -4.005161
v 9.971416 -10.589182 -3.351730
v 10.065722 -11.030062 -3.459104
v 8.748625 -8.983912 -3.012456
v 9.323513 -9.308210 -2.820414
v 9.000766 -9.283193 -3.280116
v 8.296099 -8.486179 -1.686531
v 8.599417 -8.632889 -1.977432
v 7.296073 -8.984468 0.198900
v 8.156208 -8.754893 -0.392664
v 8.222509 -8.597576 -0.803434
v 9.620548 -10.635617 0.345879
v 8.944966 -10.092126 0.686778
v 9.300880 -10.847845 0.787994
v 5.449294 -7.914469 -0.915123
v 5.898091 -8.284802 -0.328355
v 5.956913 -8.028151 -0.910128
v -1.114201 -7.742838 -5.760350
v -1.155973 -8.132132 -5.960745
v 4.950403 -7.491151 -1.441061
v 4.415179 -7.158495 -1.992425
v 4.376160 -7.318697 -1.372268
v 10.224819 -11.692097 -3.225351
v 10.243754 -11.386671 -3.200923
v 1.503641 -9.820033 2.291511
v 1.412277 -9.091817 1.739947
v 0.946720 -9.622172 2.124969
v 9.259818 -9.040888 -1.943861
v 9.654304 -9.411334 -1.466920
v 9.604362 -9.353032 -2.042904
v 5.535201 -7.613551 -2.770651
v 4.879005 -7.416687 -3.347765
v 8.544774 -9.762657 0.671320
v 7.224801 -8.448146 -3.247347
v 7.475651 -8.486764 -3.120848
v 7.733549 -8.585623 -0.509446
v 7.832670 -8.607723 -0.502381
v 7.584691 -9.314005 0.516432
v 8.264774 -9.864382 0.880403
v 6.809453 -10.245842 1.408405
v 1.712679 -8.097504 0.906435
v 0.987721 -8.656936 1.378817
v 6.782855 -10.479761 -5.496101
v 7.233843 -10.080230 -5.166133
v 7.269789 -10.508528 -5.292433
v 1.032451 -12.753642 3.088499
v 0.553810 -13.212959 2.909415
v 1.004033 -13.293797 2.879206
v -6.803595 -8.019317 -1.557345
v -7.136029 -8.250963 -1.035384
v -6.817352 -8.160612 -0.992285
v -0.553810 -13.212959 2.909415
v -1.032451 -12.753642 3.088499
v 6.817352 -8.160612 -0.992285
v 6.411347 -7.913220 -1.503656
v 6.407371 -8.078452 -0.909114
v 5.626469 -11.242538 -6.025157
v 5.539132 -11.640364 -5.914695
v 2.723114 -6.297753 -1.728035
v 2.830623 -6.634310 -1.188287
v 2.917754 -6.444212 -1.770810
v -2.480317 -13.422712 2.576018
v -1.619921 -13.878594 2.489081
v -9.245769 -13.107837 -0.321742
v -9.278131 -12.792296 0.082399
v -6.755844 -10.017138 -5.348084
v -7.230975 -10.060513 -5.159122
v -1.139490 -5.734663 -4.764291
v 7.856670 -10.623891 -5.091002
v 8.556716 -10.360943 -4.687567
v 10.118937 -11.203938 -0.372986
v 8.235014 -8.944350 -3.513008
v 8.611277 -9.253510 -3.681848
v 8.404081 -9.235803 -3.855823
v 9.881084 -10.407186 -0.226265
v 10.145298 -10.532764 -0.951622
v 10.032978 -10.221354 -0.906441
v 9.814247 -12.948664 -0.804359
v 10.114216 -12.575013 -0.960942
v 9.871642 -12.703230 -0.576479
v 8.120592 -8.442100 -1.308361
v 9.612568 -9.515475 -0.848787
v -8.326483 -11.611294 1.371172
v -9.870987 -9.697188 -1.531094
v -9.975962 -10.113483 -0.896807
v -9.807294 -9.787506 -0.867651
v 5.041335 -11.236431 -6.249848
v 4.938644 -11.686199 -6.138268
v 4.442877 -11.142338 -6.470629
v 2.530999 -5.959002 -2.261662
v 2.723114 -6.297753 -1.728035
v 2.398814 -10.801209 -6.856468
v 2.838016 -11.461506 -6.825862
v 4.988573 -7.357854 -2.067590
v -4.610632 -9.532870 -6.055018
v -3.858319 -9.975784 -6.481217
v -4.580259 -10.184382 -6.340683
v 7.928870 -8.405979 -2.337523
v 8.193836 -11.028026 1.421000
v 8.485439 -10.264798 1.072809
v 7.970549 -10.322545 1.257382
v 4.861861 -7.708377 -0.838084
v 4.272663 -7.555592 -0.777650
v 3.583100 -6.641196 -2.449991
v 3.979043 -6.945538 -1.888569
v 8.603948 -8.631334 -1.551251
v 9.302704 -9.083535 -1.426518
v 7.105780 -8.223049 -2.727217
v 6.780618 -7.987553 -2.147588
v 7.114639 -8.123499 -2.149493
v 7.992989 -8.537076 -2.780844
v 7.808170 -8.381163 -2.405884
v -0.603775 -10.136733 -6.690404
v -0.586932 -10.655261 -6.737755
v -9.349808 -10.542303 -4.175302
v -9.126402 -10.818337 -4.437474
v -9.388641 -10.859915 -4.231329
v 8.018137 -8.380432 -1.816572
v 7.233334 -8.279006 -1.035270
v 3.252096 -6.485288 -2.407410
v -8.261786 -8.587775 -2.594631
v -8.618021 -8.741118 -2.542438
v -8.532537 -8.662501 -2.403457
v 9.398707 -11.185326 -4.256366
v 9.652883 -11.231531 -4.026610
v 8.631671 -8.688016 -2.301957
v 2.614405 -6.496845 -1.152472
v 2.665590 -6.889624 -0.641102
v -3.325798 -13.027390 2.545697
v -4.168598 -12.642128 2.378677
v -4.134235 -13.060949 2.263269
v 7.284590 -11.140595 -5.330038
v 7.283930 -10.819979 -5.335317
v 0.000000 -12.047621 3.103818
v -0.573208 -11.575299 3.052949
v -0.573319 -12.122006 3.131180
v 7.220195 -8.262722 -2.697207
v -5.114019 -10.790627 -6.260626
v -4.529335 -10.650671 -6.448393
v -9.385414 -11.218393 -4.244672
v -9.062473 -11.567429 -4.403283
v -0.000893 -9.850107 2.205317
v -0.009654 -9.162102 1.693901
v 7.221552 -8.162899 -2.133652
v 7.453070 -8.318439 -2.599587
v 7.220195 -8.262722 -2.697207
v 7.267718 -11.457100 -5.265636
v 7.463248 -11.149779 -5.259471
v 1.185112 -10.675869 -6.785403
v -3.592102 -11.578951 -6.663066
v -2.838016 -11.461506 -6.825862
v -9.594267 -12.666756 -0.148379
v -2.723114 -6.297753 -1.728035
v -2.494757 -5.899101 -2.565116
v -2.698870 -6.115336 -2.638100
v 1.114201 -7.742838 -5.760350
v 1.661489 -7.556819 -5.559140
v 1.697778 -7.714438 -5.649714
v 3.426856 -12.165625 -6.579599
v 9.296679 -12.469779 0.470043
v -1.038123 -12.210421 3.142735
v -1.723218 -11.836540 2.995675
v -9.807096 -10.631817 -3.668576
v -9.862359 -10.962126 -3.735266
v 1.841446 -10.177757 -6.758893
v 2.451361 -10.235990 -6.765228
v 3.089956 -6.914005 -4.129402
v 7.225821 -8.166291 -1.576678
v 7.440621 -8.227432 -2.066695
v 8.267878 -8.508743 -1.242871
v -10.245973 -10.793014 -2.759093
v -10.210083 -11.077993 -3.149277
v -10.314828 -11.136638 -2.830726
v 8.055174 -8.933609 -3.657179
v 7.861891 -8.520141 -2.871199
v 9.235273 -12.047661 -4.137879
v 9.482394 -12.107721 -3.931891
v 6.725084 -8.258443 -3.359563
v 6.275559 -8.577707 -4.288192
v 9.087885 -12.252036 0.801020
v 9.199414 -11.772683 0.922947
v 9.011486 -11.815858 1.041958
v 5.715912 -9.922507 -5.784982
v 6.256443 -9.977484 -5.554740
v 6.803595 -8.019317 -1.557345
v 6.396807 -7.854438 -2.126527
v 7.503248 -8.984766 0.148160
v 9.473716 -9.675296 -0.247460
v 2.313771 -6.122456 -3.899180
v 2.646792 -6.089473 -2.929085
v 2.248217 -8.274887 1.036286
v 2.526253 -7.911150 0.640326
v 6.304041 -9.217546 0.855561
v 6.343456 -8.837345 0.433263
v 3.279006 -6.599320 -1.777826
v 8.124846 -8.558249 -2.687887
v 7.136029 -8.250963 -1.035384
v 3.573324 -8.708105 1.047411
v 7.805366 -8.960428 0.068634
v 7.901747 -8.950596 0.033472
v 3.437460 -7.152197 -4.204677
v 10.343389 -12.131074 -2.654264
v 10.070683 -12.298515 -3.228963
v 10.160166 -11.995864 -3.231854
v 8.010210 -8.835075 -0.176795
v 8.041760 -8.685818 -0.453426
v 2.581369 -9.141768 1.613962
v 2.640114 -8.376747 1.075159
v 10.085047 -11.331359 -3.497132
v 7.765407 -8.828427 -0.105181
v 9.997318 -11.934086 -3.498432
v 9.908901 -12.232585 -3.476888
v 7.990386 -8.935459 -0.016161
v 7.858967 -8.830964 -0.124172
v 8.064342 -8.901869 -0.096915
v 7.945255 -8.833316 -0.150369
v 9.710053 -9.901484 -3.112362
v 9.334942 -9.843890 -3.639750
v 7.296073 -8.984468 0.198900
v 2.113793 -5.767025 -3.778730
v 0.766993 -8.332676 1.151262
v 10.288353 -12.429540 -1.468291
v 9.128560 -9.017199 -2.413929
v 9.023591 -9.006526 -2.626689
v 3.946738 -7.439117 -4.284306
v -8.849055 -11.131273 -4.626229
v -8.857796 -10.785280 -4.616631
v -6.252625 -10.837925 -5.793333
v -5.706713 -10.462490 -5.980658
v 7.461362 -10.838267 -5.266831
v 7.863398 -10.910681 -5.120340
v -8.581470 -11.102014 -4.780904
v 5.893156 -12.860537 1.499950
v 5.003113 -12.988306 1.909312
v -7.868166 -8.348186 -1.403311
v -7.739523 -8.403476 -0.963565
v -7.755731 -8.314290 -1.439300
v 7.934661 -8.638942 -0.486853
v 7.473042 -8.823341 -0.061736
v 7.441050 -8.537390 -0.519263
v 5.348922 -8.177521 -0.330610
v 7.432927 -8.329188 -1.014961
v 4.580259 -10.184382 -6.340683
v 5.176560 -9.780398 -5.962504
v 5.157546 -10.364319 -6.187143
v -9.632461 -9.913215 -0.229731
v -9.801702 -10.240233 -0.225321
v -6.784146 -12.190990 1.467730
v 1.024765 -7.203911 -5.498538
v 0.540778 -7.596542 -5.738043
v -5.157546 -10.364319 -6.187143
v -5.715911 -9.922507 -5.784982
v -9.453981 -9.211435 -1.438955
v -8.933909 -8.901330 -0.973206
v -8.964382 -8.848366 -1.461935
v -5.433138 -12.038435 -5.752534
v -8.084087 -8.527779 -0.866638
v -7.934661 -8.638941 -0.486853
v -7.959730 -8.474720 -0.911213
v 0.962035 -13.831272 2.583453
v 1.671319 -13.367708 2.770974
v -9.110768 -12.545012 0.527971
v -8.552971 -13.001832 0.375564
v -8.527960 -12.729566 0.703610
v 5.524948 -7.712318 -1.516526
v 6.011334 -7.756475 -2.140574
v 5.558749 -7.602378 -2.135841
v 1.091990 -7.586330 -5.680689
v 0.552339 -7.756697 -5.811895
v 4.735693 -7.984189 -0.256009
v 7.233334 -8.279006 -1.035270
v 7.433805 -8.227433 -1.534669
v 3.979043 -6.945538 -1.888569
v 3.938193 -7.125911 -1.273713
v 7.959730 -8.474720 -0.911213
v 5.558749 -7.602378 -2.135841
v 5.980425 -7.797784 -2.783598
v 10.052677 -12.852101 -1.147003
v 3.221325 -6.787683 -1.188504
v 0.507707 -8.442732 1.229541
v 0.695196 -8.811122 1.482029
v 6.045914 -11.915415 -5.570569
v -5.861317 -13.478610 1.076101
v -6.814768 -13.320128 0.660366
v 0.000000 -11.731251 -6.624793
v -0.556554 -11.200683 -6.707972
v 0.000000 -11.186638 -6.689912
v 0.000000 -13.649426 2.685288
v 0.000000 -13.137960 2.925922
v 8.716916 -11.932507 -4.501843
v 8.780020 -11.657247 -4.567475
v 9.309619 -11.764242 -4.194775
v 9.109390 -12.954169 0.063443
v 8.565867 -13.247985 0.023111
v 9.091820 -13.146045 -0.222991
v 9.461815 -12.650620 0.103033
v 9.471418 -12.412728 0.339325
v 3.858320 -9.975783 -6.481217
v 3.019267 -10.319205 -6.740242
v 3.045015 -9.776995 -6.568121
v 9.625379 -12.074512 0.386285
v 0.000000 -7.206199 -5.588228
v -0.507262 -7.207374 -5.568516
v 0.574878 -8.154302 -5.997545
v 1.204651 -8.846921 -6.301027
v 0.600395 -8.868352 -6.308724
v 2.915036 -8.017835 0.665474
v 0.000000 -7.760282 -5.824650
v 10.079674 -10.085505 -1.606641
v 7.411783 -10.115681 -5.108047
v 7.769420 -9.826429 -4.819518
v 7.824658 -10.214285 -4.985353
v 7.777961 -8.310978 -1.923729
v 0.000000 -7.760282 -5.824650
v -9.002240 -10.091667 -4.245058
v -9.076498 -9.716598 -3.824555
v -8.848726 -9.692977 -4.031301
v 0.424121 -6.203403 -5.168700
v 0.763285 -5.718556 -4.899704
v 7.450112 -11.460315 -5.196669
v 1.867043 -7.414935 0.275150
v 1.866974 -6.910914 -0.143253
v 1.554072 -7.231590 0.220721
v -8.977312 -11.988428 -4.328800
v 9.245769 -13.107837 -0.321742
v 9.432682 -12.865712 -0.156928
v 9.274540 -12.912302 -0.041575
v 2.023546 -7.118153 -5.131250
v 1.551958 -7.183728 -5.361971
v 5.960073 -11.658835 1.800849
v 5.188354 -11.055698 1.948879
v 5.108949 -11.643596 2.050011
v -9.094702 -10.506413 -4.383338
v -9.244903 -10.121029 -4.035292
v -7.945489 -12.173339 1.273120
v -4.245323 -11.588717 2.316504
v -5.064910 -12.214704 2.074214
v -4.194971 -12.212874 2.400689
v -9.603778 -11.959292 0.442474
v -9.705753 -11.517501 0.412104
v -9.765000 -11.866180 0.258011
v -9.078611 -12.213559 0.806693
v 3.813567 -10.478281 -6.628811
v -2.398814 -10.801209 -6.856468
v 1.955353 -5.755477 -4.064583
v 6.800644 -13.059277 0.893437
v 5.861317 -13.478610 1.076101
v 6.814768 -13.320128 0.660366
v -2.307262 -11.375532 -6.850408
v -8.485146 -8.608535 -2.235404
v -8.150933 -8.427378 -1.755266
v -8.213535 -8.521122 -2.401032
v -8.831967 -10.478205 -4.562633
v -1.817710 -6.610929 -4.883397
v -1.552655 -7.183091 -5.360876
v -2.030517 -7.111781 -5.120286
v 9.396018 -10.893169 -4.240870
v -7.998521 -12.490262 1.064165
v -3.019267 -10.319205 -6.740242
v -3.045015 -9.776995 -6.568121
v -0.926720 -6.628524 -5.262423
v 0.586932 -10.655261 -6.737755
v 0.000000 -10.137886 -6.669227
v 0.603775 -10.136733 -6.690404
v 0.000000 -11.731251 -6.624793
v 0.556554 -11.200683 -6.707972
v 0.518746 -11.761746 -6.636001
v -7.461786 -10.792531 -5.262371
v -7.864510 -11.087343 -5.110457
v -7.864612 -10.763598 -5.106252
v -2.451361 -10.235990 -6.765228
v -6.770934 -11.159122 -5.546084
v -3.356080 -12.575948 2.644478
v -3.377763 -12.117603 2.643230
v 2.161358 -7.073690 -0.142306
v 2.158957 -7.565244 0.327489
v 2.433827 -7.208412 -0.133989
v -0.529090 -13.739723 2.639270
v 6.780618 -7.987553 -2.147588
v -7.349006 -9.672558 -4.893071
v -7.801073 -10.055962 -4.929240
v -7.728102 -9.671363 -4.735519
v -8.615770 -9.676106 -4.215149
v -8.282212 -9.416417 -4.194338
v -8.382629 -9.665964 -4.376683
v 1.038363 -11.677557 3.080497
v 1.764083 -11.106592 2.809794
v 8.795048 -10.166932 0.844078
v 4.424626 -10.586545 2.008070
v 5.258265 -10.686027 1.850886
v -5.108948 -11.643598 2.050011
v -4.339661 -10.968664 2.146041
v -5.188910 -11.053583 1.947887
v 3.728657 -11.011276 -6.693877
v -9.224863 -11.193782 0.924946
v -9.372480 -11.707288 0.773025
v 7.515247 -10.936725 1.532178
v 7.597891 -10.319461 1.319041
v 7.407498 -10.307992 1.342937
v 4.245323 -11.588717 2.316504
v 5.235183 -8.114987 -4.344953
v 4.619738 -7.777379 -4.337468
v 9.995989 -10.721713 -0.269101
v 7.273616 -8.808107 -0.029916
v 7.246179 -8.501125 -0.516795
v 3.036444 -8.536385 1.068464
v 8.084087 -8.527779 -0.866638
v 5.458431 -7.731055 -3.385262
v 5.920408 -7.947336 -3.398202
v 8.004095 -12.533858 1.031402
v 8.454367 -12.268842 1.094064
v 7.955115 -12.230918 1.241168
v 2.515592 -6.117168 -1.665842
v 8.727880 -10.005306 -4.389103
v -9.814247 -12.948664 -0.804359
v -10.127617 -12.415673 -0.877526
v -10.052677 -12.852101 -1.147003
v 10.423754 -11.968661 -1.962641
v 0.000000 -12.607802 3.086652
v 0.573319 -12.122005 3.131180
v 0.000000 -12.047621 3.103818
v 8.389726 -8.615095 -2.495483
v 7.353459 -9.344816 0.602938
v 7.823351 -9.970922 1.070071
v -0.017092 -8.548362 1.293663
v -1.299322 -10.216979 2.533334
v -1.085939 -10.922291 2.866052
v 3.090131 -7.043883 -0.629891
v 4.610632 -9.532870 -6.055018
v -7.711109 -10.869692 1.483925
v -7.499978 -10.884284 1.521103
v 0.000000 -6.632760 -5.361889
v 0.000000 -6.206366 -5.189694
v 7.804540 -11.298264 1.508435
v 7.744991 -10.970700 1.501159
v 6.691999 -8.741819 -4.250515
v 7.723852 -9.590130 -4.682091
v 7.361531 -9.721295 -4.919864
v 7.326296 -9.484331 -4.766715
v 2.443201 -5.852469 -2.848609
v 3.421964 -11.455081 2.520403
v 3.377763 -12.117603 2.643230
v -9.540922 -11.615740 0.610606
v -9.435764 -12.048703 0.592369
v 1.116847 -7.625108 0.606472
v 1.401354 -7.378018 0.370693
v 3.325798 -13.027391 2.545697
v 2.480317 -13.422712 2.576018
v 3.277028 -13.452212 2.325124
v -2.555776 -12.001043 2.829799
v -7.148577 -8.478029 -0.508505
v -6.820112 -8.398817 -0.445620
v 5.750355 -8.565942 -4.613183
v 5.145429 -8.864570 -5.305541
v 5.171199 -8.294012 -4.654867
v 5.790448 -8.381676 -4.321933
v 7.597891 -10.319461 1.319041
v 7.510005 -10.011903 1.152073
v 6.011334 -7.756475 -2.140574
v 6.396807 -7.854438 -2.126527
v -1.024765 -7.203911 -5.498538
v -9.349894 -10.071076 0.303826
v -9.515626 -10.400382 0.336150
v -8.406346 -9.825684 0.792838
v -8.057615 -9.498583 0.609931
v -8.177381 -9.448803 0.523390
v -2.465081 -9.681019 -6.593874
v -2.590031 -11.304293 2.674053
v -1.764083 -11.106591 2.809794
v 3.963906 -9.470430 1.569160
v -1.204651 -8.846921 -6.301027
v -3.048115 -7.834740 0.430593
v -2.784424 -7.538782 0.166880
v -3.169703 -7.658889 0.181902
v -3.452956 -6.654313 -3.111664
v -3.206006 -6.465425 -2.731732
v -3.139390 -6.475408 -3.054573
v 9.973521 -10.204994 -2.920850
v 4.168598 -12.642127 2.378677
v -0.586771 -8.407141 1.203864
v -1.346444 -8.416956 1.193913
v -0.784598 -8.761974 1.448487
v -2.223852 -7.468132 -5.312388
v 2.544206 -12.479432 2.853471
v 3.356080 -12.575949 2.644478
v 4.529335 -10.650671 -6.448392
v 0.000000 -7.597829 -5.752715
v -3.279078 -7.491387 -0.078376
v -2.659740 -7.722656 0.411403
v -2.300174 -7.383908 0.102811
v 7.510005 -10.011903 1.152073
v 7.353459 -9.344816 0.602938
v -1.662034 -7.556281 -5.558261
v 9.867573 -11.424874 0.180464
v 9.331142 -10.467543 -4.148348
v 9.214907 -10.065955 -3.998444
v -7.171032 -8.790726 -0.010709
v -7.323989 -9.169188 0.413778
v -7.211061 -9.160661 0.445850
v -3.010082 -7.885280 -5.377835
v -8.977948 -9.525515 0.147118
v -9.236254 -9.376742 -0.325585
v 4.134235 -13.060949 2.263268
v -3.881121 -9.267106 -6.146534
v -3.866415 -8.614577 -5.697259
v 2.425017 -13.881147 2.307334
v 2.217965 -7.473961 -5.321950
v 0.000000 -10.652848 -6.715601
v -8.752051 -10.068813 -4.426302
v -3.851799 -8.218894 -5.341096
v -2.986669 -8.299735 -5.752423
v 7.885027 -11.785142 1.433124
v 8.275063 -11.353425 1.410332
v 9.393478 -13.068707 -0.429068
v 9.584892 -12.815062 -0.283272
v -3.421963 -11.455082 2.520403
v -2.692633 -10.632960 2.424067
v -3.515506 -10.808780 2.304589
v -6.045914 -11.915415 -5.570569
v -6.142761 -11.556692 -5.699957
v -5.937689 -12.180937 1.731352
v -5.960073 -11.658835 1.800849
v -7.432927 -8.329188 -1.014961
v -7.433805 -8.227433 -1.534669
v 9.455704 -12.149644 0.544587
v -8.720421 -9.437457 -3.847614
v -8.936998 -9.458718 -3.647646
v 8.794298 -11.023919 1.205912
v -7.780325 -11.218382 1.509383
v -7.869484 -11.717078 1.452928
v -2.801563 -10.210699 2.208062
v -3.612756 -10.391696 2.119005
v -8.500795 -9.423484 -4.030284
v -6.716026 -9.586949 -5.115246
v -7.146523 -9.412519 -4.782909
v -6.693944 -9.323182 -4.917643
v 9.537049 -13.029208 -0.544444
v 3.881122 -9.267106 -6.146534
v 4.601419 -8.927760 -5.643708
v -8.874116 -10.321730 0.882559
v -9.027151 -10.661941 0.937335
v 9.116266 -9.816407 -3.874286
v 8.975159 -10.035972 -4.208610
v 8.885681 -9.789964 -4.082551
v 9.078651 -10.432746 -4.357810
v 9.073965 -11.303655 1.062753
v 8.892900 -11.344491 1.177421
v -6.245987 -9.508466 -5.279647
v -6.787482 -11.168199 1.659143
v -6.067963 -10.728399 1.700274
v -6.807932 -10.814091 1.605222
v -7.404613 -10.066389 -5.090513
v -7.179571 -9.659554 -4.956019
v -7.780325 -11.218382 1.509383
v -0.608935 -9.630001 -6.574370
v -1.224970 -9.627954 -6.598166
v 8.408472 -9.729930 -4.413663
v 4.584390 -8.564317 -5.326880
v 6.787530 -11.170112 1.659893
v 6.065475 -10.747476 1.708483
v 6.016001 -11.099886 1.773988
v -3.028799 -9.003583 -6.209335
v 6.245924 -9.509579 -5.280931
v -6.244387 -9.222127 -5.047472
v -10.173411 -11.992386 -0.647449
v -9.884644 -12.543137 -0.460866
v -8.091913 -10.748055 1.380648
v 0.599779 -7.913000 0.868935
v 0.000000 -10.137886 -6.669227
v 2.590031 -11.304293 2.674053
v -9.389669 -11.102720 0.755904
v 3.028798 -9.003583 -6.209334
v 1.619921 -13.878594 2.489081
v 8.642530 -10.223550 0.971509
v 9.294312 -12.703493 0.226271
v -9.119611 -11.170666 -4.447621
v 6.755844 -10.017138 -5.348084
v 7.556142 -11.265699 1.549939
v 5.706713 -10.462490 -5.980659
v 5.999502 -7.842072 -1.514413
v 9.447670 -9.320999 -2.572049
v -7.124990 -8.131823 -1.583517
v -6.780618 -7.987553 -2.147588
v -7.114639 -8.123499 -2.149493
v -8.532518 -9.248452 0.128679
v -8.142307 -8.995644 0.002709
v -8.214940 -8.924764 -0.139378
v -6.723944 -11.490108 -5.476190
v 8.969459 -10.985364 1.094735
v 3.318260 -7.283738 -4.523020
v -6.256443 -9.977484 -5.554740
v 0.769699 -10.048359 2.403679
v 9.137099 -10.926824 0.956854
v -3.578667 -6.928579 -1.195075
v -3.279006 -6.599320 -1.777826
v -3.624818 -6.739891 -1.800974
v 3.009346 -7.891601 -5.388168
v -8.500855 -10.053412 -4.582191
v -6.782855 -10.479762 -5.496101
v 8.590765 -11.051319 -4.793870
v -3.426856 -12.165625 -6.579599
v -2.698189 -12.052030 -6.765769
v 6.820113 -8.398817 -0.445620
v 2.162962 -6.149681 -4.193320
v 6.808410 -10.833220 1.612714
v -0.015076 -8.023147 0.979819
v 0.402863 -7.972162 0.925349
v 4.194971 -12.212874 2.400689
v 2.660336 -6.817595 -4.389093
v 2.804116 -6.709197 -4.076257
v 8.499584 -12.554561 0.877631
v -8.830267 -9.607113 0.348550
v 0.000000 -10.652848 -6.715601
v 2.382817 -6.328898 -1.100002
v 2.420810 -6.756595 -0.619863
v -7.557812 -10.211952 1.262724
v -7.711109 -10.869692 1.483925
v 9.917291 -12.448742 -0.361565
v -7.310553 -9.428751 -4.723755
v -7.109061 -8.955518 -4.278052
v 2.156227 -6.595304 -0.586459
v -2.917754 -6.444212 -1.770810
v -2.884506 -6.288806 -2.692867
v 0.000000 -8.163998 -6.006506
v 8.413839 -8.957549 -3.356247
v 1.276443 -6.213635 -4.948820
v 1.395694 -6.630951 -5.113551
v -1.815225 -8.835893 -6.273635
v -1.749881 -8.112077 -5.887462
v 3.279078 -7.491387 -0.078376
v -2.016496 -7.243679 0.074177
v -2.158957 -7.565244 0.327489
v -1.867043 -7.414935 0.275150
v 1.470752 -5.751826 -4.575558
v 1.138563 -5.734681 -4.765433
v -1.059341 -11.823091 -6.675695
v -2.347161 -5.816380 -3.157107
v -2.640525 -6.090200 -2.942973
v -2.433286 -5.851697 -2.864286
v -0.837090 -7.806246 0.771192
v -1.565274 -7.743480 0.627394
v -1.083577 -8.149594 1.005686
v 6.147807 -10.159635 1.487201
v -1.554072 -7.231590 0.220721
v -1.253051 -7.510882 0.499870
v -2.004678 -5.764816 -3.928518
v -2.406051 -6.446548 -4.148055
v 9.853230 -9.931358 -2.829756
v -0.763285 -5.718556 -4.899704
v 9.621737 -12.589829 -0.034338
v 0.381873 -5.716187 -4.970898
v 0.000000 -5.718554 -4.990863
v 2.351757 -6.474081 -4.296110
v -6.824669 -9.095511 0.545152
v -7.294115 -9.722410 0.978583
v -6.824155 -9.668613 1.075237
v -2.433827 -7.208412 -0.133989
v -2.420810 -6.756595 -0.619863
v -5.101275 -8.873731 0.734070
v -4.577270 -8.313071 0.297474
v -5.231143 -8.499396 0.225402
v -8.616138 -9.000269 -3.210101
v -6.820070 -8.717559 0.072552
v -8.010210 -8.835075 -0.176795
v -9.340998 -9.520949 -3.200673
v -9.494358 -9.782148 -3.344607
v -9.654630 -9.587500 -2.697115
v -9.814514 -9.858629 -2.802577
v -3.824235 -7.377634 -0.690924
v -4.122253 -7.841256 -0.202136
v -3.655650 -7.671358 -0.131091
v -8.644391 -9.162210 -0.059137
v -8.276226 -8.841446 -0.314426
v -8.726196 -10.402300 1.019352
v -5.772599 -8.489898 -4.473701
v -6.305100 -8.230916 -3.693224
v -5.880747 -8.069654 -3.706044
v -8.120594 -8.442100 -1.308361
v -7.988572 -8.389685 -1.360752
v -1.038363 -11.677557 3.080497
v -2.470833 -9.313130 1.749021
v -3.082676 -9.481246 1.699783
v -5.443460 -9.983841 1.538522
v -6.161435 -10.086079 1.449985
v -2.100011 -10.005872 2.285327
v -1.990876 -9.156155 1.772249
v 0.570379 -12.675632 3.095615
v 1.038123 -12.210421 3.142736
v -7.285611 -11.126201 -5.330287
v -6.787807 -10.816456 -5.548392
v -10.228638 -11.456453 -3.201470
v -3.979043 -6.945538 -1.888569
v -3.528471 -6.632750 -2.782798
v -3.871575 -6.867624 -2.872590
v -7.832670 -8.607723 -0.502381
v -7.742781 -8.701873 -0.299157
v -7.733550 -8.585623 -0.509446
v -2.194694 -11.954666 -6.790632
v -7.838017 -8.715320 -0.303770
v -7.765407 -8.828427 -0.105181
v -3.458307 -7.185843 -0.624791
v -4.272663 -7.555592 -0.777650
v -4.735693 -7.984189 -0.256009
v -7.903378 -8.615533 -3.095135
v -8.245384 -8.961507 -3.532065
v -8.045691 -8.629642 -2.989837
v -7.846016 -8.434565 -0.941931
v -7.930634 -8.733961 -0.306820
v -7.858967 -8.830964 -0.124171
v -8.041760 -8.685818 -0.453426
v -8.022799 -8.770259 -0.287609
v -7.945255 -8.833316 -0.150369
v -10.380255 -12.137128 -2.015013
v -10.222657 -12.726799 -1.610617
v -10.298810 -12.278026 -1.411406
v -10.142820 -10.737238 -3.075307
v -10.279436 -11.085879 -1.045265
v -10.227409 -10.505067 -1.673356
v -10.341394 -10.966168 -1.750739
v -4.376160 -7.318698 -1.372268
v -4.861861 -7.708377 -0.838084
v -6.261251 -10.484221 -5.733925
v -9.722357 -10.914001 0.308956
v -9.861160 -11.417368 0.179502
v 9.276730 -12.209377 0.681419
v 4.082568 -13.448612 2.036777
v 4.916433 -13.681770 1.441626
v 4.961910 -13.343197 1.700182
v 8.462491 -11.882380 -4.654197
v 5.433138 -12.038435 -5.752534
v -3.277028 -13.452212 2.325124
v -4.082568 -13.448611 2.036777
v 1.650891 -6.215259 -4.743496
v 1.808288 -6.613723 -4.895718
v 0.608935 -9.630001 -6.574370
v 2.088429 -10.027242 2.303881
v -8.426640 -8.588802 -1.170447
v -8.451830 -8.557261 -1.616599
v 2.691747 -10.635279 2.425873
v -4.393222 -8.685339 0.806378
v -4.890628 -9.396590 1.298136
v -4.117177 -9.203369 1.362929
v -10.166862 -11.594660 -0.487873
v -10.120461 -11.230598 -0.380089
v 5.114018 -10.790627 -6.260626
v -5.956913 -8.028151 -0.910128
v -6.389306 -8.328939 -0.340586
v -5.898091 -8.284804 -0.328355
v 7.447408 -10.535891 -5.227924
v -2.723114 -6.297753 -1.728035
v -2.830623 -6.634309 -1.188287
v -2.614405 -6.496844 -1.152472
v -5.212773 -8.226638 -4.508030
v -4.604133 -7.895609 -4.506077
v -8.370619 -8.682016 -0.728074
v 5.680111 -10.846600 -6.041867
v 4.988573 -7.357854 -2.067590
v -4.676878 -9.836807 1.624154
v -3.878156 -9.649056 1.684322
v -7.804560 -11.787971 -4.968619
v -8.902578 -8.819789 -2.115197
v -8.414755 -9.328211 0.289820
v -3.167895 -8.364330 0.868376
v -2.775136 -8.202932 0.883469
v -10.283123 -11.934256 -2.934216
v -5.558750 -7.602378 -2.135841
v -4.927353 -7.364196 -3.042663
v -5.501403 -7.663092 -3.088836
v -7.102483 -8.309653 -3.016210
v -7.224018 -8.452065 -3.255436
v -7.221213 -8.347522 -2.978555
v -9.678581 -12.989891 -0.667349
v 7.461362 -10.838267 -5.266831
v -3.347305 -9.041104 1.374690
v -2.385535 -8.099468 0.851433
v -2.361202 -8.717848 1.405408
v -1.935713 -8.615413 1.355702
v -9.537049 -13.029208 -0.544444
v -6.407371 -8.078452 -0.909114
v -7.233334 -8.279006 -1.035270
v -10.329852 -11.445542 -1.124444
v -2.515592 -6.117168 -1.665842
v -2.382817 -6.328898 -1.100002
v -9.396349 -9.275188 -0.871282
v -8.829266 -9.002205 -0.493820
v -7.440621 -8.227432 -2.066695
v -7.831029 -8.442503 -2.642060
v -7.777962 -8.310978 -1.923729
v -9.681410 -10.195904 -3.527273
v -5.746192 -8.983086 0.703344
v -9.870067 -11.331623 -3.766138
v -10.008273 -10.288885 -2.945152
v -10.169348 -10.613286 -0.959948
v -10.001797 -10.742805 -0.271125
v 6.788009 -12.498142 1.306663
v 6.790862 -12.788138 1.113034
v 0.573208 -11.575296 3.052949
v -9.289005 -12.469345 0.440102
v -7.669894 -9.428590 -4.565097
v -7.254380 -8.975568 -4.222312
v -7.310553 -9.428751 -4.723755
v 6.770934 -11.159122 -5.546084
v -5.875458 -13.175325 1.303646
v -4.916433 -13.681770 1.441626
v -4.961910 -13.343197 1.700182
v -8.056260 -9.042702 0.103225
v -7.960471 -9.073515 0.173451
v -6.396807 -7.854438 -2.126527
v -5.999503 -7.842071 -1.514413
v -6.011334 -7.756475 -2.140574
v -7.858612 -9.095659 0.224671
v -7.432455 -9.716541 0.936579
v -7.862015 -8.520730 -2.872366
v -7.462588 -8.394670 -2.864358
v -7.475214 -8.488881 -3.125585
v -8.296402 -9.393503 0.419039
v -3.917651 -7.558704 -4.469714
v -3.354655 -7.261335 -4.408178
v -9.188511 -10.155745 0.526597
v -8.681864 -9.686440 0.523604
v -5.952070 -7.863692 -3.103191
v -3.689742 -8.534699 0.838766
v -3.434837 -8.002407 0.394645
v -3.926396 -8.170345 0.343141
v -8.541466 -9.758184 0.669955
v -9.758245 -9.614161 -2.426414
v -0.962035 -13.831272 2.583453
v -4.660255 -8.142134 0.024895
v -4.030082 -8.000471 0.075161
v -3.938193 -7.125911 -1.273713
v -3.979043 -6.945538 -1.888569
v -3.551790 -7.832252 0.136947
v -1.216382 -10.145334 -6.729982
v -10.336838 -11.518676 -2.890854
v -10.171177 -11.868575 -3.223622
v 5.875458 -13.175325 1.303646
v -5.827221 -8.606307 0.216245
v -6.324062 -9.031213 0.658989
v -3.052062 -6.519558 -3.373083
v -2.696002 -6.773633 -4.258296
v 8.648110 -9.761994 -4.262893
v -4.804643 -7.511040 -3.673429
v -4.253640 -7.155864 -3.293380
v -4.167456 -7.223363 -3.609140
v -7.441050 -8.537390 -0.519263
v -10.113881 -10.340884 -2.642759
v 7.447408 -10.535891 -5.227924
v -7.444549 -10.486038 -5.217125
v -8.018137 -8.380431 -1.816572
v -8.083004 -8.489127 -2.483217
v 1.749833 -8.112127 -5.887548
v 1.155973 -8.132132 -5.960745
v -1.861409 -7.930042 0.735117
v 2.360960 -7.661065 -5.426878
v 2.935557 -7.038672 -4.448879
v -3.356476 -6.708810 -3.432681
v -3.221325 -6.787684 -1.188504
v -1.851038 -9.637443 -6.604672
v -2.426156 -8.876989 -6.238984
v -5.524948 -7.712318 -1.516526
v -4.988573 -7.357854 -2.067590
v -5.558750 -7.602378 -2.135841
v -5.916391 -12.525790 1.639520
v -0.017092 -8.548362 1.293663
v -1.930470 -10.421530 2.523758
v -3.695588 -6.954691 -3.519452
v -3.793341 -6.896857 -3.200178
v -7.225821 -8.166291 -1.576678
v 1.059341 -11.823091 -6.675695
v -7.323989 -9.169188 0.413778
v -7.691845 -9.649078 0.824661
v -7.432455 -9.716541 0.936579
v 8.047352 -12.820105 0.773020
v -6.360677 -8.652055 0.188512
v -6.812478 -10.173383 1.371378
v -7.864562 -10.108309 1.147603
v -8.273783 -9.892272 0.897488
v -6.249111 -9.596477 1.170474
v 8.977312 -11.988428 -4.328800
v -8.430731 -8.977468 -3.374805
v 0.000000 -11.490181 3.011217
v 1.216382 -10.145334 -6.729982
v -5.394388 -7.836293 -3.700991
v -8.716916 -11.932507 -4.501843
v 8.519028 -11.608160 -4.722519
v -7.841046 -11.432107 -5.055879
v 8.478518 -9.971124 -4.539790
v -6.411347 -7.913220 -1.503656
v -2.967732 -7.002483 -4.333270
v -6.660100 -11.813447 -5.368904
v -9.110282 -12.852536 0.172951
v -4.950403 -7.491151 -1.441061
v -5.449294 -7.914469 -0.915123
v -9.920156 -9.895911 -2.518229
v -0.000893 -9.850107 2.205317
v -0.963609 -9.607151 2.113638
v 7.744991 -10.970700 1.501159
v 7.804540 -11.298264 1.508435
v 6.715995 -9.587903 -5.116323
v 6.243750 -9.233260 -5.060281
v 6.693630 -9.332721 -4.928399
v -7.894787 -8.342560 -1.872157
v 3.866820 -8.615489 -5.698473
v -1.518551 -9.801159 2.275470
v -6.724414 -8.266133 -3.372032
v -7.100250 -8.543370 -3.575718
v -7.100556 -8.416974 -3.299657
v 2.523061 -12.957019 2.776472
v 2.792707 -10.233893 2.226115
v -1.396636 -6.630672 -5.112319
v -3.217543 -13.861183 2.037297
v -4.020866 -13.817905 1.749110
v 0.000000 -10.702138 2.732559
v 7.184536 -9.679546 -4.967320
v 0.000000 -9.632871 -6.558957
v 7.152364 -9.439713 -4.805943
v -7.349006 -9.672558 -4.893071
v 7.955115 -12.230918 1.241168
v -8.098377 -13.287671 0.189050
v -8.565867 -13.247985 0.023111
v -7.465802 -11.113789 -5.260096
v -4.988573 -7.357854 -2.067590
v -4.322459 -7.115685 -2.969657
v -9.709871 -12.169175 -3.711379
v -1.482352 -9.030467 1.692306
v -6.780618 -7.987553 -2.147588
v -6.341402 -7.997201 -3.095383
v -6.737851 -8.157732 -3.073171
v -6.016250 -11.097979 1.773167
v -7.428659 -11.769551 -5.103305
v -7.452157 -11.440547 -5.198215
v 0.606634 -10.804126 2.807953
v -5.263822 -10.664860 1.840968
v -5.454424 -7.737807 -3.399704
v -6.269070 -8.681573 -4.423000
v -2.780145 -8.871925 1.396696
v -7.491521 -8.599727 -3.382636
v -9.091820 -13.146045 -0.222991
v 0.000000 -13.649426 2.685288
v -2.523061 -12.957019 2.776472
v -5.893156 -12.860538 1.499950
v -8.076239 -13.052812 0.502668
v -7.387249 -10.226748 1.300191
v -7.465802 -11.113789 -5.260096
v -2.917754 -6.444212 -1.770810
v -6.321712 -8.101344 -3.403591
v 2.952125 -10.880996 -6.831954
v -7.557831 -8.972020 -4.052502
v -8.062963 -8.953033 -3.680185
v -7.225821 -8.166291 -1.576678
v -7.233334 -8.279006 -1.035270
v -6.819825 -8.549183 -0.182165
v -4.415179 -7.158495 -1.992425
v -9.393478 -13.068707 -0.429068
v -7.444549 -10.486038 -5.217125
v 0.000000 -11.490181 3.011217
v -7.473042 -8.823341 -0.061736
v -7.453010 -8.672788 -0.284817
v -7.557812 -10.211952 1.262724
v 7.411783 -10.115681 -5.108047
v -7.246179 -8.501125 -0.516795
v -7.246179 -8.501125 -0.516795
v -7.157963 -8.625269 -0.255436
v -7.257420 -8.645799 -0.268851
v -8.045097 -12.792838 0.800053
v -8.045097 -12.792838 0.800053
v -5.602074 -9.524953 1.236950
v -9.026681 -10.240285 0.719612
v -4.874261 -7.423263 -3.362683
v 0.000000 -8.879724 -6.307601
v 0.000000 -9.632871 -6.558957
v -5.291853 -8.330932 -0.048184
v -2.557297 -6.085104 -3.243846
v -0.462037 -7.953343 0.907595
v 8.377549 -11.831076 1.307343
v -0.015076 -8.023147 0.979819
v -2.745159 -6.301232 -3.311884
v -2.217360 -6.139240 -4.048585
v -7.254380 -8.975568 -4.222312
v -5.036697 -12.605819 2.028852
v -9.260773 -12.133698 0.712255
v -9.915327 -11.772368 0.040470
v -5.003113 -12.988307 1.909312
v -7.541930 -9.152558 0.343307
v -7.993642 -8.537841 -2.781742
v -7.955821 -8.463351 -2.563537
v -7.114639 -8.123499 -2.149493
v -6.011334 -7.756475 -2.140574
v -8.126846 -8.559948 -2.689045
v 1.708005 -12.855693 2.975273
v -10.186411 -12.367523 -2.968146
v -10.070683 -12.298515 -3.228963
v 8.831316 -11.379063 -4.617954
v -5.864009 -8.437555 -0.050346
v -6.712712 -8.397126 -3.656398
v -6.689471 -8.833915 -4.368872
v -7.228904 -8.574692 -3.526741
v -10.037088 -10.014484 -1.590796
v 7.463248 -11.149779 -5.259471
v -2.161358 -7.073690 -0.142306
v -2.826972 -6.281552 -3.003650
v 0.529090 -13.739723 2.639270
v -7.224018 -8.452065 -3.255436
v 10.260366 -12.438733 -2.698324
v 10.372648 -12.277629 -2.051867
v 10.300075 -12.584203 -2.147208
v 0.000000 -8.879724 -6.307601
v -5.918242 -7.954903 -3.411925
v 8.098377 -13.287671 0.189050
v 8.076872 -13.065742 0.487512
v 3.217543 -13.861183 2.037297
v 4.020866 -13.817905 1.749110
v 4.819731 -12.136906 -5.971135
v -8.189545 -8.649251 -2.881427
v -8.334251 -8.674539 -2.770659
v -7.228904 -8.574692 -3.526741
v -7.221552 -8.162899 -2.133652
v 6.217400 -11.197405 -5.786019
v 7.326296 -9.484331 -4.766715
v 7.674552 -12.216299 1.298618
v 7.885027 -11.785142 1.433124
v 5.937689 -12.180937 1.731352
v -7.273616 -8.808107 -0.029916
v -7.404613 -10.066389 -5.090513
v -8.196774 -11.100245 1.414938
v 10.119806 -10.635372 -3.047846
v -4.432467 -10.563071 1.995793
v 0.000000 -6.632760 -5.361889
v -5.348922 -8.177521 -0.330610
v -7.221552 -8.162899 -2.133652
v 7.361531 -9.721295 -4.919864
v -9.347803 -9.147232 -2.225425
v -6.376101 -8.482120 -0.070105
v -3.279006 -6.599320 -1.777826
v -3.624818 -6.739891 -1.800974
v -7.257420 -8.645799 -0.268851
v 4.644207 -9.903063 1.668413
v 5.418915 -10.052749 1.579114
v -7.221213 -8.347522 -2.978555
v -1.710959 -7.073781 0.049099
v -4.415179 -7.158495 -1.992425
v -2.156227 -6.595304 -0.586459
v -1.866974 -6.910914 -0.143253
v -0.381873 -5.716187 -4.970898
v 0.000000 -6.206366 -5.189694
v 8.047352 -12.820105 0.773020
v 10.222657 -12.726799 -1.610617
v 6.262913 -8.767339 -4.557729
v 7.267793 -9.086881 -4.403603
v 8.586693 -8.971354 -3.188772
v 8.811926 -9.269341 -3.488874
v 7.108002 -8.881639 -4.183326
v 6.683805 -8.919062 -4.506547
v 7.346486 -10.016776 1.186165
v 7.111800 -9.049899 -4.437574
v -2.425017 -13.881147 2.307334
v 8.098377 -13.287671 0.189050
v 7.114639 -8.123499 -2.149493
v -8.098377 -13.287671 0.189050
v -7.428659 -11.769551 -5.103305
v 7.273616 -8.808107 -0.029916
v 2.515592 -6.117168 -1.665842
v 3.624818 -6.739891 -1.800974
v 7.221552 -8.162899 -2.133652
v -2.515592 -6.117168 -1.665842
v -0.518746 -11.761746 -6.636001
v 0.000000 -11.186638 -6.689912
v -7.273616 -8.808107 -0.029916
v -10.300075 -12.584203 -2.147208
v -0.009654 -9.162102 1.693901
v -6.396807 -7.854438 -2.126527
v -7.221552 -8.162899 -2.133652
v 0.000000 -5.718554 -4.990863
vt 0.137060 0.389056
vt 0.113123 0.399916
vt 0.137187 0.409197
vt 0.695076 0.989562
vt 0.706235 0.975524
vt 0.691124 0.974552
vt 0.830561 0.521914
vt 0.820912 0.494974
vt 0.812693 0.515069
vt 0.112509 0.353706
vt 0.089715 0.377213
vt 0.113398 0.380706
vt 0.051499 0.214107
vt 0.069296 0.199989
vt 0.056048 0.195716
vt 0.919459 0.376202
vt 0.934833 0.349732
vt 0.921933 0.347825
vt 0.165463 0.081460
vt 0.145928 0.096561
vt 0.163859 0.101776
vt 0.660998 0.271230
vt 0.666509 0.285966
vt 0.669152 0.272569
vt 0.028235 0.942774
vt 0.067137 0.957681
vt 0.069391 0.943082
vt 0.518422 0.819324
vt 0.493034 0.799142
vt 0.486569 0.810473
vt 0.165085 0.314340
vt 0.196922 0.293321
vt 0.165465 0.292632
vt 0.253839 0.935995
vt 0.287038 0.951258
vt 0.286784 0.930264
vt 0.895982 0.290650
vt 0.879569 0.303359
vt 0.897239 0.303655
vt 0.876897 0.489443
vt 0.872887 0.461318
vt 0.864313 0.485528
vt 0.512412 0.580879
vt 0.536577 0.595080
vt 0.520327 0.573828
vt 0.851366 0.556488
vt 0.853112 0.585623
vt 0.866349 0.558971
vt 0.567065 0.373316
vt 0.592742 0.383495
vt 0.590168 0.367101
vt 0.332274 0.943825
vt 0.355219 0.962882
vt 0.355164 0.939787
vt 0.352588 0.857858
vt 0.319938 0.832696
vt 0.328720 0.866566
vt 0.856690 0.507550
vt 0.862735 0.530147
vt 0.869583 0.510885
vt 0.734668 0.457186
vt 0.760244 0.478539
vt 0.738738 0.452028
vt 0.011493 0.330950
vt 0.020745 0.342188
vt 0.018188 0.329498
vt 0.602056 0.942591
vt 0.563088 0.927056
vt 0.562125 0.943356
vt 0.526228 0.746574
vt 0.512280 0.728351
vt 0.505093 0.739860
vt 0.893402 0.439848
vt 0.912569 0.417086
vt 0.900276 0.413850
vt 0.278378 0.515357
vt 0.284599 0.490257
vt 0.267589 0.496865
vt 0.431755 0.778504
vt 0.441626 0.796454
vt 0.450558 0.785447
vt 0.777793 0.442240
vt 0.746100 0.437435
vt 0.769282 0.461498
vt 0.728235 0.398839
vt 0.739485 0.383516
vt 0.735262 0.379824
vt 0.774978 0.344134
vt 0.759341 0.350770
vt 0.762630 0.356154
vt 0.615862 0.828734
vt 0.600131 0.790645
vt 0.587359 0.823916
vt 0.855256 0.454512
vt 0.881354 0.435995
vt 0.863921 0.429754
vt 0.534204 0.874873
vt 0.505382 0.850952
vt 0.500254 0.867974
vt 0.218552 0.693417
vt 0.223567 0.662372
vt 0.206249 0.669472
vt 0.267262 0.270465
vt 0.244292 0.247059
vt 0.243214 0.270723
vt 0.430982 0.346835
vt 0.454691 0.379994
vt 0.455199 0.345023
vt 0.243574 0.316208
vt 0.267325 0.293356
vt 0.242789 0.293881
vt 0.427923 0.725865
vt 0.453376 0.717930
vt 0.441886 0.709465
vt 0.752940 0.420107
vt 0.785712 0.423129
vt 0.759807 0.403160
vt 0.284051 0.194328
vt 0.292779 0.214822
vt 0.294449 0.193151
vt 0.692819 0.672686
vt 0.681819 0.693426
vt 0.685945 0.694548
vt 0.107558 0.253555
vt 0.135917 0.270516
vt 0.136569 0.247954
vt 0.315840 0.463573
vt 0.302581 0.485539
vt 0.319972 0.481766
vt 0.636106 0.266461
vt 0.610506 0.275635
vt 0.635563 0.280668
vt 0.528644 0.244327
vt 0.500958 0.268944
vt 0.531915 0.266644
vt 0.652163 0.761022
vt 0.639030 0.735377
vt 0.632864 0.759711
vt 0.004470 0.974730
vt 0.015577 0.988842
vt 0.019607 0.973829
vt 0.479358 0.408746
vt 0.453948 0.414455
vt 0.826547 0.530819
vt 0.808446 0.523624
vt 0.088943 0.394515
vt 0.316673 0.098539
vt 0.314143 0.114352
vt 0.322521 0.112912
vt 0.406131 0.347463
vt 0.430275 0.381509
vt 0.326026 0.393435
vt 0.298643 0.365899
vt 0.302984 0.397131
vt 0.259198 0.424479
vt 0.230572 0.408333
vt 0.231314 0.433917
vt 0.073570 0.906394
vt 0.040709 0.887114
vt 0.037055 0.907719
vt 0.448725 0.276315
vt 0.465116 0.249399
vt 0.444483 0.253173
vt 0.428550 0.302247
vt 0.425442 0.279308
vt 0.008154 0.290127
vt 0.004398 0.305417
vt 0.011791 0.303297
vt 0.597397 0.514637
vt 0.559443 0.507460
vt 0.575683 0.529745
vt 0.922404 0.333445
vt 0.935202 0.320069
vt 0.922302 0.319012
vt 0.314568 0.970671
vt 0.287535 0.973808
vt 0.304353 0.192283
vt 0.311689 0.213405
vt 0.313845 0.191800
vt 0.871004 0.588029
vt 0.861567 0.366295
vt 0.880548 0.342465
vt 0.863506 0.341197
vt 0.461477 0.803297
vt 0.885202 0.465411
vt 0.890289 0.492817
vt 0.898245 0.468987
vt 0.744639 0.361984
vt 0.731254 0.376456
vt 0.332391 0.156346
vt 0.361148 0.171742
vt 0.360365 0.153752
vt 0.421628 0.255943
vt 0.401542 0.281839
vt 0.893846 0.384690
vt 0.871213 0.405724
vt 0.888507 0.410569
vt 0.724048 0.396464
vt 0.291866 0.140144
vt 0.296563 0.117821
vt 0.286712 0.120057
vt 0.032358 0.927703
vt 0.024639 0.908064
vt 0.019196 0.927174
vt 0.666762 0.475217
vt 0.640100 0.458820
vt 0.651439 0.482954
vt 0.639754 0.928942
vt 0.674022 0.908453
vt 0.637560 0.906943
vt 0.323437 0.157237
vt 0.329138 0.134537
vt 0.320461 0.135651
vt 0.378091 0.454065
vt 0.357495 0.436177
vt 0.357340 0.453320
vt 0.060462 0.304218
vt 0.086672 0.313820
vt 0.085275 0.297405
vt 0.559245 0.543723
vt 0.592079 0.552458
vt 0.135498 0.292211
vt 0.108810 0.273519
vt 0.109906 0.292929
vt 0.582065 0.761130
vt 0.559732 0.741374
vt 0.553811 0.753692
vt 0.725876 0.464443
vt 0.750687 0.491290
vt 0.730363 0.461186
vt 0.552488 0.440049
vt 0.517318 0.417279
vt 0.525394 0.456997
vt 0.401357 0.872377
vt 0.436647 0.851781
vt 0.411837 0.842433
vt 0.909290 0.304159
vt 0.897957 0.317060
vt 0.909923 0.317968
vt 0.752512 0.371290
vt 0.766193 0.361680
vt 0.236116 0.200531
vt 0.208574 0.186891
vt 0.209351 0.202997
vt 0.587009 0.748546
vt 0.607368 0.767793
vt 0.611267 0.755436
vt 0.495811 0.722492
vt 0.493781 0.693232
vt 0.480299 0.716739
vt 0.516275 0.543151
vt 0.473474 0.518391
vt 0.503712 0.552969
vt 0.528361 0.533614
vt 0.541732 0.521572
vt 0.843365 0.398028
vt 0.847127 0.423511
vt 0.854402 0.400978
vt 0.034366 0.141803
vt 0.064109 0.164133
vt 0.067631 0.151474
vt 0.527784 0.623085
vt 0.532054 0.651886
vt 0.542222 0.628236
vt 0.667070 0.762891
vt 0.674976 0.739891
vt 0.670890 0.739023
vt 0.375596 0.479218
vt 0.391280 0.499535
vt 0.395000 0.481052
vt 0.083673 0.280045
vt 0.094480 0.227781
vt 0.126230 0.215135
vt 0.097439 0.208436
vt 0.064233 0.972050
vt 0.023804 0.958510
vt 0.944698 0.237674
vt 0.930658 0.255891
vt 0.945218 0.256758
vt 0.665575 0.403553
vt 0.672117 0.445348
vt 0.677285 0.443431
vt 0.610754 0.320960
vt 0.634364 0.309228
vt 0.610719 0.306333
vt 0.783951 0.473187
vt 0.797344 0.277375
vt 0.820324 0.297294
vt 0.812415 0.269366
vt 0.014302 0.942489
vt 0.665605 0.775027
vt 0.649993 0.773218
vt 0.424351 0.929810
vt 0.458125 0.916591
vt 0.424984 0.909802
vt 0.920741 0.291103
vt 0.916320 0.255282
vt 0.305794 0.414787
vt 0.284685 0.425877
vt 0.307054 0.421874
vt 0.641565 0.831967
vt 0.663628 0.797903
vt 0.646354 0.796148
vt 0.521211 0.675581
vt 0.525665 0.704798
vt 0.537754 0.680815
vt 0.542531 0.776367
vt 0.556722 0.816946
vt 0.572812 0.784409
vt 0.545922 0.710323
vt 0.533066 0.734612
vt 0.794644 0.261108
vt 0.805579 0.253071
vt 0.687006 0.959235
vt 0.696573 0.943284
vt 0.682658 0.943501
vt 0.897858 0.344321
vt 0.878485 0.368654
vt 0.895715 0.371398
vt 0.805350 0.342316
vt 0.822389 0.362039
vt 0.823779 0.340816
vt 0.757002 0.376504
vt 0.774069 0.372204
vt 0.670295 0.775733
vt 0.736774 0.427161
vt 0.742296 0.409696
vt 0.809847 0.489743
vt 0.775064 0.491311
vt 0.801398 0.509422
vt 0.607128 0.698805
vt 0.619358 0.730653
vt 0.627655 0.705932
vt 0.283058 0.418818
vt 0.279640 0.401208
vt 0.592451 0.667672
vt 0.578697 0.637140
vt 0.568464 0.661451
vt 0.917548 0.390090
vt 0.905464 0.387280
vt 0.421489 0.824725
vt 0.421220 0.788093
vt 0.400227 0.812438
vt 0.799324 0.386975
vt 0.808945 0.410947
vt 0.815787 0.391591
vt 0.619271 0.499838
vt 0.583037 0.491833
vt 0.755546 0.485394
vt 0.757516 0.292311
vt 0.761687 0.305389
vt 0.719684 0.417441
vt 0.723837 0.418721
vt 0.711796 0.473474
vt 0.745622 0.496490
vt 0.640524 0.844024
vt 0.438794 0.737075
vt 0.406386 0.763710
vt 0.633819 0.323200
vt 0.653611 0.342683
vt 0.654573 0.324366
vt 0.397117 0.946362
vt 0.378193 0.966782
vt 0.396389 0.970105
vt 0.044070 0.689366
vt 0.036431 0.714970
vt 0.049697 0.712420
vt 0.332772 0.967424
vt 0.313940 0.946930
vt 0.662590 0.713207
vt 0.652083 0.686886
vt 0.645481 0.711040
vt 0.585306 0.287439
vt 0.584875 0.270023
vt 0.503641 0.612966
vt 0.501280 0.639265
vt 0.512855 0.616430
vt 0.254262 0.976735
vt 0.288205 0.997240
vt 0.317935 0.236032
vt 0.320885 0.212977
vt 0.043933 0.358348
vt 0.023841 0.360280
vt 0.293514 0.509934
vt 0.888940 0.255539
vt 0.878054 0.290921
vt 0.846383 0.478937
vt 0.802788 0.313504
vt 0.823054 0.318842
vt 0.821945 0.307899
vt 0.818408 0.467112
vt 0.838399 0.447624
vt 0.827478 0.443129
vt 0.913366 0.518115
vt 0.904694 0.495594
vt 0.898046 0.516050
vt 0.744041 0.387715
vt 0.801008 0.431473
vt 0.356644 0.131234
vt 0.203330 0.124129
vt 0.228539 0.132988
vt 0.226509 0.120255
vt 0.560338 0.285864
vt 0.559168 0.266471
vt 0.534854 0.288128
vt 0.503679 0.589361
vt 0.528820 0.601430
vt 0.452224 0.299318
vt 0.469969 0.273079
vt 0.611880 0.537941
vt 0.136431 0.359782
vt 0.165469 0.335050
vt 0.135783 0.331511
vt 0.756259 0.345474
vt 0.765465 0.548916
vt 0.760153 0.510937
vt 0.740725 0.525197
vt 0.582177 0.692107
vt 0.557695 0.685837
vt 0.546107 0.555811
vt 0.576923 0.566246
vt 0.766832 0.387035
vt 0.792961 0.404676
vt 0.681025 0.468320
vt 0.678384 0.499390
vt 0.690796 0.491280
vt 0.770337 0.331379
vt 0.753313 0.340209
vt 0.292766 0.312816
vt 0.291236 0.291782
vt 0.104674 0.163016
vt 0.089364 0.171938
vt 0.102480 0.175772
vt 0.748426 0.366489
vt 0.679790 0.716832
vt 0.533601 0.564985
vt 0.146777 0.061710
vt 0.153244 0.075641
vt 0.157433 0.069983
vt 0.910057 0.331982
vt 0.909666 0.345972
vt 0.781921 0.362095
vt 0.491276 0.635464
vt 0.488935 0.662146
vt 0.221097 0.959258
vt 0.186898 0.943410
vt 0.187022 0.961456
vt 0.657073 0.298166
vt 0.655630 0.311473
vt 0.354858 0.916116
vt 0.331497 0.898821
vt 0.332001 0.920932
vt 0.685631 0.466145
vt 0.110734 0.311316
vt 0.135494 0.312371
vt 0.100161 0.190680
vt 0.083178 0.204323
vt 0.361932 0.813845
vt 0.364461 0.782984
vt 0.723427 0.335903
vt 0.744680 0.324123
vt 0.738923 0.313168
vt 0.658925 0.284724
vt 0.664185 0.299206
vt 0.404132 0.304569
vt 0.166954 0.269199
vt 0.198236 0.269704
vt 0.302362 0.214000
vt 0.177883 0.602664
vt 0.209090 0.577290
vt 0.199061 0.569286
vt 0.403036 0.430975
vt 0.426147 0.441348
vt 0.427382 0.433817
vt 0.496025 0.244955
vt 0.855501 0.547910
vt 0.313724 0.924726
vt 0.286240 0.910256
vt 0.130607 0.169251
vt 0.129139 0.182307
vt 0.430360 0.324502
vt 0.454355 0.322111
vt 0.498307 0.495970
vt 0.711499 0.359987
vt 0.730502 0.344704
vt 0.749052 0.392605
vt 0.169315 0.174265
vt 0.155877 0.186624
vt 0.169094 0.187685
vt 0.801472 0.303908
vt 0.768112 0.324921
vt 0.948562 0.336414
vt 0.948088 0.351657
vt 0.656374 0.451515
vt 0.626020 0.419172
vt 0.837185 0.553264
vt 0.822199 0.539079
vt 0.817305 0.546883
vt 0.587832 0.342718
vt 0.611511 0.342798
vt 0.668355 0.690176
vt 0.658754 0.662844
vt 0.707309 0.450976
vt 0.792535 0.452572
vt 0.464940 0.530500
vt 0.495630 0.561215
vt 0.459419 0.748298
vt 0.473291 0.727995
vt 0.624592 0.794281
vt 0.629932 0.771806
vt 0.551014 0.586818
vt 0.772623 0.337788
vt 0.675847 0.715837
vt 0.513028 0.768410
vt 0.720472 0.447332
vt 0.724620 0.445900
vt 0.512208 0.484511
vt 0.925665 0.420197
vt 0.943732 0.395918
vt 0.930417 0.392986
vt 0.729764 0.436028
vt 0.732322 0.423115
vt 0.468985 0.791902
vt 0.474857 0.754205
vt 0.907357 0.373672
vt 0.719063 0.437866
vt 0.932307 0.378841
vt 0.945579 0.381528
vt 0.728485 0.443895
vt 0.723113 0.437443
vt 0.731832 0.440436
vt 0.726886 0.436763
vt 0.850399 0.364869
vt 0.852194 0.340674
vt 0.698332 0.453551
vt 0.455338 0.545260
vt 0.399103 0.746851
vt 0.912207 0.471997
vt 0.803780 0.369466
vt 0.804932 0.360575
vt 0.532211 0.470177
vt 0.073173 0.182645
vt 0.076533 0.167984
vt 0.062222 0.319147
vt 0.087859 0.329514
vt 0.897336 0.234027
vt 0.902403 0.255156
vt 0.060321 0.178693
vt 0.602560 0.958024
vt 0.561992 0.960168
vt 0.191140 0.032128
vt 0.209978 0.025420
vt 0.188890 0.027424
vt 0.728030 0.420457
vt 0.706216 0.438843
vt 0.707063 0.414209
vt 0.597085 0.723529
vt 0.711598 0.389869
vt 0.539142 0.327171
vt 0.564827 0.346494
vt 0.562986 0.321547
vt 0.249922 0.115312
vt 0.253165 0.127900
vt 0.071266 0.928407
vt 0.399541 0.455614
vt 0.379546 0.436775
vt 0.111432 0.328700
vt 0.089209 0.352634
vt 0.201671 0.101053
vt 0.214571 0.076578
vt 0.196549 0.079343
vt 0.081963 0.262158
vt 0.215150 0.040348
vt 0.232186 0.035193
vt 0.212887 0.034974
vt 0.395387 0.994707
vt 0.423414 0.973356
vt 0.332242 0.191554
vt 0.358677 0.211760
vt 0.360571 0.191483
vt 0.616863 0.674445
vt 0.644271 0.657037
vt 0.626411 0.650286
vt 0.402235 0.438177
vt 0.379982 0.429591
vt 0.571240 0.716707
vt 0.703191 0.385365
vt 0.719445 0.366651
vt 0.558913 0.632545
vt 0.548650 0.656703
vt 0.732600 0.401672
vt 0.632662 0.523215
vt 0.636608 0.490001
vt 0.919661 0.498045
vt 0.517362 0.646026
vt 0.388102 0.751250
vt 0.393854 0.770009
vt 0.610139 0.259586
vt 0.104223 0.988702
vt 0.060956 0.986284
vt 0.310770 0.247902
vt 0.290308 0.269749
vt 0.312696 0.268793
vt 0.355741 0.984875
vt 0.355758 0.962145
vt 0.947795 0.306174
vt 0.934624 0.305484
vt 0.935323 0.334929
vt 0.882098 0.560814
vt 0.888869 0.589870
vt 0.898258 0.562320
vt 0.873496 0.541444
vt 0.859238 0.539166
vt 0.510085 0.334136
vt 0.476596 0.318988
vt 0.477965 0.341320
vt 0.849470 0.527288
vt 0.331009 0.435759
vt 0.310486 0.438880
vt 0.380735 0.411731
vt 0.405767 0.381014
vt 0.381439 0.380215
vt 0.488742 0.733724
vt 0.357499 0.428910
vt 0.836143 0.419647
vt 0.861632 0.236426
vt 0.850246 0.259681
vt 0.869475 0.257050
vt 0.741048 0.357657
vt 0.328047 0.411523
vt 0.096265 0.142016
vt 0.113102 0.127524
vt 0.101572 0.123949
vt 0.373562 0.497772
vt 0.386919 0.520544
vt 0.928614 0.235856
vt 0.449147 0.700012
vt 0.451490 0.673410
vt 0.436661 0.691659
vt 0.079559 0.223496
vt 0.901352 0.553543
vt 0.888694 0.543261
vt 0.885459 0.552030
vt 0.443206 0.466062
vt 0.421976 0.458943
vt 0.602664 0.904812
vt 0.570081 0.878779
vt 0.565573 0.903374
vt 0.092001 0.159276
vt 0.108389 0.145663
vt 0.379992 0.151995
vt 0.182728 0.900535
vt 0.148022 0.926887
vt 0.185896 0.925966
vt 0.305059 0.174462
vt 0.294240 0.160564
vt 0.294851 0.175476
vt 0.332993 0.172837
vt 0.508059 0.313534
vt 0.218921 0.293720
vt 0.444240 0.537902
vt 0.646570 0.972562
vt 0.606558 0.989011
vt 0.649776 0.986792
vt 0.219726 0.270452
vt 0.163203 0.065789
vt 0.178611 0.046646
vt 0.153715 0.056697
vt 0.079630 0.155358
vt 0.258378 0.480699
vt 0.267451 0.448817
vt 0.246918 0.458794
vt 0.898156 0.330679
vt 0.380714 0.170922
vt 0.196986 0.316100
vt 0.198223 0.338450
vt 0.296785 0.467614
vt 0.380214 0.305776
vt 0.356905 0.327153
vt 0.381131 0.326833
vt 0.355741 0.264482
vt 0.378582 0.283798
vt 0.376553 0.261263
vt 0.009479 0.150609
vt 0.026141 0.169614
vt 0.030198 0.155060
vt 0.219452 0.316618
vt 0.036773 0.310642
vt 0.220838 0.940175
vt 0.219858 0.921776
vt 0.463910 0.679544
vt 0.460720 0.707269
vt 0.475238 0.685022
vt 0.333426 0.991398
vt 0.674248 0.667495
vt 0.029958 0.098508
vt 0.041054 0.123533
vt 0.048882 0.105446
vt 0.090286 0.120213
vt 0.084565 0.103956
vt 0.079317 0.116410
vt 0.397977 0.903056
vt 0.428101 0.880366
vt 0.770414 0.498760
vt 0.539036 0.858495
vt 0.573925 0.863061
vt 0.145649 0.903177
vt 0.177135 0.874707
vt 0.141233 0.878453
vt 0.505158 0.292030
vt 0.311570 0.136899
vt 0.314276 0.158208
vt 0.668554 0.874309
vt 0.673217 0.848101
vt 0.665257 0.847143
vt 0.528529 0.900558
vt 0.583760 0.439250
vt 0.558783 0.453737
vt 0.829332 0.472023
vt 0.697460 0.439559
vt 0.698496 0.412005
vt 0.491078 0.760891
vt 0.737251 0.405208
vt 0.606043 0.477044
vt 0.624336 0.466518
vt 0.822553 0.599443
vt 0.818761 0.577739
vt 0.803734 0.594001
vt 0.493348 0.609411
vt 0.862137 0.303624
vt 0.280810 0.239491
vt 0.260952 0.218084
vt 0.259750 0.240778
vt 0.906069 0.443340
vt 0.355908 0.939042
vt 0.379161 0.920278
vt 0.356314 0.915361
vt 0.777415 0.350401
vt 0.702173 0.479751
vt 0.728856 0.510330
vt 0.366988 0.755697
vt 0.299628 0.842875
vt 0.310029 0.872951
vt 0.506221 0.669345
vt 0.541788 0.355309
vt 0.033172 0.874123
vt 0.042812 0.872673
vt 0.356826 0.477895
vt 0.356333 0.496391
vt 0.761036 0.570249
vt 0.748000 0.559532
vt 0.642956 0.412081
vt 0.837873 0.262068
vt 0.840959 0.240342
vt 0.827921 0.243892
vt 0.486478 0.571207
vt 0.494479 0.894803
vt 0.491313 0.921620
vt 0.304634 0.159302
vt 0.314675 0.173737
vt 0.416792 0.712190
vt 0.429627 0.699512
vt 0.489909 0.959085
vt 0.456676 0.976420
vt 0.490205 0.978961
vt 0.253072 0.916896
vt 0.041247 0.738174
vt 0.055043 0.736103
vt 0.601145 0.414650
vt 0.569383 0.391590
vt 0.577380 0.425781
vt 0.606378 0.427878
vt 0.725838 0.533558
vt 0.716815 0.519063
vt 0.649779 0.514137
vt 0.664283 0.507744
vt 0.289366 0.442881
vt 0.271919 0.109790
vt 0.276136 0.122554
vt 0.295643 0.075150
vt 0.288082 0.054973
vt 0.282326 0.058233
vt 0.221275 0.339483
vt 0.250349 0.888669
vt 0.283260 0.880812
vt 0.524562 0.808006
vt 0.274565 0.369507
vt 0.216363 0.722655
vt 0.225120 0.705320
vt 0.209630 0.711117
vt 0.170820 0.534794
vt 0.176394 0.555029
vt 0.183907 0.542925
vt 0.859741 0.378338
vt 0.524162 0.943394
vt 0.320517 0.750522
vt 0.289856 0.753480
vt 0.314194 0.768654
vt 0.237581 0.442567
vt 0.457273 0.935686
vt 0.490250 0.940010
vt 0.537202 0.308138
vt 0.328887 0.418743
vt 0.203187 0.699384
vt 0.231900 0.716988
vt 0.244267 0.696594
vt 0.670982 0.834050
vt 0.668872 0.798508
vt 0.261288 0.431824
vt 0.838325 0.501696
vt 0.880765 0.329270
vt 0.863631 0.328494
vt 0.044920 0.762053
vt 0.042402 0.786819
vt 0.047367 0.786178
vt 0.203709 0.428499
vt 0.262159 0.086723
vt 0.242122 0.092488
vt 0.523959 0.961429
vt 0.166604 0.365990
vt 0.167883 0.397601
vt 0.456565 0.997955
vt 0.450659 0.448899
vt 0.356661 0.306344
vt 0.084466 0.138132
vt 0.168073 0.419150
vt 0.204675 0.405643
vt 0.781725 0.583996
vt 0.777903 0.557877
vt 0.904412 0.544839
vt 0.891840 0.534417
vt 0.216815 0.894936
vt 0.244339 0.860543
vt 0.211122 0.867961
vt 0.057345 0.272619
vt 0.058853 0.288612
vt 0.108906 0.927004
vt 0.108519 0.904436
vt 0.206693 0.011771
vt 0.182379 0.013608
vt 0.845757 0.536322
vt 0.106053 0.111284
vt 0.117065 0.114883
vt 0.786952 0.531583
vt 0.368808 0.105661
vt 0.376217 0.128919
vt 0.238378 0.841955
vt 0.205659 0.849914
vt 0.095180 0.107624
vt 0.045805 0.378356
vt 0.027063 0.390857
vt 0.046202 0.391871
vt 0.907427 0.536113
vt 0.512556 0.364984
vt 0.544563 0.384357
vt 0.300313 0.102357
vt 0.305599 0.115954
vt 0.852243 0.328371
vt 0.863201 0.315922
vt 0.851739 0.316162
vt 0.880456 0.316188
vt 0.803851 0.531338
vt 0.798679 0.538425
vt 0.066263 0.377613
vt 0.073301 0.883553
vt 0.103256 0.864774
vt 0.072192 0.868465
vt 0.017317 0.360809
vt 0.026189 0.378585
vt 0.029797 0.888357
vt 0.294828 0.333663
vt 0.270315 0.336214
vt 0.848687 0.292699
vt 0.546709 0.403614
vt 0.637941 0.884213
vt 0.607962 0.866058
vt 0.605340 0.881079
vt 0.201460 0.372035
vt 0.613506 0.364775
vt 0.065675 0.392637
vt 0.261436 0.197300
vt 0.282786 0.215815
vt 0.342768 0.093164
vt 0.394417 0.725797
vt 0.316878 0.310327
vt 0.460980 0.888379
vt 0.302144 0.138368
vt 0.478654 0.375043
vt 0.422647 0.996788
vt 0.765487 0.505238
vt 0.870043 0.550238
vt 0.086514 0.186721
vt 0.633443 0.343111
vt 0.670489 0.887947
vt 0.586480 0.319610
vt 0.635966 0.681422
vt 0.820803 0.372208
vt 0.030593 0.692534
vt 0.038312 0.666662
vt 0.024215 0.670520
vt 0.261035 0.066812
vt 0.255348 0.048274
vt 0.248375 0.049926
vt 0.034536 0.296539
vt 0.792289 0.524988
vt 0.503470 0.471892
vt 0.065690 0.355476
vt 0.391563 0.832118
vt 0.797025 0.517668
vt 0.180526 0.651877
vt 0.184955 0.623114
vt 0.170496 0.628181
vt 0.482851 0.430892
vt 0.073026 0.134189
vt 0.041234 0.338605
vt 0.908187 0.290788
vt 0.169066 0.244782
vt 0.200306 0.245605
vt 0.657101 0.736868
vt 0.454320 0.521637
vt 0.639095 0.869907
vt 0.369490 0.730668
vt 0.386147 0.728248
vt 0.525242 0.925963
vt 0.476776 0.493687
vt 0.486611 0.505434
vt 0.835328 0.582177
vt 0.271594 0.083719
vt 0.314709 0.289616
vt 0.480138 0.631381
vt 0.478200 0.657755
vt 0.340527 0.059629
vt 0.361545 0.089524
vt 0.883299 0.513717
vt 0.020647 0.390468
vt 0.025557 0.418578
vt 0.466314 0.652901
vt 0.169445 0.597258
vt 0.190198 0.562727
vt 0.357423 0.410717
vt 0.803935 0.323225
vt 0.409644 0.502136
vt 0.415266 0.484004
vt 0.250275 0.372837
vt 0.255655 0.405709
vt 0.509119 0.699286
vt 0.255804 0.690390
vt 0.251520 0.707628
vt 0.263126 0.700437
vt 0.418217 0.526154
vt 0.403015 0.522734
vt 0.267729 0.246762
vt 0.225391 0.557769
vt 0.206596 0.558430
vt 0.217014 0.567264
vt 0.307581 0.721602
vt 0.277483 0.718704
vt 0.299208 0.739288
vt 0.613087 0.840096
vt 0.275651 0.692156
vt 0.289327 0.706975
vt 0.250377 0.533903
vt 0.228318 0.508069
vt 0.848631 0.376418
vt 0.309298 0.505898
vt 0.876796 0.532497
vt 0.371184 0.518956
vt 0.355741 0.517644
vt 0.463281 0.508219
vt 0.063807 0.784466
vt 0.048249 0.818375
vt 0.068121 0.816094
vt 0.237131 0.685313
vt 0.234320 0.658042
vt 0.134660 0.773029
vt 0.152354 0.741176
vt 0.125042 0.748185
vt 0.128027 0.089107
vt 0.059834 0.760277
vt 0.246838 0.040718
vt 0.139100 0.121510
vt 0.136536 0.133754
vt 0.160745 0.125832
vt 0.159610 0.137795
vt 0.174667 0.680761
vt 0.166335 0.710211
vt 0.186616 0.704801
vt 0.252147 0.069141
vt 0.240161 0.051027
vt 0.308569 0.100376
vt 0.082366 0.431946
vt 0.054372 0.460750
vt 0.071979 0.466788
vt 0.196567 0.042567
vt 0.193649 0.037122
vt 0.313268 0.903634
vt 0.248099 0.800428
vt 0.223276 0.807556
vt 0.127416 0.831571
vt 0.097614 0.836302
vt 0.266523 0.833673
vt 0.267556 0.793707
vt 0.378790 0.943178
vt 0.397428 0.924152
vt 0.015200 0.316441
vt 0.039062 0.324783
vt 0.155316 0.201957
vt 0.126061 0.573301
vt 0.163124 0.547096
vt 0.148572 0.536593
vt 0.231544 0.030705
vt 0.241597 0.028112
vt 0.231332 0.026369
vt 0.221254 0.246959
vt 0.241071 0.032186
vt 0.251268 0.030795
vt 0.191231 0.675622
vt 0.154705 0.685668
vt 0.140989 0.716450
vt 0.121528 0.056454
vt 0.109712 0.081467
vt 0.128060 0.060154
vt 0.211234 0.030053
vt 0.240713 0.036166
vt 0.249855 0.034618
vt 0.233695 0.040007
vt 0.241484 0.040315
vt 0.248262 0.038108
vt 0.209285 0.221754
vt 0.235220 0.241739
vt 0.235995 0.220309
vt 0.156585 0.173281
vt 0.233541 0.169739
vt 0.205768 0.155721
vt 0.207393 0.173243
vt 0.144080 0.661232
vt 0.130198 0.691796
vt 0.063894 0.333687
vt 0.280833 0.142183
vt 0.283164 0.162011
vt 0.841732 0.544936
vt 0.524607 0.980100
vt 0.564573 0.994757
vt 0.562972 0.977364
vt 0.946989 0.291952
vt 0.584490 0.252071
vt 0.220716 0.979139
vt 0.186294 0.980135
vt 0.426830 0.506456
vt 0.434172 0.489256
vt 0.381498 0.347768
vt 0.444472 0.834363
vt 0.203820 0.055177
vt 0.186493 0.058397
vt 0.467078 0.860396
vt 0.163999 0.765469
vt 0.147755 0.803324
vt 0.179446 0.794918
vt 0.260672 0.179979
vt 0.259244 0.165521
vt 0.561656 0.304210
vt 0.084659 0.705353
vt 0.073116 0.734719
vt 0.092809 0.730112
vt 0.661225 0.324604
vt 0.209142 0.613135
vt 0.211355 0.639434
vt 0.221375 0.635690
vt 0.106386 0.440193
vt 0.132592 0.451266
vt 0.221861 0.052786
vt 0.585830 0.303894
vt 0.602362 0.643334
vt 0.159016 0.824867
vt 0.191484 0.816215
vt 0.018136 0.202416
vt 0.172180 0.081949
vt 0.269129 0.064224
vt 0.214172 0.751056
vt 0.230464 0.744722
vt 0.168602 0.220922
vt 0.065810 0.537091
vt 0.105686 0.511948
vt 0.081720 0.499897
vt 0.014675 0.476219
vt 0.012290 0.462824
vt 0.009565 0.474830
vt 0.290406 0.238739
vt 0.662445 0.312133
vt 0.210370 0.786476
vt 0.245896 0.739013
vt 0.250434 0.772339
vt 0.267163 0.766121
vt 0.299667 0.237909
vt 0.066810 0.710354
vt 0.204424 0.002547
vt 0.235105 0.183775
vt 0.219450 0.609639
vt 0.232530 0.631671
vt 0.221735 0.097400
vt 0.233232 0.073174
vt 0.158517 0.018792
vt 0.139007 0.044424
vt 0.168342 0.032182
vt 0.133348 0.151659
vt 0.108281 0.779309
vt 0.127752 0.197422
vt 0.158140 0.155563
vt 0.231284 0.151871
vt 0.256902 0.146860
vt 0.641555 0.943608
vt 0.643737 0.958199
vt 0.379762 0.898159
vt 0.323088 0.191593
vt 0.055182 0.093347
vt 0.057984 0.062897
vt 0.037021 0.086555
vt 0.634987 0.294926
vt 0.106628 0.973194
vt 0.146232 0.994636
vt 0.147910 0.977234
vt 0.260627 0.045738
vt 0.264725 0.042560
vt 0.053825 0.662103
vt 0.076494 0.680806
vt 0.068335 0.656384
vt 0.268153 0.038980
vt 0.042074 0.819118
vt 0.129992 0.050022
vt 0.123792 0.032708
vt 0.112683 0.038954
vt 0.276117 0.061340
vt 0.161534 0.463833
vt 0.185366 0.475415
vt 0.282095 0.107082
vt 0.280372 0.080750
vt 0.062976 0.491862
vt 0.192598 0.758087
vt 0.199865 0.728420
vt 0.179050 0.734564
vt 0.288291 0.077901
vt 0.171270 0.126550
vt 0.315467 0.995270
vt 0.146610 0.728812
vt 0.172556 0.722433
vt 0.163911 0.656599
vt 0.153789 0.632394
vt 0.193076 0.716684
vt 0.268364 0.314898
vt 0.168928 0.203157
vt 0.154719 0.219600
vt 0.604226 0.973509
vt 0.100751 0.754934
vt 0.084727 0.782970
vt 0.191506 0.530645
vt 0.214438 0.495038
vt 0.850586 0.304215
vt 0.117731 0.487104
vt 0.136948 0.512310
vt 0.144005 0.500003
vt 0.231323 0.013363
vt 0.170058 0.156595
vt 0.882555 0.234397
vt 0.013680 0.136681
vt 0.175005 0.041503
vt 0.148851 0.052461
vt 0.428743 0.414782
vt 0.404395 0.413087
vt 0.266194 0.728470
vt 0.455981 0.439669
vt 0.488186 0.483722
vt 0.178574 0.522403
vt 0.195243 0.646102
vt 0.245548 0.338471
vt 0.225843 0.374165
vt 0.095629 0.673942
vt 0.110301 0.642930
vt 0.086224 0.649739
vt 0.108944 0.942253
vt 0.344957 0.756557
vt 0.274795 0.852085
vt 0.163859 0.512009
vt 0.156174 0.524318
vt 0.177935 0.004302
vt 0.398331 0.258364
vt 0.284594 0.019570
vt 0.305517 0.044931
vt 0.317721 0.038212
vt 0.843059 0.603763
vt 0.079136 0.759084
vt 0.070569 0.840080
vt 0.324862 0.064709
vt 0.302721 0.072476
vt 0.091973 0.813484
vt 0.948392 0.321124
vt 0.118891 0.085248
vt 0.354241 0.892688
vt 0.405597 0.326075
vt 0.092531 0.475279
vt 0.065121 0.218829
vt 0.933741 0.291507
vt 0.022129 0.185619
vt 0.860359 0.291741
vt 0.060354 0.686172
vt 0.202210 0.485712
vt 0.032339 0.282482
vt 0.330076 0.212653
vt 0.120068 0.667313
vt 0.105219 0.698348
vt 0.170688 0.138633
vt 0.349715 0.814674
vt 0.310704 0.812367
vt 0.678222 0.875826
vt 0.681387 0.889249
vt 0.633907 0.363133
vt 0.615684 0.379018
vt 0.634965 0.376082
vt 0.171611 0.036726
vt 0.514969 0.396450
vt 0.289438 0.824297
vt 0.034005 0.468163
vt 0.020236 0.451755
vt 0.017647 0.464053
vt 0.456875 0.955505
vt 0.472681 0.842850
vt 0.276962 0.472911
vt 0.219998 0.999458
vt 0.185109 0.999159
vt 0.358842 0.857069
vt 0.653403 0.361077
vt 0.357048 0.347965
vt 0.653832 0.372923
vt 0.019694 0.378594
vt 0.691760 0.927969
vt 0.376186 0.230471
vt 0.356077 0.232231
vt 0.008253 0.318305
vt 0.088110 0.549261
vt 0.129986 0.524594
vt 0.124619 0.234288
vt 0.287458 0.785784
vt 0.017683 0.518840
vt 0.047011 0.486322
vt 0.030395 0.480773
vt 0.105946 0.880587
vt 0.000206 0.196377
vt 0.002860 0.180695
vt 0.382687 0.865899
vt 0.137197 0.861857
vt 0.087095 0.487562
vt 0.061285 0.426180
vt 0.233400 0.778962
vt 0.101891 0.045992
vt 0.327142 0.235047
vt 0.355142 0.985605
vt 0.254151 0.955817
vt 0.108366 0.957699
vt 0.378458 0.211111
vt 0.046346 0.843534
vt 0.005856 0.165338
vt 0.199913 0.616546
vt 0.051023 0.473457
vt 0.474014 0.296368
vt 0.074540 0.068368
vt 0.100598 0.077832
vt 0.026463 0.693632
vt 0.032483 0.715941
vt 0.057526 0.748142
vt 0.109428 0.561367
vt 0.308810 0.236997
vt 0.014162 0.343201
vt 0.357031 0.891922
vt 0.255392 0.018575
vt 0.243490 0.015504
vt 0.038573 0.844663
vt 0.660149 0.342447
vt 0.231304 0.004535
vt 0.037158 0.739017
vt 0.043230 0.750039
vt 0.038976 0.750821
vt 0.380143 0.191296
vt 0.009103 0.958843
vt 0.118545 0.809591
vt 0.291592 0.104565
vt 0.111659 0.499521
vt 0.322600 0.362273
vt 0.319147 0.331028
vt 0.120096 0.735623
vt 0.214540 0.547803
vt 0.323461 0.728199
vt 0.797662 0.569285
vt 0.342578 0.731523
vt 0.205135 0.539668
vt 0.238520 0.519769
vt 0.019559 0.417551
vt 0.148910 0.943203
vt 0.323914 0.173222
vt 0.284049 0.176752
vt 0.148966 0.960028
vt 0.277848 0.027423
vt 0.135661 0.053820
vt 0.143953 0.048388
vt 0.004414 0.512257
vt 0.047789 0.530102
vt 0.141260 0.057708
vt 0.424007 0.950805
vt 0.168173 0.239941
vt 0.154089 0.238511
vt 0.921718 0.304805
vt 0.096819 0.742527
vt 0.037078 0.455621
vt 0.043387 0.421920
vt 0.014677 0.450610
vt 0.204171 0.136891
vt 0.912754 0.234507
vt 0.248483 0.679899
vt 0.197502 0.551203
vt 0.377440 0.990759
vt 0.101007 0.031706
vt 0.939216 0.423236
vt 0.919562 0.446436
vt 0.933516 0.449316
vt 0.357230 0.379382
vt 0.067646 0.479263
vt 0.882572 0.608998
vt 0.863041 0.606748
vt 0.490839 0.999277
vt 0.525711 0.999117
vt 0.558088 0.246511
vt 0.134530 0.063953
vt 0.140900 0.067841
vt 0.088839 0.039353
vt 0.019720 0.671741
vt 0.610727 0.291311
vt 0.660145 0.371814
vt 0.678613 0.928432
vt 0.686421 0.908861
vt 0.602167 0.927357
vt 0.258249 0.010257
vt 0.020982 0.117295
vt 0.349450 0.108641
vt 0.876617 0.381379
vt 0.172009 0.857350
vt 0.334328 0.460113
vt 0.115115 0.723120
vt 0.151824 0.009787
vt 0.659849 0.360330
vt 0.173033 0.102835
vt 0.076171 0.746916
vt 0.154158 0.590727
vt 0.140240 0.583689
vt 0.244792 0.006930
vt 0.550930 0.828170
vt 0.582843 0.835091
vt 0.113436 0.024905
vt 0.268364 0.683364
vt 0.133989 0.636874
vt 0.246227 0.653257
vt 0.260930 0.673836
vt 0.324744 0.502531
vt 0.336926 0.478428
vt 0.701684 0.959639
vt 0.926678 0.474698
vt 0.622172 0.406258
vt 0.662427 0.392334
vt 0.804820 0.332890
vt 0.823661 0.329891
vt 0.659882 0.405646
vt 0.639424 0.399856
vt 0.663905 0.833653
vt 0.656624 0.394175
vt 0.254284 0.998272
vt 0.710418 0.991041
vt 0.688330 0.671438
vt 0.000206 0.990249
vt 0.000206 0.292410
vt 0.671529 0.763644
vt 0.520620 0.608998
vt 0.564032 0.578212
vt 0.694726 0.488651
vt 0.186903 0.609227
vt 0.289712 0.247116
vt 0.356249 0.285441
vt 0.040459 0.762777
vt 0.208732 0.241955
vt 0.347346 0.783837
vt 0.032653 0.525467
vt 0.000206 0.510113
vt 0.339933 0.499470
vn -0.3295 0.5852 -0.7409
vn -0.3769 0.6576 -0.6523
vn -0.3569 0.6744 -0.6464
vn 0.2216 -0.7577 0.6138
vn 0.2092 -0.7539 0.6227
vn 0.2048 -0.7291 0.6530
vn 0.7697 -0.0793 0.6335
vn 0.8218 0.1570 0.5477
vn 0.7354 0.0967 0.6707
vn -0.3551 0.4182 -0.8361
vn -0.3742 0.5426 -0.7520
vn -0.3610 0.5615 -0.7446
vn -0.4277 -0.2469 -0.8696
vn -0.4925 -0.2099 -0.8446
vn -0.4358 -0.2070 -0.8759
vn 0.7999 -0.1132 -0.5894
vn 0.6426 -0.2589 -0.7212
vn 0.6852 -0.1579 -0.7110
vn -0.5134 0.8414 -0.1688
vn -0.5369 0.7795 -0.3226
vn -0.6065 0.7618 -0.2279
vn 0.3354 -0.3098 -0.8897
vn 0.3290 -0.2489 -0.9109
vn 0.3142 -0.2927 -0.9031
vn -0.1688 -0.5708 0.8035
vn -0.2868 -0.5643 0.7741
vn -0.2607 -0.4871 0.8335
vn 0.1495 0.4662 0.8719
vn 0.1661 0.5450 0.8218
vn 0.1771 0.5037 0.8455
vn -0.2238 0.1697 -0.9597
vn -0.1186 0.0473 -0.9918
vn -0.2341 -0.0292 -0.9718
vn -0.2250 -0.0635 0.9723
vn -0.1582 -0.2556 0.9538
vn -0.1799 -0.0228 0.9834
vn 0.4619 0.1404 -0.8757
vn 0.5377 0.3195 -0.7802
vn 0.5344 0.1360 -0.8342
vn 0.9327 -0.1724 0.3167
vn 0.9815 0.0412 0.1871
vn 0.9412 -0.0504 0.3341
vn 0.6916 0.7178 0.0805
vn 0.5098 0.8240 0.2473
vn 0.5698 0.8193 0.0634
vn 0.4602 -0.5880 0.6652
vn 0.3011 -0.6973 0.6504
vn 0.4486 -0.6826 0.5769
vn 0.3604 0.5591 -0.7466
vn 0.3676 0.6374 -0.6772
vn 0.3742 0.5399 -0.7540
vn 0.0283 -0.1951 0.9804
vn -0.0000 -0.3628 0.9319
vn 0.0000 -0.1609 0.9870
vn -0.0001 0.4289 0.9034
vn 0.0574 0.5287 0.8469
vn 0.0357 0.3910 0.9197
vn 0.8653 -0.1584 0.4757
vn 0.7425 -0.4249 0.5178
vn 0.8451 -0.3044 0.4395
vn 0.2624 0.7317 0.6291
vn 0.4088 0.6415 0.6491
vn 0.3147 0.7490 0.5831
vn -0.3605 0.0775 -0.9295
vn -0.3732 0.2259 -0.8998
vn -0.3808 0.0722 -0.9218
vn 0.3552 -0.3231 0.8772
vn 0.3592 -0.0599 0.9313
vn 0.3919 -0.2212 0.8930
vn 0.2412 0.7158 0.6554
vn 0.3331 0.6971 0.6349
vn 0.2980 0.6633 0.6865
vn 0.9988 0.0066 0.0495
vn 0.9801 -0.0876 -0.1783
vn 0.9891 0.0443 -0.1405
vn -0.5737 0.4596 -0.6779
vn -0.3736 0.4279 -0.8230
vn -0.5441 0.4789 -0.6889
vn 0.0150 0.6278 0.7782
vn 0.1130 0.5665 0.8163
vn 0.1341 0.5779 0.8050
vn 0.5587 0.7195 0.4126
vn 0.3678 0.7904 0.4900
vn 0.4781 0.6732 0.5642
vn 0.2331 0.9317 0.2785
vn 0.3041 0.9451 0.1193
vn 0.2702 0.9564 0.1105
vn 0.3802 0.8872 -0.2614
vn 0.3283 0.9327 -0.1495
vn 0.3564 0.9255 -0.1279
vn 0.1650 0.4986 0.8510
vn 0.1438 0.6686 0.7296
vn 0.1752 0.5220 0.8347
vn 0.9683 0.1626 0.1897
vn 0.9918 0.1136 0.0586
vn 0.9748 0.2159 0.0563
vn 0.2416 0.2480 0.9382
vn 0.2005 0.4031 0.8929
vn 0.2211 0.3113 0.9242
vn -0.2258 0.7763 0.5886
vn -0.3547 0.7593 0.5455
vn -0.2927 0.8105 0.5074
vn 0.0988 -0.0809 -0.9918
vn 0.1081 -0.1073 -0.9883
vn 0.0875 -0.0638 -0.9941
vn 0.0184 0.3305 -0.9436
vn 0.1138 0.4660 -0.8774
vn 0.0712 0.3517 -0.9334
vn 0.0129 0.2058 -0.9785
vn 0.0736 0.0368 -0.9966
vn 0.0508 0.0632 -0.9967
vn 0.1025 0.6186 0.7790
vn 0.1241 0.6824 0.7204
vn 0.1692 0.6285 0.7592
vn 0.4202 0.8398 0.3437
vn 0.6087 0.7579 0.2348
vn 0.4613 0.8685 0.1815
vn -0.8549 -0.3020 0.4219
vn -0.7196 -0.5170 0.4636
vn -0.7849 -0.3797 0.4897
vn 0.3282 0.9411 -0.0812
vn 0.3315 0.9380 0.1015
vn 0.2898 0.9522 0.0962
vn -0.3658 -0.3860 -0.8469
vn -0.3352 -0.2649 -0.9041
vn -0.3667 -0.2966 -0.8818
vn -0.0972 0.3763 -0.9214
vn -0.2340 0.3971 -0.8874
vn -0.1033 0.3810 -0.9188
vn 0.3473 -0.3645 -0.8640
vn 0.3634 -0.3442 -0.8657
vn 0.3663 -0.2991 -0.8811
vn 0.3667 -0.2966 -0.8818
vn 0.2602 -0.1655 -0.9513
vn 0.3352 -0.2649 -0.9041
vn 0.2721 0.7955 0.5414
vn 0.1706 0.8690 0.4646
vn 0.1737 0.8093 0.5611
vn -0.2146 -0.7486 0.6274
vn -0.2226 -0.7570 0.6144
vn -0.2057 -0.7276 0.6544
vn 0.2291 0.5888 -0.7752
vn 0.1860 0.5525 -0.8125
vn 0.6859 -0.1419 0.7137
vn 0.6590 0.0501 0.7505
vn -0.3685 0.6496 -0.6650
vn -0.3435 0.3804 0.8587
vn -0.5173 0.2544 0.8171
vn -0.4108 0.1966 0.8903
vn -0.0202 0.3035 -0.9526
vn 0.0602 0.4336 -0.8991
vn 0.0000 0.4053 -0.9142
vn 0.0031 0.3627 -0.9319
vn -0.0238 0.4206 -0.9070
vn -0.1770 0.5379 -0.8242
vn -0.1871 0.5540 -0.8112
vn -0.2440 0.6063 -0.7569
vn -0.1890 -0.1708 0.9670
vn -0.1604 0.0059 0.9870
vn -0.1625 -0.2188 0.9621
vn -0.0126 -0.0568 -0.9983
vn 0.1234 -0.1294 -0.9839
vn -0.0295 -0.1024 -0.9943
vn -0.0508 0.0632 -0.9967
vn -0.0875 -0.0638 -0.9941
vn -0.3385 -0.3040 -0.8905
vn -0.3420 -0.2405 -0.9084
vn -0.3597 -0.2534 -0.8980
vn 0.3929 0.9162 -0.0790
vn 0.3949 0.8787 -0.2683
vn 0.4079 0.9117 -0.0483
vn 0.6011 -0.1732 -0.7801
vn 0.5166 -0.2734 -0.8114
vn 0.5460 -0.1805 -0.8181
vn -0.0454 -0.4221 0.9054
vn -0.1374 -0.4354 0.8897
vn -0.7229 -0.4416 0.5314
vn -0.6104 -0.6143 0.5001
vn -0.6552 -0.4982 0.5679
vn 0.3100 -0.7608 0.5701
vn 0.7906 0.4518 -0.4134
vn 0.7394 0.3445 -0.5784
vn 0.7088 0.4718 -0.5244
vn 0.2154 0.5145 0.8300
vn 0.9809 -0.0652 0.1834
vn 0.9077 -0.2853 0.3078
vn 0.9693 -0.1742 0.1734
vn 0.2915 0.9558 -0.0382
vn 0.2414 0.9647 0.1050
vn -0.4786 -0.2810 0.8318
vn -0.3152 -0.5384 0.7815
vn -0.3058 -0.3821 0.8721
vn -0.1081 -0.1073 -0.9883
vn -0.0988 -0.0809 -0.9918
vn 0.9269 0.1961 -0.3201
vn 0.9554 0.2751 -0.1073
vn 0.9794 0.1668 -0.1140
vn 0.1963 0.9394 0.2809
vn -0.7551 0.1616 0.6354
vn -0.6325 0.3138 0.7082
vn -0.6802 0.3301 0.6545
vn -0.1626 -0.4333 0.8864
vn -0.1905 -0.2141 0.9581
vn -0.1908 -0.4266 0.8841
vn 0.3845 0.8972 -0.2173
vn 0.3486 0.8635 -0.3646
vn 0.3235 0.9264 -0.1928
vn 0.2288 -0.3708 0.9001
vn 0.1615 -0.2325 0.9591
vn 0.1882 -0.1717 0.9670
vn -0.6045 -0.1984 0.7715
vn -0.4553 -0.0298 0.8899
vn -0.5772 0.0413 0.8155
vn 0.0799 0.3898 -0.9174
vn -0.0000 0.3992 -0.9169
vn 0.0000 0.3782 -0.9257
vn -0.3901 -0.1733 -0.9043
vn -0.3767 0.0149 -0.9262
vn -0.3607 -0.2052 -0.9098
vn 0.5009 0.8648 -0.0342
vn 0.4006 0.9038 0.1503
vn -0.3038 -0.1255 -0.9444
vn -0.3422 -0.3483 -0.8727
vn -0.3339 -0.1954 -0.9221
vn 0.2144 0.7509 0.6246
vn 0.2484 0.7761 0.5796
vn 0.2323 0.7372 0.6345
vn 0.1602 0.7174 0.6780
vn 0.3104 0.6209 0.7198
vn 0.2116 0.7232 0.6574
vn 0.3753 0.7347 -0.5651
vn 0.3123 0.6777 -0.6657
vn 0.3475 0.7607 -0.5483
vn 0.0632 0.3388 0.9387
vn 0.1837 0.3877 0.9033
vn 0.0500 0.4632 0.8848
vn 0.5201 -0.0398 -0.8532
vn 0.5950 0.1402 -0.7914
vn 0.5758 -0.0409 -0.8166
vn 0.3557 0.9346 -0.0062
vn 0.3890 0.9157 -0.1008
vn -0.9792 -0.0952 0.1789
vn -0.9940 0.1052 0.0304
vn -0.9995 -0.0286 0.0109
vn 0.2240 0.7956 0.5629
vn 0.1298 0.7650 0.6308
vn 0.1287 0.8186 0.5597
vn 0.2691 0.7083 0.6527
vn 0.2228 0.7708 0.5968
vn 0.1549 0.7387 0.6560
vn 0.4827 0.8551 -0.1889
vn 0.6512 0.6535 -0.3857
vn 0.6026 0.7820 -0.1591
vn 0.4752 0.8480 -0.2348
vn 0.4717 0.8428 -0.2591
vn 0.8695 0.4832 -0.1023
vn 0.9515 0.3032 0.0526
vn 0.9259 0.3600 -0.1141
vn -0.3806 0.2441 -0.8920
vn -0.4627 0.1029 -0.8805
vn -0.4606 0.2694 -0.8458
vn 0.3864 0.8944 0.2253
vn 0.4290 0.8221 0.3743
vn 0.4543 0.8675 0.2025
vn 0.2658 0.7991 0.5392
vn 0.2071 0.8703 0.4468
vn 0.2677 0.8570 0.4402
vn 0.0972 0.3763 -0.9214
vn 0.2333 0.3970 -0.8877
vn 0.2148 0.3978 -0.8920
vn -0.3465 -0.3725 -0.8609
vn -0.5877 -0.2404 -0.7725
vn -0.7270 -0.1776 -0.6632
vn -0.6059 -0.2037 -0.7690
vn -0.3077 -0.6119 0.7286
vn -0.1811 -0.6648 0.7248
vn 0.3142 -0.2926 -0.9031
vn 0.3521 -0.2477 -0.9026
vn 0.3455 -0.2879 -0.8932
vn 0.2958 0.8254 -0.4808
vn 0.3862 0.8461 -0.3674
vn 0.3430 0.8678 -0.3596
vn 0.4030 0.2253 -0.8870
vn 0.4029 0.0619 -0.9132
vn 0.4053 0.0419 -0.9132
vn 0.6279 0.5103 0.5876
vn 0.3016 0.8301 -0.4690
vn 0.4117 0.7244 -0.5529
vn 0.3415 0.7284 -0.5940
vn -0.1912 -0.5735 0.7966
vn 0.2658 0.7549 0.5996
vn 0.2700 0.7476 0.6068
vn 0.1799 -0.0228 0.9834
vn 0.2261 0.1206 0.9666
vn 0.1899 0.1575 0.9691
vn 0.4370 -0.1686 -0.8835
vn 0.3692 -0.1282 -0.9205
vn -0.0464 0.4235 -0.9047
vn -0.1272 0.4584 -0.8796
vn -0.0587 0.4157 -0.9076
vn 0.1891 0.5187 0.8338
vn 0.2458 0.6781 0.6927
vn 0.2577 0.6526 0.7125
vn 0.3899 0.7774 0.4936
vn 0.3878 0.7315 0.5609
vn 0.4367 0.7659 0.4719
vn 0.2033 0.6627 0.7207
vn 0.1941 0.5364 0.8213
vn 0.2076 0.6685 0.7141
vn 0.2999 0.7930 0.5303
vn 0.2648 0.7531 0.6022
vn 0.3065 0.7360 -0.6036
vn 0.1800 -0.6688 0.7213
vn 0.1819 -0.5930 0.7844
vn 0.1667 -0.5780 0.7988
vn 0.7461 0.1699 -0.6437
vn 0.8239 0.3490 -0.4465
vn 0.8409 0.2038 -0.5014
vn 0.4816 0.8088 -0.3374
vn 0.6342 0.6949 -0.3390
vn 0.5727 0.7093 -0.4109
vn 0.3916 0.9200 0.0155
vn 0.4694 0.8812 -0.0558
vn 0.1957 0.7664 0.6119
vn 0.2996 0.8445 0.4439
vn 0.3369 0.8912 0.3037
vn 0.7517 0.3186 0.5775
vn 0.5485 0.4797 0.6848
vn 0.6658 0.2776 0.6926
vn 0.2760 0.8805 0.3855
vn 0.1327 0.8729 0.4695
vn 0.1601 0.9204 0.3568
vn -0.0977 0.4684 -0.8781
vn -0.0674 0.4474 -0.8918
vn 0.3443 0.8925 0.2914
vn 0.3737 0.8686 0.3254
vn 0.9085 -0.1034 -0.4049
vn 0.9311 0.0468 -0.3617
vn 0.0643 0.5345 0.8427
vn -0.0135 0.6107 0.7917
vn -0.0509 0.5877 0.8075
vn 0.6030 0.7962 -0.0500
vn 0.7771 0.6248 0.0753
vn 0.7485 0.6580 -0.0825
vn 0.4081 0.9047 -0.1224
vn 0.3918 0.8703 -0.2985
vn 0.3585 0.6291 0.6897
vn 0.3048 0.8874 -0.3457
vn 0.1463 0.8867 0.4386
vn 0.1847 0.8842 0.4290
vn 0.1495 0.7112 0.6869
vn 0.2396 0.6074 0.7574
vn 0.1579 0.3868 0.9085
vn 0.0622 0.6527 0.7551
vn -0.0035 0.6074 0.7944
vn 0.3924 0.2264 -0.8915
vn 0.3632 0.3730 -0.8538
vn 0.3746 0.2189 -0.9010
vn 0.0541 -0.2304 0.9716
vn -0.0182 -0.3922 0.9197
vn 0.0454 -0.4221 0.9054
vn -0.3088 0.9418 0.1330
vn -0.2868 0.9140 0.2868
vn -0.2758 0.9107 0.3076
vn 0.0182 -0.3922 0.9197
vn -0.0541 -0.2304 0.9716
vn 0.2758 0.9107 0.3076
vn 0.2108 0.9608 0.1802
vn 0.1753 0.9256 0.3356
vn 0.3607 -0.2052 -0.9098
vn 0.3465 -0.3725 -0.8609
vn 0.6460 0.7149 0.2675
vn 0.4377 0.7984 0.4135
vn -0.2103 -0.4619 0.8617
vn -0.1349 -0.4936 0.8591
vn -0.5289 -0.6848 0.5013
vn -0.5541 -0.6515 0.5182
vn -0.3729 0.3869 -0.8434
vn -0.3611 0.3788 -0.8521
vn -0.3897 0.4197 -0.8198
vn 0.3821 0.1818 -0.9061
vn 0.4635 0.3149 -0.8283
vn 0.9318 0.0908 0.3515
vn 0.3959 0.8228 -0.4077
vn 0.4935 0.7233 -0.4831
vn 0.4621 0.7239 -0.5123
vn 0.8399 0.3627 0.4038
vn 0.9445 0.2614 0.1988
vn 0.8903 0.3983 0.2207
vn 0.7297 -0.5371 0.4231
vn 0.8749 -0.3739 0.3079
vn 0.7515 -0.5181 0.4084
vn 0.3392 0.9315 0.1312
vn 0.7732 0.5869 0.2403
vn -0.2913 -0.1535 0.9442
vn -0.8312 0.5538 0.0489
vn -0.8969 0.3839 0.2194
vn -0.8186 0.5229 0.2374
vn 0.3339 -0.1954 -0.9221
vn 0.3422 -0.3483 -0.8727
vn 0.3038 -0.1255 -0.9444
vn 0.7113 0.6954 0.1017
vn 0.0137 0.0736 -0.9972
vn 0.1210 -0.0865 -0.9889
vn 0.3725 0.9204 0.1186
vn -0.3056 0.4590 -0.8342
vn -0.2258 0.3335 -0.9153
vn -0.2962 0.2805 -0.9130
vn 0.3032 0.9381 -0.1672
vn 0.2629 0.1605 0.9514
vn 0.3386 0.4230 0.8405
vn 0.2119 0.4060 0.8890
vn 0.3102 0.8563 0.4130
vn 0.3365 0.8302 0.4445
vn 0.4778 0.8785 0.0029
vn 0.4958 0.8509 0.1736
vn 0.4749 0.8787 0.0490
vn 0.6161 0.7835 0.0814
vn 0.3839 0.8944 -0.2293
vn 0.3535 0.9337 -0.0571
vn 0.3657 0.9271 -0.0824
vn 0.3359 0.8943 -0.2955
vn 0.2865 0.9400 -0.1853
vn 0.0458 0.1621 -0.9857
vn 0.0584 0.0216 -0.9981
vn -0.6838 0.2935 -0.6680
vn -0.5945 0.1061 -0.7970
vn -0.6815 0.1168 -0.7224
vn 0.3217 0.9465 -0.0237
vn 0.2377 0.9288 0.2843
vn 0.4382 0.8978 0.0436
vn -0.3846 0.8902 -0.2442
vn -0.4670 0.8462 -0.2565
vn -0.4354 0.8794 -0.1928
vn 0.6378 -0.0309 -0.7696
vn 0.7255 -0.0107 -0.6881
vn 0.4711 0.8655 -0.1701
vn 0.5615 0.6993 0.4423
vn 0.3547 0.7593 0.5455
vn -0.2663 -0.3473 0.8992
vn -0.3413 -0.1744 0.9236
vn -0.3361 -0.3949 0.8551
vn 0.3750 -0.1093 -0.9205
vn 0.3788 0.0655 -0.9232
vn 0.0000 0.0692 0.9976
vn 0.0254 0.2224 0.9746
vn 0.0289 0.0414 0.9987
vn 0.3420 0.9111 -0.2302
vn -0.3453 0.0253 -0.9382
vn -0.2973 0.0906 -0.9505
vn -0.6500 -0.0686 -0.7568
vn -0.5370 -0.2092 -0.8172
vn -0.0006 0.5640 0.8258
vn -0.0005 0.5848 0.8112
vn 0.2936 0.9310 -0.2170
vn 0.3547 -0.2561 -0.8992
vn 0.3483 -0.1119 -0.9307
vn -0.0736 0.0368 -0.9966
vn -0.2602 -0.1655 -0.9513
vn -0.1210 -0.0865 -0.9889
vn -0.6636 -0.5708 0.4836
vn -0.6465 0.7226 0.2449
vn -0.7273 0.6850 0.0428
vn -0.7089 0.7051 0.0205
vn 0.0975 0.4683 -0.8782
vn 0.2142 0.5181 -0.8281
vn 0.1756 0.5370 -0.8251
vn 0.2789 -0.2009 -0.9391
vn 0.5755 -0.5414 0.6129
vn -0.0657 0.0102 0.9978
vn -0.1899 0.1575 0.9691
vn -0.7929 0.3109 -0.5241
vn -0.8002 0.1543 -0.5796
vn -0.0129 0.2058 -0.9785
vn 0.0419 0.2242 -0.9736
vn 0.4590 0.7786 -0.4280
vn 0.2805 0.9571 -0.0723
vn 0.3752 0.9151 0.1480
vn -0.9521 0.2663 -0.1504
vn -0.9064 0.1736 -0.3852
vn -0.9728 0.1535 -0.1738
vn 0.3525 0.8281 -0.4358
vn 0.3123 0.8963 -0.3147
vn 0.5505 -0.2969 -0.7803
vn 0.6259 -0.2873 -0.7250
vn 0.3919 0.8403 -0.3746
vn 0.3571 0.7873 -0.5026
vn 0.4723 -0.4482 0.7589
vn 0.6030 -0.1927 0.7741
vn 0.4734 -0.2484 0.8451
vn 0.3880 0.3962 -0.8322
vn 0.3852 0.3944 -0.8343
vn 0.3088 0.9418 0.1330
vn 0.2731 0.9619 -0.0086
vn 0.1281 0.7738 0.6203
vn 0.7181 0.5504 0.4260
vn 0.7421 0.5659 -0.3592
vn 0.7133 0.6874 -0.1367
vn 0.0727 0.6679 0.7407
vn 0.1196 0.7105 0.6934
vn 0.1695 0.6542 0.7371
vn 0.1740 0.7544 0.6329
vn 0.3581 0.8907 -0.2800
vn 0.2868 0.9140 0.2868
vn 0.1987 0.6421 0.7404
vn 0.1224 0.7792 0.6146
vn 0.1674 0.7836 0.5983
vn 0.4183 0.8032 -0.4241
vn 0.9569 -0.1893 -0.2204
vn 0.8530 -0.2437 -0.4616
vn 0.8695 -0.2165 -0.4440
vn 0.2468 0.8308 0.4988
vn 0.2670 0.8640 0.4269
vn 0.2143 0.5313 0.8196
vn 0.1793 0.6275 0.7577
vn 0.8334 0.0397 -0.5513
vn 0.1135 0.8316 0.5436
vn 0.7553 -0.2246 -0.6156
vn 0.7354 -0.2536 -0.6284
vn 0.2187 0.7900 0.5728
vn 0.1548 0.8328 0.5314
vn 0.2658 0.8039 0.5320
vn 0.2013 0.8329 0.5156
vn 0.7340 0.5624 -0.3809
vn 0.6574 0.5882 -0.4710
vn 0.7601 0.5600 -0.3297
vn 0.0401 0.5768 0.8159
vn 0.9521 -0.2590 0.1626
vn 0.5753 0.7985 -0.1772
vn 0.5296 0.8025 -0.2749
vn 0.3875 0.8220 -0.4173
vn -0.5177 -0.0791 -0.8519
vn -0.5336 0.1022 -0.8396
vn -0.4053 0.0419 -0.9132
vn -0.3882 0.2127 -0.8967
vn 0.3551 0.0574 -0.9331
vn 0.3795 0.0279 -0.9248
vn -0.4544 -0.0750 -0.8876
vn 0.3907 -0.4435 0.8066
vn 0.3984 -0.4042 0.8233
vn -0.2702 0.9564 0.1105
vn -0.1963 0.9394 0.2809
vn -0.2414 0.9647 0.1050
vn 0.2260 0.8770 0.4241
vn 0.1256 0.8231 0.5538
vn 0.1513 0.8808 0.4486
vn 0.2458 0.8412 0.4817
vn 0.1935 0.9390 0.2842
vn 0.2962 0.2805 -0.9130
vn 0.3550 0.4179 -0.8363
vn 0.3521 0.2260 -0.9083
vn -0.7529 0.5054 0.4216
vn -0.8358 0.3678 0.4075
vn -0.2290 -0.3704 0.9002
vn 0.1667 0.4267 -0.8889
vn 0.0587 0.4157 -0.9076
vn -0.3521 0.2260 -0.9083
vn -0.3880 0.3966 -0.8320
vn -0.6895 0.7216 0.0620
vn -0.5255 0.8256 0.2054
vn -0.5422 0.8384 0.0558
vn -0.3450 -0.4253 -0.8367
vn -0.3102 0.9056 0.2893
vn -0.2308 0.8818 0.4114
vn -0.2692 0.9212 0.2807
vn 0.0526 -0.4852 0.8728
vn 0.1374 -0.4354 0.8897
vn -0.4758 -0.6023 0.6410
vn -0.3260 -0.7408 0.5873
vn -0.3197 -0.6596 0.6802
vn 0.3219 0.9129 0.2509
vn 0.2829 0.9587 0.0298
vn 0.3744 0.9244 0.0728
vn 0.1269 0.4584 -0.8796
vn 0.0464 0.4235 -0.9047
vn 0.2765 0.8181 0.5042
vn 0.2445 0.9647 0.0979
vn 0.4733 0.8079 0.3511
vn 0.2692 0.9212 0.2807
vn 0.3411 0.9264 -0.1593
vn 0.8647 -0.3928 0.3129
vn 0.3417 0.8556 0.3889
vn 0.0053 0.5520 0.8338
vn -0.0323 0.5847 0.8106
vn 0.3472 -0.4066 -0.8451
vn -0.3977 -0.5663 0.7219
vn -0.3099 -0.6367 0.7061
vn -0.0000 -0.1221 -0.9925
vn 0.0600 -0.0856 -0.9945
vn 0.0000 -0.0829 -0.9966
vn 0.0000 -0.4417 0.8972
vn 0.4650 -0.3039 -0.8315
vn 0.4738 -0.2728 -0.8373
vn 0.5653 -0.2683 -0.7800
vn 0.4381 -0.7405 0.5096
vn 0.3295 -0.7814 0.5299
vn 0.4419 -0.7574 0.4806
vn 0.6148 -0.6043 0.5067
vn 0.6534 -0.4948 0.5730
vn 0.2258 0.3335 -0.9153
vn 0.1244 0.2191 -0.9677
vn 0.1424 0.3572 -0.9231
vn 0.7698 -0.2690 0.5789
vn -0.0799 0.3898 -0.9174
vn 0.0238 0.4206 -0.9070
vn 0.0234 0.3924 -0.9195
vn -0.0031 0.3627 -0.9319
vn 0.2324 0.6763 0.6989
vn -0.0000 0.4093 -0.9124
vn 0.8984 0.4346 0.0629
vn 0.3457 0.3618 -0.8658
vn 0.3686 0.4674 -0.8035
vn 0.3787 0.3356 -0.8626
vn 0.2713 0.9611 -0.0511
vn -0.5797 0.4603 -0.6724
vn -0.6071 0.5971 -0.5243
vn -0.5465 0.5991 -0.5852
vn 0.1033 0.3810 -0.9188
vn 0.2420 0.3944 -0.8865
vn 0.2272 0.6424 0.7319
vn 0.3223 0.6231 0.7127
vn 0.2151 0.6171 0.7569
vn -0.5227 -0.2473 -0.8159
vn 0.5095 -0.7271 0.4602
vn 0.5736 -0.6770 0.4612
vn 0.5210 -0.7072 0.4780
vn 0.3871 0.5574 -0.7345
vn 0.2645 0.4861 -0.8329
vn 0.2217 -0.0522 0.9737
vn 0.2317 0.1668 0.9584
vn 0.2957 0.0671 0.9529
vn -0.5966 0.2854 -0.7501
vn -0.6579 0.4612 -0.5954
vn -0.2901 0.1618 0.9432
vn -0.3592 -0.0599 0.9313
vn -0.3287 0.0137 0.9443
vn -0.7534 -0.2649 0.6019
vn -0.8052 -0.0277 0.5924
vn -0.8150 -0.2032 0.5426
vn -0.4790 -0.4589 0.7484
vn 0.2238 0.1697 -0.9597
vn -0.0137 0.0736 -0.9972
vn 0.6793 0.5218 -0.5160
vn 0.3082 -0.6117 0.7286
vn 0.3977 -0.5663 0.7219
vn 0.3103 -0.6364 0.7062
vn 0.0126 -0.0568 -0.9983
vn -0.4224 0.8997 -0.1102
vn -0.3663 0.9304 -0.0157
vn -0.3572 0.9201 -0.1608
vn -0.5326 0.2776 -0.7995
vn -0.4896 0.5078 -0.7088
vn -0.2677 0.4870 -0.8314
vn -0.4024 0.5622 -0.7225
vn 0.6606 0.1524 -0.7351
vn -0.1244 0.2191 -0.9677
vn -0.1424 0.3572 -0.9231
vn -0.2155 0.3978 -0.8918
vn -0.0584 0.0216 -0.9981
vn 0.0000 0.1525 -0.9883
vn -0.0458 0.1621 -0.9857
vn -0.0600 -0.0856 -0.9945
vn -0.0578 -0.1232 -0.9907
vn -0.3866 -0.0783 -0.9189
vn -0.3874 0.0925 -0.9172
vn -0.0419 0.2242 -0.9736
vn -0.3951 -0.1341 -0.9088
vn -0.2682 -0.1173 0.9562
vn -0.2603 0.0735 0.9627
vn 0.3295 0.6497 0.6851
vn 0.1703 0.7024 0.6911
vn 0.2551 0.7245 0.6403
vn 0.0015 -0.4649 0.8853
vn -0.3281 0.5179 -0.7900
vn -0.3709 0.3960 -0.8400
vn -0.3599 0.5353 -0.7642
vn -0.5013 0.5899 -0.6330
vn -0.4038 0.7004 -0.5886
vn -0.4399 0.5784 -0.6870
vn 0.0726 0.1917 0.9788
vn 0.1888 0.2859 0.9395
vn 0.4901 0.4631 0.7385
vn 0.2121 0.3372 0.9172
vn 0.1993 0.2811 0.9387
vn -0.2957 0.0675 0.9529
vn -0.2414 0.2515 0.9373
vn -0.2317 0.1715 0.9576
vn 0.2341 -0.0292 -0.9718
vn -0.6475 0.0876 0.7570
vn -0.6807 -0.1340 0.7202
vn 0.1534 0.1935 0.9690
vn 0.1480 0.4050 0.9023
vn 0.1437 0.4053 0.9028
vn 0.2901 0.1615 0.9433
vn 0.4063 0.7831 -0.4708
vn 0.3972 0.8001 -0.4495
vn 0.9023 0.2163 0.3729
vn 0.1954 0.8119 0.5501
vn 0.2428 0.6017 0.7609
vn 0.3040 0.9081 0.2879
vn 0.4095 0.8513 -0.3279
vn 0.3613 0.8657 -0.3464
vn 0.2997 -0.4641 0.8335
vn 0.1843 -0.4556 0.8709
vn 0.6660 0.6866 0.2916
vn 0.5320 0.4618 -0.7097
vn -0.7578 -0.4773 0.4448
vn -0.8954 -0.3144 0.3152
vn -0.8781 -0.3439 0.3326
vn 0.9938 -0.1087 0.0239
vn -0.0289 0.0414 0.9987
vn 0.4129 0.8803 -0.2337
vn 0.1973 0.7011 0.6852
vn 0.1637 0.5882 0.7920
vn -0.0019 0.5358 0.8443
vn -0.0512 0.4659 0.8834
vn -0.0633 0.3392 0.9386
vn 0.2927 0.8105 0.5074
vn 0.3055 0.4587 -0.8345
vn -0.1642 0.2236 0.9607
vn -0.1517 0.2196 0.9637
vn -0.0000 0.3712 -0.9286
vn 0.0000 0.3765 -0.9264
vn 0.1779 -0.0350 0.9834
vn 0.1754 0.1767 0.9685
vn 0.3543 0.7922 -0.4969
vn 0.3611 0.5915 -0.7209
vn 0.3275 0.4949 -0.8049
vn 0.3196 0.6090 -0.7259
vn 0.7290 0.6766 -0.1041
vn 0.2430 0.2258 0.9434
vn 0.2603 0.0735 0.9627
vn -0.7481 -0.0765 0.6592
vn -0.6808 -0.3289 0.6545
vn 0.1113 0.6039 0.7893
vn 0.1638 0.5962 0.7860
vn 0.2663 -0.3473 0.8992
vn 0.2103 -0.4619 0.8617
vn 0.2680 -0.5223 0.8095
vn -0.2261 0.1206 0.9666
vn -0.2674 0.8639 0.4268
vn -0.2689 0.8610 0.4317
vn 0.3655 0.7248 -0.5839
vn 0.3739 0.6469 -0.6646
vn 0.3892 0.7229 -0.5710
vn 0.3737 0.7882 -0.4890
vn 0.1444 0.5714 0.8079
vn -0.1672 0.4268 -0.8888
vn -0.6568 0.4914 0.5719
vn -0.7476 0.3489 0.5652
vn -0.3275 0.5912 0.7370
vn -0.1790 0.6844 0.7068
vn -0.2351 0.6955 0.6790
vn -0.0712 0.3517 -0.9334
vn -0.2221 0.2587 0.9401
vn -0.1889 0.2863 0.9393
vn 0.1571 0.5447 0.8238
vn -0.0234 0.3924 -0.9195
vn -0.2634 0.6961 0.6679
vn -0.1854 0.7530 0.6313
vn -0.2988 0.7228 0.6231
vn -0.4827 0.8469 -0.2232
vn -0.4678 0.8838 -0.0129
vn -0.4770 0.8593 -0.1844
vn 0.8647 0.4195 -0.2764
vn 0.3413 -0.1744 0.9236
vn -0.0173 0.5578 0.8298
vn -0.0230 0.6277 0.7781
vn 0.0234 0.5912 0.8062
vn -0.3075 0.6213 -0.7207
vn 0.2250 -0.0635 0.9723
vn 0.2682 -0.1173 0.9562
vn 0.2973 0.0906 -0.9505
vn -0.3344 0.7470 0.5746
vn -0.1484 0.7286 0.6687
vn -0.2075 0.7087 0.6743
vn -0.2167 0.5186 -0.8271
vn 0.8587 0.0054 0.5125
vn 0.6616 0.3384 -0.6692
vn 0.6405 0.4758 -0.6029
vn -0.2673 0.7834 0.5611
vn -0.1946 0.7366 0.6477
vn -0.2611 0.7237 0.6388
vn -0.2948 0.6806 -0.6707
vn -0.5254 0.6412 0.5594
vn -0.6155 0.6686 0.4173
vn 0.3361 -0.3949 0.8551
vn -0.2454 0.4823 -0.8409
vn -0.2814 0.5972 -0.7511
vn 0.2210 -0.5253 0.8217
vn 0.3215 0.6075 -0.7263
vn 0.0000 0.0200 -0.9998
vn -0.5210 0.4509 -0.7247
vn -0.3155 0.6915 -0.6498
vn -0.2300 0.5911 -0.7731
vn 0.1869 -0.2478 0.9506
vn 0.2785 -0.0526 0.9590
vn 0.5500 -0.7005 0.4547
vn 0.6421 -0.6274 0.4406
vn -0.2430 0.2262 0.9433
vn -0.2176 0.3557 0.9089
vn -0.2209 0.3153 0.9229
vn -0.3472 -0.4066 -0.8451
vn -0.3634 -0.3442 -0.8657
vn -0.2968 -0.2006 0.9336
vn -0.2217 -0.0516 0.9737
vn -0.1935 0.9390 0.2842
vn -0.2445 0.9647 0.0979
vn 0.6800 -0.3414 0.6489
vn -0.4967 0.7084 -0.5015
vn -0.5463 0.7015 -0.4576
vn 0.4154 0.1769 0.8923
vn -0.1852 0.0135 0.9826
vn -0.2137 0.4507 0.8667
vn -0.1990 0.4066 0.8917
vn -0.4584 0.7071 -0.5384
vn -0.3505 0.5269 -0.7743
vn -0.3252 0.6450 -0.6915
vn -0.3385 0.6461 -0.6841
vn 0.6123 -0.6507 0.4491
vn 0.2453 0.4820 -0.8411
vn 0.3287 0.5828 -0.7432
vn -0.4941 0.4517 0.7429
vn -0.5812 0.2894 0.7606
vn 0.5975 0.5965 -0.5359
vn 0.5853 0.4706 -0.6602
vn 0.5515 0.5959 -0.5837
vn 0.5981 0.3284 -0.7311
vn 0.5808 0.0095 0.8140
vn 0.4517 -0.0399 0.8913
vn -0.3626 0.5343 -0.7636
vn -0.1525 0.0501 0.9870
vn -0.1684 0.2558 0.9520
vn -0.1459 0.2404 0.9596
vn -0.3434 0.3821 -0.8579
vn -0.3430 0.5158 -0.7851
vn 0.0262 0.2789 -0.9600
vn 0.0202 0.3035 -0.9526
vn 0.4424 0.5883 -0.6769
vn 0.3537 0.6631 -0.6597
vn 0.1508 0.0433 0.9876
vn 0.1680 0.2448 0.9549
vn 0.1773 0.0984 0.9792
vn -0.1788 0.4827 -0.8573
vn 0.3629 0.5313 -0.7656
vn -0.3511 0.6463 -0.6775
vn -0.9290 -0.1926 0.3159
vn -0.8002 -0.4366 0.4111
vn -0.2328 0.2790 0.9317
vn 0.0713 0.5784 0.8126
vn 0.2221 0.2582 0.9402
vn -0.7048 0.1295 0.6975
vn 0.1788 0.4825 -0.8575
vn 0.1349 -0.4936 0.8591
vn 0.4328 0.4483 0.7821
vn 0.5483 -0.6429 0.5349
vn -0.5704 -0.0775 -0.8177
vn 0.3719 0.3872 -0.8437
vn 0.1541 -0.0164 0.9879
vn 0.3882 0.2127 -0.8967
vn 0.2158 0.9532 0.2118
vn 0.6951 0.6808 -0.2309
vn -0.3315 0.9380 0.1015
vn -0.3518 0.9329 -0.0774
vn -0.3661 0.9250 -0.1016
vn -0.3564 0.7311 0.5817
vn -0.2726 0.7802 0.5630
vn -0.3024 0.7990 0.5198
vn -0.3669 -0.2989 -0.8809
vn 0.5297 0.2182 0.8196
vn 0.3585 0.7549 -0.5492
vn -0.3852 0.3948 -0.8341
vn -0.0587 0.5272 0.8477
vn 0.5974 0.2469 0.7630
vn -0.4290 0.8221 0.3743
vn -0.3880 0.8997 0.1998
vn -0.4537 0.8732 0.1779
vn 0.2822 0.6746 -0.6821
vn -0.4546 0.4360 -0.7767
vn -0.3931 0.2270 -0.8910
vn 0.4529 -0.0280 -0.8911
vn -0.2789 -0.2009 -0.9391
vn -0.1234 -0.1294 -0.9839
vn 0.2702 0.8538 0.4450
vn 0.6582 0.5395 -0.5251
vn 0.1443 0.2268 0.9632
vn -0.0026 0.5333 0.8459
vn 0.0459 0.5579 0.8286
vn 0.3287 0.0137 0.9443
vn 0.4879 0.6672 -0.5628
vn 0.5339 0.7377 -0.4132
vn 0.2971 -0.5996 0.7431
vn -0.4618 0.6245 0.6299
vn 0.5721 0.6697 0.4736
vn 0.4503 0.6731 0.5866
vn -0.1562 0.4556 0.8764
vn -0.1642 0.2236 0.9608
vn 0.8042 -0.4254 0.4152
vn -0.3087 0.6509 -0.6936
vn -0.3316 0.7606 -0.5582
vn 0.4497 0.6439 0.6190
vn -0.5115 0.8302 0.2218
vn -0.5962 0.8028 0.0063
vn 0.4216 0.8187 -0.3898
vn 0.3685 0.4273 -0.8256
vn 0.3355 0.4421 -0.8319
vn -0.0602 0.4336 -0.8991
vn -0.1203 0.4878 -0.8646
vn 0.3319 0.7411 0.5836
vn -0.2719 0.6409 0.7179
vn -0.1630 0.6935 0.7018
vn -0.2192 0.6347 0.7410
vn 0.5455 0.4571 -0.7025
vn 0.3846 0.4192 -0.8224
vn 0.1078 -0.1196 -0.9870
vn -0.7244 0.6534 -0.2197
vn -0.7094 0.6926 -0.1305
vn -0.7282 0.6783 -0.0978
vn -0.0834 0.5976 0.7974
vn -0.1312 0.6212 0.7726
vn -0.0642 0.5991 0.7981
vn 0.1611 0.3732 0.9136
vn -0.2070 0.6104 0.7646
vn -0.1258 0.6014 0.7890
vn -0.7011 0.5462 -0.4584
vn -0.6083 0.6226 -0.4922
vn 0.8053 0.5326 -0.2603
vn -0.2428 0.3944 -0.8863
vn 0.6965 -0.5432 0.4689
vn 0.1071 0.3813 -0.9182
vn 0.0000 0.3774 -0.9260
vn 0.5918 0.5989 -0.5396
vn -0.2599 0.7104 0.6540
vn -0.2055 0.6108 0.7647
vn -0.2195 0.5749 0.7882
vn -0.2589 0.7287 0.6340
vn -0.4503 0.6731 0.5866
vn -0.2115 0.7147 0.6666
vn -0.2453 0.7634 0.5975
vn -0.2215 0.7812 0.5836
vn -0.4720 0.7952 -0.3807
vn -0.2739 0.7791 0.5639
vn -0.2468 0.8167 0.5216
vn -0.6302 0.6748 -0.3840
vn -0.7007 0.5698 -0.4294
vn -0.7203 0.6363 -0.2762
vn -0.7961 0.5238 -0.3031
vn -0.4367 0.7659 0.4719
vn -0.3015 0.7989 0.5204
vn -0.3903 0.7373 0.5514
vn -0.4052 0.7555 0.5147
vn -0.3345 0.8260 0.4537
vn -0.4353 0.4276 0.7923
vn -0.3654 0.7497 -0.5518
vn -0.3529 0.8204 -0.4500
vn -0.3593 0.8260 -0.4343
vn -0.3461 0.9287 0.1330
vn -0.3041 0.9451 0.1193
vn -0.0726 0.1917 0.9788
vn -0.2126 0.5161 0.8297
vn -0.1750 0.5096 0.8425
vn -0.1757 0.4299 0.8856
vn -0.1613 0.4077 0.8988
vn -0.1972 0.4723 0.8591
vn -0.1160 0.5689 0.8142
vn -0.0283 -0.1951 0.9804
vn 0.0657 0.0102 0.9978
vn -0.3789 -0.1037 -0.9196
vn -0.4029 0.0619 -0.9132
vn -0.8984 -0.0016 -0.4392
vn -0.4932 0.8571 0.1486
vn -0.4945 0.8673 -0.0575
vn -0.5045 0.8583 -0.0939
vn -0.1879 0.8901 0.4152
vn -0.1262 0.8540 0.5048
vn -0.1491 0.8937 0.4231
vn 0.0295 -0.1024 -0.9943
vn -0.1651 0.8536 0.4940
vn -0.1174 0.8144 0.5683
vn -0.3899 0.7774 0.4936
vn -0.3365 0.8302 0.4445
vn -0.2779 0.8235 0.4946
vn -0.3245 0.8733 -0.3633
vn -0.4081 0.8055 -0.4297
vn -0.3587 0.8679 -0.3435
vn -0.2331 0.9317 0.2785
vn -0.2084 0.8493 0.4851
vn -0.1600 0.8163 0.5550
vn -0.2782 0.8646 0.4183
vn -0.2549 0.8362 0.4855
vn -0.2078 0.8173 0.5375
vn -0.9903 -0.1374 -0.0220
vn -0.9566 -0.2369 0.1697
vn -0.9636 -0.2055 0.1710
vn -0.8889 0.3017 -0.3448
vn -0.9719 0.1427 0.1871
vn -0.9543 0.2973 0.0289
vn -0.9794 0.1998 0.0307
vn -0.3737 0.8686 0.3254
vn -0.3102 0.8563 0.4130
vn -0.4030 0.2253 -0.8870
vn -0.8179 0.1954 0.5411
vn -0.8664 0.0222 0.4989
vn 0.5971 -0.3936 0.6989
vn 0.3212 -0.5601 0.7637
vn 0.3764 -0.5926 0.7121
vn 0.3854 -0.5481 0.7423
vn 0.4128 -0.2997 -0.8601
vn 0.3450 -0.4253 -0.8367
vn -0.2680 -0.5223 0.8095
vn -0.3212 -0.5601 0.7637
vn 0.5192 0.4742 -0.7110
vn 0.4695 0.5027 -0.7258
vn -0.0262 0.2789 -0.9600
vn 0.1962 0.4701 0.8605
vn -0.4189 0.8932 0.1632
vn -0.4375 0.8989 0.0227
vn 0.2169 0.3509 0.9110
vn -0.2188 0.7052 0.6744
vn -0.2018 0.5952 0.7779
vn -0.1769 0.5959 0.7834
vn -0.9428 -0.0471 0.3300
vn -0.9338 0.0826 0.3480
vn 0.3453 0.0253 -0.9382
vn -0.1601 0.9204 0.3568
vn -0.1701 0.8767 0.4499
vn -0.1331 0.8806 0.4547
vn 0.3542 0.2098 -0.9113
vn -0.4377 0.7984 0.4135
vn -0.5615 0.6993 0.4423
vn -0.3938 0.7459 -0.5373
vn -0.3773 0.7603 -0.5287
vn -0.3771 0.8692 0.3199
vn 0.3767 0.0149 -0.9262
vn -0.1869 0.4535 0.8715
vn -0.1542 0.4844 0.8612
vn -0.3557 -0.2548 -0.8992
vn -0.5316 0.8440 -0.0707
vn -0.3220 0.7152 0.6203
vn -0.2699 0.6363 0.7227
vn -0.2054 0.6541 0.7280
vn -0.9536 -0.1454 -0.2636
vn -0.3745 0.9260 0.0471
vn -0.3995 0.9060 -0.1398
vn -0.4229 0.8888 -0.1766
vn -0.3849 0.8844 -0.2638
vn -0.3389 0.8714 -0.3548
vn -0.3344 0.9041 -0.2661
vn -0.6564 -0.5678 0.4968
vn -0.1738 0.5842 0.7928
vn -0.0957 0.6900 0.7174
vn -0.1474 0.5978 0.7879
vn -0.0383 0.6436 0.7644
vn -0.6072 -0.6176 0.5000
vn -0.1753 0.9256 0.3356
vn -0.2377 0.9288 0.2843
vn -0.9820 0.0366 0.1853
vn -0.6667 0.6947 0.2699
vn -0.5720 0.6697 0.4736
vn -0.6782 0.6960 0.2358
vn -0.4743 0.7966 0.3749
vn -0.2849 0.9545 -0.0879
vn -0.2787 0.9349 -0.2199
vn -0.2771 0.9586 -0.0661
vn -0.7594 0.4492 -0.4706
vn -0.1366 0.7228 0.6774
vn -0.7753 -0.0326 -0.6307
vn -0.8533 0.4126 -0.3189
vn -0.9451 0.2603 0.1977
vn -0.8960 0.2291 0.3804
vn 0.2608 -0.4872 0.8334
vn 0.2872 -0.5643 0.7740
vn -0.0254 0.2224 0.9746
vn -0.5833 -0.5475 0.6000
vn -0.3362 0.6680 -0.6639
vn -0.3047 0.7794 -0.5474
vn 0.3946 -0.1337 -0.9091
vn -0.3992 -0.5372 0.7430
vn -0.3764 -0.5926 0.7121
vn -0.3854 -0.5481 0.7423
vn -0.2299 0.7673 0.5987
vn -0.1797 0.7590 0.6258
vn -0.2727 0.9616 -0.0305
vn -0.2158 0.9532 0.2118
vn -0.2832 0.9590 0.0048
vn -0.1332 0.7532 0.6442
vn -0.1735 0.6382 0.7501
vn -0.3019 0.9048 -0.3002
vn -0.2846 0.9244 -0.2539
vn -0.2993 0.8922 -0.3382
vn -0.2818 0.7042 0.6517
vn -0.3498 0.7816 -0.5164
vn -0.3803 0.7662 -0.5180
vn -0.5881 0.4776 0.6527
vn -0.4206 0.6139 0.6680
vn -0.3547 0.9122 -0.2052
vn -0.2204 0.6837 0.6957
vn -0.3278 0.6846 0.6511
vn -0.2609 0.7406 0.6192
vn -0.3778 0.6040 0.7017
vn -0.7853 0.6043 -0.1351
vn -0.0526 -0.4852 0.8728
vn -0.2608 0.7956 0.5468
vn -0.2820 0.7722 0.5694
vn -0.4733 0.8079 0.3511
vn -0.3605 0.7128 0.6016
vn 0.0447 0.1816 -0.9824
vn -0.9764 -0.0107 -0.2156
vn -0.8599 -0.1447 -0.4895
vn 0.3992 -0.5372 0.7430
vn -0.1275 0.8013 0.5846
vn -0.1718 0.7106 0.6823
vn -0.4865 0.8157 -0.3130
vn -0.5058 0.6879 -0.5205
vn 0.5058 0.5926 -0.6269
vn -0.3877 0.8347 -0.3910
vn -0.4026 0.8808 -0.2493
vn -0.3806 0.8500 -0.3642
vn -0.1527 0.8880 0.4338
vn -0.9189 0.3680 -0.1419
vn -0.3541 0.2295 -0.9066
vn -0.3272 0.9442 -0.0378
vn -0.3228 0.9285 -0.1835
vn 0.1200 0.4876 -0.8648
vn 0.0673 0.4474 -0.8918
vn -0.0923 0.6665 0.7397
vn 0.2710 0.6354 -0.7231
vn 0.4051 0.7171 -0.5671
vn -0.4651 0.8111 -0.3548
vn -0.3417 0.8556 0.3889
vn -0.0184 0.3305 -0.9436
vn -0.1139 0.4662 -0.8773
vn -0.3219 0.9129 0.2509
vn -0.3714 0.9237 0.0944
vn -0.3552 -0.3231 0.8772
vn -0.1852 0.3916 0.9013
vn -0.4421 0.8172 -0.3696
vn -0.4783 0.8433 -0.2450
vn -0.2898 0.9522 0.0962
vn -0.1078 -0.1196 -0.9870
vn -0.1488 0.6602 0.7362
vn 0.1897 -0.6894 0.6991
vn -0.1743 0.7914 0.5859
vn -0.1696 0.4212 0.8910
vn -0.1888 0.5043 0.8426
vn -0.2580 0.5660 0.7830
vn -0.1662 0.5684 0.8058
vn 0.5048 -0.3028 -0.8084
vn -0.4370 0.8017 -0.4078
vn -0.0000 0.2483 0.9687
vn -0.0447 0.1816 -0.9824
vn -0.4067 0.8135 -0.4157
vn -0.4820 -0.2490 -0.8400
vn 0.4186 -0.2661 -0.8683
vn -0.3697 -0.2167 -0.9035
vn 0.4590 0.4545 -0.7634
vn -0.2108 0.9608 0.1802
vn -0.4299 0.7317 -0.5289
vn -0.3473 -0.3645 -0.8640
vn -0.4640 -0.6954 0.5488
vn -0.3443 0.8925 0.2914
vn -0.2760 0.8805 0.3855
vn -0.8653 0.4800 -0.1444
vn 0.0486 0.5890 0.8066
vn 0.3500 0.5239 -0.7766
vn 0.3508 0.6318 -0.6912
vn 0.3370 0.6271 -0.7023
vn -0.2971 0.9534 -0.0528
vn 0.2807 0.5945 -0.7535
vn -0.0666 0.5364 0.8413
vn -0.3901 0.8460 -0.3633
vn -0.3797 0.8210 -0.4263
vn -0.3877 0.8502 -0.3563
vn 0.2144 -0.2888 0.9331
vn 0.2152 0.4484 0.8676
vn -0.3402 0.4428 -0.8296
vn -0.2794 -0.5860 0.7606
vn -0.3167 -0.6153 0.7219
vn 0.3423 0.5060 -0.7917
vn -0.0000 0.2677 -0.9635
vn 0.3295 0.6153 -0.7161
vn -0.2384 -0.7754 0.5847
vn -0.3417 -0.7647 0.5464
vn -0.3598 -0.0944 -0.9282
vn -0.4144 0.9036 -0.1084
vn -0.7061 -0.2136 -0.6752
vn 0.0064 0.6144 0.7890
vn -0.3414 0.9098 -0.2362
vn -0.3914 0.8834 -0.2578
vn -0.1776 0.1046 0.9785
vn -0.3211 -0.2771 -0.9056
vn -0.0358 0.3908 0.9198
vn -0.1989 0.2905 0.9360
vn -0.4154 0.8531 -0.3158
vn -0.3489 0.7496 -0.5625
vn -0.2168 0.5595 0.8000
vn -0.3060 0.8638 -0.4004
vn -0.4583 -0.7218 0.5186
vn -0.2144 -0.2888 0.9331
vn -0.3907 -0.4435 0.8066
vn -0.1526 0.4413 0.8843
vn -0.3522 0.8643 -0.3591
vn 0.1186 0.0473 -0.9918
vn -0.3109 0.7966 -0.5185
vn -0.3624 0.8086 -0.4634
vn -0.2726 0.8197 0.5038
vn -0.3979 0.9088 0.1251
vn -0.5705 -0.6537 0.4971
vn -0.1278 0.8062 0.5776
vn -0.1362 0.8449 0.5173
vn -0.2077 0.8774 0.4326
vn -0.2661 0.8219 0.5036
vn -0.2000 0.8343 0.5138
vn -0.1968 -0.6778 0.7084
vn -0.1621 0.5873 0.7930
vn -0.5419 0.4671 0.6987
vn -0.3930 0.8756 -0.2808
vn -0.0000 0.3558 -0.9346
vn -0.2321 0.8185 0.5255
vn -0.7064 0.6595 -0.2569
vn -0.0495 0.5640 0.8243
vn 0.2963 -0.2628 0.9182
vn -0.6078 0.7424 -0.2818
vn -0.6800 0.5625 -0.4703
vn -0.3919 -0.2212 0.8930
vn -0.6000 -0.3899 0.6986
vn -0.8782 -0.1356 0.4587
vn -0.3984 -0.4042 0.8233
vn -0.1327 0.7458 0.6528
vn -0.3292 0.9010 -0.2826
vn -0.2982 0.9333 -0.2002
vn -0.3530 0.8968 -0.2667
vn 0.1582 -0.2556 0.9538
vn -0.9414 -0.1752 -0.2882
vn -0.8375 -0.1769 -0.5170
vn 0.4974 -0.1790 -0.8489
vn -0.1281 0.8454 0.5185
vn -0.3778 0.8117 -0.4454
vn -0.3425 0.7504 -0.5653
vn -0.3341 0.8436 -0.4204
vn -0.9116 0.4096 0.0343
vn -0.3329 0.6544 0.6789
vn -0.6077 0.7788 -0.1555
vn -0.0015 -0.4649 0.8853
vn 0.9471 -0.2128 -0.2404
vn 0.9802 -0.1976 -0.0074
vn 0.9746 -0.2225 -0.0264
vn -0.3597 0.8686 -0.3408
vn 0.2342 -0.7794 0.5811
vn 0.2794 -0.5860 0.7606
vn 0.3167 -0.6153 0.7219
vn 0.3658 -0.3860 -0.8469
vn -0.3835 0.8633 -0.3281
vn -0.4146 0.8569 -0.3063
vn -0.3310 0.9384 -0.0992
vn 0.3901 -0.1733 -0.9043
vn 0.1619 -0.4432 0.8817
vn 0.2968 -0.2006 0.9336
vn -0.1970 0.7959 0.5725
vn -0.2744 0.0798 0.9583
vn 0.9004 0.3284 -0.2853
vn -0.2119 0.3436 0.9149
vn -0.2465 0.8477 0.4697
vn -0.6583 0.7458 -0.1022
vn -0.1725 0.8365 0.5201
vn 0.1805 0.4247 0.8872
vn 0.1768 0.3938 0.9020
vn -0.2622 0.6109 0.7470
vn -0.4497 0.6439 0.6190
vn -0.3263 0.6251 0.7091
vn -0.1071 0.3813 -0.9182
vn 0.9463 -0.2838 0.1549
vn 0.3452 0.7241 -0.5971
vn 0.4455 0.8147 -0.3711
vn 0.5252 0.7192 -0.4549
vn 0.3254 0.8130 -0.4828
vn 0.3329 0.7280 -0.5993
vn 0.1564 0.5608 0.8130
vn 0.3161 0.7351 -0.5997
vn -0.2210 -0.5253 0.8217
vn 0.0578 -0.1232 -0.9907
vn -0.9855 -0.1640 -0.0431
s 1
f 1/1/1 2/2/2 3/3/3
f 4/4/4 5/5/5 6/6/6
f 7/7/7 8/8/8 9/9/9
f 10/10/10 11/11/11 12/12/12
f 13/13/13 14/14/14 15/15/15
f 16/16/16 17/17/17 18/18/18
f 19/19/19 20/20/20 21/21/21
f 22/22/22 23/23/23 24/24/24
f 25/25/25 26/26/26 27/27/27
f 28/28/28 29/29/29 30/30/30
f 31/31/31 32/32/32 33/33/33
f 34/34/34 35/35/35 36/36/36
f 37/37/37 38/38/38 39/39/39
f 40/40/40 41/41/41 42/42/42
f 43/43/43 44/44/44 45/45/45
f 46/46/46 47/47/47 48/48/48
f 49/49/49 50/50/50 51/51/51
f 52/52/52 53/53/53 54/54/54
f 55/55/55 56/56/56 57/57/57
f 58/58/58 59/59/59 60/60/60
f 61/61/61 62/62/62 63/63/63
f 64/64/64 65/65/65 66/66/66
f 67/67/67 68/68/68 69/69/69
f 70/70/70 71/71/71 72/72/72
f 73/73/73 74/74/74 75/75/75
f 76/76/76 77/77/77 78/78/78
f 79/79/79 80/80/80 81/81/81
f 82/82/82 83/83/83 84/84/84
f 85/85/85 86/86/86 87/87/87
f 88/88/88 89/89/89 90/90/90
f 91/91/91 92/92/92 93/93/93
f 94/94/94 95/95/95 96/96/96
f 97/97/97 98/98/98 99/99/99
f 100/100/100 101/101/101 102/102/102
f 103/103/103 104/104/104 105/105/105
f 106/106/106 107/107/107 108/108/108
f 109/109/109 110/110/110 111/111/111
f 112/112/112 113/113/113 114/114/114
f 115/115/115 116/116/116 117/117/117
f 118/118/118 119/119/119 120/120/120
f 121/121/121 122/122/122 123/123/123
f 124/124/124 125/125/125 126/126/126
f 127/127/127 128/128/128 129/129/129
f 130/130/130 131/131/131 132/132/132
f 133/133/133 134/134/134 135/135/135
f 136/136/136 137/137/137 138/138/138
f 139/139/139 140/140/140 141/141/141
f 142/142/142 107/107/107 143/143/143
f 144/144/144 9/9/9 145/145/145
f 12/12/12 146/146/146 2/2/2
f 147/147/147 148/148/148 149/149/149
f 150/150/150 151/151/151 106/106/106
f 152/152/152 153/153/153 154/154/154
f 155/155/155 156/156/156 157/157/157
f 158/158/158 159/159/159 160/160/160
f 161/161/161 162/162/162 163/163/163
f 164/164/164 161/161/161 165/165/165
f 166/166/166 167/167/167 168/168/168
f 169/169/169 170/170/170 171/171/171
f 172/172/172 173/173/173 174/174/174
f 175/175/175 35/35/35 176/176/176
f 177/177/177 178/178/178 179/179/179
f 180/180/180 48/48/48 47/47/47
f 181/181/181 182/182/182 183/183/183
f 184/184/184 81/81/81 80/80/80
f 185/185/185 186/186/186 187/187/187
f 188/188/188 189/189/189 87/87/87
f 190/190/190 191/191/191 192/192/192
f 193/193/193 194/194/194 165/165/165
f 195/195/195 196/196/196 197/197/197
f 198/198/198 87/87/87 189/189/189
f 199/199/199 200/200/200 201/201/201
f 202/202/202 203/203/203 204/204/204
f 205/205/205 206/206/206 207/207/207
f 208/208/208 209/209/209 210/210/210
f 211/211/211 212/212/212 213/213/213
f 214/214/214 215/215/215 216/216/216
f 217/217/217 218/218/218 219/219/219
f 220/220/220 221/221/221 171/171/171
f 222/222/222 223/223/223 224/224/224
f 225/225/225 226/226/226 227/227/227
f 228/228/228 229/229/229 230/230/230
f 231/231/231 232/232/232 233/233/233
f 234/234/234 235/235/235 236/236/236
f 237/237/237 238/238/238 239/239/239
f 240/240/240 241/241/241 90/90/90
f 242/242/242 243/243/243 244/244/244
f 245/245/245 246/246/246 247/247/247
f 95/95/95 75/75/75 197/197/197
f 248/248/248 249/249/249 250/250/250
f 251/251/251 252/252/252 253/253/253
f 254/254/254 220/220/220 255/255/255
f 256/256/256 257/257/257 258/258/258
f 259/259/259 260/260/260 261/261/261
f 262/262/262 263/263/263 264/264/264
f 265/265/265 266/266/266 267/267/267
f 268/268/268 269/269/269 270/270/270
f 224/224/224 271/271/271 219/219/219
f 272/272/272 273/273/273 274/274/274
f 275/275/275 276/276/276 141/141/141
f 277/277/277 278/278/278 279/279/279
f 280/280/280 281/281/281 282/282/282
f 283/283/283 284/284/284 285/285/285
f 62/62/62 286/286/286 84/84/84
f 287/287/287 288/288/288 289/289/289
f 25/25/25 204/204/204 290/290/290
f 291/291/291 136/136/136 292/292/292
f 293/293/293 294/294/294 295/295/295
f 296/296/296 278/278/278 297/297/297
f 298/298/298 299/299/299 300/300/300
f 301/301/301 302/302/302 303/303/303
f 304/304/304 305/305/305 306/306/306
f 307/307/307 308/308/308 309/309/309
f 226/226/226 310/310/310 311/311/311
f 312/312/280 289/289/289 313/313/312
f 314/314/313 315/315/314 316/316/315
f 317/317/316 318/318/317 319/319/318
f 320/320/319 321/321/320 322/322/321
f 323/323/322 324/324/323 241/241/241
f 325/325/324 265/265/265 291/291/291
f 326/326/325 115/115/115 327/327/326
f 328/328/327 329/329/328 330/330/329
f 331/331/330 332/332/331 333/333/332
f 334/334/333 154/154/154 335/335/334
f 336/336/335 337/337/221 338/338/336
f 75/75/75 339/339/337 340/340/338
f 341/341/339 342/342/340 343/343/341
f 344/344/342 345/345/343 346/346/344
f 347/347/345 348/348/346 169/169/169
f 230/230/230 349/349/347 61/61/61
f 287/287/287 350/350/282 351/351/348
f 85/85/85 352/352/349 353/353/350
f 354/354/351 355/355/352 228/228/228
f 91/91/91 356/356/353 301/301/301
f 79/79/79 357/357/354 358/358/355
f 359/359/356 360/360/357 361/361/358
f 362/362/359 363/363/360 364/364/361
f 365/365/362 366/366/363 367/367/364
f 368/368/365 369/369/366 175/175/175
f 33/33/33 125/125/125 222/222/222
f 370/370/367 371/371/368 372/372/369
f 373/373/370 131/131/131 374/374/371
f 375/375/372 376/376/373 377/377/44
f 378/378/374 379/379/375 176/176/176
f 178/178/178 380/380/376 381/381/377
f 382/382/378 65/65/65 383/383/379
f 384/384/380 128/128/128 77/77/77
f 385/385/381 386/386/382 37/37/37
f 41/41/41 387/387/383 42/42/42
f 388/388/384 389/389/385 390/390/386
f 391/391/387 392/392/388 393/393/389
f 394/394/390 395/395/391 396/396/392
f 240/240/240 86/86/86 397/397/393
f 393/393/389 345/345/343 398/398/394
f 345/345/343 116/116/116 398/398/394
f 190/190/190 399/399/395 212/212/212
f 400/400/396 401/401/397 402/402/398
f 310/310/310 306/306/306 305/305/305
f 403/403/399 374/374/371 404/404/400
f 405/405/401 404/404/400 135/135/135
f 406/406/402 407/407/372 43/43/43
f 408/408/403 409/409/404 161/161/161
f 171/171/171 410/410/405 169/169/169
f 411/411/406 412/412/407 413/413/408
f 188/188/188 89/89/89 414/414/409
f 415/415/410 416/416/411 417/417/412
f 418/418/413 338/338/336 419/419/414
f 420/420/415 421/421/416 220/220/220
f 344/344/342 422/422/417 423/423/418
f 424/424/419 425/425/420 426/426/421
f 427/427/422 428/428/423 414/414/409
f 255/255/255 171/171/171 170/170/170
f 332/332/331 138/138/138 137/137/137
f 110/110/110 429/429/424 430/430/425
f 431/431/426 432/432/427 433/433/428
f 434/434/429 90/90/90 89/89/89
f 435/435/430 267/267/267 266/266/266
f 44/44/44 436/436/431 45/45/45
f 437/437/432 438/438/433 439/439/434
f 440/440/435 317/317/316 441/441/436
f 440/440/435 174/174/174 239/239/239
f 442/442/437 241/241/241 324/324/323
f 443/443/438 444/444/439 376/376/373
f 445/445/440 446/446/441 447/447/442
f 448/448/443 284/284/284 449/449/444
f 450/450/445 451/451/446 452/452/447
f 426/426/421 453/453/448 424/424/419
f 222/222/222 454/454/449 455/455/450
f 456/456/451 457/457/452 274/274/274
f 458/458/453 343/343/341 459/459/454
f 460/460/121 461/461/455 462/462/448
f 463/463/456 464/464/457 23/23/23
f 465/465/458 165/165/165 194/194/194
f 466/466/459 32/32/32 467/467/460
f 120/120/120 468/468/461 177/177/177
f 469/469/462 470/470/463 471/471/464
f 472/472/465 473/473/466 474/474/467
f 409/409/404 475/475/468 162/162/162
f 48/48/48 476/476/469 46/46/46
f 477/477/470 478/478/471 36/36/36
f 479/479/472 433/433/428 480/480/473
f 481/481/474 108/108/108 482/482/475
f 371/371/368 333/333/332 372/372/369
f 483/483/476 251/251/251 254/254/254
f 484/484/123 485/485/477 460/460/121
f 486/486/478 422/422/417 323/323/322
f 487/487/479 488/488/480 489/489/481
f 490/490/482 351/351/348 491/491/483
f 492/492/484 17/17/17 493/493/485
f 388/388/384 491/491/483 427/427/422
f 494/494/486 495/495/487 206/206/206
f 496/496/488 497/497/489 498/498/490
f 283/283/283 499/499/491 500/500/492
f 501/501/493 502/502/494 371/371/368
f 228/228/228 503/503/495 354/354/351
f 393/393/389 504/504/496 391/391/387
f 253/253/253 505/505/497 506/506/498
f 113/113/113 507/507/499 508/508/500
f 246/246/246 509/509/501 510/510/502
f 511/511/262 420/420/415 436/436/431
f 512/512/503 414/414/409 89/89/89
f 501/501/493 513/513/504 122/122/122
f 197/197/197 96/96/96 95/95/95
f 72/72/72 514/514/505 70/70/70
f 515/515/506 230/230/230 516/516/507
f 483/483/476 255/255/255 517/517/508
f 518/518/509 519/519/510 520/520/511
f 333/333/332 137/137/137 372/372/369
f 521/521/512 326/326/325 522/522/513
f 523/523/514 524/524/515 81/81/81
f 525/525/516 18/18/18 441/441/436
f 516/516/507 526/526/517 515/515/506
f 351/351/348 462/462/448 461/461/455
f 493/493/485 527/527/518 528/528/519
f 327/327/326 522/522/513 326/326/325
f 529/529/520 530/530/521 516/516/507
f 531/531/522 532/532/523 529/529/520
f 322/322/321 533/533/524 534/534/525
f 83/83/83 531/531/522 63/63/63
f 535/535/324 354/354/351 503/503/495
f 536/536/526 506/506/498 505/505/497
f 357/357/354 537/537/527 358/358/355
f 187/187/187 395/395/391 538/538/528
f 539/539/529 540/540/530 442/442/437
f 541/541/531 255/255/255 170/170/170
f 542/542/532 432/432/427 543/543/533
f 544/544/534 545/545/535 218/218/218
f 546/546/536 385/385/381 547/547/537
f 548/548/538 543/543/533 260/260/260
f 441/441/436 172/172/172 440/440/435
f 27/27/27 202/202/202 25/25/25
f 549/549/539 69/69/69 550/550/540
f 551/551/541 552/552/542 553/553/543
f 530/530/521 554/554/544 353/353/350
f 555/555/545 352/352/349 556/556/546
f 557/557/547 247/247/247 332/332/331
f 391/391/387 286/286/286 328/328/327
f 532/532/523 522/522/513 554/554/544
f 556/556/546 198/198/198 558/558/548
f 186/186/186 396/396/392 395/395/391
f 559/559/549 560/560/550 561/561/551
f 562/562/552 401/401/397 563/563/553
f 564/564/554 160/160/160 202/202/202
f 565/565/555 566/566/556 214/214/214
f 567/567/557 568/568/558 10/10/10
f 569/569/559 570/570/560 571/571/561
f 223/223/223 572/572/562 271/271/271
f 573/573/563 574/574/564 575/575/565
f 331/331/330 336/336/335 418/418/413
f 576/576/566 577/577/567 364/364/361
f 578/578/568 579/579/569 580/580/570
f 581/581/571 582/582/572 583/583/573
f 584/584/574 585/585/575 566/566/556
f 586/586/576 419/419/414 310/310/310
f 95/95/95 185/185/185 73/73/73
f 587/587/430 588/588/577 484/484/123
f 338/338/336 589/589/416 590/590/578
f 591/591/579 353/353/350 554/554/544
f 592/592/573 593/593/580 347/347/345
f 594/594/581 538/538/528 395/395/391
f 595/595/582 304/304/304 263/263/263
f 595/595/582 377/377/44 376/376/373
f 358/358/355 596/596/583 597/597/584
f 598/598/585 374/374/371 131/131/131
f 599/599/586 275/275/275 600/600/587
f 601/601/588 602/602/589 603/603/590
f 604/604/591 363/363/360 605/605/53
f 173/173/173 606/606/592 607/607/593
f 608/608/594 18/18/18 17/17/17
f 609/609/595 610/610/596 611/611/597
f 612/612/598 59/59/59 613/613/599
f 614/614/600 615/615/601 616/616/602
f 617/617/603 613/613/599 59/59/59
f 127/127/127 618/618/216 619/619/604
f 620/620/605 621/621/606 622/622/607
f 508/508/500 524/524/515 623/623/608
f 624/624/609 566/566/556 585/585/575
f 393/393/389 257/257/257 625/625/610
f 626/626/611 627/627/612 628/628/613
f 629/629/614 414/414/409 428/428/423
f 300/300/300 630/630/609 298/298/298
f 631/631/615 632/632/616 633/633/617
f 634/634/618 635/635/619 269/269/269
f 636/636/23 297/297/297 278/278/278
f 637/637/620 638/638/621 639/639/622
f 640/640/623 274/274/274 457/457/452
f 641/641/624 642/642/625 643/643/626
f 644/644/627 473/473/466 645/645/628
f 646/646/629 647/647/630 648/648/631
f 649/649/632 650/650/633 631/631/615
f 651/651/204 399/399/395 192/192/192
f 652/652/634 653/653/635 654/654/636
f 520/520/511 74/74/74 518/518/509
f 655/655/637 656/656/638 657/657/639
f 211/211/211 658/658/640 190/190/190
f 559/559/549 659/659/641 614/614/600
f 660/660/642 467/467/460 32/32/32
f 505/505/497 661/661/643 536/536/526
f 662/662/644 663/663/645 664/664/646
f 111/111/111 665/665/647 660/660/642
f 666/666/648 667/667/649 668/668/650
f 669/669/651 260/260/260 543/543/533
f 670/670/652 671/671/653 672/672/654
f 239/239/239 673/673/655 440/440/435
f 674/674/290 192/192/192 191/191/191
f 675/675/656 412/412/407 676/676/657
f 619/619/604 677/677/658 127/127/127
f 678/678/659 679/679/660 680/680/661
f 681/681/588 682/682/662 683/683/663
f 684/684/64 685/685/664 686/686/665
f 676/676/657 687/687/666 675/675/656
f 688/688/667 544/544/534 217/217/217
f 654/654/636 689/689/668 690/690/669
f 691/691/670 692/692/671 693/693/672
f 117/117/117 327/327/326 115/115/115
f 175/175/175 694/694/673 368/368/365
f 122/122/122 695/695/420 501/501/493
f 696/696/674 697/697/675 698/698/676
f 699/699/677 700/700/678 701/701/679
f 702/702/680 703/703/681 234/234/234
f 704/704/682 330/330/329 329/329/328
f 705/705/683 647/647/630 706/706/684
f 707/707/685 708/708/686 709/709/687
f 135/135/135 710/710/688 405/405/401
f 211/211/211 711/711/689 712/712/690
f 713/713/691 714/714/692 715/715/693
f 648/648/631 97/97/97 716/716/694
f 717/717/695 231/231/231 718/718/696
f 264/264/264 590/590/578 589/589/416
f 434/434/429 87/87/87 86/86/86
f 328/328/327 719/719/697 391/391/387
f 111/111/111 687/687/666 109/109/109
f 720/720/698 556/556/546 721/721/266
f 722/722/699 29/29/29 514/514/505
f 245/245/245 586/586/576 226/226/226
f 723/723/700 486/486/478 397/397/393
f 724/724/701 593/593/580 725/725/702
f 726/726/314 727/727/703 728/728/704
f 729/729/705 443/443/438 375/375/372
f 225/225/225 92/92/92 246/246/246
f 386/386/382 730/730/706 38/38/38
f 731/731/707 732/732/708 733/733/709
f 73/73/73 187/187/187 734/734/710
f 735/735/54 736/736/711 737/737/445
f 320/320/319 88/88/88 738/738/712
f 739/739/713 740/740/714 354/354/351
f 597/597/584 741/741/715 459/459/454
f 57/57/57 742/742/716 743/743/717
f 323/323/322 397/397/393 486/486/478
f 330/330/329 8/8/8 328/328/327
f 444/444/439 249/249/249 744/744/718
f 614/614/600 745/745/719 559/559/549
f 657/657/639 177/177/177 655/655/637
f 746/746/720 159/159/159 747/747/721
f 634/634/618 748/748/722 749/749/723
f 750/750/724 415/415/410 751/751/725
f 281/281/281 752/752/726 494/494/486
f 344/344/342 442/442/437 324/324/323
f 753/753/727 754/754/728 755/755/729
f 756/756/730 43/43/43 506/506/498
f 757/757/731 294/294/294 758/758/732
f 759/759/733 760/760/734 712/712/690
f 557/557/547 418/418/413 586/586/576
f 761/761/735 114/114/114 762/762/736
f 763/763/737 764/764/738 765/765/739
f 227/227/227 311/311/311 70/70/70
f 766/766/740 36/36/36 478/478/471
f 320/320/319 442/442/437 540/540/530
f 367/367/364 767/767/741 768/768/742
f 769/769/743 770/770/744 771/771/745
f 772/772/746 206/206/206 495/495/487
f 611/611/597 643/643/626 609/609/595
f 773/773/692 740/740/714 774/774/747
f 282/282/282 424/424/419 453/453/448
f 207/207/207 775/775/572 776/776/494
f 300/300/300 777/777/748 619/619/604
f 778/778/749 563/563/553 779/779/750
f 780/780/751 781/781/752 782/782/753
f 783/783/754 109/109/109 687/687/666
f 784/784/755 478/478/471 785/785/756
f 514/514/505 786/786/757 307/307/307
f 197/197/197 340/340/338 195/195/195
f 787/787/758 154/154/154 153/153/153
f 302/302/302 292/292/292 303/303/303
f 788/788/759 789/789/760 790/790/761
f 250/250/250 623/623/608 248/248/248
f 791/791/762 792/792/763 793/793/764
f 196/196/196 794/794/765 258/258/258
f 795/795/766 550/550/540 69/69/69
f 796/796/767 797/797/768 798/798/769
f 799/799/770 155/155/155 157/157/157
f 625/625/610 346/346/344 345/345/343
f 758/758/732 800/800/771 801/801/772
f 561/561/551 802/802/773 559/559/549
f 619/619/604 803/803/215 300/300/300
f 790/790/761 100/100/100 804/804/774
f 30/30/30 523/523/514 184/184/184
f 805/805/775 806/806/776 789/789/760
f 302/302/302 807/807/747 808/808/713
f 672/672/654 809/809/777 799/799/770
f 680/680/661 465/465/458 678/678/659
f 617/617/603 810/810/778 7/7/7
f 183/183/183 811/811/779 812/812/780
f 19/19/19 439/439/434 438/438/433
f 813/813/781 814/814/782 815/815/783
f 156/156/156 816/816/784 157/157/157
f 562/562/552 817/817/785 818/818/786
f 411/411/406 12/12/12 1/1/1
f 72/72/72 248/248/248 623/623/608
f 765/765/739 819/819/787 763/763/737
f 820/820/788 1/1/1 821/821/789
f 822/822/790 765/765/739 764/764/738
f 823/823/791 474/474/467 473/473/466
f 682/682/662 824/824/792 678/678/659
f 669/669/651 631/631/615 825/825/793
f 826/826/794 827/827/795 821/821/789
f 828/828/796 829/829/797 750/750/724
f 830/830/798 831/831/799 642/642/625
f 93/93/93 309/309/309 308/308/308
f 832/832/800 833/833/801 834/834/802
f 499/499/491 561/561/551 560/560/550
f 349/349/347 329/329/328 62/62/62
f 271/271/271 835/835/803 836/836/804
f 837/837/805 707/707/685 838/838/806
f 117/117/117 423/423/418 422/422/417
f 553/553/543 839/839/807 840/840/808
f 216/216/216 268/268/268 214/214/214
f 841/841/809 7/7/7 144/144/144
f 842/842/810 632/632/616 843/843/811
f 829/829/797 844/844/812 415/415/410
f 560/560/550 51/51/51 499/499/491
f 845/845/813 399/399/395 846/846/203
f 834/834/802 652/652/634 832/832/800
f 591/591/579 397/397/393 86/86/86
f 834/834/802 847/847/814 848/848/815
f 633/633/617 849/849/816 699/699/677
f 850/850/817 851/851/818 852/852/819
f 853/853/820 396/396/392 831/831/799
f 299/299/299 671/671/653 777/777/748
f 854/854/821 855/855/822 745/745/719
f 213/213/213 149/149/149 148/148/148
f 856/856/823 200/200/200 857/857/824
f 858/858/825 859/859/826 860/860/827
f 861/861/828 812/812/780 811/811/779
f 498/498/490 862/862/829 863/863/830
f 864/864/831 382/382/378 850/850/817
f 629/629/614 588/588/577 189/189/189
f 865/865/832 866/866/833 867/867/834
f 868/868/835 869/869/836 383/383/379
f 461/461/455 491/491/483 351/351/348
f 425/425/420 207/207/207 776/776/494
f 160/160/160 870/870/813 203/203/203
f 787/787/758 871/871/837 872/872/838
f 873/873/839 627/627/612 753/753/727
f 770/770/744 855/855/822 874/874/840
f 875/875/841 876/876/842 877/877/843
f 878/878/844 821/821/789 827/827/795
f 497/497/489 145/145/145 862/862/829
f 500/500/492 51/51/51 879/879/845
f 880/880/846 850/850/817 852/852/819
f 848/848/815 708/708/686 834/834/802
f 881/881/847 882/882/848 118/118/118
f 281/281/281 205/205/205 424/424/419
f 149/149/149 883/883/849 147/147/147
f 884/884/850 112/112/112 761/761/735
f 387/387/383 8/8/8 810/810/778
f 885/885/660 430/430/425 429/429/424
f 886/886/851 295/295/295 294/294/294
f 199/199/199 759/759/733 887/887/852
f 854/854/821 616/616/602 888/888/853
f 597/597/584 343/343/341 342/342/340
f 428/428/423 485/485/477 629/629/614
f 764/764/738 889/889/854 822/822/790
f 890/890/855 355/355/352 416/416/411
f 891/891/856 609/609/595 643/643/626
f 892/892/857 14/14/14 457/457/452
f 359/359/356 500/500/492 893/893/858
f 526/526/517 353/353/350 352/352/349
f 210/210/210 894/894/859 875/875/841
f 285/285/285 895/895/860 283/283/283
f 502/502/494 896/896/861 371/371/368
f 382/382/378 869/869/836 850/850/817
f 292/292/292 138/138/138 510/510/502
f 513/513/504 123/123/123 122/122/122
f 256/256/256 897/897/862 346/346/344
f 898/898/863 899/899/864 900/900/865
f 901/901/866 902/902/867 903/903/868
f 168/168/168 688/688/667 904/904/869
f 581/581/571 333/333/332 896/896/861
f 291/291/291 808/808/713 325/325/324
f 771/771/745 874/874/840 231/231/231
f 905/905/870 863/863/830 862/862/829
f 436/436/431 254/254/254 251/251/251
f 340/340/338 16/16/16 525/525/516
f 836/836/804 219/219/219 271/271/271
f 301/301/301 509/509/501 91/91/91
f 307/307/307 70/70/70 514/514/505
f 541/541/531 906/906/871 517/517/508
f 907/907/872 11/11/11 568/568/558
f 723/723/700 554/554/544 522/522/513
f 908/908/873 341/341/339 343/343/341
f 909/909/874 862/862/829 145/145/145
f 716/716/694 99/99/99 757/757/731
f 910/910/875 911/911/876 912/912/877
f 314/314/313 662/662/644 6/6/6
f 232/232/232 142/142/142 913/913/878
f 811/811/779 238/238/238 861/861/828
f 261/261/261 825/825/793 914/914/879
f 907/907/872 915/915/880 382/382/378
f 303/303/303 510/510/502 509/509/501
f 455/455/450 567/567/557 413/413/408
f 841/841/809 476/476/469 613/613/599
f 284/284/284 361/361/358 449/449/444
f 916/916/881 297/297/297 547/547/537
f 915/915/880 66/66/66 65/65/65
f 917/917/882 467/467/460 918/918/883
f 919/919/884 372/372/369 137/137/137
f 515/515/506 555/555/545 503/503/495
f 252/252/252 920/920/885 505/505/497
f 720/720/698 503/503/495 555/555/545
f 921/921/886 715/715/693 356/356/353
f 922/922/887 596/596/583 923/923/888
f 887/887/852 712/712/690 711/711/689
f 69/69/69 924/924/889 795/795/766
f 483/483/476 925/925/890 926/926/891
f 496/496/488 927/927/892 46/46/46
f 778/778/749 928/928/893 817/817/785
f 929/929/792 602/602/589 430/430/425
f 298/298/298 152/152/152 154/154/154
f 930/930/894 931/931/895 443/443/438
f 932/932/896 883/883/849 933/933/897
f 40/40/40 934/934/898 186/186/186
f 935/935/899 936/936/900 851/851/818
f 691/691/670 937/937/901 638/638/621
f 938/938/902 471/471/464 939/939/903
f 585/585/575 940/940/152 624/624/609
f 164/164/164 482/482/475 408/408/403
f 941/941/904 427/427/422 512/512/503
f 227/227/227 309/309/309 225/225/225
f 82/82/82 398/398/394 116/116/116
f 267/267/267 370/370/367 919/919/884
f 270/270/270 942/942/905 943/943/906
f 944/944/907 156/156/156 945/945/908
f 946/946/909 744/744/718 249/249/249
f 947/947/910 948/948/911 949/949/912
f 950/950/913 942/942/905 951/951/914
f 602/602/589 952/952/915 103/103/103
f 953/953/916 954/954/917 955/955/918
f 257/257/257 196/196/196 258/258/258
f 956/956/919 957/957/920 958/958/921
f 945/945/908 334/334/333 335/335/334
f 93/93/93 959/959/922 91/91/91
f 923/923/888 537/537/527 884/884/850
f 960/960/923 957/957/920 961/961/924
f 78/78/78 962/962/925 76/76/76
f 548/548/538 686/686/665 685/685/664
f 963/963/926 78/78/78 670/670/652
f 81/81/81 507/507/499 79/79/79
f 964/964/927 258/258/258 794/794/765
f 311/311/311 305/305/305 71/71/71
f 965/965/928 129/129/129 128/128/128
f 42/42/42 60/60/60 40/40/40
f 966/966/929 60/60/60 59/59/59
f 954/954/917 939/939/903 471/471/464
f 967/967/930 749/749/723 968/968/931
f 430/430/425 103/103/103 110/110/110
f 926/926/891 969/969/932 252/252/252
f 970/970/933 971/971/934 972/972/935
f 973/973/936 974/974/937 101/101/101
f 975/975/938 976/976/939 977/977/940
f 438/438/433 978/978/941 20/20/20
f 979/979/942 815/815/783 970/970/933
f 980/980/943 903/903/868 902/902/867
f 981/981/944 632/632/616 982/982/945
f 983/983/946 982/982/945 984/984/947
f 985/985/948 986/986/949 987/987/950
f 988/988/951 903/903/868 989/989/952
f 817/817/785 901/901/866 988/988/951
f 990/990/953 857/857/824 148/148/148
f 991/991/954 992/992/955 993/993/956
f 994/994/957 575/575/565 995/995/958
f 996/996/959 785/785/756 478/478/471
f 847/847/814 997/997/960 998/998/961
f 799/799/770 157/157/157 816/816/784
f 866/866/833 999/999/962 1000/1000/963
f 1001/1001/964 1002/1002/965 997/997/960
f 1003/1003/966 1004/1004/967 736/736/711
f 916/916/881 39/39/39 237/237/237
f 1005/1005/968 1006/1006/969 688/688/667
f 1007/1007/970 489/489/481 488/488/480
f 1008/1008/971 1009/1009/972 1010/1010/973
f 1011/1011/974 1012/1012/975 1013/1013/976
f 1014/1014/977 105/105/105 104/104/104
f 1015/1015/978 1016/1016/979 1012/1012/975
f 1017/1017/980 987/987/950 804/804/774
f 1018/1018/981 1019/1019/982 986/986/949
f 1020/1020/983 1021/1021/984 1022/1022/985
f 1013/1013/976 1023/1023/986 1011/1011/974
f 102/102/102 804/804/774 100/100/100
f 574/574/564 1015/1015/978 1011/1011/974
f 1024/1024/987 1025/1025/988 1015/1015/978
f 1026/1026/989 1024/1024/987 574/574/564
f 1027/1027/990 1028/1028/991 1024/1024/987
f 1029/1029/992 1030/1030/993 1031/1031/994
f 1032/1032/995 480/480/473 488/488/480
f 1033/1033/996 1034/1034/997 1035/1035/998
f 733/733/709 1031/1031/994 1030/1030/993
f 1036/1036/999 1037/1037/1000 1018/1018/981
f 1038/1038/1001 568/568/558 545/545/535
f 108/108/108 888/888/853 616/616/602
f 656/656/638 1039/1039/1002 1040/1040/1003
f 1041/1041/1004 144/144/144 497/497/489
f 1042/1042/1005 1043/1043/1006 1044/1044/1007
f 528/528/519 520/520/511 519/519/510
f 605/605/53 1003/1003/966 735/735/54
f 1045/1045/1008 607/607/593 606/606/592
f 1046/1046/1009 404/404/400 374/374/371
f 1047/1047/1010 447/447/442 1048/1048/1011
f 966/966/929 642/642/625 831/831/799
f 1049/1049/1012 969/969/932 1050/1050/1013
f 692/692/671 508/508/500 250/250/250
f 621/621/606 1051/1051/1014 622/622/607
f 341/341/339 235/235/235 1052/1052/1015
f 358/358/355 342/342/340 79/79/79
f 571/571/561 1053/1053/1016 1054/1054/1017
f 80/80/80 1052/1052/1015 184/184/184
f 1055/1055/1018 703/703/681 886/886/851
f 1056/1056/1019 1057/1057/1020 1058/1058/1021
f 1033/1033/996 1059/1059/1022 1060/1060/1023
f 878/878/844 783/783/754 676/676/657
f 1061/1061/1024 405/405/401 802/802/773
f 1062/1062/1025 1063/1063/1026 1064/1064/1027
f 1065/1065/1028 449/449/444 361/361/358
f 1066/1066/462 1067/1067/1029 1068/1068/1030
f 3/3/3 1069/1069/1031 1070/1070/1032
f 573/573/563 1053/1053/1016 1071/1071/1033
f 664/664/646 6/6/6 662/662/644
f 1072/1072/1034 561/561/551 895/895/860
f 943/943/906 565/565/555 270/270/270
f 837/837/805 158/158/158 564/564/554
f 581/581/571 1073/1073/405 336/336/335
f 1058/1058/1021 1074/1074/1035 1075/1075/1036
f 875/875/841 713/713/691 921/921/886
f 15/15/15 1076/1076/1037 13/13/13
f 21/21/21 1077/1077/1038 19/19/19
f 928/928/893 1078/1078/1039 901/901/866
f 788/788/759 1079/1079/1040 1080/1080/1041
f 244/244/244 1081/1081/1042 1029/1029/992
f 1082/1082/1043 1083/1083/1044 1084/1084/1045
f 1085/1085/1046 1086/1086/1047 1087/1087/1048
f 882/882/848 1088/1088/1049 119/119/119
f 998/998/961 848/848/815 847/847/814
f 1027/1027/990 989/989/952 903/903/868
f 2/2/2 991/991/954 1069/1069/1031
f 1089/1089/536 448/448/443 449/449/444
f 1054/1054/1017 1077/1077/1038 571/571/561
f 1075/1075/1036 1090/1090/1050 1058/1058/1021
f 607/607/593 174/174/174 173/173/173
f 1091/1091/1051 1092/1092/1052 1093/1093/1053
f 119/119/119 1094/1094/1054 468/468/461
f 1095/1095/1055 768/768/742 1063/1063/1026
f 339/339/337 527/527/518 16/16/16
f 738/738/712 90/90/90 241/241/241
f 1096/1096/1056 840/840/808 839/839/807
f 1035/1035/998 1097/1097/1057 1033/1033/996
f 1031/1031/994 244/244/244 1029/1029/992
f 1098/1098/1058 1068/1068/1030 1099/1099/1059
f 1100/1100/1060 1101/1101/1061 570/570/560
f 242/242/242 732/732/708 881/881/847
f 1102/1102/1062 1103/1103/1063 1104/1104/1064
f 1054/1054/1017 994/994/957 667/667/649
f 431/431/426 1105/1105/1065 650/650/633
f 977/977/940 1106/1106/1066 975/975/938
f 1107/1107/1067 274/274/274 273/273/273
f 1105/1105/1065 984/984/947 982/982/945
f 479/479/472 1108/1108/1068 1105/1105/1065
f 1109/1109/1069 1060/1060/1023 1110/1110/1070
f 243/243/243 487/487/479 489/489/481
f 547/547/537 37/37/37 916/916/881
f 649/649/632 543/543/533 432/432/427
f 1061/1061/1024 373/373/370 403/403/399
f 1111/1111/1071 549/549/539 1112/1112/1072
f 736/736/711 702/702/680 1113/1113/1073
f 179/179/179 381/381/377 1114/1114/1074
f 1115/1115/1075 1116/1116/1076 1117/1117/899
f 463/463/456 1118/1118/1077 448/448/443
f 132/132/132 22/22/22 130/130/130
f 1119/1119/1078 1120/1120/1079 1121/1121/1080
f 1025/1025/988 1122/1122/1081 1123/1123/1082
f 1124/1124/1083 1125/1125/1084 1126/1126/1085
f 1016/1016/979 1123/1123/1082 1127/1127/1086
f 815/815/783 1128/1128/1087 971/971/934
f 1129/1129/1088 1130/1130/1089 1131/1131/1090
f 1123/1123/1082 1132/1132/1091 782/782/753
f 816/816/784 1133/1133/1092 1134/1134/1093
f 1135/1135/1094 1136/1136/1095 928/928/893
f 1137/1137/1096 1082/1082/1043 1084/1084/1045
f 1138/1138/1097 1139/1139/1098 1140/1140/1099
f 856/856/823 780/780/751 1141/1141/1100
f 1142/1142/1101 21/21/21 983/983/946
f 951/951/914 269/269/269 635/635/619
f 1143/1143/1102 176/176/176 379/379/375
f 986/986/949 1144/1144/1103 1145/1145/1104
f 881/881/847 1097/1097/1057 242/242/242
f 454/454/449 219/219/219 218/218/218
f 1146/1146/1105 912/912/877 1147/1147/971
f 1140/1140/1099 1148/1148/1106 1145/1145/1104
f 872/872/838 429/429/424 1149/1149/1107
f 376/376/373 744/744/718 595/595/582
f 1070/1070/1032 826/826/794 3/3/3
f 892/892/857 433/433/428 432/432/427
f 1150/1150/1108 1151/1151/1109 1081/1081/1042
f 1152/1152/1110 1043/1043/1006 663/663/645
f 21/21/21 981/981/944 983/983/946
f 1153/1153/1111 1154/1154/1112 1106/1106/1066
f 1155/1155/1113 963/963/926 1156/1156/1114
f 1058/1058/1021 1138/1138/1097 1056/1056/1019
f 860/860/827 730/730/706 1157/1157/1115
f 1158/1158/1116 1159/1159/1117 1160/1160/1118
f 1161/1161/1119 552/552/542 1013/1013/976
f 693/693/672 250/250/250 249/249/249
f 1032/1032/995 1162/1162/1120 1108/1108/1068
f 1163/1163/1028 628/628/613 385/385/381
f 1164/1164/1121 686/686/665 259/259/259
f 668/668/650 1165/1165/1122 1166/1166/1123
f 472/472/465 1167/1167/1124 1168/1168/1125
f 804/804/774 1148/1148/1106 790/790/761
f 1169/1169/1126 958/958/921 957/957/920
f 1170/1170/1127 823/823/791 1171/1171/1128
f 790/790/761 1139/1139/1098 788/788/759
f 1156/1156/1114 1172/1172/1129 1155/1155/1113
f 1173/1173/1130 1017/1017/980 102/102/102
f 1174/1174/1131 1175/1175/1132 944/944/907
f 1176/1176/1133 1177/1177/1134 1178/1178/1043
f 1179/1179/1135 653/653/635 837/837/805
f 798/798/769 1180/1180/715 796/796/767
f 1001/1001/964 833/833/801 1181/1181/1136
f 84/84/84 504/504/496 82/82/82
f 1182/1182/1137 1159/1159/1117 1183/1183/1138
f 1184/1184/1139 1102/1102/1062 840/840/808
f 31/31/31 413/413/408 412/412/407
f 682/682/662 1185/1185/1140 683/683/663
f 365/365/362 1124/1124/1083 899/899/864
f 263/263/263 306/306/306 590/590/578
f 665/665/647 918/918/883 467/467/460
f 1186/1186/782 1187/1187/1141 1188/1188/1087
f 1189/1189/1142 927/927/892 726/726/314
f 970/970/933 1190/1190/1143 979/979/942
f 52/52/52 477/477/470 369/369/366
f 866/866/833 1191/1191/1144 867/867/834
f 147/147/147 1192/1192/1145 1193/1193/1146
f 936/936/900 852/852/819 851/851/818
f 1194/1194/1147 1106/1106/1066 1154/1154/1112
f 864/864/831 146/146/146 11/11/11
f 1195/1195/1148 608/608/594 492/492/484
f 1196/1196/1149 843/843/811 978/978/941
f 57/57/57 1197/1197/1150 55/55/55
f 698/698/676 1117/1117/899 696/696/674
f 319/319/318 441/441/436 317/317/316
f 481/481/474 465/465/458 1198/1198/1151
f 1110/1110/1070 779/779/750 563/563/553
f 1069/1069/1031 993/993/956 1199/1199/1152
f 763/763/737 795/795/766 801/801/772
f 105/105/105 110/110/110 103/103/103
f 1200/1200/1153 457/457/452 14/14/14
f 1174/1174/1131 1149/1149/1107 109/109/109
f 279/279/279 1201/1201/1154 1045/1045/1008
f 1202/1202/1155 548/548/538 685/685/664
f 904/904/869 217/217/217 836/836/804
f 628/628/613 1203/1203/1156 386/386/382
f 1204/1204/1157 367/367/364 1095/1095/1055
f 1205/1205/1158 1182/1182/1137 1172/1172/1129
f 166/166/166 904/904/869 1206/1206/1159
f 1114/1114/1074 1207/1207/1160 578/578/568
f 369/369/366 36/36/36 35/35/35
f 820/820/788 676/676/657 412/412/407
f 995/995/958 1023/1023/986 551/551/541
f 126/126/126 466/466/459 917/917/882
f 1208/1208/1161 1209/1209/1162 1037/1037/1000
f 1010/1010/973 791/791/762 1183/1183/1138
f 1210/1210/1163 983/983/946 984/984/947
f 1211/1211/453 1212/1212/1164 56/56/56
f 1213/1213/725 894/894/859 1214/1214/724
f 1215/1215/1165 1216/1216/1166 1217/1217/1167
f 1218/1218/1168 553/553/543 1104/1104/1064
f 825/825/793 633/633/617 699/699/677
f 1219/1219/1169 874/874/840 855/855/822
f 56/56/56 1220/1220/1170 742/742/716
f 743/743/717 1181/1181/1136 785/785/756
f 1221/1221/1171 1222/1222/1172 1223/1223/1173
f 801/801/772 1224/1224/1174 763/763/737
f 1218/1218/1168 1166/1166/1123 1165/1165/1122
f 747/747/721 865/865/832 867/867/834
f 1052/1052/1015 1055/1055/1018 1225/1225/1175
f 1175/1175/1132 827/827/795 156/156/156
f 1226/1226/1176 78/78/78 77/77/77
f 1219/1219/1169 888/888/853 142/142/142
f 1227/1227/1177 1048/1048/1011 1228/1228/1178
f 542/542/532 15/15/15 14/14/14
f 677/677/658 77/77/77 128/128/128
f 1146/1146/1105 1018/1018/981 985/985/948
f 1050/1050/1013 645/645/628 943/943/906
f 1229/1229/55 908/908/873 458/458/453
f 893/893/858 1230/1230/1179 360/360/357
f 1231/1231/1180 680/680/661 679/679/660
f 698/698/676 914/914/879 701/701/679
f 1215/1215/1165 1232/1232/1181 1230/1230/1179
f 1233/1233/674 851/851/818 869/869/836
f 474/474/467 143/143/143 1167/1167/1124
f 1028/1028/991 902/902/867 1122/1122/1081
f 1234/1234/704 316/316/315 315/315/314
f 419/419/414 590/590/578 306/306/306
f 833/833/801 785/785/756 1181/1181/1136
f 1235/1235/1182 579/579/569 1236/1236/1183
f 1237/1237/1184 66/66/66 1005/1005/968
f 452/452/447 54/54/54 450/450/445
f 290/290/290 276/276/276 25/25/25
f 996/996/959 452/452/447 451/451/446
f 655/655/637 179/179/179 760/760/734
f 1238/1238/1134 1239/1239/1185 1083/1083/1044
f 1240/1240/1186 1151/1151/1109 273/273/273
f 1172/1172/1129 1183/1183/1138 791/791/762
f 189/189/189 558/558/548 198/198/198
f 667/667/649 995/995/958 1165/1165/1122
f 1165/1165/1122 551/551/541 1218/1218/1168
f 237/237/237 296/296/296 916/916/881
f 792/792/763 938/938/902 939/939/903
f 1101/1101/1061 989/989/952 1071/1071/1033
f 1188/1188/1087 1192/1192/1145 932/932/896
f 1040/1040/1003 1110/1110/1070 1060/1060/1023
f 1057/1057/1020 999/999/962 1074/1074/1035
f 1220/1220/1170 1241/1241/1187 1002/1002/965
f 1242/1242/864 1243/1243/1188 1244/1244/1189
f 838/838/806 709/709/687 1245/1245/1190
f 1246/1246/1191 1202/1202/1155 1247/1247/167
f 209/209/209 1214/1214/724 894/894/859
f 1113/1113/1073 234/234/234 1248/1248/1192
f 1245/1245/1190 1249/1249/1193 866/866/833
f 1250/1250/1194 1158/1158/1116 1199/1199/1152
f 985/985/948 910/910/875 1146/1146/1105
f 1251/1251/1195 146/146/146 880/880/846
f 998/998/961 1252/1252/1196 1090/1090/1050
f 99/99/99 1225/1225/1175 1055/1055/1018
f 1135/1135/1094 779/779/750 201/201/201
f 658/658/640 580/580/570 191/191/191
f 549/549/539 1044/1044/1007 1152/1152/1110
f 1020/1020/983 1131/1131/1090 1253/1253/1197
f 151/151/151 143/143/143 107/107/107
f 381/381/377 1254/1254/1198 1207/1207/1160
f 368/368/365 1255/1255/591 53/53/53
f 1256/1256/1199 176/176/176 35/35/35
f 26/26/26 1119/1119/1078 1257/1257/1200
f 455/455/450 33/33/33 222/222/222
f 402/402/398 818/818/786 1100/1100/1060
f 1250/1250/1194 1137/1137/1096 1084/1084/1045
f 1007/1007/970 273/273/273 1151/1151/1109
f 1160/1160/1118 1134/1134/1093 1133/1133/1092
f 1258/1258/139 580/580/570 579/579/569
f 893/893/858 879/879/845 1215/1215/1165
f 867/867/834 1259/1259/1201 747/747/721
f 782/782/753 1127/1127/1086 1123/1123/1082
f 1169/1169/1126 949/949/912 948/948/911
f 567/567/557 218/218/218 545/545/535
f 251/251/251 45/45/45 436/436/431
f 1041/1041/1004 46/46/46 476/476/469
f 1004/1004/967 295/295/295 702/702/680
f 1038/1038/1001 1006/1006/969 915/915/880
f 1080/1080/1041 805/805/775 788/788/759
f 1093/1093/1053 1169/1169/1126 1091/1091/1051
f 1260/1260/1184 1202/1202/1155 685/685/664
f 1104/1104/1064 840/840/808 1102/1102/1062
f 1176/1176/1133 1062/1062/1025 1209/1209/1162
f 891/891/856 613/613/599 476/476/469
f 1183/1183/1138 1239/1239/1185 1010/1010/973
f 1173/1173/1130 1261/1261/902 911/911/876
f 1262/1262/1202 993/993/956 992/992/955
f 659/659/641 1263/1263/1203 615/615/601
f 1264/1264/1204 700/700/678 1265/1265/1205
f 1080/1080/1041 1252/1252/1196 1092/1092/1052
f 366/366/363 1266/1266/1139 1267/1267/1056
f 1268/1268/1206 1063/1063/1026 768/768/742
f 1269/1269/1207 1010/1010/973 1239/1239/1185
f 468/468/461 1270/1270/1208 178/178/178
f 1224/1224/1174 577/577/567 764/764/738
f 383/383/379 1271/1271/1121 868/868/835
f 737/737/445 1113/1113/1073 1272/1272/1150
f 1012/1012/975 1273/1273/1209 1274/1274/1210
f 982/982/945 650/650/633 1105/1105/1065
f 747/747/721 1275/1275/896 746/746/720
f 818/818/786 988/988/951 1101/1101/1061
f 1265/1265/1205 849/849/816 1021/1021/984
f 1276/1276/611 361/361/358 360/360/357
f 1039/1039/1002 201/201/201 779/779/750
f 839/839/807 1277/1277/1211 1096/1096/1056
f 1278/1278/1211 1279/1279/1212 767/767/741
f 1280/1280/1213 813/813/781 1279/1279/1212
f 813/813/781 1268/1268/1206 1279/1279/1212
f 208/208/208 67/67/67 1111/1111/1071
f 1223/1223/1173 1244/1244/1189 1221/1221/1171
f 1281/1281/1214 191/191/191 580/580/570
f 141/141/141 1282/1282/1214 139/139/139
f 1275/1275/896 971/971/934 1128/1128/1087
f 1000/1000/963 1283/1283/1215 1194/1194/1147
f 1091/1091/1051 948/948/911 805/805/775
f 1176/1176/1133 1126/1126/1085 1125/1125/1084
f 1284/1284/1216 1141/1141/1100 1136/1136/1095
f 1084/1084/1045 1285/1285/1217 1250/1250/1194
f 871/871/837 1286/1286/1218 1287/1287/1180
f 977/977/940 1144/1144/1103 1288/1288/1219
f 1019/1019/982 1288/1288/1219 1144/1144/1103
f 1220/1220/1170 1181/1181/1136 742/742/716
f 1092/1092/1052 997/997/960 1002/1002/965
f 962/962/925 1289/1289/1220 953/953/916
f 1187/1187/1141 1193/1193/1146 1192/1192/1145
f 1290/1290/1221 958/958/921 796/796/767
f 1002/1002/965 1093/1093/1053 1092/1092/1052
f 727/727/703 498/498/490 1291/1291/1222
f 50/50/50 879/879/845 51/51/51
f 1212/1212/1164 798/798/769 1241/1241/1187
f 1292/1292/887 796/796/767 1180/1180/715
f 1293/1293/1223 1294/1294/1224 963/963/926
f 1295/1295/1076 1222/1222/1172 936/936/900
f 1257/1257/1200 1296/1296/1225 1179/1179/1135
f 1297/1297/1226 578/578/568 658/658/640
f 120/120/120 1298/1298/1227 118/118/118
f 446/446/441 1299/1299/1228 447/447/442
f 402/402/398 569/569/559 400/400/396
f 1112/1112/1072 316/316/315 1111/1111/1071
f 712/712/690 1297/1297/1226 211/211/211
f 1040/1040/1003 657/657/639 656/656/638
f 621/621/606 1167/1167/1124 151/151/151
f 668/668/650 439/439/434 666/666/648
f 1056/1056/1019 1140/1140/1099 976/976/939
f 974/974/937 1099/1099/1059 1068/1068/1030
f 1273/1273/1209 1127/1127/1086 1300/1300/1229
f 781/781/752 1300/1300/1229 1127/1127/1086
f 666/666/648 19/19/19 1077/1077/1038
f 1013/1013/976 1274/1274/1210 1161/1161/1119
f 1035/1035/998 1162/1162/1120 487/487/479
f 1103/1103/1063 1301/1301/1230 1302/1302/1231
f 1242/1242/864 1085/1085/1046 1303/1303/865
f 1243/1243/1188 1304/1304/1085 1137/1137/1096
f 1302/1302/1231 1305/1305/1232 1166/1166/1123
f 1166/1166/1123 437/437/432 668/668/650
f 1152/1152/1110 1112/1112/1072 549/549/539
f 600/600/587 141/141/141 140/140/140
f 364/364/361 1306/1306/1233 362/362/359
f 1307/1307/1234 1029/1029/992 1081/1081/1042
f 1308/1308/1235 1081/1081/1042 1151/1151/1109
f 1201/1201/1154 1309/1309/1236 607/607/593
f 456/456/451 480/480/473 433/433/428
f 1310/1310/1237 1190/1190/1143 1153/1153/1111
f 1298/1298/1227 1060/1060/1023 1059/1059/1022
f 612/612/598 643/643/626 642/642/625
f 584/584/574 645/645/628 473/473/466
f 936/936/900 1311/1311/1238 1312/1312/1239
f 1311/1311/1238 1251/1251/1195 1312/1312/1239
f 1191/1191/1144 1194/1194/1147 972/972/935
f 1313/1313/1240 1223/1223/1173 1222/1222/1172
f 516/516/507 61/61/61 529/529/520
f 1121/1121/1080 1257/1257/1200 1119/1119/1078
f 1011/1011/974 575/575/565 574/574/564
f 1034/1034/997 1210/1210/1163 1162/1162/1120
f 971/971/934 1191/1191/1144 972/972/935
f 777/777/748 1226/1226/1176 677/677/658
f 751/751/725 417/417/412 773/773/692
f 955/955/918 471/471/464 470/470/463
f 1109/1109/1069 1314/1314/1241 1034/1034/997
f 1204/1204/1157 1062/1062/1025 1125/1125/1084
f 757/757/731 1055/1055/1018 886/886/851
f 872/872/838 944/944/907 787/787/758
f 533/533/524 183/183/183 534/534/525
f 392/392/388 96/96/96 257/257/257
f 1315/1315/457 547/547/537 297/297/297
f 806/806/776 1316/1316/1242 973/973/936
f 1249/1249/1193 1074/1074/1035 999/999/962
f 1267/1267/1056 767/767/741 366/366/363
f 45/45/45 506/506/498 43/43/43
f 661/661/643 1049/1049/1012 950/950/913
f 728/728/704 1291/1291/1222 828/828/796
f 1104/1104/1064 1302/1302/1231 1218/1218/1168
f 195/195/195 525/525/516 319/319/318
f 1155/1155/1113 1317/1317/1243 1293/1293/1223
f 934/934/898 831/831/799 396/396/392
f 1206/1206/1159 836/836/804 835/835/803
f 364/364/361 1318/1318/1244 576/576/566
f 802/802/773 710/710/688 659/659/641
f 1319/1319/1047 1253/1253/1197 1131/1131/1090
f 620/620/605 472/472/465 1168/1168/1125
f 1320/1320/1245 1321/1321/1246 1322/1322/1247
f 787/787/758 945/945/908 335/335/334
f 722/722/699 623/623/608 524/524/515
f 1289/1289/1220 1317/1317/1243 954/954/917
f 1051/1051/1014 1323/1323/1218 622/622/607
f 150/150/150 680/680/661 1051/1051/1014
f 1243/1243/1188 1324/1324/1248 1262/1262/1202
f 1325/1325/1249 180/180/180 1326/1326/5
f 445/445/440 378/378/374 1256/1256/1199
f 1042/1042/1005 1327/1327/1250 1328/1328/1251
f 135/135/135 1329/1329/1252 133/133/133
f 1042/1042/1005 550/550/540 819/819/787
f 1330/1330/1253 978/978/941 1331/1331/1254
f 1199/1199/1152 1070/1070/1032 1069/1069/1031
f 1265/1265/1205 1253/1253/1197 1264/1264/1204
f 1330/1330/1253 1301/1301/1230 1022/1022/985
f 1331/1331/1254 1305/1305/1232 1330/1330/1253
f 1022/1022/985 1129/1129/1088 1020/1020/983
f 1264/1264/1204 1332/1332/1240 1116/1116/1076
f 1110/1110/1070 401/401/397 1109/1109/1069
f 558/558/548 721/721/266 556/556/546
f 570/570/560 1071/1071/1033 1053/1053/1016
f 451/451/446 743/743/717 996/996/959
f 1118/1118/1077 285/285/285 284/284/284
f 898/898/863 1333/1333/1255 1266/1266/1139
f 1334/1334/1256 1072/1072/1034 285/285/285
f 1048/1048/1011 1120/1120/1079 1228/1228/1178
f 939/939/903 793/793/764 792/792/763
f 239/239/239 1309/1309/1236 237/237/237
f 488/488/480 1107/1107/1067 1007/1007/970
f 689/689/668 1256/1256/1199 34/34/34
f 745/745/719 49/49/49 560/560/550
f 1335/1335/729 1230/1230/1179 1232/1232/1181
f 992/992/955 1221/1221/1171 1262/1262/1202
f 880/880/846 1312/1312/1239 1251/1251/1195
f 1153/1153/1111 1288/1288/1219 1310/1310/1237
f 972/972/935 1154/1154/1112 970/970/933
f 1336/1336/1257 1337/1337/796 209/209/209
f 1338/1338/1258 648/648/631 68/68/68
f 1300/1300/1229 1339/1339/1259 1273/1273/1209
f 259/259/259 1340/1340/835 1164/1164/1121
f 924/924/889 801/801/772 795/795/766
f 660/660/642 675/675/656 687/687/666
f 809/809/777 334/334/333 155/155/155
f 1257/1257/1200 27/27/27 26/26/26
f 800/800/771 1306/1306/1233 1224/1224/1174
f 408/408/403 615/615/601 1263/1263/1203
f 1284/1284/1216 201/201/201 200/200/200
f 1341/1341/1260 933/933/897 883/883/849
f 534/534/525 812/812/780 858/858/825
f 1248/1248/1192 236/236/236 908/908/873
f 699/699/677 914/914/879 825/825/793
f 1342/1342/1261 181/181/181 794/794/765
f 875/875/841 646/646/629 210/210/210
f 654/654/636 1296/1296/1225 446/446/441
f 760/760/734 1114/1114/1074 1297/1297/1226
f 482/482/475 616/616/602 615/615/601
f 1241/1241/1187 797/797/768 1093/1093/1053
f 1111/1111/1071 1336/1336/1257 208/208/208
f 1291/1291/1222 863/863/830 829/829/797
f 1324/1324/1248 1199/1199/1152 993/993/956
f 1145/1145/1104 976/976/939 1140/1140/1099
f 1075/1075/1036 1343/1343/1262 848/848/815
f 129/129/129 1344/1344/722 127/127/127
f 1310/1310/1237 1345/1345/1263 1064/1064/1027
f 946/946/909 71/71/71 305/305/305
f 1142/1142/1101 1314/1314/1241 400/400/396
f 877/877/843 706/706/684 647/647/630
f 3/3/3 821/821/789 1/1/1
f 1145/1145/1104 987/987/950 986/986/949
f 1346/1346/1255 1130/1130/1089 1102/1102/1062
f 678/678/659 194/194/194 682/682/662
f 360/360/357 1347/1347/728 1276/1276/611
f 793/793/764 1172/1172/1129 791/791/762
f 212/212/212 1341/1341/1260 149/149/149
f 1263/1263/1203 134/134/134 409/409/404
f 975/975/938 1283/1283/1215 1057/1057/1020
f 118/118/118 1059/1059/1022 881/881/847
f 417/417/412 355/355/352 740/740/714
f 1150/1150/1108 243/243/243 489/489/481
f 1071/1071/1033 1026/1026/989 573/573/563
f 1158/1158/1116 1133/1133/1092 1070/1070/1032
f 1285/1285/1217 1239/1239/1185 1159/1159/1117
f 865/865/832 838/838/806 1245/1245/1190
f 400/400/396 1348/1348/1264 1142/1142/1101
f 1262/1262/1202 1244/1244/1189 1243/1243/1188
f 1064/1064/1027 1349/1349/1265 1310/1310/1237
f 1136/1136/1095 1132/1132/1091 1078/1078/1039
f 1196/1196/1149 1022/1022/985 1021/1021/984
f 979/979/942 1349/1349/1265 1268/1268/1206
f 1087/1087/1048 1303/1303/865 1085/1085/1046
f 690/690/669 652/652/634 654/654/636
f 861/861/828 39/39/39 38/38/38
f 909/909/874 9/9/9 330/330/329
f 719/719/697 94/94/94 392/392/388
f 711/711/689 148/148/148 857/857/824
f 210/210/210 1338/1338/1258 208/208/208
f 413/413/408 10/10/10 411/411/406
f 716/716/694 758/758/732 924/924/889
f 701/701/679 1115/1115/1075 698/698/676
f 1157/1157/1115 1203/1203/1156 873/873/839
f 887/887/852 857/857/824 200/200/200
f 38/38/38 859/859/826 861/861/828
f 1108/1108/1068 1210/1210/1163 984/984/947
f 768/768/742 1279/1279/1212 1268/1268/1206
f 261/261/261 697/697/675 259/259/259
f 1068/1068/1030 101/101/101 974/974/937
f 990/990/953 1193/1193/1146 780/780/751
f 716/716/694 68/68/68 648/648/631
f 1021/1021/984 842/842/810 1196/1196/1149
f 1326/1326/5 47/47/47 1189/1189/1142
f 1207/1207/1160 1236/1236/1183 579/579/569
f 1350/1350/876 1009/1009/972 1351/1351/877
f 319/319/318 1342/1342/1261 195/195/195
f 564/564/554 1179/1179/1135 837/837/805
f 690/690/669 34/34/34 766/766/740
f 362/362/359 293/293/293 1004/1004/967
f 533/533/524 794/794/765 181/181/181
f 132/132/132 1334/1334/1256 1118/1118/1077
f 1272/1272/1150 1248/1248/1192 1229/1229/55
f 1147/1147/971 1036/1036/999 1146/1146/1105
f 1209/1209/1162 1064/1064/1027 1345/1345/1263
f 20/20/20 843/843/811 981/981/944
f 673/673/655 182/182/182 317/317/316
f 1205/1205/1158 672/672/654 799/799/770
f 1090/1090/1050 1079/1079/1040 1138/1138/1097
f 1352/1352/1213 1161/1161/1119 1274/1274/1210
f 709/709/687 1343/1343/1262 1249/1249/1193
f 1049/1049/1012 943/943/906 942/942/905
f 206/206/206 593/593/580 207/207/207
f 1198/1198/1151 106/106/106 481/481/474
f 832/832/800 766/766/740 784/784/755
f 1353/1353/1266 706/706/684 1354/1354/1267
f 163/163/163 165/165/165 161/161/161
f 734/734/710 518/518/509 74/74/74
f 1355/1355/1048 1131/1131/1090 1130/1130/1089
f 1339/1339/1259 1274/1274/1210 1273/1273/1209
f 1356/1356/1268 949/949/912 960/960/923
f 639/639/622 114/114/114 637/637/620
f 102/102/102 1067/1067/1029 1173/1173/1130
f 644/644/627 1171/1171/1128 823/823/791
f 622/622/607 940/940/152 620/620/605
f 1208/1208/1161 1357/1357/1207 1177/1177/1134
f 717/717/695 348/348/346 724/724/701
f 1358/1358/1269 1316/1316/1242 1359/1359/1270
f 734/734/710 538/538/528 1321/1321/1246
f 1348/1348/1264 571/571/561 1077/1077/1038
f 63/63/63 84/84/84 83/83/83
f 1141/1141/1100 782/782/753 1132/1132/1091
f 1287/1287/1180 429/429/424 871/871/837
f 214/214/214 270/270/270 565/565/555
f 1360/1360/1271 1361/1361/723 129/129/129
f 947/947/910 1359/1359/1270 1316/1316/1242
f 1122/1122/1081 1078/1078/1039 1132/1132/1091
f 1362/1362/1142 6/6/6 5/5/5
f 1363/1363/1272 1321/1321/1246 538/538/528
f 752/752/726 1364/1364/1273 495/495/487
f 113/113/113 637/637/620 114/114/114
f 789/789/760 973/973/936 100/100/100
f 1364/1364/1273 50/50/50 769/769/743
f 540/540/530 897/897/862 321/321/320
f 510/510/502 247/247/247 246/246/246
f 876/876/842 1354/1354/1267 706/706/684
f 1299/1299/1228 1048/1048/1011 447/447/442
f 233/233/233 913/913/878 906/906/871
f 495/495/487 769/769/743 772/772/746
f 1225/1225/1175 184/184/184 1052/1052/1015
f 98/98/98 30/30/30 1225/1225/1175
f 387/387/383 58/58/58 42/42/42
f 909/909/874 890/890/855 905/905/870
f 705/705/683 28/28/28 98/98/98
f 592/592/573 169/169/169 410/410/405
f 919/919/884 265/265/265 267/267/267
f 233/233/233 718/718/696 231/231/231
f 844/844/812 890/890/855 416/416/411
f 1050/1050/1013 925/925/890 644/644/627
f 1232/1232/1181 1365/1365/312 1335/1335/729
f 772/772/746 771/771/745 717/717/695
f 490/490/482 390/390/386 288/288/288
f 873/873/839 390/390/386 1157/1157/1115
f 308/308/308 1354/1354/1267 93/93/93
f 876/876/842 356/356/353 959/959/922
f 1366/1366/1274 322/322/321 1367/1367/1275
f 1368/1368/1276 1369/1369/1277 752/752/726
f 858/858/825 389/389/385 1367/1367/1275
f 860/860/827 390/390/386 389/389/385
f 356/356/353 1370/1370/1278 301/301/301
f 753/753/727 288/288/288 873/873/839
f 693/693/672 931/931/895 691/691/670
f 1366/1366/1274 512/512/503 88/88/88
f 517/517/508 1171/1171/1128 483/483/476
f 534/534/525 1367/1367/1275 322/322/321
f 718/718/696 170/170/170 348/348/346
f 1368/1368/1276 1365/1365/312 1371/1371/1279
f 807/807/747 715/715/693 714/714/692
f 1372/1372/1280 1047/1047/1010 1227/1227/1177
f 1353/1353/1266 786/786/757 28/28/28
f 1371/1371/1279 1217/1217/1167 1369/1369/1277
f 704/704/682 229/229/229 890/890/855
f 755/755/729 289/289/289 753/753/727
f 964/964/927 321/321/320 897/897/862
f 717/717/695 725/725/702 772/772/746
f 941/941/904 1367/1367/1275 389/389/385
f 1369/1369/1277 1216/1216/1166 1364/1364/1273
f 167/167/167 1005/1005/968 168/168/168
f 143/143/143 913/913/878 142/142/142
f 670/670/652 1156/1156/1114 963/963/926
f 63/63/63 529/529/520 61/61/61
f 1037/1037/1000 1345/1345/1263 1019/1019/982
f 346/346/344 539/539/529 344/344/342
f 1/1/1 12/12/12 2/2/2
f 4/4/4 1373/1373/1249 5/5/5
f 7/7/7 810/810/778 8/8/8
f 10/10/10 568/568/558 11/11/11
f 13/13/13 1200/1200/1153 14/14/14
f 16/16/16 527/527/518 17/17/17
f 19/19/19 438/438/433 20/20/20
f 22/22/22 463/463/456 23/23/23
f 25/25/25 276/276/276 26/26/26
f 28/28/28 786/786/757 29/29/29
f 31/31/31 675/675/656 32/32/32
f 34/34/34 1256/1256/1199 35/35/35
f 37/37/37 386/386/382 38/38/38
f 40/40/40 185/185/185 41/41/41
f 43/43/43 407/407/372 44/44/44
f 46/46/46 927/927/892 47/47/47
f 49/49/49 770/770/744 50/50/50
f 52/52/52 368/368/365 53/53/53
f 55/55/55 1211/1211/453 56/56/56
f 58/58/58 617/617/603 59/59/59
f 61/61/61 349/349/347 62/62/62
f 64/64/64 1271/1271/1121 65/65/65
f 67/67/67 1338/1338/1258 68/68/68
f 70/70/70 311/311/311 71/71/71
f 73/73/73 734/734/710 74/74/74
f 76/76/76 384/384/380 77/77/77
f 79/79/79 342/342/340 80/80/80
f 82/82/82 115/115/115 83/83/83
f 85/85/85 591/591/579 86/86/86
f 88/88/88 512/512/503 89/89/89
f 91/91/91 509/509/501 92/92/92
f 94/94/94 41/41/41 95/95/95
f 97/97/97 705/705/683 98/98/98
f 100/100/100 973/973/936 101/101/101
f 103/103/103 952/952/915 104/104/104
f 106/106/106 151/151/151 107/107/107
f 109/109/109 1149/1149/1107 110/110/110
f 112/112/112 357/357/354 113/113/113
f 115/115/115 82/82/82 116/116/116
f 118/118/118 882/882/848 119/119/119
f 121/121/121 1374/1374/421 122/122/122
f 124/124/124 223/223/223 125/125/125
f 127/127/127 677/677/658 128/128/128
f 130/130/130 598/598/585 131/131/131
f 133/133/133 475/475/468 134/134/134
f 136/136/136 919/919/884 137/137/137
f 139/139/139 1375/1375/1182 140/140/140
f 142/142/142 888/888/853 107/107/107
f 144/144/144 7/7/7 9/9/9
f 12/12/12 11/11/11 146/146/146
f 147/147/147 990/990/953 148/148/148
f 150/150/150 621/621/606 151/151/151
f 152/152/152 1286/1286/1218 153/153/153
f 155/155/155 945/945/908 156/156/156
f 158/158/158 865/865/832 159/159/159
f 161/161/161 409/409/404 162/162/162
f 164/164/164 408/408/403 161/161/161
f 166/166/166 1376/1376/1191 167/167/167
f 169/169/169 348/348/346 170/170/170
f 172/172/172 608/608/594 173/173/173
f 175/175/175 369/369/366 35/35/35
f 177/177/177 468/468/461 178/178/178
f 180/180/180 609/609/595 48/48/48
f 181/181/181 318/318/317 182/182/182
f 184/184/184 523/523/514 81/81/81
f 185/185/185 40/40/40 186/186/186
f 188/188/188 629/629/614 189/189/189
f 190/190/190 658/658/640 191/191/191
f 193/193/193 1185/1185/1140 194/194/194
f 195/195/195 1342/1342/1261 196/196/196
f 198/198/198 85/85/85 87/87/87
f 199/199/199 887/887/852 200/200/200
f 202/202/202 160/160/160 203/203/203
f 205/205/205 494/494/486 206/206/206
f 208/208/208 1336/1336/1257 209/209/209
f 211/211/211 190/190/190 212/212/212
f 214/214/214 566/566/556 215/215/215
f 217/217/217 544/544/534 218/218/218
f 220/220/220 421/421/416 221/221/221
f 222/222/222 125/125/125 223/223/223
f 225/225/225 245/245/245 226/226/226
f 228/228/228 355/355/352 229/229/229
f 231/231/231 874/874/840 232/232/232
f 234/234/234 703/703/681 235/235/235
f 237/237/237 39/39/39 238/238/238
f 240/240/240 323/323/322 241/241/241
f 242/242/242 1097/1097/1057 243/243/243
f 245/245/245 225/225/225 246/246/246
f 95/95/95 73/73/73 75/75/75
f 248/248/248 946/946/909 249/249/249
f 251/251/251 926/926/891 252/252/252
f 254/254/254 420/420/415 220/220/220
f 256/256/256 625/625/610 257/257/257
f 259/259/259 686/686/665 260/260/260
f 262/262/262 595/595/582 263/263/263
f 265/265/265 1377/1377/698 266/266/266
f 268/268/268 634/634/618 269/269/269
f 224/224/224 223/223/223 271/271/271
f 272/272/272 1240/1240/1186 273/273/273
f 275/275/275 26/26/26 276/276/276
f 277/277/277 636/636/23 278/278/278
f 280/280/280 1368/1368/1276 281/281/281
f 283/283/283 359/359/356 284/284/284
f 62/62/62 329/329/328 286/286/286
f 287/287/287 490/490/482 288/288/288
f 25/25/25 202/202/202 204/204/204
f 291/291/291 265/265/265 136/136/136
f 293/293/293 800/800/771 294/294/294
f 296/296/296 1201/1201/1154 278/278/278
f 298/298/298 334/334/333 299/299/299
f 301/301/301 1370/1370/1278 302/302/302
f 304/304/304 946/946/909 305/305/305
f 307/307/307 786/786/757 308/308/308
f 226/226/226 586/586/576 310/310/310
f 312/312/280 287/287/287 289/289/289
f 314/314/313 1362/1362/1142 315/315/314
f 317/317/316 182/182/182 318/318/317
f 320/320/319 540/540/530 321/321/320
f 323/323/322 422/422/417 324/324/323
f 325/325/324 1377/1377/698 265/265/265
f 326/326/325 83/83/83 115/115/115
f 328/328/327 286/286/286 329/329/328
f 331/331/330 557/557/547 332/332/331
f 334/334/333 298/298/298 154/154/154
f 336/336/335 1073/1073/405 337/337/221
f 75/75/75 74/74/74 339/339/337
f 341/341/339 80/80/80 342/342/340
f 344/344/342 423/423/418 345/345/343
f 347/347/345 724/724/701 348/348/346
f 230/230/230 229/229/229 349/349/347
f 287/287/287 312/312/280 350/350/282
f 85/85/85 198/198/198 352/352/349
f 354/354/351 740/740/714 355/355/352
f 91/91/91 959/959/922 356/356/353
f 79/79/79 507/507/499 357/357/354
f 359/359/356 893/893/858 360/360/357
f 362/362/359 1003/1003/966 363/363/360
f 365/365/362 898/898/863 366/366/363
f 368/368/365 52/52/52 369/369/366
f 33/33/33 466/466/459 125/125/125
f 370/370/367 501/501/493 371/371/368
f 373/373/370 1334/1334/1256 131/131/131
f 375/375/372 443/443/438 376/376/373
f 378/378/374 1372/1372/1280 379/379/375
f 178/178/178 1270/1270/1208 380/380/376
f 382/382/378 915/915/880 65/65/65
f 384/384/380 965/965/928 128/128/128
f 385/385/381 628/628/613 386/386/382
f 41/41/41 94/94/94 387/387/383
f 388/388/384 941/941/904 389/389/385
f 391/391/387 719/719/697 392/392/388
f 394/394/390 594/594/581 395/395/391
f 240/240/240 434/434/429 86/86/86
f 393/393/389 625/625/610 345/345/343
f 345/345/343 423/423/418 116/116/116
f 190/190/190 192/192/192 399/399/395
f 400/400/396 1314/1314/1241 401/401/397
f 310/310/310 419/419/414 306/306/306
f 403/403/399 373/373/370 374/374/371
f 405/405/401 403/403/399 404/404/400
f 406/406/402 1378/1378/705 407/407/372
f 408/408/403 1263/1263/1203 409/409/404
f 171/171/171 221/221/221 410/410/405
f 411/411/406 820/820/788 412/412/407
f 188/188/188 434/434/429 89/89/89
f 415/415/410 844/844/812 416/416/411
f 418/418/413 336/336/335 338/338/336
f 420/420/415 1379/1379/264 421/421/416
f 344/344/342 324/324/323 422/422/417
f 424/424/419 205/205/205 425/425/420
f 427/427/422 491/491/483 428/428/423
f 255/255/255 220/220/220 171/171/171
f 332/332/331 247/247/247 138/138/138
f 110/110/110 1149/1149/1107 429/429/424
f 431/431/426 649/649/632 432/432/427
f 434/434/429 240/240/240 90/90/90
f 435/435/430 513/513/504 267/267/267
f 44/44/44 511/511/262 436/436/431
f 437/437/432 1331/1331/1254 438/438/433
f 440/440/435 673/673/655 317/317/316
f 440/440/435 172/172/172 174/174/174
f 442/442/437 738/738/712 241/241/241
f 443/443/438 931/931/895 444/444/439
f 445/445/440 689/689/668 446/446/441
f 448/448/443 1118/1118/1077 284/284/284
f 450/450/445 1197/1197/1150 451/451/446
f 426/426/421 1380/1380/121 453/453/448
f 222/222/222 224/224/224 454/454/449
f 456/456/451 892/892/857 457/457/452
f 458/458/453 908/908/873 343/343/341
f 460/460/121 485/485/477 461/461/455
f 463/463/456 448/448/443 464/464/457
f 465/465/458 164/164/164 165/165/165
f 466/466/459 33/33/33 32/32/32
f 120/120/120 119/119/119 468/468/461
f 469/469/462 1381/1381/1058 470/470/463
f 472/472/465 584/584/574 473/473/466
f 409/409/404 134/134/134 475/475/468
f 48/48/48 891/891/856 476/476/469
f 477/477/470 996/996/959 478/478/471
f 479/479/472 431/431/426 433/433/428
f 481/481/474 106/106/106 108/108/108
f 371/371/368 896/896/861 333/333/332
f 483/483/476 926/926/891 251/251/251
f 484/484/123 588/588/577 485/485/477
f 486/486/478 117/117/117 422/422/417
f 487/487/479 1032/1032/995 488/488/480
f 490/490/482 287/287/287 351/351/348
f 492/492/484 608/608/594 17/17/17
f 388/388/384 490/490/482 491/491/483
f 494/494/486 752/752/726 495/495/487
f 496/496/488 1041/1041/1004 497/497/489
f 283/283/283 895/895/860 499/499/491
f 501/501/493 695/695/420 502/502/494
f 228/228/228 515/515/506 503/503/495
f 393/393/389 398/398/394 504/504/496
f 253/253/253 252/252/252 505/505/497
f 113/113/113 357/357/354 507/507/499
f 246/246/246 92/92/92 509/509/501
f 511/511/262 1379/1379/264 420/420/415
f 512/512/503 427/427/422 414/414/409
f 501/501/493 370/370/367 513/513/504
f 197/197/197 196/196/196 96/96/96
f 72/72/72 722/722/699 514/514/505
f 515/515/506 228/228/228 230/230/230
f 483/483/476 254/254/254 255/255/255
f 518/518/509 1320/1320/1245 519/519/510
f 333/333/332 332/332/331 137/137/137
f 521/521/512 531/531/522 326/326/325
f 523/523/514 722/722/699 524/524/515
f 525/525/516 16/16/16 18/18/18
f 516/516/507 530/530/521 526/526/517
f 351/351/348 350/350/282 462/462/448
f 493/493/485 17/17/17 527/527/518
f 327/327/326 723/723/700 522/522/513
f 529/529/520 532/532/523 530/530/521
f 531/531/522 521/521/512 532/532/523
f 322/322/321 321/321/320 533/533/524
f 83/83/83 326/326/325 531/531/522
f 535/535/324 739/739/713 354/354/351
f 536/536/526 756/756/730 506/506/498
f 357/357/354 112/112/112 537/537/527
f 187/187/187 186/186/186 395/395/391
f 541/541/531 517/517/508 255/255/255
f 542/542/532 892/892/857 432/432/427
f 544/544/534 1038/1038/1001 545/545/535
f 546/546/536 1163/1163/1028 385/385/381
f 548/548/538 542/542/532 543/543/533
f 441/441/436 18/18/18 172/172/172
f 27/27/27 564/564/554 202/202/202
f 549/549/539 67/67/67 69/69/69
f 551/551/541 1023/1023/986 552/552/542
f 530/530/521 532/532/523 554/554/544
f 555/555/545 526/526/517 352/352/349
f 557/557/547 245/245/245 247/247/247
f 391/391/387 504/504/496 286/286/286
f 532/532/523 521/521/512 522/522/513
f 556/556/546 352/352/349 198/198/198
f 186/186/186 934/934/898 396/396/392
f 559/559/549 745/745/719 560/560/550
f 562/562/552 402/402/398 401/401/397
f 564/564/554 158/158/158 160/160/160
f 565/565/555 584/584/574 566/566/556
f 567/567/557 545/545/535 568/568/558
f 569/569/559 1100/1100/1060 570/570/560
f 223/223/223 124/124/124 572/572/562
f 573/573/563 1026/1026/989 574/574/564
f 331/331/330 581/581/571 336/336/335
f 576/576/566 889/889/854 577/577/567
f 578/578/568 1207/1207/1160 579/579/569
f 581/581/571 896/896/861 582/582/572
f 584/584/574 472/472/465 585/585/575
f 586/586/576 418/418/413 419/419/414
f 95/95/95 41/41/41 185/185/185
f 587/587/430 558/558/548 588/588/577
f 338/338/336 337/337/221 589/589/416
f 591/591/579 85/85/85 353/353/350
f 592/592/573 775/775/572 593/593/580
f 594/594/581 1363/1363/1272 538/538/528
f 595/595/582 744/744/718 304/304/304
f 595/595/582 262/262/262 377/377/44
f 358/358/355 537/537/527 596/596/583
f 598/598/585 1046/1046/1009 374/374/371
f 599/599/586 1119/1119/1078 275/275/275
f 601/601/588 1382/1382/1281 602/602/589
f 604/604/591 1318/1318/1244 363/363/360
f 173/173/173 1195/1195/1148 606/606/592
f 608/608/594 172/172/172 18/18/18
f 609/609/595 180/180/180 610/610/596
f 612/612/598 966/966/929 59/59/59
f 614/614/600 659/659/641 615/615/601
f 617/617/603 841/841/809 613/613/599
f 127/127/127 1344/1344/722 618/618/216
f 620/620/605 1168/1168/1125 621/621/606
f 508/508/500 507/507/499 524/524/515
f 624/624/609 215/215/215 566/566/556
f 393/393/389 392/392/388 257/257/257
f 626/626/611 754/754/728 627/627/612
f 629/629/614 188/188/188 414/414/409
f 300/300/300 803/803/215 630/630/609
f 631/631/615 650/650/633 632/632/616
f 634/634/618 967/967/930 635/635/619
f 636/636/23 1315/1315/457 297/297/297
f 637/637/620 691/691/670 638/638/621
f 640/640/623 272/272/272 274/274/274
f 641/641/624 830/830/798 642/642/625
f 644/644/627 823/823/791 473/473/466
f 646/646/629 877/877/843 647/647/630
f 649/649/632 431/431/426 650/650/633
f 651/651/204 846/846/203 399/399/395
f 652/652/634 707/707/685 653/653/635
f 520/520/511 339/339/337 74/74/74
f 655/655/637 759/759/733 656/656/638
f 211/211/211 1297/1297/1226 658/658/640
f 559/559/549 802/802/773 659/659/641
f 660/660/642 665/665/647 467/467/460
f 505/505/497 920/920/885 661/661/643
f 662/662/644 1152/1152/1110 663/663/645
f 111/111/111 105/105/105 665/665/647
f 666/666/648 1054/1054/1017 667/667/649
f 669/669/651 261/261/261 260/260/260
f 670/670/652 1226/1226/1176 671/671/653
f 239/239/239 238/238/238 673/673/655
f 674/674/290 651/651/204 192/192/192
f 675/675/656 31/31/31 412/412/407
f 619/619/604 777/777/748 677/677/658
f 678/678/659 824/824/792 679/679/660
f 681/681/588 1383/1383/590 682/682/662
f 684/684/64 1260/1260/1184 685/685/664
f 676/676/657 783/783/754 687/687/666
f 688/688/667 1006/1006/969 544/544/534
f 654/654/636 446/446/441 689/689/668
f 691/691/670 637/637/620 692/692/671
f 117/117/117 486/486/478 327/327/326
f 175/175/175 1143/1143/1102 694/694/673
f 122/122/122 1374/1374/421 695/695/420
f 696/696/674 1340/1340/835 697/697/675
f 699/699/677 849/849/816 700/700/678
f 702/702/680 295/295/295 703/703/681
f 704/704/682 909/909/874 330/330/329
f 705/705/683 97/97/97 647/647/630
f 707/707/685 652/652/634 708/708/686
f 135/135/135 134/134/134 710/710/688
f 211/211/211 213/213/213 711/711/689
f 713/713/691 1213/1213/725 714/714/692
f 648/648/631 647/647/630 97/97/97
f 717/717/695 771/771/745 231/231/231
f 264/264/264 263/263/263 590/590/578
f 434/434/429 188/188/188 87/87/87
f 328/328/327 8/8/8 719/719/697
f 111/111/111 660/660/642 687/687/666
f 720/720/698 555/555/545 556/556/546
f 722/722/699 523/523/514 29/29/29
f 245/245/245 557/557/547 586/586/576
f 723/723/700 327/327/326 486/486/478
f 724/724/701 347/347/345 593/593/580
f 726/726/314 927/927/892 727/727/703
f 729/729/705 930/930/894 443/443/438
f 225/225/225 309/309/309 92/92/92
f 386/386/382 1203/1203/1156 730/730/706
f 731/731/707 882/882/848 732/732/708
f 73/73/73 185/185/185 187/187/187
f 735/735/54 1003/1003/966 736/736/711
f 320/320/319 1366/1366/1274 88/88/88
f 739/739/713 774/774/747 740/740/714
f 597/597/584 596/596/583 741/741/715
f 57/57/57 56/56/56 742/742/716
f 323/323/322 240/240/240 397/397/393
f 330/330/329 9/9/9 8/8/8
f 444/444/439 693/693/672 249/249/249
f 614/614/600 854/854/821 745/745/719
f 657/657/639 120/120/120 177/177/177
f 746/746/720 870/870/813 159/159/159
f 634/634/618 268/268/268 748/748/722
f 750/750/724 829/829/797 415/415/410
f 281/281/281 1368/1368/1276 752/752/726
f 344/344/342 539/539/529 442/442/437
f 753/753/727 627/627/612 754/754/728
f 756/756/730 406/406/402 43/43/43
f 757/757/731 886/886/851 294/294/294
f 759/759/733 655/655/637 760/760/734
f 557/557/547 331/331/330 418/418/413
f 761/761/735 112/112/112 114/114/114
f 763/763/737 1224/1224/1174 764/764/738
f 227/227/227 226/226/226 311/311/311
f 766/766/740 34/34/34 36/36/36
f 320/320/319 738/738/712 442/442/437
f 367/367/364 366/366/363 767/767/741
f 769/769/743 50/50/50 770/770/744
f 772/772/746 725/725/702 206/206/206
f 611/611/597 641/641/624 643/643/626
f 773/773/692 417/417/412 740/740/714
f 282/282/282 281/281/281 424/424/419
f 207/207/207 593/593/580 775/775/572
f 300/300/300 299/299/299 777/777/748
f 778/778/749 562/562/552 563/563/553
f 780/780/751 1193/1193/1146 781/781/752
f 783/783/754 1174/1174/1131 109/109/109
f 784/784/755 766/766/740 478/478/471
f 514/514/505 29/29/29 786/786/757
f 197/197/197 75/75/75 340/340/338
f 787/787/758 335/335/334 154/154/154
f 302/302/302 291/291/291 292/292/292
f 788/788/759 805/805/775 789/789/760
f 250/250/250 508/508/500 623/623/608
f 791/791/762 1009/1009/972 792/792/763
f 196/196/196 1342/1342/1261 794/794/765
f 795/795/766 819/819/787 550/550/540
f 796/796/767 958/958/921 797/797/768
f 799/799/770 809/809/777 155/155/155
f 625/625/610 256/256/256 346/346/344
f 758/758/732 294/294/294 800/800/771
f 561/561/551 1061/1061/1024 802/802/773
f 619/619/604 618/618/216 803/803/215
f 790/790/761 789/789/760 100/100/100
f 30/30/30 29/29/29 523/523/514
f 805/805/775 948/948/911 806/806/776
f 302/302/302 1370/1370/1278 807/807/747
f 672/672/654 671/671/653 809/809/777
f 680/680/661 1198/1198/1151 465/465/458
f 617/617/603 58/58/58 810/810/778
f 183/183/183 182/182/182 811/811/779
f 813/813/781 1384/1384/1259 814/814/782
f 156/156/156 827/827/795 816/816/784
f 562/562/552 778/778/749 817/817/785
f 411/411/406 10/10/10 12/12/12
f 72/72/72 71/71/71 248/248/248
f 765/765/739 1042/1042/1005 819/819/787
f 820/820/788 411/411/406 1/1/1
f 822/822/790 1327/1327/1250 765/765/739
f 823/823/791 1170/1170/1127 474/474/467
f 682/682/662 1383/1383/590 824/824/792
f 669/669/651 649/649/632 631/631/615
f 826/826/794 816/816/784 827/827/795
f 828/828/796 1291/1291/1222 829/829/797
f 830/830/798 853/853/820 831/831/799
f 93/93/93 92/92/92 309/309/309
f 832/832/800 784/784/755 833/833/801
f 499/499/491 895/895/860 561/561/551
f 349/349/347 704/704/682 329/329/328
f 271/271/271 572/572/562 835/835/803
f 837/837/805 653/653/635 707/707/685
f 117/117/117 116/116/116 423/423/418
f 553/553/543 552/552/542 839/839/807
f 216/216/216 748/748/722 268/268/268
f 841/841/809 617/617/603 7/7/7
f 842/842/810 633/633/617 632/632/616
f 829/829/797 863/863/830 844/844/812
f 560/560/550 49/49/49 51/51/51
f 845/845/813 1341/1341/1260 399/399/395
f 834/834/802 708/708/686 652/652/634
f 591/591/579 723/723/700 397/397/393
f 834/834/802 833/833/801 847/847/814
f 633/633/617 842/842/810 849/849/816
f 850/850/817 869/869/836 851/851/818
f 853/853/820 394/394/390 396/396/392
f 299/299/299 809/809/777 671/671/653
f 854/854/821 1219/1219/1169 855/855/822
f 213/213/213 212/212/212 149/149/149
f 856/856/823 1284/1284/1216 200/200/200
f 858/858/825 812/812/780 859/859/826
f 861/861/828 859/859/826 812/812/780
f 498/498/490 497/497/489 862/862/829
f 864/864/831 907/907/872 382/382/378
f 629/629/614 485/485/477 588/588/577
f 865/865/832 1245/1245/1190 866/866/833
f 868/868/835 1233/1233/674 869/869/836
f 461/461/455 428/428/423 491/491/483
f 425/425/420 205/205/205 207/207/207
f 160/160/160 159/159/159 870/870/813
f 787/787/758 153/153/153 871/871/837
f 873/873/839 1203/1203/1156 627/627/612
f 770/770/744 49/49/49 855/855/822
f 875/875/841 921/921/886 876/876/842
f 878/878/844 820/820/788 821/821/789
f 497/497/489 144/144/144 145/145/145
f 500/500/492 499/499/491 51/51/51
f 880/880/846 864/864/831 850/850/817
f 848/848/815 1343/1343/1262 708/708/686
f 881/881/847 732/732/708 882/882/848
f 281/281/281 494/494/486 205/205/205
f 149/149/149 1341/1341/1260 883/883/849
f 884/884/850 537/537/527 112/112/112
f 387/387/383 719/719/697 8/8/8
f 885/885/660 929/929/792 430/430/425
f 886/886/851 703/703/681 295/295/295
f 199/199/199 656/656/638 759/759/733
f 854/854/821 614/614/600 616/616/602
f 597/597/584 459/459/454 343/343/341
f 428/428/423 461/461/455 485/485/477
f 764/764/738 577/577/567 889/889/854
f 890/890/855 229/229/229 355/355/352
f 891/891/856 48/48/48 609/609/595
f 892/892/857 542/542/532 14/14/14
f 359/359/356 283/283/283 500/500/492
f 526/526/517 530/530/521 353/353/350
f 210/210/210 209/209/209 894/894/859
f 285/285/285 1072/1072/1034 895/895/860
f 502/502/494 582/582/572 896/896/861
f 382/382/378 383/383/379 869/869/836
f 292/292/292 136/136/136 138/138/138
f 513/513/504 435/435/430 123/123/123
f 256/256/256 964/964/927 897/897/862
f 898/898/863 365/365/362 899/899/864
f 901/901/866 1078/1078/1039 902/902/867
f 168/168/168 1005/1005/968 688/688/667
f 581/581/571 331/331/330 333/333/332
f 291/291/291 302/302/302 808/808/713
f 771/771/745 770/770/744 874/874/840
f 905/905/870 844/844/812 863/863/830
f 436/436/431 420/420/415 254/254/254
f 340/340/338 339/339/337 16/16/16
f 836/836/804 217/217/217 219/219/219
f 301/301/301 303/303/303 509/509/501
f 307/307/307 227/227/227 70/70/70
f 541/541/531 233/233/233 906/906/871
f 907/907/872 864/864/831 11/11/11
f 723/723/700 591/591/579 554/554/544
f 908/908/873 236/236/236 341/341/339
f 909/909/874 905/905/870 862/862/829
f 716/716/694 97/97/97 99/99/99
f 910/910/875 1173/1173/1130 911/911/876
f 314/314/313 1112/1112/1072 662/662/644
f 232/232/232 1219/1219/1169 142/142/142
f 811/811/779 673/673/655 238/238/238
f 261/261/261 669/669/651 825/825/793
f 907/907/872 1038/1038/1001 915/915/880
f 303/303/303 292/292/292 510/510/502
f 455/455/450 454/454/449 567/567/557
f 841/841/809 1041/1041/1004 476/476/469
f 284/284/284 359/359/356 361/361/358
f 916/916/881 296/296/296 297/297/297
f 915/915/880 1006/1006/969 66/66/66
f 917/917/882 466/466/459 467/467/460
f 919/919/884 370/370/367 372/372/369
f 515/515/506 526/526/517 555/555/545
f 252/252/252 969/969/932 920/920/885
f 720/720/698 535/535/324 503/503/495
f 921/921/886 713/713/691 715/715/693
f 922/922/887 741/741/715 596/596/583
f 887/887/852 759/759/733 712/712/690
f 69/69/69 68/68/68 924/924/889
f 483/483/476 1171/1171/1128 925/925/890
f 496/496/488 727/727/703 927/927/892
f 778/778/749 1135/1135/1094 928/928/893
f 929/929/792 603/603/590 602/602/589
f 298/298/298 630/630/609 152/152/152
f 930/930/894 937/937/901 931/931/895
f 932/932/896 1192/1192/1145 883/883/849
f 40/40/40 60/60/60 934/934/898
f 935/935/899 1295/1295/1076 936/936/900
f 691/691/670 931/931/895 937/937/901
f 938/938/902 469/469/462 471/471/464
f 585/585/575 620/620/605 940/940/152
f 164/164/164 481/481/474 482/482/475
f 941/941/904 388/388/384 427/427/422
f 227/227/227 307/307/307 309/309/309
f 82/82/82 504/504/496 398/398/394
f 267/267/267 513/513/504 370/370/367
f 270/270/270 269/269/269 942/942/905
f 944/944/907 1175/1175/1132 156/156/156
f 946/946/909 304/304/304 744/744/718
f 947/947/910 806/806/776 948/948/911
f 950/950/913 1049/1049/1012 942/942/905
f 602/602/589 1382/1382/1281 952/952/915
f 953/953/916 1289/1289/1220 954/954/917
f 257/257/257 96/96/96 196/196/196
f 956/956/919 961/961/924 957/957/920
f 945/945/908 155/155/155 334/334/333
f 93/93/93 1354/1354/1267 959/959/922
f 923/923/888 596/596/583 537/537/527
f 960/960/923 949/949/912 957/957/920
f 78/78/78 1294/1294/1224 962/962/925
f 548/548/538 260/260/260 686/686/665
f 963/963/926 1294/1294/1224 78/78/78
f 81/81/81 524/524/515 507/507/499
f 964/964/927 256/256/256 258/258/258
f 311/311/311 310/310/310 305/305/305
f 965/965/928 1360/1360/1271 129/129/129
f 42/42/42 58/58/58 60/60/60
f 966/966/929 934/934/898 60/60/60
f 954/954/917 1317/1317/1243 939/939/903
f 967/967/930 634/634/618 749/749/723
f 430/430/425 602/602/589 103/103/103
f 926/926/891 925/925/890 969/969/932
f 970/970/933 815/815/783 971/971/934
f 973/973/936 1316/1316/1242 974/974/937
f 975/975/938 1056/1056/1019 976/976/939
f 438/438/433 1331/1331/1254 978/978/941
f 979/979/942 813/813/781 815/815/783
f 980/980/943 1027/1027/990 903/903/868
f 981/981/944 843/843/811 632/632/616
f 983/983/946 981/981/944 982/982/945
f 985/985/948 1018/1018/981 986/986/949
f 988/988/951 901/901/866 903/903/868
f 817/817/785 928/928/893 901/901/866
f 990/990/953 856/856/823 857/857/824
f 991/991/954 1251/1251/1195 992/992/955
f 994/994/957 573/573/563 575/575/565
f 996/996/959 743/743/717 785/785/756
f 847/847/814 1001/1001/964 997/997/960
f 1134/1134/1093 1205/1205/1158 816/816/784
f 1205/1205/1158 799/799/770 816/816/784
f 866/866/833 1249/1249/1193 999/999/962
f 1001/1001/964 1220/1220/1170 1002/1002/965
f 1003/1003/966 362/362/359 1004/1004/967
f 916/916/881 37/37/37 39/39/39
f 1005/1005/968 66/66/66 1006/1006/969
f 1007/1007/970 1150/1150/1108 489/489/481
f 1008/1008/971 1351/1351/877 1009/1009/972
f 1011/1011/974 1015/1015/978 1012/1012/975
f 1014/1014/977 665/665/647 105/105/105
f 1015/1015/978 1025/1025/988 1016/1016/979
f 1017/1017/980 985/985/948 987/987/950
f 1018/1018/981 1037/1037/1000 1019/1019/982
f 1020/1020/983 1265/1265/1205 1021/1021/984
f 1013/1013/976 552/552/542 1023/1023/986
f 102/102/102 1017/1017/980 804/804/774
f 574/574/564 1024/1024/987 1015/1015/978
f 1024/1024/987 1028/1028/991 1025/1025/988
f 1026/1026/989 1027/1027/990 1024/1024/987
f 1027/1027/990 980/980/943 1028/1028/991
f 1029/1029/992 1385/1385/1282 1030/1030/993
f 1032/1032/995 479/479/472 480/480/473
f 1033/1033/996 1109/1109/1069 1034/1034/997
f 733/733/709 732/732/708 1031/1031/994
f 1036/1036/999 1208/1208/1161 1037/1037/1000
f 1038/1038/1001 907/907/872 568/568/558
f 108/108/108 107/107/107 888/888/853
f 656/656/638 199/199/199 1039/1039/1002
f 1041/1041/1004 841/841/809 144/144/144
f 1042/1042/1005 1328/1328/1251 1043/1043/1006
f 528/528/519 527/527/518 520/520/511
f 605/605/53 363/363/360 1003/1003/966
f 1045/1045/1008 1201/1201/1154 607/607/593
f 1046/1046/1009 1329/1329/1252 404/404/400
f 1047/1047/1010 445/445/440 447/447/442
f 966/966/929 612/612/598 642/642/625
f 1049/1049/1012 920/920/885 969/969/932
f 692/692/671 113/113/113 508/508/500
f 621/621/606 150/150/150 1051/1051/1014
f 341/341/339 236/236/236 235/235/235
f 358/358/355 597/597/584 342/342/340
f 571/571/561 570/570/560 1053/1053/1016
f 80/80/80 341/341/339 1052/1052/1015
f 1055/1055/1018 235/235/235 703/703/681
f 1056/1056/1019 975/975/938 1057/1057/1020
f 1033/1033/996 1097/1097/1057 1059/1059/1022
f 878/878/844 1175/1175/1132 783/783/754
f 1061/1061/1024 403/403/399 405/405/401
f 1062/1062/1025 1095/1095/1055 1063/1063/1026
f 1065/1065/1028 1089/1089/536 449/449/444
f 1066/1066/462 1261/1261/902 1067/1067/1029
f 3/3/3 2/2/2 1069/1069/1031
f 573/573/563 994/994/957 1053/1053/1016
f 664/664/646 4/4/4 6/6/6
f 1072/1072/1034 1061/1061/1024 561/561/551
f 943/943/906 645/645/628 565/565/555
f 837/837/805 838/838/806 158/158/158
f 581/581/571 583/583/573 1073/1073/405
f 1058/1058/1021 1057/1057/1020 1074/1074/1035
f 875/875/841 894/894/859 713/713/691
f 15/15/15 1202/1202/1155 1076/1076/1037
f 21/21/21 1348/1348/1264 1077/1077/1038
f 928/928/893 1136/1136/1095 1078/1078/1039
f 788/788/759 1139/1139/1098 1079/1079/1040
f 244/244/244 1150/1150/1108 1081/1081/1042
f 1082/1082/1043 1238/1238/1134 1083/1083/1044
f 1085/1085/1046 1223/1223/1173 1086/1086/1047
f 882/882/848 731/731/707 1088/1088/1049
f 998/998/961 1075/1075/1036 848/848/815
f 1027/1027/990 1026/1026/989 989/989/952
f 2/2/2 146/146/146 991/991/954
f 1089/1089/536 464/464/457 448/448/443
f 1054/1054/1017 666/666/648 1077/1077/1038
f 1075/1075/1036 998/998/961 1090/1090/1050
f 607/607/593 1309/1309/1236 174/174/174
f 1091/1091/1051 1080/1080/1041 1092/1092/1052
f 119/119/119 1088/1088/1049 1094/1094/1054
f 1095/1095/1055 367/367/364 768/768/742
f 339/339/337 520/520/511 527/527/518
f 738/738/712 88/88/88 90/90/90
f 1096/1096/1056 1184/1184/1139 840/840/808
f 1035/1035/998 243/243/243 1097/1097/1057
f 1031/1031/994 242/242/242 244/244/244
f 1098/1098/1058 1066/1066/462 1068/1068/1030
f 1100/1100/1060 818/818/786 1101/1101/1061
f 242/242/242 1031/1031/994 732/732/708
f 1102/1102/1062 1130/1130/1089 1103/1103/1063
f 1054/1054/1017 1053/1053/1016 994/994/957
f 431/431/426 479/479/472 1105/1105/1065
f 977/977/940 1153/1153/1111 1106/1106/1066
f 1107/1107/1067 456/456/451 274/274/274
f 1105/1105/1065 1108/1108/1068 984/984/947
f 479/479/472 1032/1032/995 1108/1108/1068
f 1109/1109/1069 1033/1033/996 1060/1060/1023
f 243/243/243 1035/1035/998 487/487/479
f 547/547/537 385/385/381 37/37/37
f 649/649/632 669/669/651 543/543/533
f 1061/1061/1024 1072/1072/1034 373/373/370
f 1111/1111/1071 67/67/67 549/549/539
f 736/736/711 1004/1004/967 702/702/680
f 179/179/179 178/178/178 381/381/377
f 1115/1115/1075 1264/1264/1204 1116/1116/1076
f 463/463/456 132/132/132 1118/1118/1077
f 132/132/132 463/463/456 22/22/22
f 1119/1119/1078 599/599/586 1120/1120/1079
f 1025/1025/988 1028/1028/991 1122/1122/1081
f 1124/1124/1083 1204/1204/1157 1125/1125/1084
f 1016/1016/979 1025/1025/988 1123/1123/1082
f 815/815/783 814/814/782 1128/1128/1087
f 1129/1129/1088 1103/1103/1063 1130/1130/1089
f 1123/1123/1082 1122/1122/1081 1132/1132/1091
f 816/816/784 826/826/794 1133/1133/1092
f 1135/1135/1094 1284/1284/1216 1136/1136/1095
f 1137/1137/1096 1304/1304/1085 1082/1082/1043
f 1138/1138/1097 1079/1079/1040 1139/1139/1098
f 856/856/823 990/990/953 780/780/751
f 1142/1142/1101 1348/1348/1264 21/21/21
f 951/951/914 942/942/905 269/269/269
f 1143/1143/1102 175/175/175 176/176/176
f 986/986/949 1019/1019/982 1144/1144/1103
f 881/881/847 1059/1059/1022 1097/1097/1057
f 454/454/449 224/224/224 219/219/219
f 1146/1146/1105 910/910/875 912/912/877
f 1140/1140/1099 1139/1139/1098 1148/1148/1106
f 872/872/838 871/871/837 429/429/424
f 376/376/373 444/444/439 744/744/718
f 1070/1070/1032 1133/1133/1092 826/826/794
f 892/892/857 456/456/451 433/433/428
f 1150/1150/1108 1007/1007/970 1151/1151/1109
f 1152/1152/1110 1044/1044/1007 1043/1043/1006
f 21/21/21 20/20/20 981/981/944
f 1153/1153/1111 1190/1190/1143 1154/1154/1112
f 1155/1155/1113 1293/1293/1223 963/963/926
f 1058/1058/1021 1090/1090/1050 1138/1138/1097
f 860/860/827 859/859/826 730/730/706
f 1158/1158/1116 1285/1285/1217 1159/1159/1117
f 1161/1161/1119 839/839/807 552/552/542
f 693/693/672 692/692/671 250/250/250
f 1032/1032/995 487/487/479 1162/1162/1120
f 1163/1163/1028 626/626/611 628/628/613
f 1164/1164/1121 684/684/64 686/686/665
f 668/668/650 667/667/649 1165/1165/1122
f 472/472/465 474/474/467 1167/1167/1124
f 804/804/774 987/987/950 1148/1148/1106
f 1169/1169/1126 797/797/768 958/958/921
f 906/906/871 913/913/878 1171/1171/1128
f 913/913/878 1170/1170/1127 1171/1171/1128
f 790/790/761 1148/1148/1106 1139/1139/1098
f 1156/1156/1114 1205/1205/1158 1172/1172/1129
f 1173/1173/1130 910/910/875 1017/1017/980
f 1174/1174/1131 783/783/754 1175/1175/1132
f 1176/1176/1133 1208/1208/1161 1177/1177/1134
f 1179/1179/1135 1296/1296/1225 653/653/635
f 798/798/769 1386/1386/454 1180/1180/715
f 1001/1001/964 847/847/814 833/833/801
f 84/84/84 286/286/286 504/504/496
f 1182/1182/1137 1160/1160/1118 1159/1159/1117
f 1184/1184/1139 1346/1346/1255 1102/1102/1062
f 31/31/31 455/455/450 413/413/408
f 682/682/662 194/194/194 1185/1185/1140
f 365/365/362 1204/1204/1157 1124/1124/1083
f 263/263/263 304/304/304 306/306/306
f 665/665/647 1014/1014/977 918/918/883
f 1186/1186/782 1300/1300/1229 1187/1187/1141
f 1189/1189/1142 47/47/47 927/927/892
f 970/970/933 1154/1154/1112 1190/1190/1143
f 52/52/52 452/452/447 477/477/470
f 866/866/833 1000/1000/963 1191/1191/1144
f 147/147/147 883/883/849 1192/1192/1145
f 936/936/900 1312/1312/1239 852/852/819
f 1194/1194/1147 1283/1283/1215 1106/1106/1066
f 864/864/831 880/880/846 146/146/146
f 1195/1195/1148 173/173/173 608/608/594
f 1196/1196/1149 842/842/810 843/843/811
f 57/57/57 451/451/446 1197/1197/1150
f 698/698/676 1115/1115/1075 1117/1117/899
f 319/319/318 525/525/516 441/441/436
f 481/481/474 164/164/164 465/465/458
f 1110/1110/1070 1039/1039/1002 779/779/750
f 1069/1069/1031 991/991/954 993/993/956
f 763/763/737 819/819/787 795/795/766
f 105/105/105 111/111/111 110/110/110
f 1200/1200/1153 640/640/623 457/457/452
f 1174/1174/1131 872/872/838 1149/1149/1107
f 279/279/279 278/278/278 1201/1201/1154
f 1202/1202/1155 15/15/15 548/548/538
f 904/904/869 688/688/667 217/217/217
f 628/628/613 627/627/612 1203/1203/1156
f 1204/1204/1157 365/365/362 367/367/364
f 1205/1205/1158 1134/1134/1093 1182/1182/1137
f 166/166/166 168/168/168 904/904/869
f 1114/1114/1074 381/381/377 1207/1207/1160
f 369/369/366 477/477/470 36/36/36
f 820/820/788 878/878/844 676/676/657
f 995/995/958 575/575/565 1023/1023/986
f 126/126/126 125/125/125 466/466/459
f 1208/1208/1161 1176/1176/1133 1209/1209/1162
f 1010/1010/973 1009/1009/972 791/791/762
f 1210/1210/1163 1142/1142/1101 983/983/946
f 1211/1211/453 1386/1386/454 1212/1212/1164
f 1213/1213/725 713/713/691 894/894/859
f 1215/1215/1165 879/879/845 1216/1216/1166
f 1218/1218/1168 551/551/541 553/553/543
f 825/825/793 631/631/615 633/633/617
f 1219/1219/1169 232/232/232 874/874/840
f 56/56/56 1212/1212/1164 1220/1220/1170
f 743/743/717 742/742/716 1181/1181/1136
f 1221/1221/1171 1311/1311/1238 1222/1222/1172
f 801/801/772 800/800/771 1224/1224/1174
f 1218/1218/1168 1302/1302/1231 1166/1166/1123
f 747/747/721 159/159/159 865/865/832
f 1052/1052/1015 235/235/235 1055/1055/1018
f 1175/1175/1132 878/878/844 827/827/795
f 1226/1226/1176 670/670/652 78/78/78
f 1219/1219/1169 854/854/821 888/888/853
f 1227/1227/1177 1047/1047/1010 1048/1048/1011
f 542/542/532 548/548/538 15/15/15
f 677/677/658 1226/1226/1176 77/77/77
f 1146/1146/1105 1036/1036/999 1018/1018/981
f 1050/1050/1013 644/644/627 645/645/628
f 1229/1229/55 1248/1248/1192 908/908/873
f 893/893/858 1215/1215/1165 1230/1230/1179
f 1231/1231/1180 1051/1051/1014 680/680/661
f 698/698/676 697/697/675 914/914/879
f 1215/1215/1165 1217/1217/1167 1232/1232/1181
f 1233/1233/674 935/935/899 851/851/818
f 474/474/467 1170/1170/1127 143/143/143
f 1028/1028/991 980/980/943 902/902/867
f 1234/1234/704 1336/1336/1257 316/316/315
f 419/419/414 338/338/336 590/590/578
f 833/833/801 784/784/755 785/785/756
f 1235/1235/1182 1258/1258/139 579/579/569
f 1237/1237/1184 64/64/64 66/66/66
f 452/452/447 52/52/52 54/54/54
f 290/290/290 1282/1282/1214 276/276/276
f 996/996/959 477/477/470 452/452/447
f 655/655/637 177/177/177 179/179/179
f 1238/1238/1134 1269/1269/1207 1239/1239/1185
f 1240/1240/1186 1308/1308/1235 1151/1151/1109
f 1172/1172/1129 1182/1182/1137 1183/1183/1138
f 189/189/189 588/588/577 558/558/548
f 667/667/649 994/994/957 995/995/958
f 1165/1165/1122 995/995/958 551/551/541
f 237/237/237 1309/1309/1236 296/296/296
f 792/792/763 1350/1350/876 938/938/902
f 1101/1101/1061 988/988/951 989/989/952
f 1188/1188/1087 1187/1187/1141 1192/1192/1145
f 1040/1040/1003 1039/1039/1002 1110/1110/1070
f 1057/1057/1020 1283/1283/1215 999/999/962
f 1220/1220/1170 1212/1212/1164 1241/1241/1187
f 1242/1242/864 1387/1387/1083 1243/1243/1188
f 838/838/806 707/707/685 709/709/687
f 1246/1246/1191 1076/1076/1037 1202/1202/1155
f 209/209/209 1337/1337/796 1214/1214/724
f 1113/1113/1073 702/702/680 234/234/234
f 1245/1245/1190 709/709/687 1249/1249/1193
f 1250/1250/1194 1285/1285/1217 1158/1158/1116
f 985/985/948 1017/1017/980 910/910/875
f 1251/1251/1195 991/991/954 146/146/146
f 998/998/961 997/997/960 1252/1252/1196
f 99/99/99 98/98/98 1225/1225/1175
f 1135/1135/1094 778/778/749 779/779/750
f 658/658/640 578/578/568 580/580/570
f 549/549/539 550/550/540 1044/1044/1007
f 1020/1020/983 1129/1129/1088 1131/1131/1090
f 151/151/151 1167/1167/1124 143/143/143
f 381/381/377 380/380/376 1254/1254/1198
f 368/368/365 694/694/673 1255/1255/591
f 1256/1256/1199 378/378/374 176/176/176
f 26/26/26 275/275/275 1119/1119/1078
f 455/455/450 31/31/31 33/33/33
f 402/402/398 562/562/552 818/818/786
f 1250/1250/1194 1324/1324/1248 1137/1137/1096
f 1007/1007/970 1107/1107/1067 273/273/273
f 1160/1160/1118 1182/1182/1137 1134/1134/1093
f 1258/1258/139 1281/1281/1214 580/580/570
f 893/893/858 500/500/492 879/879/845
f 867/867/834 1191/1191/1144 1259/1259/1201
f 782/782/753 781/781/752 1127/1127/1086
f 1169/1169/1126 957/957/920 949/949/912
f 567/567/557 454/454/449 218/218/218
f 251/251/251 253/253/253 45/45/45
f 1041/1041/1004 496/496/488 46/46/46
f 1004/1004/967 293/293/293 295/295/295
f 1038/1038/1001 544/544/534 1006/1006/969
f 1080/1080/1041 1091/1091/1051 805/805/775
f 1093/1093/1053 797/797/768 1169/1169/1126
f 1260/1260/1184 1247/1247/167 1202/1202/1155
f 1104/1104/1064 553/553/543 840/840/808
f 1176/1176/1133 1125/1125/1084 1062/1062/1025
f 891/891/856 612/612/598 613/613/599
f 1183/1183/1138 1159/1159/1117 1239/1239/1185
f 1173/1173/1130 1067/1067/1029 1261/1261/902
f 1262/1262/1202 1324/1324/1248 993/993/956
f 659/659/641 710/710/688 1263/1263/1203
f 1264/1264/1204 1115/1115/1075 700/700/678
f 1080/1080/1041 1079/1079/1040 1252/1252/1196
f 366/366/363 898/898/863 1266/1266/1139
f 1268/1268/1206 1349/1349/1265 1063/1063/1026
f 1269/1269/1207 1008/1008/971 1010/1010/973
f 468/468/461 1094/1094/1054 1270/1270/1208
f 1224/1224/1174 1306/1306/1233 577/577/567
f 383/383/379 65/65/65 1271/1271/1121
f 737/737/445 736/736/711 1113/1113/1073
f 1012/1012/975 1016/1016/979 1273/1273/1209
f 982/982/945 632/632/616 650/650/633
f 747/747/721 1259/1259/1201 1275/1275/896
f 818/818/786 817/817/785 988/988/951
f 1265/1265/1205 700/700/678 849/849/816
f 1276/1276/611 1065/1065/1028 361/361/358
f 1039/1039/1002 199/199/199 201/201/201
f 839/839/807 1161/1161/1119 1277/1277/1211
f 1278/1278/1211 1280/1280/1213 1279/1279/1212
f 1280/1280/1213 1384/1384/1259 813/813/781
f 813/813/781 979/979/942 1268/1268/1206
f 208/208/208 1338/1338/1258 67/67/67
f 1223/1223/1173 1085/1085/1046 1244/1244/1189
f 1281/1281/1214 674/674/290 191/191/191
f 141/141/141 276/276/276 1282/1282/1214
f 1275/1275/896 1259/1259/1201 971/971/934
f 1000/1000/963 999/999/962 1283/1283/1215
f 1091/1091/1051 1169/1169/1126 948/948/911
f 1176/1176/1133 1178/1178/1043 1126/1126/1085
f 1284/1284/1216 856/856/823 1141/1141/1100
f 1084/1084/1045 1083/1083/1044 1285/1285/1217
f 871/871/837 153/153/153 1286/1286/1218
f 977/977/940 976/976/939 1144/1144/1103
f 1019/1019/982 1345/1345/1263 1288/1288/1219
f 1220/1220/1170 1001/1001/964 1181/1181/1136
f 1092/1092/1052 1252/1252/1196 997/997/960
f 962/962/925 1294/1294/1224 1289/1289/1220
f 1187/1187/1141 781/781/752 1193/1193/1146
f 1290/1290/1221 956/956/919 958/958/921
f 1002/1002/965 1241/1241/1187 1093/1093/1053
f 727/727/703 496/496/488 498/498/490
f 50/50/50 1216/1216/1166 879/879/845
f 1212/1212/1164 1386/1386/454 798/798/769
f 1292/1292/887 1290/1290/1221 796/796/767
f 1293/1293/1223 1289/1289/1220 1294/1294/1224
f 1295/1295/1076 1313/1313/1240 1222/1222/1172
f 1257/1257/1200 1299/1299/1228 1296/1296/1225
f 1297/1297/1226 1114/1114/1074 578/578/568
f 120/120/120 657/657/639 1298/1298/1227
f 446/446/441 1296/1296/1225 1299/1299/1228
f 402/402/398 1100/1100/1060 569/569/559
f 1112/1112/1072 314/314/313 316/316/315
f 712/712/690 760/760/734 1297/1297/1226
f 1040/1040/1003 1298/1298/1227 657/657/639
f 621/621/606 1168/1168/1125 1167/1167/1124
f 668/668/650 437/437/432 439/439/434
f 1056/1056/1019 1138/1138/1097 1140/1140/1099
f 974/974/937 1358/1358/1269 1099/1099/1059
f 1273/1273/1209 1016/1016/979 1127/1127/1086
f 781/781/752 1187/1187/1141 1300/1300/1229
f 666/666/648 439/439/434 19/19/19
f 1013/1013/976 1012/1012/975 1274/1274/1210
f 1035/1035/998 1034/1034/997 1162/1162/1120
f 1103/1103/1063 1129/1129/1088 1301/1301/1230
f 1242/1242/864 1244/1244/1189 1085/1085/1046
f 1243/1243/1188 1387/1387/1083 1304/1304/1085
f 1302/1302/1231 1301/1301/1230 1305/1305/1232
f 1166/1166/1123 1305/1305/1232 437/437/432
f 1152/1152/1110 662/662/644 1112/1112/1072
f 600/600/587 275/275/275 141/141/141
f 364/364/361 577/577/567 1306/1306/1233
f 1307/1307/1234 1385/1385/1282 1029/1029/992
f 1308/1308/1235 1307/1307/1234 1081/1081/1042
f 1201/1201/1154 296/296/296 1309/1309/1236
f 456/456/451 1107/1107/1067 480/480/473
f 1310/1310/1237 1349/1349/1265 1190/1190/1143
f 1298/1298/1227 1040/1040/1003 1060/1060/1023
f 612/612/598 891/891/856 643/643/626
f 584/584/574 565/565/555 645/645/628
f 936/936/900 1222/1222/1172 1311/1311/1238
f 1311/1311/1238 992/992/955 1251/1251/1195
f 1191/1191/1144 1000/1000/963 1194/1194/1147
f 1313/1313/1240 1086/1086/1047 1223/1223/1173
f 516/516/507 230/230/230 61/61/61
f 1121/1121/1080 1299/1299/1228 1257/1257/1200
f 1011/1011/974 1023/1023/986 575/575/565
f 1034/1034/997 1314/1314/1241 1210/1210/1163
f 971/971/934 1259/1259/1201 1191/1191/1144
f 777/777/748 671/671/653 1226/1226/1176
f 751/751/725 415/415/410 417/417/412
f 955/955/918 954/954/917 471/471/464
f 1109/1109/1069 401/401/397 1314/1314/1241
f 1204/1204/1157 1095/1095/1055 1062/1062/1025
f 757/757/731 99/99/99 1055/1055/1018
f 872/872/838 1174/1174/1131 944/944/907
f 533/533/524 181/181/181 183/183/183
f 392/392/388 94/94/94 96/96/96
f 1315/1315/457 546/546/536 547/547/537
f 806/806/776 947/947/910 1316/1316/1242
f 1249/1249/1193 1343/1343/1262 1074/1074/1035
f 1267/1267/1056 1278/1278/1211 767/767/741
f 45/45/45 253/253/253 506/506/498
f 661/661/643 920/920/885 1049/1049/1012
f 728/728/704 727/727/703 1291/1291/1222
f 1104/1104/1064 1103/1103/1063 1302/1302/1231
f 195/195/195 340/340/338 525/525/516
f 1155/1155/1113 793/793/764 1317/1317/1243
f 934/934/898 966/966/929 831/831/799
f 1206/1206/1159 904/904/869 836/836/804
f 364/364/361 363/363/360 1318/1318/1244
f 802/802/773 405/405/401 710/710/688
f 1319/1319/1047 1332/1332/1240 1253/1253/1197
f 620/620/605 585/585/575 472/472/465
f 1320/1320/1245 518/518/509 1321/1321/1246
f 787/787/758 944/944/907 945/945/908
f 722/722/699 72/72/72 623/623/608
f 1289/1289/1220 1293/1293/1223 1317/1317/1243
f 1051/1051/1014 1231/1231/1180 1323/1323/1218
f 150/150/150 1198/1198/1151 680/680/661
f 1243/1243/1188 1137/1137/1096 1324/1324/1248
f 1325/1325/1249 610/610/596 180/180/180
f 445/445/440 1047/1047/1010 378/378/374
f 1042/1042/1005 765/765/739 1327/1327/1250
f 135/135/135 404/404/400 1329/1329/1252
f 1042/1042/1005 1044/1044/1007 550/550/540
f 1330/1330/1253 1196/1196/1149 978/978/941
f 1199/1199/1152 1158/1158/1116 1070/1070/1032
f 1265/1265/1205 1020/1020/983 1253/1253/1197
f 1330/1330/1253 1305/1305/1232 1301/1301/1230
f 1331/1331/1254 437/437/432 1305/1305/1232
f 1022/1022/985 1301/1301/1230 1129/1129/1088
f 1264/1264/1204 1253/1253/1197 1332/1332/1240
f 1110/1110/1070 563/563/553 401/401/397
f 558/558/548 587/587/430 721/721/266
f 570/570/560 1101/1101/1061 1071/1071/1033
f 451/451/446 57/57/57 743/743/717
f 1118/1118/1077 1334/1334/1256 285/285/285
f 898/898/863 900/900/865 1333/1333/1255
f 1334/1334/1256 373/373/370 1072/1072/1034
f 1048/1048/1011 1121/1121/1080 1120/1120/1079
f 939/939/903 1317/1317/1243 793/793/764
f 239/239/239 174/174/174 1309/1309/1236
f 488/488/480 480/480/473 1107/1107/1067
f 689/689/668 445/445/440 1256/1256/1199
f 745/745/719 855/855/822 49/49/49
f 1335/1335/729 1347/1347/728 1230/1230/1179
f 992/992/955 1311/1311/1238 1221/1221/1171
f 880/880/846 852/852/819 1312/1312/1239
f 1153/1153/1111 977/977/940 1288/1288/1219
f 972/972/935 1194/1194/1147 1154/1154/1112
f 1336/1336/1257 1234/1234/704 1337/1337/796
f 1338/1338/1258 646/646/629 648/648/631
f 1300/1300/1229 1186/1186/782 1339/1339/1259
f 259/259/259 697/697/675 1340/1340/835
f 924/924/889 758/758/732 801/801/772
f 660/660/642 32/32/32 675/675/656
f 809/809/777 299/299/299 334/334/333
f 1257/1257/1200 1179/1179/1135 27/27/27
f 800/800/771 293/293/293 1306/1306/1233
f 408/408/403 482/482/475 615/615/601
f 1284/1284/1216 1135/1135/1094 201/201/201
f 1341/1341/1260 845/845/813 933/933/897
f 534/534/525 183/183/183 812/812/780
f 1248/1248/1192 234/234/234 236/236/236
f 699/699/677 701/701/679 914/914/879
f 1342/1342/1261 318/318/317 181/181/181
f 875/875/841 877/877/843 646/646/629
f 654/654/636 653/653/635 1296/1296/1225
f 760/760/734 179/179/179 1114/1114/1074
f 482/482/475 108/108/108 616/616/602
f 1241/1241/1187 798/798/769 797/797/768
f 1111/1111/1071 316/316/315 1336/1336/1257
f 1291/1291/1222 498/498/490 863/863/830
f 1324/1324/1248 1250/1250/1194 1199/1199/1152
f 1145/1145/1104 1144/1144/1103 976/976/939
f 1075/1075/1036 1074/1074/1035 1343/1343/1262
f 129/129/129 1361/1361/723 1344/1344/722
f 1310/1310/1237 1288/1288/1219 1345/1345/1263
f 946/946/909 248/248/248 71/71/71
f 1142/1142/1101 1210/1210/1163 1314/1314/1241
f 877/877/843 876/876/842 706/706/684
f 3/3/3 826/826/794 821/821/789
f 1145/1145/1104 1148/1148/1106 987/987/950
f 1346/1346/1255 1355/1355/1048 1130/1130/1089
f 678/678/659 465/465/458 194/194/194
f 360/360/357 1230/1230/1179 1347/1347/728
f 793/793/764 1155/1155/1113 1172/1172/1129
f 212/212/212 399/399/395 1341/1341/1260
f 1263/1263/1203 710/710/688 134/134/134
f 975/975/938 1106/1106/1066 1283/1283/1215
f 118/118/118 1298/1298/1227 1059/1059/1022
f 417/417/412 416/416/411 355/355/352
f 1150/1150/1108 244/244/244 243/243/243
f 1071/1071/1033 989/989/952 1026/1026/989
f 1158/1158/1116 1160/1160/1118 1133/1133/1092
f 1285/1285/1217 1083/1083/1044 1239/1239/1185
f 865/865/832 158/158/158 838/838/806
f 400/400/396 569/569/559 1348/1348/1264
f 1262/1262/1202 1221/1221/1171 1244/1244/1189
f 1064/1064/1027 1063/1063/1026 1349/1349/1265
f 1136/1136/1095 1141/1141/1100 1132/1132/1091
f 1196/1196/1149 1330/1330/1253 1022/1022/985
f 979/979/942 1190/1190/1143 1349/1349/1265
f 1087/1087/1048 1388/1388/1255 1303/1303/865
f 690/690/669 832/832/800 652/652/634
f 861/861/828 238/238/238 39/39/39
f 909/909/874 145/145/145 9/9/9
f 719/719/697 387/387/383 94/94/94
f 711/711/689 213/213/213 148/148/148
f 210/210/210 646/646/629 1338/1338/1258
f 413/413/408 567/567/557 10/10/10
f 716/716/694 757/757/731 758/758/732
f 701/701/679 700/700/678 1115/1115/1075
f 1157/1157/1115 730/730/706 1203/1203/1156
f 887/887/852 711/711/689 857/857/824
f 38/38/38 730/730/706 859/859/826
f 1108/1108/1068 1162/1162/1120 1210/1210/1163
f 768/768/742 767/767/741 1279/1279/1212
f 261/261/261 914/914/879 697/697/675
f 1068/1068/1030 1067/1067/1029 101/101/101
f 990/990/953 147/147/147 1193/1193/1146
f 716/716/694 924/924/889 68/68/68
f 1021/1021/984 849/849/816 842/842/810
f 1326/1326/5 180/180/180 47/47/47
f 1207/1207/1160 1254/1254/1198 1236/1236/1183
f 1350/1350/876 792/792/763 1009/1009/972
f 319/319/318 318/318/317 1342/1342/1261
f 564/564/554 27/27/27 1179/1179/1135
f 690/690/669 689/689/668 34/34/34
f 362/362/359 1306/1306/1233 293/293/293
f 533/533/524 964/964/927 794/794/765
f 132/132/132 131/131/131 1334/1334/1256
f 1272/1272/1150 1113/1113/1073 1248/1248/1192
f 1147/1147/971 1357/1357/1207 1036/1036/999
f 1209/1209/1162 1062/1062/1025 1064/1064/1027
f 20/20/20 978/978/941 843/843/811
f 673/673/655 811/811/779 182/182/182
f 1205/1205/1158 1156/1156/1114 672/672/654
f 1090/1090/1050 1252/1252/1196 1079/1079/1040
f 1352/1352/1213 1277/1277/1211 1161/1161/1119
f 709/709/687 708/708/686 1343/1343/1262
f 1049/1049/1012 1050/1050/1013 943/943/906
f 206/206/206 725/725/702 593/593/580
f 1198/1198/1151 150/150/150 106/106/106
f 832/832/800 690/690/669 766/766/740
f 1353/1353/1266 705/705/683 706/706/684
f 163/163/163 193/193/193 165/165/165
f 734/734/710 1321/1321/1246 518/518/509
f 1355/1355/1048 1319/1319/1047 1131/1131/1090
f 1339/1339/1259 1352/1352/1213 1274/1274/1210
f 1356/1356/1268 947/947/910 949/949/912
f 639/639/622 762/762/736 114/114/114
f 102/102/102 101/101/101 1067/1067/1029
f 644/644/627 925/925/890 1171/1171/1128
f 622/622/607 1323/1323/1218 940/940/152
f 1208/1208/1161 1036/1036/999 1357/1357/1207
f 717/717/695 718/718/696 348/348/346
f 1358/1358/1269 974/974/937 1316/1316/1242
f 734/734/710 187/187/187 538/538/528
f 1348/1348/1264 569/569/559 571/571/561
f 63/63/63 62/62/62 84/84/84
f 1141/1141/1100 780/780/751 782/782/753
f 1287/1287/1180 885/885/660 429/429/424
f 214/214/214 268/268/268 270/270/270
f 1360/1360/1271 1389/1389/931 1361/1361/723
f 947/947/910 1356/1356/1268 1359/1359/1270
f 1122/1122/1081 902/902/867 1078/1078/1039
f 1362/1362/1142 314/314/313 6/6/6
f 1363/1363/1272 1322/1322/1247 1321/1321/1246
f 752/752/726 1369/1369/1277 1364/1364/1273
f 113/113/113 692/692/671 637/637/620
f 789/789/760 806/806/776 973/973/936
f 1364/1364/1273 1216/1216/1166 50/50/50
f 540/540/530 539/539/529 897/897/862
f 510/510/502 138/138/138 247/247/247
f 876/876/842 959/959/922 1354/1354/1267
f 1299/1299/1228 1121/1121/1080 1048/1048/1011
f 233/233/233 232/232/232 913/913/878
f 495/495/487 1364/1364/1273 769/769/743
f 1225/1225/1175 30/30/30 184/184/184
f 98/98/98 28/28/28 30/30/30
f 387/387/383 810/810/778 58/58/58
f 909/909/874 704/704/682 890/890/855
f 705/705/683 1353/1353/1266 28/28/28
f 592/592/573 347/347/345 169/169/169
f 919/919/884 136/136/136 265/265/265
f 233/233/233 541/541/531 718/718/696
f 844/844/812 905/905/870 890/890/855
f 1050/1050/1013 969/969/932 925/925/890
f 1232/1232/1181 1371/1371/1279 1365/1365/312
f 772/772/746 769/769/743 771/771/745
f 490/490/482 388/388/384 390/390/386
f 873/873/839 288/288/288 390/390/386
f 308/308/308 1353/1353/1266 1354/1354/1267
f 876/876/842 921/921/886 356/356/353
f 1366/1366/1274 320/320/319 322/322/321
f 1368/1368/1276 1371/1371/1279 1369/1369/1277
f 858/858/825 860/860/827 389/389/385
f 860/860/827 1157/1157/1115 390/390/386
f 356/356/353 715/715/693 1370/1370/1278
f 753/753/727 289/289/289 288/288/288
f 693/693/672 444/444/439 931/931/895
f 1366/1366/1274 941/941/904 512/512/503
f 517/517/508 906/906/871 1171/1171/1128
f 534/534/525 858/858/825 1367/1367/1275
f 718/718/696 541/541/531 170/170/170
f 1368/1368/1276 280/280/280 1365/1365/312
f 807/807/747 1370/1370/1278 715/715/693
f 1372/1372/1280 378/378/374 1047/1047/1010
f 1353/1353/1266 308/308/308 786/786/757
f 1371/1371/1279 1232/1232/1181 1217/1217/1167
f 704/704/682 349/349/347 229/229/229
f 755/755/729 313/313/312 289/289/289
f 964/964/927 533/533/524 321/321/320
f 717/717/695 724/724/701 725/725/702
f 941/941/904 1366/1366/1274 1367/1367/1275
f 1369/1369/1277 1217/1217/1167 1216/1216/1166
f 167/167/167 1237/1237/1184 1005/1005/968
f 143/143/143 1170/1170/1127 913/913/878
f 670/670/652 672/672/654 1156/1156/1114
f 63/63/63 531/531/522 529/529/520
f 1037/1037/1000 1209/1209/1162 1345/1345/1263
f 346/346/344 897/897/862 539/539/529
