# Blender v2.80 (sub 35) OBJ File: 'r3pu_lowpoly.blend'
# www.blender.org
v 3.297408 -4.001255 -1.644555
v 3.323905 -3.910688 -1.822299
v 3.296293 -3.999788 -1.638996
v 2.981141 -4.148548 -2.167733
v 2.986619 -4.053066 -2.408602
v 2.985821 -4.154717 -2.169008
v 2.994357 -4.056554 -2.409093
v 2.993442 -4.158318 -2.169311
v 3.375558 -2.778070 -3.053250
v 3.038626 -2.621784 -3.095677
v 3.018614 -2.712517 -2.958455
v 2.990476 -4.368324 -1.548568
v 2.988111 -4.257741 -1.897587
v 2.995294 -4.377582 -1.541551
v 2.981141 -4.148548 -2.167733
v 2.971537 -4.190778 -1.910424
v 2.971668 -4.096352 -2.154258
v 3.260362 -4.203845 -1.520851
v 3.278064 -4.208470 -1.611564
v 3.278152 -4.171203 -1.616683
v 2.978968 -3.686806 -3.266821
v 2.977441 -3.721812 -3.161393
v 2.975084 -3.681016 -3.264822
v 3.248943 -4.264067 -1.478932
v 3.252932 -4.214757 -1.489834
v 3.246616 -4.266822 -1.473547
v 3.310334 -3.731504 -3.164636
v 3.298513 -3.683054 -3.253075
v 3.314461 -3.724249 -3.157968
v 3.021340 -3.455184 -2.310802
v 3.027025 -3.554496 -2.190315
v 3.030454 -3.453755 -2.310091
v 3.332459 -3.188317 -3.071515
v 3.362654 -3.140015 -3.112548
v 3.366116 -3.189481 -3.074855
v 3.373165 -3.609855 -2.256702
v 3.381561 -3.493712 -2.378114
v 3.371357 -3.605820 -2.253273
v 3.212808 -3.540776 -3.626329
v 3.247400 -3.607532 -3.481056
v 3.206231 -3.549311 -3.636982
v 3.285633 -4.027738 -1.581453
v 2.996031 -4.004328 -1.559555
v 3.282129 -4.045097 -1.568597
v 3.363897 -3.915263 -2.237097
v 3.347513 -3.971910 -2.039814
v 3.348056 -4.004302 -2.053386
v 3.335006 -3.097755 -3.311940
v 3.326332 -3.151985 -3.341225
v 3.322154 -3.143635 -3.364173
v 3.265046 -4.159164 -1.517020
v 3.271015 -4.118268 -1.525560
v 3.263504 -4.160390 -1.511251
v 3.393106 -3.206884 -2.703579
v 3.390919 -3.319428 -2.671435
v 3.390895 -3.237577 -2.749910
v 3.359998 -3.719155 -2.120635
v 3.374106 -3.615131 -2.261106
v 2.985965 -2.844281 -2.815014
v 2.978578 -2.753668 -2.979106
v 2.960376 -2.877143 -2.850184
v 3.389801 -3.450247 -2.578723
v 3.390030 -3.432612 -2.560282
v 3.349883 -3.891145 -2.823432
v 3.331519 -3.798613 -3.011861
v 3.353649 -3.886855 -2.820788
v 3.306955 -4.319841 -1.663217
v 3.276281 -4.356848 -1.585655
v 3.308956 -4.316062 -1.680189
v 3.392320 -3.189338 -2.674969
v 3.392234 -3.271334 -2.605753
v 3.393691 -3.192075 -2.679910
v 3.279082 -3.327014 -3.350889
v 3.277717 -3.266635 -3.363061
v 3.276669 -3.325115 -3.346985
v 3.384701 -3.516705 -2.400465
v 3.378540 -3.668011 -2.304750
v 3.386312 -3.552935 -2.435725
v 3.370193 -3.816472 -2.418482
v 3.368728 -3.945292 -2.257045
v 3.371985 -3.845794 -2.446291
v 3.361109 -3.519167 -2.890286
v 3.368903 -3.393446 -2.932492
v 3.372325 -3.467640 -2.830581
v 2.968776 -3.671480 -3.142075
v 2.975084 -3.681016 -3.264822
v 2.977441 -3.721812 -3.161393
v 3.086160 -3.447564 -3.925197
v 2.903950 -3.484094 -3.834137
v 2.899483 -3.464216 -3.885265
v 2.997631 -3.095715 -2.623755
v 2.957757 -3.010999 -2.743487
v 2.963260 -3.126905 -2.665181
v 3.359825 -2.662706 -3.206839
v 3.046082 -2.589840 -3.213260
v 3.043743 -2.599907 -3.146442
v 3.378779 -3.022022 -3.027748
v 3.385625 -3.080174 -2.924367
v 3.383051 -3.104420 -2.955624
v 3.255986 -4.248916 -1.508664
v 3.283473 -4.243959 -1.613068
v 2.994516 -2.976769 -2.699194
v 2.985965 -2.844281 -2.815014
v 2.987252 -2.979877 -2.702405
v 3.391135 -3.032302 -2.861662
v 3.389832 -3.149235 -2.831103
v 3.387219 -3.065131 -2.905016
v 3.315360 -3.270318 -3.380039
v 3.303702 -3.330411 -3.401305
v 3.307646 -3.266145 -3.410870
v 3.366800 -2.699007 -3.161089
v 3.377044 -2.783130 -3.055226
v 3.377487 -2.789743 -3.057500
v 3.362555 -3.739711 -2.135706
v 3.375414 -3.630333 -2.273701
v 3.357724 -2.748681 -3.262138
v 3.357971 -2.693142 -3.258370
v 3.360027 -2.754888 -3.242934
v 3.365990 -2.690893 -3.161475
v 3.375558 -2.778070 -3.053250
v 3.381028 -3.704516 -2.334002
v 3.367260 -3.791544 -2.169797
v 3.368837 -3.812379 -2.181109
v 3.303406 -2.969914 -3.474694
v 3.294747 -3.043344 -3.481079
v 3.288378 -3.037288 -3.516577
v 3.001922 -2.840508 -2.812863
v 3.010036 -2.713360 -2.957698
v 2.992761 -2.841205 -2.812362
v 3.030681 -2.622981 -3.094513
v 3.255777 -3.294153 -3.556454
v 3.240603 -3.225189 -3.615384
v 3.270415 -3.239039 -3.523785
v 3.346490 -2.728427 -3.337416
v 3.336828 -2.787797 -3.377232
v 3.345257 -2.721659 -3.343068
v 3.325468 -3.611172 -3.180147
v 3.338122 -3.663539 -3.092380
v 3.323990 -3.616885 -3.186240
v 3.285316 -4.046126 -1.578605
v 3.283816 -4.071194 -1.575227
v 3.288027 -4.047461 -1.595411
v 3.343810 -3.822022 -1.974095
v 3.324897 -3.914351 -1.826293
v 3.344794 -3.826866 -1.977646
v 3.374461 -3.778447 -2.389066
v 3.365360 -3.880048 -2.217221
v 3.361012 -3.724460 -2.124538
v 3.346271 -3.840747 -1.987842
v 2.945279 -3.604627 -3.471190
v 2.956315 -3.593530 -3.347289
v 2.937427 -3.554319 -3.450755
v 2.975498 -3.600178 -2.228173
v 3.013626 -3.459111 -2.314142
v 2.976653 -3.497776 -2.350137
v 3.276894 -3.672663 -3.325581
v 2.985255 -3.689952 -3.267735
v 2.979983 -3.666143 -3.332674
v 3.277717 -3.266635 -3.363061
v 3.283597 -3.205829 -3.360054
v 3.281028 -3.206900 -3.355942
v 3.330353 -3.089505 -3.331154
v 3.301870 -4.018485 -1.681791
v 3.326452 -3.924794 -1.837861
v 3.299416 -4.005339 -1.660807
v 3.246874 -4.393890 -1.489124
v 3.259882 -4.376790 -1.507801
v 3.241046 -4.399445 -1.461397
v 3.329261 -4.270567 -1.894897
v 3.339109 -4.255642 -1.906741
v 3.382338 -4.143664 -2.148638
v 3.384541 -4.068914 -2.378180
v 3.391561 -4.045730 -2.363991
v 2.991741 -4.179052 -1.466339
v 2.995307 -4.126232 -1.468552
v 2.990657 -4.126935 -1.472811
v 3.290967 -4.031180 -1.609232
v 3.258957 -4.378071 -1.545651
v 3.265397 -4.371598 -1.533781
v 3.268447 -4.155490 -1.534433
v 2.979893 -3.786495 -3.004534
v 2.981500 -3.727555 -3.163542
v 2.984238 -3.792193 -3.006809
v 2.994226 -4.084454 -1.475444
v 2.997923 -4.032785 -1.521245
v 2.991478 -4.033581 -1.523081
v 3.304387 -3.571183 -3.293244
v 3.285173 -3.523284 -3.387996
v 3.306300 -3.564452 -3.287788
v 3.370309 -3.187605 -3.071116
v 3.364698 -3.249991 -3.057791
v 3.366116 -3.189481 -3.074855
v 3.321684 -3.624026 -3.193827
v 3.323435 -3.703579 -3.136957
v 3.308050 -3.660618 -3.231506
v 3.358154 -3.715071 -2.117590
v 3.019246 -3.655408 -2.061317
v 3.291044 -4.095970 -1.628790
v 3.276164 -4.116111 -1.546380
v 2.985082 -4.009076 -1.565484
v 2.971459 -4.064406 -1.569689
v 2.986909 -4.036313 -1.527508
v 3.261447 -4.161187 -1.507027
v 3.002283 -4.179555 -1.460895
v 3.252932 -4.214757 -1.489834
v 3.365614 -3.609914 -2.755534
v 3.369288 -3.741396 -2.633140
v 3.363015 -3.642359 -2.802166
v 3.024547 -2.627047 -3.094180
v 3.286534 -3.619435 -3.334172
v 3.279426 -3.537817 -3.403662
v 3.301655 -3.579294 -3.300026
v 3.271297 -3.102118 -3.560140
v 3.261238 -3.167238 -3.565859
v 3.249725 -3.163917 -3.608450
v 3.018148 -3.555795 -2.191010
v 3.021340 -3.455184 -2.310802
v 3.363736 -2.897594 -3.178262
v 3.343942 -3.042533 -3.275559
v 3.359575 -2.879092 -3.211048
v 2.987276 -3.957542 -2.624807
v 2.981846 -4.047147 -2.406657
v 2.982504 -3.951691 -2.622748
v 3.376222 -3.284110 -2.968519
v 3.380143 -3.341888 -2.882846
v 3.354284 -3.741477 -2.961057
v 3.363539 -3.863415 -2.804844
v 3.343142 -3.772868 -2.990268
v 3.353124 -2.664682 -3.294827
v 3.350806 -2.689555 -3.318066
v 3.349681 -2.681797 -3.323212
v 3.225089 -3.222304 -3.663632
v 3.217980 -3.278741 -3.671274
v 3.199055 -3.276502 -3.726737
v 3.262864 -3.329367 -3.526825
v 3.286498 -3.380565 -3.434835
v 3.255599 -3.352972 -3.544463
v 2.986361 -3.870560 -2.823264
v 2.981749 -3.864822 -2.821028
v 3.327447 -3.248107 -3.057952
v 3.324009 -3.309819 -3.061075
v 3.320451 -3.308390 -3.064231
v 3.386928 -3.940054 -2.577575
v 3.379529 -3.966331 -2.595445
v 3.259254 -3.479718 -3.503053
v 3.245854 -3.460919 -3.559696
v 3.392133 -3.287060 -2.628387
v 3.390005 -3.398351 -2.521020
v 3.349883 -3.891145 -2.823432
v 2.994893 -3.960939 -2.625427
v 2.993697 -3.873738 -2.824235
v 3.197936 -3.427956 -3.719105
v 3.166995 -3.439189 -3.784964
v 3.152176 -3.419168 -3.827765
v 3.314287 -3.363869 -3.090097
v 3.372768 -3.834333 -2.782853
v 2.969251 -3.236391 -2.590461
v 3.011236 -3.273526 -2.494335
v 3.007535 -3.203167 -2.549990
v 3.003181 -4.286752 -1.448328
v 2.997379 -4.400996 -1.455288
v 3.003422 -4.406911 -1.450921
v 3.294503 -3.998554 -1.634929
v 2.994732 -3.984803 -1.585843
v 3.299978 -4.033523 -1.669717
v 3.329425 -3.952383 -1.860618
v 3.349483 -3.875363 -2.010367
v 3.356229 -3.735451 -2.954836
v 2.981846 -4.047147 -2.406657
v 2.971913 -3.997137 -2.386199
v 2.972560 -3.173694 -3.676950
v 2.948300 -3.240583 -3.725879
v 2.965081 -3.171386 -3.674031
v 2.995365 -3.950551 -1.637284
v 2.988196 -3.986234 -1.587840
v 3.246971 -4.307241 -1.473616
v 3.284008 -4.045610 -1.572846
v 3.280550 -4.070838 -1.559364
v 3.301437 -2.967953 -3.485117
v 3.334831 -2.783948 -3.381474
v 3.200727 -3.418426 -3.718602
v 3.144099 -3.405650 -3.851924
v 3.141748 -3.396368 -3.860325
v 3.016684 -2.968793 -3.513820
v 3.299200 -2.966744 -3.492358
v 3.283903 -3.035651 -3.538807
v 3.207483 -3.491683 -3.661552
v 3.186830 -3.509289 -3.705307
v 3.392595 -3.275344 -2.611642
v 3.393934 -3.195843 -2.686081
v 3.356771 -3.449714 -2.988859
v 3.365308 -3.345624 -3.004969
v 3.297240 -4.055443 -1.652085
v 3.185296 -3.301029 -3.759917
v 3.193906 -3.324277 -3.731793
v 3.170845 -3.323225 -3.793283
v 3.021099 -2.897456 -3.458333
v 3.044995 -2.714340 -3.335631
v 3.028060 -2.897459 -3.461427
v 3.355430 -3.556993 -2.941233
v 3.363134 -3.668623 -2.846293
v 3.351954 -3.587761 -2.987058
v 3.243108 -3.613934 -3.485807
v 3.200143 -3.556350 -3.643852
v 3.353368 -3.404638 -3.049939
v 3.363832 -3.330457 -3.029768
v 3.387147 -2.904533 -2.942051
v 3.392600 -3.020463 -2.845913
v 3.387270 -2.909473 -2.946534
v 3.393509 -3.150503 -2.755204
v 3.037782 -2.611892 -3.259794
v 3.045471 -2.593096 -3.232746
v 3.045027 -2.610399 -3.262219
v 3.250975 -4.260199 -1.486359
v 3.254910 -4.291481 -1.500504
v 2.993353 -3.847449 -1.797105
v 2.995012 -3.758862 -1.932891
v 2.988206 -3.851644 -1.800314
v 3.343374 -2.716568 -3.346817
v 3.236679 -3.470674 -3.584164
v 3.228465 -3.520628 -3.589994
v 3.011469 -2.664856 -3.238513
v 3.032382 -2.655268 -3.284526
v 3.008077 -2.699940 -3.262128
v 3.342007 -3.818260 -1.971354
v 3.008904 -3.753603 -1.928887
v 2.971732 -4.101904 -1.526906
v 2.972196 -4.136500 -1.514970
v 3.287456 -4.028428 -1.585812
v 3.288657 -4.029177 -1.591778
v 3.385635 -3.183348 -2.891677
v 3.374551 -3.253624 -3.008370
v 3.373651 -4.090572 -2.390002
v 3.371109 -3.987258 -2.608151
v 3.376857 -4.087264 -2.388296
v 3.355796 -4.231376 -1.925826
v 3.358154 -3.715071 -2.117590
v 3.342007 -3.818260 -1.971354
v 3.371953 -2.950960 -3.104658
v 3.381149 -2.986901 -3.006022
v 3.388197 -3.930724 -2.568759
v 3.392563 -4.041026 -2.360600
v 3.387974 -3.934867 -2.573345
v 3.389945 -3.385385 -2.505796
v 3.389412 -3.380917 -2.500464
v 3.366647 -4.177925 -2.156126
v 3.268949 -4.118538 -1.521572
v 3.338386 -3.404918 -3.143677
v 3.350510 -3.370414 -3.091939
v 3.341105 -3.409112 -3.142779
v 3.253370 -4.385943 -1.532456
v 3.322154 -4.279988 -1.888054
v 3.325676 -4.275918 -1.890972
v 3.241282 -4.316758 -1.457905
v 3.003422 -4.406911 -1.450921
v 3.230398 -4.414361 -1.435102
v 2.989536 -4.085878 -1.480155
v 2.983443 -4.250563 -1.898970
v 2.971707 -4.293790 -1.611371
v 3.363976 -4.182326 -2.156900
v 3.311991 -3.586747 -3.255132
v 3.360846 -4.185576 -2.157353
v 3.198906 -3.423541 -3.720527
v 3.383247 -3.497469 -2.381866
v 3.383993 -3.502416 -2.386680
v 3.365622 -2.771961 -3.192888
v 3.367801 -2.722437 -3.159673
v 3.368877 -2.791313 -3.160864
v 3.386670 -3.568807 -2.451756
v 3.373951 -3.981993 -2.605100
v 3.255042 -4.213126 -1.494504
v 3.256674 -4.210771 -1.501000
v 2.995274 -4.261981 -1.896678
v 3.001557 -4.383272 -1.537835
v 3.373651 -4.090572 -2.390002
v 3.360846 -4.185576 -2.157353
v 3.366186 -3.777248 -2.162037
v 3.329636 -3.420717 -3.204490
v 3.374820 -3.564925 -2.701938
v 3.328208 -3.987295 -1.854376
v 3.334831 -2.783948 -3.381474
v 3.379428 -4.082643 -2.385860
v 2.983443 -4.250563 -1.898970
v 3.323632 -3.003835 -3.367647
v 3.341183 -2.808910 -3.348488
v 3.348445 -2.842028 -3.292163
v 3.371357 -3.605820 -2.253273
v 3.021411 -3.357815 -2.412349
v 3.013532 -3.361726 -2.415732
v 3.335235 -3.792002 -3.006671
v 2.981749 -3.864822 -2.821028
v 2.971851 -3.901933 -2.601693
v 2.971285 -3.815095 -2.799997
v 3.369444 -3.712010 -2.594808
v 2.970250 -3.736538 -2.984184
v 2.979893 -3.786495 -3.004534
v 3.359899 -4.222140 -1.928764
v 3.305146 -4.320797 -1.650083
v 3.010758 -3.656614 -2.062047
v 3.339630 -4.148324 -1.883039
v 2.971361 -3.999671 -1.673532
v 2.971585 -3.894843 -1.831056
v 3.350558 -3.909932 -2.019088
v 3.328920 -3.966587 -1.858081
v 2.942217 -3.237780 -3.719488
v 3.383973 -4.139217 -2.147142
v 3.392699 -4.037028 -2.356852
v 3.384548 -4.135232 -2.144897
v 3.375046 -3.824364 -2.772775
v 3.374298 -3.828702 -2.777882
v 3.206090 -3.302760 -3.701093
v 3.239660 -3.341997 -3.596463
v 3.003928 -3.660683 -2.065093
v 2.973762 -3.702414 -2.097427
v 3.032355 -2.616643 -3.257023
v 3.011949 -2.648319 -3.213996
v 3.032724 -2.599469 -3.228262
v 3.372317 -3.765662 -2.672459
v 3.377249 -3.871063 -2.477807
v 3.379551 -3.682867 -2.316654
v 2.955755 -3.243447 -3.729024
v 3.170884 -3.303012 -3.795075
v 2.947280 -3.277766 -3.756116
v 3.011268 -2.643815 -3.197577
v 3.030092 -2.605571 -3.144009
v 3.033112 -2.596062 -3.209306
v 3.325747 -4.023205 -1.851789
v 3.031397 -2.718901 -3.329366
v 3.037584 -2.715204 -3.333041
v 3.272667 -3.652204 -3.359618
v 3.251796 -3.599078 -3.473744
v 3.276718 -3.643735 -3.353539
v 3.286204 -3.036185 -3.529270
v 3.349911 -3.889428 -2.013915
v 3.355895 -4.035078 -2.068263
v 3.335983 -3.670001 -3.099949
v 3.019252 -3.269605 -2.491042
v 3.030702 -3.356123 -2.411855
v 3.028688 -3.267607 -2.490973
v 3.383262 -3.420945 -2.779307
v 3.360832 -3.314198 -3.061188
v 3.368574 -3.249904 -3.053752
v 3.328619 -4.115789 -1.870250
v 3.327419 -3.803469 -3.015420
v 2.991478 -4.033581 -1.523081
v 3.002283 -4.179555 -1.460895
v 2.996964 -4.231669 -1.456092
v 3.002828 -4.232438 -1.454261
v 3.334673 -3.482509 -3.162962
v 3.342436 -3.432167 -3.123014
v 3.343903 -3.447433 -3.103859
v 3.357408 -3.730852 -2.949082
v 3.339473 -3.658529 -3.086031
v 3.289933 -3.696760 -3.264823
v 2.988055 -3.730644 -3.164630
v 3.360129 -3.104968 -3.165468
v 3.371454 -3.115381 -3.093633
v 3.366992 -3.136524 -3.109954
v 3.255924 -3.485385 -3.512234
v 3.251534 -3.491751 -3.524513
v 3.321638 -4.083451 -1.862281
v 3.314199 -3.380323 -3.320401
v 3.287933 -3.407681 -3.260526
v 3.320834 -3.411794 -3.266434
v 2.913296 -3.506063 -3.575876
v 2.921559 -3.554133 -3.607888
v 3.337742 -3.113473 -3.290561
v 3.346100 -3.101352 -3.227969
v 3.334243 -3.116972 -3.288050
v 3.279361 -3.106317 -3.521629
v 3.386019 -2.923647 -2.959110
v 3.374462 -2.898697 -3.090358
v 3.366936 -2.832736 -3.167110
v 3.311894 -3.330088 -3.358048
v 3.313035 -3.269429 -3.374754
v 3.390472 -3.180355 -2.803198
v 3.389901 -3.255131 -2.771286
v 3.389008 -3.194557 -2.826649
v 3.245143 -3.163703 -3.625330
v 3.323409 -3.153748 -3.337328
v 3.316561 -3.207489 -3.367317
v 3.346100 -3.101352 -3.227969
v 3.322185 -3.109582 -3.161825
v 3.312592 -3.101429 -3.222562
v 3.014870 -3.090736 -2.620807
v 3.005341 -3.092324 -2.620489
v 3.337742 -3.113473 -3.290561
v 3.334243 -3.116972 -3.288050
v 3.009707 -3.134038 -2.592773
v 3.025088 -3.197290 -2.546983
v 3.019249 -3.132227 -2.593081
v 3.387191 -3.591938 -2.475116
v 3.380108 -3.744689 -2.364819
v 3.384141 -3.635115 -2.517680
v 3.003531 -3.038199 -3.567906
v 3.240824 -3.163840 -3.638804
v 2.988667 -3.105787 -3.622923
v 3.374832 -3.173941 -3.047063
v 3.284262 -3.180176 -3.488884
v 3.301970 -3.397117 -3.373956
v 3.314581 -3.360103 -3.345753
v 3.316248 -3.383977 -3.323877
v 3.314199 -3.380323 -3.320401
v 3.312529 -3.357077 -3.341592
v 3.272597 -4.117750 -1.530851
v 3.322183 -4.050139 -1.855917
v 3.319122 -3.207116 -3.372242
v 3.316561 -3.207489 -3.367317
v 2.972692 -4.182667 -1.504597
v 3.300935 -3.116648 -3.281869
v 3.309326 -3.105087 -3.221814
v 3.297922 -3.119930 -3.279673
v 3.314007 -3.332413 -3.362768
v 3.302451 -3.362258 -3.390167
v 2.973832 -3.662988 -3.331855
v 3.376242 -3.671669 -2.552708
v 3.376920 -3.973091 -2.281563
v 3.352234 -3.390064 -3.068790
v 3.244092 -4.312741 -1.464537
v 3.241282 -4.316758 -1.457905
v 3.347548 -3.367347 -3.093982
v 3.357430 -3.312595 -3.064469
v 3.309430 -3.594634 -3.261891
v 3.384602 -3.524047 -2.656767
v 3.305248 -3.400930 -3.139205
v 3.347548 -3.367347 -3.093982
v 3.338386 -3.404918 -3.143677
v 2.972957 -4.231340 -1.499864
v 2.992362 -4.231287 -1.460293
v 3.305970 -3.736894 -3.169245
v 3.294282 -3.690922 -3.259984
v 3.268949 -4.118538 -1.521572
v 3.001422 -4.126413 -1.467033
v 3.284100 -4.130072 -1.622872
v 3.297717 -3.120718 -3.450218
v 3.311008 -3.062906 -3.408279
v 3.372756 -4.165137 -2.153610
v 3.393229 -3.119145 -2.783487
v 2.870248 -3.401000 -3.809677
v 2.925479 -3.304299 -3.774011
v 2.887594 -3.434421 -3.905623
v 2.965663 -3.169268 -2.637206
v 3.001842 -3.137584 -2.596026
v 3.389485 -3.366303 -2.719496
v 2.893088 -3.437868 -3.917101
v 2.938860 -3.310858 -3.785097
v 2.899827 -3.439313 -3.924002
v 3.015565 -3.199360 -2.546758
v 2.966890 -3.630445 -3.246239
v 2.970016 -3.657189 -3.329912
v 3.313708 -3.580257 -3.249705
v 3.394595 -3.139462 -2.737932
v 3.394317 -3.104102 -2.760581
v 3.394431 -3.135681 -2.731828
v 3.285115 -3.658163 -3.315033
v 3.392996 -3.101249 -2.755755
v 3.393095 -3.132907 -2.726919
v 3.316468 -3.439862 -3.289076
v 3.330718 -3.461256 -3.198992
v 3.386672 -3.216445 -2.863586
v 3.388222 -3.162476 -2.854445
v 3.348685 -3.491664 -3.041493
v 3.355816 -3.109582 -3.166410
v 3.350146 -3.096621 -3.228832
v 3.281022 -3.666507 -3.321230
v 3.289933 -3.696760 -3.264823
v 3.276894 -3.672663 -3.325581
v 3.391247 -3.013223 -2.835789
v 3.003963 -2.975725 -2.699565
v 3.394444 -3.107950 -2.766565
v 3.392546 -3.016357 -2.840328
v 3.385809 -2.900718 -2.938355
v 2.948972 -3.610333 -3.473527
v 2.964494 -3.644116 -3.365882
v 2.987252 -2.979877 -2.702405
v 3.262577 -3.575712 -3.448856
v 3.282668 -3.529901 -3.394915
v 3.322185 -3.109582 -3.161825
v 3.325335 -3.142289 -3.110706
v 3.318699 -3.113045 -3.162550
v 3.357073 -2.792275 -3.251957
v 3.351811 -2.852860 -3.267897
v 3.308927 -2.978339 -3.442132
v 3.338255 -2.792979 -3.370637
v 2.999445 -2.668792 -3.097335
v 3.003586 -2.716837 -2.958978
v 3.024547 -2.627047 -3.094180
v 3.312592 -3.101429 -3.222562
v 3.382619 -2.964876 -2.992719
v 3.330046 -3.015286 -3.338527
v 3.170044 -3.525820 -3.727166
v 3.120983 -3.460345 -3.861424
v 3.178000 -3.518073 -3.718480
v 3.317673 -3.071501 -3.381410
v 3.317453 -3.138660 -3.381023
v 3.304703 -3.126780 -3.425407
v 2.893018 -3.477963 -3.819867
v 2.914424 -3.532331 -3.688468
v 2.910406 -3.527304 -3.683095
v 3.294258 -3.323108 -3.432825
v 3.291194 -3.353307 -3.430080
v 2.880997 -3.438448 -3.746318
v 2.910406 -3.527304 -3.683095
v 2.901252 -3.481698 -3.638769
v 3.009888 -2.968479 -3.510464
v 3.334243 -3.116972 -3.288050
v 3.300935 -3.116648 -3.281869
v 2.975772 -3.103939 -3.613323
v 2.996681 -3.037417 -3.564482
v 2.981487 -3.104265 -3.619772
v 3.347867 -2.675926 -3.326725
v 3.352794 -2.712134 -3.302464
v 3.356049 -2.696567 -3.277539
v 3.000949 -3.754749 -1.929826
v 3.010758 -3.656614 -2.062047
v 3.348784 -2.748456 -3.319405
v 3.213073 -3.222585 -3.696513
v 3.191816 -3.276866 -3.746512
v 3.185510 -3.277541 -3.761370
v 3.280161 -3.267076 -3.367357
v 3.217096 -3.430447 -3.667358
v 3.242039 -3.465776 -3.569906
v 3.213904 -3.434806 -3.673966
v 3.036038 -2.601243 -3.145011
v 3.033112 -2.596062 -3.209306
v 3.030092 -2.605571 -3.144009
v 3.269381 -3.303341 -3.513593
v 3.247950 -3.319208 -3.574859
v 3.218803 -3.222284 -3.682076
v 3.240824 -3.163840 -3.638804
v 3.326332 -3.151985 -3.341225
v 3.319122 -3.207116 -3.372242
v 3.362460 -2.677496 -3.204222
v 3.363850 -2.701791 -3.199201
v 3.356192 -2.669028 -3.269306
v 3.361532 -2.669082 -3.205848
v 3.292639 -3.185974 -3.462639
v 3.389468 -3.475947 -2.605599
v 3.170044 -3.525820 -3.727166
v 2.931273 -3.562221 -3.614152
v 2.920418 -3.534805 -3.691803
v 3.208201 -3.437358 -3.686663
v 3.046082 -2.589840 -3.213260
v 3.038171 -2.594639 -3.230558
v 3.038693 -2.591343 -3.211284
v 3.036038 -2.601243 -3.145011
v 3.030092 -2.605571 -3.144009
v 2.898291 -3.450270 -3.914002
v 2.893088 -3.437868 -3.917101
v 2.899827 -3.439313 -3.924002
v 2.891686 -3.448758 -3.907279
v 2.887594 -3.434421 -3.905623
v 2.893088 -3.437868 -3.917101
v 2.891686 -3.448758 -3.907279
v 2.893029 -3.462543 -3.879026
v 2.886430 -3.445155 -3.896138
v 3.072078 -3.420090 -3.962616
v 2.939914 -3.274795 -3.752651
v 2.933802 -3.271489 -3.746008
v 2.931594 -3.307935 -3.781162
v 3.307767 -3.197301 -3.415913
v 3.313389 -3.201736 -3.398024
v 3.185510 -3.277541 -3.761370
v 3.213073 -3.222585 -3.696513
v 3.299200 -2.966744 -3.492358
v 3.283903 -3.035651 -3.538807
v 3.332459 -3.188317 -3.071515
v 3.328750 -3.189867 -3.074431
v 3.356888 -3.880915 -2.816958
v 3.358709 -4.226452 -1.928584
v 2.972598 -3.308559 -2.533715
v 3.350111 -3.945421 -2.029572
v 3.368978 -3.849925 -2.201262
v 3.357430 -3.312595 -3.064469
v 3.331128 -3.248015 -3.054627
v 3.364698 -3.249991 -3.057791
v 3.246616 -4.266822 -1.473547
v 3.003181 -4.286752 -1.448328
v 3.241282 -4.316758 -1.457905
v 2.972898 -4.272800 -1.502682
v 2.992648 -4.283535 -1.455898
v 2.996348 -4.179020 -1.462408
v 2.996964 -4.231669 -1.456092
v 3.010703 -3.559799 -2.194176
v 3.367643 -3.991009 -2.610305
v 3.387862 -3.377570 -2.496279
v 3.390343 -3.338464 -2.690887
v 3.322133 -3.907802 -1.819296
v 3.000740 -3.846234 -1.795802
v 2.974369 -3.653039 -3.368722
v 2.968278 -3.649904 -3.367859
v 2.973832 -3.662988 -3.331855
v 2.921559 -3.554133 -3.607888
v 2.948972 -3.610333 -3.473527
v 2.945279 -3.604627 -3.471190
v 2.954917 -3.613354 -3.474797
v 2.968278 -3.649904 -3.367859
v 3.278909 -3.373522 -3.310764
v 3.287933 -3.407681 -3.260526
v 3.281387 -3.376616 -3.313776
v 2.925361 -3.559498 -3.611759
v 3.134925 -3.451037 -3.843062
v 2.897663 -3.482181 -3.828725
v 2.888056 -3.458684 -3.868739
v 3.323081 -3.416323 -3.268328
v 3.332165 -3.425467 -3.204830
v 3.002828 -4.232438 -1.454261
v 3.329636 -3.420717 -3.204490
v 2.902343 -3.282562 -3.707197
v 2.937194 -3.168307 -3.605567
v 2.959138 -3.169840 -3.667682
v 3.268386 -3.101610 -3.575128
v 2.982504 -3.951691 -2.622748
v 2.893018 -3.477963 -3.819867
v 2.874288 -3.421908 -3.783073
v 2.888056 -3.458684 -3.868739
v 3.290305 -3.152765 -3.330503
v 3.287538 -3.155154 -3.327113
v 3.005780 -2.649643 -3.140756
v 3.377287 -2.808790 -3.063747
v 2.990476 -4.368324 -1.548568
v 2.971763 -4.309268 -1.563366
v 2.961806 -3.606587 -3.311465
v 3.342271 -3.526989 -3.089486
v 3.279094 -4.070662 -1.553909
v 3.282129 -4.045097 -1.568597
v 3.277135 -4.070408 -1.549822
v 3.296609 -3.416496 -3.199342
v 3.381561 -3.493712 -2.378114
v 2.870858 -3.410321 -3.803219
v 2.886430 -3.445155 -3.896138
v 2.991808 -4.385610 -1.491936
v 2.971824 -4.316116 -1.538515
v 2.870248 -3.401000 -3.809677
v 3.177520 -3.301852 -3.780183
v 3.162243 -3.324799 -3.813865
v 3.170884 -3.303012 -3.795075
v 3.281135 -3.246223 -3.491470
v 3.115753 -3.428408 -3.890949
v 3.105602 -3.412867 -3.917578
v 3.015034 -2.899538 -3.453059
v 3.002363 -2.758266 -3.300952
v 3.019252 -3.269605 -2.491042
v 2.997298 -4.285226 -1.450789
v 3.393095 -3.132907 -2.726919
v 3.392996 -3.101249 -2.755755
v 2.996348 -4.179020 -1.462408
v 3.001422 -4.126413 -1.467033
v 2.995307 -4.126232 -1.468552
v 3.363376 -2.813520 -3.199374
v 3.353376 -2.654322 -3.275404
v 3.355143 -2.660667 -3.272945
v 3.364338 -2.684740 -3.161542
v 3.354197 -2.672890 -3.290500
v 3.391247 -3.013223 -2.835789
v 2.976440 -2.989501 -3.453610
v 2.984677 -2.924689 -3.408435
v 3.004128 -2.969939 -3.504535
v 2.966233 -3.051744 -3.501707
v 3.154997 -3.326773 -3.828686
v 3.300935 -3.116648 -3.281869
v 3.265513 -3.101522 -3.586973
v 3.279082 -3.327014 -3.350889
v 3.313035 -3.269429 -3.374754
v 3.280161 -3.267076 -3.367357
v 3.294503 -3.998554 -1.634929
v 2.983828 -3.990385 -1.591543
v 2.971404 -4.045032 -1.601881
v 2.952994 -3.110830 -3.553078
v 2.991085 -3.038116 -3.558103
v 3.108800 -3.469654 -3.874009
v 3.099905 -3.437769 -3.911183
v 3.243108 -3.613934 -3.485807
v 3.268617 -3.658459 -3.363823
v 3.200143 -3.556350 -3.643852
v 3.362654 -3.140015 -3.112548
v 3.320834 -3.411794 -3.266434
v 3.354431 -2.783988 -3.273070
v 3.390793 -3.268391 -2.601080
v 3.074512 -3.431835 -3.953337
v 3.072078 -3.420090 -3.962616
v 2.997298 -4.285226 -1.450789
v 2.992507 -4.391525 -1.463626
v 3.235080 -4.407868 -1.446074
v 3.236305 -4.408575 -1.463839
v 3.240973 -4.402181 -1.474389
v 3.248849 -4.392009 -1.522993
v 3.324009 -3.309819 -3.061075
v 3.314287 -3.363869 -3.090097
v 3.236305 -4.408575 -1.463839
v 3.002776 -4.401064 -1.479785
v 3.261447 -4.161187 -1.507027
v 3.045468 -2.649688 -3.290134
v 3.347867 -2.675926 -3.326725
v 3.343374 -2.716568 -3.346817
v 2.991189 -3.795250 -3.007973
v 3.294824 -3.634176 -3.295682
v 3.322133 -3.907802 -1.819296
v 2.984150 -3.956331 -1.642654
v 2.971366 -4.031736 -1.623971
v 3.086398 -3.410609 -3.947856
v 3.074512 -3.431835 -3.953337
v 3.072078 -3.420090 -3.962616
v 3.088917 -3.421993 -3.938681
v 3.086160 -3.447564 -3.925197
v 3.103042 -3.401999 -3.926584
v 3.154997 -3.326773 -3.828686
v 3.305970 -3.736894 -3.169245
v 3.376025 -2.865367 -3.081903
v 2.997379 -4.400996 -1.455288
v 3.003422 -4.406911 -1.450921
v 2.996662 -4.395151 -1.483973
v 2.996662 -4.395151 -1.483973
v 2.991808 -4.385610 -1.491936
v 3.108800 -3.469654 -3.874009
v 3.359825 -2.662706 -3.206839
v 3.366957 -4.065661 -2.087319
v 3.364338 -2.684740 -3.161542
v 3.322154 -4.279988 -1.888054
v 3.387862 -3.377570 -2.496279
v 3.388359 -3.281213 -2.803753
v 3.367643 -3.991009 -2.610305
v 3.351343 -2.658449 -3.297777
v 3.248849 -4.392009 -1.522993
v 3.351377 -3.059915 -3.238896
v 2.910889 -3.254278 -3.682207
v 2.919710 -3.225734 -3.656962
v 3.011949 -2.648319 -3.213996
v 3.032724 -2.599469 -3.228262
v 3.038137 -2.650935 -3.287649
v 2.989532 -4.005501 -1.561486
v 3.331128 -3.248015 -3.054627
v 2.989532 -4.005501 -1.561486
v 3.230398 -4.414361 -1.435102
v 3.038693 -2.591343 -3.211284
v 3.000524 -4.084263 -1.473787
v 2.988642 -3.952004 -1.639148
v 2.988196 -3.986234 -1.587840
v 3.003586 -2.716837 -2.958978
v 3.385809 -2.900718 -2.938355
v 3.005341 -3.092324 -2.620489
v 3.392320 -3.189338 -2.674969
v 3.009707 -3.134038 -2.592773
v 3.390793 -3.268391 -2.601080
v 3.021411 -3.357815 -2.412349
v 3.018148 -3.555795 -2.191010
v 3.364338 -3.077123 -3.155778
v 3.000949 -3.754749 -1.929826
v 2.993353 -3.847449 -1.797105
v 3.277135 -4.070408 -1.549822
v 2.988642 -3.952004 -1.639148
v 3.327419 -3.803469 -3.015420
v 3.353376 -2.654322 -3.275404
v 3.045471 -2.593096 -3.232746
v 3.285633 -4.027738 -1.581453
v 3.000524 -4.084263 -1.473787
v 3.355816 -3.109582 -3.166410
v 3.328978 -3.139553 -3.108697
v 3.300454 -3.260710 -3.433179
v 3.268617 -3.658459 -3.363823
v 3.285299 -3.403838 -3.258803
v 3.296609 -3.416496 -3.199342
v 3.287538 -3.155154 -3.327113
v 3.305248 -3.400930 -3.139205
v 3.293755 -3.412443 -3.199107
v 3.302137 -3.397261 -3.140436
v 3.265513 -3.101522 -3.586973
v 3.279727 -3.353666 -3.334669
v 3.310929 -3.361110 -3.092532
v 3.277294 -3.351125 -3.331156
v 3.364698 -3.249991 -3.057791
v 3.331128 -3.248015 -3.054627
v 3.279727 -3.353666 -3.334669
v 3.312529 -3.357077 -3.341592
v 3.311894 -3.330088 -3.358048
v 3.015565 -3.199360 -2.546758
v 3.280161 -3.267076 -3.367357
v 3.003181 -4.286752 -1.448328
v 2.994226 -4.084454 -1.475444
v 2.975654 -3.398568 -2.453604
v 3.281387 -3.376616 -3.313776
v 2.970016 -3.657189 -3.329912
v 3.328978 -3.139553 -3.108697
v 3.351343 -2.658449 -3.297777
v 3.313035 -3.269429 -3.374754
v 2.972366 -3.801501 -1.964136
v 3.296609 -3.416496 -3.199342
v 3.329636 -3.420717 -3.204490
v 3.003181 -4.286752 -1.448328
v 3.230398 -4.414361 -1.435102
v 2.994516 -2.976769 -2.699194
v 3.351343 -2.658449 -3.297777
v 2.994226 -4.084454 -1.475444
v 3.290305 -3.152765 -3.330503
v 3.281028 -3.206900 -3.355942
vt 0.118073 0.420055
vt 0.133521 0.457580
vt 0.141540 0.454068
vt 0.224101 0.878860
vt 0.216079 0.811322
vt 0.223077 0.880295
vt 0.463578 0.709620
vt 0.458663 0.614627
vt 0.461703 0.710055
vt 0.456027 0.615034
vt 0.459104 0.710539
vt 0.478630 0.900962
vt 0.589385 0.950430
vt 0.596842 0.889796
vt 0.470464 0.950860
vt 0.464882 0.816642
vt 0.468670 0.954545
vt 0.857019 0.313451
vt 0.832883 0.262390
vt 0.848269 0.318503
vt 0.272683 0.944335
vt 0.283627 0.917968
vt 0.273021 0.910772
vt 0.451173 0.272360
vt 0.453461 0.313075
vt 0.452804 0.272235
vt 0.286549 0.965408
vt 0.272775 0.955040
vt 0.286883 0.967265
vt 0.319423 0.349759
vt 0.315848 0.312520
vt 0.316229 0.351346
vt 0.592625 0.531298
vt 0.591218 0.473471
vt 0.589768 0.531381
vt 0.631236 0.305380
vt 0.641841 0.325708
vt 0.642768 0.304470
vt 0.173479 0.632473
vt 0.152247 0.577036
vt 0.171971 0.632753
vt 0.321507 0.160141
vt 0.322653 0.221299
vt 0.325690 0.157153
vt 0.511411 0.186867
vt 0.605136 0.187016
vt 0.512395 0.179166
vt 0.263489 0.683159
vt 0.258463 0.753211
vt 0.269745 0.753728
vt 0.144754 0.210859
vt 0.164958 0.208405
vt 0.165363 0.199233
vt 0.258544 0.939498
vt 0.246909 0.931394
vt 0.258328 0.941349
vt 0.103326 0.430708
vt 0.191220 0.691024
vt 0.175523 0.631957
vt 0.741849 0.606032
vt 0.748666 0.647739
vt 0.752527 0.608644
vt 0.162089 0.506855
vt 0.154628 0.510206
vt 0.325363 0.488605
vt 0.320570 0.411712
vt 0.323550 0.489291
vt 0.321450 0.921515
vt 0.325292 0.948220
vt 0.322177 0.915726
vt 0.094766 0.437226
vt 0.111342 0.471772
vt 0.096085 0.436212
vt 0.698070 0.441239
vt 0.676636 0.434521
vt 0.697265 0.442014
vt 0.161580 0.573643
vt 0.196242 0.626310
vt 0.176481 0.567867
vt 0.254579 0.610692
vt 0.274558 0.681802
vt 0.266526 0.606312
vt 0.220745 0.412997
vt 0.187441 0.381616
vt 0.197663 0.425988
vt 0.904555 0.551719
vt 0.920349 0.571969
vt 0.913783 0.547984
vt 0.407738 0.017001
vt 0.465626 0.050084
vt 0.466312 0.029880
vt 0.755267 0.537418
vt 0.759632 0.571549
vt 0.766997 0.541663
vt 0.482836 0.972141
vt 0.584873 0.991947
vt 0.587045 0.970197
vt 0.086375 0.296756
vt 0.091409 0.339640
vt 0.102484 0.332845
vt 0.285057 0.954437
vt 0.294155 0.923449
vt 0.604083 0.753947
vt 0.607405 0.818016
vt 0.606240 0.754201
vt 0.069404 0.353429
vt 0.101051 0.380555
vt 0.084543 0.343842
vt 0.205664 0.212144
vt 0.226866 0.212778
vt 0.208445 0.200607
vt 0.005546 0.204087
vt 0.017899 0.252067
vt 0.020126 0.252375
vt 0.199006 0.689544
vt 0.181483 0.630322
vt 0.032765 0.177746
vt 0.015625 0.170715
vt 0.032261 0.185157
vt 0.003199 0.202651
vt 0.016234 0.251765
vt 0.210476 0.622623
vt 0.218282 0.686857
vt 0.225770 0.686509
vt 0.127120 0.135330
vt 0.150423 0.143130
vt 0.153105 0.129976
vt 0.602461 0.818188
vt 0.599581 0.889417
vt 0.605382 0.817920
vt 0.591921 0.949850
vt 0.236800 0.151310
vt 0.223816 0.120116
vt 0.215594 0.155470
vt 0.036096 0.149030
vt 0.059127 0.143821
vt 0.034791 0.146043
vt 0.284207 0.328713
vt 0.288988 0.366424
vt 0.286718 0.327413
vt 0.230593 0.905315
vt 0.237817 0.909954
vt 0.232796 0.900430
vt 0.205983 0.751615
vt 0.217588 0.810703
vt 0.207795 0.751314
vt 0.239482 0.615050
vt 0.250508 0.684507
vt 0.193211 0.690681
vt 0.213069 0.750278
vt 0.935749 0.619985
vt 0.918509 0.599160
vt 0.926340 0.623491
vt 0.783588 0.399187
vt 0.770720 0.432397
vt 0.783062 0.434747
vt 0.357130 0.255121
vt 0.448994 0.272554
vt 0.449653 0.247085
vt 0.671008 0.327771
vt 0.669716 0.348709
vt 0.670824 0.349011
vt 0.144781 0.202846
vt 0.233361 0.869970
vt 0.221984 0.808721
vt 0.227107 0.874475
vt 0.326862 0.981209
vt 0.323154 0.974262
vt 0.325635 0.990255
vt 0.332359 0.842202
vt 0.328690 0.837389
vt 0.320749 0.748053
vt 0.324909 0.663117
vt 0.315886 0.665119
vt 0.776440 0.184574
vt 0.768677 0.192054
vt 0.769582 0.192870
vt 0.229347 0.893912
vt 0.328002 0.962123
vt 0.324304 0.965795
vt 0.259274 0.933757
vt 0.454637 0.375356
vt 0.451773 0.313144
vt 0.452859 0.375381
vt 0.605713 0.144201
vt 0.604745 0.169343
vt 0.606737 0.169721
vt 0.286579 0.283619
vt 0.284330 0.243500
vt 0.283811 0.284616
vt 0.141665 0.306380
vt 0.159179 0.319276
vt 0.142905 0.304928
vt 0.289880 0.325741
vt 0.307055 0.356168
vt 0.306047 0.317330
vt 0.482971 0.414222
vt 0.594288 0.412854
vt 0.251087 0.897267
vt 0.248391 0.924999
vt 0.763663 0.225572
vt 0.773193 0.219225
vt 0.763004 0.215060
vt 0.517477 0.134765
vt 0.600977 0.118177
vt 0.519208 0.117538
vt 0.232051 0.470569
vt 0.257084 0.530121
vt 0.247382 0.460032
vt 0.593782 0.948847
vt 0.306869 0.275369
vt 0.290851 0.239891
vt 0.289963 0.282298
vt 0.178640 0.123442
vt 0.199449 0.130044
vt 0.204075 0.114364
vt 0.769908 0.397220
vt 0.769259 0.432081
vt 0.067390 0.227759
vt 0.123411 0.215487
vt 0.065890 0.213901
vt 0.456167 0.528023
vt 0.460576 0.614453
vt 0.458080 0.527897
vt 0.158368 0.354610
vt 0.165520 0.391358
vt 0.296177 0.422439
vt 0.314082 0.492180
vt 0.309652 0.416297
vt 0.011600 0.154103
vt 0.021914 0.150021
vt 0.020247 0.147063
vt 0.229461 0.102175
vt 0.247716 0.107231
vt 0.254592 0.086631
vt 0.243521 0.167007
vt 0.246830 0.207280
vt 0.253085 0.163924
vt 0.454307 0.448594
vt 0.456170 0.448546
vt 0.653597 0.529471
vt 0.676407 0.531178
vt 0.676151 0.529759
vt 0.309287 0.579867
vt 0.319688 0.577091
vt 0.286133 0.196635
vt 0.287854 0.173877
vt 0.118710 0.466799
vt 0.139761 0.517766
vt 0.339941 0.457022
vt 0.453570 0.528371
vt 0.451797 0.448789
vt 0.299273 0.111527
vt 0.312097 0.088076
vt 0.311919 0.069426
vt 0.697864 0.524129
vt 0.302252 0.496097
vt 0.773814 0.513273
vt 0.765127 0.489751
vt 0.761656 0.509344
vt 0.789481 0.166299
vt 0.807566 0.152139
vt 0.807539 0.150354
vt 0.507999 0.209079
vt 0.605405 0.199143
vt 0.236581 0.875871
vt 0.232755 0.805862
vt 0.225910 0.748571
vt 0.293530 0.423792
vt 0.870747 0.369626
vt 0.861509 0.373157
vt 0.695888 0.849575
vt 0.700213 0.884313
vt 0.698236 0.848560
vt 0.604811 0.221955
vt 0.607405 0.199424
vt 0.299015 0.973311
vt 0.229842 0.906933
vt 0.236049 0.914610
vt 0.127858 0.131428
vt 0.058580 0.141629
vt 0.296190 0.110618
vt 0.311135 0.058604
vt 0.309460 0.054215
vt 0.693440 0.741580
vt 0.620853 0.718451
vt 0.623462 0.752640
vt 0.311166 0.140792
vt 0.322739 0.126711
vt 0.113213 0.470514
vt 0.097922 0.434812
vt 0.211611 0.370294
vt 0.181723 0.350650
vt 0.241269 0.884485
vt 0.266617 0.077858
vt 0.269831 0.091475
vt 0.278003 0.068590
vt 0.695297 0.704975
vt 0.692762 0.615316
vt 0.692799 0.705350
vt 0.238372 0.401484
vt 0.260408 0.449722
vt 0.253155 0.390847
vt 0.325376 0.220182
vt 0.328955 0.155223
vt 0.205379 0.343440
vt 0.180140 0.340203
vt 0.040609 0.307947
vt 0.063927 0.356930
vt 0.042609 0.307251
vt 0.092378 0.405696
vt 0.698344 0.564549
vt 0.699519 0.551325
vt 0.695735 0.564272
vt 0.286136 0.962689
vt 0.296957 0.963280
vt 0.767140 0.288415
vt 0.770288 0.324523
vt 0.768466 0.288585
vt 0.033807 0.143839
vt 0.294162 0.166287
vt 0.310321 0.170823
vt 0.715553 0.577090
vt 0.699730 0.584660
vt 0.715696 0.594224
vt 0.489091 0.348098
vt 0.598336 0.351869
vt 0.773568 0.206513
vt 0.777217 0.199661
vt 0.225992 0.900620
vt 0.226843 0.898956
vt 0.118599 0.365567
vt 0.153947 0.336998
vt 0.333418 0.661167
vt 0.327940 0.575056
vt 0.332041 0.661625
vt 0.322665 0.829702
vt 0.189744 0.691166
vt 0.204636 0.751713
vt 0.074377 0.260493
vt 0.073155 0.298829
vt 0.305384 0.581481
vt 0.314020 0.665637
vt 0.307176 0.580590
vt 0.134095 0.520739
vt 0.132162 0.521727
vt 0.332816 0.748779
vt 0.246644 0.932463
vt 0.217245 0.311358
vt 0.200154 0.324429
vt 0.218245 0.312613
vt 0.329150 0.966855
vt 0.334800 0.844926
vt 0.333715 0.843818
vt 0.608145 0.429517
vt 0.704416 0.395544
vt 0.614505 0.403280
vt 0.764467 0.199812
vt 0.839603 0.251801
vt 0.812100 0.195305
vt 0.334382 0.748850
vt 0.286378 0.299189
vt 0.335591 0.748797
vt 0.298056 0.110531
vt 0.153716 0.576596
vt 0.155721 0.575873
vt 0.031238 0.204551
vt 0.012364 0.208161
vt 0.033135 0.218176
vt 0.183097 0.565104
vt 0.325839 0.575612
vt 0.272707 0.953554
vt 0.272663 0.951311
vt 0.462432 0.817617
vt 0.466517 0.956657
vt 0.336662 0.632067
vt 0.343580 0.724058
vt 0.213144 0.687096
vt 0.229580 0.292994
vt 0.211761 0.482311
vt 0.242587 0.812927
vt 0.612836 0.631216
vt 0.330222 0.662045
vt 0.466714 0.815164
vt 0.123679 0.177461
vt 0.061872 0.156788
vt 0.064843 0.180809
vt 0.478221 0.478671
vt 0.767085 0.463370
vt 0.768560 0.463701
vt 0.317765 0.412866
vt 0.893683 0.467977
vt 0.873380 0.424358
vt 0.884450 0.471386
vt 0.243780 0.538130
vt 0.895074 0.514797
vt 0.904310 0.511264
vt 0.319997 0.827891
vt 0.320310 0.925669
vt 0.596950 0.412825
vt 0.293653 0.829108
vt 0.776130 0.246474
vt 0.779583 0.288700
vt 0.237251 0.751044
vt 0.236756 0.808734
vt 0.702814 0.882171
vt 0.319145 0.748077
vt 0.312375 0.666268
vt 0.317653 0.748280
vt 0.297952 0.498149
vt 0.299893 0.497053
vt 0.259090 0.099700
vt 0.256761 0.143514
vt 0.771137 0.361060
vt 0.783069 0.362113
vt 0.700889 0.565637
vt 0.718433 0.565648
vt 0.704567 0.552916
vt 0.268783 0.521429
vt 0.277489 0.600568
vt 0.202035 0.624809
vt 0.697888 0.885559
vt 0.633113 0.908021
vt 0.698638 0.903653
vt 0.756698 0.700365
vt 0.743429 0.695453
vt 0.749697 0.708226
vt 0.253216 0.818806
vt 0.698192 0.615941
vt 0.695379 0.615365
vt 0.320476 0.270306
vt 0.319009 0.222948
vt 0.316991 0.271513
vt 0.154378 0.125443
vt 0.230525 0.749576
vt 0.280276 0.754496
vt 0.291934 0.364677
vt 0.593662 0.626245
vt 0.589708 0.583348
vt 0.590701 0.626644
vt 0.177031 0.436943
vt 0.179088 0.327265
vt 0.158460 0.321051
vt 0.283020 0.827007
vt 0.345068 0.379380
vt 0.761784 0.214494
vt 0.671748 0.362125
vt 0.673880 0.343484
vt 0.671856 0.343858
vt 0.243018 0.316235
vt 0.222792 0.322594
vt 0.225063 0.331234
vt 0.291410 0.425111
vt 0.286666 0.367895
vt 0.353881 0.279316
vt 0.449507 0.313275
vt 0.128413 0.262343
vt 0.122522 0.288493
vt 0.131033 0.285819
vt 0.289096 0.194100
vt 0.292691 0.190537
vt 0.272776 0.823885
vt 0.656047 0.350180
vt 0.645136 0.373743
vt 0.656278 0.373953
vt 0.935766 0.653071
vt 0.946212 0.651909
vt 0.146829 0.220442
vt 0.135414 0.239880
vt 0.147789 0.221336
vt 0.174952 0.137505
vt 0.048405 0.305150
vt 0.056864 0.257632
vt 0.046420 0.222091
vt 0.221259 0.227714
vt 0.204915 0.213425
vt 0.107113 0.394278
vt 0.125895 0.415649
vt 0.114197 0.388644
vt 0.206240 0.108312
vt 0.658642 0.372034
vt 0.658475 0.348312
vt 0.642863 0.374486
vt 0.630416 0.350525
vt 0.631292 0.374450
vt 0.596533 0.704967
vt 0.599543 0.704551
vt 0.657410 0.394804
vt 0.658696 0.393958
vt 0.597741 0.686920
vt 0.592303 0.659054
vt 0.594732 0.687385
vt 0.192739 0.561079
vt 0.226189 0.618551
vt 0.210846 0.553398
vt 0.694014 0.777753
vt 0.629596 0.820605
vt 0.694667 0.813704
vt 0.134498 0.312672
vt 0.193047 0.159693
vt 0.243822 0.231329
vt 0.228691 0.236491
vt 0.233220 0.247317
vt 0.231834 0.247638
vt 0.227415 0.237126
vt 0.247278 0.929808
vt 0.261994 0.821042
vt 0.185550 0.205711
vt 0.185235 0.207035
vt 0.782761 0.191505
vt 0.617182 0.453835
vt 0.609800 0.471971
vt 0.618372 0.454290
vt 0.222387 0.226802
vt 0.235209 0.220963
vt 0.451787 0.246860
vt 0.226363 0.546554
vt 0.285298 0.679059
vt 0.203262 0.335043
vt 0.299775 0.976700
vt 0.300370 0.979087
vt 0.199640 0.322942
vt 0.179184 0.325542
vt 0.289682 0.297863
vt 0.193654 0.492019
vt 0.611324 0.319366
vt 0.618117 0.345360
vt 0.621322 0.318873
vt 0.789370 0.184015
vt 0.783394 0.176353
vt 0.321830 0.348529
vt 0.319260 0.310933
vt 0.515845 0.148726
vt 0.602510 0.132124
vt 0.261043 0.903390
vt 0.169905 0.164992
vt 0.146885 0.171573
vt 0.328330 0.748450
vt 0.086267 0.391861
vt 0.722602 0.960217
vt 0.703954 0.917777
vt 0.702649 0.994137
vt 0.769742 0.530842
vt 0.757857 0.526647
vt 0.153287 0.448878
vt 0.699274 0.997818
vt 0.698863 0.921848
vt 0.696243 0.999630
vt 0.760206 0.509020
vt 0.911146 0.575850
vt 0.924977 0.586931
vt 0.283697 0.300188
vt 0.086985 0.409760
vt 0.079016 0.397147
vt 0.085148 0.411146
vt 0.316357 0.287139
vt 0.077672 0.398113
vt 0.083819 0.412149
vt 0.245943 0.266904
vt 0.241057 0.300946
vt 0.125211 0.379695
vt 0.107841 0.374795
vt 0.230812 0.358550
vt 0.130157 0.262187
vt 0.133861 0.239403
vt 0.319821 0.285871
vt 0.321828 0.309698
vt 0.322414 0.284868
vt 0.472871 0.783781
vt 0.601082 0.754256
vt 0.080862 0.395805
vt 0.062046 0.358114
vt 0.475002 0.839406
vt 0.936644 0.619496
vt 0.927717 0.595278
vt 0.748256 0.567519
vt 0.308470 0.228846
vt 0.287267 0.241940
vt 0.608145 0.491402
vt 0.617537 0.508460
vt 0.609557 0.490948
vt 0.044715 0.187447
vt 0.065078 0.190675
vt 0.125540 0.147785
vt 0.059834 0.146900
vt 0.749057 0.679581
vt 0.739247 0.648355
vt 0.740950 0.683874
vt 0.608395 0.471954
vt 0.064904 0.300023
vt 0.123358 0.189367
vt 0.331217 0.120020
vt 0.330002 0.060797
vt 0.327420 0.122664
vt 0.145955 0.182359
vt 0.166101 0.192466
vt 0.168434 0.174777
vt 0.469926 0.054017
vt 0.464879 0.106523
vt 0.466631 0.107654
vt 0.228887 0.200336
vt 0.237816 0.205340
vt 0.948292 0.693604
vt 0.951991 0.669280
vt 0.940482 0.667953
vt 0.695910 0.741031
vt 0.644168 0.394804
vt 0.632585 0.394533
vt 0.699855 0.811444
vt 0.696461 0.777044
vt 0.697067 0.812856
vt 0.018997 0.144828
vt 0.026766 0.158670
vt 0.018998 0.164800
vt 0.768943 0.324341
vt 0.769745 0.360845
vt 0.039883 0.158114
vt 0.234066 0.090103
vt 0.257421 0.079398
vt 0.259717 0.073915
vt 0.669919 0.326930
vt 0.292892 0.130995
vt 0.290721 0.170829
vt 0.295155 0.129113
vt 0.720312 0.531918
vt 0.707830 0.546976
vt 0.722602 0.533360
vt 0.233786 0.168214
vt 0.246922 0.148126
vt 0.231965 0.095434
vt 0.208099 0.103443
vt 0.657438 0.372018
vt 0.657311 0.347626
vt 0.004358 0.186418
vt 0.010992 0.191834
vt 0.009756 0.163370
vt 0.002072 0.184524
vt 0.191250 0.170075
vt 0.172961 0.501971
vt 0.384287 0.096485
vt 0.460600 0.136184
vt 0.462741 0.105794
vt 0.297728 0.124681
vt 0.702842 0.545282
vt 0.702101 0.551681
vt 0.705402 0.545685
vt 0.589508 0.969505
vt 0.591319 0.968248
vt 0.466453 0.018187
vt 0.468702 0.015435
vt 0.466262 0.013359
vt 0.968529 0.720376
vt 0.966464 0.722177
vt 0.968014 0.723557
vt 0.468849 0.020195
vt 0.468652 0.031703
vt 0.471115 0.023471
vt 0.639782 0.993215
vt 0.700990 0.902286
vt 0.703593 0.899926
vt 0.701287 0.920370
vt 0.188341 0.188734
vt 0.187267 0.195872
vt 0.632983 0.890604
vt 0.632231 0.855281
vt 0.128467 0.128632
vt 0.155460 0.121998
vt 0.632241 0.523121
vt 0.633067 0.521902
vt 0.321133 0.490047
vt 0.321340 0.828443
vt 0.777443 0.493252
vt 0.249161 0.752894
vt 0.239390 0.685620
vt 0.621372 0.372000
vt 0.619469 0.394252
vt 0.629561 0.394804
vt 0.520255 0.100910
vt 0.598158 0.089992
vt 0.521028 0.084954
vt 0.795841 0.178859
vt 0.790570 0.168435
vt 0.775676 0.183727
vt 0.782659 0.175402
vt 0.771343 0.397486
vt 0.329517 0.574486
vt 0.130758 0.522384
vt 0.496913 0.283415
vt 0.601852 0.291958
vt 0.450848 0.232919
vt 0.928576 0.594712
vt 0.925831 0.586356
vt 0.464341 0.137134
vt 0.457425 0.190991
vt 0.459003 0.190996
vt 0.455346 0.191041
vt 0.452964 0.232712
vt 0.713138 0.455342
vt 0.722915 0.472902
vt 0.714335 0.454897
vt 0.462692 0.136559
vt 0.324266 0.067080
vt 0.467899 0.051594
vt 0.470813 0.034657
vt 0.236074 0.270919
vt 0.230901 0.293909
vt 0.599565 0.104146
vt 0.656571 0.394804
vt 0.721017 0.895297
vt 0.718981 0.831726
vt 0.700931 0.846811
vt 0.180401 0.118166
vt 0.882609 0.420943
vt 0.962241 0.700848
vt 0.950688 0.702604
vt 0.965582 0.712311
vt 0.669894 0.372119
vt 0.671008 0.371839
vt 0.751061 0.689680
vt 0.026588 0.253172
vt 0.814393 0.173368
vt 0.808606 0.184680
vt 0.915786 0.590842
vt 0.247385 0.347525
vt 0.235444 0.916162
vt 0.229301 0.907992
vt 0.235005 0.917198
vt 0.619481 0.297269
vt 0.474780 0.540630
vt 0.951613 0.707872
vt 0.966981 0.719069
vt 0.810049 0.160924
vt 0.806623 0.179337
vt 0.951051 0.710310
vt 0.269671 0.070467
vt 0.281367 0.061107
vt 0.272136 0.065004
vt 0.213372 0.168311
vt 0.324146 0.045855
vt 0.323162 0.033675
vt 0.698214 0.704632
vt 0.716040 0.622602
vt 0.763654 0.489432
vt 0.673964 0.324672
vt 0.471854 0.724692
vt 0.471998 0.740331
vt 0.673821 0.361728
vt 0.671794 0.380579
vt 0.673931 0.380041
vt 0.044610 0.208371
vt 0.006210 0.158858
vt 0.007728 0.160818
vt 0.001453 0.201506
vt 0.013500 0.156857
vt 0.060650 0.358949
vt 0.718541 0.734978
vt 0.718048 0.702810
vt 0.698805 0.740309
vt 0.718706 0.767218
vt 0.633415 0.924960
vt 0.669967 0.393695
vt 0.181919 0.113971
vt 0.645118 0.327351
vt 0.656571 0.307562
vt 0.645395 0.308215
vt 0.222335 0.881200
vt 0.764115 0.232785
vt 0.774207 0.227578
vt 0.718696 0.799501
vt 0.699316 0.775962
vt 0.334965 0.056598
vt 0.330226 0.038737
vt 0.365221 0.191951
vt 0.359139 0.240017
vt 0.376181 0.129532
vt 0.132633 0.284960
vt 0.234621 0.270574
vt 0.044836 0.179068
vt 0.109996 0.472661
vt 0.411262 0.005115
vt 0.412380 0.000370
vt 0.789917 0.167142
vt 0.807472 0.155073
vt 0.326722 0.995708
vt 0.328934 0.990234
vt 0.327974 0.986461
vt 0.330129 0.970247
vt 0.611371 0.371783
vt 0.608145 0.345516
vt 0.394694 0.989106
vt 0.467225 0.978917
vt 0.258194 0.942574
vt 0.694456 0.583582
vt 0.608145 0.582912
vt 0.609899 0.600931
vt 0.450469 0.375489
vt 0.306338 0.291024
vt 0.214963 0.811639
vt 0.765214 0.246483
vt 0.774904 0.233310
vt 0.327114 0.021164
vt 0.334812 0.021072
vt 0.332504 0.016022
vt 0.329321 0.026137
vt 0.335591 0.033954
vt 0.321093 0.028829
vt 0.284103 0.055711
vt 0.350029 0.317592
vt 0.045775 0.255588
vt 0.469818 0.987235
vt 0.467744 0.989597
vt 0.469327 0.976615
vt 0.810199 0.158046
vt 0.471115 0.972568
vt 0.401266 0.037803
vt 0.000370 0.183040
vt 0.291050 0.754289
vt 0.481955 0.953892
vt 0.359950 0.828146
vt 0.472862 0.601582
vt 0.137603 0.408866
vt 0.336331 0.543426
vt 0.610984 0.569862
vt 0.389589 0.966847
vt 0.123935 0.230838
vt 0.720502 0.879609
vt 0.719934 0.863757
vt 0.759298 0.702638
vt 0.752506 0.711135
vt 0.697072 0.583772
vt 0.762377 0.225201
vt 0.653286 0.530880
vt 0.607133 0.187336
vt 0.397252 0.999630
vt 0.587245 0.991058
vt 0.603747 0.143736
vt 0.763873 0.246300
vt 0.762784 0.232547
vt 0.601517 0.889020
vt 0.039109 0.308403
vt 0.753894 0.537043
vt 0.471917 0.696658
vt 0.756453 0.526289
vt 0.472174 0.657063
vt 0.592619 0.583142
vt 0.594003 0.473412
vt 0.118677 0.261847
vt 0.600824 0.351912
vt 0.604147 0.292089
vt 0.513794 0.167929
vt 0.606873 0.222193
vt 0.322679 0.410774
vt 0.483383 0.994051
vt 0.584488 0.996880
vt 0.225382 0.901695
vt 0.671771 0.394804
vt 0.641971 0.350243
vt 0.630300 0.326330
vt 0.209824 0.191698
vt 0.323077 0.269375
vt 0.721512 0.472913
vt 0.722915 0.492406
vt 0.633857 0.440804
vt 0.714058 0.510399
vt 0.721514 0.491942
vt 0.712876 0.509491
vt 0.626234 0.786514
vt 0.707007 0.447410
vt 0.697081 0.522881
vt 0.705987 0.448036
vt 0.644168 0.289419
vt 0.632635 0.290508
vt 0.644973 0.338546
vt 0.656118 0.338283
vt 0.656272 0.326938
vt 0.595297 0.658553
vt 0.676926 0.433563
vt 0.704416 0.432823
vt 0.763399 0.199014
vt 0.780914 0.466663
vt 0.644908 0.350284
vt 0.453395 0.246716
vt 0.616323 0.509347
vt 0.010173 0.151999
vt 0.658693 0.326274
vt 0.781757 0.325006
vt 0.645419 0.394338
vt 0.629561 0.296508
vt 0.671977 0.324900
vt 0.327663 0.999630
vt 0.746960 0.567130
vt 0.483356 0.999630
vt 0.673964 0.394089
vt 0.633059 0.440012
vt 0.654361 0.434076
vn 0.9992 -0.0254 -0.0297
vn 0.9997 -0.0190 -0.0141
vn 0.9998 -0.0148 -0.0153
vn 0.9873 0.0060 0.1585
vn 0.9582 0.1720 0.2285
vn 0.9512 0.1873 0.2451
vn -0.9152 -0.3739 -0.1506
vn -0.6158 -0.7223 -0.3148
vn -0.6240 -0.7256 -0.2901
vn -0.2346 -0.8915 -0.3875
vn -0.2385 -0.9026 -0.3585
vn 0.7107 0.5457 0.4439
vn 0.1042 0.8691 0.4836
vn 0.1389 0.7771 0.6138
vn -0.8898 -0.4392 -0.1242
vn -0.6491 -0.7192 -0.2480
vn -0.7073 -0.6772 -0.2027
vn -0.9763 -0.2048 -0.0702
vn -0.9845 -0.1616 -0.0676
vn 0.9833 -0.0781 0.1645
vn 0.9716 0.0768 0.2237
vn 0.9847 -0.0460 0.1678
vn -0.6749 -0.7007 -0.2315
vn -0.9316 -0.3426 -0.1212
vn -0.9359 -0.3424 -0.0833
vn 0.9432 -0.0001 0.3323
vn 0.5951 0.1625 0.7871
vn 0.5842 0.1751 0.7925
vn 0.8900 -0.3525 -0.2893
vn 0.9410 -0.2091 -0.2662
vn 0.9408 -0.2334 -0.2460
vn -0.3694 0.6942 0.6178
vn 0.0364 0.7743 0.6317
vn 0.0270 0.7414 0.6705
vn 0.2847 -0.4240 -0.8597
vn 0.3662 -0.6803 -0.6349
vn 0.3605 -0.4119 -0.8369
vn 0.9713 0.1314 0.1982
vn 0.6771 0.5133 0.5273
vn 0.6724 0.5346 0.5119
vn 0.9180 -0.2018 -0.3415
vn 0.9050 -0.2835 -0.3173
vn 0.8766 -0.2974 -0.3784
vn 0.5772 0.5488 0.6046
vn -0.0876 0.7930 0.6028
vn 0.5930 0.4017 0.6979
vn 0.9973 0.0179 0.0714
vn 0.9940 -0.0741 0.0804
vn 0.9874 0.0691 0.1425
vn 0.9776 -0.0335 -0.2076
vn 0.9661 -0.2489 0.0682
vn 0.9725 -0.0083 -0.2328
vn 0.9738 -0.1033 0.2026
vn 0.9253 0.0167 0.3788
vn 0.9388 -0.0466 0.3412
vn 0.9992 -0.0322 -0.0257
vn 0.9992 -0.0255 -0.0299
vn 0.9662 0.1478 0.2112
vn 0.9927 0.0336 0.1160
vn -0.7203 0.5011 0.4796
vn -0.8608 0.4492 0.2392
vn -0.8808 0.3514 0.3175
vn 0.9999 -0.0135 0.0010
vn 0.9999 -0.0142 0.0061
vn 0.4315 -0.8019 -0.4132
vn 0.8747 -0.3903 -0.2875
vn 0.8602 -0.4240 -0.2833
vn 0.8682 -0.4958 0.0214
vn 0.7053 -0.7060 -0.0642
vn 0.7471 -0.6608 -0.0712
vn 0.7106 0.4692 0.5244
vn 0.9883 0.0931 0.1211
vn 0.9906 0.0846 0.1078
vn 0.5902 0.3218 0.7403
vn 0.9862 -0.0585 -0.1547
vn 0.9874 -0.0592 -0.1467
vn 0.9986 -0.0038 0.0536
vn 0.9966 0.0068 0.0826
vn 0.9992 -0.0071 0.0397
vn 0.9997 -0.0249 -0.0008
vn 0.9844 0.1365 0.1113
vn 0.9955 0.0829 0.0451
vn 0.9936 -0.0693 -0.0893
vn 0.9883 -0.1023 -0.1131
vn 0.9890 -0.1042 -0.1048
vn -0.9875 -0.1511 -0.0456
vn -0.9316 -0.3427 -0.1212
vn 0.4272 -0.7277 -0.5366
vn -0.2503 -0.9141 -0.3190
vn -0.2731 -0.8859 -0.3749
vn -0.6894 0.3615 0.6277
vn -0.8632 0.2813 0.4192
vn -0.8275 0.2758 0.4892
vn 0.6799 0.7196 0.1411
vn 0.0001 0.9999 -0.0117
vn 0.0623 0.9596 0.2745
vn 0.9958 -0.0146 -0.0902
vn 0.9975 -0.0178 -0.0683
vn 0.9972 -0.0183 -0.0729
vn 0.9760 -0.0097 0.2176
vn 0.9558 0.1298 0.2639
vn -0.2898 0.5666 0.7714
vn -0.7159 0.3968 0.5745
vn 0.9972 -0.0262 -0.0705
vn 0.9981 -0.0244 -0.0557
vn 0.9973 -0.0216 -0.0695
vn 0.9983 -0.0423 0.0400
vn 0.9517 -0.1163 -0.2842
vn 0.9556 -0.0650 -0.2873
vn 0.9962 0.0705 -0.0509
vn 0.9860 0.1564 0.0578
vn 0.9977 0.0461 -0.0490
vn 0.9936 0.0170 0.1120
vn 0.9958 0.0080 0.0916
vn 0.9907 -0.0251 -0.1335
vn 0.9949 0.0190 -0.0987
vn 0.9926 -0.0190 -0.1198
vn 0.9821 0.1857 0.0311
vn 0.9985 -0.0191 0.0505
vn 0.9941 0.0162 0.1068
vn 0.9962 -0.0100 0.0870
vn 0.9770 -0.0861 -0.1949
vn 0.9723 -0.0842 -0.2178
vn 0.9759 -0.1110 -0.1877
vn 0.1481 0.6895 0.7090
vn -0.2637 0.7832 0.5630
vn -0.2765 0.6779 0.6812
vn -0.2865 0.8577 0.4270
vn 0.9466 -0.0660 -0.3156
vn 0.9470 -0.0817 -0.3105
vn 0.9472 -0.0562 -0.3158
vn 0.9811 -0.0202 -0.1926
vn 0.9523 0.0156 -0.3048
vn 0.9556 0.0347 -0.2926
vn 0.9836 -0.0489 -0.1737
vn 0.9809 -0.0782 -0.1779
vn 0.9779 -0.0777 -0.1943
vn 0.9801 -0.0346 0.1956
vn 0.9827 -0.0446 0.1796
vn 0.9863 -0.0452 0.1586
vn 0.9623 0.1604 0.2198
vn 0.9870 0.0318 0.1577
vn 0.9881 0.0430 0.1475
vn 0.9933 -0.1095 -0.0360
vn 0.9953 -0.0936 0.0261
vn 0.9899 0.0443 0.1346
vn 0.9918 0.0103 0.1272
vn -0.9281 -0.3710 0.0299
vn -0.9770 -0.1920 0.0931
vn -0.9746 -0.1960 0.1080
vn -0.8343 0.4411 0.3308
vn -0.7018 0.5335 0.4720
vn -0.8183 0.4290 0.3826
vn 0.5100 -0.7606 -0.4018
vn -0.2416 -0.9107 -0.3351
vn -0.2421 -0.9200 -0.3083
vn 0.5510 -0.3028 0.7777
vn 0.9844 -0.0485 -0.1689
vn 0.9708 -0.0079 -0.2399
vn 0.9893 -0.0180 0.1445
vn 0.9904 -0.0066 0.1382
vn 0.9899 -0.0395 0.1364
vn 0.8299 -0.5563 0.0424
vn 0.9353 -0.2794 0.2171
vn 0.9400 -0.2491 0.2331
vn 0.8115 -0.5817 -0.0550
vn 0.7979 -0.5981 -0.0749
vn 0.9317 -0.3557 -0.0738
vn 0.9589 -0.2624 -0.1085
vn 0.9769 -0.1968 -0.0837
vn -0.7881 0.0590 0.6127
vn -0.4722 0.1151 0.8739
vn -0.8171 0.0804 0.5708
vn 0.9886 -0.0512 0.1419
vn 0.7677 -0.6401 -0.0298
vn 0.8126 -0.5820 0.0293
vn 0.9798 -0.1273 0.1539
vn -0.9225 -0.3599 -0.1397
vn -0.6631 -0.6988 -0.2681
vn -0.6423 -0.7101 -0.2886
vn -0.4804 0.3765 0.7921
vn -0.0429 0.7357 0.6759
vn -0.5199 0.6258 0.5815
vn 0.9653 -0.1011 -0.2408
vn 0.9645 -0.0984 -0.2451
vn 0.9719 -0.0773 -0.2225
vn 0.9056 -0.1782 -0.3848
vn 0.3742 -0.1053 -0.9214
vn 0.9703 -0.1136 -0.2135
vn 0.9629 -0.1614 -0.2163
vn 0.9595 -0.1501 -0.2382
vn 0.6697 0.5582 0.4898
vn 0.0358 0.7946 0.6061
vn 0.9837 -0.1229 0.1315
vn 0.9789 -0.0955 0.1806
vn -0.8839 0.3618 0.2963
vn -0.9579 0.2233 0.1805
vn -0.8585 0.3711 0.3538
vn 0.6016 0.1523 0.7841
vn -0.0449 0.1234 0.9913
vn 0.5950 0.1625 0.7871
vn 0.9963 -0.0548 -0.0665
vn 0.9987 0.0513 0.0038
vn 0.9992 0.0164 -0.0359
vn -0.6927 0.6675 0.2734
vn 0.9526 -0.1535 -0.2628
vn 0.9594 -0.1175 -0.2566
vn 0.9591 -0.1275 -0.2527
vn 0.9685 -0.1344 -0.2095
vn 0.9550 -0.0912 -0.2823
vn 0.9546 -0.1321 -0.2670
vn -0.3715 0.7289 0.5750
vn -0.3693 0.6942 0.6178
vn 0.9904 -0.0269 -0.1356
vn 0.9775 -0.0121 -0.2104
vn 0.9878 -0.0358 -0.1516
vn -0.6165 -0.7209 -0.3166
vn -0.9132 -0.3731 -0.1641
vn -0.9109 -0.3782 -0.1651
vn 0.9927 -0.0723 -0.0965
vn 0.9930 -0.0744 -0.0915
vn 0.9714 -0.1433 -0.1892
vn 0.9618 -0.1995 -0.1876
vn 0.9610 -0.1835 -0.2067
vn 0.9789 0.1356 -0.1531
vn 0.9859 0.0074 -0.1674
vn 0.9655 0.0784 -0.2482
vn 0.9442 -0.0953 -0.3153
vn 0.9444 -0.0697 -0.3213
vn 0.9397 -0.0670 -0.3354
vn 0.9493 -0.0776 -0.3047
vn 0.9548 -0.0942 -0.2820
vn 0.9552 -0.0527 -0.2912
vn -0.6254 -0.7181 -0.3055
vn -0.9144 -0.3738 -0.1552
vn 0.7606 -0.4496 -0.4683
vn 0.3167 0.2377 -0.9182
vn 0.9869 -0.0807 -0.1394
vn 0.9815 -0.1496 -0.1193
vn 0.9658 -0.2121 -0.1493
vn 0.9589 -0.1088 -0.2620
vn 0.9556 -0.1029 -0.2763
vn 0.9997 -0.0237 -0.0099
vn 0.9998 -0.0142 0.0158
vn 0.4316 -0.8019 -0.4132
vn -0.2315 -0.8897 -0.3936
vn -0.2290 -0.8933 -0.3867
vn 0.8784 -0.2999 -0.3721
vn 0.8887 -0.2107 -0.4072
vn 0.8803 -0.2224 -0.4190
vn 0.3678 0.5603 -0.7421
vn 0.9746 -0.1527 -0.1641
vn -0.8053 0.3259 0.4952
vn -0.6821 0.4552 0.5723
vn -0.6764 0.4125 0.6102
vn -0.1621 0.0425 0.9859
vn -0.8255 -0.4252 0.3712
vn -0.3640 -0.7215 0.5891
vn 0.5966 0.6610 0.4551
vn -0.1131 0.8136 0.5704
vn 0.9886 -0.0047 0.1505
vn 0.9907 -0.0086 0.1360
vn 0.9924 0.0047 0.1233
vn 0.9815 -0.0961 -0.1657
vn -0.9132 -0.3730 -0.1641
vn -0.9833 -0.1661 -0.0740
vn -0.0385 0.6249 -0.7798
vn -0.2578 0.6272 -0.7350
vn -0.3114 0.6297 -0.7117
vn -0.0977 0.8306 0.5482
vn -0.5824 0.6621 0.4716
vn 0.9534 -0.0002 0.3016
vn 0.9500 0.0456 0.3090
vn 0.9728 -0.0165 0.2310
vn 0.9674 -0.0488 -0.2484
vn 0.5726 0.3370 -0.7474
vn 0.9313 -0.0829 -0.3548
vn 0.8775 -0.2088 -0.4318
vn 0.8811 -0.0427 -0.4711
vn -0.1323 0.6119 -0.7798
vn 0.6314 0.3205 -0.7062
vn 0.6729 0.3033 -0.6747
vn 0.9254 -0.1566 -0.3452
vn 0.8941 -0.2136 -0.3936
vn 0.9998 -0.0019 0.0187
vn 0.9999 -0.0106 0.0032
vn 0.9910 -0.0790 -0.1084
vn 0.9872 -0.1033 -0.1212
vn 0.9884 -0.0375 0.1475
vn 0.9347 -0.0664 -0.3491
vn 0.9389 -0.0289 -0.3431
vn 0.9267 -0.0546 -0.3719
vn -0.5059 0.5393 -0.6732
vn -0.1713 0.5638 -0.8079
vn -0.1488 0.5795 -0.8013
vn 0.9968 -0.0214 -0.0766
vn 0.9981 0.0406 -0.0469
vn 0.9957 -0.0046 -0.0930
vn 0.5192 -0.7538 -0.4027
vn 0.4981 -0.7492 -0.4365
vn 0.9888 -0.0847 -0.1230
vn 0.9858 -0.1012 -0.1338
vn 0.9905 0.1226 0.0629
vn 0.9992 -0.0009 -0.0401
vn 0.9985 0.0158 -0.0522
vn 0.9986 -0.0342 -0.0402
vn -0.5284 0.6355 -0.5630
vn -0.0808 0.9386 -0.3355
vn -0.1644 0.7368 -0.6558
vn 0.9708 -0.0203 0.2389
vn 0.9588 0.0272 0.2828
vn -0.4936 0.7279 0.4760
vn -0.8077 0.4919 0.3250
vn -0.8606 0.4333 0.2675
vn 0.5470 0.3318 -0.7685
vn 0.9426 -0.1444 -0.3012
vn 0.9419 -0.1415 -0.3047
vn -0.9077 0.3026 -0.2906
vn -0.7878 0.3652 -0.4961
vn -0.8752 0.3102 -0.3712
vn 0.6637 0.5879 0.4625
vn 0.0159 0.8142 0.5804
vn -0.9409 0.1605 0.2982
vn -0.9196 0.0977 0.3805
vn 0.9495 0.1373 0.2821
vn 0.9848 -0.0115 0.1733
vn 0.9974 -0.0260 -0.0668
vn 0.9918 -0.0698 -0.1067
vn 0.3957 -0.8450 -0.3598
vn 0.8495 -0.4597 -0.2589
vn 0.8333 -0.5115 -0.2097
vn 0.8178 -0.5707 -0.0739
vn 0.6697 0.5581 0.4899
vn 0.6637 0.5880 0.4624
vn 0.9932 -0.0174 -0.1153
vn 0.9962 -0.0156 -0.0852
vn 0.9986 0.0533 -0.0062
vn 0.9947 -0.0962 -0.0367
vn 0.9954 -0.0598 -0.0745
vn 0.9989 0.0084 0.0451
vn 0.9841 0.1040 0.1440
vn 0.8822 -0.4616 -0.0925
vn 0.5845 0.2546 0.7704
vn 0.5062 0.7388 -0.4449
vn 0.9310 0.1140 -0.3468
vn 0.9550 0.1772 -0.2377
vn 0.8030 -0.5959 -0.0085
vn 0.3781 -0.8986 -0.2226
vn 0.7664 -0.6377 -0.0767
vn 0.5593 0.1336 0.8181
vn -0.3639 -0.7215 0.5891
vn 0.3980 -0.6222 0.6741
vn -0.8315 0.2312 0.5051
vn -0.9075 -0.3973 -0.1363
vn -0.9477 -0.3069 -0.0878
vn 0.7948 -0.5891 -0.1455
vn 0.9701 -0.0969 -0.2225
vn 0.3731 -0.8803 -0.2931
vn 0.8929 -0.2427 -0.3792
vn 0.9780 0.1158 0.1738
vn 0.9964 0.0198 0.0822
vn 0.9939 -0.0083 -0.1104
vn 0.9964 0.0280 -0.0802
vn 0.9947 -0.0062 -0.1025
vn 0.9995 -0.0080 0.0309
vn 0.9339 -0.3026 -0.1907
vn 0.9469 -0.0307 0.3200
vn 0.9789 -0.0732 0.1906
vn -0.2554 -0.9126 -0.3191
vn -0.3070 -0.9087 -0.2827
vn 0.9939 0.0170 0.1088
vn 0.5809 0.8037 -0.1290
vn 0.9895 -0.1083 -0.0957
vn 0.9909 -0.0343 0.1301
vn 0.9253 -0.3518 -0.1416
vn 0.9738 -0.0516 -0.2216
vn 0.9830 -0.0625 -0.1728
vn 0.9850 -0.0571 -0.1629
vn -0.3630 0.6448 0.6726
vn -0.6934 0.4942 0.5244
vn 0.9360 -0.2598 -0.2374
vn -0.9812 -0.1776 -0.0762
vn -0.9820 -0.1757 -0.0699
vn 0.9983 -0.0412 -0.0404
vn -0.9847 -0.1641 -0.0589
vn 0.9899 -0.0694 0.1233
vn 0.9655 -0.1773 0.1907
vn -0.3905 0.7444 0.5416
vn 0.9573 0.1772 0.2287
vn -0.9707 0.2057 0.1244
vn -0.9506 0.2655 0.1609
vn 0.9935 -0.0219 0.1113
vn 0.9902 -0.0095 0.1391
vn -0.6090 0.5772 -0.5440
vn 0.9708 -0.2380 -0.0300
vn 0.9979 0.0510 0.0395
vn 0.9973 -0.0113 0.0730
vn 0.9977 0.0097 -0.0669
vn 0.9876 -0.0882 -0.1301
vn 0.9427 -0.0652 -0.3272
vn 0.9510 -0.0247 -0.3081
vn -0.7461 0.5480 0.3782
vn -0.8739 0.4005 0.2754
vn -0.8134 0.4275 -0.3946
vn -0.9212 0.3533 -0.1627
vn -0.8182 0.5453 -0.1821
vn 0.9962 0.0866 0.0037
vn 0.9907 0.1257 0.0526
vn 0.9971 0.0066 0.0758
vn -0.0647 0.6236 -0.7790
vn 0.5882 0.4937 -0.6405
vn -0.0855 0.6554 -0.7504
vn -0.9058 0.4185 -0.0666
vn -0.7294 0.6708 0.1344
vn -0.7890 0.6143 -0.0129
vn 0.9890 -0.1030 0.1057
vn -0.7591 0.4035 -0.5109
vn -0.4915 0.5137 -0.7033
vn 0.9054 -0.2979 -0.3026
vn 0.9396 -0.1886 -0.2856
vn 0.9390 -0.2044 -0.2765
vn 0.9731 -0.0968 -0.2089
vn 0.9925 -0.0000 0.1224
vn 0.9635 0.1907 0.1878
vn 0.9730 -0.1196 -0.1972
vn -0.3432 0.5973 0.7249
vn 0.0260 0.6934 0.7201
vn 0.0431 0.6464 0.7618
vn 0.9932 -0.0805 -0.0841
vn 0.9132 -0.0073 -0.4075
vn 0.9116 -0.0999 -0.3988
vn 0.9553 0.1880 0.2281
vn 0.4571 -0.7898 -0.4091
vn -0.5198 0.6258 0.5815
vn -0.4885 0.0897 0.8680
vn -0.0885 0.1186 0.9890
vn 0.9884 -0.0537 -0.1419
vn 0.9899 -0.0586 -0.1293
vn 0.9909 -0.0567 -0.1220
vn 0.9928 -0.0231 -0.1173
vn 0.9882 -0.0354 -0.1487
vn 0.5039 -0.7606 -0.4093
vn -0.2394 -0.9018 -0.3597
vn 0.9098 -0.3377 -0.2414
vn 0.9909 -0.0392 -0.1284
vn 0.9024 -0.2730 -0.3333
vn 0.9540 -0.1305 -0.2698
vn 0.9526 -0.1285 -0.2757
vn 0.9830 0.0571 0.1742
vn 0.6564 0.6190 0.4312
vn 0.5336 0.8180 0.2147
vn 0.6301 0.7555 0.1796
vn -0.9702 -0.2236 0.0935
vn -0.9187 -0.3948 0.0093
vn 0.9372 -0.3475 -0.0316
vn 0.4405 -0.8975 -0.0223
vn 0.4638 -0.8331 0.3015
vn 0.9659 -0.0897 -0.2430
vn 0.9965 -0.0142 -0.0818
vn 0.9939 -0.0197 -0.1082
vn 0.9919 -0.0287 -0.1240
vn 0.6698 0.2936 0.6820
vn 0.6615 0.0276 0.7494
vn 0.9986 -0.0275 -0.0460
vn 0.9993 -0.0194 -0.0313
vn 0.9986 -0.0224 -0.0486
vn 0.9495 -0.1395 -0.2811
vn 0.5162 -0.6242 0.5864
vn 0.6044 -0.3020 0.7372
vn 0.3397 -0.8758 -0.3429
vn 0.3866 -0.9222 -0.0132
vn 0.1125 0.5657 0.8169
vn -0.2953 0.5135 0.8057
vn 0.9372 -0.3474 -0.0317
vn 0.4638 -0.8330 0.3015
vn -0.3013 0.5192 0.7998
vn 0.0709 0.6044 0.7935
vn 0.0978 0.5728 0.8138
vn 0.9996 -0.0291 0.0050
vn 0.9959 -0.0901 -0.0096
vn 0.9943 -0.0918 -0.0540
vn -0.0997 0.6332 -0.7675
vn 0.6720 0.3162 -0.6697
vn -0.0518 0.6385 -0.7679
vn 0.9929 -0.0414 -0.1111
vn 0.9540 -0.0412 -0.2971
vn 0.9611 -0.1202 -0.2487
vn 0.9990 0.0457 -0.0000
vn 0.9956 0.0832 -0.0432
vn 0.6621 0.4683 0.5851
vn 0.9670 -0.0570 0.2482
vn 0.9893 -0.0926 0.1129
vn 0.9905 -0.1140 0.0768
vn 0.6045 -0.3020 0.7372
vn -0.9021 0.0469 0.4290
vn 0.4432 -0.8407 0.3111
vn 0.9842 -0.0760 -0.1596
vn 0.9846 -0.0520 -0.1671
vn 0.9999 0.0041 0.0167
vn 0.9524 -0.1348 -0.2735
vn -0.6774 -0.7129 -0.1812
vn 0.9907 -0.1119 -0.0773
vn 0.9817 0.1577 0.1064
vn 0.9876 -0.0827 -0.1334
vn 0.9370 0.0001 0.3494
vn 0.4210 0.5340 -0.7332
vn 0.3800 0.2188 -0.8987
vn 0.9627 -0.1248 -0.2400
vn 0.9933 -0.0877 -0.0751
vn 0.4266 0.7847 -0.4497
vn 0.4211 0.5340 -0.7332
vn -0.8976 0.0056 0.4408
vn -0.8011 0.0468 0.5967
vn 0.4825 -0.7761 -0.4060
vn 0.8995 -0.3150 -0.3029
vn 0.5844 0.2546 0.7705
vn -0.0279 0.1399 0.9898
vn 0.9810 -0.1463 0.1275
vn 0.9634 -0.0393 -0.2651
vn 0.9696 -0.0457 -0.2402
vn 0.9102 -0.4063 -0.0805
vn 0.9982 -0.0295 -0.0515
vn -0.9186 0.2877 -0.2708
vn -0.5528 0.6326 -0.5425
vn -0.8734 0.2605 -0.4114
vn -0.8151 0.2889 0.5022
vn -0.6807 0.3712 0.6316
vn 0.9988 -0.0323 -0.0377
vn -0.7528 0.1820 -0.6326
vn -0.1084 0.7231 -0.6822
vn -0.4343 0.0323 -0.9002
vn -0.3195 0.5536 0.7690
vn -0.9877 -0.1559 -0.0114
vn -0.9328 -0.3598 -0.0226
vn 0.9770 -0.0649 -0.2033
vn 0.9999 -0.0117 -0.0100
vn 0.9917 0.0930 0.0890
vn 0.9915 0.0852 0.0979
vn 0.9381 -0.2016 -0.2817
vn 0.7282 0.4605 0.5076
vn 0.7194 0.4647 0.5162
vn 0.9743 -0.1031 -0.2004
vn 0.9859 -0.0682 -0.1528
vn 0.9975 -0.0290 -0.0641
vn 0.9982 -0.0203 -0.0570
vn 0.9933 -0.0457 -0.1057
vn 0.3995 -0.8502 -0.3427
vn 0.9245 -0.3531 -0.1437
vn 0.9030 -0.2971 -0.3103
vn 0.5100 -0.7605 -0.4018
vn 0.7381 0.4650 0.4888
vn 0.1327 0.6074 0.7832
vn 0.9998 -0.0054 -0.0210
vn 0.9920 0.1018 0.0741
vn 0.7342 0.4891 0.4708
vn -0.6874 -0.7122 -0.1425
vn -0.9285 -0.3709 0.0193
vn 0.9545 -0.1375 -0.2644
vn 0.9614 -0.1067 -0.2534
vn 0.9872 -0.0513 -0.1510
vn 0.9848 -0.0682 -0.1599
vn 0.9892 -0.0467 -0.1391
vn 0.9863 -0.0513 -0.1565
vn 0.9757 -0.0776 -0.2050
vn 0.9778 -0.0464 -0.2043
vn -0.8522 0.4979 0.1608
vn -0.6926 0.6133 0.3797
vn -0.6927 0.6674 0.2734
vn 0.3865 -0.9222 -0.0132
vn 0.9964 -0.0163 -0.0829
vn 0.9741 -0.0294 -0.2241
vn 0.4762 -0.7457 -0.4659
vn 0.8075 -0.3451 -0.4784
vn 0.8501 -0.3003 -0.4327
vn 0.9677 -0.0218 -0.2512
vn 0.9632 0.0051 -0.2687
vn 0.9605 -0.0116 -0.2779
vn -0.8848 -0.4608 -0.0693
vn -0.6707 -0.7223 -0.1686
vn -0.9069 -0.4210 -0.0168
vn 0.9441 -0.1094 -0.3109
vn 0.9457 -0.1198 -0.3022
vn -0.9513 -0.3074 0.0254
vn -0.9654 -0.2503 0.0727
vn -0.5118 0.5745 -0.6388
vn -0.7311 0.5352 -0.4231
vn -0.4800 0.6102 -0.6303
vn -0.3956 0.6363 -0.6623
vn 0.5437 0.5150 -0.6627
vn 0.9893 -0.0175 -0.1449
vn 0.9934 0.0083 -0.1144
vn -0.4345 0.7440 0.5076
vn 0.9862 -0.0405 -0.1606
vn 0.6364 0.3999 -0.6596
vn 0.9298 -0.0321 -0.3666
vn 0.6083 0.4584 -0.6479
vn 0.5774 0.0384 0.8155
vn 0.9460 -0.1029 -0.3073
vn 0.9443 -0.1523 -0.2916
vn 0.9129 -0.2306 -0.3368
vn -0.3378 0.9109 0.2372
vn 0.9456 -0.0751 -0.3166
vn 0.9480 -0.0592 -0.3128
vn 0.9362 -0.0776 -0.3429
vn 0.9947 0.0707 -0.0743
vn 0.9955 0.0277 -0.0904
vn 0.9938 0.0587 -0.0949
vn 0.9820 0.1858 -0.0341
vn 0.9509 -0.0195 -0.3089
vn 0.9992 -0.0329 -0.0224
vn -0.2588 -0.9208 -0.2918
vn -0.2545 -0.9205 -0.2964
vn 0.9068 -0.2276 -0.3549
vn -0.4942 0.8230 -0.2802
vn -0.4252 0.9051 -0.0066
vn -0.3378 0.9108 0.2372
vn -0.7294 0.6708 0.1343
vn -0.3697 -0.7277 -0.5777
vn -0.7592 -0.5165 -0.3960
vn -0.6751 -0.6922 -0.2552
vn -0.9343 -0.2873 -0.2109
vn 0.2113 0.1053 -0.9717
vn -0.2382 0.6522 -0.7197
vn -0.5717 0.6026 -0.5568
vn -0.2176 0.7032 -0.6769
vn 0.9530 -0.0080 -0.3029
vn 0.9639 -0.0128 -0.2659
vn 0.6313 0.3205 -0.7062
vn 0.2847 -0.4240 -0.8598
vn 0.9846 -0.0643 -0.1626
vn 0.9334 -0.2805 -0.2237
vn 0.9118 -0.4103 -0.0165
vn -0.8067 0.3612 0.4677
vn 0.9933 -0.0836 0.0797
vn 0.9960 -0.0808 0.0384
vn 0.3801 0.2188 -0.8987
vn 0.2874 -0.1010 -0.9525
vn 0.3742 -0.1053 -0.9213
vn -0.9187 -0.1341 0.3714
vn -0.8526 -0.0126 0.5224
vn -0.4542 0.0967 0.8856
vn -0.7119 0.5593 0.4246
vn 0.4119 -0.8188 -0.3998
vn 0.6863 0.4954 0.5324
vn 0.9998 -0.0151 -0.0153
vn 0.6460 0.6271 0.4352
vn -0.0288 0.8330 0.5526
vn -0.2473 -0.9220 -0.2980
vn -0.6797 -0.7179 -0.1506
vn -0.6774 -0.7130 -0.1812
vn -0.6873 -0.7122 -0.1425
vn -0.9282 -0.3710 0.0299
vn -0.2562 -0.9204 -0.2954
vn 0.9810 -0.0575 -0.1851
vn 0.5717 0.6652 0.4802
vn -0.6810 -0.7165 -0.1514
vn 0.8445 -0.2839 -0.4541
vn -0.6523 -0.7301 -0.2036
vn -0.8952 -0.4305 -0.1149
vn 0.9863 0.1382 -0.0900
vn 0.9723 0.1798 -0.1492
vn -0.7102 0.5669 -0.4174
vn -0.8270 0.4805 -0.2918
vn -0.6713 0.5636 -0.4813
vn 0.9659 -0.1428 -0.2158
vn -0.9473 -0.3205 0.0025
vn 0.5034 -0.6228 0.5990
vn 0.9828 -0.0384 -0.1804
vn -0.8696 0.4913 0.0499
vn 0.9967 0.0104 -0.0802
vn -0.9411 -0.3240 -0.0962
vn -0.9829 -0.1773 0.0492
vn 0.9917 -0.0364 -0.1232
vn 0.9366 0.0627 0.3448
vn 0.5805 0.3813 0.7194
vn 0.4820 0.8682 -0.1179
vn 0.6771 0.5134 0.5273
vn -0.9679 -0.2449 -0.0575
vn -0.9343 -0.2874 -0.2109
vn -0.8997 -0.4268 -0.0920
vn -0.9688 -0.2408 0.0582
vn 0.9235 -0.0295 -0.3824
vn 0.9104 -0.0682 -0.4080
vn 0.9449 -0.0484 -0.3239
vn 0.8315 -0.2852 -0.4767
vn 0.8294 -0.2557 -0.4968
vn -0.7688 0.4255 -0.4774
vn -0.8527 0.3451 -0.3921
vn -0.5690 0.0218 0.8221
vn -0.4722 0.1151 0.8740
vn 0.9906 -0.0346 -0.1324
vn 0.6650 0.7409 -0.0944
vn 0.9817 0.1661 -0.0931
vn 0.6901 0.6375 0.3427
vn 0.9918 0.0409 -0.1215
vn 0.7381 0.4651 0.4888
vn -0.8628 0.3795 -0.3339
vn -0.8538 0.3549 -0.3808
vn -0.7809 0.4553 -0.4277
vn -0.8656 0.4075 -0.2908
vn 0.5872 0.4603 -0.6658
vn 0.6926 0.2793 -0.6651
vn 0.5902 0.3218 0.7404
vn 0.5967 0.6609 0.4551
vn -0.8976 0.3567 0.2591
vn -0.9681 0.2081 0.1393
vn -0.8532 0.4454 -0.2713
vn -0.7721 0.4910 -0.4035
vn 0.4457 -0.7470 -0.4933
vn 0.7954 -0.3407 -0.5014
vn 0.5193 -0.7538 -0.4027
vn 0.5119 -0.7653 -0.3903
vn 0.9877 -0.0487 -0.1489
vn 0.6982 0.4815 0.5298
vn 0.3651 -0.6379 -0.6781
vn -0.9470 -0.2565 0.1933
vn 0.9354 -0.2599 0.2399
vn 0.4874 -0.8673 -0.1008
vn 0.8515 -0.5217 0.0523
vn 0.4436 -0.8808 -0.1658
vn 0.3167 0.2377 -0.9183
vn 0.4875 -0.8673 -0.1008
vn -0.3354 -0.9164 -0.2186
vn 0.6016 0.1523 0.7842
vn -0.1971 0.5634 -0.8024
vn -0.2317 -0.8978 -0.3744
vn 0.9532 -0.1513 -0.2618
vn -0.8964 0.3759 0.2348
vn -0.9726 0.1970 0.1235
vn 0.5906 0.3197 -0.7410
vn 0.2113 0.1054 -0.9717
vn 0.7905 -0.3036 -0.5320
vn 0.7674 0.1475 -0.6240
vn 0.9954 -0.0089 -0.0952
vn -0.7389 -0.6565 -0.1520
vn -0.8996 -0.4268 -0.0920
vn 0.9697 0.1766 0.1686
vn 0.6864 0.4954 0.5324
vn 0.9981 -0.0315 -0.0522
vn 0.4120 -0.8188 -0.3998
vn 0.6278 0.6977 -0.3450
vn 0.4435 -0.8808 -0.1657
vn 0.9833 -0.0363 -0.1782
vn -0.7355 0.5534 -0.3908
vn -0.7818 0.5135 -0.3539
vn -0.5142 0.4965 -0.6993
vn -0.5579 0.6563 0.5079
vn -0.5580 0.6563 0.5079
vn -0.0145 0.4335 0.9010
vn -0.5694 0.6900 0.4468
vn -0.5824 0.6621 0.4717
vn 0.7342 0.4891 0.4709
vn 0.9882 -0.0406 -0.1478
vn 0.5805 0.3814 0.7194
vn 0.4571 -0.7897 -0.4091
vn 0.6649 0.7409 -0.0944
vn 0.5772 0.5488 0.6047
vn 0.3032 -0.7012 -0.6453
vn 0.9460 -0.0572 -0.3190
vn 0.9316 0.1871 0.3115
vn 0.4819 0.8682 -0.1179
vn 0.9828 -0.0383 -0.1804
vn 0.9095 0.3592 0.2092
vn 0.9871 -0.0813 -0.1377
vn 0.5904 0.5013 0.6325
vn 0.7627 -0.0892 -0.6405
vn 0.9000 0.4310 -0.0650
vn 0.6621 0.4683 0.5850
vn 0.5775 0.0384 0.8155
vn -0.4803 0.3765 0.7922
vn -0.8126 0.3947 0.4288
vn 0.5718 0.6652 0.4802
vn -0.9327 -0.3598 -0.0226
vn -0.9192 0.3228 0.2257
vn 0.3981 -0.6222 0.6741
vn 0.5035 -0.6227 0.5990
s off
f 56/1/1 55/2/2 687/3/3
s 1
f 1/4/4 2/5/5 3/6/6
f 4/7/7 5/8/8 6/9/9
f 6/9/9 7/10/10 8/11/11
f 9/12/12 10/13/13 11/14/14
f 12/15/15 13/16/16 14/17/17
f 15/18/7 16/19/18 17/20/19
f 18/21/20 19/22/21 20/23/22
f 21/24/23 22/25/24 23/26/25
f 24/27/26 25/28/27 26/29/28
f 27/30/29 28/31/30 29/32/31
f 30/33/32 31/34/33 32/35/34
f 8/11/11 13/16/16 6/9/9
f 33/36/35 34/37/36 35/38/37
f 36/39/38 37/40/39 38/41/40
f 39/42/41 40/43/42 41/44/43
f 42/45/44 43/46/45 44/47/46
f 45/48/47 46/49/48 47/50/49
f 48/51/50 49/52/51 50/53/52
f 51/54/53 52/55/54 53/56/55
f 54/57/56 55/2/2 56/1/57
f 57/58/58 58/59/59 36/39/38
f 59/60/60 60/61/61 61/62/62
f 62/63/63 55/2/2 63/64/64
f 64/65/65 65/66/66 66/67/67
f 67/68/68 68/69/69 69/70/70
f 70/71/71 71/72/72 72/73/73
f 73/74/74 74/75/75 75/76/76
f 76/77/77 77/78/78 78/79/79
f 79/80/80 80/81/81 81/82/82
f 82/83/83 83/84/84 84/85/85
f 85/86/86 86/87/25 87/88/87
f 88/89/88 89/90/89 90/91/90
f 91/92/91 92/93/92 93/94/93
f 94/95/94 95/96/95 96/97/96
f 97/98/97 98/99/98 99/100/99
f 100/101/100 101/102/101 19/22/21
f 102/103/102 103/104/60 104/105/103
f 105/106/104 106/107/105 107/108/106
f 108/109/107 109/110/108 110/111/109
f 111/112/110 112/113/111 113/114/112
f 114/115/113 77/78/78 115/116/114
f 116/117/115 117/118/116 118/119/117
f 119/120/118 120/121/12 112/113/111
f 121/122/119 122/123/120 123/124/121
f 124/125/122 125/126/123 126/127/124
f 127/128/125 128/129/126 129/130/127
f 11/14/14 130/131/128 128/129/126
f 131/132/129 132/133/130 133/134/131
f 134/135/132 135/136/133 136/137/134
f 137/138/135 138/139/136 139/140/137
f 140/141/138 141/142/139 142/143/140
f 143/144/141 144/145/142 145/146/143
f 45/48/47 146/147/144 147/148/145
f 148/149/146 149/150/147 114/115/113
f 150/151/148 151/152/149 152/153/150
f 153/154/151 154/155/152 155/156/153
f 156/157/154 157/158/155 158/159/156
f 159/160/75 160/161/157 161/162/158
f 50/53/52 162/163/159 48/51/50
f 163/164/160 164/165/161 165/166/162
f 166/167/163 167/168/164 168/169/165
f 68/69/69 169/170/166 170/171/167
f 171/172/168 172/173/169 173/174/170
f 174/175/171 175/176/172 176/177/173
f 177/178/174 163/164/160 165/166/162
f 178/179/175 179/180/176 166/167/163
f 20/23/22 180/181/177 18/21/20
f 181/182/178 182/183/179 183/184/180
f 184/185/181 185/186/182 186/187/183
f 187/188/184 188/189/185 189/190/186
f 190/191/187 191/192/188 192/193/37
f 193/194/189 194/195/190 195/196/191
f 196/197/192 31/34/33 197/198/193
f 198/199/194 141/142/139 199/200/195
f 200/201/196 201/202/197 202/203/198
f 203/204/199 204/205/200 205/206/201
f 206/207/202 207/208/203 208/209/204
f 209/210/205 128/129/126 130/131/128
f 210/211/206 211/212/207 212/213/208
f 213/214/209 214/215/210 215/216/211
f 154/155/152 216/217/212 217/218/213
f 218/219/214 219/220/215 220/221/216
f 221/222/217 222/223/218 223/224/219
f 83/84/84 224/225/220 225/226/221
f 226/227/222 227/228/223 228/229/224
f 229/230/225 230/231/226 231/232/227
f 232/233/228 233/234/229 234/235/230
f 235/236/231 236/237/232 237/238/233
f 238/239/234 223/224/219 239/240/235
f 240/241/236 241/242/237 242/243/238
f 243/244/239 172/173/169 244/245/240
f 236/237/232 245/246/241 246/247/242
f 63/64/64 247/248/243 248/249/244
f 249/250/245 250/251/246 251/252/247
f 252/253/248 253/254/249 254/255/250
f 255/256/251 242/243/238 241/242/237
f 248/249/244 78/79/79 63/64/64
f 244/245/240 256/257/252 243/244/239
f 257/258/253 258/259/254 259/260/255
f 260/261/256 261/262/257 262/263/258
f 263/264/259 264/265/260 42/45/44
f 177/178/174 265/266/261 163/164/160
f 149/150/147 266/267/262 267/268/263
f 226/227/222 138/139/136 268/269/264
f 269/270/265 17/20/19 270/271/266
f 271/272/267 272/273/268 273/274/269
f 274/275/270 275/276/271 264/265/260
f 167/168/164 276/277/272 168/169/165
f 277/278/273 278/279/274 140/141/138
f 279/280/275 280/281/276 135/136/133
f 183/184/180 239/240/235 181/182/178
f 281/282/277 282/283/278 283/284/279
f 284/285/280 285/286/281 286/287/282
f 287/288/283 39/42/41 288/289/284
f 29/32/31 65/66/66 27/30/29
f 72/73/73 289/290/285 290/291/286
f 291/292/287 292/293/288 83/84/84
f 142/143/140 293/294/289 265/266/261
f 294/295/290 295/296/291 296/297/292
f 297/298/293 298/299/294 299/300/295
f 300/301/296 301/302/297 302/303/298
f 41/44/43 303/304/299 304/305/300
f 305/306/301 306/307/302 292/293/288
f 307/308/303 308/309/304 309/310/305
f 56/1/57 310/311/306 54/57/56
f 311/312/307 312/313/308 313/314/309
f 314/315/310 315/316/311 100/101/100
f 316/317/312 317/318/313 318/319/314
f 136/137/134 280/281/276 319/320/315
f 319/320/315 231/232/227 136/137/134
f 320/321/316 321/322/317 287/288/283
f 322/323/318 323/324/319 324/325/320
f 29/32/31 195/196/191 194/195/190
f 325/326/321 197/198/193 326/327/322
f 176/177/173 327/328/323 328/329/324
f 329/330/325 140/141/138 330/331/326
f 331/332/327 224/225/220 332/333/328
f 333/334/329 334/335/330 335/336/331
f 69/70/70 170/171/167 336/337/332
f 143/144/141 337/338/333 338/339/334
f 339/340/335 340/341/336 97/98/97
f 341/342/337 342/343/338 343/344/339
f 344/345/340 71/72/72 345/346/341
f 346/347/342 170/171/167 169/170/166
f 347/348/343 53/56/55 52/55/54
f 348/349/344 349/350/345 350/351/346
f 351/352/347 352/353/348 353/354/349
f 354/355/350 355/356/351 356/357/352
f 202/203/198 327/328/323 357/358/353
f 358/359/354 359/360/355 16/19/18
f 360/361/356 169/170/166 353/354/349
f 193/194/189 361/362/357 139/140/137
f 333/334/329 360/361/356 362/363/358
f 57/58/58 145/146/143 148/149/146
f 363/364/359 254/255/250 282/283/278
f 364/365/360 58/59/59 365/366/361
f 366/367/362 367/368/363 368/369/364
f 369/370/365 63/64/64 78/79/79
f 370/371/366 227/228/223 244/245/240
f 343/344/339 173/174/170 243/244/239
f 371/372/367 314/315/310 372/373/368
f 14/17/17 373/374/369 374/375/370
f 8/11/11 375/376/329 376/377/358
f 114/115/113 267/268/263 377/378/371
f 350/351/346 378/379/372 348/349/344
f 206/207/202 84/85/85 379/380/373
f 380/381/374 265/266/261 293/294/289
f 381/382/276 299/300/295 298/299/294
f 145/146/143 164/165/161 149/150/147
f 346/347/342 335/336/331 382/383/375
f 177/178/174 1/4/4 330/331/326
f 6/9/9 383/384/354 4/7/7
f 384/385/376 385/386/377 386/387/378
f 387/388/40 32/35/34 31/34/33
f 388/389/379 258/259/254 389/390/380
f 194/195/190 390/391/381 29/32/31
f 391/392/235 392/393/382 393/394/383
f 115/116/114 148/149/146 114/115/113
f 379/380/373 394/395/384 206/207/202
f 395/396/385 87/88/87 396/397/178
f 67/68/68 397/398/386 398/399/387
f 399/400/388 326/327/322 197/198/193
f 398/399/387 400/401/389 101/102/101
f 401/402/390 318/319/314 402/403/391
f 403/404/392 404/405/393 380/381/374
f 405/406/394 273/274/269 272/273/268
f 406/407/395 407/408/396 408/409/397
f 335/336/331 370/371/366 382/383/375
f 409/410/398 343/344/339 410/411/399
f 411/412/400 412/413/401 295/296/291
f 413/414/402 153/154/151 414/415/403
f 217/218/213 389/390/380 154/155/152
f 415/416/404 416/417/405 417/418/406
f 341/342/337 418/419/407 419/420/408
f 377/378/371 420/421/409 77/78/78
f 421/422/410 422/423/411 423/424/412
f 424/425/413 425/426/414 426/427/415
f 427/428/416 293/294/289 198/199/194
f 297/298/293 428/429/417 429/430/418
f 430/431/419 431/432/420 432/433/421
f 213/214/209 433/434/422 126/127/124
f 266/267/262 434/435/423 267/268/263
f 45/48/47 435/436/424 80/81/81
f 139/140/137 436/437/425 193/194/189
f 437/438/426 438/439/427 439/440/428
f 268/269/264 256/257/252 226/227/222
f 440/441/429 379/380/373 84/85/85
f 332/333/328 441/442/430 442/443/431
f 19/22/21 400/401/389 443/444/432
f 251/252/247 444/445/433 249/250/245
f 400/401/389 435/436/424 443/444/432
f 357/358/353 445/446/434 202/203/198
f 446/447/200 447/448/435 448/449/436
f 449/450/437 450/451/438 451/452/439
f 302/303/298 452/453/440 453/454/441
f 389/390/380 155/156/153 154/155/152
f 454/455/442 455/456/443 157/158/155
f 456/457/444 457/458/445 458/459/446
f 459/460/447 211/212/207 460/461/448
f 20/23/22 443/444/432 461/462/449
f 462/463/450 463/464/451 464/465/452
f 150/151/148 465/466/453 466/467/454
f 467/468/455 468/469/456 469/470/457
f 470/471/458 126/127/124 125/126/123
f 471/472/459 308/309/304 105/106/104
f 472/473/460 218/219/214 473/474/461
f 474/475/462 108/109/107 475/476/463
f 476/477/464 477/478/465 478/479/466
f 232/233/228 479/480/467 215/216/211
f 480/481/468 160/161/157 481/482/469
f 482/483/456 483/484/470 484/485/471
f 485/486/472 102/103/102 486/487/473
f 480/481/468 487/488/474 488/489/475
f 489/490/476 490/491/477 491/492/478
f 492/493/479 493/494/480 494/495/481
f 495/496/482 496/497/483 497/498/484
f 442/443/431 498/499/485 332/333/328
f 133/134/131 214/215/210 499/500/486
f 175/176/172 357/358/353 176/177/173
f 500/501/487 501/502/488 502/503/489
f 503/504/450 501/502/488 504/505/490
f 505/506/491 180/181/177 199/200/195
f 500/501/487 188/189/185 245/246/241
f 81/82/82 394/395/384 79/80/80
f 198/199/194 506/507/492 427/428/416
f 475/476/463 507/508/493 508/509/494
f 176/177/173 509/510/495 174/175/171
f 510/511/496 511/512/497 512/513/498
f 504/505/490 513/514/499 474/475/462
f 514/515/500 513/514/499 501/502/488
f 158/159/156 21/24/23 515/516/501
f 516/517/502 79/80/80 394/395/384
f 81/82/82 517/518/503 419/420/408
f 349/350/345 306/307/302 518/519/504
f 276/277/272 24/27/26 519/520/505
f 519/520/505 26/29/28 520/521/350
f 441/442/430 521/522/506 522/523/507
f 195/196/191 523/524/508 193/194/189
f 524/525/509 516/517/502 379/380/373
f 372/373/368 53/56/55 371/372/367
f 525/526/510 526/527/511 527/528/344
f 174/175/171 528/529/512 529/530/513
f 530/531/514 531/532/515 27/30/29
f 532/533/516 533/534/517 203/204/199
f 199/200/195 534/535/518 198/199/194
f 498/499/485 458/459/446 457/458/445
f 535/536/519 125/126/123 536/537/520
f 537/538/521 336/337/332 170/171/167
f 538/539/522 476/477/464 106/107/105
f 539/540/523 540/541/524 541/542/525
f 542/543/526 259/260/255 543/544/527
f 544/545/528 524/525/509 440/441/429
f 545/546/529 546/547/530 547/548/531
f 548/549/532 543/544/527 259/260/255
f 549/550/533 550/551/534 86/87/25
f 361/362/357 189/190/186 551/552/535
f 523/524/508 187/188/184 361/362/357
f 23/26/25 515/516/501 21/24/23
f 552/553/536 553/554/537 554/555/538
f 506/507/492 47/50/49 46/49/48
f 531/532/515 555/556/539 28/31/30
f 554/555/538 556/557/540 557/558/541
f 189/190/186 558/559/542 559/560/543
f 560/561/544 561/562/545 478/479/466
f 382/383/375 537/538/521 346/347/342
f 518/519/504 451/452/439 450/451/438
f 302/303/298 562/563/546 300/301/296
f 563/564/547 564/565/548 456/457/444
f 565/566/549 566/567/442 567/568/550
f 568/569/551 127/128/125 569/570/552
f 570/571/553 571/572/554 553/554/537
f 11/14/14 572/573/555 9/12/12
f 573/574/556 574/575/557 150/151/148
f 575/576/103 61/62/62 92/93/92
f 291/292/287 300/301/296 562/563/546
f 419/420/408 407/408/396 341/342/337
f 460/461/448 576/577/558 321/322/317
f 502/503/489 558/559/542 500/501/487
f 212/213/208 577/578/559 187/188/184
f 431/432/420 321/322/317 576/577/558
f 578/579/470 579/580/560 580/581/561
f 386/387/378 581/582/562 582/583/563
f 220/221/216 473/474/461 218/219/214
f 583/584/564 584/585/565 385/386/377
f 585/586/566 586/587/567 587/588/568
f 588/589/569 580/581/561 511/512/497
f 105/106/104 589/590/570 471/472/459
f 220/221/216 590/591/571 582/583/563
f 591/592/572 592/593/573 593/594/574
f 594/595/575 595/596/576 596/597/577
f 597/598/578 598/599/579 599/600/580
f 235/236/231 600/601/581 601/602/582
f 602/603/583 603/604/580 604/605/584
f 299/300/295 605/606/585 297/298/293
f 606/607/457 484/485/471 607/608/496
f 608/609/586 609/610/587 610/611/588
f 611/612/589 229/230/225 231/232/227
f 116/117/115 612/613/590 613/614/591
f 310/311/306 570/571/553 552/553/536
f 413/414/402 614/615/592 615/616/388
f 116/117/115 616/617/593 612/613/590
f 219/220/215 48/51/50 162/163/159
f 617/618/594 618/619/595 619/620/596
f 620/621/597 481/482/469 160/161/157
f 621/622/598 622/623/599 623/624/600
f 624/625/601 625/626/415 626/627/414
f 109/110/108 601/602/582 600/601/581
f 514/515/500 236/237/232 601/602/582
f 235/236/231 131/132/129 627/628/602
f 237/238/233 628/629/603 235/236/231
f 629/630/604 630/631/483 479/480/467
f 215/216/211 132/133/130 232/233/228
f 631/632/51 481/482/469 632/633/493
f 366/367/362 581/582/562 118/119/117
f 117/118/116 633/634/605 634/635/606
f 635/636/607 636/637/608 633/634/605
f 535/536/519 637/638/609 499/500/486
f 497/498/484 273/274/269 610/611/588
f 610/611/588 495/496/482 497/498/484
f 494/495/481 638/639/610 492/493/479
f 639/640/572 640/641/611 641/642/612
f 237/238/233 246/247/242 621/622/598
f 287/288/283 642/643/613 320/321/316
f 643/644/95 644/645/614 645/646/615
f 645/646/615 417/418/406 625/626/415
f 646/647/616 10/13/13 96/97/96
f 647/648/617 130/131/128 646/647/616
f 648/649/618 649/650/529 650/651/531
f 651/652/619 652/653/525 653/654/529
f 90/91/90 654/655/619 648/649/618
f 655/656/620 656/657/621 654/655/619
f 517/518/503 408/409/397 407/408/396
f 546/547/530 657/658/622 547/548/531
f 421/422/410 658/659/623 272/273/268
f 272/273/268 659/660/624 405/406/394
f 423/424/412 660/661/625 658/659/623
f 658/659/623 540/541/524 659/660/624
f 110/111/109 661/662/626 662/663/627
f 600/601/581 110/111/109 109/110/108
f 648/649/618 88/89/88 90/91/90
f 133/134/131 627/628/602 131/132/129
f 663/664/596 271/272/267 664/665/594
f 596/597/577 536/537/520 594/595/575
f 609/610/587 284/285/280 495/496/482
f 595/596/576 662/663/627 661/662/626
f 470/471/458 499/500/486 214/215/210
f 665/666/628 433/434/422 666/667/282
f 536/537/520 583/584/564 384/385/376
f 100/101/100 372/373/368 314/315/310
f 579/580/560 667/668/629 668/669/630
f 225/226/221 84/85/85 83/84/84
f 334/335/330 669/670/631 370/371/366
f 248/249/244 289/290/285 344/345/340
f 461/462/449 534/535/518 20/23/22
f 670/671/632 69/70/70 336/337/332
f 228/229/224 436/437/425 226/227/222
f 121/122/119 369/370/365 420/421/409
f 671/672/633 389/390/380 258/259/254
f 672/673/634 147/148/145 673/674/635
f 674/675/636 675/676/637 676/677/638
f 677/678/28 678/679/256 679/680/350
f 529/530/513 680/681/639 681/682/640
f 682/683/641 529/530/513 683/684/435
f 681/682/640 683/684/435 529/530/513
f 559/560/543 350/351/346 450/451/438
f 498/499/485 331/332/327 332/333/328
f 171/172/168 342/343/338 406/407/395
f 317/318/313 402/403/391 318/319/314
f 670/671/632 171/172/168 406/407/395
f 615/616/388 684/685/642 413/414/402
f 66/67/67 685/686/643 64/65/65
f 66/67/67 390/391/381 669/670/631
f 455/456/443 183/184/180 182/183/179
f 3/6/6 330/331/326 1/4/4
f 228/229/224 669/670/631 390/391/381
f 686/687/644 364/365/360 345/346/341
f 56/1/57 687/3/645 477/478/465
f 590/591/571 386/387/378 582/583/563
f 191/192/188 441/442/430 522/523/507
f 688/688/646 326/327/322 689/689/647
f 54/57/56 552/553/536 290/291/286
f 515/516/501 690/690/648 158/159/156
f 550/551/534 691/691/649 692/692/650
f 123/124/121 493/494/480 121/122/119
f 693/693/454 694/694/651 695/695/652
f 696/696/653 697/697/649 694/694/651
f 698/698/654 699/699/451 700/700/655
f 640/641/611 694/694/651 701/701/656
f 593/594/574 702/702/657 288/289/284
f 640/641/611 598/599/579 641/642/612
f 701/701/656 599/600/580 598/599/579
f 89/90/89 655/656/620 90/91/90
f 703/703/658 704/704/659 655/656/620
f 417/418/406 311/312/307 415/416/404
f 559/560/543 705/705/660 706/706/661
f 205/206/201 707/707/436 677/678/28
f 463/464/451 708/708/372 464/465/452
f 709/709/662 659/660/624 540/541/524
f 247/248/243 290/291/286 289/290/285
f 295/296/291 281/282/277 283/284/279
f 569/570/552 129/130/127 102/103/102
f 710/710/663 608/609/586 711/711/664
f 93/94/93 543/544/527 91/92/91
f 638/639/610 687/3/645 62/63/63
f 712/712/665 215/216/211 479/480/467
f 713/713/219 270/271/266 392/393/382
f 714/714/578 715/715/666 716/716/659
f 161/162/158 717/717/667 718/718/668
f 719/719/669 587/588/568 425/426/414
f 720/720/670 309/310/305 471/472/459
f 338/339/334 2/5/5 143/144/141
f 721/721/15 722/722/671 359/360/355
f 574/575/557 723/723/672 151/152/149
f 478/479/466 106/107/105 476/477/464
f 453/454/441 724/724/673 302/303/298
f 457/458/445 99/100/99 498/499/485
f 307/308/303 113/114/112 112/113/111
f 250/251/246 5/8/8 221/222/217
f 725/725/674 726/726/46 727/727/675
f 527/528/344 728/728/676 525/526/510
f 118/119/117 634/635/606 366/367/362
f 450/451/438 349/350/345 518/519/504
f 551/552/535 139/140/137 361/362/357
f 720/720/670 368/369/364 367/368/363
f 664/665/594 497/498/484 496/497/483
f 729/729/677 438/439/427 32/35/34
f 716/716/659 730/730/678 731/731/679
f 732/732/680 733/733/681 722/722/671
f 734/734/523 731/731/679 730/730/678
f 305/306/301 562/563/546 451/452/439
f 735/735/682 619/620/596 618/619/595
f 736/736/683 737/737/411 735/735/682
f 629/630/604 234/235/230 618/619/595
f 738/738/684 499/500/486 637/638/609
f 618/619/595 294/295/290 735/735/682
f 735/735/682 296/297/292 736/736/683
f 178/179/175 353/354/349 169/170/166
f 282/283/278 739/739/685 740/740/686
f 449/450/437 137/138/135 551/552/535
f 567/568/550 430/431/419 565/566/549
f 741/741/687 742/742/688 428/429/417
f 290/291/286 554/555/538 72/73/73
f 565/566/549 432/433/421 555/556/539
f 743/743/426 259/260/255 258/259/254
f 435/436/424 461/462/449 443/444/432
f 744/744/689 448/449/436 447/448/435
f 485/486/472 745/745/541 746/746/540
f 747/747/641 748/748/517 749/749/690
f 582/583/563 750/750/691 220/221/216
f 229/230/225 751/751/692 752/752/693
f 636/637/608 753/753/694 119/120/118
f 119/120/118 633/634/605 636/637/608
f 752/752/693 754/754/695 229/230/225
f 50/53/52 507/508/493 662/663/627
f 755/755/696 553/554/537 571/572/554
f 279/280/275 126/127/124 433/434/422
f 741/741/687 756/756/697 757/757/698
f 758/758/699 759/759/700 756/756/697
f 610/611/588 711/711/664 608/609/586
f 423/424/412 760/760/701 546/547/530
f 761/761/496 480/481/468 488/489/475
f 762/762/702 479/480/467 630/631/483
f 763/763/703 764/764/463 765/765/597
f 453/454/441 268/269/264 138/139/136
f 727/727/675 52/55/54 725/725/674
f 766/766/704 329/330/325 3/6/6
f 767/767/705 768/768/706 200/201/196
f 769/769/707 770/770/708 608/609/586
f 593/594/574 304/305/300 591/592/572
f 771/771/709 772/772/710 592/593/573
f 592/593/573 739/739/685 702/702/657
f 288/289/284 41/44/43 593/594/574
f 773/773/711 690/690/648 696/696/653
f 774/774/712 158/159/156 690/690/648
f 775/775/300 696/696/653 640/641/611
f 776/776/36 456/457/444 458/459/446
f 245/246/241 577/578/559 459/460/447
f 777/777/452 706/706/661 705/705/660
f 385/386/377 778/778/713 386/387/378
f 345/346/341 779/779/714 686/687/644
f 243/244/239 410/411/399 343/344/339
f 397/398/386 406/407/395 408/409/397
f 712/712/665 666/667/282 433/434/422
f 780/780/715 650/651/531 781/781/622
f 782/782/689 783/783/716 261/262/257
f 263/264/259 689/689/647 274/275/270
f 672/673/634 380/381/374 427/428/416
f 681/682/640 733/733/681 783/783/716
f 784/784/717 785/785/718 786/786/719
f 786/786/719 787/787/720 351/352/347
f 786/786/719 168/169/165 784/784/717
f 351/352/347 166/167/163 786/786/719
f 788/788/721 526/527/511 789/789/251
f 374/375/370 790/790/722 791/791/723
f 371/372/367 792/792/724 25/28/27
f 427/428/416 46/49/48 672/673/634
f 124/125/122 135/136/133 584/585/565
f 724/724/673 451/452/439 562/563/546
f 793/793/725 794/794/589 795/795/315
f 165/166/162 144/145/142 1/4/4
f 330/331/326 142/143/140 177/178/174
f 134/135/132 612/613/590 616/617/593
f 754/754/695 612/613/590 230/231/226
f 635/636/607 613/614/591 754/754/695
f 76/77/77 344/345/340 365/366/361
f 796/796/726 238/239/234 183/184/180
f 555/556/539 210/211/206 797/797/727
f 384/385/376 594/595/575 536/537/520
f 452/453/440 410/411/399 268/269/264
f 146/147/144 673/674/635 147/148/145
f 798/798/646 3/6/6 2/5/5
f 799/799/728 800/800/729 767/767/705
f 267/268/263 122/123/120 377/378/371
f 801/801/730 802/802/715 803/803/731
f 804/804/732 805/805/88 802/802/715
f 296/297/292 283/284/279 806/806/733
f 736/736/683 806/806/733 801/801/730
f 807/807/701 801/801/730 803/803/731
f 806/806/733 804/804/732 801/801/730
f 740/740/686 772/772/710 804/804/732
f 808/808/514 796/796/726 455/456/443
f 809/809/734 471/472/459 589/590/570
f 412/413/401 621/622/598 281/282/277
f 301/302/297 409/410/398 452/453/440
f 810/810/257 791/791/723 811/811/351
f 812/812/735 374/375/370 791/791/723
f 783/783/716 813/813/735 261/262/257
f 814/814/736 14/17/17 812/812/735
f 221/222/217 251/252/247 250/251/246
f 815/815/709 641/642/612 89/90/89
f 816/816/94 752/752/693 751/751/692
f 246/247/242 459/460/447 622/623/599
f 622/623/599 460/461/448 320/321/316
f 623/624/600 281/282/277 621/622/598
f 642/643/613 363/364/359 623/624/600
f 541/542/525 660/661/625 545/546/529
f 817/817/737 397/398/386 408/409/397
f 519/520/505 168/169/165 276/277/272
f 520/521/350 784/784/717 519/520/505
f 818/818/694 96/97/96 10/13/13
f 8/11/11 819/819/348 373/374/369
f 820/820/738 439/440/428 438/439/427
f 628/629/603 233/234/229 131/132/129
f 702/702/657 254/255/250 253/254/249
f 414/415/403 317/318/313 413/414/402
f 821/821/739 478/479/466 477/478/465
f 7/10/10 822/822/740 375/376/329
f 313/314/309 823/823/741 794/794/589
f 368/369/364 750/750/691 366/367/362
f 797/797/727 28/31/30 555/556/539
f 331/332/327 98/99/98 561/562/545
f 824/824/742 373/374/369 819/819/348
f 466/467/454 604/605/584 603/604/580
f 339/340/335 825/825/743 218/219/214
f 405/406/394 826/826/744 827/827/745
f 828/828/405 426/427/415 829/829/406
f 157/158/155 182/183/179 21/24/23
f 793/793/725 429/430/418 830/830/746
f 202/203/198 831/831/747 200/201/196
f 832/832/637 668/669/630 667/668/629
f 118/119/117 778/778/713 116/117/115
f 186/187/183 43/46/45 833/833/748
f 163/164/160 404/405/393 266/267/262
f 791/791/723 834/834/352 811/811/351
f 313/314/309 830/830/746 311/312/307
f 428/429/417 324/325/320 323/324/319
f 264/265/260 833/833/748 43/46/45
f 315/316/311 398/399/387 101/102/101
f 225/226/221 560/561/544 821/821/739
f 96/97/96 835/835/615 646/647/616
f 505/506/491 725/725/674 52/55/54
f 830/830/746 415/416/404 311/312/307
f 199/200/195 278/279/274 505/506/491
f 532/533/516 185/186/182 836/836/749
f 353/354/349 362/363/358 360/361/356
f 398/399/387 179/180/176 67/68/68
f 673/674/635 403/404/392 672/673/634
f 298/299/294 795/795/315 381/382/276
f 62/63/63 492/493/479 638/639/610
f 440/441/429 821/821/739 544/545/528
f 234/235/230 411/412/400 294/295/290
f 146/147/144 494/495/481 493/494/480
f 320/321/316 623/624/600 622/623/599
f 616/617/593 584/585/565 134/135/132
f 345/346/341 365/366/361 344/345/340
f 365/366/361 115/116/114 76/77/77
f 111/112/110 634/635/606 633/634/605
f 837/837/750 767/767/705 838/838/751
f 838/838/751 200/201/196 831/831/747
f 559/560/543 551/552/535 189/190/186
f 396/397/178 393/394/383 395/396/385
f 382/383/375 244/245/240 172/173/169
f 367/368/363 113/114/112 720/720/670
f 589/590/570 472/473/460 809/809/734
f 129/130/127 839/839/567 103/104/60
f 840/840/752 112/113/111 120/121/12
f 308/309/304 538/539/522 105/106/104
f 840/840/752 571/572/554 307/308/303
f 841/841/473 575/576/103 91/92/91
f 569/570/552 746/746/540 568/569/551
f 72/73/73 557/558/541 70/71/71
f 842/842/71 491/492/478 490/491/477
f 491/492/478 486/487/473 489/490/476
f 843/843/476 91/92/91 543/544/527
f 544/545/528 477/478/465 687/3/645
f 490/491/477 844/844/714 842/842/71
f 32/35/34 845/845/379 30/33/32
f 197/198/193 846/846/212 399/400/388
f 847/847/753 97/98/97 457/458/445
f 38/41/40 57/58/58 36/39/38
f 420/421/409 78/79/79 77/78/78
f 689/689/647 848/848/592 849/849/312
f 123/124/121 434/435/423 403/404/392
f 43/46/45 850/850/754 44/47/46
f 851/851/750 689/689/647 849/849/312
f 799/799/728 316/317/312 318/319/314
f 27/30/29 852/852/755 530/531/514
f 853/853/756 854/854/308 95/96/95
f 288/289/284 253/254/249 287/288/283
f 224/225/220 306/307/302 332/333/328
f 855/855/757 277/278/273 329/330/325
f 136/137/134 230/231/226 134/135/132
f 323/324/319 429/430/418 428/429/417
f 283/284/279 740/740/686 806/806/733
f 856/856/749 749/749/690 748/748/517
f 857/857/547 858/858/758 483/484/470
f 467/468/455 825/825/743 564/565/548
f 637/638/609 859/859/759 738/738/684
f 418/419/407 208/209/204 207/208/203
f 503/504/450 705/705/660 502/503/489
f 192/193/37 458/459/446 190/191/187
f 473/474/461 809/809/734 472/473/460
f 860/860/712 40/43/42 430/431/419
f 861/861/760 862/862/761 699/699/451
f 863/863/762 510/511/496 512/513/498
f 108/109/107 662/663/627 507/508/493
f 864/864/510 865/865/763 866/866/764
f 596/597/577 661/662/626 637/638/609
f 207/208/203 419/420/408 418/419/407
f 18/21/20 51/54/53 372/373/368
f 495/496/482 286/287/282 867/867/702
f 576/577/558 432/433/421 431/432/420
f 627/628/602 859/859/759 600/601/581
f 80/81/81 817/817/737 517/518/503
f 868/868/765 698/698/654 700/700/655
f 864/864/510 869/869/766 255/256/251
f 297/298/293 758/758/699 741/741/687
f 73/74/74 870/870/767 868/868/765
f 33/36/35 871/871/188 872/872/637
f 847/847/753 564/565/548 825/825/743
f 107/108/106 561/562/545 98/99/98
f 107/108/106 340/341/336 589/590/570
f 605/606/585 770/770/708 758/758/699
f 873/873/765 462/463/450 874/874/768
f 711/711/664 827/827/745 710/710/663
f 763/763/703 874/874/768 875/875/462
f 511/512/497 861/861/760 75/76/76
f 797/797/727 212/213/208 523/524/508
f 703/703/658 641/642/612 598/599/579
f 208/209/204 82/83/83 206/207/202
f 162/163/159 590/591/571 219/220/215
f 439/440/428 876/876/532 437/438/426
f 1/4/4 144/145/142 2/5/5
f 4/7/7 222/223/218 5/8/8
f 6/9/9 5/8/8 7/10/10
f 9/12/12 818/818/694 10/13/13
f 12/15/15 383/384/354 13/16/16
f 15/18/7 358/359/354 16/19/18
f 18/21/20 100/101/100 19/22/21
f 21/24/23 182/183/179 22/25/24
f 24/27/26 371/372/367 25/28/27
f 27/30/29 531/532/515 28/31/30
f 30/33/32 846/846/212 31/34/33
f 8/11/11 373/374/369 13/16/16
f 33/36/35 858/858/758 34/37/36
f 36/39/38 364/365/360 37/40/39
f 39/42/41 431/432/420 40/43/42
f 42/45/44 264/265/260 43/46/45
f 45/48/47 147/148/145 46/49/48
f 48/51/50 467/468/455 49/52/51
f 51/54/53 505/506/491 52/55/54
f 54/57/56 247/248/243 55/2/2
f 57/58/58 148/149/146 58/59/59
f 59/60/60 586/587/567 60/61/61
f 62/63/63 687/3/645 55/2/2
f 64/65/65 852/852/755 65/66/66
f 67/68/68 179/180/176 68/69/69
f 70/71/71 779/779/714 71/72/72
f 73/74/74 877/877/769 74/75/75
f 76/77/77 115/116/114 77/78/78
f 79/80/80 45/48/47 80/81/81
f 82/83/83 291/292/287 83/84/84
f 85/86/86 549/550/533 86/87/25
f 88/89/88 815/815/709 89/90/89
f 91/92/91 575/576/103 92/93/92
f 94/95/94 853/853/756 95/96/95
f 97/98/97 340/341/336 98/99/98
f 100/101/100 315/316/311 101/102/101
f 102/103/102 129/130/127 103/104/60
f 105/106/104 538/539/522 106/107/105
f 108/109/107 513/514/499 109/110/108
f 111/112/110 119/120/118 112/113/111
f 114/115/113 377/378/371 77/78/78
f 116/117/115 613/614/591 117/118/116
f 119/120/118 753/753/694 120/121/12
f 121/122/119 420/421/409 122/123/120
f 124/125/122 583/584/564 125/126/123
f 127/128/125 11/14/14 128/129/126
f 11/14/14 10/13/13 130/131/128
f 131/132/129 233/234/229 132/133/130
f 134/135/132 584/585/565 135/136/133
f 137/138/135 453/454/441 138/139/136
f 140/141/138 278/279/274 141/142/139
f 143/144/141 2/5/5 144/145/142
f 45/48/47 79/80/80 146/147/144
f 148/149/146 145/146/143 149/150/147
f 150/151/148 574/575/557 151/152/149
f 153/154/151 684/685/642 154/155/152
f 156/157/154 454/455/442 157/158/155
f 159/160/75 620/621/597 160/161/157
f 50/53/52 595/596/576 162/163/159
f 163/164/160 266/267/262 164/165/161
f 166/167/163 179/180/176 167/168/164
f 68/69/69 178/179/175 169/170/166
f 171/172/168 537/538/521 172/173/169
f 174/175/171 682/683/641 175/176/172
f 178/179/175 68/69/69 179/180/176
f 20/23/22 534/535/518 180/181/177
f 181/182/178 22/25/24 182/183/179
f 184/185/181 836/836/749 185/186/182
f 187/188/184 577/578/559 188/189/185
f 190/191/187 442/443/431 191/192/188
f 193/194/189 436/437/425 194/195/190
f 196/197/192 387/388/40 31/34/33
f 198/199/194 293/294/289 141/142/139
f 200/201/196 768/768/706 201/202/197
f 203/204/199 533/534/517 204/205/200
f 206/207/202 394/395/384 207/208/203
f 209/210/205 839/839/567 128/129/126
f 210/211/206 576/577/558 211/212/207
f 213/214/209 470/471/458 214/215/210
f 154/155/152 684/685/642 216/217/212
f 218/219/214 825/825/743 219/220/215
f 221/222/217 5/8/8 222/223/218
f 83/84/84 292/293/288 224/225/220
f 226/227/222 256/257/252 227/228/223
f 229/230/225 754/754/695 230/231/226
f 232/233/228 132/133/130 233/234/229
f 235/236/231 601/602/582 236/237/232
f 238/239/234 221/222/217 223/224/219
f 240/241/236 832/832/637 241/242/237
f 243/244/239 173/174/170 172/173/169
f 236/237/232 500/501/487 245/246/241
f 63/64/64 55/2/2 247/248/243
f 249/250/245 822/822/740 250/251/246
f 252/253/248 642/643/613 253/254/249
f 255/256/251 869/869/766 242/243/238
f 248/249/244 76/77/77 78/79/79
f 244/245/240 227/228/223 256/257/252
f 257/258/253 671/672/633 258/259/254
f 260/261/256 782/782/689 261/262/257
f 263/264/259 274/275/270 264/265/260
f 177/178/174 142/143/140 265/266/261
f 149/150/147 164/165/161 266/267/262
f 226/227/222 436/437/425 138/139/136
f 269/270/265 15/18/7 17/20/19
f 271/272/267 421/422/410 272/273/268
f 274/275/270 851/851/750 275/276/271
f 167/168/164 315/316/311 276/277/272
f 277/278/273 725/725/674 278/279/274
f 279/280/275 665/666/628 280/281/276
f 183/184/180 238/239/234 239/240/235
f 281/282/277 363/364/359 282/283/278
f 284/285/280 299/300/295 285/286/281
f 287/288/283 321/322/317 39/42/41
f 29/32/31 390/391/381 65/66/66
f 72/73/73 71/72/72 289/290/285
f 291/292/287 305/306/301 292/293/288
f 142/143/140 141/142/139 293/294/289
f 294/295/290 411/412/400 295/296/291
f 297/298/293 429/430/418 298/299/294
f 300/301/296 208/209/204 301/302/297
f 41/44/43 40/43/42 303/304/299
f 305/306/301 518/519/504 306/307/302
f 307/308/303 571/572/554 308/309/304
f 56/1/57 476/477/464 310/311/306
f 311/312/307 644/645/614 312/313/308
f 314/315/310 276/277/272 315/316/311
f 316/317/312 614/615/592 317/318/313
f 136/137/134 135/136/133 280/281/276
f 319/320/315 611/612/589 231/232/227
f 320/321/316 460/461/448 321/322/317
f 322/323/318 415/416/404 323/324/319
f 29/32/31 28/31/30 195/196/191
f 325/326/321 196/197/192 197/198/193
f 176/177/173 357/358/353 327/328/323
f 329/330/325 277/278/273 140/141/138
f 331/332/327 560/561/544 224/225/220
f 333/334/329 685/686/643 334/335/330
f 69/70/70 68/69/69 170/171/167
f 143/144/141 57/58/58 337/338/333
f 339/340/335 472/473/460 340/341/336
f 341/342/337 407/408/396 342/343/338
f 344/345/340 289/290/285 71/72/72
f 346/347/342 537/538/521 170/171/167
f 347/348/343 792/792/724 53/56/55
f 348/349/344 521/522/506 349/350/345
f 351/352/347 787/787/720 352/353/348
f 354/355/350 878/878/256 355/356/351
f 202/203/198 201/202/197 327/328/323
f 358/359/354 721/721/15 359/360/355
f 360/361/356 346/347/342 169/170/166
f 193/194/189 523/524/508 361/362/357
f 333/334/329 335/336/331 360/361/356
f 57/58/58 143/144/141 145/146/143
f 363/364/359 252/253/248 254/255/250
f 364/365/360 36/39/38 58/59/59
f 366/367/362 634/635/606 367/368/363
f 369/370/365 62/63/63 63/64/64
f 370/371/366 669/670/631 227/228/223
f 343/344/339 342/343/338 173/174/170
f 371/372/367 24/27/26 314/315/310
f 14/17/17 13/16/16 373/374/369
f 8/11/11 7/10/10 375/376/329
f 114/115/113 149/150/147 267/268/263
f 350/351/346 706/706/661 378/379/372
f 206/207/202 82/83/83 84/85/85
f 380/381/374 404/405/393 265/266/261
f 381/382/276 285/286/281 299/300/295
f 145/146/143 144/145/142 164/165/161
f 346/347/342 360/361/356 335/336/331
f 177/178/174 165/166/162 1/4/4
f 6/9/9 13/16/16 383/384/354
f 384/385/376 583/584/564 385/386/377
f 387/388/40 729/729/677 32/35/34
f 388/389/379 743/743/426 258/259/254
f 194/195/190 228/229/224 390/391/381
f 391/392/235 713/713/219 392/393/382
f 115/116/114 58/59/59 148/149/146
f 379/380/373 516/517/502 394/395/384
f 395/396/385 85/86/86 87/88/87
f 67/68/68 670/671/632 397/398/386
f 399/400/388 848/848/592 326/327/322
f 398/399/387 397/398/386 400/401/389
f 401/402/390 799/799/728 318/319/314
f 403/404/392 434/435/423 404/405/393
f 405/406/394 711/711/664 273/274/269
f 406/407/395 342/343/338 407/408/396
f 335/336/331 334/335/330 370/371/366
f 409/410/398 341/342/337 343/344/339
f 411/412/400 628/629/603 412/413/401
f 413/414/402 684/685/642 153/154/151
f 217/218/213 388/389/379 389/390/380
f 415/416/404 322/323/318 416/417/405
f 341/342/337 409/410/398 418/419/407
f 377/378/371 122/123/120 420/421/409
f 421/422/410 663/664/596 422/423/411
f 424/425/413 719/719/669 425/426/414
f 427/428/416 380/381/374 293/294/289
f 297/298/293 741/741/687 428/429/417
f 430/431/419 40/43/42 431/432/420
f 213/214/209 712/712/665 433/434/422
f 266/267/262 404/405/393 434/435/423
f 45/48/47 47/50/49 435/436/424
f 139/140/137 138/139/136 436/437/425
f 437/438/426 845/845/379 438/439/427
f 268/269/264 410/411/399 256/257/252
f 440/441/429 524/525/509 379/380/373
f 332/333/328 306/307/302 441/442/430
f 19/22/21 101/102/101 400/401/389
f 251/252/247 796/796/726 444/445/433
f 400/401/389 817/817/737 435/436/424
f 357/358/353 879/879/770 445/446/434
f 446/447/200 747/747/641 447/448/435
f 449/450/437 559/560/543 450/451/438
f 302/303/298 301/302/297 452/453/440
f 389/390/380 880/880/771 155/156/153
f 454/455/442 808/808/514 455/456/443
f 456/457/444 847/847/753 457/458/445
f 459/460/447 577/578/559 211/212/207
f 20/23/22 19/22/21 443/444/432
f 462/463/450 881/881/772 463/464/451
f 150/151/148 152/153/150 465/466/453
f 467/468/455 564/565/548 468/469/456
f 470/471/458 213/214/209 126/127/124
f 471/472/459 309/310/305 308/309/304
f 472/473/460 339/340/335 218/219/214
f 474/475/462 513/514/499 108/109/107
f 476/477/464 56/1/57 477/478/465
f 232/233/228 629/630/604 479/480/467
f 480/481/468 717/717/667 160/161/157
f 482/483/456 857/857/547 483/484/470
f 485/486/472 569/570/552 102/103/102
f 480/481/468 631/632/51 487/488/474
f 489/490/476 876/876/532 490/491/477
f 492/493/479 121/122/119 493/494/480
f 495/496/482 867/867/702 496/497/483
f 442/443/431 190/191/187 498/499/485
f 133/134/131 132/133/130 214/215/210
f 175/176/172 879/879/770 357/358/353
f 500/501/487 514/515/500 501/502/488
f 503/504/450 502/503/489 501/502/488
f 505/506/491 51/54/53 180/181/177
f 500/501/487 558/559/542 188/189/185
f 81/82/82 207/208/203 394/395/384
f 198/199/194 534/535/518 506/507/492
f 475/476/463 108/109/107 507/508/493
f 176/177/173 328/329/324 509/510/495
f 510/511/496 588/589/569 511/512/497
f 504/505/490 501/502/488 513/514/499
f 514/515/500 109/110/108 513/514/499
f 158/159/156 157/158/155 21/24/23
f 516/517/502 146/147/144 79/80/80
f 81/82/82 80/81/81 517/518/503
f 349/350/345 441/442/430 306/307/302
f 276/277/272 314/315/310 24/27/26
f 519/520/505 24/27/26 26/29/28
f 441/442/430 349/350/345 521/522/506
f 195/196/191 797/797/727 523/524/508
f 524/525/509 494/495/481 516/517/502
f 372/373/368 51/54/53 53/56/55
f 525/526/510 789/789/251 526/527/511
f 174/175/171 509/510/495 528/529/512
f 530/531/514 566/567/442 531/532/515
f 532/533/516 836/836/749 533/534/517
f 199/200/195 180/181/177 534/535/518
f 498/499/485 190/191/187 458/459/446
f 535/536/519 470/471/458 125/126/123
f 537/538/521 171/172/168 336/337/332
f 538/539/522 310/311/306 476/477/464
f 539/540/523 709/709/662 540/541/524
f 542/543/526 257/258/253 259/260/255
f 544/545/528 638/639/610 524/525/509
f 545/546/529 660/661/625 546/547/530
f 548/549/532 843/843/476 543/544/527
f 549/550/533 723/723/672 550/551/534
f 361/362/357 187/188/184 189/190/186
f 523/524/508 212/213/208 187/188/184
f 23/26/25 882/882/773 515/516/501
f 552/553/536 570/571/553 553/554/537
f 506/507/492 461/462/449 47/50/49
f 531/532/515 565/566/549 555/556/539
f 554/555/538 553/554/537 556/557/540
f 189/190/186 188/189/185 558/559/542
f 560/561/544 331/332/327 561/562/545
f 382/383/375 172/173/169 537/538/521
f 518/519/504 305/306/301 451/452/439
f 302/303/298 724/724/673 562/563/546
f 563/564/547 468/469/456 564/565/548
f 565/566/549 531/532/515 566/567/442
f 568/569/551 572/573/555 127/128/125
f 570/571/553 308/309/304 571/572/554
f 11/14/14 127/128/125 572/573/555
f 573/574/556 691/691/649 574/575/557
f 575/576/103 59/60/60 61/62/62
f 291/292/287 82/83/83 300/301/296
f 419/420/408 517/518/503 407/408/396
f 460/461/448 211/212/207 576/577/558
f 502/503/489 705/705/660 558/559/542
f 212/213/208 211/212/207 577/578/559
f 431/432/420 39/42/41 321/322/317
f 578/579/470 883/883/758 579/580/560
f 386/387/378 778/778/713 581/582/562
f 220/221/216 750/750/691 473/474/461
f 583/584/564 124/125/122 584/585/565
f 585/586/566 60/61/61 586/587/567
f 588/589/569 578/579/470 580/581/561
f 105/106/104 107/108/106 589/590/570
f 220/221/216 219/220/215 590/591/571
f 591/592/572 771/771/709 592/593/573
f 594/595/575 162/163/159 595/596/576
f 597/598/578 703/703/658 598/599/579
f 235/236/231 627/628/602 600/601/581
f 602/603/583 714/714/578 603/604/580
f 299/300/295 284/285/280 605/606/585
f 606/607/457 482/483/456 484/485/471
f 608/609/586 770/770/708 609/610/587
f 611/612/589 884/884/741 229/230/225
f 310/311/306 538/539/522 570/571/553
f 413/414/402 317/318/313 614/615/592
f 116/117/115 778/778/713 616/617/593
f 219/220/215 825/825/743 48/51/50
f 617/618/594 629/630/604 618/619/595
f 620/621/597 885/885/463 481/482/469
f 621/622/598 246/247/242 622/623/599
f 624/625/601 645/646/615 625/626/415
f 109/110/108 514/515/500 601/602/582
f 514/515/500 500/501/487 236/237/232
f 235/236/231 628/629/603 131/132/129
f 237/238/233 412/413/401 628/629/603
f 629/630/604 617/618/594 630/631/483
f 215/216/211 214/215/210 132/133/130
f 631/632/51 480/481/468 481/482/469
f 366/367/362 750/750/691 581/582/562
f 117/118/116 635/636/607 633/634/605
f 635/636/607 752/752/693 636/637/608
f 535/536/519 596/597/577 637/638/609
f 497/498/484 271/272/267 273/274/269
f 610/611/588 609/610/587 495/496/482
f 494/495/481 524/525/509 638/639/610
f 639/640/572 775/775/300 640/641/611
f 237/238/233 236/237/232 246/247/242
f 287/288/283 253/254/249 642/643/613
f 643/644/95 312/313/308 644/645/614
f 645/646/615 644/645/614 417/418/406
f 646/647/616 130/131/128 10/13/13
f 647/648/617 209/210/205 130/131/128
f 648/649/618 654/655/619 649/650/529
f 651/652/619 731/731/679 652/653/525
f 90/91/90 655/656/620 654/655/619
f 655/656/620 704/704/659 656/657/621
f 517/518/503 817/817/737 408/409/397
f 546/547/530 760/760/701 657/658/622
f 421/422/410 423/424/412 658/659/623
f 272/273/268 658/659/623 659/660/624
f 423/424/412 546/547/530 660/661/625
f 658/659/623 660/661/625 540/541/524
f 110/111/109 859/859/759 661/662/626
f 600/601/581 859/859/759 110/111/109
f 648/649/618 780/780/715 88/89/88
f 133/134/131 738/738/684 627/628/602
f 663/664/596 421/422/410 271/272/267
f 596/597/577 535/536/519 536/537/520
f 609/610/587 605/606/585 284/285/280
f 595/596/576 50/53/52 662/663/627
f 470/471/458 535/536/519 499/500/486
f 665/666/628 279/280/275 433/434/422
f 536/537/520 125/126/123 583/584/564
f 100/101/100 18/21/20 372/373/368
f 579/580/560 883/883/758 667/668/629
f 225/226/221 440/441/429 84/85/85
f 334/335/330 66/67/67 669/670/631
f 248/249/244 247/248/243 289/290/285
f 461/462/449 506/507/492 534/535/518
f 670/671/632 67/68/68 69/70/70
f 228/229/224 194/195/190 436/437/425
f 121/122/119 492/493/479 369/370/365
f 671/672/633 880/880/771 389/390/380
f 672/673/634 46/49/48 147/148/145
f 674/675/636 788/788/721 675/676/637
f 677/678/28 707/707/436 678/679/256
f 529/530/513 528/529/512 680/681/639
f 682/683/641 174/175/171 529/530/513
f 681/682/640 782/782/689 683/684/435
f 559/560/543 706/706/661 350/351/346
f 498/499/485 99/100/99 331/332/327
f 171/172/168 173/174/170 342/343/338
f 317/318/313 886/886/774 402/403/391
f 670/671/632 336/337/332 171/172/168
f 615/616/388 216/217/212 684/685/642
f 66/67/67 334/335/330 685/686/643
f 66/67/67 65/66/66 390/391/381
f 455/456/443 796/796/726 183/184/180
f 3/6/6 329/330/325 330/331/326
f 228/229/224 227/228/223 669/670/631
f 686/687/644 37/40/39 364/365/360
f 590/591/571 384/385/376 386/387/378
f 191/192/188 442/443/431 441/442/430
f 688/688/646 325/326/321 326/327/322
f 54/57/56 310/311/306 552/553/536
f 515/516/501 697/697/649 690/690/648
f 550/551/534 574/575/557 691/691/649
f 123/124/121 673/674/635 493/494/480
f 693/693/454 701/701/656 694/694/651
f 696/696/653 690/690/648 697/697/649
f 698/698/654 861/861/760 699/699/451
f 640/641/611 696/696/653 694/694/651
f 593/594/574 592/593/573 702/702/657
f 640/641/611 701/701/656 598/599/579
f 701/701/656 693/693/454 599/600/580
f 89/90/89 703/703/658 655/656/620
f 703/703/658 597/598/578 704/704/659
f 417/418/406 644/645/614 311/312/307
f 559/560/543 558/559/542 705/705/660
f 205/206/201 204/205/200 707/707/436
f 463/464/451 887/887/676 708/708/372
f 709/709/662 826/826/744 659/660/624
f 247/248/243 54/57/56 290/291/286
f 295/296/291 412/413/401 281/282/277
f 569/570/552 127/128/125 129/130/127
f 710/710/663 769/769/707 608/609/586
f 93/94/93 542/543/526 543/544/527
f 638/639/610 544/545/528 687/3/645
f 712/712/665 213/214/209 215/216/211
f 713/713/219 269/270/265 270/271/266
f 714/714/578 602/603/583 715/715/666
f 161/162/158 160/161/157 717/717/667
f 719/719/669 585/586/566 587/588/568
f 720/720/670 113/114/112 309/310/305
f 338/339/334 798/798/646 2/5/5
f 721/721/15 732/732/680 722/722/671
f 574/575/557 550/551/534 723/723/672
f 478/479/466 561/562/545 106/107/105
f 453/454/441 137/138/135 724/724/673
f 457/458/445 97/98/97 99/100/99
f 307/308/303 309/310/305 113/114/112
f 250/251/246 7/10/10 5/8/8
f 725/725/674 277/278/273 726/726/46
f 527/528/344 888/888/372 728/728/676
f 118/119/117 117/118/116 634/635/606
f 450/451/438 350/351/346 349/350/345
f 551/552/535 137/138/135 139/140/137
f 720/720/670 809/809/734 368/369/364
f 664/665/594 271/272/267 497/498/484
f 729/729/677 820/820/738 438/439/427
f 716/716/659 715/715/666 730/730/678
f 732/732/680 783/783/716 733/733/681
f 734/734/523 652/653/525 731/731/679
f 305/306/301 291/292/287 562/563/546
f 735/735/682 737/737/411 619/620/596
f 736/736/683 807/807/701 737/737/411
f 629/630/604 232/233/228 234/235/230
f 738/738/684 133/134/131 499/500/486
f 618/619/595 234/235/230 294/295/290
f 735/735/682 294/295/290 296/297/292
f 178/179/175 351/352/347 353/354/349
f 282/283/278 254/255/250 739/739/685
f 449/450/437 724/724/673 137/138/135
f 567/568/550 860/860/712 430/431/419
f 741/741/687 757/757/698 742/742/688
f 290/291/286 552/553/536 554/555/538
f 565/566/549 430/431/419 432/433/421
f 743/743/426 548/549/532 259/260/255
f 435/436/424 47/50/49 461/462/449
f 744/744/689 889/889/256 448/449/436
f 485/486/472 491/492/478 745/745/541
f 747/747/641 446/447/200 748/748/517
f 582/583/563 581/582/562 750/750/691
f 229/230/225 884/884/741 751/751/692
f 636/637/608 816/816/94 753/753/694
f 119/120/118 111/112/110 633/634/605
f 752/752/693 635/636/607 754/754/695
f 50/53/52 49/52/51 507/508/493
f 755/755/696 556/557/540 553/554/537
f 279/280/275 124/125/122 126/127/124
f 741/741/687 758/758/699 756/756/697
f 758/758/699 770/770/708 759/759/700
f 610/611/588 273/274/269 711/711/664
f 423/424/412 422/423/411 760/760/701
f 761/761/496 717/717/667 480/481/468
f 762/762/702 712/712/665 479/480/467
f 763/763/703 875/875/462 764/764/463
f 453/454/441 452/453/440 268/269/264
f 727/727/675 347/348/343 52/55/54
f 766/766/704 855/855/757 329/330/325
f 767/767/705 800/800/729 768/768/706
f 769/769/707 759/759/700 770/770/708
f 593/594/574 41/44/43 304/305/300
f 771/771/709 805/805/88 772/772/710
f 592/593/573 772/772/710 739/739/685
f 288/289/284 39/42/41 41/44/43
f 773/773/711 774/774/712 690/690/648
f 774/774/712 156/157/154 158/159/156
f 775/775/300 773/773/711 696/696/653
f 776/776/36 563/564/547 456/457/444
f 245/246/241 188/189/185 577/578/559
f 777/777/452 378/379/372 706/706/661
f 385/386/377 616/617/593 778/778/713
f 345/346/341 71/72/72 779/779/714
f 243/244/239 256/257/252 410/411/399
f 397/398/386 670/671/632 406/407/395
f 712/712/665 762/762/702 666/667/282
f 780/780/715 648/649/618 650/651/531
f 782/782/689 681/682/640 783/783/716
f 263/264/259 688/688/646 689/689/647
f 672/673/634 403/404/392 380/381/374
f 681/682/640 680/681/639 733/733/681
f 784/784/717 890/890/775 785/785/718
f 786/786/719 785/785/718 787/787/720
f 786/786/719 166/167/163 168/169/165
f 351/352/347 178/179/175 166/167/163
f 788/788/721 674/675/636 526/527/511
f 374/375/370 824/824/742 790/790/722
f 371/372/367 53/56/55 792/792/724
f 427/428/416 506/507/492 46/49/48
f 124/125/122 279/280/275 135/136/133
f 724/724/673 449/450/437 451/452/439
f 793/793/725 313/314/309 794/794/589
f 165/166/162 164/165/161 144/145/142
f 330/331/326 140/141/138 142/143/140
f 134/135/132 230/231/226 612/613/590
f 754/754/695 613/614/591 612/613/590
f 635/636/607 117/118/116 613/614/591
f 76/77/77 248/249/244 344/345/340
f 796/796/726 251/252/247 238/239/234
f 555/556/539 432/433/421 210/211/206
f 384/385/376 590/591/571 594/595/575
f 452/453/440 409/410/398 410/411/399
f 146/147/144 493/494/480 673/674/635
f 798/798/646 766/766/704 3/6/6
f 799/799/728 401/402/390 800/800/729
f 267/268/263 434/435/423 122/123/120
f 801/801/730 804/804/732 802/802/715
f 804/804/732 772/772/710 805/805/88
f 296/297/292 295/296/291 283/284/279
f 736/736/683 296/297/292 806/806/733
f 807/807/701 736/736/683 801/801/730
f 806/806/733 740/740/686 804/804/732
f 740/740/686 739/739/685 772/772/710
f 808/808/514 444/445/433 796/796/726
f 809/809/734 720/720/670 471/472/459
f 412/413/401 237/238/233 621/622/598
f 301/302/297 418/419/407 409/410/398
f 810/810/257 812/812/735 791/791/723
f 812/812/735 14/17/17 374/375/370
f 783/783/716 732/732/680 813/813/735
f 814/814/736 12/15/15 14/17/17
f 221/222/217 238/239/234 251/252/247
f 815/815/709 639/640/572 641/642/612
f 816/816/94 636/637/608 752/752/693
f 246/247/242 245/246/241 459/460/447
f 622/623/599 459/460/447 460/461/448
f 623/624/600 363/364/359 281/282/277
f 642/643/613 252/253/248 363/364/359
f 541/542/525 540/541/524 660/661/625
f 817/817/737 400/401/389 397/398/386
f 519/520/505 784/784/717 168/169/165
f 520/521/350 890/890/775 784/784/717
f 818/818/694 94/95/94 96/97/96
f 8/11/11 376/377/358 819/819/348
f 820/820/738 844/844/714 439/440/428
f 628/629/603 411/412/400 233/234/229
f 702/702/657 739/739/685 254/255/250
f 414/415/403 886/886/774 317/318/313
f 821/821/739 560/561/544 478/479/466
f 7/10/10 250/251/246 822/822/740
f 313/314/309 312/313/308 823/823/741
f 368/369/364 473/474/461 750/750/691
f 797/797/727 195/196/191 28/31/30
f 331/332/327 99/100/99 98/99/98
f 824/824/742 374/375/370 373/374/369
f 466/467/454 465/466/453 604/605/584
f 339/340/335 847/847/753 825/825/743
f 405/406/394 659/660/624 826/826/744
f 828/828/405 424/425/413 426/427/415
f 157/158/155 455/456/443 182/183/179
f 793/793/725 298/299/294 429/430/418
f 202/203/198 445/446/434 831/831/747
f 832/832/637 240/241/236 668/669/630
f 118/119/117 581/582/562 778/778/713
f 186/187/183 185/186/182 43/46/45
f 163/164/160 265/266/261 404/405/393
f 791/791/723 790/790/722 834/834/352
f 313/314/309 793/793/725 830/830/746
f 428/429/417 742/742/688 324/325/320
f 264/265/260 275/276/271 833/833/748
f 315/316/311 167/168/164 398/399/387
f 225/226/221 224/225/220 560/561/544
f 96/97/96 95/96/95 835/835/615
f 505/506/491 278/279/274 725/725/674
f 830/830/746 323/324/319 415/416/404
f 199/200/195 141/142/139 278/279/274
f 532/533/516 850/850/754 185/186/182
f 353/354/349 352/353/348 362/363/358
f 398/399/387 167/168/164 179/180/176
f 673/674/635 123/124/121 403/404/392
f 298/299/294 793/793/725 795/795/315
f 62/63/63 369/370/365 492/493/479
f 440/441/429 225/226/221 821/821/739
f 234/235/230 233/234/229 411/412/400
f 146/147/144 516/517/502 494/495/481
f 320/321/316 642/643/613 623/624/600
f 616/617/593 385/386/377 584/585/565
f 345/346/341 364/365/360 365/366/361
f 365/366/361 58/59/59 115/116/114
f 111/112/110 367/368/363 634/635/606
f 837/837/750 799/799/728 767/767/705
f 838/838/751 767/767/705 200/201/196
f 559/560/543 449/450/437 551/552/535
f 396/397/178 391/392/235 393/394/383
f 382/383/375 370/371/366 244/245/240
f 367/368/363 111/112/110 113/114/112
f 589/590/570 340/341/336 472/473/460
f 129/130/127 128/129/126 839/839/567
f 840/840/752 307/308/303 112/113/111
f 308/309/304 570/571/553 538/539/522
f 840/840/752 755/755/696 571/572/554
f 841/841/473 891/891/102 575/576/103
f 569/570/552 485/486/472 746/746/540
f 72/73/73 554/555/538 557/558/541
f 842/842/71 745/745/541 491/492/478
f 491/492/478 485/486/472 486/487/473
f 843/843/476 841/841/473 91/92/91
f 544/545/528 821/821/739 477/478/465
f 490/491/477 439/440/428 844/844/714
f 32/35/34 438/439/427 845/845/379
f 197/198/193 31/34/33 846/846/212
f 847/847/753 339/340/335 97/98/97
f 38/41/40 337/338/333 57/58/58
f 420/421/409 369/370/365 78/79/79
f 689/689/647 326/327/322 848/848/592
f 123/124/121 122/123/120 434/435/423
f 43/46/45 185/186/182 850/850/754
f 851/851/750 274/275/270 689/689/647
f 799/799/728 837/837/750 316/317/312
f 27/30/29 65/66/66 852/852/755
f 853/853/756 892/892/741 854/854/308
f 288/289/284 702/702/657 253/254/249
f 224/225/220 292/293/288 306/307/302
f 855/855/757 726/726/46 277/278/273
f 136/137/134 231/232/227 230/231/226
f 323/324/319 830/830/746 429/430/418
f 283/284/279 282/283/278 740/740/686
f 856/856/749 893/893/181 749/749/690
f 857/857/547 34/37/36 858/858/758
f 467/468/455 48/51/50 825/825/743
f 637/638/609 661/662/626 859/859/759
f 418/419/407 301/302/297 208/209/204
f 503/504/450 777/777/452 705/705/660
f 192/193/37 776/776/36 458/459/446
f 473/474/461 368/369/364 809/809/734
f 860/860/712 303/304/299 40/43/42
f 861/861/760 865/865/763 862/862/761
f 863/863/762 894/894/776 510/511/496
f 108/109/107 110/111/109 662/663/627
f 864/864/510 862/862/761 865/865/763
f 596/597/577 595/596/576 661/662/626
f 207/208/203 81/82/82 419/420/408
f 18/21/20 180/181/177 51/54/53
f 495/496/482 284/285/280 286/287/282
f 576/577/558 210/211/206 432/433/421
f 627/628/602 738/738/684 859/859/759
f 80/81/81 435/436/424 817/817/737
f 868/868/765 870/870/767 698/698/654
f 864/864/510 866/866/764 869/869/766
f 297/298/293 605/606/585 758/758/699
f 73/74/74 75/76/76 870/870/767
f 33/36/35 35/38/37 871/871/188
f 847/847/753 456/457/444 564/565/548
f 107/108/106 106/107/105 561/562/545
f 107/108/106 98/99/98 340/341/336
f 605/606/585 609/610/587 770/770/708
f 873/873/765 881/881/772 462/463/450
f 711/711/664 405/406/394 827/827/745
f 763/763/703 873/873/765 874/874/768
f 512/513/498 511/512/497 74/75/75
f 511/512/497 580/581/561 861/861/760
f 74/75/75 511/512/497 75/76/76
f 580/581/561 579/580/560 668/669/630
f 668/669/630 240/241/236 861/861/760
f 240/241/236 242/243/238 865/865/763
f 861/861/760 240/241/236 865/865/763
f 242/243/238 869/869/766 866/866/764
f 866/866/764 865/865/763 242/243/238
f 861/861/760 698/698/654 870/870/767
f 870/870/767 75/76/76 861/861/760
f 74/75/75 895/895/158 512/513/498
f 895/895/158 863/863/762 512/513/498
f 580/581/561 668/669/630 861/861/760
f 797/797/727 210/211/206 212/213/208
f 703/703/658 89/90/89 641/642/612
f 208/209/204 300/301/296 82/83/83
f 162/163/159 594/595/575 590/591/571
f 439/440/428 490/491/477 876/876/532
