# Blender v2.80 (sub 35) OBJ File: 'r3pu_lowpoly.blend'
# www.blender.org
v 3.371627 -3.935425 -2.684741
v 3.380623 -3.970218 -2.603713
v 3.374177 -3.937017 -2.686451
v 3.092060 -4.106816 -3.426457
v 3.059472 -4.034473 -3.548959
v 3.109452 -4.065245 -3.403755
v 3.334479 -4.023058 -2.720868
v 3.329992 -4.081478 -2.663269
v 3.318118 -4.060586 -2.738816
v 3.378124 -3.968549 -2.601760
v 3.384532 -4.002079 -2.523495
v 3.216386 -4.039012 -3.165177
v 3.178793 -4.035029 -3.275553
v 3.186955 -4.014936 -3.273992
v 3.347689 -4.199264 -2.368552
v 3.343904 -4.227144 -2.324823
v 3.342927 -4.213295 -2.376699
v 3.255454 -4.355279 -2.689163
v 3.265185 -4.355402 -2.617930
v 3.262993 -4.365911 -2.617954
v 3.298926 -4.264290 -2.547759
v 3.319432 -4.256990 -2.477869
v 3.305489 -4.282025 -2.473573
v 3.223131 -4.019468 -3.157632
v 3.243302 -4.063911 -3.055833
v 3.311247 -4.352188 -1.726951
v 3.294604 -4.397738 -1.680615
v 3.305583 -4.380312 -1.742322
v 3.311818 -3.765447 -3.125119
v 3.288240 -3.718797 -3.238770
v 3.309662 -3.763538 -3.122656
v 3.257501 -4.250199 -2.774834
v 3.281576 -4.226493 -2.698848
v 3.269184 -4.267151 -2.699092
v 2.774949 -4.244119 -4.001145
v 2.753221 -4.262776 -4.022517
v 2.752686 -4.243195 -4.032287
v 3.329166 -4.316391 -2.127775
v 3.337038 -4.293020 -2.129459
v 3.334190 -4.306384 -2.104562
v 3.286188 -4.301882 -2.545612
v 3.187862 -3.685483 -3.309010
v 3.263724 -3.676446 -3.353459
v 3.103540 -3.960897 -3.523660
v 3.040862 -3.906297 -3.671537
v 3.110564 -3.941225 -3.515416
v 3.353218 -4.173679 -2.380214
v 3.348562 -4.208303 -2.394058
v 3.350913 -4.187192 -2.407637
v 3.161624 -3.908215 -3.375805
v 3.215065 -3.877457 -3.264469
v 3.196048 -3.932231 -3.264293
v 3.180422 -3.851455 -3.379270
v 3.108676 -3.878995 -3.522543
v 3.127154 -3.818259 -3.532483
v 2.866573 -3.880604 -3.950786
v 2.822193 -3.978391 -3.985314
v 2.844752 -3.872435 -3.977100
v 2.968567 -4.289201 -3.606518
v 3.024293 -4.299378 -3.426508
v 2.944051 -4.289391 -3.595048
v 3.197649 -3.974657 -3.259141
v 3.227189 -3.988709 -3.149540
v 3.226951 -3.999351 -3.150504
v 3.165107 -3.550918 -3.725143
v 3.223710 -3.627368 -3.526784
v 3.164293 -3.559223 -3.728448
v 2.988777 -3.711542 -3.880889
v 2.923480 -3.790812 -3.917900
v 2.971989 -3.695904 -3.915351
v 3.129897 -4.040635 -3.387095
v 3.143384 -4.088508 -3.293739
v 3.295859 -4.201490 -2.696663
v 3.310484 -4.211461 -2.622434
v 3.305452 -4.220336 -2.622914
v 3.226706 -4.401448 -2.407954
v 3.225275 -4.385964 -2.477057
v 3.225235 -4.390070 -2.477723
v 2.891740 -3.529659 -3.766796
v 3.159395 -3.547287 -3.719498
v 3.102708 -3.493576 -3.864955
v 2.997455 -3.986633 -3.709092
v 3.038144 -4.073784 -3.580505
v 2.968065 -4.016048 -3.753479
v 3.322652 -4.337976 -2.116900
v 3.356462 -4.242846 -1.892852
v 3.302921 -4.219975 -1.959857
v 3.291195 -4.246937 -1.890495
v 3.268785 -4.438198 -1.550109
v 3.283554 -4.392649 -1.606476
v 3.268712 -4.416471 -1.540446
v 3.222415 -4.374643 -2.548877
v 3.218559 -4.367466 -2.621361
v 3.222543 -4.378646 -2.549509
v 3.222976 -4.382402 -2.550084
v 3.220427 -4.374661 -2.622376
v 3.224022 -4.385664 -2.550541
v 3.207100 -4.306272 -2.968054
v 3.187932 -4.312800 -3.042508
v 3.187949 -4.296534 -3.048866
v 3.349045 -4.168598 -2.454247
v 3.346491 -4.124603 -2.511689
v 3.351836 -4.147220 -2.437952
v 3.098264 -4.267102 -3.336156
v 3.097723 -4.284218 -3.320833
v 3.093349 -4.268490 -3.346564
v 3.253992 -4.014405 -3.039918
v 3.253496 -4.024801 -3.041364
v 3.174874 -4.557809 -1.505039
v 3.176886 -4.534678 -1.487179
v 3.174716 -4.532978 -1.490288
v 2.905678 -4.086278 -3.858287
v 2.960222 -3.965103 -3.783773
v 3.198243 -4.078259 -3.168300
v 3.220285 -4.111924 -3.061710
v 3.192328 -4.087432 -3.170666
v 2.864584 -4.229816 -3.861206
v 2.847031 -4.188127 -3.913385
v 2.875682 -4.194067 -3.862676
v 3.052812 -4.271905 -3.440547
v 3.136387 -4.031471 -3.384073
v 3.162361 -4.063692 -3.279199
v 3.013558 -4.170883 -3.616114
v 3.076993 -4.214348 -3.436180
v 3.012457 -4.174779 -3.616837
v 3.107849 -3.630236 -3.455873
v 3.183664 -3.688565 -3.308217
v 3.111743 -3.626999 -3.456710
v 3.050811 -4.277839 -3.439905
v 3.097518 -4.289353 -3.316455
v 3.116975 -4.251871 -3.306303
v 3.076252 -4.216154 -3.436742
v 2.991764 -4.227428 -3.615243
v 2.982136 -4.253848 -3.614159
v 3.075464 -4.217959 -3.437187
v 3.011668 -4.177116 -3.616930
v 2.897859 -4.120373 -3.865832
v 2.896905 -4.125776 -3.866553
v 3.087323 -4.000670 -3.525473
v 3.028477 -3.967154 -3.669911
v 3.096536 -3.981046 -3.524560
v 2.989753 -3.952156 -3.737623
v 3.338473 -4.233902 -2.382254
v 3.326913 -4.258380 -2.391233
v 3.327157 -4.262572 -2.391170
v 2.718703 -3.656278 -3.954619
v 2.721189 -3.758395 -3.959770
v 2.721564 -3.758532 -3.955544
v 2.933414 -3.671443 -3.972368
v 2.903709 -3.779372 -3.947716
v 2.883396 -3.769599 -3.972827
v 2.807945 -4.270581 -3.829660
v 2.942206 -4.282959 -3.593837
v 2.941462 -4.279459 -3.593276
v 3.221415 -3.617065 -3.519764
v 3.001853 -3.585331 -3.628894
v 3.117039 -3.624012 -3.458536
v 3.003067 -4.198862 -3.616169
v 3.068860 -4.232595 -3.438959
v 3.342352 -4.231120 -2.398244
v 3.348108 -4.206718 -2.410537
v 3.289355 -4.499249 -1.807913
v 3.297050 -4.455321 -1.856951
v 3.292991 -4.466932 -1.792975
v 3.350115 -4.189642 -2.416898
v 3.045078 -4.294684 -3.436082
v 3.097016 -4.294282 -3.313042
v 3.095138 -4.302887 -3.308395
v 3.077852 -4.210843 -3.435510
v 3.117682 -4.250722 -3.305205
v 3.107998 -4.261552 -3.318483
v 3.307036 -4.397472 -1.821486
v 3.322167 -4.347666 -1.854496
v 3.314426 -4.363625 -1.801311
v 3.264948 -3.684668 -3.359511
v 3.224941 -3.620209 -3.523945
v 3.266191 -3.678810 -3.356827
v 3.062956 -4.246103 -3.440120
v 3.059998 -4.253128 -3.440568
v 3.276586 -4.098900 -2.909934
v 3.252614 -4.100593 -2.985552
v 3.260238 -4.081113 -2.982852
v 3.202621 -4.337498 -2.958994
v 3.187083 -4.342010 -2.890618
v 3.174004 -4.335417 -2.958070
v 3.158181 -4.325857 -3.026003
v 3.159210 -4.328966 -3.027148
v 2.888685 -3.888921 -3.920396
v 2.942006 -3.803160 -3.885656
v 2.909753 -3.896014 -3.888824
v 3.110844 -3.506835 -3.873894
v 3.094334 -3.492599 -3.911817
v 3.207651 -4.356251 -2.759771
v 3.228689 -4.352230 -2.823328
v 3.240053 -4.359475 -2.757848
v 3.318112 -4.007371 -2.504343
v 3.384076 -4.030156 -2.445508
v 3.382060 -4.000361 -2.521402
v 3.290118 -4.444008 -2.144355
v 3.288177 -4.461161 -2.082763
v 3.286466 -4.449546 -2.147052
v 3.334330 -4.194010 -2.542656
v 3.332314 -4.155849 -2.610210
v 3.339570 -4.175417 -2.536436
v 3.318219 -4.230403 -2.548754
v 3.247509 -4.333808 -2.759100
v 3.219216 -4.371315 -2.621924
v 3.252069 -4.365881 -2.689856
v 3.021827 -3.970416 -3.679447
v 3.028368 -3.948996 -3.681254
v 3.225537 -4.393918 -2.478329
v 3.332876 -4.231125 -2.475251
v 3.339983 -4.212890 -2.470645
v 3.256605 -4.377554 -2.620270
v 3.261817 -4.388417 -2.548261
v 3.215153 -4.364735 -2.692556
v 3.301811 -4.068818 -2.820088
v 3.314702 -4.097839 -2.749573
v 3.301049 -4.078777 -2.822632
v 3.245778 -3.905246 -3.148784
v 3.334548 -4.271763 -2.253627
v 3.329094 -4.268210 -2.336017
v 3.336769 -4.247737 -2.329836
v 3.161347 -4.159557 -3.194901
v 3.174767 -4.112402 -3.183091
v 3.278641 -4.284418 -2.622548
v 3.257325 -4.343926 -2.689919
v 3.270824 -3.859906 -2.905540
v 3.261109 -3.825845 -2.981826
v 3.258555 -3.829377 -2.982803
v 3.204600 -4.335421 -2.959311
v 3.216669 -4.345102 -2.889147
v 3.219018 -4.343109 -2.888794
v 3.270101 -4.042277 -2.968479
v 3.286777 -4.050165 -2.893427
v 3.286048 -4.060258 -2.895580
v 3.287109 -3.883385 -2.827683
v 3.299898 -3.911305 -2.749236
v 3.290752 -3.880264 -2.827314
v 3.186210 -4.339020 -2.890316
v 3.220671 -3.729168 -3.205014
v 3.168594 -4.054524 -3.276520
v 3.049994 -3.893583 -3.654261
v 3.113865 -3.910297 -3.509905
v 3.114412 -3.921020 -3.508867
v 3.120442 -4.227557 -3.304641
v 3.118433 -4.247608 -3.304332
v 2.800409 -3.972278 -4.007554
v 2.721776 -3.865131 -3.969786
v 2.824552 -3.865790 -3.996444
v 3.325052 -4.264290 -2.428391
v 3.334866 -4.246654 -2.421634
v 3.333656 -4.252872 -2.406188
v 3.116684 -4.313160 -3.180310
v 3.092196 -4.311481 -3.256358
v 3.118492 -4.316549 -3.180011
v 3.302796 -4.335395 -1.646750
v 3.284937 -4.357451 -1.588334
v 3.312930 -4.383863 -1.876346
v 3.301303 -4.428923 -1.841033
v 3.305601 -4.417253 -1.897244
v 3.330940 -3.816303 -3.008199
v 3.310997 -3.770194 -3.127352
v 3.327352 -4.257803 -2.435489
v 3.197708 -3.963844 -3.258710
v 3.226677 -3.957365 -3.152209
v 3.017024 -3.947748 -3.700522
v 3.032643 -3.926693 -3.682345
v 3.368094 -4.215982 -1.964309
v 3.313023 -4.191097 -2.033787
v 3.359058 -4.095343 -2.486582
v 2.969044 -3.905821 -3.787598
v 3.321821 -3.999327 -2.799004
v 3.304222 -4.040316 -2.814213
v 3.269302 -4.462787 -1.561785
v 3.281791 -4.416578 -1.617021
v 3.191904 -4.184940 -3.078339
v 3.203928 -4.137043 -3.071951
v 2.722117 -3.656345 -3.963329
v 2.718710 -3.656304 -3.958810
v 3.161070 -3.971416 -3.373861
v 3.154266 -3.991454 -3.381911
v 2.712287 -4.048296 -3.980642
v 2.718652 -3.970018 -3.966729
v 2.717208 -3.969488 -3.970858
v 3.322520 -4.269978 -2.387485
v 3.320533 -4.289155 -2.344631
v 3.322299 -4.333117 -2.144613
v 3.329929 -4.310469 -2.144269
v 3.342625 -4.227178 -2.414907
v 2.991190 -3.594234 -3.624486
v 3.104656 -3.633597 -3.455529
v 3.287619 -4.249898 -1.891744
v 3.296357 -4.226117 -1.962394
v 3.284979 -4.253230 -1.893222
v 3.352967 -4.071497 -2.564415
v 3.339299 -4.102801 -2.587522
v 3.272439 -4.508719 -1.586468
v 3.280119 -4.470460 -1.644169
v 3.270657 -4.487204 -1.574715
v 3.243734 -4.233545 -2.850032
v 3.269723 -4.207848 -2.773962
v 3.273862 -3.934655 -3.032243
v 3.254847 -3.983748 -3.039809
v 3.365647 -3.907654 -2.770372
v 3.374294 -3.940362 -2.688265
v 3.291185 -4.245324 -2.623408
v 3.291557 -4.439377 -2.142026
v 3.300818 -4.399408 -2.160025
v 3.301542 -4.406456 -2.125540
v 3.249719 -4.367691 -2.690615
v 3.271417 -4.367609 -2.544776
v 3.026217 -3.459568 -3.998709
v 3.052948 -3.467784 -3.977397
v 3.196700 -4.342317 -2.824567
v 3.197246 -4.345789 -2.824945
v 3.174619 -4.560420 -1.521498
v 3.173157 -4.555560 -1.513396
v 3.174138 -4.556424 -1.523914
v 3.284635 -4.462818 -2.083745
v 3.283069 -4.451297 -2.147911
v 3.154611 -4.270502 -3.180026
v 3.150561 -4.288323 -3.187950
v 3.239625 -3.780217 -3.096577
v 3.211408 -3.739235 -3.205947
v 3.237203 -3.783779 -3.097508
v 3.162976 -4.316382 -3.131203
v 3.160764 -4.307982 -3.146290
v 3.163934 -4.316673 -3.128438
v 3.172414 -4.320292 -3.095946
v 3.164820 -4.319658 -3.119580
v 3.165434 -4.317245 -3.123267
v 3.267666 -3.819295 -2.980884
v 3.242437 -3.776774 -3.095929
v 3.264025 -3.822442 -2.981102
v 3.343563 -3.846802 -2.928590
v 2.807501 -4.222485 -3.960252
v 2.791740 -4.178593 -4.000042
v 2.818407 -4.182909 -3.960271
v 2.851152 -4.174253 -3.913792
v 2.888176 -4.156154 -3.864742
v 2.879979 -4.180912 -3.863316
v 3.299203 -4.222866 -1.960995
v 3.208230 -4.058875 -3.167126
v 3.235439 -4.083542 -3.058232
v 3.023240 -4.296176 -3.425909
v 3.073633 -4.301384 -3.298446
v 3.022298 -4.292580 -3.425326
v 3.222260 -4.154006 -2.997672
v 2.896041 -4.131012 -3.866373
v 2.896555 -4.128364 -3.866495
v 3.284169 -4.182764 -2.770112
v 3.298272 -4.155227 -2.767262
v 3.317493 -4.155410 -2.690372
v 3.310006 -4.174234 -2.694042
v 3.146473 -4.011807 -3.383193
v 3.275538 -4.155273 -2.841959
v 3.289219 -4.173801 -2.769073
v 3.239691 -4.171505 -2.923304
v 3.210754 -4.200994 -3.001003
v 3.243325 -4.119679 -2.987127
v 3.269140 -4.118248 -2.912916
v 3.260056 -4.137199 -2.914600
v 3.303584 -4.200495 -2.037571
v 3.306212 -4.197135 -2.036115
v 2.721312 -3.865960 -3.960901
v 2.722798 -3.866291 -3.956772
v 3.220004 -4.467570 -2.030124
v 3.222929 -4.461208 -2.090343
v 3.220397 -4.471709 -2.030783
v 2.994035 -3.850651 -3.769595
v 3.300042 -4.411898 -1.760118
v 3.288811 -4.455390 -1.711819
v 3.295909 -4.441616 -1.777998
v 3.291918 -4.117277 -2.836964
v 3.282437 -4.079748 -2.902860
v 3.297571 -4.098166 -2.830016
v 3.032962 -3.859951 -3.686946
v 3.128255 -4.132603 -3.310590
v 3.344940 -4.047324 -2.642576
v 2.808631 -4.274562 -3.831140
v 2.943040 -4.286316 -3.594420
v 3.290576 -3.720675 -3.241535
v 3.345080 -4.194297 -2.464843
v 3.348130 -4.176567 -2.458726
v 3.270442 -4.164307 -2.843270
v 3.293556 -3.917907 -2.750620
v 3.304440 -3.947023 -2.667133
v 3.296345 -3.914463 -2.749702
v 3.307318 -3.976729 -2.876764
v 3.288939 -4.020844 -2.889523
v 3.276453 -3.853025 -2.903789
v 3.315525 -4.088058 -2.746648
v 3.331528 -3.812028 -3.006129
v 3.329370 -3.810221 -3.003948
v 3.173088 -4.332386 -2.957504
v 3.157523 -4.322273 -3.024664
v 3.310735 -3.979594 -2.584004
v 3.314579 -4.010507 -2.505003
v 3.213050 -4.357430 -2.691597
v 3.206497 -4.353006 -2.759421
v 3.213853 -4.361335 -2.692130
v 3.336099 -4.233585 -2.382705
v 2.723171 -3.758653 -3.951474
v 3.323005 -4.136406 -2.683781
v 3.326912 -4.174674 -2.616619
v 3.227866 -4.408849 -2.409133
v 3.266597 -4.399458 -2.476575
v 3.270817 -4.410129 -2.407642
v 3.274680 -4.535616 -1.676486
v 3.282673 -4.521277 -1.744629
v 3.278766 -4.533649 -1.675218
v 3.170268 -4.306723 -3.112721
v 3.173779 -4.555401 -1.508287
v 2.979403 -4.261970 -3.613299
v 2.995595 -4.217587 -3.615536
v 2.858644 -4.250947 -3.859377
v 2.976835 -4.269926 -3.611975
v 3.320987 -4.360652 -1.967652
v 3.343398 -4.292615 -1.999023
v 3.333921 -4.319931 -1.934425
v 3.177283 -4.559783 -1.502080
v 3.255356 -4.527476 -1.500981
v 3.339440 -4.273844 -1.809425
v 3.275939 -4.276681 -1.812569
v 3.262173 -4.522298 -1.523541
v 3.292566 -4.467298 -2.018795
v 3.293161 -4.451647 -2.077313
v 3.293798 -4.463077 -2.016332
v 3.237953 -4.128803 -2.988954
v 3.344637 -4.207921 -2.377985
v 3.350619 -4.188093 -2.368830
v 3.300898 -4.192588 -2.695902
v 3.319529 -4.193277 -2.620518
v 3.307237 -4.379235 -2.151799
v 3.315021 -4.339459 -2.210305
v 3.314370 -4.357275 -2.146034
v 2.870731 -4.076333 -3.913399
v 2.896854 -3.993231 -3.885013
v 2.811713 -4.060842 -3.993264
v 2.846859 -3.985168 -3.955092
v 2.839757 -4.068000 -3.957517
v 3.255695 -4.189484 -2.848765
v 3.228092 -4.217155 -2.925128
v 3.148411 -4.290307 -3.193463
v 3.154330 -4.300395 -3.169463
v 3.147487 -4.290515 -3.195635
v 2.697754 -4.173155 -4.013855
v 2.758696 -4.217864 -4.031477
v 2.691694 -4.218331 -4.024190
v 2.801627 -4.135408 -3.999208
v 2.782804 -4.102713 -4.025374
v 2.807211 -4.107481 -3.998247
v 3.272446 -4.002038 -2.964730
v 3.270760 -4.032051 -2.966699
v 3.246030 -3.773577 -3.095844
v 3.216887 -3.732332 -3.204775
v 3.048923 -4.283827 -3.438857
v 3.289651 -3.725715 -3.243882
v 2.823987 -4.266772 -3.908743
v 2.829910 -4.248039 -3.911230
v 2.781103 -4.219807 -4.001030
v 2.768957 -4.175357 -4.029405
v 2.832793 -4.237215 -3.912011
v 2.804278 -4.234414 -3.960057
v 2.835969 -4.225841 -3.912517
v 2.861470 -4.240625 -3.860458
v 2.777875 -4.232272 -4.001183
v 3.040199 -3.792535 -3.727717
v 3.009541 -3.879880 -3.724881
v 3.111638 -4.292501 -3.279345
v 3.112088 -4.297595 -3.273439
v 2.822274 -4.168376 -3.960348
v 2.829313 -4.141130 -3.960610
v 2.995328 -3.590092 -3.625973
v 3.111264 -4.305862 -3.266527
v 3.093772 -4.306254 -3.306802
v 2.809576 -4.278358 -3.832673
v 3.072324 -4.297300 -3.298035
v 3.021413 -4.288786 -3.424750
v 3.363605 -4.119156 -2.409771
v 2.971573 -4.283902 -3.608455
v 2.801351 -4.245750 -3.959640
v 2.755532 -4.230835 -4.031972
v 3.162369 -4.307818 -3.141159
v 3.280485 -4.493890 -1.657065
v 3.275427 -4.536478 -1.600080
v 3.281443 -4.523862 -1.671132
v 2.793076 -4.272347 -3.954384
v 2.796203 -4.265037 -3.956549
v 2.852841 -4.268856 -3.856320
v 2.820426 -4.274039 -3.906987
v 2.770749 -4.270260 -3.991094
v 2.772410 -4.263426 -3.994902
v 2.756923 -4.268134 -4.012427
v 2.702859 -4.134913 -3.999820
v 2.706936 -4.102785 -3.997931
v 2.703061 -4.134031 -4.004509
v 2.836055 -4.111417 -3.960547
v 2.835715 -4.114065 -3.960673
v 2.866072 -4.122047 -3.915699
v 2.858859 -4.148190 -3.914734
v 2.783054 -4.099781 -4.024924
v 2.807489 -4.104755 -3.997961
v 2.866496 -4.119407 -3.915714
v 2.711660 -4.047029 -3.989701
v 2.716932 -3.968368 -3.979849
v 2.811037 -4.281776 -3.834314
v 2.849357 -4.275809 -3.854393
v 2.707009 -4.272728 -4.002853
v 2.695489 -4.265763 -4.020632
v 3.018073 -4.152434 -3.610649
v 2.783185 -4.096989 -4.024441
v 2.707525 -4.097439 -3.997000
v 2.708093 -4.092185 -3.996078
v 2.703732 -4.135912 -3.995574
v 2.706753 -4.103580 -3.993169
v 3.164576 -3.939898 -3.367143
v 3.221849 -4.330070 -2.890946
v 3.206577 -4.321699 -2.963079
v 3.363024 -3.902665 -2.767218
v 3.352911 -3.871682 -2.846596
v 3.177656 -3.695314 -3.308620
v 3.213938 -3.735727 -3.205196
v 3.180421 -3.691881 -3.308220
v 3.137958 -4.303237 -3.205815
v 3.161502 -4.318555 -3.130099
v 3.138663 -4.314096 -3.190222
v 3.158769 -4.307581 -3.151753
v 3.147020 -4.323988 -3.081633
v 3.139909 -4.318406 -3.105796
v 3.141326 -4.321673 -3.107079
v 2.836706 -4.103087 -3.959878
v 2.867444 -4.111174 -3.915128
v 2.836241 -4.108880 -3.960372
v 2.866753 -4.116855 -3.915673
v 2.807631 -4.102156 -3.997634
v 2.808083 -4.096253 -3.996951
v 2.783722 -4.090905 -4.023490
v 3.116218 -4.253033 -3.307280
v 3.135358 -4.297288 -3.217813
v 3.110504 -4.286808 -3.287549
v 3.164752 -3.950799 -3.366953
v 3.163388 -4.319109 -3.124633
v 3.162473 -4.318829 -3.127343
v 3.157805 -4.299552 -3.159790
v 3.159779 -4.307766 -3.149050
v 3.156268 -4.300507 -3.164348
v 3.307728 -4.385993 -2.116917
v 3.302571 -4.419015 -2.057994
v 3.149311 -4.290132 -3.191167
v 3.155309 -4.300434 -3.166956
v 2.698277 -4.175094 -4.005033
v 2.693506 -4.220344 -4.011184
v 2.699538 -4.176205 -4.000948
v 3.161971 -4.316103 -3.134001
v 2.795316 -4.163546 -3.999732
v 2.777892 -4.131463 -4.027362
v 2.772250 -4.160021 -4.028687
v 3.288905 -4.437993 -2.177523
v 3.313440 -4.288340 -2.410655
v 3.292380 -4.318804 -2.468978
v 3.280148 -3.849917 -2.903514
v 3.234529 -4.338019 -2.823829
v 3.245831 -4.346170 -2.757323
v 3.273462 -3.856397 -2.904544
v 3.222834 -4.315584 -2.895019
v 3.198192 -4.348836 -2.825227
v 3.291836 -4.455967 -2.079835
v 3.342847 -4.157123 -2.528956
v 3.172552 -4.328919 -2.956807
v 3.157051 -4.318452 -3.023229
v 3.205785 -4.349292 -2.758969
v 3.365577 -3.904196 -2.768782
v 3.020887 -3.922293 -3.702720
v 2.994505 -3.913594 -3.741730
v 2.697516 -4.174054 -4.009280
v 2.692283 -4.219647 -4.015406
v 3.364838 -4.223144 -2.096056
v 3.380920 -4.190968 -2.043401
v 3.362005 -4.236953 -2.059509
v 2.711406 -4.047636 -3.984955
v 2.716417 -3.968943 -3.975170
v 3.291246 -3.955221 -2.954420
v 3.292943 -4.478138 -1.931546
v 3.302603 -4.429980 -1.995669
v 3.300068 -4.444889 -1.914307
v 3.325932 -4.294934 -2.261234
v 3.332170 -4.291890 -2.195545
v 3.323501 -4.315731 -2.202937
v 3.173815 -4.530940 -1.493740
v 3.173343 -4.552775 -1.511680
v 2.700265 -4.160892 -4.001598
v 2.699471 -4.159855 -4.005847
v 3.165926 -4.288926 -3.134647
v 3.080909 -4.009870 -3.529087
v 3.266428 -4.547587 -1.537097
v 3.131155 -4.289733 -3.235316
v 2.911873 -3.663453 -3.990785
v 2.863246 -3.762250 -3.990956
v 3.235967 -4.324575 -2.826760
v 3.110795 -3.498096 -3.870632
v 3.343760 -4.148273 -2.525045
v 3.287728 -4.420726 -2.242210
v 3.298918 -4.365090 -2.293411
v 3.299454 -4.383555 -2.228395
v 3.238196 -4.416814 -1.441589
v 3.140651 -4.426997 -1.436828
v 3.137158 -4.430818 -1.430858
v 3.311279 -4.117116 -2.757025
v 3.010848 -4.179392 -3.616930
v 3.266934 -4.382792 -1.523923
v 3.282969 -4.355826 -1.586671
v 3.264632 -4.381006 -1.522532
v 2.713738 -4.048986 -3.976547
v 2.709575 -4.085448 -3.985723
v 2.711035 -4.086237 -3.981654
v 3.136909 -4.317318 -3.118096
v 3.138641 -4.320676 -3.118338
v 3.243242 -4.448673 -1.456690
v 3.154280 -4.476828 -1.452829
v 3.246091 -4.467814 -1.467077
v 3.269415 -4.548319 -1.605914
v 3.273484 -4.546237 -1.604587
v 3.164117 -4.494061 -1.471560
v 3.152051 -4.475106 -1.455921
v 3.151355 -4.473118 -1.459397
v 3.311777 -4.072640 -2.368279
v 3.313813 -4.094654 -2.301934
v 3.313999 -4.069027 -2.366868
v 3.284540 -4.136484 -2.840200
v 3.305712 -4.136198 -2.763805
v 2.723276 -3.758229 -3.964309
v 3.288839 -4.472521 -2.021702
v 3.284214 -4.490031 -1.936589
v 3.285130 -4.474193 -2.022738
v 3.249295 -4.488977 -1.478829
v 3.254662 -4.459555 -1.489123
v 3.270245 -4.283092 -1.815585
v 3.282806 -4.256749 -1.894814
v 3.268254 -4.286696 -1.817233
v 3.171523 -4.322629 -3.092898
v 3.187206 -4.327049 -3.035144
v 3.185789 -4.329258 -3.033455
v 3.293946 -4.229547 -1.963920
v 3.291509 -4.488253 -1.872229
v 3.226521 -4.397245 -2.478812
v 3.231171 -4.350291 -2.822768
v 3.045659 -3.886616 -3.662456
v 3.326408 -4.117323 -2.676293
v 3.319872 -4.036099 -2.431270
v 3.384947 -4.057585 -2.375206
v 3.307949 -3.943847 -2.666607
v 3.351560 -4.224607 -2.241040
v 3.350893 -4.205181 -2.320844
v 2.720685 -3.865588 -3.965187
v 3.221922 -4.475250 -2.031199
v 3.343894 -3.842933 -2.926720
v 3.341606 -3.841301 -2.924784
v 3.313207 -4.239272 -2.548955
v 3.324196 -4.248329 -2.478381
v 3.172207 -4.325235 -2.956043
v 3.185722 -4.335618 -2.889913
v 3.185425 -4.332008 -2.889459
v 3.284193 -3.886783 -2.828513
v 3.281641 -3.890322 -2.829572
v 3.287472 -4.479835 -1.725816
v 3.286073 -4.511220 -1.740512
v 3.332013 -4.295117 -1.758978
v 3.318660 -4.314879 -1.703332
v 3.314243 -3.976423 -2.583426
v 3.259147 -4.375821 -2.619383
v 3.277926 -4.399859 -2.405014
v 3.276410 -4.379810 -2.472588
v 3.280372 -4.391696 -2.403498
v 2.691524 -4.218968 -4.019712
v 3.386832 -4.034959 -2.449780
v 3.386575 -4.031924 -2.447480
v 3.205294 -4.345344 -2.758467
v 3.387840 -4.085331 -2.309814
v 3.387536 -4.059434 -2.376731
v 3.299176 -4.330773 -2.391156
v 3.331264 -4.315693 -1.835585
v 3.321843 -4.333550 -1.783733
v 3.139829 -4.456578 -1.445501
v 3.134881 -4.432637 -1.443621
v 3.139245 -4.454987 -1.449335
v 3.320089 -4.062474 -2.364738
v 3.316344 -4.039204 -2.432041
v 3.316632 -4.065584 -2.365630
v 3.308020 -3.983051 -2.585047
v 3.309489 -4.017519 -2.507438
v 3.311836 -4.013938 -2.506109
v 3.355356 -3.873220 -2.848276
v 3.311280 -4.046200 -2.434589
v 3.313613 -4.042624 -2.433214
v 3.254850 -4.146287 -2.916176
v 2.872539 -3.991005 -3.920236
v 3.242454 -4.357595 -2.757187
v 3.336578 -4.127859 -2.599100
v 3.335672 -4.137103 -2.602712
v 3.351860 -4.262702 -2.068906
v 3.354149 -4.263436 -1.984595
v 3.385173 -4.083471 -2.308611
v 3.319850 -4.088097 -2.299737
v 3.327132 -4.212379 -2.546782
v 3.278881 -4.435026 -2.247097
v 3.278913 -4.422885 -2.310997
v 3.282155 -4.432980 -2.246466
v 3.386364 -4.148385 -2.146993
v 3.384856 -4.121373 -2.210970
v 3.383724 -4.146828 -2.145284
v 3.291104 -4.427131 -1.695761
v 3.280433 -4.443725 -1.629861
v 3.327290 -4.107778 -2.673010
v 3.309575 -4.401982 -1.979635
v 3.282934 -4.415340 -2.308878
v 3.284926 -4.408863 -2.307116
v 2.712040 -3.473755 -3.957382
v 2.713487 -3.471379 -3.961471
v 3.333072 -4.320564 -2.024219
v 3.342118 -4.287533 -2.083190
v 3.266356 -4.061893 -2.975664
v 3.388113 -4.125588 -2.214133
v 3.387507 -4.123005 -2.212549
v 3.314734 -4.363223 -2.112793
v 3.326168 -4.335986 -2.066067
v 3.317031 -4.366842 -2.044455
v 3.349769 -4.245519 -2.178174
v 3.345424 -4.272392 -2.114341
v 3.316427 -4.130589 -2.198309
v 3.313543 -4.133918 -2.199494
v 3.320090 -4.127565 -2.197525
v 3.316413 -4.091205 -2.300673
v 3.226094 -4.453649 -2.152930
v 3.224854 -4.450185 -2.152430
v 3.383210 -4.174793 -2.078285
v 3.380555 -4.173234 -2.076786
v 3.135484 -4.433658 -1.450847
v 3.139513 -4.453299 -1.453391
v 3.319380 -4.152854 -2.131968
v 3.316203 -4.177817 -2.067800
v 3.227799 -4.425547 -2.310881
v 3.275777 -4.424965 -2.311547
v 3.142119 -4.457979 -1.442110
v 3.311050 -4.137402 -2.200880
v 3.311631 -4.098273 -2.303355
v 3.145820 -4.320795 -3.080092
v 3.273705 -4.408282 -2.407007
v 3.281852 -4.445719 -2.180868
v 3.285202 -4.443871 -2.180089
v 3.173547 -4.528731 -1.497364
v 3.171207 -4.513682 -1.483308
v 3.170983 -4.511469 -1.486933
v 3.309062 -4.395179 -2.046293
v 3.248488 -4.407498 -1.463454
v 2.720324 -3.469041 -3.965967
v 3.371576 -4.219331 -1.966659
v 3.327345 -4.292862 -1.756612
v 3.263984 -4.296670 -1.759486
v 3.309331 -4.183865 -2.069997
v 3.309870 -4.162413 -2.135328
v 3.306646 -4.187219 -2.071423
v 3.249297 -4.319517 -1.699549
v 3.260823 -4.299755 -1.760936
v 3.246183 -4.322739 -1.700919
v 3.344905 -4.287056 -1.915774
v 2.688841 -4.244821 -4.025055
v 2.688918 -4.245332 -4.029658
v 3.076466 -4.308521 -3.299329
v 3.307850 -4.341370 -2.282099
v 3.317045 -4.318158 -2.270498
v 3.080601 -4.191919 -3.433896
v 3.340867 -4.268905 -2.186673
v 3.269447 -4.397730 -2.475764
v 3.384695 -4.005201 -2.525880
v 3.264596 -4.386725 -2.547324
v 3.380744 -3.973458 -2.605867
v 3.355008 -4.247920 -2.103750
v 3.355264 -3.876828 -2.849930
v 3.220176 -4.463132 -2.029342
v 3.222618 -4.457098 -2.089673
v 3.301719 -3.950487 -2.668118
v 3.291151 -3.921493 -2.751763
v 3.299391 -3.954094 -2.669333
v 2.880373 -3.539149 -3.760767
v 2.884338 -3.534680 -3.763054
v 3.075318 -3.479111 -3.947491
v 3.053080 -3.460651 -3.972873
v 3.074594 -3.470727 -3.944562
v 3.064856 -3.466526 -3.939749
v 3.028300 -3.453568 -3.992335
v 3.027014 -3.453187 -3.983213
v 3.044119 -3.457502 -3.967499
v 3.093743 -3.483818 -3.909025
v 3.084564 -3.479253 -3.903920
v 2.953494 -3.682399 -3.946534
v 3.227297 -4.436697 -2.247386
v 3.315589 -4.155787 -2.132757
v 3.343037 -4.248642 -2.246705
v 3.286022 -4.426242 -2.244152
v 3.172068 -4.515736 -1.479861
v 3.290416 -4.433128 -2.175327
v 3.226348 -4.433312 -2.246780
v 3.226923 -4.418195 -2.309572
v 3.226919 -4.422152 -2.310266
v 3.256891 -4.481642 -1.500750
v 3.318149 -4.280057 -2.393550
v 3.225504 -4.444578 -2.183768
v 3.359026 -4.220638 -2.171875
v 3.164929 -4.496113 -1.468117
v 3.383871 -4.177218 -2.079867
v 3.386986 -4.150846 -2.148711
v 3.380223 -4.188608 -2.041931
v 3.286977 -4.498629 -1.875886
v 3.281231 -4.511494 -1.812972
v 3.282970 -4.500518 -1.876907
v 3.278567 -4.523213 -1.745829
v 3.285316 -4.509569 -1.811863
v 3.243901 -4.326304 -1.702499
v 3.230127 -4.345992 -1.642610
v 3.328441 -4.253913 -2.387474
v 3.347004 -4.205070 -2.376158
v 3.258478 -4.303226 -1.762532
v 3.342433 -4.274832 -1.810171
v 3.359176 -4.243927 -1.893759
v 3.291875 -4.482546 -1.933335
v 3.288119 -4.488222 -1.935589
v 3.193839 -3.995101 -3.266203
v 3.360254 -4.198990 -2.237025
v 3.224329 -4.464716 -2.090796
v 3.174202 -4.517466 -1.476771
v 3.167093 -4.497864 -1.465043
v 3.370755 -4.217293 -1.965415
v 3.377561 -4.187081 -2.040581
v 3.259498 -4.503281 -1.512790
v 3.252446 -4.509490 -1.490588
v 3.360156 -4.245608 -1.894856
v 2.699705 -4.158962 -4.010465
v 3.225864 -4.102768 -3.059658
v 3.298358 -4.371659 -1.667836
v 2.878124 -3.543344 -3.759203
v 3.224655 -4.446122 -2.151748
v 3.222852 -4.452683 -2.088893
v 3.224977 -4.441758 -2.150976
v 3.358040 -4.180287 -2.319614
v 3.369083 -4.173848 -2.232446
v 3.209099 -4.512272 -1.824387
v 3.213659 -4.500587 -1.888260
v 3.207331 -4.508739 -1.824073
v 3.211948 -4.497016 -1.887934
v 3.279294 -4.354940 -1.585371
v 3.233113 -4.342635 -1.641266
v 3.213949 -4.365506 -1.585657
v 3.190661 -4.551827 -1.620449
v 3.198115 -4.538356 -1.691052
v 3.365418 -4.147685 -2.335026
v 3.387938 -4.062439 -2.378520
v 3.388371 -4.088251 -2.311167
v 3.252813 -4.439754 -1.479061
v 3.225765 -4.436227 -2.182312
v 3.226354 -4.429354 -2.246080
v 3.225381 -4.440550 -2.183079
v 3.156392 -4.418545 -1.486998
v 3.184061 -4.395476 -1.532998
v 3.183431 -4.398623 -1.536804
v 3.336643 -4.233026 -2.384815
v 3.237372 -4.413253 -1.445425
v 3.246746 -4.404761 -1.465014
v 3.236624 -4.409902 -1.451403
v 3.272664 -4.279686 -1.814008
v 3.290631 -4.492757 -1.873785
v 3.288749 -4.503717 -1.809554
v 3.267083 -4.551591 -1.539195
v 3.259926 -4.560364 -1.526413
v 3.265638 -4.556637 -1.545739
v 3.330568 -4.293755 -1.757563
v 3.182933 -4.562903 -1.555783
v 3.368281 -4.196400 -2.166157
v 3.306943 -4.361967 -2.219198
v 3.258634 -4.560657 -1.533701
v 3.262209 -4.558282 -1.548668
v 3.260528 -4.555889 -1.516874
v 3.202026 -4.521468 -1.758211
v 3.204009 -4.524980 -1.758475
v 3.285791 -4.515557 -1.742199
v 3.281508 -4.528037 -1.672782
v 3.343675 -4.276295 -1.811329
v 3.215422 -4.477852 -1.945596
v 3.215319 -4.482307 -1.946375
v 3.217475 -4.490053 -1.947356
v 3.313593 -4.312847 -1.700285
v 3.195806 -4.534826 -1.691001
v 3.242907 -4.403206 -1.466077
v 3.187606 -4.389678 -1.526259
v 3.158697 -4.412476 -1.469926
v 3.194773 -4.530671 -1.690633
v 3.209430 -4.372414 -1.589407
v 3.275831 -4.540526 -1.601864
v 3.185262 -4.392454 -1.529410
v 3.211231 -4.368815 -1.587399
v 3.297467 -4.333265 -1.643455
v 3.300988 -4.334014 -1.644926
v 3.260442 -4.380031 -1.521517
v 3.310780 -4.310617 -2.358458
v 3.211600 -4.488432 -1.886544
v 3.211467 -4.492868 -1.887313
v 3.317007 -4.313594 -1.701607
v 3.186928 -4.543980 -1.621265
v 3.178657 -4.550571 -1.559846
v 3.186344 -4.539393 -1.621456
v 3.226905 -4.405424 -2.408602
v 3.227368 -4.413959 -2.308838
v 3.226887 -4.397197 -2.407248
v 3.226642 -4.448010 -2.184304
v 2.853419 -3.511297 -3.812106
v 3.259823 -4.551875 -1.514623
v 3.174734 -4.561386 -1.507209
v 3.178262 -4.567182 -1.516966
v 3.177182 -4.563683 -1.504436
v 2.813691 -3.493639 -3.858508
v 2.776891 -3.478708 -3.901146
v 3.177283 -4.559783 -1.502080
v 3.201298 -4.512950 -1.756912
v 3.206846 -4.504623 -1.823467
v 3.201338 -4.517357 -1.757638
v 3.147477 -4.421203 -1.449212
v 3.156175 -4.416400 -1.480833
v 2.788117 -4.055131 -4.018430
v 2.708840 -4.084025 -3.994798
v 3.144296 -4.313119 -3.076452
v 2.747355 -3.468529 -3.935163
v 2.729420 -3.465124 -3.955699
v 3.042918 -4.298905 -3.434629
v 2.747355 -3.468529 -3.935163
v 2.726541 -4.277107 -3.972056
v 2.707009 -4.272728 -4.002853
v 3.140130 -4.321197 -3.112375
v 3.139359 -4.311377 -3.193284
v 3.312543 -4.159023 -2.133944
v 3.110150 -4.308981 -3.264527
v 2.689663 -4.244185 -4.020471
v 2.695382 -4.263526 -4.016018
v 2.696139 -4.260975 -4.011292
v 3.139395 -4.320926 -3.115446
v 2.690084 -4.232495 -4.027171
v 3.180007 -4.566167 -1.531899
v 3.305701 -3.986651 -2.586322
v 2.780772 -4.280927 -3.884510
v 2.751867 -4.279604 -3.931516
v 3.196353 -4.338634 -2.824141
v 3.115049 -4.309213 -3.180735
v 3.090589 -4.308137 -3.256141
v 3.089105 -4.304256 -3.255985
v 3.074996 -4.305211 -3.298873
v 3.087683 -4.300107 -3.255859
v 3.113500 -4.304984 -3.181223
v 3.144970 -4.317085 -3.078328
v 3.137863 -4.310520 -3.102833
v 3.138807 -4.314598 -3.104354
v 3.137366 -4.314046 -3.110317
v 3.138600 -4.317895 -3.111397
v 3.136397 -4.313711 -3.114176
v 3.137758 -4.317595 -3.114831
v 3.136280 -4.309925 -3.109186
v 3.135174 -4.309548 -3.113501
v 3.135435 -4.313403 -3.117878
v 3.134089 -4.309207 -3.117672
v 2.779539 -4.277422 -3.882200
v 2.750755 -4.272188 -3.925349
v 2.750965 -4.276104 -3.928445
v 2.778913 -4.273519 -3.879940
v 2.750890 -4.268063 -3.922238
v 2.778590 -4.269414 -3.877704
v 2.726207 -4.270021 -3.964372
v 2.725990 -4.273769 -3.968262
v 2.707318 -4.266466 -3.994018
v 2.706750 -4.269787 -3.998502
v 2.726807 -4.266065 -3.960436
v 2.708299 -4.262955 -3.989468
v 3.218178 -4.363365 -2.620741
v 3.212497 -4.353269 -2.691008
v 3.312391 -4.180677 -2.068734
v 3.138721 -4.428120 -1.442875
v 3.135149 -4.431672 -1.436817
v 3.138490 -4.429374 -1.449775
v 3.145561 -4.422646 -1.455005
v 3.145262 -4.424244 -1.461612
v 3.139110 -4.430694 -1.457103
v 3.163980 -4.491855 -1.475186
v 3.151425 -4.470997 -1.463066
v 3.175771 -4.564108 -1.519157
v 3.173614 -4.558596 -1.510239
v 3.174874 -4.557809 -1.505039
v 3.173779 -4.555401 -1.508287
v 3.177501 -4.562785 -1.533707
v 3.176329 -4.558743 -1.535588
v 3.249700 -4.044591 -3.048512
v 3.215807 -4.486471 -1.947008
v 3.207001 -4.500218 -1.822716
v 3.226290 -4.353486 -1.645903
v 3.208088 -4.376156 -1.591548
v 3.188153 -4.548235 -1.620965
v 3.179202 -4.555133 -1.558507
v 3.194378 -4.526203 -1.690109
v 3.180408 -4.559358 -1.557157
v 3.175825 -4.554370 -1.537506
v 2.706750 -4.269787 -3.998502
v 2.707318 -4.266466 -3.994018
v 2.697328 -4.258269 -4.006507
v 2.689957 -4.232706 -4.022658
v 2.690934 -4.243487 -4.015897
v 2.690742 -4.232883 -4.018251
v 2.691982 -4.233048 -4.013893
v 3.030443 -3.899500 -3.690358
v 2.701571 -4.161997 -3.997537
v 2.705142 -4.136968 -3.991551
v 2.707676 -4.104444 -3.988894
v 2.709153 -4.105342 -3.984861
v 2.707342 -4.098197 -3.992232
v 2.709731 -4.099885 -3.983900
v 2.708261 -4.099022 -3.987946
v 2.707916 -4.092898 -3.991305
v 2.708661 -4.084699 -3.990026
v 2.708834 -4.093688 -3.987010
v 2.710298 -4.094513 -3.982952
v 2.720397 -3.656258 -3.950593
v 2.722384 -3.468238 -3.951273
v 2.720696 -3.471448 -3.947341
v 2.740172 -3.472331 -3.930828
v 2.713288 -3.476151 -3.953496
v 2.721680 -3.474705 -3.943656
v 2.738146 -3.476223 -3.927130
v 3.156697 -4.414345 -1.475024
v 3.145773 -4.425920 -1.468626
v 3.227995 -4.349660 -1.644196
v 3.242035 -4.330043 -1.704185
v 3.256542 -4.306889 -1.764199
v 3.226838 -4.425109 -2.245332
v 3.309229 -4.193945 -2.034805
v 3.268932 -4.377379 -2.545409
v 3.273841 -4.388847 -2.473734
v 2.806282 -3.498294 -3.854430
v 2.767066 -3.487302 -3.893549
v 2.803230 -3.502763 -3.851419
v 2.766959 -3.491582 -3.890589
v 2.802356 -3.507140 -3.848939
v 2.769576 -3.483013 -3.896930
v 2.738146 -3.476223 -3.927130
v 2.738697 -3.480160 -3.923746
v 2.845973 -3.516180 -3.808188
v 2.842407 -3.520686 -3.805553
v 2.840781 -3.525004 -3.803558
v 2.740172 -3.472331 -3.930828
v 2.988246 -3.598068 -3.623720
v 3.173343 -4.552775 -1.511680
v 2.708299 -4.262955 -3.989468
v 2.738697 -3.480160 -3.923746
vt 0.968375 0.927650
vt 0.967678 0.931549
vt 0.969414 0.931893
vt 0.452672 0.799151
vt 0.425882 0.809152
vt 0.453608 0.801249
vt 0.707031 0.895404
vt 0.752788 0.873739
vt 0.700785 0.878010
vt 0.463627 0.830303
vt 0.442867 0.849993
vt 0.469000 0.845821
vt 0.424882 0.807134
vt 0.398852 0.816850
vt 0.615424 0.856043
vt 0.654688 0.859767
vt 0.653657 0.852570
vt 0.339032 0.880655
vt 0.322793 0.888179
vt 0.340460 0.885560
vt 0.446084 0.943936
vt 0.421871 0.941532
vt 0.421544 0.945118
vt 0.400861 0.908923
vt 0.380801 0.901448
vt 0.377270 0.910565
vt 0.613966 0.848979
vt 0.577119 0.859906
vt 0.126056 0.909929
vt 0.108263 0.922784
vt 0.129430 0.919129
vt 0.605386 0.760249
vt 0.645102 0.746900
vt 0.604387 0.757452
vt 0.476668 0.916257
vt 0.452063 0.902757
vt 0.450693 0.918834
vt 0.906623 0.967886
vt 0.917904 0.975856
vt 0.917314 0.969241
vt 0.260652 0.910383
vt 0.261615 0.903063
vt 0.253615 0.906342
vt 0.398556 0.924009
vt 0.671275 0.710672
vt 0.685906 0.736657
vt 0.742121 0.845789
vt 0.792700 0.835326
vt 0.740743 0.838764
vt 0.350314 0.872471
vt 0.357011 0.882528
vt 0.361859 0.876391
vt 0.692700 0.820468
vt 0.653207 0.800906
vt 0.653184 0.823653
vt 0.693802 0.796448
vt 0.745040 0.817178
vt 0.748446 0.791114
vt 0.905005 0.840285
vt 0.915628 0.874225
vt 0.916518 0.839936
vt 0.772821 0.964853
vt 0.707474 0.969227
vt 0.771467 0.976789
vt 0.651370 0.838412
vt 0.612894 0.838530
vt 0.612923 0.841997
vt 0.811422 0.711068
vt 0.744912 0.731784
vt 0.812510 0.716894
vt 0.873482 0.775827
vt 0.890807 0.806351
vt 0.885400 0.772665
vt 0.695577 0.867334
vt 0.661459 0.881152
vt 0.451681 0.892665
vt 0.426111 0.892822
vt 0.426239 0.896119
vt 0.351718 0.973586
vt 0.375568 0.972770
vt 0.375441 0.971510
vt 0.847464 0.628134
vt 0.810095 0.705772
vt 0.857998 0.694321
vt 0.806648 0.862551
vt 0.763229 0.890503
vt 0.825223 0.875266
vt 0.256231 0.916769
vt 0.186635 0.875289
vt 0.200107 0.850727
vt 0.177632 0.856971
vt 0.065554 0.930881
vt 0.083991 0.918980
vt 0.062999 0.923788
vt 0.399830 0.970839
vt 0.424070 0.967917
vt 0.399708 0.969590
vt 0.399577 0.968326
vt 0.423799 0.965361
vt 0.399429 0.967032
vt 0.545462 0.936958
vt 0.569407 0.941805
vt 0.572413 0.936749
vt 0.375493 0.871827
vt 0.391910 0.859270
vt 0.368955 0.864875
vt 0.679032 0.943602
vt 0.672233 0.948716
vt 0.682486 0.944480
vt 0.574216 0.842584
vt 0.574436 0.846017
vt 0.017679 0.977722
vt 0.016238 0.967113
vt 0.014553 0.967735
vt 0.862103 0.899675
vt 0.837849 0.859809
vt 0.617709 0.870282
vt 0.580113 0.877438
vt 0.618674 0.873764
vt 0.862524 0.956775
vt 0.879980 0.946277
vt 0.863196 0.945216
vt 0.711683 0.950261
vt 0.694299 0.863817
vt 0.657168 0.870418
vt 0.773987 0.920389
vt 0.708994 0.928332
vt 0.774466 0.922801
vt 0.723281 0.683271
vt 0.670282 0.708759
vt 0.724315 0.685297
vt 0.710912 0.952355
vt 0.669618 0.950371
vt 0.664015 0.936016
vt 0.709182 0.930054
vt 0.774877 0.943247
vt 0.774485 0.952369
vt 0.709412 0.931483
vt 0.774736 0.924734
vt 0.863843 0.914722
vt 0.864169 0.918728
vt 0.744632 0.859891
vt 0.791499 0.854962
vt 0.743052 0.852872
vt 0.817067 0.852779
vt 0.348330 0.891210
vt 0.347014 0.899699
vt 0.350856 0.899994
vt 0.989242 0.775920
vt 0.982351 0.809889
vt 0.984563 0.810260
vt 0.907755 0.768165
vt 0.902433 0.804665
vt 0.913471 0.803403
vt 0.858037 0.992338
vt 0.771180 0.979069
vt 0.771027 0.980226
vt 0.742636 0.722462
vt 0.791730 0.655132
vt 0.725508 0.687630
vt 0.774984 0.934217
vt 0.711436 0.937299
vt 0.357094 0.889732
vt 0.362354 0.882243
vt 0.144500 0.959666
vt 0.161826 0.946514
vt 0.140598 0.947966
vt 0.364693 0.877231
vt 0.709111 0.958059
vt 0.667597 0.951964
vt 0.664958 0.954894
vt 0.708837 0.926077
vt 0.663402 0.934484
vt 0.671831 0.941224
vt 0.154060 0.926694
vt 0.169381 0.912167
vt 0.149764 0.915658
vt 0.688159 0.744396
vt 0.743901 0.726776
vt 0.687110 0.740169
vt 0.712803 0.941459
vt 0.713099 0.943687
vt 0.526056 0.865705
vt 0.552626 0.869715
vt 0.551576 0.862709
vt 0.539712 0.950356
vt 0.517324 0.961961
vt 0.539895 0.961724
vt 0.561100 0.962729
vt 0.561212 0.961553
vt 0.892940 0.840653
vt 0.878904 0.808341
vt 0.880907 0.840868
vt 0.860003 0.705871
vt 0.870789 0.703489
vt 0.471259 0.963007
vt 0.492520 0.950507
vt 0.469217 0.950712
vt 0.387521 0.795779
vt 0.371932 0.822317
vt 0.397830 0.814900
vt 0.258995 0.955415
vt 0.238440 0.960126
vt 0.259955 0.958849
vt 0.400583 0.883022
vt 0.423123 0.872855
vt 0.399262 0.876571
vt 0.402142 0.896039
vt 0.471021 0.939027
vt 0.423944 0.966649
vt 0.445649 0.949258
vt 0.794802 0.856289
vt 0.794861 0.849584
vt 0.375306 0.970230
vt 0.380464 0.892567
vt 0.379106 0.886282
vt 0.421576 0.952104
vt 0.397189 0.953273
vt 0.447847 0.963993
vt 0.496981 0.852047
vt 0.472049 0.858872
vt 0.497571 0.855356
vt 0.612614 0.805971
vt 0.300004 0.901067
vt 0.325693 0.903199
vt 0.323974 0.895700
vt 0.623551 0.903843
vt 0.622109 0.884530
vt 0.424598 0.921527
vt 0.446672 0.940131
vt 0.523867 0.751440
vt 0.551610 0.745162
vt 0.551046 0.743625
vt 0.540535 0.948219
vt 0.516030 0.950397
vt 0.516426 0.948275
vt 0.548781 0.848935
vt 0.522686 0.848687
vt 0.523153 0.852046
vt 0.497786 0.762281
vt 0.470852 0.771779
vt 0.498464 0.763970
vt 0.517387 0.963088
vt 0.632472 0.724338
vt 0.656049 0.866911
vt 0.787897 0.830598
vt 0.740999 0.828507
vt 0.740304 0.831877
vt 0.662994 0.925023
vt 0.662981 0.932331
vt 0.926799 0.874544
vt 0.975127 0.845549
vt 0.926897 0.839774
vt 0.366299 0.901224
vt 0.364705 0.895261
vt 0.359547 0.896691
vt 0.624643 0.963776
vt 0.648675 0.964014
vt 0.624453 0.962554
vt 0.099415 0.900436
vt 0.078759 0.905876
vt 0.174161 0.924000
vt 0.158258 0.937313
vt 0.178413 0.935362
vt 0.564999 0.774040
vt 0.606311 0.763631
vt 0.368691 0.899469
vt 0.651542 0.834936
vt 0.613662 0.827376
vt 0.801677 0.849905
vt 0.795545 0.842329
vt 0.209071 0.869093
vt 0.223539 0.844012
vt 0.383827 0.846846
vt 0.841245 0.839982
vt 0.490629 0.825160
vt 0.495201 0.841891
vt 0.068527 0.938770
vt 0.086666 0.926711
vt 0.582293 0.907474
vt 0.582736 0.888140
vt 0.983668 0.774982
vt 0.986785 0.775517
vt 0.690415 0.842313
vt 0.691795 0.849457
vt 0.971464 0.906559
vt 0.976746 0.880227
vt 0.974978 0.879948
vt 0.343338 0.904419
vt 0.328678 0.910732
vt 0.264869 0.916395
vt 0.265956 0.909186
vt 0.362626 0.888844
vt 0.789321 0.649431
vt 0.722326 0.681398
vt 0.176951 0.855278
vt 0.198835 0.847452
vt 0.176347 0.853696
vt 0.410046 0.841117
vt 0.416918 0.854413
vt 0.074598 0.953621
vt 0.093057 0.943855
vt 0.071692 0.946607
vt 0.502628 0.913842
vt 0.478129 0.899491
vt 0.571882 0.811679
vt 0.574120 0.831657
vt 0.482345 0.795864
vt 0.454538 0.803582
vt 0.426096 0.906072
vt 0.258345 0.953386
vt 0.265880 0.940386
vt 0.254619 0.941318
vt 0.445697 0.951193
vt 0.396922 0.943077
vt 0.902218 0.698218
vt 0.891841 0.699501
vt 0.494511 0.964663
vt 0.494430 0.963509
vt 0.051423 0.997711
vt 0.045220 0.999324
vt 0.052052 0.999187
vt 0.238868 0.961872
vt 0.260344 0.960584
vt 0.618367 0.933371
vt 0.622492 0.940224
vt 0.591821 0.733280
vt 0.630225 0.719381
vt 0.591223 0.731744
vt 0.601887 0.950088
vt 0.607774 0.946313
vt 0.598856 0.949711
vt 0.583975 0.948644
vt 0.592761 0.950907
vt 0.595257 0.949320
vt 0.552922 0.748450
vt 0.592471 0.734875
vt 0.552221 0.746753
vt 0.537366 0.781172
vt 0.894573 0.959505
vt 0.909176 0.948876
vt 0.895487 0.947529
vt 0.880230 0.942190
vt 0.863824 0.933803
vt 0.863407 0.941228
vt 0.199433 0.849036
vt 0.616466 0.863188
vt 0.578169 0.866970
vt 0.707405 0.970341
vt 0.662668 0.967418
vt 0.707332 0.971502
vt 0.556509 0.890708
vt 0.864343 0.923938
vt 0.864308 0.921594
vt 0.477310 0.889267
vt 0.476169 0.879114
vt 0.449772 0.875813
vt 0.450770 0.882590
vt 0.692813 0.856664
vt 0.502479 0.882645
vt 0.476931 0.885916
vt 0.530339 0.893451
vt 0.555232 0.909486
vt 0.553675 0.876680
vt 0.527102 0.872654
vt 0.528064 0.879564
vt 0.221714 0.839222
vt 0.222271 0.840751
vt 0.979493 0.846299
vt 0.981328 0.846599
vt 0.222371 0.986588
vt 0.242559 0.982998
vt 0.222167 0.985120
vt 0.835644 0.818231
vt 0.133278 0.929366
vt 0.115267 0.941432
vt 0.137195 0.939286
vt 0.500576 0.868894
vt 0.524565 0.858830
vt 0.499084 0.862071
vt 0.801452 0.820854
vt 0.665162 0.899395
vt 0.436726 0.835653
vt 0.858527 0.991044
vt 0.771329 0.977920
vt 0.646191 0.749986
vt 0.378167 0.879994
vt 0.376929 0.874280
vt 0.502974 0.886019
vt 0.469579 0.768517
vt 0.441914 0.778192
vt 0.470172 0.770096
vt 0.517648 0.820341
vt 0.521460 0.838226
vt 0.525019 0.754571
vt 0.471337 0.855623
vt 0.564111 0.770999
vt 0.563175 0.768446
vt 0.539886 0.962862
vt 0.560951 0.963921
vt 0.413829 0.786300
vt 0.386825 0.794103
vt 0.448105 0.966524
vt 0.471388 0.964222
vt 0.447986 0.965264
vt 0.341688 0.892329
vt 0.986530 0.810580
vt 0.448288 0.869114
vt 0.424584 0.879456
vt 0.351436 0.970923
vt 0.372988 0.954502
vt 0.349427 0.955736
vt 0.101441 0.968954
vt 0.123421 0.966036
vt 0.101095 0.967024
vt 0.592849 0.942647
vt 0.016076 0.978178
vt 0.774238 0.955208
vt 0.774933 0.940101
vt 0.861787 0.963629
vt 0.773912 0.957898
vt 0.208524 0.919136
vt 0.220152 0.898427
vt 0.199229 0.905472
vt 0.019465 0.977147
vt 0.048125 0.957231
vt 0.157049 0.883016
vt 0.147845 0.864829
vt 0.055830 0.956015
vt 0.216652 0.957990
vt 0.236689 0.954781
vt 0.215933 0.956024
vt 0.554389 0.880103
vt 0.344210 0.883782
vt 0.342071 0.877096
vt 0.451421 0.889337
vt 0.425568 0.886148
vt 0.264143 0.932657
vt 0.284296 0.921674
vt 0.263564 0.924480
vt 0.882332 0.899895
vt 0.876302 0.871686
vt 0.913256 0.901032
vt 0.902923 0.873810
vt 0.898882 0.900394
vt 0.504217 0.896379
vt 0.528739 0.911589
vt 0.626626 0.943063
vt 0.619865 0.945908
vt 0.628658 0.943896
vt 0.955160 0.958756
vt 0.919060 0.962307
vt 0.948715 0.971145
vt 0.910291 0.936834
vt 0.923131 0.927347
vt 0.911341 0.926263
vt 0.547770 0.834819
vt 0.548437 0.845536
vt 0.593222 0.736589
vt 0.631625 0.722567
vt 0.710224 0.954372
vt 0.647172 0.753738
vt 0.877292 0.970951
vt 0.878306 0.965027
vt 0.908044 0.960937
vt 0.920508 0.950223
vt 0.878824 0.961691
vt 0.894092 0.963128
vt 0.879212 0.958091
vt 0.862201 0.960322
vt 0.907442 0.964564
vt 0.820207 0.793539
vt 0.814234 0.829525
vt 0.657978 0.949616
vt 0.655175 0.951150
vt 0.895787 0.943372
vt 0.896406 0.935620
vt 0.790441 0.652016
vt 0.651597 0.953931
vt 0.664153 0.956196
vt 0.858997 0.989731
vt 0.662716 0.968670
vt 0.707257 0.972687
vt 0.358301 0.853104
vt 0.773167 0.962742
vt 0.893436 0.966463
vt 0.918312 0.965930
vt 0.604445 0.945288
vt 0.096027 0.951453
vt 0.078575 0.963351
vt 0.099709 0.961939
vt 0.892627 0.975150
vt 0.892610 0.972486
vt 0.860940 0.969532
vt 0.876998 0.973561
vt 0.907710 0.977088
vt 0.906779 0.974248
vt 0.923563 0.980225
vt 0.961704 0.947069
vt 0.963198 0.934071
vt 0.959815 0.946533
vt 0.897364 0.922751
vt 0.897256 0.925252
vt 0.881412 0.924436
vt 0.880739 0.934576
vt 0.923395 0.924724
vt 0.911528 0.923705
vt 0.881444 0.922002
vt 0.967546 0.905961
vt 0.970924 0.879297
vt 0.859427 0.988380
vt 0.860637 0.972129
vt 0.937995 0.988919
vt 0.940064 0.985576
vt 0.771999 0.913247
vt 0.923687 0.921527
vt 0.963834 0.930806
vt 0.964520 0.926961
vt 0.963435 0.947571
vt 0.965201 0.934485
vt 0.690150 0.831818
vt 0.518283 0.942054
vt 0.543383 0.941791
vt 0.480601 0.791197
vt 0.508165 0.783487
vt 0.668637 0.705404
vt 0.630896 0.720939
vt 0.669426 0.707034
vt 0.634397 0.949634
vt 0.602598 0.951597
vt 0.627046 0.953420
vt 0.613221 0.947627
vt 0.578305 0.961424
vt 0.588653 0.962586
vt 0.588757 0.961334
vt 0.897585 0.915376
vt 0.881328 0.914796
vt 0.897434 0.919680
vt 0.881402 0.919013
vt 0.911713 0.920572
vt 0.911996 0.916194
vt 0.924052 0.917077
vt 0.664754 0.937213
vt 0.638938 0.948112
vt 0.661646 0.947995
vt 0.689762 0.835280
vt 0.596375 0.951125
vt 0.599466 0.951359
vt 0.612101 0.942852
vt 0.610491 0.947063
vt 0.615013 0.944264
vt 0.252974 0.933406
vt 0.232498 0.942477
vt 0.624642 0.941939
vt 0.617428 0.945210
vt 0.958394 0.960036
vt 0.952629 0.973539
vt 0.959891 0.960649
vt 0.604945 0.950415
vt 0.909543 0.944678
vt 0.921863 0.938119
vt 0.920961 0.946011
vt 0.270058 0.954716
vt 0.356915 0.908958
vt 0.372738 0.925870
vt 0.525705 0.756265
vt 0.494014 0.942498
vt 0.470113 0.943091
vt 0.524421 0.752980
vt 0.519899 0.937460
vt 0.494324 0.962355
vt 0.237399 0.956754
vt 0.397503 0.870426
vt 0.539841 0.964009
vt 0.560783 0.965121
vt 0.471494 0.965432
vt 0.481482 0.793385
vt 0.802935 0.841939
vt 0.819513 0.841046
vt 0.956837 0.959409
vt 0.951367 0.972752
vt 0.250360 0.878751
vt 0.234006 0.865406
vt 0.238784 0.882041
vt 0.969612 0.906273
vt 0.973081 0.879645
vt 0.544720 0.815852
vt 0.186266 0.957655
vt 0.211392 0.943315
vt 0.181890 0.945124
vt 0.301779 0.909237
vt 0.281974 0.905365
vt 0.283224 0.913450
vt 0.013034 0.968266
vt 0.014565 0.978574
vt 0.960331 0.955728
vt 0.958704 0.955147
vt 0.601761 0.937262
vt 0.746138 0.863335
vt 0.058029 0.966116
vt 0.644932 0.946422
vt 0.917992 0.767045
vt 0.923608 0.802684
vt 0.495271 0.938162
vt 0.858931 0.700080
vt 0.396378 0.867546
vt 0.291911 0.950976
vt 0.310759 0.934110
vt 0.288478 0.937746
vt 0.033676 0.917144
vt 0.019449 0.903325
vt 0.016070 0.904560
vt 0.473659 0.865506
vt 0.774897 0.926411
vt 0.058690 0.911351
vt 0.077959 0.904640
vt 0.058133 0.910129
vt 0.973209 0.906833
vt 0.969189 0.922579
vt 0.970929 0.922879
vt 0.598979 0.962660
vt 0.598887 0.961397
vt 0.036395 0.930331
vt 0.009641 0.946956
vt 0.039032 0.936789
vt 0.080868 0.969892
vt 0.080495 0.968061
vt 0.008944 0.955086
vt 0.008107 0.947632
vt 0.006698 0.948247
vt 0.336203 0.805234
vt 0.313615 0.813480
vt 0.336743 0.806756
vt 0.501613 0.875789
vt 0.475149 0.872274
vt 0.979647 0.809418
vt 0.217696 0.961376
vt 0.188149 0.964936
vt 0.218132 0.963154
vt 0.042064 0.943905
vt 0.046736 0.934970
vt 0.146557 0.861600
vt 0.175783 0.852169
vt 0.145989 0.860091
vt 0.581706 0.950562
vt 0.564490 0.948302
vt 0.562910 0.950393
vt 0.198276 0.845921
vt 0.165939 0.958660
vt 0.375157 0.968909
vt 0.492717 0.948438
vt 0.790875 0.829001
vt 0.446583 0.862583
vt 0.361958 0.803142
vt 0.347469 0.829306
vt 0.442606 0.779869
vt 0.297072 0.884563
vt 0.322694 0.880358
vt 0.977483 0.845962
vt 0.221929 0.983518
vt 0.536499 0.778346
vt 0.535597 0.775939
vt 0.402059 0.899238
vt 0.381313 0.898538
vt 0.539779 0.965161
vt 0.517421 0.964221
vt 0.517439 0.965355
vt 0.497194 0.760695
vt 0.496645 0.759159
vt 0.118428 0.949586
vt 0.122154 0.960736
vt 0.139493 0.890380
vt 0.119801 0.895261
vt 0.414530 0.787974
vt 0.421439 0.950205
vt 0.348651 0.949375
vt 0.372250 0.944620
vt 0.348335 0.946278
vt 0.950073 0.971957
vt 0.373906 0.826201
vt 0.372915 0.824212
vt 0.471588 0.966640
vt 0.324905 0.837785
vt 0.348354 0.831154
vt 0.345911 0.926365
vt 0.165024 0.901604
vt 0.145956 0.905755
vt 0.006016 0.941642
vt 0.016986 0.900701
vt 0.004641 0.942411
vt 0.337987 0.810013
vt 0.361278 0.801462
vt 0.337324 0.808331
vt 0.413221 0.784729
vt 0.385661 0.791009
vt 0.386220 0.792530
vt 0.509040 0.785775
vt 0.360134 0.798363
vt 0.360684 0.799887
vt 0.528671 0.882962
vt 0.889439 0.873111
vt 0.469277 0.948714
vt 0.420384 0.863392
vt 0.421339 0.866467
vt 0.241812 0.890875
vt 0.215833 0.888575
vt 0.324104 0.835994
vt 0.314853 0.816733
vt 0.401645 0.889551
vt 0.293528 0.958752
vt 0.315462 0.955760
vt 0.293227 0.956988
vt 0.268239 0.853966
vt 0.290121 0.845799
vt 0.267441 0.852372
vt 0.111694 0.932206
vt 0.089766 0.935329
vt 0.445751 0.859408
vt 0.208883 0.933172
vt 0.314786 0.951723
vt 0.314321 0.949130
vt 0.996009 0.708907
vt 0.992768 0.708309
vt 0.227804 0.908061
vt 0.246582 0.899522
vt 0.550090 0.855782
vt 0.291642 0.849125
vt 0.290926 0.847461
vt 0.253110 0.924974
vt 0.240621 0.914283
vt 0.232199 0.923587
vt 0.276922 0.889448
vt 0.256500 0.895807
vt 0.279629 0.825431
vt 0.279022 0.823863
vt 0.280321 0.827099
vt 0.314194 0.815053
vt 0.263315 0.979316
vt 0.263511 0.980830
vt 0.245114 0.860587
vt 0.244366 0.859043
vt 0.017647 0.898795
vt 0.003324 0.943160
vt 0.257629 0.833943
vt 0.235023 0.840656
vt 0.317496 0.974070
vt 0.315724 0.957555
vt 0.007504 0.940832
vt 0.278459 0.822345
vt 0.313075 0.811962
vt 0.578139 0.962645
vt 0.349182 0.953902
vt 0.271321 0.959962
vt 0.270960 0.958222
vt 0.011599 0.968750
vt 0.011105 0.961973
vt 0.009697 0.962473
vt 0.230690 0.933517
vt 0.040775 0.915870
vt 0.988482 0.707478
vt 0.210361 0.871924
vt 0.137872 0.887790
vt 0.128011 0.869904
vt 0.233743 0.837404
vt 0.255752 0.829185
vt 0.233182 0.835878
vt 0.107231 0.875262
vt 0.127303 0.868266
vt 0.106492 0.873652
vt 0.194119 0.894530
vt 0.945494 0.979648
vt 0.944277 0.978679
vt 0.662586 0.965026
vt 0.307459 0.925786
vt 0.304127 0.917479
vt 0.708577 0.918996
vt 0.279577 0.897502
vt 0.372755 0.952644
vt 0.399885 0.818935
vt 0.396988 0.951395
vt 0.426886 0.811353
vt 0.252850 0.887298
vt 0.509890 0.788416
vt 0.222559 0.987989
vt 0.242751 0.984435
vt 0.441312 0.776619
vt 0.469029 0.766989
vt 0.440755 0.775097
vt 0.845275 0.621236
vt 0.846339 0.624293
vt 0.881331 0.701351
vt 0.891759 0.693106
vt 0.880575 0.695451
vt 0.880320 0.689309
vt 0.902470 0.691515
vt 0.906626 0.682096
vt 0.892216 0.686446
vt 0.869767 0.697733
vt 0.869084 0.691851
vt 0.896858 0.770075
vt 0.295560 0.976174
vt 0.256931 0.832275
vt 0.298305 0.892931
vt 0.292448 0.953261
vt 0.012590 0.961432
vt 0.269445 0.952628
vt 0.295710 0.977615
vt 0.317763 0.976803
vt 0.317633 0.975474
vt 0.049747 0.942285
vt 0.347494 0.906957
vt 0.274148 0.979754
vt 0.274983 0.880877
vt 0.010394 0.954528
vt 0.245763 0.862106
vt 0.268935 0.855543
vt 0.233379 0.863919
vt 0.167274 0.964108
vt 0.146141 0.967016
vt 0.167642 0.966011
vt 0.123769 0.967991
vt 0.145785 0.965076
vt 0.105845 0.872131
vt 0.085699 0.879220
vt 0.342878 0.899177
vt 0.347736 0.882321
vt 0.126675 0.866726
vt 0.157805 0.884358
vt 0.187322 0.876653
vt 0.186871 0.959623
vt 0.187755 0.963082
vt 0.652230 0.845443
vt 0.296645 0.875781
vt 0.242338 0.981438
vt 0.014227 0.960808
vt 0.011981 0.953896
vt 0.209758 0.870528
vt 0.232658 0.862404
vt 0.052905 0.949526
vt 0.045210 0.950931
vt 0.187933 0.877965
vt 0.956941 0.954536
vt 0.579297 0.873991
vt 0.105277 0.914323
vt 0.844241 0.618570
vt 0.263685 0.982232
vt 0.242930 0.985810
vt 0.263848 0.983579
vt 0.324723 0.871837
vt 0.296160 0.867159
vt 0.149906 0.990079
vt 0.171587 0.988302
vt 0.150150 0.991794
vt 0.171835 0.989987
vt 0.077017 0.903325
vt 0.086407 0.880822
vt 0.066198 0.886657
vt 0.082487 0.993834
vt 0.104531 0.993026
vt 0.332499 0.861084
vt 0.349223 0.833070
vt 0.325657 0.839619
vt 0.044133 0.928353
vt 0.274464 0.982471
vt 0.295849 0.978967
vt 0.274310 0.981138
vt 0.031147 0.893621
vt 0.046599 0.889598
vt 0.046532 0.887939
vt 0.345396 0.891704
vt 0.035746 0.915651
vt 0.041753 0.914493
vt 0.037302 0.914462
vt 0.147163 0.863162
vt 0.166477 0.960615
vt 0.145014 0.961585
vt 0.060070 0.967419
vt 0.058886 0.970761
vt 0.064420 0.969528
vt 0.138722 0.889128
vt 0.063336 0.994168
vt 0.273429 0.872495
vt 0.286212 0.929860
vt 0.060957 0.971552
vt 0.065238 0.970990
vt 0.052490 0.969314
vt 0.127601 0.993453
vt 0.127345 0.991702
vt 0.122659 0.962594
vt 0.100258 0.963702
vt 0.158493 0.885624
vt 0.192813 0.991032
vt 0.192619 0.989602
vt 0.192157 0.986443
vt 0.118000 0.892699
vt 0.104821 0.994812
vt 0.041710 0.913322
vt 0.047025 0.893002
vt 0.030504 0.899124
vt 0.105096 0.996409
vt 0.065180 0.883461
vt 0.079321 0.964975
vt 0.046739 0.891279
vt 0.065630 0.885026
vt 0.097542 0.897881
vt 0.098536 0.899203
vt 0.057358 0.908866
vt 0.334141 0.918319
vt 0.172238 0.992953
vt 0.172046 0.991510
vt 0.118950 0.894024
vt 0.083186 0.997240
vt 0.064712 0.999055
vt 0.083547 0.998750
vt 0.351583 0.972281
vt 0.317890 0.978094
vt 0.351847 0.974865
vt 0.273968 0.978265
vt 0.862907 0.620856
vt 0.044959 0.969408
vt 0.043722 0.996292
vt 0.050304 0.994332
vt 0.043072 0.994482
vt 0.878908 0.613368
vt 0.895282 0.605739
vt 0.040423 0.994555
vt 0.128045 0.996497
vt 0.150361 0.993335
vt 0.127830 0.995021
vt 0.024117 0.901570
vt 0.030813 0.895444
vt 0.925180 0.901703
vt 0.965322 0.921936
vt 0.577720 0.965144
vt 0.988426 0.695444
vt 0.988489 0.701228
vt 0.708692 0.959675
vt 0.911842 0.598040
vt 0.908844 0.993938
vt 0.924771 0.995600
vt 0.592382 0.961321
vt 0.628695 0.952265
vt 0.256320 0.830705
vt 0.650535 0.955166
vt 0.946667 0.980614
vt 0.941231 0.986744
vt 0.942356 0.987928
vt 0.595595 0.961339
vt 0.946458 0.975018
vt 0.055854 0.994252
vt 0.412658 0.783209
vt 0.876336 0.990385
vt 0.892754 0.992219
vt 0.494578 0.965817
vt 0.624855 0.965044
vt 0.648768 0.965202
vt 0.648873 0.966443
vt 0.662623 0.966195
vt 0.648986 0.967711
vt 0.625079 0.966335
vt 0.577938 0.963888
vt 0.588390 0.965158
vt 0.588527 0.963865
vt 0.592281 0.963871
vt 0.592337 0.962581
vt 0.595640 0.963898
vt 0.595619 0.962603
vt 0.592218 0.965175
vt 0.595660 0.965209
vt 0.599078 0.963956
vt 0.599180 0.965269
vt 0.875779 0.991767
vt 0.891276 0.994964
vt 0.892050 0.993622
vt 0.875169 0.993100
vt 0.890468 0.996276
vt 0.874532 0.994407
vt 0.907026 0.996701
vt 0.907978 0.995356
vt 0.922597 0.998375
vt 0.923736 0.997029
vt 0.906030 0.998011
vt 0.921405 0.999679
vt 0.424187 0.969175
vt 0.448213 0.967779
vt 0.234343 0.838980
vt 0.019751 0.901397
vt 0.016426 0.902619
vt 0.020253 0.899483
vt 0.024326 0.899672
vt 0.024727 0.897784
vt 0.020855 0.897576
vt 0.007563 0.955606
vt 0.005350 0.948830
vt 0.050829 0.996128
vt 0.044451 0.997867
vt 0.041139 0.996374
vt 0.041937 0.997946
vt 0.056323 0.996046
vt 0.056852 0.997635
vt 0.575642 0.852923
vt 0.192407 0.988097
vt 0.150556 0.994790
vt 0.084540 0.876216
vt 0.064789 0.881928
vt 0.082831 0.995634
vt 0.064223 0.997559
vt 0.105363 0.997911
vt 0.063757 0.995964
vt 0.057411 0.999120
vt 0.939152 0.990193
vt 0.940264 0.991494
vt 0.943459 0.989120
vt 0.947731 0.975902
vt 0.947819 0.981577
vt 0.948953 0.976774
vt 0.950149 0.977641
vt 0.799412 0.834309
vt 0.961892 0.956295
vt 0.965086 0.948054
vt 0.967023 0.934867
vt 0.968754 0.935234
vt 0.965849 0.931191
vt 0.966542 0.927317
vt 0.967352 0.922268
vt 0.970114 0.927970
vt 0.991369 0.776256
vt 0.992974 0.702119
vt 0.996374 0.702773
vt 0.993111 0.696395
vt 0.998728 0.709388
vt 0.999233 0.703308
vt 0.996675 0.697107
vt 0.030569 0.897276
vt 0.025225 0.895902
vt 0.085093 0.877698
vt 0.105244 0.870654
vt 0.126089 0.865235
vt 0.295984 0.980273
vt 0.222866 0.842330
vt 0.396826 0.946493
vt 0.372380 0.947905
vt 0.877896 0.609186
vt 0.893247 0.598120
vt 0.876827 0.605974
vt 0.892105 0.595382
vt 0.875730 0.603245
vt 0.894327 0.601393
vt 0.909852 0.590202
vt 0.908660 0.587461
vt 0.861837 0.616842
vt 0.860775 0.613700
vt 0.859715 0.610994
vt 0.910946 0.593532
vt 0.788285 0.647110
vt 0.042776 0.999394
vt 0.941354 0.992809
vt 0.999679 0.697699
vn -0.9579 0.0469 0.2834
vn -0.9569 0.0531 0.2855
vn -0.9365 0.0388 0.3486
vn 0.3253 0.8882 0.3246
vn 0.9017 0.4183 0.1094
vn 0.8901 0.4454 0.0964
vn 0.9287 -0.1471 -0.3405
vn 0.8722 -0.2913 -0.3930
vn 0.8783 -0.3185 -0.3566
vn 0.9182 -0.3199 -0.2337
vn 0.9690 -0.1680 -0.1813
vn 0.9628 -0.1700 -0.2102
vn 0.3521 0.8772 0.3264
vn 0.9069 0.4027 0.1243
vn 0.9144 -0.2735 -0.2985
vn 0.8647 -0.3791 -0.3294
vn 0.9092 -0.2664 -0.3201
vn 0.9608 -0.2639 -0.0851
vn 0.9506 -0.2980 -0.0872
vn 0.9540 -0.2968 -0.0433
vn 0.9610 -0.2312 -0.1516
vn 0.9712 -0.2002 -0.1293
vn 0.9533 -0.2734 -0.1286
vn 0.8935 -0.4096 -0.1842
vn 0.8511 -0.4921 -0.1829
vn 0.8906 -0.4235 -0.1659
vn 0.9490 -0.1493 -0.2778
vn 0.9212 -0.2673 -0.2827
vn 0.9593 -0.2600 0.1102
vn 0.9729 -0.1921 0.1285
vn 0.9682 -0.2326 0.0920
vn 0.9445 0.3261 -0.0393
vn 0.4090 0.8752 0.2584
vn 0.4115 0.8702 0.2712
vn 0.9560 -0.2078 -0.2073
vn 0.8994 -0.3768 -0.2216
vn 0.9567 -0.2261 -0.1831
vn 0.8005 -0.2364 -0.5507
vn 0.3700 -0.6052 -0.7049
vn 0.3683 -0.2148 -0.9045
vn 0.9448 -0.3203 -0.0685
vn 0.9425 -0.3265 -0.0714
vn 0.9432 -0.3265 -0.0610
vn 0.9517 -0.2710 -0.1446
vn -0.1843 0.8820 0.4337
vn 0.4512 0.8658 0.2161
vn 0.8884 -0.2167 -0.4048
vn 0.8844 -0.0650 -0.4622
vn 0.9156 -0.1060 -0.3879
vn 0.9759 -0.2063 -0.0706
vn 0.9744 -0.2207 0.0438
vn 0.9938 -0.1008 -0.0466
vn 0.9257 -0.1585 -0.3433
vn 0.8792 -0.3446 -0.3290
vn 0.9383 -0.1572 -0.3079
vn 0.8656 -0.3498 -0.3584
vn 0.9018 -0.1692 -0.3977
vn 0.8422 -0.3654 -0.3965
vn 0.7506 -0.1816 -0.6353
vn 0.7352 -0.0630 -0.6750
vn 0.6939 -0.1595 -0.7022
vn 0.4171 -0.8771 -0.2383
vn -0.5233 -0.8327 0.1811
vn -0.5096 -0.8321 0.2189
vn 0.9588 -0.0360 -0.2819
vn 0.9681 -0.0032 -0.2505
vn 0.9654 -0.0439 -0.2569
vn 0.8753 0.4660 -0.1294
vn 0.9115 -0.2390 -0.3349
vn 0.9015 -0.2083 -0.3793
vn 0.7646 -0.3939 -0.5101
vn 0.7523 -0.3079 -0.5824
vn 0.7266 -0.3910 -0.5650
vn 0.8182 -0.4473 -0.3611
vn 0.8874 -0.3205 -0.3314
vn 0.8527 -0.4635 -0.2410
vn 0.8693 -0.4445 -0.2162
vn 0.8515 -0.4755 -0.2208
vn -0.9999 -0.0057 0.0115
vn -0.9995 0.0053 0.0313
vn -0.9990 -0.0386 0.0232
vn -0.1310 0.8785 0.4593
vn 0.3142 0.9214 0.2285
vn 0.2834 0.9318 0.2268
vn 0.8480 -0.2534 -0.4654
vn 0.9143 -0.1375 -0.3809
vn 0.8819 -0.1506 -0.4467
vn 0.9475 -0.3139 -0.0610
vn 0.2128 0.9011 0.3777
vn -0.3541 0.8888 0.2909
vn -0.3753 0.8862 0.2717
vn 0.9801 -0.0732 0.1847
vn 0.9727 -0.1465 0.1802
vn 0.9744 -0.0761 0.2117
vn -0.9984 -0.0386 0.0404
vn -0.9895 -0.1369 0.0462
vn -0.9963 -0.0788 0.0332
vn -0.9771 -0.2124 0.0097
vn -0.6023 -0.7945 -0.0780
vn -0.6149 -0.7828 -0.0957
vn 0.9660 -0.1102 -0.2340
vn 0.9595 -0.1365 -0.2466
vn 0.9633 -0.1003 -0.2489
vn 0.9944 -0.0680 -0.0813
vn 0.9770 -0.1689 -0.1300
vn 0.9791 -0.1707 -0.1108
vn 0.8632 -0.3511 -0.3627
vn 0.8667 -0.3454 -0.3600
vn 0.8657 -0.3458 -0.3620
vn 0.9716 -0.0207 -0.2355
vn 0.9690 -0.0545 -0.2410
vn -0.9076 -0.2053 0.3663
vn -0.3794 -0.4964 0.7808
vn -0.9233 -0.2478 0.2934
vn 0.8649 -0.0926 -0.4933
vn 0.8586 -0.1411 -0.4928
vn 0.8418 -0.4357 -0.3185
vn 0.8454 -0.4349 -0.3102
vn 0.8371 -0.4427 -0.3213
vn 0.8429 -0.2755 -0.4622
vn 0.8205 -0.2561 -0.5111
vn 0.8354 -0.2869 -0.4687
vn 0.8658 -0.3324 -0.3740
vn 0.8253 -0.4354 -0.3596
vn 0.8275 -0.4495 -0.3364
vn 0.9051 -0.1419 -0.4009
vn 0.9116 -0.2068 -0.3551
vn 0.8835 -0.2262 -0.4102
vn -0.5317 0.6653 0.5241
vn -0.5360 0.6806 0.4995
vn -0.3972 0.7823 0.4799
vn 0.8651 -0.3352 -0.3731
vn 0.8688 -0.3399 -0.3601
vn 0.9015 -0.2594 -0.3463
vn 0.8894 -0.2742 -0.3657
vn 0.8480 -0.3342 -0.4114
vn 0.8514 -0.3271 -0.4100
vn 0.8720 -0.3189 -0.3714
vn 0.8626 -0.2921 -0.4131
vn 0.8682 -0.0876 -0.4884
vn 0.8663 -0.1073 -0.4878
vn 0.8273 -0.3957 -0.3986
vn 0.8346 -0.3327 -0.4390
vn 0.8545 -0.3276 -0.4031
vn 0.8348 -0.1842 -0.5189
vn 0.1895 -0.3016 0.9344
vn 0.3638 -0.3573 0.8602
vn 0.4980 -0.3926 0.7732
vn -0.9795 -0.0307 0.1989
vn -0.9857 -0.0005 -0.1686
vn -0.9725 -0.0185 0.2322
vn 0.6029 -0.3372 -0.7231
vn 0.7122 -0.2974 -0.6359
vn 0.6423 -0.2659 -0.7188
vn -0.8233 -0.3167 0.4710
vn -0.8597 -0.2706 0.4333
vn -0.8635 -0.2534 0.4361
vn 0.4110 0.8939 0.1790
vn -0.1815 0.8857 0.4273
vn -0.1101 0.9277 0.3568
vn 0.8412 -0.3499 -0.4122
vn 0.8614 -0.3439 -0.3739
vn 0.9424 -0.3293 0.0582
vn 0.9785 -0.1946 -0.0679
vn 0.9905 -0.1362 0.0213
vn 0.9845 -0.1740 0.0238
vn 0.9899 -0.1347 0.0445
vn 0.9911 -0.1124 -0.0711
vn 0.8126 -0.4571 -0.3616
vn 0.8616 -0.3589 -0.3590
vn 0.8289 -0.4348 -0.3520
vn 0.9304 -0.1331 -0.3415
vn 0.9258 -0.1864 -0.3288
vn 0.8617 -0.3546 -0.3631
vn 0.9725 -0.2270 0.0526
vn 0.9572 -0.2857 0.0473
vn 0.9629 -0.2619 0.0653
vn 0.9206 -0.2462 -0.3030
vn 0.9218 0.3666 -0.1263
vn 0.9406 0.3239 -0.1023
vn 0.8620 -0.3421 -0.3739
vn 0.8644 -0.3357 -0.3744
vn 0.9305 -0.2530 -0.2650
vn 0.8877 -0.3567 -0.2912
vn 0.9260 -0.2598 -0.2738
vn 0.3384 -0.9253 -0.1713
vn -0.6285 -0.7771 0.0329
vn -0.6073 -0.7932 0.0451
vn -0.9347 -0.3064 0.1801
vn -0.5689 -0.8209 0.0502
vn 0.7834 -0.1892 -0.5920
vn 0.7865 -0.3127 -0.5326
vn 0.8174 -0.1956 -0.5419
vn 0.8918 -0.1655 -0.4211
vn 0.8698 -0.1349 -0.4746
vn -0.6095 -0.7927 -0.0157
vn 0.2880 -0.9447 -0.1567
vn 0.2999 -0.9405 -0.1595
vn -0.3555 0.8656 0.3526
vn 0.3667 0.8687 0.3329
vn 0.3680 0.8697 0.3290
vn 0.9169 -0.3865 -0.0992
vn 0.6728 -0.7252 -0.1465
vn 0.6939 -0.7049 -0.1474
vn 0.9484 -0.2752 -0.1576
vn 0.9734 -0.1691 -0.1546
vn 0.9756 -0.1754 -0.1323
vn 0.8719 -0.4482 -0.1973
vn 0.9718 -0.1564 -0.1764
vn -0.9658 -0.2581 0.0245
vn 0.8230 -0.5414 -0.1721
vn 0.8136 -0.3495 -0.4645
vn 0.8492 -0.2356 -0.4727
vn -0.9834 -0.1816 -0.0022
vn 0.9144 -0.3731 -0.1574
vn 0.9515 -0.2778 -0.1322
vn 0.2830 -0.9451 -0.1637
vn 0.2608 -0.9511 -0.1657
vn -0.5962 -0.8013 -0.0495
vn 0.9793 -0.0326 -0.1998
vn 0.9804 -0.0638 -0.1863
vn 0.9767 -0.0584 -0.2065
vn 0.8883 -0.3407 -0.3079
vn 0.9427 -0.3252 -0.0752
vn 0.9382 -0.3334 -0.0926
vn 0.9446 -0.3167 -0.0865
vn 0.9454 -0.1446 -0.2921
vn 0.8959 -0.3157 -0.3127
vn 0.9555 -0.2474 -0.1606
vn 0.9733 -0.1728 -0.1514
vn -0.7987 0.5082 0.3222
vn -0.7764 0.5281 0.3440
vn -0.8055 0.4899 0.3335
vn 0.8538 -0.4640 -0.2361
vn 0.3031 -0.9393 -0.1607
vn 0.8338 -0.5074 -0.2176
vn 0.9710 -0.0599 -0.2315
vn 0.9761 -0.0339 -0.2147
vn 0.9734 -0.0590 -0.2213
vn -0.6945 0.6330 0.3420
vn -0.3542 0.8556 0.3776
vn -0.3390 0.8587 0.3843
vn -0.9622 -0.2256 0.1524
vn -0.2691 0.8628 0.4279
vn 0.8325 -0.4421 -0.3339
vn 0.9078 0.0161 -0.4191
vn 0.9302 0.0100 -0.3669
vn 0.9293 -0.0203 -0.3688
vn 0.9468 -0.0985 -0.3065
vn 0.9430 -0.1176 -0.3114
vn 0.2298 0.0571 -0.9716
vn -0.7191 0.0787 -0.6905
vn 0.2311 -0.0084 -0.9729
vn 0.8644 -0.4891 -0.1165
vn 0.9152 -0.3870 -0.1122
vn 0.8906 -0.4547 0.0027
vn -0.8807 -0.3900 0.2686
vn -0.4706 -0.8760 0.1058
vn -0.4800 -0.8717 0.0989
vn 0.9364 0.1501 0.3173
vn 0.9212 0.1956 0.3363
vn 0.9672 -0.2520 0.0336
vn 0.9803 -0.1933 0.0398
vn 0.9758 -0.2179 0.0195
vn 0.9475 -0.2133 -0.2383
vn 0.9392 -0.2297 -0.2553
vn 0.8784 -0.4529 -0.1525
vn 0.9613 0.0035 -0.2753
vn 0.9455 -0.1597 -0.2838
vn 0.8150 -0.2290 -0.5322
vn 0.8663 -0.1420 -0.4790
vn 0.2633 0.8889 0.3749
vn -0.3374 0.8898 0.3073
vn 0.9397 -0.3035 -0.1576
vn 0.8437 -0.1968 -0.4994
vn 0.9102 -0.3262 -0.2554
vn 0.9573 -0.1737 -0.2310
vn 0.9846 -0.0478 0.1681
vn 0.9792 -0.1318 0.1541
vn 0.9505 -0.1491 -0.2727
vn 0.9004 -0.3153 -0.2998
vn -0.5155 -0.0078 -0.8569
vn -0.9480 -0.0279 -0.3172
vn 0.9353 -0.1189 -0.3332
vn 0.9035 -0.2443 -0.3523
vn -0.9617 0.0297 0.2724
vn -0.9433 0.0116 0.3316
vn -0.9655 0.0210 0.2594
vn 0.9324 -0.3521 -0.0819
vn 0.9329 -0.3452 -0.1027
vn 0.9471 -0.3130 -0.0714
vn 0.9444 -0.3206 -0.0732
vn 0.9527 -0.2915 -0.0856
vn -0.5264 0.6191 0.5828
vn -0.5827 0.6084 0.5388
vn -0.7346 0.6668 0.1256
vn -0.8040 0.5845 0.1094
vn -0.8305 0.5529 0.0677
vn 0.9335 -0.3105 -0.1791
vn 0.9739 -0.1684 -0.1524
vn 0.9897 0.0204 0.1417
vn 0.9909 -0.0639 0.1182
vn 0.9879 -0.0163 0.1542
vn 0.9547 -0.1908 -0.2286
vn 0.9005 -0.3596 -0.2444
vn 0.8952 -0.3347 -0.2943
vn 0.9484 -0.1674 -0.2692
vn 0.9737 -0.1469 -0.1743
vn 0.9788 -0.1409 -0.1486
vn 0.8970 -0.3938 -0.2007
vn 0.9630 -0.2586 -0.0762
vn 0.9604 -0.2677 -0.0773
vn 0.9632 -0.2598 -0.0684
vn 0.3073 -0.9377 -0.1622
vn 0.9661 -0.2310 -0.1154
vn 0.2855 0.2741 -0.9183
vn 0.7129 0.0058 -0.7013
vn -0.9810 -0.1384 0.1360
vn -0.9636 -0.2370 0.1239
vn -0.9559 -0.2757 -0.1012
vn -0.9929 -0.1174 0.0202
vn -0.9748 -0.1875 -0.1211
vn 0.2593 -0.9494 -0.1771
vn 0.2781 -0.9448 -0.1735
vn 0.9547 -0.0913 -0.2832
vn 0.9503 -0.1069 -0.2925
vn -0.7825 0.5020 0.3684
vn -0.7778 0.4706 0.4166
vn -0.8130 0.4593 0.3578
vn 0.7907 -0.5154 -0.3304
vn 0.9126 -0.2596 -0.3158
vn 0.8319 -0.4611 -0.3089
vn 0.8766 -0.4030 -0.2631
vn 0.4357 -0.8754 -0.2095
vn 0.8703 -0.4073 -0.2769
vn -0.3251 0.8583 0.3969
vn -0.6847 0.6142 0.3923
vn -0.6844 0.6291 0.3687
vn 0.9564 -0.1899 -0.2218
vn 0.8192 -0.2253 -0.5274
vn 0.7878 -0.1832 -0.5880
vn 0.8102 -0.2217 -0.5425
vn 0.8121 -0.2584 -0.5232
vn 0.8275 -0.2936 -0.4786
vn 0.8295 -0.2984 -0.4721
vn -0.7085 0.6870 0.1612
vn 0.8720 -0.3776 -0.3114
vn 0.8815 -0.3657 -0.2987
vn -0.8740 -0.3218 0.3643
vn -0.8872 -0.3336 0.3187
vn -0.8859 -0.2779 0.3713
vn 0.9019 -0.3200 -0.2899
vn 0.8411 -0.2356 -0.4868
vn 0.8588 -0.1574 -0.4876
vn 0.8531 -0.4509 -0.2624
vn 0.8993 -0.3592 -0.2495
vn 0.9413 -0.2674 -0.2059
vn 0.9018 -0.3684 -0.2259
vn 0.8596 -0.3636 -0.3589
vn 0.8650 -0.4175 -0.2785
vn 0.8662 -0.4269 -0.2595
vn 0.9016 -0.3298 -0.2799
vn 0.9524 -0.1604 -0.2593
vn 0.8575 -0.4173 -0.3008
vn 0.8927 -0.3507 -0.2829
vn 0.8619 -0.4142 -0.2925
vn -0.8085 0.5730 0.1341
vn -0.7795 0.6081 0.1503
vn -0.9695 0.0033 0.2452
vn -0.9410 -0.0041 0.3383
vn -0.9984 -0.0190 -0.0530
vn -0.9738 -0.2153 -0.0736
vn -0.9677 -0.2361 -0.0885
vn 0.8359 -0.2759 -0.4744
vn 0.9773 -0.1975 0.0762
vn 0.9887 -0.1195 0.0909
vn 0.9849 -0.1617 0.0612
vn 0.9348 -0.2516 -0.2508
vn 0.9595 -0.1448 -0.2417
vn 0.9632 -0.1439 -0.2271
vn 0.8773 -0.1946 -0.4388
vn 0.9376 -0.1477 -0.3148
vn 0.9265 -0.3147 -0.2062
vn -0.8123 -0.3511 0.4657
vn -0.8463 -0.3239 0.4230
vn 0.9357 0.3486 -0.0551
vn 0.9770 -0.1827 -0.1101
vn 0.9907 -0.1010 -0.0914
vn 0.8530 -0.4401 -0.2805
vn -0.8082 0.5115 0.2919
vn -0.7295 0.6126 0.3042
vn -0.7168 0.6181 0.3228
vn 0.9041 -0.3305 -0.2710
vn 0.9534 -0.1754 -0.2456
vn -0.6795 0.6413 0.3564
vn 0.9831 -0.0353 -0.1796
vn 0.9379 0.3466 -0.0160
vn 0.3933 0.8754 0.2812
vn -0.9524 -0.2506 0.1733
vn -0.9554 -0.2206 0.1966
vn -0.7337 0.6160 0.2868
vn -0.7324 0.6244 0.2714
vn -0.9822 -0.1748 0.0691
vn -0.9586 -0.2707 0.0889
vn -0.9570 -0.2855 0.0518
vn 0.9396 -0.3415 0.0243
vn -0.9303 -0.0222 0.3662
vn 0.9704 -0.1597 -0.1814
vn 0.9449 -0.2735 -0.1797
vn -0.6143 -0.7795 -0.1225
vn 0.2647 -0.9499 -0.1663
vn 0.2825 -0.9449 -0.1653
vn 0.2730 -0.9497 -0.1536
vn 0.7028 -0.7056 -0.0903
vn 0.7193 -0.6905 -0.0756
vn 0.9579 -0.1259 -0.2578
vn -0.9823 -0.0770 0.1708
vn 0.8498 -0.3351 -0.4070
vn 0.8435 -0.3452 -0.4115
vn 0.8366 -0.3099 -0.4518
vn 0.8357 -0.3745 -0.4017
vn 0.9576 -0.2881 -0.0066
vn 0.9439 -0.3298 -0.0180
vn 0.9487 -0.3159 0.0149
vn -0.3779 -0.4702 0.7976
vn 0.6743 -0.2800 0.6833
vn 0.1649 0.9137 0.3714
vn -0.4051 0.8802 0.2473
vn 0.9724 0.0201 0.2326
vn 0.9126 -0.4019 -0.0754
vn 0.9657 -0.2522 -0.0627
vn 0.9683 -0.2460 -0.0433
vn 0.8493 -0.4320 -0.3033
vn 0.3878 -0.2902 0.8749
vn 0.9617 -0.2560 -0.0981
vn 0.8672 -0.4376 -0.2378
vn 0.9059 -0.3723 -0.2017
vn 0.9565 -0.2826 -0.0725
vn 0.9475 -0.3099 -0.0780
vn 0.9519 -0.2984 -0.0695
vn 0.8263 -0.0600 -0.5600
vn 0.8364 -0.0969 -0.5395
vn 0.7553 -0.0227 -0.6550
vn 0.7801 -0.0827 -0.6201
vn 0.7983 -0.0409 -0.6009
vn 0.9012 -0.3437 -0.2640
vn 0.9534 -0.1743 -0.2462
vn 0.8977 -0.2771 -0.3425
vn 0.8727 -0.3350 -0.3551
vn 0.8750 -0.3290 -0.3551
vn -0.7417 0.2294 -0.6302
vn 0.3793 -0.0338 -0.9247
vn -0.7189 0.2262 -0.6573
vn 0.7698 -0.1455 -0.6215
vn 0.2585 0.0686 -0.9636
vn 0.7642 -0.0744 -0.6406
vn 0.9507 -0.1735 -0.2572
vn 0.9737 -0.0318 -0.2254
vn -0.3176 0.8548 0.4105
vn -0.6346 0.6354 0.4399
vn 0.8536 -0.3655 -0.3712
vn 0.9328 -0.2338 -0.2743
vn 0.7899 -0.4019 -0.4631
vn 0.8253 -0.2873 -0.4862
vn 0.7999 -0.1933 -0.5682
vn 0.3338 -0.0303 -0.9422
vn 0.8311 -0.2554 -0.4939
vn 0.8219 -0.2307 -0.5208
vn 0.8289 -0.2519 -0.4994
vn 0.8444 -0.2767 -0.4587
vn 0.8040 -0.2003 -0.5599
vn 0.8207 -0.3676 -0.4374
vn 0.8590 -0.1740 -0.4815
vn 0.8670 -0.3442 -0.3603
vn 0.8604 -0.3622 -0.3586
vn 0.8049 -0.2129 -0.5539
vn 0.7921 -0.2019 -0.5760
vn -0.4149 0.7362 0.5347
vn 0.8250 -0.4439 -0.3498
vn 0.4975 -0.8306 -0.2501
vn -0.7752 -0.4533 0.4400
vn -0.8919 -0.3177 0.3220
vn -0.8893 -0.2641 0.3733
vn 0.9459 -0.2921 -0.1411
vn 0.7861 -0.4839 -0.3845
vn 0.8177 -0.2619 -0.5125
vn 0.4050 -0.0615 -0.9122
vn 0.9470 -0.1639 -0.2762
vn 0.9945 -0.0278 0.1011
vn 0.9913 0.0395 0.1252
vn 0.9968 -0.0158 0.0785
vn 0.4855 -0.8116 -0.3251
vn 0.7850 -0.3815 -0.4881
vn 0.7977 -0.4211 -0.4318
vn 0.4882 -0.8185 -0.3027
vn 0.4685 -0.8091 -0.3548
vn 0.7691 -0.3705 -0.5209
vn 0.3807 -0.8157 -0.4355
vn -0.9891 0.1061 0.1017
vn -0.7977 0.1955 -0.5705
vn -0.7787 0.2214 -0.5870
vn 0.8067 -0.0467 -0.5891
vn 0.7946 -0.1312 -0.5927
vn 0.8143 -0.1852 -0.5501
vn 0.8041 -0.2525 -0.5382
vn 0.2525 0.1387 -0.9576
vn 0.7690 0.0136 -0.6391
vn 0.8274 -0.1050 -0.5518
vn -0.7967 0.1382 -0.5884
vn -0.7750 0.1115 -0.6221
vn -0.3758 -0.9059 0.1953
vn 0.4879 -0.8253 -0.2842
vn -0.4199 -0.9076 0.0020
vn -0.5671 -0.7073 -0.4220
vn 0.9159 -0.1031 -0.3880
vn 0.2392 0.1420 -0.9605
vn -0.8012 0.1864 -0.5686
vn -0.8036 0.1747 -0.5690
vn -0.9577 0.0635 0.2808
vn -0.9899 0.0957 0.1050
vn 0.9503 0.0068 -0.3111
vn 0.9600 -0.1825 -0.2124
vn 0.9606 -0.1538 -0.2315
vn 0.3097 0.8959 0.3187
vn 0.3241 0.8951 0.3061
vn -0.7019 0.5075 0.4998
vn -0.7429 0.5177 0.4244
vn -0.6606 0.5580 0.5022
vn 0.8546 -0.3759 -0.3582
vn 0.4106 -0.8838 -0.2244
vn 0.4559 -0.8583 -0.2358
vn 0.8594 -0.3707 -0.3523
vn -0.5334 -0.8450 0.0388
vn -0.9034 -0.3923 0.1734
vn -0.5101 -0.8594 0.0346
vn 0.8054 -0.0233 -0.5923
vn 0.8336 -0.0499 -0.5501
vn 0.8082 -0.0167 -0.5886
vn 0.8327 -0.0614 -0.5504
vn 0.7681 0.0270 -0.6398
vn 0.7634 0.0029 -0.6459
vn 0.2368 0.1183 -0.9643
vn 0.8775 -0.3197 -0.3575
vn 0.8632 -0.3532 -0.3608
vn 0.8645 -0.3505 -0.3602
vn 0.9486 -0.0254 -0.3154
vn 0.4250 -0.8781 -0.2200
vn 0.4047 -0.8854 -0.2287
vn 0.9528 -0.1092 -0.2833
vn 0.8737 -0.3444 -0.3435
vn 0.9269 -0.2019 -0.3162
vn 0.9601 -0.2730 -0.0612
vn 0.9687 -0.2429 -0.0515
vn 0.9289 -0.1889 -0.3186
vn 0.8914 -0.2948 -0.3441
vn -0.9648 0.0725 0.2528
vn -0.9561 0.0579 0.2873
vn -0.9490 0.0582 0.3099
vn 0.7846 -0.5223 -0.3340
vn 0.7819 -0.1665 -0.6007
vn 0.2736 0.0093 -0.9618
vn 0.3077 -0.0114 -0.9514
vn 0.9196 -0.3790 -0.1036
vn 0.9065 -0.4101 -0.1001
vn 0.9459 -0.2955 -0.1338
vn -0.3261 0.8614 0.3895
vn 0.9580 -0.2097 -0.1956
vn 0.9595 -0.2190 -0.1770
vn -0.7699 0.5449 0.3321
vn 0.9684 -0.1251 -0.2155
vn -0.6276 -0.7784 0.0128
vn 0.9132 -0.3972 -0.0911
vn 0.9895 -0.0924 -0.1108
vn -0.9693 -0.1589 0.1877
vn -0.9603 -0.1931 0.2011
vn -0.9807 -0.1669 0.1019
vn 0.8851 0.4589 0.0774
vn 0.8298 -0.1207 -0.5448
vn 0.8392 -0.1577 -0.5204
vn -0.9897 0.1139 0.0862
vn -0.9694 0.0695 0.2355
vn 0.9327 -0.3528 -0.0741
vn 0.9933 -0.0969 0.0629
vn 0.9325 -0.3584 -0.0449
vn -0.9949 0.0579 0.0824
vn -0.9979 0.0481 0.0434
vn 0.8996 -0.3318 -0.2839
vn 0.9758 -0.2177 -0.0180
vn 0.9725 -0.2313 -0.0287
vn 0.9791 -0.2032 0.0026
vn 0.9419 -0.3270 -0.0767
vn 0.9430 -0.3240 -0.0754
vn 0.9451 -0.3180 -0.0758
vn -0.9879 -0.1263 0.0901
vn -0.9943 -0.0300 0.1022
vn -0.9625 0.0710 0.2618
vn -0.9894 0.1136 0.0905
vn 0.9595 -0.0900 -0.2669
vn 0.8218 -0.4085 -0.3973
vn 0.9739 0.0391 0.2235
vn 0.8619 -0.3564 -0.3608
vn 0.2265 -0.1476 -0.9628
vn 0.2312 -0.0858 -0.9691
vn 0.9700 -0.1426 -0.1969
vn 0.8292 0.5421 -0.1361
vn 0.9932 -0.0577 -0.1015
vn 0.9592 -0.2685 -0.0885
vn 0.9508 -0.2953 -0.0940
vn 0.9555 -0.2823 -0.0859
vn 0.4603 0.2209 0.8598
vn -0.3725 0.8806 0.2930
vn -0.5231 0.2515 0.8143
vn 0.9668 -0.1496 -0.2072
vn 0.8490 -0.3292 -0.4133
vn 0.8911 0.2729 0.3627
vn 0.5748 0.6935 0.4343
vn 0.5185 0.7277 0.4490
vn -0.9413 0.0196 0.3371
vn -0.9593 0.0372 0.2800
vn -0.9392 0.0260 0.3424
vn -0.8843 -0.4074 0.2281
vn -0.4822 -0.8731 0.0718
vn 0.6253 -0.2772 0.7295
vn -0.3637 -0.6259 0.6899
vn 0.6444 -0.2937 0.7061
vn 0.2863 -0.9480 -0.1389
vn 0.7443 -0.6666 -0.0410
vn -0.9182 -0.3822 -0.1040
vn -0.8284 -0.5572 0.0575
vn -0.8727 -0.4543 -0.1790
vn -0.8678 0.4612 0.1850
vn -0.8447 0.4996 0.1920
vn -0.8406 0.5030 0.2009
vn 0.8969 -0.3512 -0.2689
vn 0.9381 -0.2580 -0.2311
vn -0.6230 0.0335 -0.7815
vn 0.6634 -0.7356 -0.1371
vn 0.2443 -0.9550 -0.1680
vn 0.2472 -0.9530 -0.1752
vn 0.6612 -0.2942 0.6902
vn 0.9591 -0.0501 0.2787
vn -0.8513 0.5241 0.0252
vn -0.8596 0.5088 0.0468
vn -0.8764 0.4816 0.0047
vn 0.4198 -0.8857 -0.1983
vn 0.8680 -0.4272 -0.2532
vn 0.3826 -0.9057 -0.1823
vn -0.8339 0.5444 0.0907
vn 0.9831 -0.1830 0.0008
vn -0.6175 -0.7790 -0.1088
vn 0.8201 -0.5343 -0.2048
vn 0.8963 0.0265 -0.4426
vn 0.9843 -0.0738 -0.1601
vn -0.3587 0.8668 0.3464
vn 0.3483 0.8742 0.3382
vn -0.3590 0.8572 0.3693
vn 0.9464 -0.3127 -0.0808
vn 0.9557 -0.2800 -0.0910
vn -0.9989 0.0267 -0.0381
vn -0.5292 -0.8305 -0.1738
vn 0.9189 0.3942 0.0144
vn 0.3574 0.8868 0.2929
vn 0.8506 -0.4849 -0.2035
vn 0.8747 -0.4510 -0.1773
vn -0.9728 -0.1304 0.1917
vn -0.9775 -0.1306 0.1655
vn -0.9803 -0.1022 0.1691
vn -0.7853 0.5328 0.3153
vn -0.8138 0.4948 0.3048
vn 0.9937 -0.0860 0.0725
vn 0.9956 -0.0803 0.0482
vn 0.9633 0.0973 0.2502
vn 0.9505 0.1299 0.2821
vn -0.3576 0.8614 0.3606
vn 0.7949 -0.5866 -0.1549
vn 0.9316 -0.3471 -0.1075
vn 0.9608 -0.2557 -0.1070
vn 0.9573 -0.2722 -0.0977
vn -0.9911 0.1049 0.0824
vn 0.9888 -0.1296 -0.0741
vn 0.9021 0.4079 0.1408
vn -0.9851 -0.1361 0.1049
vn 0.8651 0.4678 0.1809
vn 0.8852 0.4363 0.1611
vn 0.9423 -0.3155 -0.1116
vn 0.9466 -0.3175 0.0556
vn 0.9529 -0.2930 0.0777
vn -0.8875 -0.4253 0.1776
vn -0.9694 0.2423 -0.0400
vn -0.9352 -0.3424 -0.0905
vn -0.3713 0.8637 0.3409
vn -0.7358 0.6262 0.2577
vn -0.7500 0.6148 0.2440
vn -0.8252 0.5067 0.2496
vn -0.8514 0.4769 0.2182
vn -0.8237 0.5170 0.2327
vn 0.8976 0.4384 0.0468
vn -0.8542 0.4789 0.2024
vn -0.8267 0.5189 0.2174
vn 0.8517 -0.4333 -0.2948
vn 0.8064 -0.0926 -0.5841
vn 0.8235 -0.5339 -0.1918
vn 0.9911 -0.0499 -0.1238
vn 0.9876 -0.0840 -0.1329
vn 0.9383 -0.3426 -0.0464
vn 0.9366 -0.3501 -0.0141
vn 0.3282 0.8803 0.3426
vn -0.3769 0.8629 0.3367
vn 0.9102 -0.3726 -0.1810
vn 0.3025 -0.9386 -0.1658
vn 0.7508 -0.6458 -0.1391
vn 0.7347 -0.6634 -0.1419
vn 0.8520 0.4788 0.2117
vn 0.3230 0.8813 0.3451
vn 0.3251 0.8784 0.3502
vn 0.9815 -0.1572 0.1090
vn 0.9857 -0.1000 0.1354
vn 0.9875 -0.0424 -0.1520
vn 0.9693 -0.2454 -0.0171
vn 0.9281 -0.3574 -0.1045
vn 0.9575 -0.2731 -0.0927
vn -0.9288 0.3557 0.1039
vn -0.7570 0.5309 -0.3809
vn 0.9460 -0.3229 -0.0306
vn 0.9411 -0.3339 -0.0538
vn 0.9563 -0.1491 -0.2515
vn 0.9969 -0.0769 -0.0182
vn 0.8529 0.4838 0.1963
vn 0.9538 -0.2949 -0.0573
vn 0.9470 -0.3181 -0.0460
vn 0.9564 -0.2896 -0.0383
vn 0.9410 -0.3293 -0.0782
vn 0.9403 -0.3332 -0.0700
vn -0.7136 0.6555 0.2473
vn -0.8040 0.5576 0.2064
vn -0.3501 0.8745 0.3357
vn -0.7544 0.6118 0.2379
vn -0.5523 -0.8183 -0.1590
vn -0.9808 -0.1863 -0.0583
vn 0.8432 0.4819 0.2384
vn 0.3163 0.8783 0.3586
vn -0.9494 0.2857 -0.1308
vn -0.9309 -0.3106 -0.1923
vn -0.3340 0.8825 0.3311
vn -0.3326 0.8866 0.3213
vn -0.6111 -0.7801 -0.1340
vn 0.3029 -0.9389 -0.1636
vn -0.4308 -0.5303 0.7302
vn -0.8332 0.5193 0.1900
vn -0.8720 0.4574 0.1742
vn -0.9158 -0.3606 0.1769
vn 0.7541 -0.6412 -0.1420
vn 0.2883 -0.9425 -0.1691
vn 0.7079 -0.6910 -0.1463
vn -0.9962 -0.0840 0.0217
vn -0.9687 -0.2481 0.0014
vn -0.9759 -0.2073 -0.0675
vn 0.9662 -0.2542 -0.0425
vn 0.8210 0.3316 0.4648
vn -0.3761 0.6068 -0.7002
vn 0.9918 -0.0630 0.1115
vn 0.1457 0.9195 0.3652
vn -0.4246 0.8759 0.2293
vn -0.7748 0.6059 0.1807
vn -0.8076 0.5586 0.1889
vn -0.8033 0.5720 0.1657
vn -0.4453 0.8686 0.2172
vn -0.7781 0.6256 0.0563
vn -0.7900 0.6122 0.0338
vn 0.9397 -0.3413 0.0226
vn -0.9923 -0.0982 0.0756
vn -0.6914 -0.1405 -0.7087
vn -0.4693 -0.8748 0.1203
vn 0.9430 -0.3201 -0.0914
vn 0.9413 -0.3272 -0.0834
vn 0.9368 -0.1025 -0.3346
vn 0.9415 -0.3282 -0.0762
vn 0.7512 -0.6431 -0.1485
vn 0.9854 -0.1402 -0.0962
vn 0.7619 -0.6294 -0.1526
vn 0.9823 -0.1421 -0.1224
vn 0.9372 -0.3416 -0.0704
vn 0.9658 -0.1653 -0.1996
vn -0.9980 0.0464 -0.0421
vn -0.9992 -0.0046 -0.0390
vn -0.8214 0.5026 0.2697
vn -0.8364 0.4713 0.2799
vn -0.8492 0.4616 0.2565
vn -0.4726 0.6065 0.6394
vn -0.3376 0.7407 0.5809
vn 0.8230 -0.0909 -0.5608
vn 0.6151 0.7132 -0.3362
vn 0.7291 0.6409 -0.2402
vn 0.2207 0.9572 0.1874
vn 0.2715 0.8501 -0.4513
vn 0.0763 0.9939 0.0795
vn 0.1724 0.9757 0.1349
vn 0.7880 0.5918 -0.1697
vn 0.2527 0.9429 0.2171
vn 0.6836 -0.3769 -0.6251
vn -0.5944 -0.7913 -0.1438
vn -0.6889 0.6833 0.2419
vn 0.9442 -0.3206 -0.0762
vn 0.9244 -0.3669 -0.1043
vn -0.9082 -0.3610 0.2115
vn 0.9617 -0.2612 -0.0832
vn -0.9910 -0.1297 -0.0346
vn -0.9986 0.0517 0.0052
vn -0.9922 -0.1217 -0.0253
vn 0.9660 -0.0329 0.2565
vn 0.9192 -0.3894 -0.0586
vn -0.9848 -0.1672 -0.0466
vn 0.9393 -0.3326 -0.0842
vn -0.8649 -0.4886 0.1148
vn 0.9954 -0.0922 0.0272
vn 0.9963 -0.0858 -0.0029
vn 0.8325 0.4845 0.2688
vn 0.6812 -0.7239 -0.1089
vn 0.2540 -0.9541 -0.1588
vn 0.2477 -0.9553 -0.1612
vn 0.2626 -0.9519 -0.1579
vn 0.6916 -0.7153 -0.1003
vn -0.8642 0.5025 -0.0260
vn -0.8064 0.5913 -0.0091
vn 0.9352 -0.3537 -0.0167
vn 0.2802 -0.0475 0.9588
vn -0.8569 0.5154 -0.0023
vn 0.6358 0.6712 0.3812
vn 0.7148 0.6032 0.3539
vn 0.9226 -0.3819 -0.0537
vn 0.6712 -0.7314 -0.1209
vn 0.9433 -0.1388 -0.3015
vn 0.9462 -0.3109 -0.0902
vn -0.5373 -0.8268 -0.1665
vn -0.3675 -0.5442 0.7541
vn -0.3540 -0.5909 0.7249
vn 0.7848 0.5354 0.3122
vn 0.3056 0.8786 0.3670
vn 0.9705 -0.0104 0.2409
vn 0.6717 -0.2921 0.6808
vn 0.9857 -0.0083 0.1685
vn -0.7571 0.2411 -0.6072
vn 0.8518 -0.4241 -0.3075
vn 0.9648 -0.2144 0.1525
vn -0.5338 0.5315 0.6577
vn -0.9996 0.0167 -0.0248
vn -0.9979 0.0584 -0.0285
vn -0.9969 0.0769 -0.0151
vn 0.9578 -0.2699 -0.0983
vn 0.9424 -0.3178 -0.1039
vn -0.5059 -0.8403 -0.1950
vn -0.5169 -0.8356 -0.1862
vn -0.9544 -0.2713 -0.1245
vn -0.9580 -0.2633 -0.1134
vn 0.1053 0.9163 0.3863
vn -0.4718 0.8593 0.1975
vn -0.4873 0.8582 0.1616
vn -0.4050 -0.8906 -0.2068
vn -0.4338 -0.8759 -0.2111
vn 0.9507 -0.2876 -0.1161
vn 0.9928 -0.1072 -0.0540
vn 0.9959 -0.0847 -0.0329
vn 0.9498 -0.0473 0.3092
vn -0.9959 0.0898 -0.0043
vn -0.9983 0.0577 -0.0024
vn -0.9994 0.0314 -0.0137
vn -0.8069 0.5479 -0.2206
vn -0.8379 0.5036 -0.2107
vn -0.8604 0.4535 -0.2326
vn 0.1547 -0.3038 0.9401
vn 0.1903 0.7940 0.5774
vn 0.4215 0.7684 0.4815
vn 0.0162 0.8948 0.4462
vn -0.7655 0.6380 0.0838
vn 0.9342 -0.3549 -0.0372
vn 0.9473 -0.3196 -0.0205
vn 0.9643 -0.1956 0.1784
vn 0.4954 -0.8459 0.1977
vn 0.7435 -0.6683 0.0255
vn 0.6038 0.6951 0.3902
vn -0.3867 -0.9030 -0.1872
vn 0.9361 -0.3389 -0.0946
vn 0.9499 -0.3013 -0.0830
vn 0.2354 -0.9705 -0.0516
vn 0.2872 -0.9514 -0.1110
vn 0.6357 -0.5319 0.5595
vn -0.9375 -0.3169 -0.1437
vn -0.4756 -0.8553 -0.2055
vn 0.9604 -0.2786 0.0012
vn 0.9732 -0.2284 0.0281
vn 0.9733 0.0603 0.2214
vn -0.9980 0.0328 -0.0544
vn -0.9972 -0.0357 -0.0663
vn -0.5210 -0.8343 -0.1806
vn 0.1320 0.9202 0.3686
vn -0.9065 -0.3877 -0.1669
vn 0.0530 0.9101 0.4109
vn -0.4558 0.8790 0.1398
vn -0.3960 0.9038 0.1622
vn -0.9797 -0.1506 -0.1324
vn -0.8736 0.4620 -0.1530
vn 0.9814 -0.1762 0.0759
vn -0.7730 0.6215 -0.1273
vn -0.8120 0.5777 -0.0836
vn 0.1234 0.9169 0.3795
vn 0.5881 0.6870 0.4267
vn 0.0802 0.9158 0.3936
vn 0.9308 -0.3481 -0.1113
vn -0.9973 0.0404 -0.0611
vn -0.9968 -0.0306 -0.0740
vn 0.5873 0.6999 0.4064
vn -0.9662 -0.2080 -0.1522
vn -0.9758 -0.1598 -0.1494
vn -0.9816 -0.1296 -0.1403
vn -0.9873 -0.1583 -0.0164
vn -0.9948 0.1012 0.0145
vn -0.9990 0.0391 0.0205
vn -0.5659 -0.8104 -0.1514
vn -0.1204 0.8850 0.4497
vn 0.6746 -0.2664 0.6884
vn -0.8878 -0.3934 0.2389
vn -0.3633 -0.9282 0.0805
vn -0.3616 -0.7340 0.5749
vn -0.1171 0.8964 0.4275
vn -0.1143 0.9121 0.3936
vn -0.3780 -0.4701 0.7975
vn -0.9958 0.0070 -0.0917
vn -0.9961 -0.0281 -0.0837
vn -0.9919 -0.0715 -0.1047
vn -0.3752 0.9051 0.2000
vn -0.7790 0.5979 -0.1888
vn 0.2328 0.0954 -0.9678
vn -0.8046 0.1526 -0.5739
vn -0.9462 -0.2541 0.2005
vn -0.1188 0.9419 0.3141
vn -0.1743 0.9846 0.0166
vn 0.4477 -0.8631 -0.2339
vn -0.3724 -0.9172 0.1418
vn -0.4991 -0.8656 0.0392
vn 0.8029 -0.4863 -0.3447
vn -0.7788 0.5934 0.2034
vn 0.4942 -0.8334 -0.2476
vn -0.9704 -0.0859 0.2258
vn -0.8821 -0.4013 0.2468
vn -0.8842 -0.3146 0.3452
vn -0.4931 -0.8687 0.0469
vn -0.7112 0.2015 -0.6735
vn -0.3749 -0.9169 -0.1367
vn -0.8528 0.4661 0.2354
vn -0.3597 -0.9117 0.1987
vn -0.3578 -0.9160 0.1816
vn -0.9842 -0.1094 0.1391
vn -0.9043 -0.3216 0.2809
vn -0.8751 -0.3916 0.2842
vn -0.8949 -0.3346 0.2953
vn -0.8693 -0.3856 0.3091
vn -0.8998 -0.3175 0.2991
vn -0.9099 -0.3006 0.2860
vn -0.9400 -0.2800 0.1948
vn -0.9362 -0.2894 0.1996
vn -0.9295 -0.3145 0.1926
vn -0.9249 -0.3245 0.1983
vn -0.8981 -0.4018 0.1789
vn -0.9211 -0.3300 0.2066
vn -0.8933 -0.4074 0.1900
vn -0.9315 -0.2999 0.2058
vn -0.9280 -0.3061 0.2125
vn -0.9124 -0.3304 0.2418
vn -0.9191 -0.3065 0.2478
vn -0.7574 -0.4707 0.4526
vn -0.7921 -0.3781 0.4792
vn -0.7509 -0.4862 0.4469
vn -0.7972 -0.3650 0.4808
vn -0.8031 -0.3415 0.4882
vn -0.8083 -0.3293 0.4881
vn -0.7916 -0.3930 0.4679
vn -0.7509 -0.5029 0.4281
vn -0.8071 -0.3980 0.4361
vn -0.7736 -0.5069 0.3803
vn -0.8011 -0.3563 0.4809
vn -0.8096 -0.3663 0.4587
vn -0.9934 -0.1012 0.0532
vn -0.9871 -0.1416 0.0741
vn -0.6844 0.6947 0.2215
vn -0.6843 0.7290 -0.0185
vn -0.9490 0.2603 0.1781
vn -0.7589 0.6374 -0.1336
vn -0.6754 0.7349 -0.0609
vn -0.7548 0.6353 -0.1636
vn -0.7748 0.6064 -0.1790
vn -0.9238 -0.3410 -0.1743
vn -0.8742 -0.4130 -0.2554
vn -0.8541 -0.5163 -0.0621
vn -0.9768 -0.1952 0.0885
vn -0.9075 -0.2054 0.3663
vn -0.8485 -0.5030 -0.1647
vn -0.9524 -0.2625 -0.1550
vn 0.9534 -0.1511 -0.2610
vn -0.9602 -0.2596 -0.1033
vn -0.9964 0.0469 -0.0703
vn -0.8938 0.4386 -0.0938
vn -0.8907 0.4196 -0.1748
vn -0.8799 -0.4389 -0.1818
vn -0.9571 -0.2417 -0.1598
vn -0.9902 -0.0717 -0.1202
vn -0.8595 -0.4773 -0.1828
vn -0.9730 -0.1763 -0.1492
vn -0.8072 -0.3979 0.4360
vn -0.8700 -0.3018 0.3898
vn -0.9932 0.0872 0.0767
vn -0.9553 -0.0834 0.2835
vn -0.9725 0.0574 0.2257
vn -0.9599 0.0488 0.2762
vn 0.8594 -0.0405 -0.5097
vn -0.9455 0.0563 0.3208
vn -0.9384 0.0486 0.3422
vn -0.9558 0.0559 0.2886
vn -0.9353 0.0407 0.3516
vn -0.9908 0.0899 0.1015
vn -0.9569 0.0532 0.2856
vn -0.9916 0.0819 0.1002
vn -0.9930 0.0675 0.0965
vn -0.9579 0.0470 0.2834
vn -0.9379 0.0337 0.3452
vn -0.9215 -0.0295 0.3872
vn -0.4038 0.8729 0.2736
vn -0.5823 0.6350 0.5076
vn -0.3131 0.8213 0.4769
vn -0.8705 0.2360 0.4319
vn -0.6188 0.4974 0.6081
vn -0.5026 0.6144 0.6082
vn -0.7018 0.7063 -0.0926
vn -0.7785 0.5944 -0.2014
vn -0.8744 0.4798 -0.0719
vn -0.8857 0.4619 -0.0465
vn -0.8799 0.4747 -0.0225
vn -0.9937 0.1120 0.0068
vn -0.6883 0.6988 0.1946
vn 0.9401 -0.3186 -0.1210
vn 0.9336 -0.3397 -0.1138
vn -0.3232 0.7622 0.5609
vn -0.4965 0.5938 0.6332
vn -0.4879 0.5923 0.6412
vn -0.5765 0.4748 0.6650
vn -0.5608 0.4906 0.6670
vn -0.3158 0.7837 0.5349
vn -0.5027 0.6143 0.6082
vn -0.5845 0.4800 0.6542
vn -0.3275 0.7486 0.5765
vn -0.4757 0.5989 0.6442
vn -0.5416 0.5125 0.6664
vn -0.5717 0.5590 0.6006
vn -0.9943 -0.0301 0.1022
vn -0.8097 -0.3662 0.4585
vn -0.5844 0.4801 0.6542
s off
f 1025/1/1 1022/2/2 1021/3/3
s 1
f 1/4/4 2/5/5 3/6/6
f 4/7/7 5/8/8 6/9/9
f 7/10/10 8/11/11 9/12/12
f 10/13/13 11/14/14 2/5/5
f 12/15/15 13/16/16 14/17/17
f 15/18/18 16/19/19 17/20/20
f 18/21/21 19/22/22 20/23/23
f 21/24/24 22/25/25 23/26/26
f 24/27/27 25/28/28 12/15/15
f 26/29/29 27/30/30 28/31/31
f 29/32/32 30/33/33 31/34/34
f 32/35/35 33/36/36 34/37/37
f 35/38/38 36/39/39 37/40/40
f 38/41/41 39/42/42 40/43/43
f 23/26/26 41/44/44 21/24/24
f 42/45/45 30/33/33 43/46/46
f 44/47/47 45/48/48 46/49/49
f 47/50/50 48/51/51 49/52/52
f 50/53/53 51/54/54 52/55/55
f 53/56/56 54/57/57 55/58/58
f 56/59/59 57/60/60 58/61/61
f 59/62/62 60/63/63 61/64/64
f 62/65/65 63/66/66 64/67/67
f 65/68/68 66/69/69 67/70/70
f 68/71/71 69/72/72 70/73/73
f 71/74/74 72/75/75 6/9/9
f 73/76/76 74/77/77 75/78/78
f 76/79/79 77/80/80 78/81/81
f 79/82/82 80/83/83 81/84/84
f 82/85/85 83/86/86 84/87/87
f 40/43/43 85/88/88 38/41/41
f 86/89/89 87/90/90 88/91/91
f 89/92/92 90/93/93 91/94/94
f 92/95/95 93/96/96 94/97/97
f 95/98/98 96/99/99 97/100/100
f 98/101/101 99/102/102 100/103/103
f 101/104/104 102/105/105 103/106/106
f 104/107/107 105/108/108 106/109/109
f 64/67/67 107/110/110 108/111/111
f 109/112/112 110/113/113 111/114/114
f 112/115/115 113/116/116 84/87/87
f 114/117/117 115/118/118 116/119/119
f 117/120/120 118/121/121 119/122/122
f 120/123/123 106/109/109 105/108/108
f 121/124/124 122/125/125 71/74/74
f 123/126/126 124/127/127 125/128/128
f 126/129/129 127/130/130 128/131/131
f 129/132/132 105/108/108 130/133/133
f 124/127/127 131/134/134 132/135/135
f 133/136/136 120/123/123 134/137/137
f 135/138/138 136/139/139 132/135/135
f 137/140/140 125/128/128 138/141/141
f 71/74/74 139/142/142 121/124/124
f 140/143/143 141/144/144 139/142/142
f 84/87/87 142/145/145 82/85/85
f 143/146/146 144/147/147 145/148/148
f 146/149/149 147/150/150 148/151/151
f 149/152/152 150/153/153 151/154/154
f 152/155/155 153/156/156 154/157/157
f 155/158/158 156/159/159 157/160/160
f 158/161/161 135/138/138 159/162/162
f 160/163/163 161/164/164 48/51/51
f 162/165/165 163/166/166 164/167/167
f 49/52/52 161/164/164 165/168/168
f 166/169/169 167/170/170 168/171/171
f 169/172/172 170/173/173 124/127/127
f 104/107/107 159/162/162 171/174/174
f 172/175/175 173/176/176 174/177/177
f 175/178/178 176/179/179 177/180/180
f 178/181/181 106/109/109 179/182/182
f 180/183/183 181/184/184 182/185/185
f 183/186/186 184/187/187 185/188/188
f 185/188/188 186/189/189 187/190/190
f 188/191/191 189/192/192 190/193/193
f 191/194/194 70/73/73 192/195/195
f 193/196/196 194/197/197 195/198/198
f 196/199/199 197/200/200 198/201/201
f 199/202/202 200/203/203 201/204/204
f 202/205/205 203/206/206 204/207/207
f 205/208/208 75/78/78 74/77/77
f 34/37/37 206/209/209 32/35/35
f 94/97/97 207/210/210 95/98/98
f 20/23/23 208/211/211 18/21/21
f 209/212/212 210/213/213 140/143/143
f 211/214/214 76/79/79 78/81/81
f 212/215/215 202/205/205 213/216/216
f 97/100/100 214/217/217 215/218/218
f 195/198/198 216/219/219 193/196/196
f 217/220/220 218/221/221 219/222/222
f 220/223/223 52/55/55 51/54/54
f 221/224/224 222/225/225 223/226/226
f 224/227/227 72/75/75 225/228/228
f 226/229/229 227/230/230 34/37/37
f 228/231/231 229/232/232 230/233/233
f 231/234/234 232/235/235 183/186/186
f 233/236/236 194/197/197 232/235/235
f 234/237/237 235/238/238 236/239/239
f 237/240/240 238/241/241 239/242/242
f 240/243/243 185/188/188 184/187/187
f 127/130/130 241/244/244 42/45/45
f 121/124/124 13/16/16 242/245/245
f 243/246/246 244/247/247 245/248/248
f 169/172/172 246/249/249 247/250/250
f 248/251/251 249/252/252 250/253/253
f 251/254/254 252/255/255 253/256/256
f 80/83/83 176/179/179 65/68/68
f 254/257/257 255/258/258 256/259/259
f 90/93/93 257/260/260 258/261/261
f 210/213/213 44/47/47 141/144/144
f 259/262/262 260/263/263 261/264/264
f 262/265/265 220/223/223 263/266/266
f 264/267/267 212/215/215 252/255/255
f 265/268/268 266/269/269 63/66/66
f 267/270/270 268/271/271 210/213/213
f 269/272/272 270/273/273 87/90/90
f 271/274/274 103/106/106 102/105/105
f 272/275/275 142/145/145 113/116/116
f 273/276/276 9/12/12 274/277/277
f 275/278/278 276/279/279 89/92/92
f 223/226/226 17/20/20 16/19/19
f 49/52/52 103/106/106 47/50/50
f 277/280/280 225/228/228 278/281/281
f 279/282/282 147/150/150 280/283/283
f 281/284/284 14/17/17 282/285/285
f 243/246/246 46/49/49 45/48/48
f 283/286/286 284/287/287 285/288/288
f 286/289/289 222/225/225 287/290/290
f 38/41/41 288/291/291 289/292/292
f 252/255/255 213/216/216 290/293/293
f 291/294/294 292/295/295 126/129/129
f 293/296/296 294/297/297 295/298/298
f 296/299/299 102/105/105 297/300/300
f 298/301/301 299/302/302 300/303/303
f 301/304/304 302/305/305 32/35/35
f 266/269/269 303/306/306 304/307/307
f 7/10/10 305/308/308 306/309/309
f 34/37/37 307/310/310 226/229/229
f 308/311/311 309/312/312 310/313/313
f 311/314/314 96/99/99 216/219/219
f 312/315/315 20/23/23 19/22/22
f 149/152/152 313/316/316 314/317/317
f 315/318/318 240/243/243 316/319/319
f 317/320/320 318/321/321 319/322/322
f 201/204/204 320/323/323 321/324/324
f 247/250/250 322/325/325 323/326/326
f 324/327/327 325/328/328 326/329/329
f 327/330/330 328/331/331 329/332/332
f 330/333/333 331/334/334 332/335/335
f 333/336/336 334/337/337 335/338/338
f 336/339/339 303/306/306 262/265/265
f 337/340/340 338/341/341 339/342/342
f 135/138/138 171/174/174 159/162/162
f 340/343/343 341/344/344 342/345/345
f 343/346/346 88/91/91 87/90/90
f 344/347/347 25/28/28 345/348/348
f 346/349/349 347/350/350 348/351/351
f 349/352/352 277/280/280 278/281/281
f 136/139/139 350/353/353 351/354/354
f 73/76/76 302/305/305 352/355/355
f 353/356/356 354/357/357 355/358/358
f 356/359/359 14/17/17 13/16/16
f 357/360/360 353/356/356 358/361/361
f 359/362/362 360/363/363 349/352/352
f 361/364/364 362/365/365 363/366/366
f 364/367/367 294/297/297 365/368/368
f 366/369/369 284/287/287 367/370/370
f 368/371/371 369/372/372 370/373/373
f 68/71/71 371/374/374 189/192/192
f 372/375/375 373/376/376 374/377/377
f 56/59/59 69/72/72 188/191/191
f 375/378/378 376/379/379 377/380/380
f 378/381/381 55/58/58 54/57/57
f 245/248/248 281/284/284 46/49/49
f 6/9/9 379/382/382 4/7/7
f 156/159/159 128/131/131 157/160/160
f 380/383/383 297/300/300 8/11/11
f 381/384/384 382/385/385 153/156/156
f 43/46/46 383/386/386 177/180/180
f 165/168/168 384/387/387 385/388/388
f 386/389/389 363/366/366 357/360/360
f 387/390/390 388/391/391 389/392/392
f 390/393/393 274/277/277 391/394/394
f 229/232/232 392/395/395 335/338/338
f 217/220/220 9/12/12 393/396/396
f 394/397/397 31/34/34 395/398/398
f 396/399/399 397/400/400 186/189/189
f 196/199/199 398/401/401 399/402/402
f 400/403/403 401/404/404 402/405/405
f 222/225/225 403/406/406 223/226/226
f 366/369/369 404/407/407 148/151/151
f 405/408/408 406/409/409 354/357/357
f 407/410/410 408/411/411 409/412/412
f 410/413/413 411/414/414 412/415/415
f 413/416/416 100/103/103 99/102/102
f 111/114/114 414/417/417 109/112/112
f 415/418/418 120/123/123 129/132/132
f 416/419/419 179/182/182 133/136/136
f 417/420/420 415/418/418 418/421/421
f 419/422/422 420/423/423 421/424/424
f 182/185/185 345/348/348 25/28/28
f 422/425/425 423/426/426 110/113/113
f 424/427/427 88/91/91 425/428/428
f 300/303/303 426/429/429 298/301/301
f 427/430/430 428/431/431 429/432/432
f 430/433/433 359/362/362 349/352/352
f 250/253/253 57/60/60 248/251/251
f 15/18/18 431/434/434 432/435/435
f 433/436/436 434/437/437 74/77/77
f 435/438/438 436/439/439 437/440/440
f 438/441/441 439/442/442 112/115/115
f 440/443/443 441/444/444 442/445/445
f 443/446/446 444/447/447 359/362/362
f 445/448/448 446/449/449 447/450/450
f 448/451/451 449/452/452 450/453/453
f 451/454/454 452/455/455 453/456/456
f 107/110/110 454/457/457 455/458/458
f 456/459/459 457/460/460 334/337/337
f 130/133/133 458/461/461 129/132/132
f 235/238/238 274/277/277 217/220/220
f 125/128/128 132/135/135 136/139/139
f 178/181/181 158/161/161 159/162/162
f 119/122/122 134/137/137 117/120/120
f 459/462/462 53/56/56 175/178/178
f 31/34/34 241/244/244 456/459/459
f 417/420/420 460/463/463 461/464/464
f 462/465/465 463/466/466 338/341/341
f 242/245/245 116/119/119 122/125/125
f 337/340/340 464/467/467 465/468/468
f 466/469/469 467/470/470 464/467/467
f 465/468/468 462/465/465 337/340/340
f 468/471/471 449/452/452 462/465/465
f 469/472/472 470/473/473 371/374/374
f 167/170/170 471/474/474 472/475/475
f 473/476/476 451/454/454 474/477/477
f 475/478/478 126/129/129 128/131/131
f 476/479/479 477/480/480 168/171/171
f 478/481/481 61/64/64 382/385/385
f 348/351/351 479/482/482 480/483/483
f 246/249/249 224/227/227 322/325/325
f 481/484/484 47/50/50 103/106/106
f 166/169/169 59/62/62 482/485/485
f 483/486/486 468/471/471 465/468/468
f 35/38/38 484/487/487 468/471/471
f 485/488/488 329/332/332 328/331/331
f 486/489/489 487/490/490 488/491/491
f 465/468/468 461/464/464 483/486/486
f 464/467/467 417/420/420 461/464/464
f 460/463/463 489/492/492 490/493/493
f 491/494/494 492/495/495 460/463/463
f 490/493/493 493/496/496 494/497/497
f 494/497/497 495/498/498 36/39/39
f 496/499/499 497/500/500 498/501/501
f 453/456/456 499/502/502 500/503/503
f 474/477/477 501/504/504 502/505/505
f 453/456/456 503/506/506 504/507/507
f 500/503/503 505/508/508 501/504/504
f 501/504/504 351/354/354 350/353/353
f 248/251/251 506/509/509 507/510/510
f 508/511/511 492/495/495 509/512/512
f 36/39/39 510/513/513 511/514/514
f 61/64/64 346/349/349 382/385/385
f 84/87/87 512/515/515 112/115/115
f 134/137/137 467/470/470 117/120/120
f 513/516/516 514/517/517 515/518/518
f 516/519/519 517/520/520 496/499/499
f 518/521/521 245/248/248 244/247/247
f 258/261/261 91/94/94 90/93/93
f 519/522/522 231/234/234 520/523/523
f 239/242/242 521/524/524 522/525/525
f 523/526/526 524/527/527 525/528/528
f 526/529/529 476/479/479 472/475/475
f 527/530/530 256/259/259 528/531/531
f 526/529/529 446/449/449 529/532/532
f 530/533/533 531/534/534 532/535/535
f 533/536/536 438/441/441 534/537/537
f 438/441/441 137/140/140 534/537/537
f 534/537/537 535/538/538 533/536/536
f 536/539/539 499/502/502 535/538/538
f 534/537/537 138/141/141 536/539/539
f 138/141/141 505/508/508 536/539/539
f 533/536/536 537/540/540 538/541/541
f 537/540/540 539/542/542 538/541/541
f 535/538/538 504/507/507 537/540/540
f 504/507/507 513/516/516 537/540/540
f 525/528/528 457/460/460 127/130/130
f 132/135/135 540/543/543 135/138/138
f 157/160/160 43/46/46 155/158/158
f 374/377/377 172/175/175 372/375/375
f 155/158/158 177/180/180 176/179/179
f 384/387/387 290/293/293 213/216/216
f 386/389/389 302/305/305 443/446/446
f 541/544/544 472/475/475 471/474/474
f 542/545/545 130/133/133 105/108/108
f 171/174/174 542/545/545 104/107/107
f 332/335/335 413/416/416 330/333/333
f 543/546/546 265/268/268 62/65/65
f 332/335/335 544/547/547 329/332/332
f 329/332/332 545/548/548 327/330/330
f 328/331/331 546/549/549 485/488/488
f 547/550/550 548/551/551 328/331/331
f 549/552/552 550/553/553 310/313/313
f 323/326/326 548/551/551 551/554/554
f 551/554/554 552/555/555 445/448/448
f 553/556/556 554/557/557 555/558/558
f 209/212/212 5/8/8 82/85/85
f 382/385/385 348/351/351 153/156/156
f 529/532/532 552/555/555 547/550/550
f 327/330/330 527/530/530 556/559/559
f 557/560/560 558/561/561 451/454/454
f 473/476/476 118/121/121 339/342/342
f 340/343/343 119/122/122 118/121/121
f 339/342/342 557/560/560 473/476/476
f 338/341/341 559/562/562 557/560/560
f 201/204/204 560/563/563 199/202/202
f 561/564/564 562/565/565 23/26/26
f 335/338/338 563/566/566 333/336/336
f 564/567/567 206/209/209 565/568/568
f 566/569/569 237/240/240 392/395/395
f 98/101/101 444/447/447 567/570/570
f 568/571/571 232/235/235 194/197/197
f 262/265/265 29/32/32 394/397/397
f 569/572/572 308/311/311 428/431/431
f 570/573/573 384/387/387 204/207/207
f 324/327/327 230/233/233 229/232/232
f 524/527/527 334/337/337 457/460/460
f 139/142/142 356/359/359 121/124/124
f 571/574/574 572/575/575 397/400/400
f 573/576/576 316/319/319 401/404/404
f 521/524/524 3/6/6 574/577/577
f 395/398/398 456/459/459 333/336/336
f 575/578/578 142/145/145 576/579/579
f 455/458/458 391/394/394 235/238/238
f 577/580/580 578/581/581 553/556/556
f 579/582/582 580/583/583 581/584/584
f 582/585/585 285/288/288 583/586/586
f 42/45/45 128/131/131 127/130/130
f 239/242/242 392/395/395 237/240/240
f 371/374/374 576/579/579 272/275/275
f 454/457/457 303/306/306 584/587/587
f 585/588/588 586/589/589 587/590/590
f 588/591/591 589/592/592 590/593/593
f 591/594/594 592/595/595 414/417/417
f 593/596/596 496/499/499 594/597/597
f 153/156/156 480/483/483 154/157/157
f 158/161/161 342/345/345 341/344/344
f 595/598/598 485/488/488 546/549/549
f 140/143/143 596/599/599 209/212/212
f 482/485/485 458/461/461 166/169/169
f 298/301/301 597/600/600 487/490/490
f 598/601/601 540/543/543 447/450/450
f 599/602/602 151/154/154 600/603/603
f 567/570/570 301/304/304 601/604/604
f 81/84/84 65/68/68 602/605/605
f 603/606/606 297/300/300 102/105/105
f 227/230/230 565/568/568 206/209/209
f 604/607/607 605/608/608 606/609/609
f 95/98/98 78/81/81 94/97/97
f 514/517/517 452/455/455 497/500/500
f 607/610/610 608/611/611 609/612/612
f 219/222/222 610/613/613 377/380/380
f 341/344/344 611/614/614 158/161/161
f 112/115/115 123/126/126 137/140/140
f 612/615/615 613/616/616 614/617/617
f 615/618/618 616/619/619 617/620/620
f 618/621/621 256/259/259 619/622/622
f 418/421/421 491/494/494 417/420/420
f 620/623/623 621/624/624 622/625/625
f 416/419/419 119/122/122 342/345/345
f 623/626/626 412/415/415 624/627/627
f 625/628/628 626/629/629 627/630/630
f 360/363/363 100/103/103 277/280/280
f 628/631/631 629/632/632 630/633/633
f 631/634/634 632/635/635 353/356/356
f 633/636/636 250/253/253 249/252/252
f 634/637/637 635/638/638 636/639/639
f 637/640/640 638/641/641 622/625/625
f 255/258/258 528/531/531 256/259/259
f 639/642/642 640/643/643 641/644/644
f 445/448/448 170/173/173 551/554/554
f 642/645/645 643/646/646 644/647/647
f 295/298/298 645/648/648 640/643/643
f 646/649/649 587/590/590 163/166/166
f 215/218/218 647/650/650 97/100/100
f 643/646/646 520/523/523 231/234/234
f 233/236/236 564/567/567 648/651/651
f 433/436/436 352/355/355 358/361/361
f 649/652/652 54/57/57 244/247/247
f 522/525/525 563/566/566 239/242/242
f 267/270/270 82/85/85 142/145/145
f 393/396/396 650/653/653 218/221/221
f 651/654/654 652/655/655 197/200/200
f 1/4/4 238/241/241 653/656/656
f 654/657/657 16/19/19 655/658/658
f 656/659/659 507/510/510 583/586/586
f 657/660/660 320/323/323 636/639/639
f 658/661/661 395/398/398 659/662/662
f 660/663/663 661/664/664 22/25/25
f 653/656/656 389/392/392 388/391/391
f 251/254/254 145/148/148 561/564/564
f 662/665/665 663/666/666 664/667/667
f 550/553/553 429/432/432 428/431/431
f 665/668/668 228/231/231 666/669/669
f 667/670/670 488/491/491 668/671/671
f 26/29/29 669/672/672 670/673/673
f 198/201/201 671/674/674 196/199/199
f 672/675/675 215/218/218 214/217/217
f 673/676/676 674/677/677 675/678/678
f 448/451/451 676/679/679 577/580/580
f 677/680/680 11/14/14 678/681/681
f 400/403/403 679/682/682 573/576/576
f 652/655/655 680/683/683 681/684/684
f 682/685/685 674/677/677 562/565/565
f 174/177/177 683/686/686 684/687/687
f 685/688/688 686/689/689 687/690/690
f 688/691/691 689/692/692 690/693/693
f 691/694/694 692/695/695 693/696/696
f 584/587/587 391/394/394 454/457/457
f 470/473/473 575/578/578 576/579/579
f 385/388/388 603/606/606 101/104/104
f 694/697/697 659/662/662 522/525/525
f 695/698/698 630/633/633 696/699/699
f 443/446/446 697/700/700 386/389/389
f 442/445/445 698/701/701 438/441/441
f 18/21/21 699/702/702 565/568/568
f 402/405/405 193/196/196 216/219/219
f 700/703/703 570/573/573 701/704/704
f 702/705/705 703/706/706 420/423/423
f 704/707/707 688/691/691 705/708/708
f 214/217/217 208/211/211 672/675/675
f 706/709/709 74/77/77 434/437/437
f 175/178/178 55/58/58 66/69/69
f 695/698/698 693/696/696 692/695/695
f 92/95/95 78/81/81 77/80/80
f 691/694/694 399/402/402 398/401/401
f 707/710/710 708/711/711 709/712/712
f 289/292/292 590/593/593 589/592/592
f 710/713/713 711/714/714 712/715/715
f 299/302/302 713/716/716 714/717/717
f 715/718/718 9/12/12 8/11/11
f 716/719/719 587/590/590 586/589/589
f 717/720/720 675/678/678 718/721/721
f 280/283/283 719/722/722 720/723/723
f 506/509/509 583/586/586 507/510/510
f 717/720/720 709/712/712 708/711/711
f 486/489/489 373/376/376 299/302/302
f 702/705/705 721/724/724 722/725/725
f 723/726/726 180/183/183 182/185/185
f 724/727/727 680/683/683 725/728/728
f 726/729/729 727/730/730 728/731/731
f 421/424/424 259/262/262 419/422/422
f 39/42/42 729/732/732 730/733/733
f 731/734/734 629/632/632 732/735/735
f 733/736/736 734/737/737 731/734/734
f 735/738/738 369/372/372 736/739/739
f 737/740/740 712/715/715 738/741/741
f 733/736/736 712/715/715 711/714/714
f 687/690/690 739/742/742 740/743/743
f 738/741/741 741/744/744 742/745/745
f 743/746/746 409/412/412 744/747/747
f 745/748/748 626/629/629 621/624/624
f 746/749/749 629/632/632 747/750/750
f 748/751/751 187/190/190 186/189/189
f 79/82/82 475/478/478 156/159/159
f 277/280/280 595/598/598 322/325/325
f 351/354/354 125/128/128 136/139/139
f 217/220/220 236/239/239 235/238/238
f 673/676/676 708/711/711 749/752/752
f 714/717/717 27/30/30 276/279/279
f 750/753/753 709/712/712 751/754/754
f 23/26/26 251/254/254 561/564/564
f 562/565/565 312/315/315 41/44/44
f 752/755/755 753/756/756 754/757/757
f 586/589/589 755/758/758 716/719/719
f 620/623/623 756/759/759 607/610/610
f 279/282/282 720/723/723 757/760/760
f 164/167/167 668/671/671 162/165/165
f 197/200/200 681/684/684 678/681/681
f 581/584/584 758/761/761 703/706/706
f 759/762/762 425/428/428 760/763/763
f 705/708/708 690/693/693 734/737/737
f 8/11/11 700/703/703 715/718/718
f 75/78/78 33/36/36 73/76/76
f 571/574/574 240/243/243 663/666/666
f 333/336/336 659/662/662 395/398/398
f 165/168/168 101/104/104 49/52/52
f 761/764/764 762/765/765 763/766/766
f 764/767/767 765/768/768 766/769/769
f 316/319/319 184/187/187 568/571/571
f 483/486/486 494/497/497 35/38/38
f 461/464/464 490/493/493 483/486/486
f 173/176/176 767/770/770 683/686/686
f 745/748/748 607/610/610 609/612/612
f 511/514/514 768/771/771 769/772/772
f 60/63/63 477/480/480 770/773/773
f 264/267/267 22/25/25 661/664/664
f 19/22/22 41/44/44 312/315/315
f 771/774/774 287/290/290 772/775/775
f 46/49/49 282/285/285 44/47/47
f 601/604/604 32/35/35 206/209/209
f 83/86/86 773/776/776 512/515/515
f 602/605/605 67/70/70 191/194/194
f 279/282/282 600/603/603 633/636/636
f 650/653/653 203/206/206 405/408/408
f 730/733/733 40/43/43 39/42/42
f 774/777/777 289/292/292 589/592/592
f 221/224/224 774/777/777 589/592/592
f 656/659/659 148/151/151 147/150/150
f 354/357/357 610/613/613 405/408/408
f 377/380/380 632/635/635 375/378/378
f 749/752/752 744/747/747 409/412/412
f 200/203/203 636/639/639 320/323/323
f 775/778/778 409/412/412 408/411/411
f 696/699/699 690/693/693 689/692/692
f 776/779/779 2/5/5 11/14/14
f 216/219/219 207/210/210 402/405/405
f 402/405/405 93/96/96 400/403/403
f 777/780/780 408/411/411 215/218/218
f 122/125/125 225/228/228 72/75/75
f 306/309/309 574/577/577 3/6/6
f 399/402/402 651/654/654 196/199/199
f 778/781/781 3/6/6 2/5/5
f 779/782/782 581/584/584 702/705/705
f 530/533/533 644/647/647 187/190/190
f 694/697/697 305/308/308 780/783/783
f 781/784/784 782/785/785 368/371/371
f 336/339/339 394/397/397 658/661/661
f 783/786/786 784/787/787 785/788/788
f 556/559/559 547/550/550 327/330/330
f 263/266/266 383/386/386 29/32/32
f 21/24/24 226/229/229 307/310/310
f 141/144/144 282/285/285 356/359/359
f 459/462/462 177/180/180 383/386/386
f 340/343/343 474/477/477 502/505/505
f 509/512/512 61/64/64 508/511/511
f 380/383/383 306/309/309 778/781/781
f 786/789/789 475/478/478 787/790/790
f 788/791/791 789/792/792 790/793/793
f 789/792/792 791/794/794 790/793/793
f 314/317/317 792/795/795 789/792/792
f 789/792/792 793/796/796 794/797/797
f 788/791/791 795/798/798 192/195/195
f 192/195/195 602/605/605 191/194/194
f 790/793/793 796/799/799 795/798/798
f 795/798/798 81/84/84 602/605/605
f 797/800/800 314/317/317 788/791/791
f 68/71/71 67/70/70 469/472/472
f 757/760/760 599/602/602 279/282/282
f 192/195/195 797/800/800 788/791/791
f 744/747/747 798/801/801 743/746/746
f 799/802/802 742/745/745 741/744/744
f 800/803/803 729/732/732 774/777/777
f 143/146/146 253/256/256 160/163/163
f 801/804/804 751/754/754 709/712/712
f 591/594/594 802/805/805 753/756/756
f 660/663/663 307/310/310 75/78/78
f 803/806/806 199/202/202 560/563/563
f 751/754/754 321/324/324 750/753/753
f 804/807/807 805/808/808 806/809/809
f 89/92/92 807/810/810 275/278/278
f 808/811/811 682/685/685 561/564/564
f 520/523/523 567/570/570 519/522/522
f 758/761/761 767/770/770 703/706/706
f 379/382/382 773/776/776 4/7/7
f 732/735/735 799/802/802 731/734/734
f 798/801/801 809/812/812 804/807/807
f 810/813/813 579/582/582 779/782/782
f 811/814/814 753/756/756 802/805/805
f 710/713/713 812/815/815 813/816/816
f 806/809/809 407/410/410 743/746/746
f 737/740/740 580/583/583 812/815/815
f 738/741/741 814/817/817 737/740/740
f 716/719/719 728/731/731 419/422/422
f 815/818/818 816/819/819 817/820/820
f 818/821/821 819/822/822 411/414/414
f 820/823/823 821/824/824 766/769/769
f 286/289/289 144/147/147 822/825/825
f 47/50/50 431/434/434 823/826/826
f 766/769/769 824/827/827 820/823/823
f 86/89/89 825/828/828 826/829/829
f 827/830/830 815/818/818 828/831/831
f 829/832/832 12/15/15 14/17/17
f 810/813/813 654/657/657 830/833/833
f 58/61/61 150/153/153 56/59/59
f 829/832/832 543/546/546 62/65/65
f 370/373/373 831/834/834 657/660/660
f 832/835/835 637/640/640 833/836/836
f 758/761/761 814/817/817 834/837/837
f 835/838/838 834/837/837 814/817/817
f 423/426/426 836/839/839 837/840/840
f 269/272/272 826/829/829 834/837/837
f 834/837/837 838/841/841 758/761/761
f 594/597/597 498/501/501 839/842/842
f 831/834/834 321/324/324 320/323/323
f 634/637/637 569/572/572 427/430/430
f 355/358/358 406/409/409 434/437/437
f 202/205/205 434/437/437 406/409/409
f 808/811/811 145/148/148 144/147/147
f 181/184/184 840/843/843 345/348/348
f 222/225/225 772/775/775 287/290/290
f 205/208/208 212/215/215 661/664/664
f 276/279/279 841/844/844 90/93/93
f 842/845/845 291/294/294 786/789/789
f 843/846/846 844/847/847 845/848/848
f 204/207/207 213/216/216 202/205/205
f 28/31/31 684/687/687 26/29/29
f 190/193/193 113/116/116 439/442/442
f 727/730/730 722/725/725 721/724/724
f 405/408/408 218/221/221 650/653/653
f 846/849/849 847/850/850 830/833/833
f 817/820/820 848/851/851 849/852/852
f 713/716/716 28/31/31 27/30/30
f 849/852/852 850/853/853 851/854/854
f 852/855/855 853/856/856 854/857/857
f 410/413/413 855/858/858 856/859/859
f 856/859/859 818/821/821 410/413/413
f 714/717/717 300/303/303 299/302/302
f 857/860/860 858/861/861 859/862/862
f 833/836/836 622/625/625 621/624/624
f 860/863/863 612/615/615 756/759/759
f 861/864/864 862/865/865 863/866/866
f 864/867/867 865/868/868 866/869/869
f 822/825/825 867/870/870 403/406/406
f 756/759/759 868/871/871 607/610/610
f 869/872/872 870/873/873 868/871/871
f 639/642/642 765/768/768 871/874/874
f 827/830/830 429/432/432 585/588/588
f 872/875/875 585/588/588 646/649/649
f 828/831/831 427/430/430 827/830/830
f 819/822/822 872/875/875 873/876/876
f 874/877/877 875/878/878 876/879/879
f 873/876/876 411/414/414 819/822/822
f 110/113/113 837/840/840 832/835/835
f 803/806/806 606/609/609 309/312/312
f 669/672/672 825/828/828 877/880/880
f 623/626/626 878/881/881 855/858/858
f 830/833/833 879/882/882 810/813/813
f 606/609/609 771/774/774 880/883/883
f 876/879/879 881/884/884 882/885/885
f 472/475/475 168/171/171 167/170/170
f 597/600/600 883/886/886 874/877/877
f 884/887/887 848/851/851 885/888/888
f 421/424/424 703/706/706 767/770/770
f 813/816/816 725/728/728 710/713/713
f 817/820/820 828/831/831 815/818/818
f 869/872/872 612/615/615 614/617/617
f 886/889/889 412/415/415 411/414/414
f 887/890/890 624/627/627 412/415/415
f 17/20/20 867/870/870 431/434/434
f 885/888/888 816/819/819 818/821/821
f 684/687/687 888/891/891 669/672/672
f 437/440/440 549/552/552 435/438/438
f 879/882/882 724/727/727 813/816/816
f 889/892/892 368/371/371 890/893/893
f 755/758/758 726/729/729 728/731/731
f 635/638/638 849/852/852 891/894/894
f 871/874/874 760/763/763 425/428/428
f 886/889/889 162/165/165 668/671/671
f 892/895/895 760/763/763 764/767/767
f 885/888/888 893/896/896 884/887/887
f 174/177/177 372/375/375 172/175/175
f 894/897/897 895/898/898 896/899/899
f 897/900/900 884/887/887 893/896/896
f 887/890/890 668/671/671 488/491/491
f 898/901/901 866/869/869 865/868/868
f 899/902/902 488/491/491 487/490/490
f 900/903/903 854/857/857 901/904/904
f 902/905/905 613/616/616 903/906/906
f 261/264/264 419/422/422 259/262/262
f 614/617/617 852/855/855 904/907/907
f 905/908/908 605/608/608 682/685/685
f 860/863/863 622/625/625 638/641/641
f 287/290/290 808/811/811 286/289/289
f 667/670/670 374/377/377 373/376/376
f 163/166/166 261/264/264 260/263/263
f 902/905/905 764/767/767 853/856/856
f 906/909/909 890/893/893 907/910/910
f 891/894/894 636/639/639 635/638/638
f 759/762/762 908/911/911 877/880/880
f 909/912/912 910/913/913 911/914/914
f 899/902/902 876/879/879 624/627/627
f 874/877/877 487/490/490 597/600/600
f 882/885/885 624/627/627 876/879/879
f 904/907/907 869/872/872 614/617/617
f 857/860/860 432/435/435 47/50/50
f 655/658/658 830/833/833 654/657/657
f 143/146/146 431/434/434 867/870/870
f 904/907/907 854/857/857 895/898/898
f 811/814/814 621/624/624 626/629/629
f 349/352/352 115/118/118 430/433/433
f 912/915/915 647/650/650 407/410/410
f 574/577/577 522/525/525 521/524/524
f 76/79/79 913/916/916 914/917/917
f 559/562/562 498/501/501 558/561/561
f 750/753/753 735/738/738 915/918/918
f 70/73/73 150/153/153 797/800/800
f 50/53/53 244/247/247 54/57/57
f 169/172/172 512/515/515 773/776/776
f 791/794/794 916/919/919 796/799/799
f 426/429/429 917/920/920 597/600/600
f 918/921/921 919/922/922 920/923/923
f 271/274/274 776/779/779 677/680/680
f 921/924/924 794/797/797 922/925/925
f 528/531/531 556/559/559 527/530/530
f 447/450/450 541/544/544 598/601/601
f 322/325/325 546/549/549 323/326/326
f 560/563/563 604/607/607 803/806/806
f 249/252/252 147/150/150 633/636/636
f 79/82/82 796/799/799 916/919/919
f 48/51/51 143/146/146 160/163/163
f 345/348/348 114/117/117 344/347/347
f 920/923/923 917/920/920 923/926/926
f 311/314/314 699/702/702 208/211/211
f 924/927/927 925/928/928 926/929/929
f 310/313/313 435/438/438 549/552/552
f 642/645/645 532/535/535 331/334/334
f 927/930/930 868/871/871 870/873/873
f 515/518/518 539/542/542 513/516/516
f 260/263/263 164/167/167 163/166/166
f 928/931/931 900/903/903 865/868/868
f 455/458/458 108/111/111 107/110/110
f 497/500/500 558/561/561 498/501/501
f 929/932/932 930/933/933 506/509/509
f 931/934/934 397/400/400 572/575/575
f 37/40/40 511/514/514 769/772/772
f 131/134/134 447/450/450 540/543/543
f 126/129/129 523/526/526 525/528/528
f 835/838/838 742/745/745 270/273/273
f 932/935/935 792/795/795 933/936/936
f 826/829/829 888/891/891 838/841/841
f 168/171/171 934/937/937 166/169/169
f 922/925/925 793/796/796 935/938/935
f 386/389/389 358/361/361 352/355/355
f 870/873/873 896/899/899 927/930/930
f 881/884/884 878/881/881 882/885/885
f 495/498/498 936/939/938 937/940/513
f 331/334/334 938/941/939 544/547/547
f 883/886/886 919/922/922 875/878/878
f 551/554/554 247/250/250 323/326/326
f 929/932/932 538/541/541 539/542/542
f 529/532/532 939/942/940 526/529/529
f 502/505/505 350/353/353 341/344/344
f 677/680/680 481/484/484 271/274/274
f 471/474/474 598/601/601 541/544/544
f 718/721/721 682/685/685 605/608/608
f 732/735/735 762/765/765 940/943/941
f 839/842/842 463/466/466 448/451/451
f 99/102/102 330/333/333 413/416/416
f 941/944/942 770/773/773 477/480/480
f 942/945/943 943/946/944 944/947/945
f 841/844/844 670/673/673 257/260/260
f 880/883/883 772/775/775 436/439/439
f 544/547/547 945/948/946 545/548/548
f 37/40/40 946/949/947 484/487/487
f 873/876/876 646/649/649 162/165/165
f 875/878/878 947/950/948 881/884/884
f 418/421/421 129/132/132 458/461/461
f 948/951/949 783/786/786 785/788/788
f 538/541/541 442/445/445 533/536/536
f 949/952/950 489/492/492 492/495/495
f 941/944/942 939/942/940 528/531/531
f 6/9/9 596/599/599 71/74/74
f 545/548/548 619/622/622 527/530/530
f 950/953/951 493/496/496 489/492/492
f 693/696/696 689/692/692 399/402/402
f 951/954/952 573/576/576 679/682/682
f 401/404/404 568/571/571 193/196/196
f 683/686/686 838/841/841 888/891/891
f 952/955/953 953/956/954 254/257/257
f 954/957/955 955/958/956 953/956/954
f 956/959/957 347/350/350 954/957/955
f 957/960/958 954/957/955 952/955/953
f 953/956/954 770/773/773 255/258/258
f 958/961/959 959/962/960 960/963/961
f 531/534/534 961/964/962 962/965/963
f 962/965/963 963/966/964 964/967/965
f 960/963/961 965/968/966 961/964/962
f 961/964/962 966/969/967 963/966/964
f 962/965/963 532/535/535 531/534/534
f 964/967/965 938/941/939 962/965/963
f 748/751/751 960/963/961 531/534/534
f 967/970/968 254/257/257 618/621/621
f 618/621/621 963/966/964 967/970/968
f 967/970/968 966/969/967 968/971/969
f 968/971/969 952/955/953 967/970/968
f 619/622/622 964/967/965 618/621/621
f 466/469/469 339/342/342 118/121/121
f 601/604/604 519/522/522 567/570/570
f 958/961/959 186/189/189 397/400/400
f 430/433/433 840/843/843 361/364/364
f 60/63/63 955/958/956 346/349/349
f 969/972/970 970/973/971 971/974/972
f 972/975/973 973/976/974 970/973/971
f 478/481/481 972/975/973 969/972/970
f 381/384/384 974/977/975 972/975/973
f 971/974/972 975/978/976 976/979/977
f 976/979/977 977/980/978 978/981/979
f 970/973/971 979/982/980 975/978/976
f 975/978/976 980/983/981 977/980/978
f 976/979/977 950/953/951 971/974/972
f 978/981/979 936/939/938 976/979/977
f 971/974/972 949/952/950 969/972/970
f 969/972/970 508/511/511 478/481/481
f 20/23/23 777/780/780 672/675/675
f 858/861/861 678/681/681 681/684/684
f 97/100/100 211/214/214 95/98/98
f 715/718/718 701/704/704 650/653/653
f 315/318/318 664/667/667 663/666/666
f 10/13/13 653/656/656 671/674/674
f 400/403/403 981/984/982 982/985/983
f 671/674/674 388/391/391 398/401/401
f 983/986/984 940/943/941 761/764/764
f 711/714/714 705/708/708 733/736/736
f 805/808/808 912/915/915 806/809/809
f 704/707/707 725/728/728 680/683/683
f 707/710/710 915/918/918 798/801/801
f 984/987/985 686/689/689 985/988/986
f 986/989/987 739/742/742 686/689/689
f 987/990/988 986/989/987 984/987/985
f 988/991/989 989/992/990 986/989/987
f 879/882/882 812/815/815 579/582/582
f 745/748/748 985/988/986 685/688/688
f 336/339/339 390/393/393 584/587/587
f 985/988/986 608/611/611 984/987/985
f 984/987/985 927/930/930 987/990/988
f 450/453/453 484/487/487 946/949/947
f 740/743/743 627/630/630 687/690/690
f 833/836/836 802/805/805 832/835/835
f 990/993/991 627/630/630 991/994/992
f 807/810/810 837/840/840 836/839/839
f 779/782/782 729/732/732 810/813/813
f 685/688/688 627/630/630 626/629/629
f 625/628/628 754/757/757 753/756/756
f 836/839/839 275/278/278 807/810/810
f 309/312/312 880/883/883 435/438/438
f 111/114/114 832/835/835 802/805/805
f 91/94/94 638/641/641 89/92/92
f 722/725/725 779/782/782 702/705/705
f 992/995/993 993/996/994 317/320/320
f 994/997/995 993/996/994 918/921/921
f 995/998/417 318/321/321 993/996/994
f 317/320/320 996/999/996 992/995/993
f 319/322/322 997/1000/997 317/320/320
f 992/995/993 947/950/948 919/922/922
f 918/921/921 923/926/926 994/997/995
f 809/812/812 843/846/846 863/866/866
f 863/866/866 845/848/848 861/864/864
f 804/807/807 863/866/866 862/865/865
f 915/918/918 736/739/739 809/812/812
f 108/111/111 723/726/726 998/1001/998
f 223/226/226 800/803/803 221/224/224
f 782/785/785 736/739/739 369/372/372
f 189/192/192 272/275/275 190/193/193
f 907/910/910 999/1002/999 851/854/854
f 295/298/298 871/874/874 293/296/296
f 657/660/660 999/1002/999 370/373/373
f 257/260/260 908/911/911 903/906/906
f 293/296/296 425/428/428 88/91/91
f 641/644/644 824/827/827 639/642/642
f 926/929/929 850/853/853 884/887/887
f 903/906/906 892/895/895 902/905/905
f 907/910/910 1000/1003/1000 906/909/909
f 925/928/928 851/854/854 850/853/853
f 898/901/901 1001/1004/1001 1002/1005/1002
f 1003/1006/1003 1004/1007/1004 909/912/912
f 926/929/929 1005/1008/1005 924/927/927
f 909/912/912 893/896/896 1003/1006/1003
f 854/857/857 821/824/824 901/904/904
f 1006/1009/1006 997/1000/997 1004/1007/1004
f 1004/1007/1004 1007/1010/1007 910/913/913
f 911/914/914 897/900/900 909/912/912
f 878/881/881 996/999/996 1006/1009/1006
f 1008/1011/979 944/947/945 943/946/944
f 1009/1012/1008 1010/1013/1009 944/947/945
f 942/945/943 1011/1014/1010 768/771/771
f 1012/1015/1011 1013/1016/1012 942/945/943
f 648/651/651 195/198/198 194/197/197
f 768/771/771 946/949/947 769/772/772
f 943/946/944 510/513/513 1008/1011/979
f 676/679/679 1013/1016/1012 578/581/581
f 578/581/581 1014/1017/1013 554/557/557
f 1015/1018/1014 378/381/381 649/652/652
f 450/453/453 1011/1014/1010 676/679/679
f 516/519/519 1016/1019/1015 1017/1020/1016
f 594/597/597 553/556/556 593/596/596
f 593/596/596 555/558/558 1016/1019/1015
f 839/842/842 577/580/580 594/597/597
f 1018/1021/1017 1017/1020/1016 1019/1022/1018
f 1018/1021/1017 1020/1023/1019 517/520/520
f 474/477/477 453/456/456 500/503/503
f 1018/1021/1017 1021/3/3 1022/2/1020
f 517/520/520 514/517/517 497/500/500
f 1023/1024/1021 616/619/619 1024/1025/1022
f 1025/1/1023 617/620/620 616/619/619
f 1023/1024/1021 1022/2/1020 1025/1/1023
f 1025/1/1023 1021/3/3 1026/1026/1024
f 582/585/585 930/933/933 1024/1025/1022
f 283/286/286 1024/1025/1022 616/619/619
f 930/933/933 1023/1024/1021 1024/1025/1022
f 515/518/518 1020/1023/1019 1023/1024/1021
f 437/440/440 85/88/88 726/729/729
f 366/369/369 583/586/586 285/288/288
f 58/61/61 600/603/603 151/154/154
f 116/119/119 278/281/281 225/228/228
f 1027/1027/1025 148/151/151 404/407/407
f 649/652/652 45/48/48 1015/1018/1014
f 387/390/390 666/669/669 784/787/787
f 258/261/261 903/906/906 613/616/616
f 469/472/472 66/69/69 55/58/58
f 296/299/299 778/781/781 776/779/779
f 719/722/722 1028/1028/1026 720/723/723
f 1029/1029/1027 1030/1030/1028 1028/1028/1026
f 1031/1031/1029 1029/1029/1027 719/722/722
f 1032/1032/1030 1033/1033/1031 1029/1029/1027
f 1028/1028/1026 757/760/760 720/723/723
f 1030/1030/1028 933/936/936 1028/1028/1026
f 146/149/149 1031/1031/1029 719/722/722
f 1003/1006/1003 856/859/859 855/858/858
f 901/904/904 865/868/868 900/903/903
f 1034/1034/1032 988/991/989 987/990/988
f 928/931/931 1035/1035/1033 988/991/989
f 987/990/988 896/899/899 1034/1034/1032
f 895/898/898 1034/1034/1032 896/899/899
f 1006/1009/1006 855/858/858 878/881/881
f 901/904/904 1036/1036/1034 898/901/901
f 1037/1037/1035 1036/1036/1034 820/823/823
f 766/769/769 853/856/856 764/767/767
f 877/880/880 424/427/427 759/762/762
f 851/854/854 891/894/894 849/852/852
f 1038/1038/1036 820/823/823 824/827/827
f 670/673/673 877/880/880 908/911/911
f 370/373/373 890/893/893 368/371/371
f 343/346/346 365/368/368 294/297/297
f 590/593/593 772/775/775 588/591/591
f 344/347/347 242/245/245 13/16/16
f 1039/1039/1037 805/808/808 862/865/865
f 806/809/809 798/801/801 804/807/807
f 761/764/764 1040/1040/1038 983/986/984
f 763/766/766 365/368/368 761/764/764
f 731/734/734 741/744/744 733/736/736
f 983/986/984 270/273/273 742/745/745
f 801/804/804 718/721/721 604/607/607
f 681/684/684 859/862/862 858/861/861
f 630/633/633 734/737/737 690/693/693
f 847/850/850 859/862/862 724/727/727
f 1041/1041/1039 674/677/677 1042/1042/1040
f 1041/1041/1039 775/778/778 777/780/780
f 1042/1042/1040 749/752/752 775/778/778
f 658/661/661 780/783/783 336/339/339
f 398/401/401 783/786/786 691/694/694
f 678/681/681 198/201/201 197/200/200
f 185/188/188 644/647/647 183/186/186
f 51/54/54 263/266/266 220/223/223
f 565/568/568 648/651/651 564/567/567
f 389/392/392 665/668/668 387/390/390
f 231/234/234 644/647/647 643/646/646
f 361/364/364 697/700/700 430/433/433
f 335/338/338 324/327/327 229/232/232
f 1012/1015/1011 944/947/945 1010/1013/1009
f 933/936/936 313/316/316 757/760/760
f 1043/1043/1041 1044/1044/1042 1045/1045/1043
f 1045/1045/1043 1046/1046/1044 1047/1047/1045
f 1048/1048/1046 1049/1049/1047 1044/1044/1042
f 1044/1044/1042 1050/1050/1048 1046/1046/1044
f 1045/1045/1043 1051/1051/1049 1043/1043/1041
f 1052/1052/1050 787/790/790 1051/1051/1049
f 1047/1047/1045 1052/1052/1050 1045/1045/1043
f 1053/1053/1051 786/789/789 1052/1052/1050
f 1051/1051/1049 921/924/924 1043/1043/1041
f 787/790/790 916/919/919 1051/1051/1049
f 1043/1043/1041 922/925/925 1048/1048/1046
f 1048/1048/1046 935/938/935 1054/1054/1028
f 355/358/358 358/361/361 353/356/356
f 375/378/378 362/365/365 180/183/183
f 655/658/658 432/435/435 846/849/849
f 87/90/90 1040/1040/1038 343/346/346
f 721/724/724 728/731/731 727/730/730
f 518/521/521 52/55/55 265/268/268
f 204/207/207 701/704/704 570/573/573
f 998/1001/998 64/67/67 108/111/111
f 998/1001/998 182/185/185 25/28/28
f 929/932/932 57/60/60 440/443/443
f 436/439/439 288/291/291 437/440/440
f 441/444/444 188/191/191 698/701/701
f 698/701/701 190/193/193 439/442/442
f 363/366/366 631/634/634 357/360/360
f 310/313/313 428/431/431 308/311/311
f 268/271/271 1015/1018/1014 45/48/48
f 234/237/237 376/379/379 723/726/726
f 63/66/66 304/307/307 107/110/110
f 377/380/380 236/239/239 219/222/222
f 62/65/65 24/27/27 829/832/832
f 273/276/276 780/783/783 305/308/308
f 290/293/293 253/256/256 252/255/255
f 509/512/512 482/485/485 59/62/62
f 1/4/4 10/13/13 2/5/5
f 4/7/7 83/86/86 5/8/8
f 7/10/10 380/383/383 8/11/11
f 10/13/13 198/201/201 11/14/14
f 12/15/15 344/347/347 13/16/16
f 15/18/18 655/658/658 16/19/19
f 18/21/21 227/230/230 19/22/22
f 21/24/24 660/663/663 22/25/25
f 24/27/27 998/1001/998 25/28/28
f 26/29/29 841/844/844 27/30/30
f 29/32/32 383/386/386 30/33/33
f 32/35/35 302/305/305 33/36/36
f 35/38/38 494/497/497 36/39/39
f 38/41/41 289/292/292 39/42/42
f 23/26/26 562/565/565 41/44/44
f 42/45/45 241/244/244 30/33/33
f 44/47/47 268/271/271 45/48/48
f 47/50/50 823/826/826 48/51/51
f 50/53/53 53/56/56 51/54/54
f 53/56/56 50/53/53 54/57/57
f 56/59/59 441/444/444 57/60/60
f 59/62/62 934/937/937 60/63/63
f 62/65/65 265/268/268 63/66/66
f 65/68/68 176/179/179 66/69/69
f 68/71/71 189/192/192 69/72/72
f 71/74/74 122/125/125 72/75/75
f 73/76/76 433/436/436 74/77/77
f 76/79/79 914/917/917 77/80/80
f 79/82/82 156/159/159 80/83/83
f 82/85/85 5/8/8 83/86/86
f 40/43/43 727/730/730 85/88/88
f 86/89/89 269/272/272 87/90/90
f 89/92/92 276/279/279 90/93/93
f 92/95/95 981/984/982 93/96/96
f 95/98/98 207/210/210 96/99/99
f 98/101/101 520/523/523 99/102/102
f 101/104/104 603/606/606 102/105/105
f 104/107/107 542/545/545 105/108/108
f 64/67/67 63/66/66 107/110/110
f 109/112/112 422/425/425 110/113/113
f 112/115/115 439/442/442 113/116/116
f 114/117/117 840/843/843 115/118/118
f 117/120/120 466/469/469 118/121/121
f 120/123/123 179/182/182 106/109/109
f 121/124/124 242/245/245 122/125/125
f 123/126/126 169/172/172 124/127/127
f 126/129/129 525/528/528 127/130/130
f 129/132/132 120/123/123 105/108/108
f 124/127/127 170/173/173 131/134/134
f 133/136/136 179/182/182 120/123/123
f 135/138/138 611/614/614 136/139/139
f 137/140/140 123/126/126 125/128/128
f 71/74/74 596/599/599 139/142/142
f 140/143/143 210/213/213 141/144/144
f 84/87/87 113/116/116 142/145/145
f 143/146/146 867/870/870 144/147/147
f 146/149/149 280/283/283 147/150/150
f 149/152/152 797/800/800 150/153/153
f 152/155/155 381/384/384 153/156/156
f 155/158/158 80/83/83 156/159/159
f 158/161/161 611/614/614 135/138/138
f 160/163/163 290/293/293 161/164/164
f 162/165/165 646/649/649 163/166/166
f 49/52/52 48/51/51 161/164/164
f 166/169/169 458/461/461 167/170/170
f 169/172/172 247/250/250 170/173/173
f 104/107/107 178/181/181 159/162/162
f 172/175/175 259/262/262 173/176/176
f 175/178/178 66/69/69 176/179/179
f 178/181/181 104/107/107 106/109/109
f 180/183/183 362/365/365 181/184/184
f 183/186/186 232/235/235 184/187/187
f 185/188/188 396/399/399 186/189/189
f 188/191/191 69/72/72 189/192/192
f 191/194/194 68/71/71 70/73/73
f 193/196/196 568/571/571 194/197/197
f 196/199/199 651/654/654 197/200/200
f 199/202/202 569/572/572 200/203/203
f 202/205/205 406/409/409 203/206/206
f 205/208/208 660/663/663 75/78/78
f 34/37/37 227/230/230 206/209/209
f 94/97/97 93/96/96 207/210/210
f 20/23/23 672/675/675 208/211/211
f 209/212/212 267/270/270 210/213/213
f 211/214/214 912/915/915 76/79/79
f 212/215/215 706/709/709 202/205/205
f 97/100/100 96/99/99 214/217/217
f 195/198/198 311/314/314 216/219/219
f 217/220/220 393/396/396 218/221/221
f 220/223/223 266/269/269 52/55/55
f 221/224/224 588/591/591 222/225/225
f 224/227/227 379/382/382 72/75/75
f 226/229/229 19/22/22 227/230/230
f 228/231/231 566/569/569 229/232/232
f 231/234/234 233/236/236 232/235/235
f 233/236/236 648/651/651 194/197/197
f 234/237/237 455/458/458 235/238/238
f 237/240/240 389/392/392 238/241/241
f 240/243/243 396/399/399 185/188/188
f 127/130/130 457/460/460 241/244/244
f 121/124/124 356/359/359 13/16/16
f 243/246/246 649/652/652 244/247/247
f 169/172/172 773/776/776 246/249/249
f 248/251/251 507/510/510 249/252/252
f 251/254/254 264/267/267 252/255/255
f 80/83/83 155/158/158 176/179/179
f 254/257/257 953/956/954 255/258/258
f 90/93/93 841/844/844 257/260/260
f 210/213/213 268/271/271 44/47/47
f 259/262/262 172/175/175 260/263/263
f 262/265/265 303/306/306 220/223/223
f 264/267/267 661/664/664 212/215/215
f 265/268/268 52/55/55 266/269/269
f 267/270/270 575/578/578 268/271/271
f 269/272/272 835/838/838 270/273/273
f 271/274/274 481/484/484 103/106/106
f 272/275/275 576/579/579 142/145/145
f 273/276/276 7/10/10 9/12/12
f 275/278/278 714/717/717 276/279/279
f 223/226/226 403/406/406 17/20/20
f 49/52/52 101/104/104 103/106/106
f 277/280/280 224/227/227 225/228/228
f 279/282/282 633/636/636 147/150/150
f 281/284/284 829/832/832 14/17/17
f 243/246/246 245/248/248 46/49/49
f 283/286/286 615/618/618 284/287/287
f 286/289/289 822/825/825 222/225/225
f 38/41/41 85/88/88 288/291/291
f 252/255/255 212/215/215 213/216/216
f 291/294/294 1055/1055/1052 292/295/295
f 293/296/296 343/346/346 294/297/297
f 296/299/299 271/274/274 102/105/105
f 298/301/301 486/489/489 299/302/302
f 301/304/304 443/446/446 302/305/305
f 266/269/269 220/223/223 303/306/306
f 7/10/10 273/276/276 305/308/308
f 34/37/37 33/36/36 307/310/310
f 308/311/311 803/806/806 309/312/312
f 311/314/314 214/217/217 96/99/99
f 312/315/315 1041/1041/1039 20/23/23
f 149/152/152 599/602/602 313/316/316
f 315/318/318 663/666/666 240/243/243
f 317/320/320 993/996/994 318/321/321
f 201/204/204 200/203/203 320/323/323
f 247/250/250 246/249/249 322/325/325
f 324/327/327 524/527/527 325/328/328
f 327/330/330 547/550/550 328/331/331
f 330/333/333 642/645/645 331/334/334
f 333/336/336 456/459/459 334/337/337
f 336/339/339 584/587/587 303/306/306
f 337/340/340 462/465/465 338/341/341
f 135/138/138 540/543/543 171/174/174
f 340/343/343 502/505/505 341/344/344
f 343/346/346 293/296/296 88/91/91
f 344/347/347 12/15/15 25/28/28
f 346/349/349 955/958/956 347/350/350
f 349/352/352 360/363/363 277/280/280
f 136/139/139 611/614/614 350/353/353
f 73/76/76 33/36/36 302/305/305
f 353/356/356 632/635/635 354/357/357
f 356/359/359 282/285/285 14/17/17
f 357/360/360 631/634/634 353/356/356
f 359/362/362 444/447/447 360/363/363
f 361/364/364 181/184/184 362/365/365
f 364/367/367 645/648/648 294/297/297
f 366/369/369 285/288/288 284/287/287
f 368/371/371 782/785/785 369/372/372
f 68/71/71 469/472/472 371/374/374
f 372/375/375 713/716/716 373/376/376
f 56/59/59 150/153/153 69/72/72
f 375/378/378 180/183/183 376/379/379
f 378/381/381 469/472/472 55/58/58
f 245/248/248 543/546/546 281/284/284
f 6/9/9 72/75/75 379/382/382
f 156/159/159 475/478/478 128/131/131
f 380/383/383 296/299/299 297/300/300
f 381/384/384 478/481/481 382/385/385
f 43/46/46 30/33/33 383/386/386
f 165/168/168 161/164/164 384/387/387
f 386/389/389 697/700/700 363/366/366
f 387/390/390 783/786/786 388/391/391
f 390/393/393 273/276/276 274/277/277
f 229/232/232 566/569/569 392/395/395
f 217/220/220 274/277/277 9/12/12
f 394/397/397 29/32/32 31/34/34
f 396/399/399 571/574/574 397/400/400
f 196/199/199 671/674/674 398/401/401
f 400/403/403 573/576/576 401/404/404
f 222/225/225 822/825/825 403/406/406
f 366/369/369 367/370/370 404/407/407
f 405/408/408 203/206/206 406/409/409
f 407/410/410 647/650/650 408/411/411
f 410/413/413 818/821/821 411/414/414
f 413/416/416 595/598/598 100/103/103
f 111/114/114 591/594/594 414/417/417
f 415/418/418 134/137/137 120/123/123
f 416/419/419 178/181/181 179/182/182
f 417/420/420 467/470/470 415/418/418
f 419/422/422 721/724/724 420/423/423
f 182/185/185 181/184/184 345/348/348
f 422/425/425 917/920/920 423/426/426
f 424/427/427 86/89/89 88/91/91
f 300/303/303 836/839/839 426/429/429
f 427/430/430 569/572/572 428/431/431
f 430/433/433 697/700/700 359/362/362
f 250/253/253 58/61/61 57/60/60
f 15/18/18 17/20/20 431/434/434
f 433/436/436 355/358/358 434/437/437
f 435/438/438 880/883/883 436/439/439
f 438/441/441 698/701/701 439/442/442
f 440/443/443 57/60/60 441/444/444
f 443/446/446 301/304/304 444/447/447
f 445/448/448 552/555/555 446/449/449
f 448/451/451 463/466/466 449/452/452
f 451/454/454 558/561/561 452/455/455
f 107/110/110 304/307/307 454/457/457
f 456/459/459 241/244/244 457/460/460
f 130/133/133 167/170/170 458/461/461
f 235/238/238 391/394/394 274/277/277
f 125/128/128 124/127/127 132/135/135
f 178/181/181 416/419/419 158/161/161
f 119/122/122 133/136/136 134/137/137
f 459/462/462 51/54/54 53/56/56
f 31/34/34 30/33/33 241/244/244
f 417/420/420 491/494/494 460/463/463
f 462/465/465 449/452/452 463/466/466
f 242/245/245 114/117/117 116/119/119
f 337/340/340 466/469/469 464/467/467
f 466/469/469 117/120/120 467/470/470
f 465/468/468 468/471/471 462/465/465
f 468/471/471 484/487/487 449/452/452
f 469/472/472 378/381/381 470/473/473
f 167/170/170 130/133/133 471/474/474
f 473/476/476 557/560/560 451/454/454
f 475/478/478 291/294/294 126/129/129
f 476/479/479 941/944/942 477/480/480
f 478/481/481 508/511/511 61/64/64
f 348/351/351 347/350/350 479/482/482
f 246/249/249 379/382/382 224/227/227
f 481/484/484 857/860/860 47/50/50
f 166/169/169 934/937/937 59/62/62
f 483/486/486 35/38/38 468/471/471
f 35/38/38 37/40/40 484/487/487
f 485/488/488 332/335/335 329/332/332
f 486/489/489 298/301/301 487/490/490
f 465/468/468 464/467/467 461/464/464
f 464/467/467 467/470/470 417/420/420
f 460/463/463 492/495/495 489/492/492
f 491/494/494 509/512/512 492/495/495
f 490/493/493 489/492/492 493/496/496
f 494/497/497 493/496/496 495/498/498
f 496/499/499 517/520/520 497/500/500
f 453/456/456 504/507/507 499/502/502
f 474/477/477 500/503/503 501/504/504
f 453/456/456 452/455/455 503/506/506
f 500/503/503 499/502/502 505/508/508
f 501/504/504 505/508/508 351/354/354
f 248/251/251 929/932/932 506/509/509
f 508/511/511 949/952/950 492/495/495
f 36/39/39 495/498/498 510/513/513
f 61/64/64 60/63/63 346/349/349
f 84/87/87 83/86/86 512/515/515
f 134/137/137 415/418/418 467/470/470
f 513/516/516 503/506/506 514/517/517
f 516/519/519 1018/1021/1017 517/520/520
f 518/521/521 543/546/546 245/248/248
f 258/261/261 612/615/615 91/94/94
f 519/522/522 233/236/236 231/234/234
f 239/242/242 238/241/241 521/524/524
f 523/526/526 325/328/328 524/527/527
f 526/529/529 939/942/940 476/479/479
f 527/530/530 619/622/622 256/259/259
f 526/529/529 541/544/544 446/449/449
f 530/533/533 748/751/751 531/534/534
f 533/536/536 442/445/445 438/441/441
f 438/441/441 112/115/115 137/140/140
f 534/537/537 536/539/539 535/538/538
f 536/539/539 505/508/508 499/502/502
f 534/537/537 137/140/140 138/141/141
f 138/141/141 351/354/354 505/508/508
f 533/536/536 535/538/538 537/540/540
f 537/540/540 513/516/516 539/542/542
f 535/538/538 499/502/502 504/507/507
f 504/507/507 503/506/506 513/516/516
f 525/528/528 524/527/527 457/460/460
f 132/135/135 131/134/134 540/543/543
f 157/160/160 42/45/45 43/46/46
f 374/377/377 260/263/263 172/175/175
f 155/158/158 43/46/46 177/180/180
f 384/387/387 161/164/164 290/293/293
f 386/389/389 352/355/355 302/305/305
f 541/544/544 526/529/529 472/475/475
f 542/545/545 471/474/474 130/133/133
f 171/174/174 598/601/601 542/545/545
f 332/335/335 485/488/488 413/416/416
f 543/546/546 518/521/521 265/268/268
f 332/335/335 331/334/334 544/547/547
f 329/332/332 544/547/547 545/548/548
f 328/331/331 548/551/551 546/549/549
f 547/550/550 552/555/555 548/551/551
f 549/552/552 755/758/758 550/553/553
f 323/326/326 546/549/549 548/551/551
f 551/554/554 548/551/551 552/555/555
f 553/556/556 578/581/581 554/557/557
f 209/212/212 596/599/599 5/8/8
f 382/385/385 346/349/349 348/351/351
f 529/532/532 446/449/449 552/555/555
f 327/330/330 545/548/548 527/530/530
f 557/560/560 559/562/562 558/561/561
f 473/476/476 340/343/343 118/121/121
f 340/343/343 342/345/345 119/122/122
f 339/342/342 338/341/341 557/560/560
f 338/341/341 463/466/466 559/562/562
f 201/204/204 751/754/754 560/563/563
f 561/564/564 682/685/685 562/565/565
f 335/338/338 392/395/395 563/566/566
f 564/567/567 601/604/604 206/209/209
f 566/569/569 665/668/668 237/240/240
f 98/101/101 360/363/363 444/447/447
f 568/571/571 184/187/187 232/235/235
f 262/265/265 263/266/266 29/32/32
f 569/572/572 199/202/202 308/311/311
f 570/573/573 385/388/388 384/387/387
f 324/327/327 326/329/329 230/233/233
f 524/527/527 324/327/327 334/337/337
f 139/142/142 141/144/144 356/359/359
f 571/574/574 662/665/665 572/575/575
f 573/576/576 315/318/318 316/319/319
f 521/524/524 1/4/4 3/6/6
f 395/398/398 31/34/34 456/459/459
f 575/578/578 267/270/270 142/145/145
f 455/458/458 454/457/457 391/394/394
f 577/580/580 676/679/679 578/581/581
f 579/582/582 812/815/815 580/583/583
f 582/585/585 283/286/286 285/288/288
f 42/45/45 157/160/160 128/131/131
f 239/242/242 563/566/566 392/395/395
f 371/374/374 470/473/473 576/579/579
f 454/457/457 304/307/307 303/306/306
f 585/588/588 429/432/432 586/589/589
f 588/591/591 221/224/224 589/592/592
f 591/594/594 752/755/755 592/595/595
f 593/596/596 516/519/519 496/499/499
f 153/156/156 348/351/351 480/483/483
f 158/161/161 416/419/419 342/345/345
f 595/598/598 413/416/416 485/488/488
f 140/143/143 139/142/142 596/599/599
f 482/485/485 418/421/421 458/461/461
f 298/301/301 426/429/429 597/600/600
f 598/601/601 171/174/174 540/543/543
f 599/602/602 149/152/152 151/154/154
f 567/570/570 444/447/447 301/304/304
f 81/84/84 80/83/83 65/68/68
f 603/606/606 700/703/703 297/300/300
f 227/230/230 18/21/21 565/568/568
f 604/607/607 718/721/721 605/608/608
f 95/98/98 211/214/214 78/81/81
f 514/517/517 503/506/506 452/455/455
f 607/610/610 868/871/871 608/611/611
f 219/222/222 218/221/221 610/613/613
f 341/344/344 350/353/353 611/614/614
f 112/115/115 512/515/515 123/126/126
f 612/615/615 258/261/261 613/616/616
f 615/618/618 283/286/286 616/619/619
f 618/621/621 254/257/257 256/259/259
f 418/421/421 482/485/485 491/494/494
f 620/623/623 745/748/748 621/624/624
f 416/419/419 133/136/136 119/122/122
f 623/626/626 410/413/413 412/415/415
f 625/628/628 811/814/814 626/629/629
f 360/363/363 98/101/101 100/103/103
f 628/631/631 747/750/750 629/632/632
f 631/634/634 375/378/378 632/635/635
f 633/636/636 600/603/603 250/253/253
f 634/637/637 828/831/831 635/638/638
f 637/640/640 807/810/810 638/641/641
f 255/258/258 941/944/942 528/531/531
f 639/642/642 295/298/298 640/643/643
f 445/448/448 131/134/134 170/173/173
f 642/645/645 330/333/333 643/646/646
f 295/298/298 294/297/297 645/648/648
f 646/649/649 585/588/588 587/590/590
f 215/218/218 408/411/411 647/650/650
f 643/646/646 99/102/102 520/523/523
f 233/236/236 519/522/522 564/567/567
f 433/436/436 73/76/76 352/355/355
f 649/652/652 378/381/381 54/57/57
f 522/525/525 659/662/662 563/566/566
f 267/270/270 209/212/212 82/85/85
f 393/396/396 715/718/718 650/653/653
f 651/654/654 688/691/691 652/655/655
f 1/4/4 521/524/524 238/241/241
f 654/657/657 800/803/803 16/19/19
f 656/659/659 249/252/252 507/510/510
f 657/660/660 831/834/834 320/323/323
f 658/661/661 394/397/397 395/398/398
f 660/663/663 205/208/208 661/664/664
f 653/656/656 238/241/241 389/392/392
f 251/254/254 253/256/256 145/148/148
f 662/665/665 571/574/574 663/666/666
f 550/553/553 586/589/589 429/432/432
f 665/668/668 566/569/569 228/231/231
f 667/670/670 486/489/489 488/491/491
f 26/29/29 684/687/687 669/672/672
f 198/201/201 10/13/13 671/674/674
f 672/675/675 777/780/780 215/218/218
f 673/676/676 1042/1042/1040 674/677/677
f 448/451/451 450/453/453 676/679/679
f 677/680/680 776/779/779 11/14/14
f 400/403/403 982/985/983 679/682/682
f 652/655/655 704/707/707 680/683/683
f 682/685/685 675/678/678 674/677/677
f 174/177/177 173/176/176 683/686/686
f 685/688/688 985/988/986 686/689/689
f 688/691/691 651/654/654 689/692/692
f 691/694/694 948/951/949 692/695/695
f 584/587/587 390/393/393 391/394/394
f 470/473/473 1015/1018/1014 575/578/578
f 385/388/388 570/573/573 603/606/606
f 694/697/697 658/661/661 659/662/662
f 695/698/698 628/631/631 630/633/633
f 443/446/446 359/362/362 697/700/700
f 442/445/445 441/444/444 698/701/701
f 18/21/21 208/211/211 699/702/702
f 402/405/405 401/404/404 193/196/196
f 700/703/703 603/606/606 570/573/573
f 702/705/705 581/584/584 703/706/706
f 704/707/707 652/655/655 688/691/691
f 214/217/217 311/314/314 208/211/211
f 706/709/709 205/208/208 74/77/77
f 175/178/178 53/56/56 55/58/58
f 695/698/698 696/699/699 693/696/696
f 92/95/95 94/97/97 78/81/81
f 691/694/694 693/696/696 399/402/402
f 707/710/710 744/747/747 708/711/711
f 289/292/292 288/291/291 590/593/593
f 710/713/713 725/728/728 711/714/714
f 299/302/302 373/376/376 713/716/716
f 715/718/718 393/396/396 9/12/12
f 716/719/719 261/264/264 587/590/590
f 717/720/720 673/676/676 675/678/678
f 280/283/283 146/149/149 719/722/722
f 506/509/509 582/585/585 583/586/586
f 717/720/720 801/804/804 709/712/712
f 486/489/489 667/670/670 373/376/376
f 702/705/705 420/423/423 721/724/724
f 723/726/726 376/379/379 180/183/183
f 724/727/727 859/862/862 680/683/683
f 726/729/729 85/88/88 727/730/730
f 421/424/424 173/176/176 259/262/262
f 39/42/42 774/777/777 729/732/732
f 731/734/734 734/737/737 629/632/632
f 733/736/736 705/708/708 734/737/737
f 735/738/738 831/834/834 369/372/372
f 737/740/740 710/713/713 712/715/715
f 733/736/736 741/744/744 712/715/715
f 687/690/690 686/689/689 739/742/742
f 738/741/741 712/715/715 741/744/744
f 743/746/746 407/410/410 409/412/412
f 745/748/748 685/688/688 626/629/629
f 746/749/749 732/735/735 629/632/632
f 748/751/751 530/533/533 187/190/190
f 79/82/82 787/790/790 475/478/478
f 322/325/325 224/227/227 277/280/280
f 277/280/280 100/103/103 595/598/598
f 351/354/354 138/141/141 125/128/128
f 217/220/220 219/222/222 236/239/239
f 673/676/676 717/720/720 708/711/711
f 714/717/717 713/716/716 27/30/30
f 750/753/753 707/710/710 709/712/712
f 23/26/26 22/25/25 251/254/254
f 562/565/565 674/677/677 312/315/315
f 752/755/755 591/594/594 753/756/756
f 586/589/589 550/553/553 755/758/758
f 620/623/623 860/863/863 756/759/759
f 279/282/282 280/283/283 720/723/723
f 164/167/167 667/670/670 668/671/671
f 197/200/200 652/655/655 681/684/684
f 581/584/584 580/583/583 758/761/761
f 759/762/762 424/427/427 425/428/428
f 705/708/708 688/691/691 690/693/693
f 8/11/11 297/300/300 700/703/703
f 75/78/78 307/310/310 33/36/36
f 571/574/574 396/399/399 240/243/243
f 333/336/336 563/566/566 659/662/662
f 165/168/168 385/388/388 101/104/104
f 761/764/764 940/943/941 762/765/765
f 764/767/767 760/763/763 765/768/768
f 316/319/319 240/243/243 184/187/187
f 483/486/486 490/493/493 494/497/497
f 461/464/464 460/463/463 490/493/493
f 173/176/176 421/424/424 767/770/770
f 745/748/748 620/623/623 607/610/610
f 511/514/514 943/946/944 768/771/771
f 60/63/63 934/937/937 477/480/480
f 264/267/267 251/254/254 22/25/25
f 19/22/22 226/229/229 41/44/44
f 771/774/774 905/908/908 287/290/290
f 46/49/49 281/284/284 282/285/285
f 601/604/604 301/304/304 32/35/35
f 83/86/86 4/7/7 773/776/776
f 602/605/605 65/68/68 67/70/70
f 279/282/282 599/602/602 600/603/603
f 650/653/653 701/704/704 203/206/206
f 730/733/733 722/725/725 40/43/43
f 774/777/777 39/42/42 289/292/292
f 221/224/224 800/803/803 774/777/777
f 656/659/659 366/369/369 148/151/151
f 354/357/357 632/635/635 610/613/613
f 377/380/380 610/613/613 632/635/635
f 749/752/752 708/711/711 744/747/747
f 200/203/203 634/637/637 636/639/639
f 775/778/778 749/752/752 409/412/412
f 696/699/699 630/633/633 690/693/693
f 776/779/779 778/781/781 2/5/5
f 216/219/219 96/99/99 207/210/210
f 402/405/405 207/210/210 93/96/96
f 777/780/780 775/778/778 408/411/411
f 122/125/125 116/119/119 225/228/228
f 306/309/309 305/308/308 574/577/577
f 399/402/402 689/692/692 651/654/654
f 778/781/781 306/309/309 3/6/6
f 779/782/782 579/582/582 581/584/584
f 530/533/533 642/645/645 644/647/647
f 694/697/697 574/577/577 305/308/308
f 781/784/784 844/847/847 782/785/785
f 336/339/339 262/265/265 394/397/397
f 783/786/786 387/390/390 784/787/787
f 556/559/559 529/532/532 547/550/550
f 263/266/266 459/462/462 383/386/386
f 21/24/24 41/44/44 226/229/229
f 141/144/144 44/47/47 282/285/285
f 459/462/462 175/178/178 177/180/180
f 340/343/343 473/476/476 474/477/477
f 509/512/512 59/62/62 61/64/64
f 380/383/383 7/10/10 306/309/309
f 786/789/789 291/294/294 475/478/478
f 788/791/791 314/317/317 789/792/792
f 789/792/792 794/797/797 791/794/794
f 314/317/317 313/316/316 792/795/795
f 789/792/792 792/795/795 793/796/796
f 788/791/791 790/793/793 795/798/798
f 192/195/195 795/798/798 602/605/605
f 790/793/793 791/794/794 796/799/799
f 795/798/798 796/799/799 81/84/84
f 797/800/800 149/152/152 314/317/317
f 68/71/71 191/194/194 67/70/70
f 757/760/760 313/316/316 599/602/602
f 192/195/195 70/73/73 797/800/800
f 744/747/747 707/710/710 798/801/801
f 799/802/802 983/986/984 742/745/745
f 800/803/803 654/657/657 729/732/732
f 143/146/146 145/148/148 253/256/256
f 801/804/804 560/563/563 751/754/754
f 591/594/594 111/114/114 802/805/805
f 660/663/663 21/24/24 307/310/310
f 803/806/806 308/311/311 199/202/202
f 751/754/754 201/204/204 321/324/324
f 804/807/807 862/865/865 805/808/808
f 89/92/92 638/641/641 807/810/810
f 808/811/811 905/908/908 682/685/685
f 520/523/523 98/101/101 567/570/570
f 758/761/761 838/841/841 767/770/770
f 379/382/382 246/249/249 773/776/776
f 732/735/735 940/943/941 799/802/802
f 798/801/801 915/918/918 809/812/812
f 810/813/813 879/882/882 579/582/582
f 811/814/814 625/628/628 753/756/756
f 710/713/713 737/740/740 812/815/815
f 806/809/809 912/915/915 407/410/410
f 737/740/740 814/817/817 580/583/583
f 738/741/741 835/838/838 814/817/817
f 716/719/719 755/758/758 728/731/731
f 815/818/818 819/822/822 816/819/819
f 818/821/821 816/819/819 819/822/822
f 820/823/823 1036/1036/1034 821/824/824
f 286/289/289 808/811/811 144/147/147
f 47/50/50 432/435/435 431/434/434
f 766/769/769 765/768/768 824/827/827
f 86/89/89 424/427/427 825/828/828
f 827/830/830 872/875/875 815/818/818
f 829/832/832 24/27/27 12/15/15
f 810/813/813 729/732/732 654/657/657
f 58/61/61 151/154/154 150/153/153
f 829/832/832 281/284/284 543/546/546
f 370/373/373 369/372/372 831/834/834
f 832/835/835 837/840/840 637/640/640
f 758/761/761 580/583/583 814/817/817
f 835/838/838 269/272/272 834/837/837
f 423/426/426 426/429/429 836/839/839
f 269/272/272 86/89/89 826/829/829
f 834/837/837 826/829/829 838/841/841
f 594/597/597 496/499/499 498/501/501
f 831/834/834 735/738/738 321/324/324
f 634/637/637 200/203/203 569/572/572
f 355/358/358 354/357/357 406/409/409
f 202/205/205 706/709/709 434/437/437
f 808/811/811 561/564/564 145/148/148
f 181/184/184 361/364/364 840/843/843
f 222/225/225 588/591/591 772/775/775
f 205/208/208 706/709/709 212/215/215
f 276/279/279 27/30/30 841/844/844
f 842/845/845 1055/1055/1052 291/294/294
f 843/846/846 782/785/785 844/847/847
f 204/207/207 384/387/387 213/216/216
f 28/31/31 174/177/177 684/687/687
f 190/193/193 272/275/275 113/116/116
f 727/730/730 40/43/43 722/725/725
f 405/408/408 610/613/613 218/221/221
f 846/849/849 857/860/860 847/850/850
f 817/820/820 816/819/819 848/851/851
f 713/716/716 372/375/375 28/31/31
f 849/852/852 848/851/851 850/853/853
f 852/855/855 902/905/905 853/856/856
f 410/413/413 623/626/626 855/858/858
f 856/859/859 885/888/888 818/821/821
f 714/717/717 275/278/278 300/303/303
f 857/860/860 481/484/484 858/861/861
f 833/836/836 637/640/640 622/625/625
f 860/863/863 91/94/94 612/615/615
f 861/864/864 1039/1039/1037 862/865/865
f 864/867/867 928/931/931 865/868/868
f 822/825/825 144/147/147 867/870/870
f 756/759/759 869/872/872 868/871/871
f 869/872/872 894/897/897 870/873/873
f 639/642/642 824/827/827 765/768/768
f 827/830/830 427/430/430 429/432/432
f 872/875/875 827/830/830 585/588/588
f 828/831/831 634/637/637 427/430/430
f 819/822/822 815/818/818 872/875/875
f 874/877/877 883/886/886 875/878/878
f 873/876/876 886/889/889 411/414/414
f 110/113/113 423/426/426 837/840/840
f 803/806/806 604/607/607 606/609/609
f 669/672/672 888/891/891 825/828/828
f 623/626/626 882/885/885 878/881/881
f 830/833/833 847/850/850 879/882/882
f 606/609/609 605/608/608 771/774/774
f 876/879/879 875/878/878 881/884/884
f 472/475/475 476/479/479 168/171/171
f 597/600/600 917/920/920 883/886/886
f 884/887/887 850/853/853 848/851/851
f 421/424/424 420/423/423 703/706/706
f 813/816/816 724/727/727 725/728/728
f 817/820/820 635/638/638 828/831/831
f 869/872/872 756/759/759 612/615/615
f 886/889/889 887/890/890 412/415/415
f 887/890/890 899/902/902 624/627/627
f 17/20/20 403/406/406 867/870/870
f 885/888/888 848/851/851 816/819/819
f 684/687/687 683/686/686 888/891/891
f 437/440/440 726/729/729 549/552/552
f 879/882/882 847/850/850 724/727/727
f 889/892/892 781/784/784 368/371/371
f 755/758/758 549/552/552 726/729/729
f 635/638/638 817/820/820 849/852/852
f 871/874/874 765/768/768 760/763/763
f 886/889/889 873/876/876 162/165/165
f 892/895/895 759/762/762 760/763/763
f 885/888/888 856/859/859 893/896/896
f 174/177/177 28/31/31 372/375/375
f 894/897/897 904/907/907 895/898/898
f 897/900/900 926/929/929 884/887/887
f 887/890/890 886/889/889 668/671/671
f 898/901/901 1002/1005/1002 866/869/869
f 899/902/902 887/890/890 488/491/491
f 900/903/903 895/898/898 854/857/857
f 902/905/905 852/855/855 613/616/616
f 261/264/264 716/719/719 419/422/422
f 614/617/617 613/616/616 852/855/855
f 905/908/908 771/774/774 605/608/608
f 860/863/863 620/623/623 622/625/625
f 287/290/290 905/908/908 808/811/811
f 667/670/670 164/167/167 374/377/377
f 163/166/166 587/590/590 261/264/264
f 902/905/905 892/895/895 764/767/767
f 906/909/909 889/892/892 890/893/893
f 891/894/894 657/660/660 636/639/639
f 759/762/762 892/895/895 908/911/911
f 909/912/912 1004/1007/1004 910/913/913
f 899/902/902 874/877/877 876/879/879
f 874/877/877 899/902/902 487/490/490
f 882/885/885 623/626/626 624/627/627
f 904/907/907 894/897/897 869/872/872
f 857/860/860 846/849/849 432/435/435
f 655/658/658 846/849/849 830/833/833
f 143/146/146 823/826/826 431/434/434
f 904/907/907 852/855/855 854/857/857
f 811/814/814 833/836/836 621/624/624
f 349/352/352 278/281/281 115/118/118
f 912/915/915 211/214/214 647/650/650
f 574/577/577 694/697/697 522/525/525
f 76/79/79 805/808/808 913/916/916
f 559/562/562 839/842/842 498/501/501
f 750/753/753 321/324/324 735/738/738
f 70/73/73 69/72/72 150/153/153
f 50/53/53 518/521/521 244/247/247
f 169/172/172 123/126/126 512/515/515
f 791/794/794 921/924/924 916/919/919
f 426/429/429 423/426/426 917/920/920
f 918/921/921 992/995/993 919/922/922
f 271/274/274 296/299/299 776/779/779
f 921/924/924 791/794/794 794/797/797
f 528/531/531 939/942/940 556/559/559
f 447/450/450 446/449/449 541/544/544
f 322/325/325 595/598/598 546/549/549
f 560/563/563 801/804/804 604/607/607
f 249/252/252 656/659/659 147/150/150
f 79/82/82 81/84/84 796/799/799
f 48/51/51 823/826/826 143/146/146
f 345/348/348 840/843/843 114/117/117
f 920/923/923 883/886/886 917/920/920
f 311/314/314 195/198/198 699/702/702
f 924/927/927 1000/1003/1000 925/928/928
f 310/313/313 309/312/312 435/438/438
f 642/645/645 530/533/533 532/535/535
f 927/930/930 608/611/611 868/871/871
f 515/518/518 930/933/933 539/542/542
f 260/263/263 374/377/377 164/167/167
f 928/931/931 1034/1034/1032 900/903/903
f 455/458/458 234/237/237 108/111/111
f 497/500/500 452/455/455 558/561/561
f 929/932/932 539/542/542 930/933/933
f 931/934/934 958/961/959 397/400/400
f 37/40/40 36/39/39 511/514/514
f 131/134/134 445/448/448 447/450/450
f 126/129/129 292/295/295 523/526/526
f 835/838/838 738/741/741 742/745/745
f 932/935/935 793/796/796 792/795/795
f 826/829/829 825/828/828 888/891/891
f 168/171/171 477/480/480 934/937/937
f 922/925/925 794/797/797 793/796/796
f 386/389/389 357/360/360 358/361/361
f 870/873/873 894/897/897 896/899/899
f 881/884/884 947/950/948 878/881/881
f 495/498/498 493/496/496 936/939/938
f 331/334/334 532/535/535 938/941/939
f 883/886/886 920/923/923 919/922/922
f 551/554/554 170/173/173 247/250/250
f 929/932/932 440/443/443 538/541/541
f 529/532/532 556/559/559 939/942/940
f 502/505/505 501/504/504 350/353/353
f 677/680/680 858/861/861 481/484/484
f 471/474/474 542/545/545 598/601/601
f 718/721/721 675/678/678 682/685/685
f 732/735/735 746/749/749 762/765/765
f 839/842/842 559/562/562 463/466/466
f 99/102/102 643/646/646 330/333/333
f 941/944/942 255/258/258 770/773/773
f 942/945/943 768/771/771 943/946/944
f 841/844/844 26/29/29 670/673/673
f 880/883/883 771/774/774 772/775/775
f 544/547/547 938/941/939 945/948/946
f 37/40/40 769/772/772 946/949/947
f 873/876/876 872/875/875 646/649/649
f 875/878/878 919/922/922 947/950/948
f 418/421/421 415/418/418 129/132/132
f 948/951/949 691/694/694 783/786/786
f 538/541/541 440/443/443 442/445/445
f 949/952/950 950/953/951 489/492/492
f 941/944/942 476/479/479 939/942/940
f 6/9/9 5/8/8 596/599/599
f 545/548/548 945/948/946 619/622/622
f 950/953/951 936/939/938 493/496/496
f 693/696/696 696/699/699 689/692/692
f 951/954/952 315/318/318 573/576/576
f 401/404/404 316/319/319 568/571/571
f 683/686/686 767/770/770 838/841/841
f 952/955/953 954/957/955 953/956/954
f 954/957/955 347/350/350 955/958/956
f 956/959/957 479/482/482 347/350/350
f 957/960/958 956/959/957 954/957/955
f 953/956/954 955/958/956 770/773/773
f 958/961/959 931/934/934 959/962/960
f 531/534/534 960/963/961 961/964/962
f 962/965/963 961/964/962 963/966/964
f 960/963/961 959/962/960 965/968/966
f 961/964/962 965/968/966 966/969/967
f 962/965/963 938/941/939 532/535/535
f 964/967/965 945/948/946 938/941/939
f 748/751/751 958/961/959 960/963/961
f 967/970/968 952/955/953 254/257/257
f 618/621/621 964/967/965 963/966/964
f 967/970/968 963/966/964 966/969/967
f 968/971/969 957/960/958 952/955/953
f 619/622/622 945/948/946 964/967/965
f 466/469/469 337/340/340 339/342/342
f 601/604/604 564/567/567 519/522/522
f 958/961/959 748/751/751 186/189/189
f 430/433/433 115/118/118 840/843/843
f 60/63/63 770/773/773 955/958/956
f 969/972/970 972/975/973 970/973/971
f 972/975/973 974/977/975 973/976/974
f 478/481/481 381/384/384 972/975/973
f 381/384/384 152/155/155 974/977/975
f 971/974/972 970/973/971 975/978/976
f 976/979/977 975/978/976 977/980/978
f 970/973/971 973/976/974 979/982/980
f 975/978/976 979/982/980 980/983/981
f 976/979/977 936/939/938 950/953/951
f 978/981/979 937/940/513 936/939/938
f 971/974/972 950/953/951 949/952/950
f 969/972/970 949/952/950 508/511/511
f 20/23/23 1041/1041/1039 777/780/780
f 858/861/861 677/680/680 678/681/681
f 97/100/100 647/650/650 211/214/214
f 715/718/718 700/703/703 701/704/704
f 315/318/318 951/954/952 664/667/667
f 10/13/13 1/4/4 653/656/656
f 400/403/403 93/96/96 981/984/982
f 671/674/674 653/656/656 388/391/391
f 983/986/984 799/802/802 940/943/941
f 711/714/714 704/707/707 705/708/708
f 805/808/808 76/79/79 912/915/915
f 704/707/707 711/714/714 725/728/728
f 707/710/710 750/753/753 915/918/918
f 984/987/985 986/989/987 686/689/689
f 986/989/987 989/992/990 739/742/742
f 987/990/988 988/991/989 986/989/987
f 988/991/989 1035/1035/1033 989/992/990
f 879/882/882 813/816/816 812/815/815
f 745/748/748 609/612/612 985/988/986
f 336/339/339 780/783/783 390/393/393
f 985/988/986 609/612/612 608/611/611
f 984/987/985 608/611/611 927/930/930
f 450/453/453 449/452/452 484/487/487
f 740/743/743 991/994/992 627/630/630
f 833/836/836 811/814/814 802/805/805
f 990/993/991 625/628/628 627/630/630
f 807/810/810 637/640/640 837/840/840
f 779/782/782 730/733/733 729/732/732
f 685/688/688 687/690/690 627/630/630
f 625/628/628 990/993/991 754/757/757
f 836/839/839 300/303/303 275/278/278
f 309/312/312 606/609/609 880/883/883
f 111/114/114 110/113/113 832/835/835
f 91/94/94 860/863/863 638/641/641
f 722/725/725 730/733/733 779/782/782
f 992/995/993 918/921/921 993/996/994
f 994/997/995 995/998/417 993/996/994
f 995/998/417 1056/1056/1053 318/321/321
f 317/320/320 997/1000/997 996/999/996
f 319/322/322 1007/1010/1007 997/1000/997
f 992/995/993 996/999/996 947/950/948
f 918/921/921 920/923/923 923/926/926
f 809/812/812 736/739/739 843/846/846
f 863/866/866 843/846/846 845/848/848
f 804/807/807 809/812/812 863/866/866
f 915/918/918 735/738/738 736/739/739
f 108/111/111 234/237/237 723/726/726
f 223/226/226 16/19/19 800/803/803
f 782/785/785 843/846/846 736/739/739
f 189/192/192 371/374/374 272/275/275
f 907/910/910 890/893/893 999/1002/999
f 295/298/298 639/642/642 871/874/874
f 657/660/660 891/894/894 999/1002/999
f 257/260/260 670/673/673 908/911/911
f 293/296/296 871/874/874 425/428/428
f 641/644/644 1038/1038/1036 824/827/827
f 926/929/929 925/928/928 850/853/853
f 903/906/906 908/911/911 892/895/895
f 907/910/910 925/928/928 1000/1003/1000
f 925/928/928 907/910/910 851/854/854
f 898/901/901 1036/1036/1034 1001/1004/1001
f 1003/1006/1003 1006/1009/1006 1004/1007/1004
f 926/929/929 897/900/900 1005/1008/1005
f 909/912/912 897/900/900 893/896/896
f 854/857/857 853/856/856 821/824/824
f 1006/1009/1006 996/999/996 997/1000/997
f 1004/1007/1004 997/1000/997 1007/1010/1007
f 911/914/914 1005/1008/1005 897/900/900
f 878/881/881 947/950/948 996/999/996
f 1008/1011/979 1009/1012/1008 944/947/945
f 1009/1012/1008 1057/1057/1054 1010/1013/1009
f 942/945/943 1013/1016/1012 1011/1014/1010
f 1012/1015/1011 1014/1017/1013 1013/1016/1012
f 648/651/651 699/702/702 195/198/198
f 768/771/771 1011/1014/1010 946/949/947
f 943/946/944 511/514/514 510/513/513
f 676/679/679 1011/1014/1010 1013/1016/1012
f 578/581/581 1013/1016/1012 1014/1017/1013
f 1015/1018/1014 470/473/473 378/381/381
f 450/453/453 946/949/947 1011/1014/1010
f 516/519/519 593/596/596 1016/1019/1015
f 594/597/597 577/580/580 553/556/556
f 593/596/596 553/556/556 555/558/558
f 839/842/842 448/451/451 577/580/580
f 1018/1021/1017 516/519/519 1017/1020/1016
f 1018/1021/1017 1022/2/1020 1020/1023/1019
f 474/477/477 451/454/454 453/456/456
f 1018/1021/1017 1019/1022/1018 1021/3/3
f 517/520/520 1020/1023/1019 514/517/517
f 1023/1024/1021 1025/1/1023 616/619/619
f 1025/1/1023 1026/1026/1024 617/620/620
f 1023/1024/1021 1020/1023/1019 1022/2/1020
f 582/585/585 506/509/509 930/933/933
f 283/286/286 582/585/585 1024/1025/1022
f 930/933/933 515/518/518 1023/1024/1021
f 515/518/518 514/517/517 1020/1023/1019
f 437/440/440 288/291/291 85/88/88
f 366/369/369 656/659/659 583/586/586
f 58/61/61 250/253/253 600/603/603
f 116/119/119 115/118/118 278/281/281
f 1027/1027/1025 146/149/149 148/151/151
f 649/652/652 243/246/246 45/48/48
f 387/390/390 665/668/668 666/669/669
f 258/261/261 257/260/260 903/906/906
f 469/472/472 67/70/70 66/69/69
f 296/299/299 380/383/383 778/781/781
f 719/722/722 1029/1029/1027 1028/1028/1026
f 1029/1029/1027 1033/1033/1031 1030/1030/1028
f 1031/1031/1029 1032/1032/1030 1029/1029/1027
f 1032/1032/1030 1058/1058/1055 1033/1033/1031
f 1028/1028/1026 933/936/936 757/760/760
f 1030/1030/1028 932/935/935 933/936/936
f 146/149/149 1027/1027/1025 1031/1031/1029
f 1003/1006/1003 893/896/896 856/859/859
f 901/904/904 898/901/901 865/868/868
f 1034/1034/1032 928/931/931 988/991/989
f 928/931/931 864/867/867 1035/1035/1033
f 987/990/988 927/930/930 896/899/899
f 895/898/898 900/903/903 1034/1034/1032
f 1006/1009/1006 1003/1006/1003 855/858/858
f 901/904/904 821/824/824 1036/1036/1034
f 1037/1037/1035 1001/1004/1001 1036/1036/1034
f 766/769/769 821/824/824 853/856/856
f 877/880/880 825/828/828 424/427/427
f 851/854/854 999/1002/999 891/894/894
f 1038/1038/1036 1037/1037/1035 820/823/823
f 670/673/673 669/672/672 877/880/880
f 370/373/373 999/1002/999 890/893/893
f 343/346/346 1040/1040/1038 365/368/368
f 590/593/593 436/439/439 772/775/775
f 344/347/347 114/117/117 242/245/245
f 1039/1039/1037 913/916/916 805/808/808
f 806/809/809 743/746/746 798/801/801
f 761/764/764 365/368/368 1040/1040/1038
f 763/766/766 364/367/367 365/368/368
f 731/734/734 799/802/802 741/744/744
f 983/986/984 1040/1040/1038 270/273/273
f 801/804/804 717/720/720 718/721/721
f 681/684/684 680/683/683 859/862/862
f 630/633/633 629/632/632 734/737/737
f 847/850/850 857/860/860 859/862/862
f 1041/1041/1039 312/315/315 674/677/677
f 1041/1041/1039 1042/1042/1040 775/778/778
f 1042/1042/1040 673/676/676 749/752/752
f 658/661/661 694/697/697 780/783/783
f 398/401/401 388/391/391 783/786/786
f 678/681/681 11/14/14 198/201/201
f 185/188/188 187/190/190 644/647/647
f 51/54/54 459/462/462 263/266/266
f 565/568/568 699/702/702 648/651/651
f 389/392/392 237/240/240 665/668/668
f 231/234/234 183/186/186 644/647/647
f 361/364/364 363/366/366 697/700/700
f 335/338/338 334/337/337 324/327/327
f 1012/1015/1011 942/945/943 944/947/945
f 933/936/936 792/795/795 313/316/316
f 1043/1043/1041 1048/1048/1046 1044/1044/1042
f 1045/1045/1043 1044/1044/1042 1046/1046/1044
f 1048/1048/1046 1054/1054/1028 1049/1049/1047
f 1044/1044/1042 1049/1049/1047 1050/1050/1048
f 1045/1045/1043 1052/1052/1050 1051/1051/1049
f 1052/1052/1050 786/789/789 787/790/790
f 1047/1047/1045 1053/1053/1051 1052/1052/1050
f 1053/1053/1051 842/845/845 786/789/789
f 1051/1051/1049 916/919/919 921/924/924
f 787/790/790 79/82/82 916/919/919
f 1043/1043/1041 921/924/924 922/925/925
f 1048/1048/1046 922/925/925 935/938/935
f 355/358/358 433/436/436 358/361/361
f 375/378/378 631/634/634 362/365/365
f 655/658/658 15/18/18 432/435/435
f 87/90/90 270/273/273 1040/1040/1038
f 721/724/724 419/422/422 728/731/731
f 518/521/521 50/53/53 52/55/55
f 204/207/207 203/206/206 701/704/704
f 998/1001/998 24/27/27 64/67/67
f 998/1001/998 723/726/726 182/185/185
f 929/932/932 248/251/251 57/60/60
f 436/439/439 590/593/593 288/291/291
f 441/444/444 56/59/59 188/191/191
f 698/701/701 188/191/191 190/193/193
f 363/366/366 362/365/365 631/634/634
f 310/313/313 550/553/553 428/431/431
f 268/271/271 575/578/578 1015/1018/1014
f 234/237/237 236/239/239 376/379/379
f 63/66/66 266/269/269 304/307/307
f 377/380/380 376/379/379 236/239/239
f 62/65/65 64/67/67 24/27/27
f 273/276/276 390/393/393 780/783/783
f 290/293/293 160/163/163 253/256/256
f 509/512/512 491/494/494 482/485/485
