# Blender v2.80 (sub 35) OBJ File: 'r3pu_lowpoly.blend'
# www.blender.org
v 2.747373 -4.486349 0.460226
v 2.732885 -4.497919 0.488664
v 2.734459 -4.498291 0.489235
v 2.703186 -4.827824 0.301670
v 2.691387 -4.833898 0.333361
v 2.703832 -4.821188 0.304653
v 2.745704 -4.485954 0.459620
v 2.731345 -4.497555 0.488105
v 2.700856 -4.848046 0.331967
v 2.740834 -4.840663 0.313736
v 2.728070 -4.854476 0.341844
v 2.335872 -5.172219 1.251189
v 2.424659 -5.089853 1.065913
v 2.422020 -5.088743 1.064889
v 2.749190 -4.843511 0.321247
v 2.734799 -4.856065 0.344286
v 2.747741 -4.842294 0.316243
v 2.653187 -4.619353 0.746884
v 2.541264 -4.723839 0.974299
v 2.545153 -4.724758 0.975710
v 2.485882 -5.055654 0.810764
v 2.376333 -5.151284 1.037526
v 2.486257 -5.052847 0.812103
v 2.437603 -4.836804 1.198273
v 2.342629 -4.922581 1.399401
v 2.342386 -4.927269 1.397294
v 2.262587 -5.254571 1.267177
v 2.278027 -5.239571 1.234501
v 2.278679 -5.240397 1.234452
v 2.264082 -5.254925 1.267720
v 2.259194 -5.259265 1.277735
v 2.257667 -5.258905 1.277181
v 2.261828 -5.253742 1.267179
v 2.692937 -4.846175 0.329093
v 2.707799 -4.832858 0.301747
v 2.695332 -4.846741 0.329962
v 2.710224 -4.833430 0.302627
v 2.282559 -5.283897 1.333567
v 2.278111 -5.281735 1.324806
v 2.285012 -5.283366 1.327310
v 2.289060 -5.282456 1.329577
v 2.289280 -5.277831 1.331657
v 2.282777 -5.279283 1.335642
v 2.275625 -5.282259 1.331050
v 2.416701 -5.163249 1.051156
v 2.325841 -5.248847 1.252714
v 2.324574 -5.250567 1.251395
v 2.702576 -4.803879 0.464996
v 2.616912 -4.887778 0.648699
v 2.702807 -4.804659 0.463231
v 2.437056 -4.888741 1.155280
v 2.345600 -4.972114 1.340724
v 2.434365 -4.888503 1.153850
v 2.711910 -4.517511 0.531306
v 2.618184 -4.611083 0.734180
v 2.620299 -4.611583 0.734947
v 2.612756 -4.640235 0.719715
v 2.701361 -4.553302 0.511921
v 2.612235 -4.646226 0.717016
v 2.245190 -5.270402 1.322000
v 2.247686 -5.252863 1.330660
v 2.246035 -5.252473 1.330061
v 2.338179 -5.007576 1.353994
v 2.326645 -5.157563 1.284659
v 2.331489 -5.158592 1.286469
v 2.728619 -4.502260 0.498066
v 2.713305 -4.517841 0.531812
v 2.730161 -4.502624 0.498626
v 2.727110 -4.501904 0.497519
v 2.299023 -5.263180 1.280401
v 2.287575 -5.242499 1.237680
v 2.314634 -5.248891 1.247501
v 2.264936 -4.936622 1.443264
v 2.258083 -4.942824 1.454466
v 2.256622 -4.944474 1.459045
v 2.258255 -4.944860 1.459637
v 2.266514 -4.936995 1.443837
v 2.274014 -4.928592 1.425729
v 2.273174 -4.928944 1.425189
v 2.264038 -4.936949 1.442708
v 2.262528 -4.974170 1.456749
v 2.290734 -4.961777 1.475137
v 2.263416 -4.955323 1.465222
v 2.735691 -4.539141 0.427248
v 2.715296 -4.773860 0.322860
v 2.712867 -4.773286 0.321978
v 2.576530 -4.808385 0.937264
v 2.642843 -4.715080 0.728800
v 2.548061 -4.808152 0.936855
v 2.326645 -5.157563 1.284659
v 2.332951 -5.167630 1.277383
v 2.331489 -5.158592 1.286469
v 2.297879 -5.275609 1.313731
v 2.289280 -5.277831 1.331657
v 2.289060 -5.282456 1.329577
v 2.289916 -5.281734 1.324355
v 2.296499 -5.277178 1.312420
v 2.304727 -5.269380 1.294535
v 2.306074 -5.267766 1.295848
v 2.298105 -5.270950 1.315825
v 2.263669 -4.938478 1.441883
v 2.258083 -4.942824 1.454466
v 2.264038 -4.936949 1.442708
v 2.272822 -4.930514 1.424356
v 2.272593 -4.935115 1.422286
v 2.263447 -4.943045 1.439830
v 2.255626 -4.945826 1.458005
v 2.523634 -5.037045 0.835909
v 2.627858 -4.954238 0.597652
v 2.629459 -4.935356 0.606141
v 2.705704 -4.801952 0.313302
v 2.706683 -4.819404 0.300470
v 2.703832 -4.821188 0.304653
v 2.248956 -5.266578 1.294896
v 2.256876 -5.258074 1.277168
v 2.250539 -5.266953 1.295470
v 2.242663 -5.273361 1.311941
v 2.241030 -5.272975 1.311348
v 2.242444 -5.270518 1.307126
v 2.248108 -5.265747 1.294858
v 2.341804 -5.006032 1.350382
v 2.333859 -5.149925 1.289733
v 2.335064 -5.157054 1.282872
v 2.743130 -4.513803 0.440919
v 2.742667 -4.493068 0.449102
v 2.745096 -4.493642 0.449983
v 2.784561 -4.505491 0.469529
v 2.772972 -4.512197 0.501264
v 2.772349 -4.518683 0.498347
v 2.299200 -5.248334 1.325993
v 2.291446 -5.251769 1.337802
v 2.290351 -5.255269 1.341801
v 2.298974 -5.252994 1.323899
v 2.307196 -5.245091 1.306042
v 2.307428 -5.240397 1.308153
v 2.298224 -5.246145 1.326315
v 2.736043 -4.856318 0.357804
v 2.721186 -4.864626 0.394465
v 2.720574 -4.871118 0.391546
v 2.734434 -4.859805 0.355651
v 2.738721 -4.855696 0.346235
v 2.740353 -4.852194 0.348403
v 2.736670 -4.849757 0.360753
v 2.719924 -4.501401 0.494426
v 2.705829 -4.516075 0.529099
v 2.720840 -4.500422 0.495243
v 2.722348 -4.500778 0.495790
v 2.726562 -4.496425 0.486369
v 2.725022 -4.496061 0.485811
v 2.724073 -4.497039 0.484979
v 2.765337 -4.549505 0.495745
v 2.749952 -4.558239 0.532215
v 2.749348 -4.564639 0.529337
v 2.762937 -4.558692 0.496038
v 2.769792 -4.545289 0.486386
v 2.765956 -4.543037 0.498653
v 2.289845 -4.980624 1.466663
v 2.262314 -4.978694 1.454715
v 2.289632 -4.985148 1.464629
v 2.768499 -4.516463 0.510600
v 2.751604 -4.528061 0.545236
v 2.752445 -4.531775 0.544113
v 2.767880 -4.522931 0.507692
v 2.767595 -4.512663 0.511727
v 2.660527 -4.884543 0.655077
v 2.713126 -4.787844 0.492578
v 2.666453 -4.874480 0.661461
v 2.738123 -4.817833 0.379497
v 2.723601 -4.838989 0.405992
v 2.739134 -4.824010 0.372329
v 2.738507 -4.830570 0.369380
v 2.742830 -4.826416 0.359993
v 2.743462 -4.819837 0.362951
v 2.719047 -4.874555 0.389449
v 2.627341 -4.960324 0.594916
v 2.626306 -4.963452 0.593156
v 2.747089 -4.573636 0.529388
v 2.652980 -4.655853 0.731803
v 2.651577 -4.663708 0.730397
v 2.718357 -4.553455 0.459477
v 2.708355 -4.774705 0.325552
v 2.695847 -4.787566 0.354196
v 2.766619 -4.563479 0.482290
v 2.757252 -4.786257 0.343299
v 2.780025 -4.552114 0.448568
v 2.714194 -4.827976 0.300443
v 2.713191 -4.820941 0.302832
v 2.714842 -4.821332 0.303431
v 2.715879 -4.828374 0.301055
v 2.711860 -4.833817 0.303221
v 2.710224 -4.833430 0.302627
v 2.712544 -4.827586 0.299844
v 2.292598 -5.276888 1.310735
v 2.294250 -5.267549 1.290458
v 2.300937 -5.269127 1.292885
v 2.304727 -5.269380 1.294535
v 2.296499 -5.277178 1.312420
v 2.289916 -5.281734 1.324355
v 2.285012 -5.283366 1.327310
v 2.285800 -5.275282 1.308267
v 2.261945 -4.950401 1.466645
v 2.260081 -4.954536 1.464012
v 2.261732 -4.954926 1.464611
v 2.263629 -4.950800 1.467256
v 2.264733 -4.946390 1.461988
v 2.263100 -4.946004 1.461396
v 2.260294 -4.950011 1.466046
v 2.305646 -5.264745 1.282805
v 2.321051 -5.250409 1.249830
v 2.324574 -5.250567 1.251395
v 2.309374 -5.264976 1.284435
v 2.763985 -4.510615 0.510902
v 2.741796 -4.524572 0.542152
v 2.748218 -4.526089 0.544483
v 2.767595 -4.512663 0.511727
v 2.772049 -4.508373 0.502391
v 2.768378 -4.506304 0.501546
v 2.757336 -4.509044 0.508489
v 2.515469 -4.717745 0.964937
v 2.430264 -4.827047 1.198984
v 2.754601 -4.813504 0.331049
v 2.735983 -4.518818 0.435611
v 2.733712 -4.514096 0.442724
v 2.736622 -4.512265 0.438557
v 2.737634 -4.519208 0.436210
v 2.734040 -4.538751 0.426649
v 2.733075 -4.520640 0.439782
v 2.749190 -4.843511 0.321247
v 2.705704 -4.801952 0.313302
v 2.693870 -4.808120 0.344952
v 2.706349 -4.795316 0.316285
v 2.251748 -5.241881 1.332066
v 2.276906 -5.255099 1.343261
v 2.279989 -5.250803 1.338626
v 2.248308 -5.275806 1.321136
v 2.275843 -5.277645 1.333125
v 2.248525 -5.271191 1.323211
v 2.746368 -4.802296 0.325595
v 2.721060 -4.775222 0.324952
v 2.748378 -4.781676 0.334866
v 2.276688 -5.259716 1.341186
v 2.249370 -5.253262 1.331272
v 2.686666 -4.848520 0.338314
v 2.691390 -4.845810 0.328531
v 2.687358 -4.849973 0.338043
v 2.688877 -4.850331 0.338594
v 2.672888 -4.864915 0.372183
v 2.672297 -4.863510 0.372482
v 2.278334 -4.924424 1.415295
v 2.279140 -4.924057 1.415826
v 2.275532 -4.928950 1.426279
v 2.280624 -4.924408 1.416364
v 2.295910 -4.909222 1.383432
v 2.295212 -4.909637 1.382932
v 2.283000 -4.984050 1.403903
v 2.317852 -4.978876 1.397415
v 2.310450 -4.973615 1.417455
v 2.321872 -4.946758 1.440171
v 2.325728 -4.961107 1.421630
v 2.326675 -4.942195 1.430132
v 2.525199 -4.999446 0.853059
v 2.622276 -4.898443 0.638775
v 2.522698 -4.994863 0.853922
v 2.735272 -4.486418 0.459507
v 2.723455 -4.500498 0.483292
v 2.724073 -4.497039 0.484979
v 2.693236 -4.814699 0.341994
v 2.681860 -4.867035 0.375439
v 2.723902 -4.858606 0.351306
v 2.708940 -4.873433 0.385267
v 2.274512 -4.938884 1.446739
v 2.293698 -4.953233 1.472501
v 2.301756 -4.945321 1.456627
v 2.379006 -5.102632 1.228837
v 2.368699 -4.999835 1.302632
v 2.362720 -5.125761 1.246641
v 2.300596 -4.954864 1.475004
v 2.308544 -4.946925 1.459091
v 2.305533 -4.954034 1.471687
v 2.312378 -4.948369 1.460252
v 2.317221 -4.938799 1.441410
v 2.310554 -4.937224 1.438990
v 2.334759 -5.196392 1.260040
v 2.325001 -5.193451 1.286026
v 2.320041 -5.210660 1.291883
v 2.321273 -5.199153 1.290420
v 2.317109 -5.212414 1.295921
v 2.314131 -5.228314 1.297107
v 2.329214 -5.213707 1.264448
v 2.741178 -4.591456 0.533665
v 2.749513 -4.593741 0.506387
v 2.756629 -4.576899 0.501121
v 2.757490 -4.589123 0.489912
v 2.524513 -5.024575 0.841612
v 2.423961 -5.109915 1.067051
v 2.420630 -5.125175 1.066516
v 2.618361 -4.896269 0.638993
v 2.655678 -4.624064 0.746096
v 2.546051 -4.725842 0.975674
v 2.546181 -4.728487 0.974635
v 2.621755 -4.611927 0.735476
v 2.515307 -4.717707 0.964878
v 2.515469 -4.717745 0.964937
v 2.546051 -4.725842 0.975674
v 2.435295 -4.828235 1.200810
v 2.437353 -4.829438 1.201256
v 2.591195 -4.977978 0.863583
v 2.475572 -5.058725 1.072694
v 2.468916 -5.069894 1.068725
v 2.334826 -4.984436 1.379716
v 2.329851 -4.985681 1.382842
v 2.333549 -4.986236 1.373186
v 2.325184 -4.992619 1.376785
v 2.330953 -4.985910 1.371559
v 2.348209 -4.972427 1.342324
v 2.349611 -4.970512 1.348596
v 2.726278 -4.778366 0.437756
v 2.724732 -4.780482 0.442426
v 2.723110 -4.791240 0.437319
v 2.716902 -4.793032 0.465322
v 2.711517 -4.804981 0.467979
v 2.722014 -4.791008 0.436909
v 2.725182 -4.778133 0.437347
v 2.717058 -4.790869 0.432459
v 2.706121 -4.811307 0.449417
v 2.720682 -4.797210 0.417964
v 2.262763 -5.021852 1.427099
v 2.250084 -5.201983 1.353535
v 2.254324 -5.199225 1.347520
v 2.436219 -4.899374 1.141229
v 2.355526 -4.981631 1.324582
v 2.446276 -4.900403 1.143038
v 2.264018 -4.983052 1.447666
v 2.300603 -4.978005 1.439960
v 2.292326 -4.984399 1.457996
v 2.619459 -4.897509 0.638143
v 2.707448 -4.812319 0.448062
v 2.724040 -4.782708 0.418988
v 2.720253 -4.777765 0.432979
v 2.330519 -4.986492 1.369423
v 2.345600 -4.972114 1.340724
v 2.330953 -4.985910 1.371559
v 2.325184 -4.992619 1.376785
v 2.327901 -5.000618 1.368297
v 2.534175 -4.794642 0.940625
v 2.435249 -4.897832 1.142563
v 2.533497 -4.805236 0.935605
v 2.485341 -5.056490 0.810166
v 2.376198 -5.153680 1.036456
v 2.485882 -5.055654 0.810764
v 2.722047 -4.798185 0.416524
v 2.725425 -4.783511 0.417611
v 2.751841 -4.538176 0.541235
v 2.655169 -4.630058 0.743401
v 2.435585 -5.073285 1.066816
v 2.350451 -5.154500 1.247969
v 2.347400 -5.154267 1.247560
v 2.740315 -4.627827 0.505258
v 2.726278 -4.778366 0.437756
v 2.725182 -4.778133 0.437347
v 2.724952 -4.799031 0.416960
v 2.732529 -4.786752 0.413820
v 2.728338 -4.784299 0.418067
v 2.722047 -4.798185 0.416524
v 2.710341 -4.813178 0.448526
v 2.714355 -4.816273 0.444346
v 2.729083 -4.802011 0.412523
v 2.519969 -4.993843 0.853098
v 2.519133 -4.992345 0.853372
v 2.334047 -5.167863 1.277792
v 2.348889 -5.148768 1.259222
v 2.335064 -5.157054 1.282872
v 2.332585 -5.158824 1.286878
v 2.720339 -4.777104 0.435537
v 2.735164 -4.626121 0.503019
v 2.735472 -4.626799 0.503449
v 2.275548 -4.974552 1.392627
v 2.277421 -4.997289 1.375072
v 2.274274 -5.000021 1.381172
v 2.270414 -4.978988 1.402555
v 2.271116 -4.964797 1.408937
v 2.276259 -4.960368 1.399007
v 2.278704 -4.971826 1.386525
v 2.639797 -4.697706 0.728260
v 2.540976 -4.790274 0.945746
v 2.537963 -4.793685 0.942822
v 2.509792 -4.745362 0.950837
v 2.509366 -4.750893 0.948342
v 2.331306 -4.977476 1.396560
v 2.331342 -4.983839 1.386906
v 2.334826 -4.984436 1.379716
v 2.346463 -4.963206 1.364665
v 2.342426 -4.955131 1.380649
v 2.326894 -4.969768 1.413308
v 2.328122 -4.979154 1.400469
v 2.358577 -4.981864 1.324991
v 2.463014 -4.900635 1.143447
v 2.677596 -4.748846 0.717808
v 2.612837 -4.822772 0.930780
v 2.611557 -4.840570 0.922742
v 2.279989 -5.250803 1.338626
v 2.263226 -5.230601 1.315042
v 2.251748 -5.241881 1.332066
v 2.713531 -4.834212 0.303827
v 2.743196 -4.834828 0.310969
v 2.740834 -4.840663 0.313736
v 2.521858 -5.061257 0.825024
v 2.417921 -5.155857 1.054829
v 2.417597 -5.161032 1.052502
v 2.616068 -4.610583 0.733412
v 2.709567 -4.516958 0.530456
v 2.707224 -4.516404 0.529605
v 2.719646 -4.631113 0.542815
v 2.632578 -4.711804 0.726746
v 2.632380 -4.713414 0.726797
v 2.674301 -4.865249 0.372695
v 2.585675 -4.954978 0.577948
v 2.315521 -4.932652 1.429030
v 2.322121 -4.934211 1.431425
v 2.320934 -4.940228 1.442522
v 2.325765 -4.935630 1.432510
v 2.338150 -4.919202 1.398763
v 2.331773 -4.917695 1.396448
v 2.676651 -4.865804 0.373548
v 2.586453 -4.955161 0.578230
v 2.424879 -5.072667 1.064803
v 2.519811 -4.981751 0.858391
v 2.520072 -4.980485 0.859074
v 2.424879 -5.072667 1.064803
v 2.341905 -5.153238 1.245750
v 2.341176 -5.153729 1.245723
v 2.256822 -5.023665 1.432931
v 2.248422 -5.201832 1.352829
v 2.326906 -4.937573 1.432210
v 2.320934 -4.940228 1.442522
v 2.322099 -4.942156 1.442240
v 2.325765 -4.935630 1.432510
v 2.239744 -5.246320 1.329774
v 2.241266 -5.248351 1.321986
v 2.239527 -5.250937 1.327699
v 2.241395 -5.246710 1.330373
v 2.241686 -5.240533 1.333150
v 2.240034 -5.240182 1.332533
v 2.241485 -5.243723 1.324066
v 2.325497 -4.965729 1.419551
v 2.320937 -4.965657 1.431674
v 2.320709 -4.970259 1.429605
v 2.321495 -4.972714 1.423379
v 2.341160 -4.950910 1.386664
v 2.775749 -4.500884 0.461108
v 2.749070 -4.487877 0.454140
v 2.776387 -4.494331 0.464054
v 2.270331 -5.256402 1.269988
v 2.284756 -5.241833 1.236657
v 2.286149 -5.242162 1.237163
v 2.271861 -5.256763 1.270543
v 2.267057 -5.261124 1.280589
v 2.265496 -5.260755 1.280022
v 2.268836 -5.256048 1.269445
v 2.743511 -4.804118 0.374081
v 2.737752 -4.792547 0.398332
v 2.340402 -5.155501 1.246169
v 2.327365 -5.167105 1.275575
v 2.326552 -5.168916 1.276109
v 2.325095 -5.159665 1.285312
v 2.268364 -5.176944 1.294265
v 2.265285 -5.179626 1.300391
v 2.782777 -4.497642 0.476748
v 2.772049 -4.508373 0.502391
v 2.273868 -5.208369 1.301114
v 2.264503 -5.190722 1.328392
v 2.263206 -5.216691 1.318838
v 2.254324 -5.199225 1.347520
v 2.253085 -5.225116 1.336410
v 2.263226 -5.230601 1.315042
v 2.271255 -5.220976 1.303635
v 2.263355 -5.218179 1.283051
v 2.259025 -5.209251 1.298998
v 2.264021 -5.204866 1.289039
v 2.260274 -5.183990 1.310359
v 2.267092 -5.202170 1.282918
v 2.735164 -4.626121 0.503019
v 2.735655 -4.624389 0.502259
v 2.726984 -4.770515 0.442882
v 2.739834 -4.630165 0.510318
v 2.724732 -4.780482 0.442426
v 2.717725 -4.774434 0.323741
v 2.738120 -4.539714 0.428130
v 2.740549 -4.540288 0.429011
v 2.356079 -4.993974 1.328291
v 2.755247 -4.806869 0.334032
v 2.735673 -4.493941 0.451786
v 2.736310 -4.487397 0.454728
v 2.745646 -4.609138 0.497064
v 2.732529 -4.786752 0.413820
v 2.750446 -4.604525 0.495963
v 2.720102 -4.629264 0.542229
v 2.734125 -4.617457 0.512289
v 2.734623 -4.615569 0.511614
v 2.409245 -5.162297 1.048109
v 2.489999 -5.057591 0.811857
v 2.515903 -5.063710 0.821258
v 2.741411 -4.628060 0.505668
v 2.726984 -4.770515 0.442882
v 2.632786 -4.714051 0.726991
v 2.534093 -4.807123 0.935046
v 2.717366 -4.795445 0.315069
v 2.719375 -4.774824 0.324340
v 2.719050 -4.795843 0.315681
v 2.718402 -4.802487 0.312693
v 2.716718 -4.802089 0.312082
v 2.715715 -4.795054 0.314470
v 2.339275 -5.007808 1.354404
v 2.333859 -5.149925 1.289733
v 2.339819 -5.015687 1.349752
v 2.376669 -5.146111 1.039857
v 2.629708 -4.922758 0.614025
v 2.719043 -4.823998 0.429059
v 2.628152 -4.912042 0.625504
v 2.511209 -4.716739 0.963391
v 2.398242 -4.819481 1.187362
v 2.511337 -4.716769 0.963437
v 2.616910 -4.886771 0.649959
v 2.384062 -5.001797 1.273364
v 2.484954 -4.914353 1.135439
v 2.729083 -4.802011 0.412523
v 2.734123 -4.809390 0.396465
v 2.722695 -4.832765 0.412872
v 2.402466 -4.820479 1.188895
v 2.303328 -4.910975 1.386124
v 2.403165 -4.820644 1.189149
v 2.747373 -4.486349 0.460226
v 2.774676 -4.492799 0.470135
v 2.271255 -5.220976 1.303635
v 2.289011 -5.242794 1.322525
v 2.299719 -5.229902 1.304681
v 2.525351 -5.011634 0.847720
v 2.625583 -4.902233 0.636144
v 2.525199 -4.999446 0.853059
v 2.734430 -4.618187 0.512690
v 2.725461 -4.632858 0.544995
v 2.739273 -4.619216 0.514499
v 2.675340 -4.719183 0.728176
v 2.725581 -4.662487 0.548940
v 2.732215 -4.638925 0.534772
v 2.730572 -4.860182 0.353726
v 2.738721 -4.855696 0.346235
v 2.734434 -4.859805 0.355651
v 2.715399 -4.874959 0.387611
v 2.334457 -4.992817 1.354853
v 2.744068 -4.485568 0.459027
v 2.728954 -4.496990 0.487237
v 2.263046 -5.224332 1.280284
v 2.258365 -5.222590 1.292999
v 2.279354 -5.209931 1.247729
v 2.279102 -5.214710 1.245579
v 2.262808 -5.229045 1.278164
v 2.258060 -5.228735 1.290235
v 2.679001 -4.866359 0.374401
v 2.588591 -4.955667 0.579006
v 2.511287 -4.725874 0.959630
v 2.397366 -4.822139 1.185840
v 2.511713 -4.720343 0.962125
v 2.615263 -4.611424 0.732697
v 2.704474 -4.520442 0.526702
v 2.614996 -4.614452 0.731331
v 2.726795 -4.612923 0.537824
v 2.636915 -4.697645 0.727224
v 2.477349 -5.040154 1.079731
v 2.747385 -4.487479 0.453528
v 2.744068 -4.485568 0.459027
v 2.745704 -4.485954 0.459620
v 2.748431 -4.494430 0.451194
v 2.746747 -4.494032 0.450582
v 2.745734 -4.487089 0.452929
v 2.292326 -4.984399 1.457996
v 2.740315 -4.627827 0.505258
v 2.735472 -4.626799 0.503449
v 2.735164 -4.626121 0.503019
v 2.734125 -4.617457 0.512289
v 2.719646 -4.631113 0.542815
v 2.719965 -4.631829 0.543186
v 2.382812 -5.156053 1.038516
v 2.489729 -5.057528 0.811759
v 2.489999 -5.057591 0.811857
v 2.741081 -4.610615 0.496616
v 2.740114 -4.600522 0.506665
v 2.750446 -4.604525 0.495963
v 2.716789 -4.790126 0.434307
v 2.319951 -5.173389 1.290902
v 2.321375 -5.183949 1.280985
v 2.524047 -5.031418 0.838439
v 2.487535 -5.057008 0.810962
v 2.590729 -4.956172 0.579782
v 2.489492 -5.057471 0.811673
v 2.331963 -5.005582 1.354228
v 2.335118 -4.993633 1.353127
v 2.348732 -4.979364 1.324786
v 2.616068 -4.610583 0.733412
v 2.485578 -5.056546 0.810252
v 2.379110 -5.155178 1.037172
v 2.376976 -5.154674 1.036398
v 2.635622 -4.699021 0.726866
v 2.725244 -4.614539 0.538001
v 2.335550 -5.170215 1.250333
v 2.742667 -4.609117 0.496265
v 2.741708 -4.598867 0.506400
v 2.726795 -4.612923 0.537824
v 2.316352 -5.185274 1.290608
v 2.321658 -5.185993 1.281928
v 2.335872 -5.172219 1.251189
v 2.378187 -5.122654 1.050428
v 2.488115 -5.028655 0.823018
v 2.377851 -5.127828 1.048097
v 2.636915 -4.697645 0.727224
v 2.349353 -4.980218 1.323144
v 2.395795 -4.846422 1.174897
v 2.395465 -4.851503 1.172607
v 2.280071 -5.240726 1.234957
v 2.376209 -5.154492 1.036119
v 2.252123 -5.019597 1.424836
v 2.251402 -5.191714 1.328010
v 2.243618 -5.198800 1.344265
v 2.614475 -4.620443 0.728632
v 2.729764 -4.612905 0.538681
v 2.643700 -4.693468 0.729334
v 2.381244 -5.155682 1.037947
v 2.629977 -4.929269 0.608878
v 2.717171 -4.789979 0.435100
v 2.702576 -4.803879 0.464996
v 2.716789 -4.790126 0.434307
v 2.719964 -4.777194 0.434766
v 2.720339 -4.777104 0.435537
v 2.520629 -4.980163 0.859478
v 2.534597 -4.981192 0.861288
v 2.335810 -4.994005 1.352728
v 2.349353 -4.980218 1.323144
v 2.335118 -4.993633 1.353127
v 2.332639 -5.006230 1.352564
v 2.333335 -5.006546 1.352185
v 2.425527 -5.072256 1.065007
v 2.714355 -4.816273 0.444346
v 2.703867 -4.526842 0.523824
v 2.422020 -5.088743 1.064889
v 2.648133 -4.618158 0.745049
v 2.328107 -5.166602 1.275573
v 2.325904 -5.158013 1.284691
v 2.327365 -5.167105 1.275575
v 2.266399 -4.946784 1.462593
v 2.290947 -4.957254 1.477171
v 2.293698 -4.953233 1.472501
v 2.282414 -5.241281 1.235807
v 2.260087 -5.012337 1.408671
v 2.339275 -5.007808 1.354404
v 2.341804 -5.006032 1.350382
v 2.341749 -4.995266 1.354946
v 2.356079 -4.993974 1.328291
v 2.340653 -4.995034 1.354537
v 2.382011 -5.155862 1.038225
v 2.436556 -4.866417 1.182719
v 2.708466 -4.804748 0.467570
v 2.269154 -5.004467 1.391096
v 2.680414 -4.866693 0.374914
v 2.591507 -4.956355 0.580064
v 2.627439 -4.887565 0.652364
v 2.702970 -4.803720 0.465760
v 2.348889 -5.148768 1.259222
v 2.513258 -4.717223 0.964135
v 2.515179 -4.717677 0.964832
v 2.740369 -4.619449 0.514909
v 2.732215 -4.638925 0.534772
v 2.739834 -4.630165 0.510318
v 2.741411 -4.628060 0.505668
v 2.728512 -4.633091 0.545405
v 2.324203 -5.187195 1.283158
v 2.339351 -5.179544 1.254989
v 2.338430 -5.173409 1.252390
v 2.321658 -5.185993 1.281928
v 2.316352 -5.185274 1.290608
v 2.320276 -5.194771 1.289276
v 2.325001 -5.193451 1.286026
v 2.744690 -4.598835 0.507227
v 2.734455 -4.607933 0.538114
v 2.741708 -4.598867 0.506400
v 2.745646 -4.609138 0.497064
v 2.750446 -4.604525 0.495963
v 2.749513 -4.593741 0.506387
v 2.615357 -4.610415 0.733154
v 2.601170 -4.967339 0.868711
v 2.667667 -4.857019 0.670950
v 2.602472 -4.949271 0.876867
v 2.717769 -4.685738 0.567662
v 2.679491 -4.730496 0.724548
v 2.479280 -4.904140 1.141577
v 2.488548 -5.023033 0.825555
v 2.378395 -5.119466 1.051865
v 2.488840 -5.019242 0.827265
v 2.653490 -4.649859 0.734498
v 2.545775 -4.734022 0.972146
v 2.544345 -4.753527 0.963377
v 2.521256 -5.064011 0.823602
v 2.382812 -5.156053 1.038516
v 2.616910 -4.886771 0.649959
v 2.511337 -4.716769 0.963437
v 2.339351 -5.179544 1.254989
v 2.426322 -5.095260 1.066884
v 2.249588 -5.248645 1.333347
v 2.240332 -5.269254 1.320237
v 2.243606 -5.251899 1.329180
v 2.241178 -5.251326 1.328298
v 2.643700 -4.693468 0.729334
v 2.542663 -4.778477 0.951772
v 2.540976 -4.790274 0.945746
v 2.533591 -4.806576 0.935053
v 2.293849 -4.945784 1.364733
v 2.395281 -4.854324 1.171335
v 2.249529 -5.230403 1.310613
v 2.242414 -5.224154 1.332865
v 2.250177 -5.217018 1.316632
v 2.533591 -4.806576 0.935053
v 2.632380 -4.713414 0.726797
v 2.716527 -4.821729 0.304042
v 2.376198 -5.153680 1.036456
v 2.543939 -4.759061 0.960889
v 2.543493 -4.765628 0.957839
v 2.707842 -4.786116 0.522785
v 2.521256 -5.064011 0.823602
v 2.623952 -4.964021 0.591840
v 2.626306 -4.963452 0.593156
v 2.278154 -5.232742 1.237465
v 2.403898 -4.820818 1.189415
v 2.345124 -4.972734 1.338673
v 2.341569 -4.920590 1.399757
v 2.484740 -4.931645 1.126210
v 2.452322 -5.073516 1.067226
v 2.435623 -4.898913 1.141430
v 2.468916 -5.069894 1.068725
v 2.563066 -4.981425 0.861697
v 2.591195 -4.977978 0.863583
v 2.585698 -4.953858 0.578417
v 2.675457 -4.827615 0.388518
v 2.691825 -4.791832 0.363681
v 2.689858 -4.812368 0.354445
v 2.689228 -4.818928 0.351495
v 2.426322 -5.095260 1.066884
v 2.604209 -4.812057 0.935775
v 2.659581 -4.715313 0.729209
v 2.585675 -4.954978 0.577948
v 2.382011 -5.155862 1.038225
v 2.489492 -5.057471 0.811673
v 2.644176 -4.887797 0.652774
v 2.734455 -4.607933 0.538114
v 2.648055 -4.679191 0.729810
v 2.519969 -4.993843 0.853098
v 2.295212 -4.909637 1.382932
v 2.294899 -4.911304 1.382078
v 2.414412 -5.163518 1.049985
v 2.439210 -4.886127 1.159988
v 2.421456 -5.086977 1.064565
v 2.751604 -4.528061 0.545236
v 2.655228 -4.620865 0.747201
v 2.397502 -4.820023 1.186793
v 2.714247 -4.557732 0.468966
v 2.611883 -4.650265 0.715196
v 2.520009 -5.064681 0.822748
v 2.722989 -4.845481 0.403073
v 2.419386 -5.132388 1.065381
v 2.419062 -5.137563 1.063054
v 2.707448 -4.812319 0.448062
v 2.619459 -4.897509 0.638143
v 2.705030 -4.517057 0.528333
v 2.615263 -4.611424 0.732697
v 2.433643 -4.889350 1.152308
v 2.535178 -4.793534 0.941586
v 2.434365 -4.888503 1.153850
v 2.774676 -4.492799 0.470135
v 2.397543 -4.819316 1.187108
v 2.297282 -4.909546 1.383930
v 2.398242 -4.819481 1.187362
v 2.376976 -5.154674 1.036398
v 2.485578 -5.056546 0.810252
v 2.621010 -4.611751 0.735205
v 2.655228 -4.620865 0.747201
v 2.672413 -4.859740 0.374067
v 2.586490 -4.944465 0.582638
v 2.673028 -4.853248 0.376987
v 2.591507 -4.956355 0.580064
v 2.698647 -4.574974 0.504166
v 2.676825 -4.806654 0.399937
v 2.277903 -5.237522 1.235316
v 2.376198 -5.153680 1.036456
v 2.278027 -5.239571 1.234501
v 2.479280 -4.904140 1.141577
v 2.784561 -4.505491 0.469529
v 2.780718 -4.522683 0.454561
v 2.782683 -4.502522 0.463625
v 2.329851 -4.985681 1.382842
v 2.324264 -4.978828 1.400212
v 2.331342 -4.983839 1.386906
v 2.328122 -4.979154 1.400469
v 2.321495 -4.972714 1.423379
v 2.316708 -4.973831 1.421730
v 2.716902 -4.793032 0.465322
v 2.275288 -4.983768 1.421215
v 2.263921 -4.997429 1.438080
v 2.274140 -4.993410 1.416438
v 2.262763 -5.021852 1.427099
v 2.273106 -5.014732 1.406847
v 2.284867 -4.989055 1.394943
v 2.283000 -4.984050 1.403903
v 2.316708 -4.973831 1.421730
v 2.307101 -4.978843 1.443827
v 2.310897 -4.979487 1.446033
v 2.304101 -4.984283 1.457986
v 2.299151 -4.985838 1.460850
v 2.313843 -5.212318 1.296067
v 2.308881 -5.233800 1.306184
v 2.317109 -5.212414 1.295921
v 2.321273 -5.199153 1.290420
v 2.320276 -5.194771 1.289276
v 2.307862 -5.210962 1.294814
v 2.305304 -5.231648 1.306872
v 2.286701 -5.252476 1.341141
v 2.295056 -5.244575 1.325035
v 2.291446 -5.251769 1.337802
v 2.298224 -5.246145 1.326315
v 2.305304 -5.231648 1.306872
v 2.273868 -5.208369 1.301114
v 2.299719 -5.229902 1.304681
v 2.251961 -5.022575 1.431143
v 2.245977 -5.201611 1.351789
v 2.254392 -5.023120 1.432037
v 2.261321 -4.986842 1.420135
v 2.253334 -4.994088 1.436305
v 2.254008 -4.979878 1.442694
v 2.262009 -4.972641 1.426521
v 2.696717 -4.852184 0.341439
v 2.782777 -4.497642 0.476748
v 2.262307 -4.966486 1.429289
v 2.254514 -4.969214 1.447489
v 2.262529 -4.961919 1.431342
v 2.271422 -4.958614 1.411717
v 2.254299 -4.973749 1.445450
v 2.719319 -4.504844 0.492751
v 2.705030 -4.517057 0.528333
v 2.719924 -4.501401 0.494426
v 2.722831 -4.506985 0.480375
v 2.718699 -4.511312 0.489843
v 2.783322 -4.495969 0.466571
v 2.781580 -4.494431 0.472641
v 2.785198 -4.498947 0.472471
v 2.312231 -4.978281 1.447408
v 2.303368 -4.980756 1.465219
v 2.303153 -4.985291 1.463181
v 2.304101 -4.984283 1.457986
v 2.310897 -4.979487 1.446033
v 2.312452 -4.973714 1.449461
v 2.313587 -4.950272 1.460000
v 2.305533 -4.954034 1.471687
v 2.304478 -4.957367 1.475735
v 2.313366 -4.954838 1.457947
v 2.312378 -4.948369 1.460252
v 2.299151 -4.985838 1.460850
v 2.296566 -4.986786 1.467146
v 2.303153 -4.985291 1.463181
v 2.296780 -4.982264 1.469180
v 2.716148 -4.537884 0.477892
v 2.701967 -4.546902 0.514800
v 2.716769 -4.531416 0.480801
v 2.720268 -4.533589 0.468412
v 2.277991 -4.926016 1.414457
v 2.273174 -4.928944 1.425189
v 2.278334 -4.924424 1.415295
v 2.294652 -4.915991 1.379969
v 2.277758 -4.930638 1.412379
v 2.297881 -4.958891 1.479687
v 2.297668 -4.963416 1.477654
v 2.304263 -4.961903 1.473696
v 2.304478 -4.957367 1.475735
v 2.300596 -4.954864 1.475004
v 2.780079 -4.529236 0.451615
v 2.773783 -4.521045 0.452044
v 2.782600 -4.525646 0.460468
v 2.781964 -4.532190 0.457525
v 2.778136 -4.549169 0.442653
v 2.773145 -4.527597 0.449098
v 2.252182 -4.982487 1.448391
v 2.253334 -4.994088 1.436305
v 2.251512 -4.996697 1.442003
v 2.252123 -5.019597 1.424836
v 2.250310 -5.022204 1.430535
v 2.253164 -4.997077 1.442606
v 2.253833 -4.982874 1.448992
v 2.741644 -4.484995 0.458147
v 2.739221 -4.484423 0.457268
v 2.781964 -4.532190 0.457525
v 2.770416 -4.538802 0.489302
v 2.276570 -4.954169 1.401794
v 2.271652 -4.954013 1.413787
v 2.276803 -4.949548 1.403873
v 2.293409 -4.939629 1.369334
v 2.719047 -4.874555 0.389449
v 2.438321 -4.876722 1.171367
v 2.349611 -4.970512 1.348596
v 2.439210 -4.886127 1.159988
v 2.435623 -4.898913 1.141430
v 2.509102 -4.754315 0.946797
v 2.585698 -4.953858 0.578417
v 2.416701 -5.163249 1.051156
v 2.350031 -4.980602 1.322773
v 2.303368 -4.980756 1.465219
v 2.744781 -4.514193 0.441518
v 2.690753 -4.840476 0.330402
v 2.701666 -4.832283 0.303999
v 2.690669 -4.844343 0.328795
v 2.293656 -4.934942 1.371443
v 2.660527 -4.884543 0.655077
v 2.735673 -4.493941 0.451786
v 2.304263 -4.961903 1.473696
v 2.252684 -4.971845 1.453176
v 2.255223 -4.953387 1.462249
v 2.253572 -4.952997 1.461650
v 2.260843 -4.973772 1.456137
v 2.621755 -4.611927 0.735476
v 2.254514 -4.969214 1.447489
v 2.255410 -4.950360 1.455966
v 2.436405 -4.856017 1.189635
v 2.341403 -4.946223 1.388772
v 2.740238 -4.492494 0.448220
v 2.740702 -4.513229 0.440038
v 2.738273 -4.512655 0.439156
v 2.256763 -4.972808 1.454657
v 2.259192 -4.973383 1.455538
v 2.254335 -4.972235 1.453775
v 2.257652 -4.953961 1.463130
v 2.397036 -4.827220 1.183550
v 2.618763 -4.962795 0.589957
v 2.589042 -4.915102 0.595867
v 2.604209 -4.812057 0.935775
v 2.436087 -4.861101 1.187349
v 2.290131 -5.259894 1.339721
v 2.520072 -4.980485 0.859074
v 2.617381 -4.886536 0.650555
v 2.511719 -4.717731 0.963214
v 2.588658 -4.919509 0.593881
v 2.486690 -5.047225 0.814639
v 2.585961 -4.950548 0.579897
v 2.714734 -4.518179 0.532331
v 2.299619 -4.910099 1.384778
v 2.400354 -4.819980 1.188129
v 2.746466 -4.514591 0.442130
v 2.310702 -5.263337 1.285749
v 2.306306 -5.263072 1.297959
v 2.309374 -5.264976 1.284435
v 2.310938 -5.258623 1.287869
v 2.261662 -5.251750 1.267951
v 2.256931 -5.251408 1.280039
v 2.261900 -5.247037 1.270071
v 2.261828 -5.253742 1.267179
v 2.256697 -5.256101 1.277928
v 2.745827 -4.521143 0.439183
v 2.771202 -4.547530 0.440136
v 2.743884 -4.541076 0.430222
v 2.752084 -4.839376 0.319417
v 2.740985 -4.845615 0.351361
v 2.283840 -5.256737 1.345778
v 2.283622 -5.261353 1.343703
v 2.290351 -5.255269 1.341801
v 2.286701 -5.252476 1.341141
v 2.750131 -4.836466 0.313486
v 2.743844 -4.828183 0.313957
v 2.750779 -4.829822 0.316473
v 2.752730 -4.832741 0.322400
v 2.752084 -4.839376 0.319417
v 2.747741 -4.842294 0.316243
v 2.312074 -5.235916 1.298078
v 2.308881 -5.233800 1.306184
v 2.311839 -5.240629 1.295958
v 2.327025 -5.226031 1.262972
v 2.327273 -5.221252 1.265120
v 2.753302 -4.803935 0.328112
v 2.755312 -4.783314 0.337383
v 2.757252 -4.786257 0.343299
v 2.755247 -4.806869 0.334032
v 2.752654 -4.810579 0.325125
v 2.686757 -4.844674 0.339917
v 2.687387 -4.838114 0.342867
v 2.686666 -4.848520 0.338314
v 2.249232 -5.236530 1.307858
v 2.241776 -5.237604 1.326818
v 2.257827 -5.233428 1.288125
v 2.249006 -5.241189 1.305763
v 2.241485 -5.243723 1.324066
v 2.247906 -5.263803 1.295594
v 2.240413 -5.266285 1.313922
v 2.248133 -5.259144 1.297689
v 2.256876 -5.258074 1.277168
v 2.248108 -5.265747 1.294858
v 2.242444 -5.270518 1.307126
v 2.240194 -5.270911 1.311842
v 2.733712 -4.514096 0.442724
v 2.720893 -4.527102 0.471329
v 2.341176 -5.153729 1.245723
v 2.424346 -5.074201 1.064718
v 2.242330 -5.226884 1.339287
v 2.241870 -5.201237 1.350043
v 2.240672 -5.226652 1.338617
v 2.243618 -5.198800 1.344265
v 2.242414 -5.224154 1.332865
v 2.241776 -5.237604 1.326818
v 2.708559 -4.800161 0.309121
v 2.708334 -4.819794 0.301069
v 2.710210 -4.800551 0.309720
v 2.710763 -4.820367 0.301950
v 2.326090 -5.244068 1.254863
v 2.754601 -4.813504 0.331049
v 2.588129 -4.925592 0.591141
v 2.674841 -4.834106 0.385598
v 2.713531 -4.834212 0.303827
v 2.699275 -4.847673 0.331393
v 2.711860 -4.833817 0.303221
v 2.522272 -5.055632 0.827553
v 2.242761 -5.269828 1.321119
v 2.715067 -4.801699 0.311483
v 2.240413 -5.266285 1.313922
v 2.275343 -5.182252 1.308933
v 2.316352 -5.185274 1.290608
v 2.586453 -4.955161 0.578230
v 2.745720 -4.808941 0.322608
v 2.250811 -5.275286 1.314897
v 2.781580 -4.494431 0.472641
v 2.761666 -4.504718 0.499110
v 2.738587 -4.492104 0.447621
v 2.403898 -4.820818 1.189415
v 2.304734 -4.911307 1.386635
v 2.284097 -5.007359 1.386415
v 2.243532 -5.201388 1.350750
v 2.283369 -4.930802 1.429124
v 2.437921 -4.831721 1.200558
v 2.341569 -4.920590 1.399757
v 2.284097 -5.007359 1.386415
v 2.278111 -5.281735 1.324806
v 2.258550 -5.268846 1.298378
v 2.535178 -4.793534 0.941586
v 2.733075 -4.520640 0.439782
v 2.515179 -4.717677 0.964832
v 2.403165 -4.820644 1.189149
v 2.735272 -4.486418 0.459507
v 2.697727 -4.847307 0.330831
v 2.592319 -4.956547 0.580359
v 2.288371 -4.926238 1.419176
v 2.310450 -4.973615 1.417455
v 2.275288 -4.983768 1.421215
v 2.283000 -4.984050 1.403903
v 2.246840 -5.270792 1.322599
v 2.253085 -5.225116 1.336410
v 2.248867 -5.227806 1.341926
v 2.247209 -5.227572 1.341256
v 2.248202 -5.241918 1.335582
v 2.752730 -4.832741 0.322400
v 2.260342 -4.984402 1.451358
v 2.258023 -4.998195 1.444383
v 2.259674 -4.998575 1.444986
v 2.258473 -5.024036 1.433539
v 2.263921 -4.997429 1.438080
v 2.264018 -4.983052 1.447666
v 2.511719 -4.717731 0.963214
v 2.397543 -4.819316 1.187108
v 2.301955 -4.910650 1.385626
v 2.238682 -5.268865 1.319638
v 2.693646 -4.851458 0.340325
v 2.695165 -4.851817 0.340876
v 2.397502 -4.820023 1.186793
v 2.672297 -4.863510 0.372482
v 2.247903 -5.248249 1.332735
v 2.246253 -5.247859 1.332136
v 2.709206 -4.793517 0.312108
v 2.708355 -4.774705 0.325552
v 2.711216 -4.772896 0.321379
v 2.710857 -4.793907 0.312707
v 2.706349 -4.795316 0.316285
v 2.285371 -4.925529 1.418087
v 2.281818 -4.930436 1.428561
v 2.286854 -4.925879 1.418625
v 2.246623 -5.275407 1.320524
v 2.247509 -5.274507 1.313699
v 2.249143 -5.274891 1.314292
v 2.244972 -5.275017 1.319925
v 2.284867 -4.989055 1.394943
v 2.325184 -4.992619 1.376785
v 2.271323 -4.938131 1.445582
v 2.264733 -4.946390 1.461988
v 2.272901 -4.938504 1.446155
v 2.266399 -4.946784 1.462593
v 2.280301 -4.930077 1.428010
v 2.782600 -4.525646 0.460468
v 2.736310 -4.487397 0.454728
v 2.737585 -4.484036 0.456674
v 2.739226 -4.485551 0.450567
v 2.740877 -4.485941 0.451166
v 2.253786 -4.948473 1.463684
v 2.255436 -4.948865 1.464283
v 2.256622 -4.944474 1.459045
v 2.255626 -4.945826 1.458005
v 2.706035 -4.826048 0.297482
v 2.707686 -4.826438 0.298081
v 2.703738 -4.831898 0.300273
v 2.703186 -4.827824 0.301670
v 2.615263 -4.611424 0.732697
v 2.332639 -5.006230 1.352564
v 2.325904 -5.158013 1.284691
v 2.240194 -5.270911 1.311842
v 2.241030 -5.272975 1.311348
v 2.238464 -5.273480 1.317563
v 2.240115 -5.273870 1.318162
v 2.252471 -4.976368 1.451142
v 2.254008 -4.979878 1.442694
v 2.254121 -4.976758 1.451741
v 2.254299 -4.973749 1.445450
v 2.744143 -4.520745 0.438572
v 2.742199 -4.540678 0.429610
v 2.742492 -4.520356 0.437973
v 2.256934 -5.268463 1.297791
v 2.263969 -5.260395 1.279468
v 2.250811 -5.275286 1.314897
v 2.249143 -5.274891 1.314292
v 2.255351 -5.268088 1.297216
v 2.437353 -4.829438 1.201256
v 2.241266 -5.248351 1.321986
v 2.712638 -4.801125 0.310601
v 2.290131 -5.259894 1.339721
v 2.243824 -5.247284 1.331255
v 2.246549 -5.241567 1.334965
v 2.244118 -5.241049 1.334058
v 2.713286 -4.794481 0.313589
v 2.255410 -4.950360 1.455966
v 2.741644 -4.484995 0.458147
v 2.743306 -4.486515 0.452048
v 2.739221 -4.484423 0.457268
v 2.256262 -4.983445 1.449875
v 2.258979 -4.977906 1.453505
v 2.256550 -4.977332 1.452623
v 2.280474 -5.202375 1.249295
v 2.691262 -4.850895 0.339459
v 2.244769 -5.227229 1.340271
v 2.780025 -4.552114 0.448568
v 2.731137 -4.540564 0.430824
v 2.592319 -4.956547 0.580359
v 2.282997 -4.924968 1.417226
v 2.277916 -4.929514 1.427145
v 2.245086 -5.273933 1.312820
v 2.242543 -5.274445 1.319044
v 2.242663 -5.273361 1.311941
v 2.740063 -4.519782 0.437091
v 2.257865 -4.949439 1.465164
v 2.260678 -4.945432 1.460517
v 2.258255 -4.944860 1.459637
v 2.710115 -4.827012 0.298963
v 2.707799 -4.832858 0.301747
v 2.705375 -4.832285 0.300867
v 2.731137 -4.540564 0.430824
v 2.268919 -4.937563 1.444709
v 2.263100 -4.946004 1.461396
v 2.260678 -4.945432 1.460517
v 2.701666 -4.832283 0.303999
v 2.703738 -4.831898 0.300273
v 2.705375 -4.832285 0.300867
v 2.724729 -4.501341 0.496654
v 2.325904 -5.158013 1.284691
v 2.266459 -5.255487 1.268582
v 2.261582 -5.259830 1.278601
v 2.255593 -4.997636 1.443495
v 2.258691 -4.984015 1.450758
v 2.252945 -5.267520 1.296343
v 2.247509 -5.274507 1.313699
v 2.245086 -5.273933 1.312820
v 2.338179 -5.007576 1.353994
v 2.675340 -4.719183 0.728176
v 2.260630 -4.978296 1.454104
v 2.621010 -4.611751 0.735205
v 2.742667 -4.609117 0.496265
v 2.728338 -4.784299 0.418067
v 2.625583 -4.902233 0.636144
v 2.289916 -5.281734 1.324355
v 2.333335 -5.006546 1.352185
v 2.339819 -5.015687 1.349752
v 2.785198 -4.498947 0.472471
v 2.690669 -4.844343 0.328795
v 2.331342 -4.983839 1.386906
v 2.726984 -4.770515 0.442882
v 2.376209 -5.154492 1.036119
v 2.725425 -4.783511 0.417611
v 2.333859 -5.149925 1.289733
v 2.719964 -4.777194 0.434766
v 2.275343 -5.182252 1.308933
v 2.251748 -5.241881 1.332066
v 2.719964 -4.777194 0.434766
v 2.740427 -4.636906 0.503243
v 2.740427 -4.636906 0.503243
v 2.332585 -5.158824 1.286878
v 2.732529 -4.786752 0.413820
v 2.332639 -5.006230 1.352564
v 2.615357 -4.610415 0.733154
v 2.339819 -5.015687 1.349752
v 2.740427 -4.636906 0.503243
v 2.321273 -5.199153 1.290420
v 2.742667 -4.609117 0.496265
v 2.585698 -4.953858 0.578417
v 2.381244 -5.155682 1.037947
v 2.590729 -4.956172 0.579782
v 2.264018 -4.983052 1.447666
v 2.321495 -4.972714 1.423379
v 2.308881 -5.233800 1.306184
v 2.271255 -5.220976 1.303635
v 2.782777 -4.497642 0.476748
v 2.304101 -4.984283 1.457986
v 2.305533 -4.954034 1.471687
v 2.291446 -5.251769 1.337802
v 2.749190 -4.843511 0.321247
v 2.402466 -4.820479 1.188895
v 2.737585 -4.484036 0.456674
v 2.397502 -4.820023 1.186793
v 2.735272 -4.486418 0.459507
v 2.258083 -4.942824 1.454466
v 2.701666 -4.832283 0.303999
v 2.242444 -5.270518 1.307126
v 2.620299 -4.611583 0.734947
v 2.725425 -4.783511 0.417611
vt 0.275041 0.757936
vt 0.274071 0.928160
vt 0.277509 0.928187
vt 0.912302 0.196943
vt 0.914580 0.369931
vt 0.917197 0.394428
vt 0.797742 0.267727
vt 0.798944 0.253704
vt 0.797742 0.253677
vt 0.912767 0.168236
vt 0.913318 0.196936
vt 0.913890 0.168228
vt 0.912614 0.160240
vt 0.911669 0.168244
vt 0.970635 0.179318
vt 0.951285 0.207385
vt 0.970985 0.207249
vt 0.800170 0.035023
vt 0.820056 0.020715
vt 0.800170 0.020253
vt 0.850688 0.229921
vt 0.852456 0.045916
vt 0.850688 0.045878
vt 0.494721 0.568029
vt 0.507573 0.373629
vt 0.493701 0.373347
vt 0.854224 0.250816
vt 0.852456 0.266625
vt 0.854224 0.266663
vt 0.855426 0.004202
vt 0.854224 0.009399
vt 0.855426 0.009425
vt 0.798944 0.016680
vt 0.797742 0.020197
vt 0.798944 0.020225
vt 0.918908 0.565650
vt 0.936427 0.759040
vt 0.938368 0.565516
vt 0.800170 0.271400
vt 0.820056 0.268245
vt 0.800170 0.267783
vt 0.876541 0.030232
vt 0.856652 0.046008
vt 0.876541 0.046440
vt 0.820056 0.254195
vt 0.800170 0.253733
vt 0.943950 0.964152
vt 0.944878 0.972095
vt 0.945056 0.964144
vt 0.907271 0.957659
vt 0.908145 0.966244
vt 0.908351 0.957652
vt 0.278040 0.964866
vt 0.291783 0.956376
vt 0.277916 0.956278
vt 0.951199 0.935570
vt 0.970556 0.963969
vt 0.970914 0.935434
vt 0.266915 0.195916
vt 0.265009 0.368750
vt 0.269413 0.368840
vt 0.052476 0.174471
vt 0.071093 0.179614
vt 0.071153 0.174343
vt 0.052568 0.165890
vt 0.042162 0.165959
vt 0.042074 0.174543
vt 0.052419 0.179745
vt 0.913091 0.394457
vt 0.910596 0.196955
vt 0.908890 0.196967
vt 0.938568 0.957443
vt 0.934140 0.929371
vt 0.933762 0.957476
vt 0.947406 0.935596
vt 0.949560 0.739248
vt 0.945695 0.935608
vt 0.798944 0.213832
vt 0.797742 0.074371
vt 0.797742 0.213992
vt 0.949746 0.179462
vt 0.949233 0.207399
vt 0.950246 0.207392
vt 0.950859 0.179454
vt 0.950729 0.170916
vt 0.949593 0.170924
vt 0.948657 0.179469
vt 0.202841 0.178692
vt 0.202861 0.173436
vt 0.231133 0.173241
vt 0.221417 0.164761
vt 0.221370 0.173309
vt 0.202893 0.164885
vt 0.221341 0.178562
vt 0.854224 0.045955
vt 0.852456 0.229960
vt 0.854224 0.229998
vt 0.973109 0.376528
vt 0.955402 0.569000
vt 0.974912 0.568866
vt 0.855426 0.029773
vt 0.855426 0.045981
vt 0.856652 0.029799
vt 0.855426 0.024550
vt 0.854224 0.029746
vt 0.970527 0.170779
vt 0.975412 0.963935
vt 0.235645 0.173210
vt 0.231199 0.164695
vt 0.235452 0.201162
vt 0.238957 0.201135
vt 0.239102 0.173186
vt 0.235704 0.164665
vt 0.949117 0.935585
vt 0.951105 0.763605
vt 0.855426 0.271840
vt 0.856652 0.266716
vt 0.855426 0.266689
vt 0.999878 0.613124
vt 0.997333 0.805431
vt 0.997787 0.805434
vt 0.490589 0.567963
vt 0.954258 0.569008
vt 0.953699 0.739219
vt 0.956310 0.568994
vt 0.952207 0.569022
vt 0.951169 0.376679
vt 0.949619 0.400688
vt 0.945822 0.207422
vt 0.949057 0.376694
vt 0.947527 0.207411
vt 0.071251 0.165765
vt 0.950146 0.935577
vt 0.953228 0.763591
vt 0.917975 0.565657
vt 0.920027 0.565643
vt 0.912522 0.369945
vt 0.283960 0.369135
vt 0.272240 0.564503
vt 0.286560 0.564731
vt 0.953281 0.376665
vt 0.953671 0.400660
vt 0.915923 0.565671
vt 0.794206 0.267645
vt 0.795974 0.253636
vt 0.794206 0.253594
vt 0.293566 0.370829
vt 0.290624 0.564796
vt 0.295472 0.564805
vt 0.297369 0.756619
vt 0.230385 0.929802
vt 0.215088 0.958720
vt 0.230185 0.958351
vt 0.230130 0.966305
vt 0.234966 0.966185
vt 0.235008 0.958233
vt 0.288364 0.369225
vt 0.999939 0.613125
vt 0.996879 0.805428
vt 0.042986 0.962922
vt 0.215018 0.966677
vt 0.492799 0.201286
vt 0.489229 0.373256
vt 0.491923 0.760428
vt 0.495721 0.760473
vt 0.912601 0.759205
vt 0.909026 0.929545
vt 0.913153 0.735059
vt 0.995286 0.223955
vt 0.991700 0.416254
vt 0.992154 0.416257
vt 0.916638 0.369917
vt 0.254002 0.929236
vt 0.249932 0.757358
vt 0.249229 0.929351
vt 0.999929 0.999999
vt 0.794206 0.074334
vt 0.795974 0.214226
vt 0.795974 0.074352
vt 0.950764 0.964105
vt 0.970457 0.971918
vt 0.004104 0.963874
vt 0.008743 0.971750
vt 0.008859 0.963757
vt 0.028394 0.963278
vt 0.024021 0.934715
vt 0.023639 0.963395
vt 0.028302 0.971268
vt 0.042907 0.970908
vt 0.028725 0.934602
vt 0.016883 0.174719
vt 0.019865 0.202789
vt 0.020272 0.174696
vt 0.037529 0.174574
vt 0.034254 0.166013
vt 0.034139 0.174598
vt 0.037203 0.202655
vt 0.037628 0.165990
vt 0.506871 0.201622
vt 0.855426 0.250842
vt 0.031496 0.372888
vt 0.033765 0.202682
vt 0.820056 0.035485
vt 0.825105 0.020833
vt 0.876541 0.267148
vt 0.881589 0.251411
vt 0.876541 0.251301
vt 0.798944 0.034995
vt 0.934064 0.196793
vt 0.917019 0.394429
vt 0.936387 0.369780
vt 0.020396 0.166107
vt 0.289139 0.758102
vt 0.291409 0.928295
vt 0.850688 0.266586
vt 0.852456 0.250778
vt 0.850688 0.250739
vt 0.795974 0.034926
vt 0.797742 0.034967
vt 0.278261 0.980073
vt 0.291898 0.964961
vt 0.794206 0.034885
vt 0.795974 0.020156
vt 0.794206 0.020115
vt 0.973072 0.763454
vt 0.228350 0.757798
vt 0.214440 0.928799
vt 0.914358 0.196929
vt 0.910727 0.929533
vt 0.914648 0.759191
vt 0.933678 0.168091
vt 0.876541 0.246151
vt 0.856652 0.250869
vt 0.255752 0.173069
vt 0.252330 0.164552
vt 0.252296 0.173093
vt 0.856652 0.245718
vt 0.876541 0.230483
vt 0.856652 0.230051
vt 0.253935 0.957769
vt 0.249113 0.957887
vt 0.953752 0.400659
vt 0.793004 0.234536
vt 0.794206 0.245137
vt 0.794206 0.234441
vt 0.239146 0.164642
vt 0.496601 0.929850
vt 0.509144 0.760631
vt 0.238079 0.370520
vt 0.506721 0.165132
vt 0.492649 0.172738
vt 0.506754 0.173083
vt 0.850688 0.024447
vt 0.852456 0.009360
vt 0.850688 0.009322
vt 0.825105 0.254312
vt 0.251502 0.370362
vt 0.252183 0.201032
vt 0.236060 0.757640
vt 0.235157 0.929687
vt 0.508367 0.568247
vt 0.509828 0.929953
vt 0.496746 0.957797
vt 0.509940 0.957891
vt 0.795974 0.267686
vt 0.854224 0.024524
vt 0.496791 0.966341
vt 0.509975 0.966431
vt 0.976850 0.763428
vt 0.975617 0.935402
vt 0.876541 0.025009
vt 0.881589 0.009994
vt 0.876541 0.009884
vt 0.917062 0.735032
vt 0.914451 0.929508
vt 0.793004 0.074321
vt 0.794206 0.214461
vt 0.970338 0.155659
vt 0.913853 0.966205
vt 0.933443 0.981281
vt 0.933647 0.966068
vt 0.933571 0.160095
vt 0.493096 0.929823
vt 0.271311 0.757892
vt 0.917255 0.735030
vt 0.281282 0.167586
vt 0.266501 0.167225
vt 0.881589 0.046550
vt 0.953631 0.739219
vt 0.856652 0.024576
vt 0.913993 0.957613
vt 0.820056 0.017170
vt 0.798944 0.267754
vt 0.249080 0.965837
vt 0.798944 0.234068
vt 0.797742 0.234163
vt 0.281663 0.196268
vt 0.912428 0.929522
vt 0.948529 0.964120
vt 0.949492 0.972063
vt 0.949634 0.964113
vt 0.950643 0.972055
vt 0.798944 0.250088
vt 0.800170 0.250116
vt 0.798944 0.245126
vt 0.797742 0.250060
vt 0.911808 0.957628
vt 0.912723 0.966212
vt 0.912888 0.957621
vt 0.913427 0.929515
vt 0.798944 0.271371
vt 0.855426 0.245692
vt 0.855426 0.230024
vt 0.854224 0.245666
vt 0.949321 0.155804
vt 0.948481 0.170931
vt 0.852456 0.024485
vt 0.795974 0.250019
vt 0.797742 0.245129
vt 0.795974 0.245133
vt 0.794206 0.249978
vt 0.852456 0.029708
vt 0.850688 0.029670
vt 0.023533 0.971385
vt 0.852456 0.271776
vt 0.795974 0.043261
vt 0.797742 0.038512
vt 0.795974 0.038471
vt 0.794206 0.038429
vt 0.794206 0.043223
vt 0.946792 0.964132
vt 0.948365 0.972071
vt 0.946621 0.972083
vt 0.268176 0.564438
vt 0.795974 0.234302
vt 0.999858 0.999999
vt 0.910080 0.957640
vt 0.911618 0.966220
vt 0.909882 0.966232
vt 0.795974 0.271302
vt 0.852456 0.245627
vt 0.850688 0.245589
vt 0.795974 0.016611
vt 0.852456 0.004138
vt 0.909935 0.168256
vt 0.909751 0.160260
vt 0.908201 0.168268
vt 0.946926 0.179481
vt 0.946743 0.170943
vt 0.945196 0.179493
vt 0.797742 0.054411
vt 0.795974 0.054382
vt 0.797742 0.043299
vt 0.794206 0.054352
vt 0.946417 0.155824
vt 0.945005 0.170955
vt 0.798944 0.043325
vt 0.800170 0.038568
vt 0.798944 0.038540
vt 0.009273 0.935068
vt 0.940068 0.369754
vt 0.944808 0.207429
vt 0.944107 0.179501
vt 0.911493 0.160248
vt 0.017268 0.150921
vt 0.017022 0.166130
vt 0.511558 0.165251
vt 0.907874 0.196974
vt 0.285944 0.159713
vt 0.281175 0.159596
vt 0.854224 0.004176
vt 0.975287 0.155625
vt 0.797742 0.016652
vt 0.975457 0.179284
vt 0.975396 0.170746
vt 0.938520 0.168058
vt 0.938458 0.160061
vt 0.849486 0.250713
vt 0.849486 0.245563
vt 0.820056 0.271862
vt 0.907041 0.966252
vt 0.938385 0.981247
vt 0.938502 0.966034
vt 0.938784 0.929339
vt 0.798944 0.074383
vt 0.793004 0.253567
vt 0.230397 0.202512
vt 0.991912 0.806507
vt 0.995833 1.000000
vt 0.995838 1.000000
vt 0.856652 0.271867
vt 0.938740 0.196760
vt 0.255300 0.370317
vt 0.255688 0.201005
vt 0.975657 0.207217
vt 0.976871 0.376502
vt 0.908026 0.929552
vt 1.000000 1.000000
vt 0.034456 0.150811
vt 0.037805 0.150789
vt 0.016427 0.202816
vt 0.825105 0.017288
vt 0.881589 0.246261
vt 0.881589 0.230593
vt 0.793004 0.034857
vt 0.011771 0.762154
vt 0.255772 0.164529
vt 0.825105 0.250695
vt 0.820056 0.250578
vt 0.881589 0.004771
vt 0.876541 0.004661
vt 0.881589 0.030341
vt 0.881589 0.025119
vt 0.231316 0.149563
vt 0.235809 0.149534
vt 0.793004 0.245140
vt 0.849486 0.024421
vt 0.492607 0.164785
vt 0.030722 0.761768
vt 0.044123 0.932835
vt 0.977901 0.568845
vt 0.856652 0.009452
vt 0.849486 0.266560
vt 0.793004 0.214620
vt 0.950499 0.155796
vt 0.913760 0.160232
vt 0.800170 0.016708
vt 0.793004 0.267617
vt 0.849486 0.045852
vt 0.849486 0.029643
vt 0.913604 0.981419
vt 0.912431 0.981427
vt 0.849486 0.271711
vt 0.850688 0.271737
vt 0.793004 0.271233
vt 0.794206 0.271261
vt 0.793004 0.043197
vt 0.793004 0.038402
vt 0.948169 0.155812
vt 0.854224 0.271814
vt 0.234281 0.370565
vt 0.797742 0.271343
vt 0.231589 0.757732
vt 0.794206 0.016570
vt 0.850688 0.004099
vt 0.911283 0.981435
vt 0.909532 0.981447
vt 0.908010 0.160272
vt 0.944666 0.155836
vt 0.999887 0.221661
vt 0.999894 0.221662
vt 0.996528 0.417341
vt 0.849486 0.229895
vt 0.913302 0.132181
vt 0.253851 0.993605
vt 0.248966 0.993729
vt 0.912076 0.132189
vt 0.970107 0.999807
vt 0.984506 0.968932
vt 0.987153 0.810573
vt 0.984479 0.810560
vt 0.979044 0.999746
vt 0.975355 0.971885
vt 0.975155 0.999772
vt 0.941200 0.565496
vt 0.257642 0.562641
vt 0.254857 0.562686
vt 0.944141 0.207434
vt 0.943893 0.170963
vt 0.943339 0.179506
vt 0.946021 0.999973
vt 0.947790 0.999961
vt 0.825105 0.271979
vt 0.820056 0.273775
vt 0.825105 0.273892
vt 0.828993 0.272069
vt 0.828993 0.268452
vt 0.825105 0.268362
vt 0.515284 0.760704
vt 0.513333 0.929980
vt 0.515284 0.929995
vt 0.525734 0.952951
vt 0.524433 0.796610
vt 0.524447 0.954169
vt 0.981746 0.809255
vt 0.984444 0.968743
vt 0.984420 0.809268
vt 0.026318 0.761858
vt 0.745244 0.271797
vt 0.748767 0.136688
vt 0.745244 0.136684
vt 0.906632 0.981467
vt 0.905216 1.000000
vt 0.906134 0.999994
vt 0.907336 0.999985
vt 0.907781 0.981459
vt 0.906251 0.966257
vt 0.905784 0.981473
vt 0.821338 0.645275
vt 0.841310 0.813741
vt 0.838896 0.637496
vt 0.904577 0.999977
vt 0.901056 0.995235
vt 0.901054 0.999994
vt 0.513452 0.981576
vt 0.510110 0.999969
vt 0.513494 0.999989
vt 0.515284 1.000000
vt 0.515284 0.981588
vt 0.515284 0.966467
vt 0.513417 0.966455
vt 0.510036 0.981554
vt 0.016048 0.132410
vt 0.015706 0.150931
vt 0.020617 0.150899
vt 0.017569 0.132401
vt 0.848567 0.024401
vt 0.849486 0.009296
vt 0.848567 0.009276
vt 0.943513 0.155844
vt 0.943094 0.170968
vt 0.944253 0.137427
vt 0.943051 0.137435
vt 0.942133 0.137442
vt 0.942661 0.155850
vt 0.665702 0.993003
vt 0.792085 1.000000
vt 0.792085 0.995241
vt 0.265981 0.131190
vt 0.261617 0.159114
vt 0.266386 0.159232
vt 0.493454 0.981448
vt 0.491792 0.999860
vt 0.493581 0.999871
vt 0.496869 0.981470
vt 0.493349 0.966317
vt 0.491622 0.981436
vt 0.511576 0.173201
vt 0.511643 0.201736
vt 0.515284 0.173292
vt 0.515284 0.165343
vt 0.906323 0.168281
vt 0.907103 0.168275
vt 0.906888 0.160280
vt 0.906077 0.160285
vt 0.286036 0.167703
vt 0.286368 0.196380
vt 0.291605 0.170958
vt 0.820056 0.039030
vt 0.261746 0.167109
vt 0.258840 0.195723
vt 0.262211 0.195803
vt 0.258309 0.167025
vt 0.790521 0.452627
vt 0.774553 0.316310
vt 0.779965 0.453861
vt 0.482114 0.175603
vt 0.488026 0.201172
vt 0.487827 0.172621
vt 0.487771 0.164666
vt 0.515284 0.201823
vt 0.512045 0.373720
vt 0.515284 0.373786
vt 0.291884 0.199401
vt 0.214774 0.994590
vt 0.298224 0.162900
vt 0.472416 0.136380
vt 0.300275 0.132052
vt 0.856652 0.004229
vt 0.855426 0.000149
vt 0.854224 0.000123
vt 0.979044 0.170720
vt 0.979044 0.155599
vt 0.979044 0.137187
vt 0.975155 0.137214
vt 0.798944 0.015055
vt 0.797742 0.015027
vt 0.979044 0.207193
vt 0.979044 0.179260
vt 0.942132 0.168033
vt 0.942132 0.160036
vt 0.492461 0.136883
vt 0.848567 0.250693
vt 0.848567 0.245543
vt 0.515284 0.137457
vt 0.234820 0.994085
vt 0.229935 0.994208
vt 0.800400 0.244658
vt 0.820056 0.248665
vt 0.943160 0.964157
vt 0.943751 0.972102
vt 0.944666 0.935615
vt 0.943979 0.935620
vt 0.906515 0.957665
vt 0.907378 0.929557
vt 0.705531 0.081236
vt 0.725388 0.077193
vt 0.724463 0.065353
vt 0.989804 0.630541
vt 0.987153 0.447775
vt 0.987130 0.630528
vt 0.000000 1.000000
vt 0.003975 0.971868
vt 0.000519 0.971953
vt 0.933194 0.999806
vt 0.765187 0.935779
vt 0.682478 0.955313
vt 0.774613 0.957227
vt 0.938243 0.999771
vt 0.942133 0.999744
vt 0.942133 0.981221
vt 0.479194 0.918152
vt 0.467484 0.932628
vt 0.479444 0.945194
vt 0.467530 0.937537
vt 0.479491 0.950274
vt 0.488885 0.954621
vt 0.488645 0.926897
vt 0.301691 0.208301
vt 0.313396 0.193328
vt 0.301435 0.180557
vt 0.311949 0.176767
vt 0.485540 0.567951
vt 0.477682 0.754266
vt 0.487193 0.758874
vt 0.516587 0.800555
vt 0.265660 0.564397
vt 0.999881 0.221661
vt 0.997088 0.417345
vt 0.997647 0.417349
vt 0.942133 0.565489
vt 0.940091 0.759014
vt 0.942133 0.759000
vt 0.789348 0.621326
vt 0.779966 0.803318
vt 0.790521 0.804682
vt 0.979100 0.995029
vt 0.981775 0.999987
vt 0.981774 0.995043
vt 0.984449 1.000000
vt 0.984448 0.995056
vt 0.981770 0.968729
vt 0.979096 0.968716
vt 0.900382 0.276280
vt 0.899868 0.281350
vt 0.900382 0.281348
vt 0.896662 0.305948
vt 0.898779 0.306669
vt 0.901179 0.281344
vt 0.901179 0.276277
vt 0.524450 0.980310
vt 0.516602 0.961594
vt 0.516604 0.988312
vt 0.799862 0.074393
vt 0.799862 0.213710
vt 0.848025 0.459103
vt 0.844127 0.304525
vt 0.841310 0.460602
vt 0.544398 0.248985
vt 0.524749 0.228373
vt 0.524215 0.248180
vt 0.515300 0.801202
vt 0.515315 0.962811
vt 0.525758 0.992532
vt 0.532610 0.984411
vt 0.661220 0.257818
vt 0.662509 0.282798
vt 0.662507 0.256483
vt 0.653420 0.252617
vt 0.652292 0.253969
vt 0.661252 0.623428
vt 0.653391 0.446956
vt 0.653405 0.623404
vt 0.995408 0.223956
vt 0.991246 0.416250
vt 0.515317 0.989625
vt 0.524634 0.993864
vt 0.897912 0.814952
vt 0.898665 0.969186
vt 0.900664 0.969725
vt 0.739901 0.136428
vt 0.739105 0.271556
vt 0.739901 0.271596
vt 0.987184 0.259355
vt 0.989859 0.254151
vt 0.987185 0.254138
vt 0.984510 0.259342
vt 0.987180 0.286168
vt 0.989853 0.286181
vt 0.989858 0.259368
vt 0.515286 0.618448
vt 0.516573 0.618452
vt 0.900259 0.995239
vt 0.896547 0.968465
vt 0.899745 0.995241
vt 0.900257 0.999998
vt 0.743420 0.271776
vt 0.743933 0.136633
vt 0.743420 0.136607
vt 0.981746 0.445208
vt 0.979051 0.628102
vt 0.981725 0.628116
vt 0.028919 0.566271
vt 0.032982 0.566206
vt 0.308517 0.944002
vt 0.320291 0.936535
vt 0.320245 0.931591
vt 0.308264 0.916806
vt 0.299041 0.925449
vt 0.299317 0.953306
vt 0.308565 0.949111
vt 0.842133 0.305084
vt 0.830936 0.465049
vt 0.687707 0.450789
vt 0.673481 0.616428
vt 0.686556 0.616746
vt 0.553337 0.210582
vt 0.571810 0.229713
vt 0.573537 0.210582
vt 0.856652 0.000176
vt 0.876541 0.000608
vt 0.512498 0.568313
vt 0.512942 0.760676
vt 0.652121 0.957440
vt 0.653407 0.801449
vt 0.652121 0.800758
vt 0.948982 0.763620
vt 0.942133 0.966009
vt 0.942133 0.957418
vt 0.525704 0.443908
vt 0.524419 0.618477
vt 0.525706 0.618481
vt 0.905155 0.816380
vt 0.904588 0.969890
vt 0.905102 0.969887
vt 0.274526 0.956254
vt 0.273068 0.964832
vt 0.274666 0.964843
vt 0.272909 0.956243
vt 0.793004 0.249950
vt 0.792085 0.253545
vt 0.792085 0.249928
vt 0.295173 0.956400
vt 0.295272 0.964984
vt 0.299814 0.963170
vt 0.294846 0.928321
vt 0.876541 0.272299
vt 0.475130 0.167238
vt 0.461534 0.180427
vt 0.524418 0.289112
vt 0.525704 0.265061
vt 0.524418 0.263682
vt 0.532578 0.260241
vt 0.257642 0.130980
vt 0.258161 0.159029
vt 0.665908 0.079777
vt 0.684184 0.098624
vt 0.685402 0.078906
vt 0.704895 0.098315
vt 0.704895 0.078035
vt 0.687021 0.065434
vt 0.669147 0.067030
vt 0.644320 0.986956
vt 0.645448 0.988367
vt 0.792085 0.276237
vt 0.665701 0.276860
vt 0.792085 0.281304
vt 0.665504 0.965999
vt 0.487576 0.136761
vt 0.008338 0.999790
vt 0.003521 0.999911
vt 0.735920 0.271670
vt 0.733249 0.114367
vt 0.733249 0.271802
vt 0.653408 0.958740
vt 0.652121 0.983436
vt 0.653408 0.984837
vt 0.739105 0.136387
vt 0.738591 0.271529
vt 0.848025 0.812242
vt 0.848005 0.634887
vt 0.744447 0.271796
vt 0.743933 0.136683
vt 0.743933 0.271796
vt 0.483853 0.374726
vt 0.472648 0.212415
vt 0.474203 0.379268
vt 0.992471 0.806511
vt 0.525720 0.795963
vt 0.691488 0.933987
vt 0.674653 0.799546
vt 0.460660 0.196934
vt 0.472390 0.184732
vt 0.482361 0.203939
vt 0.916695 0.759176
vt 0.856652 0.275631
vt 0.876541 0.276063
vt 0.570083 0.248844
vt 0.552273 0.229679
vt 0.551208 0.248777
vt 0.475961 0.568006
vt 0.462416 0.385347
vt 0.464118 0.568093
vt 0.848052 0.994918
vt 0.844127 0.969125
vt 0.844530 0.994936
vt 0.664121 0.447826
vt 0.682409 0.312953
vt 0.665503 0.301392
vt 0.979044 0.971859
vt 0.979044 0.963910
vt 0.653375 0.265958
vt 0.910874 0.132198
vt 0.014598 0.566499
vt 0.013668 0.373098
vt 0.010535 0.566564
vt 0.004398 0.762305
vt 0.004568 0.935181
vt 0.007367 0.762244
vt 0.984444 0.283614
vt 0.984420 0.445221
vt 0.766694 0.802053
vt 0.854224 0.275578
vt 0.855426 0.275604
vt 0.820056 0.040655
vt 0.844531 0.999993
vt 0.848053 0.999976
vt 0.848567 0.999973
vt 0.848566 0.994916
vt 0.848562 0.968920
vt 0.848048 0.968922
vt 0.652326 0.996967
vt 0.661254 0.993381
vt 0.322449 0.189638
vt 0.525736 0.978998
vt 0.525724 0.251764
vt 0.516571 0.255274
vt 0.645415 0.262208
vt 0.652088 0.267293
vt 0.653377 0.291593
vt 0.995825 0.610831
vt 0.661254 0.805661
vt 0.661254 0.966668
vt 0.516571 0.281307
vt 0.653454 0.998377
vt 0.662541 0.994783
vt 0.662541 0.967968
vt 0.524600 0.250374
vt 0.515284 0.253895
vt 0.515284 0.280027
vt 0.237080 0.562970
vt 0.662541 0.806351
vt 0.652090 0.292832
vt 0.035227 0.372844
vt 0.071636 0.132081
vt 0.202949 0.149742
vt 0.203018 0.131305
vt 0.981770 0.283601
vt 0.979072 0.445194
vt 0.904702 0.281328
vt 0.905216 0.307370
vt 0.905216 0.281325
vt 0.905216 0.276258
vt 0.904702 0.276260
vt 0.904694 0.641821
vt 0.895560 0.639305
vt 0.848052 0.278783
vt 0.848562 0.304320
vt 0.848566 0.278781
vt 0.848567 0.273982
vt 0.848053 0.273985
vt 0.904641 0.816383
vt 0.460910 0.223746
vt 0.515284 0.438401
vt 0.904579 0.995218
vt 0.905091 0.999975
vt 0.905093 0.995216
vt 0.800170 0.015083
vt 0.820056 0.015545
vt 0.071424 0.150576
vt 0.843734 0.274006
vt 0.843219 0.278807
vt 0.843733 0.278805
vt 0.840023 0.305827
vt 0.844530 0.278801
vt 0.900778 0.307208
vt 0.897973 0.462920
vt 0.904702 0.307373
vt 0.791890 0.968446
vt 0.843733 0.994939
vt 0.840023 0.970427
vt 0.843219 0.994942
vt 0.843734 0.999997
vt 0.842133 0.969684
vt 0.987184 0.995077
vt 0.989853 0.968959
vt 0.987180 0.968945
vt 0.984510 0.995064
vt 0.984511 0.999973
vt 0.987185 0.999987
vt 0.989858 0.995090
vt 0.981774 0.256788
vt 0.979096 0.283587
vt 0.984448 0.256801
vt 0.981775 0.251571
vt 0.979101 0.251557
vt 0.979100 0.256774
vt 0.778803 0.621298
vt 0.766679 0.454521
vt 0.765531 0.620973
vt 0.691326 0.332604
vt 0.674650 0.449372
vt 0.664121 0.800969
vt 0.232949 0.563036
vt 0.231940 0.370593
vt 0.230164 0.563081
vt 0.515284 0.568358
vt 0.905216 0.464348
vt 0.467243 0.906497
vt 0.465782 0.748131
vt 0.315135 0.381750
vt 0.304983 0.564748
vt 0.316826 0.564660
vt 0.652118 0.623400
vt 0.042202 0.203938
vt 0.037298 0.372819
vt 0.221604 0.131195
vt 0.221501 0.149625
vt 0.848519 0.634884
vt 0.848539 0.812240
vt 0.948996 0.376694
vt 0.765034 0.335431
vt 0.979044 0.568837
vt 0.979044 0.763413
vt 0.999894 0.610831
vt 0.661223 0.284037
vt 0.942133 0.929316
vt 0.687725 0.798716
vt 0.887496 0.810613
vt 0.848539 0.459101
vt 0.874157 0.804825
vt 0.877930 0.631709
vt 0.854972 0.621578
vt 0.257642 0.757200
vt 0.989826 0.810586
vt 0.798477 0.655645
vt 0.830936 0.818188
vt 0.995337 0.610830
vt 0.887557 0.458581
vt 0.313644 0.220142
vt 0.303234 0.375518
vt 0.984456 0.630515
vt 0.014746 0.202829
vt 0.979072 0.809241
vt 0.516571 0.439081
vt 0.942133 0.196737
vt 0.942133 0.369740
vt 0.011597 0.373123
vt 0.033691 0.761707
vt 0.984506 0.286155
vt 0.984479 0.447762
vt 0.907204 0.196979
vt 0.912515 0.369945
vt 0.661237 0.442941
vt 0.662539 0.623432
vt 0.662524 0.442283
vt 0.933194 0.132043
vt 0.262040 0.368689
vt 0.257641 0.370289
vt 0.257639 0.200990
vt 0.817652 0.470975
vt 0.885478 0.267343
vt 0.881589 0.267258
vt 0.730554 0.088628
vt 0.729961 0.076152
vt 0.733228 0.088625
vt 0.733239 0.076209
vt 0.733250 0.063794
vt 0.729367 0.063676
vt 0.791890 0.305887
vt 0.683718 0.263015
vt 0.704895 0.257544
vt 0.683720 0.253031
vt 0.704895 0.237602
vt 0.683726 0.236323
vt 0.662546 0.248517
vt 0.662541 0.254229
vt 0.520321 0.209825
vt 0.519745 0.228902
vt 0.515836 0.229327
vt 0.515284 0.247824
vt 0.519170 0.247979
vt 0.730304 0.258868
vt 0.732656 0.271802
vt 0.732953 0.258906
vt 0.733249 0.246010
vt 0.730576 0.246012
vt 0.726161 0.258532
vt 0.730033 0.271723
vt 0.548287 0.210582
vt 0.547750 0.229395
vt 0.544398 0.210582
vt 0.544489 0.229006
vt 0.547213 0.248208
vt 0.706054 0.255756
vt 0.726049 0.271354
vt 0.052731 0.150694
vt 0.052929 0.132192
vt 0.042507 0.132254
vt 0.042318 0.150761
vt 0.942133 0.131981
vt 0.034703 0.132300
vt 0.038020 0.132280
vt 0.001198 0.935262
vt 0.000667 0.963958
vt 0.881589 0.272409
vt 0.881589 0.276173
vt 0.885478 0.272493
vt 0.295449 0.980184
vt 0.292347 0.998672
vt 0.295664 0.998691
vt 0.297184 0.998700
vt 0.297011 0.980194
vt 0.292100 0.980162
vt 0.274912 0.980051
vt 0.273692 0.998560
vt 0.275212 0.998569
vt 0.273350 0.980041
vt 0.825105 0.040772
vt 0.825105 0.039147
vt 0.828993 0.039238
vt 0.825105 0.035602
vt 0.015425 0.166141
vt 0.015266 0.174731
vt 0.828993 0.020923
vt 0.828993 0.017378
vt 0.825105 0.015663
vt 0.885478 0.251496
vt 0.885478 0.246345
vt 0.792085 0.054317
vt 0.793004 0.054332
vt 0.792085 0.074311
vt 0.909105 0.132210
vt 0.907337 0.132222
vt 0.285620 0.131684
vt 0.979044 0.935378
vt 0.306727 0.751986
vt 0.320000 0.905278
vt 0.318513 0.745801
vt 0.652104 0.447615
vt 0.035498 0.566165
vt 0.948911 0.763620
vt 0.979044 0.376487
vt 0.848048 0.304322
vt 0.828993 0.035693
vt 0.253917 0.965718
vt 0.257642 0.993510
vt 0.257642 0.965626
vt 0.874217 0.452793
vt 0.848567 0.266540
vt 0.278529 0.998589
vt 0.793004 0.020087
vt 0.792085 0.034835
vt 0.792085 0.020065
vt 0.017399 0.373054
vt 0.662936 0.616400
vt 0.292869 0.758146
vt 0.496965 0.999891
vt 0.905208 0.641819
vt 0.904702 0.464351
vt 0.008019 0.566605
vt 0.250726 0.562752
vt 0.254403 0.757267
vt 0.513397 0.957915
vt 0.515284 0.957928
vt 0.257639 0.173055
vt 0.511493 0.137362
vt 0.828993 0.250785
vt 0.825105 0.248782
vt 0.885478 0.010078
vt 0.885478 0.004855
vt 0.881589 0.000718
vt 0.493290 0.957773
vt 0.488504 0.964433
vt 0.885478 0.046634
vt 0.885478 0.030426
vt 0.257642 0.957678
vt 0.231458 0.131137
vt 0.239225 0.149512
vt 0.235936 0.131110
vt 0.255807 0.149406
vt 0.252465 0.131012
vt 0.252391 0.149428
vt 0.257639 0.164516
vt 0.257638 0.149394
vt 0.257638 0.130982
vt 0.255849 0.130992
vt 0.023161 0.999417
vt 0.525704 0.290392
vt 0.524417 0.443228
vt 0.792085 0.214742
vt 0.792085 0.234608
vt 0.792085 0.245142
vt 0.885478 0.025203
vt 0.950218 0.999944
vt 0.948992 0.999953
vt 0.792085 0.267595
vt 0.705223 0.236567
vt 0.728569 0.236056
vt 0.995266 0.610830
vt 0.800170 0.273313
vt 0.938243 0.132008
vt 0.705455 0.100424
vt 0.272390 0.928147
vt 0.662556 0.235043
vt 0.970107 0.137249
vt 0.984399 0.628129
vt 0.027978 0.999295
vt 0.999889 0.610831
vt 0.905216 0.132237
vt 0.525283 0.208565
vt 0.544398 0.226369
vt 0.544398 0.203753
vt 0.799862 0.233996
vt 0.506608 0.137239
vt 0.798944 0.054431
vt 0.799862 0.054447
vt 0.800400 0.043763
vt 0.991352 0.806503
vt 0.912607 0.759205
vt 0.257642 0.929149
vt 0.848567 0.045832
vt 0.848567 0.029624
vt 0.797742 0.273256
vt 0.798944 0.273284
vt 0.705508 0.086948
vt 0.728550 0.098344
vt 0.912076 0.999953
vt 0.913302 0.999944
vt 0.280803 0.131563
vt 0.848567 0.271691
vt 0.849486 0.275475
vt 0.793004 0.016542
vt 0.793004 0.014917
vt 0.792085 0.016521
vt 0.849486 0.004073
vt 0.849486 0.000020
vt 0.848567 0.004053
vt 0.995838 0.610831
vt 0.749281 0.271802
vt 0.749281 0.136689
vt 0.792085 0.271212
vt 0.793004 0.273146
vt 0.792085 0.043177
vt 0.792085 0.038380
vt 0.950218 0.137386
vt 0.948991 0.137395
vt 0.269239 0.757867
vt 0.239320 0.131090
vt 0.828993 0.254402
vt 0.020885 0.132381
vt 0.852456 0.275540
vt 0.850688 0.275501
vt 0.885478 0.230678
vt 0.848567 0.229875
vt 0.795974 0.273215
vt 0.794206 0.273174
vt 0.795974 0.014986
vt 0.794206 0.014945
vt 0.852456 0.000085
vt 0.850687 0.000046
vt 0.042632 0.998926
vt 0.910874 0.999961
vt 0.909105 0.999973
vt 0.942133 1.000000
vt 0.943051 0.999994
vt 0.944253 0.999985
vt 0.533702 0.261631
vt 0.947790 0.137403
vt 0.946021 0.137415
vt 0.844531 0.274002
vt 0.817652 0.824115
vt 0.738591 0.271539
vt 0.735920 0.114235
vt 0.989826 0.447789
vt 0.828993 0.273982
vt 0.748767 0.271801
vt 0.665702 0.997801
vt 0.261163 0.131069
vt 0.942932 0.972108
vt 0.979101 0.999973
vt 0.899868 0.276283
vt 0.995347 0.223956
vt 0.984511 0.254125
vt 0.899743 1.000000
vt 0.743933 0.271802
vt 0.663472 0.098932
vt 0.704895 0.063837
vt 0.533734 0.983079
vt 0.665701 0.271802
vt 0.738591 0.136361
vt 0.744447 0.136683
vt 0.451305 0.192793
vt 0.644287 0.263559
vt 0.995832 0.610831
vt 0.843220 0.274009
vt 0.843220 1.000000
vt 0.989859 1.000000
vt 0.984449 0.251584
vt 0.995408 0.610831
vt 1.000000 0.613125
vt 0.704895 0.271802
vt 0.516387 0.210830
vt 0.544580 0.247431
vt 0.707212 0.268547
vt 0.885478 0.276258
vt 0.828993 0.040863
vt 0.828993 0.015753
vt 0.828993 0.248873
vt 0.885478 0.000802
vt 0.999883 0.610831
vt 0.906135 0.132230
vt 0.995827 1.000000
vt 0.848567 0.275455
vt 0.792085 0.014896
vt 0.848567 0.000000
vt 0.792085 0.273125
vt 0.738591 0.114104
vn 0.9157 -0.2109 0.3420
vn 0.8880 0.0637 0.4554
vn 0.9160 -0.2029 0.3460
vn 0.0527 0.8972 0.4386
vn 0.0530 0.8972 0.4384
vn -0.3924 -0.3617 0.8457
vn 0.0529 0.8972 0.4384
vn 0.0532 0.8971 0.4385
vn 0.0531 0.8972 0.4384
vn 0.0528 0.8973 0.4382
vn 0.0602 0.9045 0.4222
vn 0.0527 0.8973 0.4383
vn -0.0607 -0.9047 -0.4217
vn -0.0609 -0.9046 -0.4219
vn 0.3913 0.3453 -0.8530
vn 0.3911 0.3455 -0.8531
vn 0.9198 -0.2151 0.3282
vn 0.9193 -0.2235 0.3239
vn 0.9191 -0.2237 0.3243
vn 0.3911 0.3454 -0.8531
vn 0.3241 -0.0766 -0.9429
vn 0.3913 0.3454 -0.8530
vn 0.3909 0.3452 -0.8533
vn -0.2756 0.2562 0.9265
vn 0.0513 0.8975 0.4380
vn 0.0529 0.8973 0.4383
vn 0.0532 0.8973 0.4383
vn -0.3530 -0.8300 0.4317
vn 0.3912 0.3454 -0.8530
vn -0.3927 -0.3617 0.8456
vn -0.5067 -0.6907 -0.5160
vn -0.0528 -0.8969 -0.4390
vn -0.0612 -0.9047 -0.4216
vn -0.2279 0.9247 0.3048
vn 0.0532 0.8972 0.4384
vn 0.9161 -0.2017 0.3466
vn 0.9163 -0.2015 0.3462
vn 0.9142 -0.2349 0.3304
vn 0.9159 -0.1246 0.3816
vn 0.9147 -0.2279 0.3338
vn -0.9035 0.2127 -0.3722
vn -0.9039 0.2122 -0.3713
vn -0.9035 0.2123 -0.3724
vn -0.9035 0.2126 -0.3722
vn -0.9033 0.2128 -0.3725
vn -0.9032 0.2124 -0.3730
vn -0.9032 0.2129 -0.3728
vn -0.9031 0.2130 -0.3728
vn -0.9033 0.2130 -0.3724
vn -0.9034 0.2127 -0.3723
vn 0.0528 0.8974 0.4381
vn 0.1208 0.8784 0.4625
vn -0.0605 -0.9047 -0.4216
vn 0.2935 -0.4012 0.8677
vn -0.3922 -0.3618 0.8458
vn -0.0610 -0.9047 -0.4218
vn -0.0606 -0.9047 -0.4216
vn -0.0610 -0.9046 -0.4218
vn -0.0604 -0.9047 -0.4217
vn -0.0607 -0.9048 -0.4216
vn -0.0606 -0.9046 -0.4220
vn -0.9039 0.2122 -0.3714
vn -0.9073 0.2098 -0.3645
vn -0.9073 0.2092 -0.3649
vn -0.9081 0.2088 -0.3630
vn -0.9079 0.2086 -0.3636
vn -0.9079 0.2089 -0.3635
vn -0.9078 0.2089 -0.3636
vn -0.9074 0.2088 -0.3648
vn -0.9074 0.2094 -0.3645
vn -0.9074 0.2093 -0.3645
vn -0.9079 0.2090 -0.3635
vn -0.9080 0.2090 -0.3631
vn 0.3914 0.3454 -0.8530
vn 0.3916 0.3454 -0.8529
vn 0.3909 0.3453 -0.8532
vn 0.3912 0.3453 -0.8531
vn -0.0607 -0.9047 -0.4218
vn 0.0897 -0.9271 -0.3639
vn -0.9081 0.2083 -0.3633
vn -0.9082 0.2087 -0.3627
vn -0.9082 0.2101 -0.3619
vn -0.9084 0.2089 -0.3623
vn -0.9084 0.2105 -0.3613
vn -0.9084 0.2088 -0.3622
vn -0.9083 0.2082 -0.3629
vn -0.9082 0.2089 -0.3626
vn -0.0611 -0.9047 -0.4217
vn -0.0606 -0.9047 -0.4217
vn 0.3791 0.7284 -0.5708
vn 0.3911 0.3453 -0.8531
vn 0.3911 0.3455 -0.8530
vn -0.0608 -0.9051 -0.4209
vn -0.0605 -0.9051 -0.4209
vn 0.9192 -0.2239 0.3241
vn 0.9197 -0.2152 0.3284
vn -0.0603 -0.9048 -0.4215
vn -0.0608 -0.9047 -0.4217
vn -0.6604 -0.5163 -0.5453
vn -0.0608 -0.9048 -0.4215
vn -0.9039 0.2118 -0.3715
vn -0.9074 0.2089 -0.3647
vn -0.0601 -0.9048 -0.4215
vn -0.0597 -0.9049 -0.4215
vn 0.0532 0.8971 0.4387
vn 0.0528 0.8974 0.4380
vn -0.6095 0.7874 0.0923
vn 0.0528 0.8973 0.4383
vn -0.0608 -0.9046 -0.4220
vn -0.0602 -0.9047 -0.4219
vn 0.9149 -0.2275 0.3334
vn 0.9152 -0.2192 0.3381
vn 0.9154 -0.2188 0.3378
vn -0.0605 -0.9046 -0.4220
vn -0.0607 -0.9045 -0.4221
vn -0.0610 -0.9045 -0.4221
vn 0.0517 0.8975 0.4379
vn -0.3926 -0.3617 0.8456
vn 0.9155 -0.2223 0.3354
vn 0.9156 -0.2188 0.3374
vn 0.9157 -0.2188 0.3371
vn 0.9156 -0.2189 0.3373
vn 0.9158 -0.2154 0.3389
vn -0.9299 0.2208 -0.2942
vn -0.9298 0.2212 -0.2943
vn -0.9298 0.2213 -0.2940
vn -0.9297 0.2212 -0.2946
vn -0.9280 0.2234 -0.2982
vn -0.9299 0.2213 -0.2940
vn -0.9299 0.2213 -0.2937
vn -0.9281 0.2233 -0.2979
vn -0.9298 0.2214 -0.2939
vn 0.9152 -0.2255 0.3339
vn 0.9155 -0.2187 0.3377
vn 0.9157 -0.2187 0.3373
vn -0.0643 -0.9043 -0.4220
vn -0.0647 -0.9043 -0.4219
vn -0.0647 -0.9043 -0.4220
vn -0.9270 0.2241 -0.3007
vn -0.9278 0.2236 -0.2986
vn -0.9296 0.2215 -0.2946
vn 0.9186 -0.2309 0.3208
vn 0.9191 -0.2222 0.3253
vn 0.9191 -0.2240 0.3242
vn 0.9198 -0.2152 0.3282
vn 0.9201 -0.2089 0.3314
vn 0.9203 -0.2070 0.3321
vn -0.6064 0.7935 0.0517
vn 0.0532 0.8972 0.4383
vn -0.0583 -0.9051 -0.4212
vn -0.8088 -0.3035 -0.5037
vn -0.0581 -0.9052 -0.4210
vn 0.0526 0.8973 0.4383
vn 0.0524 0.8975 0.4379
vn -0.9322 0.1917 -0.3072
vn -0.9293 0.2157 -0.2998
vn -0.9302 0.2202 -0.2937
vn -0.0650 -0.9037 -0.4232
vn -0.0640 -0.9039 -0.4230
vn -0.0650 -0.9037 -0.4233
vn -0.3922 -0.3617 0.8458
vn -0.0524 -0.8968 -0.4393
vn -0.9230 0.2582 -0.2852
vn -0.9247 0.2266 -0.3059
vn -0.9266 0.2247 -0.3015
vn -0.9268 0.2245 -0.3012
vn -0.9268 0.2237 -0.3017
vn -0.9268 0.2245 -0.3011
vn -0.9249 0.2265 -0.3053
vn -0.9268 0.2244 -0.3011
vn -0.9252 0.2262 -0.3047
vn -0.9271 0.2240 -0.3006
vn -0.9269 0.2234 -0.3016
vn -0.9268 0.2247 -0.3010
vn -0.8970 0.2831 -0.3394
vn -0.9025 0.2154 -0.3729
vn -0.9025 0.2137 -0.3739
vn -0.9029 0.2134 -0.3731
vn -0.9028 0.2129 -0.3736
vn -0.9030 0.2133 -0.3729
vn -0.9030 0.2143 -0.3724
vn -0.9029 0.2145 -0.3724
vn -0.9030 0.2130 -0.3731
vn -0.9030 0.2130 -0.3730
vn 0.9188 -0.2306 0.3205
vn 0.9192 -0.2237 0.3239
vn 0.9194 -0.2235 0.3237
vn 0.3908 0.3453 -0.8533
vn 0.3907 0.3453 -0.8533
vn -0.9026 0.2153 -0.3728
vn -0.9041 0.2228 -0.3647
vn -0.9029 0.2150 -0.3724
vn -0.3925 -0.3617 0.8456
vn 0.0830 -0.4118 0.9075
vn 0.3912 0.3454 -0.8531
vn 0.7465 0.2110 -0.6311
vn -0.3921 -0.3618 0.8458
vn -0.9026 0.2132 -0.3739
vn -0.9030 0.2128 -0.3733
vn 0.9159 -0.2107 0.3416
vn 0.9161 -0.2029 0.3457
vn 0.9163 -0.2028 0.3453
vn 0.9006 -0.2138 0.3784
vn 0.9164 -0.2008 0.3461
vn 0.9161 -0.2012 0.3468
vn -0.9026 0.2137 -0.3736
vn -0.9028 0.2150 -0.3725
vn -0.3923 -0.3617 0.8457
vn -0.9298 0.2210 -0.2943
vn -0.9290 0.2163 -0.3002
vn 0.0535 0.8973 0.4382
vn 0.0534 0.8974 0.4379
vn 0.0533 0.8973 0.4382
vn 0.0531 0.8972 0.4385
vn -0.9098 0.1472 -0.3882
vn -0.9087 0.2081 -0.3619
vn -0.9087 0.2086 -0.3615
vn -0.3922 -0.3618 0.8457
vn -0.9323 0.1888 -0.3083
vn -0.9301 0.2211 -0.2933
vn -0.0602 -0.9047 -0.4217
vn -0.9005 -0.1424 0.4110
vn -0.3926 -0.3618 0.8456
vn -0.9084 0.2083 -0.3626
vn -0.9087 0.2085 -0.3616
vn -0.9088 0.2080 -0.3618
vn 0.9207 -0.1988 0.3358
vn 0.9205 -0.2066 0.3318
vn 0.9203 -0.2067 0.3322
vn -0.9082 0.2102 -0.3619
vn -0.9094 0.2185 -0.3538
vn -0.9083 0.2106 -0.3615
vn 0.9268 -0.2244 0.3012
vn 0.9185 -0.2319 0.3203
vn 0.9187 -0.2318 0.3198
vn 0.3912 0.3455 -0.8530
vn 0.3909 0.3455 -0.8532
vn -0.3925 -0.3617 0.8457
vn 0.0859 -0.4119 0.9072
vn -0.9083 0.2105 -0.3614
vn -0.9097 0.2181 -0.3534
vn -0.9086 0.2102 -0.3608
vn -0.9301 0.2202 -0.2938
vn -0.9291 0.2160 -0.3002
vn -0.9300 0.2206 -0.2939
vn 0.9203 -0.2069 0.3320
vn 0.9199 -0.2149 0.3279
vn 0.9198 -0.2150 0.3283
vn 0.9210 -0.1985 0.3353
vn 0.9209 -0.1973 0.3363
vn 0.9210 -0.1971 0.3359
vn -0.3923 -0.3618 0.8457
vn 0.3910 0.3453 -0.8532
vn 0.9208 -0.1970 0.3367
vn 0.9211 -0.1967 0.3361
vn -0.9300 0.2205 -0.2941
vn -0.9301 0.2212 -0.2934
vn -0.9302 0.2203 -0.2938
vn 0.1490 -0.9294 -0.3375
vn -0.0607 -0.9046 -0.4218
vn 0.3910 0.3453 -0.8531
vn -0.9084 0.2089 -0.3622
vn -0.9086 0.2099 -0.3610
vn 0.9186 -0.2318 0.3201
vn 0.9185 -0.2320 0.3204
vn 0.0951 -0.9275 -0.3615
vn 0.7435 0.2126 -0.6340
vn 0.9163 -0.2026 0.3454
vn 0.9162 -0.2016 0.3463
vn 0.9164 -0.2014 0.3459
vn -0.3927 -0.3618 0.8455
vn 0.0535 0.8972 0.4385
vn 0.0526 0.8973 0.4382
vn -0.9026 -0.1401 0.4070
vn -0.3926 -0.3616 0.8456
vn -0.0676 -0.9109 -0.4070
vn 0.0472 0.8916 0.4504
vn 0.0606 0.9046 0.4220
vn 0.9204 -0.2030 0.3341
vn 0.9153 -0.2192 0.3380
vn 0.9110 -0.0665 0.4069
vn 0.9157 -0.2111 0.3421
vn 0.0524 0.8973 0.4383
vn 0.0525 0.8972 0.4385
vn 0.9143 -0.2355 0.3296
vn 0.9141 -0.2358 0.3299
vn 0.7439 0.2124 -0.6336
vn -0.2759 0.2560 0.9265
vn -0.3924 -0.3618 0.8456
vn -0.9299 0.2214 -0.2937
vn -0.9282 0.2232 -0.2976
vn -0.9301 0.2212 -0.2933
vn 0.2689 -0.3883 0.8814
vn -0.3920 -0.3616 0.8459
vn -0.3925 -0.3616 0.8457
vn 0.3915 0.3452 -0.8530
vn 0.9144 -0.2345 0.3300
vn 0.9148 -0.2276 0.3335
vn 0.9150 -0.2274 0.3333
vn 0.0529 0.8973 0.4382
vn 0.0524 0.8974 0.4382
vn -0.0605 -0.9047 -0.4218
vn -0.0522 -0.8968 -0.4394
vn -0.0606 -0.9046 -0.4219
vn -0.0525 -0.8969 -0.4391
vn -0.0608 -0.9047 -0.4216
vn -0.0609 -0.9047 -0.4217
vn -0.3921 -0.3617 0.8458
vn -0.3928 -0.3615 0.8456
vn -0.2757 -0.2074 0.9386
vn -0.2755 -0.2076 0.9386
vn 0.1369 -0.3621 0.9220
vn 0.1369 -0.3619 0.9221
vn 0.0529 0.8970 0.4389
vn 0.0528 0.8971 0.4386
vn 0.0525 0.8973 0.4382
vn 0.0530 0.8973 0.4382
vn -0.3531 -0.8299 0.4321
vn 0.3908 0.3454 -0.8532
vn 0.3907 0.3451 -0.8534
vn 0.3916 0.3455 -0.8528
vn 0.3914 0.3452 -0.8530
vn 0.3909 0.3455 -0.8531
vn -0.0676 -0.9110 -0.4068
vn -0.0604 -0.9049 -0.4213
vn 0.3914 0.3453 -0.8530
vn -0.3923 -0.3617 0.8458
vn 0.3913 0.3455 -0.8529
vn 0.9157 -0.2110 0.3420
vn 0.9155 -0.2188 0.3377
vn 0.9152 -0.2191 0.3382
vn -0.9265 0.2246 -0.3018
vn -0.9249 0.2265 -0.3055
vn 0.3793 0.7284 -0.5706
vn 0.3910 0.3455 -0.8531
vn -0.0610 -0.9047 -0.4217
vn -0.0529 -0.8968 -0.4393
vn -0.0609 -0.9047 -0.4216
vn -0.0610 -0.9046 -0.4220
vn -0.0524 -0.8967 -0.4395
vn 0.9147 -0.2278 0.3338
vn 0.9166 -0.1638 0.3648
vn 0.9153 -0.2192 0.3378
vn -0.3924 -0.3618 0.8457
vn -0.0628 -0.9046 -0.4217
vn -0.0620 -0.9047 -0.4216
vn -0.0623 -0.9046 -0.4217
vn 0.0533 0.8971 0.4387
vn 0.0525 0.8972 0.4386
vn 0.0526 0.8972 0.4385
vn 0.0524 0.8972 0.4384
vn 0.0525 0.8974 0.4381
vn -0.3529 -0.8300 0.4319
vn -0.3922 -0.3616 0.8458
vn 0.0524 0.8976 0.4378
vn 0.0530 0.8972 0.4383
vn 0.3910 0.3454 -0.8531
vn 0.3914 0.3455 -0.8529
vn -0.2759 0.2557 0.9265
vn -0.3923 -0.3620 0.8456
vn 0.3242 -0.0765 -0.9429
vn 0.3909 0.3454 -0.8532
vn 0.0534 0.8971 0.4386
vn 0.0604 0.9045 0.4221
vn 0.0528 0.8972 0.4384
vn 0.0527 0.8971 0.4387
vn 0.0529 0.8972 0.4385
vn -0.0604 -0.9048 -0.4216
vn -0.0612 -0.9047 -0.4217
vn -0.0610 -0.9046 -0.4219
vn -0.0609 -0.9047 -0.4218
vn -0.0677 -0.9109 -0.4071
vn -0.0611 -0.9046 -0.4219
vn 0.1568 -0.4747 0.8661
vn -0.2667 -0.5601 0.7843
vn -0.3918 -0.3617 0.8460
vn -0.3928 -0.3618 0.8455
vn -0.3928 -0.3616 0.8456
vn -0.3929 -0.3617 0.8455
vn -0.9267 0.2238 -0.3020
vn -0.9267 0.2244 -0.3013
vn -0.9268 0.2235 -0.3017
vn 0.2557 0.8265 0.5016
vn 0.0530 0.8973 0.4383
vn -0.3949 -0.7557 -0.5224
vn -0.0608 -0.9048 -0.4214
vn -0.3598 -0.7782 -0.5147
vn -0.0609 -0.9046 -0.4218
vn -0.3921 -0.3616 0.8459
vn 0.0525 0.8971 0.4386
vn 0.0522 0.8972 0.4386
vn 0.0522 0.8973 0.4384
vn 0.0607 0.9044 0.4223
vn -0.9001 0.2898 -0.3253
vn -0.8967 0.2864 -0.3376
vn -0.9026 0.2133 -0.3740
vn 0.9034 -0.3635 0.2274
vn 0.9268 -0.2244 0.3011
vn 0.9187 -0.2320 0.3197
vn -0.4052 0.8849 0.2299
vn 0.0527 0.8974 0.4381
vn 0.0530 0.8974 0.4380
vn 0.9231 -0.2284 0.3094
vn 0.9226 -0.2284 0.3109
vn 0.9143 -0.2357 0.3294
vn 0.3246 -0.0763 -0.9428
vn 0.3246 -0.0762 -0.9428
vn 0.3915 0.3455 -0.8528
vn 0.0079 -0.9266 -0.3758
vn -0.0675 -0.9109 -0.4070
vn -0.0607 -0.9047 -0.4216
vn -0.2756 0.2563 0.9265
vn -0.2758 0.2561 0.9265
vn 0.0197 -0.9201 -0.3913
vn 0.0175 -0.9198 -0.3921
vn 0.1931 0.8534 0.4842
vn 0.2007 0.8614 0.4666
vn 0.0605 0.9045 0.4221
vn 0.0535 0.8972 0.4384
vn -0.2940 0.4157 -0.8607
vn 0.3915 0.3455 -0.8529
vn -0.2947 0.4155 -0.8605
vn -0.3530 -0.8300 0.4318
vn -0.3528 -0.8301 0.4319
vn -0.3925 -0.3618 0.8456
vn -0.2278 0.9248 0.3046
vn -0.2163 0.9255 0.3111
vn 0.0532 0.8974 0.4381
vn 0.9161 -0.2012 0.3469
vn 0.9163 -0.2008 0.3464
vn 0.9164 -0.2013 0.3460
vn 0.1103 0.8728 0.4754
vn 0.1190 0.8790 0.4618
vn 0.1208 0.8783 0.4626
vn 0.1279 0.8761 0.4649
vn 0.2932 -0.4013 0.8677
vn 0.2949 -0.4034 0.8662
vn -0.3927 -0.3617 0.8455
vn -0.9003 -0.1425 0.4112
vn -0.0610 -0.9048 -0.4214
vn -0.0605 -0.9046 -0.4219
vn -0.0604 -0.9048 -0.4215
vn -0.0601 -0.9049 -0.4214
vn -0.9082 0.2090 -0.3627
vn -0.9082 0.2096 -0.3623
vn 0.3912 0.3452 -0.8531
vn -0.7799 0.6199 -0.0867
vn -0.6079 0.7924 0.0513
vn 0.0514 0.8970 0.4390
vn 0.0896 -0.9271 -0.3639
vn 0.0952 -0.9275 -0.3615
vn -0.9082 0.2083 -0.3629
vn -0.0606 -0.9047 -0.4218
vn -0.0603 -0.9047 -0.4217
vn 0.3791 0.7282 -0.5709
vn 0.3793 0.7282 -0.5709
vn -0.0610 -0.9045 -0.4220
vn -0.0611 -0.9046 -0.4218
vn 0.1988 0.8511 0.4859
vn -0.0616 -0.9045 -0.4220
vn -0.0614 -0.9046 -0.4218
vn -0.0614 -0.9045 -0.4220
vn -0.0604 -0.9046 -0.4220
vn -0.0602 -0.9047 -0.4218
vn -0.0600 -0.9048 -0.4216
vn 0.0521 0.8975 0.4379
vn -0.9101 0.2144 -0.3546
vn -0.9099 0.1584 -0.3834
vn -0.9088 0.2099 -0.3607
vn -0.9299 0.2214 -0.2938
vn -0.9300 0.2206 -0.2942
vn -0.9299 0.2209 -0.2942
vn 0.0267 -0.9212 -0.3882
vn -0.0608 -0.9046 -0.4218
vn 0.0980 -0.9283 -0.3587
vn -0.6066 0.7933 0.0512
vn -0.2688 0.9212 0.2814
vn 0.0532 0.8974 0.4380
vn 0.0530 0.8970 0.4388
vn -0.0604 -0.9045 -0.4221
vn -0.0599 -0.9046 -0.4219
vn -0.0597 -0.9046 -0.4220
vn -0.9067 0.2087 -0.3664
vn -0.9029 0.2130 -0.3732
vn -0.9030 0.2127 -0.3732
vn -0.9069 0.2087 -0.3662
vn -0.9031 0.2125 -0.3732
vn -0.9268 0.2243 -0.3012
vn -0.9268 0.2238 -0.3015
vn -0.8971 0.2831 -0.3393
vn -0.8983 0.2728 -0.3445
vn -0.9024 0.2155 -0.3732
vn 0.0808 0.1168 0.9899
vn -0.3927 -0.3615 0.8457
vn 0.7463 0.2111 -0.6312
vn 0.7462 0.2111 -0.6313
vn -0.9030 0.2131 -0.3730
vn -0.9029 0.2129 -0.3733
vn -0.9032 0.2124 -0.3731
vn -0.9031 -0.1400 0.4060
vn -0.3927 -0.3616 0.8456
vn -0.9256 0.2194 -0.3084
vn -0.9266 0.2237 -0.3022
vn 0.0528 0.8970 0.4388
vn 0.0528 0.8972 0.4385
vn -0.9098 0.1471 -0.3882
vn -0.9096 0.1436 -0.3898
vn -0.9087 0.2080 -0.3620
vn 0.0823 0.1039 0.9912
vn -0.2524 0.2099 0.9446
vn -0.3924 -0.3616 0.8457
vn 0.6441 -0.1305 -0.7537
vn 0.3243 -0.0764 -0.9429
vn 0.7437 0.2125 -0.6338
vn 0.7436 0.2125 -0.6339
vn 0.3911 0.3456 -0.8530
vn -0.9323 0.1890 -0.3085
vn -0.9321 0.1918 -0.3073
vn -0.9302 0.2202 -0.2936
vn -0.9118 0.2043 -0.3561
vn -0.9081 0.2084 -0.3632
vn -0.9083 0.2083 -0.3629
vn -0.9120 0.2042 -0.3557
vn -0.9083 0.2082 -0.3630
vn -0.9005 -0.1421 0.4109
vn -0.9004 -0.1422 0.4112
vn -0.2979 0.4153 -0.8596
vn 0.3908 0.3450 -0.8534
vn 0.9266 -0.2246 0.3017
vn 0.9185 -0.2318 0.3204
vn -0.9259 0.2193 -0.3076
vn -0.9269 0.2236 -0.3015
vn -0.9269 0.2239 -0.3013
vn 0.9210 -0.1972 0.3360
vn 0.9207 -0.1974 0.3366
vn -0.9299 0.2213 -0.2938
vn -0.9300 0.2212 -0.2935
vn 0.1487 -0.9295 -0.3374
vn 0.2512 -0.9240 -0.2883
vn 0.3916 0.3453 -0.8529
vn 0.3908 0.3456 -0.8532
vn 0.0953 -0.9275 -0.3615
vn 0.1490 -0.9295 -0.3374
vn -0.3920 -0.3618 0.8458
vn -0.2940 0.4156 -0.8607
vn -0.9026 -0.1403 0.4069
vn -0.9009 -0.1421 0.4102
vn 0.0606 0.9046 0.4219
vn -0.2758 0.2560 0.9265
vn -0.2758 0.2558 0.9265
vn 0.2685 -0.3886 0.8814
vn 0.2931 -0.4013 0.8678
vn 0.1562 -0.4748 0.8661
vn -0.8999 -0.1427 0.4120
vn 0.1370 -0.3620 0.9220
vn -0.2975 0.4155 -0.8596
vn -0.2975 0.4154 -0.8596
vn 0.0532 0.8973 0.4382
vn 0.0530 0.8971 0.4386
vn 0.0530 0.8972 0.4385
vn 0.0472 0.8916 0.4503
vn 0.0531 0.8973 0.4383
vn 0.0468 0.8916 0.4504
vn -0.1997 0.7248 -0.6594
vn 0.3792 0.7283 -0.5708
vn -0.7981 -0.5733 0.1854
vn -0.3532 -0.8299 0.4318
vn -0.9032 -0.1399 0.4058
vn -0.3925 -0.3620 0.8455
vn -0.0682 -0.9108 -0.4071
vn -0.0680 -0.9108 -0.4071
vn 0.3915 0.3453 -0.8529
vn 0.3909 0.3452 -0.8532
vn 0.3794 0.7283 -0.5707
vn 0.3791 0.7283 -0.5708
vn -0.3926 -0.3616 0.8457
vn -0.9093 0.2188 -0.3540
vn -0.9082 0.2100 -0.3619
vn -0.9082 0.2097 -0.3622
vn -0.0605 -0.9048 -0.4215
vn -0.0609 -0.9048 -0.4215
vn -0.0605 -0.9049 -0.4214
vn -0.0598 -0.9050 -0.4212
vn -0.0600 -0.9049 -0.4214
vn 0.0525 0.8973 0.4383
vn 0.0529 0.8972 0.4383
vn 0.0531 0.8972 0.4383
vn -0.3527 -0.8301 0.4319
vn -0.3525 -0.8302 0.4319
vn 0.0517 0.8975 0.4380
vn -0.9290 0.2161 -0.3004
vn -0.9299 0.2206 -0.2943
vn -0.9300 0.2204 -0.2940
vn -0.2759 0.2558 0.9265
vn -0.2756 0.2559 0.9266
vn -0.3922 -0.3619 0.8457
vn 0.3241 -0.0764 -0.9429
vn 0.3242 -0.0764 -0.9429
vn 0.0474 0.8916 0.4503
vn 0.0469 0.8916 0.4504
vn 0.0527 0.8973 0.4384
vn 0.0604 0.9046 0.4220
vn -0.0605 -0.9048 -0.4216
vn -0.0599 -0.9047 -0.4217
vn -0.0670 -0.9110 -0.4070
vn -0.0671 -0.9109 -0.4071
vn -0.3924 -0.3619 0.8456
vn -0.2668 -0.5601 0.7843
vn 0.0524 0.8974 0.4380
vn 0.0527 0.8973 0.4382
vn 0.0524 0.8973 0.4384
vn -0.9266 0.2240 -0.3020
vn -0.9265 0.2247 -0.3017
vn -0.2949 0.4154 -0.8605
vn 0.1835 0.9745 0.1293
vn 0.0608 0.9045 0.4221
vn 0.0607 0.9045 0.4221
vn -0.8855 0.1686 -0.4329
vn -0.8890 0.2568 -0.3791
vn 0.1833 0.9745 0.1292
vn 0.0606 0.9045 0.4221
vn -0.0521 -0.8966 -0.4397
vn 0.0795 -0.7211 -0.6883
vn -0.0524 -0.8969 -0.4392
vn 0.5249 0.6594 0.5382
vn 0.5299 0.6551 0.5386
vn 0.5255 0.6588 0.5383
vn 0.6338 -0.7559 -0.1638
vn 0.0975 -0.9186 -0.3829
vn 0.3481 -0.7350 -0.5820
vn 0.2553 0.8265 0.5017
vn 0.3775 0.7586 0.5310
vn -0.8743 0.4375 -0.2101
vn -0.9178 0.2422 -0.3146
vn -0.3598 -0.7780 -0.5150
vn -0.8374 -0.2086 -0.5052
vn -0.3951 -0.7555 -0.5226
vn -0.0615 -0.9045 -0.4221
vn -0.3497 -0.7843 -0.5124
vn -0.8168 -0.2572 -0.5165
vn -0.0523 -0.8968 -0.4392
vn 0.0796 -0.7210 -0.6883
vn -0.0526 -0.8969 -0.4392
vn 0.0288 -0.8248 0.5647
vn -0.1257 -0.9534 -0.2741
vn 0.0451 -0.9815 -0.1860
vn 0.6198 -0.7052 0.3443
vn 0.7420 -0.3039 0.5975
vn 0.0861 -0.4120 0.9071
vn -0.3528 -0.8300 0.4319
vn 0.6259 -0.7782 -0.0516
vn 0.8774 -0.4289 0.2149
vn 0.4882 -0.8598 -0.1499
vn 0.7789 -0.6218 0.0820
vn 0.9133 -0.2767 0.2989
vn 0.9129 -0.2794 0.2975
vn 0.4573 -0.8723 -0.1731
vn 0.4542 -0.8735 -0.1751
vn 0.4533 -0.8738 -0.1759
vn -0.9258 0.2192 -0.3081
vn -0.9269 0.2237 -0.3013
vn -0.9259 0.2192 -0.3077
vn -0.3765 -0.1702 0.9106
vn -0.0143 -0.5493 0.8355
vn -0.3927 -0.5341 0.7487
vn -0.2052 0.9197 0.3348
vn -0.7476 0.6619 -0.0557
vn -0.4424 0.8357 0.3254
vn -0.0034 0.8336 0.5524
vn 0.0471 0.8916 0.4504
vn -0.2161 0.9255 0.3110
vn -0.7371 0.6712 -0.0781
vn -0.7281 0.6839 -0.0469
vn 0.0750 0.8949 0.4399
vn 0.0106 0.9110 0.4124
vn 0.0075 0.9114 0.4114
vn -0.0146 -0.5492 0.8356
vn -0.2491 -0.9610 0.1204
vn -0.3926 -0.5342 0.7487
vn 0.8493 -0.4743 0.2316
vn 0.7421 -0.3039 0.5975
vn 0.3694 -0.9168 -0.1515
vn 0.4381 -0.8876 -0.1419
vn 0.4595 -0.8720 -0.1690
vn 0.8702 -0.4492 0.2026
vn 0.9059 -0.2093 0.3681
vn -0.9000 0.2898 -0.3255
vn -0.7474 0.6620 -0.0559
vn -0.7276 0.6844 -0.0475
vn -0.8965 0.2866 -0.3378
vn -0.9025 0.2131 -0.3742
vn -0.9063 0.2092 -0.3671
vn -0.9030 0.3940 -0.1715
vn -0.8888 0.2570 -0.3795
vn -0.2980 0.4155 -0.8594
vn -0.8890 0.2569 -0.3791
vn -0.3409 -0.8008 -0.4925
vn -0.8108 -0.2711 -0.5188
vn -0.1257 -0.9534 -0.2743
vn -0.5593 -0.7266 -0.3990
vn -0.8254 -0.2732 -0.4940
vn -0.8053 -0.3027 -0.5097
vn 0.8706 -0.2063 0.4467
vn 0.8359 -0.2568 0.4851
vn 0.8718 -0.2571 0.4169
vn 0.9952 -0.0983 0.0031
vn 0.9218 -0.0715 0.3810
vn 0.9224 -0.2287 0.3114
vn 0.8801 0.0360 0.4735
vn 0.4774 0.6491 0.5922
vn 0.6664 0.1364 0.7330
vn 0.9056 -0.2097 0.3687
vn 0.9207 -0.1970 0.3369
vn 0.9151 -0.1294 0.3819
vn 0.5540 0.5666 0.6100
vn 0.8955 -0.3694 0.2483
vn 0.9188 -0.2307 0.3204
vn 0.8970 -0.3635 0.2515
vn 0.6063 -0.7922 -0.0696
vn 0.6137 -0.7840 -0.0935
vn 0.9034 -0.3635 0.2276
vn 0.9186 -0.2318 0.3200
vn -0.8513 0.5053 -0.1413
vn -0.4055 0.8846 0.2303
vn -0.3803 0.8920 0.2445
vn 0.0527 0.8972 0.4384
vn -0.3649 0.9013 0.2335
vn -0.8435 0.5175 -0.1439
vn 0.9147 -0.2319 0.3310
vn 0.9144 -0.2346 0.3299
vn 0.9148 -0.2313 0.3313
vn 0.9160 -0.2284 0.3298
vn 0.9144 -0.2353 0.3294
vn -0.2671 -0.5601 0.7842
vn -0.3449 -0.8401 0.4188
vn 0.9130 -0.0819 0.3996
vn 0.6892 0.4750 0.5471
vn 0.9135 -0.0868 0.3975
vn 0.6818 0.4846 0.5480
vn 0.6043 -0.7781 -0.1714
vn 0.9652 -0.1972 0.1720
vn 0.9297 -0.3529 0.1053
vn 0.9178 -0.2270 0.3257
vn 0.9187 -0.2278 0.3226
vn 0.9187 -0.2287 0.3221
vn 0.9185 -0.2321 0.3203
vn 0.9265 -0.2247 0.3017
vn 0.9265 -0.2226 0.3033
vn 0.6150 -0.7860 -0.0630
vn 0.9063 -0.3220 0.2738
vn 0.6820 -0.7313 -0.0081
vn 0.9152 -0.2256 0.3338
vn 0.9152 -0.2256 0.3340
vn -0.9251 0.2263 -0.3048
vn -0.8884 0.2572 -0.3803
vn -0.9278 0.2236 -0.2987
vn 0.9231 -0.2282 0.3096
vn 0.9955 -0.0942 -0.0031
vn 0.9951 -0.0987 0.0029
vn 0.0793 -0.7210 -0.6884
vn 0.0796 -0.7210 -0.6884
vn 0.3242 -0.0766 -0.9429
vn 0.0078 -0.9266 -0.3759
vn 0.4595 -0.8719 -0.1691
vn 0.4381 -0.8877 -0.1418
vn 0.3694 -0.9168 -0.1516
vn -0.2758 0.2557 0.9266
vn -0.0034 0.8334 0.5526
vn -0.0035 0.8335 0.5525
vn 0.0195 -0.9201 -0.3913
vn -0.0608 -0.9047 -0.4218
vn 0.0267 -0.9212 -0.3881
vn 0.4883 -0.8597 -0.1500
vn 0.4662 -0.8692 -0.1648
vn 0.1932 0.8534 0.4842
vn 0.6817 0.4847 0.5480
vn 0.6905 0.4963 0.5263
vn 0.2009 0.8614 0.4665
vn 0.9955 -0.0941 -0.0061
vn -0.2944 0.4156 -0.8606
vn -0.8851 0.2597 -0.3863
vn -0.2942 0.4156 -0.8607
vn 0.3908 0.3455 -0.8532
vn -0.2946 0.4155 -0.8606
vn -0.8852 0.2597 -0.3860
vn 0.6339 -0.7559 -0.1638
vn -0.8886 0.2571 -0.3798
vn 0.5104 0.1580 0.8453
vn 0.0597 0.7969 0.6012
vn -0.9069 -0.0754 -0.4144
vn -0.4910 -0.6897 -0.5321
vn -0.5064 -0.6908 -0.5161
vn -0.5270 -0.6740 -0.5177
vn -0.9128 -0.0475 -0.4055
vn -0.7469 0.6592 -0.0874
vn -0.2286 0.9245 0.3050
vn 0.0523 0.8973 0.4384
vn -0.2686 0.9212 0.2814
vn -0.7750 0.6202 -0.1212
vn 0.5718 -0.7283 0.3777
vn 0.0672 -0.9117 0.4053
vn 0.0935 -0.9912 0.0932
vn 0.8860 0.0971 0.4534
vn 0.5310 0.6540 0.5389
vn 0.5303 0.6546 0.5387
vn -0.8427 0.5106 -0.1708
vn -0.9208 0.2618 -0.2891
vn -0.9280 0.2234 -0.2980
vn 0.0470 0.8915 0.4505
vn -0.0035 0.8336 0.5523
vn 0.8531 -0.2470 0.4595
vn 0.8524 -0.2284 0.4703
vn 0.8531 -0.2662 0.4487
vn 0.1396 0.7769 0.6140
vn 0.1102 0.8728 0.4755
vn 0.4168 0.6939 0.5872
vn 0.4851 0.6589 0.5749
vn 0.1188 0.8790 0.4619
vn 0.9212 -0.1766 0.3467
vn 0.7553 0.1701 0.6329
vn 0.8769 -0.1166 0.4663
vn 0.5176 0.1753 0.8375
vn 0.5183 0.1642 0.8393
vn 0.9051 -0.1765 0.3868
vn 0.9201 -0.2087 0.3315
vn 0.9126 -0.2564 0.3186
vn 0.8551 -0.3872 0.3447
vn 0.9121 -0.2414 0.3312
vn 0.9074 -0.2463 0.3405
vn 0.9196 -0.2149 0.3288
vn 0.9212 -0.1784 0.3458
vn 0.9199 -0.2115 0.3303
vn 0.8942 0.0646 0.4429
vn 0.9159 -0.1245 0.3817
vn 0.8353 0.2206 0.5036
vn 0.0540 0.8973 0.4380
vn 0.0468 0.8977 0.4382
vn 0.0462 0.8976 0.4385
vn 0.8354 0.2204 0.5034
vn 0.2003 0.8500 0.4873
vn 0.6845 0.4792 0.5493
vn 0.4787 -0.8642 -0.1548
vn 0.8393 -0.4154 0.3506
vn 0.5635 -0.8261 -0.0066
vn 0.7006 -0.6678 0.2513
vn 0.3617 -0.8462 0.3914
vn 0.5161 -0.8473 -0.1251
vn 0.5799 -0.5685 0.5835
vn 0.4859 -0.8254 -0.2872
vn 0.4579 -0.8721 -0.1726
vn 0.8488 -0.4969 0.1809
vn 0.8557 -0.0311 -0.5165
vn 0.9509 -0.2235 0.2139
vn 0.6531 -0.5734 -0.4946
vn 0.9441 -0.2794 0.1751
vn 0.5500 -0.8122 -0.1947
vn 0.1808 -0.5668 -0.8038
vn 0.3738 0.1502 -0.9153
vn 0.9212 -0.2444 0.3029
vn 0.8947 0.0626 0.4422
vn 0.8294 -0.0137 0.5585
vn 0.8718 -0.2347 0.4300
vn 0.2932 -0.4014 0.8677
vn 0.8705 -0.2294 0.4354
vn 0.3411 0.7869 0.5142
vn 0.0226 0.9083 0.4177
vn 0.0104 0.9108 0.4127
vn 0.4974 -0.7424 0.4488
vn 0.1100 -0.9779 -0.1776
vn -0.0632 -0.9704 -0.2329
vn 0.5272 0.6572 0.5387
vn 0.5278 0.6569 0.5384
vn 0.7508 -0.2955 0.5907
vn 0.9294 -0.2337 0.2858
vn 0.8553 -0.4775 0.2010
vn 0.4542 -0.8736 -0.1750
vn 0.4860 -0.8253 -0.2874
vn 0.8738 -0.2273 0.4299
vn 0.8585 -0.4741 0.1954
vn 0.9174 -0.1552 0.3665
vn 0.9177 -0.1583 0.3645
vn -0.8079 -0.2993 -0.5076
vn -0.9123 0.1775 -0.3691
vn -0.8744 0.4373 -0.2102
vn 0.3555 0.3411 0.8702
vn 0.1889 -0.2648 0.9456
vn -0.0104 -0.9107 -0.4130
vn 0.5498 -0.8328 -0.0650
vn -0.0225 -0.9082 -0.4179
vn 0.3934 0.5347 -0.7479
vn 0.8558 -0.0312 -0.5164
vn 0.5182 0.2607 0.8145
vn 0.7791 -0.2680 0.5668
vn 0.2290 -0.2921 0.9286
vn 0.3555 0.3412 0.8702
vn 0.5317 0.6534 0.5389
vn 0.8870 0.0933 0.4523
vn 0.8701 -0.1244 0.4770
vn 0.5262 0.6584 0.5382
vn 0.8937 0.0674 0.4437
vn 0.3025 -0.9028 0.3056
vn 0.8687 -0.3167 0.3809
vn 0.8718 -0.2572 0.4169
vn 0.2655 -0.5448 0.7954
vn 0.6974 0.0676 -0.7134
vn 1.0000 0.0064 -0.0050
vn 0.7185 0.3811 -0.5818
vn 0.4560 -0.8728 -0.1740
vn 0.8475 -0.4997 0.1789
vn 0.4566 -0.8726 -0.1736
vn -0.9153 0.2219 -0.3361
vn -0.9154 0.2221 -0.3357
vn 0.8451 -0.3912 0.3643
vn 0.4240 -0.8163 0.3922
vn 0.9133 -0.2480 0.3231
vn 0.9160 -0.2127 0.3403
vn 0.8887 -0.2893 0.3556
vn 0.4016 -0.8268 0.3939
vn 0.5523 0.5743 0.6042
vn 0.1215 0.8786 0.4619
vn 0.9623 -0.1771 0.2064
vn 0.8921 0.0779 0.4451
vn 0.9193 -0.2160 0.3289
vn 0.0597 0.7968 0.6012
vn 0.6169 0.3911 0.6830
vn 0.0794 -0.7211 -0.6883
vn 0.9140 -0.2759 0.2975
vn 0.9206 -0.2065 0.3315
vn 0.9023 -0.3398 0.2652
vn 0.8285 0.2463 0.5029
vn 0.9177 -0.1610 0.3633
vn 0.8273 0.2489 0.5036
vn -0.6824 -0.5165 -0.5172
vn 0.1207 0.8782 0.4627
vn 0.5069 0.6644 0.5492
vn 0.5143 0.6582 0.5499
vn 0.1278 0.8761 0.4649
vn 0.7821 -0.6172 0.0859
vn 0.9137 -0.2740 0.3001
vn 0.7816 -0.6181 0.0844
vn 0.7820 -0.6174 0.0857
vn 0.2801 -0.9177 -0.2818
vn 0.7838 -0.6148 0.0874
vn 0.8822 0.0863 0.4629
vn 0.5071 0.6642 0.5492
vn 0.8802 0.0934 0.4653
vn 0.9160 -0.2018 0.3466
vn 0.9160 -0.2029 0.3461
vn 0.8880 0.0637 0.4553
vn 0.5145 0.6580 0.5498
vn -0.9003 -0.1424 0.4114
vn -0.9416 0.1743 -0.2880
vn -0.9002 -0.1426 0.4115
vn -0.3921 -0.3616 0.8458
vn -0.9004 -0.1422 0.4111
vn -0.9415 0.1742 -0.2884
vn 0.9060 -0.2417 0.3475
vn 0.8984 -0.3141 0.3068
vn 0.6619 -0.7156 0.2231
vn 0.9162 -0.2069 0.3432
vn 0.9164 -0.2014 0.3458
vn 0.9236 -0.2246 0.3108
vn 0.9029 -0.2397 0.3569
vn 0.9144 -0.2690 0.3026
vn 0.8052 -0.4730 0.3578
vn 0.9094 -0.2334 0.3443
vn 0.8947 -0.2282 0.3839
vn 0.7088 0.5329 0.4621
vn 0.6905 0.4963 0.5262
vn 0.5267 -0.0805 0.8462
vn 0.8933 -0.2034 0.4008
vn 0.8809 -0.1616 0.4449
vn 0.8557 -0.2112 0.4725
vn 0.4969 0.2802 0.8213
vn 1.0000 0.0066 -0.0048
vn 0.9370 -0.2047 0.2831
vn 0.9691 -0.1774 0.1711
vn 0.9538 -0.1739 0.2451
vn 0.8683 -0.1476 0.4736
vn 0.9955 -0.0942 -0.0060
vn -0.8848 0.2600 -0.3867
vn -0.8648 0.3605 -0.3494
vn 0.2271 -0.5429 0.8085
vn 0.7791 -0.2680 0.5667
vn 0.7838 -0.3652 0.5022
vn 0.9177 -0.1636 0.3620
vn 0.9572 0.0636 0.2824
vn 0.9255 -0.1993 0.3221
vn 0.8819 0.2808 -0.3787
vn 0.3418 0.7868 0.5140
vn 0.3394 0.7880 0.5137
vn 0.2735 -0.2480 0.9293
vn 0.8358 -0.2570 0.4851
vn 0.8327 -0.2541 0.4920
vn -0.9097 0.2182 -0.3533
vn 0.9193 -0.2188 0.3271
vn 0.9209 -0.1855 0.3429
vn 0.9209 -0.1833 0.3439
vn -0.7789 0.6206 -0.0905
vn 0.0523 0.8996 0.4335
vn 0.0506 0.8992 0.4345
vn 0.7798 -0.6204 0.0831
vn 0.8510 -0.2492 0.4623
vn 0.8510 -0.0682 0.5208
vn 0.8701 -0.1244 0.4769
vn 0.9138 -0.2181 0.3427
vn 0.9191 -0.2223 0.3254
vn 0.0533 0.8972 0.4384
vn 0.1834 0.9745 0.1291
vn 0.1189 0.8154 0.5665
vn 0.0475 0.6106 0.7905
vn 0.9210 -0.1808 0.3450
vn 0.8865 0.0951 0.4528
vn 0.6508 0.7533 0.0947
vn 0.0227 0.9088 0.4167
vn 0.2465 0.9625 -0.1130
vn 0.6551 0.5960 0.4644
vn 0.9681 -0.1549 0.1971
vn 0.9581 -0.1022 0.2675
vn 0.0898 -0.9268 -0.3646
vn 0.6138 -0.7839 -0.0935
vn 0.6062 -0.7922 -0.0696
vn 0.0950 -0.9275 -0.3615
vn 0.9126 -0.1889 0.3627
vn 0.1833 0.9745 0.1291
vn -0.9151 0.2222 -0.3364
vn -0.9038 0.2231 -0.3651
vn -0.9166 0.1891 -0.3524
vn -0.9249 0.2229 -0.3082
vn -0.9236 0.2532 -0.2878
vn -0.9254 0.2200 -0.3085
vn 0.4510 -0.8748 -0.1772
vn 0.4516 -0.8746 -0.1767
vn 0.8617 -0.2486 0.4425
vn 0.1833 0.9746 0.1290
vn 0.1835 0.9745 0.1290
vn 0.3791 0.7284 -0.5707
vn 0.3933 0.5348 -0.7479
vn 0.7186 0.3810 -0.5818
vn 1.0000 0.0062 -0.0049
vn 0.9572 0.0639 0.2823
vn 0.8281 0.2470 0.5032
vn 0.3488 0.7828 0.5154
vn 0.7535 -0.3618 0.5489
vn 0.7959 -0.5164 0.3160
vn 0.7838 -0.3653 0.5022
vn 0.9200 -0.3848 0.0743
vn 0.8738 -0.2376 0.4243
vn 0.8835 0.0836 0.4609
vn 0.9036 -0.1990 0.3793
vn 0.8256 -0.0301 0.5635
vn 0.9175 -0.1525 0.3674
vn 0.0540 0.8972 0.4384
vn 0.8576 -0.4763 0.1939
vn 0.8569 -0.4780 0.1928
vn 0.8926 0.0718 0.4450
vn 0.1786 -0.5611 0.8082
vn 0.2862 -0.9139 0.2878
vn 0.4508 -0.8749 -0.1772
vn 0.6309 -0.0774 0.7720
vn 0.5563 0.7131 0.4267
vn 0.5250 0.6593 0.5383
vn -0.9196 0.2182 -0.3267
vn 0.4515 -0.8746 -0.1766
vn 0.8245 0.2543 0.5054
vn -0.9041 0.2227 -0.3648
vn -0.9043 0.2229 -0.3642
vn -0.9380 0.1783 -0.2973
vn -0.9111 0.2049 -0.3576
vn -0.9408 0.1751 -0.2901
vn -0.9256 0.2194 -0.3085
vn 0.4554 -0.8731 -0.1744
vn 0.8469 -0.5012 0.1778
vn -0.0602 -0.9048 -0.4216
vn 0.9192 -0.2221 0.3253
vn 0.5710 -0.6263 -0.5307
vn 0.7788 -0.6219 0.0824
vn 0.9201 -0.3847 0.0737
vn 0.9836 -0.1664 -0.0696
vn 0.6973 0.0673 -0.7136
vn 0.2872 -0.9167 -0.2778
vn -0.0075 -0.9112 -0.4119
vn 0.2875 0.4224 0.8596
vn 0.8246 0.2541 0.5055
vn 0.8257 -0.0300 0.5633
vn 0.6933 -0.2382 0.6801
vn 0.0043 -0.2539 0.9672
vn 0.2849 -0.9169 -0.2794
vn 0.8870 0.0934 0.4523
vn -0.9266 0.2237 -0.3023
vn 0.5253 0.6589 0.5384
vn 0.2311 -0.9444 0.2340
vn 0.6749 -0.4050 0.6169
vn 0.8053 -0.4727 0.3579
vn -0.0034 0.8334 0.5527
vn -0.0035 0.8336 0.5524
vn -0.9077 0.2079 -0.3644
vn -0.9074 0.2086 -0.3649
vn 0.2734 -0.2480 0.9294
vn 0.3540 0.3380 0.8720
vn -0.1847 0.5559 0.8104
vn -0.0595 -0.9049 -0.4214
vn -0.0593 -0.9050 -0.4214
vn -0.0597 -0.9048 -0.4215
vn 0.9158 -0.2154 0.3390
vn -0.0225 -0.9086 -0.4170
vn -0.0104 -0.9107 -0.4128
vn 0.2766 -0.9183 -0.2831
vn 0.7384 0.6695 0.0813
vn 0.8817 0.2809 -0.3790
vn 0.6203 0.6223 0.4774
vn 0.5884 0.6009 0.5410
vn 0.8852 0.1005 0.4542
vn 0.5293 0.6557 0.5385
vn 0.5562 0.7131 0.4267
vn 0.4408 0.2236 0.8693
vn 0.4760 -0.8290 0.2934
vn 0.8463 -0.5025 0.1769
vn 0.2863 -0.9139 0.2878
vn 0.8653 -0.4656 0.1855
vn 0.9633 -0.1757 0.2030
vn 0.9198 -0.2143 0.3288
vn 0.9669 -0.1766 0.1842
vn 0.9569 0.0249 0.2893
vn 0.5958 0.5188 0.6131
vn -0.9195 0.2183 -0.3269
vn -0.9092 0.2190 -0.3541
vn -0.9196 0.2183 -0.3266
vn 0.7724 -0.6304 0.0772
vn 0.7797 -0.6206 0.0832
vn 0.8856 0.0989 0.4538
vn -0.2756 -0.2075 0.9386
vn 0.9130 -0.2520 0.3209
vn 0.8267 0.2499 0.5040
vn -0.9030 0.2139 -0.3725
vn -0.9043 0.2230 -0.3640
vn -0.9119 0.2043 -0.3560
vn -0.9413 0.1747 -0.2890
vn -0.9116 0.2045 -0.3567
vn -0.9079 0.2083 -0.3638
vn -0.9082 0.2084 -0.3630
vn 0.8267 0.2500 0.5041
vn 0.8272 0.2489 0.5038
vn -0.9123 0.1772 -0.3691
vn -0.6599 -0.5168 -0.5453
vn 0.9681 -0.1738 0.1804
vn 0.7722 -0.6307 0.0774
vn 0.1492 -0.9295 -0.3374
vn 0.6822 -0.7311 -0.0081
vn -0.9086 0.2100 -0.3610
vn 0.0543 0.8969 0.4390
vn 0.8600 -0.4703 0.1980
vn 0.5378 0.6374 0.5518
vn 0.8600 -0.2497 0.4450
vn 0.1201 -0.9340 -0.3365
vn 0.8253 0.2525 0.5050
vn 0.0714 -0.9235 -0.3770
vn -0.9309 0.1828 -0.3162
vn 0.5113 0.6608 0.5494
vn 0.1211 0.8892 0.4412
vn -0.6830 -0.5159 -0.5171
vn 0.1130 -0.9207 -0.3735
vn 0.9128 -0.2543 0.3196
vn 0.5262 0.6582 0.5384
vn -0.7753 0.6199 -0.1209
vn -0.8982 0.2729 -0.3446
vn 0.0981 -0.9282 -0.3588
vn 0.8482 -0.4982 0.1800
vn 0.8931 0.0698 0.4444
vn 0.6892 0.4751 0.5472
vn 0.7505 0.3865 0.5360
vn -0.9044 0.2195 -0.3658
vn -0.9260 0.2192 -0.3074
vn 0.5281 0.6567 0.5385
vn 0.5270 0.6573 0.5388
vn -0.6095 0.7874 0.0925
vn -0.8639 0.4778 -0.1591
vn -0.9248 0.2229 -0.3082
vn 0.8593 -0.4722 0.1968
vn 0.4526 -0.8741 -0.1763
vn 0.4533 -0.8738 -0.1758
vn 0.1834 0.9745 0.1292
vn 0.7506 0.3863 0.5360
vn -0.9271 0.2238 -0.3007
vn -0.9297 0.2211 -0.2946
vn -0.9298 0.2207 -0.2944
vn -0.9122 0.1778 -0.3692
vn -0.8376 -0.2081 -0.5051
vn 0.7466 0.2109 -0.6309
vn 0.3619 -0.8461 0.3913
vn -0.0957 -0.9578 0.2709
vn 0.4241 -0.8164 0.3919
vn 0.4015 -0.8268 0.3939
vn 0.6619 -0.7156 0.2232
vn 0.0863 -0.9962 0.0134
vn 0.6408 -0.7217 0.2616
vn 0.8672 -0.2614 0.4239
vn 0.8865 -0.2579 0.3841
vn 0.8941 -0.2186 0.3909
vn 0.5787 -0.5468 0.6051
vn 0.5717 -0.7283 0.3778
vn 0.0164 -0.9592 -0.2824
vn 0.3904 -0.9112 -0.1315
vn 0.3199 -0.9271 -0.1952
vn 0.0431 -0.9738 -0.2235
vn -0.0028 0.4205 0.9073
vn 0.7678 0.1535 0.6220
vn 0.5178 0.1752 0.8374
vn 0.4409 0.2236 0.8693
vn 0.1200 0.2727 0.9546
vn 0.1953 0.6028 0.7736
vn 0.1624 0.7559 0.6342
vn 0.1008 0.8274 0.5525
vn 0.4773 0.6491 0.5923
vn 0.5540 0.5667 0.6099
vn 0.0476 0.6106 0.7905
vn -0.9072 0.2083 -0.3654
vn -0.9039 0.2118 -0.3716
vn -0.9376 0.1787 -0.2984
vn -0.9373 0.1790 -0.2990
vn -0.9070 0.2085 -0.3659
vn -0.9035 0.2121 -0.3725
vn 0.7088 0.5329 0.4623
vn -0.9069 0.2087 -0.3661
vn -0.9371 0.1791 -0.2995
vn -0.9068 0.2086 -0.3662
vn -0.9030 0.2127 -0.3734
vn -0.9033 0.2122 -0.3729
vn -0.9372 0.1790 -0.2993
vn -0.9230 0.2583 -0.2852
vn -0.8638 0.4780 -0.1592
vn -0.8514 0.5052 -0.1412
vn -0.9265 0.2245 -0.3020
vn 0.7008 0.5732 -0.4246
vn 0.4505 0.8720 0.1915
vn 0.9712 0.2079 0.1163
vn 0.8299 -0.5157 0.2128
vn 0.7363 -0.3062 0.6033
vn 0.6032 -0.7298 0.3218
vn 0.3196 -0.9272 -0.1952
vn 0.3902 -0.9113 -0.1315
vn 0.9009 -0.2134 0.3778
vn 0.8598 0.0917 0.5023
vn 0.4170 0.6939 0.5870
vn 0.6503 0.1648 0.7416
vn 0.9161 -0.2011 0.3470
vn 0.4852 0.6589 0.5749
vn 0.0431 -0.9738 -0.2234
vn 0.0279 -0.8395 0.5427
vn 0.6032 -0.7298 0.3219
vn 0.0833 -0.4120 0.9074
vn -0.8970 0.2830 -0.3394
vn -0.7374 0.6710 -0.0779
vn -0.7465 0.6596 -0.0875
vn -0.9025 0.2136 -0.3740
vn 0.0809 0.1167 0.9899
vn 0.7359 -0.3064 0.6038
vn 0.6502 0.1648 0.7417
vn 0.1396 0.7768 0.6140
vn 0.7464 0.2111 -0.6312
vn 0.9952 -0.0979 0.0026
vn 0.9952 -0.0978 0.0024
vn -0.9031 -0.1399 0.4061
vn -0.9028 -0.1402 0.4066
vn -0.9027 -0.1401 0.4069
vn 0.1833 0.9745 0.1296
vn 0.6148 -0.7861 -0.0630
vn 0.9201 -0.2090 0.3313
vn 0.9131 -0.2499 0.3221
vn 0.8487 -0.4969 0.1809
vn 0.8254 0.2523 0.5050
vn -0.9153 0.2224 -0.3359
vn -0.9311 0.1826 -0.3159
vn 0.6260 -0.7781 -0.0517
vn 0.3464 0.7839 0.5153
vn 0.7363 -0.3062 0.6034
vn -0.9304 0.1899 -0.3136
vn -0.8976 -0.0521 -0.4378
vn -0.9007 -0.0814 -0.4267
vn -0.8848 0.2600 -0.3866
vn -0.9029 0.2128 -0.3735
vn -0.9030 -0.1400 0.4061
vn -0.9034 -0.1396 0.4056
vn -0.9368 0.1797 -0.3002
vn -0.9269 0.2232 -0.3018
vn -0.9038 0.2232 -0.3650
vn 0.9159 -0.2127 0.3404
vn 0.9164 -0.2027 0.3452
vn 0.7417 -0.3041 0.5978
vn 0.7815 -0.6181 0.0848
vn 0.2834 -0.9173 -0.2797
vn -0.8842 -0.0806 -0.4601
vn -0.0610 -0.9047 -0.4216
vn -0.0609 -0.9049 -0.4213
vn -0.0606 -0.9050 -0.4211
vn -0.9198 0.2178 -0.3263
vn -0.9295 0.2125 -0.3014
vn 0.9194 -0.2234 0.3236
vn 0.8720 -0.4442 0.2055
vn 0.9210 -0.1966 0.3362
vn 0.4665 -0.8690 -0.1647
vn 0.9210 -0.1970 0.3361
vn -0.9088 0.2086 -0.3613
vn -0.9097 0.1471 -0.3883
vn -0.8169 -0.2574 -0.5162
vn -0.9096 0.1437 -0.3898
vn 0.9272 -0.3422 -0.1523
vn 0.6441 -0.1304 -0.7538
vn 0.9956 -0.0939 -0.0066
vn 0.9272 -0.3421 -0.1523
vn 0.3482 -0.7350 -0.5819
vn 0.9151 -0.1865 0.3574
vn 0.7678 0.1536 0.6220
vn 0.9207 -0.1975 0.3366
vn 0.9208 -0.1986 0.3358
vn 0.9955 -0.0942 -0.0061
vn 0.7437 0.2125 -0.6339
vn -0.9300 0.2211 -0.2935
vn -0.9323 0.1888 -0.3084
vn -0.9068 -0.0756 -0.4147
vn -0.9321 0.1917 -0.3073
vn -0.9121 0.2041 -0.3555
vn -0.9414 0.1745 -0.2886
vn -0.9082 0.2084 -0.3629
vn -0.9084 0.2082 -0.3627
vn -0.9121 0.2043 -0.3555
vn -0.9415 0.1743 -0.2884
vn -0.9138 0.1319 -0.3841
vn -0.9420 0.1738 -0.2872
vn -0.9124 0.2039 -0.3549
vn -0.8107 -0.2710 -0.5190
vn -0.8053 -0.3029 -0.5097
vn -0.8252 -0.2731 -0.4945
vn -0.9337 -0.0284 -0.3570
vn -0.9246 0.2267 -0.3061
vn -0.8850 0.2597 -0.3863
vn 0.9157 -0.2184 0.3373
vn 0.7832 -0.6157 0.0863
vn 0.9141 -0.2713 0.3013
vn -0.9008 -0.1419 0.4104
vn -0.9005 -0.1423 0.4109
vn -0.2978 0.4154 -0.8595
vn 0.9150 -0.2275 0.3333
vn -0.9270 0.2238 -0.3009
vn 0.9209 -0.1987 0.3353
vn 0.9955 -0.0941 -0.0062
vn 0.0795 -0.7212 -0.6882
vn -0.9293 0.2158 -0.2999
vn -0.9419 0.1738 -0.2873
vn 0.6444 -0.2685 0.7160
vn -0.9086 0.2079 -0.3621
vn -0.1258 -0.9534 -0.2743
vn -0.3531 -0.8300 0.4317
vn 0.4504 0.8720 0.1914
vn 0.0607 0.9046 0.4220
vn 0.6609 -0.3354 0.6713
vn 0.5380 0.6373 0.5517
vn -0.9027 0.2150 -0.3726
vn -0.9030 0.2145 -0.3724
vn -0.1257 -0.9534 -0.2742
vn -0.0679 -0.9108 -0.4071
vn 0.4526 -0.8741 -0.1762
vn -0.8851 0.2597 -0.3861
vn 0.0496 0.8976 0.4380
vn 0.0543 0.8972 0.4383
vn -0.8423 0.5111 -0.1709
vn -0.0524 -0.8967 -0.4396
vn 0.8557 -0.2112 0.4724
vn 0.1368 -0.3619 0.9221
vn 0.1564 -0.4748 0.8661
vn 0.2818 -0.4207 0.8623
vn 0.2949 -0.4033 0.8662
vn -0.8841 -0.0804 -0.4602
vn -0.6062 0.7936 0.0510
vn -0.9000 -0.1428 0.4118
vn 0.9200 -0.2148 0.3277
vn -0.9046 0.2196 -0.3653
vn -0.9129 -0.0476 -0.4054
vn -0.2977 0.4154 -0.8595
vn -0.2974 0.4154 -0.8596
vn 0.0534 0.8972 0.4384
vn -0.3529 -0.8301 0.4318
vn -0.1259 -0.9534 -0.2741
vn -0.3523 -0.8302 0.4321
vn -0.0037 0.8333 0.5528
vn 0.0471 0.8916 0.4505
vn -0.0037 0.8334 0.5526
vn 0.9952 -0.0979 0.0027
vn -0.8648 0.3606 -0.3494
vn -0.3361 0.9391 -0.0716
vn -0.1993 0.7247 -0.6596
vn 0.3795 0.7282 -0.5707
vn -0.7474 0.3195 0.5825
vn -0.4426 0.8357 0.3251
vn -0.9030 0.3938 -0.1717
vn -0.2604 0.0742 -0.9627
vn -0.4425 -0.4768 -0.7595
vn -0.8855 0.1687 -0.4330
vn 0.6933 -0.2384 0.6801
vn 0.6753 -0.4048 0.6165
vn -0.9337 -0.0283 -0.3569
vn -0.7981 -0.5733 0.1856
vn -0.9031 -0.1399 0.4060
vn -0.0679 -0.9109 -0.4070
vn -0.1258 -0.9533 -0.2744
vn -0.1253 -0.9534 -0.2743
vn 0.6845 0.4793 0.5493
vn 0.1832 0.9745 0.1292
vn 0.3793 0.7284 -0.5707
vn 0.1834 0.9745 0.1294
vn -0.9081 0.2096 -0.3624
vn -0.8854 0.2595 -0.3857
vn -0.1260 -0.9534 -0.2742
vn -0.3524 -0.8302 0.4319
vn -0.9300 0.2206 -0.2941
vn -0.2761 0.2558 0.9265
vn -0.0037 0.8336 0.5524
vn -0.0032 0.8336 0.5523
vn 0.0796 -0.7211 -0.6883
vn -0.9248 0.2266 -0.3057
vn 0.0470 0.8915 0.4506
vn -0.0035 0.8334 0.5526
vn -0.0037 0.8336 0.5523
vn -0.8976 -0.0524 -0.4377
vn -0.4425 -0.4767 -0.7596
vn 0.0795 -0.7209 -0.6885
vn 0.0530 0.8974 0.4381
vn 0.6750 -0.4049 0.6168
vn -0.0606 -0.9048 -0.4216
vn -0.1253 -0.9535 -0.2741
vn -0.1256 -0.9534 -0.2742
vn 0.9157 -0.2189 0.3372
vn 0.9159 -0.2108 0.3416
vn 0.0540 0.8975 0.4377
vn 0.1789 -0.5611 0.8082
vn 0.3914 0.3453 -0.8529
vn 0.9156 -0.2111 0.3423
vn 0.3692 -0.9169 -0.1516
vn 0.0043 -0.2540 0.9672
vn 0.0535 0.8971 0.4385
vn 0.8328 -0.2541 0.4918
vn 0.9712 0.2080 0.1163
vn 0.9143 -0.2346 0.3302
vn 0.9185 -0.2309 0.3210
vn -0.3921 -0.3619 0.8457
vn -0.9006 -0.0814 -0.4269
vn 0.4238 -0.8165 0.3921
vn 0.9691 -0.1776 0.1709
vn -0.6605 -0.5163 -0.5451
vn 0.9837 -0.1660 -0.0694
vn -0.9034 0.2129 -0.3721
vn -0.9038 0.2125 -0.3714
vn -0.9039 0.2123 -0.3712
vn -0.9035 0.2122 -0.3724
vn -0.9031 0.2131 -0.3728
vn -0.0596 -0.9048 -0.4217
vn -0.9039 0.2123 -0.3714
vn -0.9074 0.2095 -0.3643
vn -0.9081 0.2087 -0.3631
vn -0.9074 0.2091 -0.3646
vn -0.9073 0.2093 -0.3647
vn -0.9079 0.2090 -0.3633
vn 0.9836 -0.1664 -0.0697
vn 0.9681 -0.1754 0.1790
vn 0.9681 -0.1754 0.1789
vn 0.3910 0.3457 -0.8530
vn 0.2656 -0.5446 0.7955
vn -0.9084 0.2091 -0.3620
vn -0.9084 0.2084 -0.3625
vn -0.9081 0.2084 -0.3631
vn 0.9190 -0.2241 0.3244
vn 0.6933 -0.2381 0.6802
vn -0.6090 0.7877 0.0925
vn -0.0608 -0.9045 -0.4220
vn 0.8327 -0.2541 0.4919
vn 0.9681 -0.1753 0.1789
vn 0.5176 0.1754 0.8375
vn 0.1787 -0.5611 0.8082
vn 0.9149 -0.2275 0.3335
vn 0.9147 -0.2277 0.3339
vn -0.3923 -0.3616 0.8458
vn -0.9296 0.2214 -0.2945
vn -0.9298 0.2217 -0.2938
vn -0.9309 0.1829 -0.3161
vn -0.0600 -0.9046 -0.4220
vn -0.0595 -0.9047 -0.4219
vn -0.0603 -0.9046 -0.4219
vn -0.9271 0.2243 -0.3005
vn 0.9197 -0.2151 0.3284
vn -0.0616 -0.9047 -0.4216
vn -0.9269 0.2241 -0.3010
vn 0.4974 -0.7424 0.4489
vn 0.6620 -0.7155 0.2231
vn 0.7678 0.1537 0.6220
vn 0.7088 0.5328 0.4623
vn 0.3198 -0.9272 -0.1951
vn -0.9267 0.2243 -0.3014
vn -0.9268 0.2246 -0.3011
vn -0.9269 0.2236 -0.3014
vn -0.9025 0.2135 -0.3741
vn 0.4167 0.6938 0.5873
vn -0.9029 0.2133 -0.3732
vn 0.9187 -0.2307 0.3207
vn 0.9191 -0.2239 0.3241
vn -0.9025 0.2155 -0.3729
vn 0.9158 -0.2108 0.3419
vn 0.9161 -0.2030 0.3458
vn -0.9026 0.2138 -0.3737
vn -0.9025 0.2153 -0.3731
vn -0.9028 0.2150 -0.3724
vn -0.9299 0.2207 -0.2942
vn -0.9290 0.2162 -0.3003
vn -0.9087 0.2099 -0.3608
vn 0.6340 -0.7558 -0.1638
vn -0.9087 0.2086 -0.3617
vn -0.9082 0.2102 -0.3620
vn 0.9204 -0.2068 0.3319
vn -0.0569 -0.9051 -0.4214
vn -0.9083 0.2104 -0.3616
vn 0.9162 -0.2028 0.3455
vn 0.9202 -0.2070 0.3323
vn 0.9142 -0.2348 0.3304
vn 0.0541 0.8973 0.4380
vn -0.3362 0.9391 -0.0714
vn -0.9299 0.2216 -0.2937
vn 0.9143 -0.2356 0.3294
vn -0.9040 0.2203 -0.3664
vn -0.6067 0.7933 0.0519
vn -0.3928 -0.3617 0.8455
vn -0.8426 0.5108 -0.1707
vn -0.7477 0.6617 -0.0559
vn -0.8975 -0.0520 -0.4378
vn -0.8253 -0.2728 -0.4944
vn 0.3907 0.3456 -0.8532
vn 0.3912 0.3456 -0.8530
vn 0.9155 -0.2190 0.3376
vn -0.9266 0.2245 -0.3018
vn 0.0540 0.8973 0.4381
vn 0.9146 -0.2279 0.3341
vn 0.0529 0.8974 0.4381
vn -0.3926 -0.3615 0.8457
vn 0.3915 0.3454 -0.8529
vn 0.0529 0.8975 0.4378
vn -0.0603 -0.9048 -0.4216
s off
f 24/1/1 25/2/2 26/3/3
f 54/4/4 55/5/5 56/6/5
f 60/7/6 61/8/6 62/9/6
f 66/10/7 54/4/8 67/11/8
f 67/11/9 68/12/10 66/10/10
f 2/13/11 69/14/12 66/10/12
f 70/15/13 71/16/14 72/17/13
f 81/18/6 82/19/6 83/20/6
f 84/21/15 85/22/16 86/23/16
f 108/24/17 109/25/18 110/26/19
f 124/27/20 125/28/20 126/29/20
f 186/30/21 187/31/22 188/32/23
f 201/33/24 202/34/6 203/35/6
f 219/36/25 220/37/26 19/38/27
f 235/39/28 236/40/6 237/41/6
f 238/42/29 239/43/29 240/44/29
f 237/41/30 241/45/6 242/46/30
f 245/47/31 34/48/32 246/49/33
f 250/50/34 251/51/35 252/52/35
f 258/53/36 259/54/37 260/55/36
f 268/56/13 269/57/13 270/58/13
f 353/59/38 298/60/39 354/61/40
f 377/62/41 378/63/42 379/64/42
f 379/64/42 380/65/43 377/62/44
f 377/62/45 381/66/46 382/67/47
f 382/67/48 383/68/49 377/62/50
f 410/69/51 411/70/51 412/71/51
f 419/72/52 423/73/26 418/74/26
f 424/75/53 425/76/53 416/77/53
f 328/78/54 432/79/55 433/80/55
f 453/81/56 454/82/57 455/83/57
f 455/83/58 456/84/58 453/81/58
f 453/81/59 457/85/60 458/86/60
f 458/86/61 459/87/61 453/81/61
f 379/64/62 466/88/63 467/89/64
f 477/90/65 478/91/66 479/92/67
f 479/92/68 480/93/69 467/89/70
f 467/89/71 481/94/72 479/92/72
f 481/94/73 477/90/65 479/92/67
f 487/95/20 488/96/20 489/97/20
f 500/98/13 501/99/13 502/100/13
f 507/101/74 487/95/74 508/102/74
f 508/102/75 509/103/75 507/101/75
f 511/104/76 512/105/76 507/101/77
f 194/106/78 456/84/78 70/15/78
f 546/107/79 270/58/78 269/57/78
f 553/108/65 554/109/80 477/90/65
f 477/90/81 555/110/82 553/108/81
f 553/108/83 556/111/84 557/112/83
f 557/112/85 558/113/86 553/108/87
f 559/114/88 560/115/88 424/75/89
f 570/116/90 573/117/91 574/118/92
f 583/119/93 584/120/93 585/121/94
f 110/26/95 592/122/96 108/24/96
f 593/123/59 594/124/97 595/125/98
f 600/126/13 601/127/13 602/128/13
f 619/129/33 620/130/99 602/128/100
f 602/128/89 652/131/56 619/129/56
f 489/97/22 508/102/22 487/95/22
f 662/132/101 467/89/71 480/93/102
f 594/124/103 663/133/103 664/134/104
f 56/6/5 668/135/5 669/136/105
f 412/71/106 688/137/107 410/69/108
f 268/56/109 664/134/110 663/133/109
f 698/138/111 699/139/112 700/140/113
f 71/16/114 659/141/115 702/142/116
f 704/143/117 55/5/5 410/69/5
f 708/144/118 709/145/118 710/146/118
f 179/147/119 724/148/120 725/149/121
f 724/148/122 660/150/123 725/149/122
f 741/151/124 742/152/125 743/153/126
f 742/152/127 230/154/128 743/153/129
f 743/153/130 267/155/131 744/156/130
f 744/156/132 741/151/124 743/153/132
f 178/157/133 700/140/134 724/148/135
f 749/158/136 750/159/137 584/120/138
f 763/160/139 182/161/140 742/152/141
f 766/162/142 628/163/143 110/26/144
f 108/24/145 767/164/146 768/165/147
f 777/166/148 778/167/149 779/168/7
f 780/169/150 348/170/151 781/171/152
f 67/11/153 56/6/10 782/172/154
f 784/173/155 785/174/156 786/175/157
f 750/159/158 787/176/159 584/120/160
f 72/17/13 702/142/58 500/98/13
f 830/177/161 831/178/161 832/179/161
f 837/180/13 11/181/162 269/57/13
f 844/182/163 847/183/164 848/184/165
f 867/185/166 868/186/167 869/187/166
f 869/187/168 870/188/169 867/185/168
f 867/185/170 180/189/171 763/160/172
f 763/160/139 58/190/173 867/185/174
f 871/191/175 874/192/176 875/193/177
f 898/194/178 899/195/179 900/196/178
f 900/196/180 901/197/181 898/194/180
f 901/197/182 382/67/183 898/194/183
f 382/67/184 842/198/184 898/194/184
f 138/199/185 110/26/186 109/25/187
f 126/29/91 912/200/188 124/27/189
f 874/192/190 617/201/191 916/202/192
f 157/203/193 877/204/194 82/19/193
f 450/205/195 795/206/196 882/207/195
f 923/208/197 83/20/197 203/35/197
f 213/209/26 924/210/26 645/211/26
f 105/212/198 900/196/199 899/195/199
f 927/213/200 26/3/201 928/214/202
f 929/215/15 930/216/15 931/217/15
f 202/34/6 932/218/6 933/219/6
f 861/220/203 446/221/204 258/53/205
f 875/193/206 916/202/207 900/196/178
f 934/222/208 935/223/208 921/224/208
f 501/99/13 937/225/13 502/100/13
f 741/151/209 938/226/210 789/227/209
f 948/228/211 782/172/212 924/210/213
f 779/168/5 949/229/5 950/230/5
f 218/231/26 948/228/214 213/209/26
f 886/232/29 951/233/29 882/207/29
f 956/234/215 957/235/216 958/236/217
f 961/237/29 962/238/29 963/239/29
f 433/80/197 832/179/218 831/178/161
f 986/240/219 786/175/157 987/241/220
f 454/82/103 601/127/221 627/242/221
f 1007/243/222 442/244/223 1005/245/223
f 991/246/224 958/236/225 957/235/226
f 979/247/227 408/248/228 768/165/229
f 555/110/230 614/249/231 556/111/232
f 965/250/233 171/251/234 143/252/235
f 1013/253/236 1014/254/29 1012/255/237
f 236/40/238 967/256/239 241/45/238
f 556/111/240 516/257/241 730/258/242
f 786/175/243 1017/259/244 1018/260/245
f 768/165/246 1022/261/247 108/24/248
f 1015/262/249 978/263/250 955/264/251
f 62/9/252 1023/265/252 60/7/252
f 1024/266/22 188/32/253 187/31/22
f 955/264/251 134/267/254 953/268/255
f 1018/260/256 987/241/257 786/175/258
f 728/269/259 502/100/260 937/225/260
f 574/118/15 951/233/15 912/200/261
f 557/112/262 730/258/263 958/236/225
f 766/162/142 143/252/264 171/251/265
f 549/270/266 937/225/13 270/58/13
f 1029/271/20 972/272/267 971/273/20
f 1029/271/91 509/103/91 238/42/91
f 928/214/268 260/55/269 259/54/270
f 933/219/252 203/35/252 202/34/271
f 423/73/26 1034/274/272 1035/275/273
f 891/276/274 1037/277/275 830/177/275
f 200/278/276 457/85/13 194/106/13
f 1038/279/26 273/280/277 282/281/26
f 1032/282/278 68/12/26 218/231/26
f 768/165/246 980/283/279 979/247/227
f 699/139/280 1039/284/281 24/1/282
f 668/135/153 529/285/283 669/136/284
f 353/59/38 156/286/285 163/287/286
f 962/238/29 982/288/287 240/44/29
f 573/117/29 882/207/29 951/233/29
f 219/36/25 645/211/26 924/210/26
f 270/58/13 1050/289/13 268/56/13
f 971/273/29 510/290/29 1029/271/29
f 1051/291/26 282/281/26 418/74/26
f 650/292/288 83/20/289 82/19/289
f 1055/293/289 242/46/30 61/8/289
f 744/156/290 5/294/291 987/241/292
f 1057/295/293 433/80/294 1058/296/295
f 240/44/29 963/239/296 962/238/29
f 152/297/297 354/61/298 698/138/299
f 950/230/300 1069/298/300 529/285/301
f 1071/299/302 1020/300/303 1072/301/304
f 1072/301/33 9/302/305 837/180/306
f 837/180/78 663/133/78 1072/301/78
f 1072/301/307 559/114/307 1071/299/307
f 1075/303/6 62/9/308 61/8/6
f 61/8/309 707/304/310 1075/303/208
f 707/304/311 1059/305/312 1075/303/252
f 1059/305/313 1076/306/6 1075/303/6
f 1082/307/314 1083/308/315 1084/309/315
f 1084/309/12 1038/279/316 1051/291/12
f 1051/291/35 530/310/317 1084/309/35
f 1085/311/318 237/41/295 1055/293/295
f 1035/275/26 418/74/26 423/73/26
f 1120/312/319 124/27/320 912/200/20
f 912/200/321 961/237/321 1120/312/236
f 1120/312/20 963/239/322 1121/313/322
f 1121/313/22 1122/314/323 1120/312/323
f 1123/315/324 1124/316/325 458/86/325
f 187/31/326 1130/317/326 1024/266/16
f 709/145/327 1076/306/327 1132/318/327
f 1132/318/238 1133/319/238 1134/320/238
f 1134/320/295 441/321/295 1132/318/295
f 1132/318/275 710/146/275 709/145/275
f 85/22/323 512/105/323 1135/322/323
f 1135/322/74 1024/266/74 1130/317/74
f 1130/317/328 1080/323/328 1135/322/328
f 1135/322/74 86/23/16 85/22/16
f 24/1/329 700/140/330 699/139/331
f 848/184/332 1002/324/333 869/187/166
f 1138/325/334 126/29/335 125/28/335
f 1140/326/6 1141/327/6 1142/328/6
f 1142/328/252 933/219/252 932/218/252
f 932/218/295 1118/329/295 1142/328/295
f 1142/328/295 893/330/295 1140/326/295
f 1144/331/336 1049/332/337 1071/299/338
f 1144/331/58 416/77/58 246/49/58
f 246/49/339 36/333/340 1144/331/339
f 354/61/341 300/334/342 699/139/343
f 1145/335/252 1037/277/252 1005/245/252
f 1005/245/161 1134/320/161 1145/335/161
f 1145/335/344 1133/319/344 1058/296/344
f 1058/296/208 831/178/208 1145/335/208
f 584/120/345 1148/336/346 585/121/347
f 1149/337/35 1095/338/35 1082/307/348
f 1082/307/349 949/229/350 1149/337/351
f 1149/337/352 778/167/10 252/52/352
f 252/52/352 1150/339/51 1149/337/352
f 1152/340/353 60/7/354 1023/265/354
f 704/143/355 950/230/356 668/135/211
f 930/216/74 1122/314/74 1154/341/74
f 1154/341/20 489/97/20 488/96/20
f 488/96/357 225/342/357 1154/341/357
f 1154/341/358 931/217/358 930/216/358
f 1155/343/359 921/224/360 935/223/360
f 1158/344/361 1012/255/362 1014/254/362
f 411/70/356 69/14/356 1168/345/363
f 552/346/364 147/347/365 1168/345/366
f 1168/345/367 412/71/108 411/70/108
f 652/131/368 459/87/368 1170/348/368
f 1170/348/307 1124/316/338 1171/349/369
f 1171/349/370 30/350/370 1170/348/78
f 1170/348/371 619/129/371 652/131/371
f 832/179/208 1062/351/208 1172/352/208
f 1172/352/252 1173/353/252 1140/326/252
f 1140/326/208 892/354/161 1172/352/275
f 1172/352/197 830/177/197 832/179/197
f 1174/355/372 31/356/373 1171/349/373
f 1061/357/374 158/358/375 1179/359/376
f 1179/359/377 81/18/378 923/208/379
f 923/208/354 1141/327/354 1179/359/354
f 643/360/380 869/187/381 868/186/382
f 239/43/326 1121/313/326 963/239/326
f 18/361/383 645/211/384 19/38/213
f 29/362/385 619/129/386 30/350/386
f 27/363/387 30/350/388 31/356/388
f 54/4/9 411/70/10 55/5/10
f 60/7/389 1055/293/295 61/8/295
f 67/11/390 948/228/391 68/12/392
f 2/13/393 8/364/393 69/14/214
f 70/15/13 456/84/13 71/16/13
f 81/18/6 157/203/6 82/19/6
f 84/21/29 488/96/76 85/22/29
f 101/365/394 104/366/395 105/212/396
f 124/27/319 930/216/77 125/28/77
f 142/367/397 965/250/398 143/252/399
f 145/368/400 412/71/401 147/347/402
f 155/369/403 897/370/404 156/286/405
f 186/30/406 192/371/407 187/31/408
f 193/372/409 200/278/410 194/106/411
f 201/33/412 207/373/413 202/34/327
f 208/374/414 70/15/13 72/17/13
f 195/375/415 194/106/89 70/15/89
f 212/376/416 218/231/26 213/209/26
f 217/377/417 1032/282/418 218/231/7
f 219/36/25 1034/274/419 220/37/26
f 224/378/420 931/217/421 225/342/321
f 222/379/422 225/342/188 84/21/188
f 235/39/423 44/380/424 236/40/425
f 238/42/29 509/103/29 239/43/29
f 237/41/6 236/40/6 241/45/6
f 250/50/426 78/381/427 251/51/428
f 258/53/429 446/221/430 259/54/431
f 268/56/13 837/180/13 269/57/13
f 278/382/432 281/383/433 282/281/26
f 410/69/384 55/5/384 411/70/384
f 419/72/434 422/384/435 423/73/26
f 328/78/436 1064/385/437 432/79/438
f 440/386/439 710/146/218 441/321/193
f 453/81/369 459/87/440 454/82/100
f 455/83/441 71/16/114 456/84/114
f 453/81/336 456/84/336 457/85/336
f 458/86/442 1124/316/443 459/87/443
f 481/94/444 1143/387/445 477/90/444
f 487/95/335 85/22/328 488/96/335
f 500/98/13 702/142/373 501/99/13
f 507/101/15 512/105/15 487/95/15
f 508/102/15 239/43/15 509/103/15
f 507/101/446 509/103/15 510/290/91
f 520/388/447 1068/389/448 521/390/449
f 194/106/13 457/85/13 456/84/13
f 546/107/450 549/270/451 270/58/13
f 553/108/81 558/113/452 554/109/452
f 553/108/87 555/110/82 556/111/232
f 559/114/453 594/124/454 560/115/453
f 570/116/455 451/391/456 573/117/446
f 583/119/109 749/158/61 584/120/457
f 593/123/57 560/115/57 594/124/57
f 600/126/89 593/123/458 601/127/89
f 214/392/459 213/209/26 645/211/26
f 602/128/98 601/127/98 652/131/98
f 455/83/460 454/82/461 627/242/462
f 489/97/20 1121/313/326 508/102/326
f 594/124/338 559/114/33 663/133/33
f 56/6/384 55/5/384 668/135/384
f 268/56/463 1050/289/464 664/134/465
f 71/16/338 455/83/338 659/141/338
f 704/143/466 668/135/356 55/5/356
f 708/144/238 1023/265/238 709/145/238
f 22/393/467 790/394/468 730/258/469
f 741/151/209 789/227/209 742/152/209
f 744/156/470 1018/260/471 741/151/472
f 209/395/473 72/17/474 500/98/474
f 757/396/475 500/98/13 502/100/13
f 777/166/476 253/397/477 778/167/478
f 67/11/8 54/4/479 56/6/8
f 750/159/480 1210/398/481 787/176/482
f 72/17/13 71/16/14 702/142/373
f 830/177/252 1037/277/252 831/178/252
f 841/399/483 899/195/484 842/198/485
f 839/400/486 842/198/487 381/66/487
f 867/185/488 58/190/489 868/186/173
f 871/191/490 756/401/491 874/192/492
f 876/402/493 650/292/288 82/19/494
f 881/403/495 886/232/357 882/207/357
f 885/404/496 962/238/22 886/232/22
f 898/194/497 842/198/497 899/195/498
f 382/67/499 381/66/499 842/198/499
f 126/29/92 574/118/92 912/200/358
f 920/405/500 934/222/252 921/224/252
f 923/208/501 81/18/501 83/20/501
f 213/209/26 948/228/26 924/210/26
f 624/406/502 643/360/503 868/186/503
f 929/215/22 125/28/22 930/216/22
f 202/34/501 935/223/501 932/218/501
f 934/222/6 932/218/6 935/223/6
f 501/99/13 1050/289/13 937/225/13
f 560/115/453 593/123/115 600/126/453
f 948/228/366 67/11/504 782/172/365
f 779/168/390 778/167/505 949/229/505
f 218/231/26 68/12/26 948/228/26
f 886/232/236 961/237/236 951/233/236
f 956/234/506 960/407/507 957/235/508
f 961/237/29 886/232/29 962/238/29
f 433/80/193 432/79/193 832/179/161
f 966/408/509 233/409/510 241/45/511
f 970/410/512 405/411/513 971/273/29
f 981/412/514 238/42/29 240/44/29
f 985/413/515 1029/271/77 238/42/516
f 986/240/517 784/173/518 786/175/519
f 717/414/520 554/109/521 558/113/522
f 989/415/523 558/113/524 991/246/524
f 454/82/368 652/131/368 601/127/368
f 1007/243/525 443/416/526 442/244/501
f 1011/417/527 1013/253/528 1012/255/91
f 965/250/233 172/418/529 171/251/530
f 1013/253/237 1130/317/29 1014/254/29
f 59/419/531 58/190/532 788/420/533
f 62/9/252 709/145/252 1023/265/252
f 955/264/534 978/263/535 134/267/535
f 1018/260/256 744/156/536 987/241/537
f 728/269/538 765/421/539 502/100/98
f 574/118/540 573/117/540 951/233/540
f 511/104/541 510/290/29 722/422/29
f 549/270/542 728/269/543 937/225/13
f 1029/271/236 510/290/236 509/103/236
f 933/219/544 923/208/544 203/35/544
f 1033/423/545 929/215/20 931/217/20
f 891/276/546 1006/424/547 1037/277/344
f 200/278/410 1043/425/372 457/85/13
f 1032/282/548 3/426/548 68/12/300
f 668/135/7 950/230/7 529/285/351
f 573/117/29 450/205/29 882/207/29
f 219/36/25 19/38/26 645/211/26
f 270/58/13 937/225/13 1050/289/13
f 971/273/29 722/422/29 510/290/29
f 1051/291/300 1038/279/300 282/281/300
f 650/292/549 204/427/550 83/20/289
f 1055/293/271 237/41/271 242/46/271
f 1057/295/551 328/78/552 433/80/252
f 240/44/29 239/43/29 963/239/29
f 1061/357/553 1173/353/208 1062/351/208
f 1070/428/554 708/144/6 710/146/6
f 837/180/98 268/56/302 663/133/98
f 1072/301/369 663/133/307 559/114/307
f 1075/303/344 1076/306/344 62/9/344
f 1059/305/555 1133/319/252 1076/306/252
f 1079/429/556 86/23/20 1080/323/20
f 1077/430/557 1080/323/92 1013/253/322
f 1082/307/558 1095/338/558 1083/308/558
f 1084/309/559 1083/308/560 1038/279/365
f 271/431/561 1038/279/356 1083/308/562
f 1093/432/563 1083/308/365 1095/338/214
f 1099/433/564 1100/434/565 929/215/77
f 1035/275/26 1051/291/26 418/74/26
f 1114/435/566 1115/436/567 708/144/238
f 887/437/568 893/330/275 1118/329/275
f 1116/438/500 1118/329/569 934/222/6
f 912/200/76 951/233/253 961/237/76
f 1120/312/195 961/237/195 963/239/195
f 1121/313/22 489/97/22 1122/314/22
f 1123/315/570 1127/439/571 1124/316/474
f 187/31/572 1014/254/77 1130/317/572
f 709/145/161 62/9/161 1076/306/161
f 1134/320/295 442/244/309 441/321/295
f 1132/318/425 441/321/425 710/146/425
f 1135/322/253 512/105/15 1024/266/253
f 1130/317/77 1013/253/573 1080/323/77
f 1135/322/15 1080/323/15 86/23/15
f 1138/325/574 575/440/575 126/29/29
f 1140/326/252 1173/353/118 1141/327/252
f 1142/328/576 1141/327/576 933/219/308
f 932/218/118 934/222/118 1118/329/118
f 1142/328/193 1118/329/193 893/330/193
f 612/441/577 555/110/578 1143/387/579
f 1071/299/89 559/114/89 424/75/89
f 1144/331/336 424/75/580 416/77/581
f 1145/335/208 831/178/208 1037/277/208
f 1005/245/193 442/244/378 1134/320/193
f 1145/335/55 1134/320/238 1133/319/238
f 1058/296/193 433/80/193 831/178/193
f 584/120/582 787/176/583 1148/336/584
f 1149/337/585 1150/339/586 1095/338/586
f 1082/307/149 1069/298/558 949/229/317
f 252/52/587 251/51/365 1150/339/587
f 1152/340/588 1088/442/589 60/7/218
f 704/143/590 779/168/390 950/230/7
f 945/443/591 741/151/592 1018/260/593
f 930/216/29 124/27/29 1122/314/29
f 1154/341/326 1122/314/326 489/97/326
f 488/96/29 84/21/29 225/342/29
f 1154/341/261 225/342/261 931/217/261
f 1155/343/594 1102/444/595 921/224/596
f 1158/344/597 1106/445/598 1012/255/74
f 1091/446/599 1095/338/300 1150/339/300
f 1162/447/600 1150/339/601 251/51/153
f 411/70/10 54/4/10 69/14/10
f 552/346/602 148/448/278 147/347/10
f 652/131/603 454/82/221 459/87/603
f 1170/348/59 459/87/604 1124/316/604
f 1171/349/89 31/356/59 30/350/260
f 1170/348/370 30/350/370 619/129/370
f 832/179/55 432/79/55 1062/351/55
f 1172/352/161 1062/351/161 1173/353/161
f 1140/326/118 893/330/118 892/354/118
f 1172/352/501 892/354/6 830/177/501
f 1174/355/605 116/449/606 31/356/89
f 1179/359/197 1141/327/607 1173/353/197
f 1179/359/208 158/358/608 81/18/208
f 1180/450/609 1227/451/610 1046/452/611
f 643/360/612 848/184/613 869/187/613
f 226/453/614 84/21/188 86/23/188
f 239/43/15 508/102/15 1121/313/15
s 1
f 1/454/615 2/13/616 3/426/617
f 4/455/618 5/294/291 6/456/619
f 7/457/620 8/364/621 2/13/616
f 9/302/622 10/458/623 11/181/624
f 12/459/625 13/460/626 14/461/627
f 15/462/628 16/463/629 17/464/630
f 18/361/631 19/38/587 20/465/632
f 21/466/633 22/393/467 23/467/634
f 27/363/635 28/468/636 29/362/637
f 29/362/637 30/350/638 27/363/635
f 27/363/635 31/356/13 32/469/639
f 32/469/639 33/470/640 27/363/635
f 34/48/641 35/471/642 36/333/643
f 37/472/623 36/333/643 35/471/642
f 38/473/644 39/474/645 40/475/646
f 40/475/646 41/476/647 38/473/644
f 38/473/644 42/477/648 43/478/649
f 43/478/649 44/380/650 38/473/644
f 45/479/651 46/480/652 47/481/653
f 48/482/654 49/483/655 50/484/656
f 51/485/657 52/486/658 53/487/659
f 57/488/660 58/190/661 59/419/662
f 63/489/663 64/490/664 65/491/665
f 66/10/300 3/426/617 2/13/616
f 73/492/666 74/493/667 75/494/668
f 73/492/666 76/495/669 77/496/670
f 77/496/670 78/381/671 73/492/666
f 73/492/666 79/497/672 80/498/673
f 87/499/674 88/500/675 89/501/676
f 90/502/677 91/503/678 92/504/679
f 93/505/680 94/506/681 95/507/647
f 93/505/680 96/508/682 97/509/683
f 93/505/680 98/510/684 99/511/685
f 99/511/685 100/512/686 93/505/680
f 101/365/687 102/513/688 103/514/689
f 103/514/689 104/366/690 101/365/687
f 101/365/687 105/212/691 106/515/692
f 106/515/692 107/516/693 101/365/687
f 111/517/694 112/518/695 113/519/696
f 114/520/697 115/521/698 32/469/639
f 32/469/639 116/449/410 114/520/697
f 114/520/697 117/522/699 118/523/700
f 114/520/697 119/524/701 120/525/702
f 121/526/703 122/527/704 123/528/705
f 127/529/706 128/530/707 129/531/708
f 130/532/709 131/533/710 132/534/711
f 132/534/711 133/535/712 130/532/709
f 130/532/709 134/267/713 135/536/714
f 135/536/714 136/537/715 130/532/709
f 137/538/716 138/199/717 139/539/718
f 139/539/718 140/540/719 137/538/716
f 137/538/716 141/541/720 142/367/721
f 142/367/721 143/252/722 137/538/716
f 144/542/723 145/368/724 146/543/725
f 145/368/724 147/347/726 146/543/725
f 146/543/725 148/448/548 149/544/727
f 146/543/725 150/545/728 144/542/723
f 151/546/729 152/297/730 153/547/731
f 153/547/731 154/548/732 151/546/729
f 154/548/732 155/369/403 151/546/729
f 155/369/403 156/286/733 151/546/729
f 157/203/193 158/358/734 159/549/735
f 160/550/736 161/551/737 162/552/738
f 162/552/738 163/287/286 160/550/736
f 160/550/736 129/531/708 128/530/707
f 128/530/707 164/553/739 160/550/736
f 165/554/740 166/555/741 167/556/742
f 168/557/743 169/558/744 170/559/745
f 169/558/744 171/251/746 170/559/745
f 170/559/745 172/418/747 173/560/748
f 173/560/748 168/557/743 170/559/745
f 174/561/749 175/562/750 176/563/751
f 177/564/752 178/157/753 179/147/119
f 180/189/754 181/565/755 182/161/756
f 183/566/757 184/567/758 185/568/759
f 188/32/15 189/569/361 186/30/513
f 189/569/361 190/570/760 186/30/513
f 186/30/513 191/571/761 192/371/762
f 193/372/763 194/106/89 195/375/415
f 193/372/763 196/572/764 197/573/765
f 193/372/763 198/574/766 199/575/646
f 199/575/646 200/278/410 193/372/763
f 203/35/218 204/427/767 201/33/412
f 204/427/767 205/576/768 201/33/412
f 201/33/412 206/577/769 207/373/413
f 208/374/770 72/17/771 209/395/772
f 208/374/770 210/578/773 211/579/774
f 211/579/774 195/375/415 208/374/770
f 195/375/415 70/15/411 208/374/770
f 212/376/775 213/209/26 214/392/459
f 214/392/459 215/580/776 212/376/775
f 212/376/775 216/581/777 217/377/778
f 217/377/778 218/231/300 212/376/775
f 221/582/779 173/560/748 172/418/747
f 222/379/780 223/583/781 224/378/782
f 224/378/782 225/342/783 222/379/780
f 222/379/780 84/21/326 226/453/784
f 226/453/784 227/584/785 222/379/780
f 228/585/786 142/367/721 141/541/720
f 229/586/694 230/154/128 231/587/787
f 232/588/788 233/409/510 234/589/789
f 243/590/790 244/591/791 245/47/792
f 246/49/368 247/592/793 245/47/792
f 245/47/792 248/593/794 243/590/790
f 249/594/795 78/381/671 250/50/796
f 252/52/797 253/397/798 250/50/796
f 250/50/796 254/595/799 249/594/795
f 255/596/800 256/597/801 257/598/802
f 261/599/803 262/600/804 263/601/805
f 264/602/806 265/603/807 266/604/728
f 267/155/808 6/456/619 5/294/291
f 271/431/809 272/605/810 273/280/277
f 274/606/811 275/607/812 276/608/813
f 273/280/277 277/609/814 278/382/815
f 278/382/815 279/610/816 280/611/817
f 280/611/817 281/383/818 278/382/815
f 278/382/815 282/281/7 273/280/277
f 283/612/819 284/613/820 285/614/821
f 285/614/821 286/615/822 287/616/823
f 287/616/823 288/617/824 285/614/821
f 285/614/821 289/618/825 283/612/819
f 290/619/826 291/620/827 292/621/828
f 291/620/827 293/622/829 292/621/828
f 292/621/828 183/566/757 154/548/732
f 292/621/828 177/564/752 290/619/826
f 294/623/830 295/624/831 296/625/832
f 297/626/833 50/484/656 49/483/655
f 298/60/834 299/627/835 300/334/342
f 179/147/119 290/619/826 177/564/752
f 301/628/836 302/629/837 303/630/838
f 304/631/839 305/632/840 306/633/841
f 307/634/842 308/635/843 309/636/844
f 310/637/845 311/638/846 312/639/847
f 312/639/847 313/640/848 314/641/849
f 314/641/849 315/642/850 312/639/847
f 312/639/847 316/643/851 310/637/845
f 317/644/852 318/645/853 319/646/854
f 319/646/854 320/647/855 321/648/856
f 321/648/856 322/649/857 319/646/854
f 319/646/854 323/650/858 317/644/852
f 324/651/859 325/652/860 326/653/861
f 327/654/862 328/78/863 329/655/864
f 330/656/865 331/657/866 332/658/867
f 333/659/868 334/660/869 335/661/870
f 325/652/860 336/662/871 337/663/872
f 324/651/859 338/664/873 339/665/874
f 340/666/875 341/667/876 342/668/877
f 340/666/875 343/669/848 344/670/878
f 345/671/879 346/672/880 347/673/881
f 348/170/882 349/674/883 350/675/884
f 326/653/861 337/663/872 351/676/885
f 326/653/861 352/677/886 338/664/873
f 355/678/887 356/679/888 357/680/889
f 358/681/890 359/682/891 360/683/858
f 361/684/892 362/685/893 363/686/894
f 363/686/894 364/687/895 361/684/892
f 364/687/895 365/688/896 361/684/892
f 361/684/892 366/689/897 367/690/898
f 368/691/899 297/626/833 369/692/900
f 370/693/901 371/694/902 372/695/903
f 372/695/903 373/696/904 370/693/901
f 370/693/901 92/504/679 91/503/678
f 370/693/901 357/680/889 356/679/888
f 374/697/905 375/698/906 376/699/907
f 384/700/908 385/701/909 386/702/910
f 387/703/911 59/419/662 388/704/912
f 389/705/913 390/706/914 391/707/845
f 391/707/845 392/708/915 389/705/913
f 389/705/913 393/709/916 394/710/917
f 394/710/917 395/711/918 389/705/913
f 332/658/867 396/712/919 397/713/920
f 398/714/921 399/715/922 400/716/923
f 401/717/924 402/718/925 403/719/788
f 404/720/926 405/411/597 406/721/623
f 407/722/927 408/248/928 409/723/929
f 413/724/930 414/725/931 415/726/932
f 416/77/386 417/727/933 247/592/793
f 418/74/300 281/383/818 419/72/934
f 419/72/934 420/728/935 421/729/936
f 421/729/936 422/384/937 419/72/934
f 426/730/938 427/731/939 428/732/940
f 429/733/941 430/734/942 431/735/943
f 434/736/944 435/737/945 436/738/946
f 436/738/946 260/55/947 434/736/944
f 434/736/944 26/3/948 25/2/949
f 25/2/949 437/739/950 434/736/944
f 438/740/951 439/741/952 440/386/953
f 440/386/953 441/321/161 438/740/951
f 438/740/951 442/244/954 443/416/955
f 443/416/955 444/742/956 438/740/951
f 445/743/957 446/221/204 447/744/958
f 445/743/957 448/745/959 394/710/917
f 394/710/917 449/746/960 445/743/957
f 449/746/960 259/54/961 445/743/957
f 450/205/29 451/391/334 452/747/565
f 460/748/962 293/622/829 461/749/963
f 462/750/964 463/751/965 464/752/966
f 463/751/965 465/753/967 464/752/966
f 128/530/707 468/754/968 469/755/969
f 470/756/970 471/757/971 472/758/972
f 472/758/972 473/759/864 474/760/973
f 474/760/973 475/761/925 472/758/972
f 472/758/972 476/762/974 470/756/970
f 482/763/975 339/665/874 483/764/976
f 484/765/977 485/766/978 486/767/853
f 490/768/979 276/608/813 275/607/812
f 184/567/758 173/560/748 491/769/980
f 492/770/981 265/603/807 493/771/982
f 494/772/983 495/773/984 496/774/985
f 497/775/986 498/776/987 499/777/988
f 498/776/987 483/764/976 499/777/988
f 503/778/989 504/779/977 359/682/891
f 89/501/676 505/780/990 506/781/991
f 507/101/29 510/290/29 511/104/29
f 513/782/992 514/783/993 515/784/994
f 516/257/995 23/467/634 22/393/467
f 517/785/996 518/786/997 519/787/998
f 520/388/999 521/390/1000 522/788/1001
f 427/731/939 523/789/1002 428/732/940
f 524/790/1003 525/791/1004 275/607/812
f 461/749/963 526/792/1005 527/793/1006
f 526/792/1005 518/786/997 527/793/1006
f 527/793/1006 528/794/1007 168/557/743
f 527/793/1006 460/748/962 461/749/963
f 529/285/273 530/310/384 531/795/1008
f 452/747/565 532/796/615 533/797/1009
f 534/798/974 535/799/1010 536/800/1011
f 537/801/1012 538/802/1013 539/803/803
f 540/804/1014 541/805/1015 542/806/1016
f 543/807/1017 544/808/1018 545/809/1019
f 269/57/13 16/463/629 546/107/1020
f 546/107/1020 547/810/1021 548/811/1022
f 548/811/1022 549/270/1023 546/107/1020
f 344/670/878 550/812/1024 340/666/875
f 551/813/1025 552/346/602 8/364/621
f 561/814/1026 562/815/1027 563/816/1028
f 564/817/1029 565/818/1030 566/819/1031
f 360/683/858 376/699/907 358/681/890
f 567/820/1032 384/700/908 568/821/1033
f 274/606/811 308/635/843 569/822/1034
f 570/116/334 571/823/1035 572/824/1036
f 572/824/1036 451/391/334 570/116/334
f 574/118/92 575/440/1037 570/116/334
f 158/358/734 576/825/870 159/549/735
f 540/804/1014 577/826/1038 578/827/1039
f 540/804/1014 579/828/1040 580/829/1041
f 540/804/1014 581/830/1042 582/831/1043
f 499/777/988 586/832/1044 587/833/1045
f 588/834/1046 461/749/963 293/622/829
f 339/665/874 589/835/1047 324/651/859
f 589/835/1047 50/484/656 324/651/859
f 464/752/966 590/836/1048 591/837/1049
f 596/838/1050 597/839/1051 550/812/1024
f 597/839/1051 598/840/1052 550/812/1024
f 599/841/1053 520/388/999 522/788/1001
f 603/842/1054 497/775/986 604/843/1055
f 464/752/966 605/844/1056 462/750/964
f 587/833/1045 606/845/1057 607/846/1058
f 587/833/1045 608/847/1059 604/843/1055
f 604/843/1055 499/777/988 587/833/1045
f 591/837/1049 609/848/1060 610/849/1061
f 591/837/1049 611/850/1062 605/844/1056
f 612/441/577 613/851/1063 614/249/231
f 615/852/1064 604/843/1055 608/847/1059
f 616/853/1065 346/672/880 598/840/1052
f 617/201/1066 388/704/912 618/854/1067
f 621/855/1068 622/856/1069 623/857/1070
f 563/816/1028 624/406/1071 561/814/1026
f 625/858/1072 626/859/1073 384/700/908
f 344/670/878 465/753/967 596/838/1050
f 627/242/57 593/123/1074 595/125/306
f 628/163/1075 528/794/1007 517/785/996
f 91/503/678 430/734/942 357/680/889
f 629/860/1076 630/861/1077 631/862/1078
f 629/860/1076 632/863/1079 633/864/1080
f 355/678/887 634/865/1081 635/866/1082
f 636/867/1083 637/868/1084 638/869/1085
f 636/867/1083 639/870/1086 640/871/1087
f 357/680/889 641/872/1088 355/678/887
f 519/787/998 642/873/1089 538/802/1013
f 643/360/1090 566/819/1031 565/818/1030
f 644/874/1091 605/844/1056 611/850/1062
f 214/392/459 645/211/384 18/361/631
f 646/875/1092 647/876/1093 648/877/1094
f 646/875/1092 431/735/943 430/734/942
f 649/878/1095 650/292/549 651/879/1096
f 519/787/998 294/623/830 517/785/996
f 653/880/1097 480/93/1098 622/856/1069
f 654/881/1099 655/882/703 656/883/1100
f 656/883/1100 657/884/979 396/712/919
f 656/883/1100 331/657/866 658/885/1101
f 658/885/1101 654/881/1099 656/883/1100
f 455/83/1102 627/242/1103 659/141/1104
f 392/708/915 660/150/1105 393/709/916
f 322/649/857 633/864/1080 323/650/858
f 661/886/1106 629/860/1076 322/649/857
f 665/887/1107 666/888/1108 661/886/1106
f 582/831/1043 88/500/675 541/805/1015
f 309/636/844 276/608/813 667/889/902
f 670/890/1109 671/891/1019 672/892/978
f 672/892/978 673/893/1110 670/890/1109
f 673/893/1110 542/806/1016 670/890/1109
f 542/806/1016 674/894/1111 670/890/1109
f 675/895/1112 676/896/1113 677/897/1114
f 677/897/1114 678/898/1115 675/895/1112
f 675/895/1112 679/899/1060 680/900/1116
f 680/900/1116 681/901/820 675/895/1112
f 682/902/1117 683/903/1118 625/858/1072
f 625/858/1072 684/904/1119 682/902/1117
f 684/904/1119 685/905/983 682/902/1117
f 682/902/1117 686/906/1046 687/907/827
f 689/908/1120 690/909/1121 691/910/1122
f 692/911/1123 693/912/1124 398/714/921
f 275/607/812 694/913/1125 490/768/979
f 695/914/1126 696/915/1127 697/916/1128
f 176/563/751 407/722/927 701/917/1129
f 666/888/1108 703/918/1130 630/861/1077
f 705/919/1113 295/624/831 706/920/1131
f 242/46/295 233/409/510 707/304/1132
f 711/921/1073 712/922/1133 713/923/909
f 415/726/932 347/673/881 714/924/1134
f 338/664/873 483/764/976 339/665/874
f 715/925/1135 618/854/1067 716/926/1136
f 717/414/1137 718/927/1138 719/928/1139
f 719/928/1139 623/857/1070 622/856/1069
f 622/856/1069 478/91/1140 719/928/1139
f 719/928/1139 554/109/1141 717/414/1137
f 720/929/1142 505/780/990 721/930/1143
f 561/814/1026 57/488/660 387/703/911
f 517/785/996 592/122/248 628/163/1075
f 722/422/253 405/411/597 189/569/361
f 29/362/637 723/931/1144 620/130/1145
f 398/714/921 726/932/1146 692/911/1123
f 727/933/1147 728/269/1148 729/934/1149
f 22/393/467 730/258/1150 516/257/995
f 302/629/837 731/935/1151 303/630/838
f 550/812/1024 732/936/1152 340/666/875
f 733/937/1153 305/632/840 422/384/937
f 524/790/1003 569/822/1034 734/938/1154
f 635/866/1082 735/939/1155 355/678/887
f 330/656/865 720/929/1142 736/940/1156
f 737/941/844 738/942/1157 739/943/842
f 23/467/634 740/944/1158 21/466/633
f 677/897/1114 745/945/1131 13/460/626
f 746/946/1159 747/947/1160 87/499/674
f 350/675/884 748/948/1161 348/170/882
f 661/886/1106 751/949/1162 665/887/1107
f 752/950/1118 753/951/1163 711/921/1073
f 14/461/627 263/601/805 754/952/1164
f 13/460/626 261/599/803 263/601/805
f 755/953/1165 562/815/1027 756/401/1166
f 209/395/772 500/98/59 757/396/1167
f 51/485/657 385/701/909 758/954/1168
f 759/955/1169 462/750/964 605/844/1056
f 760/956/1170 18/361/631 761/957/1171
f 762/958/1172 563/816/1028 562/815/1027
f 166/555/741 692/911/1123 726/932/1146
f 764/959/1173 388/704/912 59/419/662
f 757/396/1167 502/100/98 765/421/539
f 769/960/1174 262/600/804 365/688/896
f 263/601/805 770/961/1175 754/952/1164
f 688/137/1176 771/962/1177 772/963/1178
f 773/964/1179 774/965/1180 775/966/1181
f 19/38/587 305/632/840 20/465/632
f 3/426/617 776/967/1182 1/454/615
f 400/716/923 690/909/1121 398/714/921
f 162/552/738 783/968/1183 298/60/834
f 598/840/1052 773/964/1179 732/936/1152
f 343/669/848 590/836/1048 344/670/878
f 788/420/1184 742/152/1185 789/227/1186
f 790/394/468 791/969/1187 792/970/1188
f 793/971/1125 396/712/919 657/884/979
f 794/972/706 795/206/196 796/973/1189
f 256/597/801 797/974/1190 798/975/1191
f 798/975/1191 799/976/1192 800/977/1193
f 798/975/1191 801/978/1194 802/979/1195
f 798/975/1191 257/598/802 256/597/801
f 803/980/855 544/808/1018 166/555/741
f 804/981/1196 805/982/1197 806/983/1198
f 806/983/1198 807/984/862 808/985/1199
f 808/985/1199 809/986/1200 806/983/1198
f 806/983/1198 810/987/1201 804/981/1196
f 334/660/869 811/988/1195 812/989/1202
f 811/988/1195 813/990/1203 812/989/1202
f 812/989/1202 814/991/1204 815/992/1205
f 812/989/1202 335/661/870 334/660/869
f 816/993/1206 817/994/1207 818/995/823
f 816/993/1206 819/996/1208 820/997/1209
f 820/997/1209 821/998/1210 816/993/1206
f 821/998/1210 822/999/1211 816/993/1206
f 535/799/1010 823/1000/1212 824/1001/1213
f 824/1001/1213 825/1002/1214 826/1003/1215
f 826/1003/1215 827/1004/1211 824/1001/1213
f 827/1004/1211 535/799/1010 824/1001/1213
f 828/1005/970 829/1006/1216 821/998/1210
f 586/832/1044 352/677/886 606/845/1057
f 473/759/864 808/985/1199 807/984/862
f 833/1007/1217 662/132/1218 653/880/1097
f 653/880/1097 834/1008/1219 833/1007/1217
f 833/1007/1217 835/1009/1220 836/1010/1221
f 836/1010/1221 380/65/1222 833/1007/1217
f 838/1011/1223 217/377/778 216/581/777
f 839/400/1224 840/1012/1225 841/399/1226
f 841/399/1226 842/198/1227 839/400/1224
f 839/400/1224 381/66/1228 836/1010/1221
f 836/1010/1221 843/1013/1229 839/400/1224
f 793/971/1125 87/499/674 397/713/920
f 774/965/1180 603/842/1054 615/852/1064
f 844/182/1230 845/1014/1231 846/1015/1232
f 846/1015/1232 265/603/807 844/182/1230
f 848/184/1233 565/818/1030 844/182/1230
f 849/1016/1234 533/797/1009 850/1017/1235
f 850/1017/1235 851/1018/1236 849/1016/1234
f 851/1018/1236 796/973/1189 849/1016/1234
f 796/973/1189 452/747/565 849/1016/1234
f 852/1019/1237 853/1020/1238 854/1021/1239
f 852/1019/1237 855/1022/1240 856/1023/1241
f 856/1023/1241 447/744/958 852/1019/1237
f 447/744/958 857/1024/1242 852/1019/1237
f 858/1025/1243 859/1026/1244 860/1027/1245
f 860/1027/1245 861/220/203 858/1025/1243
f 858/1025/1243 258/53/1246 436/738/946
f 436/738/946 862/1028/1247 858/1025/1243
f 159/549/735 863/1029/1248 864/1030/1249
f 863/1029/1248 865/1031/1250 864/1030/1249
f 865/1031/1250 866/1032/1251 864/1030/1249
f 866/1032/1251 159/549/735 864/1030/1249
f 871/191/1252 872/1033/1253 873/1034/1254
f 873/1034/1254 756/401/1166 871/191/1252
f 875/193/1255 104/366/690 871/191/1252
f 876/402/1256 82/19/344 877/204/194
f 876/402/1256 878/1035/1257 879/1036/1258
f 879/1036/1258 880/1037/1259 876/402/1256
f 876/402/1256 651/879/1096 650/292/549
f 881/403/1260 882/207/77 795/206/196
f 881/403/1260 883/1038/1261 884/1039/1262
f 884/1039/1262 885/404/496 881/403/1260
f 885/404/496 886/232/22 881/403/1260
f 887/437/1263 888/1040/1219 889/1041/1264
f 889/1041/1264 890/1042/1068 891/276/1265
f 891/276/1265 892/354/208 889/1041/1264
f 889/1041/1264 893/330/501 887/437/1263
f 148/448/548 894/1043/1009 895/1044/1266
f 896/1045/1262 897/370/404 155/369/403
f 761/957/1171 20/465/632 304/631/839
f 728/269/1148 902/1046/1267 729/934/1149
f 592/122/248 296/625/832 767/164/1268
f 903/1047/1269 904/1048/1270 905/1049/1168
f 721/930/1143 582/831/1043 581/830/1042
f 906/1050/1271 347/673/881 346/672/880
f 618/854/1067 907/1051/1272 716/926/1136
f 247/592/793 908/1052/1273 248/593/794
f 909/1053/1274 765/421/539 727/933/1147
f 910/1054/1275 736/940/1156 637/868/1084
f 877/204/194 911/1055/1276 878/1035/1257
f 913/1056/1277 914/1057/1278 915/1058/1279
f 917/1059/740 321/648/856 320/647/855
f 918/1060/1280 224/378/782 223/583/781
f 857/1024/1242 919/1061/1257 853/1020/1238
f 106/515/692 899/195/1281 841/399/1226
f 920/405/1282 921/224/252 922/1062/1283
f 925/1063/1225 922/1062/1283 926/1064/1284
f 624/406/1071 868/186/1285 57/488/660
f 936/1065/1286 387/703/911 617/201/1066
f 399/715/922 543/807/1017 939/1066/1159
f 940/1067/1287 928/214/1288 449/746/960
f 100/512/686 941/1068/1289 94/506/681
f 942/1069/1290 943/1070/1291 634/865/1081
f 566/819/1031 944/1071/1292 564/817/1029
f 560/115/1293 600/126/1294 425/76/1295
f 697/916/1128 945/443/591 695/914/1126
f 332/658/867 506/781/991 330/656/865
f 393/709/916 940/1067/1287 449/746/960
f 946/1072/1296 947/1073/1297 23/467/634
f 139/539/718 109/25/1298 175/562/750
f 952/1074/1299 953/268/1300 99/511/685
f 99/511/685 954/1075/1301 952/1074/1299
f 952/1074/1299 47/481/653 46/480/652
f 46/480/652 955/264/1302 952/1074/1299
f 958/236/1303 790/394/468 956/234/1304
f 956/234/1304 792/970/1188 959/1076/1305
f 959/1076/1305 960/407/1306 956/234/1304
f 964/1077/1307 965/250/233 142/367/721
f 966/408/509 241/45/511 967/256/239
f 967/256/239 968/1078/711 966/408/509
f 968/1078/711 969/1079/1212 966/408/509
f 966/408/509 234/589/789 233/409/510
f 970/410/1308 971/273/20 972/272/267
f 970/410/1308 973/1080/1309 974/1081/1310
f 974/1081/1310 975/1082/1311 970/410/1308
f 970/410/1308 406/721/623 405/411/597
f 976/1083/1312 977/1084/1313 135/536/714
f 135/536/714 978/263/1314 976/1083/1312
f 976/1083/1312 979/247/1315 980/283/279
f 980/283/279 288/617/824 976/1083/1312
f 981/412/514 240/44/29 982/288/287
f 981/412/514 983/1085/758 984/1086/1316
f 984/1086/1316 985/413/1317 981/412/514
f 985/413/1317 238/42/22 981/412/514
f 987/241/1318 913/1056/1277 986/240/1319
f 986/240/1319 915/1058/1279 988/1087/1320
f 988/1087/1320 784/173/1321 986/240/1319
f 989/415/1322 990/1088/1323 717/414/1137
f 717/414/1137 558/113/1324 989/415/1322
f 989/415/1322 991/246/1325 992/1089/1326
f 992/1089/1326 993/1090/1327 989/415/1322
f 994/1091/1328 995/1092/1329 996/1093/1330
f 996/1093/1330 960/407/1306 994/1091/1328
f 994/1091/1328 997/1094/1331 998/1095/1332
f 994/1091/1328 999/1096/1333 1000/1097/1334
f 182/161/756 231/587/787 230/154/128
f 847/183/1335 1001/1098/1336 1002/324/333
f 658/885/1101 910/1054/1275 636/867/1083
f 725/149/1337 903/1047/1269 712/922/1133
f 1003/1099/1338 1004/1100/1339 426/730/938
f 1005/245/223 1006/424/1340 1007/243/1341
f 1007/243/1341 1008/1101/1070 1009/1102/1138
f 1007/243/1341 1010/1103/1323 443/416/955
f 739/943/842 751/949/1162 917/1059/740
f 614/249/231 946/1072/1296 516/257/995
f 1011/417/1342 1012/255/92 112/518/695
f 153/547/731 698/138/1343 178/157/753
f 399/715/922 734/938/1154 400/716/923
f 59/419/662 788/420/1344 764/959/1173
f 220/37/26 422/384/937 305/632/840
f 701/917/1129 409/723/929 45/479/651
f 409/723/929 1015/262/1345 46/480/652
f 1016/1104/1346 972/272/267 985/413/1317
f 1019/1105/623 1020/300/624 1021/1106/1347
f 953/268/1300 133/535/712 100/512/686
f 613/851/1063 785/174/1348 946/1072/1296
f 1025/1107/1349 440/386/953 439/741/952
f 49/483/655 369/692/900 297/626/833
f 368/691/899 759/955/1169 644/874/1091
f 1026/1108/1350 821/998/1210 1027/1109/1060
f 1028/1110/581 348/170/882 748/948/1161
f 511/104/357 722/422/253 188/32/15
f 758/954/1168 315/642/850 51/485/657
f 942/1069/1290 641/872/1088 429/733/941
f 89/501/676 397/713/920 87/499/674
f 992/1089/1326 957/235/1351 996/1093/1330
f 1030/1111/1352 44/380/650 235/39/1353
f 1031/1112/1354 1032/282/1355 217/377/778
f 1033/423/420 931/217/20 224/378/782
f 1027/1109/1060 1036/1113/1356 1026/1108/1350
f 691/910/1122 734/938/1154 569/822/1034
f 1039/284/281 1040/1114/1357 25/2/949
f 471/757/971 1041/1115/1356 808/985/1199
f 916/202/1358 618/854/1067 901/197/1359
f 1042/1116/1360 1043/425/1361 200/278/410
f 568/821/1033 386/702/910 1044/1117/1362
f 1045/1118/1363 1002/324/333 1001/1098/1336
f 371/694/902 735/939/1155 737/941/844
f 1046/452/1364 1047/1119/1365 302/629/837
f 149/544/727 1048/1120/1366 150/545/728
f 1021/1106/1347 1049/332/1367 37/472/623
f 1052/1121/802 1053/1122/1196 1054/1123/800
f 1056/1124/1368 328/78/863 1057/295/551
f 1058/296/193 1059/305/1369 1057/295/551
f 1057/295/551 232/588/788 1056/1124/1368
f 121/526/703 667/889/902 490/768/979
f 163/287/286 897/370/404 129/531/708
f 172/418/747 1060/1125/1309 221/582/779
f 185/568/759 155/369/403 183/566/757
f 1061/357/1370 1062/351/197 1063/1126/1371
f 1063/1126/1371 432/79/6 1064/385/1372
f 1064/385/1372 1065/1127/1197 1063/1126/1371
f 1063/1126/1371 1066/1128/868 1061/357/1370
f 1067/1129/1373 1068/389/1374 520/388/999
f 525/791/1004 939/1066/1159 694/913/1125
f 165/554/740 689/908/1120 307/634/842
f 726/932/1146 167/556/742 166/555/741
f 1070/428/1375 710/146/55 440/386/953
f 175/562/750 1022/261/1376 407/722/927
f 253/397/798 1073/1130/1377 254/595/799
f 1074/1131/1378 947/1073/1297 784/173/1321
f 1077/430/1379 1078/1132/755 1079/429/1380
f 1079/429/1380 1080/323/20 1077/430/1379
f 1077/430/1379 1013/253/541 1011/417/1342
f 1011/417/1342 1081/1133/787 1077/430/1379
f 1008/1101/1070 891/276/1265 890/1042/1068
f 1084/309/1008 1069/298/384 1082/307/1381
f 1085/311/1382 1086/1134/1383 1087/1135/645
f 1087/1135/645 235/39/1353 1085/311/1382
f 1055/293/6 1088/442/1384 1085/311/1382
f 345/671/879 414/725/931 603/842/1054
f 725/149/1337 753/951/1163 179/147/119
f 1089/1136/1200 1090/1137/848 256/597/801
f 1091/446/561 1092/1138/1385 1093/432/1386
f 1093/432/1386 1094/1139/1387 271/431/809
f 271/431/809 1083/308/106 1093/432/1386
f 1093/432/1386 1095/338/356 1091/446/561
f 895/1044/1266 149/544/727 148/448/548
f 129/531/708 1096/1140/1388 127/529/706
f 1097/1141/1389 1098/1142/1390 1099/433/1391
f 1098/1142/1390 1100/434/1392 1099/433/1391
f 1099/433/1391 929/215/421 1033/423/420
f 1033/423/420 1097/1141/1389 1099/433/1391
f 1101/1143/1393 926/1064/1284 922/1062/1283
f 922/1062/1283 1102/444/594 1101/1143/1393
f 1102/444/594 1103/1144/1394 1101/1143/1393
f 1103/1144/1394 1104/1145/1395 1101/1143/1393
f 1105/1146/1396 113/519/696 112/518/695
f 112/518/695 1106/445/598 1105/1146/1396
f 1106/445/598 1107/1147/1397 1105/1146/1396
f 1107/1147/1397 1108/1148/1398 1105/1146/1396
f 520/388/999 1109/1149/1178 1067/1129/1373
f 64/490/664 1110/1150/1399 1111/1151/1400
f 1112/1152/1401 1113/1153/700 1114/435/1402
f 1113/1153/700 1115/436/423 1114/435/1402
f 1114/435/1402 708/144/6 1070/428/1375
f 1070/428/1375 1112/1152/1401 1114/435/1402
f 1116/438/1403 1117/1154/1220 887/437/1263
f 887/437/1263 1118/329/238 1116/438/1403
f 1116/438/1403 934/222/425 920/405/1282
f 920/405/1282 1119/1155/1229 1116/438/1403
f 458/86/13 1043/425/1361 1123/315/1404
f 1123/315/1404 1125/1156/1405 1126/1157/1406
f 1126/1157/1406 1127/439/410 1123/315/1404
f 635/866/1082 943/1070/1291 665/887/1107
f 300/334/342 1128/1158/1407 1039/284/281
f 53/487/659 386/702/910 51/485/657
f 1129/1159/952 996/1093/1330 995/1092/1329
f 43/478/649 1131/1160/1289 967/256/239
f 1136/1161/1284 841/399/1226 840/1012/1225
f 1137/1162/1408 575/440/1037 1138/325/1409
f 125/28/15 1100/434/1392 1138/325/1409
f 1138/325/1409 1139/1163/1410 1137/1162/1408
f 1004/1100/1339 369/692/900 427/731/939
f 695/914/1126 1017/259/244 613/851/1063
f 612/441/577 1143/387/1411 696/915/1127
f 775/966/1181 732/936/1152 773/964/1179
f 1035/275/352 531/795/1008 530/310/384
f 1071/299/453 424/75/453 1144/331/453
f 982/288/287 1146/1164/759 983/1085/758
f 1147/1165/1412 1079/429/1380 1078/1132/755
f 1151/1166/1413 1088/442/1384 1152/340/1414
f 1023/265/275 1115/436/423 1152/340/1414
f 1152/340/1414 1153/1167/1360 1151/1166/1413
f 945/443/591 1018/260/1415 1017/259/244
f 935/223/193 207/373/413 1155/343/1416
f 207/373/413 1156/1168/1417 1155/343/1416
f 1155/343/1416 1157/1169/1418 1102/444/594
f 1014/254/20 192/371/762 1158/344/597
f 192/371/762 1159/1170/1419 1158/344/597
f 1158/344/597 1160/1171/760 1106/445/598
f 1161/1172/1412 870/188/1420 1045/1118/1363
f 11/181/624 17/464/630 16/463/629
f 1162/447/1421 1163/1173/1422 1091/446/561
f 1091/446/561 1150/339/108 1162/447/1421
f 1162/447/1421 251/51/26 77/496/670
f 77/496/670 1164/1174/1423 1162/447/1421
f 244/591/791 1165/1175/1424 1166/1176/1425
f 244/591/791 1167/1177/1426 34/48/641
f 1168/345/1427 8/364/621 552/346/602
f 1169/1178/1428 596/838/1050 465/753/967
f 486/767/853 545/809/1019 803/980/855
f 1171/349/1429 1127/439/410 1174/355/410
f 1174/355/410 1175/1179/1430 1176/1180/1431
f 1176/1180/1431 116/449/410 1174/355/410
f 665/887/1107 738/942/1157 635/866/1082
f 1177/1181/663 636/867/1083 640/871/1087
f 674/894/1111 1178/1182/1017 671/891/1019
f 767/164/1268 289/618/825 980/283/279
f 1179/359/252 1173/353/252 1061/357/553
f 936/1065/1286 756/401/1166 562/815/1027
f 706/920/1131 537/801/1012 539/803/803
f 724/148/1432 927/213/1433 940/1067/1287
f 1180/450/1434 1046/452/1364 302/629/837
f 905/1049/1168 712/922/1133 903/1047/1269
f 1181/1183/1435 1182/1184/894 494/772/983
f 65/491/665 513/782/992 63/489/663
f 1183/1185/1013 365/688/896 262/600/804
f 541/805/1015 747/947/1160 674/894/1111
f 569/822/1034 689/908/1120 691/910/1122
f 210/578/773 757/396/1167 909/1053/1274
f 296/625/832 283/612/819 289/618/825
f 226/453/784 86/23/1436 1079/429/1380
f 1/454/615 7/457/620 2/13/616
f 4/455/618 913/1056/1277 5/294/291
f 7/457/620 551/813/1025 8/364/621
f 9/302/622 1019/1105/623 10/458/623
f 12/459/625 677/897/1114 13/460/626
f 15/462/628 547/810/1021 16/463/629
f 21/466/633 791/969/1187 22/393/467
f 24/1/1437 1039/284/281 25/2/949
f 27/363/635 33/470/640 28/468/636
f 32/469/639 115/521/698 33/470/640
f 34/48/641 1167/1177/1426 35/471/642
f 37/472/623 1049/332/1367 36/333/643
f 38/473/644 44/380/650 39/474/645
f 40/475/646 1184/1186/1438 41/476/647
f 38/473/644 41/476/647 42/477/648
f 43/478/649 236/40/6 44/380/650
f 45/479/651 409/723/929 46/480/652
f 48/482/654 523/789/1002 49/483/655
f 51/485/657 315/642/850 52/486/658
f 57/488/660 868/186/1285 58/190/661
f 63/489/663 1185/1187/1439 64/490/664
f 66/10/35 69/14/35 54/4/1440
f 66/10/300 68/12/300 3/426/617
f 73/492/666 80/498/673 74/493/667
f 73/492/666 75/494/668 76/495/669
f 77/496/670 251/51/26 78/381/671
f 73/492/666 78/381/671 79/497/672
f 87/499/674 747/947/1160 88/500/675
f 90/502/677 646/875/1092 91/503/678
f 93/505/680 100/512/686 94/506/681
f 93/505/680 95/507/647 96/508/682
f 93/505/680 97/509/683 98/510/684
f 99/511/685 953/268/1300 100/512/686
f 101/365/687 107/516/693 102/513/688
f 103/514/689 872/1033/1253 104/366/690
f 106/515/692 1136/1161/1284 107/516/693
f 108/24/17 1022/261/1376 109/25/1298
f 111/517/694 1011/417/1342 112/518/695
f 114/520/697 120/525/702 115/521/698
f 32/469/639 31/356/13 116/449/410
f 114/520/697 116/449/410 117/522/699
f 114/520/697 118/523/700 119/524/701
f 121/526/703 1186/1188/1441 122/527/704
f 127/529/706 1187/1189/1442 128/530/707
f 130/532/709 136/537/715 131/533/710
f 132/534/711 941/1068/1289 133/535/712
f 130/532/709 133/535/712 134/267/713
f 135/536/714 977/1084/1313 136/537/715
f 137/538/716 143/252/722 138/199/717
f 139/539/718 174/561/749 140/540/719
f 137/538/716 140/540/719 141/541/720
f 144/542/723 771/962/1177 145/368/724
f 146/543/725 147/347/726 148/448/548
f 146/543/725 149/544/727 150/545/728
f 151/546/729 156/286/733 152/297/730
f 153/547/731 177/564/752 154/548/732
f 154/548/732 183/566/757 155/369/403
f 157/203/193 81/18/6 158/358/734
f 160/550/736 164/553/739 161/551/737
f 162/552/738 353/59/1443 163/287/286
f 160/550/736 163/287/286 129/531/708
f 128/530/707 469/755/969 164/553/739
f 165/554/740 803/980/855 166/555/741
f 168/557/743 528/794/1007 169/558/744
f 169/558/744 766/162/1444 171/251/746
f 170/559/745 171/251/746 172/418/747
f 173/560/748 460/748/962 168/557/743
f 174/561/749 139/539/718 175/562/750
f 177/564/752 153/547/731 178/157/753
f 180/189/754 1161/1172/1412 181/565/755
f 183/566/757 460/748/962 184/567/758
f 188/32/15 722/422/253 189/569/361
f 189/569/361 404/720/926 190/570/760
f 186/30/513 190/570/760 191/571/761
f 193/372/763 195/375/415 196/572/764
f 193/372/763 197/573/765 198/574/766
f 199/575/646 1042/1116/1360 200/278/410
f 203/35/218 83/20/1445 204/427/767
f 204/427/767 649/878/1095 205/576/768
f 201/33/412 205/576/768 206/577/769
f 208/374/770 209/395/772 210/578/773
f 211/579/774 196/572/764 195/375/415
f 214/392/459 760/956/1170 215/580/776
f 212/376/775 215/580/776 216/581/777
f 221/582/779 491/769/980 173/560/748
f 222/379/780 227/584/785 223/583/781
f 226/453/784 1147/1165/1412 227/584/785
f 228/585/786 964/1077/1307 142/367/721
f 229/586/694 267/155/808 230/154/128
f 232/588/788 707/304/1132 233/409/510
f 243/590/790 1188/1190/1446 244/591/791
f 245/47/792 244/591/791 34/48/641
f 246/49/368 416/77/386 247/592/793
f 245/47/792 247/592/793 248/593/794
f 249/594/795 79/497/672 78/381/671
f 252/52/797 778/167/726 253/397/798
f 250/50/796 253/397/798 254/595/799
f 255/596/800 1089/1136/1200 256/597/801
f 261/599/803 1183/1185/1013 262/600/804
f 264/602/806 493/771/982 265/603/807
f 267/155/808 229/586/694 6/456/619
f 271/431/809 1094/1139/1387 272/605/810
f 274/606/811 524/790/1003 275/607/812
f 273/280/277 272/605/810 277/609/814
f 278/382/815 277/609/814 279/610/816
f 280/611/817 420/728/935 281/383/818
f 283/612/819 705/919/1113 284/613/820
f 285/614/821 284/613/820 286/615/822
f 287/616/823 977/1084/1313 288/617/824
f 285/614/821 288/617/824 289/618/825
f 290/619/826 752/950/1118 291/620/827
f 291/620/827 588/834/1046 293/622/829
f 292/621/828 293/622/829 183/566/757
f 292/621/828 154/548/732 177/564/752
f 294/623/830 537/801/1012 295/624/831
f 297/626/833 325/652/860 50/484/656
f 298/60/834 783/968/1183 299/627/835
f 179/147/119 753/951/1163 290/619/826
f 301/628/836 1180/450/1434 302/629/837
f 304/631/839 20/465/632 305/632/840
f 307/634/842 689/908/1120 308/635/843
f 310/637/845 1189/1191/1447 311/638/846
f 312/639/847 311/638/846 313/640/848
f 314/641/849 52/486/658 315/642/850
f 312/639/847 315/642/850 316/643/851
f 317/644/852 1190/1192/1448 318/645/853
f 319/646/854 318/645/853 320/647/855
f 321/648/856 661/886/1106 322/649/857
f 319/646/854 322/649/857 323/650/858
f 324/651/859 50/484/656 325/652/860
f 327/654/862 1064/385/1372 328/78/863
f 330/656/865 910/1054/1275 331/657/866
f 333/659/868 1053/1122/1196 334/660/869
f 325/652/860 297/626/833 336/662/871
f 324/651/859 326/653/861 338/664/873
f 340/666/875 732/936/1152 341/667/876
f 340/666/875 342/668/877 343/669/848
f 345/671/879 773/964/1179 346/672/880
f 348/170/882 1191/1193/1449 349/674/883
f 326/653/861 325/652/860 337/663/872
f 326/653/861 351/676/885 352/677/886
f 353/59/1443 162/552/738 298/60/834
f 355/678/887 735/939/1155 356/679/888
f 358/681/890 503/778/989 359/682/891
f 361/684/892 367/690/898 362/685/893
f 363/686/894 1192/1194/886 364/687/895
f 364/687/895 769/960/1174 365/688/896
f 361/684/892 365/688/896 366/689/897
f 368/691/899 336/662/871 297/626/833
f 370/693/901 356/679/888 371/694/902
f 372/695/903 1193/1195/704 373/696/904
f 370/693/901 373/696/904 92/504/679
f 370/693/901 91/503/678 357/680/889
f 374/697/905 1194/1196/1450 375/698/906
f 377/62/1451 383/68/49 378/63/1452
f 379/64/1453 662/132/1218 380/65/1222
f 377/62/1454 380/65/1222 381/66/1228
f 382/67/1455 715/925/1135 383/68/49
f 384/700/908 626/859/1073 385/701/909
f 387/703/911 57/488/660 59/419/662
f 389/705/913 395/711/918 390/706/914
f 391/707/845 904/1048/1270 392/708/915
f 389/705/913 392/708/915 393/709/916
f 394/710/917 448/745/959 395/711/918
f 332/658/867 331/657/866 396/712/919
f 398/714/921 693/912/1124 399/715/922
f 401/717/924 535/799/1010 402/718/925
f 404/720/926 189/569/361 405/411/597
f 407/722/927 1022/261/1376 408/248/928
f 413/724/930 497/775/986 414/725/931
f 416/77/386 425/76/1456 417/727/933
f 418/74/300 282/281/26 281/383/818
f 419/72/934 281/383/818 420/728/935
f 421/729/936 733/937/1153 422/384/937
f 424/75/442 560/115/1293 425/76/1295
f 426/730/938 1004/1100/1339 427/731/939
f 429/733/941 641/872/1088 430/734/942
f 434/736/944 437/739/950 435/737/945
f 436/738/946 258/53/1246 260/55/947
f 434/736/944 260/55/947 26/3/948
f 25/2/949 1040/1114/1357 437/739/950
f 438/740/951 444/742/956 439/741/952
f 438/740/951 441/321/161 442/244/954
f 443/416/955 1010/1103/1323 444/742/956
f 445/743/957 259/54/961 446/221/204
f 445/743/957 447/744/958 448/745/959
f 394/710/917 393/709/916 449/746/960
f 449/746/960 928/214/1288 259/54/961
f 450/205/29 573/117/29 451/391/334
f 460/748/962 183/566/757 293/622/829
f 462/750/964 1003/1099/1338 463/751/965
f 463/751/965 1169/1178/1428 465/753/967
f 379/64/42 378/63/1457 466/88/1458
f 128/530/707 1187/1189/1442 468/754/968
f 470/756/970 1195/1197/1350 471/757/971
f 472/758/972 471/757/971 473/759/864
f 474/760/973 1196/1198/788 475/761/925
f 472/758/972 475/761/925 476/762/974
f 477/90/1459 554/109/1141 478/91/1140
f 479/92/68 478/91/1140 480/93/1098
f 467/89/1460 466/88/1461 481/94/1462
f 482/763/975 1197/1199/1463 339/665/874
f 484/765/977 1198/1200/1464 485/766/978
f 490/768/979 667/889/902 276/608/813
f 184/567/758 460/748/962 173/560/748
f 492/770/981 847/183/1335 265/603/807
f 494/772/983 1182/1184/894 495/773/984
f 497/775/986 413/724/930 498/776/987
f 498/776/987 482/763/975 483/764/976
f 503/778/989 1199/1201/1465 504/779/977
f 89/501/676 88/500/675 505/780/990
f 511/104/357 1024/266/357 512/105/1466
f 513/782/992 1200/1202/1467 514/783/993
f 516/257/995 946/1072/1296 23/467/634
f 517/785/996 528/794/1007 518/786/997
f 427/731/939 49/483/655 523/789/1002
f 524/790/1003 734/938/1154 525/791/1004
f 461/749/963 1201/1203/893 526/792/1005
f 526/792/1005 642/873/1089 518/786/997
f 527/793/1006 518/786/997 528/794/1007
f 527/793/1006 168/557/743 460/748/962
f 529/285/273 1069/298/384 530/310/384
f 452/747/565 451/391/334 532/796/615
f 534/798/974 402/718/925 535/799/1010
f 537/801/1012 519/787/998 538/802/1013
f 540/804/1014 582/831/1043 541/805/1015
f 543/807/1017 693/912/1124 544/808/1018
f 269/57/13 11/181/624 16/463/629
f 546/107/1020 16/463/629 547/810/1021
f 548/811/1022 902/1046/1267 549/270/1023
f 344/670/878 596/838/1050 550/812/1024
f 551/813/1025 894/1043/1009 552/346/602
f 477/90/65 1143/387/445 555/110/82
f 557/112/1468 991/246/1469 558/113/1470
f 561/814/1026 936/1065/1286 562/815/1027
f 564/817/1029 845/1014/1231 565/818/1030
f 360/683/858 374/697/905 376/699/907
f 567/820/1032 625/858/1072 384/700/908
f 274/606/811 276/608/813 308/635/843
f 570/116/334 575/440/1037 571/823/1035
f 572/824/1036 532/796/615 451/391/334
f 574/118/92 126/29/516 575/440/1037
f 158/358/734 1066/1128/868 576/825/870
f 540/804/1014 542/806/1016 577/826/1038
f 540/804/1014 578/827/1039 579/828/1040
f 540/804/1014 580/829/1041 581/830/1042
f 499/777/988 483/764/976 586/832/1044
f 588/834/1046 1201/1203/893 461/749/963
f 339/665/874 1197/1199/1463 589/835/1047
f 589/835/1047 48/482/654 50/484/656
f 464/752/966 465/753/967 590/836/1048
f 110/26/1471 628/163/1075 592/122/248
f 596/838/1050 1202/1204/1472 597/839/1051
f 597/839/1051 616/853/1065 598/840/1052
f 599/841/1053 1203/1205/1473 520/388/999
f 603/842/1054 414/725/931 497/775/986
f 464/752/966 591/837/1049 605/844/1056
f 587/833/1045 586/832/1044 606/845/1057
f 587/833/1045 607/846/1058 608/847/1059
f 604/843/1055 497/775/986 499/777/988
f 591/837/1049 590/836/1048 609/848/1060
f 591/837/1049 610/849/1061 611/850/1062
f 612/441/577 695/914/1126 613/851/1063
f 615/852/1064 603/842/1054 604/843/1055
f 616/853/1065 906/1050/1271 346/672/880
f 617/201/1066 387/703/911 388/704/912
f 619/129/1474 29/362/637 620/130/1145
f 621/855/1068 653/880/1097 622/856/1069
f 563/816/1028 566/819/1031 624/406/1071
f 625/858/1072 683/903/1118 626/859/1073
f 344/670/878 590/836/1048 465/753/967
f 627/242/57 601/127/338 593/123/1074
f 628/163/1075 169/558/744 528/794/1007
f 91/503/678 646/875/1092 430/734/942
f 629/860/1076 666/888/1108 630/861/1077
f 629/860/1076 631/862/1078 632/863/1079
f 355/678/887 641/872/1088 634/865/1081
f 636/867/1083 910/1054/1275 637/868/1084
f 636/867/1083 638/869/1085 639/870/1086
f 357/680/889 430/734/942 641/872/1088
f 519/787/998 518/786/997 642/873/1089
f 643/360/1090 624/406/1071 566/819/1031
f 644/874/1091 759/955/1169 605/844/1056
f 646/875/1092 90/502/677 647/876/1093
f 646/875/1092 648/877/1094 431/735/943
f 649/878/1095 204/427/767 650/292/549
f 519/787/998 537/801/1012 294/623/830
f 653/880/1097 662/132/1218 480/93/1098
f 654/881/1099 1204/1206/1475 655/882/703
f 656/883/1100 655/882/703 657/884/979
f 656/883/1100 396/712/919 331/657/866
f 658/885/1101 1177/1181/663 654/881/1099
f 392/708/915 903/1047/1269 660/150/1105
f 322/649/857 629/860/1076 633/864/1080
f 661/886/1106 666/888/1108 629/860/1076
f 662/132/1218 379/64/1453 467/89/71
f 665/887/1107 943/1070/1291 666/888/1108
f 582/831/1043 505/780/990 88/500/675
f 309/636/844 308/635/843 276/608/813
f 670/890/1109 674/894/1111 671/891/1019
f 672/892/978 1205/1207/1476 673/893/1110
f 673/893/1110 577/826/1038 542/806/1016
f 542/806/1016 541/805/1015 674/894/1111
f 675/895/1112 681/901/820 676/896/1113
f 677/897/1114 12/459/625 678/898/1115
f 675/895/1112 678/898/1115 679/899/1060
f 680/900/1116 1206/1208/1477 681/901/820
f 682/902/1117 687/907/827 683/903/1118
f 625/858/1072 567/820/1032 684/904/1119
f 684/904/1119 1207/1209/1478 685/905/983
f 682/902/1117 685/905/983 686/906/1046
f 412/71/726 145/368/724 688/137/1176
f 689/908/1120 167/556/742 690/909/1121
f 692/911/1123 544/808/1018 693/912/1124
f 275/607/812 525/791/1004 694/913/1125
f 695/914/1126 612/441/577 696/915/1127
f 698/138/1479 354/61/1480 699/139/280
f 176/563/751 175/562/750 407/722/927
f 666/888/1108 943/1070/1291 703/918/1130
f 705/919/1113 283/612/819 295/624/831
f 242/46/295 241/45/1481 233/409/510
f 711/921/1073 753/951/1163 712/922/1133
f 415/726/932 414/725/931 347/673/881
f 338/664/873 586/832/1044 483/764/976
f 715/925/1135 901/197/1359 618/854/1067
f 717/414/1137 990/1088/1323 718/927/1138
f 719/928/1139 718/927/1138 623/857/1070
f 622/856/1069 480/93/1098 478/91/1140
f 719/928/1139 478/91/1140 554/109/1141
f 720/929/1142 506/781/991 505/780/990
f 561/814/1026 624/406/1071 57/488/660
f 517/785/996 294/623/830 592/122/248
f 722/422/253 971/273/29 405/411/597
f 29/362/637 28/468/636 723/931/1144
f 179/147/119 178/157/753 724/148/122
f 398/714/921 690/909/1121 726/932/1146
f 727/933/1147 765/421/539 728/269/1148
f 724/148/1432 940/1067/1287 660/150/1105
f 302/629/837 1047/1119/1365 731/935/1151
f 550/812/1024 598/840/1052 732/936/1152
f 733/937/1153 306/633/841 305/632/840
f 524/790/1003 274/606/811 569/822/1034
f 635/866/1082 738/942/1157 735/939/1155
f 330/656/865 506/781/991 720/929/1142
f 737/941/844 735/939/1155 738/942/1157
f 23/467/634 947/1073/1297 740/944/1158
f 742/152/1482 182/161/756 230/154/128
f 743/153/1483 230/154/128 267/155/808
f 677/897/1114 676/896/1113 745/945/1131
f 746/946/1159 1178/1182/1017 747/947/1160
f 350/675/884 1208/1210/1484 748/948/1161
f 178/157/753 698/138/1343 700/140/330
f 749/158/1485 1209/1211/1486 750/159/1487
f 661/886/1106 321/648/856 751/949/1162
f 752/950/1118 290/619/826 753/951/1163
f 14/461/627 13/460/626 263/601/805
f 13/460/626 745/945/1131 261/599/803
f 755/953/1165 762/958/1172 562/815/1027
f 51/485/657 386/702/910 385/701/909
f 759/955/1169 1004/1100/1339 462/750/964
f 760/956/1170 214/392/459 18/361/631
f 762/958/1172 944/1071/1292 563/816/1028
f 166/555/741 544/808/1018 692/911/1123
f 763/160/1488 180/189/754 182/161/756
f 764/959/1173 907/1051/1272 388/704/912
f 766/162/1444 169/558/744 628/163/1075
f 108/24/1489 592/122/248 767/164/1268
f 769/960/1174 770/961/1175 262/600/804
f 263/601/805 262/600/804 770/961/1175
f 688/137/1176 145/368/724 771/962/1177
f 773/964/1179 345/671/879 774/965/1180
f 19/38/587 220/37/26 305/632/840
f 3/426/617 1032/282/1355 776/967/1182
f 780/169/1490 1191/1193/1449 348/170/882
f 400/716/923 691/910/1122 690/909/1121
f 162/552/738 161/551/737 783/968/1183
f 784/173/1321 947/1073/1297 785/174/1348
f 598/840/1052 346/672/880 773/964/1179
f 343/669/848 609/848/1060 590/836/1048
f 788/420/1184 763/160/1491 742/152/1185
f 790/394/468 22/393/467 791/969/1187
f 793/971/1125 397/713/920 396/712/919
f 794/972/706 883/1038/1261 795/206/196
f 256/597/801 1090/1137/848 797/974/1190
f 798/975/1191 797/974/1190 799/976/1192
f 798/975/1191 800/977/1193 801/978/1194
f 798/975/1191 802/979/1195 257/598/802
f 803/980/855 545/809/1019 544/808/1018
f 804/981/1196 1211/1212/1492 805/982/1197
f 806/983/1198 805/982/1197 807/984/862
f 808/985/1199 1041/1115/1356 809/986/1200
f 806/983/1198 809/986/1200 810/987/1201
f 334/660/869 1052/1121/802 811/988/1195
f 811/988/1195 1212/1213/1493 813/990/1203
f 812/989/1202 813/990/1203 814/991/1204
f 812/989/1202 815/992/1205 335/661/870
f 816/993/1206 822/999/1211 817/994/1207
f 816/993/1206 818/995/823 819/996/1208
f 820/997/1209 1027/1109/1060 821/998/1210
f 821/998/1210 829/1006/1216 822/999/1211
f 535/799/1010 401/717/924 823/1000/1212
f 824/1001/1213 823/1000/1212 825/1002/1214
f 826/1003/1215 1213/1214/1494 827/1004/1211
f 827/1004/1211 536/800/1011 535/799/1010
f 828/1005/970 1214/1215/974 829/1006/1216
f 586/832/1044 338/664/873 352/677/886
f 473/759/864 471/757/971 808/985/1199
f 833/1007/1217 380/65/1222 662/132/1218
f 653/880/1097 621/855/1068 834/1008/1219
f 833/1007/1217 834/1008/1219 835/1009/1220
f 836/1010/1221 381/66/1228 380/65/1222
f 837/180/411 9/302/622 11/181/624
f 838/1011/1223 1031/1112/1354 217/377/778
f 839/400/1224 843/1013/1229 840/1012/1225
f 836/1010/1221 835/1009/1220 843/1013/1229
f 793/971/1125 746/946/1159 87/499/674
f 774/965/1180 345/671/879 603/842/1054
f 844/182/1230 565/818/1030 845/1014/1231
f 846/1015/1232 266/604/728 265/603/807
f 844/182/1230 265/603/807 847/183/1335
f 848/184/1233 643/360/1090 565/818/1030
f 849/1016/1234 452/747/565 533/797/1009
f 850/1017/1235 1215/1216/1495 851/1018/1236
f 851/1018/1236 794/972/706 796/973/1189
f 796/973/1189 450/205/29 452/747/565
f 852/1019/1237 857/1024/1242 853/1020/1238
f 852/1019/1237 854/1021/1239 855/1022/1240
f 856/1023/1241 448/745/959 447/744/958
f 447/744/958 446/221/204 857/1024/1242
f 858/1025/1243 862/1028/1247 859/1026/1244
f 860/1027/1245 919/1061/1257 861/220/203
f 858/1025/1243 861/220/203 258/53/1246
f 436/738/946 435/737/945 862/1028/1247
f 159/549/735 576/825/870 863/1029/1248
f 863/1029/1248 1216/1217/1496 865/1031/1250
f 865/1031/1250 911/1055/1276 866/1032/1251
f 866/1032/1251 157/203/193 159/549/735
f 869/187/1497 1002/324/333 870/188/1420
f 867/185/1498 870/188/1420 180/189/754
f 763/160/1491 788/420/1184 58/190/1499
f 871/191/1252 104/366/690 872/1033/1253
f 873/1034/1254 755/953/1165 756/401/1166
f 875/193/1255 105/212/1500 104/366/690
f 876/402/1256 877/204/194 878/1035/1257
f 879/1036/1258 1217/1218/1501 880/1037/1259
f 876/402/1256 880/1037/1259 651/879/1096
f 881/403/1260 795/206/196 883/1038/1261
f 884/1039/1262 1146/1164/759 885/404/496
f 887/437/1263 1117/1154/1220 888/1040/1219
f 889/1041/1264 888/1040/1219 890/1042/1068
f 891/276/1265 830/177/576 892/354/208
f 889/1041/1264 892/354/208 893/330/501
f 148/448/548 552/346/602 894/1043/1009
f 896/1045/1262 1096/1140/1388 897/370/404
f 900/196/1502 916/202/1358 901/197/1359
f 901/197/1359 715/925/1135 382/67/1455
f 761/957/1171 18/361/631 20/465/632
f 728/269/1148 549/270/1023 902/1046/1267
f 592/122/248 294/623/830 296/625/832
f 903/1047/1269 392/708/915 904/1048/1270
f 721/930/1143 505/780/990 582/831/1043
f 138/199/717 766/162/1503 110/26/1504
f 906/1050/1271 714/924/1134 347/673/881
f 618/854/1067 388/704/912 907/1051/1272
f 247/592/793 417/727/933 908/1052/1273
f 909/1053/1274 757/396/1167 765/421/539
f 910/1054/1275 330/656/865 736/940/1156
f 877/204/194 866/1032/1251 911/1055/1276
f 913/1056/1277 4/455/618 914/1057/1278
f 874/192/1505 936/1065/1286 617/201/1066
f 917/1059/740 751/949/1162 321/648/856
f 918/1060/1280 1033/423/420 224/378/782
f 157/203/193 866/1032/1251 877/204/194
f 857/1024/1242 861/220/203 919/1061/1257
f 106/515/692 105/212/691 899/195/1281
f 450/205/29 796/973/1189 795/206/196
f 925/1063/1225 920/405/1282 922/1062/1283
f 105/212/1500 875/193/1255 900/196/1502
f 927/213/1433 24/1/1506 26/3/1507
f 861/220/203 857/1024/1242 446/221/204
f 875/193/1508 874/192/1509 916/202/1510
f 936/1065/1286 561/814/1026 387/703/911
f 741/151/1511 945/443/591 938/226/1512
f 399/715/922 693/912/1124 543/807/1017
f 940/1067/1287 927/213/1433 928/214/1288
f 100/512/686 133/535/712 941/1068/1289
f 942/1069/1290 703/918/1130 943/1070/1291
f 566/819/1031 563/816/1028 944/1071/1292
f 697/916/1128 938/226/1512 945/443/591
f 332/658/867 89/501/676 506/781/991
f 393/709/916 660/150/1105 940/1067/1287
f 946/1072/1296 785/174/1348 947/1073/1297
f 139/539/718 138/199/717 109/25/1298
f 952/1074/1299 955/264/1302 953/268/1300
f 99/511/685 98/510/684 954/1075/1301
f 952/1074/1299 954/1075/1301 47/481/653
f 46/480/652 1015/262/1345 955/264/1302
f 958/236/1303 730/258/1513 790/394/468
f 956/234/1304 790/394/468 792/970/1188
f 959/1076/1305 997/1094/1331 960/407/1306
f 964/1077/1307 1060/1125/1309 965/250/233
f 967/256/239 1131/1160/1289 968/1078/711
f 968/1078/711 1218/1219/710 969/1079/1212
f 966/408/509 969/1079/1212 234/589/789
f 970/410/1308 972/272/267 973/1080/1309
f 974/1081/1310 1219/1220/1514 975/1082/1311
f 970/410/1308 975/1082/1311 406/721/623
f 976/1083/1312 288/617/824 977/1084/1313
f 135/536/714 134/267/713 978/263/1314
f 976/1083/1312 978/263/1314 979/247/1315
f 980/283/279 289/618/825 288/617/824
f 981/412/514 982/288/287 983/1085/758
f 984/1086/1316 1016/1104/1346 985/413/1317
f 987/241/1318 5/294/291 913/1056/1277
f 986/240/1319 913/1056/1277 915/1058/1279
f 988/1087/1320 1074/1131/1378 784/173/1321
f 989/415/1322 993/1090/1327 990/1088/1323
f 992/1089/1326 1129/1159/952 993/1090/1327
f 994/1091/1328 1000/1097/1334 995/1092/1329
f 996/1093/1330 957/235/1351 960/407/1306
f 994/1091/1328 960/407/1306 997/1094/1331
f 994/1091/1328 998/1095/1332 999/1096/1333
f 182/161/756 181/565/755 231/587/787
f 847/183/1335 492/770/981 1001/1098/1336
f 658/885/1101 331/657/866 910/1054/1275
f 725/149/1337 660/150/1105 903/1047/1269
f 1003/1099/1338 462/750/964 1004/1100/1339
f 1005/245/223 1037/277/354 1006/424/1340
f 1007/243/1341 1006/424/1340 1008/1101/1070
f 1007/243/1341 1009/1102/1138 1010/1103/1323
f 991/246/1469 557/112/1468 958/236/1515
f 739/943/842 738/942/1157 751/949/1162
f 614/249/231 613/851/1063 946/1072/1296
f 979/247/1315 1015/262/1345 408/248/928
f 153/547/731 152/297/730 698/138/1343
f 555/110/1516 612/441/577 614/249/231
f 399/715/922 525/791/1004 734/938/1154
f 220/37/26 423/73/26 422/384/937
f 701/917/1129 407/722/927 409/723/929
f 409/723/929 408/248/928 1015/262/1345
f 1016/1104/1346 973/1080/1309 972/272/267
f 236/40/6 43/478/649 967/256/239
f 556/111/240 614/249/231 516/257/995
f 786/175/243 785/174/1348 1017/259/244
f 1019/1105/623 9/302/622 1020/300/624
f 768/165/1517 408/248/928 1022/261/1376
f 953/268/1300 134/267/713 133/535/712
f 1015/262/1345 979/247/1315 978/263/1314
f 1024/266/357 511/104/357 188/32/15
f 613/851/1063 1017/259/244 785/174/1348
f 1025/1107/1349 1070/428/1375 440/386/953
f 49/483/655 427/731/939 369/692/900
f 368/691/899 369/692/900 759/955/1169
f 1026/1108/1350 828/1005/970 821/998/1210
f 1028/1110/581 781/171/1518 348/170/882
f 557/112/262 556/111/1519 730/258/1150
f 766/162/1503 138/199/717 143/252/722
f 758/954/1168 316/643/851 315/642/850
f 942/1069/1290 634/865/1081 641/872/1088
f 89/501/676 332/658/867 397/713/920
f 992/1089/1326 991/246/1325 957/235/1351
f 1029/271/29 985/413/1317 972/272/267
f 1030/1111/1352 39/474/645 44/380/650
f 928/214/1520 26/3/948 260/55/947
f 1031/1112/1354 776/967/1182 1032/282/1355
f 423/73/26 220/37/26 1034/274/1381
f 1027/1109/1060 1090/1137/848 1036/1113/1356
f 1038/279/26 271/431/809 273/280/277
f 768/165/1521 767/164/1268 980/283/279
f 699/139/280 300/334/342 1039/284/281
f 691/910/1122 400/716/923 734/938/1154
f 1039/284/281 1128/1158/1407 1040/1114/1357
f 353/59/1522 152/297/730 156/286/733
f 962/238/22 885/404/496 982/288/287
f 471/757/971 1195/1197/1350 1041/1115/1356
f 916/202/1358 617/201/1066 618/854/1067
f 1042/1116/1360 1125/1156/1405 1043/425/1361
f 568/821/1033 384/700/908 386/702/910
f 1045/1118/1363 870/188/1420 1002/324/333
f 371/694/902 356/679/888 735/939/1155
f 1046/452/1364 1220/1221/1523 1047/1119/1365
f 149/544/727 1221/1222/1524 1048/1120/1366
f 1021/1106/1347 1020/300/624 1049/332/1367
f 1052/1121/802 334/660/869 1053/1122/1196
f 744/156/1525 267/155/808 5/294/291
f 1056/1124/1368 329/655/864 328/78/863
f 1058/296/193 1133/319/295 1059/305/1369
f 1057/295/551 1059/305/1369 232/588/788
f 121/526/703 123/528/705 667/889/902
f 152/297/730 353/59/1522 354/61/341
f 163/287/286 156/286/1526 897/370/404
f 172/418/747 965/250/233 1060/1125/1309
f 185/568/759 896/1045/1262 155/369/403
f 1063/1126/1371 1062/351/197 432/79/6
f 1064/385/1372 327/654/862 1065/1127/1197
f 1063/1126/1371 1065/1127/1197 1066/1128/868
f 1067/1129/1373 1222/1223/1527 1068/389/1374
f 525/791/1004 399/715/922 939/1066/1159
f 165/554/740 167/556/742 689/908/1120
f 726/932/1146 690/909/1121 167/556/742
f 950/230/7 949/229/10 1069/298/384
f 175/562/750 109/25/1298 1022/261/1376
f 1071/299/57 1049/332/1367 1020/300/624
f 1072/301/454 1020/300/624 9/302/622
f 253/397/798 777/166/1528 1073/1130/1377
f 1074/1131/1378 740/944/1158 947/1073/1297
f 61/8/6 242/46/295 707/304/1132
f 707/304/1132 232/588/788 1059/305/1369
f 1077/430/1379 1081/1133/787 1078/1132/755
f 1011/417/1342 111/517/694 1081/1133/787
f 1008/1101/1070 1006/424/1340 891/276/1265
f 1051/291/317 1035/275/352 530/310/384
f 1084/309/1008 530/310/384 1069/298/384
f 1085/311/1382 1088/442/1384 1086/1134/1383
f 1087/1135/645 1030/1111/1352 235/39/1353
f 1085/311/1382 235/39/1353 237/41/1529
f 1055/293/6 60/7/295 1088/442/1384
f 345/671/879 347/673/881 414/725/931
f 725/149/1337 712/922/1133 753/951/1163
f 1089/1136/1200 1036/1113/1356 1090/1137/848
f 1091/446/561 1163/1173/1422 1092/1138/1385
f 1093/432/1386 1092/1138/1385 1094/1139/1387
f 895/1044/1266 1221/1222/1524 149/544/727
f 129/531/708 897/370/404 1096/1140/1388
f 1097/1141/1389 1223/1224/1530 1098/1142/1390
f 1098/1142/1390 1139/1163/1410 1100/434/1392
f 1033/423/420 918/1060/1280 1097/1141/1389
f 1101/1143/1393 1104/1145/1395 926/1064/1284
f 922/1062/1283 921/224/252 1102/444/594
f 1102/444/594 1157/1169/1418 1103/1144/1394
f 1103/1144/1394 1224/1225/1531 1104/1145/1395
f 1105/1146/1396 1108/1148/1398 113/519/696
f 112/518/695 1012/255/92 1106/445/598
f 1106/445/598 1160/1171/760 1107/1147/1397
f 1107/1147/1397 1225/1226/1532 1108/1148/1398
f 520/388/999 1203/1205/1473 1109/1149/1178
f 64/490/664 1185/1187/1439 1110/1150/1399
f 1112/1152/1401 1226/1227/1533 1113/1153/700
f 1113/1153/700 1153/1167/1360 1115/436/423
f 1070/428/1375 1025/1107/1349 1112/1152/1401
f 1116/438/1403 1119/1155/1229 1117/1154/1220
f 920/405/1282 925/1063/1225 1119/1155/1229
f 1120/312/1534 1122/314/1534 124/27/1535
f 458/86/13 457/85/13 1043/425/1361
f 1123/315/1404 1043/425/1361 1125/1156/1405
f 1126/1157/1406 1175/1179/1430 1127/439/410
f 635/866/1082 634/865/1081 943/1070/1291
f 300/334/342 299/627/835 1128/1158/1407
f 53/487/659 1044/1117/1362 386/702/910
f 1129/1159/952 992/1089/1326 996/1093/1330
f 43/478/649 42/477/648 1131/1160/1289
f 1132/318/289 1076/306/289 1133/319/289
f 85/22/335 487/95/335 512/105/335
f 24/1/1506 927/213/1433 700/140/1536
f 848/184/1537 847/183/1335 1002/324/333
f 1136/1161/1284 106/515/692 841/399/1226
f 1137/1162/1408 571/823/1035 575/440/1037
f 125/28/15 929/215/15 1100/434/1392
f 1138/325/1409 1100/434/1392 1139/1163/1410
f 1004/1100/1339 759/955/1169 369/692/900
f 695/914/1126 945/443/591 1017/259/244
f 775/966/1181 341/667/876 732/936/1152
f 1035/275/352 1034/274/1538 531/795/1008
f 1144/331/98 36/333/643 1049/332/1367
f 246/49/306 34/48/641 36/333/643
f 354/61/1539 298/60/834 300/334/342
f 982/288/287 885/404/496 1146/1164/759
f 1147/1165/1412 226/453/784 1079/429/1380
f 1149/337/10 949/229/35 778/167/1540
f 1151/1166/1413 1086/1134/1383 1088/442/1384
f 1023/265/275 708/144/576 1115/436/423
f 1152/340/1414 1115/436/423 1153/1167/1360
f 935/223/193 202/34/1541 207/373/413
f 207/373/413 206/577/769 1156/1168/1417
f 1155/343/1416 1156/1168/1417 1157/1169/1418
f 1014/254/20 187/31/1542 192/371/762
f 192/371/762 191/571/761 1159/1170/1419
f 1158/344/597 1159/1170/1419 1160/1171/760
f 1161/1172/1412 180/189/754 870/188/1420
f 11/181/624 10/458/623 17/464/630
f 1162/447/1421 1164/1174/1423 1163/1173/1422
f 77/496/670 76/495/669 1164/1174/1423
f 244/591/791 1188/1190/1446 1165/1175/1424
f 244/591/791 1166/1176/1425 1167/1177/1426
f 1168/345/1427 69/14/1543 8/364/621
f 1168/345/214 147/347/214 412/71/26
f 1169/1178/1428 1202/1204/1472 596/838/1050
f 486/767/853 485/766/978 545/809/1019
f 1171/349/1429 1124/316/1544 1127/439/410
f 1174/355/410 1127/439/410 1175/1179/1430
f 1176/1180/1431 117/522/699 116/449/410
f 665/887/1107 751/949/1162 738/942/1157
f 1177/1181/663 658/885/1101 636/867/1083
f 674/894/1111 747/947/1160 1178/1182/1017
f 767/164/1268 296/625/832 289/618/825
f 1061/357/1370 1066/1128/868 158/358/734
f 923/208/511 933/219/289 1141/327/511
f 936/1065/1286 874/192/1505 756/401/1166
f 706/920/1131 295/624/831 537/801/1012
f 724/148/1432 700/140/1536 927/213/1433
f 905/1049/1168 713/923/909 712/922/1133
f 1181/1183/1435 1228/1228/886 1182/1184/894
f 65/491/665 1200/1202/1467 513/782/992
f 1183/1185/1013 366/689/897 365/688/896
f 541/805/1015 88/500/675 747/947/1160
f 569/822/1034 308/635/843 689/908/1120
f 210/578/773 209/395/772 757/396/1167
f 296/625/832 295/624/831 283/612/819
