# Blender v2.80 (sub 35) OBJ File: 'r3pu_lowpoly.blend'
# www.blender.org
v -3.618527 1.719964 3.426484
v -3.599619 1.722646 3.474917
v -3.597264 1.597123 3.480948
v -3.616826 1.592085 3.431873
v -3.624516 1.607872 3.411145
v -3.616172 1.594441 3.432515
v -3.616826 1.592085 3.431873
v -3.606617 1.590398 3.456991
v -3.606920 1.587893 3.457247
v -3.616826 1.592085 3.431873
v -3.607316 1.590398 3.457264
v -3.616871 1.594441 3.432788
v -3.616826 1.592085 3.431873
v -3.625214 1.607872 3.411418
v -3.625476 1.606009 3.409717
v -3.619267 1.722221 3.425620
v -3.609174 1.726689 3.450442
v -3.618527 1.719964 3.426484
v -3.619267 1.722221 3.425620
v -3.626324 1.704244 3.406514
v -3.627350 1.705924 3.404916
v -3.619267 1.722221 3.425620
v -3.627022 1.704244 3.406787
v -3.619226 1.719964 3.426757
v -3.619267 1.722221 3.425620
v -3.609873 1.726689 3.450715
v -3.609571 1.729193 3.450458
v -3.585087 1.688852 3.513170
v -3.583113 1.662058 3.517196
v -3.585559 1.687777 3.510931
v -3.585087 1.688852 3.513170
v -3.591276 1.709215 3.496288
v -3.591014 1.711077 3.497989
v -3.585087 1.688852 3.513170
v -3.591974 1.709215 3.496560
v -3.586257 1.687777 3.511204
v -3.585087 1.688852 3.513170
v -3.583812 1.662058 3.517468
v -3.582551 1.662188 3.519665
v -3.599664 1.725002 3.475833
v -3.591276 1.709215 3.496288
v -3.599619 1.722646 3.474917
v -3.599664 1.725002 3.475833
v -3.609174 1.726689 3.450442
v -3.609571 1.729193 3.450458
v -3.599664 1.725002 3.475833
v -3.609873 1.726689 3.450715
v -3.600317 1.722646 3.475190
v -3.599664 1.725002 3.475833
v -3.591974 1.709215 3.496560
v -3.591014 1.711077 3.497989
v -3.631403 1.628235 3.394535
v -3.632678 1.655028 3.390237
v -3.630232 1.629309 3.396502
v -3.631403 1.628235 3.394535
v -3.624516 1.607872 3.411145
v -3.625476 1.606009 3.409717
v -3.631403 1.628235 3.394535
v -3.625214 1.607872 3.411418
v -3.630931 1.629309 3.396774
v -3.631403 1.628235 3.394535
v -3.633377 1.655028 3.390510
v -3.633938 1.654899 3.388040
v -3.597223 1.594865 3.482086
v -3.606617 1.590398 3.456991
v -3.597264 1.597123 3.480948
v -3.597223 1.594865 3.482086
v -3.589468 1.612843 3.500918
v -3.589140 1.611163 3.502790
v -3.597223 1.594865 3.482086
v -3.590167 1.612843 3.501191
v -3.597963 1.597123 3.481221
v -3.597223 1.594865 3.482086
v -3.607316 1.590398 3.457264
v -3.606920 1.587893 3.457247
v -3.632414 1.682139 3.391945
v -3.626324 1.704244 3.406514
v -3.631208 1.681303 3.394003
v -3.632414 1.682139 3.391945
v -3.632678 1.655028 3.390237
v -3.633938 1.654899 3.388040
v -3.632414 1.682139 3.391945
v -3.633377 1.655028 3.390510
v -3.631907 1.681303 3.394276
v -3.632414 1.682139 3.391945
v -3.627022 1.704244 3.406787
v -3.627350 1.705924 3.404916
v -3.584076 1.634948 3.515760
v -3.589468 1.612843 3.500918
v -3.584583 1.635784 3.513429
v -3.584076 1.634948 3.515760
v -3.583113 1.662058 3.517196
v -3.582551 1.662188 3.519665
v -3.584076 1.634948 3.515760
v -3.583812 1.662058 3.517468
v -3.585282 1.635784 3.513702
v -3.584076 1.634948 3.515760
v -3.590167 1.612843 3.501191
v -3.589140 1.611163 3.502790
v -3.581176 1.509979 3.291588
v -3.555506 1.529273 3.210149
v -3.494847 1.466294 3.214350
v -3.344843 1.394938 3.394004
v -3.396837 1.395913 3.396502
v -3.306182 1.407619 3.426485
v -3.301145 1.426482 3.475833
v -3.299457 1.416972 3.450442
v -3.303500 1.426527 3.474918
v -3.301145 1.426482 3.475833
v -3.316931 1.434870 3.496288
v -3.315069 1.435132 3.497989
v -3.301145 1.426482 3.475833
v -3.316931 1.434172 3.496561
v -3.303500 1.425829 3.475190
v -3.301145 1.426482 3.475833
v -3.299457 1.416273 3.450715
v -3.296953 1.416576 3.450459
v -3.434061 1.409320 3.431873
v -3.435749 1.419529 3.456991
v -3.431705 1.409973 3.432516
v -3.434061 1.409320 3.431873
v -3.418274 1.401630 3.411145
v -3.420137 1.400670 3.409717
v -3.434061 1.409320 3.431873
v -3.418274 1.400932 3.411418
v -3.431705 1.409275 3.432789
v -3.434061 1.409320 3.431873
v -3.435749 1.418830 3.457264
v -3.438253 1.419226 3.457248
v -3.337295 1.441059 3.513171
v -3.316931 1.434870 3.496288
v -3.338369 1.440587 3.510932
v -3.337295 1.441059 3.513171
v -3.364088 1.443033 3.517196
v -3.363958 1.443595 3.519666
v -3.337295 1.441059 3.513171
v -3.364088 1.442334 3.517469
v -3.338369 1.439889 3.511204
v -3.337295 1.441059 3.513171
v -3.316931 1.434172 3.496561
v -3.315069 1.435132 3.497989
v -3.391199 1.442070 3.515761
v -3.364088 1.443033 3.517196
v -3.390362 1.441563 3.513430
v -3.391199 1.442070 3.515761
v -3.413303 1.436678 3.500919
v -3.414983 1.437006 3.502790
v -3.391199 1.442070 3.515761
v -3.413303 1.435980 3.501192
v -3.390362 1.440864 3.513703
v -3.391199 1.442070 3.515761
v -3.364088 1.442334 3.517469
v -3.363958 1.443595 3.519666
v -3.303925 1.406879 3.425620
v -3.321902 1.399823 3.406515
v -3.306182 1.407619 3.426485
v -3.303925 1.406879 3.425620
v -3.299457 1.416972 3.450442
v -3.296953 1.416576 3.450459
v -3.303925 1.406879 3.425620
v -3.299457 1.416273 3.450715
v -3.306182 1.406920 3.426757
v -3.303925 1.406879 3.425620
v -3.321902 1.399124 3.406787
v -3.320222 1.398796 3.404916
v -3.431281 1.428923 3.482086
v -3.413303 1.436678 3.500919
v -3.429023 1.428882 3.480949
v -3.431281 1.428923 3.482086
v -3.435749 1.419529 3.456991
v -3.438253 1.419226 3.457248
v -3.431281 1.428923 3.482086
v -3.435749 1.418830 3.457264
v -3.429023 1.428183 3.481222
v -3.431281 1.428923 3.482086
v -3.413303 1.435980 3.501192
v -3.414983 1.437006 3.502790
v -3.344007 1.393732 3.391945
v -3.371118 1.393468 3.390237
v -3.344843 1.394938 3.394004
v -3.344007 1.393732 3.391945
v -3.321902 1.399823 3.406515
v -3.320222 1.398796 3.404916
v -3.344007 1.393732 3.391945
v -3.321902 1.399124 3.406787
v -3.344843 1.394240 3.394276
v -3.344007 1.393732 3.391945
v -3.371118 1.392769 3.390510
v -3.371247 1.392208 3.388041
v -3.397911 1.394743 3.394536
v -3.418274 1.401630 3.411145
v -3.396837 1.395913 3.396502
v -3.397911 1.394743 3.394536
v -3.371118 1.393468 3.390237
v -3.371247 1.392208 3.388041
v -3.397911 1.394743 3.394536
v -3.371118 1.392769 3.390510
v -3.396837 1.395215 3.396775
v -3.397911 1.394743 3.394536
v -3.418274 1.400932 3.411418
v -3.420137 1.400670 3.409717
v -3.597963 1.597123 3.481221
v -3.585282 1.635784 3.513702
v -3.631907 1.681303 3.394276
v -3.340491 1.723996 3.612464
v -3.302150 1.631432 3.612464
v -3.433055 1.631432 3.612464
v -3.433055 1.685655 3.613214
v -3.433055 1.631432 3.613214
v -3.302150 1.685655 3.613214
v -3.299840 1.686611 3.612839
v -3.296535 1.658543 3.612464
v -3.302150 1.685655 3.612464
v -3.299840 1.686611 3.612839
v -3.317350 1.708796 3.612464
v -3.315578 1.710569 3.612839
v -3.299840 1.686611 3.612839
v -3.317350 1.708796 3.613214
v -3.302150 1.685655 3.613214
v -3.299840 1.686611 3.612839
v -3.296535 1.658543 3.613214
v -3.294028 1.658543 3.612839
v -3.395671 1.726305 3.612839
v -3.367603 1.729611 3.612464
v -3.394714 1.723996 3.612464
v -3.395671 1.726305 3.612839
v -3.417855 1.708796 3.612464
v -3.419628 1.710569 3.612839
v -3.395671 1.726305 3.612839
v -3.417855 1.708796 3.613214
v -3.394714 1.723996 3.613214
v -3.395671 1.726305 3.612839
v -3.367603 1.729611 3.613214
v -3.367603 1.732119 3.612839
v -3.299840 1.630475 3.612839
v -3.317350 1.608291 3.612464
v -3.302150 1.631432 3.612464
v -3.299840 1.630475 3.612839
v -3.296535 1.658543 3.612464
v -3.294028 1.658543 3.612839
v -3.299840 1.630475 3.612839
v -3.296535 1.658543 3.613214
v -3.302150 1.631432 3.613214
v -3.299840 1.630475 3.612839
v -3.317350 1.608291 3.613214
v -3.315577 1.606518 3.612839
v -3.395671 1.590781 3.612839
v -3.417855 1.608291 3.612464
v -3.394714 1.593091 3.612464
v -3.395671 1.590781 3.612839
v -3.367603 1.587476 3.612464
v -3.367603 1.584968 3.612839
v -3.395671 1.590781 3.612839
v -3.367603 1.587476 3.613214
v -3.394714 1.593091 3.613214
v -3.395671 1.590781 3.612839
v -3.417855 1.608291 3.613214
v -3.419628 1.606518 3.612839
v -3.339535 1.726305 3.612839
v -3.317350 1.708796 3.612464
v -3.340491 1.723996 3.612464
v -3.339535 1.726305 3.612839
v -3.367603 1.729611 3.612464
v -3.367603 1.732119 3.612839
v -3.339535 1.726305 3.612839
v -3.367603 1.729611 3.613214
v -3.340491 1.723996 3.613214
v -3.339535 1.726305 3.612839
v -3.317350 1.708796 3.613214
v -3.315578 1.710569 3.612839
v -3.435365 1.686611 3.612839
v -3.417855 1.708796 3.612464
v -3.433055 1.685655 3.612464
v -3.435365 1.686611 3.612839
v -3.438670 1.658543 3.612464
v -3.441178 1.658543 3.612839
v -3.435365 1.686611 3.612839
v -3.438670 1.658543 3.613214
v -3.433055 1.685655 3.613214
v -3.435365 1.686611 3.612839
v -3.417855 1.708796 3.613214
v -3.419628 1.710569 3.612839
v -3.339535 1.590781 3.612839
v -3.367603 1.587476 3.612464
v -3.340491 1.593091 3.612464
v -3.339535 1.590781 3.612839
v -3.317350 1.608291 3.612464
v -3.315577 1.606518 3.612839
v -3.339535 1.590781 3.612839
v -3.317350 1.608291 3.613214
v -3.340491 1.593091 3.613214
v -3.339535 1.590781 3.612839
v -3.367603 1.587476 3.613214
v -3.367603 1.584968 3.612839
v -3.435365 1.630475 3.612839
v -3.438670 1.658543 3.612464
v -3.433055 1.631432 3.612464
v -3.435365 1.630475 3.612839
v -3.417855 1.608291 3.612464
v -3.419628 1.606518 3.612839
v -3.435365 1.630475 3.612839
v -3.417855 1.608291 3.613214
v -3.433055 1.631432 3.613214
v -3.435365 1.630475 3.612839
v -3.438670 1.658543 3.613214
v -3.441178 1.658543 3.612839
v -3.431705 1.907812 3.432789
v -3.429023 1.888903 3.481222
v -3.390362 1.876223 3.513703
v -3.137941 1.597123 3.480949
v -3.116678 1.719964 3.426485
v -3.103998 1.681303 3.394004
v -3.104274 1.629309 3.396775
v -3.115980 1.719964 3.426757
v -3.148948 1.687777 3.511204
v -3.150118 1.688852 3.513171
v -3.143930 1.709215 3.496288
v -3.149647 1.687777 3.510932
v -3.150118 1.688852 3.513171
v -3.152092 1.662058 3.517196
v -3.152654 1.662188 3.519666
v -3.150118 1.688852 3.513171
v -3.151394 1.662058 3.517469
v -3.148948 1.687777 3.511204
v -3.150118 1.688852 3.513171
v -3.143231 1.709215 3.496561
v -3.144191 1.711077 3.497989
v -3.102791 1.682139 3.391945
v -3.102527 1.655028 3.390237
v -3.103998 1.681303 3.394004
v -3.102791 1.682139 3.391945
v -3.108882 1.704244 3.406515
v -3.107855 1.705924 3.404916
v -3.102791 1.682139 3.391945
v -3.108183 1.704244 3.406787
v -3.103299 1.681303 3.394276
v -3.102791 1.682139 3.391945
v -3.101829 1.655028 3.390510
v -3.101267 1.654899 3.388041
v -3.103803 1.628235 3.394536
v -3.110690 1.607872 3.411145
v -3.104973 1.629309 3.396502
v -3.103803 1.628235 3.394536
v -3.102527 1.655028 3.390237
v -3.101267 1.654899 3.388041
v -3.103803 1.628235 3.394536
v -3.101829 1.655028 3.390510
v -3.104274 1.629309 3.396775
v -3.103803 1.628235 3.394536
v -3.109991 1.607872 3.411418
v -3.109730 1.606009 3.409717
v -3.137983 1.594865 3.482086
v -3.145738 1.612843 3.500919
v -3.137941 1.597123 3.480949
v -3.137983 1.594865 3.482086
v -3.128588 1.590398 3.456991
v -3.128286 1.587893 3.457248
v -3.137983 1.594865 3.482086
v -3.127890 1.590398 3.457264
v -3.137243 1.597123 3.481222
v -3.137983 1.594865 3.482086
v -3.145039 1.612843 3.501192
v -3.146066 1.611163 3.502790
v -3.151130 1.634948 3.515761
v -3.152092 1.662058 3.517196
v -3.150622 1.635784 3.513430
v -3.151130 1.634948 3.515761
v -3.145738 1.612843 3.500919
v -3.146066 1.611163 3.502790
v -3.151130 1.634948 3.515761
v -3.145039 1.612843 3.501192
v -3.149924 1.635784 3.513703
v -3.151130 1.634948 3.515761
v -3.151394 1.662058 3.517469
v -3.152654 1.662188 3.519666
v -3.135542 1.725002 3.475833
v -3.126031 1.726689 3.450442
v -3.135587 1.722646 3.474918
v -3.135542 1.725002 3.475833
v -3.143930 1.709215 3.496288
v -3.144191 1.711077 3.497989
v -3.135542 1.725002 3.475833
v -3.143231 1.709215 3.496561
v -3.134888 1.722646 3.475190
v -3.135542 1.725002 3.475833
v -3.125333 1.726689 3.450715
v -3.125635 1.729193 3.450459
v -3.115938 1.722221 3.425620
v -3.108882 1.704244 3.406515
v -3.116678 1.719964 3.426485
v -3.115938 1.722221 3.425620
v -3.126031 1.726689 3.450442
v -3.125635 1.729193 3.450459
v -3.115938 1.722221 3.425620
v -3.125333 1.726689 3.450715
v -3.115980 1.719964 3.426757
v -3.115938 1.722221 3.425620
v -3.108183 1.704244 3.406787
v -3.107855 1.705924 3.404916
v -3.118380 1.592085 3.431873
v -3.128588 1.590398 3.456991
v -3.119033 1.594441 3.432516
v -3.118380 1.592085 3.431873
v -3.110690 1.607872 3.411145
v -3.109730 1.606009 3.409717
v -3.118380 1.592085 3.431873
v -3.109991 1.607872 3.411418
v -3.118334 1.594441 3.432789
v -3.118380 1.592085 3.431873
v -3.127890 1.590398 3.457264
v -3.128286 1.587893 3.457248
v -3.163671 1.829106 3.315013
v -3.192389 1.790897 3.193788
v -3.250267 1.865937 3.224872
v -3.344843 1.922148 3.394004
v -3.306182 1.909469 3.426485
v -3.429023 1.888206 3.480949
v -3.397911 1.922343 3.394536
v -3.371118 1.923620 3.390237
v -3.396837 1.921173 3.396502
v -3.397911 1.922343 3.394536
v -3.418274 1.915457 3.411145
v -3.420137 1.916417 3.409717
v -3.397911 1.922343 3.394536
v -3.418274 1.916155 3.411418
v -3.396837 1.921872 3.396775
v -3.397911 1.922343 3.394536
v -3.371118 1.924317 3.390510
v -3.371247 1.924879 3.388041
v -3.337295 1.876028 3.513171
v -3.364088 1.874054 3.517196
v -3.338369 1.876500 3.510932
v -3.337295 1.876028 3.513171
v -3.316931 1.882216 3.496288
v -3.315069 1.881956 3.497989
v -3.337295 1.876028 3.513171
v -3.316931 1.882915 3.496561
v -3.338369 1.877198 3.511204
v -3.337295 1.876028 3.513171
v -3.364088 1.874753 3.517469
v -3.363958 1.873492 3.519666
v -3.344007 1.923355 3.391945
v -3.321902 1.917264 3.406515
v -3.344843 1.922148 3.394004
v -3.344007 1.923355 3.391945
v -3.371118 1.923620 3.390237
v -3.371247 1.924879 3.388041
v -3.344007 1.923355 3.391945
v -3.371118 1.924317 3.390510
v -3.344843 1.922848 3.394276
v -3.344007 1.923355 3.391945
v -3.321902 1.917964 3.406787
v -3.320222 1.918291 3.404916
v -3.431281 1.888163 3.482086
v -3.435749 1.897558 3.456991
v -3.429023 1.888206 3.480949
v -3.431281 1.888163 3.482086
v -3.413303 1.880409 3.500919
v -3.414983 1.880080 3.502790
v -3.431281 1.888163 3.482086
v -3.413303 1.881107 3.501192
v -3.429023 1.888903 3.481222
v -3.431281 1.888163 3.482086
v -3.435749 1.898257 3.457264
v -3.438253 1.897861 3.457248
v -3.301145 1.890604 3.475833
v -3.316931 1.882216 3.496288
v -3.303500 1.890559 3.474918
v -3.301145 1.890604 3.475833
v -3.299457 1.900115 3.450442
v -3.296953 1.900512 3.450459
v -3.301145 1.890604 3.475833
v -3.299457 1.900813 3.450715
v -3.303500 1.891258 3.475190
v -3.301145 1.890604 3.475833
v -3.316931 1.882915 3.496561
v -3.315069 1.881956 3.497989
v -3.391199 1.875018 3.515761
v -3.413303 1.880409 3.500919
v -3.390362 1.875525 3.513430
v -3.391199 1.875018 3.515761
v -3.364088 1.874054 3.517196
v -3.363958 1.873492 3.519666
v -3.391199 1.875018 3.515761
v -3.364088 1.874753 3.517469
v -3.390362 1.876223 3.513703
v -3.391199 1.875018 3.515761
v -3.413303 1.881107 3.501192
v -3.414983 1.880080 3.502790
v -3.434061 1.907768 3.431873
v -3.418274 1.915457 3.411145
v -3.431705 1.907113 3.432516
v -3.434061 1.907768 3.431873
v -3.435749 1.897558 3.456991
v -3.438253 1.897861 3.457248
v -3.434061 1.907768 3.431873
v -3.435749 1.898257 3.457264
v -3.431705 1.907812 3.432789
v -3.434061 1.907768 3.431873
v -3.418274 1.916155 3.411418
v -3.420137 1.916417 3.409717
v -3.303925 1.910208 3.425620
v -3.299457 1.900115 3.450442
v -3.306182 1.909469 3.426485
v -3.303925 1.910208 3.425620
v -3.321902 1.917264 3.406515
v -3.320222 1.918291 3.404916
v -3.303925 1.910208 3.425620
v -3.321902 1.917964 3.406787
v -3.306182 1.910167 3.426757
v -3.303925 1.910208 3.425620
v -3.299457 1.900813 3.450715
v -3.296953 1.900512 3.450459
v -3.580904 1.784418 3.249998
v -3.495119 1.873482 3.255939
v -3.519860 1.815307 3.195383
v -3.219041 1.444972 3.291588
v -3.238334 1.470641 3.210149
v -3.156063 1.505628 3.295789
v -3.211334 1.810305 3.195656
v -3.184050 1.846605 3.310827
v -3.242225 1.871349 3.250271
v -3.519366 1.814813 3.195656
v -3.494625 1.872990 3.256212
v -3.555669 1.842095 3.310827
v -3.580682 1.510473 3.291860
v -3.520023 1.447492 3.296061
v -3.494353 1.466788 3.214623
v -3.175849 1.531796 3.214623
v -3.238828 1.471137 3.210422
v -3.219535 1.445466 3.291860
v -3.231220 1.828297 3.191197
v -3.211334 1.810305 3.195656
v -3.230678 1.831406 3.198843
v -3.230678 1.831406 3.198843
v -3.244458 1.848696 3.204168
v -3.231220 1.828297 3.191197
v -3.181854 1.467636 3.318917
v -3.198946 1.456896 3.308445
v -3.202502 1.450574 3.312423
v -3.202502 1.450574 3.312423
v -3.219535 1.445466 3.291860
v -3.222409 1.439050 3.297241
v -3.202502 1.450574 3.312423
v -3.219041 1.444972 3.291588
v -3.198452 1.456402 3.308172
v -3.198452 1.456402 3.308172
v -3.181854 1.467636 3.318917
v -3.202502 1.450574 3.312423
v -3.537359 1.522159 3.191197
v -3.555012 1.529767 3.210422
v -3.533836 1.516500 3.196096
v -3.533836 1.516500 3.196096
v -3.517020 1.503975 3.187293
v -3.537359 1.522159 3.191197
v -3.517020 1.503975 3.187293
v -3.534330 1.516006 3.195823
v -3.537359 1.522159 3.191197
v -3.537359 1.522159 3.191197
v -3.555506 1.529273 3.210149
v -3.557758 1.535396 3.204168
v -3.222408 1.878031 3.297241
v -3.205549 1.864841 3.304915
v -3.202501 1.866508 3.312423
v -3.202501 1.866508 3.312423
v -3.184050 1.846605 3.310827
v -3.181854 1.849445 3.318917
v -3.146551 1.537403 3.256500
v -3.149790 1.524536 3.274969
v -3.144624 1.525617 3.281338
v -3.144624 1.525617 3.281338
v -3.156557 1.506122 3.296061
v -3.150433 1.508374 3.302042
v -3.144624 1.525617 3.281338
v -3.156063 1.505628 3.295789
v -3.149296 1.524042 3.274696
v -3.149296 1.524042 3.274696
v -3.146551 1.537403 3.256500
v -3.144624 1.525617 3.281338
v -3.156520 1.775643 3.231125
v -3.153160 1.785563 3.256212
v -3.162934 1.780630 3.229571
v -3.162934 1.780630 3.229571
v -3.172482 1.779372 3.208969
v -3.156520 1.775643 3.231125
v -3.163671 1.487975 3.315013
v -3.156557 1.506122 3.296061
v -3.169823 1.484946 3.310387
v -3.169823 1.484946 3.310387
v -3.181854 1.467636 3.318917
v -3.163671 1.487975 3.315013
v -3.181854 1.467636 3.318917
v -3.169329 1.484452 3.310114
v -3.163671 1.487975 3.315013
v -3.163671 1.487975 3.315013
v -3.156063 1.505628 3.295789
v -3.150433 1.508374 3.302042
v -3.150433 1.808707 3.302042
v -3.150423 1.797276 3.282384
v -3.144624 1.791471 3.281338
v -3.144624 1.791471 3.281338
v -3.153160 1.785563 3.256212
v -3.146551 1.779683 3.256500
v -3.156520 1.541445 3.231125
v -3.175849 1.531796 3.214623
v -3.158712 1.536407 3.237309
v -3.158712 1.536407 3.237309
v -3.146551 1.537403 3.256500
v -3.156520 1.541445 3.231125
v -3.146551 1.537403 3.256500
v -3.158218 1.535913 3.237036
v -3.156520 1.541445 3.231125
v -3.156520 1.541445 3.231125
v -3.175355 1.531301 3.214350
v -3.172482 1.537714 3.208969
v -3.244458 1.848696 3.204168
v -3.244962 1.859635 3.224099
v -3.250267 1.865937 3.224872
v -3.250267 1.865937 3.224872
v -3.242225 1.871349 3.250271
v -3.248340 1.877723 3.249710
v -3.587096 1.803738 3.297241
v -3.573904 1.820598 3.304915
v -3.575571 1.823645 3.312423
v -3.575571 1.823645 3.312423
v -3.555669 1.842095 3.310827
v -3.558509 1.844291 3.318917
v -3.575571 1.823645 3.312423
v -3.556163 1.842589 3.310555
v -3.574398 1.821092 3.304643
v -3.574398 1.821092 3.304643
v -3.587096 1.803738 3.297241
v -3.575571 1.823645 3.312423
v -3.238371 1.881765 3.275085
v -3.242225 1.871349 3.250271
v -3.232450 1.876284 3.276912
v -3.232450 1.876284 3.276912
v -3.222408 1.878031 3.297241
v -3.238371 1.881765 3.275085
v -3.590826 1.787778 3.275085
v -3.580410 1.783924 3.250271
v -3.585345 1.793697 3.276912
v -3.585345 1.793697 3.276912
v -3.587096 1.803738 3.297241
v -3.590826 1.787778 3.275085
v -3.587096 1.803738 3.297241
v -3.585839 1.794191 3.276640
v -3.590826 1.787778 3.275085
v -3.590826 1.787778 3.275085
v -3.580904 1.784418 3.249998
v -3.586785 1.777810 3.249710
v -3.163671 1.829106 3.315013
v -3.184050 1.846605 3.310827
v -3.164707 1.825503 3.307640
v -3.164707 1.825503 3.307640
v -3.150433 1.808707 3.302042
v -3.163671 1.829106 3.315013
v -3.557758 1.781690 3.204168
v -3.568697 1.781186 3.224099
v -3.574998 1.775882 3.224872
v -3.574998 1.775882 3.224872
v -3.580410 1.783924 3.250271
v -3.586785 1.777810 3.249710
v -3.574998 1.775882 3.224872
v -3.580904 1.784418 3.249998
v -3.569191 1.781680 3.223826
v -3.569191 1.781680 3.223826
v -3.557758 1.781690 3.204168
v -3.574998 1.775882 3.224872
v -3.488745 1.437490 3.256500
v -3.501612 1.440729 3.274969
v -3.500532 1.435562 3.281338
v -3.500532 1.435562 3.281338
v -3.520023 1.447492 3.296061
v -3.517771 1.441369 3.302042
v -3.500532 1.435562 3.281338
v -3.520517 1.446998 3.295789
v -3.502106 1.440235 3.274696
v -3.502106 1.440235 3.274696
v -3.488745 1.437490 3.256500
v -3.500532 1.435562 3.281338
v -3.517771 1.875713 3.302042
v -3.506338 1.875726 3.282384
v -3.500532 1.881523 3.281338
v -3.500532 1.881523 3.281338
v -3.494625 1.872990 3.256212
v -3.488745 1.879598 3.256500
v -3.500532 1.881523 3.281338
v -3.495119 1.873482 3.255939
v -3.506832 1.876220 3.282111
v -3.506832 1.876220 3.282111
v -3.517771 1.875713 3.302042
v -3.500532 1.881523 3.281338
v -3.484704 1.447458 3.231125
v -3.494353 1.466788 3.214623
v -3.489741 1.449651 3.237309
v -3.489741 1.449651 3.237309
v -3.488745 1.437490 3.256500
v -3.484704 1.447458 3.231125
v -3.488745 1.437490 3.256500
v -3.490235 1.449157 3.237036
v -3.484704 1.447458 3.231125
v -3.484704 1.447458 3.231125
v -3.494847 1.466294 3.214350
v -3.488433 1.463421 3.208969
v -3.538170 1.862476 3.315013
v -3.555669 1.842095 3.310827
v -3.534566 1.861439 3.307640
v -3.534566 1.861439 3.307640
v -3.517771 1.875713 3.302042
v -3.538170 1.862476 3.315013
v -3.517771 1.875713 3.302042
v -3.535060 1.861933 3.307367
v -3.538170 1.862476 3.315013
v -3.538170 1.862476 3.315013
v -3.556163 1.842589 3.310555
v -3.558509 1.844291 3.318917
v -3.586785 1.539278 3.249710
v -3.573423 1.536533 3.231514
v -3.574998 1.541205 3.224872
v -3.574998 1.541205 3.224872
v -3.555012 1.529767 3.210422
v -3.557758 1.535396 3.204168
v -3.574998 1.541205 3.224872
v -3.555506 1.529273 3.210149
v -3.573917 1.536039 3.231241
v -3.573917 1.536039 3.231241
v -3.586785 1.539278 3.249710
v -3.574998 1.541205 3.224872
v -3.488433 1.853667 3.208969
v -3.501132 1.836313 3.201568
v -3.499959 1.833760 3.193788
v -3.499959 1.833760 3.193788
v -3.519366 1.814813 3.195656
v -3.517020 1.813112 3.187293
v -3.499959 1.833760 3.193788
v -3.519860 1.815307 3.195383
v -3.501626 1.836807 3.201295
v -3.501626 1.836807 3.201295
v -3.488433 1.853667 3.208969
v -3.499959 1.833760 3.193788
v -3.231220 1.488788 3.191197
v -3.238828 1.471137 3.210422
v -3.225562 1.492311 3.196096
v -3.225562 1.492311 3.196096
v -3.213037 1.509129 3.187293
v -3.231220 1.488788 3.191197
v -3.213037 1.509129 3.187293
v -3.225068 1.491817 3.195823
v -3.231220 1.488788 3.191197
v -3.231220 1.488788 3.191197
v -3.238334 1.470641 3.210149
v -3.244458 1.468390 3.204168
v -3.590826 1.529309 3.275085
v -3.580682 1.510473 3.291860
v -3.585294 1.527611 3.269174
v -3.585294 1.527611 3.269174
v -3.586785 1.539278 3.249710
v -3.590826 1.529309 3.275085
v -3.586785 1.539278 3.249710
v -3.585788 1.527117 3.268901
v -3.590826 1.529309 3.275085
v -3.590826 1.529309 3.275085
v -3.581176 1.509979 3.291588
v -3.587096 1.513344 3.297241
v -3.537359 1.794930 3.191197
v -3.519366 1.814813 3.195656
v -3.540469 1.795470 3.198843
v -3.540469 1.795470 3.198843
v -3.557758 1.781690 3.204168
v -3.537359 1.794930 3.191197
v -3.557758 1.781690 3.204168
v -3.540963 1.795964 3.198571
v -3.537359 1.794930 3.191197
v -3.537359 1.794930 3.191197
v -3.519860 1.815307 3.195383
v -3.517020 1.813112 3.187293
v -3.213037 1.509129 3.187293
v -3.196439 1.520362 3.198038
v -3.192389 1.526190 3.193788
v -3.192389 1.526190 3.193788
v -3.175849 1.531796 3.214623
v -3.172482 1.537714 3.208969
v -3.192389 1.526190 3.193788
v -3.175355 1.531301 3.214350
v -3.195945 1.519868 3.197766
v -3.195945 1.519868 3.197766
v -3.213037 1.509129 3.187293
v -3.192389 1.526190 3.193788
v -3.538170 1.454606 3.315013
v -3.520023 1.447492 3.296061
v -3.541199 1.460758 3.310387
v -3.541199 1.460758 3.310387
v -3.558509 1.472790 3.318917
v -3.538170 1.454606 3.315013
v -3.558509 1.472790 3.318917
v -3.541693 1.460264 3.310114
v -3.538170 1.454606 3.315013
v -3.538170 1.454606 3.315013
v -3.520517 1.446998 3.295789
v -3.517771 1.441369 3.302042
v -3.484704 1.869630 3.231125
v -3.494625 1.872990 3.256212
v -3.489690 1.863214 3.229571
v -3.489690 1.863214 3.229571
v -3.488433 1.853667 3.208969
v -3.484704 1.869630 3.231125
v -3.488433 1.853667 3.208969
v -3.490184 1.863708 3.229298
v -3.484704 1.869630 3.231125
v -3.484704 1.869630 3.231125
v -3.495119 1.873482 3.255939
v -3.488745 1.879598 3.256500
v -3.248340 1.439363 3.249710
v -3.245594 1.452725 3.231514
v -3.250267 1.451151 3.224872
v -3.250267 1.451151 3.224872
v -3.238828 1.471137 3.210422
v -3.244458 1.468390 3.204168
v -3.250267 1.451151 3.224872
v -3.238334 1.470641 3.210149
v -3.245100 1.452231 3.231241
v -3.245100 1.452231 3.231241
v -3.248340 1.439363 3.249710
v -3.250267 1.451151 3.224872
v -3.517020 1.503975 3.187293
v -3.505785 1.487377 3.198038
v -3.499958 1.483328 3.193788
v -3.499958 1.483328 3.193788
v -3.494353 1.466788 3.214623
v -3.488433 1.463421 3.208969
v -3.499958 1.483328 3.193788
v -3.494847 1.466294 3.214350
v -3.506279 1.486883 3.197766
v -3.506279 1.486883 3.197766
v -3.517020 1.503975 3.187293
v -3.499958 1.483328 3.193788
v -3.172482 1.779372 3.208969
v -3.189836 1.792071 3.201568
v -3.192389 1.790897 3.193788
v -3.192389 1.790897 3.193788
v -3.211334 1.810305 3.195656
v -3.213037 1.807958 3.187293
v -3.238371 1.435323 3.275085
v -3.219535 1.445466 3.291860
v -3.236672 1.440853 3.269174
v -3.236672 1.440853 3.269174
v -3.248340 1.439363 3.249710
v -3.238371 1.435323 3.275085
v -3.248340 1.439363 3.249710
v -3.236178 1.440359 3.268901
v -3.238371 1.435323 3.275085
v -3.238371 1.435323 3.275085
v -3.219041 1.444972 3.291588
v -3.222409 1.439050 3.297241
v -3.558509 1.472790 3.318917
v -3.569250 1.489882 3.308445
v -3.575571 1.493437 3.312423
v -3.575571 1.493437 3.312423
v -3.580682 1.510473 3.291860
v -3.587096 1.513344 3.297241
v -3.575571 1.493437 3.312423
v -3.581176 1.509979 3.291588
v -3.569744 1.489388 3.308172
v -3.569744 1.489388 3.308172
v -3.558509 1.472790 3.318917
v -3.575571 1.493437 3.312423
v -3.396837 1.395215 3.396775
v -3.306182 1.406920 3.426757
v -3.338369 1.439889 3.511204
v -3.594151 1.636063 3.516322
v -3.627679 1.719212 3.430441
v -3.639241 1.629667 3.400827
v -3.625354 1.595226 3.436399
v -3.623039 1.613435 3.415955
v -3.615609 1.601509 3.434989
v -3.607106 1.597880 3.456768
v -3.625354 1.595226 3.436399
v -3.615609 1.601509 3.434989
v -3.607487 1.595225 3.429424
v -3.607106 1.597880 3.456768
v -3.615609 1.601509 3.434989
v -3.623039 1.613435 3.415955
v -3.607487 1.595225 3.429424
v -3.615609 1.601509 3.434989
v -3.627679 1.719212 3.430441
v -3.609383 1.719207 3.450939
v -3.617704 1.713192 3.429623
v -3.624650 1.699227 3.411833
v -3.627679 1.719212 3.430441
v -3.617704 1.713192 3.429623
v -3.609813 1.719213 3.423467
v -3.624650 1.699227 3.411833
v -3.617704 1.713192 3.429623
v -3.609383 1.719207 3.450939
v -3.609813 1.719213 3.423467
v -3.617704 1.713192 3.429623
v -3.595115 1.687420 3.513856
v -3.586184 1.661673 3.510363
v -3.588371 1.684555 3.504760
v -3.593449 1.703652 3.491750
v -3.595115 1.687420 3.513856
v -3.588371 1.684555 3.504760
v -3.577248 1.687420 3.506880
v -3.593449 1.703652 3.491750
v -3.588371 1.684555 3.504760
v -3.586184 1.661673 3.510363
v -3.577248 1.687420 3.506880
v -3.588371 1.684555 3.504760
v -3.609003 1.721862 3.478282
v -3.593449 1.703652 3.491750
v -3.600880 1.715579 3.472717
v -3.609383 1.719207 3.450939
v -3.609003 1.721862 3.478282
v -3.600880 1.715579 3.472717
v -3.591135 1.721863 3.471307
v -3.609383 1.719207 3.450939
v -3.600880 1.715579 3.472717
v -3.593449 1.703652 3.491750
v -3.591135 1.721863 3.471307
v -3.600880 1.715579 3.472717
v -3.639241 1.629667 3.400827
v -3.630307 1.655414 3.397343
v -3.628119 1.632532 3.402947
v -3.623039 1.613435 3.415955
v -3.639241 1.629667 3.400827
v -3.628119 1.632532 3.402947
v -3.621375 1.629667 3.393850
v -3.623039 1.613435 3.415955
v -3.628119 1.632532 3.402947
v -3.630307 1.655414 3.397343
v -3.621375 1.629667 3.393850
v -3.628119 1.632532 3.402947
v -3.606677 1.597876 3.484239
v -3.607106 1.597880 3.456768
v -3.598785 1.603895 3.478083
v -3.591840 1.617860 3.495873
v -3.606677 1.597876 3.484239
v -3.598785 1.603895 3.478083
v -3.588810 1.597874 3.477264
v -3.591840 1.617860 3.495873
v -3.598785 1.603895 3.478083
v -3.607106 1.597880 3.456768
v -3.588810 1.597874 3.477264
v -3.598785 1.603895 3.478083
v -3.640205 1.681025 3.398358
v -3.624650 1.699227 3.411833
v -3.628988 1.678794 3.400724
v -3.630307 1.655414 3.397343
v -3.640205 1.681025 3.398358
v -3.628988 1.678794 3.400724
v -3.622339 1.681025 3.391384
v -3.630307 1.655414 3.397343
v -3.628988 1.678794 3.400724
v -3.624650 1.699227 3.411833
v -3.622339 1.681025 3.391384
v -3.628988 1.678794 3.400724
v -3.594151 1.636063 3.516322
v -3.591840 1.617860 3.495873
v -3.587503 1.638294 3.506982
v -3.586184 1.661673 3.510363
v -3.594151 1.636063 3.516322
v -3.587503 1.638294 3.506982
v -3.576285 1.636063 3.509347
v -3.586184 1.661673 3.510363
v -3.587503 1.638294 3.506982
v -3.591840 1.617860 3.495873
v -3.576285 1.636063 3.509347
v -3.587503 1.638294 3.506982
v -3.574419 1.516475 3.295069
v -3.514003 1.453748 3.299253
v -3.488436 1.472966 3.218141
v -3.428271 1.419470 3.484240
v -3.396479 1.386904 3.400827
v -3.304284 1.417143 3.478283
v -3.304284 1.417143 3.478283
v -3.306940 1.416763 3.450939
v -3.310569 1.425266 3.472717
v -3.322495 1.432697 3.491751
v -3.304284 1.417143 3.478283
v -3.310569 1.425266 3.472717
v -3.304284 1.435011 3.471307
v -3.322495 1.432697 3.491751
v -3.310569 1.425266 3.472717
v -3.306940 1.416763 3.450939
v -3.304284 1.435011 3.471307
v -3.310569 1.425266 3.472717
v -3.430921 1.400792 3.436399
v -3.428266 1.419040 3.456768
v -3.424638 1.410537 3.434989
v -3.412711 1.403106 3.415956
v -3.430921 1.400792 3.436399
v -3.424638 1.410537 3.434989
v -3.430921 1.418660 3.429425
v -3.412711 1.403106 3.415956
v -3.424638 1.410537 3.434989
v -3.428266 1.419040 3.456768
v -3.430921 1.418660 3.429425
v -3.424638 1.410537 3.434989
v -3.338726 1.431031 3.513857
v -3.322495 1.432697 3.491751
v -3.341592 1.437775 3.504760
v -3.364473 1.439963 3.510364
v -3.338726 1.431031 3.513857
v -3.341592 1.437775 3.504760
v -3.338726 1.448899 3.506880
v -3.364473 1.439963 3.510364
v -3.341592 1.437775 3.504760
v -3.322495 1.432697 3.491751
v -3.338726 1.448899 3.506880
v -3.341592 1.437775 3.504760
v -3.390083 1.431995 3.516323
v -3.364473 1.439963 3.510364
v -3.387853 1.438644 3.506983
v -3.408285 1.434307 3.495873
v -3.390083 1.431995 3.516323
v -3.387853 1.438644 3.506983
v -3.390084 1.449862 3.509348
v -3.408285 1.434307 3.495873
v -3.387853 1.438644 3.506983
v -3.364473 1.439963 3.510364
v -3.390084 1.449862 3.509348
v -3.387853 1.438644 3.506983
v -3.306933 1.398467 3.430442
v -3.326920 1.401496 3.411833
v -3.312954 1.408442 3.429624
v -3.306940 1.416763 3.450939
v -3.306933 1.398467 3.430442
v -3.312954 1.408442 3.429624
v -3.306934 1.416333 3.423467
v -3.306940 1.416763 3.450939
v -3.312954 1.408442 3.429624
v -3.326920 1.401496 3.411833
v -3.306934 1.416333 3.423467
v -3.312954 1.408442 3.429624
v -3.428271 1.419470 3.484240
v -3.408285 1.434307 3.495873
v -3.422251 1.427362 3.478083
v -3.428266 1.419040 3.456768
v -3.428271 1.419470 3.484240
v -3.422251 1.427362 3.478083
v -3.428272 1.437336 3.477265
v -3.428266 1.419040 3.456768
v -3.422251 1.427362 3.478083
v -3.408285 1.434307 3.495873
v -3.428272 1.437336 3.477265
v -3.422251 1.427362 3.478083
v -3.345121 1.385941 3.398359
v -3.370732 1.395840 3.397344
v -3.347352 1.397159 3.400724
v -3.326920 1.401496 3.411833
v -3.345121 1.385941 3.398359
v -3.347352 1.397159 3.400724
v -3.345121 1.403808 3.391383
v -3.326920 1.401496 3.411833
v -3.347352 1.397159 3.400724
v -3.370732 1.395840 3.397344
v -3.345121 1.403808 3.391383
v -3.347352 1.397159 3.400724
v -3.396479 1.386904 3.400827
v -3.412711 1.403106 3.415956
v -3.393614 1.398028 3.402947
v -3.370732 1.395840 3.397344
v -3.396479 1.386904 3.400827
v -3.393614 1.398028 3.402947
v -3.396480 1.404771 3.393851
v -3.370732 1.395840 3.397344
v -3.393614 1.398028 3.402947
v -3.412711 1.403106 3.415956
v -3.396480 1.404771 3.393851
v -3.393614 1.398028 3.402947
v -3.609813 1.719213 3.423467
v -3.591135 1.721863 3.471307
v -3.577248 1.687420 3.506880
v -3.432286 1.685337 3.622429
v -3.394396 1.593860 3.622429
v -3.302919 1.685337 3.622429
v -3.432286 1.685337 3.603249
v -3.340810 1.723227 3.603249
v -3.302919 1.631751 3.603249
v -3.302919 1.685337 3.622429
v -3.304028 1.658543 3.612839
v -3.309079 1.682785 3.612839
v -3.322649 1.703498 3.612839
v -3.302919 1.685337 3.622429
v -3.309079 1.682785 3.612839
v -3.302919 1.685337 3.603249
v -3.322649 1.703498 3.612839
v -3.309079 1.682785 3.612839
v -3.304028 1.658543 3.612839
v -3.302919 1.685337 3.603249
v -3.309079 1.682785 3.612839
v -3.394396 1.723227 3.622429
v -3.367603 1.722119 3.612839
v -3.391844 1.717067 3.612839
v -3.412557 1.703498 3.612839
v -3.394396 1.723227 3.622429
v -3.391844 1.717067 3.612839
v -3.394396 1.723227 3.603249
v -3.412557 1.703498 3.612839
v -3.391844 1.717067 3.612839
v -3.367603 1.722119 3.612839
v -3.394396 1.723227 3.603249
v -3.391844 1.717067 3.612839
v -3.302919 1.631751 3.622429
v -3.322648 1.613590 3.612839
v -3.309078 1.634302 3.612839
v -3.304028 1.658543 3.612839
v -3.302919 1.631751 3.622429
v -3.309078 1.634302 3.612839
v -3.302919 1.631751 3.603249
v -3.304028 1.658543 3.612839
v -3.309078 1.634302 3.612839
v -3.322648 1.613590 3.612839
v -3.302919 1.631751 3.603249
v -3.309078 1.634302 3.612839
v -3.394396 1.593860 3.622429
v -3.412557 1.613589 3.612839
v -3.391844 1.600020 3.612839
v -3.367603 1.594968 3.612839
v -3.394396 1.593860 3.622429
v -3.391844 1.600020 3.612839
v -3.394396 1.593860 3.603249
v -3.367603 1.594968 3.612839
v -3.391844 1.600020 3.612839
v -3.412557 1.613589 3.612839
v -3.394396 1.593860 3.603249
v -3.391844 1.600020 3.612839
v -3.340810 1.723227 3.622429
v -3.322649 1.703498 3.612839
v -3.343362 1.717067 3.612839
v -3.367603 1.722119 3.612839
v -3.340810 1.723227 3.622429
v -3.343362 1.717067 3.612839
v -3.340810 1.723227 3.603249
v -3.367603 1.722119 3.612839
v -3.343362 1.717067 3.612839
v -3.322649 1.703498 3.612839
v -3.340810 1.723227 3.603249
v -3.343362 1.717067 3.612839
v -3.432286 1.685337 3.622429
v -3.412557 1.703498 3.612839
v -3.426126 1.682785 3.612839
v -3.431178 1.658543 3.612839
v -3.432286 1.685337 3.622429
v -3.426126 1.682785 3.612839
v -3.432286 1.685337 3.603249
v -3.431178 1.658543 3.612839
v -3.426126 1.682785 3.612839
v -3.412557 1.703498 3.612839
v -3.432286 1.685337 3.603249
v -3.426126 1.682785 3.612839
v -3.340810 1.593860 3.622429
v -3.367603 1.594968 3.612839
v -3.343361 1.600020 3.612839
v -3.322648 1.613590 3.612839
v -3.340810 1.593860 3.622429
v -3.343361 1.600020 3.612839
v -3.340810 1.593860 3.603249
v -3.322648 1.613590 3.612839
v -3.343361 1.600020 3.612839
v -3.367603 1.594968 3.612839
v -3.340810 1.593860 3.603249
v -3.343361 1.600020 3.612839
v -3.432286 1.631751 3.622429
v -3.431178 1.658543 3.612839
v -3.426126 1.634302 3.612839
v -3.412557 1.613589 3.612839
v -3.432286 1.631751 3.622429
v -3.426126 1.634302 3.612839
v -3.432286 1.631751 3.603249
v -3.412557 1.613589 3.612839
v -3.426126 1.634302 3.612839
v -3.431178 1.658543 3.612839
v -3.432286 1.631751 3.603249
v -3.426126 1.634302 3.612839
v -3.304285 1.882077 3.471307
v -3.338726 1.868189 3.506881
v -3.396479 1.912316 3.393852
v -3.095001 1.681025 3.398359
v -3.140091 1.687419 3.513856
v -3.128528 1.597874 3.484240
v -3.144069 1.721862 3.471307
v -3.112867 1.681025 3.391383
v -3.127718 1.595227 3.429425
v -3.140091 1.687419 3.513856
v -3.141756 1.703652 3.491750
v -3.146835 1.684554 3.504760
v -3.149022 1.661673 3.510364
v -3.140091 1.687419 3.513856
v -3.146835 1.684554 3.504760
v -3.157958 1.687420 3.506881
v -3.149022 1.661673 3.510364
v -3.146835 1.684554 3.504760
v -3.141756 1.703652 3.491750
v -3.157958 1.687420 3.506881
v -3.146835 1.684554 3.504760
v -3.095001 1.681025 3.398359
v -3.104899 1.655415 3.397344
v -3.106219 1.678794 3.400723
v -3.110556 1.699227 3.411834
v -3.095001 1.681025 3.398359
v -3.106219 1.678794 3.400723
v -3.112867 1.681025 3.391383
v -3.110556 1.699227 3.411834
v -3.106219 1.678794 3.400723
v -3.104899 1.655415 3.397344
v -3.112867 1.681025 3.391383
v -3.106219 1.678794 3.400723
v -3.095964 1.629667 3.400827
v -3.112164 1.613435 3.415956
v -3.107086 1.632533 3.402947
v -3.104899 1.655415 3.397344
v -3.095964 1.629667 3.400827
v -3.107086 1.632533 3.402947
v -3.113830 1.629667 3.393852
v -3.104899 1.655415 3.397344
v -3.107086 1.632533 3.402947
v -3.112164 1.613435 3.415956
v -3.113830 1.629667 3.393852
v -3.107086 1.632533 3.402947
v -3.128528 1.597874 3.484240
v -3.143364 1.617861 3.495873
v -3.136419 1.603895 3.478083
v -3.128098 1.597880 3.456770
v -3.128528 1.597874 3.484240
v -3.136419 1.603895 3.478083
v -3.146396 1.597875 3.477265
v -3.128098 1.597880 3.456770
v -3.136419 1.603895 3.478083
v -3.143364 1.617861 3.495873
v -3.146396 1.597875 3.477265
v -3.136419 1.603895 3.478083
v -3.141054 1.636062 3.516324
v -3.149022 1.661673 3.510364
v -3.147702 1.638294 3.506983
v -3.143364 1.617861 3.495873
v -3.141054 1.636062 3.516324
v -3.147702 1.638294 3.506983
v -3.158921 1.636063 3.509348
v -3.143364 1.617861 3.495873
v -3.147702 1.638294 3.506983
v -3.149022 1.661673 3.510364
v -3.158921 1.636063 3.509348
v -3.147702 1.638294 3.506983
v -3.126203 1.721862 3.478282
v -3.125822 1.719207 3.450938
v -3.134325 1.715579 3.472716
v -3.141756 1.703652 3.491750
v -3.126203 1.721862 3.478282
v -3.134325 1.715579 3.472716
v -3.144069 1.721862 3.471307
v -3.141756 1.703652 3.491750
v -3.134325 1.715579 3.472716
v -3.125822 1.719207 3.450938
v -3.144069 1.721862 3.471307
v -3.134325 1.715579 3.472716
v -3.107525 1.719213 3.430442
v -3.110556 1.699227 3.411834
v -3.117501 1.713192 3.429623
v -3.125822 1.719207 3.450938
v -3.107525 1.719213 3.430442
v -3.117501 1.713192 3.429623
v -3.125393 1.719214 3.423466
v -3.125822 1.719207 3.450938
v -3.117501 1.713192 3.429623
v -3.110556 1.699227 3.411834
v -3.125393 1.719214 3.423466
v -3.117501 1.713192 3.429623
v -3.109851 1.595225 3.436399
v -3.128098 1.597880 3.456770
v -3.119596 1.601509 3.434991
v -3.112164 1.613435 3.415956
v -3.109851 1.595225 3.436399
v -3.119596 1.601509 3.434991
v -3.127718 1.595227 3.429425
v -3.112164 1.613435 3.415956
v -3.119596 1.601509 3.434991
v -3.128098 1.597880 3.456770
v -3.127718 1.595227 3.429425
v -3.119596 1.601509 3.434991
v -3.242890 1.860191 3.228418
v -3.226944 1.828681 3.200228
v -3.232424 1.874118 3.272600
v -3.338727 1.886056 3.513856
v -3.345121 1.931147 3.398359
v -3.430921 1.916296 3.436400
v -3.396480 1.930184 3.400827
v -3.370732 1.921248 3.397344
v -3.393613 1.919060 3.402947
v -3.412711 1.913983 3.415956
v -3.396480 1.930184 3.400827
v -3.393613 1.919060 3.402947
v -3.396479 1.912316 3.393852
v -3.412711 1.913983 3.415956
v -3.393613 1.919060 3.402947
v -3.370732 1.921248 3.397344
v -3.396479 1.912316 3.393852
v -3.393613 1.919060 3.402947
v -3.338727 1.886056 3.513856
v -3.364473 1.877123 3.510363
v -3.341593 1.879311 3.504760
v -3.322495 1.884390 3.491750
v -3.338727 1.886056 3.513856
v -3.341593 1.879311 3.504760
v -3.338726 1.868189 3.506881
v -3.322495 1.884390 3.491750
v -3.341593 1.879311 3.504760
v -3.364473 1.877123 3.510363
v -3.338726 1.868189 3.506881
v -3.341593 1.879311 3.504760
v -3.345121 1.931147 3.398359
v -3.326919 1.915591 3.411834
v -3.347353 1.919927 3.400724
v -3.370732 1.921248 3.397344
v -3.345121 1.931147 3.398359
v -3.347353 1.919927 3.400724
v -3.345121 1.913280 3.391383
v -3.370732 1.921248 3.397344
v -3.347353 1.919927 3.400724
v -3.326919 1.915591 3.411834
v -3.345121 1.913280 3.391383
v -3.347353 1.919927 3.400724
v -3.428272 1.897619 3.484240
v -3.428266 1.898049 3.456769
v -3.422251 1.889727 3.478084
v -3.408286 1.882782 3.495873
v -3.428272 1.897619 3.484240
v -3.422251 1.889727 3.478084
v -3.428271 1.879751 3.477265
v -3.408286 1.882782 3.495873
v -3.422251 1.889727 3.478084
v -3.428266 1.898049 3.456769
v -3.428271 1.879751 3.477265
v -3.422251 1.889727 3.478084
v -3.304284 1.899944 3.478282
v -3.322495 1.884390 3.491750
v -3.310569 1.891822 3.472716
v -3.306940 1.900324 3.450938
v -3.304284 1.899944 3.478282
v -3.310569 1.891822 3.472716
v -3.304285 1.882077 3.471307
v -3.306940 1.900324 3.450938
v -3.310569 1.891822 3.472716
v -3.322495 1.884390 3.491750
v -3.304285 1.882077 3.471307
v -3.310569 1.891822 3.472716
v -3.390084 1.885093 3.516323
v -3.408286 1.882782 3.495873
v -3.387853 1.878444 3.506983
v -3.364473 1.877123 3.510363
v -3.390084 1.885093 3.516323
v -3.387853 1.878444 3.506983
v -3.390084 1.867226 3.509348
v -3.364473 1.877123 3.510363
v -3.387853 1.878444 3.506983
v -3.408286 1.882782 3.495873
v -3.390084 1.867226 3.509348
v -3.387853 1.878444 3.506983
v -3.430921 1.916296 3.436400
v -3.412711 1.913983 3.415956
v -3.424638 1.906551 3.434990
v -3.428266 1.898049 3.456769
v -3.430921 1.916296 3.436400
v -3.424638 1.906551 3.434990
v -3.430920 1.898428 3.429425
v -3.428266 1.898049 3.456769
v -3.424638 1.906551 3.434990
v -3.412711 1.913983 3.415956
v -3.430920 1.898428 3.429425
v -3.424638 1.906551 3.434990
v -3.306933 1.918621 3.430442
v -3.306940 1.900324 3.450938
v -3.312954 1.908646 3.429623
v -3.326919 1.915591 3.411834
v -3.306933 1.918621 3.430442
v -3.312954 1.908646 3.429623
v -3.306933 1.900754 3.423466
v -3.326919 1.915591 3.411834
v -3.312954 1.908646 3.429623
v -3.306940 1.900324 3.450938
v -3.306933 1.900754 3.423466
v -3.312954 1.908646 3.429623
v -3.574147 1.778011 3.253645
v -3.513348 1.808776 3.199250
v -3.488706 1.866719 3.259563
v -3.244753 1.477296 3.213957
v -3.225538 1.451729 3.295069
v -3.162813 1.512143 3.299253
v -3.177520 1.853117 3.306961
v -3.204695 1.816962 3.192252
v -3.235462 1.877761 3.246648
v -3.526024 1.821452 3.192252
v -3.586822 1.790687 3.246648
v -3.562181 1.848625 3.306961
v -3.587093 1.503800 3.288070
v -3.561527 1.523017 3.206959
v -3.501111 1.460291 3.211143
v -3.169352 1.525038 3.211143
v -3.150137 1.499468 3.292254
v -3.212863 1.439054 3.288070
v -3.226944 1.828681 3.200228
v -3.204695 1.816962 3.192252
v -3.210968 1.810758 3.196667
v -3.237988 1.845698 3.211179
v -3.223938 1.837973 3.195461
v -3.226944 1.828681 3.200228
v -3.192359 1.450458 3.304551
v -3.184058 1.470569 3.309615
v -3.201321 1.456254 3.304278
v -3.201321 1.456254 3.304278
v -3.212863 1.439054 3.288070
v -3.192359 1.450458 3.304551
v -3.201321 1.456254 3.304278
v -3.225538 1.451729 3.295069
v -3.218880 1.446024 3.291003
v -3.184058 1.470569 3.309615
v -3.205033 1.463132 3.311549
v -3.201321 1.456254 3.304278
v -3.536948 1.517018 3.199765
v -3.561527 1.523017 3.206959
v -3.554932 1.528750 3.211086
v -3.519953 1.501771 3.196596
v -3.540440 1.509788 3.192729
v -3.536948 1.517018 3.199765
v -3.527766 1.522462 3.199726
v -3.519953 1.501771 3.196596
v -3.536948 1.517018 3.199765
v -3.536948 1.517018 3.199765
v -3.548851 1.535692 3.213956
v -3.527766 1.522462 3.199726
v -3.198925 1.871252 3.301041
v -3.219052 1.870888 3.291101
v -3.202394 1.861346 3.303860
v -3.202394 1.861346 3.303860
v -3.177520 1.853117 3.306961
v -3.198925 1.871252 3.301041
v -3.143430 1.517782 3.271236
v -3.153744 1.530473 3.256020
v -3.152054 1.520681 3.276819
v -3.152054 1.520681 3.276819
v -3.150137 1.499468 3.292254
v -3.143430 1.517782 3.271236
v -3.152054 1.520681 3.276819
v -3.162813 1.512143 3.299253
v -3.157078 1.505549 3.295125
v -3.153744 1.530473 3.256020
v -3.156104 1.530456 3.278233
v -3.152054 1.520681 3.276819
v -3.162750 1.783005 3.233768
v -3.146754 1.792320 3.252565
v -3.153877 1.786476 3.256092
v -3.176182 1.786170 3.215301
v -3.156510 1.787436 3.226050
v -3.162750 1.783005 3.233768
v -3.168812 1.487565 3.306446
v -3.150137 1.499468 3.292254
v -3.157078 1.505549 3.295125
v -3.184058 1.470569 3.309615
v -3.163366 1.478383 3.306485
v -3.168812 1.487565 3.306446
v -3.176040 1.491057 3.313481
v -3.184058 1.470569 3.309615
v -3.168812 1.487565 3.306446
v -3.168812 1.487565 3.306446
v -3.162813 1.512143 3.299253
v -3.176040 1.491057 3.313481
v -3.144059 1.804003 3.278610
v -3.157250 1.811363 3.295225
v -3.152284 1.796930 3.277946
v -3.152284 1.796930 3.277946
v -3.146754 1.792320 3.252565
v -3.144059 1.804003 3.278610
v -3.162014 1.533931 3.234782
v -3.169352 1.525038 3.211143
v -3.176010 1.530741 3.215208
v -3.153744 1.530473 3.256020
v -3.152312 1.529600 3.233745
v -3.162014 1.533931 3.234782
v -3.164986 1.542274 3.240742
v -3.153744 1.530473 3.256020
v -3.162014 1.533931 3.234782
v -3.162014 1.533931 3.234782
v -3.182027 1.537712 3.218141
v -3.164986 1.542274 3.240742
v -3.238158 1.866076 3.220604
v -3.237988 1.845698 3.211179
v -3.242890 1.860191 3.228418
v -3.242890 1.860191 3.228418
v -3.235462 1.877761 3.246648
v -3.238158 1.866076 3.220604
v -3.580316 1.827222 3.301041
v -3.580123 1.807266 3.291003
v -3.570549 1.823895 3.303779
v -3.570549 1.823895 3.303779
v -3.562181 1.848625 3.306961
v -3.580316 1.827222 3.301041
v -3.570549 1.823895 3.303779
v -3.549505 1.835950 3.313960
v -3.555577 1.842088 3.309615
v -3.580123 1.807266 3.291003
v -3.567642 1.814547 3.308039
v -3.570549 1.823895 3.303779
v -3.232424 1.874118 3.272600
v -3.235462 1.877761 3.246648
v -3.241281 1.870661 3.250259
v -3.219052 1.870888 3.291101
v -3.225706 1.882645 3.273164
v -3.232424 1.874118 3.272600
v -3.583320 1.793867 3.272521
v -3.586822 1.790687 3.246648
v -3.579855 1.785002 3.250190
v -3.580123 1.807266 3.291003
v -3.591706 1.800442 3.273163
v -3.583320 1.793867 3.272521
v -3.579032 1.787766 3.280161
v -3.580123 1.807266 3.291003
v -3.583320 1.793867 3.272521
v -3.583320 1.793867 3.272521
v -3.574147 1.778011 3.253645
v -3.579032 1.787766 3.280161
v -3.168229 1.828439 3.306138
v -3.177520 1.853117 3.306961
v -3.184188 1.846380 3.309690
v -3.157250 1.811363 3.295225
v -3.158279 1.832103 3.303753
v -3.168229 1.828439 3.306138
v -3.575138 1.787989 3.220604
v -3.554932 1.788335 3.211085
v -3.569395 1.783401 3.228344
v -3.569395 1.783401 3.228344
v -3.586822 1.790687 3.246648
v -3.575138 1.787989 3.220604
v -3.569395 1.783401 3.228344
v -3.574147 1.778011 3.253645
v -3.579855 1.785002 3.250190
v -3.554932 1.788335 3.211085
v -3.562464 1.775316 3.227601
v -3.569395 1.783401 3.228344
v -3.508365 1.434368 3.271236
v -3.495674 1.444684 3.256021
v -3.505467 1.442992 3.276820
v -3.505467 1.442992 3.276820
v -3.526678 1.441073 3.292254
v -3.508365 1.434368 3.271236
v -3.505467 1.442992 3.276820
v -3.514003 1.453748 3.299253
v -3.520597 1.448015 3.295125
v -3.495674 1.444684 3.256021
v -3.495692 1.447042 3.278234
v -3.505467 1.442992 3.276820
v -3.513065 1.882089 3.278610
v -3.520597 1.869069 3.295125
v -3.506135 1.874004 3.277866
v -3.506135 1.874004 3.277866
v -3.501382 1.879395 3.252565
v -3.513065 1.882089 3.278610
v -3.506135 1.874004 3.277866
v -3.488706 1.866719 3.259563
v -3.495674 1.872404 3.256021
v -3.520597 1.869069 3.295125
v -3.500391 1.869416 3.285606
v -3.506135 1.874004 3.277866
v -3.492217 1.452952 3.234782
v -3.501111 1.460291 3.211143
v -3.495406 1.466949 3.215208
v -3.495674 1.444684 3.256021
v -3.496548 1.443251 3.233745
v -3.492217 1.452952 3.234782
v -3.483874 1.455924 3.240742
v -3.495674 1.444684 3.256021
v -3.492217 1.452952 3.234782
v -3.492217 1.452952 3.234782
v -3.488436 1.472966 3.218141
v -3.483874 1.455924 3.240742
v -3.537644 1.858057 3.306058
v -3.562181 1.848625 3.306961
v -3.555577 1.842088 3.309615
v -3.520597 1.869069 3.295125
v -3.541167 1.867867 3.303753
v -3.537644 1.858057 3.306058
v -3.528493 1.855192 3.310750
v -3.520597 1.869069 3.295125
v -3.537644 1.858057 3.306058
v -3.537644 1.858057 3.306058
v -3.549505 1.835950 3.313960
v -3.528493 1.855192 3.310750
v -3.579837 1.529725 3.227977
v -3.579855 1.532084 3.250190
v -3.570062 1.533774 3.229391
v -3.570062 1.533774 3.229391
v -3.561527 1.523017 3.206959
v -3.579837 1.529725 3.227977
v -3.570062 1.533774 3.229391
v -3.548851 1.535692 3.213956
v -3.554932 1.528750 3.211086
v -3.579855 1.532084 3.250190
v -3.567164 1.542399 3.234974
v -3.570062 1.533774 3.229391
v -3.507888 1.842857 3.198172
v -3.495406 1.850138 3.215208
v -3.504981 1.833511 3.202432
v -3.504981 1.833511 3.202432
v -3.526024 1.821452 3.192252
v -3.507888 1.842857 3.198172
v -3.504981 1.833511 3.202432
v -3.513348 1.808776 3.199250
v -3.519952 1.815315 3.196596
v -3.495406 1.850138 3.215208
v -3.495214 1.830184 3.205169
v -3.504981 1.833511 3.202432
v -3.226080 1.489198 3.199765
v -3.232078 1.464622 3.206959
v -3.237813 1.471215 3.211085
v -3.210833 1.506196 3.196596
v -3.218851 1.485706 3.192729
v -3.226080 1.489198 3.199765
v -3.231525 1.498380 3.199726
v -3.210833 1.506196 3.196596
v -3.226080 1.489198 3.199765
v -3.226080 1.489198 3.199765
v -3.244753 1.477296 3.213957
v -3.231525 1.498380 3.199726
v -3.583313 1.523816 3.271429
v -3.587093 1.503800 3.288070
v -3.580122 1.509817 3.291003
v -3.579855 1.532084 3.250190
v -3.591655 1.520843 3.265469
v -3.583313 1.523816 3.271429
v -3.578982 1.533517 3.272466
v -3.579855 1.532084 3.250190
v -3.583313 1.523816 3.271429
v -3.583313 1.523816 3.271429
v -3.574419 1.516475 3.295069
v -3.578982 1.533517 3.272466
v -3.537884 1.799348 3.200152
v -3.526024 1.821452 3.192252
v -3.519952 1.815315 3.196596
v -3.554932 1.788335 3.211085
v -3.547036 1.802210 3.195461
v -3.537884 1.799348 3.200152
v -3.534362 1.789536 3.202458
v -3.554932 1.788335 3.211085
v -3.537884 1.799348 3.200152
v -3.537884 1.799348 3.200152
v -3.513348 1.808776 3.199250
v -3.534362 1.789536 3.202458
v -3.189858 1.513632 3.194662
v -3.210833 1.506196 3.196596
v -3.193570 1.520511 3.201934
v -3.193570 1.520511 3.201934
v -3.169352 1.525038 3.211143
v -3.189858 1.513632 3.194662
v -3.193570 1.520511 3.201934
v -3.182027 1.537712 3.218141
v -3.176010 1.530741 3.215208
v -3.210833 1.506196 3.196596
v -3.202531 1.526306 3.201660
v -3.193570 1.520511 3.201934
v -3.538581 1.459747 3.306446
v -3.526678 1.441073 3.292254
v -3.520597 1.448015 3.295125
v -3.555577 1.474994 3.309614
v -3.547763 1.454302 3.306485
v -3.538581 1.459747 3.306446
v -3.535089 1.466976 3.313481
v -3.555577 1.474994 3.309614
v -3.538581 1.459747 3.306446
v -3.538581 1.459747 3.306446
v -3.514003 1.453748 3.299253
v -3.535089 1.466976 3.313481
v -3.492209 1.863539 3.233689
v -3.501382 1.879395 3.252565
v -3.495674 1.872404 3.256021
v -3.495406 1.850138 3.215208
v -3.496497 1.869637 3.226050
v -3.492209 1.863539 3.233689
v -3.483823 1.856964 3.233047
v -3.495406 1.850138 3.215208
v -3.492209 1.863539 3.233689
v -3.492209 1.863539 3.233689
v -3.488706 1.866719 3.259563
v -3.483823 1.856964 3.233047
v -3.238787 1.446311 3.227977
v -3.241145 1.446291 3.250190
v -3.242836 1.456086 3.229390
v -3.242836 1.456086 3.229390
v -3.232078 1.464622 3.206959
v -3.238787 1.446311 3.227977
v -3.242836 1.456086 3.229390
v -3.244753 1.477296 3.213957
v -3.237813 1.471215 3.211085
v -3.241145 1.446291 3.250190
v -3.251460 1.458984 3.234974
v -3.242836 1.456086 3.229390
v -3.512514 1.480795 3.194662
v -3.519953 1.501771 3.196596
v -3.505637 1.484508 3.201934
v -3.505637 1.484508 3.201934
v -3.501111 1.460291 3.211143
v -3.512514 1.480795 3.194662
v -3.505637 1.484508 3.201934
v -3.488436 1.472966 3.218141
v -3.495406 1.466949 3.215208
v -3.519953 1.501771 3.196596
v -3.499841 1.493469 3.201660
v -3.505637 1.484508 3.201934
v -3.183292 1.798826 3.198172
v -3.176182 1.786170 3.215301
v -3.192781 1.795777 3.202508
v -3.192781 1.795777 3.202508
v -3.204695 1.816962 3.192252
v -3.183292 1.798826 3.198172
v -3.232877 1.442835 3.271428
v -3.212863 1.439054 3.288070
v -3.218880 1.446024 3.291003
v -3.241145 1.446291 3.250190
v -3.229905 1.434491 3.265469
v -3.232877 1.442835 3.271428
v -3.242578 1.447165 3.272466
v -3.241145 1.446291 3.250190
v -3.232877 1.442835 3.271428
v -3.232877 1.442835 3.271428
v -3.225538 1.451729 3.295069
v -3.242578 1.447165 3.272466
v -3.575688 1.483296 3.304551
v -3.555577 1.474994 3.309614
v -3.569892 1.492256 3.304278
v -3.569892 1.492256 3.304278
v -3.587093 1.503800 3.288070
v -3.575688 1.483296 3.304551
v -3.569892 1.492256 3.304278
v -3.574419 1.516475 3.295069
v -3.580122 1.509817 3.291003
v -3.555577 1.474994 3.309614
v -3.563015 1.495970 3.311548
v -3.569892 1.492256 3.304278
v -3.430921 1.418660 3.429425
v -3.428272 1.437336 3.477265
v -3.390084 1.449862 3.509348
v -3.591276 1.709215 3.496288
v -3.585559 1.687777 3.510931
v -3.599619 1.722646 3.474917
v -3.585559 1.687777 3.510931
v -3.583113 1.662058 3.517196
v -3.584583 1.635784 3.513429
v -3.597264 1.597123 3.480948
v -3.584583 1.635784 3.513429
v -3.589468 1.612843 3.500918
v -3.585559 1.687777 3.510931
v -3.584583 1.635784 3.513429
v -3.597264 1.597123 3.480948
v -3.606617 1.590398 3.456991
v -3.616172 1.594441 3.432515
v -3.616172 1.594441 3.432515
v -3.630232 1.629309 3.396502
v -3.624516 1.607872 3.411145
v -3.630232 1.629309 3.396502
v -3.630232 1.629309 3.396502
v -3.632678 1.655028 3.390237
v -3.631208 1.681303 3.394003
v -3.618527 1.719964 3.426484
v -3.631208 1.681303 3.394003
v -3.626324 1.704244 3.406514
v -3.631208 1.681303 3.394003
v -3.609174 1.726689 3.450442
v -3.599619 1.722646 3.474917
v -3.616826 1.592085 3.431873
v -3.625476 1.606009 3.409717
v -3.624516 1.607872 3.411145
v -3.616826 1.592085 3.431873
v -3.616172 1.594441 3.432515
v -3.606617 1.590398 3.456991
v -3.616826 1.592085 3.431873
v -3.606920 1.587893 3.457247
v -3.607316 1.590398 3.457264
v -3.616826 1.592085 3.431873
v -3.616871 1.594441 3.432788
v -3.625214 1.607872 3.411418
v -3.619267 1.722221 3.425620
v -3.609571 1.729193 3.450458
v -3.609174 1.726689 3.450442
v -3.619267 1.722221 3.425620
v -3.618527 1.719964 3.426484
v -3.626324 1.704244 3.406514
v -3.619267 1.722221 3.425620
v -3.627350 1.705924 3.404916
v -3.627022 1.704244 3.406787
v -3.619267 1.722221 3.425620
v -3.619226 1.719964 3.426757
v -3.609873 1.726689 3.450715
v -3.585087 1.688852 3.513170
v -3.582551 1.662188 3.519665
v -3.583113 1.662058 3.517196
v -3.585087 1.688852 3.513170
v -3.585559 1.687777 3.510931
v -3.591276 1.709215 3.496288
v -3.585087 1.688852 3.513170
v -3.591014 1.711077 3.497989
v -3.591974 1.709215 3.496560
v -3.585087 1.688852 3.513170
v -3.586257 1.687777 3.511204
v -3.583812 1.662058 3.517468
v -3.599664 1.725002 3.475833
v -3.591014 1.711077 3.497989
v -3.591276 1.709215 3.496288
v -3.599664 1.725002 3.475833
v -3.599619 1.722646 3.474917
v -3.609174 1.726689 3.450442
v -3.609571 1.729193 3.450458
v -3.599664 1.725002 3.475833
v -3.600317 1.722646 3.475190
v -3.591974 1.709215 3.496560
v -3.631403 1.628235 3.394535
v -3.633938 1.654899 3.388040
v -3.632678 1.655028 3.390237
v -3.631403 1.628235 3.394535
v -3.630232 1.629309 3.396502
v -3.624516 1.607872 3.411145
v -3.631403 1.628235 3.394535
v -3.625476 1.606009 3.409717
v -3.625214 1.607872 3.411418
v -3.631403 1.628235 3.394535
v -3.630931 1.629309 3.396774
v -3.633377 1.655028 3.390510
v -3.597223 1.594865 3.482086
v -3.606920 1.587893 3.457247
v -3.606617 1.590398 3.456991
v -3.597223 1.594865 3.482086
v -3.597264 1.597123 3.480948
v -3.589468 1.612843 3.500918
v -3.597223 1.594865 3.482086
v -3.589140 1.611163 3.502790
v -3.590167 1.612843 3.501191
v -3.597223 1.594865 3.482086
v -3.597963 1.597123 3.481221
v -3.607316 1.590398 3.457264
v -3.632414 1.682139 3.391945
v -3.627350 1.705924 3.404916
v -3.626324 1.704244 3.406514
v -3.632414 1.682139 3.391945
v -3.631208 1.681303 3.394003
v -3.632678 1.655028 3.390237
v -3.632414 1.682139 3.391945
v -3.633938 1.654899 3.388040
v -3.633377 1.655028 3.390510
v -3.632414 1.682139 3.391945
v -3.631907 1.681303 3.394276
v -3.627022 1.704244 3.406787
v -3.584076 1.634948 3.515760
v -3.589140 1.611163 3.502790
v -3.589468 1.612843 3.500918
v -3.584076 1.634948 3.515760
v -3.584583 1.635784 3.513429
v -3.583113 1.662058 3.517196
v -3.584076 1.634948 3.515760
v -3.582551 1.662188 3.519665
v -3.583812 1.662058 3.517468
v -3.584076 1.634948 3.515760
v -3.585282 1.635784 3.513702
v -3.590167 1.612843 3.501191
v -3.518735 1.502640 3.192053
v -3.506279 1.486883 3.197766
v -3.534330 1.516006 3.195823
v -3.506279 1.486883 3.197766
v -3.534330 1.516006 3.195823
v -3.490235 1.449157 3.237036
v -3.502106 1.440235 3.274696
v -3.490235 1.449157 3.237036
v -3.492548 1.441066 3.256148
v -3.502106 1.440235 3.274696
v -3.520517 1.446998 3.295789
v -3.541693 1.460264 3.310114
v -3.541693 1.460264 3.310114
v -3.557160 1.473758 3.313955
v -3.569744 1.489388 3.308172
v -3.581176 1.509979 3.291588
v -3.541693 1.460264 3.310114
v -3.569744 1.489388 3.308172
v -3.585788 1.527117 3.268901
v -3.585788 1.527117 3.268901
v -3.583347 1.535336 3.249860
v -3.573917 1.536039 3.231241
v -3.573917 1.536039 3.231241
v -3.413303 1.436678 3.500919
v -3.390362 1.441563 3.513430
v -3.429023 1.428882 3.480949
v -3.390362 1.441563 3.513430
v -3.364088 1.443033 3.517196
v -3.338369 1.440587 3.510932
v -3.316931 1.434870 3.496288
v -3.303500 1.426527 3.474918
v -3.303500 1.426527 3.474918
v -3.299457 1.416972 3.450442
v -3.306182 1.407619 3.426485
v -3.306182 1.407619 3.426485
v -3.321902 1.399823 3.406515
v -3.344843 1.394938 3.394004
v -3.344843 1.394938 3.394004
v -3.371118 1.393468 3.390237
v -3.396837 1.395913 3.396502
v -3.396837 1.395913 3.396502
v -3.418274 1.401630 3.411145
v -3.431705 1.409973 3.432516
v -3.431705 1.409973 3.432516
v -3.435749 1.419529 3.456991
v -3.429023 1.428882 3.480949
v -3.429023 1.428882 3.480949
v -3.431705 1.409973 3.432516
v -3.301145 1.426482 3.475833
v -3.296953 1.416576 3.450459
v -3.299457 1.416972 3.450442
v -3.301145 1.426482 3.475833
v -3.303500 1.426527 3.474918
v -3.316931 1.434870 3.496288
v -3.301145 1.426482 3.475833
v -3.315069 1.435132 3.497989
v -3.316931 1.434172 3.496561
v -3.301145 1.426482 3.475833
v -3.303500 1.425829 3.475190
v -3.299457 1.416273 3.450715
v -3.434061 1.409320 3.431873
v -3.438253 1.419226 3.457248
v -3.435749 1.419529 3.456991
v -3.434061 1.409320 3.431873
v -3.431705 1.409973 3.432516
v -3.418274 1.401630 3.411145
v -3.434061 1.409320 3.431873
v -3.420137 1.400670 3.409717
v -3.418274 1.400932 3.411418
v -3.434061 1.409320 3.431873
v -3.431705 1.409275 3.432789
v -3.435749 1.418830 3.457264
v -3.337295 1.441059 3.513171
v -3.315069 1.435132 3.497989
v -3.316931 1.434870 3.496288
v -3.338369 1.440587 3.510932
v -3.337295 1.441059 3.513171
v -3.363958 1.443595 3.519666
v -3.364088 1.442334 3.517469
v -3.337295 1.441059 3.513171
v -3.338369 1.439889 3.511204
v -3.316931 1.434172 3.496561
v -3.391199 1.442070 3.515761
v -3.363958 1.443595 3.519666
v -3.364088 1.443033 3.517196
v -3.391199 1.442070 3.515761
v -3.390362 1.441563 3.513430
v -3.413303 1.436678 3.500919
v -3.391199 1.442070 3.515761
v -3.414983 1.437006 3.502790
v -3.413303 1.435980 3.501192
v -3.391199 1.442070 3.515761
v -3.390362 1.440864 3.513703
v -3.364088 1.442334 3.517469
v -3.303925 1.406879 3.425620
v -3.320222 1.398796 3.404916
v -3.321902 1.399823 3.406515
v -3.303925 1.406879 3.425620
v -3.306182 1.407619 3.426485
v -3.299457 1.416972 3.450442
v -3.303925 1.406879 3.425620
v -3.296953 1.416576 3.450459
v -3.299457 1.416273 3.450715
v -3.303925 1.406879 3.425620
v -3.306182 1.406920 3.426757
v -3.321902 1.399124 3.406787
v -3.431281 1.428923 3.482086
v -3.414983 1.437006 3.502790
v -3.413303 1.436678 3.500919
v -3.431281 1.428923 3.482086
v -3.429023 1.428882 3.480949
v -3.435749 1.419529 3.456991
v -3.431281 1.428923 3.482086
v -3.438253 1.419226 3.457248
v -3.435749 1.418830 3.457264
v -3.431281 1.428923 3.482086
v -3.429023 1.428183 3.481222
v -3.413303 1.435980 3.501192
v -3.344007 1.393732 3.391945
v -3.371247 1.392208 3.388041
v -3.371118 1.393468 3.390237
v -3.344007 1.393732 3.391945
v -3.344843 1.394938 3.394004
v -3.321902 1.399823 3.406515
v -3.344007 1.393732 3.391945
v -3.320222 1.398796 3.404916
v -3.321902 1.399124 3.406787
v -3.344007 1.393732 3.391945
v -3.344843 1.394240 3.394276
v -3.371118 1.392769 3.390510
v -3.420137 1.400670 3.409717
v -3.397911 1.394743 3.394536
v -3.396837 1.395913 3.396502
v -3.371118 1.393468 3.390237
v -3.397911 1.394743 3.394536
v -3.371247 1.392208 3.388041
v -3.371118 1.392769 3.390510
v -3.397911 1.394743 3.394536
v -3.396837 1.395215 3.396775
v -3.418274 1.400932 3.411418
v -3.585282 1.635784 3.513702
v -3.583812 1.662058 3.517468
v -3.586257 1.687777 3.511204
v -3.586257 1.687777 3.511204
v -3.591974 1.709215 3.496560
v -3.600317 1.722646 3.475190
v -3.600317 1.722646 3.475190
v -3.609873 1.726689 3.450715
v -3.619226 1.719964 3.426757
v -3.619226 1.719964 3.426757
v -3.627022 1.704244 3.406787
v -3.631907 1.681303 3.394276
v -3.633377 1.655028 3.390510
v -3.630931 1.629309 3.396774
v -3.630931 1.629309 3.396774
v -3.625214 1.607872 3.411418
v -3.616871 1.594441 3.432788
v -3.616871 1.594441 3.432788
v -3.607316 1.590398 3.457264
v -3.597963 1.597123 3.481221
v -3.597963 1.597123 3.481221
v -3.590167 1.612843 3.501191
v -3.585282 1.635784 3.513702
v -3.619226 1.719964 3.426757
v -3.631907 1.681303 3.394276
v -3.630931 1.629309 3.396774
v -3.616871 1.594441 3.432788
v -3.616871 1.594441 3.432788
v -3.317350 1.608291 3.612464
v -3.340491 1.593091 3.612464
v -3.367603 1.587476 3.612464
v -3.394714 1.593091 3.612464
v -3.417855 1.608291 3.612464
v -3.438670 1.658543 3.612464
v -3.433055 1.685655 3.612464
v -3.394714 1.723996 3.612464
v -3.417855 1.708796 3.612464
v -3.367603 1.729611 3.612464
v -3.317350 1.708796 3.612464
v -3.302150 1.685655 3.612464
v -3.296535 1.658543 3.612464
v -3.417855 1.608291 3.613214
v -3.394714 1.593091 3.613214
v -3.367603 1.587476 3.613214
v -3.340491 1.593091 3.613214
v -3.317350 1.608291 3.613214
v -3.302150 1.631432 3.613214
v -3.296535 1.658543 3.613214
v -3.317350 1.708796 3.613214
v -3.340491 1.723996 3.613214
v -3.367603 1.729611 3.613214
v -3.394714 1.723996 3.613214
v -3.417855 1.708796 3.613214
v -3.438670 1.658543 3.613214
v -3.299840 1.686611 3.612839
v -3.294028 1.658543 3.612839
v -3.296535 1.658543 3.612464
v -3.299840 1.686611 3.612839
v -3.302150 1.685655 3.612464
v -3.317350 1.708796 3.612464
v -3.299840 1.686611 3.612839
v -3.315578 1.710569 3.612839
v -3.317350 1.708796 3.613214
v -3.299840 1.686611 3.612839
v -3.302150 1.685655 3.613214
v -3.296535 1.658543 3.613214
v -3.395671 1.726305 3.612839
v -3.367603 1.732119 3.612839
v -3.367603 1.729611 3.612464
v -3.394714 1.723996 3.612464
v -3.395671 1.726305 3.612839
v -3.419628 1.710569 3.612839
v -3.417855 1.708796 3.613214
v -3.395671 1.726305 3.612839
v -3.394714 1.723996 3.613214
v -3.367603 1.729611 3.613214
v -3.299840 1.630475 3.612839
v -3.315577 1.606518 3.612839
v -3.317350 1.608291 3.612464
v -3.299840 1.630475 3.612839
v -3.302150 1.631432 3.612464
v -3.296535 1.658543 3.612464
v -3.299840 1.630475 3.612839
v -3.294028 1.658543 3.612839
v -3.296535 1.658543 3.613214
v -3.299840 1.630475 3.612839
v -3.302150 1.631432 3.613214
v -3.317350 1.608291 3.613214
v -3.395671 1.590781 3.612839
v -3.419628 1.606518 3.612839
v -3.417855 1.608291 3.612464
v -3.394714 1.593091 3.612464
v -3.395671 1.590781 3.612839
v -3.367603 1.584968 3.612839
v -3.367603 1.587476 3.613214
v -3.394714 1.593091 3.613214
v -3.339535 1.726305 3.612839
v -3.315578 1.710569 3.612839
v -3.317350 1.708796 3.612464
v -3.339535 1.726305 3.612839
v -3.340491 1.723996 3.612464
v -3.367603 1.729611 3.612464
v -3.339535 1.726305 3.612839
v -3.367603 1.732119 3.612839
v -3.367603 1.729611 3.613214
v -3.339535 1.726305 3.612839
v -3.340491 1.723996 3.613214
v -3.317350 1.708796 3.613214
v -3.419628 1.710569 3.612839
v -3.435365 1.686611 3.612839
v -3.433055 1.685655 3.612464
v -3.438670 1.658543 3.612464
v -3.435365 1.686611 3.612839
v -3.441178 1.658543 3.612839
v -3.438670 1.658543 3.613214
v -3.435365 1.686611 3.612839
v -3.433055 1.685655 3.613214
v -3.417855 1.708796 3.613214
v -3.367603 1.584968 3.612839
v -3.339535 1.590781 3.612839
v -3.340491 1.593091 3.612464
v -3.317350 1.608291 3.612464
v -3.315577 1.606518 3.612839
v -3.339535 1.590781 3.612839
v -3.340491 1.593091 3.613214
v -3.367603 1.587476 3.613214
v -3.441178 1.658543 3.612839
v -3.435365 1.630475 3.612839
v -3.433055 1.631432 3.612464
v -3.417855 1.608291 3.612464
v -3.435365 1.630475 3.612839
v -3.419628 1.606518 3.612839
v -3.417855 1.608291 3.613214
v -3.435365 1.630475 3.612839
v -3.433055 1.631432 3.613214
v -3.438670 1.658543 3.613214
v -3.364088 1.874753 3.517469
v -3.338369 1.877198 3.511204
v -3.338369 1.877198 3.511204
v -3.316931 1.882915 3.496561
v -3.303500 1.891258 3.475190
v -3.303500 1.891258 3.475190
v -3.299457 1.900813 3.450715
v -3.306182 1.910167 3.426757
v -3.306182 1.910167 3.426757
v -3.321902 1.917964 3.406787
v -3.344843 1.922848 3.394276
v -3.344843 1.922848 3.394276
v -3.371118 1.924317 3.390510
v -3.396837 1.921872 3.396775
v -3.396837 1.921872 3.396775
v -3.418274 1.916155 3.411418
v -3.431705 1.907812 3.432789
v -3.435749 1.898257 3.457264
v -3.429023 1.888903 3.481222
v -3.429023 1.888903 3.481222
v -3.413303 1.881107 3.501192
v -3.390362 1.876223 3.513703
v -3.303500 1.891258 3.475190
v -3.145738 1.612843 3.500919
v -3.150622 1.635784 3.513430
v -3.137941 1.597123 3.480949
v -3.150622 1.635784 3.513430
v -3.152092 1.662058 3.517196
v -3.149647 1.687777 3.510932
v -3.135587 1.722646 3.474918
v -3.149647 1.687777 3.510932
v -3.143930 1.709215 3.496288
v -3.150622 1.635784 3.513430
v -3.135587 1.722646 3.474918
v -3.126031 1.726689 3.450442
v -3.116678 1.719964 3.426485
v -3.116678 1.719964 3.426485
v -3.108882 1.704244 3.406515
v -3.103998 1.681303 3.394004
v -3.102527 1.655028 3.390237
v -3.104973 1.629309 3.396502
v -3.119033 1.594441 3.432516
v -3.104973 1.629309 3.396502
v -3.110690 1.607872 3.411145
v -3.119033 1.594441 3.432516
v -3.128588 1.590398 3.456991
v -3.151394 1.662058 3.517469
v -3.149924 1.635784 3.513703
v -3.149924 1.635784 3.513703
v -3.145039 1.612843 3.501192
v -3.137243 1.597123 3.481222
v -3.137243 1.597123 3.481222
v -3.127890 1.590398 3.457264
v -3.118334 1.594441 3.432789
v -3.118334 1.594441 3.432789
v -3.109991 1.607872 3.411418
v -3.104274 1.629309 3.396775
v -3.104274 1.629309 3.396775
v -3.101829 1.655028 3.390510
v -3.103299 1.681303 3.394276
v -3.103299 1.681303 3.394276
v -3.108183 1.704244 3.406787
v -3.115980 1.719964 3.426757
v -3.125333 1.726689 3.450715
v -3.134888 1.722646 3.475190
v -3.134888 1.722646 3.475190
v -3.143231 1.709215 3.496561
v -3.148948 1.687777 3.511204
v -3.137243 1.597123 3.481222
v -3.118334 1.594441 3.432789
v -3.134888 1.722646 3.475190
v -3.150118 1.688852 3.513171
v -3.144191 1.711077 3.497989
v -3.143930 1.709215 3.496288
v -3.150118 1.688852 3.513171
v -3.149647 1.687777 3.510932
v -3.152092 1.662058 3.517196
v -3.150118 1.688852 3.513171
v -3.152654 1.662188 3.519666
v -3.151394 1.662058 3.517469
v -3.150118 1.688852 3.513171
v -3.148948 1.687777 3.511204
v -3.143231 1.709215 3.496561
v -3.102791 1.682139 3.391945
v -3.101267 1.654899 3.388041
v -3.102527 1.655028 3.390237
v -3.102791 1.682139 3.391945
v -3.103998 1.681303 3.394004
v -3.108882 1.704244 3.406515
v -3.102791 1.682139 3.391945
v -3.107855 1.705924 3.404916
v -3.108183 1.704244 3.406787
v -3.103299 1.681303 3.394276
v -3.103803 1.628235 3.394536
v -3.109730 1.606009 3.409717
v -3.110690 1.607872 3.411145
v -3.103803 1.628235 3.394536
v -3.104973 1.629309 3.396502
v -3.102527 1.655028 3.390237
v -3.103803 1.628235 3.394536
v -3.101267 1.654899 3.388041
v -3.101829 1.655028 3.390510
v -3.104274 1.629309 3.396775
v -3.137983 1.594865 3.482086
v -3.146066 1.611163 3.502790
v -3.145738 1.612843 3.500919
v -3.137983 1.594865 3.482086
v -3.137941 1.597123 3.480949
v -3.128588 1.590398 3.456991
v -3.137983 1.594865 3.482086
v -3.128286 1.587893 3.457248
v -3.127890 1.590398 3.457264
v -3.137983 1.594865 3.482086
v -3.137243 1.597123 3.481222
v -3.145039 1.612843 3.501192
v -3.151130 1.634948 3.515761
v -3.152654 1.662188 3.519666
v -3.152092 1.662058 3.517196
v -3.151130 1.634948 3.515761
v -3.150622 1.635784 3.513430
v -3.145738 1.612843 3.500919
v -3.151130 1.634948 3.515761
v -3.146066 1.611163 3.502790
v -3.145039 1.612843 3.501192
v -3.151130 1.634948 3.515761
v -3.149924 1.635784 3.513703
v -3.151394 1.662058 3.517469
v -3.135542 1.725002 3.475833
v -3.125635 1.729193 3.450459
v -3.126031 1.726689 3.450442
v -3.135542 1.725002 3.475833
v -3.135587 1.722646 3.474918
v -3.143930 1.709215 3.496288
v -3.135542 1.725002 3.475833
v -3.144191 1.711077 3.497989
v -3.143231 1.709215 3.496561
v -3.135542 1.725002 3.475833
v -3.134888 1.722646 3.475190
v -3.125333 1.726689 3.450715
v -3.115938 1.722221 3.425620
v -3.107855 1.705924 3.404916
v -3.108882 1.704244 3.406515
v -3.115938 1.722221 3.425620
v -3.116678 1.719964 3.426485
v -3.126031 1.726689 3.450442
v -3.115938 1.722221 3.425620
v -3.125635 1.729193 3.450459
v -3.125333 1.726689 3.450715
v -3.115938 1.722221 3.425620
v -3.115980 1.719964 3.426757
v -3.108183 1.704244 3.406787
v -3.118380 1.592085 3.431873
v -3.128286 1.587893 3.457248
v -3.128588 1.590398 3.456991
v -3.118380 1.592085 3.431873
v -3.119033 1.594441 3.432516
v -3.110690 1.607872 3.411145
v -3.118380 1.592085 3.431873
v -3.109730 1.606009 3.409717
v -3.109991 1.607872 3.411418
v -3.118380 1.592085 3.431873
v -3.118334 1.594441 3.432789
v -3.127890 1.590398 3.457264
v -3.150433 1.808707 3.302042
v -3.144624 1.791471 3.281338
v -3.163671 1.829106 3.315013
v -3.144624 1.791471 3.281338
v -3.146551 1.779683 3.256500
v -3.156520 1.775643 3.231125
v -3.192389 1.790897 3.193788
v -3.156520 1.775643 3.231125
v -3.172482 1.779372 3.208969
v -3.144624 1.791471 3.281338
v -3.156520 1.775643 3.231125
v -3.192389 1.790897 3.193788
v -3.213037 1.807958 3.187293
v -3.231220 1.828297 3.191197
v -3.231220 1.828297 3.191197
v -3.244458 1.848696 3.204168
v -3.248340 1.877723 3.249710
v -3.238371 1.881765 3.275085
v -3.202501 1.866508 3.312423
v -3.238371 1.881765 3.275085
v -3.222408 1.878031 3.297241
v -3.202501 1.866508 3.312423
v -3.202501 1.866508 3.312423
v -3.181854 1.849445 3.318917
v -3.163671 1.829106 3.315013
v -3.316931 1.882216 3.496288
v -3.338369 1.876500 3.510932
v -3.303500 1.890559 3.474918
v -3.338369 1.876500 3.510932
v -3.364088 1.874054 3.517196
v -3.390362 1.875525 3.513430
v -3.390362 1.875525 3.513430
v -3.413303 1.880409 3.500919
v -3.429023 1.888206 3.480949
v -3.435749 1.897558 3.456991
v -3.431705 1.907113 3.432516
v -3.396837 1.921173 3.396502
v -3.431705 1.907113 3.432516
v -3.418274 1.915457 3.411145
v -3.396837 1.921173 3.396502
v -3.371118 1.923620 3.390237
v -3.344843 1.922148 3.394004
v -3.321902 1.917264 3.406515
v -3.306182 1.909469 3.426485
v -3.299457 1.900115 3.450442
v -3.390362 1.875525 3.513430
v -3.397911 1.922343 3.394536
v -3.371247 1.924879 3.388041
v -3.371118 1.923620 3.390237
v -3.396837 1.921173 3.396502
v -3.397911 1.922343 3.394536
v -3.420137 1.916417 3.409717
v -3.418274 1.916155 3.411418
v -3.397911 1.922343 3.394536
v -3.396837 1.921872 3.396775
v -3.371118 1.924317 3.390510
v -3.337295 1.876028 3.513171
v -3.363958 1.873492 3.519666
v -3.364088 1.874054 3.517196
v -3.337295 1.876028 3.513171
v -3.338369 1.876500 3.510932
v -3.316931 1.882216 3.496288
v -3.337295 1.876028 3.513171
v -3.315069 1.881956 3.497989
v -3.316931 1.882915 3.496561
v -3.337295 1.876028 3.513171
v -3.338369 1.877198 3.511204
v -3.364088 1.874753 3.517469
v -3.344007 1.923355 3.391945
v -3.320222 1.918291 3.404916
v -3.321902 1.917264 3.406515
v -3.344007 1.923355 3.391945
v -3.344843 1.922148 3.394004
v -3.371118 1.923620 3.390237
v -3.344007 1.923355 3.391945
v -3.371247 1.924879 3.388041
v -3.371118 1.924317 3.390510
v -3.344007 1.923355 3.391945
v -3.344843 1.922848 3.394276
v -3.321902 1.917964 3.406787
v -3.431281 1.888163 3.482086
v -3.438253 1.897861 3.457248
v -3.435749 1.897558 3.456991
v -3.431281 1.888163 3.482086
v -3.429023 1.888206 3.480949
v -3.413303 1.880409 3.500919
v -3.431281 1.888163 3.482086
v -3.414983 1.880080 3.502790
v -3.413303 1.881107 3.501192
v -3.431281 1.888163 3.482086
v -3.429023 1.888903 3.481222
v -3.435749 1.898257 3.457264
v -3.301145 1.890604 3.475833
v -3.315069 1.881956 3.497989
v -3.316931 1.882216 3.496288
v -3.301145 1.890604 3.475833
v -3.303500 1.890559 3.474918
v -3.299457 1.900115 3.450442
v -3.301145 1.890604 3.475833
v -3.296953 1.900512 3.450459
v -3.299457 1.900813 3.450715
v -3.301145 1.890604 3.475833
v -3.303500 1.891258 3.475190
v -3.316931 1.882915 3.496561
v -3.391199 1.875018 3.515761
v -3.414983 1.880080 3.502790
v -3.413303 1.880409 3.500919
v -3.391199 1.875018 3.515761
v -3.390362 1.875525 3.513430
v -3.364088 1.874054 3.517196
v -3.391199 1.875018 3.515761
v -3.363958 1.873492 3.519666
v -3.364088 1.874753 3.517469
v -3.391199 1.875018 3.515761
v -3.390362 1.876223 3.513703
v -3.413303 1.881107 3.501192
v -3.434061 1.907768 3.431873
v -3.420137 1.916417 3.409717
v -3.418274 1.915457 3.411145
v -3.434061 1.907768 3.431873
v -3.431705 1.907113 3.432516
v -3.435749 1.897558 3.456991
v -3.434061 1.907768 3.431873
v -3.438253 1.897861 3.457248
v -3.435749 1.898257 3.457264
v -3.434061 1.907768 3.431873
v -3.431705 1.907812 3.432789
v -3.418274 1.916155 3.411418
v -3.303925 1.910208 3.425620
v -3.296953 1.900512 3.450459
v -3.299457 1.900115 3.450442
v -3.303925 1.910208 3.425620
v -3.306182 1.909469 3.426485
v -3.321902 1.917264 3.406515
v -3.320222 1.918291 3.404916
v -3.303925 1.910208 3.425620
v -3.306182 1.910167 3.426757
v -3.299457 1.900813 3.450715
v -3.583635 1.805764 3.293880
v -3.574398 1.821092 3.304643
v -3.585839 1.794191 3.276640
v -3.574398 1.821092 3.304643
v -3.556163 1.842589 3.310555
v -3.556163 1.842589 3.310555
v -3.535060 1.861933 3.307367
v -3.495119 1.873482 3.255939
v -3.535060 1.861933 3.307367
v -3.519431 1.872424 3.298326
v -3.506832 1.876220 3.282111
v -3.495119 1.873482 3.255939
v -3.535060 1.861933 3.307367
v -3.506832 1.876220 3.282111
v -3.495119 1.873482 3.255939
v -3.490184 1.863708 3.229298
v -3.501626 1.836807 3.201295
v -3.490184 1.863708 3.229298
v -3.492260 1.852005 3.212128
v -3.501626 1.836807 3.201295
v -3.501626 1.836807 3.201295
v -3.519860 1.815307 3.195383
v -3.540963 1.795964 3.198571
v -3.569191 1.781680 3.223826
v -3.540963 1.795964 3.198571
v -3.556464 1.785347 3.207682
v -3.569191 1.781680 3.223826
v -3.580904 1.784418 3.249998
v -3.585839 1.794191 3.276640
v -3.574398 1.821092 3.304643
v -3.211702 1.507414 3.192053
v -3.195945 1.519868 3.197766
v -3.225068 1.491817 3.195823
v -3.195945 1.519868 3.197766
v -3.175355 1.531301 3.214350
v -3.158218 1.535913 3.237036
v -3.158218 1.535913 3.237036
v -3.150127 1.533599 3.256148
v -3.149296 1.524042 3.274696
v -3.149296 1.524042 3.274696
v -3.169329 1.484452 3.310114
v -3.169329 1.484452 3.310114
v -3.182823 1.468985 3.313955
v -3.198452 1.456402 3.308172
v -3.219041 1.444972 3.291588
v -3.169329 1.484452 3.310114
v -3.198452 1.456402 3.308172
v -3.219041 1.444972 3.291588
v -3.236178 1.440359 3.268901
v -3.245100 1.452231 3.231241
v -3.236178 1.440359 3.268901
v -3.244397 1.442801 3.249860
v -3.245100 1.452231 3.231241
v -3.245100 1.452231 3.231241
v -3.225068 1.491817 3.195823
v -3.162934 1.780630 3.229571
v -3.153160 1.785563 3.256212
v -3.153160 1.785563 3.256212
v -3.150423 1.797276 3.282384
v -3.164707 1.825503 3.307640
v -3.150423 1.797276 3.282384
v -3.154088 1.810001 3.298528
v -3.164707 1.825503 3.307640
v -3.164707 1.825503 3.307640
v -3.184050 1.846605 3.310827
v -3.205549 1.864841 3.304915
v -3.232450 1.876284 3.276912
v -3.205549 1.864841 3.304915
v -3.220747 1.874205 3.294082
v -3.232450 1.876284 3.276912
v -3.232450 1.876284 3.276912
v -3.242225 1.871349 3.250271
v -3.184050 1.846605 3.310827
v -3.244962 1.859635 3.224099
v -3.230678 1.831406 3.198843
v -3.244962 1.859635 3.224099
v -3.241168 1.847036 3.207884
v -3.230678 1.831406 3.198843
v -3.230678 1.831406 3.198843
v -3.211334 1.810305 3.195656
v -3.242225 1.871349 3.250271
v -3.189836 1.792071 3.201568
v -3.189836 1.792071 3.201568
v -3.174509 1.782833 3.212330
v -3.162934 1.780630 3.229571
v -3.534566 1.861439 3.307640
v -3.555669 1.842095 3.310827
v -3.494625 1.872990 3.256212
v -3.573904 1.820598 3.304915
v -3.585345 1.793697 3.276912
v -3.573904 1.820598 3.304915
v -3.583269 1.805398 3.294082
v -3.585345 1.793697 3.276912
v -3.585345 1.793697 3.276912
v -3.580410 1.783924 3.250271
v -3.580410 1.783924 3.250271
v -3.568697 1.781186 3.224099
v -3.540469 1.795470 3.198843
v -3.568697 1.781186 3.224099
v -3.556098 1.784981 3.207884
v -3.540469 1.795470 3.198843
v -3.540469 1.795470 3.198843
v -3.580410 1.783924 3.250271
v -3.519366 1.814813 3.195656
v -3.501132 1.836313 3.201568
v -3.489690 1.863214 3.229571
v -3.501132 1.836313 3.201568
v -3.491894 1.851640 3.212330
v -3.489690 1.863214 3.229571
v -3.489690 1.863214 3.229571
v -3.494625 1.872990 3.256212
v -3.506338 1.875726 3.282384
v -3.534566 1.861439 3.307640
v -3.506338 1.875726 3.282384
v -3.519065 1.872057 3.298528
v -3.534566 1.861439 3.307640
v -3.489741 1.449651 3.237309
v -3.505785 1.487377 3.198038
v -3.533836 1.516500 3.196096
v -3.505785 1.487377 3.198038
v -3.518369 1.503006 3.192255
v -3.533836 1.516500 3.196096
v -3.555012 1.529767 3.210422
v -3.573423 1.536533 3.231514
v -3.585294 1.527611 3.269174
v -3.573423 1.536533 3.231514
v -3.582981 1.535702 3.250062
v -3.585294 1.527611 3.269174
v -3.569250 1.489882 3.308445
v -3.541199 1.460758 3.310387
v -3.569250 1.489882 3.308445
v -3.556794 1.474124 3.314157
v -3.541199 1.460758 3.310387
v -3.520023 1.447492 3.296061
v -3.501612 1.440729 3.274969
v -3.489741 1.449651 3.237309
v -3.501612 1.440729 3.274969
v -3.492183 1.441432 3.256350
v -3.489741 1.449651 3.237309
v -3.158712 1.536407 3.237309
v -3.156557 1.506122 3.296061
v -3.175849 1.531796 3.214623
v -3.196439 1.520362 3.198038
v -3.225562 1.492311 3.196096
v -3.196439 1.520362 3.198038
v -3.212068 1.507779 3.192255
v -3.225562 1.492311 3.196096
v -3.238828 1.471137 3.210422
v -3.245594 1.452725 3.231514
v -3.236672 1.440853 3.269174
v -3.245594 1.452725 3.231514
v -3.244763 1.443168 3.250062
v -3.236672 1.440853 3.269174
v -3.198946 1.456896 3.308445
v -3.169823 1.484946 3.310387
v -3.198946 1.456896 3.308445
v -3.183189 1.469351 3.314157
v -3.169823 1.484946 3.310387
v -3.149790 1.524536 3.274969
v -3.149790 1.524536 3.274969
v -3.150493 1.533965 3.256350
v -3.158712 1.536407 3.237309
v -3.231220 1.828297 3.191197
v -3.213037 1.807958 3.187293
v -3.211334 1.810305 3.195656
v -3.230678 1.831406 3.198843
v -3.241168 1.847036 3.207884
v -3.244458 1.848696 3.204168
v -3.181854 1.467636 3.318917
v -3.183189 1.469351 3.314157
v -3.198946 1.456896 3.308445
v -3.202502 1.450574 3.312423
v -3.198946 1.456896 3.308445
v -3.219535 1.445466 3.291860
v -3.202502 1.450574 3.312423
v -3.222409 1.439050 3.297241
v -3.219041 1.444972 3.291588
v -3.198452 1.456402 3.308172
v -3.182823 1.468985 3.313955
v -3.181854 1.467636 3.318917
v -3.537359 1.522159 3.191197
v -3.557758 1.535396 3.204168
v -3.555012 1.529767 3.210422
v -3.533836 1.516500 3.196096
v -3.518369 1.503006 3.192255
v -3.517020 1.503975 3.187293
v -3.517020 1.503975 3.187293
v -3.518735 1.502640 3.192053
v -3.534330 1.516006 3.195823
v -3.537359 1.522159 3.191197
v -3.534330 1.516006 3.195823
v -3.555506 1.529273 3.210149
v -3.222408 1.878031 3.297241
v -3.220747 1.874205 3.294082
v -3.205549 1.864841 3.304915
v -3.202501 1.866508 3.312423
v -3.205549 1.864841 3.304915
v -3.184050 1.846605 3.310827
v -3.146551 1.537403 3.256500
v -3.150493 1.533965 3.256350
v -3.149790 1.524536 3.274969
v -3.144624 1.525617 3.281338
v -3.149790 1.524536 3.274969
v -3.156557 1.506122 3.296061
v -3.144624 1.525617 3.281338
v -3.150433 1.508374 3.302042
v -3.156063 1.505628 3.295789
v -3.149296 1.524042 3.274696
v -3.150127 1.533599 3.256148
v -3.146551 1.537403 3.256500
v -3.156520 1.775643 3.231125
v -3.146551 1.779683 3.256500
v -3.153160 1.785563 3.256212
v -3.162934 1.780630 3.229571
v -3.174509 1.782833 3.212330
v -3.172482 1.779372 3.208969
v -3.163671 1.487975 3.315013
v -3.150433 1.508374 3.302042
v -3.156557 1.506122 3.296061
v -3.169823 1.484946 3.310387
v -3.183189 1.469351 3.314157
v -3.181854 1.467636 3.318917
v -3.181854 1.467636 3.318917
v -3.182823 1.468985 3.313955
v -3.169329 1.484452 3.310114
v -3.163671 1.487975 3.315013
v -3.169329 1.484452 3.310114
v -3.156063 1.505628 3.295789
v -3.150433 1.808707 3.302042
v -3.154088 1.810001 3.298528
v -3.150423 1.797276 3.282384
v -3.144624 1.791471 3.281338
v -3.150423 1.797276 3.282384
v -3.153160 1.785563 3.256212
v -3.156520 1.541445 3.231125
v -3.172482 1.537714 3.208969
v -3.175849 1.531796 3.214623
v -3.158712 1.536407 3.237309
v -3.150493 1.533965 3.256350
v -3.146551 1.537403 3.256500
v -3.146551 1.537403 3.256500
v -3.150127 1.533599 3.256148
v -3.158218 1.535913 3.237036
v -3.156520 1.541445 3.231125
v -3.158218 1.535913 3.237036
v -3.175355 1.531301 3.214350
v -3.244458 1.848696 3.204168
v -3.241168 1.847036 3.207884
v -3.244962 1.859635 3.224099
v -3.250267 1.865937 3.224872
v -3.244962 1.859635 3.224099
v -3.242225 1.871349 3.250271
v -3.587096 1.803738 3.297241
v -3.583269 1.805398 3.294082
v -3.573904 1.820598 3.304915
v -3.575571 1.823645 3.312423
v -3.573904 1.820598 3.304915
v -3.555669 1.842095 3.310827
v -3.575571 1.823645 3.312423
v -3.558509 1.844291 3.318917
v -3.556163 1.842589 3.310555
v -3.574398 1.821092 3.304643
v -3.583635 1.805764 3.293880
v -3.587096 1.803738 3.297241
v -3.238371 1.881765 3.275085
v -3.248340 1.877723 3.249710
v -3.242225 1.871349 3.250271
v -3.232450 1.876284 3.276912
v -3.220747 1.874205 3.294082
v -3.222408 1.878031 3.297241
v -3.590826 1.787778 3.275085
v -3.586785 1.777810 3.249710
v -3.580410 1.783924 3.250271
v -3.585345 1.793697 3.276912
v -3.583269 1.805398 3.294082
v -3.587096 1.803738 3.297241
v -3.587096 1.803738 3.297241
v -3.583635 1.805764 3.293880
v -3.585839 1.794191 3.276640
v -3.590826 1.787778 3.275085
v -3.585839 1.794191 3.276640
v -3.580904 1.784418 3.249998
v -3.163671 1.829106 3.315013
v -3.181854 1.849445 3.318917
v -3.184050 1.846605 3.310827
v -3.164707 1.825503 3.307640
v -3.154088 1.810001 3.298528
v -3.150433 1.808707 3.302042
v -3.557758 1.781690 3.204168
v -3.556098 1.784981 3.207884
v -3.568697 1.781186 3.224099
v -3.574998 1.775882 3.224872
v -3.568697 1.781186 3.224099
v -3.580410 1.783924 3.250271
v -3.574998 1.775882 3.224872
v -3.586785 1.777810 3.249710
v -3.580904 1.784418 3.249998
v -3.569191 1.781680 3.223826
v -3.556464 1.785347 3.207682
v -3.557758 1.781690 3.204168
v -3.488745 1.437490 3.256500
v -3.492183 1.441432 3.256350
v -3.501612 1.440729 3.274969
v -3.500532 1.435562 3.281338
v -3.501612 1.440729 3.274969
v -3.520023 1.447492 3.296061
v -3.500532 1.435562 3.281338
v -3.517771 1.441369 3.302042
v -3.520517 1.446998 3.295789
v -3.502106 1.440235 3.274696
v -3.492548 1.441066 3.256148
v -3.488745 1.437490 3.256500
v -3.517771 1.875713 3.302042
v -3.519065 1.872057 3.298528
v -3.506338 1.875726 3.282384
v -3.500532 1.881523 3.281338
v -3.506338 1.875726 3.282384
v -3.494625 1.872990 3.256212
v -3.500532 1.881523 3.281338
v -3.488745 1.879598 3.256500
v -3.495119 1.873482 3.255939
v -3.506832 1.876220 3.282111
v -3.519431 1.872424 3.298326
v -3.517771 1.875713 3.302042
v -3.484704 1.447458 3.231125
v -3.488433 1.463421 3.208969
v -3.494353 1.466788 3.214623
v -3.489741 1.449651 3.237309
v -3.492183 1.441432 3.256350
v -3.488745 1.437490 3.256500
v -3.488745 1.437490 3.256500
v -3.492548 1.441066 3.256148
v -3.490235 1.449157 3.237036
v -3.484704 1.447458 3.231125
v -3.490235 1.449157 3.237036
v -3.494847 1.466294 3.214350
v -3.538170 1.862476 3.315013
v -3.558509 1.844291 3.318917
v -3.555669 1.842095 3.310827
v -3.534566 1.861439 3.307640
v -3.519065 1.872057 3.298528
v -3.517771 1.875713 3.302042
v -3.517771 1.875713 3.302042
v -3.519431 1.872424 3.298326
v -3.535060 1.861933 3.307367
v -3.538170 1.862476 3.315013
v -3.535060 1.861933 3.307367
v -3.556163 1.842589 3.310555
v -3.586785 1.539278 3.249710
v -3.582981 1.535702 3.250062
v -3.573423 1.536533 3.231514
v -3.574998 1.541205 3.224872
v -3.573423 1.536533 3.231514
v -3.555012 1.529767 3.210422
v -3.574998 1.541205 3.224872
v -3.557758 1.535396 3.204168
v -3.555506 1.529273 3.210149
v -3.573917 1.536039 3.231241
v -3.583347 1.535336 3.249860
v -3.586785 1.539278 3.249710
v -3.488433 1.853667 3.208969
v -3.491894 1.851640 3.212330
v -3.501132 1.836313 3.201568
v -3.499959 1.833760 3.193788
v -3.501132 1.836313 3.201568
v -3.519366 1.814813 3.195656
v -3.499959 1.833760 3.193788
v -3.517020 1.813112 3.187293
v -3.519860 1.815307 3.195383
v -3.501626 1.836807 3.201295
v -3.492260 1.852005 3.212128
v -3.488433 1.853667 3.208969
v -3.231220 1.488788 3.191197
v -3.244458 1.468390 3.204168
v -3.238828 1.471137 3.210422
v -3.225562 1.492311 3.196096
v -3.212068 1.507779 3.192255
v -3.213037 1.509129 3.187293
v -3.213037 1.509129 3.187293
v -3.211702 1.507414 3.192053
v -3.225068 1.491817 3.195823
v -3.231220 1.488788 3.191197
v -3.225068 1.491817 3.195823
v -3.238334 1.470641 3.210149
v -3.590826 1.529309 3.275085
v -3.587096 1.513344 3.297241
v -3.580682 1.510473 3.291860
v -3.585294 1.527611 3.269174
v -3.582981 1.535702 3.250062
v -3.586785 1.539278 3.249710
v -3.586785 1.539278 3.249710
v -3.583347 1.535336 3.249860
v -3.585788 1.527117 3.268901
v -3.590826 1.529309 3.275085
v -3.585788 1.527117 3.268901
v -3.581176 1.509979 3.291588
v -3.537359 1.794930 3.191197
v -3.517020 1.813112 3.187293
v -3.519366 1.814813 3.195656
v -3.540469 1.795470 3.198843
v -3.556098 1.784981 3.207884
v -3.557758 1.781690 3.204168
v -3.557758 1.781690 3.204168
v -3.556464 1.785347 3.207682
v -3.540963 1.795964 3.198571
v -3.537359 1.794930 3.191197
v -3.540963 1.795964 3.198571
v -3.519860 1.815307 3.195383
v -3.213037 1.509129 3.187293
v -3.212068 1.507779 3.192255
v -3.196439 1.520362 3.198038
v -3.192389 1.526190 3.193788
v -3.196439 1.520362 3.198038
v -3.175849 1.531796 3.214623
v -3.192389 1.526190 3.193788
v -3.172482 1.537714 3.208969
v -3.175355 1.531301 3.214350
v -3.195945 1.519868 3.197766
v -3.211702 1.507414 3.192053
v -3.213037 1.509129 3.187293
v -3.538170 1.454606 3.315013
v -3.517771 1.441369 3.302042
v -3.520023 1.447492 3.296061
v -3.541199 1.460758 3.310387
v -3.556794 1.474124 3.314157
v -3.558509 1.472790 3.318917
v -3.558509 1.472790 3.318917
v -3.557160 1.473758 3.313955
v -3.541693 1.460264 3.310114
v -3.538170 1.454606 3.315013
v -3.541693 1.460264 3.310114
v -3.520517 1.446998 3.295789
v -3.484704 1.869630 3.231125
v -3.488745 1.879598 3.256500
v -3.494625 1.872990 3.256212
v -3.489690 1.863214 3.229571
v -3.491894 1.851640 3.212330
v -3.488433 1.853667 3.208969
v -3.488433 1.853667 3.208969
v -3.492260 1.852005 3.212128
v -3.490184 1.863708 3.229298
v -3.484704 1.869630 3.231125
v -3.490184 1.863708 3.229298
v -3.495119 1.873482 3.255939
v -3.248340 1.439363 3.249710
v -3.244763 1.443168 3.250062
v -3.245594 1.452725 3.231514
v -3.250267 1.451151 3.224872
v -3.245594 1.452725 3.231514
v -3.238828 1.471137 3.210422
v -3.250267 1.451151 3.224872
v -3.244458 1.468390 3.204168
v -3.238334 1.470641 3.210149
v -3.245100 1.452231 3.231241
v -3.244397 1.442801 3.249860
v -3.248340 1.439363 3.249710
v -3.517020 1.503975 3.187293
v -3.518369 1.503006 3.192255
v -3.505785 1.487377 3.198038
v -3.499958 1.483328 3.193788
v -3.505785 1.487377 3.198038
v -3.494353 1.466788 3.214623
v -3.499958 1.483328 3.193788
v -3.488433 1.463421 3.208969
v -3.494847 1.466294 3.214350
v -3.506279 1.486883 3.197766
v -3.518735 1.502640 3.192053
v -3.517020 1.503975 3.187293
v -3.172482 1.779372 3.208969
v -3.174509 1.782833 3.212330
v -3.189836 1.792071 3.201568
v -3.192389 1.790897 3.193788
v -3.189836 1.792071 3.201568
v -3.211334 1.810305 3.195656
v -3.238371 1.435323 3.275085
v -3.222409 1.439050 3.297241
v -3.219535 1.445466 3.291860
v -3.236672 1.440853 3.269174
v -3.244763 1.443168 3.250062
v -3.248340 1.439363 3.249710
v -3.248340 1.439363 3.249710
v -3.244397 1.442801 3.249860
v -3.236178 1.440359 3.268901
v -3.238371 1.435323 3.275085
v -3.236178 1.440359 3.268901
v -3.219041 1.444972 3.291588
v -3.558509 1.472790 3.318917
v -3.556794 1.474124 3.314157
v -3.569250 1.489882 3.308445
v -3.575571 1.493437 3.312423
v -3.569250 1.489882 3.308445
v -3.580682 1.510473 3.291860
v -3.575571 1.493437 3.312423
v -3.587096 1.513344 3.297241
v -3.581176 1.509979 3.291588
v -3.569744 1.489388 3.308172
v -3.557160 1.473758 3.313955
v -3.558509 1.472790 3.318917
v -3.338369 1.439889 3.511204
v -3.364088 1.442334 3.517469
v -3.390362 1.440864 3.513703
v -3.390362 1.440864 3.513703
v -3.413303 1.435980 3.501192
v -3.429023 1.428183 3.481222
v -3.429023 1.428183 3.481222
v -3.435749 1.418830 3.457264
v -3.431705 1.409275 3.432789
v -3.431705 1.409275 3.432789
v -3.418274 1.400932 3.411418
v -3.396837 1.395215 3.396775
v -3.396837 1.395215 3.396775
v -3.371118 1.392769 3.390510
v -3.344843 1.394240 3.394276
v -3.344843 1.394240 3.394276
v -3.321902 1.399124 3.406787
v -3.306182 1.406920 3.426757
v -3.299457 1.416273 3.450715
v -3.303500 1.425829 3.475190
v -3.303500 1.425829 3.475190
v -3.316931 1.434172 3.496561
v -3.338369 1.439889 3.511204
v -3.390362 1.440864 3.513703
v -3.344843 1.394240 3.394276
v -3.306182 1.406920 3.426757
v -3.303500 1.425829 3.475190
v -3.592700 1.662016 3.520042
v -3.595115 1.687420 3.513856
v -3.595115 1.687420 3.513856
v -3.600762 1.708594 3.499390
v -3.609003 1.721862 3.478282
v -3.627679 1.719212 3.430441
v -3.618441 1.725853 3.454106
v -3.609003 1.721862 3.478282
v -3.627679 1.719212 3.430441
v -3.635380 1.703684 3.410717
v -3.640205 1.681025 3.398358
v -3.639241 1.629667 3.400827
v -3.640205 1.681025 3.398358
v -3.641656 1.655071 3.394640
v -3.640205 1.681025 3.398358
v -3.633594 1.608494 3.415292
v -3.625354 1.595226 3.436399
v -3.606677 1.597876 3.484239
v -3.615915 1.591235 3.460575
v -3.606677 1.597876 3.484239
v -3.598977 1.613404 3.503962
v -3.594151 1.636063 3.516322
v -3.625354 1.595226 3.436399
v -3.633594 1.608494 3.415292
v -3.623039 1.613435 3.415955
v -3.607106 1.597880 3.456768
v -3.615915 1.591235 3.460575
v -3.625354 1.595226 3.436399
v -3.607487 1.595225 3.429424
v -3.598049 1.591234 3.453600
v -3.607106 1.597880 3.456768
v -3.623039 1.613435 3.415955
v -3.615728 1.608493 3.408316
v -3.607487 1.595225 3.429424
v -3.627679 1.719212 3.430441
v -3.618441 1.725853 3.454106
v -3.609383 1.719207 3.450939
v -3.624650 1.699227 3.411833
v -3.635380 1.703684 3.410717
v -3.627679 1.719212 3.430441
v -3.609813 1.719213 3.423467
v -3.617513 1.703684 3.403743
v -3.624650 1.699227 3.411833
v -3.609383 1.719207 3.450939
v -3.600575 1.725854 3.447132
v -3.609813 1.719213 3.423467
v -3.595115 1.687420 3.513856
v -3.592700 1.662016 3.520042
v -3.586184 1.661673 3.510363
v -3.593449 1.703652 3.491750
v -3.600762 1.708594 3.499390
v -3.595115 1.687420 3.513856
v -3.577248 1.687420 3.506880
v -3.582895 1.708594 3.492415
v -3.593449 1.703652 3.491750
v -3.586184 1.661673 3.510363
v -3.574834 1.662015 3.513065
v -3.577248 1.687420 3.506880
v -3.609003 1.721862 3.478282
v -3.600762 1.708594 3.499390
v -3.593449 1.703652 3.491750
v -3.609383 1.719207 3.450939
v -3.618441 1.725853 3.454106
v -3.609003 1.721862 3.478282
v -3.591135 1.721863 3.471307
v -3.600575 1.725854 3.447132
v -3.609383 1.719207 3.450939
v -3.593449 1.703652 3.491750
v -3.582895 1.708594 3.492415
v -3.591135 1.721863 3.471307
v -3.639241 1.629667 3.400827
v -3.641656 1.655071 3.394640
v -3.630307 1.655414 3.397343
v -3.623039 1.613435 3.415955
v -3.633594 1.608494 3.415292
v -3.639241 1.629667 3.400827
v -3.621375 1.629667 3.393850
v -3.615728 1.608493 3.408316
v -3.623039 1.613435 3.415955
v -3.630307 1.655414 3.397343
v -3.623790 1.655071 3.387666
v -3.621375 1.629667 3.393850
v -3.606677 1.597876 3.484239
v -3.615915 1.591235 3.460575
v -3.607106 1.597880 3.456768
v -3.591840 1.617860 3.495873
v -3.598977 1.613404 3.503962
v -3.606677 1.597876 3.484239
v -3.588810 1.597874 3.477264
v -3.581111 1.613404 3.496988
v -3.591840 1.617860 3.495873
v -3.607106 1.597880 3.456768
v -3.598049 1.591234 3.453600
v -3.588810 1.597874 3.477264
v -3.640205 1.681025 3.398358
v -3.635380 1.703684 3.410717
v -3.624650 1.699227 3.411833
v -3.630307 1.655414 3.397343
v -3.641656 1.655071 3.394640
v -3.640205 1.681025 3.398358
v -3.622339 1.681025 3.391384
v -3.623790 1.655071 3.387666
v -3.630307 1.655414 3.397343
v -3.624650 1.699227 3.411833
v -3.617513 1.703684 3.403743
v -3.622339 1.681025 3.391384
v -3.594151 1.636063 3.516322
v -3.598977 1.613404 3.503962
v -3.591840 1.617860 3.495873
v -3.586184 1.661673 3.510363
v -3.592700 1.662016 3.520042
v -3.594151 1.636063 3.516322
v -3.576285 1.636063 3.509347
v -3.574834 1.662015 3.513065
v -3.586184 1.661673 3.510363
v -3.591840 1.617860 3.495873
v -3.581111 1.613404 3.496988
v -3.576285 1.636063 3.509347
v -3.488436 1.472966 3.218141
v -3.499841 1.493469 3.201660
v -3.527766 1.522462 3.199726
v -3.499841 1.493469 3.201660
v -3.512250 1.509149 3.195999
v -3.527766 1.522462 3.199726
v -3.548851 1.535692 3.213956
v -3.548851 1.535692 3.213956
v -3.567164 1.542399 3.234974
v -3.578982 1.533517 3.272466
v -3.567164 1.542399 3.234974
v -3.576533 1.541679 3.253511
v -3.578982 1.533517 3.272466
v -3.578982 1.533517 3.272466
v -3.574419 1.516475 3.295069
v -3.548851 1.535692 3.213956
v -3.574419 1.516475 3.295069
v -3.563015 1.495970 3.311548
v -3.535089 1.466976 3.313481
v -3.563015 1.495970 3.311548
v -3.550479 1.480415 3.317278
v -3.535089 1.466976 3.313481
v -3.535089 1.466976 3.313481
v -3.514003 1.453748 3.299253
v -3.574419 1.516475 3.295069
v -3.495692 1.447042 3.278234
v -3.495692 1.447042 3.278234
v -3.486197 1.447889 3.259767
v -3.483874 1.455924 3.240742
v -3.488436 1.472966 3.218141
v -3.495692 1.447042 3.278234
v -3.483874 1.455924 3.240742
v -3.364131 1.433447 3.520042
v -3.390083 1.431995 3.516323
v -3.338726 1.431031 3.513857
v -3.390083 1.431995 3.516323
v -3.412742 1.427170 3.503964
v -3.428271 1.419470 3.484240
v -3.428271 1.419470 3.484240
v -3.434912 1.410231 3.460575
v -3.430921 1.400792 3.436399
v -3.390083 1.431995 3.516323
v -3.338726 1.431031 3.513857
v -3.430921 1.400792 3.436399
v -3.417653 1.392552 3.415291
v -3.396479 1.386904 3.400827
v -3.396479 1.386904 3.400827
v -3.371075 1.384490 3.394640
v -3.345121 1.385941 3.398359
v -3.345121 1.385941 3.398359
v -3.322462 1.390767 3.410718
v -3.306933 1.398467 3.430442
v -3.304284 1.417143 3.478283
v -3.306933 1.398467 3.430442
v -3.300293 1.407706 3.454106
v -3.345121 1.385941 3.398359
v -3.306933 1.398467 3.430442
v -3.304284 1.417143 3.478283
v -3.317552 1.425384 3.499390
v -3.338726 1.431031 3.513857
v -3.430921 1.400792 3.436399
v -3.304284 1.417143 3.478283
v -3.300293 1.407706 3.454106
v -3.306940 1.416763 3.450939
v -3.322495 1.432697 3.491751
v -3.317552 1.425384 3.499390
v -3.304284 1.417143 3.478283
v -3.304284 1.435011 3.471307
v -3.317552 1.443251 3.492415
v -3.322495 1.432697 3.491751
v -3.306940 1.416763 3.450939
v -3.300294 1.425571 3.447132
v -3.304284 1.435011 3.471307
v -3.430921 1.400792 3.436399
v -3.434912 1.410231 3.460575
v -3.428266 1.419040 3.456768
v -3.412711 1.403106 3.415956
v -3.417653 1.392552 3.415291
v -3.430921 1.400792 3.436399
v -3.430921 1.418660 3.429425
v -3.417653 1.410419 3.408316
v -3.412711 1.403106 3.415956
v -3.428266 1.419040 3.456768
v -3.434913 1.428097 3.453600
v -3.430921 1.418660 3.429425
v -3.338726 1.431031 3.513857
v -3.317552 1.425384 3.499390
v -3.322495 1.432697 3.491751
v -3.364473 1.439963 3.510364
v -3.364131 1.433447 3.520042
v -3.338726 1.431031 3.513857
v -3.338726 1.448899 3.506880
v -3.364131 1.451313 3.513066
v -3.364473 1.439963 3.510364
v -3.322495 1.432697 3.491751
v -3.317552 1.443251 3.492415
v -3.338726 1.448899 3.506880
v -3.390083 1.431995 3.516323
v -3.364131 1.433447 3.520042
v -3.364473 1.439963 3.510364
v -3.408285 1.434307 3.495873
v -3.412742 1.427170 3.503964
v -3.390083 1.431995 3.516323
v -3.390084 1.449862 3.509348
v -3.412743 1.445037 3.496990
v -3.408285 1.434307 3.495873
v -3.364473 1.439963 3.510364
v -3.364131 1.451313 3.513066
v -3.390084 1.449862 3.509348
v -3.306933 1.398467 3.430442
v -3.322462 1.390767 3.410718
v -3.326920 1.401496 3.411833
v -3.306940 1.416763 3.450939
v -3.300293 1.407706 3.454106
v -3.306933 1.398467 3.430442
v -3.306934 1.416333 3.423467
v -3.300294 1.425571 3.447132
v -3.306940 1.416763 3.450939
v -3.326920 1.401496 3.411833
v -3.322463 1.408633 3.403742
v -3.306934 1.416333 3.423467
v -3.428271 1.419470 3.484240
v -3.412742 1.427170 3.503964
v -3.408285 1.434307 3.495873
v -3.428266 1.419040 3.456768
v -3.434912 1.410231 3.460575
v -3.428271 1.419470 3.484240
v -3.428272 1.437336 3.477265
v -3.434913 1.428097 3.453600
v -3.428266 1.419040 3.456768
v -3.408285 1.434307 3.495873
v -3.412743 1.445037 3.496990
v -3.428272 1.437336 3.477265
v -3.345121 1.385941 3.398359
v -3.371075 1.384490 3.394640
v -3.370732 1.395840 3.397344
v -3.326920 1.401496 3.411833
v -3.322462 1.390767 3.410718
v -3.345121 1.385941 3.398359
v -3.345121 1.403808 3.391383
v -3.322463 1.408633 3.403742
v -3.326920 1.401496 3.411833
v -3.370732 1.395840 3.397344
v -3.371075 1.402356 3.387665
v -3.345121 1.403808 3.391383
v -3.396479 1.386904 3.400827
v -3.417653 1.392552 3.415291
v -3.412711 1.403106 3.415956
v -3.370732 1.395840 3.397344
v -3.371075 1.384490 3.394640
v -3.396479 1.386904 3.400827
v -3.396480 1.404771 3.393851
v -3.371075 1.402356 3.387665
v -3.370732 1.395840 3.397344
v -3.412711 1.403106 3.415956
v -3.417653 1.410419 3.408316
v -3.396480 1.404771 3.393851
v -3.577248 1.687420 3.506880
v -3.574834 1.662015 3.513065
v -3.576285 1.636063 3.509347
v -3.576285 1.636063 3.509347
v -3.581111 1.613404 3.496988
v -3.588810 1.597874 3.477264
v -3.588810 1.597874 3.477264
v -3.598049 1.591234 3.453600
v -3.607487 1.595225 3.429424
v -3.607487 1.595225 3.429424
v -3.615728 1.608493 3.408316
v -3.621375 1.629667 3.393850
v -3.621375 1.629667 3.393850
v -3.623790 1.655071 3.387666
v -3.622339 1.681025 3.391384
v -3.622339 1.681025 3.391384
v -3.617513 1.703684 3.403743
v -3.609813 1.719213 3.423467
v -3.609813 1.719213 3.423467
v -3.600575 1.725854 3.447132
v -3.591135 1.721863 3.471307
v -3.591135 1.721863 3.471307
v -3.582895 1.708594 3.492415
v -3.577248 1.687420 3.506880
v -3.576285 1.636063 3.509347
v -3.621375 1.629667 3.393850
v -3.588810 1.597874 3.477264
v -3.607487 1.595225 3.429424
v -3.622339 1.681025 3.391384
v -3.367603 1.588313 3.622429
v -3.340810 1.593860 3.622429
v -3.394396 1.593860 3.622429
v -3.340810 1.593860 3.622429
v -3.317942 1.608884 3.622429
v -3.302919 1.631751 3.622429
v -3.302919 1.631751 3.622429
v -3.297372 1.658543 3.622429
v -3.302919 1.685337 3.622429
v -3.302919 1.685337 3.622429
v -3.317942 1.708204 3.622429
v -3.340810 1.723227 3.622429
v -3.340810 1.723227 3.622429
v -3.394396 1.723227 3.622429
v -3.340810 1.723227 3.622429
v -3.367603 1.728774 3.622429
v -3.394396 1.723227 3.622429
v -3.394396 1.723227 3.622429
v -3.417263 1.708204 3.622429
v -3.432286 1.685337 3.622429
v -3.432286 1.685337 3.622429
v -3.437833 1.658543 3.622429
v -3.432286 1.631751 3.622429
v -3.432286 1.631751 3.622429
v -3.417263 1.608884 3.622429
v -3.340810 1.593860 3.622429
v -3.302919 1.631751 3.622429
v -3.432286 1.631751 3.622429
v -3.394396 1.593860 3.603249
v -3.417263 1.608884 3.603250
v -3.432286 1.631751 3.603249
v -3.432286 1.631751 3.603249
v -3.437833 1.658543 3.603250
v -3.432286 1.685337 3.603249
v -3.432286 1.685337 3.603249
v -3.417263 1.708204 3.603250
v -3.394396 1.723227 3.603249
v -3.367603 1.728774 3.603250
v -3.340810 1.723227 3.603249
v -3.340810 1.723227 3.603249
v -3.317942 1.708204 3.603250
v -3.302919 1.685337 3.603249
v -3.302919 1.685337 3.603249
v -3.297372 1.658543 3.603250
v -3.302919 1.631751 3.603249
v -3.302919 1.631751 3.603249
v -3.317942 1.608884 3.603250
v -3.340810 1.593860 3.603249
v -3.367603 1.588313 3.603250
v -3.394396 1.593860 3.603249
v -3.432286 1.631751 3.603249
v -3.394396 1.723227 3.603249
v -3.302919 1.685337 3.603249
v -3.340810 1.593860 3.603249
v -3.302919 1.685337 3.622429
v -3.297372 1.658543 3.622429
v -3.304028 1.658543 3.612839
v -3.322649 1.703498 3.612839
v -3.317942 1.708204 3.622429
v -3.302919 1.685337 3.622429
v -3.302919 1.685337 3.603249
v -3.317942 1.708204 3.603250
v -3.322649 1.703498 3.612839
v -3.304028 1.658543 3.612839
v -3.297372 1.658543 3.603250
v -3.302919 1.685337 3.603249
v -3.394396 1.723227 3.622429
v -3.367603 1.728774 3.622429
v -3.367603 1.722119 3.612839
v -3.412557 1.703498 3.612839
v -3.417263 1.708204 3.622429
v -3.394396 1.723227 3.622429
v -3.394396 1.723227 3.603249
v -3.417263 1.708204 3.603250
v -3.412557 1.703498 3.612839
v -3.367603 1.722119 3.612839
v -3.367603 1.728774 3.603250
v -3.394396 1.723227 3.603249
v -3.302919 1.631751 3.622429
v -3.317942 1.608884 3.622429
v -3.322648 1.613590 3.612839
v -3.304028 1.658543 3.612839
v -3.297372 1.658543 3.622429
v -3.302919 1.631751 3.622429
v -3.302919 1.631751 3.603249
v -3.297372 1.658543 3.603250
v -3.304028 1.658543 3.612839
v -3.322648 1.613590 3.612839
v -3.317942 1.608884 3.603250
v -3.302919 1.631751 3.603249
v -3.394396 1.593860 3.622429
v -3.417263 1.608884 3.622429
v -3.412557 1.613589 3.612839
v -3.367603 1.594968 3.612839
v -3.367603 1.588313 3.622429
v -3.394396 1.593860 3.622429
v -3.394396 1.593860 3.603249
v -3.367603 1.588313 3.603250
v -3.367603 1.594968 3.612839
v -3.412557 1.613589 3.612839
v -3.417263 1.608884 3.603250
v -3.394396 1.593860 3.603249
v -3.340810 1.723227 3.622429
v -3.317942 1.708204 3.622429
v -3.322649 1.703498 3.612839
v -3.367603 1.722119 3.612839
v -3.367603 1.728774 3.622429
v -3.340810 1.723227 3.622429
v -3.340810 1.723227 3.603249
v -3.367603 1.728774 3.603250
v -3.367603 1.722119 3.612839
v -3.322649 1.703498 3.612839
v -3.317942 1.708204 3.603250
v -3.340810 1.723227 3.603249
v -3.432286 1.685337 3.622429
v -3.417263 1.708204 3.622429
v -3.412557 1.703498 3.612839
v -3.431178 1.658543 3.612839
v -3.437833 1.658543 3.622429
v -3.432286 1.685337 3.622429
v -3.432286 1.685337 3.603249
v -3.437833 1.658543 3.603250
v -3.431178 1.658543 3.612839
v -3.412557 1.703498 3.612839
v -3.417263 1.708204 3.603250
v -3.432286 1.685337 3.603249
v -3.340810 1.593860 3.622429
v -3.367603 1.588313 3.622429
v -3.367603 1.594968 3.612839
v -3.322648 1.613590 3.612839
v -3.317942 1.608884 3.622429
v -3.340810 1.593860 3.622429
v -3.340810 1.593860 3.603249
v -3.317942 1.608884 3.603250
v -3.322648 1.613590 3.612839
v -3.367603 1.594968 3.612839
v -3.367603 1.588313 3.603250
v -3.340810 1.593860 3.603249
v -3.432286 1.631751 3.622429
v -3.437833 1.658543 3.622429
v -3.431178 1.658543 3.612839
v -3.412557 1.613589 3.612839
v -3.417263 1.608884 3.622429
v -3.432286 1.631751 3.622429
v -3.432286 1.631751 3.603249
v -3.417263 1.608884 3.603250
v -3.412557 1.613589 3.612839
v -3.431178 1.658543 3.612839
v -3.437833 1.658543 3.603250
v -3.432286 1.631751 3.603249
v -3.364131 1.865775 3.513067
v -3.390084 1.867226 3.509348
v -3.390084 1.867226 3.509348
v -3.412742 1.872051 3.496989
v -3.428271 1.879751 3.477265
v -3.428271 1.879751 3.477265
v -3.434912 1.888991 3.453600
v -3.430920 1.898428 3.429425
v -3.430920 1.898428 3.429425
v -3.417652 1.906669 3.408317
v -3.396479 1.912316 3.393852
v -3.396479 1.912316 3.393852
v -3.371075 1.914732 3.387665
v -3.345121 1.913280 3.391383
v -3.345121 1.913280 3.391383
v -3.322462 1.908455 3.403742
v -3.306933 1.900754 3.423466
v -3.306933 1.900754 3.423466
v -3.300293 1.891515 3.447132
v -3.304285 1.882077 3.471307
v -3.304285 1.882077 3.471307
v -3.317553 1.873837 3.492415
v -3.338726 1.868189 3.506881
v -3.428271 1.879751 3.477265
v -3.430920 1.898428 3.429425
v -3.396479 1.912316 3.393852
v -3.345121 1.913280 3.391383
v -3.306933 1.900754 3.423466
v -3.306933 1.900754 3.423466
v -3.142505 1.662015 3.520042
v -3.141054 1.636062 3.516324
v -3.141054 1.636062 3.516324
v -3.136230 1.613403 3.503965
v -3.128528 1.597874 3.484240
v -3.128528 1.597874 3.484240
v -3.119290 1.591233 3.460575
v -3.109851 1.595225 3.436399
v -3.109851 1.595225 3.436399
v -3.101611 1.608494 3.415291
v -3.095964 1.629667 3.400827
v -3.095964 1.629667 3.400827
v -3.093549 1.655071 3.394640
v -3.095001 1.681025 3.398359
v -3.095001 1.681025 3.398359
v -3.099826 1.703684 3.410718
v -3.107525 1.719213 3.430442
v -3.107525 1.719213 3.430442
v -3.126203 1.721862 3.478282
v -3.107525 1.719213 3.430442
v -3.116764 1.725854 3.454106
v -3.126203 1.721862 3.478282
v -3.126203 1.721862 3.478282
v -3.134444 1.708593 3.499389
v -3.140091 1.687419 3.513856
v -3.109851 1.595225 3.436399
v -3.095964 1.629667 3.400827
v -3.158921 1.636063 3.509348
v -3.160372 1.662016 3.513067
v -3.157958 1.687420 3.506881
v -3.152310 1.708594 3.492415
v -3.144069 1.721862 3.471307
v -3.144069 1.721862 3.471307
v -3.134631 1.725855 3.447132
v -3.125393 1.719214 3.423466
v -3.125393 1.719214 3.423466
v -3.117691 1.703684 3.403742
v -3.112867 1.681025 3.391383
v -3.112867 1.681025 3.391383
v -3.111415 1.655071 3.387665
v -3.113830 1.629667 3.393852
v -3.113830 1.629667 3.393852
v -3.119478 1.608495 3.408318
v -3.137157 1.591234 3.453600
v -3.146396 1.597875 3.477265
v -3.146396 1.597875 3.477265
v -3.154095 1.613404 3.496989
v -3.158921 1.636063 3.509348
v -3.158921 1.636063 3.509348
v -3.157958 1.687420 3.506881
v -3.125393 1.719214 3.423466
v -3.140091 1.687419 3.513856
v -3.134444 1.708593 3.499389
v -3.141756 1.703652 3.491750
v -3.149022 1.661673 3.510364
v -3.142505 1.662015 3.520042
v -3.140091 1.687419 3.513856
v -3.157958 1.687420 3.506881
v -3.160372 1.662016 3.513067
v -3.149022 1.661673 3.510364
v -3.141756 1.703652 3.491750
v -3.152310 1.708594 3.492415
v -3.157958 1.687420 3.506881
v -3.095001 1.681025 3.398359
v -3.093549 1.655071 3.394640
v -3.104899 1.655415 3.397344
v -3.110556 1.699227 3.411834
v -3.099826 1.703684 3.410718
v -3.095001 1.681025 3.398359
v -3.112867 1.681025 3.391383
v -3.117691 1.703684 3.403742
v -3.110556 1.699227 3.411834
v -3.104899 1.655415 3.397344
v -3.111415 1.655071 3.387665
v -3.112867 1.681025 3.391383
v -3.095964 1.629667 3.400827
v -3.101611 1.608494 3.415291
v -3.112164 1.613435 3.415956
v -3.104899 1.655415 3.397344
v -3.093549 1.655071 3.394640
v -3.095964 1.629667 3.400827
v -3.113830 1.629667 3.393852
v -3.111415 1.655071 3.387665
v -3.104899 1.655415 3.397344
v -3.112164 1.613435 3.415956
v -3.119478 1.608495 3.408318
v -3.113830 1.629667 3.393852
v -3.128528 1.597874 3.484240
v -3.136230 1.613403 3.503965
v -3.143364 1.617861 3.495873
v -3.128098 1.597880 3.456770
v -3.119290 1.591233 3.460575
v -3.128528 1.597874 3.484240
v -3.146396 1.597875 3.477265
v -3.137157 1.591234 3.453600
v -3.128098 1.597880 3.456770
v -3.143364 1.617861 3.495873
v -3.154095 1.613404 3.496989
v -3.146396 1.597875 3.477265
v -3.141054 1.636062 3.516324
v -3.142505 1.662015 3.520042
v -3.149022 1.661673 3.510364
v -3.143364 1.617861 3.495873
v -3.136230 1.613403 3.503965
v -3.141054 1.636062 3.516324
v -3.158921 1.636063 3.509348
v -3.154095 1.613404 3.496989
v -3.143364 1.617861 3.495873
v -3.149022 1.661673 3.510364
v -3.160372 1.662016 3.513067
v -3.158921 1.636063 3.509348
v -3.126203 1.721862 3.478282
v -3.116764 1.725854 3.454106
v -3.125822 1.719207 3.450938
v -3.141756 1.703652 3.491750
v -3.134444 1.708593 3.499389
v -3.126203 1.721862 3.478282
v -3.144069 1.721862 3.471307
v -3.152310 1.708594 3.492415
v -3.141756 1.703652 3.491750
v -3.125822 1.719207 3.450938
v -3.134631 1.725855 3.447132
v -3.144069 1.721862 3.471307
v -3.107525 1.719213 3.430442
v -3.099826 1.703684 3.410718
v -3.110556 1.699227 3.411834
v -3.125822 1.719207 3.450938
v -3.116764 1.725854 3.454106
v -3.107525 1.719213 3.430442
v -3.125393 1.719214 3.423466
v -3.134631 1.725855 3.447132
v -3.125822 1.719207 3.450938
v -3.110556 1.699227 3.411834
v -3.117691 1.703684 3.403742
v -3.125393 1.719214 3.423466
v -3.109851 1.595225 3.436399
v -3.119290 1.591233 3.460575
v -3.128098 1.597880 3.456770
v -3.112164 1.613435 3.415956
v -3.101611 1.608494 3.415291
v -3.109851 1.595225 3.436399
v -3.127718 1.595227 3.429425
v -3.119478 1.608495 3.408318
v -3.112164 1.613435 3.415956
v -3.128098 1.597880 3.456770
v -3.137157 1.591234 3.453600
v -3.127718 1.595227 3.429425
v -3.153877 1.786476 3.256092
v -3.152284 1.796930 3.277946
v -3.162750 1.783005 3.233768
v -3.152284 1.796930 3.277946
v -3.157250 1.811363 3.295225
v -3.168229 1.828439 3.306138
v -3.202394 1.861346 3.303860
v -3.168229 1.828439 3.306138
v -3.184188 1.846380 3.309690
v -3.152284 1.796930 3.277946
v -3.168229 1.828439 3.306138
v -3.202394 1.861346 3.303860
v -3.202394 1.861346 3.303860
v -3.219052 1.870888 3.291101
v -3.232424 1.874118 3.272600
v -3.192781 1.795777 3.202508
v -3.232424 1.874118 3.272600
v -3.241281 1.870661 3.250259
v -3.242890 1.860191 3.228418
v -3.242890 1.860191 3.228418
v -3.237988 1.845698 3.211179
v -3.226944 1.828681 3.200228
v -3.226944 1.828681 3.200228
v -3.210968 1.810758 3.196667
v -3.192781 1.795777 3.202508
v -3.192781 1.795777 3.202508
v -3.176182 1.786170 3.215301
v -3.162750 1.783005 3.233768
v -3.162750 1.783005 3.233768
v -3.364131 1.883641 3.520041
v -3.338727 1.886056 3.513856
v -3.390084 1.885093 3.516323
v -3.338727 1.886056 3.513856
v -3.317553 1.891703 3.499389
v -3.304284 1.899944 3.478282
v -3.306933 1.918621 3.430442
v -3.300293 1.909382 3.454106
v -3.304284 1.899944 3.478282
v -3.306933 1.918621 3.430442
v -3.306933 1.918621 3.430442
v -3.322462 1.926322 3.410718
v -3.345121 1.931147 3.398359
v -3.345121 1.931147 3.398359
v -3.371075 1.932598 3.394640
v -3.396480 1.930184 3.400827
v -3.396480 1.930184 3.400827
v -3.417653 1.924536 3.415291
v -3.430921 1.916296 3.436400
v -3.430921 1.916296 3.436400
v -3.434913 1.906857 3.460575
v -3.428272 1.897619 3.484240
v -3.428272 1.897619 3.484240
v -3.412743 1.889917 3.503964
v -3.390084 1.885093 3.516323
v -3.428272 1.897619 3.484240
v -3.390084 1.885093 3.516323
v -3.396480 1.930184 3.400827
v -3.396480 1.930184 3.400827
v -3.371075 1.932598 3.394640
v -3.370732 1.921248 3.397344
v -3.412711 1.913983 3.415956
v -3.417653 1.924536 3.415291
v -3.396480 1.930184 3.400827
v -3.396479 1.912316 3.393852
v -3.417652 1.906669 3.408317
v -3.412711 1.913983 3.415956
v -3.370732 1.921248 3.397344
v -3.371075 1.914732 3.387665
v -3.396479 1.912316 3.393852
v -3.338727 1.886056 3.513856
v -3.364131 1.883641 3.520041
v -3.364473 1.877123 3.510363
v -3.322495 1.884390 3.491750
v -3.317553 1.891703 3.499389
v -3.338727 1.886056 3.513856
v -3.338726 1.868189 3.506881
v -3.317553 1.873837 3.492415
v -3.322495 1.884390 3.491750
v -3.364473 1.877123 3.510363
v -3.364131 1.865775 3.513067
v -3.338726 1.868189 3.506881
v -3.345121 1.931147 3.398359
v -3.322462 1.926322 3.410718
v -3.326919 1.915591 3.411834
v -3.370732 1.921248 3.397344
v -3.371075 1.932598 3.394640
v -3.345121 1.931147 3.398359
v -3.345121 1.913280 3.391383
v -3.371075 1.914732 3.387665
v -3.370732 1.921248 3.397344
v -3.326919 1.915591 3.411834
v -3.322462 1.908455 3.403742
v -3.345121 1.913280 3.391383
v -3.428272 1.897619 3.484240
v -3.434913 1.906857 3.460575
v -3.428266 1.898049 3.456769
v -3.408286 1.882782 3.495873
v -3.412743 1.889917 3.503964
v -3.428272 1.897619 3.484240
v -3.428271 1.879751 3.477265
v -3.412742 1.872051 3.496989
v -3.408286 1.882782 3.495873
v -3.428266 1.898049 3.456769
v -3.434912 1.888991 3.453600
v -3.428271 1.879751 3.477265
v -3.304284 1.899944 3.478282
v -3.317553 1.891703 3.499389
v -3.322495 1.884390 3.491750
v -3.306940 1.900324 3.450938
v -3.300293 1.909382 3.454106
v -3.304284 1.899944 3.478282
v -3.304285 1.882077 3.471307
v -3.300293 1.891515 3.447132
v -3.306940 1.900324 3.450938
v -3.322495 1.884390 3.491750
v -3.317553 1.873837 3.492415
v -3.304285 1.882077 3.471307
v -3.390084 1.885093 3.516323
v -3.412743 1.889917 3.503964
v -3.408286 1.882782 3.495873
v -3.364473 1.877123 3.510363
v -3.364131 1.883641 3.520041
v -3.390084 1.885093 3.516323
v -3.390084 1.867226 3.509348
v -3.364131 1.865775 3.513067
v -3.364473 1.877123 3.510363
v -3.408286 1.882782 3.495873
v -3.412742 1.872051 3.496989
v -3.390084 1.867226 3.509348
v -3.430921 1.916296 3.436400
v -3.417653 1.924536 3.415291
v -3.412711 1.913983 3.415956
v -3.428266 1.898049 3.456769
v -3.434913 1.906857 3.460575
v -3.430921 1.916296 3.436400
v -3.430920 1.898428 3.429425
v -3.434912 1.888991 3.453600
v -3.428266 1.898049 3.456769
v -3.412711 1.913983 3.415956
v -3.417652 1.906669 3.408317
v -3.430920 1.898428 3.429425
v -3.306933 1.918621 3.430442
v -3.300293 1.909382 3.454106
v -3.306940 1.900324 3.450938
v -3.326919 1.915591 3.411834
v -3.322462 1.926322 3.410718
v -3.306933 1.918621 3.430442
v -3.306933 1.900754 3.423466
v -3.322462 1.908455 3.403742
v -3.326919 1.915591 3.411834
v -3.306940 1.900324 3.450938
v -3.300293 1.891515 3.447132
v -3.306933 1.900754 3.423466
v -3.549505 1.835950 3.313960
v -3.567642 1.814547 3.308039
v -3.574147 1.778011 3.253645
v -3.567642 1.814547 3.308039
v -3.576819 1.799299 3.297306
v -3.579032 1.787766 3.280161
v -3.567642 1.814547 3.308039
v -3.579032 1.787766 3.280161
v -3.574147 1.778011 3.253645
v -3.562464 1.775316 3.227601
v -3.513348 1.808776 3.199250
v -3.562464 1.775316 3.227601
v -3.549787 1.778986 3.211548
v -3.534362 1.789536 3.202458
v -3.534362 1.789536 3.202458
v -3.513348 1.808776 3.199250
v -3.495214 1.830184 3.205169
v -3.488706 1.866719 3.259563
v -3.495214 1.830184 3.205169
v -3.485910 1.845304 3.215971
v -3.483823 1.856964 3.233047
v -3.488706 1.866719 3.259563
v -3.495214 1.830184 3.205169
v -3.483823 1.856964 3.233047
v -3.488706 1.866719 3.259563
v -3.500391 1.869416 3.285606
v -3.528493 1.855192 3.310750
v -3.500391 1.869416 3.285606
v -3.512943 1.865618 3.301729
v -3.528493 1.855192 3.310750
v -3.528493 1.855192 3.310750
v -3.549505 1.835950 3.313960
v -3.488706 1.866719 3.259563
v -3.549505 1.835950 3.313960
v -3.182027 1.537712 3.218141
v -3.202531 1.526306 3.201660
v -3.244753 1.477296 3.213957
v -3.202531 1.526306 3.201660
v -3.218211 1.513898 3.195999
v -3.231525 1.498380 3.199726
v -3.231525 1.498380 3.199726
v -3.251460 1.458984 3.234974
v -3.225538 1.451729 3.295069
v -3.251460 1.458984 3.234974
v -3.250739 1.449616 3.253511
v -3.242578 1.447165 3.272466
v -3.225538 1.451729 3.295069
v -3.251460 1.458984 3.234974
v -3.242578 1.447165 3.272466
v -3.225538 1.451729 3.295069
v -3.205033 1.463132 3.311549
v -3.176040 1.491057 3.313481
v -3.205033 1.463132 3.311549
v -3.189480 1.475667 3.317279
v -3.176040 1.491057 3.313481
v -3.176040 1.491057 3.313481
v -3.162813 1.512143 3.299253
v -3.225538 1.451729 3.295069
v -3.156104 1.530456 3.278233
v -3.182027 1.537712 3.218141
v -3.156104 1.530456 3.278233
v -3.156951 1.539949 3.259767
v -3.164986 1.542274 3.240742
v -3.164986 1.542274 3.240742
v -3.144059 1.804003 3.278610
v -3.146754 1.792320 3.252565
v -3.177520 1.853117 3.306961
v -3.146754 1.792320 3.252565
v -3.156510 1.787436 3.226050
v -3.183292 1.798826 3.198172
v -3.156510 1.787436 3.226050
v -3.168044 1.789649 3.208905
v -3.183292 1.798826 3.198172
v -3.183292 1.798826 3.198172
v -3.204695 1.816962 3.192252
v -3.146754 1.792320 3.252565
v -3.204695 1.816962 3.192252
v -3.223938 1.837973 3.195461
v -3.238158 1.866076 3.220604
v -3.223938 1.837973 3.195461
v -3.234363 1.853524 3.204481
v -3.238158 1.866076 3.220604
v -3.235462 1.877761 3.246648
v -3.235462 1.877761 3.246648
v -3.225706 1.882645 3.273164
v -3.198925 1.871252 3.301041
v -3.225706 1.882645 3.273164
v -3.214046 1.880556 3.290239
v -3.198925 1.871252 3.301041
v -3.177520 1.853117 3.306961
v -3.158279 1.832103 3.303753
v -3.144059 1.804003 3.278610
v -3.158279 1.832103 3.303753
v -3.147727 1.816679 3.294663
v -3.144059 1.804003 3.278610
v -3.580316 1.827222 3.301041
v -3.562181 1.848625 3.306961
v -3.586822 1.790687 3.246648
v -3.562181 1.848625 3.306961
v -3.541167 1.867867 3.303753
v -3.513065 1.882089 3.278610
v -3.541167 1.867867 3.303753
v -3.525742 1.878418 3.294663
v -3.513065 1.882089 3.278610
v -3.513065 1.882089 3.278610
v -3.501382 1.879395 3.252565
v -3.501382 1.879395 3.252565
v -3.496497 1.869637 3.226050
v -3.507888 1.842857 3.198172
v -3.496497 1.869637 3.226050
v -3.498710 1.858105 3.208905
v -3.507888 1.842857 3.198172
v -3.507888 1.842857 3.198172
v -3.501382 1.879395 3.252565
v -3.547036 1.802210 3.195461
v -3.575138 1.787989 3.220604
v -3.547036 1.802210 3.195461
v -3.562587 1.791786 3.204481
v -3.575138 1.787989 3.220604
v -3.575138 1.787989 3.220604
v -3.586822 1.790687 3.246648
v -3.526024 1.821452 3.192252
v -3.591706 1.800442 3.273163
v -3.591706 1.800442 3.273163
v -3.589618 1.812101 3.290239
v -3.580316 1.827222 3.301041
v -3.512514 1.480795 3.194662
v -3.501111 1.460291 3.211143
v -3.496548 1.443251 3.233745
v -3.508365 1.434368 3.271236
v -3.496548 1.443251 3.233745
v -3.498998 1.435089 3.252700
v -3.508365 1.434368 3.271236
v -3.526678 1.441073 3.292254
v -3.526678 1.441073 3.292254
v -3.547763 1.454302 3.306485
v -3.575688 1.483296 3.304551
v -3.547763 1.454302 3.306485
v -3.563279 1.467615 3.310212
v -3.575688 1.483296 3.304551
v -3.587093 1.503800 3.288070
v -3.587093 1.503800 3.288070
v -3.591655 1.520843 3.265469
v -3.579837 1.529725 3.227977
v -3.591655 1.520843 3.265469
v -3.589332 1.528878 3.246444
v -3.579837 1.529725 3.227977
v -3.579837 1.529725 3.227977
v -3.561527 1.523017 3.206959
v -3.587093 1.503800 3.288070
v -3.540440 1.509788 3.192729
v -3.540440 1.509788 3.192729
v -3.525050 1.496349 3.188932
v -3.512514 1.480795 3.194662
v -3.526678 1.441073 3.292254
v -3.189858 1.513632 3.194662
v -3.232078 1.464622 3.206959
v -3.169352 1.525038 3.211143
v -3.152312 1.529600 3.233745
v -3.143430 1.517782 3.271236
v -3.152312 1.529600 3.233745
v -3.144150 1.527150 3.252700
v -3.143430 1.517782 3.271236
v -3.150137 1.499468 3.292254
v -3.163366 1.478383 3.306485
v -3.192359 1.450458 3.304551
v -3.163366 1.478383 3.306485
v -3.176680 1.462867 3.310211
v -3.192359 1.450458 3.304551
v -3.192359 1.450458 3.304551
v -3.212863 1.439054 3.288070
v -3.150137 1.499468 3.292254
v -3.229905 1.434491 3.265469
v -3.238787 1.446311 3.227977
v -3.229905 1.434491 3.265469
v -3.237940 1.436816 3.246444
v -3.238787 1.446311 3.227977
v -3.238787 1.446311 3.227977
v -3.232078 1.464622 3.206959
v -3.212863 1.439054 3.288070
v -3.218851 1.485706 3.192729
v -3.218851 1.485706 3.192729
v -3.205411 1.501098 3.188931
v -3.189858 1.513632 3.194662
v -3.226944 1.828681 3.200228
v -3.223938 1.837973 3.195461
v -3.204695 1.816962 3.192252
v -3.237988 1.845698 3.211179
v -3.234363 1.853524 3.204481
v -3.223938 1.837973 3.195461
v -3.192359 1.450458 3.304551
v -3.176680 1.462867 3.310211
v -3.184058 1.470569 3.309615
v -3.201321 1.456254 3.304278
v -3.218880 1.446024 3.291003
v -3.212863 1.439054 3.288070
v -3.201321 1.456254 3.304278
v -3.205033 1.463132 3.311549
v -3.225538 1.451729 3.295069
v -3.184058 1.470569 3.309615
v -3.189480 1.475667 3.317279
v -3.205033 1.463132 3.311549
v -3.536948 1.517018 3.199765
v -3.540440 1.509788 3.192729
v -3.561527 1.523017 3.206959
v -3.519953 1.501771 3.196596
v -3.525050 1.496349 3.188932
v -3.540440 1.509788 3.192729
v -3.527766 1.522462 3.199726
v -3.512250 1.509149 3.195999
v -3.519953 1.501771 3.196596
v -3.536948 1.517018 3.199765
v -3.554932 1.528750 3.211086
v -3.548851 1.535692 3.213956
v -3.198925 1.871252 3.301041
v -3.214046 1.880556 3.290239
v -3.219052 1.870888 3.291101
v -3.202394 1.861346 3.303860
v -3.184188 1.846380 3.309690
v -3.177520 1.853117 3.306961
v -3.143430 1.517782 3.271236
v -3.144150 1.527150 3.252700
v -3.153744 1.530473 3.256020
v -3.152054 1.520681 3.276819
v -3.157078 1.505549 3.295125
v -3.150137 1.499468 3.292254
v -3.152054 1.520681 3.276819
v -3.156104 1.530456 3.278233
v -3.162813 1.512143 3.299253
v -3.153744 1.530473 3.256020
v -3.156951 1.539949 3.259767
v -3.156104 1.530456 3.278233
v -3.162750 1.783005 3.233768
v -3.156510 1.787436 3.226050
v -3.146754 1.792320 3.252565
v -3.176182 1.786170 3.215301
v -3.168044 1.789649 3.208905
v -3.156510 1.787436 3.226050
v -3.168812 1.487565 3.306446
v -3.163366 1.478383 3.306485
v -3.150137 1.499468 3.292254
v -3.184058 1.470569 3.309615
v -3.176680 1.462867 3.310211
v -3.163366 1.478383 3.306485
v -3.176040 1.491057 3.313481
v -3.189480 1.475667 3.317279
v -3.184058 1.470569 3.309615
v -3.168812 1.487565 3.306446
v -3.157078 1.505549 3.295125
v -3.162813 1.512143 3.299253
v -3.144059 1.804003 3.278610
v -3.147727 1.816679 3.294663
v -3.157250 1.811363 3.295225
v -3.152284 1.796930 3.277946
v -3.153877 1.786476 3.256092
v -3.146754 1.792320 3.252565
v -3.162014 1.533931 3.234782
v -3.152312 1.529600 3.233745
v -3.169352 1.525038 3.211143
v -3.153744 1.530473 3.256020
v -3.144150 1.527150 3.252700
v -3.152312 1.529600 3.233745
v -3.164986 1.542274 3.240742
v -3.156951 1.539949 3.259767
v -3.153744 1.530473 3.256020
v -3.162014 1.533931 3.234782
v -3.176010 1.530741 3.215208
v -3.182027 1.537712 3.218141
v -3.238158 1.866076 3.220604
v -3.234363 1.853524 3.204481
v -3.237988 1.845698 3.211179
v -3.242890 1.860191 3.228418
v -3.241281 1.870661 3.250259
v -3.235462 1.877761 3.246648
v -3.580316 1.827222 3.301041
v -3.589618 1.812101 3.290239
v -3.580123 1.807266 3.291003
v -3.570549 1.823895 3.303779
v -3.555577 1.842088 3.309615
v -3.562181 1.848625 3.306961
v -3.570549 1.823895 3.303779
v -3.567642 1.814547 3.308039
v -3.549505 1.835950 3.313960
v -3.580123 1.807266 3.291003
v -3.576819 1.799299 3.297306
v -3.567642 1.814547 3.308039
v -3.232424 1.874118 3.272600
v -3.225706 1.882645 3.273164
v -3.235462 1.877761 3.246648
v -3.219052 1.870888 3.291101
v -3.214046 1.880556 3.290239
v -3.225706 1.882645 3.273164
v -3.583320 1.793867 3.272521
v -3.591706 1.800442 3.273163
v -3.586822 1.790687 3.246648
v -3.580123 1.807266 3.291003
v -3.589618 1.812101 3.290239
v -3.591706 1.800442 3.273163
v -3.579032 1.787766 3.280161
v -3.576819 1.799299 3.297306
v -3.580123 1.807266 3.291003
v -3.583320 1.793867 3.272521
v -3.579855 1.785002 3.250190
v -3.574147 1.778011 3.253645
v -3.168229 1.828439 3.306138
v -3.158279 1.832103 3.303753
v -3.177520 1.853117 3.306961
v -3.157250 1.811363 3.295225
v -3.147727 1.816679 3.294663
v -3.158279 1.832103 3.303753
v -3.575138 1.787989 3.220604
v -3.562587 1.791786 3.204481
v -3.554932 1.788335 3.211085
v -3.569395 1.783401 3.228344
v -3.579855 1.785002 3.250190
v -3.586822 1.790687 3.246648
v -3.569395 1.783401 3.228344
v -3.562464 1.775316 3.227601
v -3.574147 1.778011 3.253645
v -3.554932 1.788335 3.211085
v -3.549787 1.778986 3.211548
v -3.562464 1.775316 3.227601
v -3.508365 1.434368 3.271236
v -3.498998 1.435089 3.252700
v -3.495674 1.444684 3.256021
v -3.505467 1.442992 3.276820
v -3.520597 1.448015 3.295125
v -3.526678 1.441073 3.292254
v -3.505467 1.442992 3.276820
v -3.495692 1.447042 3.278234
v -3.514003 1.453748 3.299253
v -3.495674 1.444684 3.256021
v -3.486197 1.447889 3.259767
v -3.495692 1.447042 3.278234
v -3.513065 1.882089 3.278610
v -3.525742 1.878418 3.294663
v -3.520597 1.869069 3.295125
v -3.506135 1.874004 3.277866
v -3.495674 1.872404 3.256021
v -3.501382 1.879395 3.252565
v -3.506135 1.874004 3.277866
v -3.500391 1.869416 3.285606
v -3.488706 1.866719 3.259563
v -3.520597 1.869069 3.295125
v -3.512943 1.865618 3.301729
v -3.500391 1.869416 3.285606
v -3.492217 1.452952 3.234782
v -3.496548 1.443251 3.233745
v -3.501111 1.460291 3.211143
v -3.495674 1.444684 3.256021
v -3.498998 1.435089 3.252700
v -3.496548 1.443251 3.233745
v -3.483874 1.455924 3.240742
v -3.486197 1.447889 3.259767
v -3.495674 1.444684 3.256021
v -3.492217 1.452952 3.234782
v -3.495406 1.466949 3.215208
v -3.488436 1.472966 3.218141
v -3.537644 1.858057 3.306058
v -3.541167 1.867867 3.303753
v -3.562181 1.848625 3.306961
v -3.520597 1.869069 3.295125
v -3.525742 1.878418 3.294663
v -3.541167 1.867867 3.303753
v -3.528493 1.855192 3.310750
v -3.512943 1.865618 3.301729
v -3.520597 1.869069 3.295125
v -3.537644 1.858057 3.306058
v -3.555577 1.842088 3.309615
v -3.549505 1.835950 3.313960
v -3.579837 1.529725 3.227977
v -3.589332 1.528878 3.246444
v -3.579855 1.532084 3.250190
v -3.570062 1.533774 3.229391
v -3.554932 1.528750 3.211086
v -3.561527 1.523017 3.206959
v -3.570062 1.533774 3.229391
v -3.567164 1.542399 3.234974
v -3.548851 1.535692 3.213956
v -3.579855 1.532084 3.250190
v -3.576533 1.541679 3.253511
v -3.567164 1.542399 3.234974
v -3.507888 1.842857 3.198172
v -3.498710 1.858105 3.208905
v -3.495406 1.850138 3.215208
v -3.504981 1.833511 3.202432
v -3.519952 1.815315 3.196596
v -3.526024 1.821452 3.192252
v -3.504981 1.833511 3.202432
v -3.495214 1.830184 3.205169
v -3.513348 1.808776 3.199250
v -3.495406 1.850138 3.215208
v -3.485910 1.845304 3.215971
v -3.495214 1.830184 3.205169
v -3.226080 1.489198 3.199765
v -3.218851 1.485706 3.192729
v -3.232078 1.464622 3.206959
v -3.210833 1.506196 3.196596
v -3.205411 1.501098 3.188931
v -3.218851 1.485706 3.192729
v -3.231525 1.498380 3.199726
v -3.218211 1.513898 3.195999
v -3.210833 1.506196 3.196596
v -3.226080 1.489198 3.199765
v -3.237813 1.471215 3.211085
v -3.244753 1.477296 3.213957
v -3.583313 1.523816 3.271429
v -3.591655 1.520843 3.265469
v -3.587093 1.503800 3.288070
v -3.579855 1.532084 3.250190
v -3.589332 1.528878 3.246444
v -3.591655 1.520843 3.265469
v -3.578982 1.533517 3.272466
v -3.576533 1.541679 3.253511
v -3.579855 1.532084 3.250190
v -3.583313 1.523816 3.271429
v -3.580122 1.509817 3.291003
v -3.574419 1.516475 3.295069
v -3.537884 1.799348 3.200152
v -3.547036 1.802210 3.195461
v -3.526024 1.821452 3.192252
v -3.554932 1.788335 3.211085
v -3.562587 1.791786 3.204481
v -3.547036 1.802210 3.195461
v -3.534362 1.789536 3.202458
v -3.549787 1.778986 3.211548
v -3.554932 1.788335 3.211085
v -3.537884 1.799348 3.200152
v -3.519952 1.815315 3.196596
v -3.513348 1.808776 3.199250
v -3.189858 1.513632 3.194662
v -3.205411 1.501098 3.188931
v -3.210833 1.506196 3.196596
v -3.193570 1.520511 3.201934
v -3.176010 1.530741 3.215208
v -3.169352 1.525038 3.211143
v -3.193570 1.520511 3.201934
v -3.202531 1.526306 3.201660
v -3.182027 1.537712 3.218141
v -3.210833 1.506196 3.196596
v -3.218211 1.513898 3.195999
v -3.202531 1.526306 3.201660
v -3.538581 1.459747 3.306446
v -3.547763 1.454302 3.306485
v -3.526678 1.441073 3.292254
v -3.555577 1.474994 3.309614
v -3.563279 1.467615 3.310212
v -3.547763 1.454302 3.306485
v -3.535089 1.466976 3.313481
v -3.550479 1.480415 3.317278
v -3.555577 1.474994 3.309614
v -3.538581 1.459747 3.306446
v -3.520597 1.448015 3.295125
v -3.514003 1.453748 3.299253
v -3.492209 1.863539 3.233689
v -3.496497 1.869637 3.226050
v -3.501382 1.879395 3.252565
v -3.495406 1.850138 3.215208
v -3.498710 1.858105 3.208905
v -3.496497 1.869637 3.226050
v -3.483823 1.856964 3.233047
v -3.485910 1.845304 3.215971
v -3.495406 1.850138 3.215208
v -3.492209 1.863539 3.233689
v -3.495674 1.872404 3.256021
v -3.488706 1.866719 3.259563
v -3.238787 1.446311 3.227977
v -3.237940 1.436816 3.246444
v -3.241145 1.446291 3.250190
v -3.242836 1.456086 3.229390
v -3.237813 1.471215 3.211085
v -3.232078 1.464622 3.206959
v -3.242836 1.456086 3.229390
v -3.251460 1.458984 3.234974
v -3.244753 1.477296 3.213957
v -3.241145 1.446291 3.250190
v -3.250739 1.449616 3.253511
v -3.251460 1.458984 3.234974
v -3.512514 1.480795 3.194662
v -3.525050 1.496349 3.188932
v -3.519953 1.501771 3.196596
v -3.505637 1.484508 3.201934
v -3.495406 1.466949 3.215208
v -3.501111 1.460291 3.211143
v -3.505637 1.484508 3.201934
v -3.499841 1.493469 3.201660
v -3.488436 1.472966 3.218141
v -3.519953 1.501771 3.196596
v -3.512250 1.509149 3.195999
v -3.499841 1.493469 3.201660
v -3.183292 1.798826 3.198172
v -3.168044 1.789649 3.208905
v -3.176182 1.786170 3.215301
v -3.192781 1.795777 3.202508
v -3.210968 1.810758 3.196667
v -3.204695 1.816962 3.192252
v -3.232877 1.442835 3.271428
v -3.229905 1.434491 3.265469
v -3.212863 1.439054 3.288070
v -3.241145 1.446291 3.250190
v -3.237940 1.436816 3.246444
v -3.229905 1.434491 3.265469
v -3.242578 1.447165 3.272466
v -3.250739 1.449616 3.253511
v -3.241145 1.446291 3.250190
v -3.232877 1.442835 3.271428
v -3.218880 1.446024 3.291003
v -3.225538 1.451729 3.295069
v -3.575688 1.483296 3.304551
v -3.563279 1.467615 3.310212
v -3.555577 1.474994 3.309614
v -3.569892 1.492256 3.304278
v -3.580122 1.509817 3.291003
v -3.587093 1.503800 3.288070
v -3.569892 1.492256 3.304278
v -3.563015 1.495970 3.311548
v -3.574419 1.516475 3.295069
v -3.555577 1.474994 3.309614
v -3.550479 1.480415 3.317278
v -3.563015 1.495970 3.311548
v -3.390084 1.449862 3.509348
v -3.364131 1.451313 3.513066
v -3.338726 1.448899 3.506880
v -3.338726 1.448899 3.506880
v -3.317552 1.443251 3.492415
v -3.304284 1.435011 3.471307
v -3.304284 1.435011 3.471307
v -3.300294 1.425571 3.447132
v -3.306934 1.416333 3.423467
v -3.306934 1.416333 3.423467
v -3.322463 1.408633 3.403742
v -3.345121 1.403808 3.391383
v -3.345121 1.403808 3.391383
v -3.371075 1.402356 3.387665
v -3.396480 1.404771 3.393851
v -3.417653 1.410419 3.408316
v -3.430921 1.418660 3.429425
v -3.434913 1.428097 3.453600
v -3.428272 1.437336 3.477265
v -3.412743 1.445037 3.496990
v -3.338726 1.448899 3.506880
v -3.304284 1.435011 3.471307
v -3.306934 1.416333 3.423467
vt 0.884634 0.074449
vt 0.890440 0.076276
vt 0.893343 0.058378
vt 0.887516 0.056187
vt 0.884723 0.057851
vt 0.887537 0.056552
vt 0.887516 0.056187
vt 0.890565 0.056698
vt 0.890655 0.056338
vt 0.524005 0.094800
vt 0.527313 0.094481
vt 0.524090 0.094439
vt 0.884506 0.074742
vt 0.887412 0.076130
vt 0.884634 0.074449
vt 0.884506 0.074742
vt 0.882493 0.071592
vt 0.882287 0.071779
vt 0.520800 0.076028
vt 0.518720 0.079063
vt 0.520999 0.076333
vt 0.520800 0.076028
vt 0.523957 0.074820
vt 0.523867 0.074460
vt 0.895663 0.072539
vt 0.896598 0.068807
vt 0.895395 0.072325
vt 0.895663 0.072539
vt 0.893255 0.074977
vt 0.893444 0.075289
vt 0.532678 0.078923
vt 0.530176 0.076336
vt 0.532456 0.079125
vt 0.532678 0.078923
vt 0.533736 0.082723
vt 0.534005 0.082652
vt 0.890525 0.076635
vt 0.893255 0.074977
vt 0.890440 0.076276
vt 0.890525 0.076635
vt 0.887412 0.076130
vt 0.887387 0.076484
vt 0.527208 0.074503
vt 0.523957 0.074820
vt 0.527180 0.074861
vt 0.527208 0.074503
vt 0.530176 0.076336
vt 0.530315 0.076032
vt 0.882379 0.060283
vt 0.881379 0.064020
vt 0.882582 0.060503
vt 0.882379 0.060283
vt 0.884723 0.057851
vt 0.884598 0.057534
vt 0.518535 0.090380
vt 0.521093 0.092965
vt 0.518814 0.090176
vt 0.518535 0.090380
vt 0.517534 0.086579
vt 0.517208 0.086650
vt 0.893535 0.058080
vt 0.890565 0.056698
vt 0.893343 0.058378
vt 0.893535 0.058080
vt 0.895483 0.061236
vt 0.895755 0.061043
vt 0.530413 0.093275
vt 0.532550 0.090238
vt 0.530271 0.092968
vt 0.530413 0.093275
vt 0.527313 0.094481
vt 0.527346 0.094843
vt 0.881132 0.067969
vt 0.882493 0.071592
vt 0.881379 0.067916
vt 0.881132 0.067969
vt 0.881379 0.064020
vt 0.881132 0.063930
vt 0.517208 0.082605
vt 0.517534 0.086579
vt 0.517534 0.082676
vt 0.517208 0.082605
vt 0.518720 0.079063
vt 0.518438 0.078858
vt 0.896910 0.064854
vt 0.895483 0.061236
vt 0.896598 0.064912
vt 0.896910 0.064854
vt 0.896598 0.068807
vt 0.896910 0.068893
vt 0.534005 0.086698
vt 0.533736 0.082723
vt 0.533736 0.086625
vt 0.534005 0.086698
vt 0.532550 0.090238
vt 0.532775 0.090444
vt 0.914297 0.074120
vt 0.915162 0.061627
vt 0.905936 0.059039
vt 0.898036 0.095214
vt 0.899457 0.087711
vt 0.892183 0.099528
vt 0.885118 0.098430
vt 0.888607 0.099604
vt 0.885325 0.098126
vt 0.885118 0.098430
vt 0.882796 0.095424
vt 0.882497 0.095628
vt 0.425009 0.059693
vt 0.422710 0.062757
vt 0.425171 0.059996
vt 0.425009 0.059693
vt 0.428365 0.058445
vt 0.428320 0.058085
vt 0.895783 0.081104
vt 0.892330 0.079936
vt 0.895612 0.081414
vt 0.895783 0.081104
vt 0.898141 0.084116
vt 0.898405 0.083905
vt 0.435388 0.076818
vt 0.437643 0.073754
vt 0.435182 0.076515
vt 0.435388 0.076818
vt 0.431988 0.078066
vt 0.432076 0.078426
vt 0.881132 0.091901
vt 0.882796 0.095424
vt 0.881480 0.091829
vt 0.881132 0.091901
vt 0.881480 0.087932
vt 0.881132 0.087862
vt 0.421129 0.066317
vt 0.421429 0.070289
vt 0.421430 0.066386
vt 0.421129 0.066317
vt 0.422710 0.062757
vt 0.422457 0.062554
vt 0.882605 0.084123
vt 0.881480 0.087932
vt 0.882901 0.084326
vt 0.882605 0.084123
vt 0.885429 0.081517
vt 0.885226 0.081211
vt 0.422562 0.074077
vt 0.425273 0.076630
vt 0.422812 0.073871
vt 0.422562 0.074077
vt 0.421429 0.070289
vt 0.421129 0.070364
vt 0.892228 0.099883
vt 0.895508 0.098023
vt 0.892183 0.099528
vt 0.892228 0.099883
vt 0.888607 0.099604
vt 0.888520 0.099962
vt 0.431928 0.058084
vt 0.435081 0.059880
vt 0.435283 0.059573
vt 0.888673 0.079651
vt 0.885429 0.081517
vt 0.888754 0.080012
vt 0.888673 0.079651
vt 0.892330 0.079936
vt 0.892381 0.079572
vt 0.428468 0.078427
vt 0.431988 0.078066
vt 0.428508 0.078066
vt 0.428468 0.078427
vt 0.425273 0.076630
vt 0.425114 0.076938
vt 0.898297 0.095411
vt 0.899457 0.091608
vt 0.898036 0.095214
vt 0.898297 0.095411
vt 0.895508 0.098023
vt 0.895675 0.098323
vt 0.437834 0.062434
vt 0.435081 0.059880
vt 0.437542 0.062640
vt 0.437834 0.062434
vt 0.438924 0.066222
vt 0.439267 0.066147
vt 0.899769 0.087633
vt 0.898141 0.084116
vt 0.899457 0.087711
vt 0.899769 0.087633
vt 0.899457 0.091608
vt 0.899769 0.091672
vt 0.439267 0.070194
vt 0.438924 0.066222
vt 0.438924 0.070125
vt 0.439267 0.070194
vt 0.437643 0.073754
vt 0.437939 0.073957
vt 0.530271 0.092968
vt 0.533736 0.086625
vt 0.517534 0.082676
vt 0.545618 0.122479
vt 0.557375 0.114208
vt 0.541851 0.103659
vt 0.877922 0.087435
vt 0.873749 0.080781
vt 0.862582 0.097987
vt 0.553356 0.121167
vt 0.555929 0.117988
vt 0.553151 0.120863
vt 0.553356 0.121167
vt 0.549546 0.122478
vt 0.549624 0.122839
vt 0.862395 0.098291
vt 0.866144 0.099602
vt 0.862582 0.097987
vt 0.862395 0.098291
vt 0.859838 0.095112
vt 0.859554 0.095315
vt 0.538900 0.118315
vt 0.541965 0.120983
vt 0.539187 0.118109
vt 0.538900 0.118315
vt 0.537627 0.114379
vt 0.537285 0.114453
vt 0.876679 0.095437
vt 0.877921 0.091500
vt 0.876379 0.095231
vt 0.876679 0.095437
vt 0.873635 0.098105
vt 0.873838 0.098413
vt 0.557729 0.114277
vt 0.557375 0.110143
vt 0.557375 0.114208
vt 0.557729 0.114277
vt 0.555929 0.117988
vt 0.556232 0.118190
vt 0.858075 0.091402
vt 0.859838 0.095112
vt 0.858410 0.091333
vt 0.858075 0.091402
vt 0.858410 0.087268
vt 0.858076 0.087193
vt 0.549457 0.101682
vt 0.545456 0.102043
vt 0.549384 0.102043
vt 0.549457 0.101682
vt 0.553037 0.103539
vt 0.553238 0.103231
vt 0.866250 0.078805
vt 0.862697 0.080662
vt 0.866306 0.079166
vt 0.866250 0.078805
vt 0.870187 0.079166
vt 0.870269 0.078805
vt 0.545557 0.122839
vt 0.549546 0.122478
vt 0.545618 0.122479
vt 0.545557 0.122839
vt 0.541965 0.120983
vt 0.541775 0.121291
vt 0.870101 0.099962
vt 0.873635 0.098105
vt 0.870026 0.099601
vt 0.870101 0.099962
vt 0.866144 0.099602
vt 0.866083 0.099962
vt 0.537285 0.110245
vt 0.537627 0.114379
vt 0.537627 0.110313
vt 0.537285 0.110245
vt 0.539073 0.106533
vt 0.538782 0.106331
vt 0.878276 0.087366
vt 0.876493 0.083655
vt 0.877922 0.087435
vt 0.878276 0.087366
vt 0.877921 0.091500
vt 0.878276 0.091574
vt 0.556114 0.106206
vt 0.553037 0.103539
vt 0.555815 0.106413
vt 0.556114 0.106206
vt 0.557375 0.110143
vt 0.557729 0.110069
vt 0.859672 0.083331
vt 0.858410 0.087268
vt 0.859952 0.083537
vt 0.859672 0.083331
vt 0.862697 0.080662
vt 0.862514 0.080355
vt 0.541657 0.103355
vt 0.539073 0.106533
vt 0.541851 0.103659
vt 0.541657 0.103355
vt 0.545456 0.102043
vt 0.545390 0.101683
vt 0.873956 0.080477
vt 0.870187 0.079166
vt 0.873749 0.080781
vt 0.873956 0.080477
vt 0.876493 0.083655
vt 0.876797 0.083453
vt 0.452238 0.085617
vt 0.458946 0.084157
vt 0.462707 0.077821
vt 0.502320 0.075015
vt 0.505887 0.094643
vt 0.511977 0.090460
vt 0.554873 0.082964
vt 0.541609 0.080317
vt 0.539123 0.094190
vt 0.494398 0.086748
vt 0.496122 0.090311
vt 0.494752 0.086679
vt 0.494398 0.086748
vt 0.494752 0.082776
vt 0.494398 0.082702
vt 0.538844 0.094395
vt 0.541769 0.096949
vt 0.539123 0.094190
vt 0.538844 0.094395
vt 0.537631 0.090608
vt 0.537297 0.090682
vt 0.512256 0.090668
vt 0.513455 0.086882
vt 0.511977 0.090460
vt 0.512256 0.090668
vt 0.509346 0.093214
vt 0.509528 0.093523
vt 0.548831 0.078406
vt 0.545027 0.078767
vt 0.548756 0.078767
vt 0.548831 0.078406
vt 0.552228 0.080204
vt 0.552430 0.079896
vt 0.513788 0.082911
vt 0.512085 0.079347
vt 0.513454 0.082979
vt 0.513788 0.082911
vt 0.513455 0.086882
vt 0.513788 0.086958
vt 0.555172 0.082757
vt 0.552228 0.080204
vt 0.554873 0.082964
vt 0.555172 0.082757
vt 0.556365 0.086545
vt 0.556719 0.086470
vt 0.502244 0.074655
vt 0.498861 0.076444
vt 0.502320 0.075015
vt 0.502244 0.074655
vt 0.506040 0.075023
vt 0.506101 0.074663
vt 0.552595 0.097139
vt 0.555015 0.094077
vt 0.552387 0.096836
vt 0.552595 0.097139
vt 0.548969 0.098386
vt 0.549052 0.098746
vt 0.495930 0.078992
vt 0.494752 0.082776
vt 0.496230 0.079198
vt 0.495930 0.078992
vt 0.498861 0.076444
vt 0.498657 0.076136
vt 0.545185 0.098746
vt 0.548969 0.098386
vt 0.545240 0.098386
vt 0.545185 0.098746
vt 0.541769 0.096949
vt 0.541586 0.097256
vt 0.498545 0.093381
vt 0.502167 0.094635
vt 0.498752 0.093077
vt 0.498545 0.093381
vt 0.496122 0.090311
vt 0.495818 0.090513
vt 0.537285 0.086636
vt 0.537631 0.090608
vt 0.537619 0.086705
vt 0.537285 0.086636
vt 0.538981 0.083077
vt 0.538696 0.082874
vt 0.505942 0.095004
vt 0.509346 0.093214
vt 0.505887 0.094643
vt 0.505942 0.095004
vt 0.502167 0.094635
vt 0.502085 0.094996
vt 0.541421 0.080013
vt 0.538981 0.083077
vt 0.541609 0.080317
vt 0.541421 0.080013
vt 0.545027 0.078767
vt 0.544964 0.078406
vt 0.509640 0.076279
vt 0.506040 0.075023
vt 0.509454 0.076581
vt 0.509640 0.076279
vt 0.512085 0.079347
vt 0.512368 0.079146
vt 0.556731 0.090516
vt 0.556365 0.086545
vt 0.556377 0.090448
vt 0.556731 0.090516
vt 0.555015 0.094077
vt 0.555320 0.094278
vt 0.846776 0.205897
vt 0.844161 0.224097
vt 0.853853 0.222749
vt 0.489596 0.076525
vt 0.485772 0.070072
vt 0.475541 0.086382
vt 0.488442 0.084189
vt 0.489596 0.080424
vt 0.488184 0.083975
vt 0.488442 0.084189
vt 0.485669 0.086685
vt 0.485834 0.086998
vt 0.446220 0.081550
vt 0.448986 0.084138
vt 0.446513 0.081346
vt 0.446220 0.081550
vt 0.445123 0.077747
vt 0.444779 0.077819
vt 0.472833 0.072270
vt 0.471716 0.076030
vt 0.473129 0.072479
vt 0.472833 0.072270
vt 0.475644 0.069769
vt 0.475441 0.069461
vt 0.461569 0.070120
vt 0.458844 0.067529
vt 0.461318 0.070321
vt 0.461569 0.070120
vt 0.462707 0.073920
vt 0.463009 0.073851
vt 0.489906 0.076465
vt 0.488287 0.072876
vt 0.489596 0.076525
vt 0.489906 0.076465
vt 0.489596 0.080424
vt 0.489906 0.080507
vt 0.444779 0.073774
vt 0.445123 0.077747
vt 0.445123 0.073846
vt 0.444779 0.073774
vt 0.446411 0.070236
vt 0.446114 0.070031
vt 0.475334 0.086684
vt 0.478805 0.087991
vt 0.475541 0.086382
vt 0.475334 0.086684
vt 0.473026 0.083578
vt 0.472727 0.083777
vt 0.459110 0.084465
vt 0.461419 0.081431
vt 0.458946 0.084157
vt 0.459110 0.084465
vt 0.455736 0.085664
vt 0.455782 0.086027
vt 0.478869 0.068037
vt 0.475644 0.069769
vt 0.478951 0.068396
vt 0.478869 0.068037
vt 0.482508 0.068463
vt 0.482557 0.068106
vt 0.455633 0.065692
vt 0.452094 0.066003
vt 0.455592 0.066050
vt 0.455633 0.065692
vt 0.458844 0.067529
vt 0.459004 0.067226
vt 0.471369 0.079994
vt 0.473026 0.083578
vt 0.471716 0.079929
vt 0.471369 0.079994
vt 0.471716 0.076030
vt 0.471369 0.075952
vt 0.463009 0.077896
vt 0.462707 0.073920
vt 0.462707 0.077821
vt 0.463009 0.077896
vt 0.461419 0.081431
vt 0.461674 0.081639
vt 0.482406 0.088422
vt 0.485669 0.086685
vt 0.482362 0.088058
vt 0.482406 0.088422
vt 0.478805 0.087991
vt 0.478718 0.088353
vt 0.452156 0.085978
vt 0.455736 0.085664
vt 0.452238 0.085617
vt 0.452156 0.085978
vt 0.448986 0.084138
vt 0.448784 0.084445
vt 0.485941 0.069775
vt 0.482508 0.068463
vt 0.485772 0.070072
vt 0.485941 0.069775
vt 0.488287 0.072876
vt 0.488549 0.072682
vt 0.448678 0.067206
vt 0.446411 0.070236
vt 0.448884 0.067510
vt 0.916539 0.091633
vt 0.903520 0.087948
vt 0.908681 0.098691
vt 0.848572 0.149393
vt 0.853166 0.139259
vt 0.842064 0.141501
vt 0.868556 0.073417
vt 0.861633 0.057864
vt 0.859824 0.070331
vt 0.401257 0.057709
vt 0.395609 0.068280
vt 0.404207 0.075578
vt 0.848401 0.184170
vt 0.841323 0.189756
vt 0.845973 0.201234
vt 0.643444 0.131041
vt 0.649953 0.137102
vt 0.654548 0.125840
vt 0.866478 0.075869
vt 0.868556 0.073417
vt 0.865866 0.074954
vt 0.865866 0.074954
vt 0.863670 0.075714
vt 0.866478 0.075869
vt 0.370724 0.071122
vt 0.368803 0.070622
vt 0.368111 0.071541
vt 0.368111 0.071541
vt 0.366525 0.069409
vt 0.365880 0.070506
vt 0.846161 0.150357
vt 0.848572 0.149393
vt 0.845951 0.149195
vt 0.845951 0.149195
vt 0.843861 0.148571
vt 0.846161 0.150357
vt 0.852868 0.199516
vt 0.853050 0.195647
vt 0.852030 0.199327
vt 0.852030 0.199327
vt 0.850983 0.201971
vt 0.852868 0.199516
vt 0.913569 0.058085
vt 0.915162 0.061627
vt 0.915847 0.060926
vt 0.858076 0.063145
vt 0.859490 0.060629
vt 0.859191 0.059498
vt 0.859191 0.059498
vt 0.861633 0.057864
vt 0.861176 0.056751
vt 0.643695 0.123537
vt 0.645569 0.121656
vt 0.645527 0.120452
vt 0.645527 0.120452
vt 0.648040 0.119779
vt 0.647862 0.118536
vt 0.841314 0.137633
vt 0.842064 0.141501
vt 0.842064 0.137280
vt 0.842064 0.137280
vt 0.842315 0.134005
vt 0.841314 0.137633
vt 0.872188 0.064092
vt 0.870364 0.060950
vt 0.871535 0.064887
vt 0.871535 0.064887
vt 0.872188 0.068132
vt 0.872188 0.064092
vt 0.650369 0.118184
vt 0.648040 0.119779
vt 0.650661 0.119271
vt 0.650661 0.119271
vt 0.652669 0.119334
vt 0.650369 0.118184
vt 0.843861 0.148571
vt 0.842942 0.145545
vt 0.842148 0.145492
vt 0.842148 0.145492
vt 0.842064 0.141501
vt 0.841230 0.141663
vt 0.866593 0.055563
vt 0.868361 0.057755
vt 0.869170 0.057311
vt 0.869170 0.057311
vt 0.870364 0.060950
vt 0.871155 0.060278
vt 0.642694 0.127396
vt 0.643444 0.131041
vt 0.643444 0.126864
vt 0.643444 0.126864
vt 0.643695 0.123537
vt 0.642694 0.127396
vt 0.842315 0.134005
vt 0.844188 0.132594
vt 0.844146 0.131385
vt 0.844146 0.131385
vt 0.846658 0.131368
vt 0.846480 0.130082
vt 0.863670 0.075714
vt 0.861828 0.073527
vt 0.861094 0.073966
vt 0.861094 0.073966
vt 0.859824 0.070331
vt 0.859109 0.070999
vt 0.409650 0.072543
vt 0.407357 0.074122
vt 0.407360 0.075336
vt 0.407360 0.075336
vt 0.404207 0.075578
vt 0.404388 0.076857
vt 0.914322 0.081226
vt 0.911378 0.080890
vt 0.914256 0.082438
vt 0.914256 0.082438
vt 0.916415 0.084087
vt 0.914322 0.081226
vt 0.858075 0.067185
vt 0.859824 0.070331
vt 0.858653 0.066395
vt 0.858653 0.066395
vt 0.858076 0.063145
vt 0.858075 0.067185
vt 0.410842 0.068818
vt 0.409855 0.065007
vt 0.409969 0.069234
vt 0.409969 0.069234
vt 0.409650 0.072543
vt 0.410842 0.068818
vt 0.916415 0.084087
vt 0.916643 0.087406
vt 0.917504 0.087849
vt 0.917504 0.087849
vt 0.916539 0.091633
vt 0.917504 0.091896
vt 0.863786 0.055408
vt 0.861633 0.057864
vt 0.864323 0.056327
vt 0.864323 0.056327
vt 0.866593 0.055563
vt 0.863786 0.055408
vt 0.407266 0.058102
vt 0.408616 0.061039
vt 0.409556 0.061027
vt 0.409556 0.061027
vt 0.409855 0.065007
vt 0.410842 0.064775
vt 0.916328 0.095610
vt 0.916539 0.091633
vt 0.915406 0.095568
vt 0.915406 0.095568
vt 0.914236 0.098472
vt 0.916328 0.095610
vt 0.554223 0.068440
vt 0.554773 0.065369
vt 0.554178 0.064451
vt 0.554178 0.064451
vt 0.555767 0.061752
vt 0.555051 0.060923
vt 0.902947 0.068512
vt 0.905071 0.071533
vt 0.903553 0.067683
vt 0.903553 0.067683
vt 0.902625 0.064495
vt 0.902947 0.068512
vt 0.398138 0.075188
vt 0.396848 0.072248
vt 0.395847 0.072263
vt 0.395847 0.072263
vt 0.395609 0.068280
vt 0.394561 0.068516
vt 0.904652 0.084013
vt 0.905894 0.081110
vt 0.903801 0.083971
vt 0.555251 0.072298
vt 0.557507 0.074480
vt 0.555578 0.071255
vt 0.555578 0.071255
vt 0.554223 0.068440
vt 0.555251 0.072298
vt 0.902625 0.064495
vt 0.903953 0.061906
vt 0.903481 0.060809
vt 0.903481 0.060809
vt 0.905936 0.059039
vt 0.905303 0.057969
vt 0.401149 0.076763
vt 0.404207 0.075578
vt 0.400824 0.075623
vt 0.400824 0.075623
vt 0.398138 0.075188
vt 0.401149 0.076763
vt 0.905894 0.081110
vt 0.908286 0.080749
vt 0.908646 0.079620
vt 0.908646 0.079620
vt 0.911378 0.080890
vt 0.911605 0.079619
vt 0.852946 0.188181
vt 0.853143 0.191502
vt 0.853927 0.192076
vt 0.853927 0.192076
vt 0.853050 0.195647
vt 0.853927 0.196062
vt 0.917214 0.064661
vt 0.915162 0.061627
vt 0.916681 0.065476
vt 0.518248 0.070487
vt 0.517208 0.067648
vt 0.517747 0.071524
vt 0.395753 0.060747
vt 0.398107 0.059165
vt 0.398043 0.057954
vt 0.398043 0.057954
vt 0.401257 0.057709
vt 0.401015 0.056434
vt 0.905807 0.098355
vt 0.908681 0.098691
vt 0.905802 0.097143
vt 0.905802 0.097143
vt 0.903714 0.095494
vt 0.905807 0.098355
vt 0.368110 0.054021
vt 0.366525 0.057639
vt 0.368803 0.054385
vt 0.368803 0.054385
vt 0.370724 0.052099
vt 0.368110 0.054021
vt 0.851286 0.132193
vt 0.852289 0.135215
vt 0.852999 0.135273
vt 0.765024 0.073689
vt 0.763975 0.070937
vt 0.763236 0.071893
vt 0.851061 0.184999
vt 0.848401 0.184170
vt 0.850994 0.186194
vt 0.850994 0.186194
vt 0.852946 0.188181
vt 0.851061 0.184999
vt 0.517208 0.067648
vt 0.518248 0.064578
vt 0.517748 0.063644
vt 0.916681 0.072364
vt 0.914297 0.074120
vt 0.914858 0.075204
vt 0.404254 0.056527
vt 0.401257 0.057709
vt 0.404640 0.057664
vt 0.404640 0.057664
vt 0.407266 0.058102
vt 0.404254 0.056527
vt 0.914236 0.098472
vt 0.911773 0.098832
vt 0.911483 0.099962
vt 0.645242 0.137536
vt 0.644322 0.134807
vt 0.643528 0.134948
vt 0.643528 0.134948
vt 0.643444 0.131041
vt 0.642610 0.131407
vt 0.848987 0.130408
vt 0.846658 0.131368
vt 0.849279 0.131566
vt 0.849279 0.131566
vt 0.851286 0.132193
vt 0.848987 0.130408
vt 0.556777 0.058452
vt 0.555767 0.061752
vt 0.557507 0.059060
vt 0.842344 0.186077
vt 0.843469 0.183420
vt 0.841584 0.185875
vt 0.909381 0.076683
vt 0.907386 0.074599
vt 0.906592 0.075087
vt 0.906592 0.075087
vt 0.905071 0.071533
vt 0.904314 0.072247
vt 0.394560 0.064472
vt 0.395609 0.068280
vt 0.395495 0.064053
vt 0.395495 0.064053
vt 0.395753 0.060747
vt 0.394560 0.064472
vt 0.903714 0.095494
vt 0.903416 0.092175
vt 0.902625 0.091732
vt 0.902625 0.091732
vt 0.903520 0.087948
vt 0.902625 0.087685
vt 0.363874 0.064679
vt 0.364916 0.061523
vt 0.364415 0.060808
vt 0.364415 0.060808
vt 0.366525 0.057639
vt 0.365880 0.057055
vt 0.762331 0.068870
vt 0.763975 0.070937
vt 0.762945 0.067866
vt 0.762945 0.067866
vt 0.762377 0.065152
vt 0.762331 0.068870
vt 0.850983 0.201971
vt 0.848757 0.201911
vt 0.848504 0.202960
vt 0.848504 0.202960
vt 0.845973 0.201234
vt 0.845838 0.202447
vt 0.907880 0.056490
vt 0.905936 0.059039
vt 0.908580 0.057364
vt 0.908580 0.057364
vt 0.910780 0.056490
vt 0.907880 0.056490
vt 0.872188 0.068132
vt 0.870699 0.070652
vt 0.871073 0.071779
vt 0.871073 0.071779
vt 0.868556 0.073417
vt 0.869088 0.074526
vt 0.364415 0.068065
vt 0.366525 0.069409
vt 0.364916 0.066966
vt 0.364916 0.066966
vt 0.363874 0.064679
vt 0.364415 0.068065
vt 0.762377 0.065152
vt 0.763779 0.062167
vt 0.763442 0.061272
vt 0.763442 0.061272
vt 0.765778 0.058613
vt 0.765296 0.057809
vt 0.843469 0.183420
vt 0.845616 0.183493
vt 0.845948 0.182430
vt 0.845948 0.182430
vt 0.848401 0.184170
vt 0.848614 0.182944
vt 0.912281 0.076683
vt 0.914297 0.074120
vt 0.911653 0.075796
vt 0.911653 0.075796
vt 0.909381 0.076683
vt 0.912281 0.076683
vt 0.438924 0.070125
vt 0.431845 0.058444
vt 0.421430 0.066386
vt 0.896598 0.064912
vt 0.884634 0.074449
vt 0.882582 0.060503
vt 0.887537 0.056552
vt 0.884598 0.057534
vt 0.887516 0.056187
vt 0.890655 0.056338
vt 0.887537 0.056552
vt 0.887516 0.056187
vt 0.524090 0.094439
vt 0.527346 0.094843
vt 0.524005 0.094800
vt 0.520898 0.093271
vt 0.524090 0.094439
vt 0.524005 0.094800
vt 0.884634 0.074449
vt 0.887387 0.076484
vt 0.884506 0.074742
vt 0.882287 0.071779
vt 0.884634 0.074449
vt 0.884506 0.074742
vt 0.520999 0.076333
vt 0.518438 0.078858
vt 0.520800 0.076028
vt 0.523867 0.074460
vt 0.520999 0.076333
vt 0.520800 0.076028
vt 0.895395 0.072325
vt 0.896910 0.068893
vt 0.895663 0.072539
vt 0.893444 0.075289
vt 0.895395 0.072325
vt 0.895663 0.072539
vt 0.532456 0.079125
vt 0.530315 0.076032
vt 0.532678 0.078923
vt 0.534005 0.082652
vt 0.532456 0.079125
vt 0.532678 0.078923
vt 0.890440 0.076276
vt 0.893444 0.075289
vt 0.890525 0.076635
vt 0.887387 0.076484
vt 0.890440 0.076276
vt 0.890525 0.076635
vt 0.527180 0.074861
vt 0.523867 0.074460
vt 0.527208 0.074503
vt 0.530315 0.076032
vt 0.527180 0.074861
vt 0.527208 0.074503
vt 0.882582 0.060503
vt 0.881132 0.063930
vt 0.882379 0.060283
vt 0.884598 0.057534
vt 0.882582 0.060503
vt 0.882379 0.060283
vt 0.518814 0.090176
vt 0.520898 0.093271
vt 0.518535 0.090380
vt 0.517208 0.086650
vt 0.518814 0.090176
vt 0.518535 0.090380
vt 0.893343 0.058378
vt 0.890655 0.056338
vt 0.893535 0.058080
vt 0.895755 0.061043
vt 0.893343 0.058378
vt 0.893535 0.058080
vt 0.530271 0.092968
vt 0.532775 0.090444
vt 0.530413 0.093275
vt 0.527346 0.094843
vt 0.530271 0.092968
vt 0.530413 0.093275
vt 0.881379 0.067916
vt 0.882287 0.071779
vt 0.881132 0.067969
vt 0.881132 0.063930
vt 0.881379 0.067916
vt 0.881132 0.067969
vt 0.517534 0.082676
vt 0.517208 0.086650
vt 0.517208 0.082605
vt 0.518438 0.078858
vt 0.517534 0.082676
vt 0.517208 0.082605
vt 0.896598 0.064912
vt 0.895755 0.061043
vt 0.896910 0.064854
vt 0.896910 0.068893
vt 0.896598 0.064912
vt 0.896910 0.064854
vt 0.533736 0.086625
vt 0.534005 0.082652
vt 0.534005 0.086698
vt 0.532775 0.090444
vt 0.533736 0.086625
vt 0.534005 0.086698
vt 0.914297 0.074120
vt 0.905071 0.071533
vt 0.905936 0.059039
vt 0.888754 0.080012
vt 0.899457 0.087711
vt 0.885325 0.098126
vt 0.885325 0.098126
vt 0.888520 0.099962
vt 0.885118 0.098430
vt 0.882497 0.095628
vt 0.885325 0.098126
vt 0.885118 0.098430
vt 0.425171 0.059996
vt 0.422457 0.062554
vt 0.425009 0.059693
vt 0.428320 0.058085
vt 0.425171 0.059996
vt 0.425009 0.059693
vt 0.895612 0.081414
vt 0.892381 0.079572
vt 0.895783 0.081104
vt 0.898405 0.083905
vt 0.895612 0.081414
vt 0.895783 0.081104
vt 0.435182 0.076515
vt 0.437939 0.073957
vt 0.435388 0.076818
vt 0.432076 0.078426
vt 0.435182 0.076515
vt 0.435388 0.076818
vt 0.881132 0.087862
vt 0.881480 0.091829
vt 0.881132 0.091901
vt 0.421430 0.066386
vt 0.421129 0.070364
vt 0.421129 0.066317
vt 0.422457 0.062554
vt 0.421430 0.066386
vt 0.421129 0.066317
vt 0.882901 0.084326
vt 0.881132 0.087862
vt 0.882605 0.084123
vt 0.422812 0.073871
vt 0.425114 0.076938
vt 0.422562 0.074077
vt 0.421129 0.070364
vt 0.422812 0.073871
vt 0.422562 0.074077
vt 0.892183 0.099528
vt 0.895675 0.098323
vt 0.892228 0.099883
vt 0.888520 0.099962
vt 0.892183 0.099528
vt 0.892228 0.099883
vt 0.435283 0.059573
vt 0.431845 0.058444
vt 0.431928 0.058084
vt 0.888754 0.080012
vt 0.885226 0.081211
vt 0.888673 0.079651
vt 0.892381 0.079572
vt 0.888754 0.080012
vt 0.888673 0.079651
vt 0.428508 0.078066
vt 0.432076 0.078426
vt 0.428468 0.078427
vt 0.425114 0.076938
vt 0.428508 0.078066
vt 0.428468 0.078427
vt 0.898036 0.095214
vt 0.899769 0.091672
vt 0.898297 0.095411
vt 0.895675 0.098323
vt 0.898036 0.095214
vt 0.898297 0.095411
vt 0.437542 0.062640
vt 0.435283 0.059573
vt 0.437834 0.062434
vt 0.439267 0.066147
vt 0.437542 0.062640
vt 0.437834 0.062434
vt 0.899457 0.087711
vt 0.898405 0.083905
vt 0.899769 0.087633
vt 0.899769 0.091672
vt 0.899457 0.087711
vt 0.899769 0.087633
vt 0.438924 0.070125
vt 0.439267 0.066147
vt 0.439267 0.070194
vt 0.437939 0.073957
vt 0.438924 0.070125
vt 0.439267 0.070194
vt 0.520999 0.076333
vt 0.527180 0.074861
vt 0.532456 0.079125
vt 0.537627 0.110313
vt 0.549384 0.102043
vt 0.553151 0.120863
vt 0.877922 0.087435
vt 0.870026 0.099601
vt 0.858410 0.091333
vt 0.553151 0.120863
vt 0.556232 0.118190
vt 0.553356 0.121167
vt 0.549624 0.122839
vt 0.553151 0.120863
vt 0.553356 0.121167
vt 0.862582 0.097987
vt 0.866083 0.099962
vt 0.862395 0.098291
vt 0.859554 0.095315
vt 0.862582 0.097987
vt 0.862395 0.098291
vt 0.539187 0.118109
vt 0.541775 0.121291
vt 0.538900 0.118315
vt 0.537285 0.114453
vt 0.539187 0.118109
vt 0.538900 0.118315
vt 0.876379 0.095231
vt 0.878276 0.091574
vt 0.876679 0.095437
vt 0.873838 0.098413
vt 0.876379 0.095231
vt 0.876679 0.095437
vt 0.557375 0.114208
vt 0.557729 0.110069
vt 0.557729 0.114277
vt 0.556232 0.118190
vt 0.557375 0.114208
vt 0.557729 0.114277
vt 0.858410 0.091333
vt 0.859554 0.095315
vt 0.858075 0.091402
vt 0.858076 0.087193
vt 0.858410 0.091333
vt 0.858075 0.091402
vt 0.549384 0.102043
vt 0.545390 0.101683
vt 0.549457 0.101682
vt 0.553238 0.103231
vt 0.549384 0.102043
vt 0.549457 0.101682
vt 0.866306 0.079166
vt 0.862514 0.080355
vt 0.866250 0.078805
vt 0.870269 0.078805
vt 0.866306 0.079166
vt 0.866250 0.078805
vt 0.545618 0.122479
vt 0.549624 0.122839
vt 0.545557 0.122839
vt 0.541775 0.121291
vt 0.545618 0.122479
vt 0.545557 0.122839
vt 0.870026 0.099601
vt 0.873838 0.098413
vt 0.870101 0.099962
vt 0.866083 0.099962
vt 0.870026 0.099601
vt 0.870101 0.099962
vt 0.537627 0.110313
vt 0.537285 0.114453
vt 0.537285 0.110245
vt 0.538782 0.106331
vt 0.537627 0.110313
vt 0.537285 0.110245
vt 0.877922 0.087435
vt 0.876797 0.083453
vt 0.878276 0.087366
vt 0.878276 0.091574
vt 0.877922 0.087435
vt 0.878276 0.087366
vt 0.555815 0.106413
vt 0.553238 0.103231
vt 0.556114 0.106206
vt 0.557729 0.110069
vt 0.555815 0.106413
vt 0.556114 0.106206
vt 0.859952 0.083537
vt 0.858076 0.087193
vt 0.859672 0.083331
vt 0.862514 0.080355
vt 0.859952 0.083537
vt 0.859672 0.083331
vt 0.541851 0.103659
vt 0.538782 0.106331
vt 0.541657 0.103355
vt 0.545390 0.101683
vt 0.541851 0.103659
vt 0.541657 0.103355
vt 0.873749 0.080781
vt 0.870269 0.078805
vt 0.873956 0.080477
vt 0.876797 0.083453
vt 0.873749 0.080781
vt 0.873956 0.080477
vt 0.455592 0.066050
vt 0.461318 0.070321
vt 0.446513 0.081346
vt 0.511977 0.090460
vt 0.494752 0.086679
vt 0.502320 0.075015
vt 0.537619 0.086705
vt 0.548756 0.078767
vt 0.556377 0.090448
vt 0.494752 0.086679
vt 0.495818 0.090513
vt 0.494398 0.086748
vt 0.494398 0.082702
vt 0.494752 0.086679
vt 0.494398 0.086748
vt 0.539123 0.094190
vt 0.541586 0.097256
vt 0.538844 0.094395
vt 0.537297 0.090682
vt 0.539123 0.094190
vt 0.538844 0.094395
vt 0.511977 0.090460
vt 0.513788 0.086958
vt 0.512256 0.090668
vt 0.509528 0.093523
vt 0.511977 0.090460
vt 0.512256 0.090668
vt 0.548756 0.078767
vt 0.544964 0.078406
vt 0.548831 0.078406
vt 0.552430 0.079896
vt 0.548756 0.078767
vt 0.548831 0.078406
vt 0.513454 0.082979
vt 0.512368 0.079146
vt 0.513788 0.082911
vt 0.513788 0.086958
vt 0.513454 0.082979
vt 0.513788 0.082911
vt 0.554873 0.082964
vt 0.552430 0.079896
vt 0.555172 0.082757
vt 0.556719 0.086470
vt 0.554873 0.082964
vt 0.555172 0.082757
vt 0.502320 0.075015
vt 0.498657 0.076136
vt 0.502244 0.074655
vt 0.506101 0.074663
vt 0.502320 0.075015
vt 0.502244 0.074655
vt 0.552387 0.096836
vt 0.555320 0.094278
vt 0.552595 0.097139
vt 0.549052 0.098746
vt 0.552387 0.096836
vt 0.552595 0.097139
vt 0.496230 0.079198
vt 0.494398 0.082702
vt 0.495930 0.078992
vt 0.498657 0.076136
vt 0.496230 0.079198
vt 0.495930 0.078992
vt 0.545240 0.098386
vt 0.549052 0.098746
vt 0.545185 0.098746
vt 0.541586 0.097256
vt 0.545240 0.098386
vt 0.545185 0.098746
vt 0.498752 0.093077
vt 0.502085 0.094996
vt 0.498545 0.093381
vt 0.495818 0.090513
vt 0.498752 0.093077
vt 0.498545 0.093381
vt 0.537619 0.086705
vt 0.537297 0.090682
vt 0.537285 0.086636
vt 0.538696 0.082874
vt 0.537619 0.086705
vt 0.537285 0.086636
vt 0.505887 0.094643
vt 0.509528 0.093523
vt 0.505942 0.095004
vt 0.502085 0.094996
vt 0.505887 0.094643
vt 0.505942 0.095004
vt 0.541609 0.080317
vt 0.538696 0.082874
vt 0.541421 0.080013
vt 0.544964 0.078406
vt 0.541609 0.080317
vt 0.541421 0.080013
vt 0.509454 0.076581
vt 0.506101 0.074663
vt 0.509640 0.076279
vt 0.512368 0.079146
vt 0.509454 0.076581
vt 0.509640 0.076279
vt 0.556377 0.090448
vt 0.556719 0.086470
vt 0.556731 0.090516
vt 0.555320 0.094278
vt 0.556377 0.090448
vt 0.556731 0.090516
vt 0.853853 0.222749
vt 0.849390 0.226431
vt 0.854936 0.215210
vt 0.473129 0.072479
vt 0.489596 0.076525
vt 0.482362 0.088058
vt 0.488184 0.083975
vt 0.489906 0.080507
vt 0.488442 0.084189
vt 0.485834 0.086998
vt 0.488184 0.083975
vt 0.488442 0.084189
vt 0.446513 0.081346
vt 0.448784 0.084445
vt 0.446220 0.081550
vt 0.444779 0.077819
vt 0.446513 0.081346
vt 0.446220 0.081550
vt 0.473129 0.072479
vt 0.471369 0.075952
vt 0.472833 0.072270
vt 0.475441 0.069461
vt 0.473129 0.072479
vt 0.472833 0.072270
vt 0.461318 0.070321
vt 0.459004 0.067226
vt 0.461569 0.070120
vt 0.463009 0.073851
vt 0.461318 0.070321
vt 0.461569 0.070120
vt 0.489596 0.076525
vt 0.488549 0.072682
vt 0.489906 0.076465
vt 0.489906 0.080507
vt 0.489596 0.076525
vt 0.489906 0.076465
vt 0.445123 0.073846
vt 0.444779 0.077819
vt 0.444779 0.073774
vt 0.446114 0.070031
vt 0.445123 0.073846
vt 0.444779 0.073774
vt 0.475541 0.086382
vt 0.478718 0.088353
vt 0.475334 0.086684
vt 0.472727 0.083777
vt 0.475541 0.086382
vt 0.475334 0.086684
vt 0.458946 0.084157
vt 0.461674 0.081639
vt 0.459110 0.084465
vt 0.455782 0.086027
vt 0.458946 0.084157
vt 0.459110 0.084465
vt 0.478951 0.068396
vt 0.475441 0.069461
vt 0.478869 0.068037
vt 0.482557 0.068106
vt 0.478951 0.068396
vt 0.478869 0.068037
vt 0.455592 0.066050
vt 0.452006 0.065644
vt 0.455633 0.065692
vt 0.459004 0.067226
vt 0.455592 0.066050
vt 0.455633 0.065692
vt 0.471716 0.079929
vt 0.472727 0.083777
vt 0.471369 0.079994
vt 0.471369 0.075952
vt 0.471716 0.079929
vt 0.471369 0.079994
vt 0.462707 0.077821
vt 0.463009 0.073851
vt 0.463009 0.077896
vt 0.461674 0.081639
vt 0.462707 0.077821
vt 0.463009 0.077896
vt 0.482362 0.088058
vt 0.485834 0.086998
vt 0.482406 0.088422
vt 0.478718 0.088353
vt 0.482362 0.088058
vt 0.482406 0.088422
vt 0.448784 0.084445
vt 0.452238 0.085617
vt 0.452156 0.085978
vt 0.485772 0.070072
vt 0.482557 0.068106
vt 0.485941 0.069775
vt 0.488549 0.072682
vt 0.485772 0.070072
vt 0.485941 0.069775
vt 0.448884 0.067510
vt 0.446114 0.070031
vt 0.448678 0.067206
vt 0.452006 0.065644
vt 0.448884 0.067510
vt 0.448678 0.067206
vt 0.916539 0.091633
vt 0.908681 0.098691
vt 0.903520 0.087948
vt 0.853166 0.139259
vt 0.848572 0.149393
vt 0.842064 0.141501
vt 0.861633 0.057864
vt 0.868556 0.073417
vt 0.859824 0.070331
vt 0.401257 0.057709
vt 0.409855 0.065007
vt 0.404207 0.075578
vt 0.848401 0.184170
vt 0.853050 0.195647
vt 0.845973 0.201234
vt 0.643444 0.131041
vt 0.648040 0.119779
vt 0.654548 0.125840
vt 0.866478 0.075869
vt 0.868556 0.073417
vt 0.869088 0.074526
vt 0.863670 0.075714
vt 0.865866 0.074954
vt 0.866478 0.075869
vt 0.368803 0.070622
vt 0.370724 0.071122
vt 0.368111 0.071541
vt 0.368111 0.071541
vt 0.366525 0.069409
vt 0.368803 0.070622
vt 0.846161 0.150357
vt 0.848572 0.149393
vt 0.848667 0.150682
vt 0.843861 0.148571
vt 0.845951 0.149195
vt 0.846161 0.150357
vt 0.852868 0.199516
vt 0.853050 0.195647
vt 0.853927 0.196062
vt 0.850983 0.201971
vt 0.852030 0.199327
vt 0.852868 0.199516
vt 0.912847 0.058560
vt 0.910780 0.056490
vt 0.913569 0.058085
vt 0.913569 0.058085
vt 0.915162 0.061627
vt 0.912847 0.058560
vt 0.859490 0.060629
vt 0.858076 0.063145
vt 0.859191 0.059498
vt 0.859191 0.059498
vt 0.861633 0.057864
vt 0.859490 0.060629
vt 0.645569 0.121656
vt 0.643695 0.123537
vt 0.645527 0.120452
vt 0.645527 0.120452
vt 0.648040 0.119779
vt 0.645569 0.121656
vt 0.841314 0.137633
vt 0.842064 0.141501
vt 0.841230 0.141663
vt 0.842315 0.134005
vt 0.842064 0.137280
vt 0.841314 0.137633
vt 0.872188 0.064092
vt 0.870364 0.060950
vt 0.871155 0.060278
vt 0.872188 0.068132
vt 0.871535 0.064887
vt 0.872188 0.064092
vt 0.650369 0.118184
vt 0.648040 0.119779
vt 0.647862 0.118536
vt 0.652669 0.119334
vt 0.650661 0.119271
vt 0.650369 0.118184
vt 0.842942 0.145545
vt 0.843861 0.148571
vt 0.842148 0.145492
vt 0.842148 0.145492
vt 0.842064 0.141501
vt 0.842942 0.145545
vt 0.868361 0.057755
vt 0.866593 0.055563
vt 0.869170 0.057311
vt 0.869170 0.057311
vt 0.870364 0.060950
vt 0.868361 0.057755
vt 0.642694 0.127396
vt 0.643444 0.131041
vt 0.642610 0.131407
vt 0.643695 0.123537
vt 0.643444 0.126864
vt 0.642694 0.127396
vt 0.844188 0.132594
vt 0.842315 0.134005
vt 0.844146 0.131385
vt 0.844146 0.131385
vt 0.846658 0.131368
vt 0.844188 0.132594
vt 0.861828 0.073527
vt 0.863670 0.075714
vt 0.861094 0.073966
vt 0.861094 0.073966
vt 0.859824 0.070331
vt 0.861828 0.073527
vt 0.407357 0.074122
vt 0.409650 0.072543
vt 0.407360 0.075336
vt 0.407360 0.075336
vt 0.404207 0.075578
vt 0.407357 0.074122
vt 0.914322 0.081226
vt 0.911378 0.080890
vt 0.911605 0.079619
vt 0.916415 0.084087
vt 0.914256 0.082438
vt 0.914322 0.081226
vt 0.858075 0.067185
vt 0.859824 0.070331
vt 0.859109 0.070999
vt 0.858076 0.063145
vt 0.858653 0.066395
vt 0.858075 0.067185
vt 0.410842 0.068818
vt 0.409855 0.065007
vt 0.410842 0.064775
vt 0.409650 0.072543
vt 0.409969 0.069234
vt 0.410842 0.068818
vt 0.916643 0.087406
vt 0.916415 0.084087
vt 0.917504 0.087849
vt 0.917504 0.087849
vt 0.916539 0.091633
vt 0.916643 0.087406
vt 0.863786 0.055408
vt 0.861633 0.057864
vt 0.861176 0.056751
vt 0.866593 0.055563
vt 0.864323 0.056327
vt 0.863786 0.055408
vt 0.408616 0.061039
vt 0.407266 0.058102
vt 0.409556 0.061027
vt 0.409556 0.061027
vt 0.409855 0.065007
vt 0.408616 0.061039
vt 0.916328 0.095610
vt 0.916539 0.091633
vt 0.917504 0.091896
vt 0.914236 0.098472
vt 0.915406 0.095568
vt 0.916328 0.095610
vt 0.554773 0.065369
vt 0.554223 0.068440
vt 0.554178 0.064451
vt 0.554178 0.064451
vt 0.555767 0.061752
vt 0.554773 0.065369
vt 0.902947 0.068512
vt 0.905071 0.071533
vt 0.904314 0.072247
vt 0.902625 0.064495
vt 0.903553 0.067683
vt 0.902947 0.068512
vt 0.396848 0.072248
vt 0.398138 0.075188
vt 0.395847 0.072263
vt 0.395847 0.072263
vt 0.395609 0.068280
vt 0.396848 0.072248
vt 0.903801 0.083971
vt 0.903520 0.087948
vt 0.902625 0.087685
vt 0.905894 0.081110
vt 0.904652 0.084013
vt 0.903801 0.083971
vt 0.555251 0.072298
vt 0.557507 0.074480
vt 0.557040 0.075469
vt 0.554223 0.068440
vt 0.555578 0.071255
vt 0.555251 0.072298
vt 0.903953 0.061906
vt 0.902625 0.064495
vt 0.903481 0.060809
vt 0.903481 0.060809
vt 0.905936 0.059039
vt 0.903953 0.061906
vt 0.401149 0.076763
vt 0.404207 0.075578
vt 0.404388 0.076857
vt 0.398138 0.075188
vt 0.400824 0.075623
vt 0.401149 0.076763
vt 0.908286 0.080749
vt 0.905894 0.081110
vt 0.908646 0.079620
vt 0.908646 0.079620
vt 0.911378 0.080890
vt 0.908286 0.080749
vt 0.853143 0.191502
vt 0.852946 0.188181
vt 0.853927 0.192076
vt 0.853927 0.192076
vt 0.853050 0.195647
vt 0.853143 0.191502
vt 0.917214 0.064661
vt 0.915162 0.061627
vt 0.915847 0.060926
vt 0.517208 0.067648
vt 0.518248 0.070487
vt 0.517747 0.071524
vt 0.398043 0.057954
vt 0.401257 0.057709
vt 0.398107 0.059165
vt 0.905807 0.098355
vt 0.908681 0.098691
vt 0.908524 0.099962
vt 0.903714 0.095494
vt 0.905802 0.097143
vt 0.905807 0.098355
vt 0.368110 0.054021
vt 0.366525 0.057639
vt 0.365880 0.057055
vt 0.370724 0.052099
vt 0.368803 0.054385
vt 0.368110 0.054021
vt 0.852289 0.135215
vt 0.851286 0.132193
vt 0.852999 0.135273
vt 0.765024 0.073689
vt 0.763975 0.070937
vt 0.765778 0.072934
vt 0.851061 0.184999
vt 0.848401 0.184170
vt 0.848614 0.182944
vt 0.518248 0.064578
vt 0.517208 0.067648
vt 0.517748 0.063644
vt 0.916681 0.072364
vt 0.914297 0.074120
vt 0.916281 0.071253
vt 0.404254 0.056527
vt 0.401257 0.057709
vt 0.401015 0.056434
vt 0.407266 0.058102
vt 0.404640 0.057664
vt 0.404254 0.056527
vt 0.911773 0.098832
vt 0.914236 0.098472
vt 0.911483 0.099962
vt 0.911483 0.099962
vt 0.908681 0.098691
vt 0.911773 0.098832
vt 0.644322 0.134807
vt 0.645242 0.137536
vt 0.643528 0.134948
vt 0.643528 0.134948
vt 0.643444 0.131041
vt 0.644322 0.134807
vt 0.848987 0.130408
vt 0.846658 0.131368
vt 0.846480 0.130082
vt 0.851286 0.132193
vt 0.849279 0.131566
vt 0.848987 0.130408
vt 0.556777 0.058452
vt 0.555767 0.061752
vt 0.555051 0.060923
vt 0.843469 0.183420
vt 0.842344 0.186077
vt 0.841584 0.185875
vt 0.907386 0.074599
vt 0.909381 0.076683
vt 0.906592 0.075087
vt 0.906592 0.075087
vt 0.905071 0.071533
vt 0.907386 0.074599
vt 0.394560 0.064472
vt 0.395609 0.068280
vt 0.394561 0.068516
vt 0.395753 0.060747
vt 0.395495 0.064053
vt 0.394560 0.064472
vt 0.903416 0.092175
vt 0.903714 0.095494
vt 0.902625 0.091732
vt 0.902625 0.091732
vt 0.903520 0.087948
vt 0.903416 0.092175
vt 0.364916 0.061523
vt 0.363874 0.064679
vt 0.364415 0.060808
vt 0.364415 0.060808
vt 0.366525 0.057639
vt 0.364916 0.061523
vt 0.762331 0.068870
vt 0.763975 0.070937
vt 0.763236 0.071893
vt 0.762377 0.065152
vt 0.762945 0.067866
vt 0.762331 0.068870
vt 0.848757 0.201911
vt 0.850983 0.201971
vt 0.848504 0.202960
vt 0.848504 0.202960
vt 0.845973 0.201234
vt 0.848757 0.201911
vt 0.907880 0.056490
vt 0.905936 0.059039
vt 0.905303 0.057969
vt 0.910780 0.056490
vt 0.908580 0.057364
vt 0.907880 0.056490
vt 0.870699 0.070652
vt 0.872188 0.068132
vt 0.871073 0.071779
vt 0.871073 0.071779
vt 0.868556 0.073417
vt 0.870699 0.070652
vt 0.364415 0.068065
vt 0.366525 0.069409
vt 0.365880 0.070506
vt 0.363874 0.064679
vt 0.364916 0.066966
vt 0.364415 0.068065
vt 0.763779 0.062167
vt 0.762377 0.065152
vt 0.763442 0.061272
vt 0.763442 0.061272
vt 0.765778 0.058613
vt 0.763779 0.062167
vt 0.845616 0.183493
vt 0.843469 0.183420
vt 0.845948 0.182430
vt 0.845948 0.182430
vt 0.848401 0.184170
vt 0.845616 0.183493
vt 0.912281 0.076683
vt 0.914297 0.074120
vt 0.914858 0.075204
vt 0.909381 0.076683
vt 0.911653 0.075796
vt 0.912281 0.076683
vt 0.435182 0.076515
vt 0.428508 0.078066
vt 0.422812 0.073871
vt 0.893255 0.074977
vt 0.895395 0.072325
vt 0.890440 0.076276
vt 0.895395 0.072325
vt 0.896598 0.068807
vt 0.896598 0.064912
vt 0.893343 0.058378
vt 0.896598 0.064912
vt 0.895483 0.061236
vt 0.895395 0.072325
vt 0.896598 0.064912
vt 0.893343 0.058378
vt 0.890565 0.056698
vt 0.887537 0.056552
vt 0.887537 0.056552
vt 0.882582 0.060503
vt 0.884723 0.057851
vt 0.882582 0.060503
vt 0.882582 0.060503
vt 0.881379 0.064020
vt 0.881379 0.067916
vt 0.884634 0.074449
vt 0.881379 0.067916
vt 0.882493 0.071592
vt 0.881379 0.067916
vt 0.887412 0.076130
vt 0.890440 0.076276
vt 0.887516 0.056187
vt 0.884598 0.057534
vt 0.884723 0.057851
vt 0.887516 0.056187
vt 0.887537 0.056552
vt 0.890565 0.056698
vt 0.524005 0.094800
vt 0.527346 0.094843
vt 0.527313 0.094481
vt 0.524005 0.094800
vt 0.524090 0.094439
vt 0.521093 0.092965
vt 0.884506 0.074742
vt 0.887387 0.076484
vt 0.887412 0.076130
vt 0.884506 0.074742
vt 0.884634 0.074449
vt 0.882493 0.071592
vt 0.520800 0.076028
vt 0.518438 0.078858
vt 0.518720 0.079063
vt 0.520800 0.076028
vt 0.520999 0.076333
vt 0.523957 0.074820
vt 0.895663 0.072539
vt 0.896910 0.068893
vt 0.896598 0.068807
vt 0.895663 0.072539
vt 0.895395 0.072325
vt 0.893255 0.074977
vt 0.532678 0.078923
vt 0.530315 0.076032
vt 0.530176 0.076336
vt 0.532678 0.078923
vt 0.532456 0.079125
vt 0.533736 0.082723
vt 0.890525 0.076635
vt 0.890440 0.076276
vt 0.887412 0.076130
vt 0.523867 0.074460
vt 0.527208 0.074503
vt 0.527180 0.074861
vt 0.530176 0.076336
vt 0.882379 0.060283
vt 0.881132 0.063930
vt 0.881379 0.064020
vt 0.882379 0.060283
vt 0.882582 0.060503
vt 0.884723 0.057851
vt 0.518535 0.090380
vt 0.520898 0.093271
vt 0.521093 0.092965
vt 0.518535 0.090380
vt 0.518814 0.090176
vt 0.517534 0.086579
vt 0.893535 0.058080
vt 0.890655 0.056338
vt 0.890565 0.056698
vt 0.893535 0.058080
vt 0.893343 0.058378
vt 0.895483 0.061236
vt 0.530413 0.093275
vt 0.532775 0.090444
vt 0.532550 0.090238
vt 0.530413 0.093275
vt 0.530271 0.092968
vt 0.527313 0.094481
vt 0.881132 0.067969
vt 0.882287 0.071779
vt 0.882493 0.071592
vt 0.881132 0.067969
vt 0.881379 0.067916
vt 0.881379 0.064020
vt 0.517208 0.082605
vt 0.517208 0.086650
vt 0.517534 0.086579
vt 0.517208 0.082605
vt 0.517534 0.082676
vt 0.518720 0.079063
vt 0.896910 0.064854
vt 0.895755 0.061043
vt 0.895483 0.061236
vt 0.896910 0.064854
vt 0.896598 0.064912
vt 0.896598 0.068807
vt 0.534005 0.086698
vt 0.534005 0.082652
vt 0.533736 0.082723
vt 0.534005 0.086698
vt 0.533736 0.086625
vt 0.532550 0.090238
vt 0.910755 0.057231
vt 0.908580 0.057364
vt 0.912847 0.058560
vt 0.908580 0.057364
vt 0.912847 0.058560
vt 0.903953 0.061906
vt 0.903553 0.067683
vt 0.903953 0.061906
vt 0.903202 0.064645
vt 0.903553 0.067683
vt 0.905071 0.071533
vt 0.907386 0.074599
vt 0.907386 0.074599
vt 0.909460 0.075932
vt 0.911653 0.075796
vt 0.914297 0.074120
vt 0.907386 0.074599
vt 0.911653 0.075796
vt 0.916281 0.071253
vt 0.916281 0.071253
vt 0.917013 0.068518
vt 0.916681 0.065476
vt 0.916681 0.065476
vt 0.885429 0.081517
vt 0.882901 0.084326
vt 0.888754 0.080012
vt 0.882901 0.084326
vt 0.881480 0.087932
vt 0.881480 0.091829
vt 0.882796 0.095424
vt 0.885325 0.098126
vt 0.885325 0.098126
vt 0.888607 0.099604
vt 0.892183 0.099528
vt 0.892183 0.099528
vt 0.895508 0.098023
vt 0.898036 0.095214
vt 0.898036 0.095214
vt 0.899457 0.091608
vt 0.899457 0.087711
vt 0.899457 0.087711
vt 0.898141 0.084116
vt 0.895612 0.081414
vt 0.895612 0.081414
vt 0.892330 0.079936
vt 0.888754 0.080012
vt 0.888754 0.080012
vt 0.895612 0.081414
vt 0.885118 0.098430
vt 0.888520 0.099962
vt 0.888607 0.099604
vt 0.885118 0.098430
vt 0.885325 0.098126
vt 0.882796 0.095424
vt 0.425009 0.059693
vt 0.422457 0.062554
vt 0.422710 0.062757
vt 0.425009 0.059693
vt 0.425171 0.059996
vt 0.428365 0.058445
vt 0.895783 0.081104
vt 0.892381 0.079572
vt 0.892330 0.079936
vt 0.895783 0.081104
vt 0.895612 0.081414
vt 0.898141 0.084116
vt 0.435388 0.076818
vt 0.437939 0.073957
vt 0.437643 0.073754
vt 0.435388 0.076818
vt 0.435182 0.076515
vt 0.431988 0.078066
vt 0.881132 0.091901
vt 0.882497 0.095628
vt 0.882796 0.095424
vt 0.881480 0.091829
vt 0.421129 0.066317
vt 0.421129 0.070364
vt 0.421429 0.070289
vt 0.421129 0.066317
vt 0.421430 0.066386
vt 0.422710 0.062757
vt 0.882605 0.084123
vt 0.881132 0.087862
vt 0.881480 0.087932
vt 0.882605 0.084123
vt 0.882901 0.084326
vt 0.885429 0.081517
vt 0.422562 0.074077
vt 0.425114 0.076938
vt 0.425273 0.076630
vt 0.422562 0.074077
vt 0.422812 0.073871
vt 0.421429 0.070289
vt 0.892228 0.099883
vt 0.895675 0.098323
vt 0.895508 0.098023
vt 0.892228 0.099883
vt 0.892183 0.099528
vt 0.888607 0.099604
vt 0.431928 0.058084
vt 0.431845 0.058444
vt 0.435081 0.059880
vt 0.888673 0.079651
vt 0.885226 0.081211
vt 0.885429 0.081517
vt 0.888673 0.079651
vt 0.888754 0.080012
vt 0.892330 0.079936
vt 0.428468 0.078427
vt 0.432076 0.078426
vt 0.431988 0.078066
vt 0.428468 0.078427
vt 0.428508 0.078066
vt 0.425273 0.076630
vt 0.898297 0.095411
vt 0.899769 0.091672
vt 0.899457 0.091608
vt 0.898297 0.095411
vt 0.898036 0.095214
vt 0.895508 0.098023
vt 0.437834 0.062434
vt 0.435283 0.059573
vt 0.435081 0.059880
vt 0.437834 0.062434
vt 0.437542 0.062640
vt 0.438924 0.066222
vt 0.898405 0.083905
vt 0.899769 0.087633
vt 0.899457 0.087711
vt 0.899457 0.091608
vt 0.439267 0.070194
vt 0.439267 0.066147
vt 0.438924 0.066222
vt 0.439267 0.070194
vt 0.438924 0.070125
vt 0.437643 0.073754
vt 0.533736 0.086625
vt 0.533736 0.082723
vt 0.532456 0.079125
vt 0.532456 0.079125
vt 0.530176 0.076336
vt 0.527180 0.074861
vt 0.527180 0.074861
vt 0.523957 0.074820
vt 0.520999 0.076333
vt 0.520999 0.076333
vt 0.518720 0.079063
vt 0.517534 0.082676
vt 0.517534 0.086579
vt 0.518814 0.090176
vt 0.518814 0.090176
vt 0.521093 0.092965
vt 0.524090 0.094439
vt 0.524090 0.094439
vt 0.527313 0.094481
vt 0.530271 0.092968
vt 0.530271 0.092968
vt 0.532550 0.090238
vt 0.533736 0.086625
vt 0.520999 0.076333
vt 0.517534 0.082676
vt 0.518814 0.090176
vt 0.524090 0.094439
vt 0.524090 0.094439
vt 0.557375 0.110143
vt 0.555815 0.106413
vt 0.553037 0.103539
vt 0.549384 0.102043
vt 0.545456 0.102043
vt 0.539073 0.106533
vt 0.537627 0.110313
vt 0.539187 0.118109
vt 0.537627 0.114379
vt 0.541965 0.120983
vt 0.549546 0.122478
vt 0.553151 0.120863
vt 0.555929 0.117988
vt 0.870187 0.079166
vt 0.866306 0.079166
vt 0.862697 0.080662
vt 0.859952 0.083537
vt 0.858410 0.087268
vt 0.858410 0.091333
vt 0.859838 0.095112
vt 0.866144 0.099602
vt 0.870026 0.099601
vt 0.873635 0.098105
vt 0.876379 0.095231
vt 0.877921 0.091500
vt 0.876493 0.083655
vt 0.553356 0.121167
vt 0.556232 0.118190
vt 0.555929 0.117988
vt 0.553356 0.121167
vt 0.553151 0.120863
vt 0.549546 0.122478
vt 0.862395 0.098291
vt 0.866083 0.099962
vt 0.866144 0.099602
vt 0.862395 0.098291
vt 0.862582 0.097987
vt 0.859838 0.095112
vt 0.538900 0.118315
vt 0.541775 0.121291
vt 0.541965 0.120983
vt 0.539187 0.118109
vt 0.876679 0.095437
vt 0.878276 0.091574
vt 0.877921 0.091500
vt 0.876679 0.095437
vt 0.876379 0.095231
vt 0.873635 0.098105
vt 0.557729 0.114277
vt 0.557729 0.110069
vt 0.557375 0.110143
vt 0.557729 0.114277
vt 0.557375 0.114208
vt 0.555929 0.117988
vt 0.858075 0.091402
vt 0.859554 0.095315
vt 0.859838 0.095112
vt 0.858075 0.091402
vt 0.858410 0.091333
vt 0.858410 0.087268
vt 0.549457 0.101682
vt 0.545390 0.101683
vt 0.545456 0.102043
vt 0.549384 0.102043
vt 0.866250 0.078805
vt 0.862514 0.080355
vt 0.862697 0.080662
vt 0.866306 0.079166
vt 0.545557 0.122839
vt 0.549624 0.122839
vt 0.549546 0.122478
vt 0.545557 0.122839
vt 0.545618 0.122479
vt 0.541965 0.120983
vt 0.870101 0.099962
vt 0.873838 0.098413
vt 0.873635 0.098105
vt 0.870101 0.099962
vt 0.870026 0.099601
vt 0.866144 0.099602
vt 0.537285 0.114453
vt 0.537285 0.110245
vt 0.537627 0.110313
vt 0.539073 0.106533
vt 0.878276 0.087366
vt 0.876797 0.083453
vt 0.876493 0.083655
vt 0.878276 0.087366
vt 0.877922 0.087435
vt 0.877921 0.091500
vt 0.553238 0.103231
vt 0.556114 0.106206
vt 0.555815 0.106413
vt 0.557375 0.110143
vt 0.858076 0.087193
vt 0.859672 0.083331
vt 0.859952 0.083537
vt 0.862697 0.080662
vt 0.538782 0.106331
vt 0.541657 0.103355
vt 0.541851 0.103659
vt 0.545456 0.102043
vt 0.873956 0.080477
vt 0.870269 0.078805
vt 0.870187 0.079166
vt 0.873956 0.080477
vt 0.873749 0.080781
vt 0.876493 0.083655
vt 0.462707 0.073920
vt 0.461318 0.070321
vt 0.461318 0.070321
vt 0.458844 0.067529
vt 0.455592 0.066050
vt 0.455592 0.066050
vt 0.452094 0.066003
vt 0.448884 0.067510
vt 0.448884 0.067510
vt 0.446411 0.070236
vt 0.445123 0.073846
vt 0.445123 0.073846
vt 0.445123 0.077747
vt 0.446513 0.081346
vt 0.446513 0.081346
vt 0.448986 0.084138
vt 0.452238 0.085617
vt 0.455736 0.085664
vt 0.458946 0.084157
vt 0.458946 0.084157
vt 0.461419 0.081431
vt 0.462707 0.077821
vt 0.455592 0.066050
vt 0.498861 0.076444
vt 0.496230 0.079198
vt 0.502320 0.075015
vt 0.496230 0.079198
vt 0.494752 0.082776
vt 0.494752 0.086679
vt 0.498752 0.093077
vt 0.494752 0.086679
vt 0.496122 0.090311
vt 0.496230 0.079198
vt 0.498752 0.093077
vt 0.502167 0.094635
vt 0.505887 0.094643
vt 0.505887 0.094643
vt 0.509346 0.093214
vt 0.511977 0.090460
vt 0.513455 0.086882
vt 0.513454 0.082979
vt 0.509454 0.076581
vt 0.513454 0.082979
vt 0.512085 0.079347
vt 0.509454 0.076581
vt 0.506040 0.075023
vt 0.541769 0.096949
vt 0.545240 0.098386
vt 0.545240 0.098386
vt 0.548969 0.098386
vt 0.552387 0.096836
vt 0.552387 0.096836
vt 0.555015 0.094077
vt 0.556377 0.090448
vt 0.556377 0.090448
vt 0.556365 0.086545
vt 0.554873 0.082964
vt 0.554873 0.082964
vt 0.552228 0.080204
vt 0.548756 0.078767
vt 0.548756 0.078767
vt 0.545027 0.078767
vt 0.541609 0.080317
vt 0.538981 0.083077
vt 0.537619 0.086705
vt 0.537619 0.086705
vt 0.537631 0.090608
vt 0.539123 0.094190
vt 0.552387 0.096836
vt 0.556377 0.090448
vt 0.537619 0.086705
vt 0.494398 0.086748
vt 0.495818 0.090513
vt 0.496122 0.090311
vt 0.494398 0.086748
vt 0.494752 0.086679
vt 0.494752 0.082776
vt 0.538844 0.094395
vt 0.541586 0.097256
vt 0.541769 0.096949
vt 0.538844 0.094395
vt 0.539123 0.094190
vt 0.537631 0.090608
vt 0.512256 0.090668
vt 0.513788 0.086958
vt 0.513455 0.086882
vt 0.512256 0.090668
vt 0.511977 0.090460
vt 0.509346 0.093214
vt 0.548831 0.078406
vt 0.544964 0.078406
vt 0.545027 0.078767
vt 0.548756 0.078767
vt 0.513788 0.082911
vt 0.512368 0.079146
vt 0.512085 0.079347
vt 0.513788 0.082911
vt 0.513454 0.082979
vt 0.513455 0.086882
vt 0.555172 0.082757
vt 0.552430 0.079896
vt 0.552228 0.080204
vt 0.554873 0.082964
vt 0.502244 0.074655
vt 0.498657 0.076136
vt 0.498861 0.076444
vt 0.502244 0.074655
vt 0.502320 0.075015
vt 0.506040 0.075023
vt 0.552595 0.097139
vt 0.555320 0.094278
vt 0.555015 0.094077
vt 0.552595 0.097139
vt 0.552387 0.096836
vt 0.548969 0.098386
vt 0.495930 0.078992
vt 0.494398 0.082702
vt 0.494752 0.082776
vt 0.495930 0.078992
vt 0.496230 0.079198
vt 0.498861 0.076444
vt 0.545185 0.098746
vt 0.549052 0.098746
vt 0.548969 0.098386
vt 0.545185 0.098746
vt 0.545240 0.098386
vt 0.541769 0.096949
vt 0.498545 0.093381
vt 0.502085 0.094996
vt 0.502167 0.094635
vt 0.498545 0.093381
vt 0.498752 0.093077
vt 0.496122 0.090311
vt 0.537285 0.086636
vt 0.537297 0.090682
vt 0.537631 0.090608
vt 0.537285 0.086636
vt 0.537619 0.086705
vt 0.538981 0.083077
vt 0.505942 0.095004
vt 0.509528 0.093523
vt 0.509346 0.093214
vt 0.505942 0.095004
vt 0.505887 0.094643
vt 0.502167 0.094635
vt 0.541421 0.080013
vt 0.538696 0.082874
vt 0.538981 0.083077
vt 0.541421 0.080013
vt 0.541609 0.080317
vt 0.545027 0.078767
vt 0.509640 0.076279
vt 0.506101 0.074663
vt 0.506040 0.075023
vt 0.509640 0.076279
vt 0.509454 0.076581
vt 0.512085 0.079347
vt 0.556731 0.090516
vt 0.556719 0.086470
vt 0.556365 0.086545
vt 0.556731 0.090516
vt 0.556377 0.090448
vt 0.555015 0.094077
vt 0.844241 0.207014
vt 0.842313 0.209578
vt 0.846776 0.205897
vt 0.842313 0.209578
vt 0.841230 0.213106
vt 0.841230 0.217117
vt 0.844161 0.224097
vt 0.841230 0.217117
vt 0.842233 0.220988
vt 0.842313 0.209578
vt 0.841230 0.217117
vt 0.844161 0.224097
vt 0.846664 0.226045
vt 0.849390 0.226431
vt 0.849390 0.226431
vt 0.851925 0.225313
vt 0.854936 0.219221
vt 0.854936 0.215210
vt 0.852004 0.208230
vt 0.854936 0.215210
vt 0.853932 0.211339
vt 0.852004 0.208230
vt 0.852004 0.208230
vt 0.849502 0.206282
vt 0.846776 0.205897
vt 0.475644 0.069769
vt 0.473129 0.072479
vt 0.478951 0.068396
vt 0.473129 0.072479
vt 0.471716 0.076030
vt 0.471716 0.079929
vt 0.471716 0.079929
vt 0.473026 0.083578
vt 0.475541 0.086382
vt 0.478805 0.087991
vt 0.482362 0.088058
vt 0.488184 0.083975
vt 0.482362 0.088058
vt 0.485669 0.086685
vt 0.488184 0.083975
vt 0.489596 0.080424
vt 0.489596 0.076525
vt 0.488287 0.072876
vt 0.485772 0.070072
vt 0.482508 0.068463
vt 0.471716 0.079929
vt 0.488442 0.084189
vt 0.489906 0.080507
vt 0.489596 0.080424
vt 0.488184 0.083975
vt 0.446220 0.081550
vt 0.448784 0.084445
vt 0.448986 0.084138
vt 0.446220 0.081550
vt 0.446513 0.081346
vt 0.445123 0.077747
vt 0.472833 0.072270
vt 0.471369 0.075952
vt 0.471716 0.076030
vt 0.472833 0.072270
vt 0.473129 0.072479
vt 0.475644 0.069769
vt 0.461569 0.070120
vt 0.459004 0.067226
vt 0.458844 0.067529
vt 0.461569 0.070120
vt 0.461318 0.070321
vt 0.462707 0.073920
vt 0.489906 0.076465
vt 0.488549 0.072682
vt 0.488287 0.072876
vt 0.489906 0.076465
vt 0.489596 0.076525
vt 0.489596 0.080424
vt 0.444779 0.073774
vt 0.444779 0.077819
vt 0.445123 0.077747
vt 0.444779 0.073774
vt 0.445123 0.073846
vt 0.446411 0.070236
vt 0.475334 0.086684
vt 0.478718 0.088353
vt 0.478805 0.087991
vt 0.475334 0.086684
vt 0.475541 0.086382
vt 0.473026 0.083578
vt 0.459110 0.084465
vt 0.461674 0.081639
vt 0.461419 0.081431
vt 0.459110 0.084465
vt 0.458946 0.084157
vt 0.455736 0.085664
vt 0.478869 0.068037
vt 0.475441 0.069461
vt 0.475644 0.069769
vt 0.478869 0.068037
vt 0.478951 0.068396
vt 0.482508 0.068463
vt 0.455633 0.065692
vt 0.452006 0.065644
vt 0.452094 0.066003
vt 0.455633 0.065692
vt 0.455592 0.066050
vt 0.458844 0.067529
vt 0.471369 0.079994
vt 0.472727 0.083777
vt 0.473026 0.083578
vt 0.471369 0.079994
vt 0.471716 0.079929
vt 0.471716 0.076030
vt 0.463009 0.077896
vt 0.463009 0.073851
vt 0.462707 0.073920
vt 0.463009 0.077896
vt 0.462707 0.077821
vt 0.461419 0.081431
vt 0.482406 0.088422
vt 0.485834 0.086998
vt 0.485669 0.086685
vt 0.482406 0.088422
vt 0.482362 0.088058
vt 0.478805 0.087991
vt 0.452156 0.085978
vt 0.455782 0.086027
vt 0.455736 0.085664
vt 0.452156 0.085978
vt 0.452238 0.085617
vt 0.448986 0.084138
vt 0.485941 0.069775
vt 0.482557 0.068106
vt 0.482508 0.068463
vt 0.485941 0.069775
vt 0.485772 0.070072
vt 0.488287 0.072876
vt 0.446114 0.070031
vt 0.448678 0.067206
vt 0.448884 0.067510
vt 0.452094 0.066003
vt 0.915919 0.084508
vt 0.914256 0.082438
vt 0.916643 0.087406
vt 0.914256 0.082438
vt 0.911378 0.080890
vt 0.911378 0.080890
vt 0.908286 0.080749
vt 0.903520 0.087948
vt 0.908286 0.080749
vt 0.906176 0.081751
vt 0.904652 0.084013
vt 0.903520 0.087948
vt 0.908286 0.080749
vt 0.904652 0.084013
vt 0.903520 0.087948
vt 0.903416 0.092175
vt 0.905802 0.097143
vt 0.903416 0.092175
vt 0.904157 0.095073
vt 0.905802 0.097143
vt 0.905802 0.097143
vt 0.908681 0.098691
vt 0.911773 0.098832
vt 0.915406 0.095568
vt 0.911773 0.098832
vt 0.913901 0.097830
vt 0.915406 0.095568
vt 0.916539 0.091633
vt 0.916643 0.087406
vt 0.914256 0.082438
vt 0.851042 0.132797
vt 0.849279 0.131566
vt 0.852289 0.135215
vt 0.849279 0.131566
vt 0.846658 0.131368
vt 0.844188 0.132594
vt 0.844188 0.132594
vt 0.842734 0.134475
vt 0.842064 0.137280
vt 0.842064 0.137280
vt 0.842942 0.145545
vt 0.842942 0.145545
vt 0.844166 0.147965
vt 0.845951 0.149195
vt 0.848572 0.149393
vt 0.842942 0.145545
vt 0.845951 0.149195
vt 0.848572 0.149393
vt 0.851042 0.148167
vt 0.853166 0.143481
vt 0.851042 0.148167
vt 0.852475 0.146287
vt 0.853166 0.143481
vt 0.853166 0.143481
vt 0.852289 0.135215
vt 0.871535 0.064887
vt 0.870364 0.060950
vt 0.870364 0.060950
vt 0.868361 0.057755
vt 0.864323 0.056327
vt 0.868361 0.057755
vt 0.866458 0.056309
vt 0.864323 0.056327
vt 0.864323 0.056327
vt 0.861633 0.057864
vt 0.859490 0.060629
vt 0.858653 0.066395
vt 0.859490 0.060629
vt 0.858569 0.063330
vt 0.858653 0.066395
vt 0.858653 0.066395
vt 0.859824 0.070331
vt 0.861633 0.057864
vt 0.861828 0.073527
vt 0.865866 0.074954
vt 0.861828 0.073527
vt 0.863751 0.074971
vt 0.865866 0.074954
vt 0.865866 0.074954
vt 0.868556 0.073417
vt 0.859824 0.070331
vt 0.870699 0.070652
vt 0.870699 0.070652
vt 0.871639 0.067950
vt 0.871535 0.064887
vt 0.400824 0.075623
vt 0.404207 0.075578
vt 0.395609 0.068280
vt 0.407357 0.074122
vt 0.409969 0.069234
vt 0.407357 0.074122
vt 0.409160 0.072106
vt 0.409969 0.069234
vt 0.409969 0.069234
vt 0.409855 0.065007
vt 0.409855 0.065007
vt 0.408616 0.061039
vt 0.404640 0.057664
vt 0.408616 0.061039
vt 0.406951 0.058732
vt 0.404640 0.057664
vt 0.404640 0.057664
vt 0.409855 0.065007
vt 0.401257 0.057709
vt 0.398107 0.059165
vt 0.395495 0.064053
vt 0.398107 0.059165
vt 0.396288 0.061181
vt 0.395495 0.064053
vt 0.395495 0.064053
vt 0.395609 0.068280
vt 0.396848 0.072248
vt 0.400824 0.075623
vt 0.396848 0.072248
vt 0.398497 0.074556
vt 0.400824 0.075623
vt 0.843380 0.199209
vt 0.848757 0.201911
vt 0.852030 0.199327
vt 0.848757 0.201911
vt 0.850676 0.201290
vt 0.852030 0.199327
vt 0.853050 0.195647
vt 0.853143 0.191502
vt 0.850994 0.186194
vt 0.853143 0.191502
vt 0.852494 0.188519
vt 0.850994 0.186194
vt 0.845616 0.183493
vt 0.842344 0.186077
vt 0.845616 0.183493
vt 0.843717 0.184110
vt 0.842344 0.186077
vt 0.841323 0.189756
vt 0.841230 0.193901
vt 0.843380 0.199209
vt 0.841230 0.193901
vt 0.841900 0.196881
vt 0.843380 0.199209
vt 0.643444 0.126864
vt 0.648040 0.119779
vt 0.643444 0.131041
vt 0.644322 0.134807
vt 0.647332 0.137610
vt 0.644322 0.134807
vt 0.645546 0.136868
vt 0.647332 0.137610
vt 0.649953 0.137102
vt 0.652423 0.135225
vt 0.654548 0.130017
vt 0.652423 0.135225
vt 0.653857 0.132975
vt 0.654548 0.130017
vt 0.653671 0.122073
vt 0.650661 0.119271
vt 0.653671 0.122073
vt 0.652425 0.120010
vt 0.650661 0.119271
vt 0.645569 0.121656
vt 0.645569 0.121656
vt 0.644114 0.123903
vt 0.643444 0.126864
vt 0.866478 0.075869
vt 0.869088 0.074526
vt 0.868556 0.073417
vt 0.865866 0.074954
vt 0.863751 0.074971
vt 0.863670 0.075714
vt 0.370724 0.071122
vt 0.370753 0.070431
vt 0.368803 0.070622
vt 0.368111 0.071541
vt 0.368803 0.070622
vt 0.366525 0.069409
vt 0.846161 0.150357
vt 0.848667 0.150682
vt 0.848572 0.149393
vt 0.845951 0.149195
vt 0.844166 0.147965
vt 0.843861 0.148571
vt 0.852868 0.199516
vt 0.853927 0.196062
vt 0.853050 0.195647
vt 0.852030 0.199327
vt 0.850676 0.201290
vt 0.850983 0.201971
vt 0.910780 0.056490
vt 0.910755 0.057231
vt 0.912847 0.058560
vt 0.913569 0.058085
vt 0.912847 0.058560
vt 0.915162 0.061627
vt 0.858076 0.063145
vt 0.858569 0.063330
vt 0.859490 0.060629
vt 0.859191 0.059498
vt 0.859490 0.060629
vt 0.861633 0.057864
vt 0.643695 0.123537
vt 0.644114 0.123903
vt 0.645569 0.121656
vt 0.645527 0.120452
vt 0.645569 0.121656
vt 0.648040 0.119779
vt 0.841314 0.137633
vt 0.841230 0.141663
vt 0.842064 0.141501
vt 0.842064 0.137280
vt 0.842734 0.134475
vt 0.842315 0.134005
vt 0.872188 0.064092
vt 0.871155 0.060278
vt 0.870364 0.060950
vt 0.871535 0.064887
vt 0.871639 0.067950
vt 0.872188 0.068132
vt 0.650369 0.118184
vt 0.647862 0.118536
vt 0.648040 0.119779
vt 0.650661 0.119271
vt 0.652425 0.120010
vt 0.652669 0.119334
vt 0.843861 0.148571
vt 0.844166 0.147965
vt 0.842942 0.145545
vt 0.842148 0.145492
vt 0.842942 0.145545
vt 0.842064 0.141501
vt 0.866593 0.055563
vt 0.866458 0.056309
vt 0.868361 0.057755
vt 0.869170 0.057311
vt 0.868361 0.057755
vt 0.870364 0.060950
vt 0.642694 0.127396
vt 0.642610 0.131407
vt 0.643444 0.131041
vt 0.643444 0.126864
vt 0.644114 0.123903
vt 0.643695 0.123537
vt 0.842315 0.134005
vt 0.842734 0.134475
vt 0.844188 0.132594
vt 0.844146 0.131385
vt 0.844188 0.132594
vt 0.846658 0.131368
vt 0.863670 0.075714
vt 0.863751 0.074971
vt 0.861828 0.073527
vt 0.861094 0.073966
vt 0.861828 0.073527
vt 0.859824 0.070331
vt 0.409650 0.072543
vt 0.409160 0.072106
vt 0.407357 0.074122
vt 0.407360 0.075336
vt 0.407357 0.074122
vt 0.404207 0.075578
vt 0.914322 0.081226
vt 0.911605 0.079619
vt 0.911378 0.080890
vt 0.914256 0.082438
vt 0.915919 0.084508
vt 0.916415 0.084087
vt 0.858075 0.067185
vt 0.859109 0.070999
vt 0.859824 0.070331
vt 0.858653 0.066395
vt 0.858569 0.063330
vt 0.858076 0.063145
vt 0.410842 0.068818
vt 0.410842 0.064775
vt 0.409855 0.065007
vt 0.409969 0.069234
vt 0.409160 0.072106
vt 0.409650 0.072543
vt 0.916415 0.084087
vt 0.915919 0.084508
vt 0.916643 0.087406
vt 0.917504 0.087849
vt 0.916643 0.087406
vt 0.916539 0.091633
vt 0.863786 0.055408
vt 0.861176 0.056751
vt 0.861633 0.057864
vt 0.864323 0.056327
vt 0.866458 0.056309
vt 0.866593 0.055563
vt 0.407266 0.058102
vt 0.406951 0.058732
vt 0.408616 0.061039
vt 0.409556 0.061027
vt 0.408616 0.061039
vt 0.409855 0.065007
vt 0.916328 0.095610
vt 0.917504 0.091896
vt 0.916539 0.091633
vt 0.915406 0.095568
vt 0.913901 0.097830
vt 0.914236 0.098472
vt 0.554223 0.068440
vt 0.554713 0.068374
vt 0.554773 0.065369
vt 0.554178 0.064451
vt 0.554773 0.065369
vt 0.555767 0.061752
vt 0.902947 0.068512
vt 0.904314 0.072247
vt 0.905071 0.071533
vt 0.903553 0.067683
vt 0.903202 0.064645
vt 0.902625 0.064495
vt 0.398138 0.075188
vt 0.398497 0.074556
vt 0.396848 0.072248
vt 0.395847 0.072263
vt 0.396848 0.072248
vt 0.395609 0.068280
vt 0.903801 0.083971
vt 0.902625 0.087685
vt 0.903520 0.087948
vt 0.904652 0.084013
vt 0.906176 0.081751
vt 0.905894 0.081110
vt 0.555251 0.072298
vt 0.557040 0.075469
vt 0.557507 0.074480
vt 0.555578 0.071255
vt 0.554713 0.068374
vt 0.554223 0.068440
vt 0.902625 0.064495
vt 0.903202 0.064645
vt 0.903953 0.061906
vt 0.903481 0.060809
vt 0.903953 0.061906
vt 0.905936 0.059039
vt 0.401149 0.076763
vt 0.404388 0.076857
vt 0.404207 0.075578
vt 0.400824 0.075623
vt 0.398497 0.074556
vt 0.398138 0.075188
vt 0.905894 0.081110
vt 0.906176 0.081751
vt 0.908286 0.080749
vt 0.908646 0.079620
vt 0.908286 0.080749
vt 0.911378 0.080890
vt 0.852946 0.188181
vt 0.852494 0.188519
vt 0.853143 0.191502
vt 0.853927 0.192076
vt 0.853143 0.191502
vt 0.853050 0.195647
vt 0.917214 0.064661
vt 0.915847 0.060926
vt 0.915162 0.061627
vt 0.518248 0.070487
vt 0.517742 0.067591
vt 0.517208 0.067648
vt 0.395753 0.060747
vt 0.396288 0.061181
vt 0.398107 0.059165
vt 0.398043 0.057954
vt 0.398107 0.059165
vt 0.401257 0.057709
vt 0.905807 0.098355
vt 0.908524 0.099962
vt 0.908681 0.098691
vt 0.905802 0.097143
vt 0.904157 0.095073
vt 0.903714 0.095494
vt 0.368110 0.054021
vt 0.365880 0.057055
vt 0.366525 0.057639
vt 0.368803 0.054385
vt 0.370753 0.052813
vt 0.370724 0.052099
vt 0.851286 0.132193
vt 0.851042 0.132797
vt 0.852289 0.135215
vt 0.765024 0.073689
vt 0.765778 0.072934
vt 0.763975 0.070937
vt 0.851061 0.184999
vt 0.848614 0.182944
vt 0.848401 0.184170
vt 0.850994 0.186194
vt 0.852494 0.188519
vt 0.852946 0.188181
vt 0.517208 0.067648
vt 0.517742 0.067591
vt 0.518248 0.064578
vt 0.916681 0.072364
vt 0.916281 0.071253
vt 0.914297 0.074120
vt 0.404254 0.056527
vt 0.401015 0.056434
vt 0.401257 0.057709
vt 0.404640 0.057664
vt 0.406951 0.058732
vt 0.407266 0.058102
vt 0.914236 0.098472
vt 0.913901 0.097830
vt 0.911773 0.098832
vt 0.645242 0.137536
vt 0.645546 0.136868
vt 0.644322 0.134807
vt 0.643528 0.134948
vt 0.644322 0.134807
vt 0.643444 0.131041
vt 0.848987 0.130408
vt 0.846480 0.130082
vt 0.846658 0.131368
vt 0.849279 0.131566
vt 0.851042 0.132797
vt 0.851286 0.132193
vt 0.556777 0.058452
vt 0.555051 0.060923
vt 0.555767 0.061752
vt 0.842344 0.186077
vt 0.843717 0.184110
vt 0.843469 0.183420
vt 0.909381 0.076683
vt 0.909460 0.075932
vt 0.907386 0.074599
vt 0.906592 0.075087
vt 0.907386 0.074599
vt 0.905071 0.071533
vt 0.394560 0.064472
vt 0.394561 0.068516
vt 0.395609 0.068280
vt 0.395495 0.064053
vt 0.396288 0.061181
vt 0.395753 0.060747
vt 0.903714 0.095494
vt 0.904157 0.095073
vt 0.903416 0.092175
vt 0.902625 0.091732
vt 0.903416 0.092175
vt 0.903520 0.087948
vt 0.363874 0.064679
vt 0.364409 0.064463
vt 0.364916 0.061523
vt 0.364415 0.060808
vt 0.364916 0.061523
vt 0.366525 0.057639
vt 0.762331 0.068870
vt 0.763236 0.071893
vt 0.763975 0.070937
vt 0.762945 0.067866
vt 0.762884 0.065087
vt 0.762377 0.065152
vt 0.850983 0.201971
vt 0.850676 0.201290
vt 0.848757 0.201911
vt 0.848504 0.202960
vt 0.848757 0.201911
vt 0.845973 0.201234
vt 0.907880 0.056490
vt 0.905303 0.057969
vt 0.905936 0.059039
vt 0.908580 0.057364
vt 0.910755 0.057231
vt 0.910780 0.056490
vt 0.872188 0.068132
vt 0.871639 0.067950
vt 0.870699 0.070652
vt 0.871073 0.071779
vt 0.870699 0.070652
vt 0.868556 0.073417
vt 0.364415 0.068065
vt 0.365880 0.070506
vt 0.366525 0.069409
vt 0.364916 0.066966
vt 0.364409 0.064463
vt 0.363874 0.064679
vt 0.762377 0.065152
vt 0.762884 0.065087
vt 0.763779 0.062167
vt 0.763442 0.061272
vt 0.763779 0.062167
vt 0.765778 0.058613
vt 0.843469 0.183420
vt 0.843717 0.184110
vt 0.845616 0.183493
vt 0.845948 0.182430
vt 0.845616 0.183493
vt 0.848401 0.184170
vt 0.912281 0.076683
vt 0.914858 0.075204
vt 0.914297 0.074120
vt 0.911653 0.075796
vt 0.909460 0.075932
vt 0.909381 0.076683
vt 0.421430 0.066386
vt 0.421429 0.070289
vt 0.422812 0.073871
vt 0.422812 0.073871
vt 0.425273 0.076630
vt 0.428508 0.078066
vt 0.428508 0.078066
vt 0.431988 0.078066
vt 0.435182 0.076515
vt 0.435182 0.076515
vt 0.437643 0.073754
vt 0.438924 0.070125
vt 0.438924 0.070125
vt 0.438924 0.066222
vt 0.437542 0.062640
vt 0.437542 0.062640
vt 0.435081 0.059880
vt 0.431845 0.058444
vt 0.428365 0.058445
vt 0.425171 0.059996
vt 0.425171 0.059996
vt 0.422710 0.062757
vt 0.421430 0.066386
vt 0.422812 0.073871
vt 0.437542 0.062640
vt 0.431845 0.058444
vt 0.425171 0.059996
vt 0.896598 0.068807
vt 0.895395 0.072325
vt 0.895395 0.072325
vt 0.893255 0.074977
vt 0.890440 0.076276
vt 0.884634 0.074449
vt 0.887412 0.076130
vt 0.890440 0.076276
vt 0.884634 0.074449
vt 0.882493 0.071592
vt 0.881379 0.067916
vt 0.882582 0.060503
vt 0.881379 0.067916
vt 0.881379 0.064020
vt 0.881379 0.067916
vt 0.884723 0.057851
vt 0.887537 0.056552
vt 0.893343 0.058378
vt 0.890565 0.056698
vt 0.893343 0.058378
vt 0.895483 0.061236
vt 0.896598 0.064912
vt 0.887537 0.056552
vt 0.884723 0.057851
vt 0.884598 0.057534
vt 0.890655 0.056338
vt 0.890565 0.056698
vt 0.887537 0.056552
vt 0.524090 0.094439
vt 0.527313 0.094481
vt 0.527346 0.094843
vt 0.520898 0.093271
vt 0.521093 0.092965
vt 0.524090 0.094439
vt 0.884634 0.074449
vt 0.887412 0.076130
vt 0.887387 0.076484
vt 0.882287 0.071779
vt 0.882493 0.071592
vt 0.884634 0.074449
vt 0.520999 0.076333
vt 0.518720 0.079063
vt 0.518438 0.078858
vt 0.523867 0.074460
vt 0.523957 0.074820
vt 0.520999 0.076333
vt 0.895395 0.072325
vt 0.896598 0.068807
vt 0.896910 0.068893
vt 0.893444 0.075289
vt 0.893255 0.074977
vt 0.895395 0.072325
vt 0.532456 0.079125
vt 0.530176 0.076336
vt 0.530315 0.076032
vt 0.534005 0.082652
vt 0.533736 0.082723
vt 0.532456 0.079125
vt 0.890440 0.076276
vt 0.893255 0.074977
vt 0.893444 0.075289
vt 0.887387 0.076484
vt 0.887412 0.076130
vt 0.890440 0.076276
vt 0.527180 0.074861
vt 0.523957 0.074820
vt 0.523867 0.074460
vt 0.530315 0.076032
vt 0.530176 0.076336
vt 0.527180 0.074861
vt 0.882582 0.060503
vt 0.881379 0.064020
vt 0.881132 0.063930
vt 0.884598 0.057534
vt 0.884723 0.057851
vt 0.882582 0.060503
vt 0.518814 0.090176
vt 0.521093 0.092965
vt 0.520898 0.093271
vt 0.517208 0.086650
vt 0.517534 0.086579
vt 0.518814 0.090176
vt 0.893343 0.058378
vt 0.890565 0.056698
vt 0.890655 0.056338
vt 0.895755 0.061043
vt 0.895483 0.061236
vt 0.893343 0.058378
vt 0.530271 0.092968
vt 0.532550 0.090238
vt 0.532775 0.090444
vt 0.527346 0.094843
vt 0.527313 0.094481
vt 0.530271 0.092968
vt 0.881379 0.067916
vt 0.882493 0.071592
vt 0.882287 0.071779
vt 0.881132 0.063930
vt 0.881379 0.064020
vt 0.881379 0.067916
vt 0.518438 0.078858
vt 0.518720 0.079063
vt 0.517534 0.082676
vt 0.896598 0.064912
vt 0.895483 0.061236
vt 0.895755 0.061043
vt 0.896910 0.068893
vt 0.896598 0.068807
vt 0.896598 0.064912
vt 0.533736 0.086625
vt 0.533736 0.082723
vt 0.534005 0.082652
vt 0.532775 0.090444
vt 0.532550 0.090238
vt 0.533736 0.086625
vt 0.905936 0.059039
vt 0.908580 0.057364
vt 0.912847 0.058560
vt 0.908580 0.057364
vt 0.910755 0.057231
vt 0.912847 0.058560
vt 0.915162 0.061627
vt 0.915162 0.061627
vt 0.916681 0.065476
vt 0.916281 0.071253
vt 0.916681 0.065476
vt 0.917013 0.068518
vt 0.916281 0.071253
vt 0.916281 0.071253
vt 0.914297 0.074120
vt 0.915162 0.061627
vt 0.914297 0.074120
vt 0.911653 0.075796
vt 0.907386 0.074599
vt 0.911653 0.075796
vt 0.909460 0.075932
vt 0.907386 0.074599
vt 0.907386 0.074599
vt 0.905071 0.071533
vt 0.914297 0.074120
vt 0.903553 0.067683
vt 0.903553 0.067683
vt 0.903202 0.064645
vt 0.903953 0.061906
vt 0.905936 0.059039
vt 0.903553 0.067683
vt 0.903953 0.061906
vt 0.881480 0.087932
vt 0.882901 0.084326
vt 0.881480 0.091829
vt 0.882901 0.084326
vt 0.885429 0.081517
vt 0.888754 0.080012
vt 0.888754 0.080012
vt 0.892330 0.079936
vt 0.895612 0.081414
vt 0.882901 0.084326
vt 0.881480 0.091829
vt 0.895612 0.081414
vt 0.898141 0.084116
vt 0.899457 0.087711
vt 0.899457 0.087711
vt 0.899457 0.091608
vt 0.898036 0.095214
vt 0.898036 0.095214
vt 0.895508 0.098023
vt 0.892183 0.099528
vt 0.885325 0.098126
vt 0.892183 0.099528
vt 0.888607 0.099604
vt 0.898036 0.095214
vt 0.892183 0.099528
vt 0.885325 0.098126
vt 0.882796 0.095424
vt 0.881480 0.091829
vt 0.895612 0.081414
vt 0.885325 0.098126
vt 0.888607 0.099604
vt 0.888520 0.099962
vt 0.882497 0.095628
vt 0.882796 0.095424
vt 0.885325 0.098126
vt 0.425171 0.059996
vt 0.422710 0.062757
vt 0.422457 0.062554
vt 0.428320 0.058085
vt 0.428365 0.058445
vt 0.425171 0.059996
vt 0.895612 0.081414
vt 0.892330 0.079936
vt 0.892381 0.079572
vt 0.898405 0.083905
vt 0.898141 0.084116
vt 0.895612 0.081414
vt 0.435182 0.076515
vt 0.437643 0.073754
vt 0.437939 0.073957
vt 0.432076 0.078426
vt 0.431988 0.078066
vt 0.435182 0.076515
vt 0.881480 0.091829
vt 0.882796 0.095424
vt 0.882497 0.095628
vt 0.881132 0.087862
vt 0.881480 0.087932
vt 0.881480 0.091829
vt 0.421430 0.066386
vt 0.421429 0.070289
vt 0.421129 0.070364
vt 0.422457 0.062554
vt 0.422710 0.062757
vt 0.421430 0.066386
vt 0.882901 0.084326
vt 0.881480 0.087932
vt 0.881132 0.087862
vt 0.885226 0.081211
vt 0.885429 0.081517
vt 0.882901 0.084326
vt 0.422812 0.073871
vt 0.425273 0.076630
vt 0.425114 0.076938
vt 0.421129 0.070364
vt 0.421429 0.070289
vt 0.422812 0.073871
vt 0.892183 0.099528
vt 0.895508 0.098023
vt 0.895675 0.098323
vt 0.888520 0.099962
vt 0.888607 0.099604
vt 0.892183 0.099528
vt 0.435283 0.059573
vt 0.435081 0.059880
vt 0.431845 0.058444
vt 0.888754 0.080012
vt 0.885429 0.081517
vt 0.885226 0.081211
vt 0.892381 0.079572
vt 0.892330 0.079936
vt 0.888754 0.080012
vt 0.425114 0.076938
vt 0.425273 0.076630
vt 0.428508 0.078066
vt 0.898036 0.095214
vt 0.899457 0.091608
vt 0.899769 0.091672
vt 0.895675 0.098323
vt 0.895508 0.098023
vt 0.898036 0.095214
vt 0.437542 0.062640
vt 0.435081 0.059880
vt 0.435283 0.059573
vt 0.439267 0.066147
vt 0.438924 0.066222
vt 0.437542 0.062640
vt 0.899457 0.087711
vt 0.898141 0.084116
vt 0.898405 0.083905
vt 0.899769 0.091672
vt 0.899457 0.091608
vt 0.899457 0.087711
vt 0.438924 0.070125
vt 0.438924 0.066222
vt 0.439267 0.066147
vt 0.437939 0.073957
vt 0.437643 0.073754
vt 0.438924 0.070125
vt 0.532456 0.079125
vt 0.533736 0.082723
vt 0.533736 0.086625
vt 0.533736 0.086625
vt 0.532550 0.090238
vt 0.530271 0.092968
vt 0.530271 0.092968
vt 0.527313 0.094481
vt 0.524090 0.094439
vt 0.524090 0.094439
vt 0.521093 0.092965
vt 0.518814 0.090176
vt 0.518814 0.090176
vt 0.517534 0.086579
vt 0.517534 0.082676
vt 0.517534 0.082676
vt 0.518720 0.079063
vt 0.520999 0.076333
vt 0.520999 0.076333
vt 0.523957 0.074820
vt 0.527180 0.074861
vt 0.527180 0.074861
vt 0.530176 0.076336
vt 0.532456 0.079125
vt 0.533736 0.086625
vt 0.518814 0.090176
vt 0.530271 0.092968
vt 0.524090 0.094439
vt 0.517534 0.082676
vt 0.553037 0.103539
vt 0.555815 0.106413
vt 0.549384 0.102043
vt 0.555815 0.106413
vt 0.557375 0.110143
vt 0.557375 0.114208
vt 0.557375 0.114208
vt 0.555929 0.117988
vt 0.553151 0.120863
vt 0.553151 0.120863
vt 0.549546 0.122478
vt 0.545618 0.122479
vt 0.545618 0.122479
vt 0.539187 0.118109
vt 0.545618 0.122479
vt 0.541965 0.120983
vt 0.539187 0.118109
vt 0.539187 0.118109
vt 0.537627 0.114379
vt 0.537627 0.110313
vt 0.537627 0.110313
vt 0.539073 0.106533
vt 0.541851 0.103659
vt 0.541851 0.103659
vt 0.545456 0.102043
vt 0.555815 0.106413
vt 0.557375 0.114208
vt 0.541851 0.103659
vt 0.866306 0.079166
vt 0.870187 0.079166
vt 0.873749 0.080781
vt 0.873749 0.080781
vt 0.876493 0.083655
vt 0.877922 0.087435
vt 0.877922 0.087435
vt 0.877921 0.091500
vt 0.876379 0.095231
vt 0.873635 0.098105
vt 0.870026 0.099601
vt 0.870026 0.099601
vt 0.866144 0.099602
vt 0.862582 0.097987
vt 0.862582 0.097987
vt 0.859838 0.095112
vt 0.858410 0.091333
vt 0.858410 0.091333
vt 0.858410 0.087268
vt 0.859952 0.083537
vt 0.862697 0.080662
vt 0.866306 0.079166
vt 0.873749 0.080781
vt 0.876379 0.095231
vt 0.862582 0.097987
vt 0.859952 0.083537
vt 0.553151 0.120863
vt 0.555929 0.117988
vt 0.556232 0.118190
vt 0.549624 0.122839
vt 0.549546 0.122478
vt 0.553151 0.120863
vt 0.862582 0.097987
vt 0.866144 0.099602
vt 0.866083 0.099962
vt 0.859554 0.095315
vt 0.859838 0.095112
vt 0.862582 0.097987
vt 0.539187 0.118109
vt 0.541965 0.120983
vt 0.541775 0.121291
vt 0.537285 0.114453
vt 0.537627 0.114379
vt 0.539187 0.118109
vt 0.876379 0.095231
vt 0.877921 0.091500
vt 0.878276 0.091574
vt 0.873838 0.098413
vt 0.873635 0.098105
vt 0.876379 0.095231
vt 0.557375 0.114208
vt 0.557375 0.110143
vt 0.557729 0.110069
vt 0.556232 0.118190
vt 0.555929 0.117988
vt 0.557375 0.114208
vt 0.858410 0.091333
vt 0.859838 0.095112
vt 0.859554 0.095315
vt 0.858076 0.087193
vt 0.858410 0.087268
vt 0.858410 0.091333
vt 0.549384 0.102043
vt 0.545456 0.102043
vt 0.545390 0.101683
vt 0.553238 0.103231
vt 0.553037 0.103539
vt 0.549384 0.102043
vt 0.866306 0.079166
vt 0.862697 0.080662
vt 0.862514 0.080355
vt 0.870269 0.078805
vt 0.870187 0.079166
vt 0.866306 0.079166
vt 0.545618 0.122479
vt 0.549546 0.122478
vt 0.549624 0.122839
vt 0.541775 0.121291
vt 0.541965 0.120983
vt 0.545618 0.122479
vt 0.870026 0.099601
vt 0.873635 0.098105
vt 0.873838 0.098413
vt 0.866083 0.099962
vt 0.866144 0.099602
vt 0.870026 0.099601
vt 0.537627 0.110313
vt 0.537627 0.114379
vt 0.537285 0.114453
vt 0.538782 0.106331
vt 0.539073 0.106533
vt 0.537627 0.110313
vt 0.878276 0.091574
vt 0.877921 0.091500
vt 0.877922 0.087435
vt 0.555815 0.106413
vt 0.553037 0.103539
vt 0.553238 0.103231
vt 0.557729 0.110069
vt 0.557375 0.110143
vt 0.555815 0.106413
vt 0.859952 0.083537
vt 0.858410 0.087268
vt 0.858076 0.087193
vt 0.862514 0.080355
vt 0.862697 0.080662
vt 0.859952 0.083537
vt 0.541851 0.103659
vt 0.539073 0.106533
vt 0.538782 0.106331
vt 0.545390 0.101683
vt 0.545456 0.102043
vt 0.541851 0.103659
vt 0.873749 0.080781
vt 0.870187 0.079166
vt 0.870269 0.078805
vt 0.876797 0.083453
vt 0.876493 0.083655
vt 0.873749 0.080781
vt 0.462707 0.073920
vt 0.462707 0.077821
vt 0.462707 0.077821
vt 0.461419 0.081431
vt 0.458946 0.084157
vt 0.458946 0.084157
vt 0.455736 0.085664
vt 0.452238 0.085617
vt 0.452238 0.085617
vt 0.448986 0.084138
vt 0.446513 0.081346
vt 0.446513 0.081346
vt 0.445123 0.077747
vt 0.445123 0.073846
vt 0.445123 0.073846
vt 0.446411 0.070236
vt 0.448884 0.067510
vt 0.448884 0.067510
vt 0.452094 0.066003
vt 0.455592 0.066050
vt 0.455592 0.066050
vt 0.458844 0.067529
vt 0.461318 0.070321
vt 0.458946 0.084157
vt 0.452238 0.085617
vt 0.446513 0.081346
vt 0.445123 0.073846
vt 0.448884 0.067510
vt 0.448884 0.067510
vt 0.494752 0.082776
vt 0.496230 0.079198
vt 0.496230 0.079198
vt 0.498861 0.076444
vt 0.502320 0.075015
vt 0.502320 0.075015
vt 0.506040 0.075023
vt 0.509454 0.076581
vt 0.509454 0.076581
vt 0.512085 0.079347
vt 0.513454 0.082979
vt 0.513454 0.082979
vt 0.513455 0.086882
vt 0.511977 0.090460
vt 0.511977 0.090460
vt 0.509346 0.093214
vt 0.505887 0.094643
vt 0.505887 0.094643
vt 0.498752 0.093077
vt 0.505887 0.094643
vt 0.502167 0.094635
vt 0.498752 0.093077
vt 0.498752 0.093077
vt 0.496122 0.090311
vt 0.494752 0.086679
vt 0.509454 0.076581
vt 0.513454 0.082979
vt 0.545240 0.098386
vt 0.541769 0.096949
vt 0.539123 0.094190
vt 0.537631 0.090608
vt 0.537619 0.086705
vt 0.537619 0.086705
vt 0.538981 0.083077
vt 0.541609 0.080317
vt 0.541609 0.080317
vt 0.545027 0.078767
vt 0.548756 0.078767
vt 0.548756 0.078767
vt 0.552228 0.080204
vt 0.554873 0.082964
vt 0.554873 0.082964
vt 0.556365 0.086545
vt 0.555015 0.094077
vt 0.552387 0.096836
vt 0.552387 0.096836
vt 0.548969 0.098386
vt 0.545240 0.098386
vt 0.545240 0.098386
vt 0.539123 0.094190
vt 0.541609 0.080317
vt 0.494752 0.086679
vt 0.496122 0.090311
vt 0.495818 0.090513
vt 0.494398 0.082702
vt 0.494752 0.082776
vt 0.494752 0.086679
vt 0.539123 0.094190
vt 0.541769 0.096949
vt 0.541586 0.097256
vt 0.537297 0.090682
vt 0.537631 0.090608
vt 0.539123 0.094190
vt 0.511977 0.090460
vt 0.513455 0.086882
vt 0.513788 0.086958
vt 0.509528 0.093523
vt 0.509346 0.093214
vt 0.511977 0.090460
vt 0.548756 0.078767
vt 0.545027 0.078767
vt 0.544964 0.078406
vt 0.552430 0.079896
vt 0.552228 0.080204
vt 0.548756 0.078767
vt 0.513454 0.082979
vt 0.512085 0.079347
vt 0.512368 0.079146
vt 0.513788 0.086958
vt 0.513455 0.086882
vt 0.513454 0.082979
vt 0.554873 0.082964
vt 0.552228 0.080204
vt 0.552430 0.079896
vt 0.556719 0.086470
vt 0.556365 0.086545
vt 0.554873 0.082964
vt 0.502320 0.075015
vt 0.498861 0.076444
vt 0.498657 0.076136
vt 0.506101 0.074663
vt 0.506040 0.075023
vt 0.502320 0.075015
vt 0.552387 0.096836
vt 0.555015 0.094077
vt 0.555320 0.094278
vt 0.549052 0.098746
vt 0.548969 0.098386
vt 0.552387 0.096836
vt 0.496230 0.079198
vt 0.494752 0.082776
vt 0.494398 0.082702
vt 0.498657 0.076136
vt 0.498861 0.076444
vt 0.496230 0.079198
vt 0.545240 0.098386
vt 0.548969 0.098386
vt 0.549052 0.098746
vt 0.541586 0.097256
vt 0.541769 0.096949
vt 0.545240 0.098386
vt 0.498752 0.093077
vt 0.502167 0.094635
vt 0.502085 0.094996
vt 0.495818 0.090513
vt 0.496122 0.090311
vt 0.498752 0.093077
vt 0.537619 0.086705
vt 0.537631 0.090608
vt 0.537297 0.090682
vt 0.538696 0.082874
vt 0.538981 0.083077
vt 0.537619 0.086705
vt 0.505887 0.094643
vt 0.509346 0.093214
vt 0.509528 0.093523
vt 0.502085 0.094996
vt 0.502167 0.094635
vt 0.505887 0.094643
vt 0.541609 0.080317
vt 0.538981 0.083077
vt 0.538696 0.082874
vt 0.544964 0.078406
vt 0.545027 0.078767
vt 0.541609 0.080317
vt 0.509454 0.076581
vt 0.506040 0.075023
vt 0.506101 0.074663
vt 0.512368 0.079146
vt 0.512085 0.079347
vt 0.509454 0.076581
vt 0.556377 0.090448
vt 0.556365 0.086545
vt 0.556719 0.086470
vt 0.555320 0.094278
vt 0.555015 0.094077
vt 0.556377 0.090448
vt 0.841230 0.213106
vt 0.842313 0.209578
vt 0.841230 0.217117
vt 0.842313 0.209578
vt 0.844241 0.207014
vt 0.846776 0.205897
vt 0.852004 0.208230
vt 0.846776 0.205897
vt 0.849502 0.206282
vt 0.842313 0.209578
vt 0.846776 0.205897
vt 0.852004 0.208230
vt 0.852004 0.208230
vt 0.853932 0.211339
vt 0.854936 0.215210
vt 0.844161 0.224097
vt 0.854936 0.215210
vt 0.854936 0.219221
vt 0.853853 0.222749
vt 0.853853 0.222749
vt 0.851925 0.225313
vt 0.849390 0.226431
vt 0.849390 0.226431
vt 0.846664 0.226045
vt 0.844161 0.224097
vt 0.844161 0.224097
vt 0.842233 0.220988
vt 0.841230 0.217117
vt 0.841230 0.217117
vt 0.471716 0.076030
vt 0.473129 0.072479
vt 0.471716 0.079929
vt 0.473129 0.072479
vt 0.475644 0.069769
vt 0.478951 0.068396
vt 0.485772 0.070072
vt 0.482508 0.068463
vt 0.478951 0.068396
vt 0.485772 0.070072
vt 0.485772 0.070072
vt 0.488287 0.072876
vt 0.489596 0.076525
vt 0.489596 0.076525
vt 0.489596 0.080424
vt 0.488184 0.083975
vt 0.488184 0.083975
vt 0.485669 0.086685
vt 0.482362 0.088058
vt 0.482362 0.088058
vt 0.478805 0.087991
vt 0.475541 0.086382
vt 0.475541 0.086382
vt 0.473026 0.083578
vt 0.471716 0.079929
vt 0.475541 0.086382
vt 0.471716 0.079929
vt 0.488184 0.083975
vt 0.488184 0.083975
vt 0.489596 0.080424
vt 0.489906 0.080507
vt 0.485834 0.086998
vt 0.485669 0.086685
vt 0.488184 0.083975
vt 0.446513 0.081346
vt 0.448986 0.084138
vt 0.448784 0.084445
vt 0.444779 0.077819
vt 0.445123 0.077747
vt 0.446513 0.081346
vt 0.473129 0.072479
vt 0.471716 0.076030
vt 0.471369 0.075952
vt 0.475441 0.069461
vt 0.475644 0.069769
vt 0.473129 0.072479
vt 0.461318 0.070321
vt 0.458844 0.067529
vt 0.459004 0.067226
vt 0.463009 0.073851
vt 0.462707 0.073920
vt 0.461318 0.070321
vt 0.489596 0.076525
vt 0.488287 0.072876
vt 0.488549 0.072682
vt 0.489906 0.080507
vt 0.489596 0.080424
vt 0.489596 0.076525
vt 0.445123 0.073846
vt 0.445123 0.077747
vt 0.444779 0.077819
vt 0.446114 0.070031
vt 0.446411 0.070236
vt 0.445123 0.073846
vt 0.475541 0.086382
vt 0.478805 0.087991
vt 0.478718 0.088353
vt 0.472727 0.083777
vt 0.473026 0.083578
vt 0.475541 0.086382
vt 0.458946 0.084157
vt 0.461419 0.081431
vt 0.461674 0.081639
vt 0.455782 0.086027
vt 0.455736 0.085664
vt 0.458946 0.084157
vt 0.478951 0.068396
vt 0.475644 0.069769
vt 0.475441 0.069461
vt 0.482557 0.068106
vt 0.482508 0.068463
vt 0.478951 0.068396
vt 0.455592 0.066050
vt 0.452094 0.066003
vt 0.452006 0.065644
vt 0.471716 0.079929
vt 0.473026 0.083578
vt 0.472727 0.083777
vt 0.471369 0.075952
vt 0.471716 0.076030
vt 0.471716 0.079929
vt 0.462707 0.077821
vt 0.462707 0.073920
vt 0.463009 0.073851
vt 0.461674 0.081639
vt 0.461419 0.081431
vt 0.462707 0.077821
vt 0.482362 0.088058
vt 0.485669 0.086685
vt 0.485834 0.086998
vt 0.478718 0.088353
vt 0.478805 0.087991
vt 0.482362 0.088058
vt 0.452238 0.085617
vt 0.455736 0.085664
vt 0.455782 0.086027
vt 0.448784 0.084445
vt 0.448986 0.084138
vt 0.452238 0.085617
vt 0.485772 0.070072
vt 0.482508 0.068463
vt 0.482557 0.068106
vt 0.488549 0.072682
vt 0.488287 0.072876
vt 0.485772 0.070072
vt 0.448884 0.067510
vt 0.446411 0.070236
vt 0.446114 0.070031
vt 0.452006 0.065644
vt 0.452094 0.066003
vt 0.448884 0.067510
vt 0.911378 0.080890
vt 0.914256 0.082438
vt 0.916539 0.091633
vt 0.914256 0.082438
vt 0.915919 0.084508
vt 0.916643 0.087406
vt 0.914256 0.082438
vt 0.916643 0.087406
vt 0.916539 0.091633
vt 0.915406 0.095568
vt 0.908681 0.098691
vt 0.915406 0.095568
vt 0.913901 0.097830
vt 0.911773 0.098832
vt 0.911773 0.098832
vt 0.905802 0.097143
vt 0.904157 0.095073
vt 0.903416 0.092175
vt 0.903520 0.087948
vt 0.905802 0.097143
vt 0.903416 0.092175
vt 0.903520 0.087948
vt 0.904652 0.084013
vt 0.908286 0.080749
vt 0.904652 0.084013
vt 0.906176 0.081751
vt 0.908286 0.080749
vt 0.908286 0.080749
vt 0.911378 0.080890
vt 0.903520 0.087948
vt 0.911378 0.080890
vt 0.846658 0.131368
vt 0.849279 0.131566
vt 0.853166 0.139259
vt 0.849279 0.131566
vt 0.851042 0.132797
vt 0.852289 0.135215
vt 0.852289 0.135215
vt 0.853166 0.143481
vt 0.848572 0.149393
vt 0.853166 0.143481
vt 0.852475 0.146287
vt 0.851042 0.148167
vt 0.848572 0.149393
vt 0.853166 0.143481
vt 0.851042 0.148167
vt 0.848572 0.149393
vt 0.845951 0.149195
vt 0.842942 0.145545
vt 0.845951 0.149195
vt 0.844166 0.147965
vt 0.842942 0.145545
vt 0.842942 0.145545
vt 0.842064 0.141501
vt 0.848572 0.149393
vt 0.842064 0.137280
vt 0.846658 0.131368
vt 0.842064 0.137280
vt 0.842734 0.134475
vt 0.844188 0.132594
vt 0.844188 0.132594
vt 0.868361 0.057755
vt 0.870364 0.060950
vt 0.861633 0.057864
vt 0.870364 0.060950
vt 0.871535 0.064887
vt 0.870699 0.070652
vt 0.871535 0.064887
vt 0.871639 0.067950
vt 0.870699 0.070652
vt 0.870699 0.070652
vt 0.868556 0.073417
vt 0.870364 0.060950
vt 0.868556 0.073417
vt 0.865866 0.074954
vt 0.861828 0.073527
vt 0.865866 0.074954
vt 0.863751 0.074971
vt 0.861828 0.073527
vt 0.859824 0.070331
vt 0.859824 0.070331
vt 0.858653 0.066395
vt 0.859490 0.060629
vt 0.858653 0.066395
vt 0.858569 0.063330
vt 0.859490 0.060629
vt 0.861633 0.057864
vt 0.864323 0.056327
vt 0.868361 0.057755
vt 0.864323 0.056327
vt 0.866458 0.056309
vt 0.868361 0.057755
vt 0.407357 0.074122
vt 0.404207 0.075578
vt 0.409855 0.065007
vt 0.404207 0.075578
vt 0.400824 0.075623
vt 0.396848 0.072248
vt 0.400824 0.075623
vt 0.398497 0.074556
vt 0.396848 0.072248
vt 0.396848 0.072248
vt 0.395609 0.068280
vt 0.395609 0.068280
vt 0.395495 0.064053
vt 0.398107 0.059165
vt 0.395495 0.064053
vt 0.396288 0.061181
vt 0.398107 0.059165
vt 0.398107 0.059165
vt 0.395609 0.068280
vt 0.404640 0.057664
vt 0.408616 0.061039
vt 0.404640 0.057664
vt 0.406951 0.058732
vt 0.408616 0.061039
vt 0.408616 0.061039
vt 0.409855 0.065007
vt 0.401257 0.057709
vt 0.409969 0.069234
vt 0.409969 0.069234
vt 0.409160 0.072106
vt 0.407357 0.074122
vt 0.848757 0.201911
vt 0.845973 0.201234
vt 0.843380 0.199209
vt 0.841230 0.193901
vt 0.843380 0.199209
vt 0.841900 0.196881
vt 0.841230 0.193901
vt 0.841323 0.189756
vt 0.841323 0.189756
vt 0.842344 0.186077
vt 0.845616 0.183493
vt 0.842344 0.186077
vt 0.843717 0.184110
vt 0.845616 0.183493
vt 0.848401 0.184170
vt 0.848401 0.184170
vt 0.850994 0.186194
vt 0.853143 0.191502
vt 0.850994 0.186194
vt 0.852494 0.188519
vt 0.853143 0.191502
vt 0.853143 0.191502
vt 0.853050 0.195647
vt 0.848401 0.184170
vt 0.852030 0.199327
vt 0.852030 0.199327
vt 0.850676 0.201290
vt 0.848757 0.201911
vt 0.841323 0.189756
vt 0.644322 0.134807
vt 0.649953 0.137102
vt 0.643444 0.131041
vt 0.643444 0.126864
vt 0.645569 0.121656
vt 0.643444 0.126864
vt 0.644114 0.123903
vt 0.645569 0.121656
vt 0.648040 0.119779
vt 0.650661 0.119271
vt 0.653671 0.122073
vt 0.650661 0.119271
vt 0.652425 0.120010
vt 0.653671 0.122073
vt 0.653671 0.122073
vt 0.654548 0.125840
vt 0.648040 0.119779
vt 0.654548 0.130017
vt 0.652423 0.135225
vt 0.654548 0.130017
vt 0.653857 0.132975
vt 0.652423 0.135225
vt 0.652423 0.135225
vt 0.649953 0.137102
vt 0.654548 0.125840
vt 0.647332 0.137610
vt 0.647332 0.137610
vt 0.645546 0.136868
vt 0.644322 0.134807
vt 0.866478 0.075869
vt 0.865866 0.074954
vt 0.868556 0.073417
vt 0.863670 0.075714
vt 0.863751 0.074971
vt 0.865866 0.074954
vt 0.368803 0.070622
vt 0.370753 0.070431
vt 0.370724 0.071122
vt 0.368111 0.071541
vt 0.365880 0.070506
vt 0.366525 0.069409
vt 0.846161 0.150357
vt 0.845951 0.149195
vt 0.848572 0.149393
vt 0.843861 0.148571
vt 0.844166 0.147965
vt 0.845951 0.149195
vt 0.852868 0.199516
vt 0.852030 0.199327
vt 0.853050 0.195647
vt 0.850983 0.201971
vt 0.850676 0.201290
vt 0.852030 0.199327
vt 0.912847 0.058560
vt 0.910755 0.057231
vt 0.910780 0.056490
vt 0.913569 0.058085
vt 0.915847 0.060926
vt 0.915162 0.061627
vt 0.859490 0.060629
vt 0.858569 0.063330
vt 0.858076 0.063145
vt 0.859191 0.059498
vt 0.861176 0.056751
vt 0.861633 0.057864
vt 0.645569 0.121656
vt 0.644114 0.123903
vt 0.643695 0.123537
vt 0.645527 0.120452
vt 0.647862 0.118536
vt 0.648040 0.119779
vt 0.841314 0.137633
vt 0.842064 0.137280
vt 0.842064 0.141501
vt 0.842315 0.134005
vt 0.842734 0.134475
vt 0.842064 0.137280
vt 0.872188 0.064092
vt 0.871535 0.064887
vt 0.870364 0.060950
vt 0.872188 0.068132
vt 0.871639 0.067950
vt 0.871535 0.064887
vt 0.650369 0.118184
vt 0.650661 0.119271
vt 0.648040 0.119779
vt 0.652669 0.119334
vt 0.652425 0.120010
vt 0.650661 0.119271
vt 0.842942 0.145545
vt 0.844166 0.147965
vt 0.843861 0.148571
vt 0.842148 0.145492
vt 0.841230 0.141663
vt 0.842064 0.141501
vt 0.868361 0.057755
vt 0.866458 0.056309
vt 0.866593 0.055563
vt 0.869170 0.057311
vt 0.871155 0.060278
vt 0.870364 0.060950
vt 0.642694 0.127396
vt 0.643444 0.126864
vt 0.643444 0.131041
vt 0.643695 0.123537
vt 0.644114 0.123903
vt 0.643444 0.126864
vt 0.844188 0.132594
vt 0.842734 0.134475
vt 0.842315 0.134005
vt 0.844146 0.131385
vt 0.846480 0.130082
vt 0.846658 0.131368
vt 0.861828 0.073527
vt 0.863751 0.074971
vt 0.863670 0.075714
vt 0.861094 0.073966
vt 0.859109 0.070999
vt 0.859824 0.070331
vt 0.407357 0.074122
vt 0.409160 0.072106
vt 0.409650 0.072543
vt 0.407360 0.075336
vt 0.404388 0.076857
vt 0.404207 0.075578
vt 0.914322 0.081226
vt 0.914256 0.082438
vt 0.911378 0.080890
vt 0.916415 0.084087
vt 0.915919 0.084508
vt 0.914256 0.082438
vt 0.858075 0.067185
vt 0.858653 0.066395
vt 0.859824 0.070331
vt 0.858076 0.063145
vt 0.858569 0.063330
vt 0.858653 0.066395
vt 0.410842 0.068818
vt 0.409969 0.069234
vt 0.409855 0.065007
vt 0.409650 0.072543
vt 0.409160 0.072106
vt 0.409969 0.069234
vt 0.916643 0.087406
vt 0.915919 0.084508
vt 0.916415 0.084087
vt 0.917504 0.087849
vt 0.917504 0.091896
vt 0.916539 0.091633
vt 0.863786 0.055408
vt 0.864323 0.056327
vt 0.861633 0.057864
vt 0.866593 0.055563
vt 0.866458 0.056309
vt 0.864323 0.056327
vt 0.408616 0.061039
vt 0.406951 0.058732
vt 0.407266 0.058102
vt 0.409556 0.061027
vt 0.410842 0.064775
vt 0.409855 0.065007
vt 0.916328 0.095610
vt 0.915406 0.095568
vt 0.916539 0.091633
vt 0.914236 0.098472
vt 0.913901 0.097830
vt 0.915406 0.095568
vt 0.554773 0.065369
vt 0.554713 0.068374
vt 0.554223 0.068440
vt 0.554178 0.064451
vt 0.555051 0.060923
vt 0.555767 0.061752
vt 0.902947 0.068512
vt 0.903553 0.067683
vt 0.905071 0.071533
vt 0.902625 0.064495
vt 0.903202 0.064645
vt 0.903553 0.067683
vt 0.396848 0.072248
vt 0.398497 0.074556
vt 0.398138 0.075188
vt 0.395847 0.072263
vt 0.394561 0.068516
vt 0.395609 0.068280
vt 0.903801 0.083971
vt 0.904652 0.084013
vt 0.903520 0.087948
vt 0.905894 0.081110
vt 0.906176 0.081751
vt 0.904652 0.084013
vt 0.555251 0.072298
vt 0.555578 0.071255
vt 0.557507 0.074480
vt 0.554223 0.068440
vt 0.554713 0.068374
vt 0.555578 0.071255
vt 0.903953 0.061906
vt 0.903202 0.064645
vt 0.902625 0.064495
vt 0.903481 0.060809
vt 0.905303 0.057969
vt 0.905936 0.059039
vt 0.401149 0.076763
vt 0.400824 0.075623
vt 0.404207 0.075578
vt 0.398138 0.075188
vt 0.398497 0.074556
vt 0.400824 0.075623
vt 0.908286 0.080749
vt 0.906176 0.081751
vt 0.905894 0.081110
vt 0.908646 0.079620
vt 0.911605 0.079619
vt 0.911378 0.080890
vt 0.853143 0.191502
vt 0.852494 0.188519
vt 0.852946 0.188181
vt 0.853927 0.192076
vt 0.853927 0.196062
vt 0.853050 0.195647
vt 0.917214 0.064661
vt 0.916681 0.065476
vt 0.915162 0.061627
vt 0.517208 0.067648
vt 0.517742 0.067591
vt 0.518248 0.070487
vt 0.398107 0.059165
vt 0.396288 0.061181
vt 0.395753 0.060747
vt 0.398043 0.057954
vt 0.401015 0.056434
vt 0.401257 0.057709
vt 0.905807 0.098355
vt 0.905802 0.097143
vt 0.908681 0.098691
vt 0.903714 0.095494
vt 0.904157 0.095073
vt 0.905802 0.097143
vt 0.368110 0.054021
vt 0.368803 0.054385
vt 0.366525 0.057639
vt 0.370724 0.052099
vt 0.370753 0.052813
vt 0.368803 0.054385
vt 0.852289 0.135215
vt 0.851042 0.132797
vt 0.851286 0.132193
vt 0.765024 0.073689
vt 0.763236 0.071893
vt 0.763975 0.070937
vt 0.851061 0.184999
vt 0.850994 0.186194
vt 0.848401 0.184170
vt 0.518248 0.064578
vt 0.517742 0.067591
vt 0.517208 0.067648
vt 0.916681 0.072364
vt 0.914858 0.075204
vt 0.914297 0.074120
vt 0.404254 0.056527
vt 0.404640 0.057664
vt 0.401257 0.057709
vt 0.407266 0.058102
vt 0.406951 0.058732
vt 0.404640 0.057664
vt 0.911773 0.098832
vt 0.913901 0.097830
vt 0.914236 0.098472
vt 0.911483 0.099962
vt 0.908524 0.099962
vt 0.908681 0.098691
vt 0.644322 0.134807
vt 0.645546 0.136868
vt 0.645242 0.137536
vt 0.643528 0.134948
vt 0.642610 0.131407
vt 0.643444 0.131041
vt 0.848987 0.130408
vt 0.849279 0.131566
vt 0.846658 0.131368
vt 0.851286 0.132193
vt 0.851042 0.132797
vt 0.849279 0.131566
vt 0.556777 0.058452
vt 0.557507 0.059060
vt 0.555767 0.061752
vt 0.843469 0.183420
vt 0.843717 0.184110
vt 0.842344 0.186077
vt 0.907386 0.074599
vt 0.909460 0.075932
vt 0.909381 0.076683
vt 0.906592 0.075087
vt 0.904314 0.072247
vt 0.905071 0.071533
vt 0.394560 0.064472
vt 0.395495 0.064053
vt 0.395609 0.068280
vt 0.395753 0.060747
vt 0.396288 0.061181
vt 0.395495 0.064053
vt 0.903416 0.092175
vt 0.904157 0.095073
vt 0.903714 0.095494
vt 0.902625 0.091732
vt 0.902625 0.087685
vt 0.903520 0.087948
vt 0.364916 0.061523
vt 0.364409 0.064463
vt 0.363874 0.064679
vt 0.364415 0.060808
vt 0.365880 0.057055
vt 0.366525 0.057639
vt 0.762331 0.068870
vt 0.762945 0.067866
vt 0.763975 0.070937
vt 0.762377 0.065152
vt 0.762884 0.065087
vt 0.762945 0.067866
vt 0.848757 0.201911
vt 0.850676 0.201290
vt 0.850983 0.201971
vt 0.848504 0.202960
vt 0.845838 0.202447
vt 0.845973 0.201234
vt 0.907880 0.056490
vt 0.908580 0.057364
vt 0.905936 0.059039
vt 0.910780 0.056490
vt 0.910755 0.057231
vt 0.908580 0.057364
vt 0.870699 0.070652
vt 0.871639 0.067950
vt 0.872188 0.068132
vt 0.871073 0.071779
vt 0.869088 0.074526
vt 0.868556 0.073417
vt 0.364415 0.068065
vt 0.364916 0.066966
vt 0.366525 0.069409
vt 0.363874 0.064679
vt 0.364409 0.064463
vt 0.364916 0.066966
vt 0.763779 0.062167
vt 0.762884 0.065087
vt 0.762377 0.065152
vt 0.763442 0.061272
vt 0.765296 0.057809
vt 0.765778 0.058613
vt 0.845616 0.183493
vt 0.843717 0.184110
vt 0.843469 0.183420
vt 0.845948 0.182430
vt 0.848614 0.182944
vt 0.848401 0.184170
vt 0.912281 0.076683
vt 0.911653 0.075796
vt 0.914297 0.074120
vt 0.909381 0.076683
vt 0.909460 0.075932
vt 0.911653 0.075796
vt 0.422812 0.073871
vt 0.421429 0.070289
vt 0.421430 0.066386
vt 0.421430 0.066386
vt 0.422710 0.062757
vt 0.425171 0.059996
vt 0.425171 0.059996
vt 0.428365 0.058445
vt 0.431845 0.058444
vt 0.431845 0.058444
vt 0.435081 0.059880
vt 0.437542 0.062640
vt 0.437542 0.062640
vt 0.438924 0.066222
vt 0.438924 0.070125
vt 0.437643 0.073754
vt 0.435182 0.076515
vt 0.431988 0.078066
vt 0.428508 0.078066
vt 0.425273 0.076630
vt 0.421430 0.066386
vt 0.425171 0.059996
vt 0.431845 0.058444
vt 0.524005 0.094800
vt 0.521093 0.092965
vt 0.520898 0.093271
vt 0.431928 0.058084
vt 0.428365 0.058445
vt 0.431845 0.058444
vt 0.448678 0.067206
vt 0.452094 0.066003
vt 0.452006 0.065644
vt 0.910780 0.056490
vt 0.912847 0.058560
vt 0.913569 0.058085
vt 0.903801 0.083971
vt 0.903520 0.087948
vt 0.904652 0.084013
vt 0.911483 0.099962
vt 0.908681 0.098691
vt 0.908524 0.099962
vt 0.881480 0.091829
vt 0.882497 0.095628
vt 0.881132 0.091901
vt 0.885226 0.081211
vt 0.882901 0.084326
vt 0.882605 0.084123
vt 0.431845 0.058444
vt 0.428320 0.058085
vt 0.431928 0.058084
vt 0.452238 0.085617
vt 0.455782 0.086027
vt 0.452156 0.085978
vt 0.398107 0.059165
vt 0.395753 0.060747
vt 0.398043 0.057954
vt 0.852946 0.188181
vt 0.850994 0.186194
vt 0.851061 0.184999
vt 0.890525 0.076635
vt 0.893444 0.075289
vt 0.893255 0.074977
vt 0.431928 0.058084
vt 0.428320 0.058085
vt 0.428365 0.058445
vt 0.911483 0.099962
vt 0.911773 0.098832
vt 0.908681 0.098691
vt 0.517534 0.082676
vt 0.517534 0.086579
vt 0.517208 0.086650
vt 0.431845 0.058444
vt 0.428365 0.058445
vt 0.428320 0.058085
vt 0.428508 0.078066
vt 0.431988 0.078066
vt 0.432076 0.078426
vt 0.877922 0.087435
vt 0.876493 0.083655
vt 0.876797 0.083453
vt 0.459004 0.067226
vt 0.458844 0.067529
vt 0.455592 0.066050
vt 0.908681 0.098691
vt 0.905802 0.097143
vt 0.903520 0.087948
vt 0.852946 0.188181
vt 0.852494 0.188519
vt 0.850994 0.186194
vn 0.9315 0.0000 -0.3637
vn 0.8930 -0.1304 -0.4308
vn 0.9125 -0.1494 -0.3809
vn -0.9292 -0.1489 0.3381
vn 0.9069 0.1462 -0.3951
vn 0.8884 0.1217 -0.4426
vn -0.9533 0.1219 0.2763
vn -0.9347 0.1461 0.3239
vn 0.9739 0.0381 -0.2236
vn 0.9651 0.0891 -0.2462
vn -0.8765 0.0894 0.4729
vn -0.8676 0.0382 0.4957
vn 0.9486 0.1299 -0.2886
vn 0.9292 0.1495 -0.3381
vn -0.9125 0.1491 0.3809
vn -0.8932 0.1302 0.4304
vn 0.8677 -0.0382 -0.4957
vn 0.8765 -0.0896 -0.4729
vn -0.9651 -0.0891 0.2462
vn -0.9740 -0.0382 0.2232
vn 0.9347 -0.1462 -0.3239
vn 0.9533 -0.1219 -0.2763
vn -0.8884 -0.1218 0.4426
vn -0.9069 -0.1463 0.3950
vn 0.8734 0.0763 -0.4809
vn 0.8668 0.0230 -0.4982
vn -0.9751 0.0230 0.2204
vn -0.9682 0.0762 0.2382
vn 0.9683 -0.0764 -0.2380
vn 0.9751 -0.0229 -0.2207
vn -0.8666 -0.0230 0.4985
vn -0.8735 -0.0763 0.4809
vn -0.6587 -0.6587 -0.3637
vn -0.0000 0.9315 -0.3637
vn 0.1492 0.9292 -0.3381
vn 0.1301 0.9486 -0.2885
vn 0.1301 -0.8931 0.4305
vn 0.1494 -0.9125 0.3809
vn -0.1490 0.9125 -0.3809
vn -0.1301 0.8932 -0.4305
vn -0.1302 -0.9486 0.2885
vn -0.1491 -0.9292 0.3381
vn 0.0896 0.9651 -0.2460
vn 0.0888 0.9652 -0.2459
vn 0.0382 0.9739 -0.2236
vn 0.0382 -0.8678 0.4954
vn 0.0893 -0.8766 0.4729
vn -0.0230 0.9752 -0.2202
vn -0.0762 0.9682 -0.2381
vn -0.0763 -0.8735 0.4809
vn -0.0230 -0.8665 0.4987
vn 0.1217 0.8885 -0.4425
vn 0.1461 0.9069 -0.3951
vn 0.1216 -0.9533 0.2764
vn -0.1218 0.9533 -0.2762
vn -0.1463 0.9347 -0.3239
vn -0.1461 -0.9070 0.3950
vn -0.1216 -0.8884 0.4426
vn 0.0231 0.8669 -0.4980
vn 0.0764 0.8734 -0.4809
vn 0.0762 -0.9682 0.2383
vn 0.0230 -0.9751 0.2205
vn -0.0892 0.8766 -0.4729
vn -0.0382 0.8677 -0.4957
vn -0.0381 -0.9740 0.2235
vn -0.0892 -0.9651 0.2463
vn -0.9315 0.0000 0.3637
vn 0.0000 0.0000 -1.0000
vn 0.0000 0.0000 1.0000
vn 0.1480 0.0306 -0.9885
vn 0.1264 0.0829 -0.9885
vn 0.1261 0.0831 0.9885
vn 0.1478 0.0306 0.9885
vn -0.0307 0.1481 -0.9885
vn -0.0831 0.1259 -0.9886
vn -0.0830 0.1262 0.9885
vn -0.0306 0.1475 0.9886
vn 0.1261 -0.0829 -0.9886
vn 0.1480 -0.0306 -0.9885
vn 0.1477 -0.0306 0.9886
vn 0.1264 -0.0826 0.9885
vn -0.0829 -0.1262 -0.9885
vn -0.0307 -0.1478 -0.9885
vn -0.0306 -0.1478 0.9885
vn -0.0831 -0.1262 0.9885
vn 0.0828 0.1262 -0.9885
vn 0.0306 0.1478 -0.9885
vn 0.0306 0.1479 0.9885
vn 0.0829 0.1262 0.9885
vn -0.1259 0.0829 -0.9886
vn -0.1479 0.0306 -0.9885
vn -0.1480 0.0306 0.9885
vn -0.1264 0.0829 0.9885
vn 0.0306 -0.1478 -0.9885
vn 0.0827 -0.1259 -0.9886
vn 0.0828 -0.1265 0.9885
vn 0.0306 -0.1478 0.9885
vn -0.1477 -0.0306 -0.9886
vn -0.1263 -0.0829 -0.9885
vn -0.1261 -0.0829 0.9886
vn -0.1479 -0.0306 0.9885
vn -0.0000 0.9315 0.3637
vn -0.9315 0.0000 -0.3637
vn 0.9315 0.0000 0.3637
vn -0.9652 0.0893 -0.2460
vn -0.9739 0.0382 -0.2236
vn 0.8681 0.0382 0.4950
vn 0.8766 0.0892 0.4729
vn -0.8665 0.0230 -0.4986
vn -0.8735 0.0762 -0.4809
vn 0.9682 0.0760 0.2382
vn 0.9752 0.0229 0.2203
vn -0.8766 -0.0892 -0.4728
vn -0.8677 -0.0382 -0.4956
vn 0.9740 -0.0382 0.2233
vn 0.9651 -0.0894 0.2460
vn -0.9533 -0.1216 -0.2766
vn -0.9348 -0.1459 -0.3240
vn 0.9070 -0.1460 0.3951
vn 0.8885 -0.1220 0.4424
vn -0.9751 -0.0229 -0.2208
vn -0.9682 -0.0762 -0.2382
vn 0.8735 -0.0764 0.4809
vn 0.8668 -0.0231 0.4981
vn -0.9292 0.1489 -0.3382
vn -0.9485 0.1310 -0.2883
vn 0.8931 0.1304 0.4306
vn 0.9125 0.1490 0.3809
vn -0.8884 0.1217 -0.4426
vn -0.9069 0.1461 -0.3951
vn 0.9348 0.1458 0.3240
vn 0.9533 0.1217 0.2764
vn -0.9125 -0.1489 -0.3809
vn -0.8932 -0.1298 -0.4306
vn 0.9486 -0.1306 0.2883
vn 0.9293 -0.1488 0.3381
vn 0.6587 0.6587 -0.3637
vn 0.0000 -0.9315 -0.3637
vn -0.0382 -0.8677 -0.4956
vn -0.0893 -0.8766 -0.4729
vn -0.0894 0.9651 0.2460
vn -0.0382 0.9740 0.2235
vn 0.0382 -0.9740 -0.2233
vn 0.0895 -0.9652 -0.2459
vn 0.0892 0.8767 0.4727
vn 0.0381 0.8678 0.4955
vn 0.0762 -0.8736 -0.4807
vn 0.0229 -0.8665 -0.4986
vn 0.0230 0.9752 0.2202
vn 0.0762 0.9682 0.2381
vn -0.1457 -0.9348 -0.3240
vn -0.1217 -0.9533 -0.2764
vn -0.1218 0.8884 0.4426
vn -0.1463 0.9069 0.3951
vn 0.1302 -0.9486 -0.2886
vn 0.1492 -0.9292 -0.3381
vn 0.1493 0.9125 0.3809
vn 0.1302 0.8932 0.4304
vn -0.0763 -0.9682 -0.2381
vn -0.0230 -0.9751 -0.2206
vn -0.0229 0.8667 0.4984
vn -0.0764 0.8734 0.4810
vn -0.1304 -0.8931 -0.4306
vn -0.1491 -0.9125 -0.3809
vn -0.1491 0.9292 0.3381
vn -0.1490 0.9294 0.3376
vn -0.1304 0.9486 0.2883
vn 0.1460 -0.9070 -0.3950
vn 0.1218 -0.8883 -0.4427
vn 0.1216 0.9533 0.2765
vn -0.6587 0.6587 -0.3637
vn 0.6587 -0.6587 -0.3637
vn -0.6587 -0.6587 0.3637
vn 0.6587 -0.6587 0.3637
vn 0.6587 0.6587 0.3637
vn -0.6587 0.6587 0.3637
vn -0.6743 -0.6662 0.3187
vn -0.6934 -0.6490 0.3131
vn -0.6531 0.6309 0.4189
vn -0.6672 0.6309 0.3960
vn 0.6466 -0.6887 -0.3281
vn 0.6618 -0.6839 -0.3072
vn 0.6502 0.6865 0.3254
vn 0.6665 0.6798 0.3059
vn -0.6639 -0.6330 -0.3981
vn -0.6705 -0.6187 0.4095
vn -0.6551 -0.6395 0.4023
vn -0.6111 0.6958 0.3775
vn -0.6269 0.6761 0.3872
vn 0.6924 -0.6388 -0.3355
vn 0.7039 -0.6190 -0.3483
vn -0.6256 -0.6932 0.3579
vn -0.6277 -0.7033 0.3338
vn -0.6293 0.6656 0.4011
vn -0.6350 0.6483 0.4200
vn 0.6799 -0.6665 -0.3059
vn 0.6831 -0.6522 -0.3286
vn -0.6126 -0.6834 0.3971
vn -0.6256 -0.6849 0.3736
vn -0.6358 0.6932 0.3394
vn -0.6166 0.7031 0.3542
vn 0.6984 -0.6116 -0.3718
vn 0.6789 -0.6261 -0.3837
vn -0.7022 -0.6315 0.3288
vn -0.6904 -0.6313 0.3532
vn 0.6187 -0.6705 0.4095
vn 0.6396 -0.6550 0.4023
vn -0.6775 0.6625 -0.3195
vn -0.6962 0.6444 -0.3164
vn -0.6902 -0.6227 0.3686
vn -0.6871 -0.6118 0.3920
vn 0.6226 -0.6903 0.3686
vn 0.6115 -0.6872 0.3921
vn -0.7032 0.6277 -0.3338
vn -0.6900 0.6296 -0.3572
vn -0.6416 -0.6497 0.4077
vn -0.6216 -0.6658 0.4128
vn 0.6315 -0.7022 0.3288
vn 0.6312 -0.6905 0.3531
vn -0.6883 0.6221 -0.3731
vn -0.6833 0.6127 -0.3971
vn 0.6958 0.6109 0.3776
vn 0.6762 0.6268 0.3871
vn -0.6388 -0.6923 -0.3357
vn -0.6191 -0.7038 -0.3484
vn 0.6834 -0.6127 0.3970
vn 0.6849 -0.6256 0.3735
vn -0.6315 0.7023 -0.3287
vn 0.6934 0.6357 0.3393
vn 0.7032 0.6165 0.3542
vn -0.6117 -0.6983 -0.3717
vn -0.6260 -0.6789 -0.3837
vn 0.6496 -0.6416 0.4078
vn 0.6658 -0.6215 0.4129
vn -0.6490 0.6933 -0.3132
vn -0.6644 0.6737 -0.3235
vn 0.6189 0.7040 0.3483
vn 0.6399 0.6894 0.3394
vn -0.6770 -0.6236 -0.3909
vn -0.6957 -0.6111 -0.3776
vn 0.6962 -0.6444 0.3164
vn 0.6766 -0.6611 0.3243
vn -0.6384 0.6533 -0.4070
vn -0.6186 0.6705 -0.4095
vn -0.6865 0.6503 0.3253
vn -0.6799 0.6664 0.3059
vn 0.6351 -0.6483 -0.4200
vn 0.6330 -0.6640 -0.3982
vn 0.6225 0.6801 0.3872
vn 0.6118 0.6982 0.3718
vn 0.6116 0.6982 0.3722
vn -0.7031 -0.6166 -0.3542
vn -0.6900 -0.6374 -0.3431
vn 0.6662 -0.6743 0.3186
vn 0.6491 -0.6934 0.3130
vn -0.6658 0.6216 -0.4126
vn -0.6617 0.6839 0.3072
vn -0.6489 0.6852 0.3308
vn 0.6692 -0.6272 -0.3985
vn 0.6530 -0.6309 -0.4189
vn 0.6656 0.6294 0.4011
vn 0.6483 0.6350 0.4200
vn -0.6665 -0.6798 -0.3059
vn -0.6522 -0.6831 -0.3285
vn 0.6933 -0.6255 0.3580
vn 0.7034 -0.6276 0.3337
vn -0.6117 0.6871 -0.3921
vn -0.6262 0.6865 -0.3694
vn -0.7038 0.6191 0.3484
vn -0.6894 0.6400 0.3394
vn 0.6234 -0.6771 -0.3910
vn 0.6109 -0.6958 -0.3776
vn 0.6839 0.6618 0.3072
vn 0.6851 0.6490 0.3309
vn -0.6272 -0.6692 -0.3985
vn -0.6309 -0.6531 -0.4188
vn -0.6444 -0.6962 0.3164
vn -0.6611 -0.6765 0.3245
vn -0.6801 0.6226 0.3871
vn -0.6984 0.6115 0.3719
vn 0.6164 -0.7033 -0.3542
vn 0.6374 -0.6900 -0.3431
vn 0.6309 0.6531 0.4188
vn 0.6309 0.6673 0.3960
vn -0.6886 -0.6466 -0.3281
vn -0.6839 -0.6618 -0.3071
vn 0.0000 -0.9315 0.3637
vn 0.3740 -0.7132 -0.5929
vn 0.4793 -0.8160 -0.3231
vn -0.5715 -0.8159 0.0872
vn -0.6768 -0.7131 -0.1826
vn 0.4491 0.7986 -0.4007
vn 0.3482 0.6665 -0.6592
vn -0.7027 0.6665 -0.2488
vn -0.6019 0.7985 0.0096
vn 0.8159 0.2099 0.5388
vn 0.7678 0.4874 0.4157
vn -0.2830 0.4875 0.8260
vn -0.2349 0.2099 0.9491
vn 0.6768 0.7132 0.1827
vn 0.5714 0.8160 -0.0872
vn -0.4794 0.8160 0.3231
vn -0.3741 0.7131 0.5929
vn 0.2350 -0.2100 -0.9490
vn 0.2830 -0.4874 -0.8260
vn -0.7679 -0.4874 -0.4157
vn -0.8159 -0.2100 -0.5387
vn 0.6017 -0.7987 -0.0095
vn 0.7026 -0.6666 0.2490
vn -0.3482 -0.6665 0.6591
vn -0.4491 -0.7986 0.4007
vn 0.2662 0.4162 -0.8694
vn 0.2288 0.1267 -0.9652
vn -0.8221 0.1266 -0.5550
vn -0.7847 0.4163 -0.4592
vn 0.7848 -0.4162 0.4592
vn 0.8222 -0.1266 0.5549
vn -0.2287 -0.1267 0.9652
vn -0.2661 -0.4162 0.8695
vn 0.8159 0.5716 -0.0872
vn 0.7131 0.6769 0.1826
vn 0.7131 -0.3742 0.5929
vn 0.8159 -0.4794 0.3232
vn -0.8160 0.4793 -0.3231
vn -0.7131 0.3740 -0.5929
vn -0.7132 -0.6768 -0.1827
vn -0.8160 -0.5714 0.0872
vn 0.2100 0.8159 0.5387
vn 0.2100 -0.2350 0.9490
vn 0.4875 -0.2830 0.8260
vn -0.1266 0.8221 0.5550
vn -0.4163 -0.2660 0.8694
vn -0.1267 -0.2287 0.9652
vn 0.6665 0.3483 -0.6592
vn 0.7986 0.4492 -0.4007
vn 0.6665 -0.7027 -0.2489
vn -0.6665 0.7027 0.2490
vn -0.7987 0.6017 -0.0096
vn -0.7986 -0.4491 0.4007
vn -0.6665 -0.3483 0.6592
vn 0.1267 0.2287 -0.9652
vn 0.4163 0.2658 -0.8695
vn 0.4162 -0.7848 -0.4592
vn 0.1266 -0.8222 -0.5550
vn -0.4875 0.2830 -0.8260
vn -0.2100 0.2350 -0.9491
vn -0.2099 -0.8159 -0.5387
vn -0.4874 -0.7679 -0.4157
vn 0.9315 -0.0001 -0.3637
vn 0.8084 0.1684 -0.5641
vn 0.6907 0.4525 -0.5641
vn 0.6907 0.4525 0.5641
vn 0.8084 0.1684 0.5640
vn -0.1685 0.8083 -0.5641
vn -0.4524 0.6907 -0.5641
vn -0.4525 0.6907 0.5641
vn -0.1685 0.8083 0.5641
vn 0.6907 -0.4526 -0.5640
vn 0.8084 -0.1684 -0.5640
vn 0.8084 -0.1684 0.5640
vn 0.6907 -0.4526 0.5640
vn -0.4524 -0.6907 -0.5641
vn -0.1685 -0.8084 -0.5641
vn -0.1685 -0.8084 0.5641
vn -0.4525 -0.6907 0.5641
vn 0.4524 0.6907 -0.5641
vn 0.1685 0.8083 -0.5641
vn 0.1685 0.8083 0.5641
vn 0.4525 0.6907 0.5641
vn -0.6907 0.4525 -0.5641
vn -0.8084 0.1685 -0.5641
vn -0.8084 0.1685 0.5641
vn -0.6907 0.4525 0.5641
vn 0.1685 -0.8084 -0.5641
vn 0.4525 -0.6907 -0.5640
vn 0.4526 -0.6907 0.5640
vn 0.1685 -0.8084 0.5640
vn -0.8084 -0.1685 -0.5641
vn -0.6907 -0.4525 -0.5640
vn -0.6908 -0.4525 0.5640
vn -0.8084 -0.1685 0.5640
vn -0.7678 0.4874 0.4157
vn -0.8159 0.2099 0.5388
vn 0.2350 0.2100 0.9490
vn 0.2831 0.4874 0.8260
vn -0.2286 0.1266 -0.9653
vn -0.2660 0.4163 -0.8694
vn 0.7848 0.4163 -0.4592
vn 0.8222 0.1266 -0.5550
vn -0.2830 -0.4874 -0.8260
vn -0.2350 -0.2099 -0.9491
vn 0.8158 -0.2099 -0.5388
vn 0.7678 -0.4874 -0.4158
vn -0.7027 -0.6665 0.2489
vn -0.6018 -0.7986 -0.0096
vn 0.4490 -0.7986 0.4007
vn 0.3482 -0.6665 0.6592
vn -0.8222 -0.1267 0.5549
vn -0.7848 -0.4163 0.4591
vn 0.2660 -0.4162 0.8695
vn 0.2286 -0.1267 0.9652
vn -0.5715 0.8160 -0.0872
vn -0.6768 0.7131 0.1826
vn 0.3741 0.7131 0.5929
vn 0.4794 0.8160 0.3231
vn -0.3482 0.6665 -0.6592
vn -0.4491 0.7986 -0.4007
vn 0.6018 0.7986 0.0096
vn 0.7027 0.6665 -0.2489
vn -0.4794 -0.8159 -0.3231
vn -0.3742 -0.7131 -0.5929
vn 0.6768 -0.7132 -0.1826
vn 0.5715 -0.8160 0.0871
vn -0.2099 -0.2350 -0.9491
vn -0.4874 -0.2831 -0.8260
vn -0.4874 0.7678 -0.4158
vn -0.2100 0.8158 -0.5388
vn 0.2100 -0.8158 0.5388
vn 0.4874 -0.7678 0.4158
vn 0.4874 0.2832 0.8260
vn 0.2099 0.2351 0.9490
vn 0.4163 -0.2661 -0.8694
vn 0.1266 -0.2287 -0.9652
vn 0.1267 0.8222 -0.5549
vn 0.4162 0.7849 -0.4591
vn -0.7986 -0.6018 -0.0096
vn -0.6665 -0.7027 0.2489
vn -0.6665 0.3482 0.6592
vn -0.7987 0.4490 0.4007
vn 0.7131 -0.6769 0.1825
vn 0.8159 -0.5716 -0.0872
vn 0.8159 0.4794 0.3231
vn 0.7131 0.3741 0.5929
vn -0.4163 -0.7848 0.4592
vn -0.1267 -0.8221 0.5550
vn -0.1266 0.2287 0.9652
vn -0.4162 0.2661 0.8694
vn -0.7131 -0.3740 -0.5929
vn -0.8160 -0.4794 -0.3231
vn -0.7132 0.6767 -0.1827
vn 0.7986 -0.4491 -0.4006
vn 0.6665 -0.3482 -0.6592
vn 0.6665 0.7027 -0.2488
vn 0.7984 0.6020 0.0092
vn 0.7985 0.6019 0.0093
vn 0.7986 0.6018 0.0096
vn -0.4228 -0.2013 -0.8836
vn -0.7628 -0.0823 -0.6414
vn -0.1482 -0.1835 0.9718
vn -0.3514 -0.5063 0.7875
vn -0.1456 -0.6812 0.7175
vn 0.2868 -0.6186 0.7315
vn -0.0703 0.6348 -0.7695
vn 0.3591 0.5560 -0.7496
vn -0.0760 0.1210 -0.9897
vn -0.2779 0.4626 -0.8419
vn -0.4150 0.3805 0.8264
vn -0.0262 0.2821 0.9590
vn 0.4894 0.8036 0.3386
vn 0.5814 0.5124 0.6320
vn 0.7809 0.3591 0.5111
vn 0.9243 0.3687 0.0985
vn 0.5961 -0.7949 -0.1133
vn 0.2394 -0.9129 -0.3306
vn 0.5136 0.1914 0.8364
vn 0.1210 0.0760 0.9897
vn 0.5561 -0.3591 0.7496
vn 0.7056 0.0349 0.7077
vn 0.4697 -0.6065 0.6415
vn 0.6155 -0.7409 0.2687
vn 0.4207 0.7983 -0.4309
vn 0.4068 0.9135 -0.0096
vn 0.8418 0.4784 -0.2499
vn 0.5750 0.6012 -0.5549
vn -0.8957 0.1805 -0.4065
vn -0.8531 0.5033 -0.1376
vn -0.3747 -0.4195 0.8268
vn -0.2790 -0.0291 0.9598
vn -0.4897 0.1263 0.8627
vn -0.8097 0.0155 0.5866
vn -0.7145 0.6764 0.1786
vn -0.6654 0.4868 0.5659
vn -0.6751 -0.7156 0.1793
vn -0.4805 -0.6684 0.5677
vn -0.9156 -0.2334 0.3275
vn -0.8419 -0.5380 0.0428
vn 0.3045 0.0830 0.9489
vn 0.3368 -0.3437 0.8766
vn -0.1745 -0.8984 -0.4030
vn -0.5002 -0.8552 -0.1358
vn -0.6748 -0.6858 -0.2728
vn -0.6095 -0.4634 -0.6432
vn 0.8037 -0.4894 0.3386
vn 0.5124 -0.5814 0.6320
vn 0.3590 -0.7809 0.5111
vn 0.3687 -0.9243 0.0984
vn 0.6096 0.4633 0.6433
vn 0.7432 0.6121 0.2700
vn 0.5536 0.8069 0.2060
vn 0.1745 0.8984 0.4031
vn 0.7982 -0.4208 -0.4310
vn 0.9135 -0.4067 -0.0097
vn 0.4784 -0.8419 -0.2499
vn 0.6012 -0.5750 -0.5549
vn -0.0815 0.3031 0.9495
vn 0.3484 0.3312 0.8769
vn -0.0865 0.7662 0.6367
vn -0.2889 0.4559 0.8418
vn -0.3686 0.9243 -0.0985
vn -0.2695 0.8243 -0.4979
vn -0.4803 0.6597 -0.5780
vn -0.8037 0.4892 -0.3387
vn 0.5220 -0.2139 -0.8256
vn 0.3686 -0.0051 -0.9296
vn 0.3746 0.4196 -0.8268
vn -0.6346 -0.0704 -0.7696
vn -0.5561 0.3591 -0.7496
vn -0.1210 -0.0760 -0.9897
vn -0.4627 -0.2780 -0.8418
vn -0.6771 0.5418 0.4979
vn -0.9135 0.4067 0.0096
vn -0.8443 0.3320 0.4207
vn 0.2027 -0.4242 -0.8826
vn 0.0866 -0.7662 -0.6367
vn -0.3484 -0.3312 -0.8769
vn 0.0455 -0.2131 -0.9760
vn 0.0456 -0.2132 -0.9759
vn 0.0463 -0.2127 -0.9760
vn -0.2867 0.6186 -0.7315
vn 0.1084 0.7492 -0.6534
vn 0.2666 0.5601 -0.7843
vn 0.1484 0.1835 -0.9718
vn 0.1915 -0.5136 0.8364
vn 0.0759 -0.1210 0.9897
vn -0.3591 -0.5560 0.7496
vn 0.0349 -0.7056 0.7078
vn 0.7962 0.5945 -0.1125
vn 0.9155 0.2334 -0.3276
vn 0.4805 0.6684 -0.5678
vn 0.5988 0.7811 -0.1771
vn -0.9243 -0.3687 -0.0984
vn -0.8243 -0.2694 -0.4979
vn -0.6599 -0.4801 -0.5779
vn -0.4893 -0.8037 -0.3387
vn 0.6186 0.2868 -0.7315
vn 0.7493 -0.1084 -0.6533
vn 0.5602 -0.2666 -0.7843
vn 0.1834 -0.1484 -0.9718
vn -0.0111 -0.8064 -0.5912
vn -0.2114 -0.5196 -0.8278
vn -0.5418 -0.6772 0.4978
vn -0.8418 -0.4784 0.2499
vn -0.4067 -0.9135 0.0097
vn -0.3319 -0.8443 0.4207
vn -0.1835 0.1483 0.9718
vn -0.5062 0.3514 0.7876
vn -0.6813 0.1455 0.7174
vn -0.6185 -0.2868 0.7316
vn 0.9316 0.0001 -0.3636
vn 0.9315 0.0000 -0.3636
vn 0.9316 -0.0001 -0.3636
vn 0.9315 -0.0001 -0.3638
vn 0.9315 0.0001 -0.3637
vn 0.8932 -0.1301 -0.4304
vn 0.9124 -0.1496 -0.3809
vn -0.9292 -0.1492 0.3381
vn -0.9485 -0.1304 0.2885
vn 0.9069 0.1463 -0.3951
vn 0.8883 0.1217 -0.4428
vn -0.9533 0.1217 0.2765
vn -0.9347 0.1462 0.3238
vn 0.9739 0.0381 -0.2237
vn 0.9651 0.0892 -0.2462
vn -0.8767 0.0895 0.4727
vn -0.8679 0.0382 0.4953
vn 0.9292 0.1494 -0.3381
vn -0.8932 0.1300 0.4305
vn 0.8678 -0.0382 -0.4955
vn 0.8766 -0.0892 -0.4729
vn -0.9651 -0.0892 0.2463
vn -0.9739 -0.0381 0.2236
vn 0.9348 -0.1459 -0.3239
vn 0.9533 -0.1220 -0.2762
vn -0.8884 -0.1216 0.4426
vn -0.9070 -0.1457 0.3951
vn 0.8735 0.0762 -0.4808
vn 0.8666 0.0230 -0.4985
vn -0.9752 0.0230 0.2203
vn -0.9682 0.0767 0.2382
vn 0.9682 -0.0762 -0.2382
vn 0.9751 -0.0230 -0.2204
vn -0.8665 -0.0230 0.4986
vn -0.8734 -0.0764 0.4809
vn -0.6531 -0.6544 -0.3812
vn -0.6454 -0.6723 -0.3627
vn -0.6587 -0.6586 -0.3637
vn -0.6641 -0.6627 -0.3460
vn -0.6587 -0.6587 -0.3638
vn -0.6716 -0.6450 -0.3645
vn -0.6587 -0.6587 -0.3636
vn -0.0001 0.9315 -0.3636
vn -0.0001 0.9315 -0.3637
vn 0.0000 0.9316 -0.3635
vn 0.0001 0.9315 -0.3636
vn 0.0001 0.9315 -0.3637
vn 0.1302 0.9486 -0.2885
vn 0.1302 -0.8932 0.4305
vn 0.1492 -0.9125 0.3808
vn -0.1495 0.9124 -0.3809
vn -0.1301 0.8932 -0.4304
vn 0.0895 0.9652 -0.2456
vn 0.0895 0.9652 -0.2458
vn 0.0382 -0.8676 0.4957
vn 0.0892 -0.8766 0.4728
vn -0.0230 0.9751 -0.2207
vn -0.0763 0.9682 -0.2381
vn -0.0762 -0.8735 0.4807
vn -0.0230 -0.8666 0.4986
vn 0.1218 0.8883 -0.4428
vn 0.1460 0.9070 -0.3950
vn 0.1219 -0.9533 0.2762
vn -0.1221 0.9533 -0.2764
vn -0.1461 0.9348 -0.3239
vn -0.1460 -0.9070 0.3951
vn -0.1217 -0.8884 0.4427
vn 0.0230 0.8665 -0.4986
vn 0.0761 0.8736 -0.4806
vn 0.0762 -0.9682 0.2382
vn 0.0229 -0.9751 0.2207
vn -0.0893 0.8766 -0.4729
vn -0.0382 0.8678 -0.4955
vn -0.0382 -0.9740 0.2234
vn -0.0891 -0.9651 0.2463
vn -0.9315 0.0000 0.3636
vn -0.9315 -0.0001 0.3637
vn -0.9315 -0.0002 0.3637
vn -0.9316 0.0001 0.3636
vn -0.9315 0.0001 0.3637
vn 0.1259 0.0829 -0.9886
vn 0.1264 0.0829 0.9885
vn 0.1480 0.0306 0.9885
vn -0.0306 0.1478 -0.9885
vn -0.0828 0.1262 -0.9885
vn -0.0828 0.1262 0.9885
vn -0.0308 0.1481 0.9885
vn 0.1263 -0.0829 -0.9885
vn 0.1477 -0.0306 -0.9886
vn 0.1480 -0.0306 0.9885
vn 0.1261 -0.0829 0.9886
vn -0.0306 -0.1478 -0.9885
vn -0.0828 -0.1262 0.9885
vn 0.0831 0.1262 -0.9885
vn 0.0306 0.1479 -0.9885
vn 0.0307 0.1478 0.9885
vn 0.0830 0.1262 0.9885
vn -0.1263 0.0829 -0.9885
vn -0.1480 0.0306 -0.9885
vn -0.1477 0.0306 0.9886
vn -0.1481 0.0306 0.9885
vn -0.1261 0.0831 0.9885
vn 0.0307 -0.1478 -0.9885
vn 0.0829 -0.1262 -0.9885
vn 0.0831 -0.1259 0.9886
vn -0.1479 -0.0306 -0.9885
vn -0.1261 -0.0829 -0.9886
vn -0.1263 -0.0826 0.9885
vn -0.1477 -0.0306 0.9886
vn -0.0000 0.9315 0.3636
vn -0.0001 0.9315 0.3637
vn 0.0000 0.9316 0.3636
vn 0.0001 0.9315 0.3637
vn -0.9315 0.0001 -0.3637
vn -0.9316 0.0000 -0.3636
vn -0.9315 -0.0000 -0.3636
vn 0.9315 0.0001 0.3636
vn 0.9315 -0.0001 0.3637
vn 0.9315 0.0000 0.3636
vn 0.9316 -0.0000 0.3635
vn 0.9315 0.0001 0.3637
vn -0.9651 0.0894 -0.2460
vn -0.9740 0.0382 -0.2233
vn 0.8678 0.0382 0.4954
vn 0.8766 0.0891 0.4728
vn -0.8734 0.0769 -0.4810
vn 0.9682 0.0764 0.2381
vn 0.9750 0.0229 0.2211
vn -0.8766 -0.0892 -0.4730
vn 0.9739 -0.0381 0.2236
vn -0.9533 -0.1217 -0.2764
vn -0.9348 -0.1457 -0.3240
vn 0.9070 -0.1459 0.3950
vn 0.8883 -0.1218 0.4427
vn -0.9751 -0.0229 -0.2206
vn -0.9682 -0.0762 -0.2384
vn 0.8735 -0.0763 0.4809
vn 0.8666 -0.0229 0.4985
vn -0.9292 0.1493 -0.3382
vn -0.9486 0.1302 -0.2885
vn 0.8931 0.1302 0.4305
vn 0.9125 0.1491 0.3809
vn -0.8884 0.1217 -0.4427
vn -0.9070 0.1460 -0.3950
vn 0.9347 0.1460 0.3240
vn 0.9533 0.1215 0.2765
vn -0.9125 -0.1494 -0.3808
vn -0.8932 -0.1300 -0.4305
vn 0.9486 -0.1305 0.2884
vn 0.9292 -0.1496 0.3381
vn 0.6588 0.6587 -0.3635
vn 0.6587 0.6586 -0.3637
vn 0.6587 0.6587 -0.3636
vn 0.6587 0.6587 -0.3638
vn 0.6586 0.6587 -0.3637
vn 0.6586 0.6588 -0.3635
vn -0.0000 -0.9315 -0.3636
vn 0.0001 -0.9316 -0.3636
vn -0.0000 -0.9315 -0.3638
vn -0.0892 -0.8766 -0.4729
vn -0.0894 0.9652 0.2459
vn -0.0382 0.9740 0.2233
vn 0.0382 -0.9739 -0.2236
vn 0.0893 -0.9651 -0.2460
vn 0.0893 0.8767 0.4726
vn 0.0381 0.8679 0.4954
vn 0.0764 -0.8735 -0.4809
vn 0.0229 -0.8667 -0.4982
vn 0.0230 0.9750 0.2208
vn 0.0763 0.9683 0.2380
vn -0.1460 -0.9347 -0.3239
vn -0.1215 -0.9533 -0.2766
vn -0.1218 0.8883 0.4428
vn -0.1460 0.9070 0.3951
vn 0.1305 -0.9486 -0.2883
vn 0.1492 -0.9292 -0.3382
vn 0.1490 0.9125 0.3809
vn 0.1304 0.8930 0.4307
vn -0.0762 -0.9682 -0.2381
vn -0.0230 -0.9752 -0.2203
vn -0.0229 0.8666 0.4985
vn -0.0763 0.8735 0.4809
vn -0.1302 -0.8932 -0.4304
vn -0.1494 -0.9125 -0.3809
vn -0.1496 0.9291 0.3381
vn -0.1499 0.9291 0.3382
vn -0.1302 0.9486 0.2885
vn 0.1461 -0.9069 -0.3951
vn 0.1216 -0.8885 -0.4425
vn 0.1217 0.9533 0.2764
vn 0.1457 0.9348 0.3240
vn 0.1460 0.9347 0.3240
vn -0.6719 0.6518 -0.3517
vn -0.6587 0.6587 -0.3636
vn -0.6532 0.6712 -0.3504
vn -0.6588 0.6586 -0.3637
vn -0.6586 0.6587 -0.3637
vn -0.6453 0.6653 -0.3755
vn -0.6639 0.6461 -0.3766
vn 0.6544 -0.6529 -0.3814
vn 0.6722 -0.6455 -0.3627
vn 0.6627 -0.6641 -0.3460
vn 0.6586 -0.6587 -0.3638
vn 0.6587 -0.6586 -0.3637
vn 0.6450 -0.6716 -0.3646
vn -0.6587 -0.6587 0.3636
vn -0.6586 -0.6587 0.3637
vn -0.6460 -0.6639 0.3767
vn -0.6652 -0.6455 0.3753
vn -0.6587 -0.6586 0.3637
vn -0.6712 -0.6531 0.3505
vn -0.6519 -0.6718 0.3518
vn 0.6587 -0.6587 0.3636
vn 0.6456 -0.6652 0.3753
vn 0.6587 -0.6586 0.3637
vn 0.6532 -0.6712 0.3504
vn 0.6718 -0.6519 0.3518
vn 0.6588 -0.6586 0.3637
vn 0.6640 -0.6460 0.3766
vn 0.6586 0.6587 0.3637
vn 0.6641 0.6627 0.3460
vn 0.6587 0.6587 0.3636
vn 0.6454 0.6722 0.3627
vn 0.6530 0.6544 0.3812
vn 0.6586 0.6588 0.3637
vn 0.6717 0.6449 0.3645
vn -0.6627 0.6641 0.3461
vn -0.6587 0.6587 0.3636
vn -0.6721 0.6455 0.3627
vn -0.6543 0.6531 0.3813
vn -0.6449 0.6717 0.3645
vn -0.6737 -0.6644 0.3236
vn -0.6899 -0.6488 0.3211
vn -0.6523 0.6362 0.4121
vn -0.6692 0.6272 0.3985
vn 0.6490 -0.6850 -0.3310
vn 0.6632 -0.6794 -0.3142
vn 0.6522 0.6832 0.3285
vn 0.6673 0.6756 0.3134
vn -0.6482 -0.6398 -0.4130
vn -0.6656 -0.6293 -0.4011
vn -0.6707 -0.6232 0.4021
vn -0.6533 -0.6384 0.4070
vn -0.6177 0.6920 0.3737
vn -0.6236 0.6770 0.3910
vn 0.6893 -0.6399 -0.3396
vn 0.6979 -0.6235 -0.3525
vn -0.6295 -0.6900 0.3572
vn -0.6332 -0.6972 0.3360
vn -0.6330 0.6639 0.3981
vn -0.6398 0.6482 0.4130
vn 0.6757 -0.6673 -0.3134
vn 0.6866 -0.6502 -0.3254
vn -0.6195 -0.6788 0.3944
vn -0.6219 -0.6884 0.3731
vn -0.6373 0.6902 0.3429
vn -0.6215 0.6970 0.3576
vn 0.6941 -0.6184 -0.3687
vn 0.6801 -0.6225 -0.3872
vn -0.6960 -0.6368 0.3318
vn -0.6938 -0.6275 0.3534
vn 0.6232 -0.6707 0.4023
vn 0.6384 -0.6534 0.4069
vn -0.6766 0.6611 -0.3244
vn -0.6923 0.6448 -0.3240
vn -0.6866 -0.6261 0.3695
vn -0.6822 -0.6183 0.3901
vn 0.6261 -0.6867 0.3694
vn 0.6182 -0.6823 0.3902
vn -0.6972 0.6333 -0.3360
vn -0.6931 0.6257 -0.3579
vn -0.6424 -0.6517 0.4032
vn -0.6255 -0.6667 0.4052
vn 0.6367 -0.6960 0.3319
vn 0.6274 -0.6939 0.3534
vn -0.6848 0.6257 -0.3735
vn -0.6788 0.6193 -0.3945
vn 0.6919 0.6177 0.3737
vn 0.6770 0.6235 0.3911
vn -0.6400 -0.6893 -0.3395
vn -0.6235 -0.6978 -0.3526
vn 0.6788 -0.6195 0.3943
vn 0.6883 -0.6221 0.3731
vn -0.6313 0.6904 -0.3531
vn -0.6367 0.6961 -0.3317
vn 0.6900 0.6373 0.3430
vn 0.6970 0.6215 0.3576
vn -0.6185 -0.6940 -0.3687
vn -0.6226 -0.6800 -0.3871
vn 0.6517 -0.6424 0.4032
vn 0.6667 -0.6256 0.4052
vn -0.6488 0.6900 -0.3209
vn -0.6662 0.6742 -0.3188
vn 0.6235 0.6978 0.3526
vn 0.6388 0.6923 0.3355
vn -0.6761 -0.6269 -0.3871
vn -0.6919 -0.6177 -0.3738
vn 0.6923 -0.6448 0.3241
vn 0.6775 -0.6624 0.3195
vn -0.6396 0.6550 -0.4023
vn -0.6233 0.6707 -0.4021
vn -0.6832 0.6522 0.3285
vn -0.6757 0.6672 0.3135
vn 0.6398 -0.6482 -0.4130
vn 0.6294 -0.6656 -0.4011
vn 0.6259 0.6789 0.3838
vn 0.6183 0.6939 0.3691
vn 0.6183 0.6941 0.3686
vn -0.6970 -0.6215 -0.3576
vn -0.6932 -0.6358 -0.3394
vn 0.6644 -0.6737 0.3234
vn 0.6488 -0.6899 0.3212
vn -0.6666 0.6255 -0.4054
vn -0.6632 0.6792 0.3143
vn -0.6467 0.6886 0.3281
vn 0.6672 -0.6310 -0.3959
vn 0.6522 -0.6361 -0.4122
vn 0.6639 0.6330 0.3981
vn 0.6482 0.6398 0.4128
vn -0.6673 -0.6757 -0.3132
vn -0.6502 -0.6866 -0.3254
vn 0.6900 -0.6295 0.3572
vn 0.6972 -0.6333 0.3360
vn -0.6183 0.6822 -0.3902
vn -0.6228 0.6902 -0.3686
vn -0.6979 0.6234 0.3525
vn -0.6923 0.6389 0.3356
vn 0.6267 -0.6762 -0.3872
vn 0.6176 -0.6920 -0.3738
vn 0.6793 0.6632 0.3142
vn 0.6886 0.6466 0.3281
vn -0.6309 -0.6672 -0.3959
vn -0.6361 -0.6523 -0.4121
vn -0.6448 -0.6923 0.3240
vn -0.6625 -0.6775 0.3195
vn -0.6787 0.6263 0.3835
vn -0.6940 0.6184 0.3687
vn 0.6214 -0.6971 -0.3576
vn 0.6357 -0.6934 -0.3392
vn 0.6362 0.6522 0.4120
vn 0.6272 0.6692 0.3985
vn -0.6850 -0.6490 -0.3310
vn -0.6794 -0.6631 -0.3141
vn 0.0000 -0.9315 0.3636
vn -0.0001 -0.9315 0.3637
vn 0.0000 -0.9315 0.3638
vn -0.9316 -0.0000 0.3636
vn -0.9315 0.0001 0.3638
vn -0.9315 0.0002 0.3638
vn 0.3715 -0.7138 -0.5937
vn 0.4778 -0.8175 -0.3215
vn -0.5693 -0.8175 0.0873
vn -0.6756 -0.7137 -0.1849
vn 0.4475 0.8002 -0.3992
vn 0.3457 0.6670 -0.6600
vn -0.7014 0.6670 -0.2513
vn -0.5997 0.8002 0.0096
vn 0.8146 0.2092 0.5410
vn 0.7661 0.4892 0.4169
vn -0.2811 0.4891 0.8257
vn -0.2325 0.2091 0.9498
vn 0.6755 0.7138 0.1849
vn 0.5693 0.8175 -0.0873
vn -0.4779 0.8174 0.3215
vn -0.3716 0.7137 0.5937
vn 0.2325 -0.2092 -0.9498
vn 0.2809 -0.4892 -0.8257
vn -0.7662 -0.4891 -0.4168
vn -0.8145 -0.2091 -0.5411
vn 0.5996 -0.8003 -0.0095
vn 0.7013 -0.6670 0.2514
vn -0.3456 -0.6670 0.6601
vn -0.4475 -0.8002 0.3993
vn 0.2640 0.4179 -0.8693
vn 0.2262 0.1257 -0.9659
vn -0.7830 0.4180 -0.4606
vn 0.7830 -0.4180 0.4606
vn 0.8209 -0.1257 0.5571
vn -0.2262 -0.1257 0.9659
vn -0.2640 -0.4179 0.8693
vn 0.6531 0.6544 0.3811
vn 0.6716 0.6450 0.3645
vn 0.6587 0.6586 0.3637
vn 0.6640 0.6627 0.3462
vn 0.6587 0.6587 0.3638
vn -0.0001 -0.9316 0.3636
vn -0.0000 -0.9316 0.3635
vn 0.0001 -0.9316 0.3636
vn 0.0002 -0.9315 0.3637
vn 0.0001 -0.9315 0.3638
vn 0.8174 0.5694 -0.0873
vn 0.7137 0.6756 0.1849
vn 0.7137 -0.3716 0.5937
vn 0.8175 -0.4779 0.3215
vn -0.8175 0.4778 -0.3215
vn -0.7137 0.3716 -0.5937
vn -0.7138 -0.6755 -0.1849
vn -0.8174 -0.5694 0.0873
vn 0.4894 0.7661 0.4167
vn 0.4889 0.7662 0.4171
vn 0.4894 0.7661 0.4165
vn 0.2092 0.8146 0.5410
vn 0.2092 -0.2324 0.9498
vn 0.4891 -0.2810 0.8257
vn -0.1258 0.8209 0.5571
vn -0.4179 0.7831 0.4605
vn -0.4178 -0.2641 0.8693
vn -0.1257 -0.2262 0.9659
vn 0.6669 0.3457 -0.6601
vn 0.8001 0.4476 -0.3993
vn 0.6670 -0.7014 -0.2513
vn -0.6670 0.7014 0.2513
vn -0.8002 0.5996 -0.0095
vn -0.6669 -0.3458 0.6601
vn 0.1257 0.2263 -0.9659
vn 0.4179 0.2640 -0.8693
vn 0.4180 -0.7831 -0.4605
vn 0.1257 -0.8209 -0.5571
vn -0.4891 0.2811 -0.8257
vn -0.2092 0.2326 -0.9498
vn -0.2092 -0.8146 -0.5410
vn -0.4892 -0.7661 -0.4169
vn 0.9316 0.0000 -0.3635
vn 0.9316 -0.0001 -0.3635
vn 0.9315 -0.0002 -0.3637
vn 0.9315 0.0003 -0.3637
vn -0.0001 0.0000 1.0000
vn 0.0001 0.0000 1.0000
vn -0.0002 -0.0002 -1.0000
vn -0.0003 0.0000 -1.0000
vn -0.0002 0.0002 -1.0000
vn 0.0000 0.0002 -1.0000
vn 0.0002 0.0002 -1.0000
vn -0.0002 0.0000 -1.0000
vn 0.0002 -0.0002 -1.0000
vn 0.0000 -0.0002 -1.0000
vn 0.8099 0.1676 -0.5621
vn 0.6912 0.4541 -0.5621
vn 0.6912 0.4541 0.5622
vn 0.8098 0.1677 0.5622
vn -0.1677 0.8099 -0.5620
vn -0.4541 0.6912 -0.5621
vn -0.4541 0.6912 0.5621
vn -0.1677 0.8099 0.5621
vn 0.6913 -0.4541 -0.5621
vn 0.8099 -0.1677 -0.5621
vn 0.8098 -0.1677 0.5622
vn 0.6912 -0.4541 0.5621
vn -0.4542 -0.6912 -0.5620
vn -0.1677 -0.8099 -0.5620
vn -0.1677 -0.8099 0.5621
vn -0.4541 -0.6912 0.5621
vn 0.4541 0.6912 -0.5621
vn 0.1677 0.8099 -0.5620
vn 0.1677 0.8099 0.5621
vn 0.4541 0.6912 0.5621
vn -0.6913 0.4541 -0.5621
vn -0.8099 0.1677 -0.5620
vn -0.6913 0.4541 0.5621
vn 0.1677 -0.8099 -0.5621
vn 0.4541 -0.6913 -0.5621
vn 0.4541 -0.6913 0.5621
vn 0.1677 -0.8099 0.5621
vn -0.8099 -0.1677 -0.5620
vn -0.6913 -0.4541 -0.5621
vn -0.6912 -0.4541 0.5621
vn -0.8099 -0.1677 0.5621
vn -0.0002 -0.9315 -0.3637
vn 0.0001 -0.9315 -0.3638
vn 0.9316 -0.0000 0.3636
vn 0.9315 -0.0002 0.3638
vn 0.9315 -0.0002 0.3637
vn 0.9315 -0.0001 0.3636
vn 0.9316 0.0001 0.3636
vn 0.9315 0.0001 0.3638
vn -0.9316 0.0000 -0.3635
vn -0.9315 0.0002 -0.3638
vn -0.9315 0.0002 -0.3637
vn -0.9316 -0.0001 -0.3635
vn -0.7661 0.4892 0.4169
vn -0.8145 0.2092 0.5411
vn 0.2325 0.2092 0.9498
vn 0.2811 0.4891 0.8257
vn -0.2263 0.1258 -0.9659
vn -0.2640 0.4179 -0.8693
vn 0.7832 0.4179 -0.4604
vn 0.8209 0.1257 -0.5571
vn -0.2810 -0.4891 -0.8257
vn -0.2326 -0.2092 -0.9498
vn 0.8146 -0.2092 -0.5410
vn 0.7660 -0.4893 -0.4170
vn -0.7016 -0.6669 0.2511
vn -0.5997 -0.8001 -0.0096
vn 0.4474 -0.8003 0.3992
vn 0.3457 -0.6670 0.6600
vn -0.8208 -0.1257 0.5572
vn -0.7833 -0.4178 0.4603
vn 0.2640 -0.4179 0.8693
vn 0.2263 -0.1258 0.9659
vn -0.5693 0.8174 -0.0873
vn -0.6755 0.7137 0.1850
vn 0.3716 0.7137 0.5937
vn 0.4779 0.8174 0.3216
vn -0.3457 0.6669 -0.6600
vn -0.4475 0.8002 -0.3993
vn 0.5997 0.8002 0.0096
vn 0.7015 0.6669 -0.2512
vn -0.4779 -0.8174 -0.3216
vn -0.3716 -0.7137 -0.5938
vn 0.6754 -0.7139 -0.1851
vn 0.5693 -0.8175 0.0872
vn -0.6569 -0.6604 0.3638
vn -0.6656 -0.6557 0.3565
vn -0.6581 -0.6579 0.3662
vn -0.6550 -0.6659 0.3572
vn -0.6606 -0.6568 0.3635
vn -0.6515 -0.6617 0.3710
vn -0.6592 -0.6594 0.3615
vn -0.6623 -0.6514 0.3701
vn -0.0001 0.9316 0.3636
vn -0.0001 0.9315 0.3638
vn -0.2092 -0.2326 -0.9498
vn -0.4891 -0.2811 -0.8257
vn -0.4892 0.7661 -0.4170
vn -0.2092 0.8145 -0.5411
vn 0.2092 -0.8145 0.5411
vn 0.4892 -0.7661 0.4169
vn 0.4891 0.2811 0.8257
vn 0.2092 0.2326 0.9498
vn 0.4179 -0.2640 -0.8693
vn 0.1257 -0.2263 -0.9659
vn 0.1257 0.8208 -0.5571
vn 0.4179 0.7832 -0.4605
vn -0.8002 -0.5997 -0.0096
vn -0.6670 -0.7015 0.2512
vn -0.6670 0.3456 0.6600
vn -0.8002 0.4475 0.3993
vn 0.7138 -0.6755 0.1850
vn 0.8175 -0.5693 -0.0873
vn 0.8174 0.4779 0.3216
vn -0.4179 -0.7832 0.4605
vn -0.1258 -0.8208 0.5572
vn -0.1257 0.2264 0.9659
vn -0.4179 0.2639 0.8693
vn -0.7137 -0.3716 -0.5937
vn -0.8174 -0.4779 -0.3216
vn -0.8175 0.5693 0.0872
vn -0.8174 0.5694 0.0869
vn -0.8175 0.5693 0.0877
vn -0.7138 0.6755 -0.1849
vn 0.8002 -0.4475 -0.3993
vn 0.6669 -0.3457 -0.6601
vn 0.6670 0.7014 -0.2512
vn 0.8002 0.5997 0.0096
vn 0.6586 -0.6587 0.3637
vn 0.6717 -0.6519 0.3518
vn 0.6638 -0.6462 0.3765
vn 0.6587 -0.6588 0.3636
vn 0.6453 -0.6653 0.3754
vn 0.6588 -0.6585 0.3638
vn 0.6533 -0.6711 0.3506
vn -0.6544 0.6530 0.3813
vn -0.6450 0.6717 0.3645
vn -0.6588 0.6586 0.3637
vn -0.6627 0.6642 0.3459
vn -0.6586 0.6587 0.3638
vn -0.6586 0.6587 0.3637
vn -0.6720 0.6456 0.3627
vn 0.6519 0.6717 -0.3518
vn 0.6586 0.6587 -0.3638
vn 0.6711 0.6532 -0.3506
vn 0.6653 0.6454 -0.3753
vn 0.6461 0.6639 -0.3766
vn -0.6639 0.6462 -0.3765
vn -0.6586 0.6588 -0.3638
vn -0.6717 0.6520 -0.3518
vn -0.6587 0.6586 -0.3638
vn -0.6455 0.6652 -0.3752
vn -0.6586 -0.6587 -0.3637
vn -0.6717 -0.6449 -0.3645
vn -0.6586 -0.6588 -0.3637
vn -0.6454 -0.6722 -0.3627
vn -0.6588 -0.6586 -0.3637
vn -0.6641 -0.6628 -0.3461
vn 0.6450 -0.6717 -0.3645
vn 0.6587 -0.6587 -0.3636
vn 0.6544 -0.6531 -0.3811
vn 0.6721 -0.6456 -0.3627
vn 0.6586 -0.6587 -0.3637
vn 0.6627 -0.6641 -0.3462
vn -0.4534 -0.2863 -0.8441
vn -0.7742 -0.1645 -0.6112
vn -0.2310 -0.1468 0.9618
vn -0.2665 -0.5602 0.7843
vn -0.1084 -0.7492 0.6534
vn 0.3028 -0.6807 0.6671
vn -0.0350 0.7056 -0.7077
vn 0.3733 0.6220 -0.6883
vn -0.1606 0.0881 -0.9831
vn -0.1915 0.5135 -0.8364
vn -0.4271 0.2973 0.8539
vn 0.0065 0.3698 0.9291
vn 0.4199 0.8165 0.3963
vn 0.6597 0.4802 0.5780
vn 0.8243 0.2695 0.4979
vn 0.9538 0.2827 0.1016
vn 0.5413 -0.8397 -0.0444
vn 0.2016 -0.9450 -0.2577
vn 0.4626 0.2779 0.8419
vn 0.0881 0.1605 0.9831
vn 0.6220 -0.3733 0.6883
vn 0.6347 0.0703 0.7695
vn 0.4096 -0.6681 0.6212
vn 0.6873 -0.6735 0.2721
vn 0.3319 0.8443 -0.4207
vn 0.3222 0.9465 -0.0164
vn 0.8561 0.4127 -0.3111
vn 0.5419 0.6772 -0.4978
vn -0.9315 0.1463 -0.3331
vn -0.8056 0.5552 -0.2068
vn -0.2889 -0.4324 0.8541
vn -0.3685 0.0051 0.9296
vn -0.5220 0.2140 0.8257
vn -0.8227 0.1014 0.5594
vn -0.7789 0.6020 0.1757
vn -0.7233 0.4232 0.5457
vn -0.5988 -0.7811 0.1771
vn -0.4143 -0.7273 0.5472
vn -0.9481 -0.1934 0.2525
vn -0.7962 -0.5945 0.1125
vn 0.2158 0.0487 0.9752
vn 0.2524 -0.3572 0.8993
vn -0.1385 -0.9345 -0.3279
vn -0.5537 -0.8069 -0.2060
vn -0.7431 -0.6123 -0.2700
vn -0.6722 -0.4008 -0.6225
vn 0.8165 -0.4200 0.3962
vn 0.4803 -0.6597 0.5780
vn 0.2695 -0.8244 0.4978
vn 0.2825 -0.9539 0.1015
vn 0.6723 0.4007 0.6225
vn 0.6747 0.6858 0.2729
vn 0.5001 0.8552 0.1358
vn 0.1384 0.9346 0.3278
vn 0.8443 -0.3319 -0.4207
vn 0.9465 -0.3222 -0.0164
vn 0.4125 -0.8561 -0.3112
vn 0.6772 -0.5419 -0.4978
vn -0.0459 0.2129 0.9760
vn 0.3629 0.2442 0.8993
vn -0.1709 0.7780 0.6045
vn -0.2027 0.4242 0.8826
vn -0.2826 0.9539 -0.1015
vn -0.3590 0.7809 -0.5111
vn -0.5125 0.5813 -0.6320
vn -0.8165 0.4199 -0.3964
vn 0.8227 -0.1014 -0.5594
vn 0.4897 -0.1262 -0.8627
vn 0.2789 0.0291 -0.9599
vn 0.2888 0.4325 -0.8541
vn -0.7057 -0.0349 -0.7077
vn -0.6220 0.3733 -0.6883
vn -0.0881 -0.1606 -0.9831
vn -0.5137 -0.1912 -0.8364
vn -0.6014 0.5749 0.5549
vn -0.9466 0.3221 0.0164
vn -0.7983 0.4206 0.4310
vn 0.2889 -0.4559 -0.8418
vn 0.1709 -0.7780 -0.6046
vn -0.3629 -0.2442 -0.8992
vn 0.0815 -0.3030 -0.9495
vn -0.3028 0.6807 -0.6670
vn 0.1455 0.6812 -0.7175
vn 0.3514 0.5062 -0.7876
vn 0.2310 0.1468 -0.9618
vn 0.2779 -0.4626 0.8419
vn 0.1606 -0.0880 0.9831
vn -0.3733 -0.6220 0.6883
vn 0.0702 -0.6348 0.7694
vn 0.8418 0.5381 -0.0429
vn 0.9481 0.1934 -0.2525
vn 0.4142 0.7273 -0.5472
vn 0.6751 0.7156 -0.1793
vn -0.9539 -0.2825 -0.1015
vn -0.7808 -0.3592 -0.5112
vn -0.5814 -0.5124 -0.6320
vn -0.4201 -0.8164 -0.3963
vn 0.6807 0.3029 -0.6670
vn 0.6811 -0.1456 -0.7175
vn 0.5062 -0.3515 -0.7876
vn 0.1468 -0.2311 -0.9618
vn -0.0945 -0.8191 -0.5659
vn -0.1248 -0.4883 -0.8637
vn -0.5750 -0.6011 0.5550
vn -0.8561 -0.4126 0.3111
vn -0.3223 -0.9465 0.0164
vn -0.4208 -0.7982 0.4310
vn -0.1467 0.2311 0.9618
vn -0.5602 0.2666 0.7843
vn -0.7492 0.1084 0.6534
vn -0.6807 -0.3029 0.6671
vn 0.0003 0.9315 -0.3637
vn -0.9486 -0.1301 0.2885
vn 0.1456 -0.9348 0.3239
vn 0.1456 -0.9347 0.3241
vn 0.1455 0.9347 0.3244
vn 0.1451 0.9349 0.3240
vn -0.6484 -0.6350 -0.4200
vn -0.6274 0.6939 -0.3534
vn -0.6517 0.6425 -0.4031
vn 0.4875 0.7679 0.4154
vn 0.4878 0.7676 0.4157
vn 0.4870 0.7679 0.4160
vn -0.4163 0.7847 0.4593
vn 0.7986 -0.6018 0.0087
vn 0.7984 -0.6021 0.0088
vn 0.7987 -0.6017 0.0103
vn -0.8159 0.5715 0.0876
vn -0.8160 0.5714 0.0871
vn 0.8097 -0.0155 -0.5866
vn -0.4786 0.8416 0.2503
vn -0.4785 0.8418 0.2498
vn -0.4781 0.8420 0.2497
vn 0.9486 0.1301 -0.2885
vn 0.1459 -0.9346 0.3243
vn 0.1456 -0.9349 0.3238
vn 0.1457 -0.9349 0.3237
vn -0.6497 0.6417 -0.4076
vn -0.6496 0.6416 -0.4079
vn -0.6501 0.6413 -0.4076
vn -0.8208 0.1257 -0.5572
vn 0.7999 -0.6000 0.0092
vn 0.8002 -0.5996 0.0101
vn 0.8002 -0.5997 0.0089
vn -0.8002 -0.4476 0.3993
vn -0.8099 0.1677 0.5621
vn -0.8099 0.1680 0.5620
vn -0.8099 0.1672 0.5622
vn 0.7137 0.3717 0.5937
vn 0.6588 -0.6586 0.3636
vn -0.4129 0.8559 0.3114
vn -0.4124 0.8563 0.3108
vn -0.4127 0.8559 0.3116
s off
f 1/1/1 2/2/1 3/3/1
f 4/4/2 5/5/2 6/6/2
f 7/7/3 8/8/3 9/9/3
f 10/10/4 11/11/4 12/12/4
f 16/13/5 17/14/5 18/15/5
f 19/16/6 20/17/6 21/18/6
f 22/19/7 23/20/7 24/21/7
f 25/22/8 26/23/8 27/24/8
f 28/25/9 29/26/9 30/27/9
f 31/28/10 32/29/10 33/30/10
f 34/31/11 35/32/11 36/33/11
f 37/34/12 38/35/12 39/36/12
f 40/37/13 41/38/13 42/39/13
f 43/40/14 44/41/14 45/42/14
f 46/43/15 47/44/15 48/45/15
f 49/46/16 50/47/16 51/48/16
f 52/49/17 53/50/17 54/51/17
f 55/52/18 56/53/18 57/54/18
f 58/55/19 59/56/19 60/57/19
f 61/58/20 62/59/20 63/60/20
f 64/61/21 65/62/21 66/63/21
f 67/64/22 68/65/22 69/66/22
f 70/67/23 71/68/23 72/69/23
f 73/70/24 74/71/24 75/72/24
f 76/73/25 77/74/25 78/75/25
f 79/76/26 80/77/26 81/78/26
f 82/79/27 83/80/27 84/81/27
f 85/82/28 86/83/28 87/84/28
f 88/85/29 89/86/29 90/87/29
f 91/88/30 92/89/30 93/90/30
f 94/91/31 95/92/31 96/93/31
f 97/94/32 98/95/32 99/96/32
f 100/97/33 101/98/33 102/99/33
f 103/100/34 104/101/34 105/102/34
f 106/103/35 107/104/35 108/105/35
f 109/106/36 110/107/36 111/108/36
f 112/109/37 113/110/37 114/111/37
f 115/112/38 116/113/38 117/114/38
f 118/115/39 119/116/39 120/117/39
f 121/118/40 122/119/40 123/120/40
f 124/121/41 125/122/41 126/123/41
f 127/124/42 128/125/42 129/126/42
f 130/127/43 131/128/44 132/129/43
f 133/130/45 134/131/45 135/132/45
f 136/133/46 137/134/46 138/135/46
f 139/136/47 140/137/47 141/138/47
f 142/139/48 143/140/48 144/141/48
f 145/142/49 146/143/49 147/144/49
f 148/145/50 149/146/50 150/147/50
f 151/148/51 152/149/51 153/150/51
f 154/151/52 155/152/52 156/153/52
f 157/154/53 158/155/53 159/156/53
f 163/157/54 164/158/54 165/159/54
f 166/160/55 167/161/55 168/162/55
f 169/163/56 170/164/56 171/165/56
f 172/166/57 173/167/57 174/168/57
f 175/169/58 176/170/58 177/171/58
f 178/172/59 179/173/59 180/174/59
f 181/175/60 182/176/60 183/177/60
f 184/178/61 185/179/61 186/180/61
f 187/181/62 188/182/62 189/183/62
f 190/184/63 191/185/63 192/186/63
f 193/187/64 194/188/64 195/189/64
f 196/190/65 197/191/65 198/192/65
f 199/193/66 200/194/66 201/195/66
f 202/196/67 203/197/67 204/198/67
f 205/199/68 206/200/68 207/201/68
f 208/202/69 209/203/69 210/204/69
f 211/205/70 212/206/70 213/207/70
f 214/208/71 215/209/71 216/210/71
f 217/211/72 218/212/72 219/213/72
f 220/214/73 221/215/73 222/216/73
f 223/217/74 224/218/74 225/219/74
f 226/220/75 227/221/75 228/222/75
f 229/223/76 230/224/76 231/225/76
f 232/226/77 233/227/77 234/228/77
f 235/229/78 236/230/78 237/231/78
f 238/232/79 239/233/79 240/234/79
f 241/235/80 242/236/80 243/237/80
f 244/238/81 245/239/81 246/240/81
f 247/241/82 248/242/82 249/243/82
f 250/244/83 251/245/83 252/246/83
f 253/247/84 254/248/84 255/249/84
f 256/250/85 257/251/85 258/252/85
f 259/253/86 260/254/86 261/255/86
f 262/256/87 263/257/87 264/258/87
f 265/259/88 266/260/88 267/261/88
f 268/262/89 269/263/89 270/264/89
f 271/265/90 272/266/90 273/267/90
f 274/268/91 275/269/91 276/270/91
f 277/271/92 278/272/92 279/273/92
f 280/274/93 281/275/93 282/276/93
f 283/277/94 284/278/94 285/279/94
f 286/280/95 287/281/95 288/282/95
f 289/283/96 290/284/96 291/285/96
f 292/286/97 293/287/97 294/288/97
f 295/289/98 296/290/98 297/291/98
f 298/292/99 299/293/99 300/294/99
f 301/295/100 302/296/100 303/297/100
f 304/298/101 305/299/101 306/300/101
f 307/301/102 308/302/102 309/303/102
f 310/304/103 311/305/103 312/306/103
f 313/307/104 314/308/104 315/309/104
f 316/310/105 317/311/105 318/312/105
f 319/313/106 320/314/106 321/315/106
f 322/316/107 323/317/107 324/318/107
f 325/319/108 326/320/108 327/321/108
f 328/322/109 329/323/109 330/324/109
f 331/325/110 332/326/110 333/327/110
f 334/328/111 335/329/111 336/330/111
f 337/331/112 338/332/112 339/333/112
f 340/334/113 341/335/113 342/336/113
f 343/337/114 344/338/114 345/339/114
f 346/340/115 347/341/115 348/342/115
f 349/343/116 350/344/116 351/345/116
f 352/346/117 353/347/117 354/348/117
f 355/349/118 356/350/118 357/351/118
f 358/352/119 359/353/119 360/354/119
f 361/355/120 362/356/120 363/357/120
f 364/358/121 365/359/121 366/360/121
f 367/361/122 368/362/122 369/363/122
f 370/364/123 371/365/123 372/366/123
f 373/367/124 374/368/124 375/369/124
f 376/370/125 377/371/125 378/372/125
f 379/373/126 380/374/126 381/375/126
f 382/376/127 383/377/127 384/378/127
f 385/379/128 386/380/128 387/381/128
f 388/382/129 389/383/129 390/384/129
f 391/385/130 392/386/130 393/387/130
f 394/388/131 395/389/131 396/390/131
f 397/391/132 398/392/132 399/393/132
f 400/394/133 401/395/133 402/396/133
f 403/397/134 404/398/134 405/399/134
f 406/400/135 407/401/135 408/402/135
f 409/403/136 410/404/136 411/405/136
f 412/406/137 413/407/137 414/408/137
f 415/409/138 416/410/138 417/411/138
f 418/412/139 419/413/139 420/414/139
f 421/415/140 422/416/140 423/417/140
f 424/418/141 425/419/141 426/420/141
f 427/421/142 428/422/142 429/423/142
f 430/424/143 431/425/143 432/426/143
f 433/427/144 434/428/144 435/429/144
f 436/430/145 437/431/145 438/432/145
f 439/433/146 440/434/146 441/435/146
f 442/436/147 443/437/147 444/438/147
f 445/439/148 446/440/148 447/441/148
f 448/442/149 449/443/149 450/444/149
f 451/445/150 452/446/150 453/447/150
f 454/448/151 455/449/151 456/450/151
f 457/451/152 458/452/152 459/453/152
f 460/454/153 461/455/153 462/456/153
f 463/457/154 464/458/154 465/459/154
f 466/460/155 467/461/155 468/462/155
f 469/463/156 470/464/156 471/465/156
f 472/466/157 473/467/157 474/468/157
f 475/469/158 476/470/158 477/471/158
f 478/472/159 479/473/159 480/474/159
f 481/475/160 482/476/160 483/477/160
f 484/478/161 485/479/161 486/480/161
f 487/481/162 488/482/162 489/483/162
f 490/484/163 491/485/163 492/486/163
f 493/487/164 494/488/164 495/489/164
f 496/490/165 497/491/166 498/492/165
f 499/493/167 500/494/167 501/495/167
f 502/496/168 503/497/168 504/498/168
f 505/499/169 506/500/169 507/501/169
f 508/502/170 509/503/170 510/504/170
f 514/505/171 515/506/171 516/507/171
f 517/508/172 518/509/172 519/510/172
f 520/511/173 521/512/173 522/513/173
f 523/514/174 524/515/174 525/516/174
f 526/517/175 527/518/175 528/519/175
f 529/520/176 530/521/176 531/522/176
f 532/523/177 533/524/177 534/525/177
f 535/526/178 536/527/178 537/528/178
f 538/529/179 539/530/179 540/531/179
f 541/532/180 542/533/180 543/534/180
f 544/535/181 545/536/181 546/537/181
f 547/538/182 548/539/182 549/540/182
f 550/541/183 551/542/183 552/543/183
f 553/544/184 554/545/184 555/546/184
f 559/547/185 560/548/185 561/549/185
f 562/550/186 563/551/186 564/552/186
f 565/553/187 566/554/187 567/555/187
f 568/556/188 569/557/188 570/558/188
f 571/559/189 572/560/189 573/561/189
f 574/562/190 575/563/190 576/564/190
f 577/565/191 578/566/191 579/567/191
f 580/568/192 581/569/192 582/570/192
f 583/571/193 584/572/193 585/573/193
f 586/574/194 587/575/194 588/576/194
f 589/577/195 590/578/195 591/579/195
f 592/580/196 593/581/196 594/582/196
f 595/583/197 596/584/197 597/585/197
f 598/586/198 599/587/198 600/588/198
f 601/589/199 602/590/199 603/591/199
f 604/592/200 605/593/200 606/594/200
f 607/595/201 608/596/201 609/597/201
f 610/598/202 611/599/202 612/600/202
f 613/601/203 614/602/203 615/603/203
f 616/604/204 617/605/204 618/606/204
f 619/607/205 620/608/205 621/609/205
f 622/610/206 623/611/206 624/612/206
f 625/613/207 626/614/207 627/615/207
f 628/616/208 629/617/208 630/618/208
f 631/619/209 632/620/209 633/621/209
f 634/622/210 635/623/210 636/624/210
f 637/625/211 638/626/211 639/627/211
f 640/628/212 641/629/212 642/630/212
f 643/631/213 644/632/213 645/633/213
f 646/634/214 647/635/214 648/636/214
f 649/637/215 650/638/215 651/639/215
f 652/640/216 653/641/216 654/642/216
f 655/643/217 656/644/217 657/645/217
f 658/646/218 659/647/218 660/648/218
f 661/649/219 662/650/219 663/651/219
f 664/652/220 665/653/220 666/654/220
f 667/655/221 668/656/221 669/657/221
f 670/658/222 671/659/222 672/660/222
f 673/661/223 674/662/223 675/663/223
f 676/664/224 677/665/224 678/666/224
f 679/667/225 680/668/225 681/669/225
f 682/670/226 683/671/226 684/672/226
f 685/673/227 686/674/227 687/675/227
f 691/676/228 692/677/228 693/678/228
f 694/679/229 695/680/229 696/681/229
f 697/682/230 698/683/230 699/684/230
f 700/685/231 701/686/231 702/687/231
f 703/688/232 704/689/232 705/690/232
f 706/691/233 707/692/233 708/693/233
f 709/694/234 710/695/234 711/696/234
f 712/697/235 713/698/235 714/699/235
f 715/700/236 716/701/236 717/702/236
f 718/703/237 719/704/237 720/705/237
f 721/706/238 722/707/238 723/708/238
f 724/709/239 725/710/239 726/711/239
f 727/712/240 728/713/240 729/714/240
f 730/715/241 731/716/241 732/717/241
f 733/718/242 734/719/242 735/720/242
f 736/721/243 737/722/243 738/723/243
f 739/724/244 740/725/244 741/726/244
f 742/727/245 743/728/245 744/729/245
f 745/730/246 746/731/246 747/732/246
f 748/733/247 749/734/247 750/735/247
f 751/736/248 752/737/248 753/738/248
f 754/739/249 755/740/249 756/741/249
f 757/742/250 758/743/251 759/744/250
f 760/745/252 761/746/252 762/747/252
f 763/748/253 764/749/253 765/750/253
f 766/751/254 767/752/254 768/753/254
f 769/754/255 770/755/255 771/756/255
f 772/757/256 773/758/256 774/759/256
f 778/760/257 779/761/257 780/762/257
f 781/763/258 782/764/258 783/765/258
f 784/766/259 785/767/259 786/768/259
f 787/769/260 788/770/260 789/771/260
f 790/772/261 791/773/261 792/774/261
f 793/775/262 794/776/262 795/777/262
f 796/778/263 797/779/263 798/780/263
f 799/781/264 800/782/264 801/783/264
f 802/784/265 803/785/265 804/786/265
f 805/787/266 806/788/266 807/789/266
f 808/790/267 809/791/267 810/792/267
f 811/793/268 812/794/268 813/795/268
f 814/796/269 815/797/269 816/798/269
f 817/799/270 818/800/270 819/801/270
f 820/802/271 821/803/271 822/804/271
f 823/805/272 824/806/272 825/807/272
f 826/808/273 827/809/273 828/810/273
f 829/811/274 830/812/274 831/813/274
f 832/814/275 833/815/275 834/816/275
f 835/817/276 836/818/276 837/819/276
f 838/820/277 839/821/277 840/822/277
f 841/823/278 842/824/278 843/825/278
f 844/826/279 845/827/279 846/828/279
f 847/829/280 848/830/280 849/831/280
f 850/832/281 851/833/281 852/834/281
f 853/835/282 854/836/282 855/837/282
f 856/838/283 857/839/283 858/840/283
f 859/841/284 860/842/284 861/843/284
f 862/844/285 863/845/285 864/846/285
f 865/847/286 866/848/286 867/849/286
f 868/850/287 869/851/287 870/852/287
f 871/853/67 872/854/67 873/855/67
f 874/856/288 875/857/288 876/858/288
f 877/859/289 878/860/289 879/861/289
f 880/862/290 881/863/290 882/864/290
f 883/865/291 884/866/291 885/867/291
f 886/868/292 887/869/292 888/870/292
f 889/871/293 890/872/293 891/873/293
f 892/874/294 893/875/294 894/876/294
f 895/877/295 896/878/295 897/879/295
f 898/880/296 899/881/296 900/882/296
f 901/883/297 902/884/297 903/885/297
f 904/886/298 905/887/298 906/888/298
f 907/889/299 908/890/299 909/891/299
f 910/892/300 911/893/300 912/894/300
f 913/895/301 914/896/301 915/897/301
f 916/898/302 917/899/302 918/900/302
f 919/901/303 920/902/303 921/903/303
f 922/904/304 923/905/304 924/906/304
f 925/907/305 926/908/305 927/909/305
f 928/910/306 929/911/306 930/912/306
f 931/913/307 932/914/307 933/915/307
f 934/916/308 935/917/308 936/918/308
f 937/919/309 938/920/309 939/921/309
f 940/922/310 941/923/310 942/924/310
f 943/925/311 944/926/311 945/927/311
f 946/928/312 947/929/312 948/930/312
f 949/931/313 950/932/313 951/933/313
f 952/934/314 953/935/314 954/936/314
f 955/937/315 956/938/315 957/939/315
f 958/940/316 959/941/316 960/942/316
f 961/943/317 962/944/317 963/945/317
f 964/946/318 965/947/318 966/948/318
f 967/949/319 968/950/319 969/951/319
f 970/952/175 971/953/175 972/954/175
f 973/955/287 974/956/287 975/957/287
f 976/958/320 977/959/320 978/960/320
f 979/961/321 980/962/321 981/963/321
f 982/964/322 983/965/322 984/966/322
f 985/967/323 986/968/323 987/969/323
f 988/970/324 989/971/324 990/972/324
f 991/973/325 992/974/325 993/975/325
f 994/976/326 995/977/326 996/978/326
f 997/979/327 998/980/327 999/981/327
f 1003/982/328 1004/983/328 1005/984/328
f 1006/985/329 1007/986/329 1008/987/329
f 1009/988/330 1010/989/330 1011/990/330
f 1012/991/331 1013/992/331 1014/993/331
f 1018/994/332 1019/995/332 1020/996/332
f 1021/997/333 1022/998/333 1023/999/333
f 1024/1000/334 1025/1001/334 1026/1002/334
f 1027/1003/335 1028/1004/335 1029/1005/335
f 1033/1006/336 1034/1007/336 1035/1008/336
f 1036/1009/337 1037/1010/337 1038/1011/337
f 1039/1012/338 1040/1013/338 1041/1014/338
f 1042/1015/339 1043/1016/339 1044/1017/339
f 1045/1018/340 1046/1019/340 1047/1020/340
f 1048/1021/341 1049/1022/341 1050/1023/341
f 1051/1024/342 1052/1025/342 1053/1026/342
f 1054/1027/343 1055/1028/343 1056/1029/343
f 1057/1030/344 1058/1031/344 1059/1032/344
f 1060/1033/345 1061/1034/345 1062/1035/345
f 1063/1036/346 1064/1037/346 1065/1038/346
f 1066/1039/347 1067/1040/347 1068/1041/347
f 1069/1042/348 1070/1043/348 1071/1044/348
f 1072/1045/349 1073/1046/349 1074/1047/349
f 1075/1048/69 1076/1049/69 1077/1050/69
f 1078/1051/68 1079/1052/68 1080/1053/68
f 1081/1054/350 1082/1055/350 1083/1056/350
f 1084/1057/351 1085/1058/351 1086/1059/351
f 1087/1060/352 1088/1061/352 1089/1062/352
f 1090/1063/353 1091/1064/353 1092/1065/353
f 1093/1066/354 1094/1067/354 1095/1068/354
f 1096/1069/355 1097/1070/355 1098/1071/355
f 1099/1072/356 1100/1073/356 1101/1074/356
f 1102/1075/357 1103/1076/357 1104/1077/357
f 1105/1078/358 1106/1079/358 1107/1080/358
f 1108/1081/359 1109/1082/359 1110/1083/359
f 1111/1084/360 1112/1085/360 1113/1086/360
f 1114/1087/361 1115/1088/361 1116/1089/361
f 1117/1090/362 1118/1091/362 1119/1092/362
f 1120/1093/363 1121/1094/363 1122/1095/363
f 1123/1096/364 1124/1097/364 1125/1098/364
f 1126/1099/365 1127/1100/365 1128/1101/365
f 1129/1102/366 1130/1103/366 1131/1104/366
f 1132/1105/367 1133/1106/367 1134/1107/367
f 1135/1108/368 1136/1109/368 1137/1110/368
f 1138/1111/369 1139/1112/369 1140/1113/369
f 1141/1114/370 1142/1115/370 1143/1116/370
f 1144/1117/371 1145/1118/371 1146/1119/371
f 1147/1120/372 1148/1121/372 1149/1122/372
f 1150/1123/373 1151/1124/373 1152/1125/373
f 1153/1126/374 1154/1127/374 1155/1128/374
f 1156/1129/375 1157/1130/375 1158/1131/375
f 1159/1132/376 1160/1133/376 1161/1134/376
f 1162/1135/377 1163/1136/377 1164/1137/377
f 1165/1138/378 1166/1139/378 1167/1140/378
f 1168/1141/379 1169/1142/379 1170/1143/379
f 1171/1144/380 1172/1145/380 1173/1146/380
f 1174/1147/381 1175/1148/381 1176/1149/381
f 1177/1150/138 1178/1151/138 1179/1152/138
f 1180/1153/104 1181/1154/104 1182/1155/104
f 1183/1156/103 1184/1157/103 1185/1158/103
f 1186/1159/382 1187/1160/382 1188/1161/382
f 1189/1162/383 1190/1163/383 1191/1164/383
f 1192/1165/384 1193/1166/384 1194/1167/384
f 1195/1168/385 1196/1169/385 1197/1170/385
f 1198/1171/386 1199/1172/386 1200/1173/386
f 1201/1174/387 1202/1175/387 1203/1176/387
f 1204/1177/388 1205/1178/388 1206/1179/388
f 1207/1180/389 1208/1181/389 1209/1182/389
f 1210/1183/390 1211/1184/390 1212/1185/390
f 1213/1186/391 1214/1187/391 1215/1188/391
f 1216/1189/392 1217/1190/392 1218/1191/392
f 1219/1192/393 1220/1193/393 1221/1194/393
f 1222/1195/394 1223/1196/394 1224/1197/394
f 1225/1198/395 1226/1199/395 1227/1200/395
f 1228/1201/396 1229/1202/396 1230/1203/396
f 1231/1204/397 1232/1205/397 1233/1206/397
f 1234/1207/398 1235/1208/398 1236/1209/398
f 1237/1210/399 1238/1211/399 1239/1212/399
f 1240/1213/400 1241/1214/400 1242/1215/400
f 1243/1216/401 1244/1217/401 1245/1218/401
f 1246/1219/402 1247/1220/402 1248/1221/402
f 1249/1222/403 1250/1223/403 1251/1224/403
f 1252/1225/404 1253/1226/404 1254/1227/404
f 1255/1228/405 1256/1229/405 1257/1230/405
f 1258/1231/406 1259/1232/406 1260/1233/406
f 1261/1234/407 1262/1235/407 1263/1236/407
f 1264/1237/408 1265/1238/408 1266/1239/408
f 1267/1240/409 1268/1241/409 1269/1242/409
f 1270/1243/410 1271/1244/410 1272/1245/410
f 1273/1246/411 1274/1247/411 1275/1248/411
f 1276/1249/412 1277/1250/412 1278/1251/412
f 1279/1252/413 1280/1253/413 1281/1254/413
f 1282/1255/173 1283/1256/173 1284/1257/173
f 1285/1258/102 1286/1259/102 1287/1260/102
f 1288/1261/414 1289/1262/414 1290/1263/414
f 1291/1264/415 1292/1265/415 1293/1266/415
f 1294/1267/416 1295/1268/416 1296/1269/416
f 1297/1270/417 1298/1271/417 1299/1272/417
f 1300/1273/418 1301/1274/418 1302/1275/418
f 1303/1276/419 1304/1277/419 1305/1278/419
f 1306/1279/420 1307/1280/420 1308/1281/420
f 1309/1282/421 1310/1283/421 1311/1284/421
f 1312/1285/422 1313/1286/422 1314/1287/422
f 1315/1288/423 1316/1289/423 1317/1290/423
f 1318/1291/424 1319/1292/424 1320/1293/424
f 1321/1294/425 1322/1295/425 1323/1296/425
f 1324/1297/426 1325/1298/426 1326/1299/426
f 1327/1300/427 1328/1301/427 1329/1302/427
f 1330/1303/428 1331/1304/428 1332/1305/428
f 1333/1306/429 1334/1307/429 1335/1308/429
f 1336/1309/430 1337/1310/430 1338/1311/430
f 1339/1312/431 1340/1313/431 1341/1314/431
f 1342/1315/432 1343/1316/432 1344/1317/432
f 1345/1318/433 1346/1319/433 1347/1320/433
f 1348/1321/434 1349/1322/434 1350/1323/434
f 1351/1324/435 1352/1325/435 1353/1326/435
f 1354/1327/436 1355/1328/436 1356/1329/436
f 1357/1330/437 1358/1331/437 1359/1332/437
f 1360/1333/438 1361/1334/438 1362/1335/438
f 1363/1336/439 1364/1337/439 1365/1338/439
f 1369/1339/440 1370/1340/440 1371/1341/440
f 1372/1342/441 1373/1343/441 1374/1344/441
f 1375/1345/442 1376/1346/442 1377/1347/442
f 1378/1348/443 1379/1349/443 1380/1350/443
f 1381/1351/444 1382/1352/445 1383/1353/446
f 1384/1354/174 1385/1355/174 1386/1356/174
f 1387/1357/176 1388/1358/176 1389/1359/176
f 1390/1360/137 1391/1361/137 1392/1362/137
f 1393/1363/171 1394/1364/171 1395/1365/171
f 1396/1366/33 1397/1367/33 1398/1368/33
f 1399/1369/172 1400/1370/172 1401/1371/172
f 1402/1372/447 1403/1373/447 1404/1374/447
f 1405/1375/448 1406/1376/448 1407/1377/448
f 1408/1378/449 1409/1379/449 1410/1380/449
f 1411/1381/450 1412/1382/450 1413/1383/450
f 1414/1384/451 1415/1385/451 1416/1386/451
f 1417/1387/452 1418/1388/452 1419/1389/452
f 1420/1390/453 1421/1391/453 1422/1392/453
f 1423/1393/454 1424/1394/454 1425/1395/454
f 1426/1396/455 1427/1397/455 1428/1398/455
f 1429/1399/456 1430/1400/456 1431/1401/456
f 1432/1402/457 1433/1403/457 1434/1404/457
f 1435/1405/458 1436/1406/458 1437/1407/458
f 1438/1408/459 1439/1409/459 1440/1410/459
f 1441/1411/460 1442/1412/460 1443/1413/460
f 1444/1414/461 1445/1415/461 1446/1416/461
f 1447/1417/462 1448/1418/462 1449/1419/462
f 1450/1420/463 1451/1421/463 1452/1422/463
f 1453/1423/464 1454/1424/464 1455/1425/464
f 1456/1426/465 1457/1427/465 1458/1428/465
f 1459/1429/466 1460/1430/466 1461/1431/466
f 1462/1432/467 1463/1433/467 1464/1434/467
f 1465/1435/468 1466/1436/468 1467/1437/468
f 1468/1438/469 1469/1439/469 1470/1440/469
f 1471/1441/470 1472/1442/470 1473/1443/470
f 1474/1444/471 1475/1445/471 1476/1446/471
f 1477/1447/472 1478/1448/472 1479/1449/472
f 1480/1450/473 1481/1451/473 1482/1452/473
f 1483/1453/474 1484/1454/474 1485/1455/474
f 1486/1456/475 1487/1457/475 1488/1458/475
f 1489/1459/476 1490/1460/476 1491/1461/476
f 1492/1462/477 1493/1463/477 1494/1464/477
f 1495/1465/478 1496/1466/478 1497/1467/478
f 1498/1468/479 1499/1469/479 1500/1470/479
f 1501/1471/480 1502/1472/480 1503/1473/480
f 1504/1474/481 1505/1475/481 1506/1476/481
f 1507/1477/482 1508/1478/482 1509/1479/482
f 1510/1480/483 1511/1481/483 1512/1482/483
f 1513/1483/484 1514/1484/484 1515/1485/484
f 1516/1486/485 1517/1487/485 1518/1488/485
f 1519/1489/486 1520/1490/486 1521/1491/486
f 1522/1492/487 1523/1493/487 1524/1494/487
f 1525/1495/488 1526/1496/488 1527/1497/488
f 1528/1498/489 1529/1499/489 1530/1500/489
f 1531/1501/490 1532/1502/490 1533/1503/490
f 1534/1504/491 1535/1505/491 1536/1506/491
f 1537/1507/492 1538/1508/492 1539/1509/492
f 1540/1510/493 1541/1511/493 1542/1512/493
f 1543/1513/494 1544/1514/494 1545/1515/494
f 1546/1516/495 1547/1517/495 1548/1518/495
f 1549/1519/496 1550/1520/496 1551/1521/496
f 1552/1522/497 1553/1523/497 1554/1524/497
f 1555/1525/498 1556/1526/498 1557/1527/498
f 1558/1528/499 1559/1529/499 1560/1530/499
f 1561/1531/500 1562/1532/500 1563/1533/500
f 1564/1534/501 1565/1535/501 1566/1536/501
f 1567/1537/502 1568/1538/502 1569/1539/502
f 1570/1540/503 1571/1541/503 1572/1542/503
f 1573/1543/504 1574/1544/504 1575/1545/504
f 1576/1546/505 1577/1547/505 1578/1548/505
f 1579/1549/506 1580/1550/506 1581/1551/506
f 1582/1552/507 1583/1553/507 1584/1554/507
f 1585/1555/508 1586/1556/508 1587/1557/508
f 1588/1558/509 1589/1559/509 1590/1560/509
f 1591/1561/510 1592/1562/510 1593/1563/510
f 1594/1564/511 1595/1565/511 1596/1566/511
f 1597/1567/512 1598/1568/512 1599/1569/512
f 1603/1570/513 1604/1571/513 1605/1572/513
f 1606/1573/514 1607/1574/514 1608/1575/514
f 1609/1576/515 1610/1577/515 1611/1578/515
f 1612/1579/516 1613/1580/516 1614/1581/516
f 1615/1582/517 1616/1583/517 1617/1584/517
f 1618/1585/518 1619/1586/518 1620/1587/518
f 1621/1588/519 1622/1589/519 1623/1590/519
f 1624/1591/520 1625/1592/520 1626/1593/520
f 1630/1594/521 1631/1595/521 1632/1596/521
f 1633/1597/522 1634/1598/522 1635/1599/522
f 1636/1600/523 1637/1601/523 1638/1602/523
f 1639/1603/524 1640/1604/524 1641/1605/524
f 1642/1606/525 1643/1607/525 1644/1608/525
f 1645/1609/526 1646/1610/527 1647/1611/528
f 1648/1612/529 1649/1613/529 1650/1614/529
f 1651/1615/530 1652/1616/530 1653/1617/530
f 1654/1618/531 1655/1619/531 1656/1620/531
f 1657/1621/532 1658/1622/532 1659/1623/532
f 1660/1624/533 1661/1625/533 1662/1626/533
f 1663/1627/534 1664/1628/534 1665/1629/534
f 1666/1630/535 1667/1631/535 1668/1632/535
f 1669/1633/536 1670/1634/536 1671/1635/536
f 1672/1636/537 1673/1637/537 1674/1638/537
f 1675/1639/538 1676/1640/538 1677/1641/538
f 1678/1642/539 1679/1643/539 1680/1644/539
f 1681/1645/540 1682/1646/540 1683/1647/540
f 1684/1648/541 1685/1649/541 1686/1650/541
f 1687/1651/542 1688/1652/542 1689/1653/542
f 1690/1654/543 1691/1655/543 1692/1656/543
f 1693/1657/544 1694/1658/544 1695/1659/544
f 1696/1660/545 1697/1661/545 1698/1662/545
f 1699/1663/546 1700/1664/546 1701/1665/546
f 1702/1666/547 1703/1667/547 1704/1668/547
f 1705/1669/548 1706/1670/548 1707/1671/548
f 1708/1672/549 1709/1673/549 1710/1674/549
f 1711/1675/550 1712/1676/550 1713/1677/550
f 1714/1678/551 1715/1679/551 1716/1680/551
f 1717/1681/552 1718/1682/552 1719/1683/552
f 1720/1684/553 1721/1685/553 1722/1686/553
f 1723/1687/554 1724/1688/554 1725/1689/554
f 1726/1690/555 1727/1691/555 1728/1692/555
f 1729/1693/556 1730/1694/556 1731/1695/556
f 1732/1696/557 1733/1697/557 1734/1698/557
f 1735/1699/558 1736/1700/558 1737/1701/558
f 1738/1702/34 1739/1703/34 1740/1704/34
f 1741/1705/559 1742/1706/559 1743/1707/559
f 1744/1708/560 1745/1709/560 1746/1710/560
f 1747/1711/561 1748/1712/561 1749/1713/561
f 1750/1714/1 1751/1715/1 3/3/1
f 1752/1716/349 1753/1717/349 1754/1718/349
f 1/1/1 1755/1719/1 1756/1720/1
f 1754/1718/562 1757/1721/562 1758/1722/562
f 3/3/1 1755/1719/1 1/1/1
f 1759/1723/1 1760/1724/1 1761/1725/1
f 1762/1726/563 1763/1727/563 1764/1728/563
f 1756/1720/1 1765/1729/1 1/1/1
f 1762/1726/563 1766/1730/563 1767/1731/563
f 3/3/1 2/2/1 1750/1714/1
f 1768/1732/564 1769/1733/564 1770/1734/564
f 1771/1735/565 1772/1736/565 1773/1737/565
f 1774/1738/566 1775/1739/566 1776/1740/566
f 1777/1741/567 1778/1742/567 1779/1743/567
f 1780/1744/568 1781/1745/568 1782/1746/568
f 1783/1747/569 1784/1748/569 1785/1749/569
f 1786/1750/570 1787/1751/570 1788/1752/570
f 1789/1753/571 1790/1754/571 1791/1755/571
f 1792/1756/572 1793/1757/572 1794/1758/572
f 1795/1759/573 1796/1760/573 1797/1761/573
f 1798/1762/574 1799/1763/574 1800/1764/574
f 1801/1765/575 1802/1766/575 1803/1767/575
f 1807/1768/576 1808/1769/576 1809/1770/576
f 46/43/15 1810/1771/15 47/44/15
f 1811/1772/577 1812/1773/577 1813/1774/577
f 1814/1775/578 1815/1776/578 1816/1777/578
f 1817/1778/579 1818/1779/579 1819/1780/579
f 1820/1781/580 1821/1782/580 1822/1783/580
f 1823/1784/581 1824/1785/581 1825/1786/581
f 1826/1787/582 1827/1788/582 1828/1789/582
f 1829/1790/583 1830/1791/583 1831/1792/583
f 1832/1793/584 1833/1794/584 1834/1795/584
f 1835/1796/585 1836/1797/585 1837/1798/585
f 1838/1799/586 1839/1800/586 1840/1801/586
f 1841/1802/587 1842/1803/587 1843/1804/587
f 1844/1805/588 1845/1806/588 1846/1807/588
f 1847/1808/589 1848/1809/589 1849/1810/589
f 1850/1811/590 1851/1812/590 1852/1813/590
f 1853/1814/591 1854/1815/591 1855/1816/591
f 1856/1817/592 1857/1818/592 1858/1819/592
f 1859/1820/593 1860/1821/593 1861/1822/593
f 1862/1823/594 1863/1824/594 1864/1825/594
f 1865/1826/33 102/99/33 1866/1827/33
f 102/99/33 1867/1828/33 1868/1829/33
f 1869/1830/595 1870/1831/595 1871/1832/595
f 1868/1829/33 1872/1833/33 102/99/33
f 1872/1833/596 1873/1834/596 100/97/596
f 1874/1835/597 1875/1836/597 1876/1837/597
f 1877/1838/598 1878/1839/598 1879/1840/598
f 100/97/33 1880/1841/33 101/98/33
f 1881/1842/599 1882/1843/599 1883/1844/599
f 101/98/33 1880/1841/33 1884/1845/33
f 101/98/600 1866/1827/600 102/99/600
f 102/99/33 1872/1833/33 100/97/33
f 1885/1846/601 1886/1847/601 1887/1848/601
f 1888/1849/34 1889/1850/34 1890/1851/34
f 1890/1851/34 1891/1852/34 1892/1853/34
f 1893/1854/602 1894/1855/602 1895/1856/602
f 1896/1857/601 1897/1858/601 1898/1859/601
f 1899/1860/603 1900/1861/603 1901/1862/603
f 1902/1863/604 1903/1864/604 1904/1865/604
f 1905/1866/605 1906/1867/605 1907/1868/605
f 1890/1851/34 1908/1869/34 1888/1849/34
f 1909/1870/34 1908/1869/34 1890/1851/34
f 1909/1870/34 105/102/34 104/101/34
f 1892/1853/34 105/102/34 1890/1851/34
f 1890/1851/34 105/102/34 1909/1870/34
f 1910/1871/35 1911/1872/35 1912/1873/35
f 1913/1874/606 1914/1875/606 1915/1876/606
f 1916/1877/607 1917/1878/607 1918/1879/607
f 1919/1880/608 1920/1881/608 1921/1882/608
f 1922/1883/609 1923/1884/609 1924/1885/609
f 1925/1886/610 1926/1887/610 1927/1888/610
f 1928/1889/41 1929/1890/41 1930/1891/41
f 1931/1892/42 1932/1893/42 1933/1894/42
f 1934/1895/611 1935/1896/612 1936/1897/612
f 133/130/45 1937/1898/45 134/131/45
f 1938/1899/613 1939/1900/613 1940/1901/613
f 1941/1902/614 1942/1903/614 1943/1904/614
f 1944/1905/615 1945/1906/615 1946/1907/615
f 1947/1908/616 1948/1909/616 1949/1910/616
f 1950/1911/617 1951/1912/617 1952/1913/617
f 1953/1914/618 1954/1915/618 1955/1916/618
f 1956/1917/619 1957/1918/619 1958/1919/619
f 1959/1920/620 1960/1921/620 1961/1922/620
f 1965/1923/621 1966/1924/621 1967/1925/621
f 1968/1926/622 1969/1927/622 1970/1928/622
f 1971/1929/623 1972/1930/623 1973/1931/623
f 1974/1932/624 1975/1933/624 1976/1934/624
f 1977/1935/625 1978/1936/625 1979/1937/625
f 1980/1938/626 1981/1939/626 1982/1940/626
f 1983/1941/627 1984/1942/627 1985/1943/627
f 1986/1944/628 1987/1945/628 1988/1946/628
f 1989/1947/629 1990/1948/629 1991/1949/629
f 190/184/630 1992/1950/630 191/185/630
f 1993/1951/631 1994/1952/631 1995/1953/631
f 1996/1954/632 1997/1955/632 1998/1956/632
f 1999/1957/633 2000/1958/633 2001/1959/633
f 2002/1960/634 2003/1961/634 2004/1962/634
f 2005/1963/635 2006/1964/635 2007/1965/635
f 2008/1966/636 2009/1967/636 2010/1968/636
f 2011/1969/637 2012/1970/637 2013/1971/637
f 204/198/67 2014/1972/67 2015/1973/67
f 2016/1974/638 2017/1975/638 2018/1976/638
f 2019/1977/635 2020/1978/635 2021/1979/635
f 2022/1980/637 2023/1981/637 2024/1982/637
f 203/197/67 2005/1963/67 2007/1965/67
f 2007/1965/67 2025/1983/67 203/197/67
f 2025/1983/67 204/198/67 203/197/67
f 2026/1984/67 2027/1985/67 2028/1986/67
f 2029/1987/67 202/196/67 204/198/67
f 2030/1988/68 2031/1989/68 206/200/68
f 2031/1989/68 2032/1990/68 2033/1991/68
f 207/201/68 2033/1991/68 2034/1992/68
f 2031/1989/68 2033/1991/68 207/201/68
f 207/201/68 2035/1993/68 2036/1994/68
f 205/199/68 2036/1994/68 2037/1995/68
f 2036/1994/68 2038/1996/68 2037/1995/68
f 207/201/68 2036/1994/68 205/199/68
f 2037/1995/68 2039/1997/68 205/199/68
f 205/199/68 2040/1998/68 2041/1999/68
f 2041/1999/68 2042/2000/68 206/200/68
f 207/201/68 206/200/68 2031/1989/68
f 2041/1999/68 206/200/68 205/199/68
f 209/203/69 2043/2001/69 2044/2002/69
f 2044/2002/69 2045/2003/69 2046/2004/69
f 2046/2004/69 2047/2005/69 2048/2006/69
f 2048/2006/69 2049/2007/69 210/204/69
f 210/204/69 2050/2008/69 2051/2009/69
f 2051/2009/69 2052/2010/69 2053/2011/69
f 2053/2011/69 2054/2012/69 208/202/69
f 208/202/69 2055/2013/69 209/203/69
f 209/203/69 2044/2002/69 2046/2004/69
f 2046/2004/69 2048/2006/69 209/203/69
f 2048/2006/69 210/204/69 209/203/69
f 210/204/69 2051/2009/69 2053/2011/69
f 2053/2011/69 208/202/69 210/204/69
f 2056/2014/70 2057/2015/70 2058/2016/70
f 2059/2017/639 2060/2018/639 2061/2019/639
f 2062/2020/640 2063/2021/640 2064/2022/640
f 2065/2023/641 2066/2024/641 2067/2025/641
f 2068/2026/642 2069/2027/642 2070/2028/642
f 226/220/643 2071/2029/643 227/221/643
f 2072/2030/644 2073/2031/644 2074/2032/644
f 2075/2033/645 2076/2034/645 2077/2035/645
f 2078/2036/646 2079/2037/646 2080/2038/646
f 2081/2039/647 2082/2040/647 2083/2041/647
f 2084/2042/648 2085/2043/648 2086/2044/648
f 2087/2045/649 2088/2046/649 2089/2047/649
f 2090/2048/82 2091/2049/82 2092/2050/82
f 250/244/650 2093/2051/650 251/245/650
f 2094/2052/84 2095/2053/84 2096/2054/84
f 256/250/651 2097/2055/651 257/251/651
f 2098/2056/652 2099/2057/652 2100/2058/652
f 2101/2059/653 2102/2060/653 2103/2061/653
f 2104/2062/654 2105/2063/654 2106/2064/654
f 2107/2065/655 2108/2066/655 2109/2067/655
f 271/265/656 2110/2068/656 272/266/656
f 2111/2069/657 2112/2070/657 2113/2071/657
f 2114/2072/658 2115/2073/659 2116/2074/659
f 2117/2075/660 2118/2076/660 2119/2077/660
f 283/277/661 2120/2078/661 284/278/661
f 2121/2079/662 2122/2080/662 2123/2081/662
f 289/283/663 2124/2082/663 290/284/663
f 2125/2083/97 2126/2084/97 2127/2085/97
f 295/289/664 2128/2086/664 296/290/664
f 2129/2087/665 2130/2088/665 2131/2089/665
f 2132/2090/666 2133/2091/666 2134/2092/666
f 2135/2093/667 2136/2094/667 2137/2095/667
f 309/303/102 2138/2096/102 2139/2097/102
f 2140/2098/102 2141/2099/102 2142/2100/102
f 2143/2101/668 2144/2102/668 2145/2103/668
f 2146/2104/669 2147/2105/669 2148/2106/669
f 2149/2107/670 2150/2108/670 2151/2109/670
f 2152/2110/670 2153/2111/670 307/301/670
f 2154/2112/671 2155/2113/671 2156/2114/671
f 2157/2115/102 2158/2116/102 2159/2117/102
f 309/303/102 2139/2097/102 2148/2106/102
f 2139/2097/102 2160/2118/102 2148/2106/102
f 2160/2118/102 2146/2104/102 2148/2106/102
f 2148/2106/102 2152/2110/102 309/303/102
f 2152/2110/102 307/301/102 309/303/102
f 2161/2119/672 2162/2120/672 2163/2121/672
f 2164/2122/673 2165/2123/673 2166/2124/673
f 2167/2125/674 2168/2126/674 2169/2127/674
f 2170/2128/103 2168/2126/103 2167/2125/103
f 2171/2129/672 2172/2130/672 2173/2131/672
f 2174/2132/674 2175/2133/674 2176/2134/674
f 312/306/103 2177/2135/103 2178/2136/103
f 2179/2137/674 2180/2138/674 2181/2139/674
f 312/306/103 2178/2136/103 2182/2140/103
f 2182/2140/103 2183/2141/103 310/304/103
f 311/305/103 2170/2128/103 2167/2125/103
f 310/304/103 312/306/103 2182/2140/103
f 2170/2128/103 311/305/103 310/304/103
f 315/309/104 2184/2142/104 2185/2143/104
f 2186/2144/675 2187/2145/675 2188/2146/675
f 2189/2147/676 2190/2148/676 2191/2149/676
f 2192/2150/677 2193/2151/677 2194/2152/677
f 2195/2153/678 2196/2154/678 2197/2155/678
f 2198/2156/104 2199/2157/104 314/308/104
f 2200/2158/679 2201/2159/679 2202/2160/679
f 2203/2161/677 2204/2162/677 2205/2163/677
f 315/309/104 2185/2143/104 2206/2164/104
f 2206/2164/104 2207/2165/104 315/309/104
f 2207/2165/104 313/307/104 315/309/104
f 313/307/104 2198/2156/104 314/308/104
f 314/308/104 2208/2166/104 315/309/104
f 2209/2167/680 2210/2168/680 2211/2169/680
f 2212/2170/681 2213/2171/681 2214/2172/681
f 2215/2173/682 2216/2174/682 2217/2175/682
f 2218/2176/683 2219/2177/683 2220/2178/683
f 2221/2179/109 2222/2180/109 2223/2181/109
f 2224/2182/684 2225/2183/684 2226/2184/684
f 2227/2185/685 2228/2186/685 2229/2187/685
f 337/331/686 2230/2188/686 338/332/686
f 2231/2189/687 2232/2190/687 2233/2191/687
f 2234/2192/114 2235/2193/114 2236/2194/114
f 2237/2195/688 2238/2196/688 2239/2197/688
f 349/343/116 2240/2198/116 350/344/116
f 2241/2199/689 2242/2200/689 2243/2201/689
f 2244/2202/690 2245/2203/690 2246/2204/690
f 2247/2205/691 2248/2206/691 2249/2207/691
f 2250/2208/692 2251/2209/692 2252/2210/692
f 2253/2211/693 2254/2212/693 2255/2213/693
f 2256/2214/694 2257/2215/694 2258/2216/694
f 2259/2217/695 2260/2218/695 2261/2219/695
f 2262/2220/696 2263/2221/696 2264/2222/696
f 2265/2223/697 2266/2224/697 2267/2225/697
f 2268/2226/698 2269/2227/698 2270/2228/698
f 2271/2229/699 2272/2230/699 2273/2231/699
f 2274/2232/700 2275/2233/700 2276/2234/700
f 2277/2235/701 2278/2236/701 2279/2237/701
f 2280/2238/702 2281/2239/702 2282/2240/702
f 2283/2241/703 2284/2242/703 2285/2243/703
f 2286/2244/704 2287/2245/704 2288/2246/704
f 2289/2247/705 2290/2248/705 2291/2249/705
f 2292/2250/706 2293/2251/706 2294/2252/706
f 2295/2253/707 2296/2254/707 2297/2255/707
f 2298/2256/708 2299/2257/708 2300/2258/708
f 2301/2259/709 2302/2260/709 2303/2261/709
f 2304/2262/710 2305/2263/710 2306/2264/710
f 2307/2265/711 2308/2266/711 2309/2267/711
f 2310/2268/137 2311/2269/137 413/407/137
f 2312/2270/712 2313/2271/712 2314/2272/712
f 414/408/713 2315/2273/713 2316/2274/713
f 413/407/137 2315/2273/137 414/408/137
f 414/408/137 2317/2275/137 2318/2276/137
f 2319/2277/714 2320/2278/714 2321/2279/714
f 414/408/137 2318/2276/137 2322/2280/137
f 2323/2281/137 2324/2282/137 2325/2283/137
f 412/406/137 414/408/137 2322/2280/137
f 2310/2268/137 413/407/137 412/406/137
f 2326/2284/138 2327/2285/138 2328/2286/138
f 2329/2287/715 2330/2288/715 2331/2289/715
f 2332/2290/138 2333/2291/138 2334/2292/138
f 417/411/138 2335/2293/138 2336/2294/138
f 415/409/138 2336/2294/138 2337/2295/138
f 2338/2296/716 2339/2297/716 2340/2298/716
f 417/411/138 2336/2294/138 415/409/138
f 2337/2295/717 2341/2299/717 415/409/717
f 2342/2300/138 2343/2301/138 2344/2302/138
f 416/410/138 2345/2303/138 2328/2286/138
f 417/411/138 2328/2286/138 2346/2304/138
f 416/410/138 2328/2286/138 417/411/138
f 2327/2285/138 2346/2304/138 2328/2286/138
f 2347/2305/139 2348/2306/139 2349/2307/139
f 421/415/718 2350/2308/718 422/416/718
f 2351/2309/719 2352/2310/719 2353/2311/719
f 2354/2312/720 2355/2313/720 2356/2314/720
f 2357/2315/721 2358/2316/721 2359/2317/721
f 2360/2318/722 2361/2319/722 2362/2320/722
f 2363/2321/723 2364/2322/723 2365/2323/723
f 2366/2324/724 2367/2325/724 2368/2326/724
f 2369/2327/725 2370/2328/725 2371/2329/725
f 2372/2330/726 2373/2331/726 2374/2332/726
f 2375/2333/727 2376/2334/727 2377/2335/727
f 2378/2336/728 2379/2337/728 2380/2338/728
f 2381/2339/729 2382/2340/729 2383/2341/729
f 2384/2342/730 2385/2343/730 2386/2344/730
f 2387/2345/731 2388/2346/731 2389/2347/731
f 2390/2348/732 2391/2349/732 2392/2350/732
f 2393/2351/733 2394/2352/733 2395/2353/733
f 2396/2354/734 2397/2355/734 2398/2356/734
f 2399/2357/735 2400/2358/735 2401/2359/735
f 2402/2360/736 2403/2361/736 2404/2362/736
f 2405/2363/737 2406/2364/737 2407/2365/737
f 2408/2366/738 2409/2367/738 2410/2368/738
f 2411/2369/739 2412/2370/739 2413/2371/739
f 2414/2372/740 2415/2373/740 2416/2374/740
f 2417/2375/741 2418/2376/741 2419/2377/741
f 2420/2378/742 2421/2379/742 2422/2380/742
f 2423/2381/743 2424/2382/744 2425/2383/744
f 2426/2384/745 2427/2385/745 2428/2386/745
f 2429/2387/746 2430/2388/746 2431/2389/746
f 2432/2390/747 2433/2391/747 2434/2392/747
f 508/502/748 2435/2393/748 509/503/748
f 2436/2394/749 2437/2395/749 2438/2396/750
f 2439/2397/751 2440/2398/751 2441/2399/751
f 2442/2400/752 2443/2401/752 514/505/752
f 2444/2402/752 2445/2403/752 2446/2404/752
f 2447/2405/753 2448/2406/753 2449/2407/753
f 2450/2408/754 2451/2409/754 2452/2410/754
f 2453/2411/755 2454/2412/755 2455/2413/755
f 2456/2414/756 2457/2415/756 2458/2416/756
f 2459/2417/752 2460/2418/752 2446/2404/752
f 516/507/171 2461/2419/171 2462/2420/171
f 2463/2421/757 2464/2422/757 2465/2423/757
f 2462/2420/171 514/505/171 516/507/171
f 2466/2424/752 2467/2425/752 2468/2426/752
f 2444/2402/752 2446/2404/752 2466/2424/752
f 2469/2427/758 2470/2428/758 2471/2429/758
f 2472/2430/172 2473/2431/172 518/509/172
f 2473/2431/172 2474/2432/172 519/510/172
f 2475/2433/759 2476/2434/759 2477/2435/759
f 519/510/172 2474/2432/172 2478/2436/172
f 519/510/172 2479/2437/172 517/508/172
f 2480/2438/760 2481/2439/760 2482/2440/760
f 2483/2441/761 2484/2442/761 2485/2443/761
f 2486/2444/762 2487/2445/762 2488/2446/762
f 2489/2447/763 2490/2448/763 2491/2449/763
f 2492/2450/172 518/509/172 517/508/172
f 518/509/172 2493/2451/172 2472/2430/172
f 519/510/172 518/509/172 2473/2431/172
f 2494/2452/764 2495/2453/764 520/511/764
f 2496/2454/765 2497/2455/765 2498/2456/765
f 2499/2457/766 2500/2458/766 2501/2459/766
f 2502/2460/173 521/512/173 2495/2453/173
f 2503/2461/764 2504/2462/764 2505/2463/764
f 2506/2464/767 2507/2465/767 2508/2466/767
f 2509/2467/768 2510/2468/768 2511/2469/768
f 522/513/173 2512/2470/173 2513/2471/173
f 2514/2472/769 2515/2473/769 2516/2474/769
f 2517/2475/765 2518/2476/765 2519/2477/765
f 520/511/173 2520/2478/173 2494/2452/173
f 2521/2479/770 2522/2480/770 2523/2481/770
f 2495/2453/173 521/512/173 520/511/173
f 2524/2482/771 2525/2483/771 2526/2484/771
f 525/516/174 2527/2485/174 2528/2486/174
f 2529/2487/772 2530/2488/772 2531/2489/772
f 2532/2490/771 2533/2491/771 2525/2483/771
f 2534/2492/773 2535/2493/773 2536/2494/773
f 2537/2495/774 2538/2496/774 2539/2497/774
f 2540/2498/174 523/514/174 2541/2499/174
f 2542/2500/771 2543/2501/771 2544/2502/771
f 2545/2503/775 2546/2504/775 2547/2505/775
f 2548/2506/174 524/515/174 523/514/174
f 2549/2507/776 2550/2508/776 2551/2509/776
f 2552/2510/777 2553/2511/777 2554/2512/777
f 525/516/174 2541/2499/174 523/514/174
f 2555/2513/778 528/519/778 527/518/778
f 528/519/175 2556/2514/175 2557/2515/175
f 2558/2516/779 2559/2517/779 2560/2518/779
f 2557/2515/780 2561/2519/780 528/519/780
f 2561/2519/175 2562/2520/175 2563/2521/175
f 2564/2522/781 2565/2523/781 2566/2524/781
f 2563/2521/175 526/517/175 2561/2519/175
f 526/517/175 2567/2525/175 2568/2526/175
f 2569/2527/782 2570/2528/782 2571/2529/782
f 2568/2526/175 527/518/175 526/517/175
f 2572/2530/783 2573/2531/783 2574/2532/783
f 2575/2533/784 2576/2534/784 2577/2535/784
f 528/519/175 2561/2519/175 526/517/175
f 2578/2536/176 529/520/176 2579/2537/176
f 2580/2538/176 2581/2539/176 2582/2540/176
f 2583/2541/785 2584/2542/785 2585/2543/785
f 2582/2540/786 2586/2544/786 2580/2538/786
f 530/521/176 2587/2545/176 2588/2546/176
f 2589/2547/787 2590/2548/787 2591/2549/787
f 2588/2546/176 531/522/176 530/521/176
f 531/522/176 2592/2550/176 2593/2551/176
f 2594/2552/788 2595/2553/788 2596/2554/788
f 2593/2551/176 2579/2537/176 531/522/176
f 2579/2537/176 2597/2555/176 2578/2536/176
f 2598/2556/789 2599/2557/789 2600/2558/789
f 529/520/176 531/522/176 2579/2537/176
f 2601/2559/790 2602/2560/790 2603/2561/790
f 2604/2562/791 2605/2563/791 2606/2564/791
f 2607/2565/792 2608/2566/792 2609/2567/792
f 2610/2568/793 2611/2569/793 2612/2570/793
f 2613/2571/794 2614/2572/794 2615/2573/794
f 2616/2574/795 2617/2575/795 2618/2576/795
f 2619/2577/796 2620/2578/796 2621/2579/796
f 2622/2580/797 2623/2581/797 2624/2582/797
f 2625/2583/798 2626/2584/798 2627/2585/798
f 2628/2586/799 2629/2587/799 2630/2588/799
f 2631/2589/800 2632/2590/800 2633/2591/800
f 2634/2592/801 2635/2593/801 2636/2594/801
f 2637/2595/802 2638/2596/802 2639/2597/802
f 2640/2598/803 2641/2599/803 2642/2600/803
f 2643/2601/804 2644/2602/804 2645/2603/804
f 2646/2604/805 2647/2605/805 2648/2606/805
f 2649/2607/806 2650/2608/806 2651/2609/806
f 2652/2610/807 2653/2611/807 2654/2612/807
f 2655/2613/808 2656/2614/808 2657/2615/808
f 2658/2616/809 2659/2617/809 2660/2618/809
f 2661/2619/810 2662/2620/810 2663/2621/810
f 2664/2622/811 2665/2623/811 2666/2624/811
f 2667/2625/812 2668/2626/812 2669/2627/812
f 2670/2628/813 2671/2629/813 2672/2630/813
f 2673/2631/814 2674/2632/814 2675/2633/814
f 2676/2634/815 2677/2635/815 2678/2636/815
f 2679/2637/816 2680/2638/816 2681/2639/816
f 2682/2640/817 2683/2641/817 2684/2642/817
f 2685/2643/818 2686/2644/818 2687/2645/818
f 2688/2646/819 2689/2647/819 2690/2648/819
f 2691/2649/820 2692/2650/820 2693/2651/820
f 2694/2652/821 2695/2653/821 2696/2654/821
f 2697/2655/822 2698/2656/822 2699/2657/822
f 2700/2658/823 2701/2659/823 2702/2660/823
f 2703/2661/824 2704/2662/824 2705/2663/824
f 2706/2664/825 2707/2665/825 2708/2666/825
f 2709/2667/826 2710/2668/826 2711/2669/826
f 2712/2670/827 2713/2671/827 2714/2672/827
f 2715/2673/828 2716/2674/828 2717/2675/828
f 2718/2676/829 2719/2677/829 2720/2678/829
f 2721/2679/830 2722/2680/830 2723/2681/830
f 2724/2682/831 2725/2683/831 2726/2684/831
f 2727/2685/832 2728/2686/832 2729/2687/832
f 2730/2688/833 2731/2689/833 2732/2690/833
f 2733/2691/834 2734/2692/834 2735/2693/834
f 2736/2694/835 2737/2695/835 2738/2696/835
f 2739/2697/836 2740/2698/836 2741/2699/836
f 2742/2700/837 2743/2701/837 2744/2702/837
f 2745/2703/838 2746/2704/838 2747/2705/838
f 2748/2706/839 2749/2707/839 2750/2708/839
f 2751/2709/840 2752/2710/840 2753/2711/840
f 2754/2712/841 2755/2713/841 2756/2714/841
f 2757/2715/842 2758/2716/842 2759/2717/842
f 2760/2718/843 2761/2719/843 2762/2720/843
f 2763/2721/844 2764/2722/844 2765/2723/844
f 2766/2724/845 2767/2725/845 2768/2726/845
f 2769/2727/846 2770/2728/846 2771/2729/846
f 2772/2730/847 2773/2731/847 2774/2732/847
f 2775/2733/848 2776/2734/848 2777/2735/848
f 2778/2736/849 2779/2737/849 2780/2738/849
f 2781/2739/850 2782/2740/850 2783/2741/850
f 2784/2742/851 2785/2743/851 2786/2744/851
f 2787/2745/852 2788/2746/852 2789/2747/852
f 2790/2748/853 2791/2749/853 2792/2750/853
f 2793/2751/854 2794/2752/854 2795/2753/854
f 2796/2754/855 2797/2755/855 2798/2756/855
f 2799/2757/856 2800/2758/856 2801/2759/856
f 2802/2760/857 2803/2761/857 2804/2762/857
f 2805/2763/858 2806/2764/858 2807/2765/858
f 2808/2766/859 2809/2767/859 2810/2768/859
f 2811/2769/860 2812/2770/860 2813/2771/860
f 2814/2772/861 2815/2773/861 2816/2774/861
f 2817/2775/862 2818/2776/862 2819/2777/862
f 2820/2778/863 2821/2779/863 2822/2780/863
f 2823/2781/864 2824/2782/864 2825/2783/864
f 2826/2784/865 2827/2785/866 2828/2786/866
f 2829/2787/867 2830/2788/867 2831/2789/867
f 2832/2790/868 2833/2791/868 2834/2792/868
f 2835/2793/869 2836/2794/869 2837/2795/869
f 2838/2796/870 2839/2797/870 2840/2798/870
f 2841/2799/871 2842/2800/871 2843/2801/871
f 2847/2802/872 2848/2803/872 2849/2804/872
f 2850/2805/873 2851/2806/873 2852/2807/873
f 2853/2808/874 2854/2809/874 2855/2810/874
f 2856/2811/875 2857/2812/875 2858/2813/875
f 2859/2814/876 2860/2815/876 2861/2816/876
f 2862/2817/877 2863/2818/877 2864/2819/877
f 2865/2820/878 2866/2821/878 2867/2822/878
f 2868/2823/879 2869/2824/879 2870/2825/879
f 2871/2826/880 2872/2827/880 2873/2828/880
f 2874/2829/881 2875/2830/881 2876/2831/881
f 2877/2832/882 2878/2833/882 2879/2834/882
f 2880/2835/883 2881/2836/883 2882/2837/883
f 2883/2838/884 2884/2839/884 2885/2840/884
f 2886/2841/885 2887/2842/885 2888/2843/885
f 2889/2844/886 2890/2845/886 2891/2846/886
f 2892/2847/887 2893/2848/887 2894/2849/887
f 2895/2850/888 2896/2851/888 2897/2852/888
f 2898/2853/889 2899/2854/889 2900/2855/889
f 2901/2856/890 2902/2857/890 2903/2858/890
f 2904/2859/891 2905/2860/891 2906/2861/891
f 2907/2862/892 2908/2863/892 2909/2864/892
f 2910/2865/893 2911/2866/893 2912/2867/893
f 2913/2868/894 2914/2869/894 2915/2870/894
f 2916/2871/895 2917/2872/895 2918/2873/895
f 2919/2874/896 2920/2875/896 2921/2876/896
f 2922/2877/897 2923/2878/897 2924/2879/897
f 2925/2880/898 2926/2881/898 2927/2882/898
f 2928/2883/899 2929/2884/899 2930/2885/899
f 2931/2886/900 2932/2887/900 2933/2888/900
f 2934/2889/901 2935/2890/901 2936/2891/901
f 2937/2892/902 2938/2893/902 2939/2894/902
f 2940/2895/903 2941/2896/903 2942/2897/903
f 2943/2898/287 2944/2899/287 2945/2900/287
f 2946/2901/902 2947/2902/902 2948/2903/902
f 2949/2904/904 2950/2905/904 2951/2906/904
f 2952/2907/287 2953/2908/287 869/851/287
f 2954/2909/903 2955/2910/903 2956/2911/903
f 2957/2912/902 2958/2913/902 2959/2914/902
f 870/852/287 2960/2915/287 2943/2898/287
f 2943/2898/287 2945/2900/287 870/852/287
f 2945/2900/287 868/850/287 870/852/287
f 2948/2903/902 2961/2916/902 2962/2917/902
f 869/851/287 2963/2918/287 870/852/287
f 2964/2919/905 2965/2920/905 871/853/905
f 2966/2921/906 2967/2922/906 2968/2923/906
f 2969/2924/907 2968/2923/907 2970/2925/907
f 2965/2920/634 2971/2926/634 872/854/634
f 2972/2927/67 2973/2928/67 2974/2929/67
f 2975/2930/905 2976/2931/905 2977/2932/905
f 872/854/67 2978/2933/67 873/855/67
f 873/855/635 2979/2934/635 2980/2935/635
f 2981/2936/67 2980/2935/67 2982/2937/67
f 873/855/67 2980/2935/67 2981/2936/67
f 2983/2938/638 2984/2939/638 2985/2940/638
f 871/853/67 873/855/67 2981/2936/67
f 2965/2920/634 872/854/634 871/853/634
f 2986/2941/908 2987/2942/908 2988/2943/908
f 2989/2944/909 2990/2945/909 2991/2946/909
f 2992/2947/910 2993/2948/910 2994/2949/910
f 2995/2950/911 2996/2951/911 2997/2952/911
f 2998/2953/912 2999/2954/912 3000/2955/912
f 3001/2956/913 3002/2957/913 3003/2958/913
f 3004/2959/914 3005/2960/914 3006/2961/914
f 3007/2962/915 3008/2963/915 3009/2964/915
f 3010/2965/916 3011/2966/916 3012/2967/916
f 3013/2968/917 3014/2969/917 3015/2970/917
f 3016/2971/918 3017/2972/918 3018/2973/918
f 3019/2974/919 3020/2975/919 3021/2976/919
f 3022/2977/920 3023/2978/920 3024/2979/920
f 3025/2980/921 3026/2981/921 3027/2982/921
f 3028/2983/922 3029/2984/922 3030/2985/922
f 3031/2986/923 3032/2987/923 3033/2988/923
f 3034/2989/924 3035/2990/924 3036/2991/924
f 3037/2992/925 3038/2993/925 3039/2994/925
f 3040/2995/926 3041/2996/926 3042/2997/926
f 3043/2998/927 3044/2999/927 3045/3000/927
f 3046/3001/928 3047/3002/928 3048/3003/928
f 3049/3004/929 3050/3005/929 3051/3006/929
f 3052/3007/930 3053/3008/930 3054/3009/930
f 3055/3010/931 3056/3011/931 3057/3012/931
f 3058/3013/932 3059/3014/932 3060/3015/932
f 3061/3016/933 3062/3017/933 3063/3018/933
f 3067/3019/934 3068/3020/934 3069/3021/934
f 3070/3022/935 3071/3023/935 3072/3024/935
f 3073/3025/936 3074/3026/936 3075/3027/936
f 3076/3028/937 3077/3029/937 3078/3030/937
f 3079/3031/938 3080/3032/938 3081/3033/938
f 3082/3034/780 3083/3035/780 3084/3036/780
f 3085/3037/939 3086/3038/939 3087/3039/939
f 3084/3036/780 3088/3040/780 3082/3034/780
f 3089/3041/175 3090/3042/175 3091/3043/175
f 3092/3044/940 3093/3045/940 3094/3046/940
f 3095/3047/175 3096/3048/175 3097/3049/175
f 3098/3050/941 3099/3051/941 3100/3052/941
f 3101/3053/942 3102/3054/942 3103/3055/942
f 3104/3056/943 3105/3057/943 3106/3058/943
f 971/953/175 3107/3059/175 972/954/175
f 3108/3060/781 3109/3061/781 3110/3062/781
f 3111/3063/941 3112/3064/941 3113/3065/941
f 972/954/175 3089/3041/175 970/952/175
f 3114/3066/904 3115/3067/904 3116/3068/904
f 3117/3069/902 3118/3070/902 3119/3071/902
f 3120/3072/903 3121/3073/903 3122/3074/903
f 3123/3075/902 975/957/902 3124/3076/902
f 3125/3077/944 3126/3078/944 3127/3079/944
f 3128/3080/945 3129/3081/945 3130/3082/945
f 3131/3083/946 3132/3084/946 3133/3085/946
f 3134/3086/947 3135/3087/947 3136/3088/947
f 3137/3089/287 3138/3090/287 975/957/287
f 3139/3091/948 3140/3092/948 3141/3093/948
f 3123/3075/287 973/955/287 975/957/287
f 975/957/287 974/956/287 3137/3089/287
f 3142/3094/287 974/956/287 973/955/287
f 3143/3095/949 3144/3096/949 3145/3097/949
f 3146/3098/950 3147/3099/950 3148/3100/950
f 3149/3101/951 3150/3102/951 3151/3103/951
f 3152/3104/952 3153/3105/952 3154/3106/952
f 3155/3107/953 3156/3108/953 3157/3109/953
f 3158/3110/954 3159/3111/954 3160/3112/954
f 3161/3113/955 3162/3114/955 3163/3115/955
f 3164/3116/956 3165/3117/956 3166/3118/956
f 3167/3119/957 3168/3120/958 3169/3121/959
f 3170/3122/960 3171/3123/960 3172/3124/960
f 3173/3125/961 3174/3126/961 3175/3127/961
f 3176/3128/962 3177/3129/962 3178/3130/962
f 3179/3131/963 3180/3132/963 3181/3133/963
f 3182/3134/964 3183/3135/964 3184/3136/964
f 3185/3137/965 3186/3138/965 3187/3139/965
f 3188/3140/966 3189/3141/966 3190/3142/966
f 3191/3143/967 3192/3144/967 3193/3145/967
f 3194/3146/968 3195/3147/968 3196/3148/968
f 3200/3149/969 3201/3150/969 3202/3151/969
f 3203/3152/970 3204/3153/970 3205/3154/970
f 3206/3155/971 3207/3156/971 3208/3157/971
f 3212/3158/972 3213/3159/972 3214/3160/972
f 3215/3161/973 3216/3162/973 3217/3163/973
f 3218/3164/974 3219/3165/974 3220/3166/974
f 3221/3167/975 3222/3168/975 3223/3169/975
f 3224/3170/976 3225/3171/976 3226/3172/976
f 3227/3173/977 3228/3174/977 3229/3175/977
f 3230/3176/978 3231/3177/978 3232/3178/978
f 3233/3179/979 3234/3180/979 3235/3181/979
f 3236/3182/980 3237/3183/980 3238/3184/980
f 3239/3185/981 3240/3186/981 3241/3187/981
f 3242/3188/982 3243/3189/982 3244/3190/982
f 3245/3191/983 3246/3192/983 3247/3193/983
f 3248/3194/349 3249/3195/349 3250/3196/349
f 3251/3197/1 3252/3198/1 3253/3199/1
f 3254/3200/561 3255/3201/561 3256/3202/561
f 3257/3203/984 3258/3204/984 3259/3205/984
f 3260/3206/560 3261/3207/560 3262/3208/560
f 1074/1047/1 3263/3209/1 3264/3210/1
f 3263/3209/1 3265/3211/1 3264/3210/1
f 3265/3211/1 3266/3212/1 3264/3210/1
f 3264/3210/1 3267/3213/1 1074/1047/1
f 3267/3213/1 1072/1045/1 1074/1047/1
f 3268/3214/69 3269/3215/69 3270/3216/69
f 3271/3217/985 3272/3218/985 3273/3219/985
f 3274/3220/69 3275/3221/69 3276/3222/69
f 3277/3223/69 3278/3224/69 3279/3225/69
f 1075/1048/69 3280/3226/69 3281/3227/69
f 3282/3228/69 3283/3229/69 3284/3230/69
f 1077/1050/69 3280/3226/69 1075/1048/69
f 3285/3231/986 3286/3232/986 3287/3233/986
f 3288/3234/69 3289/3235/69 3290/3236/69
f 3291/3237/69 3292/3238/69 3270/3216/69
f 3293/3239/69 3294/3240/69 1076/1049/69
f 1077/1050/69 1076/1049/69 3294/3240/69
f 3295/3241/69 1076/1049/69 1075/1048/69
f 3296/3242/987 3297/3243/987 3298/3244/987
f 3299/3245/988 3300/3246/988 3301/3247/988
f 3302/3248/989 3303/3249/989 3304/3250/989
f 3304/3250/990 3305/3251/990 3306/3252/990
f 3307/3253/991 3308/3254/991 3309/3255/991
f 3310/3256/992 3311/3257/992 3312/3258/992
f 3313/3259/993 3314/3260/993 3315/3261/993
f 3315/3261/994 3316/3262/994 3296/3242/994
f 3317/3263/68 3318/3264/68 1078/1051/68
f 1078/1051/68 3319/3265/68 1079/1052/68
f 1079/1052/68 3320/3266/68 1080/1053/68
f 1080/1053/68 3321/3267/68 3317/3263/68
f 3317/3263/68 1078/1051/68 1080/1053/68
f 3322/3268/995 3323/3269/995 3324/3270/995
f 3325/3271/996 3326/3272/996 3327/3273/996
f 3328/3274/997 3329/3275/997 3330/3276/997
f 3331/3277/998 3332/3278/998 3333/3279/998
f 3334/3280/999 3335/3281/999 3336/3282/999
f 3337/3283/1000 3338/3284/1000 3339/3285/1000
f 3340/3286/1001 3341/3287/1001 3342/3288/1001
f 3343/3289/1002 3344/3290/1002 3345/3291/1002
f 3346/3292/1003 3347/3293/1003 3348/3294/1003
f 3349/3295/1004 3350/3296/1004 3351/3297/1004
f 3352/3298/1005 3353/3299/1005 3354/3300/1005
f 3355/3301/1006 3356/3302/1006 3357/3303/1006
f 3358/3304/1007 3359/3305/1007 3360/3306/1007
f 3361/3307/1008 3362/3308/1008 3363/3309/1008
f 3364/3310/1009 3365/3311/1009 3366/3312/1009
f 3367/3313/1010 3368/3314/1010 3369/3315/1010
f 3370/3316/1011 3371/3317/1011 3372/3318/1011
f 3373/3319/1012 3374/3320/1012 3375/3321/1012
f 3376/3322/1013 3377/3323/1013 3378/3324/1013
f 3379/3325/1014 3380/3326/1014 3381/3327/1014
f 3382/3328/1015 3383/3329/1015 3384/3330/1015
f 3385/3331/1016 3386/3332/1016 3387/3333/1016
f 3391/3334/1017 3392/3335/1017 3393/3336/1017
f 3394/3337/1018 3395/3338/1018 3396/3339/1018
f 3397/3340/1019 3398/3341/1019 3399/3342/1019
f 3400/3343/1020 3401/3344/1020 3402/3345/1020
f 3403/3346/1021 3404/3347/1021 3405/3348/1021
f 3406/3349/1022 3407/3350/1022 3408/3351/1022
f 3409/3352/1023 3410/3353/1023 3411/3354/1023
f 3412/3355/1024 3413/3356/1024 3414/3357/1024
f 3415/3358/1025 3416/3359/1025 3417/3360/1025
f 1178/1151/138 3418/3361/138 3419/3362/138
f 3420/3363/715 3421/3364/715 3422/3365/715
f 3423/3366/1026 3424/3367/1026 3425/3368/1026
f 3426/3369/138 3427/3370/138 3428/3371/138
f 3429/3372/138 3430/3373/138 3431/3374/138
f 3432/3375/1027 3433/3376/1027 3434/3377/1027
f 3435/3378/138 3436/3379/138 3437/3380/138
f 3438/3381/716 3439/3382/716 3440/3383/716
f 1178/1151/138 3419/3362/138 1179/1152/138
f 3419/3362/138 3441/3384/138 1179/1152/138
f 3441/3384/138 3442/3385/138 1179/1152/138
f 3443/3386/138 3444/3387/138 3445/3388/138
f 3446/3389/138 1177/1150/138 1179/1152/138
f 3447/3390/1028 3448/3391/1028 1181/1154/1028
f 3449/3392/1029 3450/3393/1029 3451/3394/1029
f 3452/3395/1030 3453/3396/1030 3454/3397/1030
f 3455/3398/1031 3456/3399/1031 3457/3400/1031
f 3458/3401/677 3459/3402/677 3460/3403/677
f 3461/3404/1032 3462/3405/1032 3463/3406/1032
f 1181/1154/679 3464/3407/679 3465/3408/679
f 3466/3409/676 3467/3410/676 3468/3411/676
f 1180/1153/104 3464/3407/104 1181/1154/104
f 3469/3412/1033 3470/3413/1033 3471/3414/1033
f 3448/3391/104 1182/1155/104 1181/1154/104
f 3472/3415/104 3473/3416/104 1182/1155/104
f 1182/1155/104 3473/3416/104 1180/1153/104
f 3474/3417/1034 3475/3418/1034 3476/3419/1034
f 3476/3419/103 3477/3420/103 3478/3421/103
f 3479/3422/674 3480/3423/674 3481/3424/674
f 3482/3425/1035 3483/3426/1035 3484/3427/1035
f 3485/3428/103 3486/3429/103 3487/3430/103
f 3488/3431/672 3489/3432/672 1185/1158/672
f 1185/1158/1036 3490/3433/1036 3491/3434/1036
f 3492/3435/1037 3493/3436/1037 3494/3437/1037
f 3495/3438/103 3496/3439/103 1183/1156/103
f 1183/1156/674 3497/3440/674 1184/1157/674
f 1184/1157/103 3488/3431/103 1185/1158/103
f 1185/1158/103 3491/3434/103 3495/3438/103
f 3495/3438/103 1183/1156/103 1185/1158/103
f 3498/3441/1038 3499/3442/1038 3500/3443/1038
f 3501/3444/1039 3502/3445/1039 3503/3446/1039
f 3504/3447/1040 3505/3448/1040 3506/3449/1040
f 3507/3450/1041 3508/3451/1041 3509/3452/1041
f 3510/3453/1042 3511/3454/1042 3512/3455/1042
f 3513/3456/1043 3514/3457/1043 3515/3458/1043
f 3516/3459/1044 3517/3460/1044 3518/3461/1044
f 3519/3462/1045 3520/3463/1045 3521/3464/1045
f 3522/3465/1046 3523/3466/1046 3524/3467/1046
f 3525/3468/1047 3526/3469/1047 3527/3470/1047
f 3528/3471/1048 3529/3472/1048 3530/3473/1048
f 3531/3474/1049 3532/3475/1049 3533/3476/1049
f 3534/3477/1050 3535/3478/1050 3536/3479/1050
f 3537/3480/1051 3538/3481/1051 3539/3482/1051
f 3540/3483/1052 3541/3484/1052 3542/3485/1052
f 3543/3486/1053 3544/3487/1053 3545/3488/1053
f 3546/3489/1054 3547/3490/1054 3548/3491/1054
f 3549/3492/1055 3550/3493/1055 3551/3494/1055
f 3552/3495/1056 3553/3496/1056 3554/3497/1056
f 3555/3498/1057 3556/3499/1057 3557/3500/1057
f 3558/3501/1058 3559/3502/1058 3560/3503/1058
f 3561/3504/1059 3562/3505/1059 3563/3506/1059
f 3564/3507/1060 3565/3508/1060 3566/3509/1060
f 3567/3510/1061 3568/3511/1061 3569/3512/1061
f 3570/3513/1062 3571/3514/1062 3572/3515/1062
f 3573/3516/1063 3574/3517/1063 3575/3518/1063
f 3576/3519/1064 3577/3520/1064 3578/3521/1064
f 3579/3522/1065 3580/3523/1065 3581/3524/1065
f 3582/3525/1066 3583/3526/1066 3584/3527/1066
f 3585/3528/1067 3586/3529/1067 3587/3530/1067
f 3588/3531/1068 3589/3532/1068 3590/3533/1068
f 3591/3534/1069 3592/3535/1069 3593/3536/1069
f 3594/3537/1070 3595/3538/1070 3596/3539/1070
f 3597/3540/1071 3598/3541/1071 3599/3542/1071
f 3600/3543/1072 3601/3544/1072 3602/3545/1072
f 3603/3546/764 3604/3547/764 3605/3548/764
f 3606/3549/1073 3607/3550/1073 3608/3551/1073
f 3609/3552/173 1284/1257/173 1283/1256/173
f 3610/3553/1074 3611/3554/1074 3612/3555/1074
f 3605/3548/173 1284/1257/173 3609/3552/173
f 3613/3556/1075 3614/3557/1075 3615/3558/1075
f 3616/3559/1076 3617/3560/1076 3618/3561/1076
f 3619/3562/1077 3620/3563/1077 3621/3564/1077
f 3605/3548/173 3622/3565/173 3603/3546/173
f 3609/3552/173 3622/3565/173 3605/3548/173
f 3623/3566/102 3624/3567/102 3625/3568/102
f 3626/3569/671 3627/3570/671 3628/3571/671
f 3629/3572/671 3628/3571/671 3630/3573/671
f 1285/1258/102 3631/3574/102 3632/3575/102
f 3633/3576/102 3634/3577/102 3635/3578/102
f 3636/3579/668 3637/3580/668 3638/3581/668
f 3639/3582/1078 3640/3583/1078 3641/3584/1078
f 3642/3585/102 3643/3586/102 3644/3587/102
f 3645/3588/1079 3646/3589/1079 3647/3590/1079
f 3648/3591/102 3649/3592/102 1285/1258/102
f 1286/1259/102 1285/1258/102 3632/3575/102
f 1285/1258/102 1287/1260/102 3648/3591/102
f 3650/3593/102 1287/1260/102 1286/1259/102
f 3651/3594/1080 3652/3595/1080 3653/3596/1080
f 3654/3597/1081 3655/3598/1081 3656/3599/1081
f 3657/3600/1082 3658/3601/1082 3659/3602/1082
f 3660/3603/1083 3661/3604/1083 3662/3605/1083
f 3663/3606/1084 3664/3607/1084 3665/3608/1084
f 3666/3609/1085 3667/3610/1085 3668/3611/1085
f 3669/3612/1086 3670/3613/1086 3671/3614/1086
f 3672/3615/1087 3673/3616/1087 3674/3617/1087
f 3675/3618/1088 3676/3619/1088 3677/3620/1088
f 3678/3621/1089 3679/3622/1089 3680/3623/1089
f 3681/3624/1090 3682/3625/1090 3683/3626/1090
f 3684/3627/1091 3685/3628/1091 3686/3629/1091
f 3687/3630/1092 3688/3631/1092 3689/3632/1092
f 3690/3633/1093 3691/3634/1093 3692/3635/1093
f 3693/3636/1094 3694/3637/1094 3695/3638/1094
f 3696/3639/1095 3697/3640/1095 3698/3641/1095
f 3699/3642/1096 3700/3643/1096 3701/3644/1096
f 3702/3645/1097 3703/3646/1097 3704/3647/1097
f 3705/3648/1098 3706/3649/1098 3707/3650/1098
f 3711/3651/1099 3712/3652/1099 3713/3653/1099
f 3714/3654/1100 3715/3655/1100 3716/3656/1100
f 3717/3657/1101 3718/3658/1101 3719/3659/1101
f 3720/3660/1102 3721/3661/1102 3722/3662/1102
f 3723/3663/1103 3724/3664/1103 3725/3665/1103
f 3726/3666/1104 3727/3667/1104 3728/3668/1104
f 3729/3669/1105 3730/3670/1106 3731/3671/1107
f 3732/3672/1108 3733/3673/1108 3734/3674/1108
f 3735/3675/1109 3736/3676/1109 3737/3677/1109
f 3738/3678/1110 3739/3679/1110 3740/3680/1110
f 3741/3681/1111 3742/3682/1111 3743/3683/1111
f 3744/3684/1112 3745/3685/1112 3746/3686/1112
f 3747/3687/1113 3748/3688/1113 3749/3689/1113
f 3750/3690/1114 3751/3691/1114 3752/3692/1114
f 1384/1354/174 3753/3693/174 3754/3694/174
f 3755/3695/771 3756/3696/771 3757/3697/771
f 3758/3698/1115 3759/3699/1115 3760/3700/1115
f 3757/3697/1116 3756/3696/1116 3761/3701/1116
f 3765/3702/1117 3766/3703/1117 3767/3704/1117
f 3768/3705/771 3769/3706/771 3770/3707/771
f 3771/3708/1118 3772/3709/1118 3773/3710/1118
f 3774/3711/1119 3775/3712/1119 3776/3713/1119
f 3777/3714/773 3778/3715/773 3779/3716/773
f 3780/3717/771 3755/3695/771 3768/3705/771
f 3781/3718/786 3782/3719/786 3783/3720/786
f 3784/3721/1120 3785/3722/1120 3786/3723/1120
f 3783/3720/786 3782/3719/786 3787/3724/786
f 3783/3720/176 3788/3725/176 3789/3726/176
f 3790/3727/1121 3791/3728/1121 3792/3729/1121
f 3793/3730/1122 3794/3731/1122 3795/3732/1122
f 3796/3733/176 3797/3734/176 3798/3735/176
f 3799/3736/1123 3800/3737/1123 3801/3738/1123
f 3802/3739/1124 3803/3740/1124 3804/3741/1124
f 1389/1359/1125 3805/3742/1125 3806/3743/1125
f 3807/3744/1126 3808/3745/1126 3809/3746/1126
f 3806/3743/176 3805/3742/176 3810/3747/176
f 3806/3743/176 1387/1357/176 1389/1359/176
f 3811/3748/711 3812/3749/711 3813/3750/711
f 3814/3751/710 3815/3752/710 3816/3753/710
f 3817/3754/1127 3818/3755/1127 3819/3756/1127
f 3820/3757/710 3821/3758/710 3822/3759/710
f 3823/3760/1128 3824/3761/1128 3825/3762/1128
f 3826/3763/1129 3827/3764/1129 3828/3765/1129
f 3825/3762/1128 3829/3766/1128 3823/3760/1128
f 3830/3767/710 3831/3768/710 3832/3769/710
f 3833/3770/1130 3834/3771/1130 3835/3772/1130
f 3832/3769/711 3813/3750/711 3830/3767/711
f 3836/3773/711 3837/3774/711 3838/3775/711
f 3839/3776/1131 3840/3777/1131 3841/3778/1131
f 3814/3751/137 1391/1361/137 1390/1360/137
f 3842/3779/752 3843/3780/752 3844/3781/752
f 3845/3782/752 3846/3783/752 3847/3784/752
f 3848/3785/1132 3849/3786/1132 3850/3787/1132
f 3851/3788/752 3852/3789/752 3843/3780/752
f 3853/3790/1133 3854/3791/1133 3855/3792/1133
f 3856/3793/1134 3857/3794/1134 3858/3795/1134
f 3859/3796/171 1393/1363/171 3860/3797/171
f 1393/1363/171 3861/3798/171 3862/3799/171
f 3863/3800/753 3864/3801/753 3865/3802/753
f 3866/3803/1135 3867/3804/1135 3868/3805/1135
f 3844/3781/752 3869/3806/752 3842/3779/752
f 3870/3807/1136 3871/3808/1136 3872/3809/1136
f 1395/1365/171 3860/3797/171 1393/1363/171
f 3873/3810/33 1398/1368/33 1397/1367/33
f 3874/3811/1137 3875/3812/1137 3876/3813/1137
f 3877/3814/1138 3878/3815/1138 3879/3816/1138
f 3876/3813/1139 3880/3817/1139 3874/3811/1139
f 3881/3818/33 3882/3819/33 3883/3820/33
f 3884/3821/594 3885/3822/594 3886/3823/594
f 3883/3820/600 3887/3824/600 3881/3818/600
f 3888/3825/596 3889/3826/596 3890/3827/596
f 3891/3828/1140 3892/3829/1140 3893/3830/1140
f 3894/3831/1141 3895/3832/1141 3896/3833/1141
f 1397/1367/33 3897/3834/33 3873/3810/33
f 3898/3835/1142 3899/3836/1142 3900/3837/1142
f 1398/1368/33 3901/3838/33 1396/1366/33
f 3902/3839/172 1399/1369/172 3903/3840/172
f 3904/3841/172 3905/3842/172 3906/3843/172
f 3907/3844/1143 3908/3845/1143 3909/3846/1143
f 3906/3843/762 3910/3847/762 3904/3841/762
f 1400/1370/1144 3911/3848/1144 3912/3849/1144
f 3913/3850/1145 3914/3851/1145 3915/3852/1145
f 3916/3853/172 3917/3854/172 3918/3855/172
f 1401/1371/172 3919/3856/172 3920/3857/172
f 3921/3858/1146 3922/3859/1146 3923/3860/1146
f 3924/3861/1147 3925/3862/1147 3926/3863/1147
f 3903/3840/172 3927/3864/172 3902/3839/172
f 3928/3865/1148 3929/3866/1148 3930/3867/1148
f 1399/1369/172 1401/1371/172 3903/3840/172
f 3931/3868/1149 3932/3869/1149 3933/3870/1149
f 3934/3871/1150 3935/3872/1150 3936/3873/1150
f 3937/3874/1151 3938/3875/1151 3939/3876/1151
f 3940/3877/1152 3941/3878/1152 3942/3879/1152
f 3943/3880/1153 3944/3881/1153 3945/3882/1153
f 3946/3883/1154 3947/3884/1154 3948/3885/1154
f 3949/3886/1155 3950/3887/1155 3951/3888/1155
f 3952/3889/1156 3953/3890/1156 3954/3891/1156
f 3955/3892/1157 3956/3893/1157 3957/3894/1157
f 3958/3895/1158 3959/3896/1158 3960/3897/1158
f 3961/3898/1159 3962/3899/1159 3963/3900/1159
f 3964/3901/1160 3965/3902/1160 3966/3903/1160
f 3967/3904/1161 3968/3905/1161 3969/3906/1161
f 3970/3907/1162 3971/3908/1162 3972/3909/1162
f 3973/3910/1163 3974/3911/1163 3975/3912/1163
f 3976/3913/1164 3977/3914/1164 3978/3915/1164
f 3979/3916/1165 3980/3917/1165 3981/3918/1165
f 3982/3919/1166 3983/3920/1166 3984/3921/1166
f 3985/3922/1167 3986/3923/1167 3987/3924/1167
f 3988/3925/1168 3989/3926/1168 3990/3927/1168
f 3991/3928/1169 3992/3929/1169 3993/3930/1169
f 3994/3931/1170 3995/3932/1170 3996/3933/1170
f 3997/3934/1171 3998/3935/1171 3999/3936/1171
f 4000/3937/1172 4001/3938/1172 4002/3939/1172
f 4003/3940/1173 4004/3941/1173 4005/3942/1173
f 4006/3943/1174 4007/3944/1174 4008/3945/1174
f 4009/3946/1175 4010/3947/1175 4011/3948/1175
f 4012/3949/1176 4013/3950/1176 4014/3951/1176
f 4015/3952/1177 4016/3953/1177 4017/3954/1177
f 4018/3955/1178 4019/3956/1178 4020/3957/1178
f 4021/3958/1179 4022/3959/1179 4023/3960/1179
f 4024/3961/1180 4025/3962/1180 4026/3963/1180
f 4027/3964/1181 4028/3965/1181 4029/3966/1181
f 4030/3967/1182 4031/3968/1182 4032/3969/1182
f 4033/3970/1183 4034/3971/1183 4035/3972/1183
f 4036/3973/1184 4037/3974/1184 4038/3975/1184
f 4039/3976/1185 4040/3977/1185 4041/3978/1185
f 4042/3979/1186 4043/3980/1186 4044/3981/1186
f 4045/3982/1187 4046/3983/1187 4047/3984/1187
f 4048/3985/1188 4049/3986/1188 4050/3987/1188
f 4051/3988/1189 4052/3989/1189 4053/3990/1189
f 4054/3991/1190 4055/3992/1190 4056/3993/1190
f 4057/3994/1191 4058/3995/1191 4059/3996/1191
f 4060/3997/1192 4061/3998/1192 4062/3999/1192
f 4063/4000/1193 4064/4001/1193 4065/4002/1193
f 4066/4003/1194 4067/4004/1194 4068/4005/1194
f 4069/4006/1195 4070/4007/1195 4071/4008/1195
f 4072/4009/1196 4073/4010/1196 4074/4011/1196
f 4075/4012/1197 4076/4013/1197 4077/4014/1197
f 4078/4015/1198 4079/4016/1198 4080/4017/1198
f 4081/4018/1199 4082/4019/1199 4083/4020/1199
f 4084/4021/1200 4085/4022/1200 4086/4023/1200
f 4087/4024/1201 4088/4025/1201 4089/4026/1201
f 4090/4027/1202 4091/4028/1202 4092/4029/1202
f 4093/4030/1203 4094/4031/1203 4095/4032/1203
f 4096/4033/1204 4097/4034/1204 4098/4035/1204
f 4099/4036/1205 4100/4037/1205 4101/4038/1205
f 4102/4039/1206 4103/4040/1206 4104/4041/1206
f 4105/4042/1207 4106/4043/1207 4107/4044/1207
f 4108/4045/1208 4109/4046/1208 4110/4047/1208
f 4111/4048/1209 4112/4049/1209 4113/4050/1209
f 4114/4051/1210 4115/4052/1210 4116/4053/1210
f 4117/4054/1211 4118/4055/1211 4119/4056/1211
f 4120/4057/1212 4121/4058/1212 4122/4059/1212
f 4123/4060/1213 4124/4061/1213 4125/4062/1213
f 4126/4063/1214 4127/4064/1214 4128/4065/1214
f 4129/4066/1215 4130/4067/1215 4131/4068/1215
f 4132/4069/1216 4133/4070/1216 4134/4071/1216
f 4135/4072/1217 4136/4073/1217 4137/4074/1217
f 4138/4075/1218 4139/4076/1218 4140/4077/1218
f 4141/4078/1219 4142/4079/1219 4143/4080/1219
f 4144/4081/1220 4145/4082/1220 4146/4083/1220
f 4147/4084/1221 4148/4085/1221 4149/4086/1221
f 4150/4087/1222 4151/4088/1222 4152/4089/1222
f 4153/4090/1223 4154/4091/1223 4155/4092/1223
f 4159/4093/1224 4160/4094/1224 4161/4095/1224
f 4162/4096/1225 4163/4097/1225 4164/4098/1225
f 4165/4099/1226 4166/4100/1226 4167/4101/1226
f 4168/4102/1227 4169/4103/1227 4170/4104/1227
f 4171/4105/1228 4172/4106/1228 4173/4107/1228
f 4174/4108/1229 4175/4109/1229 4176/4110/1229
f 4177/4111/1230 4178/4112/1230 4179/4113/1230
f 4180/4114/1231 4181/4115/1231 4182/4116/1231
f 4183/4117/1232 4184/4118/1232 4185/4119/1232
f 4186/4120/1233 4187/4121/1233 4188/4122/1233
f 4189/4123/1234 4190/4124/1234 4191/4125/1234
f 4192/4126/1235 4193/4127/1235 4194/4128/1235
f 4195/4129/1236 4196/4130/1236 4197/4131/1236
f 4198/4132/1237 4199/4133/1237 4200/4134/1237
f 4201/4135/1238 4202/4136/1238 4203/4137/1238
f 4204/4138/1239 4205/4139/1239 4206/4140/1239
f 4207/4141/1240 4208/4142/1240 4209/4143/1240
f 4210/4144/1241 4211/4145/1241 4212/4146/1241
f 4213/4147/1242 4214/4148/1242 4215/4149/1242
f 4216/4150/1243 4217/4151/1243 4218/4152/1243
f 4219/4153/1244 4220/4154/1244 4221/4155/1244
f 4222/4156/1245 4223/4157/1245 4224/4158/1245
f 4225/4159/1246 4226/4160/1246 4227/4161/1246
f 4228/4162/1247 4229/4163/1247 4230/4164/1247
f 4231/4165/1248 4232/4166/1248 4233/4167/1248
f 4234/4168/1249 4235/4169/1249 4236/4170/1249
f 4237/4171/1250 4238/4172/1250 4239/4173/1250
f 4240/4174/1251 4241/4175/1251 4242/4176/1251
f 4243/4177/1252 4244/4178/1252 4245/4179/1252
f 4246/4180/1253 4247/4181/1253 4248/4182/1253
f 4249/4183/1254 4250/4184/1254 4251/4185/1254
f 4252/4186/1255 4253/4187/1255 4254/4188/1255
f 4255/4189/1256 4256/4190/1256 4257/4191/1256
f 4258/4192/1257 4259/4193/1257 4260/4194/1257
f 4261/4195/1258 4262/4196/1258 4263/4197/1258
f 4264/4198/1259 4265/4199/1259 4266/4200/1259
f 4267/4201/603 4268/4202/603 4269/4203/603
f 4270/4204/604 4271/4205/604 4272/4206/604
f 4273/4207/1260 4274/4208/1260 4275/4209/1260
f 4276/4210/34 4277/4211/34 4278/4212/34
f 4279/4213/34 4280/4214/34 4281/4215/34
f 4281/4215/604 4282/4216/604 1738/1702/604
f 4283/4217/601 4284/4218/601 4285/4219/601
f 1739/1703/34 4286/4220/34 1740/1704/34
f 1740/1704/34 4287/4221/34 4288/4222/34
f 4288/4222/34 4289/4223/34 1740/1704/34
f 4289/4223/34 4279/4213/34 1740/1704/34
f 4279/4213/34 4281/4215/34 1740/1704/34
f 4281/4215/34 1738/1702/34 1740/1704/34
s 1
f 13/4224/1261 14/4225/1261 15/4226/1261
f 160/4227/1262 161/4228/1263 162/4229/1262
f 511/4230/1264 512/4231/1265 513/4232/1265
f 556/4233/1266 557/4234/1266 558/4235/1266
f 688/4236/1267 689/4237/1267 690/4238/1267
f 775/4239/1268 776/4240/1268 777/4241/1268
f 1000/4242/1269 1001/4243/1270 1002/4244/1271
f 1015/4245/1272 1016/4246/1272 1017/4247/1272
f 1030/4248/1273 1031/4249/1274 1032/4250/1275
f 1366/4251/1276 1367/4252/1277 1368/4253/1277
f 1600/4254/1278 1601/4255/1278 1602/4256/1278
f 1627/4257/1279 1628/4258/1280 1629/4259/1281
f 1804/4260/1282 1805/4261/1282 1806/4262/1282
f 1962/4263/1283 1963/4264/1284 1964/4265/1285
f 2844/4266/1286 2845/4267/1287 2846/4268/1288
f 3064/4269/1289 3065/4270/1289 3066/4271/1289
f 3197/4272/1290 3198/4273/1291 3199/4274/1292
f 3209/4275/1293 3210/4276/1293 3211/4277/1293
f 3388/4278/1294 3389/4279/1295 3390/4280/1296
f 3708/4281/1297 3709/4282/1297 3710/4283/1297
f 3762/4284/1298 3763/4285/1298 3764/4286/1298
f 4156/4287/1299 4157/4288/1300 4158/4289/1301
