# Blender v2.80 (sub 35) OBJ File: 'r3pu_lowpoly.blend'
# www.blender.org
v -0.838520 0.759179 3.611108
v -0.909355 0.836995 3.594447
v -0.914276 0.831954 3.594286
v -2.743964 0.342261 2.875553
v -2.608659 0.342608 2.975341
v -2.739631 0.388997 2.878681
v -1.268313 0.417796 3.526405
v -1.197560 0.070501 3.571753
v -1.171576 0.416599 3.540142
v -1.677778 -0.104212 3.473212
v -1.808958 0.004600 3.416229
v -1.818591 -0.113282 3.433042
v -2.287343 -0.467899 3.339294
v -2.438972 -0.453681 3.299255
v -2.439039 -0.458363 3.295698
v -2.320706 -0.019140 3.248099
v -2.224418 -0.128530 3.308031
v -2.208944 -0.016332 3.288608
v -1.039844 0.025251 3.608897
v -1.113289 0.089559 3.585614
v -1.108449 -0.004814 3.600610
v -2.017473 0.626793 3.323617
v -2.181406 0.903403 3.225447
v -2.147625 0.604297 3.252879
v -1.297277 0.053043 3.552117
v -1.378858 0.415368 3.508553
v -1.410965 0.037825 3.526096
v -2.329604 0.869322 3.126000
v -2.010721 0.941075 2.869034
v -2.159884 0.891774 2.787551
v -1.100041 -0.066091 3.611868
v -1.194017 -0.033201 3.587993
v -1.187056 -0.102202 3.600104
v -1.541320 -0.092670 3.510318
v -1.670285 0.014089 3.456841
v -2.583269 0.695975 2.981322
v -2.528576 0.439388 3.019191
v -2.460062 0.489017 3.059290
v -1.892157 0.505403 3.374510
v -1.767925 0.393163 3.411845
v -1.754722 0.516856 3.425466
v -2.524997 -0.168732 3.196775
v -2.566477 -0.424472 3.253683
v -2.449888 -0.187609 3.237922
v -1.904810 0.382319 3.362890
v -1.948093 -0.003735 3.373691
v -1.612045 0.583088 3.473501
v -1.486533 0.531586 3.497054
v -1.479624 0.588120 3.503734
v -2.338293 -0.126969 3.267594
v -2.235359 -0.203617 3.319821
v -0.855331 0.929664 3.316256
v -0.904274 0.841101 3.592987
v -0.731616 0.869140 3.389033
v -2.038280 0.369777 3.306614
v -2.083076 -0.010911 3.330764
v -1.143863 0.573823 3.540409
v -1.228955 0.656715 3.538034
v -1.242405 0.584678 3.533397
v -0.809951 0.514587 3.645546
v -0.807602 0.414030 3.654865
v -0.805663 0.515787 3.646635
v -2.564080 0.249299 3.035020
v -2.545244 -0.008656 3.135192
v -2.515672 0.271553 3.065655
v -0.989151 -0.283938 3.681239
v -0.913002 -0.194912 3.684431
v -0.993388 -0.279054 3.680424
v -1.724552 0.952238 3.444417
v -1.703961 0.975161 3.023318
v -1.872337 0.946075 3.384151
v -1.072489 0.511017 3.548414
v -1.153760 0.524381 3.539308
v -1.030776 -0.026471 3.618734
v -1.045107 0.616132 3.550475
v -1.030054 0.882893 3.578582
v -1.128218 0.640887 3.543408
v -0.827465 0.766380 3.611101
v -0.650159 0.785968 3.449588
v -2.750229 0.298387 2.870606
v -2.755681 0.214120 2.874033
v -2.755029 0.214194 2.880349
v -1.525398 -0.455429 3.556635
v -1.677069 -0.465696 3.513381
v -1.524356 -0.461875 3.555807
v -0.941684 0.496627 3.574330
v -0.962575 0.474644 3.570272
v -0.944801 0.467896 3.576006
v -2.105229 -0.202831 3.361326
v -0.962829 0.037417 3.623084
v -0.825083 0.000801 3.677119
v -0.951303 0.063537 3.622212
v -1.542439 -0.172354 3.521828
v -1.681114 -0.184096 3.484629
v -1.435383 0.951665 3.522009
v -1.296182 0.937716 3.548288
v -1.293393 0.942760 3.544607
v -2.730409 -0.253873 3.071700
v -2.748685 -0.175413 3.024784
v -2.749369 -0.177220 3.019084
v -2.625672 -0.054643 3.087782
v -2.586908 -0.001284 3.101475
v -2.619053 0.002819 3.071786
v -0.903189 -0.201629 3.684778
v -0.851744 -0.103512 3.682411
v -0.908155 -0.198680 3.685315
v -1.298197 0.931619 3.549801
v -1.437847 0.946604 3.526044
v -1.439429 0.940449 3.527861
v -2.298010 0.816364 2.711162
v -2.587533 0.704618 2.971047
v -2.467121 0.796784 3.041559
v -1.959627 -0.120451 3.391321
v -1.823752 -0.192571 3.444591
v -2.640532 -0.058812 3.075654
v -2.636145 -0.080579 3.088189
v -1.604099 0.662438 3.481852
v -1.470286 0.665923 3.511574
v -1.872337 0.946075 3.384151
v -1.726707 0.947095 3.448877
v -1.724552 0.952238 3.444417
v -0.804975 0.106344 3.674059
v -0.820212 -0.000612 3.677868
v -0.815072 -0.001659 3.677325
v -1.251360 0.531960 3.530304
v -2.180556 0.915980 3.217076
v -1.856296 0.964303 2.949604
v -0.833031 0.763179 3.611814
v -0.801497 0.671614 3.627965
v -0.827465 0.766380 3.611101
v -0.971332 0.065187 3.617074
v -0.990660 0.124801 3.604819
v -0.989160 0.053950 3.614740
v -0.980195 0.015066 3.622507
v -1.161159 0.914431 3.564903
v -1.158464 0.920442 3.563819
v -2.721692 0.489671 2.895395
v -2.577868 0.389960 2.990985
v -2.751749 -0.132134 3.006984
v -2.754181 -0.134063 3.002730
v -1.874331 0.940832 3.388789
v -1.727858 0.940768 3.451067
v -2.602427 0.231586 3.007497
v -2.621888 0.289543 2.975775
v -2.627538 0.223560 2.988049
v -0.999310 0.532879 3.558156
v -1.062218 0.556034 3.548385
v -2.022079 0.547788 3.318844
v -1.886959 0.563059 3.380493
v -1.677805 -0.459559 3.514451
v -0.984996 -0.287813 3.680504
v -1.027918 -0.369429 3.466959
v -0.870040 -0.292277 3.507352
v -1.044578 0.108631 3.595924
v -2.650881 -0.379488 3.198787
v -2.569170 -0.430087 3.251872
v -2.287744 -0.464103 2.989470
v -2.287343 -0.467899 3.339294
v -2.439039 -0.458363 3.295698
v -1.579533 0.954621 3.489424
v -1.581805 0.949524 3.493704
v -2.027790 0.924874 3.314043
v -2.027345 0.931673 3.311279
v -1.982816 -0.466381 3.428146
v -2.135597 -0.460450 3.386867
v -2.135469 -0.466187 3.385483
v -2.530383 -0.324763 2.812208
v -2.559478 -0.253128 2.752677
v -2.617073 0.317631 2.973542
v -2.747524 0.298171 2.875574
v -0.968474 0.129957 3.609283
v -0.939871 0.131497 3.616707
v -1.296213 -0.057656 3.568775
v -1.344098 0.664431 3.529564
v -2.567896 0.352936 3.005530
v -2.516149 0.355024 3.044090
v -2.519324 0.391815 3.033963
v -1.830547 -0.460272 3.472008
v -1.983226 -0.460607 3.429459
v -2.026563 0.490983 3.314398
v -2.150203 0.527774 3.251387
v -1.501105 0.410033 3.484346
v -2.351892 -0.198986 3.278795
v -2.287556 -0.457472 3.344139
v -1.742099 0.654819 3.440328
v -1.749036 0.574706 3.432315
v -0.930194 0.523967 3.576164
v -0.809414 0.565511 3.640538
v -0.809435 0.616492 3.634476
v -2.756227 -0.044600 2.970511
v -2.640512 -0.000225 3.053164
v -2.600933 -0.071830 3.115716
v -2.747524 0.298171 2.875574
v -1.618241 0.525618 3.466395
v -2.464675 0.786126 3.051181
v -2.578797 -0.175085 2.699778
v -2.754821 -0.135574 2.996918
v -2.584468 -0.132613 2.677445
v -2.751749 -0.132134 3.006984
v -2.746205 -0.173114 3.028891
v -1.372424 -0.445554 3.597817
v -1.523059 -0.467049 3.553309
v -1.370811 -0.450828 3.595702
v -2.758570 -0.045834 2.966114
v -2.752556 0.214345 2.885276
v -1.631992 0.402442 3.452397
v -1.536371 0.024967 3.493970
v -2.697448 -0.317504 3.139036
v -2.653934 -0.384432 3.196474
v -0.904274 0.841101 3.592987
v -1.412974 -0.077446 3.542640
v -1.875251 0.934339 3.391188
v -2.372509 0.534828 3.113341
v -2.266990 0.501654 3.183786
v -2.267236 0.573645 3.180381
v -1.026328 0.888599 3.578075
v -1.583125 0.943288 3.495733
v -2.752556 0.214345 2.885276
v -2.453064 0.294975 3.100944
v -2.153589 0.472731 3.249471
v -2.163719 0.355074 3.247642
v -2.600046 0.321495 2.986389
v -2.368907 0.421539 3.128188
v -2.276543 0.337646 3.192056
v -2.268812 0.449591 3.185716
v -1.355303 0.588996 3.523056
v -0.806813 0.669459 3.628332
v -2.578668 -0.143640 3.156553
v -2.727018 -0.248374 3.080652
v -1.024236 0.403691 3.563484
v -0.972922 0.395176 3.575857
v -0.856769 -0.100963 3.681611
v -2.673076 0.594398 2.928972
v -1.411402 -0.155530 3.554470
v -2.368948 0.469415 3.122109
v -1.414209 0.987898 3.138135
v -1.435383 0.951665 3.522009
v -1.271358 0.987220 3.180836
v -1.363161 0.534001 3.517760
v -2.373669 0.317483 3.142777
v -2.615050 -0.114433 3.119362
v -2.134413 -0.470840 3.382235
v -0.637288 0.003970 3.531500
v -0.804975 0.106344 3.674059
v -0.815072 -0.001659 3.677325
v -0.626805 0.114149 3.528684
v -0.803001 0.414595 3.654592
v -1.981663 -0.471052 3.425031
v -1.829982 -0.466167 3.470789
v -0.870040 -0.292277 3.507352
v -0.903189 -0.201629 3.684778
v -0.984996 -0.287813 3.680504
v -2.451352 0.389248 3.081048
v -2.453234 0.431901 3.072076
v -2.025691 0.937126 3.306402
v -2.181681 0.910401 3.222228
v -2.180556 0.915980 3.217076
v -2.330060 0.863980 3.131398
v -2.564693 0.322210 3.015022
v -2.759134 -0.046789 2.960193
v -2.600052 0.296760 2.992044
v -1.370811 -0.450828 3.595702
v -1.180096 -0.426329 3.418122
v -1.223310 -0.415304 3.635278
v -1.291692 -0.132251 3.580977
v -1.098344 -0.349992 3.665512
v -2.508323 -0.107865 3.188573
v -0.837828 -0.050943 3.679245
v -1.095009 -0.355767 3.666048
v -1.223310 -0.415304 3.635278
v -1.091938 -0.360389 3.664921
v -2.485886 -0.389163 2.873662
v -2.701252 -0.324639 3.131235
v -2.530383 -0.324763 2.812208
v -1.557660 0.983357 3.086191
v -1.579533 0.954621 3.489424
v -2.756227 -0.044600 2.970511
v -2.134413 -0.470840 3.382235
v -2.150265 -0.476241 3.043706
v -2.011771 -0.480036 3.097522
v -1.981663 -0.471052 3.425031
v -1.873573 -0.480323 3.151178
v -2.288039 -0.463227 3.342680
v -2.437382 -0.447890 3.300821
v -0.982572 0.583915 3.559905
v -0.811919 0.666741 3.627341
v -2.466814 0.792059 3.047189
v -0.814419 0.107201 3.673692
v -2.414886 -0.018795 3.209177
v -2.489169 -0.015029 3.171399
v -0.800927 0.516751 3.646380
v -0.804926 0.567108 3.641625
v -1.828829 -0.470924 3.467827
v -1.675901 -0.470635 3.510614
v -1.735428 -0.480326 3.204789
v -1.597161 -0.480332 3.258409
v -2.727018 -0.248374 3.080652
v -2.700280 -0.321479 3.136053
v -2.697448 -0.317504 3.139036
v -0.846513 -0.105468 3.681879
v -0.743622 -0.201454 3.530687
v -0.670781 -0.102202 3.534850
v -0.811695 0.413360 3.653818
v -0.809881 0.106685 3.674522
v -1.458785 -0.477225 3.312043
v -0.942245 0.545668 3.570956
v -2.562725 -0.091016 3.150587
v -2.586427 0.700776 2.976946
v -2.467121 0.796784 3.041559
v -2.587533 0.704618 2.971047
v -0.804659 0.618602 3.635534
v -0.800049 0.568381 3.641359
v -0.799578 0.620275 3.635236
v -2.676921 0.597871 2.924256
v -2.587533 0.704618 2.971047
v -2.678571 0.600678 2.918107
v -2.511223 0.615723 2.595173
v -2.419397 0.721734 2.645717
v -0.921623 0.467172 3.584109
v -0.923685 0.498291 3.580481
v -0.827465 0.766380 3.611101
v -0.622810 0.686102 3.481293
v -0.650159 0.785968 3.449588
v -0.832846 -0.052900 3.680003
v -1.090104 0.411594 3.551907
v -0.923698 0.390928 3.591660
v -2.589169 -0.042140 2.640394
v -2.586515 0.221903 2.552887
v -1.374010 -0.438978 3.598257
v -2.407039 -0.437146 2.933356
v -2.655063 -0.388388 3.192201
v -2.329604 0.869322 3.126000
v -2.729617 -0.251442 3.077026
v -2.701252 -0.324639 3.131235
v -2.746205 -0.173114 3.028891
v -2.746864 0.342779 2.870592
v -2.739631 0.388997 2.878681
v -2.742801 0.389938 2.873732
v -0.620894 0.633220 3.489926
v -0.801497 0.671614 3.627965
v -0.799578 0.620275 3.635236
v -2.434005 -0.120245 3.227894
v -0.650232 -0.049910 3.533299
v -0.827631 -0.054382 3.679455
v -1.022204 0.893320 3.575677
v -2.570032 -0.434597 3.248044
v -1.966473 -0.198707 3.403102
v -2.096523 -0.125862 3.349402
v -0.800927 0.516751 3.646380
v -0.624573 0.424870 3.509632
v -0.622416 0.527844 3.501372
v -2.676921 0.597871 2.924256
v -1.227887 -0.403855 3.636827
v -1.008786 0.493322 3.558731
v -0.956163 0.507334 3.569226
v -1.675901 -0.470635 3.510614
v -0.803001 0.414595 3.654592
v -2.582302 0.307905 2.542698
v -2.747840 0.343257 2.864252
v -2.579368 0.353433 2.542540
v -0.991466 0.964834 3.259446
v -1.022204 0.893320 3.575677
v -1.225495 -0.410207 3.636900
v -0.392290 -1.704815 3.882165
v -0.326594 -1.745635 3.920489
v -0.323114 -1.744010 3.915884
v -1.835062 -0.703366 3.461739
v -1.675273 -0.934620 3.445274
v -1.691420 -0.695817 3.502230
v -0.456418 -1.656073 3.848568
v -0.490651 -1.601070 3.758122
v -0.511746 -1.592286 3.816347
v -0.519809 0.223671 4.021818
v -0.671166 0.162204 3.839202
v -0.550044 0.092840 4.014499
v -0.785806 0.741865 3.614653
v -0.767661 0.637148 3.614448
v -0.775403 0.637531 3.630836
v -2.632568 -1.172112 3.123882
v -2.840728 -1.064014 3.128115
v -2.896368 -1.136791 3.077732
v -2.566590 1.826720 3.335705
v -2.918898 1.863014 3.039563
v -2.777442 1.637408 3.220276
v -2.162535 -1.527584 3.024167
v -1.959060 -1.530769 3.064771
v -1.960646 -1.525988 3.071977
v -0.155444 -1.800424 4.003387
v -0.210084 -1.980523 4.125104
v -0.053960 -1.819675 4.053022
v -2.446245 0.674963 2.602897
v -2.531237 0.763113 2.983152
v -2.627573 0.663128 2.927432
v -0.514030 -1.592248 3.817779
v -0.623957 -1.724402 3.929725
v -0.459186 -1.656496 3.851180
v -1.396965 -2.107718 3.532310
v -1.233818 -2.273154 3.355597
v -1.393909 -2.279464 3.641877
v -3.214049 -0.632618 2.986722
v -3.288488 -0.510906 2.905093
v -3.275158 -0.659944 2.957871
v 0.045890 -1.859362 4.104857
v -0.049188 -1.816254 4.048029
v -0.053960 -1.819675 4.053022
v -0.314016 -1.962474 4.098640
v -0.319415 -2.141295 4.150689
v -2.457521 1.620881 3.407654
v -2.121401 1.647722 3.546957
v -2.163185 1.777406 3.526529
v -3.079370 -1.051105 3.046593
v -3.120551 -0.879331 3.065613
v -3.183891 -0.928086 3.024346
v -0.752715 -1.073161 3.808400
v -0.910405 -1.231756 3.778091
v -0.760127 -1.228780 3.803233
v -1.395377 -2.105392 3.539746
v -1.391983 -2.276970 3.649024
v -2.534482 -0.329538 2.786091
v -2.742556 -0.265364 3.053972
v -2.717258 -0.339355 3.111295
v -1.716785 -1.574682 3.193686
v -1.617452 -1.612826 3.247752
v -1.617555 -1.608189 3.254850
v -0.706026 -0.527739 3.961912
v -0.894309 -0.573440 3.843718
v -0.807697 -0.688182 3.883487
v -3.577726 0.156011 2.667103
v -3.401064 -0.020823 2.317218
v -3.597842 -0.031121 2.672768
v -0.422687 -0.755020 3.905245
v -0.310833 -0.525374 3.921249
v -0.335913 -0.538536 3.990293
v -0.503993 0.370523 4.006844
v -0.657792 0.278622 3.835602
v -3.119385 -1.462096 2.767060
v -2.781464 -1.526124 2.857879
v -2.782510 -1.522062 2.865695
v -0.584997 0.648338 3.458466
v -0.777257 0.740748 3.598152
v -0.594909 0.752916 3.437428
v 0.120049 0.374410 4.200072
v 0.054384 0.150985 4.211917
v 0.120262 0.376257 4.097309
v -0.550355 -1.120663 3.801923
v -0.476628 -0.940337 3.787585
v -0.498144 -0.939394 3.845408
v -3.091355 0.003165 2.835051
v -2.932010 -0.122074 2.931036
v -2.929483 0.002343 2.900533
v -3.048702 0.424899 2.842489
v -3.190501 0.328751 2.781040
v -3.068417 0.296132 2.822231
v 0.102965 2.404371 3.702606
v -0.453721 2.373390 3.804092
v -0.221975 1.973066 3.862204
v -3.227179 -0.490686 2.929177
v -3.088033 -0.566882 3.036314
v -3.101228 -0.440742 2.972978
v -2.924779 -1.453100 2.406895
v -3.119007 -1.465398 2.758444
v -2.826868 0.100927 2.914036
v -2.828939 -0.000114 2.942959
v -0.151073 -1.797372 3.998046
v -0.197849 -1.775895 3.863402
v -0.244178 -1.774629 3.953347
v -0.768784 0.106215 3.659497
v -0.637787 -0.097830 3.505265
v -0.820358 -0.108321 3.660953
v -1.254121 1.479699 3.765598
v -1.205263 1.145323 3.675370
v -1.122919 1.452735 3.783901
v -0.752507 0.926989 3.325711
v -0.825761 0.832425 3.578635
v -0.930182 0.903007 3.556868
v -1.196869 -1.165383 3.597177
v -1.375756 -1.144393 3.493944
v -1.368998 -1.363113 3.463550
v -2.986992 -0.771509 3.136094
v -3.016778 -0.988348 3.094679
v -2.881943 -0.850652 3.176399
v 0.054981 0.143063 4.314093
v 0.114608 0.376365 4.202683
v 0.049607 0.144427 4.316267
v -0.228292 -2.264735 4.180605
v -0.145689 -2.384031 4.203194
v -0.129192 -2.281071 4.198516
v -2.924393 0.123555 2.879275
v -3.082273 0.153944 2.820781
v 0.033461 -2.745555 4.123509
v -0.029144 -2.797136 4.206428
v -0.021746 -2.795229 4.119834
v -1.822910 -1.550081 3.123005
v -1.550916 -1.570802 2.889361
v -1.716195 -1.579409 3.186588
v -3.057987 0.866203 2.964523
v -2.873954 0.877318 3.085462
v -2.980139 0.999004 3.049711
v -3.266746 0.170453 2.761358
v -3.250286 0.338883 2.761298
v -3.170485 0.477082 2.802685
v -3.230469 0.495631 2.781211
v -3.321093 0.674124 2.769366
v -3.205318 0.640860 2.818577
v -1.266151 -1.847610 3.110824
v -1.460504 -1.777409 3.361125
v -1.297546 -1.769691 3.069309
v -2.944071 0.760137 3.002084
v -2.749904 0.751169 3.044727
v -2.605610 -0.446459 3.231854
v -2.522160 -0.467930 3.305040
v -2.505002 -0.460638 3.286483
v -3.228346 -0.334878 2.869550
v -3.100996 -0.300366 2.910598
v -2.814049 -0.293481 3.069501
v -2.932148 -0.242716 2.975088
v -2.927259 -0.354154 3.032893
v -2.259370 2.025279 3.459390
v -1.075332 -0.382651 3.709561
v -1.137113 -0.538925 3.717180
v -1.006586 -0.448384 3.766723
v -0.821448 -1.676772 3.889866
v -0.716327 -1.512086 3.851914
v -0.860720 -1.542126 3.848113
v -0.586152 0.117054 3.503735
v -0.767756 0.216917 3.655560
v -0.585136 0.227857 3.499656
v -1.312276 -1.469249 3.514971
v -1.556112 -1.641529 3.294555
v -1.499558 -1.702255 3.335540
v -0.941608 -2.222077 4.003696
v -1.013635 -2.467840 4.013866
v -0.838068 -2.340630 4.075801
v -0.338506 -0.072793 4.223538
v -0.475700 -0.133607 4.138503
v -0.398294 -0.204679 4.159001
v -1.597064 -1.318787 3.335543
v -1.703787 -1.166071 3.343412
v -1.746865 -1.315076 3.262234
v -0.762460 -0.742818 3.892567
v -0.573099 -0.655087 3.965008
v -0.664458 -0.574301 3.974494
v -1.085526 -1.786453 3.772726
v -1.207610 -2.011111 3.729096
v -1.049810 -1.932094 3.838234
v -2.822834 0.197354 2.891458
v -2.915781 0.237744 2.868821
v -2.869695 -0.541320 3.154918
v -2.909231 -0.454673 3.095276
v -2.917993 1.866856 3.030211
v -2.531929 2.120677 2.810804
v -2.720941 1.880332 2.677830
v -1.423955 2.005620 3.754477
v -1.863243 2.217005 3.590658
v -1.813324 1.911970 3.649201
v -0.264281 -0.283156 4.123611
v -0.339229 -0.537315 3.992463
v -0.555353 -2.621000 4.123218
v -0.259550 -2.847395 4.161362
v -0.289759 -2.651699 4.178690
v -1.162029 -1.336901 3.634740
v -1.240013 -2.589347 3.886653
v -1.125413 -2.333160 3.924393
v -1.360767 -2.444093 3.770947
v -2.439611 -1.535390 2.964877
v -2.702682 -1.315951 3.024598
v -2.782510 -1.522062 2.865695
v -1.712838 -0.468755 3.518513
v -1.817295 -0.461143 3.466935
v -1.828333 -0.470194 3.486773
v -1.411547 -0.452670 3.612473
v -1.498801 -0.455227 3.561200
v -1.507404 -0.463040 3.581523
v -3.606072 -0.219989 2.695226
v -3.614707 -0.408277 2.705793
v -3.612418 -0.408120 2.714068
v 0.160802 1.597975 3.795628
v 0.161521 1.002492 3.813804
v 0.162283 1.602052 3.666813
v -0.248085 -1.777087 3.958561
v 0.137041 -2.107648 4.169036
v 0.120505 -2.030541 4.158608
v 0.132100 -2.109202 4.172376
v -3.135916 1.410890 2.816721
v -2.827393 1.642280 2.561492
v -2.939152 1.423173 2.464055
v -2.718632 -0.904597 3.215404
v -2.748203 0.581510 2.938373
v -2.859022 0.540843 2.929086
v -2.785748 0.478797 2.904561
v -3.097020 -0.150426 2.863853
v -0.776931 -0.262178 3.505579
v -0.959402 -0.272395 3.661849
v -2.762580 -0.095492 2.963505
v -2.780280 -0.001449 2.947819
v -2.779264 -0.096558 2.981443
v -3.366228 0.346397 2.726927
v -3.385830 0.168656 2.727361
v -3.217385 -0.000548 2.794811
v -3.206120 0.167636 2.779820
v -1.358276 -0.437254 3.609582
v -1.321931 -0.433211 3.641140
v -1.314078 -0.426974 3.624630
v -0.774734 0.320324 3.665578
v -0.775162 0.214690 3.672612
v -1.824043 -1.545321 3.130160
v -1.917241 -1.314312 3.195846
v -1.960646 -1.525988 3.071977
v -0.745684 0.308396 3.721606
v -1.470540 0.958927 3.494615
v -1.516099 0.969055 3.130732
v -1.289701 0.973041 3.174446
v -2.642010 0.665335 2.949860
v -0.690269 0.050392 3.835881
v -0.814025 -0.124047 3.725826
v -0.760820 -0.159551 3.821023
v -0.660437 1.947217 3.858498
v -0.453686 1.662624 3.911156
v -2.438032 -1.539977 2.957587
v -2.586922 -1.514568 2.505475
v -2.249249 -1.529418 2.615503
v -2.717258 -0.339355 3.111295
v -2.492258 -0.394320 2.846902
v -2.534482 -0.329538 2.786091
v -0.193933 -2.161656 4.175151
v -0.108702 -2.008188 4.155232
v -2.825074 -0.203043 3.017005
v -0.256899 0.073907 4.282632
v -0.183825 -0.148796 4.220747
v -0.061592 -0.021785 4.311890
v -0.326594 -1.745635 3.920489
v -0.410005 -1.930610 4.067422
v -0.248085 -1.777087 3.958561
v -2.804380 0.382081 2.885620
v -2.902388 0.343127 2.873334
v -2.815845 0.289860 2.881290
v -0.565513 -1.414665 3.727524
v -0.552744 -1.508063 3.788889
v -0.539207 -1.518527 3.738318
v -2.773527 -0.186991 3.021814
v -2.756618 -0.184906 3.003817
v -0.562694 -1.290160 3.728967
v -0.574529 -1.403006 3.774082
v -1.355220 2.894968 3.558868
v -0.893182 3.021987 3.604370
v -0.891025 3.026770 3.596213
v -3.595070 -0.031004 2.680566
v -3.608719 -0.220035 2.687392
v -1.955378 -0.461714 3.435514
v -2.995246 -1.273005 2.962481
v -0.335913 -0.538536 3.990293
v -0.425907 -0.753475 3.906888
v -0.422687 -0.755020 3.905245
v -0.814025 -0.124047 3.725826
v -0.887286 -0.339561 3.798331
v -0.760820 -0.159551 3.821023
v -1.459697 -1.774025 3.368563
v -1.425174 -1.854849 3.395464
v -1.424157 -1.852088 3.403070
v -3.025435 1.626068 2.923731
v -2.907701 1.464746 3.112042
v -0.653306 0.402111 3.822062
v -0.745684 0.308396 3.721606
v -2.353102 0.934629 3.203105
v -2.551069 0.949511 3.180851
v -2.479370 0.873587 3.116379
v -1.180853 -0.818508 3.652725
v -1.056449 -0.951211 3.701273
v -1.123307 -0.785479 3.689120
v -0.776767 0.103967 3.676243
v -0.749781 0.199695 3.727795
v -1.242228 -0.846979 3.617307
v -1.129283 -0.987835 3.653648
v -2.759788 -0.268551 3.072137
v -3.289977 1.217664 2.751670
v -3.236390 0.981748 2.851617
v -3.138471 1.139163 2.921727
v -0.162326 -2.478029 4.204330
v -0.257349 -2.374352 4.182845
v -0.279370 -2.480778 4.182519
v -1.981990 -0.539662 3.456050
v -1.834727 -0.539083 3.490206
v -0.744496 0.418219 3.710838
v -0.308955 0.723270 4.071570
v -0.377606 0.522109 4.094276
v -0.306173 0.510237 4.143069
v -2.763750 -0.001304 2.929747
v -2.580114 -0.085613 2.637745
v -2.581368 0.008814 2.603934
v -3.370819 -0.867435 2.914165
v -3.309011 -1.022869 2.926811
v 0.110686 -1.965575 4.141305
v 0.045890 -1.859362 4.104857
v 0.105671 -1.968269 4.144980
v -0.574163 -1.280049 3.778232
v -0.539885 -1.158825 3.741889
v -0.556627 -1.151811 3.796186
v -3.401062 -0.013947 2.740697
v -3.286858 -0.178829 2.805354
v -3.279108 -0.004023 2.776918
v -0.825478 0.857580 3.645429
v -0.712101 0.795697 3.759380
v -0.779891 0.919839 3.740260
v -0.749781 0.199695 3.727795
v -0.317541 3.048665 3.628607
v -0.168018 2.980823 3.643626
v -0.165062 2.985431 3.636648
v -0.752864 0.645433 3.680163
v -1.617555 -1.608189 3.254850
v -1.455183 -1.330034 3.410775
v -1.141446 -1.493313 3.677552
v -1.285652 -1.597170 3.557016
v -1.702767 -0.459939 3.498385
v -1.608747 -0.466808 3.550152
v -1.599520 -0.458419 3.529759
v -0.475930 -0.438081 4.058492
v -2.680063 -0.498464 3.247950
v -2.696589 -0.651589 3.259949
v -2.578008 -0.522085 3.301792
v -0.770602 0.756826 3.663627
v -0.834839 0.834289 3.596263
v -2.439611 -1.535390 2.964877
v -3.414561 -0.547250 2.845842
v -3.402442 -0.710847 2.886591
v -0.863863 -1.838405 3.916980
v -0.773579 -1.793896 3.937255
v -1.417137 -0.447829 3.202889
v -2.677712 0.689137 2.987075
v -2.545765 0.765586 3.006090
v -2.582628 0.791166 3.047545
v -0.585090 0.542084 3.471807
v -0.767731 0.530987 3.627850
v -1.395377 -2.105392 3.539746
v -1.231753 -1.858825 3.653864
v -1.400481 -1.956772 3.455601
v -0.662288 -0.833406 3.886262
v -0.501261 -0.937403 3.846644
v -0.932623 -0.860860 3.785712
v -1.069838 -0.748445 3.724967
v -0.989584 -0.910274 3.745801
v -0.172596 -0.118093 4.141809
v -0.259937 -0.280626 4.122170
v -0.246143 -0.254741 4.050575
v -0.576088 0.869750 3.905248
v -0.677941 0.665575 3.777173
v -0.532141 0.699028 3.930068
v -2.400622 -0.470041 3.351724
v -2.384326 -0.461868 3.332942
v -1.941536 2.631789 3.447609
v -2.222181 2.368268 2.952246
v -2.408640 2.358056 3.306521
v -1.520494 -0.449257 3.171462
v -1.440201 -0.664820 3.582268
v -1.392155 -0.505948 3.625970
v -1.492247 -0.522229 3.591972
v 0.150137 0.648936 4.046681
v 0.154656 1.002480 3.916577
v 0.144749 0.650452 4.049808
v -0.647223 1.056394 3.879133
v -2.176801 0.978404 3.319826
v -2.415244 1.025321 3.258054
v -0.359446 -1.713045 3.808627
v -0.283402 -1.749184 3.833460
v -1.538525 -1.154923 3.415591
v -2.761654 0.179344 2.868817
v -2.773586 0.268360 2.871475
v -2.777645 0.180786 2.887819
v -0.756514 0.088778 3.729464
v -0.828869 -0.110373 3.677082
v -2.773586 0.268360 2.871475
v -2.777645 0.180786 2.887819
v -2.443805 0.844195 3.076597
v -2.479370 0.873587 3.116379
v -1.732444 1.168186 3.588800
v -1.484853 1.023756 3.563480
v -1.478316 1.174858 3.640374
v -3.522708 0.516438 2.673594
v -3.354417 0.349619 2.313544
v -3.550814 0.339110 2.668923
v -0.459186 -1.656496 3.851180
v -2.266477 -0.470503 3.389664
v -2.251762 -0.461868 3.370648
v -3.565747 -0.969885 2.760229
v -3.603704 -0.782197 2.740004
v -3.566503 -0.971272 2.750137
v -2.675130 -0.404353 3.172097
v -2.422668 -0.436140 2.906408
v -3.412177 -0.209700 2.332186
v -2.759788 -0.268551 3.072137
v -2.734715 -0.343581 3.129589
v -2.728652 2.103451 3.172699
v -2.409564 2.353934 3.315733
v -0.264281 -0.283156 4.123611
v -2.779579 0.091430 2.915573
v -1.356971 2.890409 3.567550
v -2.187352 -0.699348 3.382498
v -2.041457 -0.948915 3.343772
v -2.002148 -0.704085 3.421688
v -2.553848 -0.677547 3.304306
v -2.450082 -0.531160 3.348204
v -0.395401 -1.705680 3.885845
v -1.210145 -0.445461 3.685988
v -1.096685 -0.356255 3.675669
v -1.233067 -0.407458 3.662234
v -3.022890 0.541553 2.880584
v -2.990478 0.650768 2.933792
v -3.290657 0.828295 2.804044
v -0.094424 -2.581621 4.215797
v 0.068053 -2.675319 4.221560
v -0.065110 -2.536399 4.218761
v -0.785589 -0.434014 3.906203
v -1.523015 -1.076840 3.448108
v -2.881362 1.132769 3.142377
v -2.671714 1.103829 3.241682
v -2.770804 1.256662 3.229166
v -2.677712 0.689137 2.987075
v -2.818514 0.642703 2.979601
v -1.177603 -2.173629 3.822208
v -0.559702 -0.360936 4.061232
v -1.720272 1.021114 3.520886
v -1.480972 0.965302 3.518326
v 0.159776 1.001859 3.912686
v 0.151608 0.648694 3.948817
v -0.168018 2.980823 3.643626
v 0.106724 2.407476 3.696703
v -0.165062 2.985431 3.636648
v -3.290487 -0.349246 2.849127
v -2.531929 2.120677 2.810804
v -2.727804 2.107548 3.163490
v -0.677504 -2.415992 4.116365
v -0.813504 -2.560227 4.073927
v -0.893182 3.021987 3.604370
v -0.796257 2.427495 3.773089
v -0.587158 3.066184 3.621835
v -2.517519 0.567451 2.561670
v -2.713308 0.557846 2.908084
v -2.749509 0.454489 2.881240
v -2.800866 -0.607855 3.210090
v -0.029311 -2.419888 4.217186
v 0.140889 -2.297832 4.197722
v -0.017567 -2.288958 4.207892
v -2.525506 1.204071 3.316712
v -1.233067 -0.407458 3.662234
v -1.270032 -0.415151 3.637621
v -1.277787 -0.420914 3.652986
v -0.398452 -0.747841 3.844402
v -3.491642 -1.160702 2.742041
v -3.356324 -1.334831 2.735335
v -3.491178 -1.158805 2.751895
v -0.660130 0.532777 3.799585
v -0.508474 0.531888 3.968227
v -3.300792 0.701455 2.323483
v -3.471832 0.864821 2.681627
v -3.276154 0.876034 2.327789
v -0.967387 -0.275037 3.677379
v -0.948869 -0.293236 3.719773
v -0.562650 -1.804320 3.974760
v -0.395401 -1.705680 3.885845
v -2.623007 -0.452634 3.250239
v -2.522160 -0.467930 3.305040
v -2.106854 -0.461828 3.403719
v -1.967376 -0.470768 3.455060
v -0.585115 0.436895 3.482906
v -3.420586 -0.584368 2.370570
v -3.418439 -0.397857 2.351079
v -0.967387 -0.275037 3.677379
v -0.948869 -0.293236 3.719773
v -2.765378 0.358068 2.869140
v -2.734827 0.452331 2.860252
v -2.749509 0.454489 2.881240
v -0.945406 -1.569481 3.818936
v -0.998400 -1.747691 3.823736
v -0.908510 -1.710304 3.864007
v -3.025435 1.626068 2.923731
v -2.918898 1.863014 3.039563
v -1.982680 -1.522677 2.694494
v -1.790120 -1.521726 2.759374
v -0.330025 0.961801 4.022070
v -0.471939 1.203124 3.957116
v -0.419862 0.934687 3.996994
v -0.138164 0.993474 4.014234
v -3.616095 -0.594929 2.723704
v -3.411397 -0.771342 2.392745
v -2.553325 0.463909 2.535215
v -0.983273 -2.705943 3.976157
v -1.240013 -2.589347 3.886653
v -1.242088 -2.592387 3.880105
v -1.828333 -0.470194 3.486773
v -1.710940 -0.535782 3.524415
v -1.712838 -0.468755 3.518513
v -1.781981 2.634840 3.090467
v -1.758915 1.462141 3.660081
v -1.792273 1.756330 3.664404
v -1.182646 -0.566063 3.696164
v -3.033682 1.055357 3.013843
v -3.117318 0.913724 2.931722
v -1.088966 -0.352510 3.660937
v -1.042513 -0.391767 3.471273
v -1.225371 -0.402198 3.647596
v -2.323097 -1.106109 3.216838
v -2.498010 -0.930972 3.256065
v -2.590758 -1.096478 3.170663
v -1.329041 -0.635152 3.625899
v -1.345335 -0.493718 3.642940
v -1.926779 0.949205 3.378818
v -2.151131 0.934769 3.284900
v -2.137873 0.930060 3.262368
v -3.109694 0.740188 2.896328
v -3.170903 0.777971 2.868105
v -3.496702 0.690323 2.678106
v -3.470132 0.864083 2.690949
v -0.932683 0.939301 3.625473
v -3.289977 1.217664 2.751670
v -3.136458 1.408468 2.826692
v -1.845949 -0.946709 3.392613
v -1.688686 -1.092700 3.380745
v -2.051768 1.397181 3.554348
v -2.406811 1.513276 3.425951
v -2.315982 1.305122 3.426830
v -1.411547 -0.452670 3.612473
v -1.507404 -0.463040 3.581523
v -1.258836 -1.724117 3.599577
v -1.116591 -1.641622 3.721307
v -2.692605 -0.409516 3.190421
v -2.749622 -0.448371 3.189131
v -1.401737 -1.959126 3.447962
v -0.981729 -2.702162 3.982075
v -3.606072 -0.219989 2.695226
v -3.415163 -0.375423 2.801255
v -3.410365 -0.196642 2.765075
v -3.520240 0.516415 2.681923
v -1.403391 -0.445578 3.593442
v -1.316179 -0.444748 3.241010
v -2.883769 0.442488 2.893666
v -2.781597 0.995875 3.170756
v -0.429239 -1.664797 3.782849
v -0.907353 -2.019850 3.953627
v -0.809183 -1.958543 3.979336
v -0.715808 -1.899511 3.992180
v -0.479869 -2.459049 4.145464
v -0.825761 0.832425 3.578635
v -0.645151 0.849094 3.393775
v -2.303449 -0.535616 3.386905
v -2.144135 -0.538138 3.421820
v -0.492268 -1.875564 4.023650
v -0.369508 1.279969 3.972413
v -0.155617 1.422447 3.939887
v -2.559895 -0.255655 2.728591
v -2.351070 -1.180301 3.173980
v -2.119988 -0.470712 3.422987
v -0.981729 -2.702162 3.982075
v -0.630799 -2.796642 4.065564
v -0.630489 -2.792044 4.070561
v -1.329592 1.019026 3.581205
v -1.231673 0.958982 3.544409
v -1.229717 1.009973 3.591685
v -2.131177 -1.319157 3.142062
v -2.162535 -1.527584 3.024167
v -0.055075 -0.002188 4.218685
v 0.054981 0.143063 4.314093
v -0.056320 -0.020802 4.310300
v -0.444976 -2.118999 4.131992
v -0.376008 -2.245487 4.154130
v -3.052200 -0.676445 3.090341
v 0.154656 1.002480 3.916577
v 0.156238 1.597000 3.800473
v -0.575919 -1.401418 3.773623
v -0.554358 -1.507230 3.789123
v -2.377472 -0.691529 3.344117
v -2.779579 0.091430 2.915573
v -2.780280 -0.001449 2.947819
v -2.727804 2.107548 3.163490
v -3.024530 1.629263 2.914010
v -2.929151 1.198016 3.107628
v -0.931713 1.401245 3.809135
v -0.853718 1.771091 3.846140
v -1.003749 1.422147 3.799805
v -1.697883 0.957190 3.455533
v -1.744809 0.960967 3.053721
v -1.957803 1.006882 3.439755
v -2.224975 1.089454 3.372472
v -3.017498 1.300645 3.011432
v -0.574163 -1.280049 3.778232
v -0.576272 -1.278148 3.778000
v -2.100233 -1.180269 3.222294
v -3.574947 0.156209 2.674927
v -3.548127 0.339286 2.676863
v -1.391983 -2.276970 3.649024
v -3.144500 0.612977 2.842673
v -0.132626 -2.614088 4.209874
v 0.024175 -2.743695 4.218144
v -1.018921 -1.080688 3.714242
v -0.993578 -1.254500 3.740903
v -0.553451 -1.118683 3.802505
v -0.559608 -1.149846 3.796617
v 0.071988 -2.678637 4.218526
v -0.556627 -1.151811 3.796186
v -0.133718 0.707326 4.093571
v 0.144749 0.650452 4.049808
v -1.942781 2.627528 3.456693
v -2.829009 -0.103739 2.975601
v -0.630489 -2.792044 4.070561
v -1.709267 0.963579 3.479051
v -1.939151 0.954928 3.401822
v -2.429412 0.841231 3.053770
v -2.125745 0.907405 2.820357
v -2.307629 0.895473 3.145062
v -2.322044 -0.450033 2.960548
v -2.201488 -0.451099 3.006534
v -2.261363 -0.942800 3.298697
v -1.885852 -1.175035 3.277193
v -3.196771 -1.169711 2.933390
v -3.491178 -1.158805 2.751895
v -3.356324 -1.334831 2.735335
v -1.556321 -1.645985 3.287411
v -0.670733 -0.236711 3.959311
v -0.512052 -0.096362 4.103854
v -0.586000 -0.024301 3.998241
v -0.339229 -0.537315 3.992463
v -3.614398 -0.594417 2.732874
v -0.598007 -0.318584 4.039567
v -3.181235 -0.759892 3.031460
v -3.243354 -0.796412 2.997008
v -3.356454 -1.337376 2.725992
v -3.356324 -1.334831 2.735335
v -1.319621 0.958432 3.511236
v -0.566332 1.513059 3.904952
v -0.758150 1.250858 3.843612
v -1.278018 -0.614861 3.649527
v -0.257876 -2.852378 4.157445
v -0.021746 -2.795229 4.119834
v -0.029144 -2.797136 4.206428
v -0.092231 -2.194108 4.194078
v -0.099055 -2.285039 4.202680
v -0.032315 -2.792744 4.209693
v -0.257876 -2.852378 4.157445
v -0.029144 -2.797136 4.206428
v -2.750275 0.355937 2.848820
v -1.329592 1.019026 3.581205
v -2.642010 0.665335 2.949860
v -0.760957 1.746850 3.857772
v 0.110686 -1.965575 4.141305
v 0.136416 -2.025169 4.054411
v 0.125332 -1.962337 4.041150
v -1.520428 -0.915462 3.499108
v -2.400622 -0.470041 3.351724
v -1.299884 -0.479229 3.659074
v -1.229416 -0.591604 3.673281
v -0.426211 -0.004910 4.181334
v -2.576151 0.277439 2.526271
v -2.758019 0.266446 2.851828
v -2.734715 -0.343581 3.129589
v -2.791083 -0.376171 3.128458
v -0.774857 0.530564 3.644562
v -0.746930 0.531193 3.696285
v -0.178829 -0.145587 4.219570
v -1.400481 -1.956772 3.455601
v -1.128667 2.029367 3.800391
v -1.006943 1.804883 3.826136
v -0.938516 2.005543 3.825159
v 0.112098 2.415487 3.502530
v -0.532555 -1.126892 3.746718
v -1.773084 -0.450987 3.108606
v 0.122664 -2.498442 4.215844
v 0.145658 -2.297867 4.194624
v 0.140889 -2.297832 4.197722
v 0.050888 -1.855910 4.100587
v -2.675894 1.468411 3.299225
v -0.511746 -1.592286 3.816347
v -2.395249 -1.323563 3.090183
v -0.582860 2.397918 3.792823
v -0.765321 1.972101 3.846277
v 0.145658 -2.297867 4.194624
v -1.329512 0.964122 3.534611
v -2.692605 -0.409516 3.190421
v 0.149986 -2.295014 4.093156
v 0.137041 -2.107648 4.169036
v -1.561897 -0.683150 3.542229
v -1.599412 -0.530517 3.558347
v -1.221421 -2.440676 3.510406
v -2.321582 0.899182 3.167529
v -3.415029 1.039809 2.706553
v -1.242088 -2.592387 3.880105
v -1.360767 -2.444093 3.770947
v -1.362909 -2.446759 3.764046
v -1.004833 -2.078796 3.917191
v -0.957825 -1.885594 3.883004
v -1.635021 -0.450419 3.140008
v -1.424157 -1.852088 3.403070
v -0.744097 -1.035876 3.815505
v -2.160775 -1.532354 3.016984
v -0.420225 0.171271 4.161493
v -0.466859 0.028776 4.136743
v -1.029634 -1.037149 3.709361
v -1.112131 -1.075345 3.656540
v -1.437018 1.823270 3.760309
v -1.459588 1.490392 3.733215
v -0.742014 -2.255184 4.095449
v -0.600123 -2.319812 4.129324
v -0.948714 -0.998141 3.757229
v -1.955874 0.941921 2.937450
v -2.581024 0.101089 2.571338
v -2.763266 0.090713 2.897130
v -2.657430 0.857781 3.115362
v -2.582628 0.791166 3.047545
v -3.224511 -0.169821 2.823754
v -0.967387 -0.275037 3.677379
v -1.096685 -0.356255 3.675669
v -3.290240 1.219401 2.741777
v -3.220488 1.052246 2.343872
v -3.416131 1.040987 2.696911
v -2.081053 -1.108582 3.264107
v -2.818742 1.332633 3.201961
v -0.906362 -0.342256 3.503861
v -0.959402 -0.272395 3.661849
v -0.776931 -0.262178 3.505579
v -0.325159 0.312680 4.207679
v -0.387131 0.335819 4.149624
v -1.988948 1.139073 3.498379
v -0.690269 0.050392 3.835881
v -3.595070 -0.031004 2.680566
v -2.353102 0.934629 3.203105
v -2.176801 0.978404 3.319826
v -0.061592 -0.021785 4.311890
v -0.178829 -0.145587 4.219570
v -0.056320 -0.020802 4.310300
v -0.048979 -2.077096 4.178382
v -0.114799 -2.189437 4.191018
v -0.556594 -2.074934 4.104281
v -0.746930 0.531193 3.696285
v -0.752864 0.645433 3.680163
v -0.770602 0.756826 3.663627
v -3.548127 0.339286 2.676863
v -3.574947 0.156209 2.674927
v -0.834839 0.834289 3.596263
v -0.133228 -2.481292 4.209195
v -3.612418 -0.408120 2.714068
v -0.671166 0.162204 3.839202
v -1.366263 -0.443935 3.627401
v -0.912301 -2.702499 3.853504
v -0.594058 -2.794809 3.993257
v -0.024893 -2.167140 4.193881
v -0.521302 -2.217774 4.134924
v -1.050189 1.113112 3.693428
v -0.893105 1.030772 3.716712
v -0.932683 0.939301 3.625473
v -1.088407 0.948834 3.558326
v -0.939335 0.905761 3.576675
v -0.185841 0.251602 4.279868
v -3.119385 -1.462096 2.767060
v -2.773527 -0.186991 3.021814
v -0.056320 -0.020802 4.310300
v -1.222062 0.953937 3.521544
v -1.140483 0.977216 3.201493
v -1.043989 0.975780 3.223867
v -2.409564 2.353934 3.315733
v -0.138817 2.992261 3.370487
v -0.278809 3.053518 3.346779
v -0.902630 0.971203 3.259564
v -1.079165 0.944856 3.536381
v -1.020691 -0.707963 3.758739
v -1.608747 -0.466808 3.550152
v -3.381028 0.166353 2.311517
v -0.675613 -1.629352 3.888990
v -1.396214 2.376627 3.704001
v -1.942781 2.627528 3.456693
v -1.362766 -1.057361 3.519925
v -0.890486 -1.393125 3.810403
v -0.745041 -1.376745 3.821614
v -2.765378 0.358068 2.869140
v -0.146988 0.467289 4.195904
v 0.120049 0.374410 4.200072
v 0.150137 0.648936 4.046681
v -1.334197 -1.698058 3.031219
v -1.389383 -1.637461 2.988401
v -3.136458 1.408468 2.826692
v -2.579597 0.190001 2.543111
v -0.744496 0.418219 3.710838
v -1.451011 -1.604224 2.949238
v -2.069178 -0.451100 3.043949
v -1.924485 -0.451100 3.076872
v -3.415029 1.039809 2.706553
v -3.326581 0.527265 2.318508
v -3.344947 0.514651 2.741990
v -1.556112 -1.641529 3.294555
v -1.500105 -1.706255 3.328272
v -1.499558 -1.702255 3.335540
v -0.389122 0.720062 4.035729
v -1.321931 -0.433211 3.641140
v -1.277787 -0.420914 3.652986
v -0.550355 -1.120663 3.801923
v -0.767745 0.322186 3.648382
v -3.520240 0.516415 2.681923
v -1.243614 -1.952302 3.165206
v -0.973600 -1.417148 3.778341
v -1.311672 1.163135 3.662473
v -3.494570 0.689965 2.686980
v -0.740135 -2.072619 4.048420
v -0.646569 -2.163985 4.105362
v -0.574529 -1.403006 3.774082
v -2.624687 1.378630 3.318163
v -3.602571 -0.781244 2.749914
v -0.034985 -2.116729 4.186112
v -1.237845 2.892010 3.208082
v -0.113103 -2.389718 4.208268
v -1.870505 -1.104127 3.317875
v -0.825478 0.857580 3.645429
v -1.078468 -1.289642 3.691641
v -1.104660 -1.119090 3.660164
v -1.205440 -1.019964 3.605505
v -3.565747 -0.969885 2.760229
v 0.102965 2.404371 3.702606
v 0.156238 1.597000 3.800473
v -1.132662 -2.587143 3.685355
v -1.362909 -2.446759 3.764046
v -1.221421 -2.440676 3.510406
v -1.234867 -2.101207 3.242677
v -3.166814 -1.325009 2.382945
v -2.266477 -0.470503 3.389664
v -0.183825 -0.148796 4.220747
v -0.498144 -0.939394 3.845408
v -1.058613 -1.450932 3.732600
v -1.200158 -1.116148 3.597738
v -1.032378 -1.603264 3.775268
v -2.698883 0.555717 2.886405
v -1.480972 0.965302 3.518326
v -2.779264 -0.096558 2.981443
v -1.824043 -1.545321 3.130160
v -1.220550 -0.435150 3.306236
v -0.645526 -1.997707 4.053249
v -1.329512 0.964122 3.534611
v 0.145036 -2.104563 4.067843
v 0.125492 -2.028342 4.155116
v -3.614398 -0.594417 2.732874
v -3.470132 0.864083 2.690949
v -0.840594 -2.149499 4.031382
v -0.882731 -0.940790 3.797505
v -0.931798 -1.044960 3.762247
v -1.657585 -1.541371 2.824858
v -1.175253 1.831476 3.802830
v 0.071988 -2.678637 4.218526
v 0.076400 -2.676395 4.123257
v -0.767747 0.425870 3.638956
v -3.306167 -1.148793 2.406678
v -3.356454 -1.337376 2.725992
v -3.379390 -0.959936 2.412065
v -1.967376 -0.470768 3.455060
v -1.709267 0.963579 3.479051
v -2.568591 0.367267 2.523484
v -1.459697 -1.774025 3.368563
v -1.366263 -0.443935 3.627401
v -2.574070 -0.175179 2.678209
v -3.094145 1.231023 2.389076
v -0.101155 -1.795983 3.904186
v -0.552744 -1.508063 3.788889
v -0.369526 0.141417 4.216896
v -1.375433 -0.888827 3.554312
v 0.130376 -2.497639 4.112997
v -1.087124 -0.404696 3.440076
v 0.122664 -2.498442 4.215844
v -1.030798 2.441554 3.749527
v -1.356971 2.890409 3.567550
v -1.255067 -0.462978 3.673661
v -2.713308 0.557846 2.908084
v -2.531237 0.763113 2.983152
v -2.247770 0.853168 2.729231
v -0.774616 0.424649 3.656031
v -1.229717 1.009973 3.591685
v -0.585122 0.333169 3.492379
v -0.430378 -2.354627 4.152041
v -1.175377 -0.426817 3.351357
v -1.131157 -0.416523 3.398037
v -2.119988 -0.470712 3.422987
v -0.155444 -1.800424 4.003387
v -0.259550 -2.847395 4.161362
v 0.079327 -1.852647 4.002264
v 0.050888 -1.855910 4.100587
v 0.125492 -2.028342 4.155116
v 0.127115 -2.500205 4.212860
v 0.027762 -2.747630 4.215025
v 0.068053 -2.675319 4.221560
v -1.716785 -1.574682 3.193686
v -2.751058 0.298619 2.864259
v -0.621468 0.580234 3.496243
v -0.800049 0.568381 3.641359
v -1.130141 0.980735 3.218743
v -1.155152 0.925436 3.560658
v -2.743978 0.390755 2.867402
v -2.725444 0.491779 2.890499
v -2.727046 0.493518 2.884213
v -0.827631 -0.054382 3.679455
v -1.828829 -0.470924 3.467827
v -2.328906 0.857264 3.135025
v -1.293393 0.942760 3.544607
v -0.951609 0.392182 3.582185
v -1.880987 0.643099 3.387318
v -2.655063 -0.388388 3.192201
v -2.653934 -0.384432 3.196474
v -2.742801 0.389938 2.873732
v -0.846513 -0.105468 3.681879
v -1.155152 0.925436 3.560658
v -2.025691 0.937126 3.306402
v -0.984996 -0.287813 3.680504
v -1.320682 -0.461647 3.365598
v -1.523059 -0.467049 3.553309
v -2.743964 0.342261 2.875553
v -2.655063 -0.388388 3.192201
v -2.559618 0.506579 2.562165
v -2.575857 0.401869 2.545592
v -0.191093 3.156297 3.425052
v -0.193514 2.985081 3.425160
v -0.192587 3.156867 3.426868
v -0.095703 2.920306 3.464301
v -0.084047 2.919936 3.474850
v -0.095548 2.920536 3.476625
v -0.196936 2.984422 3.437028
v -0.198473 2.984137 3.448103
v -0.197164 2.984849 3.436863
v -0.196091 3.169164 3.446183
v -0.199075 2.983428 3.461108
v -0.196440 3.175359 3.458587
v -0.100019 3.161825 3.440604
v -0.098099 2.920322 3.440282
v -0.099995 3.166522 3.443185
v -0.197884 2.983325 3.448396
v -0.198837 2.982989 3.461176
v -0.198241 2.983702 3.448221
v -0.088537 3.189143 3.549768
v -0.091757 3.188803 3.563674
v -0.088818 3.181519 3.563315
v -0.094420 2.913114 3.583052
v -0.105048 2.914839 3.578039
v -0.103506 2.914361 3.573232
v -0.182265 3.198679 3.489718
v -0.100808 3.195061 3.476853
v -0.100808 3.198679 3.489718
v -0.088411 3.198997 3.518724
v -0.087320 3.193070 3.502899
v -0.088399 3.200237 3.502878
v -0.101494 2.921459 3.431526
v -0.100019 3.161825 3.440604
v -0.100943 3.162345 3.439838
v -0.100322 2.920783 3.432825
v -0.098747 2.920296 3.437120
v -0.106219 2.916749 3.579276
v -0.100019 3.161825 3.571122
v -0.105121 2.916063 3.577808
v -0.189116 2.983177 3.421765
v -0.094740 2.920631 3.419753
v -0.094974 2.919895 3.420100
v -0.183738 3.169018 3.563999
v -0.184330 3.172987 3.554869
v -0.183893 3.176698 3.554915
v -0.182142 3.167460 3.568764
v -0.183129 3.171009 3.564400
v -0.182169 3.172349 3.564839
v -0.183078 3.166522 3.568100
v -0.183648 3.165175 3.567401
v -0.184128 3.166125 3.563809
v -0.182129 3.162345 3.572014
v -0.183078 3.166522 3.568100
v -0.182142 3.167460 3.568764
v -0.183053 3.161825 3.571122
v -0.183602 3.161185 3.570061
v -0.183991 3.162957 3.567045
v -0.184418 3.184573 3.530311
v -0.183956 3.183670 3.543351
v -0.184409 3.179430 3.543346
v -0.087796 3.175776 3.446080
v -0.086632 3.175359 3.458587
v -0.086982 3.169164 3.446183
v -0.100931 3.167460 3.442618
v -0.099943 3.171009 3.446369
v -0.100903 3.172349 3.445989
v -0.099995 3.166522 3.443185
v -0.100838 3.181354 3.454418
v -0.182261 3.189111 3.464893
v -0.182234 3.181354 3.454418
v -0.099787 3.192605 3.476853
v -0.100811 3.189111 3.464893
v -0.099792 3.186846 3.464907
v -0.100838 3.181354 3.454418
v -0.099837 3.179436 3.454531
v -0.186904 2.983583 3.464635
v -0.186318 2.984246 3.454022
v -0.186626 2.983995 3.464711
v -0.182265 3.195061 3.530311
v -0.183285 3.196111 3.516769
v -0.182265 3.198679 3.516769
v -0.183285 3.192605 3.530311
v -0.183963 3.192514 3.516769
v -0.098552 2.919138 3.436884
v -0.100169 2.919630 3.432565
v -0.102210 2.914568 3.565478
v -0.102979 2.915628 3.569512
v -0.102361 2.915798 3.565306
v -0.102844 2.914398 3.569703
v -0.103622 2.915592 3.573026
v -0.101008 2.915242 3.555277
v -0.101187 2.916460 3.555147
v -0.196877 2.984232 3.517777
v -0.185167 2.987642 3.530448
v -0.196532 2.984575 3.532426
v -0.196573 2.984180 3.547223
v -0.185276 2.986819 3.555627
v -0.196629 2.983253 3.561281
v -0.102844 2.914398 3.569703
v -0.091961 2.913338 3.573665
v -0.093108 2.913152 3.578771
v -0.095703 2.920306 3.464301
v -0.096562 2.920948 3.453352
v -0.096307 2.919797 3.453213
v -0.185061 2.988009 3.530392
v -0.186876 2.983753 3.476697
v -0.198079 2.982697 3.489162
v -0.198484 2.982311 3.475108
v -0.183893 3.176698 3.454624
v -0.184409 3.179430 3.464917
v -0.184330 3.172987 3.454665
v -0.099943 3.171009 3.446369
v -0.097512 2.920464 3.444086
v -0.089834 3.169425 3.433332
v -0.092287 3.167923 3.429108
v -0.092238 3.173361 3.432154
v -0.197956 2.983825 3.503372
v -0.198513 2.983053 3.489143
v -0.192955 3.185725 3.563479
v -0.194535 3.189143 3.549768
v -0.194254 3.181519 3.563315
v -0.102210 2.914568 3.565478
v -0.090076 2.914069 3.561482
v -0.189049 3.180413 3.575198
v -0.191316 3.188803 3.563674
v -0.190994 3.178942 3.574662
v -0.197599 2.984999 3.547371
v -0.197173 2.983629 3.561436
v -0.197599 2.984103 3.561530
v -0.197555 2.985369 3.532496
v -0.197144 2.984545 3.547319
v -0.196244 2.982075 3.573571
v -0.086538 3.180418 3.472659
v -0.083720 2.921439 3.489123
v -0.083449 2.921814 3.474752
v -0.184418 3.188767 3.503130
v -0.183963 3.192514 3.489718
v -0.183963 3.193631 3.503130
v -0.193303 3.204427 3.487183
v -0.194673 3.200237 3.502878
v -0.193318 3.205776 3.502862
v -0.100169 2.919630 3.432565
v -0.089422 2.918731 3.427178
v -0.098552 2.919138 3.436884
v -0.088869 2.920646 3.426695
v -0.092510 2.919961 3.421413
v -0.092316 2.921125 3.421207
v -0.091507 3.204361 3.534696
v -0.093696 3.200064 3.550062
v -0.091578 3.197541 3.550000
v -0.089422 3.173454 3.573850
v -0.092217 3.173724 3.578987
v -0.089812 3.169750 3.577658
v -0.086903 2.917119 3.532810
v -0.087868 2.917069 3.547705
v -0.088173 2.915879 3.547633
v -0.183285 3.197279 3.503130
v -0.191598 3.208484 3.487120
v -0.191612 3.209894 3.502852
v -0.191558 3.204274 3.471990
v -0.185938 2.984190 3.444943
v -0.185253 2.984678 3.441466
v -0.185689 2.984582 3.445113
v -0.185486 2.984289 3.441275
v -0.184737 2.984669 3.438433
v -0.088550 3.188988 3.458144
v -0.091774 3.188535 3.445593
v -0.091590 3.197367 3.457881
v -0.193629 3.173147 3.436653
v -0.195276 3.175776 3.446080
v -0.194235 3.181279 3.445954
v -0.195600 3.182765 3.458345
v -0.193261 3.200393 3.472086
v -0.194658 3.198968 3.487274
v -0.182265 3.195061 3.476853
v -0.194615 3.195179 3.472230
v -0.195738 3.191906 3.487398
v -0.186613 2.984165 3.476733
v -0.184418 3.184573 3.476853
v -0.195635 2.984278 3.432637
v -0.184950 2.984283 3.438227
v -0.185486 2.984289 3.441275
v -0.196589 3.184562 3.502920
v -0.195753 3.193070 3.502899
v -0.196541 3.180479 3.534145
v -0.195612 3.182905 3.549594
v -0.195702 3.188499 3.534339
v -0.184128 3.166125 3.446873
v -0.099787 3.192605 3.530311
v -0.097870 2.919687 3.516738
v -0.098965 2.918554 3.530211
v -0.185027 2.985467 3.569934
v -0.183866 3.160579 3.569094
v -0.184823 2.984803 3.573459
v -0.096166 2.921392 3.489684
v -0.095824 2.921680 3.476666
v -0.088450 3.195255 3.534500
v -0.087332 3.191932 3.518637
v -0.093604 3.211381 3.518854
v -0.189436 3.207099 3.534746
v -0.093636 3.207099 3.534746
v -0.100838 3.181354 3.555153
v -0.099792 3.186846 3.543362
v -0.099837 3.179436 3.555023
v -0.186300 2.984994 3.489647
v -0.186004 2.985796 3.503126
v -0.186524 2.984592 3.489638
v -0.091460 3.209894 3.502852
v -0.093606 3.211345 3.487083
v -0.093594 3.212799 3.502847
v -0.093594 3.212799 3.502847
v -0.189468 3.211381 3.518854
v -0.083955 2.920286 3.489142
v -0.084429 2.920631 3.503552
v -0.084676 2.919472 3.503557
v -0.089795 3.163152 3.430301
v -0.092179 3.162257 3.426781
v -0.183602 3.161185 3.441510
v -0.183341 2.984134 3.434292
v -0.183053 3.161825 3.440604
v -0.089443 3.173147 3.436653
v -0.092238 3.173361 3.432154
v -0.092099 3.178597 3.435918
v -0.190351 2.979271 3.590848
v -0.106169 2.915533 3.579511
v -0.099810 2.914362 3.590675
v -0.185037 2.987932 3.543500
v -0.185130 2.987227 3.555497
v -0.094023 3.180413 3.575198
v -0.093822 3.190934 3.563865
v -0.086620 3.175484 3.549389
v -0.087778 3.175997 3.563218
v -0.086964 3.169364 3.563156
v -0.100808 3.198679 3.489718
v -0.099787 3.197279 3.503130
v -0.100808 3.199884 3.503130
v -0.186904 2.983583 3.464635
v -0.091474 3.208484 3.487120
v -0.087302 2.916383 3.532744
v -0.088583 2.915139 3.547509
v -0.100811 3.189111 3.543376
v -0.182234 3.181354 3.555153
v -0.182261 3.189111 3.543376
v -0.182265 3.199884 3.503130
v -0.100808 3.199884 3.503130
v -0.183956 3.183670 3.464913
v -0.183963 3.189163 3.476853
v -0.183005 2.982415 3.579721
v -0.184105 2.982914 3.578481
v -0.183921 2.983386 3.578255
v -0.183921 2.983386 3.578255
v -0.184683 2.983681 3.576417
v -0.184491 2.984144 3.576201
v -0.185018 2.984345 3.573664
v -0.193842 2.980470 3.586463
v -0.184105 2.982914 3.578481
v -0.192325 2.979958 3.589016
v -0.101364 2.920311 3.431255
v -0.100322 2.920783 3.432825
v -0.183280 3.186846 3.464907
v -0.182234 3.181354 3.454418
v -0.182261 3.189111 3.464893
v -0.101364 2.920311 3.431255
v -0.092778 2.919219 3.421747
v -0.097282 2.919308 3.443895
v -0.097885 2.919164 3.440069
v -0.095548 2.920536 3.476625
v -0.095973 2.921452 3.464387
v -0.097282 2.919308 3.443895
v -0.085307 2.919334 3.447419
v -0.096307 2.919797 3.453213
v -0.182169 3.172349 3.445989
v -0.185493 2.986948 3.516836
v -0.185363 2.987320 3.516806
v -0.099995 3.166522 3.568100
v -0.086531 3.180479 3.534145
v -0.087460 3.182905 3.549594
v -0.186876 2.983753 3.476697
v -0.091514 3.204274 3.471990
v -0.088414 3.198968 3.487274
v -0.088458 3.195179 3.472230
v -0.189430 3.207012 3.471932
v -0.093606 3.211345 3.487083
v -0.093642 3.207012 3.471932
v -0.100903 3.172349 3.564839
v -0.185306 2.985673 3.565882
v -0.185128 2.986110 3.565708
v -0.185216 2.985019 3.570123
v -0.195741 3.191932 3.518637
v -0.194622 3.195255 3.534500
v -0.194661 3.198997 3.518724
v -0.087302 2.916383 3.532744
v -0.099863 2.916224 3.543311
v -0.098741 2.917362 3.530264
v -0.185154 2.987550 3.543589
v -0.185276 2.986819 3.555627
v -0.196577 3.183546 3.518534
v -0.196452 3.175484 3.549389
v -0.195294 3.175997 3.563218
v -0.194962 2.980936 3.583074
v -0.184683 2.983681 3.576417
v -0.096631 2.919519 3.503146
v -0.097626 2.918510 3.516769
v -0.098741 2.917362 3.530264
v -0.091556 2.914082 3.573926
v -0.089342 2.916012 3.561797
v -0.091233 2.915288 3.574097
v -0.100903 3.172349 3.564839
v -0.100838 3.181354 3.555153
v -0.182261 3.189111 3.543376
v -0.183280 3.186846 3.543362
v -0.183963 3.189163 3.530311
v -0.193268 3.200476 3.534617
v -0.182265 3.195061 3.476853
v -0.183285 3.196111 3.489718
v -0.183285 3.192605 3.476853
v -0.196535 3.180418 3.472659
v -0.198818 2.983491 3.489131
v -0.196574 3.183523 3.487548
v -0.091474 3.208484 3.487120
v -0.091514 3.204274 3.471990
v -0.189034 3.162729 3.586510
v -0.094109 3.168829 3.583568
v -0.188963 3.168829 3.583568
v -0.184418 3.187720 3.489718
v -0.083681 2.920667 3.474793
v -0.190974 3.178597 3.435918
v -0.192937 3.185471 3.445782
v -0.191298 3.188535 3.445593
v -0.099787 3.196111 3.516769
v -0.096892 2.920682 3.503136
v -0.091980 3.156297 3.425052
v -0.095894 2.920244 3.489673
v -0.085053 2.918742 3.503557
v -0.096631 2.919519 3.503146
v -0.196735 2.982461 3.573793
v -0.197599 2.984103 3.561530
v -0.197173 2.983629 3.561436
v -0.197555 2.985369 3.532496
v -0.197415 2.984582 3.517795
v -0.189015 3.162345 3.425638
v -0.094129 3.168441 3.428182
v -0.094057 3.162345 3.425638
v -0.089098 2.919477 3.426879
v -0.092778 2.919219 3.421747
v -0.106169 2.915533 3.579511
v -0.182223 2.983442 3.433013
v -0.183510 2.983743 3.434058
v -0.182368 2.983043 3.432771
v -0.184331 2.984129 3.435849
v -0.184139 2.984515 3.436070
v -0.184950 2.984283 3.438227
v -0.091471 3.208518 3.518828
v -0.092078 3.178942 3.574662
v -0.183866 3.160579 3.442335
v -0.183991 3.162957 3.444089
v -0.088837 3.181279 3.445954
v -0.099943 3.171009 3.564400
v -0.100931 3.167460 3.568764
v -0.100943 3.162345 3.572014
v -0.089661 2.914810 3.561674
v -0.091961 2.913338 3.573665
v -0.090076 2.914069 3.561482
v -0.088472 3.160142 3.432444
v -0.086379 2.920795 3.435562
v -0.087518 2.920667 3.430735
v -0.183129 3.171009 3.446369
v -0.182142 3.167460 3.442618
v -0.182169 3.172349 3.445989
v -0.183078 3.166522 3.443185
v -0.182129 3.162345 3.439838
v -0.183738 3.169018 3.446708
v -0.183648 3.165175 3.443782
v -0.094095 3.174737 3.579780
v -0.094023 3.180413 3.575198
v -0.190994 3.178942 3.574662
v -0.192494 3.176719 3.574145
v -0.182223 2.983442 3.433013
v -0.182129 3.162345 3.439838
v -0.094114 3.174356 3.431460
v -0.188943 3.168441 3.428182
v -0.188958 3.174356 3.431460
v -0.182368 2.983043 3.432771
v -0.189143 3.156055 3.423739
v -0.093929 3.156055 3.423739
v -0.182142 3.167460 3.442618
v -0.184418 3.187720 3.516769
v -0.100931 3.167460 3.568764
v -0.182169 3.172349 3.564839
v -0.100903 3.172349 3.564839
v -0.088527 3.168567 3.436577
v -0.087811 3.162864 3.436314
v -0.089064 3.165411 3.433049
v -0.089834 3.169425 3.433332
v -0.089795 3.163152 3.430301
v -0.090184 3.166640 3.431243
v -0.087473 3.182765 3.458345
v -0.100903 3.172349 3.445989
v -0.195695 3.188432 3.472426
v -0.194522 3.188988 3.458144
v -0.194600 3.160142 3.432444
v -0.195261 3.162864 3.436314
v -0.194008 3.165411 3.433049
v -0.193278 3.163152 3.430301
v -0.193724 3.158052 3.429297
v -0.194545 3.168567 3.436577
v -0.193239 3.169425 3.433332
v -0.192888 3.166640 3.431243
v -0.091959 3.156645 3.587205
v -0.094038 3.162729 3.586510
v -0.093910 3.156419 3.588713
v -0.092158 3.162622 3.585203
v -0.089327 3.158361 3.582341
v -0.092158 3.162622 3.585203
v -0.091959 3.156645 3.587205
v -0.191316 3.188803 3.563674
v -0.193188 3.193960 3.549902
v -0.197468 2.983473 3.503369
v -0.191494 3.197541 3.550000
v -0.191565 3.204361 3.534696
v -0.189250 3.190934 3.563865
v -0.188977 3.174737 3.579780
v -0.190855 3.173724 3.578987
v -0.190855 3.173724 3.578987
v -0.192243 3.172241 3.578133
v -0.190807 3.168299 3.582506
v -0.193651 3.173454 3.573850
v -0.192243 3.172241 3.578133
v -0.193261 3.169750 3.577658
v -0.192130 3.167623 3.581235
v -0.086977 2.918886 3.435957
v -0.084941 2.920070 3.447240
v -0.085307 2.919334 3.447419
v -0.083983 2.920515 3.460565
v -0.198875 2.982672 3.475061
v -0.198513 2.983053 3.489143
v -0.093838 3.190656 3.445417
v -0.189365 3.199884 3.457809
v -0.093707 3.199884 3.457809
v -0.092099 3.178597 3.435918
v -0.094042 3.180054 3.435444
v -0.091774 3.188535 3.445593
v -0.093838 3.190656 3.445417
v -0.189030 3.180054 3.435444
v -0.189235 3.190656 3.445417
v -0.195281 3.163125 3.574308
v -0.197110 2.982955 3.573932
v -0.094569 2.921789 3.419539
v -0.189346 2.983563 3.421404
v -0.189505 2.983999 3.421166
v -0.186591 2.983844 3.453898
v -0.182265 3.199884 3.503130
v -0.197834 2.985017 3.517803
v -0.092715 2.913897 3.579063
v -0.093108 2.913152 3.578771
v -0.092396 2.915107 3.579258
v -0.094046 2.913858 3.583370
v -0.094420 2.913114 3.583052
v -0.087377 3.188432 3.472426
v -0.183236 3.179436 3.555023
v -0.194567 3.168850 3.573968
v -0.095894 2.920244 3.489673
v -0.182234 3.181354 3.555153
v -0.093604 3.211381 3.518854
v -0.087335 3.191906 3.487398
v -0.183236 3.179436 3.454531
v -0.189376 3.200064 3.550062
v -0.100067 2.917429 3.543222
v -0.093822 3.190934 3.563865
v -0.189250 3.190934 3.563865
v -0.100808 3.195061 3.530311
v -0.182265 3.195061 3.530311
v -0.182265 3.198679 3.516769
v -0.100808 3.198679 3.516769
v -0.192608 3.157197 3.585121
v -0.195685 2.981834 3.583535
v -0.194483 2.981370 3.586960
v -0.199134 2.983115 3.475027
v -0.198837 2.982989 3.461176
v -0.085441 2.919534 3.518104
v -0.086619 2.918299 3.532846
v -0.088451 3.160430 3.578728
v -0.087791 3.163125 3.574308
v -0.195969 2.984659 3.432354
v -0.196936 2.984422 3.437028
v -0.196591 2.984040 3.437275
v -0.196193 2.985090 3.432169
v -0.194769 2.984755 3.428438
v -0.195969 2.984659 3.432354
v -0.194451 2.984371 3.428747
v -0.198875 2.982672 3.475061
v -0.198469 2.982616 3.461283
v -0.100808 3.195061 3.476853
v -0.099787 3.196111 3.489718
v -0.097691 2.913631 3.588887
v -0.093736 2.915070 3.583583
v -0.097372 2.914375 3.589240
v -0.083747 2.921668 3.460493
v -0.193307 3.204458 3.518786
v -0.183053 3.161825 3.571122
v -0.100808 3.195061 3.530311
v -0.100808 3.198679 3.516769
v -0.100943 3.162345 3.572014
v -0.084697 2.921232 3.447130
v -0.093636 3.207099 3.534746
v -0.186004 2.985796 3.503126
v -0.185493 2.986948 3.516836
v -0.189466 3.211345 3.487083
v -0.189479 3.212799 3.502847
v -0.099273 2.916302 3.591291
v -0.190623 2.979671 3.591188
v -0.099525 2.915103 3.591044
v -0.190351 2.979271 3.590848
v -0.194030 3.165716 3.578004
v -0.194622 3.160430 3.578728
v -0.193300 3.163480 3.581162
v -0.192910 3.166976 3.580066
v -0.196108 3.169364 3.563156
v -0.185167 2.987642 3.530448
v -0.193175 3.193795 3.457990
v -0.087370 3.188499 3.534339
v -0.088506 3.168850 3.573968
v -0.089042 3.165716 3.578004
v -0.089772 3.163480 3.581162
v -0.090162 3.166976 3.580066
v -0.185938 2.984190 3.444943
v -0.103506 2.914361 3.573232
v -0.105048 2.914839 3.578039
v -0.086495 3.183546 3.518534
v -0.086484 3.184562 3.502920
v -0.197599 2.984999 3.547371
v -0.189162 3.156419 3.588713
v -0.192878 2.980859 3.589546
v -0.190814 2.980174 3.591409
v -0.099273 2.916302 3.591291
v -0.097097 2.915581 3.589479
v -0.192647 2.980356 3.589336
v -0.190623 2.979671 3.591188
v -0.192878 2.980859 3.589546
v -0.194213 2.980866 3.586767
v -0.192647 2.980356 3.589336
v -0.194213 2.980866 3.586767
v -0.192647 2.980356 3.589336
v -0.195378 2.981332 3.583355
v -0.191713 2.984711 3.422839
v -0.191093 3.156297 3.425052
v -0.092316 2.921125 3.421207
v -0.092510 2.919961 3.421413
v -0.089349 3.158052 3.429297
v -0.189365 3.199884 3.457809
v -0.191482 3.197367 3.457881
v -0.189030 3.180054 3.435444
v -0.189235 3.190656 3.445417
v -0.091980 3.156297 3.425052
v -0.087757 2.919497 3.430903
v -0.086622 2.919627 3.435715
v -0.088099 2.918752 3.431177
v -0.089422 2.918731 3.427178
v -0.196543 2.982374 3.579147
v -0.197956 2.983825 3.503372
v -0.198320 2.984258 3.503368
v -0.197102 2.984927 3.532471
v -0.196200 2.981875 3.578987
v -0.195378 2.981332 3.583355
v -0.196735 2.982461 3.573793
v -0.195744 2.981483 3.578735
v -0.196200 2.981875 3.578987
v -0.185018 2.984345 3.573664
v -0.191601 3.208518 3.518828
v -0.189436 3.207099 3.534746
v -0.189468 3.211381 3.518854
v -0.189376 3.200064 3.550062
v -0.085705 2.918366 3.518093
v -0.085053 2.918742 3.503557
v -0.198320 2.984258 3.503368
v -0.193745 3.158361 3.582341
v -0.084351 2.919781 3.460681
v -0.084047 2.919936 3.474850
v -0.084324 2.919560 3.489167
v -0.092265 3.168299 3.582506
v -0.086092 2.917635 3.518065
v -0.185830 2.986181 3.503115
v -0.093822 3.190934 3.563865
v -0.189250 3.190934 3.563865
v -0.086498 3.183523 3.487548
v -0.189466 3.211345 3.487083
v -0.189479 3.212799 3.502847
v -0.189430 3.207012 3.471932
v -0.198241 2.983702 3.448221
v -0.191113 3.156645 3.587205
v -0.099525 2.915103 3.591044
v -0.099810 2.914362 3.590675
v -0.194983 2.985183 3.428232
v -0.189505 2.983999 3.421166
v -0.191532 2.984282 3.423071
v -0.191713 2.984711 3.422839
v -0.193314 2.984654 3.425378
v -0.189346 2.983563 3.421404
v -0.191268 2.983897 3.423420
v -0.191532 2.984282 3.423071
v -0.193314 2.984654 3.425378
v -0.193021 2.984268 3.425710
v -0.194769 2.984755 3.428438
v -0.183510 2.983743 3.434058
v -0.182368 2.983043 3.432771
v -0.184331 2.984129 3.435849
v -0.182169 3.172349 3.445989
v -0.191113 3.156645 3.587205
v -0.190914 3.162622 3.585203
v -0.192608 3.157197 3.585121
v -0.192299 3.162658 3.583489
v -0.192299 3.162658 3.583489
v -0.089349 3.158052 3.429297
v -0.106219 2.916749 3.579276
v -0.183175 2.981937 3.579953
v -0.099863 2.916224 3.543311
v -0.094095 3.174737 3.579780
v -0.092217 3.173724 3.578987
v -0.197834 2.985017 3.517803
v -0.188958 3.174356 3.431460
v -0.190834 3.173361 3.432154
v -0.192473 3.176394 3.436379
v -0.192221 3.171896 3.432905
v -0.190834 3.173361 3.432154
v -0.190786 3.167923 3.429108
v -0.192108 3.167269 3.430219
v -0.190893 3.162257 3.426781
v -0.190893 3.162257 3.426781
v -0.192277 3.162313 3.428273
v -0.186524 2.984592 3.489638
v -0.182265 3.198679 3.489718
v -0.086977 2.918886 3.435957
v -0.097885 2.919164 3.440069
v -0.088099 2.918752 3.431177
v -0.185216 2.985019 3.570123
v -0.185306 2.985673 3.565882
v -0.185154 2.987550 3.543589
v -0.084351 2.919781 3.460681
v -0.086092 2.917635 3.518065
v -0.189116 2.983177 3.421765
v -0.186591 2.983844 3.453898
v -0.084324 2.919560 3.489167
v -0.100811 3.189111 3.543376
v -0.097626 2.918510 3.516769
v -0.101008 2.915242 3.555277
v -0.088583 2.915139 3.547509
v -0.097691 2.913631 3.588887
v -0.183175 2.981937 3.579953
v -0.002446 -2.141623 4.275795
v -0.019182 -2.145684 4.283163
v -0.017862 -2.150738 4.277601
v -0.024853 -2.072116 4.302314
v -0.046944 -2.074720 4.300251
v -0.025736 -2.074720 4.300251
v -0.011983 -2.073664 4.303414
v -0.008730 -2.135205 4.313921
v -0.008730 -2.066789 4.300781
v -0.004530 -2.020911 4.273923
v -0.005523 -2.021820 4.267684
v -0.005412 -2.020154 4.273790
v -0.010021 -2.190475 4.300054
v -0.021336 -2.191423 4.306706
v -0.021441 -2.193098 4.300551
v -0.068422 -2.075276 4.270389
v -0.070233 -2.141623 4.275795
v -0.068422 -2.138681 4.282565
v -0.054817 -2.150738 4.277601
v -0.019182 -2.145684 4.283163
v -0.053497 -2.145684 4.283163
v -0.073503 -2.091742 4.158770
v -0.073503 -2.164734 4.172787
v 0.000824 -2.164734 4.172787
v -0.017862 -2.150738 4.277601
v -0.016290 -2.175773 4.174906
v -0.056389 -2.175773 4.174906
v -0.051090 -2.191423 4.306706
v -0.010101 -2.023001 4.264604
v -0.021377 -2.061688 4.271400
v -0.021485 -2.020482 4.264038
v -0.051302 -2.061688 4.271400
v -0.051195 -2.020482 4.264038
v -0.021377 -2.150928 4.288539
v -0.010101 -2.189379 4.296555
v -0.021485 -2.191931 4.296962
v -0.003053 -2.071841 4.277875
v -0.003979 -2.021913 4.274128
v -0.002779 -2.067882 4.294851
v -0.051302 -2.150928 4.288539
v -0.051195 -2.191931 4.296962
v -0.073503 -2.164734 4.172787
v -0.062579 -2.023001 4.264604
v 0.000824 -2.091742 4.158770
v -0.017862 -2.065916 4.261313
v -0.002446 -2.075052 4.263011
v -0.054817 -2.065916 4.261313
v -0.073503 -2.091742 4.158770
v -0.070233 -2.075052 4.263011
v -0.019182 -2.068551 4.268350
v -0.049765 -2.133939 4.314991
v -0.058588 -2.125897 4.313245
v -0.060696 -2.127944 4.313839
v -0.063926 -2.135205 4.313921
v -0.050770 -2.142523 4.314701
v -0.021873 -2.142523 4.314701
v -0.051008 -2.188860 4.309578
v -0.021381 -2.188860 4.309578
v -0.062579 -2.189379 4.296555
v -0.010023 -2.186344 4.309012
v -0.019816 -2.083732 4.295895
v -0.022797 -2.118695 4.298248
v -0.019816 -2.121378 4.303124
v -0.060696 -2.073664 4.303414
v -0.063926 -2.066789 4.300781
v -0.021873 -2.059646 4.298784
v -0.010023 -2.019938 4.277055
v -0.021381 -2.017391 4.276650
v -0.051202 -2.017910 4.266908
v -0.021466 -2.018663 4.265241
v -0.051213 -2.018663 4.265241
v -0.062622 -2.190475 4.300054
v -0.051202 -2.193098 4.300551
v -0.002779 -2.136349 4.308001
v -0.009916 -2.018856 4.273561
v -0.021441 -2.017910 4.266908
v -0.021336 -2.016233 4.273063
v -0.022915 -2.133939 4.314991
v -0.014091 -2.125897 4.313245
v -0.024082 -2.131409 4.314303
v -0.011983 -2.127944 4.313839
v -0.069624 -2.139086 4.290788
v -0.068447 -2.185754 4.305593
v -0.069869 -2.136349 4.308001
v -0.062366 -2.186344 4.309012
v -0.051090 -2.016233 4.273063
v -0.053497 -2.068551 4.268350
v -0.070233 -2.141623 4.275795
v -0.062509 -2.018856 4.273561
v -0.062622 -2.020530 4.267417
v -0.005424 -2.065690 4.272614
v -0.004849 -2.024119 4.265560
v -0.004573 -2.066344 4.273318
v -0.062366 -2.019938 4.277055
v -0.050770 -2.059646 4.298784
v -0.051008 -2.017391 4.276650
v 0.000824 -2.091742 4.158770
v 0.000824 -2.164734 4.172787
v -0.058588 -2.075785 4.303621
v -0.063318 -2.141840 4.286594
v -0.067255 -2.146761 4.288182
v -0.067695 -2.140450 4.286653
v -0.067695 -2.140450 4.286653
v -0.068107 -2.145892 4.288596
v -0.068343 -2.139749 4.286991
v -0.068343 -2.139749 4.286991
v -0.068319 -2.139879 4.286102
v -0.067695 -2.140450 4.286653
v -0.064087 -2.141150 4.285945
v -0.063318 -2.141840 4.286594
v -0.068823 -2.139061 4.287389
v -0.070060 -2.134502 4.286943
v -0.070272 -2.134903 4.285667
v -0.068966 -2.139222 4.286456
v -0.068823 -2.139061 4.287389
v -0.068553 -2.139589 4.286509
v -0.068681 -2.144991 4.289258
v -0.069017 -2.139596 4.285576
v -0.068422 -2.138681 4.282565
v -0.064936 -2.140908 4.285159
v -0.068966 -2.139222 4.286456
v -0.070569 -2.135370 4.284437
v -0.069017 -2.139596 4.285576
v -0.005576 -2.185346 4.308576
v -0.004694 -2.135768 4.312949
v -0.068321 -2.187790 4.297821
v -0.067587 -2.188596 4.297408
v -0.067851 -2.188689 4.298043
v -0.067997 -2.188422 4.299690
v -0.068553 -2.187419 4.299486
v -0.067830 -2.187988 4.297029
v -0.068107 -2.145892 4.288596
v -0.066987 -2.189023 4.297226
v -0.067020 -2.188291 4.296591
v -0.067020 -2.188291 4.296591
v -0.067587 -2.188596 4.297408
v -0.067830 -2.187988 4.297029
v -0.067052 -2.189348 4.298120
v -0.067120 -2.189178 4.299822
v -0.067851 -2.188689 4.298043
v -0.066987 -2.189023 4.297226
v -0.062582 -2.190166 4.297290
v -0.062610 -2.190574 4.298279
v -0.003856 -2.139061 4.287389
v -0.003053 -2.139086 4.290788
v -0.003999 -2.144991 4.289258
v -0.004336 -2.139749 4.286991
v -0.004126 -2.139589 4.286509
v -0.003713 -2.139222 4.286456
v -0.002407 -2.134903 4.285667
v -0.002620 -2.134502 4.286943
v -0.005424 -2.146761 4.288182
v -0.009361 -2.141840 4.286594
v -0.004984 -2.140450 4.286653
v -0.004984 -2.140450 4.286653
v -0.008593 -2.141150 4.285945
v -0.004361 -2.139879 4.286102
v -0.004361 -2.139879 4.286102
v -0.004984 -2.140450 4.286653
v -0.004573 -2.145892 4.288596
v -0.003662 -2.139596 4.285576
v -0.004258 -2.138681 4.282565
v -0.002110 -2.135370 4.284437
v -0.002110 -2.135370 4.284437
v -0.003662 -2.139596 4.285576
v -0.007744 -2.140908 4.285159
v -0.009361 -2.070849 4.272962
v -0.004984 -2.072118 4.273530
v -0.004336 -2.072644 4.274104
v -0.004336 -2.072644 4.274104
v -0.004361 -2.072852 4.273232
v -0.004984 -2.072118 4.273530
v -0.008593 -2.071730 4.272613
v -0.003856 -2.073134 4.274728
v -0.002620 -2.077535 4.276001
v -0.002407 -2.077636 4.274670
v -0.003713 -2.073332 4.273801
v -0.003856 -2.073134 4.274728
v -0.004126 -2.072973 4.273716
v -0.003999 -2.066936 4.274268
v -0.003856 -2.073134 4.274728
v -0.003662 -2.073310 4.272848
v -0.004258 -2.075276 4.270389
v -0.007744 -2.072248 4.271974
v -0.007744 -2.072248 4.271974
v -0.003662 -2.073310 4.272848
v -0.003713 -2.073332 4.273801
v -0.002110 -2.077657 4.273354
v -0.003662 -2.073310 4.272848
v -0.067255 -2.065690 4.272614
v -0.063318 -2.070849 4.272962
v -0.067695 -2.072118 4.273530
v -0.064087 -2.071730 4.272613
v -0.068319 -2.072852 4.273232
v -0.068319 -2.072852 4.273232
v -0.068343 -2.072644 4.274104
v -0.067695 -2.072118 4.273530
v -0.068107 -2.066344 4.273318
v -0.067255 -2.065690 4.272614
v -0.069017 -2.073310 4.272848
v -0.070569 -2.077657 4.273354
v -0.068966 -2.073332 4.273801
v -0.069017 -2.073310 4.272848
v -0.068553 -2.072973 4.273716
v -0.068319 -2.072852 4.273232
v -0.064936 -2.072248 4.271974
v -0.068823 -2.073134 4.274728
v -0.069624 -2.071841 4.277875
v -0.068681 -2.066936 4.274268
v -0.068553 -2.072973 4.273716
v -0.070272 -2.077636 4.274670
v -0.070060 -2.077535 4.276001
v -0.004090 -2.187419 4.299486
v -0.005659 -2.188291 4.296591
v -0.005093 -2.188596 4.297408
v -0.005692 -2.189023 4.297226
v -0.004358 -2.187790 4.297821
v -0.004646 -2.188422 4.299690
v -0.004828 -2.188689 4.298043
v -0.005093 -2.188596 4.297408
v -0.004849 -2.187988 4.297029
v -0.004849 -2.187988 4.297029
v -0.005628 -2.189348 4.298120
v -0.010070 -2.190574 4.298279
v -0.010097 -2.190166 4.297290
v -0.005692 -2.189023 4.297226
v -0.005093 -2.188596 4.297408
v -0.004828 -2.188689 4.298043
v -0.005523 -2.189178 4.299822
v -0.005628 -2.189348 4.298120
v -0.068162 -2.021538 4.275793
v -0.069869 -2.067882 4.294851
v -0.069520 -2.067157 4.298220
v -0.005692 -2.023084 4.265360
v -0.005659 -2.023999 4.265040
v -0.005093 -2.023413 4.265686
v -0.004573 -2.066344 4.273318
v -0.004358 -2.024009 4.266367
v -0.003999 -2.066936 4.274268
v -0.010070 -2.021254 4.265762
v -0.005628 -2.022450 4.266069
v -0.004646 -2.022570 4.267839
v -0.004828 -2.023092 4.266243
v -0.005628 -2.022450 4.266069
v -0.010097 -2.021998 4.264996
v -0.068553 -2.023577 4.268021
v -0.067830 -2.024119 4.265560
v -0.068107 -2.066344 4.273318
v -0.004358 -2.024009 4.266367
v -0.004828 -2.023092 4.266243
v -0.004828 -2.023092 4.266243
v -0.004090 -2.023577 4.268021
v -0.068321 -2.024009 4.266367
v -0.067830 -2.024119 4.265560
v -0.067020 -2.023999 4.265040
v -0.067587 -2.023413 4.265686
v -0.066987 -2.023084 4.265360
v -0.066987 -2.023084 4.265360
v -0.067020 -2.023999 4.265040
v -0.067851 -2.023092 4.266243
v -0.067120 -2.021820 4.267684
v -0.062610 -2.021254 4.265762
v -0.067052 -2.022450 4.266069
v -0.062582 -2.021998 4.264996
v -0.066987 -2.023084 4.265360
v -0.067052 -2.022450 4.266069
v -0.067997 -2.022570 4.267839
v -0.067120 -2.021820 4.267684
v -0.066813 -2.185346 4.308576
v -0.067699 -2.186243 4.307372
v -0.068162 -2.185325 4.307247
v -0.067414 -2.185925 4.307930
v -0.067646 -2.185220 4.308055
v -0.067646 -2.185220 4.308055
v -0.067949 -2.135768 4.312949
v -0.068896 -2.135700 4.312321
v -0.066892 -2.186883 4.307546
v -0.062509 -2.188803 4.306197
v -0.062444 -2.188083 4.307851
v -0.062392 -2.187343 4.308620
v -0.066803 -2.186255 4.308254
v -0.066892 -2.186883 4.307546
v -0.067414 -2.185925 4.307930
v -0.067699 -2.186243 4.307372
v -0.067699 -2.186243 4.307372
v -0.067014 -2.187512 4.305931
v -0.066803 -2.186255 4.308254
v -0.062771 -2.148229 4.288127
v -0.005586 -2.186255 4.308254
v -0.005576 -2.185346 4.308576
v -0.004975 -2.185925 4.307930
v -0.004743 -2.185220 4.308055
v -0.069520 -2.135756 4.311393
v -0.068896 -2.135700 4.312321
v -0.009945 -2.188083 4.307851
v -0.005412 -2.187512 4.305931
v -0.005497 -2.186883 4.307546
v -0.005497 -2.186883 4.307546
v -0.004530 -2.186759 4.305772
v -0.004690 -2.186243 4.307372
v -0.005586 -2.186255 4.308254
v -0.009997 -2.187343 4.308620
v -0.009908 -2.148229 4.288127
v -0.004694 -2.135768 4.312949
v -0.003747 -2.135700 4.312321
v -0.004227 -2.185325 4.307247
v -0.003979 -2.185754 4.305593
v -0.003123 -2.067157 4.298220
v -0.004743 -2.021335 4.276584
v -0.003747 -2.066864 4.299100
v -0.005576 -2.021028 4.277020
v -0.004975 -2.020730 4.276206
v -0.005586 -2.020300 4.276384
v -0.005586 -2.020300 4.276384
v -0.005576 -2.021028 4.277020
v -0.009908 -2.064347 4.272018
v -0.004227 -2.021538 4.275793
v -0.004530 -2.020911 4.273923
v -0.004690 -2.020640 4.275569
v -0.067646 -2.021335 4.276584
v -0.068896 -2.066864 4.299100
v -0.005497 -2.019980 4.275494
v -0.009945 -2.018754 4.275332
v -0.009997 -2.019156 4.276321
v -0.005586 -2.020300 4.276384
v -0.004975 -2.020730 4.276206
v -0.004690 -2.020640 4.275569
v -0.067949 -2.066568 4.299659
v -0.067646 -2.021335 4.276584
v -0.068896 -2.066864 4.299100
v -0.067414 -2.020730 4.276206
v -0.067699 -2.020640 4.275569
v -0.067895 -2.020911 4.273923
v -0.068447 -2.021913 4.274128
v -0.066803 -2.020300 4.276384
v -0.066813 -2.021028 4.277020
v -0.067414 -2.020730 4.276206
v -0.066892 -2.019980 4.275494
v -0.067014 -2.020154 4.273790
v -0.067699 -2.020640 4.275569
v -0.067414 -2.020730 4.276206
v -0.066803 -2.020300 4.276384
v -0.062392 -2.019156 4.276321
v -0.062444 -2.018754 4.275332
v -0.052681 -2.143883 4.285605
v -0.051054 -2.190672 4.308373
v -0.021335 -2.190672 4.308373
v -0.051651 -2.144585 4.287036
v -0.020538 -2.143970 4.286404
v -0.021028 -2.144585 4.287036
v -0.052142 -2.143970 4.286404
v -0.051651 -2.144585 4.287036
v -0.021466 -2.193174 4.298753
v -0.051213 -2.193174 4.298753
v -0.019998 -2.069319 4.271286
v -0.020538 -2.143970 4.286404
v -0.019998 -2.143883 4.285605
v -0.008593 -2.071730 4.272613
v -0.020538 -2.068942 4.271996
v -0.021028 -2.068136 4.272355
v -0.052681 -2.069319 4.271286
v -0.020538 -2.068942 4.271996
v -0.056389 -2.080702 4.156650
v -0.064087 -2.071730 4.272613
v -0.052142 -2.068942 4.271996
v -0.052142 -2.068942 4.271996
v -0.051651 -2.068136 4.272355
v -0.062771 -2.064347 4.272018
v -0.017086 -2.123334 4.309587
v -0.024853 -2.129791 4.313390
v -0.048598 -2.131409 4.314303
v -0.002110 -2.135370 4.284437
v -0.004258 -2.138681 4.282565
v -0.009361 -2.141840 4.286594
v -0.021028 -2.144585 4.287036
v -0.003747 -2.066864 4.299100
v -0.003747 -2.135700 4.312321
v -0.003123 -2.135756 4.311393
v -0.051204 -2.192739 4.297732
v -0.021475 -2.192739 4.297732
v -0.062582 -2.190166 4.297290
v -0.051204 -2.019445 4.264453
v -0.021475 -2.019445 4.264453
v -0.051204 -2.019445 4.264453
v -0.010097 -2.021998 4.264996
v -0.021358 -2.189893 4.309161
v -0.051054 -2.016155 4.274859
v -0.010021 -2.020530 4.267417
v -0.062582 -2.021998 4.264996
v -0.004258 -2.138681 4.282565
v -0.002446 -2.075052 4.263011
v -0.004258 -2.075276 4.270389
v -0.010097 -2.190166 4.297290
v -0.021475 -2.192739 4.297732
v -0.067997 -2.188422 4.299690
v -0.067895 -2.186759 4.305772
v -0.051031 -2.016587 4.275878
v -0.021335 -2.016155 4.274859
v -0.051031 -2.189893 4.309161
v -0.062392 -2.187343 4.308620
v -0.051031 -2.189893 4.309161
v -0.021358 -2.189893 4.309161
v -0.051031 -2.016587 4.275878
v -0.021358 -2.016587 4.275878
v -0.009997 -2.019156 4.276321
v -0.021358 -2.016587 4.275878
v -0.062392 -2.019156 4.276321
v -0.009916 -2.188803 4.306197
v -0.009997 -2.187343 4.308620
v -0.005523 -2.189178 4.299822
v -0.067895 -2.186759 4.305772
v -0.005412 -2.187512 4.305931
v -0.004646 -2.022570 4.267839
v -0.004743 -2.021335 4.276584
v -0.004694 -2.066568 4.299659
v -0.004573 -2.145892 4.288596
v -0.019816 -2.083732 4.295895
v -0.027240 -2.079608 4.295103
v -0.044318 -2.086427 4.290525
v -0.045439 -2.079608 4.295103
v -0.051204 -2.192739 4.297732
v -0.022797 -2.088032 4.292359
v -0.027240 -2.125503 4.303917
v -0.044318 -2.120864 4.297140
v -0.045439 -2.125503 4.303917
v -0.025736 -2.128136 4.310508
v -0.019816 -2.121378 4.303124
v -0.027240 -2.125503 4.303917
v -0.022797 -2.118695 4.298248
v -0.028361 -2.120864 4.297140
v -0.045439 -2.079608 4.295103
v -0.025736 -2.074720 4.300251
v -0.046944 -2.074720 4.300251
v -0.015485 -2.077306 4.303310
v -0.015485 -2.124601 4.312394
v -0.052863 -2.121378 4.303124
v -0.046944 -2.128136 4.310508
v -0.049882 -2.118695 4.298248
v -0.015485 -2.077306 4.303310
v -0.015485 -2.124601 4.312394
v -0.046944 -2.074720 4.300251
v -0.052863 -2.083732 4.295895
v -0.045439 -2.079608 4.295103
v -0.049882 -2.088032 4.292359
v -0.049882 -2.088032 4.292359
v -0.052863 -2.121378 4.303124
v -0.049882 -2.118695 4.298248
v -0.049882 -2.118695 4.298248
v -0.044318 -2.120864 4.297140
v -0.028361 -2.086427 4.290525
v -0.024082 -2.070273 4.302564
v -0.047827 -2.072116 4.302314
v -0.022915 -2.067672 4.302265
v -0.014091 -2.075785 4.303621
v -0.049765 -2.067672 4.302265
v -0.048598 -2.070273 4.302564
v -0.057195 -2.077306 4.303310
v -0.057195 -2.124601 4.312394
v -0.055594 -2.123334 4.309587
v -0.047827 -2.129791 4.313390
v -0.055594 -2.123334 4.309587
v -0.057195 -2.124601 4.312394
v -0.047827 -2.129791 4.313390
v -0.055594 -2.079521 4.301172
v -0.024853 -2.129791 4.313390
v -0.017086 -2.123334 4.309587
v -0.017086 -2.079521 4.301172
v -0.057195 -2.077306 4.303310
v -0.057195 -2.124601 4.312394
v -0.091590 3.197367 3.457881
v -0.908958 0.834789 3.584702
v -0.836211 0.758812 3.601386
v -0.912767 0.831812 3.584402
v -2.736510 0.341619 2.868918
v -2.602691 0.341792 2.967359
v -2.610974 0.316480 2.965702
v -1.266755 0.417476 3.516532
v -1.195700 0.069281 3.562004
v -1.295204 0.051916 3.542399
v -1.675017 -0.105701 3.463717
v -1.805998 0.003567 3.406734
v -1.667530 0.013133 3.447276
v -2.285698 -0.459019 3.334999
v -2.435694 -0.449851 3.290619
v -2.285388 -0.459124 3.333954
v -2.316898 -0.021191 3.239083
v -2.221249 -0.130507 3.298755
v -2.334855 -0.129101 3.258449
v -1.037952 0.023793 3.599187
v -1.111532 0.088280 3.575853
v -1.042712 0.107345 3.586184
v -2.176120 0.901541 3.217166
v -2.012942 0.626871 3.314703
v -2.142636 0.604199 3.244214
v -1.377011 0.415318 3.498725
v -1.408656 0.036795 3.516421
v -2.324647 0.860947 3.123704
v -2.008635 0.931300 2.869356
v -2.176799 0.907198 3.214117
v -1.097919 -0.067800 3.602247
v -1.191969 -0.034666 3.578316
v -1.106568 -0.006296 3.590901
v -1.538675 -0.094104 3.500782
v -1.533831 0.024004 3.484346
v -2.523084 0.438690 3.010864
v -2.577340 0.694603 2.973387
v -2.454692 0.488401 3.050877
v -1.764856 0.393274 3.402329
v -1.888446 0.505942 3.365240
v -1.751611 0.517596 3.415991
v -2.562267 -0.425086 3.244633
v -2.520348 -0.171346 3.188316
v -2.446107 -0.189881 3.228948
v -1.901289 0.382216 3.353531
v -1.609539 0.583906 3.463855
v -1.484573 0.532395 3.487282
v -1.615713 0.526455 3.456756
v -2.232368 -0.205328 3.310434
v -2.348665 -0.200937 3.269534
v -0.906542 0.834616 3.585722
v -0.857706 0.920391 3.313366
v -0.735413 0.861010 3.384620
v -1.944928 -0.004942 3.364282
v -2.034346 0.369333 3.297431
v -1.228074 0.657359 3.528094
v -1.142996 0.574005 3.530448
v -1.241559 0.585148 3.523444
v -0.806687 0.413297 3.644934
v -0.806079 0.513717 3.636367
v -0.804512 0.514887 3.636743
v -2.557952 0.247022 3.027453
v -2.539776 -0.011240 3.127229
v -2.580824 -0.003904 3.093985
v -0.988667 -0.283266 3.671274
v -0.911255 -0.196268 3.674679
v -0.908025 -0.198694 3.675316
v -1.703194 0.965200 3.022871
v -1.722826 0.943237 3.440419
v -1.870137 0.937074 3.380391
v -1.071190 0.510619 3.538507
v -1.152704 0.524310 3.529365
v -1.028592 -0.028228 3.609135
v -1.029057 0.882583 3.568637
v -1.043549 0.616591 3.540608
v -1.127194 0.641502 3.533480
v -0.830749 0.761966 3.602751
v -0.655543 0.780528 3.443153
v -2.745897 0.214306 2.876088
v -2.740733 0.297593 2.867574
v -2.745445 0.213286 2.877643
v -1.522779 -0.455104 3.546990
v -1.674612 -0.462093 3.504382
v -1.675132 -0.459082 3.504827
v -0.960151 0.473772 3.560610
v -0.938650 0.495832 3.564835
v -0.941822 0.466937 3.566509
v -2.102341 -0.204369 3.351877
v -2.093505 -0.127693 3.340046
v -0.960118 0.035933 3.613574
v -0.822655 -0.000086 3.667459
v -0.835703 -0.052127 3.669546
v -1.539792 -0.173586 3.512264
v -1.434798 0.942841 3.517342
v -1.295380 0.933259 3.539372
v -1.436406 0.941682 3.517460
v -2.721232 -0.250036 3.072730
v -2.739191 -0.175497 3.021644
v -2.720350 -0.251211 3.073276
v -2.619255 -0.057367 3.080613
v -2.612622 0.000215 3.064585
v -0.906921 -0.197786 3.676334
v -0.851742 -0.103901 3.672419
v -0.850466 -0.103572 3.672892
v -1.297034 0.930510 3.539932
v -1.437653 0.939025 3.518124
v -2.580385 0.697692 2.970076
v -2.293414 0.807673 2.712993
v -2.461070 0.788992 3.039923
v -1.956704 -0.122147 3.381910
v -1.820983 -0.193883 3.435072
v -1.963651 -0.200116 3.393613
v -2.629795 -0.083455 3.081020
v -2.634123 -0.061595 3.068501
v -1.601578 0.662947 3.472189
v -1.477768 0.588934 3.493942
v -1.870137 0.937074 3.380391
v -1.723724 0.941749 3.440970
v -1.870606 0.935473 3.381213
v -0.820091 -0.000994 3.667876
v -0.808806 0.106130 3.664825
v -0.819045 -0.001283 3.668156
v -1.250268 0.532261 3.520369
v -1.170146 0.415996 3.530263
v -1.855153 0.954371 2.949393
v -2.022909 0.928169 3.302935
v -0.804973 0.669460 3.618840
v -0.832356 0.761531 3.601974
v -0.830749 0.761966 3.602751
v -0.988515 0.123551 3.595133
v -0.969048 0.063872 3.607428
v -0.987107 0.052554 3.605053
v -0.977775 0.013394 3.612949
v -1.160297 0.913731 3.554965
v -1.158094 0.916645 3.554576
v -2.714867 0.489156 2.888105
v -2.572119 0.389259 2.982833
v -2.743963 -0.134229 3.001069
v -2.738483 -0.175225 3.022898
v -1.724537 0.939015 3.441799
v -2.615671 0.287989 2.968099
v -2.596047 0.229334 3.000133
v -2.621211 0.221407 2.980611
v -0.997487 0.532492 3.548331
v -1.061003 0.555928 3.538460
v -2.017702 0.548090 3.309858
v -2.022305 0.491228 3.305354
v -1.678401 -0.185344 3.475086
v -0.988081 -0.282061 3.672928
v -1.031787 -0.360401 3.465080
v -1.094051 -0.353341 3.658149
v -2.645138 -0.380946 3.190732
v -2.564135 -0.426952 3.243821
v -2.646582 -0.382622 3.189942
v -2.285698 -0.459019 3.334999
v -2.286557 -0.454183 2.989877
v -2.436534 -0.449555 3.291680
v -1.578360 0.945672 3.485120
v -1.579611 0.944318 3.485453
v -2.023039 0.922974 3.305452
v -1.871163 0.932497 3.382250
v -2.132828 -0.459941 3.377272
v -1.980361 -0.462283 3.419361
v -2.132977 -0.462013 3.376744
v -2.523717 -0.318217 2.815773
v -2.551977 -0.247885 2.756707
v -2.739886 0.297093 2.869211
v -0.948261 0.062325 3.612764
v -0.965981 0.128756 3.599674
v -0.936425 0.130460 3.607377
v -1.293932 -0.059089 3.559145
v -1.342895 0.665040 3.519656
v -1.468460 0.666486 3.501758
v -2.561865 0.351354 2.997712
v -2.510420 0.353205 3.036098
v -2.558599 0.320337 3.007318
v -1.827843 -0.459709 3.462397
v -1.827516 -0.462264 3.461919
v -1.361724 0.534627 3.507884
v -2.284703 -0.457158 3.334560
v -1.738875 0.655230 3.430871
v -0.926220 0.523292 3.567013
v -0.805579 0.564594 3.631349
v -0.919489 0.497481 3.571441
v -2.748451 -0.046677 2.964576
v -2.634132 -0.002835 3.045920
v -2.594898 -0.074511 3.108208
v -2.557341 -0.093603 3.142567
v -2.739886 0.297093 2.869211
v -2.744774 0.212652 2.879229
v -1.745890 0.575428 3.422850
v -2.458852 0.784592 3.043198
v -2.367137 0.534382 3.104918
v -2.570703 -0.171139 2.704126
v -2.745155 -0.133793 2.998758
v -2.739891 -0.174438 3.020639
v -2.743963 -0.134229 3.001069
v -2.738483 -0.175225 3.022898
v -1.522150 -0.458568 3.548089
v -1.370340 -0.442798 3.588433
v -1.370714 -0.442567 3.590067
v -2.748972 -0.046648 2.963428
v -2.748451 -0.046677 2.964576
v -1.629355 0.402628 3.442753
v -2.749373 -0.045853 2.962154
v -2.690590 -0.319546 3.132051
v -1.883171 0.563605 3.371254
v -1.815744 -0.114861 3.423587
v -0.906542 0.834616 3.585722
v -1.410488 -0.078863 3.533058
v -1.877066 0.643357 3.378122
v -1.498880 0.410163 3.474598
v -2.261801 0.501213 3.175249
v -2.363562 0.468518 3.113731
v -1.026082 0.885613 3.568535
v -1.580599 0.941663 3.486195
v -2.744774 0.212652 2.879229
v -2.447916 0.292865 3.092635
v -2.510035 0.269297 3.057710
v -2.148917 0.472577 3.240631
v -2.363720 0.420347 3.119722
v -2.272047 0.336286 3.183228
v -2.368893 0.315684 3.134177
v -1.354069 0.589693 3.513157
v -0.805763 0.668082 3.618483
v -2.573176 -0.146470 3.148691
v -2.719559 -0.250512 3.074344
v -2.608982 -0.117332 3.111961
v -1.022394 0.402701 3.553706
v -1.006986 0.492651 3.548917
v -0.854887 -0.102335 3.671886
v -2.666793 0.593368 2.921261
v -1.408841 -0.156812 3.544889
v -0.970594 0.394097 3.566192
v -0.948814 0.391088 3.572646
v -2.263843 0.448928 3.177063
v -1.434798 0.942841 3.517342
v -1.413929 0.977936 3.137317
v -1.271458 0.977282 3.179739
v -2.022908 0.926410 3.304027
v -2.176473 0.905369 3.215333
v -2.513579 0.390313 3.025917
v -2.133053 -0.461985 3.377791
v -0.808806 0.106130 3.664825
v -0.643624 0.004730 3.523801
v -0.819045 -0.001283 3.668156
v -1.293409 0.934161 3.539504
v -1.155839 0.917218 3.555003
v -0.806591 0.413973 3.645280
v -0.633124 0.114094 3.520934
v -1.980373 -0.462250 3.420464
v -1.827514 -0.462201 3.463117
v -0.875069 -0.284497 3.503586
v -0.906921 -0.197786 3.676334
v -0.749577 -0.196233 3.524581
v -2.445948 0.387645 3.072788
v -2.447716 0.430622 3.063835
v -2.022909 0.928169 3.302935
v -2.159474 0.354195 3.238631
v -2.079711 -0.012376 3.321462
v -2.205384 -0.018095 3.279431
v -2.324112 0.859302 3.124862
v -2.176799 0.907198 3.214117
v -2.575998 -0.129852 2.681986
v -2.593778 0.294894 2.984484
v -1.370714 -0.442567 3.590067
v -1.182757 -0.416752 3.417026
v -1.322111 -0.451780 3.364825
v -1.096266 -0.350680 3.655755
v -1.289263 -0.133652 3.571379
v -1.184808 -0.103768 3.590487
v -2.503697 -0.110320 3.180054
v -1.224288 -0.407472 3.629138
v -1.093956 -0.354289 3.656215
v -1.094051 -0.353341 3.658149
v -2.692572 -0.319674 3.131334
v -2.480751 -0.381019 2.876360
v -2.523717 -0.318217 2.815773
v -1.557080 0.973392 3.085592
v -1.578360 0.945672 3.485120
v -2.744599 -0.134517 2.999905
v -2.593858 0.319871 2.978704
v -2.133053 -0.461985 3.377791
v -2.149774 -0.466254 3.043668
v -1.980373 -0.462250 3.420464
v -2.011573 -0.470041 3.097292
v -2.434192 -0.447924 3.291343
v -0.808744 0.666004 3.617887
v -0.980121 0.584001 3.550211
v -0.991566 -0.280153 3.670653
v -2.460304 0.787753 3.040937
v -0.811460 0.106468 3.664168
v -2.410675 -0.021091 3.200403
v -0.804423 0.515984 3.637043
v -0.803716 0.566034 3.631757
v -0.803488 0.567416 3.632019
v -1.827514 -0.462201 3.463117
v -1.873468 -0.470329 3.150880
v -1.735328 -0.470331 3.204466
v -1.674624 -0.462021 3.505697
v -1.597150 -0.470339 3.258029
v -2.719559 -0.250512 3.074344
v -2.691551 -0.320827 3.131218
v -0.850466 -0.103572 3.672892
v -0.808098 0.412556 3.644522
v -0.809443 0.106197 3.664544
v -1.459238 -0.467249 3.311509
v -1.522150 -0.458568 3.548089
v -0.938844 0.545274 3.561561
v -0.805772 0.615566 3.625217
v -2.484375 -0.017506 3.162980
v -2.579365 0.696935 2.970999
v -2.461070 0.788992 3.039923
v -0.803445 0.617355 3.625687
v -0.802984 0.618997 3.625922
v -2.669015 0.594953 2.918873
v -2.580385 0.697692 2.970076
v -2.579365 0.696935 2.970999
v -2.503983 0.609761 2.598644
v -2.670101 0.595363 2.917995
v -0.917443 0.466261 3.575070
v -0.628913 0.683603 3.473776
v -0.830749 0.761966 3.602751
v -0.655543 0.780528 3.443153
v -0.832824 -0.053351 3.670013
v -0.919803 0.389950 3.582502
v -2.580489 -0.040349 2.645026
v -2.647797 -0.381691 3.190665
v -2.404227 -0.427649 2.934727
v -2.324647 0.860947 3.123704
v -2.692572 -0.319674 3.131334
v -2.737472 0.342135 2.867221
v -2.732408 0.388635 2.871775
v -2.736510 0.341619 2.868918
v -0.804973 0.669460 3.618840
v -0.627118 0.632064 3.482185
v -0.802984 0.618997 3.625922
v -2.430080 -0.122541 3.218988
v -0.656540 -0.048319 3.525704
v -1.023617 0.885751 3.569298
v -2.436534 -0.449555 3.291680
v -2.565378 -0.426348 3.244836
v -1.224288 -0.407472 3.629138
v -1.088598 0.410763 3.542056
v -0.804423 0.515984 3.637043
v -0.630859 0.424402 3.501869
v -2.145355 0.527752 3.242641
v -1.225524 -0.404124 3.627114
v -1.371476 -0.438900 3.588584
v -2.261957 0.573377 3.171892
v -0.953649 0.506700 3.559568
v -1.522015 -0.458653 3.546634
v -1.674624 -0.462021 3.505697
v -1.980497 -0.460028 3.419856
v -0.806591 0.413973 3.645280
v -2.573448 0.307627 2.547337
v -2.738008 0.342466 2.865900
v -2.741243 0.298132 2.866109
v -0.992814 0.955135 3.257420
v -1.023617 0.885751 3.569298
v -1.155839 0.917218 3.555003
v -1.223836 -0.408019 3.627284
v -0.327481 -1.753271 3.914094
v -0.396278 -1.713450 3.879080
v -0.325885 -1.753155 3.912938
v -1.832621 -0.701259 3.452273
v -1.672460 -0.931750 3.436117
v -1.843487 -0.943551 3.383450
v -0.498336 -1.607224 3.756370
v -0.461558 -1.663865 3.844983
v -0.518050 -1.598603 3.811836
v -0.512092 0.222216 4.015628
v -0.663205 0.161082 3.833256
v -0.650003 0.277553 3.829423
v -0.759793 0.638418 3.620487
v -0.776280 0.744902 3.614817
v -0.765424 0.638170 3.630875
v -2.838151 -1.060447 3.119136
v -2.630589 -1.167479 3.115244
v -2.893576 -1.132415 3.069185
v -2.561469 1.825503 3.327203
v -2.910474 1.859758 3.035269
v -2.721534 2.099061 3.167216
v -1.957749 -1.521124 3.062484
v -2.161053 -1.520811 3.016961
v -1.958065 -1.519424 3.064889
v -0.208345 -1.984722 4.116197
v -0.154436 -1.808020 3.996961
v -0.052883 -1.826828 4.046118
v -2.536302 0.771082 2.979860
v -2.452755 0.681754 2.599507
v -2.633777 0.669906 2.923487
v -0.517455 -1.597401 3.809923
v -0.624063 -1.729092 3.920894
v -0.676372 -1.633254 3.879814
v -1.225716 -2.269538 3.360209
v -1.387178 -2.106464 3.533936
v -1.384176 -2.277552 3.643142
v -3.209226 -0.635003 2.978293
v -3.283959 -0.513533 2.896573
v -3.222858 -0.493838 2.920728
v -0.050253 -1.825593 4.044615
v 0.045229 -1.865067 4.096673
v -0.052883 -1.826828 4.046118
v -0.312562 -1.967057 4.089871
v -0.317914 -2.143203 4.140988
v -0.443597 -2.121207 4.122337
v -2.117841 1.648013 3.537617
v -2.453207 1.620585 3.398638
v -2.159405 1.776775 3.517293
v -3.115966 -0.878543 3.056761
v -3.075382 -1.047795 3.038041
v -3.178996 -0.926476 3.015776
v -0.751464 -1.072090 3.798536
v -0.907296 -1.232619 3.768626
v -0.928185 -1.044431 3.752938
v -1.386437 -2.107245 3.535666
v -1.383305 -2.278826 3.644414
v -2.541182 -0.335821 2.782137
v -2.749104 -0.270730 3.048650
v -2.567502 -0.260416 2.724179
v -1.612807 -1.604079 3.246376
v -1.711553 -1.569530 3.186899
v -1.611654 -1.603787 3.248083
v -0.889224 -0.573527 3.835108
v -0.700904 -0.527158 3.953343
v -0.803000 -0.686934 3.874748
v -3.392318 -0.021308 2.322042
v -3.567842 0.154776 2.667984
v -3.587912 -0.031880 2.673668
v -0.428812 -0.750323 3.898888
v -0.319795 -0.521497 3.919095
v -0.406989 -0.743459 3.841588
v -0.496552 0.368989 4.000342
v -0.645661 0.401147 3.815688
v -2.779825 -1.516410 2.856165
v -3.115598 -1.454617 2.761608
v -2.780013 -1.514708 2.859396
v -0.578597 0.649820 3.466005
v -0.769872 0.744273 3.603900
v 0.111259 0.373797 4.195344
v 0.045258 0.155052 4.212323
v 0.047023 0.145353 4.308488
v -0.555995 -1.117613 3.794249
v -0.485302 -0.936503 3.784412
v -0.541570 -1.124014 3.743485
v -3.087996 0.001600 2.825764
v -2.927930 -0.124741 2.922304
v -3.093383 -0.152804 2.854847
v -3.187249 0.329084 2.771590
v -3.045491 0.426320 2.833126
v -3.065325 0.296339 2.812724
v -0.454099 2.371427 3.794295
v 0.097717 2.402125 3.694396
v -0.223413 1.971465 3.852438
v -3.083270 -0.569884 3.028049
v -3.096765 -0.444312 2.964773
v -2.922133 -1.443624 2.408684
v -3.115413 -1.456077 2.757996
v -2.925842 0.000318 2.891442
v -2.825577 0.098528 2.904414
v -2.826698 -0.002856 2.933607
v -0.200145 -1.785576 3.862395
v -0.151675 -1.806922 3.995146
v -0.245670 -1.784086 3.950460
v -0.760882 0.105381 3.665567
v -0.631459 -0.100604 3.512494
v -0.579653 0.116497 3.511315
v -1.203275 1.149158 3.666365
v -1.252412 1.481360 3.755887
v -1.121051 1.454347 3.774215
v -0.749398 0.935866 3.329107
v -0.819879 0.839351 3.582810
v -0.640187 0.855837 3.399243
v -1.363065 -1.362511 3.455523
v -1.371156 -1.142583 3.485251
v -1.191206 -1.165095 3.588940
v -3.013088 -0.985916 3.085709
v -2.982637 -0.771693 3.127094
v -2.878449 -0.849279 3.167131
v 0.111407 0.372649 4.193969
v 0.047023 0.145353 4.308488
v 0.047564 0.143428 4.306529
v -0.144096 -2.384578 4.193337
v -0.226631 -2.265624 4.170784
v -0.127732 -2.281928 4.188661
v -2.921363 0.122101 2.869857
v -0.032614 -2.789020 4.201727
v 0.025838 -2.739091 4.123180
v -0.026347 -2.786353 4.119602
v -1.548836 -1.561128 2.890798
v -1.820109 -1.540654 3.121198
v -1.712438 -1.570286 3.184961
v -3.052546 0.868263 2.956391
v -2.870321 0.880759 3.076804
v -2.940285 0.763560 2.993485
v -3.263884 0.169809 2.751798
v -3.203118 0.166997 2.770303
v -3.247202 0.339121 2.751788
v -3.166776 0.478468 2.793503
v -3.226856 0.496775 2.771957
v -3.316753 0.674950 2.760395
v -3.200958 0.642513 2.809731
v -1.451773 -1.772615 3.362013
v -1.258533 -1.842835 3.115202
v -1.290355 -1.764130 3.073473
v -2.749536 0.756378 3.036200
v -2.817769 0.647231 2.970717
v -2.519793 -0.474722 3.298094
v -2.606970 -0.455976 3.229105
v -2.504843 -0.470453 3.284576
v -3.224658 -0.337840 2.860740
v -3.096967 -0.303610 2.902040
v -2.810274 -0.297961 3.061397
v -2.927731 -0.246191 2.966816
v -2.821682 -0.207005 3.008473
v -1.133052 -0.539134 3.708044
v -1.071229 -0.386956 3.701522
v -1.001921 -0.450328 3.758095
v -0.717439 -1.514945 3.842396
v -0.819154 -1.679391 3.880492
v -0.858380 -1.544238 3.838623
v -0.759724 0.217178 3.661512
v -1.549115 -1.638240 3.288213
v -1.305545 -1.469595 3.507583
v -1.491523 -1.700048 3.330011
v -0.936966 -2.224410 3.995152
v -1.009333 -2.467870 4.004839
v -1.119809 -2.335342 3.916403
v -0.470312 -0.132678 4.130131
v -0.335077 -0.070247 4.214496
v -0.395992 -0.201328 4.149865
v -1.592516 -1.316226 3.327013
v -1.700426 -1.162418 3.334731
v -1.534602 -1.152103 3.406835
v -0.572483 -0.651497 3.955695
v -0.759156 -0.740471 3.883425
v -0.661183 -0.572021 3.965325
v -1.200717 -2.013710 3.722333
v -1.079418 -1.788244 3.765014
v -1.044046 -1.934518 3.830431
v -2.822606 0.195823 2.881579
v -2.913383 0.237250 2.859125
v -2.864939 -0.543965 3.146529
v -3.047432 -0.678198 3.081728
v -2.526068 2.113133 2.813761
v -2.909841 1.861212 3.031515
v -2.713918 1.874246 2.681523
v -1.859877 2.215169 3.581423
v -1.421769 2.004605 3.744772
v -1.810156 1.911077 3.639759
v -0.266487 -0.277855 4.115424
v -0.342918 -0.533863 3.984900
v -0.341623 -0.532681 3.983931
v -0.553121 -2.619774 4.113547
v -0.257704 -2.843044 4.152549
v -0.627560 -2.787311 4.062254
v -1.155780 -1.337712 3.626976
v -1.233737 -2.586262 3.879504
v -2.700341 -1.310884 3.016301
v -2.437891 -1.528426 2.957911
v -2.780013 -1.514708 2.859396
v -1.710527 -0.474706 3.510817
v -1.816725 -0.470933 3.464979
v -1.702097 -0.469740 3.496521
v -1.408231 -0.458829 3.605327
v -1.497681 -0.465052 3.559719
v -1.401674 -0.455366 3.592335
v -3.598812 -0.221110 2.688441
v -3.604782 -0.408360 2.707010
v -3.598773 -0.220392 2.688368
v 0.151534 1.597103 3.791975
v 0.151523 1.002568 3.813654
v 0.150703 1.000837 3.908607
v -2.255189 2.023772 3.450432
v -0.247919 -1.784815 3.952217
v 0.117683 -2.032866 4.149300
v 0.128588 -2.109176 4.163916
v 0.128996 -2.110894 4.163022
v -2.819969 1.636869 2.565443
v -3.127957 1.405033 2.818257
v -2.932150 1.417063 2.467747
v -2.857842 0.544389 2.919811
v -2.750447 0.586241 2.929854
v -2.787656 0.482029 2.895293
v -0.813001 -0.112115 3.666563
v -0.771407 -0.267879 3.511660
v -2.783793 -0.004449 2.938950
v -2.770339 -0.098110 2.957765
v -2.782226 -0.100165 2.972599
v -3.363346 0.346437 2.717351
v -3.383044 0.168066 2.717775
v -3.214406 -0.001945 2.785368
v -3.276187 -0.005339 2.767445
v -1.356094 -0.446979 3.608779
v -1.318150 -0.439680 3.634519
v -1.362578 -0.450218 3.620550
v -0.764746 0.320209 3.665099
v -0.765165 0.214507 3.672436
v -1.914465 -1.310037 3.187243
v -1.819756 -1.539414 3.123325
v -1.958065 -1.519424 3.064889
v -0.737326 0.307720 3.716158
v -0.741210 0.199019 3.722688
v -1.470464 0.968872 3.493570
v -1.516371 0.979049 3.130965
v -1.697829 0.967122 3.454365
v -2.646623 0.671867 2.943857
v -2.549298 0.773253 3.000732
v -0.806306 -0.127723 3.720639
v -0.682301 0.048741 3.830069
v -0.753567 -0.162370 3.814743
v -0.659711 1.946095 3.848588
v -0.453007 1.661406 3.901254
v -2.437324 -1.530311 2.955128
v -2.586134 -1.504629 2.506235
v -2.497263 -0.402417 2.843838
v -2.722728 -0.346153 3.106411
v -2.541182 -0.335821 2.782137
v -0.192320 -2.163368 4.165432
v -0.107441 -2.011647 4.145934
v -2.826106 -0.106934 2.966581
v -0.185492 -0.142803 4.212917
v -0.253754 0.074374 4.273151
v -0.063000 -0.017580 4.302928
v -0.408773 -1.935588 4.058838
v -0.327481 -1.753271 3.914094
v -0.247919 -1.784815 3.952217
v -2.805745 0.383691 2.875845
v -2.900458 0.344004 2.863562
v -2.882205 0.444794 2.884063
v -0.575246 -1.415971 3.725640
v -0.559718 -1.512310 3.783116
v -0.580664 -1.404351 3.766300
v -2.775769 -0.191765 3.013318
v -2.763944 -0.188767 2.998212
v -0.572349 -1.289287 3.726516
v -0.891569 3.015672 3.596854
v -1.351658 2.885736 3.557430
v -0.889523 3.017224 3.594043
v -3.588048 -0.032082 2.673529
v -1.826315 -0.476081 3.478946
v -1.954907 -0.471493 3.433479
v -2.992060 -1.267912 2.954487
v -3.115598 -1.454617 2.761608
v -0.427553 -0.749390 3.897910
v -0.342918 -0.533863 3.984900
v -0.428812 -0.750323 3.898888
v -0.881426 -0.342762 3.790888
v -0.806306 -0.127723 3.720639
v -0.753567 -0.162370 3.814743
v -1.415983 -1.851135 3.396781
v -1.451118 -1.772355 3.363704
v -1.415213 -1.851300 3.398668
v -2.771081 1.636528 3.212611
v -3.016516 1.623273 2.920176
v -0.737326 0.307720 3.716158
v -2.549994 0.955024 3.172578
v -2.351149 0.941530 3.196137
v -2.479352 0.880725 3.109376
v -1.051503 -0.950110 3.692652
v -1.176443 -0.816911 3.643893
v -1.118745 -0.784017 3.680342
v -0.766855 0.102650 3.676364
v -0.747882 0.087294 3.724639
v -1.124327 -0.986722 3.645034
v -1.238170 -0.845216 3.608339
v -2.761139 -0.274418 3.064152
v -3.282036 1.213464 2.747278
v -3.230335 0.981458 2.843664
v -3.406796 1.036860 2.701704
v -0.255614 -2.374850 4.173009
v -0.160605 -2.478227 4.194481
v -0.277513 -2.480850 4.172693
v -1.979821 -0.539091 3.446305
v -1.999984 -0.701900 3.412173
v -0.736239 0.417595 3.705231
v -0.371695 0.519892 4.086522
v -0.306417 0.720766 4.062228
v -0.302651 0.507017 4.134281
v -2.588599 -0.087799 2.632926
v -2.771676 -0.003368 2.924009
v -2.589937 0.007068 2.599084
v -3.365234 -0.866722 2.905901
v -3.238112 -0.796594 2.988493
v 0.045229 -1.865067 4.096673
v 0.103346 -1.969695 4.135907
v 0.103372 -1.971681 4.135865
v -0.579373 -1.278856 3.769780
v -0.549184 -1.156709 3.738881
v -3.398052 -0.015061 2.731226
v -3.283620 -0.180808 2.796102
v -3.406907 -0.198234 2.755828
v -0.704783 0.797375 3.752775
v -0.818529 0.862322 3.640023
v -0.773632 0.922861 3.733070
v -0.741210 0.199019 3.722688
v -0.170494 2.977706 3.633359
v -0.322294 3.038544 3.627977
v -0.321221 3.040407 3.625567
v -0.744285 0.645680 3.675031
v -1.611654 -1.603787 3.248083
v -1.711553 -1.569530 3.186899
v -1.135075 -1.494481 3.669934
v -1.606253 -0.472814 3.542556
v -1.598748 -0.468235 3.528014
v -0.475066 -0.434464 4.049210
v -0.555623 -0.359243 4.052260
v -2.675926 -0.501378 3.239325
v -2.693016 -0.651413 3.250611
v -2.796502 -0.609156 3.201187
v -0.827395 0.840898 3.595309
v -0.762153 0.759006 3.658743
v -3.409652 -0.549046 2.837317
v -3.270070 -0.661685 2.949440
v -3.396968 -0.711715 2.878268
v -0.859972 -1.841007 3.908143
v -0.771221 -1.797104 3.928082
v -1.416848 -0.457823 3.202726
v -1.315544 -0.454727 3.241051
v -2.549298 0.773253 3.000732
v -2.679934 0.695070 2.979338
v -2.584181 0.797905 3.040322
v -0.578651 0.542967 3.479407
v -0.759713 0.531683 3.633785
v -1.386437 -2.107245 3.535666
v -1.224494 -1.860565 3.647209
v -0.661205 -0.830282 3.876824
v -0.502142 -0.934119 3.837240
v -0.927942 -0.859485 3.776983
v -1.065209 -0.747152 3.716198
v -1.015963 -0.707075 3.749972
v -0.180881 -0.112569 4.142727
v -0.267580 -0.275093 4.118859
v -0.185602 -0.138531 4.217487
v -0.670354 0.665871 3.770665
v -0.570127 0.870322 3.897239
v -0.525504 0.698734 3.922594
v -2.398396 -0.476397 3.344332
v -2.383794 -0.471683 3.331106
v -2.217303 2.359844 2.954541
v -1.936797 2.623017 3.446838
v -2.402923 2.349855 3.306252
v -1.520304 -0.459253 3.171242
v -3.192487 -1.165465 2.925415
v -1.437113 -0.662953 3.572942
v -1.388829 -0.505685 3.616543
v -1.325579 -0.633404 3.616682
v 0.141187 0.647630 4.042416
v 0.150019 1.000191 3.908019
v -0.642232 1.057339 3.870520
v -2.412827 1.030505 3.249852
v -2.173729 0.984558 3.312567
v -0.364218 -1.721743 3.807377
v -0.286888 -1.758489 3.832333
v -1.450107 -1.328338 3.402327
v -2.779035 0.267923 2.863101
v -2.769855 0.178158 2.863219
v -2.782511 0.178938 2.879281
v -0.820017 -0.115007 3.676702
v -2.779035 0.267923 2.863101
v -2.782511 0.178938 2.879281
v -2.445609 0.852744 3.071734
v -2.479352 0.880725 3.109376
v -1.483528 1.029110 3.555139
v -1.730170 1.171625 3.579690
v -1.476685 1.178429 3.631177
v -3.512884 0.514902 2.674653
v -3.345735 0.348207 2.318300
v -3.317903 0.525808 2.323257
v -0.461923 -1.663084 3.844173
v -0.517455 -1.597401 3.809923
v -2.264580 -0.476486 3.381880
v -3.557389 -0.967687 2.755198
v -3.593966 -0.780797 2.741793
v -3.594037 -0.780759 2.744725
v -2.678814 -0.412729 3.168063
v -2.424994 -0.445732 2.904797
v -3.403428 -0.209681 2.337028
v -2.761139 -0.274418 3.064152
v -2.735113 -0.350117 3.122031
v -2.403775 2.348741 3.309447
v -2.720861 2.100363 3.163895
v -0.266487 -0.277855 4.115424
v -2.783722 0.088772 2.906869
v -2.771308 0.088912 2.891466
v -1.353763 2.884248 3.560357
v -2.185323 -0.697155 3.372955
v -2.039351 -0.945628 3.334565
v -2.259463 -0.939543 3.289435
v -2.574375 -0.523796 3.292634
v -2.551159 -0.676191 3.294771
v -1.092349 -0.364182 3.671386
v -1.206705 -0.447941 3.676932
v -1.229425 -0.414760 3.656455
v -3.019433 0.544033 2.871534
v -2.986778 0.653915 2.925051
v -3.285380 0.828855 2.795569
v -0.093356 -2.581445 4.205855
v 0.065524 -2.674114 4.211960
v 0.022637 -2.741400 4.208534
v -0.779703 -0.435263 3.898216
v -0.663760 -0.238429 3.952352
v -1.519542 -1.074025 3.439163
v -1.358697 -1.055376 3.511008
v -2.875902 1.134004 3.134091
v -2.668753 1.106998 3.232672
v -2.778342 0.999173 3.161895
v -2.679934 0.695070 2.979338
v -1.171276 -2.176569 3.815044
v -1.352592 -2.444053 3.765187
v -1.383305 -2.278826 3.644414
v -1.480179 0.973669 3.512907
v -1.718288 1.026325 3.512585
v 0.141623 0.649217 3.948685
v -0.171199 2.975731 3.635630
v 0.097726 2.404716 3.693327
v 0.097717 2.402125 3.694396
v -3.286668 -0.351837 2.840256
v -2.526068 2.113133 2.813761
v -0.675417 -2.415745 4.106588
v -0.810689 -2.558867 4.064429
v -0.795596 2.425420 3.763364
v -0.891569 3.015672 3.596854
v -0.587312 3.060249 3.614122
v -2.525138 0.572486 2.557597
v -2.706176 0.560754 2.881774
v -2.718679 0.562783 2.901245
v -2.755303 0.457500 2.873666
v -0.029115 -2.420423 4.207202
v 0.137635 -2.298761 4.188312
v 0.119550 -2.498388 4.206341
v -2.765992 1.257853 3.220482
v -2.522341 1.207112 3.307727
v -1.267437 -0.424802 3.637283
v -1.229425 -0.414760 3.656455
v -1.274075 -0.427689 3.646637
v -0.503868 -0.935400 3.838247
v -3.483001 -1.155914 2.743591
v -3.350415 -1.328395 2.730472
v -3.349849 -1.329927 2.726920
v -0.652555 0.532202 3.793082
v -0.501391 0.530687 3.961272
v -3.462204 0.862578 2.683133
v -3.292105 0.700076 2.328240
v -3.267598 0.873784 2.332450
v -0.961008 -0.282451 3.675296
v -0.943140 -0.298369 3.713384
v -0.461923 -1.663084 3.844173
v -0.562146 -1.809474 3.966206
v -2.621099 -0.459641 3.243365
v -2.106409 -0.471606 3.401676
v -1.965616 -0.476583 3.447118
v -2.118268 -0.476533 3.415041
v 0.152293 1.601651 3.666616
v -0.578664 0.437646 3.490510
v -0.759669 0.426450 3.644822
v -3.411866 -0.583689 2.375417
v -3.409697 -0.397567 2.355924
v -0.961008 -0.282451 3.675296
v -2.771161 0.359282 2.861073
v -2.742877 0.455282 2.855105
v -2.758596 0.357180 2.843416
v -0.904411 -1.712347 3.855117
v -1.027041 -1.604744 3.766941
v -0.941085 -1.571132 3.810070
v -3.016516 1.623273 2.920176
v -3.016009 1.624344 2.915798
v -1.982883 -1.512681 2.694682
v -2.160354 -1.522722 3.014329
v -0.328441 0.960159 4.012334
v -0.468743 1.202529 3.947659
v -0.368540 1.278619 3.962553
v -0.139570 0.991235 4.004590
v -0.134359 0.703959 4.084178
v -3.606228 -0.594501 2.725267
v -3.402761 -0.769891 2.397573
v -2.519793 -0.474722 3.298094
v -2.447171 -0.531689 3.338652
v -1.235493 -2.584977 3.878842
v -0.977742 -2.697360 3.974262
v -0.979391 -2.696975 3.974034
v -1.708181 -0.535326 3.514814
v -1.826315 -0.476081 3.478946
v -1.710527 -0.474706 3.510817
v -1.777800 2.625928 3.092225
v -1.234564 2.882632 3.209217
v -1.756282 1.463671 3.650556
v -2.048421 1.399012 3.545105
v -1.178718 -0.565255 3.687003
v -3.027360 1.055739 3.006105
v -3.111483 0.914814 2.923675
v -1.039916 -0.401172 3.473462
v -1.084860 -0.361457 3.662695
v -1.222444 -0.411757 3.647811
v -2.321342 -1.101932 3.207924
v -2.496040 -0.927908 3.246752
v -1.341842 -0.493738 3.633570
v -2.138546 0.939958 3.261107
v -1.937510 0.963361 3.396704
v -1.926899 0.959135 3.377644
v -3.104762 0.742512 2.887946
v -3.165752 0.779590 2.859689
v -3.486838 0.689378 2.680666
v -3.486892 0.688865 2.679387
v -0.928171 0.945402 3.618961
v -3.282036 1.213464 2.747278
v -3.128006 1.404729 2.822873
v -1.685655 -1.089177 3.371890
v -1.868023 -1.100097 3.309066
v -2.402951 1.514098 3.416763
v -2.312436 1.307643 3.417826
v -1.489176 -0.521824 3.582464
v -1.408231 -0.458829 3.605327
v -1.251560 -1.724992 3.592773
v -1.110301 -1.642912 3.713641
v -2.691776 -0.416451 3.183265
v -2.745384 -0.452252 3.180947
v -1.392096 -1.957029 3.449592
v -0.977742 -2.697360 3.974262
v -3.598812 -0.221110 2.688441
v -3.411026 -0.377371 2.792362
v -3.604714 -0.409203 2.707785
v -3.513010 0.515767 2.675045
v -2.670736 1.468396 3.290658
v -2.974463 1.000579 3.041631
v -0.435377 -1.672547 3.781347
v -2.922577 -0.358042 3.024959
v -0.902883 -2.022681 3.945141
v -0.805487 -1.961571 3.970551
v -0.713356 -1.903175 3.983204
v -1.688717 -0.693787 3.492819
v -1.832274 -0.538587 3.480524
v -0.478121 -2.458838 4.135620
v -0.287727 -2.650893 4.168932
v -0.819879 0.839351 3.582810
v -0.640187 0.855837 3.399243
v -2.301109 -0.535361 3.377186
v -2.142025 -0.537581 3.412061
v -0.491290 -1.880818 4.015199
v -0.397258 -1.713007 3.879298
v -2.588867 -1.092446 3.161710
v -2.349361 -1.175716 3.165259
v -2.118268 -0.476533 3.415041
v -1.965616 -0.476583 3.447118
v -0.628141 -2.787442 4.062683
v -1.230385 0.967638 3.539626
v -1.328221 1.024660 3.573062
v -1.227987 1.015812 3.583779
v -2.129320 -1.314532 3.133393
v -2.161053 -1.520811 3.016961
v -0.062917 0.003919 4.219787
v -0.062923 -0.014903 4.305652
v -0.374572 -2.246315 4.144268
v -3.176286 -0.760813 3.022820
v 0.150019 1.000191 3.908019
v -0.157345 1.420810 3.930175
v 0.150989 1.595484 3.792098
v -0.576570 -1.402315 3.763685
v -0.556748 -1.510129 3.779856
v -2.375325 -0.689538 3.334555
v -2.783722 0.088772 2.906869
v -2.910474 1.859758 3.035269
v -2.720861 2.100363 3.163895
v -2.721534 2.099061 3.167216
v -2.922661 1.198068 3.100021
v -0.852192 1.771006 3.836259
v -0.929440 1.402735 3.799512
v -1.001650 1.423689 3.790155
v -1.745416 0.970948 3.053744
v -2.221627 1.093892 3.364160
v -1.954917 1.012356 3.431900
v -3.010281 1.299481 3.004609
v -3.128006 1.404729 2.822873
v -0.579373 -1.278856 3.769780
v -0.580664 -1.404351 3.766300
v -2.098339 -1.175718 3.213594
v -3.568052 0.155196 2.667756
v -3.540972 0.337598 2.669841
v -3.541199 0.338440 2.669702
v -3.140195 0.615092 2.833899
v -0.131069 -2.613600 4.200008
v -0.032380 -2.789210 4.200338
v -1.013921 -1.080759 3.705582
v -0.988725 -1.255462 3.732213
v -0.553807 -1.116357 3.792786
v -0.742596 -1.033647 3.805872
v 0.064158 -2.674897 4.213556
v -0.562157 -1.149500 3.788181
v -0.576545 -1.277620 3.768017
v -0.559792 -1.148348 3.786732
v -1.938156 2.621762 3.449958
v -1.708074 0.971868 3.473585
v -2.128178 0.917051 2.819349
v -2.432988 0.850219 3.051237
v -2.309499 0.905144 3.143335
v -2.322473 -0.460008 2.959983
v -2.201432 -0.461095 3.006237
v -1.742938 -1.311625 3.253710
v -1.883280 -1.170740 3.268537
v -3.483606 -1.154487 2.746994
v -3.350415 -1.328395 2.730472
v -3.079112 0.153137 2.811328
v -1.549940 -1.638313 3.286777
v -1.549115 -1.638240 3.288213
v -0.504972 -0.097100 4.096831
v -0.591871 -0.318810 4.031674
v -0.341623 -0.532681 3.983931
v -3.606165 -0.595037 2.727232
v -3.349849 -1.329927 2.726920
v -1.289886 0.983032 3.174835
v -1.319346 0.968397 3.510481
v -1.140421 0.987189 3.202179
v -0.564010 1.512599 3.895237
v -0.754500 1.252011 3.834374
v -3.131792 1.138007 2.914375
v -1.274282 -0.613290 3.640385
v -0.026347 -2.786353 4.119602
v -0.257437 -2.843155 4.153605
v -0.032614 -2.789020 4.201727
v -0.017641 -2.289919 4.197939
v -0.091414 -2.195371 4.184193
v -0.025042 -2.168527 4.183979
v -0.257437 -2.843155 4.153605
v -0.032614 -2.789020 4.201727
v -1.328221 1.024660 3.573062
v -1.310015 1.166885 3.653354
v -2.646623 0.671867 2.943857
v -0.759406 1.746710 3.847894
v 0.126667 -2.027070 4.053254
v 0.103346 -1.969695 4.135907
v 0.116241 -1.966128 4.039423
v -2.398396 -0.476397 3.344332
v -1.296370 -0.479704 3.649724
v -0.420235 -0.004775 4.173318
v -2.584882 0.277497 2.521396
v -2.577268 0.368553 2.518683
v -2.735113 -0.350117 3.122031
v -0.764865 0.530606 3.644173
v -1.391362 -1.957541 3.451569
v -1.005414 1.804878 3.816256
v -1.127186 2.028339 3.790565
v -0.937371 2.004483 3.815290
v 0.102502 2.412725 3.501985
v -0.170494 2.977706 3.633359
v -0.144486 2.984046 3.369867
v -0.562157 -1.149500 3.788181
v -2.716104 -0.902089 3.206059
v -1.772996 -0.460982 3.108328
v 0.136963 -2.298164 4.189694
v 0.119550 -2.498388 4.206341
v 0.137635 -2.298761 4.188312
v 0.046278 -1.863418 4.095857
v 0.073519 -1.860580 4.000439
v -2.900481 1.463947 3.105170
v -2.812662 1.332697 3.194022
v -0.548257 -1.522401 3.736561
v -0.518050 -1.598603 3.811836
v -2.393409 -1.318791 3.081590
v -0.582840 2.395906 3.783051
v -0.764445 1.971004 3.836380
v 0.136963 -2.298164 4.189694
v -1.328625 0.972654 3.529476
v -2.691776 -0.416451 3.183265
v 0.140000 -2.294842 4.092658
v 0.128588 -2.109176 4.163916
v 0.135118 -2.105546 4.067030
v -1.559045 -0.681190 3.532847
v -1.596501 -0.530070 3.548791
v -1.214286 -2.435014 3.514529
v -2.321389 0.908096 3.163000
v -3.461883 0.862860 2.685431
v -2.620517 1.379806 3.309151
v -1.352592 -2.444053 3.765187
v -1.235493 -2.584977 3.878842
v -1.353899 -2.442425 3.764231
v -0.999528 -2.081568 3.909181
v -0.953024 -1.888045 3.874582
v -1.634881 -0.460414 3.139759
v -1.391362 -1.957541 3.451569
v -1.415213 -1.851300 3.398668
v -2.249297 -1.519423 2.615786
v -0.542207 0.091453 4.008445
v -0.413039 0.169701 4.154719
v -0.459469 0.027691 4.130095
v -1.024610 -1.036528 3.700737
v -1.106867 -1.074782 3.648056
v -1.434926 1.823300 3.750531
v -1.173644 1.831532 3.792965
v -0.739181 -2.256582 4.085961
v -0.834673 -2.341475 4.066434
v -0.944468 -0.997021 3.748245
v -1.957118 0.951837 2.937115
v -2.589630 0.099576 2.566476
v -2.588275 0.189071 2.538230
v -2.657075 0.863298 3.107029
v -0.961008 -0.282451 3.675296
v -0.953486 -0.279426 3.665794
v -3.221312 -0.172004 2.814535
v -3.282506 1.213191 2.743050
v -3.212690 1.047579 2.348043
v -3.087301 1.224680 2.392672
v -3.557066 -0.968478 2.751905
v -3.483606 -1.154487 2.746994
v -2.079072 -1.104362 3.255261
v -0.902241 -0.350329 3.508084
v -0.771407 -0.267879 3.511660
v -0.320572 0.310056 4.199190
v -0.363913 0.140349 4.208690
v -0.682301 0.048741 3.830069
v -0.578312 -0.025823 3.992030
v -3.588048 -0.032082 2.673529
v -2.351149 0.941530 3.196137
v -2.149690 0.943513 3.280267
v -0.185602 -0.138531 4.217487
v -0.063000 -0.017580 4.302928
v -0.062923 -0.014903 4.305652
v -0.380516 0.333626 4.142453
v -0.984766 -0.909059 3.737123
v -2.904415 -0.458243 3.087272
v -0.598429 -2.320210 4.119476
v -0.048557 -2.079431 4.168668
v -0.554699 -2.077888 4.094917
v -0.643130 -2.001355 4.044252
v -0.738601 0.530769 3.690767
v -0.744285 0.645680 3.675031
v -0.762153 0.759006 3.658743
v -3.541199 0.338440 2.669702
v -3.568052 0.155196 2.667756
v 0.110405 0.377943 4.097313
v -0.926596 0.912122 3.558882
v -0.827395 0.840898 3.595309
v -2.816507 0.289804 2.871312
v -0.131870 -2.481555 4.199291
v -0.064518 -2.536535 4.208779
v -0.663205 0.161082 3.833256
v -2.787028 -0.380596 3.120459
v -1.362578 -0.450218 3.620550
v -0.909595 -2.693038 3.855282
v -0.519811 -2.218782 4.125087
v -1.047528 1.117052 3.684631
v -1.081268 0.999279 3.598956
v -0.934923 0.914310 3.573944
v -1.081268 0.999279 3.598956
v -0.928171 0.945402 3.618961
v -0.592345 -2.785013 3.994314
v -0.242751 -2.840861 4.086604
v -3.407318 1.036494 2.698375
v -0.184169 0.249093 4.270334
v -0.146677 0.463380 4.186705
v -2.775769 -0.191765 3.013318
v -2.782226 -0.100165 2.972599
v -0.062923 -0.014903 4.305652
v -1.221352 0.963876 3.521187
v -2.403775 2.348741 3.309447
v -0.144486 2.984046 3.369867
v -1.278557 -1.597768 3.549994
v -0.901285 0.980946 3.261374
v -1.225549 -0.590332 3.664147
v -1.606253 -0.472814 3.542556
v -3.372315 0.165281 2.316304
v -0.888636 1.034524 3.708592
v -2.173729 0.984558 3.312567
v -1.954917 1.012356 3.431900
v -1.393961 2.374537 3.694486
v -1.938156 2.621762 3.449958
v -1.353763 2.884248 3.560357
v -1.517347 -0.912976 3.489925
v -1.371922 -0.886757 3.545180
v -0.836652 -2.152063 4.022557
v -0.759844 -1.229097 3.793242
v -0.887884 -1.394799 3.800894
v -1.328625 0.972654 3.529476
v -2.771161 0.359282 2.861073
v -0.415770 0.933978 3.987897
v -1.789312 1.756346 3.654853
v 0.111259 0.373797 4.195344
v 0.140806 0.646937 4.041318
v 0.141187 0.647630 4.042416
v -1.327880 -1.691255 3.034934
v -1.492070 -1.700310 3.328583
v -2.766348 0.266345 2.846295
v -0.736239 0.417595 3.705231
v -1.384828 -1.629005 2.991183
v -2.069105 -0.461096 3.043661
v -2.251276 -0.471659 3.368676
v -3.461883 0.862860 2.685431
v -3.406796 1.036860 2.701704
v -3.341508 0.515258 2.732620
v -1.549115 -1.638240 3.288213
v -1.492070 -1.700310 3.328583
v -1.549940 -1.638313 3.286777
v -0.384043 0.718655 4.027231
v -1.318150 -0.439680 3.634519
v -1.274075 -0.427689 3.646637
v -0.555995 -1.117613 3.794249
v -0.578661 0.228234 3.507267
v -0.759664 0.322648 3.654254
v -3.513010 0.515767 2.675045
v -1.235524 -1.948658 3.169818
v -1.457682 1.491994 3.723530
v -1.504602 -0.469110 3.574087
v -3.486838 0.689378 2.680666
v -0.736805 -2.075510 4.039444
v -0.644146 -2.165915 4.095853
v -0.953486 -0.279426 3.665794
v -3.594037 -0.780759 2.744725
v -0.034940 -2.118505 4.176272
v -0.113504 -2.190854 4.181204
v -0.807711 3.016043 3.267506
v -0.098123 -2.285899 4.192761
v -0.111974 -2.390275 4.198348
v -0.818529 0.862322 3.640023
v -1.072849 -1.290611 3.683426
v -1.200764 -1.018603 3.596771
v -1.195013 -1.115205 3.589216
v -3.557389 -0.967687 2.755198
v -3.303832 -1.020292 2.918654
v -1.127900 -2.578840 3.688249
v -1.353899 -2.442425 3.764231
v -1.226575 -2.098197 3.247385
v -1.077636 0.954732 3.536732
v -1.086331 0.957683 3.554157
v -3.161181 -1.317472 2.386327
v -1.924417 -0.461096 3.076582
v -2.264580 -0.476486 3.381880
v -0.993305 -1.749575 3.815340
v -0.969020 -1.418620 3.769574
v -0.185492 -0.142803 4.212917
v -1.099171 -1.119228 3.651806
v -1.053068 -1.452294 3.724390
v -2.755303 0.457500 2.873666
v -2.718679 0.562783 2.901245
v -1.480179 0.973669 3.512907
v -2.783793 -0.004449 2.938950
v -1.985809 1.142784 3.489640
v -1.819756 -1.539414 3.123325
v -3.604714 -0.409203 2.707785
v -1.219406 -0.445077 3.306611
v -0.745769 -1.378383 3.811776
v 0.117380 -2.030811 4.149817
v -3.606165 -0.595037 2.727232
v -0.879178 -0.938977 3.788334
v -0.503868 -0.935400 3.838247
v -1.789621 -1.511755 2.759945
v 0.064158 -2.674897 4.213556
v 0.067288 -2.672288 4.122935
v -0.764632 0.424588 3.655464
v -3.298363 -1.144423 2.411150
v -3.161181 -1.317472 2.386327
v -3.370963 -0.957401 2.416813
v -1.092349 -0.364182 3.671386
v -1.708074 0.971868 3.473585
v -2.437891 -1.528426 2.957911
v -2.561715 0.466845 2.530634
v -1.451118 -1.772355 3.363704
v -0.255295 -0.250766 4.049916
v -2.582267 -0.178461 2.673515
v -0.102722 -1.805817 3.903267
v -0.006467 -1.823167 3.950899
v -0.559718 -1.512310 3.783116
v -1.504602 -0.469110 3.574087
v 0.150989 1.595484 3.792098
v 0.120554 -2.495791 4.112666
v -1.085121 -0.414400 3.441419
v -1.029462 2.439430 3.739865
v -1.251622 -0.464138 3.664345
v -2.251813 0.862107 2.727298
v -2.536302 0.771082 2.979860
v -1.227987 1.015812 3.583779
v -2.584181 0.797905 3.040322
v -0.578661 0.333782 3.499986
v -0.428860 -2.354944 4.142162
v -1.327880 -1.691255 3.034934
v -1.311642 -0.436655 3.624055
v -1.173832 -0.436671 3.352058
v -1.129370 -0.426311 3.399031
v -0.738601 0.530769 3.690767
v -0.627560 -2.787311 4.062254
v 0.073519 -1.860580 4.000439
v 0.117380 -2.030811 4.149817
v -0.154436 -1.808020 3.996961
v -1.491523 -1.700048 3.330011
v 0.118505 -2.498730 4.207992
v 0.021471 -2.741693 4.210007
v -1.448128 -1.594835 2.951115
v 0.065524 -2.674114 4.211960
v -2.577694 0.222562 2.557550
v -0.627726 0.579473 3.488480
v -0.803488 0.567416 3.632019
v -1.130733 0.970861 3.217278
v -1.293409 0.934161 3.539504
v -2.717547 0.490500 2.885028
v -2.733584 0.389216 2.869921
v -2.734168 0.389413 2.868798
v -2.669015 0.594953 2.918873
v -0.831587 -0.053494 3.670314
v -2.323245 0.855560 3.126961
v -2.156514 0.882420 2.788624
v -0.831587 -0.053494 3.670314
v -0.677029 -0.099343 3.527584
v -2.565378 -0.426348 3.244836
v -2.716676 0.490207 2.885956
v -2.647797 -0.381691 3.190665
v -2.646582 -0.382622 3.189942
v -2.733584 0.389216 2.869921
v -2.732408 0.388635 2.871775
v -1.722826 0.943237 3.440419
v -0.988081 -0.282061 3.672928
v -0.628689 0.527268 3.493606
v -2.570527 0.352643 2.547144
v -2.567075 0.400330 2.550121
v -2.551229 0.503144 2.566386
v -0.184532 3.155080 3.432500
v -0.185247 2.987762 3.430106
v -0.184697 2.987372 3.429449
v -0.089153 2.928533 3.474893
v -0.089383 2.928044 3.463882
v -0.089155 2.928224 3.476713
v -0.188829 2.986622 3.449009
v -0.189217 2.990576 3.438623
v -0.187642 2.987422 3.438508
v -0.189392 2.985901 3.461453
v -0.186166 3.168480 3.447197
v -0.186472 3.174716 3.459059
v -0.091187 3.162814 3.436021
v -0.088268 2.921436 3.438833
v -0.089121 2.921430 3.434661
v -0.194339 2.992645 3.449152
v -0.190901 2.989057 3.461609
v -0.195082 2.992017 3.461641
v -0.098105 3.186597 3.548366
v -0.099634 3.183990 3.559829
v -0.099929 3.192741 3.547314
v -0.098607 2.922233 3.579997
v -0.098409 2.922044 3.580971
v -0.096868 2.921673 3.574800
v -0.095495 3.202983 3.473853
v -0.187705 3.206935 3.488224
v -0.095370 3.206936 3.488224
v -0.097241 3.191815 3.502901
v -0.098125 3.196658 3.518324
v -0.098127 3.197923 3.502883
v -0.096713 2.923260 3.422930
v -0.091187 3.162814 3.436021
v -0.091694 2.922085 3.427941
v -0.091694 2.922085 3.427941
v -0.090961 3.162762 3.575253
v -0.101074 2.918090 3.587746
v -0.096199 2.916791 3.582266
v -0.093396 2.928082 3.425620
v -0.185054 2.988717 3.428821
v -0.184441 2.991144 3.425595
v -0.194295 3.173617 3.555419
v -0.193369 3.170810 3.566008
v -0.193643 3.178426 3.556313
v -0.191870 3.174288 3.567982
v -0.186276 3.172780 3.576154
v -0.186562 3.178503 3.571383
v -0.191567 3.169585 3.572407
v -0.194068 3.166785 3.564674
v -0.193170 3.166918 3.569908
v -0.186276 3.172780 3.576154
v -0.191595 3.163439 3.576064
v -0.186134 3.165201 3.580720
v -0.191595 3.163439 3.576064
v -0.193902 3.163603 3.568203
v -0.193172 3.162110 3.572811
v -0.194401 3.185113 3.530528
v -0.193788 3.185269 3.544224
v -0.193837 3.190658 3.530830
v -0.097563 3.174269 3.447604
v -0.096598 3.174726 3.459106
v -0.097336 3.181360 3.459207
v -0.090735 3.173229 3.443164
v -0.097023 3.172308 3.434794
v -0.096669 3.178083 3.438977
v -0.090952 3.168510 3.439407
v -0.097216 3.164916 3.430923
v -0.186942 3.188000 3.448618
v -0.095723 3.196489 3.460459
v -0.096129 3.188000 3.448618
v -0.095723 3.196489 3.460459
v -0.090053 3.194741 3.476028
v -0.090163 3.189086 3.463407
v -0.096129 3.188000 3.448618
v -0.090406 3.181757 3.452151
v -0.195850 2.987251 3.453710
v -0.191969 2.992204 3.464694
v -0.196167 2.986987 3.464606
v -0.192858 3.198957 3.517272
v -0.187605 3.203034 3.533124
v -0.187715 3.206939 3.518204
v -0.193856 3.193947 3.517011
v -0.192781 3.195554 3.531373
v -0.092542 2.926980 3.435342
v -0.094347 2.927544 3.430705
v -0.093078 2.916244 3.570773
v -0.095546 2.921908 3.566783
v -0.092439 2.916475 3.566346
v -0.093875 2.916192 3.575178
v -0.096123 2.921675 3.571069
v -0.094381 2.922625 3.556529
v -0.192165 2.994784 3.530427
v -0.195181 2.994074 3.517276
v -0.195060 2.994465 3.532375
v -0.195040 2.994051 3.547666
v -0.192034 2.994166 3.556205
v -0.192138 2.994703 3.543821
v -0.096123 2.921675 3.571069
v -0.096617 2.922176 3.573215
v -0.095546 2.921908 3.566783
v -0.097562 2.922050 3.577782
v -0.086657 2.922139 3.452668
v -0.089383 2.928044 3.463882
v -0.090082 2.927578 3.452376
v -0.194949 2.989497 3.530452
v -0.194387 3.180007 3.543667
v -0.192184 2.992226 3.476538
v -0.195469 2.992333 3.488587
v -0.192248 2.992784 3.489293
v -0.193613 3.178424 3.453030
v -0.194382 3.180047 3.464522
v -0.193778 3.185272 3.463939
v -0.090735 3.173229 3.443164
v -0.087638 2.921613 3.443004
v -0.098689 3.164549 3.436009
v -0.098412 3.166802 3.437753
v -0.098863 3.169386 3.438503
v -0.191139 2.991112 3.502724
v -0.191190 2.989843 3.488631
v -0.184065 3.182162 3.560602
v -0.184850 3.186960 3.548570
v -0.183989 3.190530 3.548002
v -0.094842 2.922859 3.561471
v -0.183787 3.183659 3.559570
v -0.185968 3.173900 3.568264
v -0.184057 3.174057 3.569371
v -0.190439 2.991007 3.561905
v -0.188307 2.988692 3.547500
v -0.188207 2.987536 3.561525
v -0.190780 2.992249 3.547685
v -0.188292 2.989136 3.532433
v -0.193955 2.991764 3.574511
v -0.189589 2.989453 3.574011
v -0.093673 2.922387 3.488923
v -0.096518 3.179817 3.472869
v -0.093405 2.922746 3.474790
v -0.194404 3.189292 3.503210
v -0.193856 3.193948 3.489464
v -0.194403 3.188264 3.489697
v -0.183846 3.201232 3.487775
v -0.184869 3.198268 3.502883
v -0.184865 3.196975 3.487632
v -0.094347 2.927544 3.430705
v -0.093839 2.927368 3.429604
v -0.095439 2.927781 3.426174
v -0.097843 2.921819 3.430948
v -0.098897 2.923722 3.428126
v -0.097448 2.923137 3.430987
v -0.100160 3.199649 3.532988
v -0.097611 3.191994 3.545641
v -0.097828 3.198546 3.531700
v -0.099169 3.169513 3.573161
v -0.098512 3.170710 3.570714
v -0.098595 3.167045 3.573717
v -0.097431 2.919611 3.547043
v -0.096534 2.919487 3.532330
v -0.096219 2.920722 3.532337
v -0.193862 3.195044 3.503130
v -0.183833 3.202610 3.502869
v -0.182991 3.203481 3.488065
v -0.182942 3.204911 3.502862
v -0.183161 3.199222 3.473982
v -0.194750 2.987581 3.440297
v -0.190821 2.992915 3.444819
v -0.195218 2.987535 3.444430
v -0.194100 2.987558 3.436440
v -0.190259 2.993060 3.440753
v -0.090952 3.168510 3.439407
v -0.099506 3.183837 3.449854
v -0.098095 3.186449 3.459707
v -0.099875 3.192616 3.460847
v -0.184448 3.170788 3.439839
v -0.185509 3.174269 3.447604
v -0.184979 3.166961 3.439007
v -0.184751 3.178977 3.448134
v -0.185737 3.181360 3.459208
v -0.183901 3.197110 3.473358
v -0.184861 3.193115 3.473007
v -0.187349 3.196489 3.460459
v -0.185822 3.190635 3.487617
v -0.185794 3.187110 3.472904
v -0.196196 2.987020 3.476707
v -0.189440 2.993142 3.437070
v -0.192029 2.993531 3.433803
v -0.190259 2.993060 3.440753
v -0.186605 3.184006 3.502844
v -0.185832 3.191815 3.502901
v -0.185742 3.181498 3.548823
v -0.186560 3.179909 3.533930
v -0.185800 3.187177 3.533902
v -0.194032 3.166804 3.445668
v -0.194279 3.173650 3.453909
v -0.087948 2.920744 3.517391
v -0.090053 3.194678 3.531287
v -0.089036 2.919517 3.530914
v -0.193771 3.160964 3.570410
v -0.194760 2.987628 3.570703
v -0.194450 2.987103 3.574884
v -0.086244 2.922594 3.490020
v -0.085900 2.922907 3.476709
v -0.097249 3.190661 3.518433
v -0.098116 3.192837 3.533656
v -0.097828 3.198546 3.531700
v -0.185115 3.202513 3.517303
v -0.097957 3.202513 3.517303
v -0.096039 3.188298 3.560514
v -0.090142 3.189012 3.544841
v -0.095674 3.196648 3.547474
v -0.192235 2.993609 3.502773
v -0.195970 2.987538 3.489669
v -0.192248 2.992784 3.489293
v -0.100326 3.205269 3.502861
v -0.097951 3.202488 3.488719
v -0.100285 3.203837 3.487998
v -0.097997 3.203821 3.502864
v -0.094087 2.922835 3.503213
v -0.093398 2.923569 3.488953
v -0.098318 3.161188 3.435149
v -0.098433 3.164148 3.436317
v -0.190690 2.987259 3.428275
v -0.192937 3.162082 3.438038
v -0.191134 3.163358 3.434917
v -0.098863 3.169386 3.438503
v -0.098402 3.170456 3.440188
v -0.099204 3.174183 3.441399
v -0.098037 2.922737 3.585508
v -0.180820 2.989527 3.586022
v -0.185555 2.987410 3.587572
v -0.194923 2.989439 3.543538
v -0.097105 3.173900 3.568264
v -0.097329 3.183534 3.558126
v -0.096587 3.174928 3.548808
v -0.097570 3.174482 3.561870
v -0.097330 3.181498 3.548823
v -0.095370 3.206936 3.488224
v -0.089993 3.199293 3.503282
v -0.090005 3.198166 3.489430
v -0.191969 2.992204 3.464694
v -0.195414 2.991826 3.474955
v -0.098127 3.196628 3.487701
v -0.092136 2.925130 3.533082
v -0.187032 3.188299 3.560514
v -0.095674 3.196648 3.547474
v -0.187398 3.196648 3.547474
v -0.187748 3.208246 3.503125
v -0.095326 3.208247 3.503125
v -0.194400 3.185149 3.476683
v -0.193834 3.190661 3.476292
v -0.185752 2.985008 3.588980
v -0.187077 2.991134 3.583338
v -0.180820 2.989527 3.586022
v -0.191986 2.986102 3.583507
v -0.189569 2.991817 3.579568
v -0.187077 2.991134 3.583338
v -0.193770 2.986613 3.578992
v -0.190743 2.992279 3.575728
v -0.187077 2.991134 3.583338
v -0.190324 2.989826 3.586743
v -0.188309 2.989114 3.588825
v -0.095383 2.927752 3.428278
v -0.186942 3.188000 3.448618
v -0.192587 3.189952 3.462977
v -0.187349 3.196489 3.460459
v -0.095383 2.927752 3.428278
v -0.093396 2.928082 3.425620
v -0.091127 2.927106 3.442755
v -0.091739 2.926940 3.438748
v -0.089155 2.928224 3.476713
v -0.086053 2.922675 3.464083
v -0.091127 2.927106 3.442755
v -0.090520 2.927864 3.447624
v -0.092128 2.927432 3.436606
v -0.096669 3.178083 3.438977
v -0.186403 3.178083 3.438977
v -0.192200 2.994361 3.516613
v -0.192165 2.994784 3.530427
v -0.090778 3.168508 3.571430
v -0.090611 3.173204 3.567246
v -0.096509 3.179936 3.533765
v -0.192184 2.992226 3.476538
v -0.100144 3.199575 3.473843
v -0.098117 3.192761 3.473151
v -0.097809 3.198528 3.475197
v -0.185121 3.202488 3.488719
v -0.185263 3.198528 3.475197
v -0.090341 3.181698 3.557193
v -0.096509 3.178502 3.571383
v -0.191744 2.993256 3.566902
v -0.194924 2.988076 3.566114
v -0.191333 2.992788 3.571609
v -0.185824 3.190661 3.518432
v -0.184863 3.193191 3.533788
v -0.093263 2.923637 3.544526
v -0.092136 2.925130 3.533082
v -0.092176 2.924810 3.531451
v -0.192138 2.994703 3.543821
v -0.194981 2.988940 3.555641
v -0.186593 3.182993 3.518384
v -0.185502 3.174482 3.561871
v -0.186477 3.174876 3.549022
v -0.191906 2.990434 3.583728
v -0.189569 2.991817 3.579568
v -0.190743 2.992279 3.575728
v -0.090161 2.927089 3.504051
v -0.091110 2.926014 3.517874
v -0.092176 2.924810 3.531451
v -0.099196 2.917397 3.560814
v -0.100609 2.918038 3.572384
v -0.100996 2.916750 3.572504
v -0.096039 3.188298 3.560514
v -0.186562 3.178503 3.571383
v -0.096509 3.178502 3.571383
v -0.187398 3.196648 3.547474
v -0.192623 3.189960 3.545099
v -0.184867 3.197005 3.518388
v -0.183896 3.197190 3.533448
v -0.192856 3.198961 3.489192
v -0.187579 3.202982 3.473853
v -0.192770 3.195556 3.475706
v -0.186555 3.179812 3.472850
v -0.189275 2.986461 3.488814
v -0.189490 2.985756 3.474978
v -0.100285 3.203837 3.487998
v -0.100144 3.199575 3.473843
v -0.186173 3.164136 3.575190
v -0.096899 3.159053 3.577662
v -0.186173 3.159053 3.577662
v -0.093136 2.923922 3.474829
v -0.183934 3.183520 3.450134
v -0.184175 3.172945 3.440767
v -0.184310 3.173923 3.441728
v -0.090009 3.198131 3.517321
v -0.086972 2.921824 3.503673
v -0.098957 3.155160 3.432126
v -0.099432 2.922320 3.428131
v -0.090017 2.927418 3.503824
v -0.089460 2.927877 3.490240
v -0.090161 2.927089 3.504051
v -0.189589 2.989453 3.574011
v -0.188207 2.987536 3.561525
v -0.187630 2.986098 3.573437
v -0.188292 2.989136 3.532433
v -0.191005 2.992242 3.517318
v -0.096661 3.159072 3.434722
v -0.186386 3.164217 3.436878
v -0.186411 3.159071 3.434722
v -0.093839 2.927368 3.429604
v -0.099852 2.922468 3.582975
v -0.184520 2.986258 3.423698
v -0.185204 2.992747 3.430053
v -0.187950 2.993151 3.433506
v -0.193006 2.987474 3.432518
v -0.189440 2.993142 3.437070
v -0.099426 3.174339 3.569681
v -0.098194 3.178832 3.561108
v -0.193652 3.160946 3.440313
v -0.098149 3.178616 3.448441
v -0.096798 3.172780 3.576154
v -0.098841 2.918662 3.560734
v -0.096617 2.922176 3.573215
v -0.096172 2.921878 3.437272
v -0.098032 3.159397 3.435282
v -0.097108 2.921793 3.433337
v -0.186050 3.172308 3.434795
v -0.191696 3.174209 3.442324
v -0.186403 3.178083 3.438977
v -0.191313 3.169474 3.438342
v -0.193302 3.170799 3.444394
v -0.193065 3.166893 3.440891
v -0.193839 3.163610 3.442479
v -0.097105 3.173900 3.568264
v -0.186126 3.169121 3.572013
v -0.096946 3.169121 3.572013
v -0.096899 3.164136 3.575190
v -0.184057 3.174057 3.569371
v -0.184006 3.173176 3.570221
v -0.184520 2.986258 3.423698
v -0.185825 3.164926 3.430913
v -0.186314 3.169231 3.439630
v -0.096686 3.164217 3.436878
v -0.096758 3.169231 3.439630
v -0.186282 3.154617 3.433213
v -0.096774 3.154618 3.433218
v -0.195212 2.989047 3.516901
v -0.096798 3.172780 3.576154
v -0.186562 3.178503 3.571383
v -0.098093 3.166961 3.439008
v -0.096901 3.168496 3.447261
v -0.097604 3.162163 3.438213
v -0.098324 3.163712 3.436421
v -0.098412 3.166802 3.437753
v -0.098318 3.161188 3.435149
v -0.098244 3.157193 3.433784
v -0.098433 3.164148 3.436317
v -0.096669 3.178083 3.438977
v -0.184854 3.186811 3.459481
v -0.185021 3.159379 3.435211
v -0.185456 3.162145 3.438141
v -0.184748 3.163713 3.436421
v -0.184479 3.161295 3.434674
v -0.184393 3.167100 3.437375
v -0.184295 3.164377 3.435831
v -0.099330 3.155514 3.580543
v -0.097058 3.154865 3.579350
v -0.099102 3.159803 3.578582
v -0.099102 3.159803 3.578582
v -0.098430 3.157575 3.578278
v -0.099330 3.155514 3.580543
v -0.183787 3.183659 3.559570
v -0.183423 3.192389 3.547117
v -0.195356 2.993222 3.502676
v -0.183144 3.199292 3.532857
v -0.185743 3.183534 3.558126
v -0.185461 3.191994 3.545641
v -0.184313 3.169311 3.572845
v -0.184313 3.169311 3.572845
v -0.184386 3.164531 3.575831
v -0.184091 3.168895 3.573407
v -0.184091 3.168895 3.573407
v -0.184361 3.171057 3.571031
v -0.184123 3.164665 3.576026
v -0.184237 3.167365 3.574070
v -0.092128 2.927432 3.436606
v -0.094312 2.923439 3.448146
v -0.095856 2.923089 3.437373
v -0.093418 2.923806 3.460934
v -0.090520 2.927864 3.447624
v -0.089519 2.928341 3.460687
v -0.191136 2.989005 3.474960
v -0.097239 3.183584 3.451616
v -0.185506 3.192000 3.462601
v -0.185833 3.183584 3.451616
v -0.099204 3.174183 3.441399
v -0.096957 3.173987 3.442840
v -0.099506 3.183837 3.449854
v -0.186115 3.173987 3.442840
v -0.096957 3.173987 3.442840
v -0.194403 3.188243 3.516922
v -0.195600 2.988311 3.503189
v -0.185411 3.162406 3.572870
v -0.185857 2.986047 3.430249
v -0.095948 2.924762 3.428779
v -0.096996 2.923208 3.429136
v -0.191539 2.992533 3.453988
v -0.192881 3.200093 3.503129
v -0.187748 3.208246 3.503125
v -0.188528 2.988663 3.517482
v -0.097764 2.918359 3.547072
v -0.096895 3.168783 3.562140
v -0.101573 2.917935 3.576778
v -0.101995 2.916617 3.576897
v -0.097562 2.922050 3.577782
v -0.102330 2.918004 3.579606
v -0.102812 2.916630 3.579687
v -0.184721 3.179200 3.561383
v -0.097278 3.187110 3.472904
v -0.192306 3.182718 3.557661
v -0.184935 3.167226 3.571826
v -0.089460 2.927877 3.490240
v -0.187032 3.188299 3.560514
v -0.097957 3.202513 3.517303
v -0.100287 3.203871 3.518000
v -0.097251 3.190635 3.487617
v -0.192214 3.182683 3.451557
v -0.185244 3.198546 3.531700
v -0.097611 3.191994 3.545641
v -0.185461 3.191994 3.545641
v -0.090133 2.918295 3.543967
v -0.097329 3.183534 3.558126
v -0.185743 3.183534 3.558126
v -0.095470 3.203034 3.533124
v -0.187605 3.203034 3.533124
v -0.095359 3.206940 3.518204
v -0.187715 3.206939 3.518204
v -0.184013 3.156110 3.580127
v -0.186371 2.984630 3.581208
v -0.184363 3.157475 3.578996
v -0.190901 2.989057 3.461609
v -0.095371 2.920623 3.517637
v -0.096477 3.183006 3.518274
v -0.098106 3.159776 3.576210
v -0.097626 3.162516 3.572607
v -0.188474 2.990919 3.434503
v -0.186867 2.987733 3.434624
v -0.189217 2.990576 3.438623
v -0.188474 2.990919 3.434503
v -0.186005 2.987862 3.431728
v -0.190705 2.993555 3.430016
v -0.187536 2.991076 3.431216
v -0.191136 2.989005 3.474960
v -0.095495 3.202983 3.473853
v -0.098409 2.922044 3.580971
v -0.103850 2.918599 3.582901
v -0.183848 3.201263 3.518228
v -0.095470 3.203034 3.533124
v -0.096893 3.165127 3.580724
v -0.093693 2.922630 3.460874
v -0.094601 2.922252 3.448061
v -0.192200 2.994361 3.516613
v -0.097951 3.202488 3.488719
v -0.100865 2.919438 3.582133
v -0.186828 2.982099 3.582443
v -0.102022 2.917873 3.581806
v -0.186140 2.984723 3.583815
v -0.098037 2.922737 3.585508
v -0.185555 2.987410 3.587572
v -0.094842 2.922859 3.561471
v -0.093388 2.923904 3.547760
v -0.184642 3.163984 3.575027
v -0.184912 3.159645 3.576471
v -0.184294 3.161564 3.577262
v -0.184089 3.164638 3.575977
v -0.186160 3.168702 3.562386
v -0.184015 3.190383 3.460102
v -0.097273 3.187177 3.533902
v -0.098138 3.167226 3.571826
v -0.192034 2.994166 3.556205
v -0.098430 3.163984 3.575027
v -0.098538 3.161437 3.576807
v -0.098676 3.164377 3.575510
v -0.190821 2.992915 3.444819
v -0.193001 2.993317 3.438291
v -0.096868 2.921673 3.574800
v -0.096468 3.184012 3.502784
v -0.188307 2.988692 3.547500
v -0.185261 2.983388 3.583581
v -0.186024 3.154797 3.579358
v -0.102022 2.917873 3.581806
v -0.104492 2.917154 3.582934
v -0.185911 2.986630 3.585432
v -0.186140 2.984723 3.583815
v -0.185911 2.986630 3.585432
v -0.185699 2.984024 3.582985
v -0.185261 2.983388 3.583581
v -0.186913 2.987264 3.584365
v -0.186913 2.987264 3.584365
v -0.187894 2.987864 3.582209
v -0.184697 2.987372 3.429449
v -0.184532 3.155080 3.432500
v -0.098897 2.923722 3.428126
v -0.099432 2.922320 3.428131
v -0.095439 2.927781 3.426174
v -0.183486 3.192272 3.461060
v -0.185506 3.192000 3.462601
v -0.185263 3.198528 3.475197
v -0.186115 3.173987 3.442840
v -0.185833 3.183584 3.451616
v -0.098957 3.155160 3.432126
v -0.096763 2.923041 3.433418
v -0.093048 2.927352 3.432412
v -0.094371 2.921635 3.503185
v -0.187064 2.985315 3.577924
v -0.188908 2.987611 3.502953
v -0.191190 2.989843 3.488631
v -0.190862 2.992740 3.532426
v -0.188791 2.988583 3.578691
v -0.187894 2.987864 3.582209
v -0.193069 2.991077 3.579625
v -0.188791 2.988583 3.578691
v -0.182990 3.203513 3.517936
v -0.185244 3.198546 3.531700
v -0.095071 2.921841 3.517662
v -0.090017 2.927418 3.503824
v -0.090987 2.926348 3.518391
v -0.188528 2.988663 3.517482
v -0.089153 2.928533 3.474893
v -0.089358 2.928198 3.489336
v -0.099051 3.164686 3.576112
v -0.097566 3.192000 3.462601
v -0.097329 3.183534 3.558126
v -0.184571 3.157212 3.433235
v -0.096482 3.182952 3.487562
v -0.185121 3.202488 3.488719
v -0.185075 3.203821 3.502864
v -0.185115 3.202513 3.517303
v -0.190339 2.989747 3.449223
v -0.186591 3.182948 3.487579
v -0.184042 3.155298 3.580263
v -0.100865 2.919438 3.582133
v -0.100073 2.922462 3.584847
v -0.098037 2.922737 3.585508
v -0.184371 3.155863 3.432480
v -0.185054 2.988717 3.428821
v -0.185857 2.986047 3.430249
v -0.185304 2.990657 3.427606
v -0.187536 2.991076 3.431216
v -0.186493 2.991018 3.428977
v -0.185304 2.990657 3.427606
v -0.184441 2.991144 3.425595
v -0.185054 2.988717 3.428821
v -0.186493 2.991018 3.428977
v -0.186955 2.992792 3.424925
v -0.189019 2.993327 3.427090
v -0.185204 2.992747 3.430053
v -0.187950 2.993151 3.433506
v -0.186403 3.178083 3.438977
v -0.186050 3.172308 3.434795
v -0.184042 3.155298 3.580263
v -0.184013 3.156110 3.580127
v -0.184370 3.159652 3.578249
v -0.184164 3.160299 3.578175
v -0.184164 3.160299 3.578175
v -0.098715 3.159643 3.433884
v -0.098244 3.157193 3.433784
v -0.091253 2.917226 3.556002
v -0.099852 2.922468 3.582975
v -0.101074 2.918090 3.587746
v -0.093263 2.923637 3.544526
v -0.096946 3.169121 3.572013
v -0.099169 3.169513 3.573161
v -0.186314 3.169231 3.439630
v -0.184650 3.169208 3.438826
v -0.184341 3.168680 3.438156
v -0.184650 3.169208 3.438826
v -0.184774 3.164418 3.436289
v -0.184426 3.164450 3.435967
v -0.184791 3.159509 3.434212
v -0.184791 3.159509 3.434212
v -0.184476 3.160072 3.434115
v -0.194777 2.993048 3.562071
v -0.192235 2.993609 3.502773
v -0.187705 3.206935 3.488224
v -0.091739 2.926940 3.438748
v -0.093048 2.927352 3.432412
v -0.191333 2.992788 3.571609
v -0.089519 2.928341 3.460687
v -0.090082 2.927578 3.452376
v -0.090987 2.926348 3.518391
v -0.091110 2.926014 3.517874
v -0.179522 2.991211 3.427755
v -0.191744 2.993256 3.566902
v -0.184148 3.181957 3.449007
v -0.191539 2.992533 3.453988
v -0.089358 2.928198 3.489336
v -0.190339 2.989747 3.449223
v -0.092542 2.926980 3.435342
v -0.095359 3.206940 3.518204
v -0.094381 2.922625 3.556529
v -0.093388 2.923904 3.547760
v -0.186115 3.173987 3.442840
v -0.100073 2.922462 3.584847
v -0.099852 2.922468 3.582975
v -0.021241 -2.137480 4.277826
v -0.010924 -2.137227 4.272830
v -0.020427 -2.142102 4.273263
v -0.023591 -2.068964 4.292909
v -0.048888 -2.068510 4.292658
v -0.049089 -2.068964 4.292909
v -0.013595 -2.075824 4.293785
v -0.010438 -2.135450 4.304071
v -0.013595 -2.129498 4.304092
v -0.012337 -2.027080 4.274922
v -0.010256 -2.030118 4.270637
v -0.012411 -2.028440 4.270131
v -0.012545 -2.180919 4.298533
v -0.022467 -2.182061 4.303379
v -0.012422 -2.179662 4.303009
v -0.061755 -2.137227 4.272830
v -0.060169 -2.080668 4.272067
v -0.060169 -2.133051 4.282126
v -0.051438 -2.137480 4.277826
v -0.020427 -2.142102 4.273263
v -0.052252 -2.142102 4.273263
v -0.064773 -2.096592 4.159252
v -0.061754 -2.080234 4.261886
v -0.007906 -2.160048 4.171438
v -0.019065 -2.166445 4.172608
v -0.053614 -2.166445 4.172608
v -0.049965 -2.182070 4.303350
v -0.022574 -2.183280 4.299027
v -0.050064 -2.183285 4.298997
v -0.021447 -2.060071 4.281268
v -0.011050 -2.023921 4.274516
v -0.021877 -2.021667 4.273959
v -0.051232 -2.060071 4.281268
v -0.050803 -2.021667 4.273959
v -0.011050 -2.184855 4.305421
v -0.021447 -2.148774 4.298304
v -0.021877 -2.187155 4.305738
v -0.012984 -2.072152 4.279003
v -0.013631 -2.024520 4.274296
v -0.013698 -2.025780 4.269703
v -0.050803 -2.187154 4.305738
v -0.051232 -2.148774 4.298304
v -0.064773 -2.160048 4.171438
v -0.061755 -2.137227 4.272830
v -0.061629 -2.023922 4.274516
v -0.020427 -2.075545 4.260481
v -0.007906 -2.096592 4.159252
v -0.010925 -2.080234 4.261885
v -0.052252 -2.075545 4.260481
v -0.064773 -2.096592 4.159252
v -0.053613 -2.090216 4.157970
v -0.021241 -2.078146 4.266431
v -0.059072 -2.129498 4.304094
v -0.049027 -2.134842 4.304922
v -0.049607 -2.134944 4.305043
v -0.062214 -2.135446 4.304071
v -0.050443 -2.186372 4.299909
v -0.022331 -2.141844 4.304735
v -0.021946 -2.186373 4.299909
v -0.061630 -2.184855 4.305421
v -0.011403 -2.184064 4.299375
v -0.017370 -2.122365 4.290693
v -0.012845 -2.081184 4.289193
v -0.012845 -2.126227 4.297843
v -0.059072 -2.075824 4.293787
v -0.011394 -2.025599 4.268928
v -0.022322 -2.063920 4.289755
v -0.021943 -2.023262 4.268573
v -0.022505 -2.026886 4.270836
v -0.050073 -2.027272 4.270238
v -0.050166 -2.026891 4.270826
v -0.060007 -2.179683 4.302945
v -0.012764 -2.136249 4.307468
v -0.012765 -2.068165 4.294401
v -0.022564 -2.027261 4.270268
v -0.012441 -2.028399 4.275146
v -0.022476 -2.026046 4.274617
v -0.023653 -2.134842 4.304922
v -0.023073 -2.134945 4.305043
v -0.058816 -2.183379 4.304324
v -0.059689 -2.138376 4.291676
v -0.059887 -2.136231 4.307410
v -0.060985 -2.184061 4.299375
v -0.050311 -2.141841 4.304735
v -0.049955 -2.026051 4.274588
v -0.051438 -2.078146 4.266431
v -0.061754 -2.080234 4.261886
v -0.059985 -2.028411 4.275078
v -0.060117 -2.029671 4.270602
v -0.011927 -2.024961 4.272574
v -0.008717 -2.064250 4.281945
v -0.011832 -2.065486 4.280142
v -0.050320 -2.063922 4.289756
v -0.060994 -2.025601 4.268930
v -0.050447 -2.023263 4.268574
v -0.007906 -2.096592 4.159252
v -0.007906 -2.160048 4.171438
v -0.059848 -2.076946 4.293769
v -0.063962 -2.144641 4.297383
v -0.062042 -2.136512 4.294960
v -0.063056 -2.134822 4.293493
v -0.063056 -2.134822 4.293493
v -0.060848 -2.144161 4.295252
v -0.063962 -2.144641 4.297383
v -0.063313 -2.131226 4.285907
v -0.060063 -2.134784 4.289598
v -0.063056 -2.134822 4.293493
v -0.061545 -2.131927 4.288852
v -0.059317 -2.136127 4.288401
v -0.059550 -2.143775 4.293150
v -0.060546 -2.134428 4.283986
v -0.060157 -2.133980 4.285658
v -0.060546 -2.134428 4.283986
v -0.059317 -2.136127 4.288401
v -0.060063 -2.134784 4.289598
v -0.061713 -2.132766 4.285674
v -0.060169 -2.133051 4.282126
v -0.060994 -2.133221 4.286360
v -0.061371 -2.131572 4.284763
v -0.061775 -2.132498 4.284564
v -0.061713 -2.132766 4.285674
v -0.060559 -2.133857 4.283531
v -0.009198 -2.183307 4.299480
v -0.059241 -2.184834 4.300789
v -0.061084 -2.182446 4.301866
v -0.060753 -2.184608 4.303233
v -0.058914 -2.184774 4.299773
v -0.060353 -2.182257 4.299594
v -0.060753 -2.184608 4.303233
v -0.060848 -2.144161 4.295252
v -0.063620 -2.184129 4.305025
v -0.060761 -2.182100 4.302913
v -0.060753 -2.184608 4.303233
v -0.063143 -2.181501 4.302580
v -0.063620 -2.184129 4.305025
v -0.062364 -2.180515 4.298301
v -0.060255 -2.180990 4.299896
v -0.062580 -2.180518 4.299544
v -0.060353 -2.182257 4.299594
v -0.061084 -2.182446 4.301866
v -0.013362 -2.136127 4.288402
v -0.012985 -2.138378 4.291716
v -0.012523 -2.133978 4.285659
v -0.012615 -2.134784 4.289599
v -0.013114 -2.143770 4.293185
v -0.012132 -2.134427 4.283985
v -0.010637 -2.136513 4.294961
v -0.008718 -2.144641 4.297383
v -0.009624 -2.134824 4.293494
v -0.009624 -2.134824 4.293494
v -0.011135 -2.131927 4.288853
v -0.010637 -2.136513 4.294961
v -0.009365 -2.131223 4.285911
v -0.009624 -2.134824 4.293494
v -0.011833 -2.144161 4.295250
v -0.012615 -2.134784 4.289599
v -0.010965 -2.132766 4.285674
v -0.012511 -2.133050 4.282126
v -0.011309 -2.131572 4.284762
v -0.010965 -2.132766 4.285674
v -0.012120 -2.133857 4.283528
v -0.011685 -2.133220 4.286361
v -0.010902 -2.132495 4.284567
v -0.009365 -2.131223 4.285911
v -0.010637 -2.072699 4.282706
v -0.009621 -2.074804 4.281972
v -0.009367 -2.080961 4.276261
v -0.012615 -2.076288 4.278369
v -0.009621 -2.074804 4.281972
v -0.011134 -2.079216 4.278735
v -0.009367 -2.080961 4.276261
v -0.013361 -2.075485 4.276760
v -0.013113 -2.066613 4.278369
v -0.012132 -2.078702 4.273284
v -0.012523 -2.078496 4.275003
v -0.012132 -2.078702 4.273284
v -0.013361 -2.075485 4.276760
v -0.013113 -2.066613 4.278369
v -0.012615 -2.076288 4.278369
v -0.013361 -2.075485 4.276760
v -0.010964 -2.079619 4.275469
v -0.012511 -2.080668 4.272067
v -0.011685 -2.078940 4.275937
v -0.010964 -2.079619 4.275469
v -0.011134 -2.079216 4.278735
v -0.011309 -2.081064 4.275064
v -0.010901 -2.080281 4.274542
v -0.010964 -2.079619 4.275469
v -0.012120 -2.079398 4.273071
v -0.062042 -2.072700 4.282706
v -0.063963 -2.064250 4.281946
v -0.063059 -2.074805 4.281972
v -0.061546 -2.079217 4.278734
v -0.060064 -2.076288 4.278368
v -0.063312 -2.080961 4.276257
v -0.063059 -2.074805 4.281972
v -0.060849 -2.065486 4.280143
v -0.061714 -2.079618 4.275468
v -0.061371 -2.081064 4.275065
v -0.060559 -2.079398 4.273074
v -0.060994 -2.078940 4.275936
v -0.061714 -2.079618 4.275468
v -0.061776 -2.080280 4.274539
v -0.060547 -2.078701 4.273284
v -0.061546 -2.079217 4.278734
v -0.063312 -2.080961 4.276257
v -0.059318 -2.075485 4.276758
v -0.059690 -2.072170 4.278967
v -0.060157 -2.078497 4.275002
v -0.059551 -2.066622 4.278336
v -0.060547 -2.078701 4.273284
v -0.013716 -2.184752 4.299944
v -0.009537 -2.181501 4.302579
v -0.011927 -2.184608 4.303232
v -0.009061 -2.184129 4.305024
v -0.011918 -2.182100 4.302913
v -0.012301 -2.182249 4.299676
v -0.013412 -2.184821 4.300854
v -0.011595 -2.182445 4.301866
v -0.012421 -2.180995 4.299921
v -0.010271 -2.180489 4.298427
v -0.010081 -2.180516 4.299593
v -0.009537 -2.181501 4.302579
v -0.011595 -2.182445 4.301866
v -0.010271 -2.180489 4.298427
v -0.010081 -2.180516 4.299593
v -0.060189 -2.068408 4.294848
v -0.058810 -2.024580 4.274133
v -0.059055 -2.024860 4.273339
v -0.009061 -2.024744 4.274415
v -0.011917 -2.027407 4.273206
v -0.009538 -2.028089 4.273117
v -0.011832 -2.065486 4.280142
v -0.013383 -2.025541 4.270392
v -0.011927 -2.024961 4.272574
v -0.012385 -2.029317 4.271203
v -0.010053 -2.029899 4.271061
v -0.012260 -2.028319 4.270416
v -0.010053 -2.029899 4.271061
v -0.011595 -2.027477 4.272105
v -0.012260 -2.028319 4.270416
v -0.009538 -2.028089 4.273117
v -0.058928 -2.025826 4.269539
v -0.060753 -2.024961 4.272574
v -0.060849 -2.065486 4.280143
v -0.013383 -2.025541 4.270392
v -0.012260 -2.028319 4.270416
v -0.059270 -2.025554 4.270329
v -0.063142 -2.028087 4.273118
v -0.060753 -2.024961 4.272574
v -0.063620 -2.024742 4.274415
v -0.063620 -2.024742 4.274415
v -0.060762 -2.027407 4.273207
v -0.063142 -2.028087 4.273118
v -0.060391 -2.028343 4.270336
v -0.061083 -2.027474 4.272104
v -0.060291 -2.029330 4.271182
v -0.062371 -2.030153 4.270511
v -0.062606 -2.029917 4.271015
v -0.063142 -2.028087 4.273118
v -0.062606 -2.029917 4.271015
v -0.062371 -2.030153 4.270511
v -0.063193 -2.183299 4.299482
v -0.059073 -2.183224 4.303644
v -0.060127 -2.180902 4.303461
v -0.060986 -2.181932 4.301392
v -0.060285 -2.181062 4.303106
v -0.064145 -2.136091 4.303707
v -0.060672 -2.183337 4.301140
v -0.061937 -2.136029 4.305147
v -0.060128 -2.180022 4.302405
v -0.062279 -2.179218 4.302967
v -0.062478 -2.179452 4.302517
v -0.062996 -2.181284 4.300457
v -0.062478 -2.179452 4.302517
v -0.060986 -2.181932 4.301392
v -0.062996 -2.181284 4.300457
v -0.060285 -2.181062 4.303106
v -0.060572 -2.181939 4.300405
v -0.062320 -2.146052 4.297876
v -0.011817 -2.181939 4.300405
v -0.009198 -2.183307 4.299480
v -0.011403 -2.181932 4.301392
v -0.009393 -2.181284 4.300457
v -0.061937 -2.136029 4.305147
v -0.060193 -2.135828 4.307789
v -0.010160 -2.179183 4.303092
v -0.012265 -2.180009 4.302427
v -0.009930 -2.179434 4.302561
v -0.012131 -2.181036 4.303186
v -0.010160 -2.179183 4.303092
v -0.009930 -2.179434 4.302561
v -0.009393 -2.181284 4.300457
v -0.010359 -2.146052 4.297876
v -0.011722 -2.183357 4.301140
v -0.008493 -2.136101 4.303704
v -0.010704 -2.136045 4.305146
v -0.013347 -2.183241 4.303714
v -0.012320 -2.180851 4.303672
v -0.010704 -2.069180 4.292302
v -0.013364 -2.024821 4.273398
v -0.012462 -2.068379 4.294859
v -0.009191 -2.026263 4.269306
v -0.011404 -2.026859 4.271613
v -0.011722 -2.025609 4.270836
v -0.009191 -2.026263 4.269306
v -0.011817 -2.027220 4.270695
v -0.009392 -2.027807 4.270984
v -0.010359 -2.062757 4.281880
v -0.012337 -2.027080 4.274922
v -0.012171 -2.027066 4.273917
v -0.061937 -2.069196 4.292308
v -0.060672 -2.025625 4.270844
v -0.012299 -2.028336 4.273712
v -0.010167 -2.028820 4.275302
v -0.009958 -2.028810 4.274029
v -0.009392 -2.027807 4.270984
v -0.011404 -2.026859 4.271613
v -0.012171 -2.027066 4.273917
v -0.060672 -2.025625 4.270844
v -0.064153 -2.069669 4.290943
v -0.061937 -2.069196 4.292308
v -0.060985 -2.026859 4.271613
v -0.060097 -2.027122 4.274710
v -0.060243 -2.027073 4.273835
v -0.063201 -2.026273 4.269310
v -0.060572 -2.027220 4.270695
v -0.060985 -2.026859 4.271613
v -0.062997 -2.027807 4.270984
v -0.062265 -2.028843 4.275175
v -0.060093 -2.028332 4.273686
v -0.062449 -2.028811 4.273981
v -0.060097 -2.027122 4.274710
v -0.060985 -2.026859 4.271613
v -0.060243 -2.027073 4.273835
v -0.062997 -2.027807 4.270984
v -0.051041 -2.134247 4.283493
v -0.050013 -2.182446 4.302783
v -0.022384 -2.182441 4.302793
v -0.021479 -2.134826 4.290340
v -0.051365 -2.139715 4.295764
v -0.021315 -2.139715 4.295764
v -0.051200 -2.134825 4.290340
v -0.062042 -2.136512 4.294960
v -0.051365 -2.139715 4.295764
v -0.022520 -2.183379 4.300472
v -0.021638 -2.079051 4.272895
v -0.012511 -2.080668 4.272067
v -0.021479 -2.134826 4.290340
v -0.021638 -2.134247 4.283493
v -0.021479 -2.075975 4.279040
v -0.021479 -2.075975 4.279040
v -0.021314 -2.069427 4.282267
v -0.051200 -2.075976 4.279039
v -0.051042 -2.079051 4.272896
v -0.060169 -2.080668 4.272067
v -0.061371 -2.081064 4.275065
v -0.051200 -2.075976 4.279039
v -0.051365 -2.069427 4.282267
v -0.062320 -2.062757 4.281880
v -0.010159 -2.128140 4.304209
v -0.010160 -2.077049 4.294397
v -0.049089 -2.136200 4.305820
v -0.023591 -2.136200 4.305820
v -0.011685 -2.078940 4.275937
v -0.011685 -2.133220 4.286361
v -0.012511 -2.133050 4.282126
v -0.021241 -2.137480 4.277826
v -0.021315 -2.139715 4.295764
v -0.008493 -2.136101 4.303704
v -0.010704 -2.069180 4.292302
v -0.010704 -2.136045 4.305146
v -0.062226 -2.070179 4.291528
v -0.010426 -2.070174 4.291526
v -0.008484 -2.069660 4.290938
v -0.012458 -2.135850 4.307810
v -0.022292 -2.184496 4.303335
v -0.050151 -2.183378 4.300460
v -0.050387 -2.184496 4.303335
v -0.060761 -2.182100 4.302913
v -0.050387 -2.025025 4.272711
v -0.060097 -2.180930 4.298465
v -0.022292 -2.025025 4.272711
v -0.022292 -2.025025 4.272711
v -0.011917 -2.027407 4.273206
v -0.050216 -2.184305 4.300908
v -0.049998 -2.025951 4.273148
v -0.022399 -2.025953 4.273159
v -0.012522 -2.029649 4.270667
v -0.060762 -2.027407 4.273207
v -0.050387 -2.025025 4.272711
v -0.010925 -2.080234 4.261885
v -0.012511 -2.133050 4.282126
v -0.012511 -2.080668 4.272067
v -0.060211 -2.028491 4.269921
v -0.062265 -2.028843 4.275175
v -0.022292 -2.184496 4.303335
v -0.011918 -2.182100 4.302913
v -0.060127 -2.180902 4.303461
v -0.060195 -2.182251 4.298667
v -0.050215 -2.024837 4.270289
v -0.060572 -2.181939 4.300405
v -0.050216 -2.184305 4.300908
v -0.022173 -2.184305 4.300908
v -0.050215 -2.024837 4.270289
v -0.011817 -2.027220 4.270695
v -0.022174 -2.024837 4.270289
v -0.022174 -2.024837 4.270289
v -0.060572 -2.027220 4.270695
v -0.011817 -2.181939 4.300405
v -0.022173 -2.184305 4.300908
v -0.012440 -2.182210 4.298878
v -0.013629 -2.183372 4.304495
v -0.011722 -2.025609 4.270836
v -0.011833 -2.144161 4.295250
v -0.025319 -2.073498 4.287424
v -0.010160 -2.077049 4.294397
v -0.012845 -2.081184 4.289193
v -0.047360 -2.073498 4.287424
v -0.026787 -2.084421 4.280856
v -0.045892 -2.084421 4.280856
v -0.017370 -2.087420 4.283983
v -0.047360 -2.134022 4.299047
v -0.026788 -2.126309 4.288901
v -0.025319 -2.134022 4.299047
v -0.010159 -2.128140 4.304209
v -0.023791 -2.136718 4.305757
v -0.025319 -2.134022 4.299047
v -0.017370 -2.122365 4.290693
v -0.012845 -2.126227 4.297843
v -0.047360 -2.073498 4.287424
v -0.023792 -2.068510 4.292658
v -0.025319 -2.073498 4.287424
v -0.012831 -2.128468 4.303664
v -0.011313 -2.076766 4.294239
v -0.012831 -2.076946 4.293769
v -0.062520 -2.128140 4.304209
v -0.059833 -2.126227 4.297842
v -0.055309 -2.122365 4.290693
v -0.045891 -2.126309 4.288901
v -0.011313 -2.076766 4.294239
v -0.011313 -2.128463 4.304167
v -0.047360 -2.073498 4.287424
v -0.062520 -2.077049 4.294396
v -0.048888 -2.068510 4.292658
v -0.055309 -2.087420 4.283983
v -0.059833 -2.081184 4.289193
v -0.055309 -2.122365 4.290693
v -0.059833 -2.081184 4.289193
v -0.055309 -2.087420 4.283983
v -0.055309 -2.122365 4.290693
v -0.045891 -2.126309 4.288901
v -0.048889 -2.136718 4.305757
v -0.026788 -2.126309 4.288901
v -0.059887 -2.068202 4.294354
v -0.023653 -2.070559 4.292577
v -0.023070 -2.070402 4.292646
v -0.049027 -2.070559 4.292577
v -0.049609 -2.070404 4.292646
v -0.061368 -2.076766 4.294239
v -0.059848 -2.128468 4.303664
v -0.062520 -2.128140 4.304209
v -0.059833 -2.126227 4.297842
v -0.060994 -2.133221 4.286360
v -0.061368 -2.128463 4.304167
v -0.049089 -2.136200 4.305820
v -0.061368 -2.128463 4.304167
v -0.023591 -2.136200 4.305820
v -0.011313 -2.128463 4.304167
v -0.023792 -2.068510 4.292658
v -0.061368 -2.076766 4.294239
v -0.099875 3.192616 3.460847
v -0.016290 -2.080702 4.156650
v -0.019066 -2.090216 4.157970
v -0.242211 -2.850842 4.086309
v -2.355226 0.782967 2.655948
v -2.349816 0.775014 2.658681
v -1.214286 -2.435014 3.514529
v -1.656123 -1.531540 2.825956
v -2.413582 0.714022 2.648309
v -2.419397 0.721734 2.645717
v -1.334197 -1.698058 3.031219
v -0.138817 2.992261 3.370487
v -0.588800 0.756553 3.444460
v -1.043476 0.985676 3.224958
v -0.645151 0.849094 3.393775
v -0.282721 3.044820 3.346400
v -0.875069 -0.284497 3.503586
v -0.064773 -2.160048 4.171438
v 0.079327 -1.852647 4.002264
v -2.355226 0.782967 2.655948
v -3.166814 -1.325009 2.382945
v -0.498336 -1.607224 3.756370
v -0.004221 -1.813496 3.952087
v -0.808982 3.025859 3.267047
v -0.526572 3.063464 3.308285
v -0.955977 0.973234 3.245734
v -0.954967 0.983039 3.247257
v -1.136623 1.005956 3.593292
v -1.106228 1.129920 3.677835
v -1.140712 0.961760 3.548714
v -0.585711 3.061947 3.611502
v -1.131892 0.958492 3.530883
v -1.136623 1.005956 3.593292
v -0.322294 3.038544 3.627977
v -0.587312 3.060249 3.614122
v -1.138778 0.999924 3.600950
v -1.108612 1.126018 3.686715
v -1.142466 0.952985 3.553128
v -1.133089 0.948589 3.530814
v -0.584689 3.070938 3.614129
v -1.138778 0.999924 3.600950
v -0.320309 3.043989 3.635868
v -0.587158 3.066184 3.621835
v -0.168018 2.980823 3.643626
v -1.083719 0.993127 3.606449
v -1.083719 0.993127 3.606449
v -0.171199 2.975731 3.635630
v -0.525324 3.072813 3.308263
v -0.320309 3.043989 3.635868
v -1.091938 -0.360389 3.664921
v -2.700280 -0.321479 3.136053
v -2.586427 0.700776 2.976946
v -2.570032 -0.434597 3.248044
v -2.728652 2.103451 3.172699
v 0.027762 -2.747630 4.215025
v -2.623007 -0.452634 3.250239
v -2.545765 0.765586 3.006090
v -2.759788 -0.268551 3.072137
v 0.050888 -1.855910 4.100587
v -0.825478 0.857580 3.645429
v -2.642010 0.665335 2.949860
v -0.514030 -1.592248 3.817779
v -3.602571 -0.781244 2.749914
v -2.742556 -0.265364 3.053972
v -3.494570 0.689965 2.686980
v -2.728652 2.103451 3.172699
v -1.556112 -1.641529 3.294555
v -0.490651 -1.601070 3.758122
v -1.240013 -2.589347 3.886653
v -0.183825 -0.148796 4.220747
v -1.957803 1.006882 3.439755
v -1.500105 -1.706255 3.328272
v -1.556321 -1.645985 3.287411
v -1.939151 0.954928 3.401822
v -0.511746 -1.592286 3.816347
v -2.349816 0.775014 2.658681
v -2.725444 0.491779 2.890499
v -0.100811 3.189111 3.464893
v -0.090184 3.166640 3.431243
v -0.184105 2.982914 3.578481
v -0.100169 2.919630 3.432565
v -0.094974 2.919895 3.420100
v -0.100903 3.172349 3.445989
v -0.182169 3.172349 3.564839
v -0.092265 3.168299 3.582506
v -0.192130 3.167623 3.581235
v -0.094042 3.180054 3.435444
v -0.093696 3.200064 3.550062
v -0.099810 2.914362 3.590675
v -0.093910 3.156419 3.588713
v -0.092778 2.919219 3.421747
v -0.189346 2.983563 3.421404
v -0.106169 2.915533 3.579511
v -0.190786 3.167923 3.429108
v -0.189030 3.180054 3.435444
v -0.070233 -2.075052 4.263011
v -0.002446 -2.141623 4.275795
v -0.022797 -2.088032 4.292359
v -0.068422 -2.075276 4.270389
v -0.004258 -2.075276 4.270389
v -0.067255 -2.146761 4.288182
v -0.070569 -2.135370 4.284437
v -0.067830 -2.187988 4.297029
v -0.004336 -2.139749 4.286991
v -0.004361 -2.072852 4.273232
v -0.002110 -2.077657 4.273354
v -0.064936 -2.072248 4.271974
v -0.068966 -2.073332 4.273801
v -0.004849 -2.024119 4.265560
v -0.005692 -2.023084 4.265360
v -0.005586 -2.186255 4.308254
v -0.067895 -2.020911 4.273923
v -0.052142 -2.143970 4.286404
v -0.017086 -2.079521 4.301172
v -0.021475 -2.019445 4.264453
v -0.067014 -2.020154 4.273790
v -0.028361 -2.120864 4.297140
v -0.019816 -2.121378 4.303124
v -0.027240 -2.079608 4.295103
v -0.055594 -2.079521 4.301172
v -0.052863 -2.083732 4.295895
v -0.015485 -2.124601 4.312394
v -0.091774 3.188535 3.445593
v -2.691551 -0.320827 3.131218
v -0.988081 -0.282061 3.672928
v -2.690590 -0.319546 3.132051
v -2.580385 0.697692 2.970076
v -2.413582 0.714022 2.648309
v -0.397258 -1.713007 3.879298
v 0.046278 -1.863418 4.095857
v -2.722728 -0.346153 3.106411
v 0.021471 -2.741693 4.210007
v -2.621099 -0.459641 3.243365
v -2.761139 -0.274418 3.064152
v 0.046278 -1.863418 4.095857
v -0.171199 2.975731 3.635630
v -0.818529 0.862322 3.640023
v -2.646623 0.671867 2.943857
v 0.140806 0.646937 4.041318
v -2.749104 -0.270730 3.048650
v -2.721534 2.099061 3.167216
v -0.943140 -0.298369 3.713384
v -1.233737 -2.586262 3.879504
v -3.350415 -1.328395 2.730472
v -1.233737 -2.586262 3.879504
v -0.185492 -0.142803 4.212917
v -1.937510 0.963361 3.396704
v -0.518050 -1.598603 3.811836
v -0.257704 -2.843044 4.152549
v -2.716676 0.490207 2.885956
v -2.647797 -0.381691 3.190665
v -0.187579 3.202982 3.473853
v -0.096893 3.165127 3.580724
v -0.191567 3.169585 3.572407
v -0.097997 3.203821 3.502864
v -0.185075 3.203821 3.502864
v -0.095326 3.208247 3.503125
v -0.191986 2.986102 3.583507
v -0.094347 2.927544 3.430705
v -0.190439 2.991007 3.561905
v -0.095439 2.927781 3.426174
v -0.098607 2.922233 3.579997
v -0.179522 2.991211 3.427755
v -0.185825 3.164926 3.430913
v -0.179522 2.991211 3.427755
v -0.096509 3.178502 3.571383
v -0.099051 3.164686 3.576112
v -0.184123 3.164665 3.576026
v -0.097239 3.183584 3.451616
v -0.097058 3.154865 3.579350
v -0.185911 2.986630 3.585432
v -0.191139 2.991112 3.502724
v -0.188908 2.987611 3.502953
v -0.185743 3.183534 3.558126
v -0.184774 3.164418 3.436289
v -0.010924 -2.137227 4.272830
v -0.017370 -2.087420 4.283983
v -0.060195 -2.182251 4.298667
v -0.063143 -2.181501 4.302580
v -0.011685 -2.133220 4.286361
v -0.011309 -2.081064 4.275064
v -0.063312 -2.080961 4.276257
v -0.061776 -2.080280 4.274539
v -0.063963 -2.064250 4.281946
v -0.011595 -2.182445 4.301866
v -0.011927 -2.184608 4.303232
v -0.012301 -2.182249 4.299676
v -0.012411 -2.028440 4.270131
v -0.060672 -2.183337 4.301140
v -0.060285 -2.181062 4.303106
v -0.009393 -2.181284 4.300457
v -0.009392 -2.027807 4.270984
v -0.051200 -2.134825 4.290340
v -0.050387 -2.184496 4.303335
v -0.012845 -2.126227 4.297843
v -0.048888 -2.068510 4.292658
v -0.011313 -2.128463 4.304167
v -0.062520 -2.077049 4.294396
v -0.061368 -2.128463 4.304167
v -0.099506 3.183837 3.449854
v -3.608719 -0.220035 2.687392
v -3.604782 -0.408360 2.707010
v -3.598812 -0.221110 2.688441
v -3.598812 -0.221110 2.688441
v -3.598773 -0.220392 2.688368
v -3.598773 -0.220392 2.688368
v -3.598773 -0.220392 2.688368
v -3.597842 -0.031121 2.672768
v -3.588048 -0.032082 2.673529
v -3.587912 -0.031880 2.673668
v -3.577726 0.156011 2.667103
v -3.567842 0.154776 2.667984
v -3.550814 0.339110 2.668923
v -3.541199 0.338440 2.669702
v -3.540972 0.337598 2.669841
v -3.512884 0.514902 2.674653
v -3.420586 -0.584368 2.370570
v -3.418439 -0.397857 2.351079
v -3.412177 -0.209700 2.332186
v -3.411866 -0.583689 2.375417
v -3.411397 -0.771342 2.392745
v -3.409697 -0.397567 2.355924
v -3.403428 -0.209681 2.337028
v -3.402761 -0.769891 2.397573
v -3.401064 -0.020823 2.317218
v -3.392318 -0.021308 2.322042
v -3.381028 0.166353 2.311517
v -3.379390 -0.959936 2.412065
v -3.372315 0.165281 2.316304
v -3.370963 -0.957401 2.416813
v -3.354417 0.349619 2.313544
v -3.345735 0.348207 2.318300
v -3.326581 0.527265 2.318508
v -3.317903 0.525808 2.323257
v -3.306167 -1.148793 2.406678
v -3.300792 0.701455 2.323483
v -3.298363 -1.144423 2.411150
v -3.292105 0.700076 2.328240
v -3.276154 0.876034 2.327789
v -3.267598 0.873784 2.332450
v -3.220488 1.052246 2.343872
v -3.212690 1.047579 2.348043
v -3.166814 -1.325009 2.382945
v -3.166814 -1.325009 2.382945
v -3.161181 -1.317472 2.386327
v -3.161181 -1.317472 2.386327
v -3.094145 1.231023 2.389076
v -3.087301 1.224680 2.392672
v -2.939152 1.423173 2.464055
v -2.932150 1.417063 2.467747
v -2.924779 -1.453100 2.406895
v -2.922133 -1.443624 2.408684
v -2.827393 1.642280 2.561492
v -2.819969 1.636869 2.565443
v -2.749373 -0.045853 2.962154
v -2.745897 0.214306 2.876088
v -2.745155 -0.133793 2.998758
v -2.741243 0.298132 2.866109
v -2.739891 -0.174438 3.020639
v -2.739191 -0.175497 3.021644
v -2.738008 0.342466 2.865900
v -2.734168 0.389413 2.868798
v -2.721232 -0.250036 3.072730
v -2.721232 -0.250036 3.072730
v -2.720941 1.880332 2.677830
v -2.720350 -0.251211 3.073276
v -2.717547 0.490500 2.885028
v -2.713918 1.874246 2.681523
v -2.701252 -0.324639 3.131235
v -2.692572 -0.319674 3.131334
v -2.691551 -0.320827 3.131218
v -2.670101 0.595363 2.917995
v -2.646582 -0.382622 3.189942
v -2.589937 0.007068 2.599084
v -2.589630 0.099576 2.566476
v -2.589169 -0.042140 2.640394
v -2.588599 -0.087799 2.632926
v -2.588275 0.189071 2.538230
v -2.587533 0.704618 2.971047
v -2.586922 -1.514568 2.505475
v -2.586515 0.221903 2.552887
v -2.586134 -1.504629 2.506235
v -2.584882 0.277497 2.521396
v -2.584468 -0.132613 2.677445
v -2.582302 0.307905 2.542698
v -2.582267 -0.178461 2.673515
v -2.581368 0.008814 2.603934
v -2.581024 0.101089 2.571338
v -2.580489 -0.040349 2.645026
v -2.580385 0.697692 2.970076
v -2.580114 -0.085613 2.637745
v -2.579597 0.190001 2.543111
v -2.579368 0.353433 2.542540
v -2.578797 -0.175085 2.699778
v -2.577694 0.222562 2.557550
v -2.577268 0.368553 2.518683
v -2.576151 0.277439 2.526271
v -2.575998 -0.129852 2.681986
v -2.575857 0.401869 2.545592
v -2.574070 -0.175179 2.678209
v -2.573448 0.307627 2.547337
v -2.570703 -0.171139 2.704126
v -2.570527 0.352643 2.547144
v -2.568591 0.367267 2.523484
v -2.567502 -0.260416 2.724179
v -2.567075 0.400330 2.550121
v -2.564135 -0.426952 3.243821
v -2.561715 0.466845 2.530634
v -2.559895 -0.255655 2.728591
v -2.559618 0.506579 2.562165
v -2.559478 -0.253128 2.752677
v -2.553325 0.463909 2.535215
v -2.551977 -0.247885 2.756707
v -2.551229 0.503144 2.566386
v -2.541182 -0.335821 2.782137
v -2.541182 -0.335821 2.782137
v -2.534482 -0.329538 2.786091
v -2.534482 -0.329538 2.786091
v -2.531929 2.120677 2.810804
v -2.531929 2.120677 2.810804
v -2.530383 -0.324763 2.812208
v -2.530383 -0.324763 2.812208
v -2.526068 2.113133 2.813761
v -2.526068 2.113133 2.813761
v -2.525138 0.572486 2.557597
v -2.523717 -0.318217 2.815773
v -2.523717 -0.318217 2.815773
v -2.517519 0.567451 2.561670
v -2.511223 0.615723 2.595173
v -2.503983 0.609761 2.598644
v -2.497263 -0.402417 2.843838
v -2.492258 -0.394320 2.846902
v -2.485886 -0.389163 2.873662
v -2.480751 -0.381019 2.876360
v -2.452755 0.681754 2.599507
v -2.446245 0.674963 2.602897
v -2.435694 -0.449851 3.290619
v -2.424994 -0.445732 2.904797
v -2.422668 -0.436140 2.906408
v -2.419397 0.721734 2.645717
v -2.419397 0.721734 2.645717
v -2.413582 0.714022 2.648309
v -2.413582 0.714022 2.648309
v -2.407039 -0.437146 2.933356
v -2.404227 -0.427649 2.934727
v -2.355226 0.782967 2.655948
v -2.355226 0.782967 2.655948
v -2.349816 0.775014 2.658681
v -2.349816 0.775014 2.658681
v -2.322473 -0.460008 2.959983
v -2.322044 -0.450033 2.960548
v -2.298010 0.816364 2.711162
v -2.293414 0.807673 2.712993
v -2.287744 -0.464103 2.989470
v -2.286557 -0.454183 2.989877
v -2.285388 -0.459124 3.333954
v -2.251813 0.862107 2.727298
v -2.249297 -1.519423 2.615786
v -2.249249 -1.529418 2.615503
v -2.247770 0.853168 2.729231
v -2.222181 2.368268 2.952246
v -2.217303 2.359844 2.954541
v -2.201488 -0.451099 3.006534
v -2.201432 -0.461095 3.006237
v -2.159884 0.891774 2.787551
v -2.156514 0.882420 2.788624
v -2.150265 -0.476241 3.043706
v -2.149774 -0.466254 3.043668
v -2.132977 -0.462013 3.376744
v -2.128178 0.917051 2.819349
v -2.125745 0.907405 2.820357
v -2.069178 -0.451100 3.043949
v -2.069105 -0.461096 3.043661
v -2.011771 -0.480036 3.097522
v -2.011573 -0.470041 3.097292
v -2.010721 0.941075 2.869034
v -2.008635 0.931300 2.869356
v -1.982883 -1.512681 2.694682
v -1.982680 -1.522677 2.694494
v -1.980361 -0.462283 3.419361
v -1.957118 0.951837 2.937115
v -1.955874 0.941921 2.937450
v -1.924485 -0.451100 3.076872
v -1.924417 -0.461096 3.076582
v -1.873573 -0.480323 3.151178
v -1.873468 -0.470329 3.150880
v -1.856296 0.964303 2.949604
v -1.855153 0.954371 2.949393
v -1.827516 -0.462264 3.461919
v -1.790120 -1.521726 2.759374
v -1.789621 -1.511755 2.759945
v -1.781981 2.634840 3.090467
v -1.777800 2.625928 3.092225
v -1.773084 -0.450987 3.108606
v -1.772996 -0.460982 3.108328
v -1.745416 0.970948 3.053744
v -1.744809 0.960967 3.053721
v -1.735428 -0.480326 3.204789
v -1.735328 -0.470331 3.204466
v -1.703961 0.975161 3.023318
v -1.703194 0.965200 3.022871
v -1.674612 -0.462093 3.504382
v -1.657585 -1.541371 2.824858
v -1.656123 -1.531540 2.825956
v -1.635021 -0.450419 3.140008
v -1.634881 -0.460414 3.139759
v -1.612807 -1.604079 3.246376
v -1.597161 -0.480332 3.258409
v -1.597150 -0.470339 3.258029
v -1.557660 0.983357 3.086191
v -1.557080 0.973392 3.085592
v -1.550916 -1.570802 2.889361
v -1.549940 -1.638313 3.286777
v -1.548836 -1.561128 2.890798
v -1.522015 -0.458653 3.546634
v -1.520494 -0.449257 3.171462
v -1.520304 -0.459253 3.171242
v -1.516371 0.979049 3.130965
v -1.516099 0.969055 3.130732
v -1.492070 -1.700310 3.328583
v -1.459238 -0.467249 3.311509
v -1.458785 -0.477225 3.312043
v -1.451773 -1.772615 3.362013
v -1.451011 -1.604224 2.949238
v -1.448128 -1.594835 2.951115
v -1.417137 -0.447829 3.202889
v -1.416848 -0.457823 3.202726
v -1.415983 -1.851135 3.396781
v -1.414209 0.987898 3.138135
v -1.413929 0.977936 3.137317
v -1.393909 -2.279464 3.641877
v -1.392096 -1.957029 3.449592
v -1.389383 -1.637461 2.988401
v -1.387178 -2.106464 3.533936
v -1.384828 -1.629005 2.991183
v -1.384176 -2.277552 3.643142
v -1.370340 -0.442798 3.588433
v -1.362909 -2.446759 3.764046
v -1.353899 -2.442425 3.764231
v -1.353899 -2.442425 3.764231
v -1.352592 -2.444053 3.765187
v -1.352592 -2.444053 3.765187
v -1.334197 -1.698058 3.031219
v -1.334197 -1.698058 3.031219
v -1.327880 -1.691255 3.034934
v -1.327880 -1.691255 3.034934
v -1.322111 -0.451780 3.364825
v -1.320682 -0.461647 3.365598
v -1.316179 -0.444748 3.241010
v -1.315544 -0.454727 3.241051
v -1.297546 -1.769691 3.069309
v -1.290355 -1.764130 3.073473
v -1.289886 0.983032 3.174835
v -1.289701 0.973041 3.174446
v -1.271458 0.977282 3.179739
v -1.271358 0.987220 3.180836
v -1.266151 -1.847610 3.110824
v -1.258533 -1.842835 3.115202
v -1.243614 -1.952302 3.165206
v -1.237845 2.892010 3.208082
v -1.235524 -1.948658 3.169818
v -1.235493 -2.584977 3.878842
v -1.235493 -2.584977 3.878842
v -1.235493 -2.584977 3.878842
v -1.234867 -2.101207 3.242677
v -1.234564 2.882632 3.209217
v -1.233818 -2.273154 3.355597
v -1.226575 -2.098197 3.247385
v -1.225716 -2.269538 3.360209
v -1.223836 -0.408019 3.627284
v -1.221421 -2.440676 3.510406
v -1.221421 -2.440676 3.510406
v -1.220550 -0.435150 3.306236
v -1.219406 -0.445077 3.306611
v -1.214286 -2.435014 3.514529
v -1.214286 -2.435014 3.514529
v -1.182757 -0.416752 3.417026
v -1.180096 -0.426329 3.418122
v -1.175377 -0.426817 3.351357
v -1.173832 -0.436671 3.352058
v -1.140483 0.977216 3.201493
v -1.140421 0.987189 3.202179
v -1.132662 -2.587143 3.685355
v -1.131157 -0.416523 3.398037
v -1.130733 0.970861 3.217278
v -1.130141 0.980735 3.218743
v -1.129370 -0.426311 3.399031
v -1.127900 -2.578840 3.688249
v -1.093956 -0.354289 3.656215
v -1.087124 -0.404696 3.440076
v -1.085121 -0.414400 3.441419
v -1.043989 0.975780 3.223867
v -1.043476 0.985676 3.224958
v -1.042513 -0.391767 3.471273
v -1.039916 -0.401172 3.473462
v -1.031787 -0.360401 3.465080
v -1.027918 -0.369429 3.466959
v -0.992814 0.955135 3.257420
v -0.991466 0.964834 3.259446
v -0.988667 -0.283266 3.671274
v -0.979391 -2.696975 3.974034
v -0.977742 -2.697360 3.974262
v -0.955977 0.973234 3.245734
v -0.954967 0.983039 3.247257
v -0.912301 -2.702499 3.853504
v -0.909595 -2.693038 3.855282
v -0.908025 -0.198694 3.675316
v -0.906362 -0.342256 3.503861
v -0.902630 0.971203 3.259564
v -0.902241 -0.350329 3.508084
v -0.901285 0.980946 3.261374
v -0.875069 -0.284497 3.503586
v -0.875069 -0.284497 3.503586
v -0.870040 -0.292277 3.507352
v -0.870040 -0.292277 3.507352
v -0.857706 0.920391 3.313366
v -0.855331 0.929664 3.316256
v -0.808982 3.025859 3.267047
v -0.808806 0.106130 3.664825
v -0.807711 3.016043 3.267506
v -0.806687 0.413297 3.644934
v -0.804512 0.514887 3.636743
v -0.803716 0.566034 3.631757
v -0.776931 -0.262178 3.505579
v -0.776931 -0.262178 3.505579
v -0.776767 0.103967 3.676243
v -0.776280 0.744902 3.614817
v -0.775403 0.637531 3.630836
v -0.775162 0.214690 3.672612
v -0.774857 0.530564 3.644562
v -0.774734 0.320324 3.665578
v -0.774616 0.424649 3.656031
v -0.771407 -0.267879 3.511660
v -0.771407 -0.267879 3.511660
v -0.766855 0.102650 3.676364
v -0.765424 0.638170 3.630875
v -0.765165 0.214507 3.672436
v -0.764865 0.530606 3.644173
v -0.764746 0.320209 3.665099
v -0.764632 0.424588 3.655464
v -0.752507 0.926989 3.325711
v -0.749577 -0.196233 3.524581
v -0.749398 0.935866 3.329107
v -0.743622 -0.201454 3.530687
v -0.735413 0.861010 3.384620
v -0.731616 0.869140 3.389033
v -0.677029 -0.099343 3.527584
v -0.670781 -0.102202 3.534850
v -0.656540 -0.048319 3.525704
v -0.655543 0.780528 3.443153
v -0.655543 0.780528 3.443153
v -0.650232 -0.049910 3.533299
v -0.650159 0.785968 3.449588
v -0.650159 0.785968 3.449588
v -0.645151 0.849094 3.393775
v -0.645151 0.849094 3.393775
v -0.643624 0.004730 3.523801
v -0.640187 0.855837 3.399243
v -0.640187 0.855837 3.399243
v -0.637787 -0.097830 3.505265
v -0.637288 0.003970 3.531500
v -0.633124 0.114094 3.520934
v -0.631459 -0.100604 3.512494
v -0.630859 0.424402 3.501869
v -0.628913 0.683603 3.473776
v -0.628689 0.527268 3.493606
v -0.628141 -2.787442 4.062683
v -0.627726 0.579473 3.488480
v -0.627118 0.632064 3.482185
v -0.626805 0.114149 3.528684
v -0.624573 0.424870 3.509632
v -0.622810 0.686102 3.481293
v -0.622416 0.527844 3.501372
v -0.621468 0.580234 3.496243
v -0.620894 0.633220 3.489926
v -0.594909 0.752916 3.437428
v -0.594058 -2.794809 3.993257
v -0.592345 -2.785013 3.994314
v -0.588800 0.756553 3.444460
v -0.586152 0.117054 3.503735
v -0.585136 0.227857 3.499656
v -0.585122 0.333169 3.492379
v -0.585115 0.436895 3.482906
v -0.585090 0.542084 3.471807
v -0.584997 0.648338 3.458466
v -0.579653 0.116497 3.511315
v -0.578664 0.437646 3.490510
v -0.578661 0.228234 3.507267
v -0.578661 0.333782 3.499986
v -0.578651 0.542967 3.479407
v -0.578597 0.649820 3.466005
v -0.576570 -1.402315 3.763685
v -0.576545 -1.277620 3.768017
v -0.575246 -1.415971 3.725640
v -0.572349 -1.289287 3.726516
v -0.565513 -1.414665 3.727524
v -0.562694 -1.290160 3.728967
v -0.559792 -1.148348 3.786732
v -0.556748 -1.510129 3.779856
v -0.553807 -1.116357 3.792786
v -0.549184 -1.156709 3.738881
v -0.548257 -1.522401 3.736561
v -0.541570 -1.124014 3.743485
v -0.539885 -1.158825 3.741889
v -0.539207 -1.518527 3.738318
v -0.532555 -1.126892 3.746718
v -0.526572 3.063464 3.308285
v -0.525324 3.072813 3.308263
v -0.518050 -1.598603 3.811836
v -0.517455 -1.597401 3.809923
v -0.502142 -0.934119 3.837240
v -0.498336 -1.607224 3.756370
v -0.498336 -1.607224 3.756370
v -0.490651 -1.601070 3.758122
v -0.490651 -1.601070 3.758122
v -0.485302 -0.936503 3.784412
v -0.476628 -0.940337 3.787585
v -0.461923 -1.663084 3.844173
v -0.461558 -1.663865 3.844983
v -0.435377 -1.672547 3.781347
v -0.429239 -1.664797 3.782849
v -0.427553 -0.749390 3.897910
v -0.406989 -0.743459 3.841588
v -0.398452 -0.747841 3.844402
v -0.396278 -1.713450 3.879080
v -0.364218 -1.721743 3.807377
v -0.359446 -1.713045 3.808627
v -0.342918 -0.533863 3.984900
v -0.341623 -0.532681 3.983931
v -0.335913 -0.538536 3.990293
v -0.319795 -0.521497 3.919095
v -0.310833 -0.525374 3.921249
v -0.286888 -1.758489 3.832333
v -0.283402 -1.749184 3.833460
v -0.282721 3.044820 3.346400
v -0.278809 3.053518 3.346779
v -0.267580 -0.275093 4.118859
v -0.257876 -2.852378 4.157445
v -0.257704 -2.843044 4.152549
v -0.257437 -2.843155 4.153605
v -0.255295 -0.250766 4.049916
v -0.246143 -0.254741 4.050575
v -0.242751 -2.840861 4.086604
v -0.242211 -2.850842 4.086309
v -0.200145 -1.785576 3.862395
v -0.198484 2.982311 3.475108
v -0.198469 2.982616 3.461283
v -0.197884 2.983325 3.448396
v -0.197849 -1.775895 3.863402
v -0.196877 2.984232 3.517777
v -0.196629 2.983253 3.561281
v -0.196591 2.984040 3.437275
v -0.196573 2.984180 3.547223
v -0.196532 2.984575 3.532426
v -0.196244 2.982075 3.573571
v -0.196196 2.987020 3.476707
v -0.196167 2.986987 3.464606
v -0.195970 2.987538 3.489669
v -0.195850 2.987251 3.453710
v -0.195744 2.981483 3.578735
v -0.195600 2.988311 3.503189
v -0.195469 2.992333 3.488587
v -0.195414 2.991826 3.474955
v -0.195356 2.993222 3.502676
v -0.195218 2.987535 3.444430
v -0.195212 2.989047 3.516901
v -0.195181 2.994074 3.517276
v -0.195082 2.992017 3.461641
v -0.195060 2.994465 3.532375
v -0.195040 2.994051 3.547666
v -0.194981 2.988940 3.555641
v -0.194962 2.980936 3.583074
v -0.194949 2.989497 3.530452
v -0.194924 2.988076 3.566114
v -0.194923 2.989439 3.543538
v -0.194777 2.993048 3.562071
v -0.194760 2.987628 3.570703
v -0.194750 2.987581 3.440297
v -0.194450 2.987103 3.574884
v -0.194339 2.992645 3.449152
v -0.194100 2.987558 3.436440
v -0.193955 2.991764 3.574511
v -0.193842 2.980470 3.586463
v -0.193770 2.986613 3.578992
v -0.193069 2.991077 3.579625
v -0.193006 2.987474 3.432518
v -0.193001 2.993317 3.438291
v -0.192325 2.979958 3.589016
v -0.192029 2.993531 3.433803
v -0.191986 2.986102 3.583507
v -0.191986 2.986102 3.583507
v -0.191906 2.990434 3.583728
v -0.190705 2.993555 3.430016
v -0.190690 2.987259 3.428275
v -0.190351 2.979271 3.590848
v -0.190351 2.979271 3.590848
v -0.190324 2.989826 3.586743
v -0.189490 2.985756 3.474978
v -0.189392 2.985901 3.461453
v -0.189275 2.986461 3.488814
v -0.189019 2.993327 3.427090
v -0.188908 2.987611 3.502953
v -0.188829 2.986622 3.449009
v -0.188309 2.989114 3.588825
v -0.188207 2.987536 3.561525
v -0.187642 2.987422 3.438508
v -0.187630 2.986098 3.573437
v -0.187077 2.991134 3.583338
v -0.187064 2.985315 3.577924
v -0.186955 2.992792 3.424925
v -0.186867 2.987733 3.434624
v -0.186828 2.982099 3.582443
v -0.186828 2.982099 3.582443
v -0.186828 2.982099 3.582443
v -0.186411 3.159071 3.434722
v -0.186386 3.164217 3.436878
v -0.186371 2.984630 3.581208
v -0.186314 3.169231 3.439630
v -0.186282 3.154617 3.433213
v -0.186173 3.159053 3.577662
v -0.186173 3.164136 3.575190
v -0.186140 2.984723 3.583815
v -0.186126 3.169121 3.572013
v -0.186024 3.154797 3.579358
v -0.186005 2.987862 3.431728
v -0.185968 3.173900 3.568264
v -0.185911 2.986630 3.585432
v -0.185857 2.986047 3.430249
v -0.185857 2.986047 3.430249
v -0.185752 2.985008 3.588980
v -0.185743 3.183534 3.558126
v -0.185699 2.984024 3.582985
v -0.185699 2.984024 3.582985
v -0.185602 -0.138531 4.217487
v -0.185555 2.987410 3.587572
v -0.185555 2.987410 3.587572
v -0.185555 2.987410 3.587572
v -0.185304 2.990657 3.427606
v -0.185261 2.983388 3.583581
v -0.185261 2.983388 3.583581
v -0.185247 2.987762 3.430106
v -0.185247 2.987762 3.430106
v -0.185247 2.987762 3.430106
v -0.184697 2.987372 3.429449
v -0.184697 2.987372 3.429449
v -0.184532 3.155080 3.432500
v -0.184532 3.155080 3.432500
v -0.184520 2.986258 3.423698
v -0.184520 2.986258 3.423698
v -0.184476 3.160072 3.434115
v -0.184441 2.991144 3.425595
v -0.184371 3.155863 3.432480
v -0.184371 3.155863 3.432480
v -0.184341 3.168680 3.438156
v -0.184295 3.164377 3.435831
v -0.184294 3.161564 3.577262
v -0.184237 3.167365 3.574070
v -0.184175 3.172945 3.440767
v -0.184123 3.164665 3.576026
v -0.184123 3.164665 3.576026
v -0.184091 3.168895 3.573407
v -0.184089 3.164638 3.575977
v -0.184065 3.182162 3.560602
v -0.184057 3.174057 3.569371
v -0.184057 3.174057 3.569371
v -0.184042 3.155298 3.580263
v -0.184042 3.155298 3.580263
v -0.184006 3.173176 3.570221
v -0.184006 3.173176 3.570221
v -0.183934 3.183520 3.450134
v -0.183787 3.183659 3.559570
v -0.183486 3.192272 3.461060
v -0.183423 3.192389 3.547117
v -0.183175 2.981937 3.579953
v -0.183161 3.199222 3.473982
v -0.183144 3.199292 3.532857
v -0.183005 2.982415 3.579721
v -0.182991 3.203481 3.488065
v -0.182990 3.203513 3.517936
v -0.182942 3.204911 3.502862
v -0.182142 3.167460 3.568764
v -0.182129 3.162345 3.572014
v -0.180881 -0.112569 4.142727
v -0.180820 2.989527 3.586022
v -0.179522 2.991211 3.427755
v -0.172596 -0.118093 4.141809
v -0.144486 2.984046 3.369867
v -0.144486 2.984046 3.369867
v -0.138817 2.992261 3.370487
v -0.138817 2.992261 3.370487
v -0.106169 2.915533 3.579511
v -0.104492 2.917154 3.582934
v -0.104492 2.917154 3.582934
v -0.104492 2.917154 3.582934
v -0.103850 2.918599 3.582901
v -0.102812 2.916630 3.579687
v -0.102722 -1.805817 3.903267
v -0.102022 2.917873 3.581806
v -0.102022 2.917873 3.581806
v -0.101995 2.916617 3.576897
v -0.101155 -1.795983 3.904186
v -0.101074 2.918090 3.587746
v -0.101074 2.918090 3.587746
v -0.100996 2.916750 3.572504
v -0.100931 3.167460 3.442618
v -0.100903 3.172349 3.445989
v -0.100326 3.205269 3.502861
v -0.100287 3.203871 3.518000
v -0.100285 3.203837 3.487998
v -0.100160 3.199649 3.532988
v -0.100073 2.922462 3.584847
v -0.100073 2.922462 3.584847
v -0.099929 3.192741 3.547314
v -0.099852 2.922468 3.582975
v -0.099852 2.922468 3.582975
v -0.099634 3.183990 3.559829
v -0.099432 2.922320 3.428131
v -0.099432 2.922320 3.428131
v -0.099426 3.174339 3.569681
v -0.099330 3.155514 3.580543
v -0.099196 2.917397 3.560814
v -0.099169 3.169513 3.573161
v -0.098957 3.155160 3.432126
v -0.098863 3.169386 3.438503
v -0.098715 3.159643 3.433884
v -0.098689 3.164549 3.436009
v -0.098409 2.922044 3.580971
v -0.098037 2.922737 3.585508
v -0.098037 2.922737 3.585508
v -0.097951 3.202488 3.488719
v -0.097843 2.921819 3.430948
v -0.097809 3.198528 3.475197
v -0.097764 2.918359 3.547072
v -0.097566 3.192000 3.462601
v -0.097239 3.183584 3.451616
v -0.097108 2.921793 3.433337
v -0.097058 3.154865 3.579350
v -0.096996 2.923208 3.429136
v -0.096996 2.923208 3.429136
v -0.096996 2.923208 3.429136
v -0.096957 3.173987 3.442840
v -0.096946 3.169121 3.572013
v -0.096899 3.159053 3.577662
v -0.096899 3.164136 3.575190
v -0.096868 2.921673 3.574800
v -0.096774 3.154618 3.433218
v -0.096758 3.169231 3.439630
v -0.096713 2.923260 3.422930
v -0.096686 3.164217 3.436878
v -0.096669 3.178083 3.438977
v -0.096661 3.159072 3.434722
v -0.096534 2.919487 3.532330
v -0.096199 2.916791 3.582266
v -0.096172 2.921878 3.437272
v -0.095948 2.924762 3.428779
v -0.095439 2.927781 3.426174
v -0.095383 2.927752 3.428278
v -0.095383 2.927752 3.428278
v -0.095371 2.920623 3.517637
v -0.094601 2.922252 3.448061
v -0.094371 2.921635 3.503185
v -0.093875 2.916192 3.575178
v -0.093839 2.927368 3.429604
v -0.093693 2.922630 3.460874
v -0.093673 2.922387 3.488923
v -0.093642 3.207012 3.471932
v -0.093606 3.211345 3.487083
v -0.093405 2.922746 3.474790
v -0.093396 2.928082 3.425620
v -0.093396 2.928082 3.425620
v -0.093396 2.928082 3.425620
v -0.093078 2.916244 3.570773
v -0.092542 2.926980 3.435342
v -0.092439 2.916475 3.566346
v -0.091694 2.922085 3.427941
v -0.091694 2.922085 3.427941
v -0.091253 2.917226 3.556002
v -0.090133 2.918295 3.543967
v -0.089121 2.921430 3.434661
v -0.089036 2.919517 3.530914
v -0.088268 2.921436 3.438833
v -0.087948 2.920744 3.517391
v -0.087638 2.921613 3.443004
v -0.086972 2.921824 3.503673
v -0.086657 2.922139 3.452668
v -0.086244 2.922594 3.490020
v -0.086053 2.922675 3.464083
v -0.085900 2.922907 3.476709
v -0.073503 -2.164734 4.172787
v -0.073503 -2.164734 4.172787
v -0.073503 -2.091742 4.158770
v -0.073503 -2.091742 4.158770
v -0.068422 -2.138681 4.282565
v -0.068422 -2.075276 4.270389
v -0.068343 -2.072644 4.274104
v -0.067695 -2.140450 4.286653
v -0.067695 -2.072118 4.273530
v -0.064773 -2.160048 4.171438
v -0.064773 -2.160048 4.171438
v -0.064773 -2.096592 4.159252
v -0.064773 -2.096592 4.159252
v -0.064153 -2.069669 4.290943
v -0.064145 -2.136091 4.303707
v -0.063963 -2.064250 4.281946
v -0.063962 -2.144641 4.297383
v -0.063620 -2.184129 4.305025
v -0.063620 -2.184129 4.305025
v -0.063620 -2.024742 4.274415
v -0.063620 -2.024742 4.274415
v -0.063313 -2.131226 4.285907
v -0.063313 -2.131226 4.285907
v -0.063201 -2.026273 4.269310
v -0.063201 -2.026273 4.269310
v -0.063201 -2.026273 4.269310
v -0.063193 -2.183299 4.299482
v -0.063193 -2.183299 4.299482
v -0.063193 -2.183299 4.299482
v -0.063143 -2.181501 4.302580
v -0.063059 -2.074805 4.281972
v -0.063056 -2.134822 4.293493
v -0.063000 -0.017580 4.302928
v -0.062997 -2.027807 4.270984
v -0.062997 -2.027807 4.270984
v -0.062996 -2.181284 4.300457
v -0.062917 0.003919 4.219787
v -0.062580 -2.180518 4.299544
v -0.062520 -2.128140 4.304209
v -0.062520 -2.128140 4.304209
v -0.062520 -2.077049 4.294396
v -0.062520 -2.077049 4.294396
v -0.062478 -2.179452 4.302517
v -0.062449 -2.028811 4.273981
v -0.062371 -2.030153 4.270511
v -0.062371 -2.030153 4.270511
v -0.062364 -2.180515 4.298301
v -0.062364 -2.180515 4.298301
v -0.062364 -2.180515 4.298301
v -0.062279 -2.179218 4.302967
v -0.062279 -2.179218 4.302967
v -0.062279 -2.179218 4.302967
v -0.062265 -2.028843 4.275175
v -0.062265 -2.028843 4.275175
v -0.061775 -2.132498 4.284564
v -0.061714 -2.079618 4.275468
v -0.061714 -2.079618 4.275468
v -0.061714 -2.079618 4.275468
v -0.061714 -2.079618 4.275468
v -0.061713 -2.132766 4.285674
v -0.061713 -2.132766 4.285674
v -0.061713 -2.132766 4.285674
v -0.061630 -2.184855 4.305421
v -0.061629 -2.023922 4.274516
v -0.061546 -2.079217 4.278734
v -0.061546 -2.079217 4.278734
v -0.061545 -2.131927 4.288852
v -0.061545 -2.131927 4.288852
v -0.061371 -2.131572 4.284763
v -0.061371 -2.081064 4.275065
v -0.060994 -2.133221 4.286360
v -0.060994 -2.133221 4.286360
v -0.060994 -2.078940 4.275936
v -0.060994 -2.078940 4.275936
v -0.060994 -2.078940 4.275936
v -0.060994 -2.025601 4.268930
v -0.060985 -2.184061 4.299375
v -0.060753 -2.184608 4.303233
v -0.060753 -2.024961 4.272574
v -0.060672 -2.183337 4.301140
v -0.060672 -2.183337 4.301140
v -0.060672 -2.025625 4.270844
v -0.060672 -2.025625 4.270844
v -0.060559 -2.133857 4.283531
v -0.060559 -2.133857 4.283531
v -0.060559 -2.133857 4.283531
v -0.060559 -2.079398 4.273074
v -0.060559 -2.079398 4.273074
v -0.060559 -2.079398 4.273074
v -0.060547 -2.078701 4.273284
v -0.060547 -2.078701 4.273284
v -0.060546 -2.134428 4.283986
v -0.060546 -2.134428 4.283986
v -0.060211 -2.028491 4.269921
v -0.060195 -2.182251 4.298667
v -0.060195 -2.182251 4.298667
v -0.060193 -2.135828 4.307789
v -0.060189 -2.068408 4.294848
v -0.060169 -2.133051 4.282126
v -0.060169 -2.133051 4.282126
v -0.060169 -2.080668 4.272067
v -0.060169 -2.080668 4.272067
v -0.060157 -2.133980 4.285658
v -0.060157 -2.078497 4.275002
v -0.060127 -2.180902 4.303461
v -0.060127 -2.180902 4.303461
v -0.060117 -2.029671 4.270602
v -0.060097 -2.180930 4.298465
v -0.060097 -2.027122 4.274710
v -0.060007 -2.179683 4.302945
v -0.059985 -2.028411 4.275078
v -0.059887 -2.136231 4.307410
v -0.059848 -2.128468 4.303664
v -0.059848 -2.076946 4.293769
v -0.059690 -2.072170 4.278967
v -0.059690 -2.072170 4.278967
v -0.059690 -2.072170 4.278967
v -0.059689 -2.138376 4.291676
v -0.059689 -2.138376 4.291676
v -0.059689 -2.138376 4.291676
v -0.059551 -2.066622 4.278336
v -0.059550 -2.143775 4.293150
v -0.059318 -2.075485 4.276758
v -0.059318 -2.075485 4.276758
v -0.059318 -2.075485 4.276758
v -0.059317 -2.136127 4.288401
v -0.059317 -2.136127 4.288401
v -0.059317 -2.136127 4.288401
v -0.059270 -2.025554 4.270329
v -0.059241 -2.184834 4.300789
v -0.059073 -2.183224 4.303644
v -0.059073 -2.183224 4.303644
v -0.059073 -2.183224 4.303644
v -0.059072 -2.129498 4.304094
v -0.059072 -2.075824 4.293787
v -0.059055 -2.024860 4.273339
v -0.058928 -2.025826 4.269539
v -0.058928 -2.025826 4.269539
v -0.058928 -2.025826 4.269539
v -0.058914 -2.184774 4.299773
v -0.058914 -2.184774 4.299773
v -0.058914 -2.184774 4.299773
v -0.058816 -2.183379 4.304324
v -0.058816 -2.183379 4.304324
v -0.058816 -2.183379 4.304324
v -0.058810 -2.024580 4.274133
v -0.058810 -2.024580 4.274133
v -0.058810 -2.024580 4.274133
v -0.056389 -2.175773 4.174906
v -0.056389 -2.080702 4.156650
v -0.055594 -2.079521 4.301172
v -0.055075 -0.002188 4.218685
v -0.053614 -2.166445 4.172608
v -0.053613 -2.090216 4.157970
v -0.052863 -2.083732 4.295895
v -0.050803 -2.187154 4.305738
v -0.050803 -2.021667 4.273959
v -0.050447 -2.023263 4.268574
v -0.050443 -2.186372 4.299909
v -0.050073 -2.027272 4.270238
v -0.050064 -2.183285 4.298997
v -0.049965 -2.182070 4.303350
v -0.049955 -2.026051 4.274588
v -0.049027 -2.134842 4.304922
v -0.049027 -2.070559 4.292577
v -0.048889 -2.136718 4.305757
v -0.032380 -2.789210 4.200338
v -0.026347 -2.786353 4.119602
v -0.026347 -2.786353 4.119602
v -0.023792 -2.068510 4.292658
v -0.023791 -2.136718 4.305757
v -0.023653 -2.134842 4.304922
v -0.023653 -2.070559 4.292577
v -0.022574 -2.183280 4.299027
v -0.022564 -2.027261 4.270268
v -0.022476 -2.026046 4.274617
v -0.022467 -2.182061 4.303379
v -0.021946 -2.186373 4.299909
v -0.021943 -2.023262 4.268573
v -0.021877 -2.187155 4.305738
v -0.021877 -2.021667 4.273959
v -0.021746 -2.795229 4.119834
v -0.021746 -2.795229 4.119834
v -0.019066 -2.090216 4.157970
v -0.019065 -2.166445 4.172608
v -0.016290 -2.175773 4.174906
v -0.016290 -2.080702 4.156650
v -0.013716 -2.184752 4.299944
v -0.013716 -2.184752 4.299944
v -0.013716 -2.184752 4.299944
v -0.013698 -2.025780 4.269703
v -0.013698 -2.025780 4.269703
v -0.013698 -2.025780 4.269703
v -0.013631 -2.024520 4.274296
v -0.013631 -2.024520 4.274296
v -0.013631 -2.024520 4.274296
v -0.013629 -2.183372 4.304495
v -0.013629 -2.183372 4.304495
v -0.013629 -2.183372 4.304495
v -0.013595 -2.129498 4.304092
v -0.013595 -2.075824 4.293785
v -0.013412 -2.184821 4.300854
v -0.013383 -2.025541 4.270392
v -0.013364 -2.024821 4.273398
v -0.013362 -2.136127 4.288402
v -0.013362 -2.136127 4.288402
v -0.013362 -2.136127 4.288402
v -0.013361 -2.075485 4.276760
v -0.013361 -2.075485 4.276760
v -0.013347 -2.183241 4.303714
v -0.013347 -2.183241 4.303714
v -0.013347 -2.183241 4.303714
v -0.013114 -2.143770 4.293185
v -0.013113 -2.066613 4.278369
v -0.012985 -2.138378 4.291716
v -0.012985 -2.138378 4.291716
v -0.012985 -2.138378 4.291716
v -0.012984 -2.072152 4.279003
v -0.012984 -2.072152 4.279003
v -0.012984 -2.072152 4.279003
v -0.012831 -2.128468 4.303664
v -0.012831 -2.076946 4.293769
v -0.012764 -2.136249 4.307468
v -0.012545 -2.180919 4.298533
v -0.012523 -2.133978 4.285659
v -0.012523 -2.078496 4.275003
v -0.012522 -2.029649 4.270667
v -0.012511 -2.133050 4.282126
v -0.012511 -2.133050 4.282126
v -0.012511 -2.133050 4.282126
v -0.012511 -2.080668 4.272067
v -0.012511 -2.080668 4.272067
v -0.012462 -2.068379 4.294859
v -0.012458 -2.135850 4.307810
v -0.012441 -2.028399 4.275146
v -0.012440 -2.182210 4.298878
v -0.012422 -2.179662 4.303009
v -0.012411 -2.028440 4.270131
v -0.012411 -2.028440 4.270131
v -0.012337 -2.027080 4.274922
v -0.012337 -2.027080 4.274922
v -0.012320 -2.180851 4.303672
v -0.012132 -2.134427 4.283985
v -0.012132 -2.134427 4.283985
v -0.012132 -2.134427 4.283985
v -0.012132 -2.078702 4.273284
v -0.012132 -2.078702 4.273284
v -0.012120 -2.133857 4.283528
v -0.012120 -2.133857 4.283528
v -0.012120 -2.133857 4.283528
v -0.012120 -2.079398 4.273071
v -0.012120 -2.079398 4.273071
v -0.012120 -2.079398 4.273071
v -0.011927 -2.184608 4.303232
v -0.011927 -2.184608 4.303232
v -0.011927 -2.024961 4.272574
v -0.011722 -2.183357 4.301140
v -0.011722 -2.025609 4.270836
v -0.011685 -2.133220 4.286361
v -0.011685 -2.078940 4.275937
v -0.011685 -2.078940 4.275937
v -0.011403 -2.184064 4.299375
v -0.011394 -2.025599 4.268928
v -0.011309 -2.131572 4.284762
v -0.011309 -2.081064 4.275064
v -0.011135 -2.131927 4.288853
v -0.011135 -2.131927 4.288853
v -0.011134 -2.079216 4.278735
v -0.011134 -2.079216 4.278735
v -0.011050 -2.184855 4.305421
v -0.011050 -2.023921 4.274516
v -0.010965 -2.132766 4.285674
v -0.010965 -2.132766 4.285674
v -0.010965 -2.132766 4.285674
v -0.010965 -2.132766 4.285674
v -0.010964 -2.079619 4.275469
v -0.010964 -2.079619 4.275469
v -0.010964 -2.079619 4.275469
v -0.010924 -2.137227 4.272830
v -0.010902 -2.132495 4.284567
v -0.010901 -2.080281 4.274542
v -0.010271 -2.180489 4.298427
v -0.010271 -2.180489 4.298427
v -0.010256 -2.030118 4.270637
v -0.010256 -2.030118 4.270637
v -0.010256 -2.030118 4.270637
v -0.010167 -2.028820 4.275302
v -0.010167 -2.028820 4.275302
v -0.010167 -2.028820 4.275302
v -0.010160 -2.179183 4.303092
v -0.010160 -2.179183 4.303092
v -0.010160 -2.077049 4.294397
v -0.010160 -2.077049 4.294397
v -0.010159 -2.128140 4.304209
v -0.010159 -2.128140 4.304209
v -0.010081 -2.180516 4.299593
v -0.010053 -2.029899 4.271061
v -0.009958 -2.028810 4.274029
v -0.009624 -2.134824 4.293494
v -0.009621 -2.074804 4.281972
v -0.009621 -2.074804 4.281972
v -0.009538 -2.028089 4.273117
v -0.009537 -2.181501 4.302579
v -0.009537 -2.181501 4.302579
v -0.009392 -2.027807 4.270984
v -0.009367 -2.080961 4.276261
v -0.009365 -2.131223 4.285911
v -0.009365 -2.131223 4.285911
v -0.009198 -2.183307 4.299480
v -0.009198 -2.183307 4.299480
v -0.009191 -2.026263 4.269306
v -0.009191 -2.026263 4.269306
v -0.009061 -2.184129 4.305024
v -0.009061 -2.184129 4.305024
v -0.009061 -2.184129 4.305024
v -0.009061 -2.024744 4.274415
v -0.009061 -2.024744 4.274415
v -0.009061 -2.024744 4.274415
v -0.008718 -2.144641 4.297383
v -0.008717 -2.064250 4.281945
v -0.008493 -2.136101 4.303704
v -0.008484 -2.069660 4.290938
v -0.007906 -2.160048 4.171438
v -0.007906 -2.160048 4.171438
v -0.007906 -2.096592 4.159252
v -0.007906 -2.096592 4.159252
v -0.006467 -1.823167 3.950899
v -0.004336 -2.139749 4.286991
v -0.004258 -2.138681 4.282565
v -0.004221 -1.813496 3.952087
v -0.002446 -2.141623 4.275795
v 0.000824 -2.164734 4.172787
v 0.000824 -2.164734 4.172787
v 0.000824 -2.091742 4.158770
v 0.000824 -2.091742 4.158770
v 0.022637 -2.741400 4.208534
v 0.025838 -2.739091 4.123180
v 0.033461 -2.745555 4.123509
v 0.045258 0.155052 4.212323
v 0.046278 -1.863418 4.095857
v 0.047564 0.143428 4.306529
v 0.054384 0.150985 4.211917
v 0.064158 -2.674897 4.213556
v 0.065524 -2.674114 4.211960
v 0.067288 -2.672288 4.122935
v 0.071988 -2.678637 4.218526
v 0.073519 -1.860580 4.000439
v 0.073519 -1.860580 4.000439
v 0.076400 -2.676395 4.123257
v 0.079327 -1.852647 4.002264
v 0.079327 -1.852647 4.002264
v 0.102502 2.412725 3.501985
v 0.103346 -1.969695 4.135907
v 0.110405 0.377943 4.097313
v 0.111407 0.372649 4.193969
v 0.112098 2.415487 3.502530
v 0.116241 -1.966128 4.039423
v 0.117683 -2.032866 4.149300
v 0.118505 -2.498730 4.207992
v 0.120262 0.376257 4.097309
v 0.120554 -2.495791 4.112666
v 0.125332 -1.962337 4.041150
v 0.126667 -2.027070 4.053254
v 0.127115 -2.500205 4.212860
v 0.128996 -2.110894 4.163022
v 0.130376 -2.497639 4.112997
v 0.135118 -2.105546 4.067030
v 0.136416 -2.025169 4.054411
v 0.136963 -2.298164 4.189694
v 0.137635 -2.298761 4.188312
v 0.140000 -2.294842 4.092658
v 0.140806 0.646937 4.041318
v 0.141187 0.647630 4.042416
v 0.141623 0.649217 3.948685
v 0.145036 -2.104563 4.067843
v 0.145658 -2.297867 4.194624
v 0.149986 -2.295014 4.093156
v 0.150137 0.648936 4.046681
v 0.150703 1.000837 3.908607
v 0.151523 1.002568 3.813654
v 0.151534 1.597103 3.791975
v 0.151608 0.648694 3.948817
v 0.152293 1.601651 3.666616
v 0.161521 1.002492 3.813804
v 0.162283 1.602052 3.666813
vt 0.915558 0.500375
vt 0.865588 0.513533
vt 0.918300 0.521975
vt 0.471399 0.091437
vt 0.471592 0.091451
vt 0.471369 0.091376
vt 0.510148 0.105811
vt 0.509176 0.115526
vt 0.510148 0.115249
vt 0.494398 0.105423
vt 0.494398 0.116289
vt 0.841361 0.090085
vt 0.850717 0.105282
vt 0.851763 0.090085
vt 0.504576 0.071662
vt 0.504571 0.071532
vt 0.504474 0.071615
vt 0.413872 0.059664
vt 0.413996 0.059664
vt 0.413951 0.059553
vt 0.510603 0.105533
vt 0.510729 0.105525
vt 0.510649 0.105426
vt 0.850495 0.106372
vt 0.841230 0.105282
vt 0.841459 0.106372
vt 0.639907 0.532175
vt 0.643793 0.559595
vt 0.638882 0.532304
vt 0.764591 0.288707
vt 0.765359 0.312782
vt 0.763594 0.288606
vt 0.763594 0.288606
vt 0.761994 0.259525
vt 0.764591 0.288707
vt 0.468079 0.114350
vt 0.467850 0.089237
vt 0.468222 0.089193
vt 0.519680 0.099419
vt 0.518446 0.098023
vt 0.518768 0.097779
vt 0.395190 0.080113
vt 0.395100 0.114231
vt 0.394560 0.080077
vt 0.448619 0.118994
vt 0.447093 0.118044
vt 0.447125 0.117704
vt 0.753388 0.452429
vt 0.766978 0.443452
vt 0.766997 0.443624
vt 0.766957 0.495208
vt 0.754280 0.485741
vt 0.766927 0.495155
vt 0.767310 0.495406
vt 0.766499 0.521054
vt 0.766978 0.495278
vt 0.418274 0.080198
vt 0.417462 0.115208
vt 0.417943 0.080130
vt 0.766957 0.495208
vt 0.767310 0.495406
vt 0.766978 0.495278
vt 0.533150 0.122667
vt 0.533492 0.122442
vt 0.533194 0.122715
vt 0.444814 0.088963
vt 0.445101 0.089090
vt 0.444779 0.089036
vt 0.766997 0.443624
vt 0.767319 0.443347
vt 0.767342 0.443520
vt 0.766978 0.495278
vt 0.753070 0.521118
vt 0.754187 0.486015
vt 0.418249 0.080017
vt 0.417883 0.079831
vt 0.418208 0.079901
vt 0.468222 0.089193
vt 0.468484 0.089041
vt 0.468513 0.089103
vt 0.467850 0.089237
vt 0.468194 0.089132
vt 0.468222 0.089193
vt 0.767064 0.521221
vt 0.766814 0.522013
vt 0.766807 0.521109
vt 0.519037 0.122579
vt 0.520271 0.121200
vt 0.519349 0.122839
vt 0.414602 0.069564
vt 0.415511 0.076724
vt 0.414636 0.076620
vt 0.850717 0.105282
vt 0.841361 0.090085
vt 0.851763 0.090085
vt 0.848908 0.170427
vt 0.849193 0.162656
vt 0.849201 0.170744
vt 0.380315 0.071424
vt 0.381024 0.070859
vt 0.381228 0.071494
vt 0.504474 0.071615
vt 0.503951 0.071512
vt 0.504571 0.071532
vt 0.510814 0.115431
vt 0.511302 0.115532
vt 0.510912 0.116331
vt 0.510684 0.115433
vt 0.510903 0.114780
vt 0.510814 0.115431
vt 0.504674 0.071454
vt 0.504603 0.071008
vt 0.504956 0.071272
vt 0.510554 0.115465
vt 0.510721 0.114809
vt 0.510684 0.115433
vt 0.509524 0.071701
vt 0.509494 0.071562
vt 0.509587 0.071578
vt 0.414054 0.059767
vt 0.414491 0.059710
vt 0.414080 0.060461
vt 0.414080 0.060461
vt 0.413917 0.059769
vt 0.414054 0.059767
vt 0.380941 0.062972
vt 0.380220 0.062387
vt 0.381132 0.062328
vt 0.413786 0.059737
vt 0.413888 0.060438
vt 0.413698 0.060408
vt 0.413786 0.059737
vt 0.413928 0.059703
vt 0.413917 0.059769
vt 0.759488 0.399336
vt 0.760227 0.398761
vt 0.760412 0.399408
vt 0.760412 0.399408
vt 0.760349 0.398868
vt 0.760514 0.399494
vt 0.414163 0.069427
vt 0.414602 0.069564
vt 0.414278 0.070315
vt 0.414027 0.069424
vt 0.414175 0.068808
vt 0.414163 0.069427
vt 0.389139 0.061893
vt 0.389274 0.062151
vt 0.388953 0.062547
vt 0.760233 0.390874
vt 0.759495 0.390298
vt 0.760419 0.390241
vt 0.851026 0.069955
vt 0.850959 0.069827
vt 0.851016 0.069815
vt 0.510814 0.105618
vt 0.511302 0.105522
vt 0.510903 0.106301
vt 0.510903 0.106301
vt 0.510684 0.105625
vt 0.510814 0.105618
vt 0.414148 0.058877
vt 0.414364 0.052611
vt 0.414491 0.059710
vt 0.374119 0.062404
vt 0.374266 0.062281
vt 0.374228 0.062406
vt 0.510912 0.104712
vt 0.511196 0.098309
vt 0.511302 0.105522
vt 0.414636 0.076620
vt 0.414278 0.070315
vt 0.414602 0.069564
vt 0.510804 0.098149
vt 0.510825 0.098315
vt 0.510737 0.098273
vt 0.512315 0.122587
vt 0.512067 0.122753
vt 0.512082 0.122611
vt 0.415756 0.076733
vt 0.415529 0.076855
vt 0.415511 0.076724
vt 0.512569 0.062562
vt 0.512796 0.062418
vt 0.512812 0.062545
vt 0.740553 0.322930
vt 0.739776 0.316918
vt 0.740553 0.316409
vt 0.413888 0.060438
vt 0.413794 0.068865
vt 0.413698 0.060408
vt 0.510721 0.114809
vt 0.510545 0.106258
vt 0.510721 0.106284
vt 0.513723 0.063190
vt 0.512812 0.062545
vt 0.513690 0.062535
vt 0.512067 0.122753
vt 0.511196 0.122697
vt 0.512082 0.122611
vt 0.512082 0.098222
vt 0.511302 0.105522
vt 0.511196 0.098309
vt 0.415239 0.052715
vt 0.414491 0.059710
vt 0.414364 0.052611
vt 0.415253 0.052552
vt 0.414407 0.052312
vt 0.415282 0.052416
vt 0.415529 0.076855
vt 0.414636 0.076620
vt 0.415511 0.076724
vt 0.510545 0.114849
vt 0.510148 0.105811
vt 0.510545 0.106258
vt 0.569194 0.400531
vt 0.567125 0.374810
vt 0.569194 0.400531
vt 0.710749 0.197905
vt 0.710189 0.219551
vt 0.710749 0.197905
vt 0.705840 0.731844
vt 0.730461 0.713255
vt 0.716951 0.705160
vt 0.868815 0.536008
vt 0.921531 0.544437
vt 0.509177 0.105616
vt 0.635379 0.504693
vt 0.639907 0.532175
vt 0.638882 0.532304
vt 0.764591 0.288707
vt 0.766340 0.312811
vt 0.765359 0.312782
vt 0.629335 0.450345
vt 0.628297 0.450494
vt 0.626155 0.424345
vt 0.868815 0.536008
vt 0.865588 0.513533
vt 0.918300 0.521975
vt 0.643315 0.698602
vt 0.643221 0.697941
vt 0.687284 0.697806
vt 0.519349 0.122839
vt 0.520271 0.121200
vt 0.532171 0.121053
vt 0.448619 0.118994
vt 0.448637 0.119459
vt 0.447093 0.118044
vt 0.446131 0.116392
vt 0.446274 0.116288
vt 0.446606 0.116685
vt 0.445309 0.114807
vt 0.444779 0.089036
vt 0.445101 0.089090
vt 0.532095 0.099446
vt 0.519680 0.099419
vt 0.518768 0.097779
vt 0.519037 0.122579
vt 0.520102 0.120986
vt 0.520271 0.121200
vt 0.532318 0.120834
vt 0.533441 0.122396
vt 0.533150 0.122667
vt 0.509176 0.115526
vt 0.494398 0.116289
vt 0.494398 0.105423
vt 0.841230 0.105282
vt 0.510814 0.115431
vt 0.510903 0.114780
vt 0.511302 0.115532
vt 0.504674 0.071454
vt 0.504075 0.071396
vt 0.504603 0.071008
vt 0.504674 0.071454
vt 0.504571 0.071532
vt 0.503951 0.071512
vt 0.510554 0.115465
vt 0.510545 0.114849
vt 0.510721 0.114809
vt 0.509377 0.071692
vt 0.509143 0.071715
vt 0.509122 0.071576
vt 0.414054 0.059767
vt 0.414148 0.058877
vt 0.414491 0.059710
vt 0.495391 0.071424
vt 0.495231 0.071239
vt 0.495489 0.070978
vt 0.413786 0.059737
vt 0.413917 0.059769
vt 0.413888 0.060438
vt 0.495391 0.071424
vt 0.495951 0.071369
vt 0.496068 0.071486
vt 0.414163 0.069427
vt 0.414175 0.068808
vt 0.414602 0.069564
vt 0.389139 0.061893
vt 0.389719 0.061692
vt 0.389274 0.062151
vt 0.841699 0.070093
vt 0.841799 0.070033
vt 0.842409 0.070110
vt 0.413896 0.069450
vt 0.413794 0.068865
vt 0.413983 0.068830
vt 0.510554 0.105598
vt 0.510684 0.105625
vt 0.510721 0.106284
vt 0.851026 0.069955
vt 0.850449 0.070088
vt 0.850329 0.069994
vt 0.510814 0.105618
vt 0.510912 0.104712
vt 0.511302 0.105522
vt 0.413983 0.068830
vt 0.413983 0.068830
vt 0.510721 0.114809
vt 0.510721 0.106284
vt 0.510545 0.114849
vt 0.508281 0.071718
vt 0.508257 0.071578
vt 0.509122 0.071576
vt 0.416904 0.059724
vt 0.415239 0.052715
vt 0.415485 0.052732
vt 0.513761 0.115577
vt 0.514237 0.115573
vt 0.512315 0.122587
vt 0.593729 0.704069
vt 0.582594 0.714717
vt 0.583319 0.715435
vt 0.646401 0.997500
vt 0.647518 0.975556
vt 0.639801 0.996793
vt 0.641931 0.768385
vt 0.691756 0.757107
vt 0.642084 0.754042
vt 0.716201 0.829038
vt 0.700207 0.849373
vt 0.717216 0.850389
vt 0.767253 0.920566
vt 0.764988 0.943479
vt 0.765600 0.943572
vt 0.702259 0.927483
vt 0.718458 0.912138
vt 0.702204 0.910336
vt 0.698371 0.733382
vt 0.689062 0.744566
vt 0.702674 0.743524
vt 0.610963 0.881695
vt 0.570607 0.907721
vt 0.613408 0.902216
vt 0.694171 0.772022
vt 0.642264 0.784827
vt 0.696207 0.789111
vt 0.779849 0.074987
vt 0.831230 0.102723
vt 0.833677 0.077983
vt 0.711522 0.742049
vt 0.706713 0.756225
vt 0.716674 0.754941
vt 0.714800 0.808390
vt 0.699144 0.828322
vt 0.597371 0.971697
vt 0.634240 0.962912
vt 0.627630 0.952039
vt 0.628667 0.862354
vt 0.644873 0.843485
vt 0.627480 0.841240
vt 0.723207 0.958312
vt 0.760457 0.963023
vt 0.726325 0.946465
vt 0.646002 0.864472
vt 0.701079 0.870536
vt 0.618460 0.819429
vt 0.625836 0.800691
vt 0.617891 0.799527
vt 0.717898 0.929589
vt 0.729319 0.913457
vt 0.838374 0.284483
vt 0.799825 0.294288
vt 0.836185 0.305537
vt 0.647255 0.885135
vt 0.701771 0.891106
vt 0.619699 0.750001
vt 0.608087 0.762383
vt 0.618279 0.764448
vt 0.628904 0.699149
vt 0.643315 0.698602
vt 0.628740 0.698502
vt 0.661547 0.967710
vt 0.699613 0.962668
vt 0.658730 0.959975
vt 0.743229 0.724378
vt 0.742533 0.725011
vt 0.772111 0.174896
vt 0.828284 0.152976
vt 0.771637 0.151485
vt 0.628574 0.739475
vt 0.626726 0.751467
vt 0.613616 0.735446
vt 0.576117 0.732579
vt 0.610185 0.747656
vt 0.802200 0.305861
vt 0.833312 0.320238
vt 0.975971 0.297098
vt 0.974100 0.309356
vt 0.974957 0.309514
vt 0.766959 0.805039
vt 0.768123 0.828036
vt 0.767860 0.804908
vt 0.630702 0.719910
vt 0.633811 0.723036
vt 0.634814 0.720326
vt 0.729525 0.893624
vt 0.696678 0.721886
vt 0.702362 0.700661
vt 0.692930 0.720233
vt 0.726288 0.808292
vt 0.727721 0.829264
vt 0.566437 0.792648
vt 0.568490 0.771858
vt 0.567713 0.771539
vt 0.987010 0.381685
vt 0.983278 0.369368
vt 0.982456 0.369476
vt 0.705626 0.975438
vt 0.698163 0.969494
vt 0.697215 0.974846
vt 0.731398 0.711826
vt 0.717313 0.704413
vt 0.730998 0.712533
vt 0.569382 0.772115
vt 0.567221 0.792912
vt 0.568126 0.793099
vt 0.836217 0.055088
vt 0.786327 0.031568
vt 0.783464 0.051696
vt 0.717939 0.871809
vt 0.728658 0.850876
vt 0.706073 0.977876
vt 0.709339 0.976950
vt 0.607298 0.818074
vt 0.606938 0.797982
vt 0.566189 0.859208
vt 0.566669 0.836586
vt 0.565868 0.836377
vt 0.687284 0.697806
vt 0.702563 0.699937
vt 0.702692 0.699205
vt 0.625739 0.765824
vt 0.776154 0.100278
vt 0.829336 0.128176
vt 0.593159 0.703256
vt 0.606328 0.698318
vt 0.592681 0.702466
vt 0.692665 0.723256
vt 0.684063 0.726337
vt 0.694267 0.725896
vt 0.699883 0.724419
vt 0.571734 0.751900
vt 0.570859 0.751534
vt 0.625711 0.993792
vt 0.640955 0.970722
vt 0.982167 0.362703
vt 0.981582 0.362894
vt 0.567007 0.859389
vt 0.567602 0.836703
vt 0.663743 0.973913
vt 0.655089 0.977469
vt 0.664653 0.978008
vt 0.625447 0.728637
vt 0.622158 0.737982
vt 0.622121 0.882482
vt 0.620556 0.861454
vt 0.767269 0.828117
vt 0.689658 0.051247
vt 0.715585 0.067879
vt 0.718810 0.045514
vt 0.686350 0.734363
vt 0.753450 0.976535
vt 0.761234 0.963456
vt 0.709156 0.263060
vt 0.663123 0.243132
vt 0.660474 0.266165
vt 0.565864 0.814305
vt 0.566656 0.814535
vt 0.568518 0.883382
vt 0.567510 0.883381
vt 0.767657 0.874347
vt 0.766553 0.897457
vt 0.767347 0.897472
vt 0.944487 0.381745
vt 0.939071 0.370204
vt 0.651057 0.976820
vt 0.652670 0.998020
vt 0.683346 0.723017
vt 0.683172 0.718697
vt 0.710134 0.771491
vt 0.607128 0.779270
vt 0.646404 0.968941
vt 0.646560 0.960539
vt 0.641193 0.961232
vt 0.767091 0.851250
vt 0.766858 0.874375
vt 0.630132 0.883242
vt 0.624258 0.902632
vt 0.642942 0.803113
vt 0.728321 0.931307
vt 0.765844 0.920482
vt 0.608081 0.839049
vt 0.619354 0.840250
vt 0.626821 0.718199
vt 0.621598 0.699183
vt 0.614269 0.699322
vt 0.702765 0.997101
vt 0.697421 0.978392
vt 0.708423 0.971202
vt 0.976586 0.297231
vt 0.626530 0.820500
vt 0.585331 0.952865
vt 0.934527 0.357793
vt 0.980752 0.362956
vt 0.932829 0.351152
vt 0.715723 0.995610
vt 0.721853 0.994299
vt 0.765817 0.781902
vt 0.768555 0.804779
vt 0.766531 0.781718
vt 0.979228 0.349271
vt 0.975582 0.309597
vt 0.643846 0.822833
vt 0.697843 0.808042
vt 0.743872 0.984674
vt 0.754125 0.977032
vt 0.581978 0.714015
vt 0.712824 0.789029
vt 0.567966 0.859467
vt 0.621724 0.938080
vt 0.627235 0.921143
vt 0.616962 0.921250
vt 0.575291 0.732050
vt 0.567575 0.814679
vt 0.664728 0.998532
vt 0.655783 0.950073
vt 0.632054 0.903174
vt 0.648757 0.904698
vt 0.650659 0.974051
vt 0.638022 0.937224
vt 0.650668 0.922352
vt 0.634660 0.921368
vt 0.617769 0.781055
vt 0.606651 0.699080
vt 0.719172 0.967028
vt 0.733261 0.990317
vt 0.643927 0.732140
vt 0.645202 0.724414
vt 0.611225 0.985949
vt 0.724083 0.788533
vt 0.631134 0.937366
vt 0.829647 0.198678
vt 0.778382 0.218372
vt 0.832175 0.220412
vt 0.625518 0.782323
vt 0.653024 0.937584
vt 0.714558 0.973168
vt 0.767957 0.897395
vt 0.762699 0.642745
vt 0.735813 0.633350
vt 0.736503 0.649228
vt 0.761931 0.626547
vt 0.734309 0.588628
vt 0.768272 0.874253
vt 0.767909 0.851197
vt 0.762025 0.691209
vt 0.735173 0.680392
vt 0.734108 0.694869
vt 0.642098 0.950279
vt 0.635913 0.950757
vt 0.566660 0.883255
vt 0.569567 0.907835
vt 0.568696 0.907792
vt 0.575154 0.931470
vt 0.650900 0.968258
vt 0.978398 0.349249
vt 0.654255 0.973923
vt 0.679890 0.105501
vt 0.713742 0.090262
vt 0.682740 0.083946
vt 0.720896 0.770559
vt 0.752624 0.740581
vt 0.714405 0.956080
vt 0.709770 0.702464
vt 0.753445 0.740085
vt 0.761736 0.759408
vt 0.754077 0.739667
vt 0.713312 0.297431
vt 0.667375 0.312811
vt 0.718810 0.307882
vt 0.828322 0.176334
vt 0.774444 0.197050
vt 0.979815 0.349185
vt 0.665913 0.220070
vt 0.709626 0.241298
vt 0.710189 0.219551
vt 0.668705 0.197082
vt 0.710749 0.197905
vt 0.766641 0.920587
vt 0.764185 0.943211
vt 0.618187 0.726165
vt 0.607034 0.699843
vt 0.584435 0.953268
vt 0.687178 0.699183
vt 0.701849 0.942045
vt 0.700925 0.953694
vt 0.628589 0.697822
vt 0.621377 0.698507
vt 0.671502 0.174089
vt 0.674305 0.151085
vt 0.711311 0.176274
vt 0.711879 0.154625
vt 0.988325 0.381101
vt 0.993184 0.392770
vt 0.993645 0.392244
vt 0.736215 0.665051
vt 0.761950 0.675090
vt 0.762539 0.658951
vt 0.643404 0.699220
vt 0.687254 0.698506
vt 0.712444 0.133009
vt 0.623690 0.720065
vt 0.711575 0.964851
vt 0.596631 0.972257
vt 0.583681 0.953443
vt 0.596001 0.972555
vt 0.613974 0.698605
vt 0.621181 0.697806
vt 0.613721 0.697875
vt 0.990422 0.254628
vt 0.997898 0.239382
vt 0.989696 0.254076
vt 0.941722 0.240484
vt 0.997898 0.239382
vt 0.949636 0.225415
vt 0.634984 0.716777
vt 0.630516 0.717157
vt 0.734596 0.538092
vt 0.760705 0.543466
vt 0.762745 0.529478
vt 0.710048 0.701724
vt 0.642783 0.741957
vt 0.645926 0.716910
vt 0.930489 0.337200
vt 0.926116 0.296831
vt 0.764894 0.782121
vt 0.709905 0.282706
vt 0.662033 0.302170
vt 0.574315 0.931529
vt 0.987796 0.381475
vt 0.992451 0.393101
vt 0.983853 0.369119
vt 0.977192 0.290684
vt 0.979492 0.284181
vt 0.978912 0.283951
vt 0.760312 0.551124
vt 0.734483 0.551258
vt 0.734256 0.558682
vt 0.716575 0.944390
vt 0.762745 0.650868
vt 0.736500 0.657177
vt 0.574575 0.731508
vt 0.761819 0.963671
vt 0.729241 0.872534
vt 0.718399 0.892632
vt 0.734103 0.573756
vt 0.760345 0.581464
vt 0.760136 0.566472
vt 0.610671 0.986616
vt 0.760144 0.760034
vt 0.631094 0.730002
vt 0.629139 0.722127
vt 0.768781 0.827932
vt 0.643221 0.697941
vt 0.927136 0.284150
vt 0.976356 0.290450
vt 0.928380 0.277575
vt 0.837898 0.262749
vt 0.795124 0.277278
vt 0.761041 0.759687
vt 0.299215 0.101702
vt 0.299856 0.090486
vt 0.299057 0.090323
vt 0.268662 0.676453
vt 0.290603 0.709727
vt 0.289835 0.675755
vt 0.299125 0.112426
vt 0.289908 0.122839
vt 0.298745 0.121930
vt 0.467608 0.547692
vt 0.442082 0.554097
vt 0.463059 0.566729
vt 0.948455 0.680779
vt 0.950634 0.665747
vt 0.948147 0.665469
vt 0.148157 0.740921
vt 0.119007 0.725515
vt 0.109956 0.735454
vt 0.165015 0.306187
vt 0.108681 0.296880
vt 0.132503 0.332378
vt 0.910713 0.285144
vt 0.907425 0.315302
vt 0.908478 0.315327
vt 0.516692 0.842414
vt 0.511577 0.870659
vt 0.532104 0.845833
vt 0.579286 0.161011
vt 0.636063 0.166623
vt 0.629837 0.150402
vt 0.462132 0.809713
vt 0.449046 0.830890
vt 0.470561 0.819523
vt 0.759709 0.229894
vt 0.723366 0.235173
vt 0.760975 0.259381
vt 0.063576 0.660919
vt 0.051347 0.642009
vt 0.054283 0.664559
vt 0.299876 0.029236
vt 0.298689 0.045523
vt 0.299609 0.045828
vt 0.496343 0.867774
vt 0.496595 0.894691
vt 0.181829 0.337181
vt 0.232390 0.334890
vt 0.226157 0.315704
vt 0.083531 0.722740
vt 0.078314 0.698012
vt 0.068406 0.704594
vt 0.428750 0.734132
vt 0.405687 0.757063
vt 0.427444 0.756787
vt 0.760757 0.230087
vt 0.760975 0.259381
vt 0.761994 0.259525
vt 0.589025 0.011834
vt 0.634091 0.012173
vt 0.639754 0.001468
vt 0.914439 0.355400
vt 0.917463 0.372204
vt 0.918437 0.372433
vt 0.439308 0.656773
vt 0.410048 0.661919
vt 0.423052 0.679152
vt 0.630873 0.477441
vt 0.579328 0.506777
vt 0.634363 0.504832
vt 0.825224 0.875932
vt 0.823618 0.840078
vt 0.813424 0.843207
vt 0.469634 0.525996
vt 0.443993 0.537023
vt 0.917213 0.139616
vt 0.914886 0.191640
vt 0.915998 0.191779
vt 0.976745 0.671837
vt 0.950989 0.680962
vt 0.977740 0.687260
vt 0.787294 0.701641
vt 0.786576 0.735663
vt 0.801433 0.700488
vt 0.840254 0.931070
vt 0.842210 0.903044
vt 0.833484 0.903950
vt 0.078027 0.565576
vt 0.102547 0.585094
vt 0.102328 0.566456
vt 0.084597 0.504045
vt 0.063128 0.517356
vt 0.081241 0.522567
vt 0.550191 0.223445
vt 0.473980 0.230361
vt 0.507596 0.289357
vt 0.060554 0.639333
vt 0.082524 0.651891
vt 0.079347 0.632522
vt 0.859792 0.150574
vt 0.916022 0.139337
vt 0.117190 0.552113
vt 0.117460 0.567313
vt 0.298677 0.062222
vt 0.284383 0.077046
vt 0.298821 0.077432
vt 0.952944 0.587760
vt 0.981036 0.561880
vt 0.954956 0.555898
vt 0.370928 0.362146
vt 0.372105 0.410241
vt 0.388370 0.367627
vt 0.939555 0.723748
vt 0.902405 0.717894
vt 0.899380 0.734261
vt 0.361271 0.745030
vt 0.333735 0.740653
vt 0.333799 0.772114
vt 0.098837 0.683147
vt 0.093501 0.714219
vt 0.114485 0.695162
vt 0.555178 0.563076
vt 0.561278 0.527213
vt 0.554471 0.562918
vt 0.510004 0.913036
vt 0.522050 0.930677
vt 0.524365 0.915547
vt 0.102676 0.548423
vt 0.079123 0.543327
vt 0.749899 0.516237
vt 0.737459 0.526541
vt 0.749557 0.524801
vt 0.909438 0.337123
vt 0.865855 0.364915
vt 0.913444 0.355240
vt 0.086456 0.441491
vt 0.115147 0.441444
vt 0.099480 0.423288
vt 0.051788 0.540284
vt 0.054262 0.515664
vt 0.066576 0.495999
vt 0.057651 0.493052
vt 0.044772 0.466944
vt 0.062176 0.472380
vt 0.723958 0.164498
vt 0.763177 0.177153
vt 0.724935 0.152317
vt 0.103267 0.457383
vt 0.131597 0.459053
vt 0.863877 0.436068
vt 0.858310 0.451340
vt 0.861605 0.452739
vt 0.059183 0.615670
vt 0.078097 0.611068
vt 0.122152 0.612066
vt 0.103413 0.603385
vt 0.105307 0.620535
vt 0.211307 0.278627
vt 0.381669 0.632277
vt 0.372987 0.655305
vt 0.392593 0.642648
vt 0.420347 0.823621
vt 0.434460 0.798835
vt 0.413990 0.803380
vt 0.979029 0.593795
vt 0.951719 0.603949
vt 0.977823 0.610000
vt 0.342861 0.788314
vt 0.303340 0.810460
vt 0.312184 0.819870
vt 0.405480 0.905170
vt 0.395330 0.941320
vt 0.421599 0.923430
vt 0.497458 0.593799
vt 0.476137 0.601582
vt 0.487448 0.612158
vt 0.298792 0.764023
vt 0.284065 0.742005
vt 0.276018 0.762584
vt 0.429585 0.687201
vt 0.458000 0.675216
vt 0.445410 0.663702
vt 0.380367 0.838239
vt 0.361962 0.870558
vt 0.386750 0.860455
vt 0.117337 0.537681
vt 0.103759 0.531576
vt 0.116011 0.649647
vt 0.109168 0.636141
vt 0.644427 0.218364
vt 0.600614 0.181679
vt 0.589791 0.219800
vt 0.335739 0.284762
vt 0.270298 0.252047
vt 0.278379 0.297409
vt 0.813424 0.843207
vt 0.793893 0.805666
vt 0.812992 0.843134
vt 0.462270 0.964670
vt 0.504625 0.997867
vt 0.500939 0.969603
vt 0.366874 0.770598
vt 0.360426 0.957453
vt 0.377671 0.920452
vt 0.340918 0.934653
vt 0.171427 0.791240
vt 0.135893 0.760509
vt 0.120854 0.788290
vt 0.869723 0.573648
vt 0.871429 0.556620
vt 0.868273 0.556133
vt 0.871950 0.619876
vt 0.874516 0.605258
vt 0.871409 0.605128
vt 0.639907 0.532175
vt 0.643793 0.559595
vt 0.644888 0.559447
vt 0.826952 0.520501
vt 0.832978 0.606604
vt 0.844692 0.518770
vt 0.299720 0.077611
vt 0.561390 0.889372
vt 0.558894 0.877978
vt 0.560768 0.889658
vt 0.625604 0.289244
vt 0.579088 0.256822
vt 0.570949 0.290860
vt 0.138341 0.703391
vt 0.129274 0.482194
vt 0.113403 0.488157
vt 0.123121 0.496731
vt 0.077738 0.588452
vt 0.980233 0.536316
vt 0.954070 0.530366
vt 0.625453 0.037233
vt 0.625624 0.050495
vt 0.628465 0.036412
vt 0.037146 0.514215
vt 0.034229 0.540204
vt 0.059346 0.565691
vt 0.060750 0.540887
vt 0.874892 0.627024
vt 0.872443 0.633625
vt 0.875010 0.633850
vt 0.948467 0.618774
vt 0.949191 0.603284
vt 0.261937 0.794296
vt 0.250498 0.761711
vt 0.241381 0.790787
vt 0.949191 0.603284
vt 0.941550 0.616544
vt 0.948467 0.618774
vt 0.877746 0.811401
vt 0.923161 0.838237
vt 0.929843 0.805339
vt 0.633451 0.150053
vt 0.931147 0.577928
vt 0.946305 0.552717
vt 0.934896 0.546755
vt 0.445676 0.293735
vt 0.475752 0.335786
vt 0.913572 0.244054
vt 0.858526 0.202893
vt 0.858864 0.254979
vt 0.873964 0.414281
vt 0.920750 0.431942
vt 0.926481 0.422865
vt 0.514819 0.897850
vt 0.526526 0.875007
vt 0.119493 0.598073
vt 0.510435 0.573161
vt 0.519131 0.604621
vt 0.538542 0.587288
vt 0.490739 0.833401
vt 0.482134 0.862788
vt 0.502639 0.838459
vt 0.119977 0.510591
vt 0.105846 0.516238
vt 0.118178 0.524007
vt 0.854177 0.973259
vt 0.847500 0.986945
vt 0.855086 0.987678
vt 0.632160 0.023040
vt 0.629151 0.024015
vt 0.852298 0.955226
vt 0.847284 0.972204
vt 0.664103 0.522804
vt 0.676871 0.615751
vt 0.678030 0.615786
vt 0.635379 0.504693
vt 0.638882 0.532304
vt 0.093283 0.753726
vt 0.492117 0.658228
vt 0.477345 0.688470
vt 0.477760 0.688666
vt 0.419113 0.594373
vt 0.410227 0.627062
vt 0.428735 0.600935
vt 0.764314 0.177227
vt 0.761281 0.188687
vt 0.762391 0.188848
vt 0.090822 0.329864
vt 0.111532 0.356128
vt 0.444433 0.518777
vt 0.429050 0.531061
vt 0.191289 0.434094
vt 0.162890 0.431878
vt 0.171470 0.441869
vt 0.365105 0.695208
vt 0.383619 0.715141
vt 0.374072 0.690856
vt 0.950444 0.587090
vt 0.942352 0.600577
vt 0.355625 0.698915
vt 0.372240 0.719869
vt 0.129884 0.608385
vt 0.049259 0.387259
vt 0.058857 0.423158
vt 0.074393 0.401100
vt 0.519644 0.944445
vt 0.505857 0.929120
vt 0.502648 0.944688
vt 0.247971 0.652683
vt 0.269505 0.652900
vt 0.941298 0.632709
vt 0.498919 0.475187
vt 0.489570 0.505011
vt 0.500733 0.507385
vt 0.622581 0.051182
vt 0.574658 0.047607
vt 0.571786 0.061589
vt 0.039617 0.694331
vt 0.048473 0.717128
vt 0.557178 0.868242
vt 0.547317 0.852272
vt 0.556552 0.868699
vt 0.844968 0.954480
vt 0.849433 0.935798
vt 0.841271 0.935676
vt 0.032215 0.567095
vt 0.049626 0.591989
vt 0.050236 0.566017
vt 0.416584 0.449824
vt 0.435089 0.460435
vt 0.425214 0.442117
vt 0.428513 0.547034
vt 0.689634 0.675099
vt 0.692456 0.694708
vt 0.693502 0.694869
vt 0.941684 0.666149
vt 0.948147 0.665469
vt 0.293810 0.805076
vt 0.320485 0.766605
vt 0.370600 0.794062
vt 0.347448 0.807597
vt 0.872871 0.573987
vt 0.870621 0.589587
vt 0.873765 0.589797
vt 0.474014 0.644815
vt 0.144889 0.644529
vt 0.142690 0.667097
vt 0.160473 0.648650
vt 0.941745 0.682407
vt 0.948313 0.693935
vt 0.914636 0.244087
vt 0.032200 0.646597
vt 0.034679 0.671091
vt 0.414832 0.847702
vt 0.428060 0.841378
vt 0.926481 0.598240
vt 0.878805 0.998532
vt 0.883392 0.980851
vt 0.875849 0.983865
vt 0.976607 0.656166
vt 0.950485 0.650090
vt 0.331120 0.881707
vt 0.356996 0.847206
vt 0.328634 0.858724
vt 0.443480 0.700181
vt 0.465189 0.714517
vt 0.403069 0.703056
vt 0.382455 0.685917
vt 0.394091 0.709745
vt 0.792207 0.779666
vt 0.794206 0.805178
vt 0.804178 0.800477
vt 0.457632 0.451652
vt 0.440187 0.479656
vt 0.464232 0.476895
vt 0.858075 0.470457
vt 0.861354 0.471724
vt 0.660752 0.436156
vt 0.721054 0.379554
vt 0.665650 0.365481
vt 0.925588 0.582412
vt 0.327091 0.672077
vt 0.334999 0.649476
vt 0.320104 0.651483
vt 0.805549 0.659931
vt 0.818581 0.607661
vt 0.804910 0.659875
vt 0.447185 0.424106
vt 0.218824 0.429226
vt 0.183855 0.421787
vt 0.287685 0.102037
vt 0.285976 0.090323
vt 0.309006 0.741235
vt 0.617450 0.078001
vt 0.619854 0.090460
vt 0.620631 0.077546
vt 0.943755 0.584324
vt 0.952526 0.555259
vt 0.123893 0.526933
vt 0.123610 0.539977
vt 0.879542 0.964335
vt 0.872282 0.967326
vt 0.287729 0.404967
vt 0.321927 0.425296
vt 0.324728 0.404400
vt 0.626155 0.424345
vt 0.573294 0.452409
vt 0.628297 0.450494
vt 0.299630 0.112624
vt 0.859627 0.490861
vt 0.862856 0.491897
vt 0.656615 0.640583
vt 0.652616 0.613686
vt 0.655240 0.640925
vt 0.868231 0.423345
vt 0.916431 0.444661
vt 0.583901 0.534240
vt 0.638882 0.532304
vt 0.876751 0.406249
vt 0.870674 0.412820
vt 0.674470 0.315964
vt 0.664361 0.365686
vt 0.505467 0.622873
vt 0.622872 0.064286
vt 0.662862 0.522874
vt 0.217209 0.675182
vt 0.236670 0.710810
vt 0.244200 0.676196
vt 0.163792 0.671352
vt 0.179549 0.650494
vt 0.299876 0.101877
vt 0.362072 0.641290
vt 0.377916 0.627936
vt 0.358338 0.635412
vt 0.089205 0.487557
vt 0.095079 0.472376
vt 0.049989 0.444918
vt 0.529380 0.959645
vt 0.552330 0.973170
vt 0.533622 0.953043
vt 0.426917 0.642354
vt 0.312001 0.730308
vt 0.115625 0.405027
vt 0.147401 0.410459
vt 0.133289 0.388100
vt 0.140412 0.467119
vt 0.120351 0.473997
vt 0.368149 0.895670
vt 0.462337 0.633719
vt 0.287772 0.425383
vt 0.321399 0.433133
vt 0.819303 0.607588
vt 0.819086 0.659089
vt 0.816740 0.327910
vt 0.827144 0.404163
vt 0.817738 0.327110
vt 0.049948 0.617549
vt 0.731247 0.331210
vt 0.675755 0.315748
vt 0.445083 0.934814
vt 0.424817 0.955429
vt 0.433755 0.125776
vt 0.442887 0.223597
vt 0.472471 0.132277
vt 0.574064 0.144184
vt 0.133486 0.485133
vt 0.127680 0.499868
vt 0.126901 0.660104
vt 0.538740 0.935952
vt 0.562406 0.917576
vt 0.540306 0.916674
vt 0.169803 0.396751
vt 0.873881 0.646868
vt 0.875388 0.640545
vt 0.872977 0.640275
vt 0.834344 0.873758
vt 0.654324 0.668213
vt 0.651830 0.692850
vt 0.655668 0.667801
vt 0.443083 0.499364
vt 0.468277 0.501849
vt 0.569194 0.400531
vt 0.621902 0.373015
vt 0.567125 0.374810
vt 0.396257 0.615908
vt 0.399810 0.619187
vt 0.458635 0.843157
vt 0.480292 0.827140
vt 0.153027 0.637787
vt 0.168469 0.640708
vt 0.865651 0.535375
vt 0.976766 0.640685
vt 0.593828 0.588512
vt 0.588887 0.561514
vt 0.951746 0.529657
vt 0.946577 0.526594
vt 0.620902 0.103613
vt 0.620373 0.118094
vt 0.623796 0.117751
vt 0.401366 0.807055
vt 0.393839 0.833230
vt 0.407457 0.828252
vt 0.635161 0.255661
vt 0.645803 0.218806
vt 0.858075 0.295465
vt 0.858567 0.325117
vt 0.495049 0.439631
vt 0.473795 0.403612
vt 0.481792 0.443341
vt 0.521949 0.434598
vt 0.648495 0.586630
vt 0.598852 0.615468
vt 0.569742 0.128678
vt 0.931468 0.155125
vt 0.926116 0.196249
vt 0.926829 0.196904
vt 0.270392 0.642779
vt 0.287733 0.652756
vt 0.287394 0.642882
vt 0.715669 0.446317
vt 0.285881 0.363176
vt 0.281547 0.320336
vt 0.366068 0.659015
vt 0.091173 0.414590
vt 0.077393 0.434139
vt 0.880900 0.666502
vt 0.908781 0.663343
vt 0.876195 0.647169
vt 0.193949 0.732242
vt 0.170339 0.707533
vt 0.155179 0.730531
vt 0.343776 0.668246
vt 0.341995 0.647880
vt 0.867933 0.879237
vt 0.868000 0.914536
vt 0.871708 0.913951
vt 0.077507 0.458924
vt 0.068275 0.453067
vt 0.624087 0.398714
vt 0.623170 0.372987
vt 0.401094 0.437747
vt 0.622811 0.319347
vt 0.627041 0.289468
vt 0.265339 0.710942
vt 0.287106 0.731841
vt 0.242143 0.371482
vt 0.189293 0.353097
vt 0.201925 0.383368
vt 0.332009 0.641519
vt 0.317786 0.642704
vt 0.352074 0.826745
vt 0.374958 0.816350
vt 0.864940 0.421885
vt 0.133798 0.636419
vt 0.759935 0.205159
vt 0.398893 0.975000
vt 0.002095 0.596792
vt 0.031264 0.620825
vt 0.031287 0.594159
vt 0.627255 0.424221
vt 0.874866 0.620012
vt 0.926350 0.614074
vt 0.109023 0.502013
vt 0.130206 0.425300
vt 0.288948 0.113010
vt 0.409363 0.874823
vt 0.423841 0.866117
vt 0.437349 0.857554
vt 0.473564 0.941249
vt 0.951030 0.694032
vt 0.981036 0.701325
vt 0.201092 0.651517
vt 0.224339 0.652180
vt 0.469597 0.854203
vt 0.488652 0.392472
vt 0.518201 0.370847
vt 0.583339 0.022523
vt 0.188967 0.742461
vt 0.227832 0.642316
vt 0.930799 0.154592
vt 0.942868 0.101909
vt 0.942235 0.101609
vt 0.876363 0.779944
vt 0.886501 0.769082
vt 0.880287 0.766728
vt 0.219117 0.761917
vt 0.211836 0.790591
vt 0.784036 0.760611
vt 0.772633 0.737668
vt 0.771637 0.764116
vt 0.478491 0.891337
vt 0.488598 0.910042
vt 0.088697 0.668663
vt 0.561028 0.431346
vt 0.559172 0.342754
vt 0.452584 0.781265
vt 0.455877 0.796920
vt 0.189545 0.673738
vt 0.123883 0.553452
vt 0.124428 0.567509
vt 0.655257 0.180180
vt 0.633740 0.255318
vt 0.108162 0.395039
vt 0.405813 0.373107
vt 0.420072 0.319897
vt 0.397091 0.370367
vt 0.870397 0.844200
vt 0.920747 0.873264
vt 0.252438 0.426575
vt 0.213326 0.413890
vt 0.093626 0.378713
vt 0.453048 0.763611
vt 0.452747 0.763333
vt 0.225422 0.742819
vt 0.950444 0.587090
vt 0.628297 0.450494
vt 0.631892 0.477290
vt 0.629335 0.450345
vt 0.333913 0.908429
vt 0.071269 0.476730
vt 0.523831 0.964352
vt 0.546004 0.983168
vt 0.389084 0.734189
vt 0.393100 0.759939
vt 0.456666 0.740389
vt 0.455636 0.744859
vt 0.552813 0.973602
vt 0.456045 0.745134
vt 0.524107 0.477589
vt 0.562321 0.484804
vt 0.659471 0.436311
vt 0.118093 0.582944
vt 0.450328 0.988951
vt 0.866659 0.844502
vt 0.864210 0.879692
vt 0.883348 0.963640
vt 0.930658 0.936929
vt 0.877901 0.942910
vt 0.914224 0.461309
vt 0.914030 0.480252
vt 0.204654 0.709558
vt 0.256892 0.742574
vt 0.064310 0.738501
vt 0.018709 0.734571
vt 0.037183 0.759817
vt 0.920185 0.382977
vt 0.444493 0.614185
vt 0.470263 0.595668
vt 0.457515 0.583639
vt 0.491700 0.658088
vt 0.649727 0.586422
vt 0.456486 0.627260
vt 0.069097 0.680140
vt 0.059526 0.685038
vt 0.921993 0.102898
vt 0.923261 0.103292
vt 0.886220 0.781905
vt 0.459593 0.357699
vt 0.430922 0.395334
vt 0.351522 0.665569
vt 0.955149 0.046388
vt 0.974861 0.018914
vt 0.963341 0.014162
vt 0.529555 0.902725
vt 0.528704 0.916145
vt 0.537804 0.990285
vt 0.504768 0.998532
vt 0.538173 0.990872
vt 0.617556 0.103963
vt 0.352828 0.426306
vt 0.144582 0.469971
vt 0.431304 0.323132
vt 0.734228 0.402417
vt 0.748231 0.409011
vt 0.748404 0.400092
vt 0.630873 0.477441
vt 0.313668 0.707522
vt 0.186658 0.641549
vt 0.348781 0.645943
vt 0.358933 0.662464
vt 0.484202 0.583372
vt 0.565864 0.101360
vt 0.616590 0.090845
vt 0.134649 0.620183
vt 0.126647 0.625009
vt 0.947982 0.649696
vt 0.941435 0.649346
vt 0.781671 0.784461
vt 0.761016 0.205369
vt 0.394934 0.280313
vt 0.408840 0.316662
vt 0.420305 0.287024
vt 0.853967 0.401205
vt 0.848565 0.931044
vt 0.735206 0.479706
vt 0.734823 0.449974
vt 0.734237 0.450143
vt 0.735585 0.387680
vt 0.148450 0.358112
vt 0.846341 0.998298
vt 0.180711 0.762162
vt 0.458433 0.226979
vt 0.432990 0.290379
vt 0.563009 0.917526
vt 0.351516 0.433402
vt 0.141901 0.630679
vt 0.748841 0.447963
vt 0.734188 0.422516
vt 0.734823 0.449974
vt 0.309012 0.674323
vt 0.304228 0.652340
vt 0.730314 0.267102
vt 0.874166 0.943577
vt 0.030445 0.412726
vt 0.765359 0.312782
vt 0.764591 0.288707
vt 0.763594 0.288606
vt 0.394742 0.883018
vt 0.400773 0.854213
vt 0.924146 0.565044
vt 0.324204 0.842669
vt 0.430160 0.728784
vt 0.909656 0.285144
vt 0.484759 0.557334
vt 0.477493 0.577831
vt 0.387503 0.727773
vt 0.374643 0.732665
vt 0.333861 0.311497
vt 0.329759 0.359721
vt 0.435664 0.911110
vt 0.456374 0.920852
vt 0.400030 0.722689
vt 0.924499 0.907965
vt 0.568988 0.075288
vt 0.619770 0.064848
vt 0.146330 0.444429
vt 0.155279 0.453005
vt 0.058840 0.590862
vt 0.884319 0.683881
vt 0.878565 0.666199
vt 0.621415 0.319227
vt 0.565864 0.348491
vt 0.620530 0.346713
vt 0.229138 0.732964
vt 0.125986 0.376662
vt 0.910898 0.683622
vt 0.886779 0.684182
vt 0.916663 0.701325
vt 0.499336 0.537250
vt 0.489307 0.533075
vt 0.249495 0.408218
vt 0.439210 0.570402
vt 0.003488 0.568956
vt 0.867670 0.946353
vt 0.861894 0.916685
vt 0.877636 0.055381
vt 0.878276 0.075452
vt 0.878276 0.054940
vt 0.535406 0.885334
vt 0.526309 0.902030
vt 0.462169 0.884647
vt 0.428507 0.498143
vt 0.427411 0.481224
vt 0.424639 0.464732
vt 0.010364 0.514760
vt 0.006370 0.541503
vt 0.805549 0.659931
vt 0.899579 0.718150
vt 0.523853 0.944952
vt 0.001453 0.624561
vt 0.929336 0.594382
vt 0.338739 0.640405
vt 0.951648 0.153976
vt 0.954440 0.101893
vt 0.539069 0.898683
vt 0.467706 0.905920
vt 0.386227 0.413585
vt 0.408823 0.425729
vt 0.890126 0.731276
vt 0.890389 0.756185
vt 0.896261 0.734417
vt 0.520554 0.547065
vt 0.071186 0.778529
vt 0.126883 0.595725
vt 0.539251 0.587112
vt 0.890008 0.769012
vt 0.936269 0.775442
vt 0.938094 0.761908
vt 0.187185 0.228663
vt 0.731247 0.689222
vt 0.729640 0.670477
vt 0.939919 0.748374
vt 0.893797 0.756119
vt 0.390185 0.680450
vt 0.302786 0.642926
vt 0.575834 0.479380
vt 0.440930 0.816464
vt 0.338849 0.229773
vt 0.256432 0.190171
vt 0.336235 0.728323
vt 0.409078 0.781091
vt 0.429851 0.778652
vt 0.125080 0.513786
vt 0.524330 0.514226
vt 0.561985 0.527450
vt 0.563009 0.484969
vt 0.875668 0.403312
vt 0.872282 0.392805
vt 0.072775 0.360317
vt 0.566691 0.088476
vt 0.429076 0.514858
vt 0.869649 0.381984
vt 0.621862 0.346749
vt 0.571196 0.426211
vt 0.040642 0.489846
vt 0.766340 0.157167
vt 0.764889 0.166611
vt 0.766054 0.166601
vt 0.486804 0.475227
vt 0.345309 0.638982
vt 0.351812 0.637302
vt 0.457087 0.740665
vt 0.951011 0.619383
vt 0.014573 0.488932
vt 0.722830 0.181173
vt 0.396613 0.784232
vt 0.357983 0.406896
vt 0.018466 0.463629
vt 0.435033 0.883729
vt 0.449428 0.897801
vt 0.452789 0.781501
vt 0.156014 0.371434
vt 0.003308 0.679578
vt 0.537517 0.891218
vt 0.716729 0.527196
vt 0.526754 0.931536
vt 0.260041 0.732820
vt 0.893567 0.714467
vt 0.379985 0.764443
vt 0.375738 0.739097
vt 0.360385 0.723937
vt 0.008559 0.707225
vt 0.826244 0.404758
vt 0.826140 0.520799
vt 0.958664 0.195501
vt 0.933462 0.222478
vt 0.974861 0.220774
vt 0.721666 0.205383
vt 0.867118 0.113873
vt 0.206427 0.641996
vt 0.781381 0.785061
vt 0.465599 0.714784
vt 0.383562 0.788592
vt 0.360865 0.737855
vt 0.388086 0.811450
vt 0.624646 0.133586
vt 0.874035 0.811565
vt 0.125245 0.581910
vt 0.910464 0.337209
vt 0.922295 0.630538
vt 0.448549 0.872722
vt 0.882613 0.781979
vt 0.748287 0.420377
vt 0.734103 0.411234
vt 0.001428 0.652054
vt 0.022161 0.438229
vt 0.420414 0.894845
vt 0.410296 0.714833
vt 0.402485 0.729577
vt 0.861722 0.346762
vt 0.386377 0.310192
vt 0.736791 0.506983
vt 0.749973 0.505148
vt 0.950642 0.634620
vt 0.947982 0.649696
vt 0.602392 0.669727
vt 0.650556 0.693347
vt 0.602892 0.642549
vt 0.250072 0.642586
vt 0.288324 0.433127
vt 0.566874 0.114519
vt 0.318485 0.830795
vt 0.872146 0.626849
vt 0.578372 0.034367
vt 0.566781 0.320945
vt 0.283527 0.061617
vt 0.456099 0.797036
vt 0.493132 0.562466
vt 0.335382 0.704260
vt 0.749568 0.477878
vt 0.910818 0.655645
vt 0.560062 0.947173
vt 0.411794 0.216832
vt 0.341768 0.152603
vt 0.355444 0.643727
vt 0.628155 0.133236
vt 0.887219 0.980152
vt 0.936069 0.957683
vt 0.948108 0.634107
vt 0.366125 0.428065
vt 0.977128 0.625442
vt 0.480786 0.926028
vt 0.918445 0.639034
vt 0.914330 0.647472
vt 0.862404 0.512728
vt 0.299619 0.062453
vt 0.948108 0.634107
vt 0.954526 0.046424
vt 0.284653 0.031378
vt 0.299036 0.028855
vt 0.559520 0.877596
vt 0.735801 0.479796
vt 0.546435 0.983689
vt 0.735801 0.479796
vt 0.736175 0.506657
vt 0.736791 0.506983
vt 0.278468 0.799395
vt 0.975123 0.296898
vt 0.760153 0.558841
vt 0.734112 0.566238
vt 0.835268 0.241659
vt 0.789374 0.258425
vt 0.978092 0.283673
vt 0.983801 0.269574
vt 0.983023 0.269170
vt 0.710238 0.700981
vt 0.768538 0.851099
vt 0.576159 0.931219
vt 0.783534 0.238833
vt 0.645672 0.721177
vt 0.609278 0.860421
vt 0.997894 0.403312
vt 0.998572 0.402850
vt 0.639601 0.997368
vt 0.717571 0.703667
vt 0.570095 0.751127
vt 0.773149 0.126308
vt 0.743758 0.723793
vt 0.712978 0.111623
vt 0.677108 0.128148
vt 0.977792 0.290857
vt 0.754626 0.977296
vt 0.935111 0.255886
vt 0.930139 0.270665
vt 0.468079 0.114350
vt 0.467850 0.089237
vt 0.467786 0.114425
vt 0.518870 0.104266
vt 0.517208 0.105809
vt 0.518850 0.106074
vt 0.466094 0.089141
vt 0.464499 0.089114
vt 0.466112 0.089201
vt 0.464994 0.116246
vt 0.462657 0.089037
vt 0.463249 0.117182
vt 0.441727 0.116927
vt 0.440897 0.081559
vt 0.441384 0.117629
vt 0.534300 0.101747
vt 0.534429 0.103624
vt 0.534357 0.101720
vt 0.412175 0.119784
vt 0.414212 0.119745
vt 0.414053 0.118749
vt 0.518566 0.121722
vt 0.520102 0.120986
vt 0.519876 0.120281
vt 0.853185 0.116018
vt 0.841557 0.114144
vt 0.841614 0.116018
vt 0.407890 0.121040
vt 0.405667 0.120113
vt 0.405704 0.121129
vt 0.654117 0.176966
vt 0.654200 0.142000
vt 0.654052 0.141916
vt 0.441888 0.081568
vt 0.441324 0.081533
vt 0.421166 0.081733
vt 0.423410 0.117643
vt 0.421398 0.081634
vt 0.753453 0.452304
vt 0.766978 0.443452
vt 0.766951 0.443341
vt 0.490552 0.118347
vt 0.489335 0.118906
vt 0.489346 0.119455
vt 0.491143 0.118160
vt 0.490596 0.118650
vt 0.490629 0.118867
vt 0.491080 0.118002
vt 0.490997 0.117793
vt 0.490524 0.117919
vt 0.764369 0.404125
vt 0.764556 0.403479
vt 0.764414 0.403347
vt 0.491470 0.117322
vt 0.491340 0.117216
vt 0.490948 0.117463
vt 0.486012 0.120577
vt 0.487790 0.120461
vt 0.487782 0.119835
vt 0.397847 0.117268
vt 0.399529 0.117305
vt 0.397830 0.116327
vt 0.654110 0.141210
vt 0.654330 0.140744
vt 0.654184 0.140547
vt 0.654256 0.141352
vt 0.841354 0.110904
vt 0.853036 0.112411
vt 0.852916 0.110904
vt 0.436764 0.121637
vt 0.438402 0.121051
vt 0.438418 0.120728
vt 0.439842 0.119857
vt 0.439845 0.119585
vt 0.475934 0.091358
vt 0.474451 0.091465
vt 0.475937 0.091424
vt 0.485992 0.122148
vt 0.484165 0.122273
vt 0.484142 0.122669
vt 0.486015 0.121768
vt 0.484170 0.121735
vt 0.441358 0.081364
vt 0.441924 0.081399
vt 0.423198 0.081370
vt 0.422616 0.081542
vt 0.423223 0.081549
vt 0.422588 0.081364
vt 0.422106 0.081551
vt 0.424663 0.081423
vt 0.424682 0.081599
vt 0.534160 0.111926
vt 0.532544 0.113767
vt 0.534114 0.114075
vt 0.534112 0.116248
vt 0.532544 0.117465
vt 0.534104 0.118315
vt 0.519783 0.119763
vt 0.518221 0.120342
vt 0.518381 0.121093
vt 0.437589 0.081708
vt 0.439105 0.081735
vt 0.439127 0.081568
vt 0.484967 0.092061
vt 0.532739 0.105893
vt 0.534313 0.107733
vt 0.534367 0.105672
vt 0.475503 0.119426
vt 0.476957 0.119813
vt 0.475504 0.118878
vt 0.440955 0.118305
vt 0.440379 0.081606
vt 0.767302 0.479810
vt 0.766899 0.479618
vt 0.766936 0.480389
vt 0.534310 0.109814
vt 0.534380 0.107729
vt 0.448619 0.118994
vt 0.450507 0.119447
vt 0.448605 0.118366
vt 0.519696 0.119142
vt 0.517966 0.118550
vt 0.766746 0.524767
vt 0.767310 0.526168
vt 0.767034 0.524559
vt 0.534269 0.116267
vt 0.534187 0.118337
vt 0.534254 0.118349
vt 0.534271 0.114083
vt 0.534198 0.116261
vt 0.534030 0.120123
vt 0.534104 0.118315
vt 0.401466 0.118121
vt 0.403609 0.080696
vt 0.401617 0.080675
vt 0.482283 0.121178
vt 0.480436 0.121728
vt 0.482294 0.121894
vt 0.459340 0.121540
vt 0.457097 0.120954
vt 0.457139 0.121777
vt 0.519500 0.099613
vt 0.517961 0.098820
vt 0.519262 0.100248
vt 0.395190 0.080113
vt 0.394596 0.079905
vt 0.394560 0.080077
vt 0.410208 0.121842
vt 0.412407 0.121259
vt 0.412320 0.120938
vt 0.415528 0.117626
vt 0.416339 0.117634
vt 0.416067 0.117102
vt 0.409751 0.080250
vt 0.411841 0.080307
vt 0.411842 0.080127
vt 0.482289 0.122438
vt 0.459397 0.122149
vt 0.457189 0.122395
vt 0.461519 0.121495
vt 0.473184 0.091463
vt 0.472682 0.091549
vt 0.473201 0.091526
vt 0.472662 0.091487
vt 0.472245 0.091558
vt 0.399540 0.119238
vt 0.397928 0.119031
vt 0.399617 0.120387
vt 0.466400 0.116827
vt 0.465036 0.117222
vt 0.465085 0.118037
vt 0.463311 0.118274
vt 0.461458 0.120912
vt 0.459288 0.120729
vt 0.853128 0.114144
vt 0.461398 0.120136
vt 0.459236 0.119685
vt 0.477596 0.091453
vt 0.478634 0.120562
vt 0.533997 0.099429
vt 0.532479 0.100243
vt 0.532554 0.100691
vt 0.457028 0.118640
vt 0.457060 0.119894
vt 0.452641 0.118121
vt 0.450498 0.118523
vt 0.452642 0.119304
vt 0.474384 0.117885
vt 0.429262 0.121930
vt 0.430171 0.081888
vt 0.428247 0.081787
vt 0.490410 0.091705
vt 0.491213 0.117122
vt 0.490885 0.091614
vt 0.434018 0.082003
vt 0.435855 0.081976
vt 0.410067 0.120586
vt 0.407838 0.120037
vt 0.550976 0.068943
vt 0.537317 0.071259
vt 0.550991 0.071259
vt 0.425705 0.120410
vt 0.427408 0.121158
vt 0.425742 0.120136
vt 0.479372 0.091584
vt 0.481226 0.091711
vt 0.479377 0.091520
vt 0.405815 0.122464
vt 0.403720 0.122538
vt 0.405893 0.122839
vt 0.550970 0.066599
vt 0.537294 0.068943
vt 0.403620 0.080524
vt 0.405625 0.080646
vt 0.405635 0.080473
vt 0.767280 0.478916
vt 0.766896 0.478808
vt 0.473598 0.117180
vt 0.471620 0.091512
vt 0.473456 0.117285
vt 0.396607 0.116797
vt 0.396090 0.116742
vt 0.396605 0.117526
vt 0.533150 0.122667
vt 0.520271 0.121200
vt 0.519349 0.122839
vt 0.486775 0.092054
vt 0.488431 0.091953
vt 0.415884 0.118544
vt 0.414315 0.120010
vt 0.412051 0.117842
vt 0.414001 0.117970
vt 0.413961 0.117025
vt 0.434955 0.122589
vt 0.433094 0.122466
vt 0.433078 0.122839
vt 0.532742 0.104123
vt 0.403646 0.122169
vt 0.409757 0.080134
vt 0.411840 0.080010
vt 0.841497 0.123931
vt 0.852955 0.125689
vt 0.853066 0.123931
vt 0.853208 0.117982
vt 0.841637 0.117982
vt 0.476964 0.120439
vt 0.478642 0.121238
vt 0.764383 0.430564
vt 0.764556 0.430481
vt 0.764533 0.430410
vt 0.491507 0.091431
vt 0.491282 0.091455
vt 0.491248 0.091527
vt 0.490918 0.091543
vt 0.533664 0.122020
vt 0.532318 0.120834
vt 0.533441 0.122396
vt 0.654131 0.177129
vt 0.654313 0.177080
vt 0.476956 0.120915
vt 0.475440 0.120140
vt 0.476930 0.121267
vt 0.519680 0.099419
vt 0.518446 0.098023
vt 0.440407 0.081437
vt 0.440928 0.081390
vt 0.435864 0.081811
vt 0.437574 0.081874
vt 0.519083 0.101275
vt 0.517382 0.101786
vt 0.518951 0.102641
vt 0.852774 0.109702
vt 0.483106 0.091894
vt 0.483099 0.091950
vt 0.423853 0.118315
vt 0.409946 0.118481
vt 0.412111 0.118901
vt 0.477599 0.091387
vt 0.401560 0.121471
vt 0.403553 0.120856
vt 0.401479 0.120219
vt 0.537312 0.062039
vt 0.550972 0.064280
vt 0.550983 0.062039
vt 0.424309 0.119143
vt 0.489862 0.091727
vt 0.489834 0.091794
vt 0.490440 0.091635
vt 0.454849 0.119767
vt 0.452654 0.120303
vt 0.454871 0.120812
vt 0.517610 0.114322
vt 0.519390 0.115880
vt 0.519249 0.113961
vt 0.486790 0.091996
vt 0.488452 0.091891
vt 0.454835 0.118531
vt 0.450498 0.117427
vt 0.448587 0.117547
vt 0.533830 0.121522
vt 0.532411 0.120529
vt 0.432110 0.081798
vt 0.430168 0.081717
vt 0.428241 0.081614
vt 0.415593 0.079943
vt 0.413839 0.080202
vt 0.415605 0.080126
vt 0.841275 0.127146
vt 0.841393 0.125689
vt 0.487762 0.121289
vt 0.487785 0.120937
vt 0.486021 0.121253
vt 0.452677 0.121080
vt 0.478613 0.122133
vt 0.480431 0.122265
vt 0.478637 0.121753
vt 0.461275 0.117958
vt 0.458728 0.089119
vt 0.459186 0.118450
vt 0.550983 0.062039
vt 0.551288 0.064274
vt 0.551298 0.062037
vt 0.766519 0.522010
vt 0.753192 0.523009
vt 0.766565 0.522946
vt 0.480426 0.121022
vt 0.401631 0.080503
vt 0.466576 0.117647
vt 0.465146 0.118662
vt 0.465218 0.119124
vt 0.431176 0.122370
vt 0.432109 0.081967
vt 0.395100 0.114231
vt 0.518893 0.107990
vt 0.517329 0.110028
vt 0.518985 0.109971
vt 0.446893 0.089198
vt 0.448594 0.089400
vt 0.448618 0.089334
vt 0.452673 0.089513
vt 0.534114 0.114075
vt 0.534241 0.111928
vt 0.534160 0.111926
vt 0.753118 0.478527
vt 0.766624 0.479696
vt 0.766613 0.478825
vt 0.395223 0.079940
vt 0.394652 0.079793
vt 0.421129 0.081557
vt 0.471871 0.091489
vt 0.471896 0.091549
vt 0.472222 0.091497
vt 0.408018 0.122355
vt 0.415738 0.118370
vt 0.473718 0.117086
vt 0.473977 0.117428
vt 0.397868 0.118044
vt 0.424391 0.118952
vt 0.423739 0.118448
vt 0.423263 0.117717
vt 0.413833 0.080020
vt 0.415572 0.079825
vt 0.413822 0.079903
vt 0.395990 0.114907
vt 0.396320 0.080239
vt 0.395697 0.080169
vt 0.474305 0.118617
vt 0.473732 0.118124
vt 0.474225 0.118833
vt 0.473839 0.117966
vt 0.473320 0.117382
vt 0.474363 0.118314
vt 0.473935 0.117758
vt 0.753265 0.523930
vt 0.753349 0.524830
vt 0.447093 0.118044
vt 0.447125 0.117704
vt 0.642688 0.168249
vt 0.642610 0.142229
vt 0.766657 0.480535
vt 0.753149 0.479399
vt 0.753179 0.480237
vt 0.642662 0.168305
vt 0.753088 0.477621
vt 0.766620 0.477920
vt 0.654110 0.141210
vt 0.642665 0.141524
vt 0.484160 0.121030
vt 0.752871 0.403276
vt 0.764471 0.402596
vt 0.752920 0.402525
vt 0.396563 0.116152
vt 0.396499 0.115339
vt 0.396096 0.115662
vt 0.396164 0.116230
vt 0.395744 0.115303
vt 0.395888 0.115806
vt 0.399527 0.118360
vt 0.440989 0.118491
vt 0.461336 0.119139
vt 0.463373 0.119195
vt 0.466954 0.114902
vt 0.466396 0.115305
vt 0.466889 0.115681
vt 0.467292 0.115349
vt 0.467417 0.114595
vt 0.466383 0.116148
vt 0.466873 0.116276
vt 0.467173 0.115866
vt 0.752828 0.521175
vt 0.753127 0.522073
vt 0.753070 0.521118
vt 0.752891 0.522079
vt 0.416694 0.115487
vt 0.417193 0.116060
vt 0.417462 0.115208
vt 0.448637 0.119459
vt 0.450527 0.120164
vt 0.534235 0.109815
vt 0.450560 0.120704
vt 0.452713 0.121665
vt 0.448665 0.119790
vt 0.766642 0.523867
vt 0.766926 0.523730
vt 0.446485 0.117292
vt 0.767144 0.523526
vt 0.766850 0.522884
vt 0.447134 0.117215
vt 0.446568 0.117060
vt 0.446606 0.116685
vt 0.446131 0.116392
vt 0.396397 0.079952
vt 0.397878 0.080232
vt 0.397916 0.080118
vt 0.399680 0.080393
vt 0.460702 0.088963
vt 0.458734 0.089057
vt 0.551019 0.058083
vt 0.537349 0.059938
vt 0.551001 0.059938
vt 0.766995 0.481124
vt 0.766709 0.481336
vt 0.767150 0.482499
vt 0.766850 0.482804
vt 0.537475 0.056578
vt 0.537403 0.058083
vt 0.447018 0.115689
vt 0.446864 0.089267
vt 0.766997 0.443624
vt 0.753415 0.452363
vt 0.753388 0.452429
vt 0.474442 0.091400
vt 0.482267 0.122839
vt 0.454729 0.089423
vt 0.416344 0.079921
vt 0.416319 0.079803
vt 0.416360 0.080104
vt 0.416988 0.079911
vt 0.416958 0.079793
vt 0.401466 0.119264
vt 0.489352 0.119867
vt 0.447090 0.116533
vt 0.434023 0.081837
vt 0.489344 0.120168
vt 0.408101 0.122725
vt 0.403529 0.119855
vt 0.475482 0.119838
vt 0.537356 0.073479
vt 0.426388 0.081685
vt 0.753557 0.526541
vt 0.767011 0.526478
vt 0.841577 0.121990
vt 0.853148 0.121990
vt 0.853195 0.119988
vt 0.841625 0.119988
vt 0.445564 0.114870
vt 0.445552 0.089139
vt 0.445101 0.089090
vt 0.460701 0.089026
vt 0.462653 0.088975
vt 0.407669 0.080548
vt 0.409746 0.080428
vt 0.416163 0.115785
vt 0.415530 0.116165
vt 0.466776 0.089172
vt 0.534183 0.100073
vt 0.534129 0.100111
vt 0.466796 0.089233
vt 0.467357 0.089187
vt 0.534050 0.099386
vt 0.533831 0.098857
vt 0.534428 0.105663
vt 0.534371 0.103641
vt 0.534367 0.105672
vt 0.436747 0.121989
vt 0.434972 0.122221
vt 0.417883 0.079831
vt 0.417006 0.080095
vt 0.417920 0.079948
vt 0.399661 0.080566
vt 0.454902 0.121624
vt 0.764512 0.404194
vt 0.429244 0.122282
vt 0.431159 0.122738
vt 0.764369 0.404125
vt 0.752828 0.404055
vt 0.397854 0.080405
vt 0.410294 0.122194
vt 0.532640 0.109764
vt 0.532582 0.111771
vt 0.537291 0.064280
vt 0.537285 0.066599
vt 0.754187 0.486015
vt 0.766957 0.495208
vt 0.754230 0.485844
vt 0.766927 0.495155
vt 0.446534 0.116088
vt 0.446412 0.115310
vt 0.446107 0.115775
vt 0.446274 0.116288
vt 0.448568 0.116568
vt 0.484977 0.092006
vt 0.463433 0.119910
vt 0.410004 0.119628
vt 0.415510 0.116979
vt 0.416086 0.116535
vt 0.416548 0.116213
vt 0.416412 0.116706
vt 0.532616 0.101230
vt 0.534300 0.101747
vt 0.534129 0.100111
vt 0.422075 0.081372
vt 0.421362 0.081456
vt 0.407792 0.118838
vt 0.405638 0.118896
vt 0.450583 0.089496
vt 0.766499 0.521054
vt 0.767310 0.495406
vt 0.766978 0.495278
vt 0.418274 0.080198
vt 0.417943 0.080130
vt 0.767283 0.495336
vt 0.533194 0.122715
vt 0.533441 0.122396
vt 0.533150 0.122667
vt 0.444779 0.089036
vt 0.445135 0.089018
vt 0.444814 0.088963
vt 0.533722 0.122064
vt 0.533492 0.122442
vt 0.533895 0.121562
vt 0.533664 0.122020
vt 0.753095 0.452512
vt 0.752828 0.477639
vt 0.767342 0.443520
vt 0.767319 0.443347
vt 0.395588 0.114567
vt 0.463563 0.120835
vt 0.463496 0.120448
vt 0.466694 0.117876
vt 0.465298 0.119453
vt 0.766914 0.477950
vt 0.395729 0.079995
vt 0.396350 0.080065
vt 0.395779 0.079881
vt 0.395277 0.079826
vt 0.446146 0.089200
vt 0.456751 0.089211
vt 0.456743 0.089271
vt 0.534200 0.114080
vt 0.534112 0.116248
vt 0.446177 0.089130
vt 0.445584 0.089068
vt 0.534106 0.120155
vt 0.533950 0.120883
vt 0.534020 0.120919
vt 0.533830 0.121522
vt 0.533950 0.120883
vt 0.532469 0.120122
vt 0.454944 0.122234
vt 0.452764 0.122084
vt 0.454998 0.122672
vt 0.450608 0.121092
vt 0.407677 0.080373
vt 0.405649 0.080359
vt 0.534368 0.109812
vt 0.445926 0.115024
vt 0.399710 0.080280
vt 0.401652 0.080390
vt 0.403637 0.080411
vt 0.416826 0.116866
vt 0.407688 0.080258
vt 0.481220 0.091771
vt 0.551033 0.075469
vt 0.537413 0.075469
vt 0.403518 0.118658
vt 0.459460 0.122587
vt 0.457247 0.122839
vt 0.461584 0.121914
vt 0.464488 0.089052
vt 0.445309 0.114807
vt 0.418249 0.080017
vt 0.418208 0.079901
vt 0.467381 0.089247
vt 0.468513 0.089103
vt 0.468194 0.089132
vt 0.468222 0.089193
vt 0.467824 0.089177
vt 0.533095 0.097779
vt 0.533373 0.098075
vt 0.533416 0.098022
vt 0.533674 0.098361
vt 0.533627 0.098411
vt 0.533882 0.098810
vt 0.532267 0.099633
vt 0.532095 0.099446
vt 0.532389 0.099895
vt 0.642731 0.140860
vt 0.766807 0.521109
vt 0.766814 0.522013
vt 0.767064 0.521221
vt 0.445806 0.115669
vt 0.767048 0.522044
vt 0.767342 0.478179
vt 0.753473 0.440118
vt 0.764404 0.430636
vt 0.764383 0.430564
vt 0.426376 0.081510
vt 0.416518 0.117745
vt 0.753020 0.523796
vt 0.534307 0.111928
vt 0.467251 0.117031
vt 0.467104 0.116871
vt 0.466471 0.117312
vt 0.466961 0.116646
vt 0.752924 0.480080
vt 0.467528 0.116067
vt 0.467337 0.115962
vt 0.752867 0.478498
vt 0.467847 0.115230
vt 0.467602 0.115230
vt 0.532699 0.107789
vt 0.480409 0.122661
vt 0.517615 0.100106
vt 0.519168 0.100715
vt 0.517773 0.099406
vt 0.532507 0.119600
vt 0.534030 0.120123
vt 0.532530 0.118975
vt 0.532539 0.115696
vt 0.517251 0.103730
vt 0.517458 0.112162
vt 0.533057 0.097834
vt 0.534371 0.103641
vt 0.532703 0.102546
vt 0.517240 0.107912
vt 0.427388 0.121482
vt 0.519110 0.111975
vt 0.519537 0.117641
vt 0.517772 0.116495
vt 0.519037 0.122579
vt 0.532171 0.121053
vt 0.850717 0.105282
vt 0.851889 0.106765
vt 0.852442 0.105804
vt 0.844167 0.170924
vt 0.847338 0.170615
vt 0.844348 0.170578
vt 0.842334 0.170658
vt 0.841895 0.161504
vt 0.841906 0.171698
vt 0.512796 0.071718
vt 0.513690 0.071576
vt 0.512812 0.071586
vt 0.509171 0.063216
vt 0.508201 0.064847
vt 0.509074 0.064845
vt 0.502496 0.070320
vt 0.497507 0.071100
vt 0.502381 0.071116
vt 0.494398 0.054963
vt 0.497247 0.070302
vt 0.496669 0.055324
vt 0.502365 0.055343
vt 0.508156 0.069193
vt 0.753335 0.398571
vt 0.758909 0.396990
vt 0.752972 0.396901
vt 0.758913 0.392615
vt 0.752976 0.392559
vt 0.379648 0.064724
vt 0.374080 0.063059
vt 0.373730 0.064723
vt 0.414602 0.069564
vt 0.415511 0.076724
vt 0.417018 0.069757
vt 0.379693 0.069098
vt 0.373776 0.069066
vt 0.504956 0.054998
vt 0.753342 0.390901
vt 0.841230 0.086917
vt 0.843780 0.071726
vt 0.841539 0.071546
vt 0.849054 0.071648
vt 0.851837 0.086761
vt 0.851213 0.071403
vt 0.843942 0.070701
vt 0.847651 0.161744
vt 0.848900 0.162960
vt 0.849193 0.162656
vt 0.849676 0.161601
vt 0.847834 0.160497
vt 0.843760 0.160446
vt 0.848172 0.153815
vt 0.843996 0.153763
vt 0.374161 0.070729
vt 0.842397 0.154119
vt 0.739776 0.316918
vt 0.739244 0.322052
vt 0.739776 0.322522
vt 0.849201 0.170744
vt 0.849687 0.171795
vt 0.843774 0.172795
vt 0.842424 0.178914
vt 0.844024 0.179312
vt 0.513786 0.064855
vt 0.514027 0.069222
vt 0.514027 0.064856
vt 0.509092 0.070899
vt 0.509028 0.069192
vt 0.416904 0.059724
vt 0.512840 0.070919
vt 0.513786 0.069223
vt 0.512901 0.069232
vt 0.843865 0.161696
vt 0.842627 0.162882
vt 0.844035 0.162078
vt 0.842325 0.162570
vt 0.511302 0.115532
vt 0.512082 0.122611
vt 0.513761 0.115577
vt 0.849776 0.154211
vt 0.512901 0.064865
vt 0.848840 0.070629
vt 0.504818 0.070027
vt 0.512840 0.063200
vt 0.513723 0.063190
vt 0.759488 0.399336
vt 0.753502 0.399352
vt 0.759587 0.399469
vt 0.849803 0.179006
vt 0.847848 0.172846
vt 0.848201 0.179364
vt 0.848908 0.170427
vt 0.381024 0.070859
vt 0.380315 0.071424
vt 0.381228 0.071494
vt 0.510649 0.115598
vt 0.510782 0.116436
vt 0.510729 0.115514
vt 0.504474 0.071615
vt 0.503951 0.071512
vt 0.503832 0.071610
vt 0.510814 0.115431
vt 0.510903 0.114780
vt 0.510721 0.114809
vt 0.510684 0.115433
vt 0.504654 0.071718
vt 0.504608 0.071591
vt 0.510912 0.116331
vt 0.504674 0.071454
vt 0.504603 0.071008
vt 0.504075 0.071396
vt 0.504672 0.071582
vt 0.510545 0.114849
vt 0.510554 0.115465
vt 0.841776 0.154264
vt 0.841350 0.161430
vt 0.510950 0.122705
vt 0.510855 0.122801
vt 0.510946 0.122834
vt 0.511184 0.122839
vt 0.511196 0.122697
vt 0.374363 0.071487
vt 0.380436 0.071541
vt 0.374212 0.071363
vt 0.374322 0.071375
vt 0.509587 0.071578
vt 0.509468 0.071656
vt 0.509524 0.071701
vt 0.509365 0.071566
vt 0.509122 0.071576
vt 0.509377 0.071692
vt 0.509494 0.071562
vt 0.509487 0.070901
vt 0.509344 0.070898
vt 0.414054 0.059767
vt 0.414491 0.059710
vt 0.414148 0.058877
vt 0.413996 0.059664
vt 0.413928 0.059703
vt 0.413917 0.059769
vt 0.413888 0.060438
vt 0.414080 0.060461
vt 0.380220 0.062387
vt 0.380941 0.062972
vt 0.381132 0.062328
vt 0.495566 0.071585
vt 0.496068 0.071486
vt 0.495486 0.071502
vt 0.380339 0.062255
vt 0.495391 0.071424
vt 0.495489 0.070978
vt 0.495231 0.071239
vt 0.413698 0.060408
vt 0.413786 0.059737
vt 0.495951 0.071369
vt 0.760227 0.398761
vt 0.760412 0.399408
vt 0.760492 0.399510
vt 0.841795 0.069904
vt 0.841799 0.070033
vt 0.841891 0.069985
vt 0.760349 0.398868
vt 0.414163 0.069427
vt 0.414175 0.068808
vt 0.413983 0.068830
vt 0.414027 0.069424
vt 0.841723 0.069815
vt 0.841764 0.069963
vt 0.759679 0.399566
vt 0.760567 0.399589
vt 0.389139 0.061893
vt 0.389274 0.062151
vt 0.389719 0.061692
vt 0.842287 0.070208
vt 0.841699 0.070093
vt 0.841704 0.069953
vt 0.413794 0.068865
vt 0.413896 0.069450
vt 0.759495 0.390298
vt 0.760233 0.390874
vt 0.760419 0.390241
vt 0.760356 0.390756
vt 0.760522 0.390145
vt 0.510649 0.105426
vt 0.510783 0.104595
vt 0.510682 0.104471
vt 0.510554 0.105598
vt 0.510148 0.105811
vt 0.510545 0.106258
vt 0.510684 0.105625
vt 0.851026 0.069955
vt 0.850959 0.069827
vt 0.850927 0.069898
vt 0.850449 0.070088
vt 0.510814 0.105618
vt 0.511302 0.105522
vt 0.510912 0.104712
vt 0.510729 0.105525
vt 0.510672 0.105565
vt 0.510721 0.106284
vt 0.510903 0.106301
vt 0.414364 0.052611
vt 0.374228 0.062406
vt 0.374177 0.062313
vt 0.374119 0.062404
vt 0.414135 0.052588
vt 0.414382 0.052448
vt 0.414156 0.052441
vt 0.414080 0.052461
vt 0.414038 0.052563
vt 0.374266 0.062281
vt 0.509458 0.062594
vt 0.509424 0.063224
vt 0.509567 0.063235
vt 0.509587 0.062609
vt 0.509563 0.062528
vt 0.509473 0.062487
vt 0.414407 0.052312
vt 0.414173 0.052323
vt 0.512316 0.098207
vt 0.513761 0.105385
vt 0.514238 0.105362
vt 0.753353 0.399226
vt 0.753481 0.399226
vt 0.753403 0.399318
vt 0.414183 0.070404
vt 0.414407 0.076587
vt 0.414278 0.070315
vt 0.513962 0.070906
vt 0.513923 0.071563
vt 0.513671 0.071707
vt 0.513901 0.071683
vt 0.753269 0.399246
vt 0.514075 0.070905
vt 0.511196 0.098309
vt 0.753510 0.390145
vt 0.759595 0.390182
vt 0.753493 0.399435
vt 0.753361 0.399365
vt 0.414431 0.076707
vt 0.414636 0.076620
vt 0.510951 0.098326
vt 0.510825 0.098315
vt 0.510737 0.098273
vt 0.510855 0.098213
vt 0.510804 0.098149
vt 0.753361 0.390267
vt 0.753488 0.390257
vt 0.510947 0.098184
vt 0.513690 0.062535
vt 0.513962 0.063195
vt 0.513923 0.062548
vt 0.514075 0.063202
vt 0.514027 0.062560
vt 0.510921 0.098077
vt 0.511185 0.098152
vt 0.511162 0.098028
vt 0.850408 0.154372
vt 0.512297 0.122716
vt 0.512315 0.122587
vt 0.512376 0.122680
vt 0.512418 0.122586
vt 0.850537 0.154400
vt 0.850267 0.161541
vt 0.850414 0.161562
vt 0.508029 0.071568
vt 0.508221 0.070901
vt 0.507988 0.070900
vt 0.507881 0.070902
vt 0.507930 0.071563
vt 0.850449 0.154164
vt 0.850510 0.154299
vt 0.850564 0.154262
vt 0.508055 0.071695
vt 0.508257 0.071578
vt 0.850418 0.154244
vt 0.380099 0.070773
vt 0.841788 0.154137
vt 0.415708 0.052661
vt 0.415585 0.052610
vt 0.415614 0.052714
vt 0.514237 0.115573
vt 0.514352 0.115580
vt 0.508067 0.063232
vt 0.508350 0.062580
vt 0.508122 0.062600
vt 0.415523 0.052467
vt 0.415253 0.052552
vt 0.415491 0.052586
vt 0.415640 0.052538
vt 0.507960 0.063250
vt 0.380018 0.063047
vt 0.417656 0.059641
vt 0.417542 0.059692
vt 0.415485 0.052732
vt 0.415239 0.052715
vt 0.417508 0.069775
vt 0.415887 0.076729
vt 0.417656 0.069779
vt 0.415981 0.076739
vt 0.415859 0.076817
vt 0.415915 0.076857
vt 0.841815 0.178864
vt 0.841803 0.178748
vt 0.759292 0.398673
vt 0.415756 0.076733
vt 0.415529 0.076855
vt 0.415766 0.076852
vt 0.512418 0.098190
vt 0.514352 0.105333
vt 0.512568 0.071573
vt 0.512587 0.070915
vt 0.512447 0.070909
vt 0.512443 0.071561
vt 0.512470 0.071652
vt 0.512560 0.071694
vt 0.850278 0.171852
vt 0.850564 0.178819
vt 0.850426 0.171819
vt 0.512377 0.098091
vt 0.512298 0.098065
vt 0.512068 0.098065
vt 0.512082 0.098222
vt 0.850445 0.178972
vt 0.850435 0.178855
vt 0.850537 0.178913
vt 0.512569 0.062562
vt 0.512812 0.062545
vt 0.512560 0.062446
vt 0.512470 0.062488
vt 0.512443 0.062576
vt 0.512447 0.063219
vt 0.512587 0.063210
vt 0.502291 0.071467
vt 0.507921 0.069197
vt 0.507966 0.064856
vt 0.380611 0.069154
vt 0.380656 0.064614
vt 0.380564 0.064678
vt 0.502213 0.071585
vt 0.502135 0.071679
vt 0.509330 0.064849
vt 0.509285 0.069194
vt 0.844049 0.070271
vt 0.497724 0.071570
vt 0.497649 0.071452
vt 0.842409 0.070110
vt 0.759948 0.397115
vt 0.759836 0.397049
vt 0.848714 0.070203
vt 0.844127 0.070165
vt 0.849444 0.087064
vt 0.850329 0.069994
vt 0.848637 0.070098
vt 0.759952 0.392496
vt 0.759840 0.392573
vt 0.759298 0.390946
vt 0.740553 0.322930
vt 0.844157 0.162331
vt 0.847491 0.162122
vt 0.389359 0.071094
vt 0.389719 0.071541
vt 0.496167 0.071584
vt 0.497785 0.071665
vt 0.841241 0.171705
vt 0.841230 0.161448
vt 0.417394 0.059723
vt 0.509432 0.069201
vt 0.509477 0.064858
vt 0.374042 0.070721
vt 0.752832 0.392564
vt 0.514142 0.069224
vt 0.514142 0.064861
vt 0.753196 0.398578
vt 0.844006 0.153619
vt 0.512645 0.064870
vt 0.513723 0.070910
vt 0.753202 0.390906
vt 0.373962 0.063050
vt 0.373609 0.064713
vt 0.509143 0.071715
vt 0.508281 0.071718
vt 0.512501 0.064876
vt 0.512645 0.069232
vt 0.507811 0.069204
vt 0.849792 0.154072
vt 0.848189 0.153671
vt 0.507856 0.064870
vt 0.848218 0.179494
vt 0.512501 0.069231
vt 0.842434 0.179040
vt 0.844035 0.179442
vt 0.849820 0.179132
vt 0.508301 0.063219
vt 0.842406 0.153980
vt 0.509216 0.062579
vt 0.512067 0.122753
vt 0.415282 0.052416
vt 0.414657 0.076751
vt 0.841696 0.178708
vt 0.841361 0.171741
vt 0.414051 0.058747
vt 0.843647 0.169322
vt 0.844695 0.169949
vt 0.847232 0.169056
vt 0.847260 0.169981
vt 0.373654 0.069058
vt 0.844164 0.168755
vt 0.735439 0.321440
vt 0.736388 0.318913
vt 0.735439 0.318769
vt 0.734508 0.321672
vt 0.735536 0.322512
vt 0.844687 0.163111
vt 0.844159 0.164186
vt 0.844977 0.163897
vt 0.744441 0.322868
vt 0.743725 0.320064
vt 0.743725 0.323162
vt 0.842845 0.170135
vt 0.842837 0.163087
vt 0.735536 0.317662
vt 0.734508 0.318560
vt 0.736222 0.318087
vt 0.740869 0.316122
vt 0.740869 0.323162
vt 0.385415 0.071541
vt 0.384776 0.070179
vt 0.384535 0.070993
vt 0.847982 0.168803
vt 0.384084 0.069723
vt 0.384776 0.064662
vt 0.384084 0.065230
vt 0.847977 0.164234
vt 0.847227 0.163925
vt 0.844983 0.169028
vt 0.844045 0.171188
vt 0.847405 0.170964
vt 0.843876 0.171570
vt 0.842636 0.170349
vt 0.847661 0.171617
vt 0.847501 0.171231
vt 0.848725 0.170208
vt 0.848717 0.163161
vt 0.384776 0.070179
vt 0.385696 0.064172
vt 0.510148 0.115249
vt 0.734103 0.318437
vt 0.734621 0.317270
vt 0.734225 0.317041
vt 0.847396 0.162371
vt 0.848556 0.169915
vt 0.734103 0.321809
vt 0.734621 0.322922
vt 0.843128 0.169848
vt 0.386098 0.070819
vt 0.386098 0.063888
vt 0.551314 0.059939
vt 0.582594 0.714717
vt 0.593729 0.704069
vt 0.583319 0.715435
vt 0.646401 0.997500
vt 0.647518 0.975556
vt 0.651057 0.976820
vt 0.641931 0.768385
vt 0.691756 0.757107
vt 0.694171 0.772022
vt 0.716201 0.829038
vt 0.700207 0.849373
vt 0.699144 0.828322
vt 0.767253 0.920566
vt 0.764988 0.943479
vt 0.766641 0.920587
vt 0.702259 0.927483
vt 0.718458 0.912138
vt 0.717898 0.929589
vt 0.698371 0.733382
vt 0.689062 0.744566
vt 0.686350 0.734363
vt 0.570607 0.907721
vt 0.610963 0.881695
vt 0.613408 0.902216
vt 0.642264 0.784827
vt 0.696207 0.789111
vt 0.779849 0.074987
vt 0.831230 0.102723
vt 0.776154 0.100278
vt 0.711522 0.742049
vt 0.706713 0.756225
vt 0.702674 0.743524
vt 0.714800 0.808390
vt 0.697843 0.808042
vt 0.634240 0.962912
vt 0.597371 0.971697
vt 0.627630 0.952039
vt 0.644873 0.843485
vt 0.628667 0.862354
vt 0.627480 0.841240
vt 0.760457 0.963023
vt 0.723207 0.958312
vt 0.726325 0.946465
vt 0.646002 0.864472
vt 0.618460 0.819429
vt 0.625836 0.800691
vt 0.626530 0.820500
vt 0.729319 0.913457
vt 0.728321 0.931307
vt 0.799825 0.294288
vt 0.838374 0.284483
vt 0.836185 0.305537
vt 0.701079 0.870536
vt 0.647255 0.885135
vt 0.608087 0.762383
vt 0.619699 0.750001
vt 0.618279 0.764448
vt 0.643315 0.698602
vt 0.628904 0.699149
vt 0.628740 0.698502
vt 0.661547 0.967710
vt 0.699613 0.962668
vt 0.698163 0.969494
vt 0.743229 0.724378
vt 0.730461 0.713255
vt 0.730998 0.712533
vt 0.828284 0.152976
vt 0.772111 0.174896
vt 0.771637 0.151485
vt 0.628574 0.739475
vt 0.626726 0.751467
vt 0.705840 0.731844
vt 0.576117 0.732579
vt 0.613616 0.735446
vt 0.610185 0.747656
vt 0.802200 0.305861
vt 0.833312 0.320238
vt 0.974100 0.309356
vt 0.975971 0.297098
vt 0.974957 0.309514
vt 0.766959 0.805039
vt 0.768123 0.828036
vt 0.767269 0.828117
vt 0.633811 0.723036
vt 0.630702 0.719910
vt 0.634814 0.720326
vt 0.729525 0.893624
vt 0.718399 0.892632
vt 0.696678 0.721886
vt 0.702362 0.700661
vt 0.709770 0.702464
vt 0.726288 0.808292
vt 0.566437 0.792648
vt 0.568490 0.771858
vt 0.567221 0.792912
vt 0.987010 0.381685
vt 0.983278 0.369368
vt 0.987796 0.381475
vt 0.705626 0.975438
vt 0.697215 0.974846
vt 0.731398 0.711826
vt 0.717313 0.704413
vt 0.717571 0.703667
vt 0.569382 0.772115
vt 0.568126 0.793099
vt 0.786327 0.031568
vt 0.836217 0.055088
vt 0.783464 0.051696
vt 0.717939 0.871809
vt 0.728658 0.850876
vt 0.729241 0.872534
vt 0.709339 0.976950
vt 0.706073 0.977876
vt 0.607298 0.818074
vt 0.617891 0.799527
vt 0.566189 0.859208
vt 0.566669 0.836586
vt 0.567007 0.859389
vt 0.702563 0.699937
vt 0.687284 0.697806
vt 0.702692 0.699205
vt 0.625739 0.765824
vt 0.642084 0.754042
vt 0.829336 0.128176
vt 0.773149 0.126308
vt 0.606328 0.698318
vt 0.593159 0.703256
vt 0.592681 0.702466
vt 0.684063 0.726337
vt 0.692665 0.723256
vt 0.694267 0.725896
vt 0.699883 0.724419
vt 0.571734 0.751900
vt 0.570859 0.751534
vt 0.625711 0.993792
vt 0.640955 0.970722
vt 0.983278 0.369368
vt 0.982167 0.362703
vt 0.983853 0.369119
vt 0.567602 0.836703
vt 0.655089 0.977469
vt 0.663743 0.973913
vt 0.664653 0.978008
vt 0.625447 0.728637
vt 0.622158 0.737982
vt 0.622121 0.882482
vt 0.630132 0.883242
vt 0.727721 0.829264
vt 0.689658 0.051247
vt 0.715585 0.067879
vt 0.685967 0.065419
vt 0.753450 0.976535
vt 0.761234 0.963456
vt 0.754125 0.977032
vt 0.663123 0.243132
vt 0.709156 0.263060
vt 0.660474 0.266165
vt 0.565864 0.814305
vt 0.566656 0.814535
vt 0.568518 0.883382
vt 0.567966 0.859467
vt 0.766553 0.897457
vt 0.767657 0.874347
vt 0.767347 0.897472
vt 0.987010 0.381685
vt 0.944487 0.381745
vt 0.939071 0.370204
vt 0.652670 0.998020
vt 0.692930 0.720233
vt 0.683346 0.723017
vt 0.683172 0.718697
vt 0.710134 0.771491
vt 0.607128 0.779270
vt 0.606938 0.797982
vt 0.646404 0.968941
vt 0.646560 0.960539
vt 0.650900 0.968258
vt 0.767091 0.851250
vt 0.767909 0.851197
vt 0.625518 0.782323
vt 0.765844 0.920482
vt 0.608081 0.839049
vt 0.626821 0.718199
vt 0.621598 0.699183
vt 0.630516 0.717157
vt 0.702765 0.997101
vt 0.697421 0.978392
vt 0.708423 0.971202
vt 0.711575 0.964851
vt 0.976586 0.297231
vt 0.975582 0.309597
vt 0.619354 0.840250
vt 0.585331 0.952865
vt 0.621724 0.938080
vt 0.934527 0.357793
vt 0.980752 0.362956
vt 0.982456 0.369476
vt 0.715723 0.995610
vt 0.721853 0.994299
vt 0.768555 0.804779
vt 0.765817 0.781902
vt 0.766531 0.781718
vt 0.979228 0.349271
vt 0.979815 0.349185
vt 0.643846 0.822833
vt 0.980752 0.362956
vt 0.978398 0.349249
vt 0.743872 0.984674
vt 0.620556 0.861454
vt 0.717216 0.850389
vt 0.581978 0.714015
vt 0.712824 0.789029
vt 0.609278 0.860421
vt 0.642942 0.803113
vt 0.627235 0.921143
vt 0.631134 0.937366
vt 0.575291 0.732050
vt 0.567575 0.814679
vt 0.664728 0.998532
vt 0.655783 0.950073
vt 0.658730 0.959975
vt 0.632054 0.903174
vt 0.638022 0.937224
vt 0.650668 0.922352
vt 0.653024 0.937584
vt 0.617769 0.781055
vt 0.606651 0.699080
vt 0.719172 0.967028
vt 0.733261 0.990317
vt 0.714558 0.973168
vt 0.643927 0.732140
vt 0.631094 0.730002
vt 0.716951 0.705160
vt 0.611225 0.985949
vt 0.724083 0.788533
vt 0.645202 0.724414
vt 0.645672 0.721177
vt 0.634660 0.921368
vt 0.778382 0.218372
vt 0.829647 0.198678
vt 0.832175 0.220412
vt 0.567510 0.883381
vt 0.569567 0.907835
vt 0.641193 0.961232
vt 0.767347 0.897472
vt 0.767957 0.897395
vt 0.735813 0.633350
vt 0.762699 0.642745
vt 0.736503 0.649228
vt 0.567713 0.771539
vt 0.570095 0.751127
vt 0.734309 0.588628
vt 0.761931 0.626547
vt 0.768272 0.874253
vt 0.767909 0.851197
vt 0.768538 0.851099
vt 0.762025 0.691209
vt 0.735173 0.680392
vt 0.761950 0.675090
vt 0.642098 0.950279
vt 0.635913 0.950757
vt 0.566660 0.883255
vt 0.648757 0.904698
vt 0.701771 0.891106
vt 0.702204 0.910336
vt 0.575154 0.931470
vt 0.568696 0.907792
vt 0.932829 0.351152
vt 0.978398 0.349249
vt 0.654255 0.973923
vt 0.679890 0.105501
vt 0.713742 0.090262
vt 0.712978 0.111623
vt 0.752624 0.740581
vt 0.720896 0.770559
vt 0.716674 0.754941
vt 0.714405 0.956080
vt 0.761736 0.759408
vt 0.753445 0.740085
vt 0.754077 0.739667
vt 0.667375 0.312811
vt 0.713312 0.297431
vt 0.718810 0.307882
vt 0.828322 0.176334
vt 0.774444 0.197050
vt 0.981582 0.362894
vt 0.650659 0.974051
vt 0.665913 0.220070
vt 0.709626 0.241298
vt 0.668705 0.197082
vt 0.710189 0.219551
vt 0.766641 0.920587
vt 0.764185 0.943211
vt 0.607034 0.699843
vt 0.618187 0.726165
vt 0.742533 0.725011
vt 0.584435 0.953268
vt 0.764988 0.943479
vt 0.687178 0.699183
vt 0.701849 0.942045
vt 0.628589 0.697822
vt 0.621377 0.698507
vt 0.621181 0.697806
vt 0.671502 0.174089
vt 0.710749 0.197905
vt 0.711311 0.176274
vt 0.674305 0.151085
vt 0.711879 0.154625
vt 0.988325 0.381101
vt 0.993184 0.392770
vt 0.987796 0.381475
vt 0.736215 0.665051
vt 0.643404 0.699220
vt 0.687254 0.698506
vt 0.712444 0.133009
vt 0.677108 0.128148
vt 0.623690 0.720065
vt 0.614269 0.699322
vt 0.700925 0.953694
vt 0.596631 0.972257
vt 0.583681 0.953443
vt 0.613974 0.698605
vt 0.613721 0.697875
vt 0.990422 0.254628
vt 0.997898 0.239382
vt 0.998572 0.240084
vt 0.941722 0.240484
vt 0.997898 0.239382
vt 0.989696 0.254076
vt 0.634984 0.716777
vt 0.760705 0.543466
vt 0.734596 0.538092
vt 0.762745 0.529478
vt 0.710048 0.701724
vt 0.645926 0.716910
vt 0.930489 0.337200
vt 0.974100 0.309356
vt 0.662033 0.302170
vt 0.709905 0.282706
vt 0.574315 0.931529
vt 0.992451 0.393101
vt 0.977192 0.290684
vt 0.979492 0.284181
vt 0.977792 0.290857
vt 0.734483 0.551258
vt 0.760312 0.551124
vt 0.734256 0.558682
vt 0.716575 0.944390
vt 0.762745 0.650868
vt 0.574575 0.731508
vt 0.761234 0.963456
vt 0.765600 0.943572
vt 0.761819 0.963671
vt 0.682740 0.083946
vt 0.642783 0.741957
vt 0.734103 0.573756
vt 0.760345 0.581464
vt 0.767657 0.874347
vt 0.624258 0.902632
vt 0.760144 0.760034
vt 0.765817 0.781902
vt 0.764894 0.782121
vt 0.616962 0.921250
vt 0.629139 0.722127
vt 0.767860 0.804908
vt 0.768781 0.827932
vt 0.768123 0.828036
vt 0.767860 0.804908
vt 0.766858 0.874375
vt 0.628740 0.698502
vt 0.927136 0.284150
vt 0.976356 0.290450
vt 0.975123 0.296898
vt 0.837898 0.262749
vt 0.795124 0.277278
vt 0.789374 0.258425
vt 0.761041 0.759687
vt 0.299856 0.090486
vt 0.299215 0.101702
vt 0.299057 0.090323
vt 0.268662 0.676453
vt 0.290603 0.709727
vt 0.265339 0.710942
vt 0.289908 0.122839
vt 0.299125 0.112426
vt 0.298745 0.121930
vt 0.467608 0.547692
vt 0.442082 0.554097
vt 0.443993 0.537023
vt 0.950634 0.665747
vt 0.948455 0.680779
vt 0.948147 0.665469
vt 0.119007 0.725515
vt 0.148157 0.740921
vt 0.109956 0.735454
vt 0.165015 0.306187
vt 0.108681 0.296880
vt 0.138735 0.263526
vt 0.907425 0.315302
vt 0.910713 0.285144
vt 0.908478 0.315327
vt 0.511577 0.870659
vt 0.516692 0.842414
vt 0.532104 0.845833
vt 0.636063 0.166623
vt 0.579286 0.161011
vt 0.629837 0.150402
vt 0.462132 0.809713
vt 0.449046 0.830890
vt 0.440930 0.816464
vt 0.723366 0.235173
vt 0.759709 0.229894
vt 0.760975 0.259381
vt 0.063576 0.660919
vt 0.051347 0.642009
vt 0.060554 0.639333
vt 0.298689 0.045523
vt 0.299876 0.029236
vt 0.299609 0.045828
vt 0.496343 0.867774
vt 0.496595 0.894691
vt 0.478491 0.891337
vt 0.232390 0.334890
vt 0.181829 0.337181
vt 0.226157 0.315704
vt 0.078314 0.698012
vt 0.083531 0.722740
vt 0.068406 0.704594
vt 0.428750 0.734132
vt 0.405687 0.757063
vt 0.402485 0.729577
vt 0.760975 0.259381
vt 0.760757 0.230087
vt 0.589025 0.011834
vt 0.634091 0.012173
vt 0.583339 0.022523
vt 0.917463 0.372204
vt 0.914439 0.355400
vt 0.918437 0.372433
vt 0.410048 0.661919
vt 0.439308 0.656773
vt 0.423052 0.679152
vt 0.579328 0.506777
vt 0.630873 0.477441
vt 0.634363 0.504832
vt 0.825224 0.875932
vt 0.823618 0.840078
vt 0.834344 0.873758
vt 0.469634 0.525996
vt 0.444433 0.518777
vt 0.914886 0.191640
vt 0.917213 0.139616
vt 0.915998 0.191779
vt 0.976745 0.671837
vt 0.950989 0.680962
vt 0.787294 0.701641
vt 0.786576 0.735663
vt 0.772633 0.737668
vt 0.840254 0.931070
vt 0.842210 0.903044
vt 0.848565 0.931044
vt 0.078027 0.565576
vt 0.102547 0.585094
vt 0.077738 0.588452
vt 0.063128 0.517356
vt 0.084597 0.504045
vt 0.081241 0.522567
vt 0.473980 0.230361
vt 0.550191 0.223445
vt 0.507596 0.289357
vt 0.082524 0.651891
vt 0.079347 0.632522
vt 0.859792 0.150574
vt 0.916022 0.139337
vt 0.102328 0.566456
vt 0.117190 0.552113
vt 0.117460 0.567313
vt 0.284383 0.077046
vt 0.298677 0.062222
vt 0.298821 0.077432
vt 0.952944 0.587760
vt 0.981036 0.561880
vt 0.979029 0.593795
vt 0.372105 0.410241
vt 0.370928 0.362146
vt 0.388370 0.367627
vt 0.939555 0.723748
vt 0.902405 0.717894
vt 0.936657 0.704261
vt 0.333799 0.772114
vt 0.333735 0.740653
vt 0.361271 0.745030
vt 0.093501 0.714219
vt 0.098837 0.683147
vt 0.114485 0.695162
vt 0.561278 0.527213
vt 0.555178 0.563076
vt 0.554471 0.562918
vt 0.522050 0.930677
vt 0.510004 0.913036
vt 0.524365 0.915547
vt 0.102676 0.548423
vt 0.737459 0.526541
vt 0.749899 0.516237
vt 0.749557 0.524801
vt 0.865855 0.364915
vt 0.909438 0.337123
vt 0.913444 0.355240
vt 0.086456 0.441491
vt 0.115147 0.441444
vt 0.103267 0.457383
vt 0.051788 0.540284
vt 0.060750 0.540887
vt 0.054262 0.515664
vt 0.066576 0.495999
vt 0.057651 0.493052
vt 0.044772 0.466944
vt 0.062176 0.472380
vt 0.763177 0.177153
vt 0.723958 0.164498
vt 0.724935 0.152317
vt 0.131597 0.459053
vt 0.120351 0.473997
vt 0.858310 0.451340
vt 0.863877 0.436068
vt 0.861605 0.452739
vt 0.059183 0.615670
vt 0.078097 0.611068
vt 0.122152 0.612066
vt 0.103413 0.603385
vt 0.119493 0.598073
vt 0.372987 0.655305
vt 0.381669 0.632277
vt 0.392593 0.642648
vt 0.434460 0.798835
vt 0.420347 0.823621
vt 0.413990 0.803380
vt 0.951719 0.603949
vt 0.303340 0.810460
vt 0.342861 0.788314
vt 0.312184 0.819870
vt 0.405480 0.905170
vt 0.395330 0.941320
vt 0.377671 0.920452
vt 0.476137 0.601582
vt 0.497458 0.593799
vt 0.487448 0.612158
vt 0.298792 0.764023
vt 0.284065 0.742005
vt 0.309006 0.741235
vt 0.458000 0.675216
vt 0.429585 0.687201
vt 0.445410 0.663702
vt 0.361962 0.870558
vt 0.380367 0.838239
vt 0.386750 0.860455
vt 0.117337 0.537681
vt 0.103759 0.531576
vt 0.116011 0.649647
vt 0.088697 0.668663
vt 0.600614 0.181679
vt 0.644427 0.218364
vt 0.589791 0.219800
vt 0.270298 0.252047
vt 0.335739 0.284762
vt 0.278379 0.297409
vt 0.793893 0.805666
vt 0.813424 0.843207
vt 0.812992 0.843134
vt 0.462270 0.964670
vt 0.504625 0.997867
vt 0.450328 0.988951
vt 0.366874 0.770598
vt 0.360426 0.957453
vt 0.135893 0.760509
vt 0.171427 0.791240
vt 0.120854 0.788290
vt 0.869723 0.573648
vt 0.871429 0.556620
vt 0.872871 0.573987
vt 0.871950 0.619876
vt 0.874516 0.605258
vt 0.874866 0.620012
vt 0.826952 0.520501
vt 0.832978 0.606604
vt 0.819303 0.607588
vt 0.211307 0.278627
vt 0.299720 0.077611
vt 0.558894 0.877978
vt 0.561390 0.889372
vt 0.560768 0.889658
vt 0.579088 0.256822
vt 0.625604 0.289244
vt 0.570949 0.290860
vt 0.113403 0.488157
vt 0.129274 0.482194
vt 0.123121 0.496731
vt 0.954956 0.555898
vt 0.980233 0.536316
vt 0.625624 0.050495
vt 0.625453 0.037233
vt 0.628465 0.036412
vt 0.037146 0.514215
vt 0.034229 0.540204
vt 0.059346 0.565691
vt 0.050236 0.566017
vt 0.874892 0.627024
vt 0.872443 0.633625
vt 0.872146 0.626849
vt 0.948467 0.618774
vt 0.949191 0.603284
vt 0.250498 0.761711
vt 0.261937 0.794296
vt 0.241381 0.790787
vt 0.949191 0.603284
vt 0.941550 0.616544
vt 0.942352 0.600577
vt 0.877746 0.811401
vt 0.923161 0.838237
vt 0.870397 0.844200
vt 0.633451 0.150053
vt 0.639754 0.166304
vt 0.946305 0.552717
vt 0.931147 0.577928
vt 0.934896 0.546755
vt 0.445676 0.293735
vt 0.475752 0.335786
vt 0.913572 0.244054
vt 0.858526 0.202893
vt 0.920750 0.431942
vt 0.873964 0.414281
vt 0.926481 0.422865
vt 0.514819 0.897850
vt 0.526526 0.875007
vt 0.118093 0.582944
vt 0.519131 0.604621
vt 0.510435 0.573161
vt 0.538542 0.587288
vt 0.482134 0.862788
vt 0.490739 0.833401
vt 0.502639 0.838459
vt 0.119977 0.510591
vt 0.105846 0.516238
vt 0.109023 0.502013
vt 0.854177 0.973259
vt 0.847500 0.986945
vt 0.847284 0.972204
vt 0.632160 0.023040
vt 0.629151 0.024015
vt 0.852298 0.955226
vt 0.676871 0.615751
vt 0.664103 0.522804
vt 0.678030 0.615786
vt 0.635379 0.504693
vt 0.638882 0.532304
vt 0.634363 0.504832
vt 0.868273 0.556133
vt 0.093283 0.753726
vt 0.071186 0.778529
vt 0.477345 0.688470
vt 0.492117 0.658228
vt 0.477760 0.688666
vt 0.410227 0.627062
vt 0.419113 0.594373
vt 0.428735 0.600935
vt 0.761281 0.188687
vt 0.764314 0.177227
vt 0.762391 0.188848
vt 0.132503 0.332378
vt 0.090822 0.329864
vt 0.429050 0.531061
vt 0.162890 0.431878
vt 0.191289 0.434094
vt 0.171470 0.441869
vt 0.383619 0.715141
vt 0.365105 0.695208
vt 0.374072 0.690856
vt 0.950444 0.587090
vt 0.943755 0.584324
vt 0.372240 0.719869
vt 0.355625 0.698915
vt 0.129884 0.608385
vt 0.049259 0.387259
vt 0.058857 0.423158
vt 0.030445 0.412726
vt 0.505857 0.929120
vt 0.519644 0.944445
vt 0.502648 0.944688
vt 0.247971 0.652683
vt 0.244200 0.676196
vt 0.948467 0.618774
vt 0.941298 0.632709
vt 0.489570 0.505011
vt 0.498919 0.475187
vt 0.500733 0.507385
vt 0.574658 0.047607
vt 0.622581 0.051182
vt 0.571786 0.061589
vt 0.039617 0.694331
vt 0.059526 0.685038
vt 0.547317 0.852272
vt 0.557178 0.868242
vt 0.556552 0.868699
vt 0.844968 0.954480
vt 0.849433 0.935798
vt 0.032215 0.567095
vt 0.049626 0.591989
vt 0.031287 0.594159
vt 0.435089 0.460435
vt 0.416584 0.449824
vt 0.425214 0.442117
vt 0.428513 0.547034
vt 0.693502 0.694869
vt 0.688560 0.674969
vt 0.689634 0.675099
vt 0.948455 0.680779
vt 0.941684 0.666149
vt 0.948147 0.665469
vt 0.293810 0.805076
vt 0.278468 0.799395
vt 0.370600 0.794062
vt 0.870621 0.589587
vt 0.873765 0.589797
vt 0.474014 0.644815
vt 0.462337 0.633719
vt 0.144889 0.644529
vt 0.142690 0.667097
vt 0.126901 0.660104
vt 0.948313 0.693935
vt 0.941745 0.682407
vt 0.032200 0.646597
vt 0.054283 0.664559
vt 0.034679 0.671091
vt 0.414832 0.847702
vt 0.428060 0.841378
vt 0.926481 0.598240
vt 0.926350 0.614074
vt 0.883392 0.980851
vt 0.878805 0.998532
vt 0.875849 0.983865
vt 0.976607 0.656166
vt 0.950485 0.650090
vt 0.331120 0.881707
vt 0.356996 0.847206
vt 0.443480 0.700181
vt 0.477345 0.688470
vt 0.465189 0.714517
vt 0.403069 0.703056
vt 0.382455 0.685917
vt 0.390185 0.680450
vt 0.792207 0.779666
vt 0.794206 0.805178
vt 0.781671 0.784461
vt 0.440187 0.479656
vt 0.457632 0.451652
vt 0.464232 0.476895
vt 0.858075 0.470457
vt 0.861354 0.471724
vt 0.721054 0.379554
vt 0.660752 0.436156
vt 0.665650 0.365481
vt 0.925588 0.582412
vt 0.064310 0.738501
vt 0.327091 0.672077
vt 0.334999 0.649476
vt 0.343776 0.668246
vt 0.805549 0.659931
vt 0.818581 0.607661
vt 0.819303 0.607588
vt 0.447185 0.424106
vt 0.183855 0.421787
vt 0.218824 0.429226
vt 0.287685 0.102037
vt 0.285976 0.090323
vt 0.320485 0.766605
vt 0.619854 0.090460
vt 0.617450 0.078001
vt 0.620631 0.077546
vt 0.952526 0.555259
vt 0.123893 0.526933
vt 0.123610 0.539977
vt 0.879542 0.964335
vt 0.872282 0.967326
vt 0.321927 0.425296
vt 0.287729 0.404967
vt 0.324728 0.404400
vt 0.626155 0.424345
vt 0.573294 0.452409
vt 0.571196 0.426211
vt 0.298745 0.121930
vt 0.299630 0.112624
vt 0.299071 0.122141
vt 0.859627 0.490861
vt 0.656615 0.640583
vt 0.652616 0.613686
vt 0.653961 0.613407
vt 0.868231 0.423345
vt 0.916431 0.444661
vt 0.583901 0.534240
vt 0.876751 0.406249
vt 0.870674 0.412820
vt 0.664361 0.365686
vt 0.675755 0.315748
vt 0.505467 0.622873
vt 0.622872 0.064286
vt 0.619770 0.064848
vt 0.662862 0.522874
vt 0.217209 0.675182
vt 0.236670 0.710810
vt 0.204654 0.709558
vt 0.160473 0.648650
vt 0.163792 0.671352
vt 0.299215 0.101702
vt 0.299125 0.112426
vt 0.377916 0.627936
vt 0.362072 0.641290
vt 0.358338 0.635412
vt 0.089205 0.487557
vt 0.095079 0.472376
vt 0.049989 0.444918
vt 0.529380 0.959645
vt 0.552330 0.973170
vt 0.546004 0.983168
vt 0.426917 0.642354
vt 0.444493 0.614185
vt 0.312001 0.730308
vt 0.336235 0.728323
vt 0.115625 0.405027
vt 0.147401 0.410459
vt 0.130206 0.425300
vt 0.140412 0.467119
vt 0.368149 0.895670
vt 0.340918 0.934653
vt 0.333913 0.908429
vt 0.321399 0.433133
vt 0.287772 0.425383
vt 0.819086 0.659089
vt 0.816740 0.327910
vt 0.827144 0.404163
vt 0.826244 0.404758
vt 0.049948 0.617549
vt 0.731247 0.331210
vt 0.445083 0.934814
vt 0.424817 0.955429
vt 0.442887 0.223597
vt 0.433755 0.125776
vt 0.472471 0.132277
vt 0.574064 0.144184
vt 0.624646 0.133586
vt 0.133486 0.485133
vt 0.127680 0.499868
vt 0.538740 0.935952
vt 0.562406 0.917576
vt 0.560062 0.947173
vt 0.133289 0.388100
vt 0.169803 0.396751
vt 0.875388 0.640545
vt 0.873881 0.646868
vt 0.872977 0.640275
vt 0.833484 0.903950
vt 0.654324 0.668213
vt 0.651830 0.692850
vt 0.650556 0.693347
vt 0.443083 0.499364
vt 0.468277 0.501849
vt 0.621902 0.373015
vt 0.569194 0.400531
vt 0.567125 0.374810
vt 0.396257 0.615908
vt 0.399810 0.619187
vt 0.470561 0.819523
vt 0.458635 0.843157
vt 0.153027 0.637787
vt 0.865651 0.535375
vt 0.862404 0.512728
vt 0.844692 0.518770
vt 0.976766 0.640685
vt 0.950642 0.634620
vt 0.643793 0.559595
vt 0.593828 0.588512
vt 0.588887 0.561514
vt 0.951746 0.529657
vt 0.620902 0.103613
vt 0.620373 0.118094
vt 0.617556 0.103963
vt 0.407457 0.828252
vt 0.388086 0.811450
vt 0.401366 0.807055
vt 0.635161 0.255661
vt 0.633740 0.255318
vt 0.858075 0.295465
vt 0.909656 0.285144
vt 0.495049 0.439631
vt 0.473795 0.403612
vt 0.488652 0.392472
vt 0.521949 0.434598
vt 0.524107 0.477589
vt 0.648495 0.586630
vt 0.598852 0.615468
vt 0.168469 0.640708
vt 0.179549 0.650494
vt 0.926829 0.196904
vt 0.930799 0.154592
vt 0.931468 0.155125
vt 0.287733 0.652756
vt 0.270392 0.642779
vt 0.287394 0.642882
vt 0.715669 0.446317
vt 0.716729 0.527196
vt 0.285881 0.363176
vt 0.242143 0.371482
vt 0.366068 0.659015
vt 0.091173 0.414590
vt 0.077393 0.434139
vt 0.908781 0.663343
vt 0.880900 0.666502
vt 0.876195 0.647169
vt 0.193949 0.732242
vt 0.170339 0.707533
vt 0.341995 0.647880
vt 0.871708 0.913951
vt 0.864210 0.879692
vt 0.867933 0.879237
vt 0.077507 0.458924
vt 0.068275 0.453067
vt 0.625276 0.398634
vt 0.624087 0.398714
vt 0.401094 0.437747
vt 0.622811 0.319347
vt 0.627041 0.289468
vt 0.287106 0.731841
vt 0.260041 0.732820
vt 0.189293 0.353097
vt 0.201925 0.383368
vt 0.320104 0.651483
vt 0.332009 0.641519
vt 0.352074 0.826745
vt 0.374958 0.816350
vt 0.864940 0.421885
vt 0.133798 0.636419
vt 0.759935 0.205159
vt 0.398893 0.975000
vt 0.002095 0.596792
vt 0.031264 0.620825
vt 0.001453 0.624561
vt 0.627255 0.424221
vt 0.148450 0.358112
vt 0.099480 0.423288
vt 0.288948 0.113010
vt 0.105307 0.620535
vt 0.409363 0.874823
vt 0.423841 0.866117
vt 0.437349 0.857554
vt 0.289835 0.675755
vt 0.269505 0.652900
vt 0.473564 0.941249
vt 0.500939 0.969603
vt 0.951030 0.694032
vt 0.981036 0.701325
vt 0.201092 0.651517
vt 0.224339 0.652180
vt 0.469597 0.854203
vt 0.480292 0.827140
vt 0.155179 0.730531
vt 0.188967 0.742461
vt 0.227832 0.642316
vt 0.250072 0.642586
vt 0.942868 0.101909
vt 0.886501 0.769082
vt 0.876363 0.779944
vt 0.880287 0.766728
vt 0.219117 0.761917
vt 0.211836 0.790591
vt 0.784036 0.760611
vt 0.771637 0.764116
vt 0.488598 0.910042
vt 0.069097 0.680140
vt 0.561028 0.431346
vt 0.518201 0.370847
vt 0.559172 0.342754
vt 0.452584 0.781265
vt 0.455877 0.796920
vt 0.189545 0.673738
vt 0.123883 0.553452
vt 0.645803 0.218806
vt 0.655257 0.180180
vt 0.656615 0.180661
vt 0.108162 0.395039
vt 0.420072 0.319897
vt 0.405813 0.373107
vt 0.397091 0.370367
vt 0.920747 0.873264
vt 0.213326 0.413890
vt 0.252438 0.426575
vt 0.093626 0.378713
vt 0.072775 0.360317
vt 0.452584 0.781265
vt 0.453048 0.763611
vt 0.452789 0.781501
vt 0.225422 0.742819
vt 0.950444 0.587090
vt 0.631892 0.477290
vt 0.071269 0.476730
vt 0.523831 0.964352
vt 0.537804 0.990285
vt 0.638882 0.532304
vt 0.389084 0.734189
vt 0.393100 0.759939
vt 0.456666 0.740389
vt 0.430160 0.728784
vt 0.552813 0.973602
vt 0.546004 0.983168
vt 0.552330 0.973170
vt 0.456045 0.745134
vt 0.452747 0.763333
vt 0.455636 0.744859
vt 0.659471 0.436311
vt 0.866659 0.844502
vt 0.930658 0.936929
vt 0.883348 0.963640
vt 0.877901 0.942910
vt 0.914224 0.461309
vt 0.914030 0.480252
vt 0.276018 0.762584
vt 0.256892 0.742574
vt 0.018709 0.734571
vt 0.037183 0.759817
vt 0.079123 0.543327
vt 0.920185 0.382977
vt 0.921152 0.383254
vt 0.470263 0.595668
vt 0.456486 0.627260
vt 0.491700 0.658088
vt 0.649727 0.586422
vt 0.921993 0.102898
vt 0.929843 0.805339
vt 0.886220 0.781905
vt 0.936269 0.775442
vt 0.459593 0.357699
vt 0.430922 0.395334
vt 0.074393 0.401100
vt 0.351522 0.665569
vt 0.974861 0.018914
vt 0.955149 0.046388
vt 0.963341 0.014162
vt 0.540306 0.916674
vt 0.529555 0.902725
vt 0.539069 0.898683
vt 0.504768 0.998532
vt 0.537804 0.990285
vt 0.538173 0.990872
vt 0.352828 0.426306
vt 0.357983 0.406896
vt 0.144582 0.469971
vt 0.431304 0.323132
vt 0.748231 0.409011
vt 0.734228 0.402417
vt 0.748404 0.400092
vt 0.630873 0.477441
vt 0.186658 0.641549
vt 0.348781 0.645943
vt 0.484202 0.583372
vt 0.565864 0.101360
vt 0.566874 0.114519
vt 0.134649 0.620183
vt 0.947982 0.649696
vt 0.761016 0.205369
vt 0.759709 0.229894
vt 0.408840 0.316662
vt 0.394934 0.280313
vt 0.420305 0.287024
vt 0.853967 0.401205
vt 0.817738 0.327110
vt 0.855220 0.323175
vt 0.841271 0.935676
vt 0.138341 0.703391
vt 0.921531 0.544437
vt 0.734823 0.449974
vt 0.735206 0.479706
vt 0.734237 0.450143
vt 0.735585 0.387680
vt 0.749973 0.385008
vt 0.111532 0.356128
vt 0.125986 0.376662
vt 0.855086 0.987678
vt 0.846341 0.998298
vt 0.180711 0.762162
vt 0.458433 0.226979
vt 0.432990 0.290379
vt 0.563009 0.917526
vt 0.351516 0.433402
vt 0.141901 0.630679
vt 0.748841 0.447963
vt 0.734188 0.422516
vt 0.748287 0.420377
vt 0.309012 0.674323
vt 0.304228 0.652340
vt 0.730314 0.267102
vt 0.874166 0.943577
vt 0.022161 0.438229
vt 0.156014 0.371434
vt 0.394742 0.883018
vt 0.400773 0.854213
vt 0.924146 0.565044
vt 0.328634 0.858724
vt 0.324204 0.842669
vt 0.858864 0.254979
vt 0.463059 0.566729
vt 0.484759 0.557334
vt 0.477493 0.577831
vt 0.387503 0.727773
vt 0.374643 0.732665
vt 0.333861 0.311497
vt 0.386377 0.310192
vt 0.435664 0.911110
vt 0.421599 0.923430
vt 0.400030 0.722689
vt 0.924499 0.907965
vt 0.568988 0.075288
vt 0.566691 0.088476
vt 0.146330 0.444429
vt 0.884319 0.683881
vt 0.886779 0.684182
vt 0.058840 0.590862
vt 0.621415 0.319227
vt 0.565864 0.348491
vt 0.566781 0.320945
vt 0.655240 0.640925
vt 0.655668 0.667801
vt 0.229138 0.732964
vt 0.910898 0.683622
vt 0.916663 0.701325
vt 0.499336 0.537250
vt 0.493132 0.562466
vt 0.439210 0.570402
vt 0.457515 0.583639
vt 0.003488 0.568956
vt 0.867670 0.946353
vt 0.868000 0.914536
vt 0.878276 0.075452
vt 0.877636 0.055381
vt 0.878276 0.054940
vt 0.489307 0.533075
vt 0.394091 0.709745
vt 0.109168 0.636141
vt 0.456374 0.920852
vt 0.535406 0.885334
vt 0.462169 0.884647
vt 0.448549 0.872722
vt 0.428507 0.498143
vt 0.427411 0.481224
vt 0.424639 0.464732
vt 0.010364 0.514760
vt 0.006370 0.541503
vt 0.805549 0.659931
vt 0.801433 0.700488
vt 0.899380 0.734261
vt 0.899579 0.718150
vt 0.118178 0.524007
vt 0.523853 0.944952
vt 0.533622 0.953043
vt 0.929336 0.594382
vt 0.126647 0.625009
vt 0.338739 0.640405
vt 0.942868 0.101909
vt 0.951648 0.153976
vt 0.931468 0.155125
vt 0.560768 0.889658
vt 0.467706 0.905920
vt 0.386227 0.413585
vt 0.379421 0.429823
vt 0.629335 0.450345
vt 0.896261 0.734417
vt 0.884212 0.753511
vt 0.890126 0.731276
vt 0.954440 0.101893
vt 0.965226 0.049040
vt 0.620530 0.346713
vt 0.561278 0.527213
vt 0.520554 0.547065
vt 0.524330 0.514226
vt 0.126883 0.595725
vt 0.125245 0.581910
vt 0.539251 0.587112
vt 0.538542 0.587288
vt 0.890008 0.769012
vt 0.187185 0.228663
vt 0.731247 0.689222
vt 0.347448 0.807597
vt 0.939919 0.748374
vt 0.358933 0.662464
vt 0.302786 0.642926
vt 0.628297 0.450494
vt 0.575834 0.479380
vt 0.408823 0.425729
vt 0.861894 0.916685
vt 0.858075 0.880853
vt 0.338849 0.229773
vt 0.256432 0.190171
vt 0.341768 0.152603
vt 0.313668 0.707522
vt 0.335382 0.704260
vt 0.420414 0.894845
vt 0.427444 0.756787
vt 0.409078 0.781091
vt 0.882613 0.781979
vt 0.125080 0.513786
vt 0.481792 0.443341
vt 0.281547 0.320336
vt 0.561985 0.527450
vt 0.562321 0.484804
vt 0.563009 0.484969
vt 0.875668 0.403312
vt 0.920185 0.382977
vt 0.923261 0.393535
vt 0.616590 0.090845
vt 0.429076 0.514858
vt 0.872282 0.392805
vt 0.917463 0.372204
vt 0.915558 0.500375
vt 0.862856 0.491897
vt 0.623170 0.372987
vt 0.621862 0.346749
vt 0.040642 0.489846
vt 0.766340 0.157167
vt 0.764889 0.166611
vt 0.765152 0.157238
vt 0.486804 0.475227
vt 0.345309 0.638982
vt 0.351812 0.637302
vt 0.457087 0.740665
vt 0.456666 0.740389
vt 0.977823 0.610000
vt 0.951011 0.619383
vt 0.014573 0.488932
vt 0.761281 0.188687
vt 0.722830 0.181173
vt 0.329759 0.359721
vt 0.871409 0.605128
vt 0.018466 0.463629
vt 0.435033 0.883729
vt 0.449428 0.897801
vt 0.455877 0.796920
vt 0.954070 0.530366
vt 0.003308 0.679578
vt 0.537517 0.891218
vt 0.526309 0.902030
vt 0.724817 0.614242
vt 0.528704 0.916145
vt 0.526754 0.931536
vt 0.893567 0.714467
vt 0.379985 0.764443
vt 0.455636 0.744859
vt 0.452747 0.763333
vt 0.360385 0.723937
vt 0.360865 0.737855
vt 0.008559 0.707225
vt 0.048473 0.717128
vt 0.958664 0.195501
vt 0.933462 0.222478
vt 0.926829 0.196904
vt 0.759935 0.205159
vt 0.721666 0.205383
vt 0.893797 0.756119
vt 0.890389 0.756185
vt 0.867118 0.113873
vt 0.206427 0.641996
vt 0.393839 0.833230
vt 0.396613 0.784232
vt 0.781381 0.785061
vt 0.794206 0.805178
vt 0.465189 0.714517
vt 0.375738 0.739097
vt 0.383562 0.788592
vt 0.623796 0.117751
vt 0.628155 0.133236
vt 0.874035 0.811565
vt 0.124428 0.567509
vt 0.249495 0.408218
vt 0.910464 0.337209
vt 0.644888 0.559447
vt 0.922295 0.630538
vt 0.429851 0.778652
vt 0.734103 0.411234
vt 0.001428 0.652054
vt 0.410296 0.714833
vt 0.465599 0.714784
vt 0.858567 0.325117
vt 0.736791 0.506983
vt 0.749973 0.505148
vt 0.947982 0.649696
vt 0.948108 0.634107
vt 0.602392 0.669727
vt 0.597434 0.694869
vt 0.602892 0.642549
vt 0.878565 0.666199
vt 0.288324 0.433127
vt 0.914636 0.244087
vt 0.569742 0.128678
vt 0.318485 0.830795
vt 0.813424 0.843207
vt 0.804178 0.800477
vt 0.578372 0.034367
vt 0.283527 0.061617
vt 0.283585 0.045708
vt 0.456099 0.797036
vt 0.462132 0.809713
vt 0.317786 0.642704
vt 0.826140 0.520799
vt 0.749568 0.477878
vt 0.734823 0.449974
vt 0.910818 0.655645
vt 0.411794 0.216832
vt 0.558894 0.877978
vt 0.355444 0.643727
vt 0.936069 0.957683
vt 0.887219 0.980152
vt 0.366125 0.428065
vt 0.155279 0.453005
vt 0.977128 0.625442
vt 0.480786 0.926028
vt 0.764889 0.166611
vt 0.725985 0.141286
vt 0.875010 0.633850
vt 0.918445 0.639034
vt 0.914330 0.647472
vt 0.562321 0.484804
vt 0.948108 0.634107
vt 0.941435 0.649346
vt 0.942235 0.101609
vt 0.955149 0.046388
vt 0.284653 0.031378
vt 0.559520 0.877596
vt 0.299619 0.062453
vt 0.763177 0.177153
vt 0.766054 0.166601
vt 0.735801 0.479796
vt 0.546435 0.983689
vt 0.869649 0.381984
vt 0.736175 0.506657
vt 0.735801 0.479796
vt 0.736791 0.506983
vt 0.753445 0.740085
vt 0.926116 0.296831
vt 0.760153 0.558841
vt 0.734112 0.566238
vt 0.835268 0.241659
vt 0.783534 0.238833
vt 0.983023 0.269170
vt 0.978912 0.283951
vt 0.978092 0.283673
vt 0.610671 0.986616
vt 0.710238 0.700981
vt 0.576159 0.931219
vt 0.761041 0.759687
vt 0.982456 0.369476
vt 0.833677 0.077983
vt 0.975123 0.296898
vt 0.976356 0.290450
vt 0.736500 0.657177
vt 0.762539 0.658951
vt 0.659471 0.286858
vt 0.989696 0.254076
vt 0.983801 0.269574
vt 0.997894 0.403312
vt 0.993184 0.392770
vt 0.998572 0.402850
vt 0.983023 0.269170
vt 0.639601 0.997368
vt 0.639801 0.996793
vt 0.621377 0.698507
vt 0.565868 0.836377
vt 0.743758 0.723793
vt 0.730998 0.712533
vt 0.743229 0.724378
vt 0.754125 0.977032
vt 0.760136 0.566472
vt 0.978092 0.283673
vt 0.928380 0.277575
vt 0.930139 0.270665
vt 0.935111 0.255886
vt 0.517208 0.105809
vt 0.518870 0.104266
vt 0.518850 0.106074
vt 0.464499 0.089114
vt 0.466094 0.089141
vt 0.466112 0.089201
vt 0.462657 0.089037
vt 0.464994 0.116246
vt 0.463249 0.117182
vt 0.441727 0.116927
vt 0.440897 0.081559
vt 0.441324 0.081533
vt 0.534300 0.101747
vt 0.534429 0.103624
vt 0.534371 0.103641
vt 0.412175 0.119784
vt 0.414212 0.119745
vt 0.412320 0.120938
vt 0.518566 0.121722
vt 0.519876 0.120281
vt 0.841557 0.114144
vt 0.853185 0.116018
vt 0.841614 0.116018
vt 0.405667 0.120113
vt 0.407890 0.121040
vt 0.405704 0.121129
vt 0.654117 0.176966
vt 0.654200 0.142000
vt 0.654313 0.177080
vt 0.441888 0.081568
vt 0.423410 0.117643
vt 0.421166 0.081733
vt 0.421398 0.081634
vt 0.766951 0.443341
vt 0.753415 0.452363
vt 0.753453 0.452304
vt 0.489335 0.118906
vt 0.490552 0.118347
vt 0.489346 0.119455
vt 0.490596 0.118650
vt 0.491143 0.118160
vt 0.490629 0.118867
vt 0.491080 0.118002
vt 0.490524 0.117919
vt 0.490997 0.117793
vt 0.764414 0.403347
vt 0.764512 0.404194
vt 0.764369 0.404125
vt 0.491470 0.117322
vt 0.490948 0.117463
vt 0.491340 0.117216
vt 0.486012 0.120577
vt 0.487790 0.120461
vt 0.486021 0.121253
vt 0.397847 0.117268
vt 0.399529 0.117305
vt 0.399527 0.118360
vt 0.654330 0.140744
vt 0.654110 0.141210
vt 0.654184 0.140547
vt 0.654256 0.141352
vt 0.654052 0.141916
vt 0.852916 0.110904
vt 0.841467 0.112411
vt 0.841354 0.110904
vt 0.438402 0.121051
vt 0.436764 0.121637
vt 0.438418 0.120728
vt 0.439842 0.119857
vt 0.439845 0.119585
vt 0.474451 0.091465
vt 0.475934 0.091358
vt 0.475937 0.091424
vt 0.484165 0.122273
vt 0.485992 0.122148
vt 0.484142 0.122669
vt 0.484170 0.121735
vt 0.486015 0.121768
vt 0.441888 0.081568
vt 0.441358 0.081364
vt 0.441924 0.081399
vt 0.422616 0.081542
vt 0.423198 0.081370
vt 0.423223 0.081549
vt 0.422106 0.081551
vt 0.422588 0.081364
vt 0.424663 0.081423
vt 0.532544 0.113767
vt 0.534160 0.111926
vt 0.534114 0.114075
vt 0.534112 0.116248
vt 0.532544 0.117465
vt 0.532539 0.115696
vt 0.519783 0.119763
vt 0.518221 0.120342
vt 0.519696 0.119142
vt 0.519876 0.120281
vt 0.518381 0.121093
vt 0.439105 0.081735
vt 0.437589 0.081708
vt 0.439127 0.081568
vt 0.484967 0.092061
vt 0.487782 0.119835
vt 0.532739 0.105893
vt 0.534313 0.107733
vt 0.532699 0.107789
vt 0.475503 0.119426
vt 0.476957 0.119813
vt 0.476964 0.120439
vt 0.440955 0.118305
vt 0.439105 0.081735
vt 0.440379 0.081606
vt 0.766899 0.479618
vt 0.767302 0.479810
vt 0.766936 0.480389
vt 0.534310 0.109814
vt 0.534313 0.107733
vt 0.534380 0.107729
vt 0.450507 0.119447
vt 0.450527 0.120164
vt 0.517966 0.118550
vt 0.767310 0.526168
vt 0.766746 0.524767
vt 0.767034 0.524559
vt 0.534187 0.118337
vt 0.534269 0.116267
vt 0.534254 0.118349
vt 0.534198 0.116261
vt 0.534271 0.114083
vt 0.534030 0.120123
vt 0.534106 0.120155
vt 0.403609 0.080696
vt 0.401466 0.118121
vt 0.401617 0.080675
vt 0.482283 0.121178
vt 0.480436 0.121728
vt 0.480426 0.121022
vt 0.459340 0.121540
vt 0.457097 0.120954
vt 0.459288 0.120729
vt 0.519500 0.099613
vt 0.517961 0.098820
vt 0.518446 0.098023
vt 0.395190 0.080113
vt 0.394596 0.079905
vt 0.395223 0.079940
vt 0.410208 0.121842
vt 0.412407 0.121259
vt 0.410294 0.122194
vt 0.416339 0.117634
vt 0.415528 0.117626
vt 0.416067 0.117102
vt 0.411842 0.080127
vt 0.409746 0.080428
vt 0.409751 0.080250
vt 0.482294 0.121894
vt 0.457139 0.121777
vt 0.459397 0.122149
vt 0.457189 0.122395
vt 0.461519 0.121495
vt 0.472682 0.091549
vt 0.473184 0.091463
vt 0.473201 0.091526
vt 0.472245 0.091558
vt 0.472662 0.091487
vt 0.441384 0.117629
vt 0.397928 0.119031
vt 0.399540 0.119238
vt 0.399617 0.120387
vt 0.466400 0.116827
vt 0.465036 0.117222
vt 0.466383 0.116148
vt 0.465085 0.118037
vt 0.463311 0.118274
vt 0.461458 0.120912
vt 0.461398 0.120136
vt 0.853036 0.112411
vt 0.459236 0.119685
vt 0.461336 0.119139
vt 0.477596 0.091453
vt 0.475937 0.091424
vt 0.532479 0.100243
vt 0.533997 0.099429
vt 0.532554 0.100691
vt 0.457028 0.118640
vt 0.457060 0.119894
vt 0.450498 0.118523
vt 0.452641 0.118121
vt 0.452642 0.119304
vt 0.474384 0.117885
vt 0.474451 0.091465
vt 0.475504 0.118878
vt 0.430171 0.081888
vt 0.429262 0.121930
vt 0.428247 0.081787
vt 0.491213 0.117122
vt 0.490410 0.091705
vt 0.490885 0.091614
vt 0.434018 0.082003
vt 0.435855 0.081976
vt 0.407838 0.120037
vt 0.410067 0.120586
vt 0.550991 0.071259
vt 0.537294 0.068943
vt 0.550976 0.068943
vt 0.425705 0.120410
vt 0.427408 0.121158
vt 0.427388 0.121482
vt 0.481226 0.091711
vt 0.479372 0.091584
vt 0.479377 0.091520
vt 0.405815 0.122464
vt 0.403720 0.122538
vt 0.403646 0.122169
vt 0.550970 0.066599
vt 0.405635 0.080473
vt 0.403609 0.080696
vt 0.403620 0.080524
vt 0.767280 0.478916
vt 0.767230 0.479418
vt 0.471620 0.091512
vt 0.473598 0.117180
vt 0.473456 0.117285
vt 0.396090 0.116742
vt 0.396607 0.116797
vt 0.396605 0.117526
vt 0.519349 0.122839
vt 0.532171 0.121053
vt 0.533150 0.122667
vt 0.486775 0.092054
vt 0.414212 0.119745
vt 0.415884 0.118544
vt 0.414315 0.120010
vt 0.412051 0.117842
vt 0.414001 0.117970
vt 0.412111 0.118901
vt 0.434955 0.122589
vt 0.433094 0.122466
vt 0.434972 0.122221
vt 0.532742 0.104123
vt 0.534367 0.105672
vt 0.403646 0.122169
vt 0.403553 0.120856
vt 0.409757 0.080134
vt 0.852955 0.125689
vt 0.841497 0.123931
vt 0.853066 0.123931
vt 0.853208 0.117982
vt 0.841637 0.117982
vt 0.478634 0.120562
vt 0.478642 0.121238
vt 0.764383 0.430564
vt 0.764556 0.430481
vt 0.764404 0.430636
vt 0.491507 0.091431
vt 0.491282 0.091455
vt 0.491542 0.091358
vt 0.491248 0.091527
vt 0.490918 0.091543
vt 0.533664 0.122020
vt 0.654313 0.177080
vt 0.654131 0.177129
vt 0.654117 0.176966
vt 0.475440 0.120140
vt 0.476956 0.120915
vt 0.476930 0.121267
vt 0.440407 0.081437
vt 0.440897 0.081559
vt 0.440379 0.081606
vt 0.440928 0.081390
vt 0.441324 0.081533
vt 0.435864 0.081811
vt 0.437574 0.081874
vt 0.435855 0.081976
vt 0.519083 0.101275
vt 0.517382 0.101786
vt 0.517615 0.100106
vt 0.841230 0.109702
vt 0.852774 0.109702
vt 0.484967 0.092061
vt 0.483106 0.091894
vt 0.484977 0.092006
vt 0.491248 0.091527
vt 0.423853 0.118315
vt 0.423223 0.081549
vt 0.424391 0.118952
vt 0.409946 0.118481
vt 0.477596 0.091453
vt 0.477599 0.091387
vt 0.401560 0.121471
vt 0.401479 0.120219
vt 0.550983 0.062039
vt 0.537291 0.064280
vt 0.537312 0.062039
vt 0.425742 0.120136
vt 0.424309 0.119143
vt 0.489862 0.091727
vt 0.490410 0.091705
vt 0.489834 0.091794
vt 0.490440 0.091635
vt 0.490885 0.091614
vt 0.454849 0.119767
vt 0.452654 0.120303
vt 0.519390 0.115880
vt 0.517610 0.114322
vt 0.519249 0.113961
vt 0.486790 0.091996
vt 0.488431 0.091953
vt 0.486775 0.092054
vt 0.454835 0.118531
vt 0.448587 0.117547
vt 0.450498 0.117427
vt 0.533830 0.121522
vt 0.532411 0.120529
vt 0.532469 0.120122
vt 0.432110 0.081798
vt 0.430171 0.081888
vt 0.430168 0.081717
vt 0.428247 0.081787
vt 0.428241 0.081614
vt 0.413839 0.080202
vt 0.415593 0.079943
vt 0.415605 0.080126
vt 0.841393 0.125689
vt 0.852819 0.127146
vt 0.841275 0.127146
vt 0.487762 0.121289
vt 0.487785 0.120937
vt 0.454871 0.120812
vt 0.452677 0.121080
vt 0.480431 0.122265
vt 0.478613 0.122133
vt 0.478637 0.121753
vt 0.461275 0.117958
vt 0.458728 0.089119
vt 0.460701 0.089026
vt 0.551288 0.064274
vt 0.550983 0.062039
vt 0.551298 0.062037
vt 0.766565 0.522946
vt 0.753127 0.522073
vt 0.766519 0.522010
vt 0.401617 0.080675
vt 0.401631 0.080503
vt 0.465218 0.119124
vt 0.466471 0.117312
vt 0.466576 0.117647
vt 0.431176 0.122370
vt 0.432109 0.081967
vt 0.517329 0.110028
vt 0.518893 0.107990
vt 0.518985 0.109971
vt 0.446893 0.089198
vt 0.448594 0.089400
vt 0.446864 0.089267
vt 0.452673 0.089513
vt 0.534241 0.111928
vt 0.534114 0.114075
vt 0.534160 0.111926
vt 0.479372 0.091584
vt 0.766613 0.478825
vt 0.753149 0.479399
vt 0.753118 0.478527
vt 0.395277 0.079826
vt 0.421129 0.081557
vt 0.421398 0.081634
vt 0.421166 0.081733
vt 0.471399 0.091437
vt 0.471592 0.091451
vt 0.471620 0.091512
vt 0.471871 0.091489
vt 0.471896 0.091549
vt 0.472222 0.091497
vt 0.410208 0.121842
vt 0.415738 0.118370
vt 0.414053 0.118749
vt 0.491507 0.091431
vt 0.472682 0.091549
vt 0.473718 0.117086
vt 0.472245 0.091558
vt 0.397868 0.118044
vt 0.423739 0.118448
vt 0.413833 0.080020
vt 0.415572 0.079825
vt 0.396320 0.080239
vt 0.395990 0.114907
vt 0.395697 0.080169
vt 0.473732 0.118124
vt 0.474305 0.118617
vt 0.474225 0.118833
vt 0.473839 0.117966
vt 0.474363 0.118314
vt 0.473935 0.117758
vt 0.473977 0.117428
vt 0.753349 0.524830
vt 0.766642 0.523867
vt 0.766746 0.524767
vt 0.489834 0.091794
vt 0.753265 0.523930
vt 0.753192 0.523009
vt 0.642688 0.168249
vt 0.642610 0.142229
vt 0.422106 0.081551
vt 0.422616 0.081542
vt 0.471399 0.091437
vt 0.753179 0.480237
vt 0.766624 0.479696
vt 0.766657 0.480535
vt 0.642688 0.168249
vt 0.753088 0.477621
vt 0.766620 0.477920
vt 0.483099 0.091950
vt 0.752871 0.403276
vt 0.764471 0.402596
vt 0.396563 0.116152
vt 0.397830 0.116327
vt 0.396499 0.115339
vt 0.396096 0.115662
vt 0.396164 0.116230
vt 0.395744 0.115303
vt 0.395588 0.114567
vt 0.395888 0.115806
vt 0.440989 0.118491
vt 0.463373 0.119195
vt 0.466112 0.089201
vt 0.466954 0.114902
vt 0.466396 0.115305
vt 0.466889 0.115681
vt 0.467292 0.115349
vt 0.466873 0.116276
vt 0.467173 0.115866
vt 0.753127 0.522073
vt 0.752828 0.521175
vt 0.753070 0.521118
vt 0.753192 0.523009
vt 0.752891 0.522079
vt 0.417193 0.116060
vt 0.416694 0.115487
vt 0.417462 0.115208
vt 0.450560 0.120704
vt 0.534235 0.109815
vt 0.452713 0.121665
vt 0.448665 0.119790
vt 0.450560 0.120704
vt 0.450608 0.121092
vt 0.766642 0.523867
vt 0.766565 0.522946
vt 0.766926 0.523730
vt 0.446485 0.117292
vt 0.447125 0.117704
vt 0.447093 0.118044
vt 0.766850 0.522884
vt 0.767144 0.523526
vt 0.446568 0.117060
vt 0.447134 0.117215
vt 0.447125 0.117704
vt 0.446131 0.116392
vt 0.446606 0.116685
vt 0.396397 0.079952
vt 0.397878 0.080232
vt 0.396350 0.080065
vt 0.399680 0.080393
vt 0.397916 0.080118
vt 0.399710 0.080280
vt 0.458728 0.089119
vt 0.460702 0.088963
vt 0.460701 0.089026
vt 0.551019 0.058083
vt 0.537349 0.059938
vt 0.537403 0.058083
vt 0.766657 0.480535
vt 0.766995 0.481124
vt 0.766709 0.481336
vt 0.766624 0.479696
vt 0.766936 0.480389
vt 0.767150 0.482499
vt 0.537475 0.056578
vt 0.551032 0.056578
vt 0.484160 0.121030
vt 0.481220 0.091771
vt 0.448594 0.089400
vt 0.447018 0.115689
vt 0.446864 0.089267
vt 0.474442 0.091400
vt 0.482289 0.122438
vt 0.482267 0.122839
vt 0.454729 0.089423
vt 0.411841 0.080307
vt 0.413961 0.117025
vt 0.753388 0.452429
vt 0.416344 0.079921
vt 0.416360 0.080104
vt 0.416319 0.079803
vt 0.416988 0.079911
vt 0.417006 0.080095
vt 0.448605 0.118366
vt 0.401466 0.119264
vt 0.489352 0.119867
vt 0.447090 0.116533
vt 0.432109 0.081967
vt 0.434023 0.081837
vt 0.434018 0.082003
vt 0.489344 0.120168
vt 0.408101 0.122725
vt 0.408018 0.122355
vt 0.403529 0.119855
vt 0.475482 0.119838
vt 0.488431 0.091953
vt 0.537317 0.071259
vt 0.551012 0.073479
vt 0.537356 0.073479
vt 0.426388 0.081685
vt 0.753557 0.526541
vt 0.767011 0.526478
vt 0.841577 0.121990
vt 0.853148 0.121990
vt 0.841625 0.119988
vt 0.853195 0.119988
vt 0.426388 0.081685
vt 0.445564 0.114870
vt 0.445552 0.089139
vt 0.445926 0.115024
vt 0.462653 0.088975
vt 0.407669 0.080548
vt 0.407792 0.118838
vt 0.415605 0.080126
vt 0.416163 0.115785
vt 0.415530 0.116165
vt 0.466776 0.089172
vt 0.466796 0.089233
vt 0.534183 0.100073
vt 0.533997 0.099429
vt 0.534050 0.099386
vt 0.467381 0.089247
vt 0.533831 0.098857
vt 0.533882 0.098810
vt 0.534428 0.105663
vt 0.534367 0.105672
vt 0.436747 0.121989
vt 0.416958 0.079793
vt 0.417920 0.079948
vt 0.471896 0.091549
vt 0.454902 0.121624
vt 0.411841 0.080307
vt 0.764383 0.430564
vt 0.412320 0.120938
vt 0.429244 0.122282
vt 0.752828 0.404055
vt 0.399661 0.080566
vt 0.397854 0.080405
vt 0.532582 0.111771
vt 0.534235 0.109815
vt 0.550972 0.064280
vt 0.754230 0.485844
vt 0.766978 0.495278
vt 0.754187 0.486015
vt 0.413822 0.079903
vt 0.411840 0.080010
vt 0.446534 0.116088
vt 0.446412 0.115310
vt 0.446107 0.115775
vt 0.446274 0.116288
vt 0.448568 0.116568
vt 0.408018 0.122355
vt 0.463433 0.119910
vt 0.410004 0.119628
vt 0.415510 0.116979
vt 0.488452 0.091891
vt 0.416086 0.116535
vt 0.416548 0.116213
vt 0.416412 0.116706
vt 0.534300 0.101747
vt 0.532616 0.101230
vt 0.534129 0.100111
vt 0.422075 0.081372
vt 0.405638 0.118896
vt 0.450583 0.089496
vt 0.533441 0.122396
vt 0.533722 0.122064
vt 0.533492 0.122442
vt 0.445135 0.089018
vt 0.445552 0.089139
vt 0.533664 0.122020
vt 0.533895 0.121562
vt 0.753095 0.452512
vt 0.753088 0.477621
vt 0.752828 0.477639
vt 0.766978 0.443452
vt 0.767287 0.443234
vt 0.416360 0.080104
vt 0.399661 0.080566
vt 0.397854 0.080405
vt 0.465218 0.119124
vt 0.463496 0.120448
vt 0.461519 0.121495
vt 0.463563 0.120835
vt 0.461584 0.121914
vt 0.466694 0.117876
vt 0.463496 0.120448
vt 0.465298 0.119453
vt 0.766997 0.443624
vt 0.766914 0.477950
vt 0.766620 0.477920
vt 0.396320 0.080239
vt 0.395729 0.079995
vt 0.395697 0.080169
vt 0.395779 0.079881
vt 0.405625 0.080646
vt 0.446146 0.089200
vt 0.456743 0.089271
vt 0.458734 0.089057
vt 0.534200 0.114080
vt 0.534112 0.116248
vt 0.446177 0.089130
vt 0.446146 0.089200
vt 0.445584 0.089068
vt 0.533950 0.120883
vt 0.534020 0.120919
vt 0.533830 0.121522
vt 0.533950 0.120883
vt 0.454944 0.122234
vt 0.454944 0.122234
vt 0.452764 0.122084
vt 0.452713 0.121665
vt 0.405625 0.080646
vt 0.407677 0.080373
vt 0.407669 0.080548
vt 0.405649 0.080359
vt 0.407688 0.080258
vt 0.413839 0.080202
vt 0.534307 0.111928
vt 0.401652 0.080390
vt 0.403637 0.080411
vt 0.416826 0.116866
vt 0.551001 0.059938
vt 0.481220 0.091771
vt 0.483099 0.091950
vt 0.551033 0.075469
vt 0.466796 0.089233
vt 0.467417 0.114595
vt 0.403518 0.118658
vt 0.457189 0.122395
vt 0.459460 0.122587
vt 0.457247 0.122839
vt 0.454998 0.122672
vt 0.459397 0.122149
vt 0.464488 0.089052
vt 0.462657 0.089037
vt 0.459186 0.118450
vt 0.456743 0.089271
vt 0.551001 0.059938
vt 0.445309 0.114807
vt 0.445101 0.089090
vt 0.417006 0.080095
vt 0.464499 0.089114
vt 0.418274 0.080198
vt 0.417920 0.079948
vt 0.467381 0.089247
vt 0.467786 0.114425
vt 0.467357 0.089187
vt 0.467824 0.089177
vt 0.533416 0.098022
vt 0.533057 0.097834
vt 0.533095 0.097779
vt 0.533674 0.098361
vt 0.533373 0.098075
vt 0.533627 0.098411
vt 0.533627 0.098411
vt 0.532267 0.099633
vt 0.533373 0.098075
vt 0.533057 0.097834
vt 0.532389 0.099895
vt 0.533831 0.098857
vt 0.642731 0.140860
vt 0.642665 0.141524
vt 0.766807 0.521109
vt 0.766519 0.522010
vt 0.445806 0.115669
vt 0.767048 0.522044
vt 0.446131 0.116392
vt 0.766896 0.478808
vt 0.767342 0.478179
vt 0.766499 0.521054
vt 0.424682 0.081599
vt 0.753462 0.440298
vt 0.753473 0.440118
vt 0.766613 0.478825
vt 0.766896 0.478808
vt 0.753473 0.440118
vt 0.424682 0.081599
vt 0.426376 0.081510
vt 0.415738 0.118370
vt 0.416518 0.117745
vt 0.753020 0.523796
vt 0.753265 0.523930
vt 0.467251 0.117031
vt 0.467104 0.116871
vt 0.466961 0.116646
vt 0.466471 0.117312
vt 0.752924 0.480080
vt 0.753149 0.479399
vt 0.753179 0.480237
vt 0.466961 0.116646
vt 0.467528 0.116067
vt 0.467173 0.115866
vt 0.467337 0.115962
vt 0.753118 0.478527
vt 0.752867 0.478498
vt 0.467847 0.115230
vt 0.467786 0.114425
vt 0.468079 0.114350
vt 0.467602 0.115230
vt 0.467602 0.115230
vt 0.534104 0.118315
vt 0.532640 0.109764
vt 0.480409 0.122661
vt 0.519168 0.100715
vt 0.517773 0.099406
vt 0.532507 0.119600
vt 0.534030 0.120123
vt 0.517251 0.103730
vt 0.518951 0.102641
vt 0.437574 0.081874
vt 0.517458 0.112162
vt 0.519110 0.111975
vt 0.532095 0.099446
vt 0.518768 0.097779
vt 0.532530 0.118975
vt 0.534104 0.118315
vt 0.473201 0.091526
vt 0.465146 0.118662
vt 0.532703 0.102546
vt 0.534371 0.103641
vt 0.517240 0.107912
vt 0.534357 0.101720
vt 0.534129 0.100111
vt 0.519262 0.100248
vt 0.431159 0.122738
vt 0.409746 0.080428
vt 0.519537 0.117641
vt 0.517772 0.116495
vt 0.753210 0.481038
vt 0.532318 0.120834
vt 0.851889 0.106765
vt 0.850717 0.105282
vt 0.852442 0.105804
vt 0.844167 0.170924
vt 0.847338 0.170615
vt 0.847405 0.170964
vt 0.842334 0.170658
vt 0.841895 0.161504
vt 0.842325 0.162570
vt 0.512796 0.071718
vt 0.513690 0.071576
vt 0.513671 0.071707
vt 0.509171 0.063216
vt 0.508201 0.064847
vt 0.508301 0.063219
vt 0.510148 0.115249
vt 0.502381 0.071116
vt 0.497247 0.070302
vt 0.502496 0.070320
vt 0.509177 0.105616
vt 0.494398 0.054963
vt 0.496669 0.055324
vt 0.502365 0.055343
vt 0.508156 0.069193
vt 0.509074 0.064845
vt 0.509028 0.069192
vt 0.758909 0.396990
vt 0.753335 0.398571
vt 0.752972 0.396901
vt 0.758913 0.392615
vt 0.752976 0.392559
vt 0.374080 0.063059
vt 0.379648 0.064724
vt 0.373730 0.064723
vt 0.373776 0.069066
vt 0.379693 0.069098
vt 0.504956 0.054998
vt 0.504818 0.070027
vt 0.753342 0.390901
vt 0.843780 0.071726
vt 0.841230 0.086917
vt 0.841539 0.071546
vt 0.849054 0.071648
vt 0.851837 0.086761
vt 0.849444 0.087064
vt 0.843942 0.070701
vt 0.849193 0.162656
vt 0.847491 0.162122
vt 0.847651 0.161744
vt 0.849676 0.161601
vt 0.848172 0.153815
vt 0.843760 0.160446
vt 0.843996 0.153763
vt 0.374161 0.070729
vt 0.842397 0.154119
vt 0.739244 0.322052
vt 0.739776 0.322522
vt 0.849201 0.170744
vt 0.842424 0.178914
vt 0.843774 0.172795
vt 0.844024 0.179312
vt 0.514027 0.069222
vt 0.513786 0.064855
vt 0.514027 0.064856
vt 0.508221 0.070901
vt 0.416904 0.059724
vt 0.417018 0.069757
vt 0.513786 0.069223
vt 0.512840 0.070919
vt 0.512901 0.069232
vt 0.844035 0.162078
vt 0.843865 0.161696
vt 0.512082 0.122611
vt 0.511302 0.115532
vt 0.849776 0.154211
vt 0.847834 0.160497
vt 0.512901 0.064865
vt 0.848840 0.070629
vt 0.851213 0.071403
vt 0.513786 0.064855
vt 0.512840 0.063200
vt 0.753502 0.399352
vt 0.759488 0.399336
vt 0.759587 0.399469
vt 0.847848 0.172846
vt 0.849803 0.179006
vt 0.848201 0.179364
vt 0.510649 0.115598
vt 0.510782 0.116436
vt 0.510682 0.116539
vt 0.504571 0.071532
vt 0.504576 0.071662
vt 0.504474 0.071615
vt 0.504672 0.071582
vt 0.504654 0.071718
vt 0.510912 0.116331
vt 0.510729 0.115514
vt 0.510814 0.115431
vt 0.503951 0.071512
vt 0.504608 0.071591
vt 0.841776 0.154264
vt 0.510950 0.122705
vt 0.510855 0.122801
vt 0.510824 0.122707
vt 0.511196 0.122697
vt 0.510946 0.122834
vt 0.374363 0.071487
vt 0.380315 0.071424
vt 0.380436 0.071541
vt 0.374322 0.071375
vt 0.374042 0.070721
vt 0.374161 0.070729
vt 0.510950 0.122705
vt 0.510824 0.122707
vt 0.509122 0.071576
vt 0.509344 0.070898
vt 0.509365 0.071566
vt 0.509365 0.071566
vt 0.509468 0.071656
vt 0.509494 0.071562
vt 0.413996 0.059664
vt 0.414054 0.059767
vt 0.413917 0.059769
vt 0.495566 0.071585
vt 0.496068 0.071486
vt 0.496167 0.071584
vt 0.413872 0.059664
vt 0.413951 0.059553
vt 0.381132 0.062328
vt 0.380339 0.062255
vt 0.381228 0.062227
vt 0.495489 0.070978
vt 0.495391 0.071424
vt 0.496068 0.071486
vt 0.495486 0.071502
vt 0.760412 0.399408
vt 0.841799 0.070033
vt 0.841795 0.069904
vt 0.841891 0.069985
vt 0.841704 0.069953
vt 0.841723 0.069815
vt 0.759679 0.399566
vt 0.760492 0.399510
vt 0.760567 0.399589
vt 0.841699 0.070093
vt 0.842409 0.070110
vt 0.842287 0.070208
vt 0.841764 0.069963
vt 0.413896 0.069450
vt 0.413983 0.068830
vt 0.414027 0.069424
vt 0.760419 0.390241
vt 0.760356 0.390756
vt 0.510729 0.105525
vt 0.510603 0.105533
vt 0.510649 0.105426
vt 0.510783 0.104595
vt 0.510554 0.105598
vt 0.510148 0.105811
vt 0.510365 0.105368
vt 0.510554 0.105598
vt 0.510721 0.106284
vt 0.510545 0.106258
vt 0.850329 0.069994
vt 0.850927 0.069898
vt 0.510814 0.105618
vt 0.510684 0.105625
vt 0.374228 0.062406
vt 0.373962 0.063050
vt 0.374119 0.062404
vt 0.414156 0.052441
vt 0.414364 0.052611
vt 0.414135 0.052588
vt 0.414080 0.052461
vt 0.380220 0.062387
vt 0.374266 0.062281
vt 0.509424 0.063224
vt 0.509216 0.062579
vt 0.509458 0.062594
vt 0.509587 0.062609
vt 0.509458 0.062594
vt 0.509563 0.062528
vt 0.509587 0.062609
vt 0.414407 0.052312
vt 0.414173 0.052323
vt 0.514238 0.105362
vt 0.512082 0.098222
vt 0.512316 0.098207
vt 0.753481 0.399226
vt 0.753196 0.398578
vt 0.753335 0.398571
vt 0.753502 0.399352
vt 0.753353 0.399226
vt 0.753481 0.399226
vt 0.414183 0.070404
vt 0.414407 0.076587
vt 0.414310 0.076576
vt 0.513690 0.071576
vt 0.513962 0.070906
vt 0.513923 0.071563
vt 0.513901 0.071683
vt 0.513690 0.071576
vt 0.513923 0.071563
vt 0.753269 0.399246
vt 0.753403 0.399318
vt 0.753361 0.399365
vt 0.514027 0.071556
vt 0.759495 0.390298
vt 0.753510 0.390145
vt 0.759595 0.390182
vt 0.753493 0.399435
vt 0.414636 0.076620
vt 0.414431 0.076707
vt 0.414407 0.076587
vt 0.510951 0.098326
vt 0.753488 0.390257
vt 0.753202 0.390906
vt 0.753361 0.390267
vt 0.510947 0.098184
vt 0.511196 0.098309
vt 0.510951 0.098326
vt 0.510855 0.098213
vt 0.513962 0.063195
vt 0.513690 0.062535
vt 0.513923 0.062548
vt 0.514027 0.062560
vt 0.510921 0.098077
vt 0.511162 0.098028
vt 0.850408 0.154372
vt 0.512376 0.122680
vt 0.512297 0.122716
vt 0.850267 0.161541
vt 0.850537 0.154400
vt 0.850414 0.161562
vt 0.507988 0.070900
vt 0.508257 0.071578
vt 0.508029 0.071568
vt 0.507930 0.071563
vt 0.850449 0.154164
vt 0.850510 0.154299
vt 0.850418 0.154244
vt 0.508257 0.071578
vt 0.508055 0.071695
vt 0.508029 0.071568
vt 0.511196 0.122697
vt 0.850408 0.154372
vt 0.850537 0.154400
vt 0.850408 0.154372
vt 0.849792 0.154072
vt 0.850418 0.154244
vt 0.380099 0.070773
vt 0.374322 0.071375
vt 0.841776 0.154264
vt 0.842406 0.153980
vt 0.842397 0.154119
vt 0.415708 0.052661
vt 0.415585 0.052610
vt 0.415640 0.052538
vt 0.514352 0.115580
vt 0.512315 0.122587
vt 0.514237 0.115573
vt 0.508350 0.062580
vt 0.508067 0.063232
vt 0.508122 0.062600
vt 0.415491 0.052586
vt 0.415282 0.052416
vt 0.415523 0.052467
vt 0.508023 0.062622
vt 0.380018 0.063047
vt 0.374228 0.062406
vt 0.415614 0.052714
vt 0.417656 0.059641
vt 0.417542 0.059692
vt 0.415485 0.052732
vt 0.415614 0.052714
vt 0.415253 0.052552
vt 0.417656 0.069779
vt 0.415756 0.076733
vt 0.417508 0.069775
vt 0.415981 0.076739
vt 0.415859 0.076817
vt 0.415887 0.076729
vt 0.841803 0.178748
vt 0.842434 0.179040
vt 0.841815 0.178864
vt 0.759292 0.398673
vt 0.753481 0.399226
vt 0.415766 0.076852
vt 0.514352 0.105333
vt 0.512418 0.098190
vt 0.512587 0.070915
vt 0.512812 0.071586
vt 0.512568 0.071573
vt 0.512443 0.071561
vt 0.512568 0.071573
vt 0.512470 0.071652
vt 0.512443 0.071561
vt 0.512812 0.071586
vt 0.512560 0.071694
vt 0.850564 0.178819
vt 0.850278 0.171852
vt 0.850426 0.171819
vt 0.512316 0.098207
vt 0.512377 0.098091
vt 0.512418 0.098190
vt 0.512068 0.098065
vt 0.512298 0.098065
vt 0.850435 0.178855
vt 0.849820 0.179132
vt 0.849803 0.179006
vt 0.850435 0.178855
vt 0.850537 0.178913
vt 0.850445 0.178972
vt 0.512812 0.062545
vt 0.512587 0.063210
vt 0.512569 0.062562
vt 0.512470 0.062488
vt 0.512560 0.062446
vt 0.512443 0.062576
vt 0.502291 0.071467
vt 0.504603 0.071008
vt 0.504075 0.071396
vt 0.508201 0.064847
vt 0.507921 0.069197
vt 0.507966 0.064856
vt 0.380656 0.064614
vt 0.380611 0.069154
vt 0.380564 0.064678
vt 0.502213 0.071585
vt 0.503832 0.071610
vt 0.502135 0.071679
vt 0.509330 0.064849
vt 0.509028 0.069192
vt 0.509074 0.064845
vt 0.844049 0.070271
vt 0.841781 0.070460
vt 0.842287 0.070208
vt 0.497724 0.071570
vt 0.497649 0.071452
vt 0.844127 0.070165
vt 0.759948 0.397115
vt 0.759836 0.397049
vt 0.848637 0.070098
vt 0.848714 0.070203
vt 0.850938 0.070325
vt 0.850449 0.070088
vt 0.759952 0.392496
vt 0.759840 0.392573
vt 0.759298 0.390946
vt 0.413888 0.060438
vt 0.844035 0.162078
vt 0.847396 0.162371
vt 0.844157 0.162331
vt 0.389359 0.071094
vt 0.389274 0.062151
vt 0.389719 0.071541
vt 0.495489 0.070978
vt 0.497507 0.071100
vt 0.495951 0.071369
vt 0.497785 0.071665
vt 0.841350 0.161430
vt 0.841241 0.171705
vt 0.841230 0.161448
vt 0.850267 0.161541
vt 0.849687 0.171795
vt 0.841350 0.161430
vt 0.841906 0.171698
vt 0.841361 0.171741
vt 0.417394 0.059723
vt 0.417394 0.059723
vt 0.509477 0.064858
vt 0.509285 0.069194
vt 0.373654 0.069058
vt 0.373776 0.069066
vt 0.509487 0.070901
vt 0.752972 0.396901
vt 0.752832 0.392564
vt 0.752976 0.392559
vt 0.509092 0.070899
vt 0.514142 0.069224
vt 0.752828 0.396909
vt 0.514075 0.070905
vt 0.843996 0.153763
vt 0.848189 0.153671
vt 0.848172 0.153815
vt 0.512645 0.064870
vt 0.512901 0.069232
vt 0.512645 0.069232
vt 0.513723 0.070910
vt 0.513786 0.069223
vt 0.753342 0.390901
vt 0.514075 0.063202
vt 0.514142 0.064861
vt 0.513723 0.063190
vt 0.850495 0.106372
vt 0.841459 0.106372
vt 0.511185 0.098152
vt 0.512048 0.097941
vt 0.512068 0.098065
vt 0.513723 0.070910
vt 0.512812 0.071586
vt 0.373609 0.064713
vt 0.374080 0.063059
vt 0.373730 0.064723
vt 0.509567 0.063235
vt 0.511196 0.098309
vt 0.509143 0.071715
vt 0.508221 0.070901
vt 0.512501 0.064876
vt 0.507881 0.070902
vt 0.507811 0.069204
vt 0.849776 0.154211
vt 0.507856 0.064870
vt 0.512840 0.070919
vt 0.848218 0.179494
vt 0.844024 0.179312
vt 0.848201 0.179364
vt 0.512447 0.070909
vt 0.512501 0.069231
vt 0.844035 0.179442
vt 0.842424 0.178914
vt 0.512901 0.064865
vt 0.512447 0.063219
vt 0.508301 0.063219
vt 0.507960 0.063250
vt 0.844006 0.153619
vt 0.509216 0.062579
vt 0.414364 0.052611
vt 0.414382 0.052448
vt 0.509122 0.071576
vt 0.509092 0.070899
vt 0.415485 0.052732
vt 0.753488 0.390257
vt 0.841361 0.171741
vt 0.841696 0.178708
vt 0.841803 0.178748
vt 0.415485 0.052732
vt 0.414051 0.058747
vt 0.414135 0.052588
vt 0.415511 0.076724
vt 0.850435 0.178855
vt 0.513761 0.115577
vt 0.512315 0.122587
vt 0.512082 0.122611
vt 0.844695 0.169949
vt 0.843128 0.169848
vt 0.843647 0.169322
vt 0.847260 0.169981
vt 0.844983 0.169028
vt 0.847232 0.169056
vt 0.844164 0.168755
vt 0.735439 0.318769
vt 0.736388 0.321255
vt 0.735439 0.321440
vt 0.734621 0.322922
vt 0.734508 0.321672
vt 0.844687 0.163111
vt 0.844159 0.164186
vt 0.843641 0.163712
vt 0.744441 0.322868
vt 0.743725 0.320064
vt 0.744441 0.320209
vt 0.842627 0.162882
vt 0.842845 0.170135
vt 0.842636 0.170349
vt 0.734621 0.317270
vt 0.735536 0.317662
vt 0.736222 0.318087
vt 0.736388 0.318913
vt 0.740553 0.322930
vt 0.740869 0.316122
vt 0.740869 0.323162
vt 0.384535 0.070993
vt 0.385696 0.070593
vt 0.385415 0.071541
vt 0.847982 0.168803
vt 0.848306 0.169380
vt 0.384084 0.065230
vt 0.384776 0.070179
vt 0.384084 0.069723
vt 0.847977 0.164234
vt 0.847227 0.163925
vt 0.734508 0.318560
vt 0.844977 0.163897
vt 0.513761 0.105385
vt 0.844045 0.171188
vt 0.844045 0.171188
vt 0.843876 0.171570
vt 0.847501 0.171231
vt 0.847661 0.171617
vt 0.514238 0.105362
vt 0.842325 0.162570
vt 0.848725 0.170208
vt 0.848900 0.162960
vt 0.385696 0.064172
vt 0.384776 0.064662
vt 0.734225 0.317041
vt 0.734508 0.318560
vt 0.734103 0.318437
vt 0.848717 0.163161
vt 0.847501 0.171231
vt 0.734103 0.321809
vt 0.734508 0.321672
vt 0.734225 0.323162
vt 0.844348 0.170578
vt 0.385696 0.064172
vt 0.386098 0.070819
vt 0.385696 0.070593
vt 0.551019 0.058083
vt 0.551314 0.059939
vt 0.835268 0.241659
vt 0.837898 0.262749
vt 0.835268 0.241659
vt 0.598852 0.615468
vt 0.602892 0.642549
vt 0.602892 0.642549
vt 0.832175 0.220412
vt 0.832175 0.220412
vt 0.571196 0.426211
vt 0.571196 0.426211
vt 0.575834 0.479380
vt 0.579328 0.506777
vt 0.579328 0.506777
vt 0.573294 0.452409
vt 0.575834 0.479380
vt 0.588887 0.561514
vt 0.593828 0.588512
vt 0.593828 0.588512
vt 0.570949 0.290860
vt 0.566781 0.320945
vt 0.566781 0.320945
vt 0.829336 0.128176
vt 0.831230 0.102723
vt 0.831230 0.102723
vt 0.872282 0.392805
vt 0.869649 0.381984
vt 0.872282 0.392805
vt 0.828284 0.152976
vt 0.829336 0.128176
vt 0.924146 0.565044
vt 0.925588 0.582412
vt 0.924146 0.565044
vt 0.828322 0.176334
vt 0.828284 0.152976
vt 0.914030 0.480252
vt 0.915558 0.500375
vt 0.914030 0.480252
vt 0.786576 0.735663
vt 0.801433 0.700488
vt 0.801433 0.700488
vt 0.828322 0.176334
vt 0.829647 0.198678
vt 0.843721 0.087148
vt 0.841230 0.086917
vt 0.843721 0.087148
vt 0.829647 0.198678
vt 0.849444 0.087064
vt 0.849444 0.087064
vt 0.721054 0.379554
vt 0.731247 0.331210
vt 0.731247 0.331210
vt 0.711311 0.176274
vt 0.711879 0.154625
vt 0.711879 0.154625
vt 0.916663 0.701325
vt 0.910898 0.683622
vt 0.910898 0.683622
vt 0.496669 0.055324
vt 0.494398 0.054963
vt 0.494398 0.054963
vt 0.502365 0.055343
vt 0.496669 0.055324
vt 0.600614 0.181679
vt 0.589791 0.219800
vt 0.589791 0.219800
vt 0.954440 0.101893
vt 0.965226 0.049040
vt 0.965226 0.049040
vt 0.849433 0.935798
vt 0.848565 0.931044
vt 0.848565 0.931044
vt 0.712444 0.133009
vt 0.712978 0.111623
vt 0.712978 0.111623
vt 0.712444 0.133009
vt 0.573294 0.452409
vt 0.602392 0.669727
vt 0.602392 0.669727
vt 0.792207 0.779666
vt 0.784036 0.760611
vt 0.784036 0.760611
vt 0.842210 0.903044
vt 0.842210 0.903044
vt 0.914330 0.647472
vt 0.918445 0.639034
vt 0.918445 0.639034
vt 0.566874 0.114519
vt 0.565864 0.101360
vt 0.566874 0.114519
vt 0.762699 0.642745
vt 0.761931 0.626547
vt 0.761931 0.626547
vt 0.713742 0.090262
vt 0.713742 0.090262
vt 0.598852 0.615468
vt 0.760153 0.558841
vt 0.760312 0.551124
vt 0.760312 0.551124
vt 0.760705 0.543466
vt 0.760705 0.543466
vt 0.760345 0.581464
vt 0.760345 0.581464
vt 0.579286 0.161011
vt 0.585518 0.177244
vt 0.585518 0.177244
vt 0.832978 0.606604
vt 0.819086 0.659089
vt 0.832978 0.606604
vt 0.574064 0.144184
vt 0.569742 0.128678
vt 0.574064 0.144184
vt 0.762745 0.529478
vt 0.762745 0.529478
vt 0.760136 0.566472
vt 0.760153 0.558841
vt 0.760136 0.566472
vt 0.926350 0.614074
vt 0.926481 0.598240
vt 0.926481 0.598240
vt 0.958664 0.195501
vt 0.974861 0.220774
vt 0.958664 0.195501
vt 0.920750 0.431942
vt 0.916431 0.444661
vt 0.920750 0.431942
vt 0.934527 0.357793
vt 0.932829 0.351152
vt 0.934527 0.357793
vt 0.834344 0.873758
vt 0.823618 0.840078
vt 0.823618 0.840078
vt 0.932829 0.351152
vt 0.930489 0.337200
vt 0.922295 0.630538
vt 0.926350 0.614074
vt 0.977740 0.687260
vt 0.976745 0.671837
vt 0.976745 0.671837
vt 0.926481 0.422865
vt 0.926481 0.422865
vt 0.583339 0.022523
vt 0.589025 0.011834
vt 0.583339 0.022523
vt 0.578372 0.034367
vt 0.578372 0.034367
vt 0.858567 0.325117
vt 0.861722 0.346762
vt 0.861722 0.346762
vt 0.579088 0.256822
vt 0.579088 0.256822
vt 0.723366 0.235173
vt 0.730314 0.267102
vt 0.730314 0.267102
vt 0.570949 0.290860
vt 0.786576 0.735663
vt 0.921531 0.544437
vt 0.921531 0.544437
vt 0.929843 0.805339
vt 0.923161 0.838237
vt 0.929843 0.805339
vt 0.977823 0.610000
vt 0.977128 0.625442
vt 0.977823 0.610000
vt 0.918300 0.521975
vt 0.915558 0.500375
vt 0.844692 0.518770
vt 0.844692 0.518770
vt 0.976607 0.656166
vt 0.976766 0.640685
vt 0.976766 0.640685
vt 0.949636 0.225415
vt 0.941722 0.240484
vt 0.941722 0.240484
vt 0.709905 0.282706
vt 0.713312 0.297431
vt 0.709905 0.282706
vt 0.836217 0.055088
vt 0.838374 0.035131
vt 0.838374 0.035131
vt 0.930139 0.270665
vt 0.935111 0.255886
vt 0.930139 0.270665
vt 0.918300 0.521975
vt 0.718810 0.307882
vt 0.713312 0.297431
vt 0.725985 0.141286
vt 0.724935 0.152317
vt 0.724935 0.152317
vt 0.875668 0.403312
vt 0.875668 0.403312
vt 0.723958 0.164498
vt 0.723958 0.164498
vt 0.916431 0.444661
vt 0.914224 0.461309
vt 0.722830 0.181173
vt 0.722830 0.181173
vt 0.924499 0.907965
vt 0.920747 0.873264
vt 0.920747 0.873264
vt 0.834344 0.873758
vt 0.761950 0.675090
vt 0.762539 0.658951
vt 0.762539 0.658951
vt 0.762745 0.650868
vt 0.762699 0.642745
vt 0.853967 0.401205
vt 0.855220 0.323175
vt 0.855220 0.323175
vt 0.715669 0.446317
vt 0.716729 0.527196
vt 0.715669 0.446317
vt 0.910818 0.655645
vt 0.914330 0.647472
vt 0.981036 0.701325
vt 0.977740 0.687260
vt 0.939071 0.370204
vt 0.939071 0.370204
vt 0.925588 0.582412
vt 0.819086 0.659089
vt 0.853967 0.401205
vt 0.922295 0.630538
vt 0.762745 0.650868
vt 0.854177 0.973259
vt 0.852298 0.955226
vt 0.852298 0.955226
vt 0.849433 0.935798
vt 0.914224 0.461309
vt 0.928380 0.277575
vt 0.928380 0.277575
vt 0.908781 0.663343
vt 0.910818 0.655645
vt 0.938094 0.761908
vt 0.936269 0.775442
vt 0.938094 0.761908
vt 0.936269 0.775442
vt 0.749973 0.505148
vt 0.749899 0.516237
vt 0.749973 0.505148
vt 0.804178 0.800477
vt 0.804178 0.800477
vt 0.749568 0.477878
vt 0.749568 0.477878
vt 0.927136 0.284150
vt 0.926116 0.296831
vt 0.926116 0.296831
vt 0.716729 0.527196
vt 0.724817 0.614242
vt 0.936657 0.704261
vt 0.939555 0.723748
vt 0.936657 0.704261
vt 0.729640 0.670477
vt 0.731247 0.689222
vt 0.729640 0.670477
vt 0.748287 0.420377
vt 0.748231 0.409011
vt 0.748231 0.409011
vt 0.908781 0.663343
vt 0.748841 0.447963
vt 0.748287 0.420377
vt 0.748841 0.447963
vt 0.927136 0.284150
vt 0.715585 0.067879
vt 0.718810 0.045514
vt 0.718810 0.045514
vt 0.974861 0.018914
vt 0.974861 0.018914
vt 0.944487 0.381745
vt 0.944487 0.381745
vt 0.504956 0.054998
vt 0.502365 0.055343
vt 0.851837 0.086761
vt 0.851837 0.086761
vt 0.841361 0.090085
vt 0.851763 0.090085
vt 0.841361 0.090085
vt 0.977128 0.625442
vt 0.494398 0.116289
vt 0.494398 0.105423
vt 0.494398 0.116289
vt 0.749899 0.516237
vt 0.749557 0.524801
vt 0.567125 0.374810
vt 0.565864 0.348491
vt 0.565864 0.348491
vt 0.748404 0.400092
vt 0.749973 0.385008
vt 0.749973 0.385008
vt 0.288948 0.113010
vt 0.287685 0.102037
vt 0.288948 0.113010
vt 0.762025 0.691209
vt 0.761950 0.675090
vt 0.711311 0.176274
vt 0.748404 0.400092
vt 0.289908 0.122839
vt 0.289908 0.122839
vt 0.568988 0.075288
vt 0.571786 0.061589
vt 0.568988 0.075288
vt 0.721054 0.379554
vt 0.569742 0.128678
vt 0.939555 0.723748
vt 0.939919 0.748374
vt 0.574658 0.047607
vt 0.571786 0.061589
vt 0.951648 0.153976
vt 0.954440 0.101893
vt 0.858075 0.295465
vt 0.858567 0.325117
vt 0.858526 0.202893
vt 0.859792 0.150574
vt 0.858526 0.202893
vt 0.858075 0.295465
vt 0.858864 0.254979
vt 0.858864 0.254979
vt 0.579286 0.161011
vt 0.721666 0.205383
vt 0.721666 0.205383
vt 0.710189 0.219551
vt 0.709626 0.241298
vt 0.723366 0.235173
vt 0.923161 0.838237
vt 0.869649 0.381984
vt 0.865855 0.364915
vt 0.976607 0.656166
vt 0.833677 0.077983
vt 0.833677 0.077983
vt 0.583901 0.534240
vt 0.588887 0.561514
vt 0.583901 0.534240
vt 0.930489 0.337200
vt 0.836217 0.055088
vt 0.715585 0.067879
vt 0.709626 0.241298
vt 0.709156 0.263060
vt 0.935111 0.255886
vt 0.792207 0.779666
vt 0.936069 0.957683
vt 0.930658 0.936929
vt 0.930658 0.936929
vt 0.924499 0.907965
vt 0.939919 0.974220
vt 0.936069 0.957683
vt 0.283527 0.061617
vt 0.283585 0.045708
vt 0.283527 0.061617
vt 0.597434 0.694869
vt 0.597434 0.694869
vt 0.867118 0.113873
vt 0.859792 0.150574
vt 0.709156 0.263060
vt 0.285976 0.090323
vt 0.284383 0.077046
vt 0.285976 0.090323
vt 0.284383 0.077046
vt 0.287685 0.102037
vt 0.574658 0.047607
vt 0.951648 0.153976
vt 0.855086 0.987678
vt 0.855220 0.998532
vt 0.855086 0.987678
vt 0.283585 0.045708
vt 0.284653 0.031378
vt 0.865855 0.364915
vt 0.565864 0.101360
vt 0.566691 0.088476
vt 0.566691 0.088476
vt 0.836185 0.305537
vt 0.833312 0.320238
vt 0.836185 0.305537
vt 0.854177 0.973259
vt 0.981036 0.561880
vt 0.980233 0.536316
vt 0.980233 0.536316
vt 0.837898 0.262749
vt 0.838374 0.284483
vt 0.979029 0.593795
vt 0.981036 0.561880
vt 0.979029 0.593795
vt 0.838374 0.284483
vt 0.724817 0.614242
vt 0.728032 0.651732
vt 0.939007 0.755141
vt 0.939007 0.755141
vt 0.372773 0.428944
vt 0.379166 0.411913
vt 0.888445 0.762634
vt 0.685766 0.655328
vt 0.891902 0.762566
vt 0.938094 0.761908
vt 0.882250 0.760120
vt 0.491828 0.135527
vt 0.684664 0.655230
vt 0.372773 0.428944
vt 0.379166 0.411913
vt 0.888445 0.762634
vt 0.891902 0.762566
vt 0.685766 0.655328
vt 0.724817 0.614242
vt 0.939007 0.755141
vt 0.882250 0.760120
vt 0.491828 0.135527
vt 0.684664 0.655230
vt 0.511186 0.138778
vt 0.884212 0.753511
vt 0.379421 0.429823
vt 0.511186 0.138778
vt 0.939007 0.755141
vt 0.939919 0.748374
vt 0.728032 0.651732
vt 0.728032 0.651732
vt 0.728032 0.651732
vt 0.688560 0.674969
vt 0.838374 0.035131
vt 0.685967 0.065419
vt 0.992451 0.393101
vt 0.744399 0.985155
vt 0.998572 0.240084
vt 0.659471 0.286858
vt 0.138735 0.263526
vt 0.585518 0.177244
vt 0.936657 0.704261
vt 0.737186 0.518028
vt 0.860587 0.434625
vt 0.639754 0.166304
vt 0.637115 0.011029
vt 0.634363 0.504832
vt 0.547928 0.851695
vt 0.941297 0.696704
vt 0.885722 0.995462
vt 0.299071 0.122141
vt 0.653961 0.613407
vt 0.880018 0.407689
vt 0.625276 0.398634
vt 0.656615 0.180661
vt 0.921152 0.383254
vt 0.965226 0.049040
vt 0.855220 0.323175
vt 0.749973 0.385008
vt 0.855220 0.998532
vt 0.763594 0.288606
vt 0.766340 0.312811
vt 0.877720 0.075869
vt 0.858075 0.880853
vt 0.923261 0.393535
vt 0.765152 0.157238
vt 0.597434 0.694869
vt 0.254161 0.433552
vt 0.283585 0.045708
vt 0.462422 0.809693
vt 0.939919 0.974220
vt 0.725985 0.141286
vt 0.955149 0.046388
vt 0.625348 0.994450
vt 0.841467 0.112411
vt 0.767230 0.479418
vt 0.533150 0.122667
vt 0.520271 0.121200
vt 0.764404 0.430636
vt 0.491542 0.091358
vt 0.654330 0.177244
vt 0.518768 0.097779
vt 0.841230 0.109702
vt 0.852819 0.127146
vt 0.550972 0.064280
vt 0.764414 0.403347
vt 0.752957 0.522949
vt 0.767066 0.522804
vt 0.551032 0.056578
vt 0.551012 0.073479
vt 0.754280 0.485741
vt 0.417742 0.115142
vt 0.767287 0.443234
vt 0.468484 0.089041
vt 0.654184 0.140547
vt 0.753462 0.440298
vt 0.752901 0.479309
vt 0.753210 0.481038
vt 0.850495 0.106372
vt 0.495189 0.069995
vt 0.843721 0.087148
vt 0.739244 0.317488
vt 0.850938 0.070325
vt 0.841781 0.070460
vt 0.510682 0.116539
vt 0.504956 0.071272
vt 0.510824 0.122707
vt 0.381228 0.062227
vt 0.760514 0.399494
vt 0.388953 0.062547
vt 0.510365 0.105368
vt 0.851016 0.069815
vt 0.414310 0.076576
vt 0.514027 0.071556
vt 0.508023 0.062622
vt 0.512796 0.062418
vt 0.380705 0.069233
vt 0.740553 0.316409
vt 0.752828 0.396909
vt 0.512048 0.097941
vt 0.736388 0.321255
vt 0.843641 0.163712
vt 0.744441 0.320209
vt 0.385696 0.070593
vt 0.848306 0.169380
vt 0.385696 0.070593
vt 0.734225 0.323162
vt 0.551322 0.058101
vt 0.987010 0.381685
vt 0.838374 0.035131
vt 0.718810 0.045514
vt 0.992451 0.393101
vt 0.744399 0.985155
vt 0.734108 0.694869
vt 0.993645 0.392244
vt 0.596001 0.972555
vt 0.949636 0.225415
vt 0.299876 0.101877
vt 0.585518 0.177244
vt 0.299036 0.028855
vt 0.639754 0.001468
vt 0.977740 0.687260
vt 0.737186 0.518028
vt 0.861722 0.346762
vt 0.860587 0.434625
vt 0.639907 0.532175
vt 0.637115 0.011029
vt 0.491700 0.658088
vt 0.547928 0.851695
vt 0.557178 0.868242
vt 0.692456 0.694708
vt 0.941297 0.696704
vt 0.885722 0.995462
vt 0.804910 0.659875
vt 0.880018 0.407689
vt 0.674470 0.315964
vt 0.299630 0.112624
vt 0.946577 0.526594
vt 0.926829 0.196904
vt 0.926116 0.196249
vt 0.930799 0.154592
vt 0.923261 0.103292
vt 0.504625 0.997867
vt 0.855220 0.998532
vt 0.562406 0.917576
vt 0.763594 0.288606
vt 0.877720 0.075869
vt 0.554471 0.562918
vt 0.729640 0.670477
vt 0.826952 0.520501
vt 0.974861 0.220774
vt 0.781671 0.784461
vt 0.254161 0.433552
vt 0.462422 0.809693
vt 0.939919 0.974220
vt 0.954526 0.046424
vt 0.299036 0.028855
vt 0.625348 0.994450
vt 0.754626 0.977296
vt 0.468079 0.114350
vt 0.467786 0.114425
vt 0.467850 0.089237
vt 0.853128 0.114144
vt 0.423263 0.117717
vt 0.764556 0.403479
vt 0.518566 0.121722
vt 0.767011 0.526478
vt 0.519262 0.100248
vt 0.394560 0.080077
vt 0.405893 0.122839
vt 0.537285 0.066599
vt 0.433078 0.122839
vt 0.405815 0.122464
vt 0.764533 0.430410
vt 0.654330 0.177244
vt 0.519680 0.099419
vt 0.550972 0.064280
vt 0.448618 0.089334
vt 0.394652 0.079793
vt 0.421362 0.081456
vt 0.471369 0.091376
vt 0.473320 0.117382
vt 0.642662 0.168305
vt 0.752920 0.402525
vt 0.752957 0.522949
vt 0.448637 0.119459
vt 0.446568 0.117060
vt 0.767066 0.522804
vt 0.766899 0.479618
vt 0.766850 0.482804
vt 0.766997 0.443624
vt 0.417883 0.079831
vt 0.417943 0.080130
vt 0.764533 0.430410
vt 0.417742 0.115142
vt 0.767283 0.495336
vt 0.533150 0.122667
vt 0.753388 0.452429
vt 0.766951 0.443341
vt 0.767342 0.443520
vt 0.456751 0.089211
vt 0.534368 0.109812
vt 0.537413 0.075469
vt 0.417943 0.080130
vt 0.417943 0.080130
vt 0.467850 0.089237
vt 0.468194 0.089132
vt 0.654184 0.140547
vt 0.446107 0.115775
vt 0.766914 0.477950
vt 0.416339 0.117634
vt 0.752901 0.479309
vt 0.517961 0.098820
vt 0.766709 0.481336
vt 0.850495 0.106372
vt 0.512812 0.071586
vt 0.495189 0.069995
vt 0.843721 0.087148
vt 0.848900 0.162960
vt 0.739244 0.317488
vt 0.842627 0.162882
vt 0.511196 0.122697
vt 0.753481 0.399226
vt 0.504608 0.071591
vt 0.504672 0.071582
vt 0.511184 0.122839
vt 0.374322 0.071375
vt 0.374212 0.071363
vt 0.413928 0.059703
vt 0.495486 0.071502
vt 0.413872 0.059664
vt 0.841764 0.069963
vt 0.841704 0.069953
vt 0.760522 0.390145
vt 0.510672 0.105565
vt 0.510682 0.104471
vt 0.510554 0.105598
vt 0.510545 0.106258
vt 0.510148 0.105811
vt 0.374177 0.062313
vt 0.414382 0.052448
vt 0.414038 0.052563
vt 0.374228 0.062406
vt 0.509171 0.063216
vt 0.509473 0.062487
vt 0.753353 0.399226
vt 0.513671 0.071707
vt 0.753488 0.390257
vt 0.414657 0.076751
vt 0.510825 0.098315
vt 0.511185 0.098152
vt 0.512418 0.122586
vt 0.850408 0.154372
vt 0.850564 0.154262
vt 0.508281 0.071718
vt 0.511302 0.115532
vt 0.841788 0.154137
vt 0.512418 0.122586
vt 0.415708 0.052661
vt 0.415239 0.052715
vt 0.415887 0.076729
vt 0.415915 0.076857
vt 0.512796 0.071718
vt 0.850435 0.178855
vt 0.512082 0.098222
vt 0.850445 0.178972
vt 0.850564 0.178819
vt 0.512840 0.063200
vt 0.512443 0.062576
vt 0.508156 0.069193
vt 0.380705 0.069233
vt 0.842409 0.070110
vt 0.850329 0.069994
vt 0.847491 0.162122
vt 0.388953 0.062547
vt 0.850278 0.171852
vt 0.417508 0.069775
vt 0.509432 0.069201
vt 0.511162 0.098028
vt 0.513690 0.071576
vt 0.512082 0.098222
vt 0.508350 0.062580
vt 0.511184 0.122839
vt 0.415239 0.052715
vt 0.414657 0.076751
vt 0.508257 0.071578
vt 0.841803 0.178748
vt 0.414038 0.052563
vt 0.844348 0.170578
vt 0.735536 0.322512
vt 0.743725 0.323162
vt 0.842837 0.163087
vt 0.740553 0.316409
vt 0.842636 0.170349
vt 0.848908 0.170427
vt 0.842334 0.170658
vt 0.385696 0.070593
vt 0.734621 0.317270
vt 0.848556 0.169915
vt 0.734621 0.322922
vt 0.843128 0.169848
vt 0.386098 0.063888
vt 0.551322 0.058101
vt 0.841230 0.086917
vt 0.916663 0.701325
vt 0.600614 0.181679
vt 0.974861 0.220774
vt 0.589025 0.011834
vt 0.949636 0.225415
vt 0.718810 0.307882
vt 0.725985 0.141286
vt 0.981036 0.701325
vt 0.731247 0.689222
vt 0.504956 0.054998
vt 0.851763 0.090085
vt 0.494398 0.105423
vt 0.749557 0.524801
vt 0.762025 0.691209
vt 0.939919 0.974220
vt 0.867118 0.113873
vt 0.855220 0.998532
vt 0.284653 0.031378
vt 0.833312 0.320238
vn -0.0073 0.9996 0.0288
vn -0.0114 0.9987 0.0507
vn -0.0066 0.9996 0.0291
vn 0.7446 -0.0294 0.6669
vn 0.5285 -0.5877 0.6127
vn 0.4288 -0.5776 0.6947
vn -0.9698 0.0460 0.2395
vn -0.9990 0.0083 0.0434
vn -0.9990 0.0083 0.0433
vn -0.9995 0.0058 0.0304
vn 0.9995 0.0058 0.0304
vn 0.9993 0.0072 0.0372
vn -0.7340 -0.6719 0.0989
vn -0.3581 -0.9209 -0.1539
vn -0.7120 -0.6972 0.0834
vn 0.3579 -0.9210 -0.1540
vn 0.7339 -0.6721 0.0984
vn 0.7123 -0.6970 0.0826
vn -0.3575 0.7982 -0.4849
vn -0.7338 0.6607 -0.1580
vn -0.7120 0.6783 -0.1816
vn 0.9698 0.0460 0.2396
vn 0.9984 0.0107 0.0558
vn 0.1525 0.0944 0.9838
vn -0.8054 -0.5838 0.1029
vn 0.0505 -0.5841 -0.8101
vn 0.7033 -0.3213 -0.6341
vn -0.1810 -0.6020 -0.7777
vn 0.7631 -0.0125 0.6461
vn 0.1412 -0.9898 -0.0175
vn -0.9141 -0.0061 0.4055
vn -0.8880 -0.0073 0.4597
vn -0.8715 -0.0066 0.4904
vn 0.8123 0.4285 0.3958
vn -0.2179 -0.2973 -0.9296
vn -0.2876 -0.4024 -0.8691
vn -0.1164 -0.1469 -0.9823
vn -0.3947 -0.5442 0.7403
vn -0.4237 -0.5836 0.6927
vn -0.4847 -0.6739 0.5576
vn -0.5060 0.0190 0.8623
vn -0.5057 0.0232 0.8624
vn -0.5967 0.0171 0.8023
vn 0.4396 -0.0002 0.8982
vn 0.4409 0.0059 0.8975
vn 0.4154 0.0001 0.9096
vn 0.4430 0.4294 -0.7870
vn 0.3285 0.3685 -0.8696
vn -0.9842 -0.0299 0.1746
vn -0.6442 -0.6986 0.3113
vn -0.8547 -0.4238 0.2999
vn -0.8933 -0.3441 0.2891
vn -0.3794 0.3098 0.8718
vn -0.3831 0.5274 0.7583
vn -0.4273 0.1662 0.8887
vn -0.0087 -0.0134 -0.9999
vn -0.0085 -0.0214 -0.9997
vn -0.0151 -0.0100 -0.9998
vn -0.1988 0.6412 -0.7412
vn -0.1668 0.6823 -0.7118
vn 0.1592 0.6360 -0.7551
vn 0.2361 0.4618 0.8550
vn 0.1068 0.4437 0.8898
vn -0.7960 -0.4415 -0.4142
vn -0.6579 -0.6269 -0.4172
vn -0.8062 -0.3957 -0.4398
vn -0.8093 0.2091 0.5489
vn -0.4445 0.3789 0.8117
vn -0.9317 0.0922 0.3513
vn 0.1299 -0.9914 0.0124
vn -1.0000 -0.0034 0.0046
vn -0.9995 -0.0059 0.0303
vn -0.9998 -0.0118 0.0178
vn -0.9994 -0.0066 -0.0341
vn -0.9996 -0.0055 -0.0285
vn 0.0475 0.1213 0.9915
vn -0.2840 0.1808 0.9416
vn -0.2849 0.1808 0.9414
vn -0.1776 0.2348 0.9557
vn 0.0727 0.5817 0.8102
vn -0.5267 0.3547 0.7725
vn -0.0738 0.8567 0.5106
vn 0.1859 0.9240 0.3343
vn -0.3508 0.8415 0.4109
vn 0.9849 0.0688 0.1590
vn 0.9718 0.0297 -0.2340
vn 0.9905 -0.0250 -0.1353
vn 0.9676 0.0677 -0.2433
vn -0.4447 -0.8873 -0.1223
vn -0.8967 -0.2882 -0.3361
vn 0.5948 0.5023 0.6276
vn 0.5073 0.6216 0.5969
vn 0.5105 0.5342 0.6738
vn -0.1988 0.8000 0.5662
vn -0.9906 -0.0247 -0.1344
vn -0.9717 0.0283 -0.2347
vn -0.9675 0.0665 -0.2440
vn -0.0720 0.5816 0.8102
vn 0.1783 0.2347 0.9556
vn 0.5274 0.3545 0.7721
vn -0.5915 0.8013 -0.0894
vn -0.7229 0.6855 -0.0874
vn -0.7828 0.6134 0.1050
vn -0.8511 0.5191 0.0781
vn 0.1777 0.1360 0.9746
vn -0.0721 -0.2401 0.9681
vn 0.5253 -0.0428 0.8498
vn 0.0739 -0.6063 0.7918
vn -0.1436 -0.6503 0.7460
vn 0.3503 -0.6291 0.6939
vn -0.9853 -0.0034 0.1707
vn -0.9718 -0.1124 -0.2074
vn -0.9943 -0.0206 -0.1046
vn -0.9676 -0.1514 -0.2019
vn 0.4455 0.7782 -0.4426
vn 0.0723 -0.2402 0.9680
vn -0.1768 0.1360 0.9748
vn -0.5248 -0.0429 0.8502
vn 0.7233 -0.6684 0.1734
vn 0.7831 -0.5302 0.3251
vn 0.8516 -0.4522 0.2651
vn 0.1763 -0.5320 0.8282
vn 0.9941 -0.0207 -0.1062
vn 0.9718 -0.1128 -0.2071
vn 0.9677 -0.1514 -0.2015
vn 0.9019 -0.1131 -0.4169
vn 0.9845 -0.0425 -0.1701
vn 0.9963 -0.0005 0.0856
vn -0.5072 0.6202 0.5985
vn -0.5923 0.5031 0.6294
vn -0.5107 0.5344 0.6735
vn -0.8965 -0.0509 -0.4402
vn -0.9790 -0.0286 -0.2020
vn -0.9948 0.0358 0.0957
vn 0.9783 -0.0295 -0.2052
vn 0.8927 -0.0516 -0.4477
vn 0.9953 0.0336 0.0912
vn 0.5065 -0.3387 0.7929
vn 0.5909 -0.2342 0.7720
vn 0.5102 -0.2465 0.8240
vn 0.8206 0.3179 -0.4750
vn 0.7989 0.4409 -0.4092
vn 0.8892 0.3837 -0.2491
vn -0.8334 -0.4806 -0.2729
vn -0.7940 -0.5954 -0.1227
vn -0.8770 -0.4691 -0.1042
vn 0.5583 -0.7879 -0.2598
vn 0.7357 -0.6640 -0.1339
vn 0.6026 -0.7897 -0.1147
vn 0.9099 -0.0782 -0.4073
vn 0.8278 -0.0013 -0.5610
vn 0.9889 -0.0280 -0.1456
vn -0.9889 -0.0280 -0.1458
vn 0.2201 -0.9406 0.2584
vn 0.1911 -0.9462 0.2611
vn 0.1916 -0.9461 0.2613
vn -0.7888 -0.5875 0.1809
vn -0.9005 -0.4127 0.1372
vn -0.8945 -0.4217 0.1485
vn 0.9997 -0.0117 0.0214
vn 1.0000 -0.0052 0.0011
vn 0.9996 -0.0205 -0.0201
vn -0.9998 0.0178 0.0121
vn -0.9999 0.0034 -0.0112
vn -0.9997 0.0182 0.0136
vn 0.7897 -0.5944 0.1518
vn 0.6333 -0.7488 0.1956
vn 0.6320 -0.7501 0.1950
vn 0.7870 0.5906 -0.1782
vn 0.8988 0.4184 -0.1304
vn 0.8973 0.4222 -0.1289
vn 0.9806 0.0370 0.1926
vn 0.9984 -0.0106 -0.0550
vn 0.4729 -0.0451 -0.8799
vn 0.4689 -0.0526 -0.8817
vn 0.4742 -0.0456 -0.8792
vn 0.3615 -0.0316 -0.9318
vn 0.3614 -0.0295 -0.9320
vn -0.2338 0.1942 0.9527
vn -0.2377 0.1895 0.9527
vn -0.2627 0.1856 0.9469
vn -0.0126 0.9987 0.0494
vn -0.0091 0.9996 0.0277
vn -0.0068 0.9996 0.0290
vn -0.9990 0.0085 0.0442
vn 0.9931 -0.0646 -0.0977
vn -0.3203 -0.7419 -0.5890
vn -0.3994 0.0436 0.9157
vn -0.4834 0.0581 0.8734
vn -0.4098 0.0401 0.9113
vn 0.0105 -0.9992 -0.0398
vn 0.0093 -0.9991 -0.0406
vn 0.0067 -0.9996 -0.0285
vn 0.9751 -0.0254 -0.2205
vn 0.9774 -0.0272 -0.2099
vn 0.9735 -0.0215 -0.2278
vn 0.5528 0.6887 -0.4691
vn 0.9410 -0.2736 -0.1992
vn 0.8927 -0.3702 -0.2569
vn 0.8187 -0.4213 -0.3901
vn 0.8560 0.2427 0.4565
vn 0.8560 0.2426 0.4565
vn 0.8522 0.3303 0.4059
vn 0.7966 -0.0173 -0.6043
vn 0.5261 0.7016 0.4805
vn 0.3659 0.9282 0.0669
vn 0.4180 0.9059 0.0683
vn 0.2647 0.9637 0.0346
vn 0.1726 0.9215 0.3479
vn 0.3604 0.8462 0.3925
vn 0.6063 0.6924 0.3911
vn 0.9992 -0.0075 -0.0388
vn 0.9996 -0.0055 -0.0285
vn -0.9988 -0.0093 -0.0484
vn 0.1835 0.8006 0.5704
vn -0.9697 0.1121 -0.2171
vn -0.9174 -0.0395 -0.3961
vn 0.7229 0.6854 -0.0873
vn 0.6773 0.7236 -0.1328
vn 0.6584 0.7183 -0.2248
vn 0.5918 0.8012 -0.0889
vn 0.7268 0.6472 0.2300
vn 0.7477 0.6508 0.1315
vn 0.6104 0.7846 0.1085
vn -0.9853 0.0664 0.1572
vn 0.4437 -0.8878 -0.1223
vn 0.8967 -0.2889 -0.3353
vn 0.9695 0.1135 -0.2173
vn 0.9643 0.2642 -0.0181
vn -0.1887 -0.5336 0.8244
vn 0.9694 -0.1868 -0.1594
vn 0.9694 -0.1869 -0.1593
vn 0.9172 -0.1118 -0.3825
vn -0.7234 -0.6683 0.1733
vn -0.6779 -0.7207 0.1451
vn -0.6591 -0.7498 0.0581
vn -0.5926 -0.7766 0.2139
vn -0.8967 0.1417 -0.4193
vn -0.9695 -0.1856 -0.1599
vn -0.9645 -0.2514 0.0804
vn 0.9849 -0.0050 0.1733
vn -0.9906 -0.0249 -0.1342
vn -0.9943 -0.0207 -0.1048
vn -0.9815 -0.0361 -0.1879
vn 0.9890 -0.0280 -0.1456
vn 0.9905 -0.0251 -0.1354
vn 0.9815 -0.0371 -0.1877
vn 0.9815 -0.0355 -0.1881
vn -0.7887 -0.5876 0.1809
vn -0.6322 -0.7435 0.2182
vn 0.9421 -0.0383 0.3332
vn 0.9997 0.0084 0.0219
vn 0.8145 0.0736 0.5755
vn 0.7575 -0.0391 0.6517
vn -0.3154 -0.0051 0.9490
vn -0.0479 0.2130 0.9759
vn -0.2065 -0.0740 0.9756
vn -0.6095 0.0503 0.7912
vn -0.5805 0.0312 0.8136
vn -0.6103 -0.0146 0.7921
vn -0.1614 0.0591 0.9851
vn -0.1824 0.1064 0.9775
vn -0.1452 0.0814 0.9861
vn -0.2769 0.1493 0.9492
vn -0.3023 0.0742 0.9503
vn -0.2853 0.1586 0.9452
vn -0.2430 -0.5898 0.7701
vn -0.3221 -0.3756 0.8690
vn -0.3312 -0.5679 0.7536
vn -0.3825 0.2043 0.9011
vn -0.3168 0.2001 0.9272
vn -0.3598 0.1692 0.9176
vn -0.1871 0.1453 0.9715
vn -0.1703 0.1170 0.9784
vn -0.1884 0.1477 0.9709
vn -0.4638 0.0066 0.8859
vn -0.5054 0.0264 0.8625
vn -0.5061 0.0162 0.8623
vn -0.2056 0.0919 0.9743
vn -0.1909 0.0365 0.9809
vn -0.2316 0.0773 0.9697
vn -0.3119 0.9458 -0.0905
vn -0.2302 0.9721 -0.0453
vn -0.3593 0.9252 -0.1223
vn -0.2191 0.1898 0.9571
vn -0.2062 0.1463 0.9675
vn -0.2261 0.1710 0.9590
vn -0.2655 0.1435 0.9534
vn -0.2805 0.0648 0.9577
vn -0.5209 0.0238 0.8533
vn -0.5237 0.0344 0.8512
vn -0.5261 0.0298 0.8499
vn -0.3679 -0.0552 0.9282
vn -0.3079 0.0162 0.9513
vn -0.3088 -0.0741 0.9482
vn -0.4636 0.2736 0.8427
vn -0.3726 0.2317 0.8986
vn -0.3540 0.2221 0.9085
vn -0.3508 0.0349 0.9358
vn -0.3241 0.0970 0.9410
vn -0.2541 -0.0812 0.9638
vn -0.1964 -0.0777 0.9774
vn -0.1896 -0.0812 0.9785
vn -0.3430 0.2154 0.9143
vn -0.2985 0.1544 0.9418
vn 0.2408 0.9230 0.3001
vn 0.3568 0.8468 0.3946
vn 0.3743 0.8080 0.4550
vn -0.3890 0.0683 0.9187
vn -0.3430 0.1310 0.9302
vn -0.0826 -0.0198 0.9964
vn -0.0864 -0.0673 0.9940
vn -0.0844 -0.0473 0.9953
vn -0.4951 0.0803 0.8651
vn -0.0584 0.0684 0.9959
vn -0.0940 0.0871 0.9918
vn -0.6064 0.2435 0.7570
vn -0.5546 0.2582 0.7910
vn -0.5523 0.2417 0.7978
vn -0.0593 -0.0599 0.9964
vn -0.2331 0.1771 0.9562
vn -0.0632 0.9957 0.0677
vn -0.0771 0.9960 0.0445
vn -0.0814 0.9943 0.0686
vn -0.1202 0.0404 0.9919
vn -0.1039 0.0166 0.9944
vn -0.1539 -0.0817 0.9847
vn -0.1378 -0.0872 0.9866
vn -0.0994 -0.0796 0.9919
vn 0.5263 0.5606 0.6394
vn 0.4971 0.6077 0.6194
vn -0.9571 0.0782 0.2791
vn -0.8795 -0.1228 -0.4598
vn -0.9682 0.0836 0.2359
vn -0.2658 0.0991 0.9589
vn -0.2466 -0.3544 0.9020
vn -0.2369 -0.3114 0.9203
vn -0.3056 0.0811 0.9487
vn -0.2251 0.0902 0.9701
vn -0.2931 0.1007 0.9508
vn -0.2882 0.1363 0.9478
vn -0.3069 0.1529 0.9394
vn -0.3432 0.0972 0.9342
vn -0.3544 0.1087 0.9288
vn -0.2631 0.1107 0.9584
vn -0.2715 0.1156 0.9555
vn 0.0035 0.9934 0.1151
vn -0.0797 0.4496 0.8897
vn -0.0439 0.5884 0.8074
vn -0.7357 -0.5587 -0.3828
vn -0.9545 -0.0153 0.2979
vn -0.7918 -0.4468 -0.4164
vn -0.6367 0.2723 0.7214
vn -0.6154 0.2574 0.7450
vn -0.6442 0.2537 0.7215
vn 0.5748 -0.6057 0.5503
vn -0.0087 0.0388 0.9992
vn -0.0070 -0.0124 0.9999
vn -0.1200 -0.0518 0.9914
vn -0.1434 0.4986 0.8549
vn -0.1743 -0.0322 0.9842
vn -0.4795 0.8550 -0.1974
vn -0.5780 0.7745 -0.2570
vn -0.4372 0.8835 -0.1678
vn -0.2928 0.1710 0.9408
vn -0.2759 0.1159 0.9542
vn -0.6315 0.2759 0.7247
vn -0.6317 0.2846 0.7211
vn -0.2617 -0.0365 0.9645
vn -0.1894 -0.0435 0.9809
vn -0.0813 0.9943 0.0686
vn -0.2974 0.5431 0.7852
vn -0.0632 0.9957 0.0676
vn 0.6178 0.0119 0.7862
vn 0.0103 0.0345 0.9994
vn 0.6266 -0.0780 0.7754
vn -0.1098 -0.0210 0.9937
vn -0.1922 0.9813 -0.0059
vn -0.1258 0.9920 0.0139
vn -0.0537 0.1735 0.9834
vn 0.5936 0.2169 0.7750
vn 0.5262 0.5606 0.6394
vn -0.2240 0.1304 0.9658
vn -0.2077 0.1209 0.9707
vn -0.1991 0.1386 0.9701
vn -0.2588 0.1837 0.9483
vn -0.1058 -0.0752 0.9915
vn -0.0376 0.3785 0.9248
vn -0.5765 0.0058 0.8171
vn -0.5444 0.0338 0.8382
vn -0.6427 0.2759 0.7147
vn -0.9543 0.0563 0.2936
vn -0.3848 0.4854 0.7851
vn -0.3220 -0.0116 0.9467
vn -0.6382 0.2408 0.7312
vn -0.6214 0.1632 0.7663
vn -0.6322 0.2391 0.7370
vn -0.1780 0.0377 0.9833
vn -0.1159 0.0037 0.9932
vn -0.4398 -0.0297 0.8976
vn -0.3815 -0.0535 0.9228
vn -0.2687 0.0968 0.9583
vn 0.4996 -0.8124 0.3006
vn 0.3844 -0.9044 0.1854
vn 0.4757 -0.7895 0.3879
vn -0.1794 0.1219 0.9762
vn -0.4870 0.2853 0.8255
vn -0.4830 -0.3055 0.8206
vn -0.1074 -0.9938 -0.0305
vn -0.0554 -0.9985 -0.0014
vn -0.1303 -0.9902 -0.0505
vn -0.0348 0.9955 0.0882
vn -0.2185 0.5279 0.8207
vn -0.4618 0.0160 0.8868
vn -0.4444 0.5256 0.7254
vn -0.2484 -0.3844 0.8891
vn -0.2771 0.1256 0.9526
vn -0.2506 -0.4161 0.8741
vn -0.6714 -0.6478 -0.3599
vn -0.7527 -0.5192 -0.4048
vn -0.6039 0.1132 0.7890
vn -0.6248 0.1120 0.7727
vn -0.2472 0.1180 0.9617
vn -0.4136 0.0958 0.9054
vn -0.2294 0.1434 0.9627
vn -0.1234 -0.0528 0.9910
vn -0.6008 0.1608 0.7831
vn -0.5670 0.1888 0.8018
vn -0.5725 0.1517 0.8057
vn -0.2717 0.1004 0.9571
vn -0.2741 0.1127 0.9551
vn -0.4227 -0.0265 0.9059
vn -0.4863 0.0016 0.8738
vn -0.2270 0.0195 0.9737
vn -0.3153 0.1833 0.9311
vn -0.2811 0.1500 0.9479
vn -0.3342 -0.0258 0.9422
vn -0.3177 -0.0713 0.9455
vn -0.4543 0.0521 0.8893
vn -0.4869 0.0821 0.8696
vn -0.4638 0.0776 0.8825
vn -0.6373 0.2571 0.7264
vn -0.6279 0.2544 0.7355
vn -0.5955 0.2679 0.7574
vn -0.6247 0.1120 0.7728
vn -0.2515 -0.0823 0.9644
vn -0.5322 0.0217 0.8463
vn -0.8033 -0.4102 -0.4319
vn -0.8507 -0.2834 -0.4426
vn -0.8524 -0.2544 -0.4568
vn -0.6419 0.2995 0.7059
vn -0.2137 -0.2622 0.9411
vn -0.2064 -0.4506 0.8686
vn -0.1685 -0.3952 0.9030
vn -0.9534 0.0957 0.2862
vn -0.6348 0.2273 0.7385
vn -0.2664 0.0119 0.9638
vn -0.2567 0.0669 0.9642
vn -0.5622 0.3117 0.7660
vn -0.7225 -0.1742 0.6690
vn 0.0169 0.2812 0.9595
vn -0.2498 0.1419 0.9578
vn -0.3977 -0.0019 0.9175
vn -0.5383 0.0266 0.8423
vn -0.5193 0.0434 0.8535
vn -0.5299 0.0192 0.8478
vn -0.0271 0.2937 0.9555
vn -0.2452 -0.0209 0.9693
vn -0.4999 0.2288 0.8353
vn -0.4641 0.0127 0.8857
vn -0.4160 0.1124 0.9024
vn -0.6188 0.1665 0.7677
vn -0.5133 0.1204 0.8498
vn -0.4367 0.1595 0.8854
vn -0.4926 0.0643 0.8679
vn -0.1267 -0.0696 0.9895
vn -0.1296 0.1314 0.9828
vn -0.5581 0.2871 0.7785
vn -0.6190 0.3117 0.7208
vn -0.1879 0.1118 0.9758
vn -0.2308 0.1135 0.9664
vn -0.2627 0.1860 0.9468
vn -0.5356 0.0165 0.8443
vn -0.2553 0.1168 0.9598
vn -0.5377 0.0899 0.8383
vn -0.0272 0.9960 0.0846
vn 0.0036 0.9934 0.1150
vn 0.0101 0.9936 0.1125
vn -0.1452 -0.0564 0.9878
vn -0.4615 0.2007 0.8642
vn -0.6109 0.2890 0.7371
vn -0.2224 -0.5871 0.7784
vn 0.6336 -0.0557 0.7717
vn 0.6179 0.0119 0.7862
vn 0.6268 -0.0780 0.7753
vn 0.6302 0.0312 0.7758
vn 0.6227 0.0453 0.7812
vn -0.2212 -0.5701 0.7912
vn -0.2468 -0.3880 0.8880
vn -0.5347 0.1648 0.8288
vn -0.5504 0.1288 0.8249
vn -0.1097 0.9932 0.0398
vn -0.5196 0.4981 0.6942
vn -0.1922 0.9813 -0.0058
vn -0.5914 0.4628 0.6604
vn -0.6054 0.1955 0.7715
vn -0.8744 -0.1730 -0.4534
vn -0.6283 0.1945 0.7533
vn 0.1680 -0.9823 0.0827
vn 0.2473 -0.9639 0.0983
vn 0.2913 -0.9494 0.1177
vn -0.2523 0.1373 0.9579
vn -0.2467 0.1500 0.9574
vn -0.4557 0.2461 0.8554
vn -0.3033 0.1497 0.9411
vn -0.1170 -0.1372 0.9836
vn -0.1097 -0.3297 0.9377
vn -0.0314 -0.2416 0.9699
vn -0.5299 -0.8003 -0.2808
vn -0.6360 -0.6932 -0.3390
vn -0.0575 0.9964 0.0622
vn -0.6373 0.2570 0.7265
vn -0.0223 -0.9995 0.0210
vn -0.0471 -0.9989 0.0080
vn -0.0188 -0.9995 0.0248
vn -0.0099 -0.9995 0.0293
vn -0.0110 -0.9995 0.0303
vn -0.2700 -0.3646 0.8912
vn -0.3024 0.1854 0.9350
vn -0.2764 -0.0315 0.9605
vn -0.3877 0.0272 0.9214
vn -0.6461 0.4274 0.6323
vn -0.3873 0.0745 0.9190
vn -0.4208 0.2330 0.8767
vn -0.4854 0.2512 0.8374
vn 0.6201 0.0533 0.7827
vn -0.1191 0.1073 0.9871
vn -0.0091 -0.9995 0.0317
vn -0.0009 -0.9993 0.0381
vn -0.0109 -0.9994 0.0329
vn -0.0033 -0.9993 0.0374
vn -0.6191 0.3118 0.7208
vn -0.8725 -0.0678 0.4838
vn -0.5622 0.3116 0.7661
vn 0.6107 -0.3639 0.7033
vn 0.5635 -0.5570 0.6101
vn 0.6067 -0.3369 0.7200
vn -0.4526 0.0856 0.8876
vn -0.0942 0.0576 0.9939
vn 0.0338 -0.9982 0.0499
vn -0.3685 0.0046 0.9296
vn -0.5304 0.2587 0.8073
vn -0.6990 0.3843 0.6031
vn -0.6700 0.5517 0.4967
vn -0.7469 0.4895 0.4501
vn -0.1229 0.1244 0.9846
vn 0.6161 0.0729 0.7843
vn 0.6126 0.1025 0.7837
vn -0.7786 0.3004 0.5509
vn -0.7470 0.4894 0.4500
vn -0.7228 0.6100 -0.3247
vn -0.7165 0.6076 -0.3425
vn -0.5827 0.7698 -0.2606
vn -0.4737 0.0873 0.8764
vn -0.4858 0.0681 0.8714
vn 0.6024 0.3059 0.7372
vn -0.0045 0.0468 0.9989
vn -0.1497 0.0965 0.9840
vn -0.4661 0.1106 0.8778
vn -0.8716 -0.1570 -0.4644
vn -0.8802 -0.0919 -0.4656
vn -0.2659 0.1133 0.9573
vn -0.2672 -0.9550 -0.1290
vn -0.4513 -0.8611 -0.2340
vn -0.5978 0.5945 0.5378
vn -0.9278 -0.0287 0.3719
vn -0.9302 -0.2139 0.2984
vn -0.6418 0.2995 0.7059
vn -0.9405 0.0628 0.3339
vn -0.9091 0.0720 0.4102
vn 0.6218 0.1223 0.7736
vn 0.6127 0.1025 0.7837
vn -0.3869 0.2286 0.8934
vn 0.6300 -0.1563 0.7607
vn 0.6201 -0.1765 0.7644
vn 0.0232 0.3986 0.9168
vn -0.5466 -0.4937 0.6764
vn -0.2812 0.1242 0.9516
vn -0.3020 0.1852 0.9351
vn 0.6200 0.0533 0.7828
vn 0.6283 0.0458 0.7767
vn 0.6273 0.0569 0.7767
vn -0.7786 0.3004 0.5510
vn -0.2731 0.1238 0.9540
vn -0.1719 0.0707 0.9826
vn -0.2357 0.0606 0.9699
vn -0.2249 -0.5004 0.8361
vn -0.8855 0.0251 -0.4639
vn -0.8891 0.0745 -0.4515
vn -0.8840 0.0841 -0.4598
vn 0.1378 0.9680 0.2095
vn 0.2255 0.9372 0.2662
vn -0.1746 -0.2059 0.9629
vn 0.5004 0.8536 0.1451
vn -0.0357 0.6420 0.7659
vn 0.3711 0.9188 0.1349
vn -0.2440 -0.2186 0.9448
vn -0.2788 -0.2775 0.9194
vn -0.2700 -0.2045 0.9409
vn 0.6354 0.7521 0.1750
vn 0.7355 0.6516 0.1853
vn 0.7932 0.5768 0.1953
vn -0.7721 0.1494 0.6176
vn -0.7949 0.1155 0.5957
vn -0.7855 0.1462 0.6014
vn -0.9612 -0.2349 0.1447
vn -0.6619 -0.1229 -0.7394
vn -0.9066 -0.0874 -0.4130
vn -0.1931 -0.4660 0.8635
vn -0.2537 -0.3403 0.9054
vn -0.2702 -0.4565 0.8477
vn -0.5149 0.1343 0.8467
vn -0.6832 0.1246 0.7196
vn -0.6429 0.1027 0.7591
vn -0.1749 -0.4822 0.8584
vn -0.0220 -0.9994 -0.0261
vn -0.2591 -0.4601 0.8492
vn -0.1857 0.6148 0.7665
vn -0.1741 0.4276 0.8871
vn -0.1986 0.5511 0.8105
vn 0.6308 -0.7038 0.3268
vn 0.5383 -0.7950 0.2796
vn 0.6628 -0.6589 0.3559
vn 0.2353 0.4942 0.8369
vn 0.0272 0.4679 0.8834
vn 0.1254 0.5861 0.8005
vn -0.8370 -0.3004 -0.4574
vn -0.8088 -0.3657 -0.4605
vn -0.7904 -0.4144 -0.4511
vn -0.4803 0.2421 0.8430
vn -0.4489 0.2646 0.8535
vn -0.5093 0.1814 0.8412
vn -0.1007 0.4441 0.8903
vn 0.2150 0.9658 0.1449
vn -0.1371 0.4756 0.8689
vn -0.1464 0.2067 0.9674
vn -0.4427 0.0456 0.8955
vn -0.3470 -0.0360 0.9372
vn -0.3847 0.0747 0.9200
vn -0.3949 -0.3611 0.8448
vn -0.4537 -0.0617 0.8890
vn -0.4942 -0.1936 0.8475
vn -0.1171 -0.0310 0.9926
vn -0.2978 0.0692 0.9521
vn -0.0107 0.0338 0.9994
vn -0.7714 0.2750 0.5739
vn -0.9729 0.0754 0.2186
vn -0.7146 0.3140 0.6251
vn 0.6740 0.6227 0.3974
vn 0.7284 0.5225 0.4432
vn 0.6253 0.6750 0.3917
vn -0.5080 -0.2613 0.8208
vn -0.3078 -0.9348 -0.1775
vn -0.5319 -0.1874 0.8258
vn -0.5213 -0.0515 0.8518
vn -0.5342 0.0391 0.8445
vn -0.4774 -0.1280 0.8693
vn -0.8721 0.0967 -0.4797
vn -0.8743 0.0570 -0.4821
vn -0.8748 0.0351 -0.4831
vn 0.8583 -0.4386 0.2664
vn 0.8786 -0.4003 0.2605
vn 0.9137 -0.3617 0.1851
vn -0.7444 0.1520 0.6502
vn -0.7778 0.1093 0.6189
vn -0.3629 -0.5648 0.7412
vn -0.1086 -0.9908 -0.0809
vn -0.2767 -0.5567 0.7833
vn -0.6390 -0.1609 -0.7522
vn -0.6203 -0.3656 -0.6940
vn -0.5901 -0.4024 -0.6999
vn 0.9757 -0.2190 -0.0096
vn 0.9274 -0.3731 -0.0255
vn 0.9869 -0.1610 0.0043
vn 0.8857 -0.3283 0.3281
vn 0.8691 -0.3721 0.3259
vn 0.8581 -0.4072 0.3128
vn -0.3477 0.1654 0.9229
vn -0.4016 0.2587 0.8785
vn -0.3570 0.2115 0.9098
vn -0.3115 -0.1486 0.9386
vn -0.3247 -0.0375 0.9451
vn -0.3006 -0.0232 0.9535
vn 0.2174 0.1793 0.9595
vn 0.0888 0.1951 0.9767
vn 0.1564 0.1663 0.9736
vn -0.4330 0.3199 0.8427
vn -0.4740 0.3113 0.8236
vn -0.4454 0.3634 0.8182
vn -0.2244 -0.9618 -0.1568
vn -0.3194 -0.9263 -0.2001
vn -0.2068 0.2376 0.9491
vn -0.2834 0.2756 0.9186
vn 0.1505 0.9813 0.1198
vn 0.2025 0.9740 0.1018
vn 0.2395 0.9625 0.1272
vn -0.6670 0.1154 -0.7360
vn -0.6359 0.2555 -0.7283
vn -0.6368 0.3705 -0.6762
vn -0.1635 -0.1579 0.9738
vn -0.1762 -0.3492 0.9203
vn -0.1665 -0.1635 0.9724
vn -0.3122 -0.8829 -0.3508
vn -0.4802 -0.7339 -0.4804
vn -0.2831 -0.9175 -0.2794
vn -0.5745 -0.0176 0.8183
vn -0.4701 -0.1731 0.8655
vn -0.6012 -0.0480 0.7977
vn -0.4329 0.0235 0.9011
vn -0.3615 -0.2284 0.9039
vn -0.3425 -0.1364 0.9296
vn 0.4343 0.1553 0.8873
vn 0.1100 0.4194 0.9011
vn -0.0126 0.2674 0.9635
vn -0.1662 0.0913 0.9819
vn -0.1641 0.0592 0.9847
vn -0.1515 0.0873 0.9846
vn -0.3124 0.1440 0.9390
vn -0.3099 0.0791 0.9475
vn 0.7664 -0.6416 0.0330
vn 0.4136 -0.9104 0.0120
vn 0.3050 -0.9522 0.0178
vn -0.1475 -0.9843 -0.0973
vn -0.2013 -0.9695 -0.1400
vn -0.2229 -0.9656 -0.1337
vn -0.5417 -0.2074 0.8146
vn -0.3510 -0.3619 0.8636
vn -0.5579 -0.1632 0.8137
vn -0.2832 0.0598 0.9572
vn -0.3112 -0.0360 0.9497
vn -0.3675 -0.1464 0.9184
vn -0.3741 -0.1231 0.9192
vn -0.4422 -0.0755 0.8937
vn -0.4576 -0.1638 0.8739
vn -0.7604 -0.4804 -0.4371
vn -0.7358 -0.5418 -0.4063
vn -0.7163 -0.5610 -0.4151
vn -0.3649 -0.3627 0.8575
vn -0.0677 -0.5124 0.8561
vn 0.1985 0.9634 0.1802
vn -0.0541 0.9506 0.3058
vn 0.0499 0.9954 0.0816
vn -0.3716 0.3039 0.8772
vn -0.4046 0.3278 0.8537
vn -0.4124 0.4332 0.8014
vn -0.4367 0.3420 0.8321
vn -0.4644 0.3916 0.7943
vn -0.4032 0.1466 0.9033
vn -0.3891 0.3716 0.8429
vn -0.3834 0.0304 0.9231
vn -0.4608 0.1553 0.8738
vn -0.1940 0.2680 0.9437
vn 0.1295 0.2769 0.9521
vn -0.2213 0.2091 0.9525
vn -0.6499 0.0633 -0.7574
vn -0.6715 -0.0306 -0.7403
vn -0.6473 -0.0418 -0.7611
vn -0.6785 0.0383 0.7336
vn -0.6224 -0.0786 0.7788
vn -0.7049 -0.0196 0.7090
vn -0.4632 0.2218 0.8581
vn -0.4262 -0.0053 0.9046
vn -0.3350 0.0697 0.9396
vn -0.3123 -0.2420 0.9187
vn -0.5154 -0.1032 0.8507
vn -0.1921 -0.3582 0.9136
vn -0.4572 -0.2530 0.8526
vn -0.3416 -0.3610 0.8677
vn -0.3963 -0.3435 0.8514
vn -0.2977 -0.2640 0.9174
vn -0.0227 -0.3849 0.9227
vn -0.2811 -0.2610 0.9235
vn -0.6428 0.1799 0.7446
vn -0.6954 0.2621 0.6691
vn -0.5859 0.2423 0.7733
vn -0.0997 0.1574 0.9825
vn -0.2561 0.0497 0.9654
vn -0.4723 0.2568 0.8432
vn -0.4771 0.3667 0.7987
vn -0.6841 0.6432 -0.3440
vn -0.5797 0.7609 -0.2916
vn -0.7127 0.5921 -0.3761
vn -0.2388 0.1155 0.9642
vn -0.3427 0.1869 0.9207
vn -0.3242 0.0974 0.9409
vn 0.3779 -0.4860 0.7881
vn 0.0234 -0.4716 0.8815
vn 0.0992 -0.4391 0.8929
vn -0.2193 -0.1222 0.9680
vn -0.2169 -0.1530 0.9641
vn -0.1970 -0.0637 0.9783
vn -0.6340 0.0742 0.7697
vn -0.5211 0.0003 0.8535
vn -0.5580 0.2090 0.8031
vn -0.6426 0.2447 0.7261
vn -0.2093 -0.5071 0.8361
vn -0.2288 -0.5046 0.8325
vn -0.1131 0.9285 0.3537
vn -0.0175 0.9988 0.0458
vn -0.0953 0.9244 0.3692
vn -0.2029 0.9415 0.2690
vn -0.0608 0.9980 0.0184
vn -0.1506 0.9403 0.3051
vn -0.9514 0.0666 0.3007
vn -0.8812 -0.0318 -0.4717
vn -0.9710 0.0399 0.2358
vn 0.9980 0.0369 0.0518
vn 0.9999 -0.0031 0.0149
vn 0.9984 0.0529 0.0210
vn -0.1155 0.6412 0.7586
vn 0.5116 0.1756 0.8411
vn 0.0789 0.2064 0.9753
vn 0.1021 0.1539 0.9828
vn -0.7050 0.6098 -0.3621
vn -0.7411 0.5432 -0.3945
vn -0.7010 0.6097 -0.3699
vn -0.2473 -0.2479 0.9367
vn 0.1921 -0.4659 0.8637
vn -0.1551 -0.3504 0.9236
vn 0.1423 -0.3135 0.9389
vn -0.3691 0.2385 0.8983
vn -0.5576 0.5572 -0.6153
vn -0.5372 0.6482 -0.5397
vn 0.8356 0.2444 0.4920
vn 0.7120 0.2371 0.6610
vn 0.6834 0.3070 0.6623
vn -0.2836 0.0028 0.9590
vn -0.2735 0.0617 0.9599
vn -0.3013 0.1391 0.9433
vn -0.3039 0.0546 0.9511
vn -0.1645 0.9849 -0.0539
vn -0.2983 0.9307 0.2116
vn -0.1903 0.9783 -0.0824
vn -0.9219 -0.0274 -0.3864
vn -0.9119 -0.0097 -0.4103
vn -0.4238 -0.3702 0.8266
vn -0.2806 -0.4305 0.8579
vn -0.2590 -0.4601 0.8492
vn -0.8971 0.0399 0.4400
vn -0.8116 0.0702 0.5800
vn -0.8798 0.0453 0.4732
vn 0.0113 -0.9998 -0.0168
vn 0.0259 -0.9994 -0.0244
vn 0.0206 -0.9991 -0.0369
vn 0.4157 -0.6413 0.6450
vn -0.7944 0.1862 0.5782
vn -0.7500 0.3578 0.5564
vn -0.7298 0.2631 0.6310
vn -0.0499 0.1355 0.9895
vn -0.0477 0.1342 0.9898
vn -0.0146 -0.9995 -0.0264
vn -0.0675 -0.9953 -0.0693
vn 0.0066 -0.9996 -0.0270
vn 0.5168 0.7961 0.3150
vn 0.6740 0.6228 0.3974
vn -0.1631 0.1979 0.9666
vn -0.1216 0.3727 0.9199
vn -0.3817 0.3761 0.8443
vn -0.3064 -0.1000 0.9466
vn -0.1756 -0.3992 0.8999
vn -0.1722 -0.0757 0.9822
vn -0.0358 0.6420 0.7659
vn -0.1025 0.5104 0.8538
vn 0.0706 -0.1519 0.9859
vn -0.2166 -0.0861 0.9725
vn -0.0065 0.0142 0.9999
vn 0.9726 0.1488 0.1788
vn 0.9287 0.3228 0.1824
vn 0.8851 0.4259 0.1876
vn 0.6210 0.4433 0.6464
vn 0.7970 0.3723 0.4756
vn 0.9699 -0.0792 0.2303
vn 0.9803 0.0545 0.1897
vn -0.3564 0.9259 -0.1252
vn -0.2489 0.8682 0.4293
vn -0.2435 0.9679 -0.0626
vn -0.9398 0.0952 0.3283
vn -0.9433 0.0737 0.3236
vn -0.3141 -0.5198 0.7944
vn 0.3779 -0.4859 0.7881
vn 0.0685 -0.3858 0.9200
vn 0.2134 -0.3993 0.8917
vn -0.7500 0.3578 0.5563
vn -0.5817 0.3068 0.7533
vn -0.7481 -0.0147 0.6634
vn -0.7871 -0.4391 -0.4333
vn -0.7908 0.0363 0.6110
vn -0.7837 0.1252 0.6084
vn -0.7101 0.0947 0.6977
vn -0.7611 0.0954 0.6416
vn -0.2052 -0.6803 0.7036
vn -0.1276 -0.5376 0.8335
vn -0.0099 -0.7092 0.7049
vn -0.4452 -0.1571 0.8816
vn -0.4910 -0.1194 0.8629
vn -0.4616 -0.1445 0.8752
vn -0.9067 0.1307 0.4009
vn -0.8333 0.0698 0.5483
vn -0.4030 -0.1684 0.8996
vn -0.4887 -0.1210 0.8640
vn -0.2552 0.4896 0.8338
vn -0.6654 0.2228 0.7124
vn -0.6142 0.0446 0.7879
vn -0.6821 0.1317 0.7193
vn -0.1787 0.0224 0.9837
vn -0.1725 0.0516 0.9837
vn -0.1827 0.0070 0.9831
vn -0.2180 -0.1067 0.9701
vn -0.2449 -0.0976 0.9646
vn -0.8010 0.0632 0.5953
vn -0.1749 0.2504 0.9522
vn -0.6243 0.2132 0.7515
vn -0.2851 0.3320 0.8992
vn 0.8489 0.1837 0.4956
vn 0.8497 0.2132 0.4823
vn 0.8571 0.1736 0.4851
vn -0.5639 -0.0666 0.8231
vn -0.5265 -0.2500 0.8126
vn 0.3650 0.4502 0.8149
vn 0.0098 0.3092 0.9510
vn 0.9543 -0.1288 0.2695
vn 0.9382 -0.1894 0.2896
vn 0.9287 -0.1981 0.3134
vn -0.2969 0.1119 0.9483
vn -0.3188 0.1958 0.9274
vn -0.2873 0.1305 0.9489
vn -0.6852 -0.4672 0.5588
vn -0.7256 -0.2076 0.6561
vn -0.6119 -0.3034 0.7304
vn 0.1923 0.9800 0.0517
vn 0.1511 0.2013 0.9678
vn 0.8594 0.5040 0.0864
vn -0.8534 -0.0036 0.5213
vn -0.9102 0.0116 0.4140
vn -0.5029 -0.1783 0.8457
vn -0.6487 0.1137 0.7525
vn -0.7125 0.0623 0.6989
vn -0.0239 0.9988 0.0419
vn -0.1242 0.9342 0.3345
vn -0.0317 0.9988 0.0366
vn -0.0442 -0.3899 0.9198
vn -0.4259 0.2466 0.8705
vn -0.3470 -0.0450 0.9368
vn -0.3618 0.1005 0.9268
vn -0.8279 -0.1994 0.5242
vn -0.7566 -0.6081 0.2405
vn -0.4872 0.1808 0.8544
vn -0.5494 0.0877 0.8310
vn -0.3885 0.2599 0.8840
vn -0.2066 0.3285 0.9216
vn -0.0302 0.9994 0.0155
vn 0.1966 -0.5869 0.7854
vn 0.3144 -0.7485 0.5838
vn 0.1391 -0.6681 0.7310
vn -0.6437 -0.0902 -0.7600
vn -0.6676 -0.0833 -0.7398
vn -0.7453 0.1968 0.6371
vn -0.8019 0.1679 0.5734
vn -0.0888 -0.3251 0.9415
vn 0.0067 -0.2972 0.9548
vn -0.4709 -0.1469 0.8698
vn -0.4699 -0.1281 0.8734
vn -0.4838 -0.1299 0.8655
vn 0.8417 -0.5324 -0.0904
vn 0.9077 -0.4182 0.0355
vn 0.9225 -0.3644 0.1273
vn -0.6194 -0.1028 0.7783
vn -0.7474 -0.0450 0.6629
vn -0.6531 0.0209 0.7570
vn -0.0984 0.9453 0.3110
vn -0.0105 0.9987 0.0495
vn -0.4291 0.8860 -0.1757
vn -0.4757 0.8519 -0.2191
vn -0.5012 0.8362 -0.2226
vn -0.0193 0.9996 0.0218
vn -0.3003 -0.1954 0.9336
vn -0.3175 -0.0999 0.9430
vn -0.2968 -0.0999 0.9497
vn 0.5637 0.3027 0.7685
vn 0.2955 0.2259 0.9282
vn 0.2003 0.3912 0.8983
vn -0.4970 -0.1025 0.8617
vn -0.3163 -0.5953 0.7386
vn -0.2542 -0.5045 0.8251
vn 0.4550 0.8816 0.1257
vn 0.3195 0.9406 0.1151
vn -0.3984 -0.2752 0.8749
vn 0.8603 0.1141 0.4968
vn 0.4806 0.0618 0.8748
vn 0.3499 0.2183 0.9110
vn -0.8461 0.1641 0.5072
vn -0.8875 0.4037 0.2222
vn 0.1447 -0.8362 0.5291
vn -0.0099 -0.7093 0.7049
vn -0.2354 -0.3158 0.9192
vn -0.1415 -0.4887 0.8609
vn -0.1746 -0.3184 0.9317
vn -0.8746 0.1479 -0.4618
vn -0.8680 0.1434 -0.4753
vn -0.8685 0.1379 -0.4761
vn -0.0896 0.9339 0.3461
vn -0.0127 0.9987 0.0496
vn -0.5957 -0.1714 0.7847
vn -0.8703 -0.1627 -0.4650
vn -0.8525 -0.2561 -0.4557
vn 0.4281 0.8568 0.2876
vn 0.2156 0.9646 0.1518
vn -0.8750 0.0022 -0.4841
vn -0.8748 -0.0087 -0.4843
vn 0.5265 0.5868 0.6152
vn -0.1121 0.6063 0.7873
vn -0.7109 0.6649 0.2290
vn -0.6003 0.7508 0.2757
vn 0.0233 -0.4716 0.8815
vn 0.7309 0.2109 0.6491
vn -0.3969 0.8456 0.3570
vn -0.2045 -0.2320 0.9510
vn -0.2121 -0.3185 0.9239
vn -0.2182 -0.2292 0.9486
vn -0.2583 -0.1598 0.9527
vn -0.2813 -0.0241 0.9593
vn 0.0389 0.6253 0.7794
vn -0.3038 0.2228 0.9263
vn -0.3427 0.5343 0.7727
vn -0.2734 0.3694 0.8881
vn -0.3361 -0.2603 0.9051
vn -0.3594 -0.3319 0.8722
vn -0.5375 -0.0471 0.8419
vn -0.0815 -0.0249 0.9964
vn 0.0058 -0.0022 1.0000
vn -0.0207 0.0173 0.9996
vn -0.6281 0.1691 0.7596
vn -0.3419 -0.2876 0.8946
vn -0.5090 -0.1487 0.8478
vn -0.2904 -0.3242 0.9003
vn -0.4511 -0.1466 0.8804
vn -0.1065 -0.4464 0.8885
vn -0.6348 0.2894 0.7164
vn -0.3687 -0.1959 0.9087
vn -0.2098 -0.4853 0.8488
vn -0.1039 -0.7314 0.6740
vn 0.9974 0.0028 0.0721
vn 0.9989 -0.0451 0.0160
vn 0.9799 0.1926 0.0527
vn -0.3761 0.2572 0.8901
vn -0.5864 0.7614 -0.2764
vn -0.2044 -0.0363 0.9782
vn -0.2783 -0.1465 0.9493
vn -0.1163 0.2655 0.9571
vn -0.0797 0.2179 0.9727
vn -0.0609 0.2619 0.9632
vn 0.7568 -0.5137 0.4041
vn 0.4848 -0.4916 0.7234
vn 0.5158 -0.3004 0.8023
vn -0.4346 0.1124 0.8936
vn 0.0066 0.0569 0.9984
vn 0.0788 0.1023 0.9916
vn 0.0075 0.0887 0.9960
vn -0.3213 -0.3151 0.8930
vn -0.3413 0.9266 0.1580
vn -0.2101 0.9711 -0.1132
vn -0.3128 0.9296 0.1949
vn 0.8486 -0.4375 0.2975
vn -0.8066 -0.3906 -0.4435
vn -0.4464 -0.5053 0.7385
vn -0.5334 -0.3619 0.7646
vn -0.7475 0.0472 0.6626
vn -0.7056 0.1129 0.6996
vn -0.8688 0.1367 -0.4758
vn -0.8658 0.1941 -0.4613
vn -0.8504 0.2507 -0.4626
vn -0.6337 0.6543 0.4127
vn -0.5395 0.4641 0.7025
vn -0.0403 0.5154 0.8560
vn -0.3858 0.4063 0.8283
vn -0.3527 0.2844 0.8915
vn -0.0822 0.9234 0.3748
vn -0.6450 -0.0766 -0.7603
vn -0.8726 -0.0603 -0.4848
vn -0.8744 -0.0265 -0.4846
vn 0.4966 -0.1163 0.8602
vn 0.8343 -0.2997 0.4627
vn 0.5158 -0.3005 0.8023
vn -0.4533 0.1636 0.8762
vn -0.5209 0.1849 0.8334
vn -0.4104 0.2040 0.8888
vn -0.7837 0.1252 0.6083
vn -0.6831 0.1247 0.7196
vn 0.0197 -0.9996 -0.0190
vn -0.0568 -0.9965 -0.0609
vn -0.1422 0.1505 0.9783
vn -0.3409 0.0499 0.9388
vn -0.4583 0.0346 0.8881
vn 0.1424 0.2029 0.9688
vn -0.8781 -0.0786 -0.4719
vn -0.8655 -0.1319 -0.4833
vn 0.8372 -0.3007 0.4568
vn -0.2983 -0.9405 -0.1630
vn -0.5210 0.0003 0.8535
vn -0.4554 -0.8571 -0.2407
vn -0.2501 0.0727 0.9655
vn -0.2751 -0.0582 0.9596
vn -0.2776 0.0765 0.9577
vn -0.4106 0.8966 -0.1661
vn -0.2620 -0.1525 0.9530
vn -0.2871 -0.0176 0.9577
vn -0.3993 -0.0955 0.9119
vn -0.6515 -0.0177 0.7584
vn -0.6038 -0.0778 0.7933
vn -0.3587 0.8783 -0.3160
vn -0.2714 0.9325 -0.2381
vn -0.2717 0.9445 -0.1846
vn -0.1754 -0.4033 0.8981
vn -0.1966 -0.2993 0.9337
vn -0.1891 -0.3869 0.9025
vn -0.3404 -0.1823 0.9224
vn -0.3364 -0.0625 0.9396
vn 0.0606 -0.9979 0.0218
vn -0.1919 -0.8311 0.5220
vn 0.1120 -0.9925 0.0481
vn -0.4848 -0.2468 0.8391
vn -0.5401 -0.1491 0.8283
vn -0.8777 0.1401 -0.4582
vn -0.9588 0.2113 0.1896
vn -0.4317 -0.5675 0.7012
vn -0.6655 0.2229 0.7124
vn -0.7530 0.2184 0.6207
vn -0.2456 -0.3047 0.9202
vn -0.2983 -0.3533 0.8867
vn -0.3296 -0.1831 0.9262
vn -0.3798 -0.0962 0.9200
vn -0.3549 -0.2575 0.8987
vn -0.3264 0.1033 0.9396
vn -0.3052 0.0848 0.9485
vn -0.7385 0.0860 0.6687
vn -0.6432 0.1198 0.7563
vn -0.2373 0.5929 0.7695
vn -0.4551 0.3380 0.8238
vn -0.8306 -0.3203 -0.4555
vn -0.3550 -0.2239 0.9077
vn -0.3718 0.1298 0.9192
vn -0.4062 0.1978 0.8921
vn -0.3397 0.1613 0.9266
vn -0.9541 0.1372 0.2663
vn -0.1076 0.9941 -0.0155
vn -0.0715 0.9974 -0.0089
vn -0.1897 -0.2289 0.9548
vn -0.3178 -0.3383 0.8857
vn 0.5868 0.7958 0.1496
vn -0.4349 0.2849 0.8542
vn -0.3619 0.2975 0.8835
vn -0.2221 0.3751 0.9000
vn -0.1746 -0.0225 0.9844
vn -0.4911 -0.6648 -0.5630
vn -0.2288 -0.0916 0.9691
vn -0.2111 -0.1117 0.9711
vn -0.0798 0.5270 0.8461
vn -0.0544 0.1476 0.9875
vn 0.2054 0.1700 0.9638
vn 0.7628 0.4719 0.4421
vn -0.1674 -0.4558 0.8742
vn -0.2106 0.0589 0.9758
vn -0.3550 -0.2240 0.9076
vn -0.2052 -0.9765 -0.0658
vn -0.2664 -0.2212 0.9381
vn -0.1289 -0.5150 0.8474
vn -0.1135 -0.7730 0.6242
vn -0.1500 -0.5468 0.8237
vn -0.1839 -0.4619 0.8676
vn 0.7875 -0.6070 -0.1069
vn 0.8835 -0.4649 -0.0576
vn 0.7898 -0.6031 -0.1118
vn -0.1288 0.2450 0.9609
vn -0.1439 0.0831 0.9861
vn -0.4698 0.1573 0.8687
vn 0.3127 0.1576 0.9367
vn 0.3020 0.1493 0.9416
vn 0.3193 0.3403 0.8844
vn -0.2118 -0.2153 0.9533
vn -0.0115 0.2996 0.9540
vn -0.0849 0.3294 0.9404
vn -0.7509 0.5353 -0.3868
vn -0.6655 0.0051 0.7464
vn -0.2510 -0.0947 0.9634
vn -0.1318 -0.0193 0.9911
vn -0.1665 -0.1564 0.9736
vn 0.0267 -0.9996 -0.0013
vn 0.0547 -0.9985 -0.0056
vn -0.3019 -0.5186 0.8000
vn -0.3379 -0.4303 0.8370
vn -0.7463 0.1237 0.6541
vn -0.2173 -0.0646 0.9740
vn 0.1718 -0.0124 0.9850
vn -0.1901 -0.4564 0.8692
vn -0.8914 0.1687 -0.4205
vn -0.9378 0.1363 0.3194
vn -0.9374 0.1263 0.3246
vn -0.9427 0.1387 0.3036
vn -0.4244 -0.2234 0.8775
vn -0.1671 -0.0654 0.9838
vn -0.0656 -0.0546 0.9963
vn -0.4948 0.0317 0.8684
vn -0.4825 0.0999 0.8702
vn -0.0237 -0.2172 0.9758
vn 0.0591 -0.0998 0.9933
vn 0.4744 -0.2190 0.8526
vn -0.0516 -0.1395 0.9889
vn 0.1237 0.3275 0.9367
vn 0.2002 0.3912 0.8983
vn -0.5085 0.8039 0.3085
vn -0.3267 0.3259 0.8872
vn -0.2664 -0.2211 0.9381
vn -0.1606 -0.7398 0.6534
vn -0.2353 -0.7449 0.6243
vn 0.3659 -0.9126 0.1823
vn 0.2546 -0.9611 0.1072
vn 0.2021 -0.9753 0.0894
vn 0.0268 0.9985 0.0477
vn -0.0064 0.9995 0.0294
vn -0.1912 -0.3169 0.9290
vn -0.2620 -0.4311 0.8634
vn -0.4319 -0.4390 0.7879
vn -0.5333 -0.3619 0.7646
vn -0.5115 -0.8088 -0.2901
vn -0.7255 0.1808 0.6641
vn -0.7233 0.1010 0.6831
vn -0.7709 0.1805 0.6109
vn 0.0992 -0.4391 0.8930
vn -0.9868 -0.0249 0.1602
vn -0.6260 0.0445 0.7786
vn -0.4827 0.1008 0.8700
vn -0.5286 0.0257 0.8485
vn -0.6381 -0.6800 -0.3613
vn -0.4463 -0.5053 0.7385
vn 0.0017 -0.9994 -0.0357
vn -0.2500 0.0306 0.9678
vn -0.3638 -0.1099 0.9250
vn -0.3747 -0.1629 0.9127
vn 0.0127 -0.9992 -0.0391
vn 0.3050 -0.9522 0.0177
vn 0.4135 -0.9104 0.0120
vn -0.0669 0.1149 0.9911
vn -0.0866 0.0787 0.9931
vn -0.1517 -0.1226 0.9808
vn -0.1345 -0.6358 0.7600
vn 0.0459 -0.5744 0.8173
vn 0.8650 -0.1067 0.4904
vn 0.4156 -0.6413 0.6450
vn -0.1789 0.0235 0.9836
vn 0.9173 0.3740 0.1369
vn 0.9744 0.1885 0.1229
vn 0.8824 0.4297 0.1915
vn -0.9365 0.1185 0.3301
vn -0.3010 -0.2365 0.9238
vn -0.2861 0.1600 0.9447
vn -0.3391 -0.0203 0.9405
vn -0.3908 -0.1363 0.9103
vn -0.5658 -0.0196 0.8243
vn 0.8732 -0.0200 0.4870
vn 0.8692 0.0192 0.4942
vn -0.4451 0.4122 0.7950
vn -0.8900 0.0389 0.4542
vn -0.8078 0.0372 0.5883
vn 0.7887 -0.6069 -0.0986
vn -0.1433 0.1214 0.9822
vn -0.1383 -0.0246 0.9901
vn -0.1029 0.1199 0.9874
vn 0.9511 0.3027 0.0608
vn 0.8926 -0.3152 0.3223
vn -0.0090 0.9996 0.0278
vn 0.0471 0.0434 0.9979
vn 0.5442 0.0801 0.8351
vn 0.0789 0.1022 0.9916
vn 0.7022 0.6787 0.2149
vn -0.5302 0.0192 0.8476
vn -0.1771 -0.4707 0.8643
vn -0.0495 0.2174 0.9748
vn -0.0871 0.1258 0.9882
vn 0.5441 0.0802 0.8352
vn -0.0889 -0.7484 0.6572
vn 0.9985 -0.0036 0.0543
vn 0.9958 0.0637 0.0656
vn 0.9983 -0.0452 0.0380
vn -0.2759 -0.1965 0.9409
vn -0.2862 -0.1012 0.9528
vn -0.7097 -0.5731 -0.4097
vn -0.0607 -0.8677 0.4935
vn -0.5794 0.1011 0.8087
vn -0.4554 -0.8571 -0.2408
vn -0.9395 -0.1151 0.3228
vn -0.5348 0.2727 0.7998
vn -0.4790 0.2455 0.8428
vn -0.0143 0.9996 0.0248
vn -0.1173 -0.2468 0.9619
vn 0.0227 -0.9997 -0.0034
vn -0.7381 0.1681 0.6535
vn -0.7537 0.1251 0.6452
vn -0.5009 -0.0637 0.8632
vn -0.5223 -0.0625 0.8505
vn -0.2151 -0.0208 0.9764
vn -0.2035 -0.1527 0.9671
vn -0.2792 0.1418 0.9497
vn -0.1658 0.0403 0.9853
vn -0.4780 -0.0904 0.8737
vn 0.1205 -0.9922 0.0313
vn 0.8609 0.1499 0.4862
vn 0.8532 0.1615 0.4960
vn -0.0647 -0.5406 0.8388
vn 0.1390 -0.6681 0.7310
vn -0.3233 0.2260 0.9189
vn -0.6337 0.6543 0.4128
vn -0.4157 0.9084 0.0456
vn -0.6976 0.6232 -0.3535
vn -0.7558 0.5164 -0.4026
vn -0.8058 0.4201 -0.4174
vn -0.1978 -0.4114 0.8897
vn -0.6001 0.0120 0.7998
vn -0.3985 0.8201 -0.4105
vn -0.5575 0.5572 -0.6153
vn -0.4058 0.2848 0.8684
vn -0.6910 0.2165 0.6897
vn -0.3193 -0.3515 0.8801
vn -0.3171 0.0981 0.9433
vn -0.1721 -0.0757 0.9822
vn 0.3297 -0.4126 0.8491
vn -0.0470 0.2316 0.9717
vn -0.1373 0.1381 0.9809
vn -0.1708 0.3205 0.9317
vn -0.2671 0.0252 0.9633
vn -0.2808 0.0610 0.9578
vn 0.9972 -0.0744 0.0104
vn -0.1256 0.0281 0.9917
vn -0.4521 0.1387 0.8811
vn -0.3424 0.1340 0.9299
vn -0.2516 -0.9531 -0.1680
vn -0.1632 -0.9821 -0.0939
vn 0.0570 0.1326 0.9895
vn -0.1456 0.1004 0.9842
vn -0.3101 -0.3398 0.8879
vn -0.4614 -0.3202 0.8274
vn -0.4317 -0.5675 0.7011
vn -0.2610 -0.7907 0.5538
vn -0.4547 -0.8043 0.3826
vn -0.1136 0.2605 0.9588
vn -0.1983 0.4153 0.8878
vn 0.3295 -0.4126 0.8492
vn -0.0303 -0.9973 -0.0674
vn 0.0057 -0.9981 -0.0608
vn -0.0168 -0.9960 -0.0874
vn -0.4370 0.1984 0.8773
vn 0.7730 0.6274 0.0937
vn 0.1970 0.9794 0.0439
vn -0.1759 -0.9602 -0.2171
vn -0.1600 -0.9731 -0.1655
vn -0.4810 -0.0665 0.8742
vn -0.2940 0.0780 0.9526
vn -0.8708 0.1141 -0.4782
vn 0.0979 0.3846 0.9179
vn -0.2429 0.2190 0.9450
vn -0.3287 0.2436 0.9125
vn -0.3979 -0.2080 0.8935
vn -0.2362 0.1632 0.9579
vn 0.0883 0.1578 0.9835
vn 0.4965 -0.1163 0.8602
vn 0.0245 0.3994 0.9165
vn 0.5164 0.3409 0.7856
vn -0.6137 -0.7014 -0.3623
vn -0.4328 -0.8613 -0.2662
vn 0.8684 0.0870 0.4882
vn -0.2596 -0.9503 -0.1720
vn -0.8691 0.4740 0.1416
vn -0.8680 0.1446 -0.4750
vn -0.3453 -0.0531 0.9370
vn -0.6223 -0.0786 0.7788
vn -0.6688 -0.6440 -0.3714
vn -0.7049 -0.0196 0.7091
vn -0.5397 0.1317 0.8315
vn -0.3385 0.1798 0.9236
vn -0.3226 0.2492 0.9132
vn 0.0310 -0.2289 0.9730
vn -0.6712 -0.0563 -0.7392
vn -0.3043 -0.0024 0.9526
vn -0.8099 -0.3618 -0.4617
vn -0.4589 0.1488 0.8759
vn -0.1571 -0.3339 0.9294
vn -0.3959 -0.0083 0.9183
vn -0.3412 0.2894 0.8943
vn -0.2371 0.1942 0.9519
vn -0.1133 0.0796 0.9904
vn -0.3998 -0.1493 0.9044
vn -0.5809 -0.0048 0.8139
vn 0.0320 0.1779 0.9835
vn -0.3263 0.9390 -0.1088
vn -0.0903 0.0587 0.9942
vn -0.2450 -0.3983 0.8839
vn -0.5605 0.0974 0.8224
vn -0.5514 0.0420 0.8332
vn -0.4459 -0.1484 0.8827
vn -0.5957 -0.1715 0.7847
vn 0.3128 0.1576 0.9367
vn -0.4563 -0.8449 -0.2791
vn -0.6453 -0.6643 -0.3772
vn -0.8291 -0.3016 -0.4708
vn -0.5300 -0.7849 -0.3209
vn -0.2330 0.0838 0.9689
vn 0.1216 -0.2976 0.9469
vn -0.5539 0.1371 0.8212
vn -0.4956 -0.1023 0.8625
vn -0.5482 0.1441 0.8239
vn 0.7525 -0.5110 0.4154
vn -0.1039 -0.7314 0.6739
vn -0.1349 0.3399 0.9307
vn -0.1138 0.9928 -0.0378
vn -0.2159 0.3773 0.9006
vn 0.9925 0.0847 0.0876
vn 0.9796 0.1736 0.1013
vn -0.5341 0.0970 0.8399
vn -0.4992 0.0184 0.8663
vn -0.3865 0.2506 0.8876
vn -0.3196 -0.2117 0.9236
vn -0.3370 -0.0374 0.9408
vn -0.1431 -0.9838 -0.1081
vn -0.1531 -0.0226 0.9880
vn 0.9121 -0.4084 0.0358
vn 0.9421 -0.3339 0.0300
vn -0.6700 -0.0711 -0.7389
vn -0.9209 -0.0464 -0.3870
vn -0.7707 -0.4585 -0.4425
vn -0.6381 -0.6799 -0.3613
vn -0.8431 -0.2518 -0.4751
vn -0.2175 0.0627 0.9740
vn 0.8653 -0.1515 0.4779
vn -0.2693 0.9350 0.2309
vn 0.8221 0.3207 0.4704
vn -0.6757 0.6464 -0.3544
vn 0.1446 0.9851 0.0932
vn 0.9286 0.3229 0.1827
vn -0.5229 0.1248 0.8432
vn -0.3538 -0.1959 0.9146
vn 0.9877 -0.1529 0.0317
vn -0.1926 0.9724 -0.1318
vn 0.0470 0.0434 0.9980
vn -0.1335 0.2272 0.9647
vn -0.2139 0.2691 0.9391
vn -0.3338 0.0453 0.9416
vn 0.4239 -0.8822 0.2048
vn -0.9256 -0.0369 -0.3767
vn -0.1500 -0.5467 0.8238
vn -0.6460 -0.0636 -0.7607
vn -0.1509 0.0339 0.9880
vn -0.1545 0.9853 -0.0728
vn -0.1742 0.9796 -0.1000
vn -0.0810 0.9265 0.3674
vn -0.8751 0.0460 0.4817
vn -0.2170 -0.1530 0.9641
vn 0.5401 0.8171 0.2015
vn 0.4714 0.2655 0.8410
vn 0.9751 -0.2195 0.0305
vn 0.3125 -0.4003 0.8615
vn 0.5385 -0.0797 0.8389
vn 0.0057 -0.0022 1.0000
vn 0.4744 -0.2190 0.8527
vn -0.8890 0.0073 -0.4578
vn 0.6255 0.0788 0.7762
vn 0.0592 0.9869 0.1502
vn 0.1217 0.9747 0.1873
vn -0.8798 0.1754 -0.4417
vn -0.8933 0.1805 0.4116
vn -0.8242 0.3991 -0.4017
vn 0.6202 -0.1764 0.7644
vn -0.2253 -0.5413 0.8101
vn -0.5297 0.0280 0.8477
vn 0.0517 0.9893 0.1367
vn -0.2858 0.1117 0.9518
vn -0.4050 -0.0096 0.9143
vn -0.8087 -0.3364 0.4825
vn 0.6107 -0.3638 0.7033
vn 0.0039 0.5065 0.8622
vn 0.0355 -0.1373 0.9899
vn 0.1276 -0.9891 0.0741
vn 0.0607 -0.9964 0.0584
vn -0.6095 0.0504 0.7912
vn -0.8485 0.3087 -0.4297
vn -0.8757 0.1708 -0.4516
vn -0.7159 0.0188 -0.6979
vn -0.8337 0.0084 -0.5521
vn -0.8694 0.0146 -0.4938
vn -0.0412 -0.9988 0.0249
vn -0.0493 -0.9988 0.0003
vn -0.0553 -0.9984 -0.0117
vn -0.7833 -0.6039 -0.1473
vn -0.9966 0.0101 -0.0815
vn -0.9890 0.0085 -0.1477
vn -0.9983 0.0158 -0.0567
vn -0.9996 0.0118 -0.0273
vn -0.9997 0.0168 -0.0180
vn -0.9404 -0.0130 0.3398
vn -0.9908 -0.0097 0.1351
vn -0.9965 -0.0125 0.0831
vn -0.7000 -0.7087 -0.0879
vn -0.7956 -0.6043 -0.0421
vn -0.7913 -0.6036 -0.0975
vn 0.9539 0.2634 0.1438
vn 0.8502 0.4163 0.3221
vn 0.9352 0.2765 0.2211
vn -0.1481 -0.9890 0.0015
vn -0.1996 -0.9792 0.0368
vn -0.1295 -0.9916 -0.0049
vn -0.0000 -0.9775 0.2108
vn 0.0000 -0.9331 0.3596
vn 0.0000 -0.9887 0.1502
vn 0.9691 0.2429 0.0443
vn 0.9914 0.1305 -0.0002
vn 0.9646 0.2637 -0.0004
vn -0.0345 -0.0363 0.9987
vn -0.9404 -0.0130 0.3399
vn -0.0102 -0.0422 0.9991
vn -0.8987 -0.0150 0.4382
vn -0.9585 -0.0106 0.2849
vn -0.0608 -0.0298 -0.9977
vn -0.9569 0.0086 -0.2903
vn -0.9229 0.0072 -0.3849
vn -0.5792 -0.8149 -0.0217
vn -0.2234 -0.3486 -0.9103
vn -0.2194 -0.3584 -0.9074
vn 0.9720 -0.1626 -0.1695
vn 0.9999 -0.0059 -0.0090
vn 0.9796 -0.1588 -0.1236
vn 0.7639 -0.3845 -0.5183
vn 0.8964 -0.3089 -0.3178
vn 0.8097 -0.4178 -0.4122
vn 0.8524 -0.3021 -0.4268
vn 0.9554 -0.1688 -0.2424
vn 0.9998 -0.0065 -0.0191
vn 0.7855 -0.0392 -0.6177
vn 0.8523 -0.3022 -0.4269
vn 0.7638 -0.3845 -0.5184
vn 0.8104 -0.0390 -0.5846
vn 0.9480 -0.0195 -0.3177
vn 0.9990 -0.0077 -0.0438
vn 0.9858 -0.1482 -0.0787
vn 1.0000 -0.0054 -0.0051
vn 0.9798 0.1438 -0.1392
vn 0.9996 0.0141 -0.0227
vn 0.9978 0.0122 -0.0646
vn -0.7293 -0.3674 0.5772
vn -0.9979 -0.0139 0.0638
vn -0.7883 -0.4065 0.4619
vn 0.0000 -0.7483 0.6634
vn 0.0000 -0.8533 0.5213
vn -0.9998 -0.0176 -0.0040
vn -0.8938 -0.3900 0.2217
vn -0.9997 -0.0180 0.0135
vn -0.8491 -0.4055 0.3384
vn -0.9992 -0.0168 0.0353
vn 0.8274 -0.5616 0.0089
vn 0.9990 -0.0117 0.0436
vn 0.9998 -0.0126 0.0134
vn 0.9186 -0.3758 -0.1224
vn 0.9628 -0.2659 -0.0476
vn 0.9286 -0.3671 -0.0539
vn 0.9564 -0.2751 -0.0980
vn 0.9907 -0.1342 -0.0230
vn -0.9347 -0.2068 0.2892
vn -0.8916 -0.2087 0.4019
vn -0.9811 -0.1372 -0.1368
vn -0.9935 0.0111 -0.1136
vn -0.9951 0.0085 -0.0989
vn -0.9767 -0.1297 -0.1709
vn -0.9681 0.0112 -0.2504
vn -0.9816 -0.1506 -0.1177
vn -0.9972 0.0055 -0.0742
vn 0.2340 -0.9713 0.0437
vn 0.2529 -0.9673 0.0180
vn 0.2664 -0.9638 -0.0052
vn 0.2712 -0.9614 -0.0468
vn 0.2632 -0.9620 -0.0727
vn 0.2567 -0.9625 -0.0874
vn -0.0838 -0.9954 -0.0464
vn -0.0699 -0.9956 -0.0623
vn -0.0896 -0.9951 -0.0419
vn -0.9723 -0.2290 0.0463
vn -0.9980 -0.0132 0.0616
vn -0.9707 -0.2211 0.0938
vn 0.9999 -0.0037 -0.0095
vn 0.1335 -0.9905 0.0325
vn 0.1110 -0.9928 0.0445
vn 0.1100 -0.9939 0.0050
vn 0.9775 -0.1582 0.1398
vn 0.9999 -0.0131 0.0072
vn 0.9996 -0.0127 0.0268
vn -0.9979 -0.0140 0.0639
vn -0.9949 -0.0115 0.1005
vn 0.8458 0.2748 -0.4573
vn 0.7035 0.3126 -0.6383
vn 0.7056 0.3749 -0.6014
vn -0.6717 -0.7379 0.0655
vn -0.7219 -0.6902 0.0492
vn -0.9010 0.3412 0.2679
vn -0.9718 0.2079 0.1116
vn -0.9594 0.2198 0.1766
vn -0.0666 -0.9954 -0.0682
vn -0.0627 -0.9952 -0.0755
vn -0.0130 0.7010 0.7130
vn -0.7676 0.5037 0.3962
vn -0.7190 0.4841 0.4987
vn -1.0000 0.0041 0.0080
vn -0.6681 -0.7424 -0.0486
vn -0.9993 0.0063 0.0364
vn -0.7013 -0.7129 -0.0034
vn -0.6310 -0.7749 -0.0370
vn -0.6086 -0.7918 -0.0508
vn -0.5668 -0.8219 -0.0569
vn 0.9999 0.0143 -0.0001
vn 0.9997 0.0102 0.0211
vn 0.9999 0.0108 -0.0027
vn 0.9999 -0.0089 -0.0109
vn 0.9907 -0.1339 0.0238
vn 0.9890 -0.1479 0.0001
vn -0.9506 0.3053 -0.0566
vn -0.9789 0.2042 -0.0003
vn -0.9446 0.3282 -0.0004
vn -0.1406 -0.9877 -0.0680
vn -0.0852 -0.9959 -0.0294
vn -0.0638 -0.9978 -0.0182
vn 0.8799 0.0056 -0.4751
vn 0.7189 -0.3327 -0.6103
vn 0.7825 0.0074 -0.6226
vn 0.9094 0.3924 0.1377
vn 0.7390 0.5967 0.3129
vn 0.8877 0.4048 0.2192
vn 0.9143 0.2771 0.2955
vn 0.7393 0.3935 0.5465
vn 0.8683 0.2828 0.4076
vn 0.9396 -0.3387 0.0500
vn 0.9975 -0.0079 0.0703
vn 0.9267 -0.3708 0.0608
vn 0.9557 -0.2945 -0.0000
vn -0.8712 0.4824 -0.0914
vn -0.8560 0.5170 -0.0006
vn -0.8519 0.4877 -0.1910
vn 0.8331 -0.5498 0.0605
vn 0.9916 -0.0104 0.1288
vn 0.9968 -0.0112 0.0795
vn 0.8285 -0.5464 0.1229
vn 0.9792 -0.0117 0.2025
vn 0.9518 0.2620 -0.1593
vn 0.8388 0.4094 -0.3589
vn 0.8835 0.4014 -0.2414
vn -0.9345 0.2221 -0.2783
vn -0.9798 0.1438 -0.1392
vn -0.9555 0.2181 -0.1985
vn -0.9875 0.1351 -0.0806
vn -0.9422 0.3131 -0.1196
vn -0.9811 0.1906 -0.0343
vn -0.9777 0.1967 -0.0729
vn -0.9922 0.1231 -0.0213
vn 0.9999 -0.0123 -0.0068
vn 0.9999 -0.0123 -0.0046
vn -0.0155 -0.9994 -0.0325
vn -0.0103 -0.9999 0.0044
vn 0.0254 -0.9994 -0.0248
vn -0.9999 0.0157 -0.0001
vn -0.9914 0.1306 -0.0002
vn -0.9999 0.0094 0.0108
vn -0.9881 0.1356 0.0726
vn -0.9909 0.1279 0.0421
vn 0.9984 -0.0111 0.0556
vn -0.9995 -0.0079 -0.0296
vn -0.9986 -0.0065 -0.0519
vn -0.9984 -0.0025 -0.0561
vn 0.9989 -0.0080 -0.0465
vn 0.9948 -0.0084 -0.1019
vn 0.9962 -0.0094 -0.0871
vn -0.9996 -0.0142 -0.0264
vn -0.9999 -0.0155 -0.0030
vn 0.9639 0.2508 0.0890
vn 0.9922 0.1233 0.0202
vn -0.0000 0.9789 0.2044
vn -0.0000 0.9493 0.3144
vn 0.0000 0.9303 0.3669
vn -0.8600 -0.4106 -0.3029
vn -0.9995 -0.0039 -0.0324
vn -0.9992 0.0002 -0.0391
vn 0.9998 -0.0110 -0.0186
vn 0.8988 -0.4384 0.0051
vn 0.8629 -0.5052 0.0107
vn 0.9033 0.4291 -0.0005
vn 0.8002 0.5925 -0.0925
vn 0.8059 0.5920 -0.0008
vn 0.0000 1.0000 -0.0012
vn -0.0000 0.9891 0.1470
vn 0.9517 -0.3063 0.0215
vn 0.9996 0.0069 0.0289
vn 0.9486 -0.3143 0.0373
vn 0.8390 0.2021 -0.5052
vn 0.6961 0.2506 -0.6728
vn 0.9112 -0.0188 0.4116
vn 0.8123 -0.0234 0.5827
vn 0.7636 -0.0353 0.6447
vn 0.9025 0.2731 -0.3332
vn 0.7055 0.3750 -0.6014
vn 0.7894 0.3989 -0.4667
vn -0.5654 -0.7893 0.2392
vn -0.5554 -0.7982 0.2333
vn -0.5585 -0.7956 0.2347
vn 1.0000 -0.0042 -0.0010
vn 1.0000 -0.0055 -0.0049
vn 0.0256 0.7010 0.7127
vn 0.0150 0.7880 0.6155
vn 0.9993 -0.0004 0.0380
vn 0.9817 0.1447 0.1237
vn 0.9978 -0.0052 0.0659
vn -0.9284 -0.3674 0.0555
vn -0.9998 -0.0175 0.0001
vn -0.9310 -0.3649 0.0003
vn 0.1001 -0.9949 -0.0101
vn 0.9206 0.3843 -0.0691
vn 0.8754 -0.4822 0.0337
vn 0.8707 -0.4898 0.0447
vn -0.0000 -0.8628 -0.5056
vn 0.0000 -0.7882 -0.6154
vn -0.0000 -0.8877 -0.4603
vn -0.0000 -0.9996 0.0298
vn 0.0000 -0.9996 -0.0296
vn 0.9852 -0.1478 0.0869
vn 0.9890 -0.1391 0.0510
vn 0.8383 -0.0307 -0.5443
vn 0.6250 -0.5184 -0.5836
vn 0.8780 -0.0246 -0.4780
vn 0.8779 -0.0247 -0.4783
vn 0.8097 -0.4857 -0.3295
vn 0.9796 -0.0132 -0.2004
vn 0.8729 -0.4521 -0.1834
vn 0.0678 -0.9691 -0.2372
vn -0.0550 -0.9456 -0.3207
vn -0.0650 -0.9512 -0.3018
vn -0.2020 -0.2470 0.9477
vn -0.8987 -0.0151 0.4383
vn 0.9412 -0.2890 0.1750
vn 0.8490 -0.4057 0.3386
vn 0.8938 -0.3899 0.2217
vn -0.5769 -0.8167 0.0160
vn -0.1732 -0.9821 -0.0744
vn -0.9681 -0.2122 0.1334
vn -0.9605 -0.2078 0.1851
vn -0.9725 -0.2329 -0.0001
vn -0.9995 -0.0149 0.0265
vn -0.0114 -0.9989 0.0455
vn -0.0161 -0.9990 0.0422
vn -0.0232 -0.9987 0.0446
vn 0.0000 -0.6474 0.7622
vn 0.9404 -0.3400 -0.0042
vn 0.9999 -0.0052 -0.0143
vn -0.9983 0.0073 -0.0586
vn 0.9996 0.0041 0.0289
vn 0.9881 0.1356 0.0726
vn 0.8380 -0.5456 0.0083
vn 0.9086 0.3906 -0.1481
vn 0.9691 0.2423 -0.0466
vn 0.9635 0.2499 -0.0962
vn 0.0000 0.9313 -0.3642
vn -0.0001 0.9767 -0.2146
vn -0.0000 0.9312 -0.3645
vn -0.8098 -0.4177 -0.4121
vn 0.9146 -0.3999 -0.0603
vn 0.9999 -0.0071 -0.0153
vn 0.8961 -0.4287 -0.1147
vn -0.9922 0.1233 0.0202
vn -0.9780 0.1973 0.0674
vn -0.9811 0.1910 0.0326
vn -0.0643 -0.9938 -0.0905
vn -0.0635 -0.9939 -0.0898
vn -0.0652 -0.9937 -0.0911
vn 0.9508 -0.3097 -0.0079
vn 0.9328 -0.3593 -0.0293
vn -0.9999 0.0109 0.0124
vn -0.9999 0.0095 0.0122
vn -0.9817 0.1447 0.1237
vn 0.1495 -0.9710 -0.1867
vn 0.0819 -0.9667 -0.2427
vn -0.9736 -0.2141 -0.0792
vn -0.9756 -0.1989 -0.0931
vn -0.9782 -0.1831 -0.0984
vn 0.9236 -0.3565 0.1413
vn 0.9940 -0.0129 0.1085
vn 0.9862 -0.0156 0.1650
vn 0.0000 -0.7132 -0.7009
vn -0.0000 -0.7881 -0.6155
vn 0.8976 -0.3917 -0.2021
vn 0.9437 -0.2903 -0.1586
vn 0.9891 -0.1394 -0.0477
vn -0.9428 0.3142 0.1109
vn 0.9177 -0.3753 0.1303
vn 0.9629 -0.2654 0.0492
vn 0.9559 -0.2742 0.1048
vn -0.9999 0.0161 0.0001
vn -0.9998 0.0101 0.0169
vn -0.9999 0.0141 0.0077
vn 0.7779 0.5918 -0.2113
vn -0.0131 0.4021 0.9155
vn 0.0160 0.4716 0.8817
vn -0.0157 0.5058 0.8625
vn 0.9999 -0.0105 -0.0100
vn 0.9527 -0.3038 -0.0015
vn -0.6923 0.4663 -0.5507
vn -0.8925 0.3370 -0.2998
vn -0.7515 0.4923 -0.4391
vn -0.9996 -0.0117 -0.0256
vn -0.9994 -0.0109 -0.0319
vn 0.7764 0.0124 -0.6301
vn -0.0621 -0.9969 -0.0475
vn -0.0642 -0.9955 -0.0690
vn -0.0644 -0.9956 -0.0679
vn -0.7197 -0.6936 -0.0295
vn -0.9993 0.0060 0.0364
vn -0.6678 -0.7427 -0.0486
vn -1.0000 0.0055 0.0083
vn -0.5315 -0.8470 0.0128
vn -0.6355 -0.7707 0.0468
vn -0.5563 -0.8292 0.0541
vn -0.0117 0.3557 -0.9345
vn 0.0143 0.4198 -0.9075
vn 0.0115 0.3217 -0.9468
vn 0.8326 -0.3549 -0.4252
vn 0.6726 -0.5001 -0.5454
vn -0.8214 -0.1465 -0.5512
vn 0.7390 -0.5662 0.3651
vn 0.5286 -0.5872 0.6130
vn 0.9483 -0.0143 0.3169
vn 0.8117 -0.5471 0.2044
vn 0.9205 0.3852 0.0660
vn 0.8103 0.4101 0.4186
vn 0.9822 -0.0097 0.1874
vn 0.9957 -0.0101 0.0921
vn 0.9292 0.2738 -0.2482
vn -0.9985 0.0048 -0.0553
vn -0.7639 -0.3845 -0.5184
vn -0.0238 -0.0421 -0.9988
vn 0.9166 -0.3882 0.0958
vn 0.8545 -0.5067 0.1143
vn 0.8642 -0.4984 0.0691
vn 0.9745 0.0081 -0.2243
vn 0.9854 0.0050 -0.1702
vn 0.9622 0.0043 -0.2722
vn 0.8817 -0.3041 0.3608
vn 0.7294 -0.3674 0.5771
vn 0.7881 -0.4067 0.4621
vn 0.8254 -0.2930 0.4826
vn 0.7071 -0.0355 0.7062
vn 0.9675 -0.1619 0.1944
vn 0.9454 -0.1670 0.2797
vn 0.0098 0.5858 0.8104
vn 0.0257 0.7010 0.7127
vn -0.7191 0.4840 0.4986
vn -0.8708 0.3405 0.3545
vn -0.0048 -0.0363 0.9993
vn -0.0000 -0.0654 0.9979
vn 0.0118 0.5159 -0.8566
vn -0.0142 0.4523 -0.8918
vn -0.0117 0.5447 -0.8386
vn -0.2177 -0.3046 0.9273
vn -0.0282 0.0339 -0.9990
vn 0.0049 0.0211 -0.9998
vn 0.0000 -0.5237 0.8519
vn 0.0000 -0.5234 0.8521
vn 1.0000 -0.0079 -0.0013
vn -0.0000 -0.5827 -0.8127
vn -0.0000 -0.6825 -0.7309
vn -0.0005 -0.7131 -0.7010
vn 0.9665 0.1497 -0.2084
vn 0.9917 0.0092 -0.1281
vn 0.9338 0.1617 -0.3192
vn 0.8458 0.2748 -0.4572
vn 0.8216 0.2522 -0.5112
vn 0.9876 0.1351 -0.0806
vn -0.7882 -0.4066 0.4620
vn -0.9908 0.1276 -0.0456
vn -0.9705 0.2070 -0.1236
vn -0.9765 0.0125 -0.2153
vn -0.9931 0.0134 -0.1166
vn -0.9338 0.1616 -0.3191
vn -0.8875 0.1795 -0.4245
vn -0.9452 0.0125 -0.3262
vn -0.9665 0.1497 -0.2084
vn -0.8927 0.2266 -0.3895
vn -0.8705 0.2185 -0.4410
vn 0.8117 -0.0080 0.5841
vn 0.0129 0.3655 0.9307
vn 0.0141 0.0175 0.9997
vn 0.7377 0.2669 0.6201
vn 0.9356 -0.0105 0.3529
vn 0.7378 0.2669 0.6200
vn 0.8116 -0.0079 0.5841
vn -0.7676 0.5037 0.3963
vn -0.9278 0.3278 0.1782
vn 0.1618 -0.9852 0.0572
vn -0.8203 0.5003 0.2771
vn -0.8534 0.4902 0.1775
vn -0.0293 0.7879 0.6151
vn -0.0192 0.5859 0.8102
vn -0.6529 0.4401 0.6164
vn -0.6530 0.4401 0.6164
vn -0.8191 0.3306 0.4688
vn -0.6702 0.3652 0.6461
vn -0.9428 0.2248 0.2462
vn -0.8191 0.3307 0.4688
vn -0.9095 0.2316 0.3451
vn -0.8172 0.2848 0.5010
vn 0.8774 -0.4635 -0.1242
vn 0.9459 -0.3127 -0.0866
vn 0.8868 -0.4572 -0.0675
vn 0.9513 -0.3063 -0.0348
vn -0.7751 -0.6317 0.0100
vn -0.7225 -0.6896 0.0492
vn 0.0142 0.7486 -0.6629
vn -0.0235 0.8360 -0.5482
vn 0.0233 0.8656 -0.5002
vn 0.7894 0.3989 -0.4666
vn 0.0182 0.6327 -0.7742
vn 0.8387 0.4095 -0.3590
vn 0.0140 0.7485 -0.6630
vn -0.0144 0.6645 -0.7471
vn -0.0280 0.7485 -0.6626
vn -0.9971 0.0115 0.0757
vn -0.9968 0.0080 0.0793
vn 0.0236 0.0159 -0.9996
vn -0.2827 -0.3992 -0.8722
vn -0.0109 0.0159 -0.9998
vn 0.8275 -0.5607 0.0276
vn 0.9312 -0.3646 0.0003
vn -0.9998 0.0037 0.0183
vn 0.8979 -0.3786 0.2248
vn 0.8336 -0.5175 0.1931
vn 0.9688 -0.0169 0.2472
vn 0.8288 -0.4019 0.3892
vn 0.7753 -0.5359 0.3341
vn 0.9908 0.1276 -0.0456
vn 0.9206 -0.3077 -0.2406
vn -0.9712 0.1510 0.1840
vn -0.9725 -0.2279 -0.0482
vn 0.8598 -0.4109 -0.3031
vn 0.8004 0.5929 0.0885
vn 0.9922 0.1231 -0.0213
vn 0.9131 -0.3049 0.2707
vn -0.0000 0.8743 0.4854
vn -0.9981 0.0015 -0.0614
vn 0.0149 0.7881 0.6154
vn -0.0294 0.7879 0.6151
vn 0.0000 -0.9410 -0.3384
vn 0.0000 -0.9846 -0.1747
vn -0.9044 0.0188 0.4263
vn -0.9567 0.0109 0.2910
vn -0.8819 0.0134 0.4712
vn -0.9999 0.0120 0.0023
vn -0.7956 -0.6044 -0.0421
vn 0.9988 0.0014 0.0498
vn 0.9984 -0.0032 0.0557
vn 0.9804 -0.0121 0.1965
vn 0.9931 -0.0100 0.1170
vn -0.7474 -0.6298 -0.2115
vn -0.7832 -0.6040 -0.1473
vn -0.6885 -0.7126 -0.1350
vn -0.9676 0.0075 -0.2524
vn -0.7216 -0.6369 -0.2715
vn -0.7473 -0.6301 -0.2113
vn -0.0551 -0.9985 -0.0031
vn -0.7748 -0.6321 0.0100
vn -0.6956 -0.7176 -0.0344
vn -0.6635 -0.7479 0.0205
vn -0.9176 -0.3756 0.1304
vn -0.9997 -0.0158 -0.0161
vn 0.6728 -0.5411 0.5045
vn 0.8998 -0.0158 0.4361
vn 0.7290 -0.3800 0.5693
vn 0.9991 0.0094 -0.0415
vn -0.9505 0.3059 0.0539
vn -0.9185 -0.3761 -0.1225
vn -0.9285 -0.3674 -0.0539
vn -0.0005 -0.0745 -0.9972
vn 0.9949 0.0069 -0.1005
vn 0.7796 0.5943 0.1974
vn 0.2119 -0.9751 0.0648
vn 0.2362 -0.9699 0.0585
vn -0.0000 0.9882 -0.1533
vn 0.0000 1.0000 -0.0010
vn 0.0410 0.0078 0.9991
vn -0.2692 -0.3774 0.8860
vn -0.2169 -0.3469 0.9125
vn -0.3529 -0.4961 0.7933
vn -0.9453 0.1645 0.2815
vn -0.9864 0.0137 0.1637
vn -0.9075 0.1845 0.3773
vn -0.8921 0.2246 0.3920
vn -0.9993 0.0105 0.0348
vn 0.9590 -0.2832 -0.0051
vn -0.9247 0.3257 -0.1970
vn 0.9909 0.1279 0.0421
vn 0.9712 0.1511 0.1841
vn 0.9453 0.1646 0.2815
vn 0.8664 0.2099 0.4532
vn 0.8496 0.2614 0.4581
vn 0.0543 -0.9976 -0.0433
vn 0.0634 -0.9968 -0.0487
vn 0.0466 -0.9978 -0.0477
vn -0.9571 -0.1241 -0.2618
vn -0.9216 -0.1245 -0.3677
vn 0.9997 0.0082 0.0235
vn 0.9999 0.0133 -0.0001
vn -1.0000 0.0042 0.0080
vn -0.0322 0.0372 0.9988
vn -0.7256 0.0149 0.6879
vn -0.0038 0.0123 0.9999
vn 0.0409 0.0078 0.9991
vn 0.8108 -0.0136 0.5851
vn -0.6757 -0.6110 0.4125
vn -0.2691 -0.3779 0.8859
vn -0.6104 -0.7355 0.2941
vn -0.3529 -0.4954 0.7938
vn -0.7259 0.0148 0.6876
vn -0.7392 -0.6267 0.2467
vn -0.6761 -0.6111 0.4118
vn -0.7391 -0.6268 0.2466
vn -0.6755 -0.6112 0.4126
vn -0.7496 -0.6536 0.1047
vn -0.6489 -0.7461 0.1490
vn -0.6637 0.0111 -0.7479
vn -0.7159 0.0188 -0.6980
vn 0.7824 0.0076 -0.6227
vn 0.7188 -0.3325 -0.6105
vn 0.9183 0.0101 -0.3958
vn -0.0234 0.8360 -0.5482
vn -0.8138 0.4948 -0.3048
vn -0.0145 0.6645 -0.7471
vn -0.0279 0.7485 -0.6626
vn 0.9114 -0.3295 -0.2464
vn 0.9401 -0.3067 -0.1486
vn 0.8537 -0.4743 -0.2149
vn 0.7877 -0.4934 -0.3689
vn -0.9847 0.0093 0.1739
vn -0.6717 -0.7379 0.0654
vn -0.9998 0.0073 0.0163
vn -0.6184 -0.7859 0.0036
vn -0.5369 -0.8430 -0.0346
vn -0.7405 -0.6716 0.0247
vn -0.7495 -0.6536 0.1050
vn -0.6428 -0.7660 -0.0103
vn -0.6571 -0.7521 0.0513
vn 0.1930 -0.9687 -0.1562
vn 0.1574 -0.9689 -0.1908
vn -0.8710 0.4835 0.0872
vn -0.7796 0.5943 0.1974
vn -0.8005 0.5928 0.0885
vn -0.7390 0.5967 0.3129
vn 0.9445 -0.3253 0.0460
vn 0.8864 -0.4622 0.0248
vn -0.9998 0.0075 0.0163
vn -0.9643 0.0154 0.2642
vn 0.8924 -0.4506 -0.0253
vn 0.8933 -0.4495 -0.0012
vn 0.8904 -0.4549 0.0144
vn 0.7417 0.3307 0.5835
vn 0.8813 -0.4716 0.0304
vn 0.9997 -0.0085 -0.0224
vn 0.9998 0.0125 0.0129
vn -0.8003 0.5924 -0.0925
vn -0.8061 0.5918 -0.0008
vn -0.7779 0.5918 -0.2113
vn -0.7911 -0.6039 -0.0974
vn -0.7692 0.0236 0.6386
vn -0.2171 -0.3469 0.9124
vn -0.2200 -0.3659 0.9043
vn -0.9267 0.0074 -0.3757
vn -0.0111 0.0163 -0.9998
vn -0.6323 -0.6200 -0.4646
vn -0.6636 0.0109 -0.7480
vn -0.6802 -0.6443 -0.3496
vn -0.2818 -0.3987 -0.8727
vn -0.2352 -0.9670 0.0981
vn -0.6324 -0.6200 -0.4644
vn -0.6800 -0.6446 -0.3496
vn -0.1255 -0.9910 0.0464
vn -0.7218 -0.6367 -0.2714
vn -0.1901 -0.9730 0.1310
vn -0.5591 -0.7587 0.3342
vn -0.0779 -0.9953 0.0571
vn 0.0005 -0.6473 0.7622
vn -0.7693 0.0236 0.6384
vn -0.6529 0.3001 0.6954
vn -0.8173 0.2354 0.5259
vn -0.8172 0.2354 0.5260
vn 0.9182 0.0101 -0.3959
vn -0.0607 -0.0298 -0.9977
vn -0.5214 -0.6318 -0.5736
vn -0.0178 -0.0350 -0.9992
vn -0.9803 -0.1677 -0.1040
vn 0.0096 0.5858 0.8104
vn 0.7394 0.3934 0.5464
vn -0.9998 0.0041 0.0183
vn -0.0117 0.5447 -0.8385
vn -0.6153 0.4145 -0.6706
vn -0.8546 0.3336 -0.3978
vn -0.7912 0.3187 -0.5219
vn -0.6152 0.4144 -0.6706
vn -0.6282 0.3416 -0.6990
vn -0.7856 0.2730 -0.5553
vn -0.6070 0.2782 -0.7444
vn -0.6070 0.2782 -0.7445
vn -0.7830 0.2246 -0.5801
vn 0.1729 -0.9830 0.0618
vn 0.9285 -0.3671 0.0554
vn -0.0109 -0.9992 0.0380
vn -0.0169 -0.9994 0.0293
vn -0.0231 -0.9995 0.0210
vn 0.2012 -0.9671 -0.1555
vn 0.2325 -0.9654 -0.1181
vn 0.2419 -0.9639 -0.1111
vn 0.2676 -0.9631 -0.0283
vn -0.0326 -0.9990 0.0303
vn -0.0658 -0.9941 -0.0868
vn -0.5787 -0.8152 -0.0220
vn 0.0832 -0.9960 -0.0319
vn 0.0748 -0.9965 -0.0368
vn -0.0592 -0.9975 -0.0374
vn -0.8976 -0.3918 -0.2021
vn -0.0653 -0.9944 -0.0829
vn -0.0624 -0.9947 -0.0817
vn -0.0619 -0.9943 -0.0868
vn -0.2296 -0.9724 0.0411
vn -0.5211 -0.6325 -0.5731
vn 0.5088 -0.8242 0.2487
vn 0.1284 -0.7765 0.6169
vn 0.1835 -0.9506 0.2503
vn -0.1058 -0.4932 0.8634
vn 0.1464 -0.6542 0.7420
vn -0.1313 -0.6781 0.7231
vn 0.1881 0.2002 0.9615
vn 0.1979 0.0123 0.9801
vn 0.1878 0.3422 0.9207
vn 0.7586 0.6332 -0.1535
vn 0.3853 0.8774 -0.2857
vn 0.3371 0.9134 -0.2282
vn 0.2374 -0.9501 0.2025
vn 0.0831 -0.9495 0.3024
vn 0.0414 -0.9720 0.2314
vn -0.2706 -0.9246 0.2681
vn 0.1285 -0.7764 0.6170
vn -0.1995 -0.7808 0.5921
vn 0.5333 -0.8208 0.2047
vn 0.1925 -0.9527 0.2352
vn -0.1184 -0.9643 0.2369
vn -0.0643 -0.9572 0.2821
vn 0.0191 -0.1659 -0.9860
vn 0.0049 -0.1728 -0.9849
vn 0.0027 -0.1603 -0.9871
vn -0.0031 -0.1725 -0.9850
vn -0.0045 -0.1590 -0.9873
vn 0.0045 -0.2063 -0.9785
vn 0.0209 -0.2101 -0.9775
vn 0.0026 -0.2169 -0.9762
vn 0.9998 0.0040 -0.0211
vn 0.9996 0.0274 -0.0122
vn 0.9998 0.0138 0.0131
vn -0.0032 -0.2033 -0.9791
vn -0.0045 -0.2181 -0.9759
vn -0.5333 -0.8208 0.2047
vn -0.0209 -0.1664 -0.9858
vn 0.5333 0.8382 -0.1139
vn 0.1835 0.9757 -0.1196
vn 0.5088 0.8577 -0.0743
vn -0.2706 0.9582 -0.0934
vn -0.5333 0.8382 -0.1139
vn -0.5088 0.8577 -0.0744
vn 0.1418 0.9469 0.2885
vn -0.0222 0.0714 0.9972
vn 0.1847 0.2067 0.9608
vn -0.1544 0.1593 0.9751
vn -0.1985 0.0117 0.9800
vn -0.0394 -0.0926 0.9949
vn 0.0288 -0.1012 0.9945
vn -0.0127 -0.1168 0.9931
vn 0.0215 -0.1173 0.9929
vn -0.0191 -0.2105 -0.9774
vn 0.0999 -0.1060 0.9893
vn -0.8775 0.0904 0.4710
vn -0.5546 0.2342 0.7985
vn -0.8738 0.0917 0.4776
vn -0.1888 0.2003 0.9614
vn -0.1882 0.3426 0.9204
vn 0.0282 0.4564 0.8893
vn 0.0982 0.4588 0.8831
vn 0.0208 0.4746 0.8799
vn -0.0830 0.9494 -0.3028
vn 0.0611 0.8727 -0.4845
vn -0.0689 0.8324 -0.5499
vn -0.2373 -0.9485 0.2097
vn -0.0559 -0.9798 0.1922
vn 1.0000 -0.0081 0.0018
vn 0.2374 0.9485 -0.2096
vn 0.0643 0.9571 -0.2824
vn 0.0559 0.9797 -0.1925
vn 0.0173 0.0253 0.9995
vn -0.1847 0.2067 0.9608
vn -0.0296 0.3328 0.9425
vn 0.1539 0.1594 0.9751
vn -0.9999 -0.0134 -0.0039
vn -0.9995 -0.0301 0.0123
vn -0.9999 -0.0093 0.0041
vn -0.1001 -0.1064 0.9893
vn -0.0413 0.9719 -0.2318
vn -0.1742 0.9497 0.2604
vn -0.5088 -0.8242 0.2487
vn -0.2374 0.9501 -0.2024
vn -0.2457 0.9247 -0.2908
vn 0.2100 -0.1651 -0.9637
vn 0.6601 -0.1261 -0.7405
vn 0.7527 -0.1059 -0.6498
vn -0.0983 0.4592 0.8829
vn -0.0386 0.4490 0.8927
vn -0.0126 0.4681 0.8836
vn 0.1679 0.1497 0.9744
vn -0.0692 -0.3242 -0.9435
vn -0.2098 -0.2036 -0.9563
vn -0.2612 -0.3363 -0.9048
vn -0.2619 -0.3363 -0.9046
vn -0.7527 -0.1422 -0.6429
vn -0.7663 -0.1953 -0.6121
vn -0.2613 -0.3363 -0.9048
vn -0.2356 -0.9369 -0.2583
vn -0.0692 -0.3241 -0.9435
vn -0.9639 -0.2071 -0.1673
vn -0.9917 0.0039 0.1286
vn -0.9814 0.0220 0.1906
vn -0.9275 -0.2859 0.2408
vn -0.9639 -0.2071 -0.1676
vn -0.6682 -0.7100 0.2222
vn -0.7339 -0.6720 0.0987
vn -0.9503 -0.0774 -0.3015
vn -0.6813 -0.6917 -0.2394
vn -0.7625 -0.5698 -0.3064
vn -0.3342 -0.9366 0.1055
vn -0.3574 -0.9212 -0.1537
vn -0.9276 -0.2856 0.2407
vn -0.8487 -0.1157 -0.5161
vn -0.6815 -0.6915 -0.2394
vn 0.2074 -0.0964 0.9735
vn 0.3253 0.1008 0.9402
vn -0.9345 -0.0911 -0.3442
vn -0.6529 -0.6164 -0.4402
vn -0.7352 -0.6761 -0.0483
vn -0.7581 -0.6336 0.1540
vn -0.9959 -0.0490 -0.0762
vn -0.6612 -0.1570 -0.7336
vn -0.7523 -0.1424 -0.6433
vn -0.2325 -0.7556 -0.6124
vn -0.1140 -0.2052 -0.9721
vn -0.1136 -0.2053 -0.9721
vn -0.6532 -0.6162 -0.4400
vn -0.6601 -0.1579 -0.7344
vn -0.3083 -0.9466 -0.0947
vn -0.3371 -0.9133 0.2284
vn -0.7356 -0.6757 -0.0477
vn -0.2321 -0.7559 -0.6121
vn -0.1678 -0.7910 -0.5883
vn -0.2217 -0.9596 -0.1734
vn 0.9638 -0.2072 -0.1677
vn 0.9999 -0.0128 -0.0092
vn 0.9483 -0.0783 -0.3077
vn 0.7662 -0.1953 -0.6122
vn 0.6680 -0.7103 0.2221
vn 0.9275 -0.2859 0.2407
vn 0.9792 0.0197 0.2019
vn 0.9909 0.0097 0.1344
vn 0.2098 -0.2035 -0.9563
vn 0.0692 -0.3242 -0.9434
vn 0.2617 -0.3363 -0.9047
vn 0.2614 -0.3355 -0.9050
vn 0.2356 -0.9369 -0.2583
vn 0.3574 -0.9212 -0.1536
vn 0.7527 -0.1422 -0.6428
vn 0.6812 -0.6918 -0.2396
vn 0.7625 -0.5697 -0.3066
vn 0.8485 -0.1156 -0.5164
vn 0.6813 -0.6917 -0.2395
vn 0.3572 -0.9212 -0.1542
vn 0.3341 -0.9366 0.1057
vn 0.0693 -0.0483 -0.9964
vn 0.2607 -0.0227 -0.9651
vn 0.7663 -0.0453 -0.6409
vn 0.7341 0.6602 -0.1585
vn 0.3575 0.7982 -0.4849
vn 0.7121 0.6780 -0.1821
vn 0.2354 0.7744 -0.5873
vn 0.9637 0.1304 -0.2329
vn 0.9907 0.0371 0.1307
vn 0.9831 0.0527 0.1750
vn 0.9277 0.3544 0.1176
vn 0.9637 0.1305 -0.2330
vn 0.6679 0.7420 -0.0573
vn 0.9481 -0.0414 -0.3151
vn 0.9637 0.1304 -0.2330
vn 0.6809 0.5539 -0.4791
vn 0.7887 0.2201 -0.5740
vn 0.3342 0.9090 -0.2489
vn 0.3340 0.9091 -0.2490
vn 0.9275 0.3549 0.1174
vn 0.9586 -0.0309 -0.2832
vn 0.6815 0.5533 -0.4789
vn -0.2099 -0.1652 -0.9637
vn -0.0693 -0.0484 -0.9964
vn -0.2607 -0.0225 -0.9652
vn -0.2354 0.7745 -0.5872
vn -0.3576 0.7984 -0.4844
vn -0.2608 -0.0228 -0.9651
vn -0.7526 -0.1059 -0.6499
vn -0.2104 -0.1651 -0.9636
vn -0.6813 0.5536 -0.4790
vn -0.7888 0.2201 -0.5739
vn -0.9586 -0.0309 -0.2831
vn -0.9276 0.3547 0.1176
vn -0.6810 0.5542 -0.4786
vn -0.6683 0.7417 -0.0568
vn -0.3573 0.7986 -0.4843
vn -0.3341 0.9091 -0.2489
vn -0.9638 0.1304 -0.2327
vn -0.9998 0.0059 -0.0172
vn -0.9503 -0.0399 -0.3089
vn -0.7662 -0.0454 -0.6410
vn -0.6680 0.7419 -0.0569
vn -0.9810 0.0630 0.1835
vn -0.9902 0.0361 0.1347
vn 0.9935 -0.0528 -0.1005
vn 0.1138 -0.2053 -0.9721
vn 0.6529 -0.6166 -0.4399
vn 0.2326 -0.7557 -0.6122
vn 0.9310 -0.0927 -0.3529
vn 0.7584 -0.6386 0.1305
vn 0.7333 -0.6772 -0.0608
vn 0.6528 -0.6166 -0.4400
vn 0.6616 -0.1570 -0.7333
vn 0.6608 -0.1574 -0.7338
vn 0.3080 -0.9462 -0.0987
vn 0.2216 -0.9592 -0.1758
vn 0.1678 -0.7909 -0.5885
vn 0.2318 -0.7560 -0.6121
vn 0.6533 -0.6162 -0.4399
vn 0.7341 -0.6763 -0.0601
vn 0.3373 -0.9158 0.2179
vn 0.3078 -0.9463 -0.0988
vn -0.9788 0.1173 0.1682
vn -0.9998 0.0163 0.0148
vn -0.9690 0.0915 0.2295
vn 0.2327 0.4751 -0.8486
vn 0.1138 -0.1698 -0.9789
vn 0.6535 0.4096 -0.6366
vn 0.7528 -0.1059 -0.6496
vn 0.9298 -0.0507 -0.3645
vn 0.9482 -0.0413 -0.3149
vn 0.2259 0.8166 -0.5312
vn 0.3472 0.7858 -0.5118
vn 0.7998 0.5686 -0.1923
vn 0.7902 0.5126 -0.3358
vn 0.3476 0.7857 -0.5118
vn 0.1677 0.5167 -0.8396
vn -0.9958 0.0117 -0.0906
vn -0.6593 -0.1262 -0.7412
vn -0.7524 -0.1060 -0.6501
vn 0.9298 -0.0506 -0.3647
vn 0.7898 0.5127 -0.3367
vn 0.7901 0.5126 -0.3363
vn 0.9931 0.0059 -0.1168
vn -0.9332 -0.0490 -0.3559
vn -0.6601 -0.1263 -0.7405
vn -0.1146 -0.1697 -0.9788
vn -0.6536 0.4092 -0.6367
vn -0.2331 0.4751 -0.8485
vn -0.2321 0.4751 -0.8488
vn -0.1136 -0.1697 -0.9789
vn -0.7928 0.5165 -0.3236
vn -0.3858 0.8809 -0.2742
vn -0.2260 0.8181 -0.5289
vn -0.3478 0.7878 -0.5084
vn -0.1676 0.5169 -0.8395
vn -0.2322 0.4747 -0.8490
vn -0.3479 0.7878 -0.5082
vn -0.8011 0.5746 -0.1674
vn -0.2075 -0.0977 0.9733
vn -0.7599 -0.5543 0.3394
vn -0.9782 -0.0457 0.2025
vn -0.6456 -0.4015 0.6497
vn -0.7011 -0.0806 0.7085
vn -0.7008 -0.0812 0.7087
vn -0.3074 0.0951 0.9468
vn -0.6674 0.0728 0.7411
vn -0.3031 -0.8167 0.4911
vn -0.2464 -0.9213 0.3009
vn -0.2183 -0.8041 0.5530
vn -0.1678 -0.5167 0.8395
vn -0.2315 -0.4738 0.8497
vn -0.3040 -0.8162 0.4914
vn -0.6457 -0.4012 0.6497
vn -0.7608 -0.5533 0.3391
vn -0.7599 -0.5543 0.3395
vn -0.4111 -0.8707 0.2699
vn -0.2314 -0.4733 0.8500
vn -0.0352 -0.2061 -0.9779
vn 0.2315 -0.4733 0.8499
vn 0.2072 -0.0967 0.9735
vn 0.6456 -0.4013 0.6497
vn 0.7011 -0.0773 0.7088
vn -0.9719 0.0142 0.2351
vn -0.6681 0.0728 0.7405
vn 0.2261 -0.8177 0.5294
vn 0.3857 -0.8809 0.2745
vn 0.3472 -0.7867 0.5105
vn 0.3475 -0.7866 0.5104
vn 0.8007 -0.5751 0.1677
vn 0.7916 -0.5136 0.3310
vn 0.2312 -0.4734 0.8499
vn 0.1678 -0.5165 0.8397
vn 0.0352 -0.2060 -0.9779
vn 0.3246 0.1008 0.9405
vn 0.7029 0.0478 0.7097
vn 0.9800 -0.0407 0.1948
vn 0.9996 -0.0281 0.0005
vn 0.9693 0.0890 0.2291
vn 0.7012 0.3301 0.6319
vn 0.7004 0.1878 0.6886
vn 0.2056 0.4444 0.8719
vn 0.6460 0.6135 0.4543
vn 0.2318 0.7538 0.6149
vn 0.2315 0.7542 0.6144
vn 0.2055 0.4447 0.8718
vn 0.0354 -0.1709 -0.9847
vn 0.9805 0.1099 0.1630
vn 0.7585 0.6333 -0.1535
vn 0.7336 0.6773 0.0555
vn -0.7009 0.3333 0.6306
vn -0.7336 0.1943 0.6513
vn 0.3081 0.9465 0.0965
vn 0.2217 0.9596 0.1735
vn 0.1678 0.7914 0.5879
vn 0.2309 0.7545 0.6143
vn 0.6453 0.6142 0.4543
vn 0.7339 0.6770 0.0557
vn -0.3511 0.2817 0.8930
vn -0.7014 0.3332 0.6301
vn -0.7338 0.1943 0.6510
vn -0.6457 0.6139 0.4541
vn -0.7320 0.6780 0.0678
vn -0.7588 0.6383 -0.1300
vn -0.9994 0.0336 -0.0020
vn -0.2317 0.7539 0.6148
vn -0.2059 0.4455 0.8713
vn -0.6460 0.6134 0.4544
vn -0.3077 0.9462 0.1006
vn -0.3374 0.9159 -0.2177
vn -0.7323 0.6776 0.0680
vn -0.6455 0.6140 0.4543
vn -0.2310 0.7545 0.6143
vn -0.1677 0.7915 0.5877
vn -0.2215 0.9592 0.1757
vn -0.0419 -0.8827 0.4681
vn -0.0525 -0.8538 0.5179
vn 0.0847 -0.8563 0.5095
vn -0.0072 -0.2873 -0.9578
vn 0.0407 -0.9000 -0.4340
vn 0.0113 -0.2831 -0.9590
vn -0.0673 -0.8972 -0.4364
vn -0.0072 -0.2882 -0.9575
vn 0.0535 -0.9925 -0.1103
vn -0.0864 -0.9913 -0.0992
vn 0.0449 0.9862 0.1591
vn 0.0407 -0.8998 -0.4343
vn 0.0717 -0.8838 0.4623
vn 0.2352 0.7745 -0.5872
vn 0.0405 0.6752 -0.7365
vn 0.0074 -0.1109 -0.9938
vn -0.0638 0.9975 0.0295
vn 0.0407 0.6750 -0.7367
vn -0.1184 0.9834 -0.1372
vn -0.2354 0.7744 -0.5873
vn -0.0673 0.6714 -0.7380
vn -0.0672 0.6719 -0.7376
vn -0.0106 -0.0590 -0.9982
vn -0.0354 -0.1709 -0.9847
vn -0.8893 0.0862 0.4490
vn -0.0916 0.7439 0.6620
vn 0.0332 0.3843 0.9226
vn 0.8486 -0.1156 -0.5162
vn 0.7626 -0.5698 -0.3064
vn 0.0691 -0.3240 -0.9435
vn 0.0113 -0.2833 -0.9590
vn 0.7028 0.0478 0.7098
vn 0.9721 0.0155 0.2339
vn -0.0387 -0.8294 -0.5573
vn 0.0633 -0.8338 -0.5485
vn -0.1679 -0.7910 -0.5884
vn -0.0480 0.5244 -0.8501
vn 0.0480 0.6070 -0.7933
vn -0.0480 0.5249 -0.8498
vn 0.1677 0.5174 -0.8391
vn 0.0388 -0.5654 0.8239
vn -0.0623 0.9963 0.0596
vn 0.2455 0.9225 -0.2980
vn -0.1677 0.5173 -0.8392
vn 0.1678 -0.7909 -0.5884
vn 0.0632 -0.8340 -0.5481
vn -0.7582 -0.6336 0.1540
vn -0.8096 -0.5578 0.1828
vn -0.0388 0.8308 0.5552
vn 0.0702 0.9853 0.1558
vn -0.0633 -0.5727 0.8173
vn -0.1677 -0.5168 0.8395
vn -0.0634 -0.5720 0.8178
vn 0.0387 -0.5653 0.8240
vn -0.0388 0.8308 0.5553
vn 0.0634 0.8348 0.5469
vn 0.1678 0.7912 0.5881
vn 0.0634 0.8349 0.5468
vn -0.1678 0.7912 0.5881
vn 0.2458 -0.9247 0.2908
vn 0.1677 -0.5170 0.8394
vn 0.3374 -0.9158 0.2178
vn -0.8093 -0.5583 0.1829
vn 0.3860 -0.8807 0.2744
vn 0.7998 0.5686 -0.1924
vn 0.7015 0.3300 0.6316
vn 0.3275 0.2943 0.8979
vn 0.7529 -0.1422 -0.6426
vn -0.3886 -0.5593 0.7323
vn -0.1118 -0.5941 0.7966
vn 0.1000 -0.0039 0.9950
vn 0.1083 -0.6377 0.7626
vn -0.5336 0.0073 0.8457
vn -0.1118 0.8469 0.5199
vn 0.0462 0.3294 0.9431
vn 0.1083 0.8748 0.4723
vn -0.1315 0.8977 0.4206
vn -0.3886 0.7907 0.4730
vn -0.0809 0.3211 0.9436
vn 0.1083 -0.6377 0.7627
vn -0.1314 -0.6781 0.7231
vn 0.1465 -0.6541 0.7421
vn -0.6587 0.0685 0.7493
vn -0.6190 0.2719 0.7368
vn 0.3886 0.7907 0.4730
vn 0.1465 0.8825 0.4469
vn 0.4489 0.2689 0.8522
vn -0.6587 0.0685 0.7492
vn -0.6192 0.2718 0.7367
vn 0.3887 -0.5592 0.7323
vn 0.1083 -0.6376 0.7627
vn 0.6402 0.0411 0.7671
vn 0.6404 0.0411 0.7670
vn 0.8605 0.0961 0.5003
vn 0.4489 0.2688 0.8522
vn 0.0462 0.3293 0.9431
vn -0.0733 0.1134 0.9908
vn -0.0332 -0.0155 0.9993
vn 0.1169 -0.3916 0.9127
vn 0.0159 0.3291 0.9442
vn -0.1678 0.1496 0.9744
vn -0.0243 0.3218 0.9465
vn 0.0296 0.0400 0.9988
vn 0.6589 0.0684 0.7491
vn 0.6191 0.2718 0.7367
vn 0.8886 0.0865 0.4505
vn 0.8893 0.0863 0.4491
vn -0.7626 -0.5698 -0.3061
vn 0.1418 0.7407 0.6566
vn 0.3851 0.7866 0.4827
vn 0.6194 0.2718 0.7366
vn 0.1419 0.7406 0.6568
vn 0.3848 -0.5519 0.7398
vn -0.0915 0.7440 0.6619
vn -0.3851 0.7866 0.4827
vn -0.3849 -0.5519 0.7398
vn 0.6588 0.0685 0.7492
vn 0.6192 0.2718 0.7366
vn 0.8835 0.4015 -0.2415
vn 0.1951 0.0383 -0.9800
vn 0.3180 0.0078 -0.9481
vn 0.2078 0.0767 -0.9751
vn 0.6005 -0.0513 -0.7980
vn 0.5799 -0.0320 -0.8141
vn 0.6029 -0.1137 -0.7896
vn 0.1613 -0.0591 -0.9851
vn 0.1823 -0.1064 -0.9775
vn 0.2056 -0.0919 -0.9743
vn 0.2770 -0.1493 -0.9492
vn 0.3023 -0.0743 -0.9503
vn 0.2802 -0.0648 -0.9577
vn -0.0692 -0.9929 0.0972
vn -0.1363 -0.9829 0.1239
vn -0.0630 -0.9947 0.0813
vn 0.3825 -0.2042 -0.9011
vn 0.3168 -0.2000 -0.9271
vn 0.3430 -0.2153 -0.9144
vn 0.1872 -0.1454 -0.9715
vn 0.1702 -0.1170 -0.9784
vn 0.1794 -0.1219 -0.9762
vn 0.5048 -0.0219 -0.8630
vn 0.4638 -0.0062 -0.8859
vn 0.5061 -0.0158 -0.8623
vn 0.1909 -0.0364 -0.9809
vn 0.2316 -0.0772 -0.9697
vn 0.3109 -0.9460 0.0922
vn 0.2291 -0.9723 0.0469
vn 0.1838 -0.9828 0.0189
vn 0.2191 -0.1899 -0.9570
vn 0.2062 -0.1463 -0.9675
vn 0.1883 -0.1479 -0.9709
vn 0.2657 -0.1436 -0.9533
vn 0.2568 -0.0669 -0.9642
vn 0.5235 -0.0344 -0.8513
vn 0.5182 -0.0196 -0.8551
vn 0.5260 -0.0296 -0.8499
vn 0.3079 -0.0162 -0.9513
vn 0.3679 0.0551 -0.9282
vn 0.3088 0.0740 -0.9482
vn 0.3709 -0.2387 -0.8975
vn 0.4632 -0.2741 -0.8428
vn 0.3539 -0.2227 -0.9084
vn 0.3509 -0.0349 -0.9358
vn 0.2541 0.0813 -0.9638
vn 0.1964 0.0775 -0.9775
vn 0.2515 0.0822 -0.9644
vn 0.2985 -0.1549 -0.9417
vn 0.3153 -0.1838 -0.9310
vn -0.3559 -0.8488 -0.3910
vn -0.2408 -0.9241 -0.2966
vn -0.3740 -0.8102 -0.4512
vn 0.3241 -0.0969 -0.9411
vn 0.3890 -0.0683 -0.9187
vn 0.0862 0.0677 -0.9940
vn 0.0826 0.0197 -0.9964
vn 0.0844 0.0472 -0.9953
vn 0.3276 -0.0693 -0.9423
vn 0.5022 -0.0802 -0.8610
vn 0.2914 -0.0904 -0.9523
vn 0.6066 -0.2434 -0.7569
vn 0.5546 -0.2582 -0.7910
vn 0.6156 -0.2574 -0.7449
vn 0.1447 -0.0649 -0.9873
vn 0.2398 -0.1914 -0.9518
vn 0.1269 -0.0904 -0.9878
vn 0.0763 -0.9962 -0.0429
vn 0.0591 -0.9967 -0.0549
vn 0.0708 -0.9965 -0.0453
vn 0.1203 -0.0404 -0.9919
vn 0.1039 -0.0167 -0.9944
vn 0.2338 -0.1943 -0.9527
vn 0.1387 0.0910 -0.9861
vn 0.1540 0.0817 -0.9847
vn 0.0994 0.0798 -0.9918
vn -0.5317 -0.5645 -0.6314
vn -0.4978 -0.6091 -0.6174
vn 0.9295 -0.1141 -0.3506
vn 0.9041 -0.0876 -0.4182
vn 0.9073 -0.1300 -0.3998
vn 0.2657 -0.1025 -0.9586
vn 0.2604 0.1726 -0.9499
vn 0.2687 -0.0999 -0.9580
vn 0.2253 -0.0902 -0.9701
vn 0.3070 -0.0808 -0.9483
vn 0.2939 -0.1007 -0.9505
vn 0.2882 -0.1368 -0.9478
vn 0.3020 -0.1852 -0.9352
vn 0.3068 -0.1532 -0.9393
vn 0.3476 -0.0989 -0.9324
vn 0.3063 -0.1513 -0.9398
vn 0.2631 -0.1110 -0.9584
vn 0.1587 -0.2801 -0.9468
vn 0.1053 -0.2210 -0.9696
vn 0.1608 -0.3159 -0.9350
vn -0.4430 -0.6289 -0.6390
vn -0.3220 -0.5865 -0.7432
vn -0.5851 -0.6260 -0.5155
vn 0.6368 -0.2723 -0.7213
vn 0.6443 -0.2537 -0.7215
vn 0.6820 -0.5110 -0.5232
vn 0.2282 -0.1605 -0.9603
vn 0.3467 -0.2115 -0.9138
vn 0.1198 0.0572 -0.9911
vn 0.1739 0.0379 -0.9840
vn 0.5767 -0.7749 0.2586
vn 0.4785 -0.8552 0.1992
vn 0.4363 -0.8837 0.1695
vn 0.2928 -0.1710 -0.9408
vn 0.2759 -0.1163 -0.9541
vn 0.2812 -0.1247 -0.9515
vn 0.6308 -0.2851 -0.7217
vn 0.6304 -0.2763 -0.7254
vn 0.2615 0.0371 -0.9645
vn 0.1896 0.0812 -0.9785
vn 0.3833 -0.4987 -0.7774
vn 0.3153 -0.4120 -0.8549
vn 0.4010 -0.3977 -0.8253
vn 0.1861 -0.0645 -0.9804
vn 0.3537 -0.0607 -0.9334
vn 0.2405 -0.0677 -0.9683
vn 0.1098 0.0209 -0.9937
vn 0.1451 -0.0814 -0.9861
vn 0.1248 -0.9921 -0.0123
vn 0.1022 -0.9944 -0.0269
vn 0.4610 -0.0403 -0.8865
vn 0.2922 -0.0069 -0.9563
vn 0.4176 0.0752 -0.9055
vn 0.2078 -0.1209 -0.9707
vn 0.2246 -0.1305 -0.9657
vn 0.1993 -0.1387 -0.9701
vn 0.2588 -0.1839 -0.9483
vn 0.1060 0.0800 -0.9911
vn 0.0870 -0.1025 -0.9909
vn 0.5687 -0.0032 -0.8226
vn 0.5440 -0.0341 -0.8384
vn 0.8187 -0.1786 -0.5458
vn 0.6330 -0.2799 -0.7218
vn 0.6329 -0.3048 -0.7117
vn 0.3213 0.0174 -0.9468
vn 0.6204 -0.1635 -0.7670
vn 0.6383 -0.2407 -0.7312
vn 0.6314 -0.2391 -0.7377
vn 0.1787 -0.0374 -0.9832
vn 0.1163 -0.0036 -0.9932
vn 0.4397 0.0298 -0.8976
vn 0.4226 0.0264 -0.9059
vn 0.2716 -0.1159 -0.9554
vn -0.4995 0.8152 -0.2931
vn -0.3852 0.9056 -0.1773
vn -0.4366 0.8828 -0.1731
vn 0.4821 -0.2934 -0.8256
vn 0.4537 -0.0358 -0.8904
vn 0.6308 -0.1272 -0.7654
vn 0.0543 0.9985 0.0045
vn 0.1058 0.9938 0.0336
vn 0.1284 0.9903 0.0534
vn 0.2221 -0.4111 -0.8841
vn 0.2346 -0.3767 -0.8961
vn 0.4614 -0.0110 -0.8871
vn 0.3974 0.0058 -0.9176
vn 0.2771 -0.1315 -0.9518
vn 0.2622 0.2185 -0.9400
vn 0.2663 0.2126 -0.9401
vn 0.7267 0.5638 0.3925
vn 0.6699 0.6482 0.3620
vn 0.7513 0.5202 0.4062
vn 0.6140 -0.1131 -0.7812
vn 0.3542 -0.1093 -0.9288
vn 0.2479 -0.1180 -0.9616
vn 0.4132 -0.0961 -0.9056
vn 0.2295 -0.1433 -0.9627
vn 0.1232 0.0533 -0.9909
vn 0.1892 0.0440 -0.9809
vn 0.6007 -0.1603 -0.7833
vn 0.5670 -0.1887 -0.8018
vn 0.6055 -0.1954 -0.7715
vn 0.2716 -0.1052 -0.9566
vn 0.2621 0.2006 -0.9440
vn 0.1452 0.0562 -0.9878
vn 0.2810 -0.1565 -0.9469
vn 0.3341 0.0264 -0.9422
vn 0.4534 -0.0514 -0.8898
vn 0.4920 -0.0812 -0.8668
vn 0.4854 -0.0679 -0.8717
vn 0.6276 -0.2598 -0.7339
vn 0.6269 -0.2546 -0.7364
vn 0.5956 -0.2679 -0.7573
vn 0.5304 -0.2587 -0.8073
vn 0.6267 -0.2290 -0.7448
vn 0.3177 0.0713 -0.9455
vn 0.5309 -0.0183 -0.8473
vn 0.5382 -0.0264 -0.8424
vn 0.8019 0.4116 0.4330
vn 0.8431 0.2887 0.4537
vn 0.7851 0.4515 0.4240
vn 0.6329 -0.2800 -0.7218
vn 0.6327 -0.3047 -0.7119
vn 0.0518 -0.9940 0.0963
vn 0.1109 -0.9845 0.1362
vn 0.1294 -0.9668 0.2204
vn 0.8980 -0.1448 -0.4154
vn 0.6276 -0.2599 -0.7339
vn 0.2664 -0.0119 -0.9638
vn 0.8806 -0.1438 -0.4515
vn 0.9229 -0.1287 -0.3629
vn 0.5564 -0.3163 -0.7684
vn 0.3815 0.0535 -0.9228
vn 0.2854 -0.1587 -0.9452
vn 0.3859 0.3081 -0.8696
vn 0.2498 -0.1418 -0.9578
vn 0.4049 0.0101 -0.9143
vn 0.2270 -0.0195 -0.9737
vn 0.5192 -0.0435 -0.8535
vn 0.5378 -0.0898 -0.8383
vn 0.1206 -0.0000 -0.9927
vn 0.2446 0.0267 -0.9692
vn 0.6265 -0.2289 -0.7451
vn 0.5000 -0.2287 -0.8353
vn 0.5524 -0.2417 -0.7978
vn 0.4641 -0.0129 -0.8857
vn 0.5133 -0.1205 -0.8497
vn 0.4368 -0.1595 -0.8853
vn 0.4615 -0.2007 -0.8641
vn 0.1267 0.0696 -0.9895
vn 0.2953 -0.0967 -0.9505
vn 0.5574 -0.2875 -0.7789
vn 0.6117 -0.3163 -0.7251
vn 0.6101 -0.2895 -0.7375
vn 0.1879 -0.1117 -0.9758
vn 0.1721 -0.0706 -0.9825
vn 0.2645 -0.1873 -0.9460
vn 0.5316 -0.0127 -0.8469
vn 0.2553 -0.1170 -0.9598
vn 0.2309 -0.1135 -0.9663
vn 0.2867 -0.1117 -0.9515
vn 0.4926 -0.0645 -0.8679
vn -0.0054 -0.9949 -0.1009
vn 0.0269 -0.9962 -0.0826
vn -0.0102 -0.9939 -0.1103
vn 0.4719 -0.3925 -0.7894
vn 0.5378 -0.3509 -0.7666
vn 0.5724 -0.1514 -0.8059
vn -0.0266 -0.9985 0.0469
vn -0.0151 -0.9995 0.0270
vn -0.6336 -0.0102 -0.7736
vn -0.6350 0.0561 -0.7705
vn -0.6353 0.0799 -0.7681
vn 0.1260 -0.0308 -0.9915
vn 0.1660 0.2996 -0.9395
vn -0.6308 -0.0446 -0.7747
vn -0.6317 -0.0311 -0.7746
vn -0.0110 -0.9992 0.0378
vn -0.0121 -0.9989 0.0454
vn -0.0139 -0.9985 0.0532
vn -0.4760 0.7927 -0.3810
vn -0.5823 0.6172 -0.5291
vn -0.5646 0.5596 -0.6067
vn 0.5347 -0.1648 -0.8288
vn 0.5504 -0.1286 -0.8250
vn 0.4702 -0.4516 -0.7583
vn 0.4161 -0.1124 -0.9023
vn 0.3429 -0.1310 -0.9302
vn 0.3597 -0.1691 -0.9176
vn 0.5881 -0.3032 -0.7498
vn 0.5433 -0.3827 -0.7473
vn 0.8517 0.2549 0.4579
vn 0.8669 0.1799 0.4648
vn 0.6282 -0.1944 -0.7534
vn -0.1693 0.9826 -0.0763
vn -0.2491 0.9642 -0.0914
vn -0.1291 0.9893 -0.0684
vn 0.2474 -0.1521 -0.9569
vn 0.2523 -0.1376 -0.9578
vn 0.2261 -0.1711 -0.9590
vn 0.4556 -0.2461 -0.8555
vn 0.2316 -0.9029 0.3621
vn 0.3398 -0.8534 0.3953
vn 0.3926 -0.8184 0.4196
vn 0.6347 0.6933 0.3415
vn 0.5280 0.8005 0.2836
vn 0.0570 -0.9965 -0.0605
vn 0.0319 -0.9967 -0.0748
vn 0.8622 -0.1565 -0.4818
vn 0.6186 -0.1661 -0.7679
vn 0.0215 0.9996 -0.0178
vn 0.0460 0.9989 -0.0049
vn 0.0092 0.9996 -0.0257
vn 0.0178 0.9996 -0.0215
vn 0.2781 0.1749 -0.9445
vn 0.3020 -0.1924 -0.9337
vn 0.3890 -0.0251 -0.9209
vn 0.2761 0.0317 -0.9606
vn 0.2342 -0.1790 -0.9556
vn 0.6132 -0.2542 -0.7479
vn 0.3282 0.0901 -0.9403
vn 0.3906 -0.0750 -0.9175
vn 0.4207 -0.2330 -0.8768
vn 0.9674 -0.0414 -0.2497
vn 0.9264 -0.0517 -0.3729
vn 0.8194 -0.0734 -0.5684
vn 0.0082 0.9996 -0.0279
vn 0.0099 0.9996 -0.0266
vn 0.0095 0.9995 -0.0288
vn -0.0002 0.9994 -0.0336
vn 0.0015 0.9995 -0.0331
vn 0.6116 -0.3163 -0.7252
vn 0.7764 -0.1363 -0.6154
vn 0.8483 -0.1208 -0.5156
vn -0.6191 0.3714 -0.6919
vn 0.4573 -0.0862 -0.8851
vn 0.2382 -0.0597 -0.9694
vn -0.0351 0.9984 -0.0450
vn -0.0618 0.9967 -0.0529
vn 0.3678 -0.0040 -0.9299
vn 0.4673 -0.0755 -0.8808
vn 0.4853 -0.2512 -0.8375
vn 0.6285 -0.2004 -0.7515
vn 0.6038 -0.2208 -0.7659
vn 0.3709 -0.1147 -0.9216
vn 0.6194 -0.0890 -0.7800
vn 0.6649 -0.1290 -0.7357
vn 0.5987 -0.1422 -0.7883
vn 0.6287 -0.2006 -0.7513
vn 0.7154 -0.6081 0.3442
vn 0.7123 -0.6123 0.3429
vn 0.4729 -0.0877 -0.8767
vn -0.6038 -0.3054 -0.7363
vn 0.1657 -0.1002 -0.9811
vn 0.4655 -0.1108 -0.8781
vn 0.8710 0.1574 0.4654
vn 0.8755 0.1254 0.4667
vn 0.4490 0.8615 0.2369
vn 0.2641 0.9555 0.1315
vn 0.5926 -0.3060 -0.7451
vn -0.7066 -0.6402 -0.3014
vn 0.8854 -0.0556 -0.4616
vn 0.6019 0.0156 -0.7984
vn 0.6004 -0.0512 -0.7980
vn -0.6097 -0.2166 -0.7625
vn -0.6236 -0.1216 -0.7723
vn -0.6251 -0.1010 -0.7740
vn 0.3867 -0.2285 -0.8934
vn -0.6314 0.1568 -0.7594
vn 0.2843 0.4763 -0.8320
vn -0.3073 -0.9447 0.1146
vn -0.1940 -0.9644 0.1796
vn -0.4116 -0.9023 0.1283
vn -0.2925 0.9499 -0.1100
vn 0.1496 -0.0964 -0.9840
vn -0.6295 -0.0521 -0.7753
vn -0.6300 -0.0456 -0.7753
vn -0.0091 -0.9995 0.0289
vn 0.4862 -0.0016 -0.8738
vn 0.2737 -0.1271 -0.9534
vn 0.2420 0.0924 -0.9659
vn 0.2660 -0.1163 -0.9569
vn 0.5298 -0.0190 -0.8479
vn 0.2366 -0.0601 -0.9697
vn 0.0342 -0.9976 0.0602
vn 0.0001 -0.9984 0.0561
vn -0.0065 -0.9985 0.0540
vn 0.2537 0.1364 -0.9576
vn 0.2741 -0.1164 -0.9546
vn 0.9772 -0.0272 -0.2105
vn 0.9828 -0.0350 -0.1813
vn 0.8851 -0.0245 0.4647
vn 0.8837 -0.0733 0.4623
vn 0.8847 -0.0058 0.4661
vn -0.1378 -0.9687 -0.2065
vn -0.2246 -0.9383 -0.2629
vn -0.1209 -0.9754 -0.1845
vn 0.2062 -0.9375 0.2801
vn 0.0396 -0.6371 -0.7698
vn -0.5110 -0.8507 -0.1230
vn -0.3799 -0.9178 -0.1157
vn 0.2440 0.2188 -0.9448
vn 0.2788 0.2775 -0.9194
vn 0.2456 0.3047 -0.9202
vn -0.7376 -0.6508 -0.1797
vn -0.6487 -0.7463 -0.1490
vn -0.8070 -0.5682 -0.1609
vn 0.7723 -0.1493 -0.6175
vn 0.7948 -0.1156 -0.5958
vn 0.7777 -0.1094 -0.6190
vn 0.6524 0.1236 0.7478
vn 0.8241 0.3415 0.4519
vn 0.8793 0.0937 0.4670
vn 0.2535 0.3406 -0.9054
vn 0.1930 0.4661 -0.8634
vn 0.2700 0.4568 -0.8476
vn 0.5137 -0.1330 -0.8476
vn 0.6758 -0.1160 -0.7279
vn 0.5715 -0.1386 -0.8088
vn 0.0193 0.9992 0.0358
vn 0.1757 0.4738 -0.8629
vn 0.2588 0.4491 -0.8552
vn 0.1742 -0.4266 -0.8875
vn 0.1879 -0.6086 -0.7709
vn 0.2020 -0.5431 -0.8150
vn -0.5387 0.7951 -0.2786
vn -0.6310 0.7036 -0.3268
vn -0.6636 0.6586 -0.3548
vn -0.2336 -0.4937 -0.8377
vn -0.0273 -0.4680 -0.8833
vn -0.0994 -0.3849 -0.9176
vn 0.8071 0.3668 0.4626
vn 0.8260 0.3086 0.4717
vn 0.7887 0.4152 0.4534
vn 0.4802 -0.2424 -0.8430
vn 0.4487 -0.2647 -0.8536
vn 0.4329 -0.3200 -0.8427
vn -0.2193 -0.9674 -0.1270
vn 0.1203 -0.4288 -0.8953
vn 0.1372 -0.4752 -0.8691
vn 0.1464 -0.2059 -0.9676
vn 0.1288 -0.2444 -0.9611
vn 0.3470 0.0358 -0.9372
vn 0.4425 -0.0456 -0.8956
vn 0.3847 -0.0747 -0.9200
vn 0.4538 0.0616 -0.8890
vn 0.3947 0.3615 -0.8447
vn 0.4943 0.1936 -0.8475
vn 0.1164 0.0320 -0.9927
vn 0.2982 -0.0689 -0.9520
vn 0.3373 0.0375 -0.9407
vn 0.6166 -0.4161 -0.6683
vn 0.7622 -0.2793 -0.5840
vn 0.7028 -0.3216 -0.6345
vn -0.6737 -0.6233 -0.3970
vn -0.7320 -0.5218 -0.4380
vn -0.7629 -0.4720 -0.4419
vn 0.5639 0.6531 -0.5054
vn 0.5050 0.2487 -0.8265
vn 0.5283 0.1766 -0.8305
vn 0.5340 -0.0389 -0.8446
vn 0.5219 0.0509 -0.8515
vn 0.4778 0.1277 -0.8691
vn 0.8732 -0.0568 0.4840
vn 0.8711 -0.0966 0.4815
vn 0.8738 -0.0348 0.4850
vn -0.8633 0.4352 -0.2555
vn -0.8827 0.3972 -0.2511
vn -0.8551 0.4347 -0.2827
vn 0.7446 -0.1518 -0.6500
vn 0.7610 -0.0955 -0.6417
vn 0.1066 0.9904 0.0876
vn 0.3606 0.5532 -0.7509
vn 0.2774 0.5475 -0.7895
vn 0.6382 0.1620 0.7526
vn 0.6153 0.3676 0.6973
vn -0.9736 0.2265 0.0262
vn -0.9241 0.3793 0.0457
vn -0.8794 0.4694 0.0789
vn -0.8954 0.3247 -0.3045
vn -0.8780 0.3694 -0.3044
vn -0.9035 0.3116 -0.2943
vn 0.3477 -0.1654 -0.9229
vn 0.4018 -0.2584 -0.8785
vn 0.3691 -0.2385 -0.8983
vn 0.3247 0.0375 -0.9451
vn 0.3117 0.1484 -0.9385
vn 0.3007 0.0231 -0.9534
vn -0.0879 -0.1945 -0.9770
vn -0.2072 -0.1779 -0.9620
vn -0.1556 -0.1661 -0.9738
vn 0.4740 -0.3116 -0.8236
vn 0.4453 -0.3634 -0.8183
vn 0.2237 0.9619 0.1574
vn 0.3179 0.9257 0.2052
vn 0.3577 -0.2113 -0.9096
vn 0.2194 -0.2354 -0.9468
vn 0.2977 -0.2727 -0.9149
vn -0.2034 -0.9740 -0.0998
vn -0.1591 -0.9820 -0.1022
vn -0.2482 -0.9625 -0.1098
vn 0.6588 -0.1157 0.7433
vn 0.6352 -0.2557 0.7288
vn 0.6492 -0.0635 0.7580
vn 0.1763 0.3489 -0.9204
vn 0.1635 0.1578 -0.9738
vn 0.1665 0.1633 -0.9724
vn 0.3130 0.8822 0.3519
vn 0.4748 0.7343 0.4852
vn 0.4914 0.6636 0.5640
vn 0.6007 0.0479 -0.7980
vn 0.4703 0.1729 -0.8654
vn 0.5743 0.0179 -0.8185
vn 0.3614 0.2285 -0.9040
vn 0.4330 -0.0237 -0.9011
vn 0.3424 0.1366 -0.9296
vn 0.9644 -0.0891 0.2488
vn 0.8861 -0.2203 0.4078
vn 0.8109 -0.3363 0.4789
vn 0.1643 -0.0592 -0.9846
vn 0.1662 -0.0912 -0.9819
vn 0.1517 -0.0872 -0.9846
vn 0.3132 -0.1435 -0.9388
vn -0.4126 0.9109 0.0012
vn -0.7691 0.6389 -0.0195
vn -0.3051 0.9523 -0.0050
vn 0.2006 0.9694 0.1416
vn 0.1435 0.9839 0.1060
vn 0.2165 0.9653 0.1460
vn 0.5421 0.2071 -0.8144
vn 0.3515 0.3617 -0.8635
vn 0.3656 0.3624 -0.8573
vn 0.2832 -0.0598 -0.9572
vn 0.3039 -0.0546 -0.9511
vn 0.3113 0.0360 -0.9496
vn 0.3674 0.1463 -0.9185
vn 0.3741 0.1230 -0.9192
vn 0.4390 0.0772 -0.8951
vn 0.4574 0.1638 -0.8740
vn 0.7257 0.5435 0.4219
vn 0.7592 0.4807 0.4388
vn 0.7148 0.5618 0.4166
vn 0.0671 0.5128 -0.8559
vn 0.1071 0.4464 -0.8884
vn 0.0288 -0.9666 -0.2545
vn -0.2058 -0.9635 -0.1709
vn -0.0542 -0.9957 -0.0750
vn 0.3716 -0.3038 -0.8773
vn 0.4045 -0.3277 -0.8538
vn 0.4190 -0.4298 -0.7998
vn 0.4367 -0.3417 -0.8322
vn 0.3904 -0.3726 -0.8419
vn 0.3840 -0.0286 -0.9229
vn 0.3872 -0.3620 -0.8479
vn 0.4610 -0.1542 -0.8739
vn -0.1321 -0.2764 -0.9519
vn 0.1946 -0.2678 -0.9436
vn 0.2218 -0.2090 -0.9524
vn 0.6612 0.0308 0.7496
vn 0.6181 0.0714 -0.7829
vn 0.6778 -0.0383 -0.7342
vn 0.6990 0.0117 -0.7151
vn 0.4633 -0.2223 -0.8579
vn 0.4254 0.0035 -0.9050
vn 0.5570 -0.2111 -0.8032
vn 0.5163 0.1025 -0.8502
vn 0.3153 0.2409 -0.9179
vn 0.1928 0.3583 -0.9135
vn 0.4569 0.2523 -0.8530
vn 0.3417 0.3609 -0.8678
vn 0.3985 0.2751 -0.8749
vn 0.0218 0.3853 -0.9225
vn 0.2977 0.2641 -0.9174
vn 0.2803 0.2616 -0.9236
vn 0.6947 -0.2622 -0.6698
vn 0.6429 -0.1799 -0.7446
vn 0.5859 -0.2423 -0.7733
vn 0.1115 -0.1562 -0.9814
vn 0.2573 -0.0494 -0.9651
vn 0.4725 -0.2571 -0.8430
vn 0.4699 -0.1576 -0.8686
vn 0.5792 -0.7610 0.2924
vn 0.6794 -0.6446 0.3507
vn 0.7124 -0.5920 0.3769
vn 0.3422 -0.1856 -0.9211
vn 0.2388 -0.1156 -0.9642
vn 0.3243 -0.0974 -0.9409
vn 0.5939 -0.5499 0.5873
vn 0.7098 -0.4819 0.5137
vn 0.7620 -0.4672 0.4484
vn 0.2188 0.1203 -0.9683
vn 0.2159 0.1328 -0.9673
vn 0.2638 0.2056 -0.9424
vn 0.6340 -0.0739 -0.7698
vn 0.5131 -0.0227 -0.8580
vn 0.2287 0.5038 -0.8330
vn 0.2109 0.4955 -0.8426
vn 0.0926 -0.9552 -0.2811
vn 0.0151 -0.9992 -0.0368
vn 0.0212 -0.9992 -0.0329
vn 0.1748 -0.9684 -0.1781
vn 0.0575 -0.9983 -0.0097
vn 0.1047 -0.9943 0.0224
vn -0.9995 -0.0297 -0.0084
vn -1.0000 0.0048 -0.0074
vn -0.9999 0.0134 -0.0073
vn 0.4026 -0.1453 -0.9038
vn 0.1182 -0.6359 -0.7626
vn 0.9862 0.1654 0.0099
vn 0.9739 0.1134 0.1965
vn 0.9425 0.1016 0.3182
vn 0.7407 -0.5434 0.3951
vn 0.7022 -0.6098 0.3676
vn 0.7007 -0.6097 0.3705
vn 0.1567 0.3502 -0.9235
vn -0.1898 0.4653 -0.8645
vn -0.1366 0.3130 -0.9399
vn 0.6273 -0.3700 0.6853
vn 0.5572 -0.5571 0.6158
vn -0.7470 -0.2266 -0.6250
vn -0.8388 -0.2436 -0.4870
vn -0.7242 -0.2950 -0.6233
vn 0.2797 -0.0020 -0.9601
vn 0.2699 -0.0615 -0.9609
vn 0.3014 -0.1391 -0.9433
vn 0.2873 -0.1305 -0.9489
vn 0.1605 -0.9850 0.0627
vn 0.2703 -0.9564 -0.1103
vn 0.2396 -0.9617 -0.1334
vn 0.8987 0.0318 0.4374
vn 0.8871 0.0125 0.4614
vn 0.2807 0.4298 -0.8582
vn 0.4216 0.3584 -0.8329
vn 0.8901 -0.0413 -0.4539
vn 0.8069 -0.0711 -0.5864
vn 0.8289 -0.0706 -0.5549
vn -0.0120 0.9997 0.0208
vn -0.0260 0.9994 0.0247
vn -0.0278 0.9996 0.0057
vn -0.4140 0.6404 -0.6469
vn -0.3127 0.7474 -0.5862
vn 0.7481 -0.3547 -0.5608
vn 0.7942 -0.1863 -0.5784
vn 0.7299 -0.2633 -0.6309
vn 0.0501 -0.1354 -0.9895
vn 0.0479 -0.1342 -0.9898
vn 0.0129 0.9994 0.0326
vn 0.0673 0.9953 0.0702
vn -0.5162 -0.7967 -0.3144
vn -0.6283 -0.6753 -0.3862
vn 0.1631 -0.1972 -0.9667
vn 0.1224 -0.3715 -0.9203
vn 0.3404 -0.3229 -0.8831
vn 0.1905 0.3887 -0.9015
vn 0.3095 0.0979 -0.9458
vn 0.1834 0.0613 -0.9811
vn 0.1027 -0.5103 -0.8538
vn 0.0396 -0.6370 -0.7698
vn 0.1182 -0.6360 -0.7626
vn -0.0614 0.1515 -0.9865
vn 0.2181 0.0861 -0.9721
vn 0.1915 0.2286 -0.9545
vn -0.9803 -0.1459 -0.1332
vn -0.9424 -0.3102 -0.1254
vn -0.9906 -0.0485 -0.1282
vn -0.6640 -0.4317 -0.6105
vn -0.8004 -0.3717 -0.4703
vn -0.9824 0.0786 -0.1697
vn 0.2526 -0.9172 -0.3081
vn 0.3557 -0.9248 0.1353
vn 0.2445 -0.9669 0.0725
vn -0.7200 0.0957 0.6874
vn -0.7775 0.0934 0.6220
vn -0.7795 0.0980 0.6187
vn 0.0778 -0.9519 -0.2965
vn 0.3138 0.5192 -0.7950
vn 0.3606 0.5533 -0.7509
vn 0.7433 -0.4738 0.4723
vn 0.7097 -0.4819 0.5138
vn 0.7135 -0.4692 0.5203
vn 0.5819 -0.3068 -0.7532
vn 0.7298 -0.2633 -0.6309
vn 0.9147 0.1595 -0.3713
vn 0.7421 0.0077 -0.6702
vn 0.7800 -0.0447 -0.6242
vn 0.6419 -0.1017 -0.7600
vn 0.7783 -0.1195 -0.6164
vn 0.1272 0.5381 -0.8332
vn 0.2056 0.6783 -0.7055
vn 0.0101 0.7083 -0.7058
vn 0.4910 0.1194 -0.8629
vn 0.4451 0.1571 -0.8816
vn 0.4616 0.1445 -0.8752
vn 0.9004 -0.1307 -0.4149
vn 0.8417 -0.1631 -0.5146
vn 0.4886 0.1210 -0.8641
vn 0.4030 0.1683 -0.8996
vn 0.2699 -0.4837 -0.8325
vn 0.6491 -0.2005 -0.7338
vn 0.6125 -0.0423 -0.7894
vn 0.5771 -0.0982 -0.8107
vn 0.1725 -0.0516 -0.9837
vn 0.1787 -0.0224 -0.9836
vn 0.1827 -0.0071 -0.9831
vn 0.2179 0.1173 -0.9689
vn 0.2182 0.2295 -0.9485
vn 0.8719 -0.0470 -0.4875
vn 0.7961 -0.0640 -0.6017
vn 0.6259 -0.2124 -0.7504
vn 0.1738 -0.2506 -0.9524
vn 0.2843 -0.3322 -0.8993
vn -0.8497 -0.2134 -0.4821
vn -0.8516 -0.1813 -0.4918
vn -0.8571 -0.1736 -0.4849
vn 0.5622 0.0657 -0.8244
vn 0.5286 -0.0260 -0.8485
vn 0.1201 -0.4285 -0.8955
vn 0.6290 0.0250 -0.7770
vn 0.0061 -0.3040 -0.9526
vn -0.9679 0.1267 -0.2172
vn -0.9518 0.1851 -0.2448
vn 0.2936 -0.1120 -0.9493
vn 0.3187 -0.1959 -0.9274
vn 0.3368 -0.1618 -0.9276
vn 0.7257 0.2077 -0.6559
vn 0.6849 0.4636 -0.5621
vn 0.6121 0.3037 -0.7301
vn -0.8611 -0.5022 -0.0794
vn 0.0085 -0.2472 -0.9689
vn -0.1913 -0.9806 -0.0419
vn 0.9055 0.1660 -0.3905
vn 0.8468 0.0035 -0.5319
vn 0.9026 -0.0107 -0.4303
vn 0.5282 0.1767 -0.8305
vn 0.5050 0.2488 -0.8265
vn 0.6488 -0.1136 -0.7524
vn 0.1012 -0.9607 -0.2583
vn 0.0287 -0.9992 -0.0276
vn 0.0432 0.3906 -0.9196
vn 0.3682 0.1964 -0.9088
vn 0.4278 -0.2413 -0.8710
vn 0.3468 0.0457 -0.9368
vn 0.4348 -0.1124 -0.8935
vn 0.7584 0.5963 -0.2632
vn 0.8246 0.1974 -0.5302
vn 0.4849 -0.1817 -0.8555
vn 0.5092 -0.1817 -0.8412
vn 0.5475 -0.0887 -0.8321
vn 0.3888 -0.2598 -0.8839
vn 0.2071 -0.3282 -0.9216
vn 0.0302 -0.9994 -0.0151
vn 0.0713 -0.9974 0.0092
vn -0.1960 0.5864 -0.7859
vn -0.1387 0.6677 -0.7314
vn 0.6429 0.0902 0.7606
vn 0.6570 0.0841 0.7492
vn 0.7623 -0.2794 -0.5839
vn 0.7447 -0.1968 -0.6377
vn 0.0883 0.3251 -0.9415
vn -0.0638 0.3847 -0.9209
vn -0.0033 0.2963 -0.9551
vn 0.4712 0.1466 -0.8698
vn 0.4701 0.1283 -0.8733
vn 0.4810 0.0670 -0.8742
vn -0.8438 0.5275 0.0983
vn -0.9181 0.3963 0.0050
vn -0.7974 0.5868 0.1406
vn 0.7473 0.0453 -0.6630
vn 0.6199 0.1030 -0.7779
vn 0.6535 -0.0208 -0.7567
vn 0.0772 -0.9662 -0.2459
vn 0.0078 -0.9991 -0.0408
vn 0.4753 -0.8518 0.2200
vn 0.4268 -0.8849 0.1866
vn 0.4958 -0.8355 0.2367
vn 0.0191 -0.9996 -0.0215
vn 0.4309 0.4383 -0.7888
vn 0.3003 0.1956 -0.9336
vn 0.3157 0.1114 -0.9423
vn 0.3405 0.1826 -0.9224
vn 0.9175 -0.1936 -0.3475
vn 0.8300 -0.1646 -0.5329
vn 0.6427 -0.1851 -0.7434
vn 0.4969 0.1028 -0.8617
vn 0.2540 0.5046 -0.8251
vn 0.3174 0.5921 -0.7407
vn -0.4558 -0.8815 -0.1233
vn -0.3202 -0.9406 -0.1131
vn 0.5028 0.1775 -0.8460
vn -0.4751 -0.0616 -0.8778
vn -0.8620 -0.1137 -0.4941
vn -0.3366 -0.2183 -0.9160
vn 0.8823 -0.3912 -0.2617
vn -0.1426 0.8343 -0.5325
vn 0.0102 0.7083 -0.7059
vn 0.1419 0.4854 -0.8627
vn 0.2354 0.3155 -0.9193
vn 0.1746 0.3182 -0.9318
vn 0.8664 -0.1473 0.4771
vn 0.8671 -0.1435 0.4770
vn 0.8672 -0.1446 0.4766
vn 0.5760 0.6121 0.5417
vn 0.4388 0.7041 0.5582
vn 0.5233 0.5317 0.6659
vn 0.0714 -0.9592 -0.2734
vn 0.9662 0.2564 0.0247
vn 0.8624 0.1631 0.4793
vn 0.9911 0.1314 0.0224
vn -0.4305 -0.8574 -0.2820
vn -0.2171 -0.9642 -0.1524
vn 0.8740 -0.0019 0.4860
vn -0.5676 -0.5795 -0.5849
vn -0.4473 -0.7120 -0.5413
vn 0.6045 -0.7850 -0.1359
vn 0.5802 -0.7626 0.2861
vn -0.0108 0.4678 -0.8838
vn -0.7588 -0.2024 -0.6191
vn -0.8553 -0.1606 -0.4925
vn 0.3924 -0.9008 -0.1862
vn 0.2045 0.2323 -0.9509
vn 0.2121 0.3185 -0.9239
vn 0.1912 0.3169 -0.9290
vn 0.3620 -0.0918 -0.9276
vn 0.2579 0.1607 -0.9527
vn 0.2515 0.7508 0.6108
vn 0.4059 0.7424 0.5329
vn 0.3421 -0.5230 -0.7807
vn 0.3023 -0.2072 -0.9304
vn 0.2716 -0.3478 -0.8974
vn 0.3365 0.2600 -0.9051
vn 0.3601 0.3315 -0.8721
vn 0.5349 0.0494 -0.8435
vn 0.0835 0.0238 -0.9962
vn 0.0193 -0.0061 -0.9998
vn 0.0823 0.0424 -0.9957
vn 0.6281 -0.1698 -0.7594
vn 0.7256 -0.1814 -0.6637
vn 0.3420 0.2875 -0.8946
vn 0.3980 0.2079 -0.8935
vn 0.5095 0.1482 -0.8476
vn 0.2900 0.3245 -0.9003
vn 0.3177 0.3383 -0.8858
vn 0.6339 -0.2901 -0.7170
vn 0.6315 -0.2585 -0.7310
vn 0.7033 -0.3215 -0.6341
vn 0.1061 0.7186 -0.6873
vn 0.2107 0.4815 -0.8507
vn -0.9988 0.0494 -0.0052
vn -0.1395 -0.1932 -0.9712
vn -0.9818 -0.1870 -0.0315
vn -0.2073 -0.1779 -0.9620
vn 0.3760 -0.2572 -0.8902
vn 0.5791 -0.7610 0.2924
vn 0.2041 0.0365 -0.9783
vn 0.2775 0.1452 -0.9497
vn 0.0798 -0.2168 -0.9729
vn 0.1161 -0.2640 -0.9575
vn 0.0606 -0.2537 -0.9654
vn -0.7570 0.5134 -0.4042
vn -0.7536 0.5110 -0.4135
vn -0.4833 0.4913 -0.7246
vn -0.5141 0.3007 -0.8033
vn -0.0046 -0.0572 -0.9984
vn -0.0666 -0.1026 -0.9925
vn -0.0247 -0.0463 -0.9986
vn 0.4508 0.1466 -0.8805
vn 0.3211 0.3153 -0.8930
vn 0.2060 -0.9708 0.1231
vn 0.3273 -0.9429 -0.0615
vn 0.2880 -0.9532 -0.0921
vn -0.8655 0.4041 -0.2959
vn 0.8034 0.3853 0.4540
vn 0.4357 0.4959 -0.7512
vn 0.6373 0.6754 0.3711
vn 0.7474 -0.0472 -0.6627
vn 0.7059 -0.1126 -0.6993
vn 0.8618 -0.1929 0.4691
vn 0.8681 -0.1366 0.4772
vn 0.8499 -0.2501 0.4638
vn 0.6288 -0.6391 -0.4429
vn 0.5372 -0.4601 -0.7069
vn -0.1212 -0.5835 -0.8030
vn 0.0406 -0.5152 -0.8561
vn 0.3890 -0.3986 -0.8305
vn 0.0093 -0.9991 -0.0407
vn 0.0659 -0.9517 -0.2998
vn 0.0644 -0.9545 -0.2912
vn -0.9985 -0.0520 -0.0169
vn 0.6441 0.0766 0.7611
vn 0.6588 0.0719 0.7489
vn 0.8737 0.0338 0.4854
vn 0.8717 0.0607 0.4862
vn 0.8734 0.0269 0.4862
vn -0.4930 0.1161 -0.8622
vn -0.8349 0.3002 -0.4613
vn -0.8662 0.1069 -0.4882
vn 0.4239 -0.1989 -0.8836
vn 0.5341 -0.1467 -0.8326
vn 0.4518 -0.1595 -0.8778
vn 0.7470 -0.5361 0.3932
vn -0.0198 0.9996 0.0203
vn -0.0250 0.9996 0.0139
vn 0.1415 -0.1509 -0.9784
vn 0.3413 -0.0496 -0.9387
vn 0.0542 -0.1477 -0.9875
vn -0.1427 -0.2032 -0.9687
vn -0.1242 -0.3275 -0.9367
vn 0.8712 0.0803 0.4844
vn 0.8648 0.1321 0.4845
vn 0.3548 -0.2703 -0.8950
vn 0.2803 0.0351 -0.9593
vn -0.0848 -0.7498 -0.6562
vn -0.1234 -0.8717 -0.4742
vn -0.1269 -0.8473 -0.5158
vn 0.2745 0.0739 -0.9587
vn 0.2504 -0.0493 -0.9669
vn 0.2780 -0.0525 -0.9591
vn 0.4104 -0.8965 0.1670
vn 0.3266 -0.9388 0.1099
vn 0.2620 0.1524 -0.9530
vn 0.3296 0.1830 -0.9262
vn 0.3999 0.0969 -0.9114
vn 0.6515 0.0175 -0.7584
vn 0.6037 0.0780 -0.7934
vn 0.2716 -0.9324 0.2386
vn 0.3539 -0.8762 0.3271
vn 0.2668 -0.9429 0.1994
vn 0.1754 0.4034 -0.8980
vn 0.1966 0.2993 -0.9337
vn 0.3341 0.0765 -0.9394
vn -0.1103 0.9927 -0.0492
vn 0.2202 0.7686 -0.6007
vn -0.0640 0.9979 -0.0141
vn 0.4850 0.2466 -0.8390
vn 0.5399 0.1492 -0.8284
vn 0.9886 -0.1422 -0.0491
vn 0.8683 -0.1395 0.4760
vn 0.4457 0.5517 -0.7049
vn 0.7967 -0.6027 -0.0441
vn 0.7460 -0.2098 -0.6320
vn 0.2984 0.3534 -0.8866
vn 0.2450 0.3984 -0.8839
vn 0.3798 0.0963 -0.9200
vn 0.3549 0.2575 -0.8987
vn 0.2953 0.1123 -0.9488
vn 0.3244 -0.0756 -0.9429
vn 0.7381 -0.0863 -0.6691
vn 0.6433 -0.1198 -0.7562
vn -0.2643 -0.8545 -0.4473
vn 0.4470 -0.3522 -0.8223
vn 0.9269 -0.0584 -0.3707
vn 0.3506 0.2019 -0.9145
vn 0.3674 -0.1307 -0.9208
vn 0.4037 -0.1986 -0.8931
vn 0.4483 -0.1401 -0.8828
vn 0.9533 -0.1525 0.2606
vn 0.5302 -0.0193 -0.8477
vn 0.5586 0.1626 -0.8134
vn -0.5882 -0.7954 -0.1465
vn 0.4644 -0.3914 -0.7944
vn 0.4349 -0.2849 -0.8542
vn 0.3621 -0.2973 -0.8834
vn 0.2223 -0.3749 -0.9000
vn 0.2700 0.2047 -0.9409
vn 0.2448 0.1083 -0.9635
vn 0.1745 0.0224 -0.9844
vn 0.1970 0.0621 -0.9784
vn 0.2280 0.1028 -0.9682
vn 0.2107 0.1225 -0.9698
vn 0.0800 -0.5268 -0.8462
vn -0.0340 -0.6207 -0.7833
vn 0.1890 0.3870 -0.9025
vn 0.1674 0.4559 -0.8742
vn 0.2106 -0.0348 -0.9769
vn 0.2178 -0.0392 -0.9752
vn -0.1014 -0.9232 -0.3708
vn 0.1151 0.7610 -0.6384
vn 0.1292 0.5118 -0.8494
vn 0.1505 0.5433 -0.8260
vn 0.1841 0.4612 -0.8680
vn -0.7853 0.6063 0.1257
vn -0.7870 0.6026 0.1320
vn 0.1441 -0.0828 -0.9861
vn 0.4828 -0.1009 -0.8699
vn -0.2901 -0.2258 -0.9300
vn -0.2051 -0.1700 -0.9639
vn -0.3034 -0.1576 -0.9397
vn -0.3063 -0.1488 -0.9402
vn -0.3219 -0.3396 -0.8838
vn 0.2116 0.2158 -0.9532
vn 0.0288 -0.2979 -0.9542
vn 0.5801 -0.7626 0.2862
vn 0.7223 -0.6810 -0.1205
vn 0.6659 -0.0056 -0.7460
vn 0.1318 0.0194 -0.9911
vn 0.2509 0.0946 -0.9634
vn 0.1666 0.1562 -0.9736
vn -0.0549 0.9985 0.0058
vn 0.3379 0.4302 -0.8371
vn 0.3032 0.5148 -0.8019
vn 0.7457 -0.1230 -0.6549
vn 0.5147 0.0560 0.8555
vn 0.5557 -0.0769 0.8278
vn 0.5470 0.1330 0.8265
vn 0.1902 0.4565 -0.8692
vn 0.8624 -0.1633 0.4791
vn -0.5613 0.0755 0.8242
vn -0.4821 0.0581 0.8742
vn -0.3980 0.0435 0.9163
vn 0.4244 0.2232 -0.8775
vn 0.1678 0.0634 -0.9838
vn 0.1635 0.0901 -0.9824
vn 0.8739 0.0091 0.4861
vn 0.4957 -0.0315 -0.8679
vn 0.4833 -0.0997 -0.8698
vn 0.0271 0.2162 -0.9760
vn 0.1172 0.2466 -0.9620
vn 0.7806 -0.3521 0.5165
vn 0.7067 -0.5775 0.4088
vn 0.8134 -0.2839 0.5078
vn 0.5798 -0.1970 0.7906
vn 0.5662 -0.1350 0.8132
vn 0.5905 -0.2124 0.7786
vn 0.4945 -0.8572 -0.1439
vn 0.1643 0.7278 -0.6658
vn -0.2549 0.9610 -0.1073
vn -0.3665 0.9127 -0.1808
vn -0.2032 0.9752 -0.0878
vn -0.0275 -0.9985 -0.0477
vn 0.0062 -0.9996 -0.0291
vn 0.3959 0.3429 -0.8519
vn 0.2622 0.4310 -0.8634
vn 0.5207 0.3568 -0.7756
vn 0.3099 -0.0791 -0.9475
vn 0.6964 0.5385 -0.4743
vn 0.6180 0.0714 -0.7829
vn 0.7242 -0.1023 -0.6819
vn 0.6269 -0.0459 -0.7777
vn -0.0956 0.4384 -0.8937
vn 0.9990 0.0443 -0.0037
vn 0.6373 0.6754 0.3712
vn -0.0207 0.9991 0.0371
vn -0.0025 0.9992 0.0396
vn -0.0056 0.9981 0.0611
vn 0.2501 -0.0304 -0.9678
vn 0.3635 0.1100 -0.9251
vn 0.6812 -0.1304 -0.7204
vn 0.3749 0.1634 -0.9126
vn -0.0136 0.9986 0.0513
vn -0.0061 -0.0886 -0.9960
vn 0.0669 -0.1148 -0.9911
vn -0.0555 -0.1325 -0.9896
vn 0.0596 -0.9950 -0.0804
vn 0.3452 -0.9332 0.1000
vn 0.3040 -0.9357 0.1789
vn 0.1292 0.5118 -0.8493
vn 0.1572 0.3337 -0.9295
vn 0.1790 -0.0234 -0.9836
vn -0.9766 -0.1837 -0.1120
vn -0.9213 -0.3675 -0.1276
vn -0.8872 -0.4228 -0.1847
vn -0.6775 0.0929 0.7297
vn 0.2864 -0.1389 -0.9480
vn 0.3370 0.0346 -0.9409
vn 0.5666 0.0190 -0.8238
vn -0.8732 0.0202 -0.4870
vn -0.8653 0.1518 -0.4778
vn 0.3230 -0.4991 -0.8041
vn 0.8816 -0.0402 -0.4703
vn 0.7940 -0.1714 -0.5832
vn 0.8628 -0.2390 -0.4454
vn 0.1383 0.0246 -0.9901
vn 0.1433 -0.1214 -0.9822
vn 0.1028 -0.1198 -0.9875
vn -0.9519 -0.3008 -0.0590
vn -0.7744 -0.6259 -0.0929
vn -0.9410 0.1924 -0.2783
vn 0.2471 0.2482 -0.9367
vn 0.0088 -0.9996 -0.0274
vn 0.8999 0.0185 0.4357
vn 0.8640 -0.1032 0.4928
vn 0.9032 0.0258 0.4283
vn -0.7221 -0.6679 -0.1802
vn -0.5409 -0.8176 -0.1973
vn 0.7098 -0.0940 -0.6981
vn 0.6005 -0.0123 -0.7996
vn -0.8888 -0.4248 -0.1720
vn 0.1771 0.4699 -0.8648
vn 0.0497 -0.2163 -0.9751
vn 0.0871 -0.1258 -0.9882
vn 0.9001 0.0185 0.4352
vn 0.0907 0.7359 -0.6710
vn 0.3721 -0.4712 -0.7997
vn -0.9991 0.0053 -0.0429
vn -0.9966 -0.0613 -0.0545
vn -0.9937 -0.0824 -0.0766
vn 0.2760 0.1970 -0.9408
vn 0.2853 0.1127 -0.9518
vn 0.7068 0.5748 0.4123
vn 0.0633 0.8641 -0.4994
vn 0.4957 -0.0155 -0.8684
vn 0.3994 0.1495 -0.9045
vn 0.5348 -0.2727 -0.7998
vn 0.4790 -0.2455 -0.8428
vn 0.0139 -0.9996 -0.0245
vn 0.7940 -0.1714 -0.5833
vn 0.7801 -0.0447 -0.6241
vn -0.0069 0.9996 0.0280
vn 0.7856 -0.1461 -0.6013
vn 0.7393 -0.1680 -0.6521
vn 0.7547 -0.1258 -0.6440
vn 0.5011 0.0637 -0.8630
vn 0.5223 0.0625 -0.8505
vn 0.2150 0.0207 -0.9764
vn 0.1530 0.0226 -0.9880
vn 0.2792 -0.1418 -0.9497
vn 0.3349 -0.0698 -0.9397
vn 0.4786 0.0902 -0.8734
vn -0.1207 0.9922 -0.0312
vn -0.8609 -0.1498 -0.4862
vn -0.8685 -0.0868 -0.4881
vn 0.0637 0.5413 -0.8384
vn 0.5289 -0.6454 0.5512
vn 0.3234 -0.2261 -0.9189
vn 0.6935 -0.6234 0.3613
vn 0.7551 -0.5169 0.4033
vn 0.6752 -0.6466 0.3550
vn 0.8451 0.2527 0.4711
vn 0.5206 0.3568 -0.7757
vn 0.1978 0.4115 -0.8897
vn 0.3987 -0.8197 0.4113
vn 0.4059 -0.2851 -0.8683
vn 0.5239 -0.1249 -0.8426
vn 0.7709 -0.1808 -0.6107
vn 0.3120 -0.0983 -0.9450
vn 0.2150 0.7985 -0.5623
vn 0.2673 -0.6979 0.6645
vn 0.3983 -0.6645 0.6323
vn 0.5617 -0.5660 0.6034
vn 0.6925 -0.2158 -0.6884
vn 0.4840 0.1299 -0.8654
vn 0.4773 -0.3668 -0.7985
vn 0.1654 -0.0401 -0.9854
vn 0.0481 -0.2308 -0.9718
vn 0.1710 -0.3205 -0.9317
vn 0.2160 -0.3773 -0.9005
vn 0.8028 -0.0376 -0.5951
vn 0.8245 0.1974 -0.5302
vn 0.2607 -0.0238 -0.9651
vn 0.2750 -0.0606 -0.9595
vn -0.9968 0.0799 0.0018
vn -0.9857 0.1681 0.0102
vn 0.2806 0.9169 0.2837
vn 0.7583 0.5964 -0.2632
vn 0.0175 -0.0141 -0.9997
vn 0.1258 -0.0282 -0.9917
vn 0.0229 -0.0179 -0.9996
vn 0.4558 -0.4020 -0.7941
vn 0.3394 -0.1058 -0.9347
vn 0.1879 0.9724 0.1381
vn 0.2485 0.9527 0.1749
vn 0.2860 0.9380 0.1957
vn -0.0781 -0.1533 -0.9851
vn 0.1454 -0.0999 -0.9843
vn 0.3103 0.3395 -0.8879
vn 0.2602 0.5940 -0.7612
vn 0.8019 -0.1449 0.5796
vn 0.4283 0.7716 -0.4703
vn 0.1603 0.9815 0.1052
vn -0.0050 0.9994 0.0331
vn 0.8008 -0.4198 0.4272
vn -0.1008 -0.4217 -0.9011
vn 0.1137 -0.2633 -0.9580
vn -0.0252 -0.3997 -0.9163
vn 0.2172 -0.4109 -0.8854
vn 0.1556 -0.3372 -0.9285
vn 0.5614 -0.5663 0.6035
vn 0.3980 -0.6647 0.6322
vn 0.0296 0.9970 0.0718
vn 0.4359 -0.1964 -0.8783
vn 0.7120 -0.0626 -0.6994
vn 0.1760 0.9601 0.2175
vn 0.3911 0.1371 -0.9101
vn 0.2940 -0.0530 -0.9543
vn 0.8676 -0.1379 0.4778
vn 0.8698 -0.1140 0.4800
vn 0.4613 0.3201 -0.8275
vn 0.3032 0.5149 -0.8019
vn 0.2425 -0.2177 -0.9454
vn 0.3280 -0.2419 -0.9132
vn 0.2133 -0.2676 -0.9396
vn 0.3011 0.2364 -0.9238
vn 0.3540 0.1958 -0.9145
vn 0.3866 -0.2509 -0.8875
vn 0.0094 -0.0330 -0.9994
vn 0.2365 -0.1631 -0.9578
vn 0.0907 0.7360 -0.6709
vn 0.4590 -0.0344 -0.8877
vn 0.2871 0.0175 -0.9577
vn 0.9894 -0.1273 0.0693
vn 0.9887 -0.1166 -0.0944
vn 0.9175 -0.1935 -0.3474
vn 0.6119 0.7022 0.3639
vn 0.5032 0.8080 0.3064
vn 0.6585 0.6449 0.3879
vn -0.8702 -0.0190 -0.4924
vn 0.4323 0.8609 0.2684
vn 0.2993 0.9338 0.1963
vn 0.0072 -0.9996 -0.0284
vn 0.0104 -0.9992 -0.0398
vn 0.9623 -0.2479 -0.1122
vn 0.8658 -0.4944 -0.0765
vn 0.3416 0.0545 -0.9383
vn 0.6179 0.0714 -0.7830
vn 0.8180 0.3971 -0.4162
vn 0.6964 0.5385 -0.4744
vn 0.5412 -0.1311 -0.8306
vn 0.3352 -0.1526 -0.9297
vn 0.3205 -0.2239 -0.9204
vn 0.6423 -0.3257 0.6938
vn 0.6502 -0.3409 0.6790
vn 0.6465 0.0417 0.7618
vn 0.6601 0.0571 0.7490
vn 0.2982 0.0045 -0.9545
vn 0.7776 0.4411 0.4480
vn 0.8087 0.3624 0.4633
vn 0.2035 0.1526 -0.9671
vn 0.1255 -0.9669 -0.2221
vn 0.3910 0.0109 -0.9203
vn 0.3414 -0.2895 -0.8942
vn 0.2371 -0.1941 -0.9519
vn 0.5230 0.3030 0.7967
vn 0.5288 -0.6454 0.5512
vn 0.5784 0.0036 -0.8158
vn -0.0309 -0.1777 -0.9836
vn 0.1376 -0.1378 -0.9809
vn 0.2128 -0.9757 0.0523
vn 0.0867 -0.0787 -0.9931
vn 0.0905 -0.0587 -0.9942
vn 0.5606 -0.0973 -0.8223
vn -0.0597 0.0996 -0.9932
vn -0.1758 0.0114 -0.9844
vn 0.4459 0.1483 -0.8827
vn 0.4955 0.1022 -0.8626
vn 0.5721 0.1654 -0.8033
vn 0.5250 0.2491 -0.8138
vn 0.4520 0.8461 0.2826
vn 0.6418 0.6660 0.3801
vn 0.4322 0.8599 0.2717
vn 0.8210 0.3252 0.4693
vn 0.8279 0.3022 0.4726
vn 0.1578 0.9725 0.1715
vn 0.2286 0.7939 -0.5635
vn 0.5300 0.7846 0.3219
vn 0.2328 -0.0600 -0.9707
vn 0.5256 -0.1907 -0.8290
vn 0.4598 -0.1486 -0.8755
vn 0.3018 -0.6910 0.6568
vn 0.4745 -0.6088 0.6358
vn 0.6878 -0.4250 0.5885
vn 0.5514 -0.0417 -0.8332
vn 0.5541 -0.1373 -0.8211
vn -0.5141 0.3006 -0.8033
vn 0.1062 0.7186 -0.6873
vn 0.1049 -0.3261 -0.9395
vn 0.3194 0.3512 -0.8801
vn 0.4216 0.3585 -0.8329
vn 0.9971 -0.0200 -0.0733
vn 0.1135 -0.9928 0.0381
vn -0.0904 -0.1569 -0.9835
vn -0.9814 -0.1692 -0.0907
vn 0.5310 -0.0985 -0.8416
vn 0.3198 0.2114 -0.9236
vn 0.6611 -0.3852 0.6439
vn 0.0565 0.9965 0.0622
vn -0.9133 0.4067 -0.0227
vn -0.9426 0.3334 -0.0172
vn 0.8956 0.0517 0.4418
vn 0.9022 0.0418 0.4294
vn 0.7710 0.4566 0.4440
vn 0.5300 0.7846 0.3218
vn 0.8426 0.2513 0.4763
vn 0.4070 -0.9122 0.0478
vn -0.8371 0.3011 -0.4567
vn -0.9172 0.3572 -0.1766
vn -0.9252 0.3604 -0.1184
vn -0.8221 -0.3210 -0.4702
vn -0.1453 -0.9852 -0.0909
vn -0.2275 -0.9649 -0.1313
vn 0.5854 0.3809 0.7157
vn 0.5234 0.5316 0.6659
vn 0.3045 -0.0581 -0.9507
vn -0.3035 -0.1576 -0.9397
vn -0.9879 0.1538 -0.0198
vn -0.9986 0.0468 -0.0265
vn 0.1924 -0.9724 0.1323
vn 0.1333 -0.2260 -0.9650
vn -0.0599 -0.2040 -0.9771
vn 0.3327 -0.0302 -0.9425
vn -0.4239 0.8823 -0.2047
vn -0.5386 0.7951 -0.2786
vn 0.6451 0.0636 0.7614
vn 0.1508 -0.0339 -0.9880
vn 0.6120 0.7022 0.3639
vn 0.1862 -0.9782 0.0918
vn 0.1541 -0.9853 0.0731
vn 0.1738 -0.9797 0.1003
vn -0.1919 -0.3915 -0.9000
vn 0.8665 -0.0477 -0.4969
vn -0.1085 -0.9615 -0.2524
vn 0.0595 -0.9949 -0.0808
vn 0.9656 0.1367 -0.2214
vn 0.8788 0.2815 -0.3854
vn 0.6991 0.0117 -0.7150
vn -0.9753 0.2200 -0.0183
vn 0.6636 -0.6587 0.3546
vn 0.2595 0.9499 0.1742
vn 0.8132 -0.2840 0.5079
vn 0.8324 -0.1625 0.5298
vn 0.7805 -0.3522 0.5166
vn 0.1807 -0.0167 -0.9834
vn 0.8796 0.0926 0.4666
vn -0.6274 -0.0784 -0.7748
vn -0.6280 -0.0714 -0.7750
vn -0.0592 -0.9873 -0.1476
vn -0.0513 -0.9896 -0.1343
vn 0.7759 -0.0633 -0.6277
vn 0.8180 -0.0403 -0.5738
vn 0.8811 -0.0612 -0.4689
vn 0.6650 -0.1291 -0.7356
vn 0.2254 -0.1078 -0.9683
vn 0.5287 -0.0239 -0.8485
vn 0.2185 0.0399 -0.9750
vn 0.6474 -0.3122 -0.6953
vn 0.3585 -0.9253 0.1241
vn 0.9278 -0.0818 -0.3640
vn 0.9089 -0.0556 -0.4132
vn -0.6310 0.1811 -0.7543
vn -0.6080 0.3385 -0.7181
vn 0.2487 0.9605 0.1252
vn 0.6397 -0.0862 -0.7638
vn 0.7201 -0.0658 -0.6908
vn -0.6568 -0.7519 -0.0574
vn -0.7119 -0.6614 -0.2359
vn -0.5639 -0.8251 -0.0350
vn 0.8198 -0.3990 0.4107
vn 0.8181 -0.0404 -0.5737
vn 0.6020 0.0156 -0.7984
vn 0.2861 -0.1087 -0.9520
vn 0.2962 -0.4789 -0.8264
vn 0.6281 -0.7446 0.2257
vn 0.7593 -0.6479 -0.0605
vn 0.5407 -0.7591 0.3625
vn -0.5639 -0.8251 -0.0349
vn -0.6291 -0.0567 -0.7752
vn 0.8749 -0.1745 0.4518
vn 0.8834 -0.0833 0.4611
vn 0.8751 -0.1701 0.4530
vn 0.8481 -0.3077 0.4315
vn -0.9986 -0.0511 0.0110
vn -0.8651 -0.4987 0.0532
vn -0.8640 -0.5035 -0.0066
vn -0.8958 -0.4314 -0.1070
vn -0.7534 -0.6410 -0.1465
vn -0.8833 -0.4393 -0.1637
vn 0.9995 -0.0149 0.0275
vn 0.9984 -0.0170 0.0541
vn 0.9997 -0.0181 0.0184
vn 0.8560 0.0207 -0.5165
vn 0.9886 0.0105 -0.1499
vn 0.9540 0.0099 -0.2995
vn -0.5807 -0.8094 -0.0879
vn -0.7353 -0.6763 -0.0443
vn -0.5683 -0.8219 -0.0374
vn -0.9652 -0.2315 -0.1217
vn -0.9238 -0.3131 -0.2203
vn -0.9419 -0.3022 -0.1465
vn 0.4171 0.9063 0.0678
vn 0.4608 0.8841 0.0775
vn 0.4875 0.8704 0.0694
vn -0.0000 0.9360 -0.3520
vn -0.0000 0.9784 -0.2066
vn -0.0000 0.9891 -0.1473
vn -0.9920 -0.1263 0.0002
vn -0.9737 -0.2242 -0.0393
vn -0.9693 -0.2460 0.0005
vn 0.1158 0.0329 -0.9927
vn 0.8561 0.0207 -0.5165
vn 0.8406 0.0164 -0.5414
vn 0.8805 0.0040 0.4741
vn 0.1450 0.0255 0.9891
vn 0.8674 -0.0043 0.4975
vn -0.4032 -0.5718 -0.7145
vn -0.3766 -0.5297 -0.7600
vn -0.4640 -0.6658 -0.5843
vn -0.9999 0.0064 0.0116
vn -0.9643 0.1822 0.1924
vn -0.9735 0.1787 0.1425
vn -0.8182 0.3997 0.4131
vn -0.0922 0.5713 0.8156
vn -0.0480 0.7093 0.7033
vn -0.8007 0.3490 0.4869
vn -0.9997 0.0069 0.0238
vn -0.9463 0.1818 0.2672
vn -0.7154 0.0451 0.6973
vn -0.0483 0.0873 0.9950
vn -0.7154 0.0451 0.6972
vn -0.9987 0.0082 0.0511
vn -0.9335 0.0200 0.3580
vn -0.9999 0.0060 0.0083
vn -0.9823 0.1643 0.0900
vn -0.9870 0.1515 0.0535
vn -0.9838 -0.1304 0.1232
vn -0.9997 -0.0139 0.0215
vn -0.9893 -0.1265 0.0730
vn 0.9952 0.0292 -0.0937
vn 0.0449 0.5217 -0.8519
vn 0.7447 0.4371 -0.5043
vn 0.9899 0.0325 -0.1381
vn 0.0421 0.0452 -0.9981
vn -0.0000 0.7596 -0.6503
vn 0.0000 0.8450 -0.5347
vn 0.0000 0.7591 -0.6510
vn 0.8238 0.4907 -0.2839
vn 0.9994 0.0336 -0.0066
vn 0.9989 0.0344 -0.0311
vn 0.7876 0.4700 -0.3984
vn 0.9975 0.0338 -0.0613
vn 0.7757 -0.6308 0.0168
vn 0.7775 -0.6288 0.0116
vn 0.7835 -0.6213 0.0088
vn -0.9017 0.4244 0.0825
vn -0.8319 0.5269 0.1740
vn -0.8432 0.5317 0.0797
vn -0.9893 0.1437 0.0256
vn -0.8908 0.4259 0.1584
vn -0.7764 -0.5178 0.3592
vn -0.8141 -0.5285 0.2408
vn -0.8067 -0.5273 0.2669
vn -0.8648 -0.4786 -0.1516
vn -0.8889 -0.4363 -0.1397
vn -0.8639 -0.4848 -0.1362
vn -0.8550 -0.4786 -0.2000
vn -0.8742 -0.4584 -0.1604
vn -0.8928 -0.4321 -0.1276
vn -0.1117 0.9936 -0.0168
vn -0.1124 0.9930 -0.0373
vn -0.1408 0.9900 0.0028
vn -0.1978 0.9791 0.0473
vn -0.2056 0.9763 0.0675
vn -0.1528 0.9879 0.0254
vn -0.8743 -0.4581 -0.1605
vn -0.9712 -0.1730 -0.1636
vn -0.8560 -0.4671 -0.2216
vn -0.9754 -0.0526 -0.2140
vn -0.8463 -0.5260 0.0841
vn -0.8650 -0.4989 0.0532
vn -0.8648 -0.4921 0.0995
vn -1.0000 0.0028 0.0080
vn -1.0000 0.0057 0.0059
vn -0.1178 0.9926 -0.0292
vn -0.1195 0.9917 -0.0479
vn -0.1250 0.9906 -0.0556
vn -0.9698 0.1805 -0.1642
vn -0.9999 0.0119 -0.0090
vn -0.9810 0.1655 -0.1010
vn 0.9952 0.0292 -0.0936
vn 0.9976 0.0137 -0.0677
vn 0.9942 0.0120 -0.1069
vn -0.8344 -0.2450 0.4937
vn -0.9078 -0.2150 0.3602
vn -0.8443 -0.2983 0.4451
vn -0.6615 -0.7471 0.0653
vn -0.4848 -0.8728 0.0567
vn -0.6923 -0.7198 0.0520
vn 0.9411 -0.2734 -0.1990
vn 0.9761 -0.1929 -0.1003
vn 0.9506 -0.2765 -0.1409
vn -0.9923 0.0333 -0.1194
vn -0.4435 0.6845 0.5786
vn -0.4520 0.6327 0.6288
vn -0.4320 0.6082 0.6660
vn -0.6511 -0.7573 -0.0519
vn -0.8281 -0.5598 -0.0283
vn -0.8491 -0.5277 -0.0233
vn -0.6279 -0.7774 -0.0374
vn -0.8166 -0.5772 -0.0003
vn -0.4541 -0.8885 -0.0660
vn -0.6964 -0.7167 -0.0361
vn -0.9997 -0.0113 -0.0211
vn -0.9999 -0.0142 -0.0003
vn -0.9999 -0.0119 0.0037
vn -0.9999 0.0108 0.0000
vn -0.9893 0.1435 -0.0266
vn -0.9999 0.0096 0.0075
vn 0.9599 -0.2761 0.0475
vn 0.9805 -0.1966 0.0003
vn 0.9826 -0.1829 0.0318
vn 0.2784 0.9604 -0.0084
vn 0.3031 0.9529 -0.0126
vn 0.2492 0.9684 -0.0094
vn 0.8546 -0.2750 -0.4406
vn 0.6618 -0.6154 -0.4282
vn 0.7301 -0.6048 -0.3181
vn 0.5286 0.7882 0.3151
vn 0.5407 0.7448 0.3910
vn 0.5370 0.8004 0.2665
vn -0.8611 -0.3086 -0.4040
vn -0.9452 -0.2239 -0.2376
vn -0.9134 -0.2295 -0.3361
vn 0.7722 -0.6349 0.0234
vn 0.9665 -0.2497 0.0598
vn 0.7895 -0.6136 0.0150
vn -0.9875 0.1575 -0.0000
vn 0.9542 -0.2991 0.0003
vn 0.9309 -0.3615 0.0529
vn 0.9325 -0.3611 0.0003
vn 0.9237 -0.3635 0.1210
vn 0.7661 -0.6352 0.0980
vn 0.7707 -0.6346 0.0567
vn 0.7725 -0.6336 0.0423
vn 0.7497 -0.6397 0.1693
vn 0.7601 -0.6383 0.1220
vn -0.9201 -0.3081 0.2420
vn -0.9648 -0.2277 0.1320
vn -0.9407 -0.2997 0.1590
vn 0.9539 -0.1899 0.2324
vn 0.9815 -0.1391 0.1317
vn 0.9700 -0.1435 0.1962
vn 0.9665 -0.1932 0.1690
vn 0.9882 -0.1321 0.0771
vn 0.9565 -0.2747 0.0982
vn 0.9803 -0.1860 0.0667
vn -0.0000 0.8740 -0.4859
vn 0.9923 -0.1222 0.0209
vn 0.9910 -0.1260 0.0443
vn -1.0000 0.0091 0.0035
vn -0.9998 0.0090 -0.0150
vn 0.0954 0.9946 0.0417
vn 0.0773 0.9959 0.0472
vn 0.0628 0.9969 0.0482
vn 0.9998 -0.0156 -0.0076
vn 0.9916 -0.1296 0.0002
vn 0.9886 -0.1333 -0.0701
vn 0.9999 -0.0128 -0.0102
vn 0.9911 -0.1266 -0.0411
vn -0.9983 0.0101 -0.0574
vn -0.9990 0.0080 -0.0436
vn -0.9995 0.0117 -0.0285
vn 0.9986 0.0062 0.0519
vn 0.9990 0.0242 0.0373
vn 0.9984 0.0024 0.0570
vn -0.9910 0.0081 0.1337
vn -0.9984 0.0056 0.0569
vn -0.9928 0.0070 0.1195
vn 0.9996 0.0142 0.0246
vn 0.9999 0.0152 -0.0000
vn -0.9926 -0.1197 -0.0191
vn -0.9707 -0.2273 -0.0778
vn 0.0004 -0.9471 -0.3211
vn 0.0000 -0.9837 -0.1800
vn 0.0000 -0.9837 -0.1799
vn 0.7967 0.4835 0.3625
vn 0.9987 0.0208 0.0460
vn 0.8274 0.4972 0.2612
vn 0.8354 -0.5492 0.0231
vn 0.8258 -0.5637 0.0171
vn 0.8084 -0.5881 0.0248
vn 0.5239 0.8518 -0.0008
vn 0.5290 0.8386 -0.1298
vn 0.5238 0.8315 -0.1848
vn 0.0000 -1.0000 0.0010
vn 0.7996 -0.6005 0.0085
vn 0.9732 -0.2284 0.0279
vn 0.8035 -0.5953 0.0022
vn -0.8937 -0.1756 0.4129
vn -0.8977 -0.1977 0.3938
vn -0.7571 0.0226 -0.6529
vn -0.8964 0.0183 -0.4429
vn -0.6671 0.0395 -0.7439
vn -0.8444 -0.2983 0.4450
vn -0.9427 -0.2134 0.2567
vn -0.8870 -0.3128 0.3397
vn 0.2019 0.2430 0.9488
vn 0.1868 0.2732 0.9437
vn -1.0000 0.0031 0.0023
vn 0.5128 0.6557 0.5541
vn 0.5166 0.6076 0.6033
vn 0.5347 0.6774 0.5052
vn -0.9993 0.0005 -0.0371
vn -0.9847 -0.1336 -0.1121
vn -0.9895 -0.1280 -0.0667
vn 0.8564 0.5102 -0.0793
vn 0.9989 0.0476 0.0001
vn 0.9994 0.0315 0.0105
vn -0.0928 0.9956 0.0113
vn -0.0987 0.9951 -0.0102
vn -0.9568 -0.2877 0.0414
vn -0.9739 -0.2232 0.0410
vn 0.7314 -0.6820 0.0049
vn 0.0000 0.8127 0.5826
vn 0.0000 0.8685 0.4957
vn -0.0000 0.8923 0.4514
vn -0.0000 0.9996 -0.0293
vn -0.0000 0.9996 0.0289
vn -0.9999 0.0112 0.0022
vn -0.9867 0.1518 -0.0577
vn -0.3372 -0.4611 -0.8208
vn 0.4117 -0.6039 -0.6825
vn -0.2550 -0.3191 -0.9128
vn 0.6093 -0.5638 -0.5576
vn 0.7057 -0.5870 -0.3968
vn 0.4118 -0.6038 -0.6825
vn 0.7722 -0.5646 -0.2916
vn 0.7956 -0.5609 -0.2290
vn 0.1728 0.9215 0.3479
vn -0.0905 0.9558 0.2796
vn 0.3606 0.8462 0.3924
vn -0.3908 -0.5153 0.7627
vn -0.4584 -0.6210 0.6357
vn -0.7629 0.4945 -0.4164
vn -0.8672 0.4226 -0.2634
vn -0.8052 0.5139 -0.2960
vn -0.8655 -0.4826 0.1338
vn -0.8366 -0.5250 0.1567
vn -0.8413 -0.5266 0.1217
vn -0.8555 -0.4880 0.1732
vn -0.8204 -0.5290 0.2171
vn -0.8639 -0.5036 -0.0067
vn -0.8508 -0.5243 0.0363
vn -0.8528 -0.5221 -0.0079
vn -0.8654 -0.4828 0.1337
vn -0.9906 -0.0779 0.1124
vn -0.9819 -0.0951 0.1640
vn 0.0000 0.6756 -0.7372
vn -0.0669 0.6424 -0.7634
vn 0.8799 -0.4752 0.0027
vn 0.8675 -0.4974 0.0102
vn 0.8846 -0.4664 0.0014
vn -0.9634 0.0123 0.2678
vn 0.9960 0.0059 0.0896
vn 0.9947 -0.0079 0.1021
vn 0.9969 0.0110 0.0783
vn -0.9996 -0.0040 -0.0285
vn 0.8004 -0.5993 0.0146
vn 0.7879 -0.6156 0.0168
vn -0.9517 -0.2918 0.0955
vn -0.9707 -0.2254 0.0832
vn -0.0000 -0.9279 0.3728
vn -0.0000 -0.9822 0.1881
vn 0.9981 0.0175 0.0595
vn 0.7611 0.4583 0.4590
vn 0.8507 -0.5189 -0.0843
vn 0.8429 -0.5264 -0.1118
vn 0.8620 -0.5032 -0.0605
vn 0.8292 -0.5395 -0.1460
vn 0.8208 -0.5449 -0.1715
vn 0.9923 -0.1224 -0.0198
vn 0.9803 -0.1872 -0.0623
vn -0.9498 0.3076 -0.0563
vn -0.9463 0.3192 -0.0507
vn -0.9311 0.3622 -0.0430
vn 0.8802 -0.4743 -0.0158
vn 0.8764 -0.4807 -0.0288
vn 0.8843 -0.4668 -0.0077
vn 0.9999 -0.0150 -0.0036
vn 0.9828 -0.1414 -0.1188
vn 0.9998 -0.0127 -0.0130
vn -0.1727 0.9617 0.2130
vn -0.1519 0.9601 0.2348
vn -0.2119 0.9604 0.1807
vn -0.8557 -0.5095 -0.0906
vn -0.8560 -0.5063 -0.1045
vn -0.8578 -0.5025 -0.1081
vn -0.8584 -0.4999 -0.1150
vn -0.8603 -0.4965 -0.1154
vn 0.9573 -0.2661 0.1131
vn 0.7808 -0.6150 0.1099
vn 0.9479 -0.2739 0.1626
vn 0.0000 0.7797 0.6262
vn -0.0480 0.7092 0.7033
vn 0.0000 0.7099 0.7043
vn -0.8096 0.5204 0.2717
vn -0.8715 0.4276 0.2402
vn 0.9826 -0.1833 -0.0303
vn 0.9563 -0.2774 -0.0926
vn -0.9015 0.4241 -0.0859
vn -0.8304 0.5255 -0.1854
vn -0.8894 0.4243 -0.1700
vn 0.9998 -0.0178 0.0022
vn 0.9998 -0.0142 -0.0112
vn 0.9999 -0.0152 0.0012
vn 0.5241 0.8314 -0.1848
vn 0.5354 0.7953 -0.2844
vn 0.5247 0.7805 -0.3399
vn -0.0000 -0.4894 -0.8721
vn -0.0000 -0.4194 -0.9078
vn 0.0001 -0.3973 -0.9177
vn 0.9744 -0.2249 -0.0026
vn 0.7921 -0.6103 -0.0071
vn -0.4317 0.6475 -0.6279
vn -0.6330 0.4745 -0.6116
vn -0.4225 0.5636 -0.7098
vn 0.9992 0.0276 0.0291
vn 0.9995 0.0107 0.0312
vn -0.9355 0.3519 -0.0311
vn -0.9551 0.2952 -0.0242
vn -0.9228 0.3841 -0.0292
vn -0.8672 -0.4979 0.0071
vn 0.9999 -0.0091 -0.0081
vn -0.5593 -0.8276 0.0466
vn -0.3873 -0.9219 0.0120
vn -0.4017 -0.9148 0.0422
vn -0.9999 0.0082 0.0141
vn -0.0000 -0.3565 0.9343
vn 0.0000 -0.4191 0.9079
vn 0.0000 -0.3567 0.9342
vn 0.6428 -0.6831 -0.3467
vn -0.3975 -0.4451 -0.8024
vn -0.8188 -0.4613 -0.3415
vn -0.4886 -0.5770 -0.6545
vn -0.3407 -0.5306 0.7762
vn 0.3332 -0.6737 0.6596
vn 0.5126 -0.6551 0.5550
vn 0.6241 -0.6713 0.3998
vn 0.6927 -0.6531 0.3061
vn 0.7265 -0.6505 0.2214
vn -0.9519 -0.2930 -0.0900
vn -0.8962 -0.3203 -0.3072
vn -0.9550 -0.2340 -0.1823
vn -0.8088 0.0260 0.5875
vn -0.9916 0.0063 -0.1289
vn -0.9771 0.0081 -0.2126
vn -0.9757 0.0074 -0.2189
vn -0.9533 -0.2275 0.1988
vn 0.0599 0.5723 0.8179
vn 0.7781 -0.6250 0.0628
vn 0.7117 -0.6981 0.0785
vn -0.9863 -0.0063 0.1650
vn -0.9819 -0.0069 0.1893
vn -0.9719 -0.0054 0.2354
vn -0.0853 0.5197 -0.8501
vn -0.8027 0.3839 -0.4563
vn -0.0669 0.6424 -0.7635
vn -0.7792 0.3312 -0.5321
vn -0.9569 0.1844 -0.2245
vn -0.9312 0.1823 -0.3157
vn -0.9953 0.0096 -0.0962
vn -0.0000 -0.6766 -0.7363
vn 0.0000 -0.5917 -0.8062
vn -0.0000 -0.7067 -0.7075
vn -0.9997 0.0051 0.0221
vn 0.0000 -0.5651 -0.8250
vn 0.0000 -0.4893 -0.8721
vn -0.0308 0.0361 -0.9989
vn -0.0418 0.0758 -0.9962
vn 0.9648 -0.0115 0.2626
vn 0.9925 -0.0101 0.1220
vn -0.0309 0.0361 -0.9989
vn 0.0000 -0.5078 0.8615
vn -0.0000 -0.4506 0.8927
vn 0.0000 -0.5338 0.8456
vn -0.3407 -0.5305 0.7762
vn -0.0001 -0.0337 0.9994
vn 0.0000 -0.0212 0.9998
vn -0.9999 0.0036 0.0162
vn 0.0599 0.5723 0.8178
vn -0.9743 -0.1320 0.1825
vn -0.9980 -0.0119 0.0616
vn -0.9925 -0.0088 0.1216
vn -0.9537 -0.1392 0.2667
vn -0.9078 -0.2150 0.3600
vn -0.8935 -0.1757 0.4132
vn -0.9564 -0.0069 0.2920
vn -0.8973 -0.1980 0.3945
vn 0.9756 -0.1904 0.1092
vn 0.9904 -0.0120 0.1381
vn 0.9811 -0.0132 0.1930
vn 0.9939 -0.0145 0.1090
vn 0.9351 -0.1619 0.3152
vn 0.9081 -0.1690 0.3831
vn 0.9185 -0.1981 0.3422
vn 0.8601 -0.2265 0.4570
vn 0.4777 0.3496 0.8059
vn 0.4661 0.0053 0.8847
vn 0.4570 0.4365 0.7750
vn 0.4568 0.3803 0.8042
vn -0.8500 -0.2058 -0.4849
vn -0.9632 0.0137 -0.2683
vn -0.9070 0.0138 -0.4209
vn 0.8929 -0.3699 -0.2567
vn 0.9108 -0.3707 -0.1817
vn -0.4323 -0.8995 0.0639
vn 0.9238 -0.3654 -0.1141
vn -0.4671 0.7083 0.5292
vn -0.4521 0.7649 0.4589
vn -0.4713 0.7804 0.4110
vn -0.4178 0.5386 0.7317
vn -0.3961 0.4505 0.8001
vn -0.4424 0.5056 0.7407
vn -0.4430 0.5054 0.7405
vn -0.7419 0.4160 0.5259
vn -0.4312 0.6083 0.6664
vn -0.4725 0.4325 0.7679
vn -0.6938 0.4035 0.5965
vn 0.8978 -0.2617 -0.3542
vn 0.9569 -0.1973 -0.2131
vn 0.9264 -0.2672 -0.2654
vn 0.8726 -0.2619 -0.4124
vn 0.9296 -0.2049 -0.3062
vn 0.7482 -0.6566 -0.0954
vn 0.8055 -0.5884 -0.0703
vn 0.8075 -0.5765 -0.1246
vn 0.8078 -0.5888 -0.0271
vn 0.7555 -0.6534 -0.0491
vn 0.7573 -0.6529 -0.0179
vn -0.8773 -0.4782 0.0423
vn -0.7187 -0.6952 0.0092
vn -0.8955 -0.4451 0.0033
vn 0.0000 -0.7389 0.6739
vn 0.0000 -0.8445 0.5355
vn -0.0000 -0.7390 0.6737
vn 0.4646 0.4750 -0.7474
vn 0.4725 0.5461 -0.6917
vn 0.5067 0.5684 -0.6482
vn 0.4324 0.3940 -0.8111
vn 0.4370 0.4508 -0.7784
vn 0.5033 0.6217 -0.6002
vn 0.0000 -0.6408 0.7677
vn -0.0000 -0.6410 0.7675
vn -0.9999 0.0072 0.0101
vn -0.9999 0.0059 0.0137
vn 0.9991 -0.0116 -0.0418
vn 0.9970 -0.0138 -0.0763
vn 0.9963 -0.0129 -0.0849
vn 0.7735 -0.6332 0.0256
vn -0.8828 0.4698 -0.0002
vn -0.8462 0.5328 -0.0007
vn 0.9999 -0.0101 -0.0113
vn -0.9976 0.0065 -0.0695
vn -0.9980 0.0054 -0.0637
vn 0.0000 -0.0176 0.9998
vn 0.7748 -0.6060 0.1801
vn 0.9282 -0.2864 0.2377
vn 0.6890 -0.7083 0.1537
vn 0.7093 -0.6443 0.2859
vn 0.8573 -0.3118 0.4096
vn 0.9680 -0.1980 -0.1545
vn -0.9916 -0.1222 0.0425
vn -0.8411 0.4232 0.3369
vn 0.9731 -0.1474 -0.1770
vn -0.8543 -0.5131 -0.0828
vn -0.8545 -0.5160 -0.0601
vn -0.8535 -0.5190 -0.0473
vn -0.7730 0.5090 0.3787
vn 0.5296 0.8390 0.1248
vn 0.5262 0.8320 0.1758
vn -0.9926 -0.1194 0.0201
vn -0.8316 0.4120 -0.3724
vn -1.0000 0.0041 0.0081
vn 0.0003 -0.9272 -0.3745
vn 0.0000 -0.8820 -0.4712
vn 0.0003 -0.8562 -0.5166
vn -0.8610 -0.4943 -0.1194
vn -0.0000 -0.7808 -0.6248
vn -0.0000 -0.7810 -0.6246
vn 0.0000 0.9341 0.3570
vn -0.0000 0.9521 0.3058
vn -0.0000 0.9800 0.1989
vn -0.0000 0.9897 0.1431
vn 0.9979 -0.0013 0.0640
vn 0.9462 -0.0157 -0.3232
vn 0.9620 -0.0146 -0.2726
vn 0.9723 -0.0155 -0.2330
vn -0.9988 -0.0026 -0.0494
vn -0.9997 -0.0082 -0.0233
vn -0.9867 0.0139 -0.1618
vn -0.9854 0.0132 -0.1699
vn -0.9936 0.0103 -0.1123
vn -0.7355 -0.6421 -0.2162
vn -0.8636 -0.4447 -0.2374
vn -0.5625 -0.8079 -0.1755
vn -0.7354 -0.6422 -0.2162
vn -0.8472 -0.4462 -0.2883
vn -0.5500 -0.8075 -0.2131
vn -0.6884 -0.6719 -0.2732
vn -0.5351 -0.8446 0.0180
vn 0.8456 0.5034 -0.1780
vn 0.6159 -0.7245 0.3095
vn 0.6475 -0.6550 0.3895
vn -0.9302 0.0118 -0.3668
vn 0.9597 -0.2772 -0.0457
vn 0.9632 -0.2581 0.0744
vn -0.0264 0.0360 0.9990
vn 0.5247 0.7305 0.4372
vn 0.8464 0.5055 0.1678
vn 0.0555 0.0450 0.9974
vn -0.9991 -0.0106 0.0405
vn -0.9951 -0.0082 0.0985
vn -0.1107 0.9927 -0.0471
vn -0.1189 0.9912 -0.0581
vn -0.0000 -0.9822 0.1880
vn -0.2943 -0.4039 0.8662
vn -0.2067 -0.2881 0.9350
vn -0.0954 -0.1356 0.9862
vn 0.7216 -0.6913 0.0381
vn 0.7267 -0.6868 0.0146
vn 0.9446 -0.1677 -0.2822
vn 0.9871 -0.0152 -0.1591
vn 0.9197 -0.1779 -0.3500
vn 0.9011 -0.2157 -0.3761
vn 0.9992 -0.0133 -0.0365
vn -0.9568 -0.2881 -0.0399
vn 0.9510 -0.2701 0.1507
vn -0.9916 -0.1229 -0.0394
vn -0.9764 -0.1374 -0.1664
vn 0.8667 -0.4966 -0.0460
vn -0.9568 -0.1495 -0.2492
vn -0.9038 -0.1889 -0.3840
vn -0.9011 -0.2162 -0.3758
vn -0.0247 0.9985 0.0498
vn -0.0021 0.9988 0.0498
vn 0.0215 0.9982 0.0566
vn -0.8559 -0.4672 -0.2217
vn -0.9999 -0.0131 0.0002
vn 0.9999 -0.0102 -0.0113
vn -0.5011 -0.8361 0.2231
vn -0.6913 -0.6966 0.1919
vn -0.6441 -0.6987 0.3113
vn -0.6913 -0.6966 0.1918
vn -0.8773 -0.4493 0.1687
vn -0.8546 -0.4239 0.2999
vn -0.5285 -0.8414 0.1127
vn -0.7065 -0.7028 0.0830
vn -0.4686 0.0154 -0.8833
vn -0.4684 0.0197 -0.8833
vn -0.3854 0.0326 -0.9222
vn -0.2177 0.6221 0.7521
vn -0.1914 0.6594 0.7270
vn -0.3831 0.5275 0.7583
vn -0.9750 0.0155 -0.2217
vn -0.9141 -0.0064 0.4054
vn 0.9726 -0.2277 -0.0465
vn 0.9668 -0.2327 -0.1058
vn 0.8881 -0.3624 0.2828
vn 0.9100 -0.3655 0.1959
vn -0.4507 0.8180 -0.3574
vn -0.4697 0.7624 -0.4452
vn -0.4644 0.8335 -0.2992
vn -0.4412 0.5912 -0.6752
vn -0.4460 0.7429 -0.4992
vn -0.4630 0.6765 -0.5727
vn 0.4125 0.0152 -0.9108
vn 0.4136 0.0204 -0.9102
vn 0.4513 0.0205 -0.8921
vn 0.9562 -0.2395 -0.1686
vn 0.7987 -0.5670 -0.2017
vn 0.9343 -0.2509 -0.2531
vn 0.7249 -0.6655 -0.1779
vn -0.9996 -0.0078 -0.0286
vn 0.9840 -0.0137 -0.1775
vn -0.8522 -0.5200 0.0580
vn -0.6922 -0.7198 0.0520
vn -0.6197 -0.7848 0.0040
vn -0.3860 -0.9218 -0.0360
vn -0.6957 -0.7182 0.0090
vn -0.8793 -0.4700 0.0770
vn -0.4954 -0.8680 -0.0353
vn -0.5204 -0.8537 0.0211
vn -0.1988 0.9647 0.1724
vn 0.9307 -0.3621 -0.0509
vn -0.4526 0.8723 0.1849
vn -0.4657 0.8393 0.2805
vn -0.4548 0.8266 0.3315
vn 0.9712 -0.2341 0.0454
vn 0.7947 -0.6069 0.0124
vn 0.9686 -0.2423 0.0551
vn 0.7454 -0.6666 0.0012
vn 0.7383 -0.6744 0.0026
vn -0.9942 0.0109 -0.1072
vn -0.8254 -0.5629 0.0420
vn 0.7557 -0.6549 -0.0058
vn 0.7516 -0.6596 -0.0013
vn -0.8521 -0.2592 -0.4547
vn 0.5388 0.7282 -0.4236
vn 0.8532 -0.5215 0.0123
vn 0.8700 -0.4931 0.0007
vn 0.9722 -0.0110 0.2337
vn 0.9637 -0.0121 0.2668
vn -0.9998 -0.0125 -0.0129
vn -0.4498 0.8931 -0.0009
vn -0.4568 0.8790 -0.1366
vn -0.4551 0.8905 -0.0008
vn -0.4572 0.8796 0.1314
vn -0.4501 0.8716 -0.1943
vn -0.7400 -0.6653 -0.0983
vn -0.9017 -0.4299 -0.0462
vn 0.9999 -0.0163 -0.0046
vn 0.9998 -0.0124 -0.0158
vn -0.0000 -0.8447 0.5353
vn 0.9857 -0.0068 0.1683
vn 0.9444 -0.0147 -0.3284
vn -0.9265 0.0151 -0.3761
vn 0.9968 -0.0134 0.0783
vn -0.3911 0.3180 -0.8636
vn -0.3771 0.5505 -0.7448
vn -0.1987 0.6413 -0.7411
vn 0.9445 -0.0107 0.3284
vn 0.9249 -0.0113 0.3801
vn -0.7959 -0.4417 -0.4141
vn -0.6886 -0.6718 -0.2731
vn -0.6416 -0.6894 -0.3362
vn -0.6579 -0.6270 -0.4171
vn -0.4639 -0.6658 -0.5844
vn -0.3766 -0.5298 -0.7599
vn -0.5063 -0.8031 -0.3143
vn -0.5348 -0.8041 -0.2596
vn 0.1595 0.9871 -0.0147
vn 0.2381 0.9587 -0.1553
vn 0.3931 0.9108 -0.1262
vn 0.3460 0.5426 -0.7654
vn 0.1299 0.9914 0.0144
vn 0.1101 0.9935 0.0289
vn -0.0854 0.5196 -0.8501
vn -0.4211 0.0364 0.9063
vn -0.4190 0.3603 0.8334
vn -0.5056 0.0232 0.8625
vn 0.8726 -0.1995 -0.4459
vn -0.4452 0.3791 0.8112
vn -0.6903 0.3112 0.6532
vn 0.8770 -0.2188 -0.4277
vn -0.8230 -0.1944 0.5338
vn -0.9563 -0.0069 0.2922
vn -0.0001 -0.0270 -0.9996
vn 0.9970 -0.0049 0.0776
vn -0.4885 -0.5770 -0.6546
vn 0.4504 0.3107 -0.8370
vn 0.4295 0.3402 -0.8365
vn 0.1449 0.0254 0.9891
vn -0.8629 -0.4893 -0.1262
vn -0.8626 -0.4913 -0.1204
vn 0.4887 0.5881 0.6444
vn 0.4812 0.5195 0.7061
vn 0.4588 0.4972 0.7364
vn 0.4810 0.5197 0.7061
vn -0.3986 0.4919 -0.7741
vn -0.4450 0.4550 -0.7713
vn 0.8770 -0.2594 0.4044
vn 0.9058 -0.2825 0.3158
vn -0.4456 0.4548 -0.7711
vn -0.3675 0.4060 -0.8367
vn -0.3991 0.4917 -0.7739
vn -0.6704 0.3706 -0.6428
vn -0.4763 0.3831 -0.7914
vn -0.5698 0.3564 -0.7405
vn -0.6358 0.3361 -0.6948
vn -0.3853 0.3206 -0.8653
vn -0.4363 0.3340 -0.8355
vn -0.4361 0.3339 -0.8356
vn -0.7506 0.2111 -0.6262
vn -0.3853 0.0326 -0.9222
vn -0.6705 0.2829 -0.6858
vn 0.8455 -0.1927 0.4981
vn -0.4140 -0.9081 -0.0635
vn -0.1211 0.9910 -0.0569
vn -0.8429 0.5317 -0.0825
vn -0.8555 -0.4879 0.1732
vn -0.8993 0.3809 0.2149
vn -0.2249 0.9635 0.1455
vn -0.2358 0.9633 0.1282
vn -0.9961 -0.0671 0.0570
vn -0.8648 -0.4922 0.0995
vn 0.9994 0.0150 -0.0317
vn -0.9265 0.3744 -0.0385
vn -0.9205 0.3893 -0.0344
vn 0.3352 0.5291 -0.7795
vn 0.3436 0.4956 -0.7977
vn -0.2328 0.9668 0.1053
vn -0.2342 0.9679 0.0908
vn -0.9969 0.0069 -0.0787
vn 0.9394 -0.2657 0.2168
vn -0.0532 0.9978 0.0384
vn -0.0665 0.9974 0.0286
vn -0.9903 0.1372 -0.0216
vn -0.5767 -0.8067 -0.1294
vn -0.7974 0.5659 0.2096
vn 0.8563 0.5108 0.0771
vn -0.9985 0.0019 -0.0551
vn -0.8927 -0.4321 -0.1276
vn -0.9722 0.2221 -0.0742
vn 0.0000 -0.6409 0.7677
vn -0.1036 0.7281 0.6776
vn -0.0960 0.8039 -0.5870
vn -0.4356 0.8633 -0.2551
vn -0.1264 0.9575 -0.2593
vn -0.0656 -0.0029 0.9978
vn -0.0140 0.4229 0.9061
vn 0.0507 -0.1158 0.9920
vn -0.2916 -0.1963 -0.9362
vn -0.1775 -0.0145 -0.9840
vn -0.2496 -0.1530 -0.9562
vn 0.7872 0.5905 -0.1781
vn 0.6322 0.7430 -0.2198
vn 0.7891 0.5876 -0.1791
vn -0.2291 0.9388 -0.2573
vn -0.1016 0.9587 -0.2658
vn -0.2203 0.9407 -0.2581
vn 0.9984 -0.0105 -0.0549
vn 0.9985 -0.0102 -0.0531
vn 0.0584 0.7994 -0.5980
vn -0.1265 0.9575 -0.2594
vn 0.2071 0.9444 -0.2555
vn 0.9992 -0.0076 -0.0397
vn -0.4808 0.8515 -0.2092
vn -0.1406 0.9619 -0.2345
vn 0.0834 0.9683 -0.2353
vn 0.0370 0.9623 -0.2696
vn -0.0369 0.9627 -0.2681
vn 0.1017 0.9577 -0.2691
vn -0.0050 0.1739 0.9847
vn 0.0012 0.1866 0.9824
vn -0.0018 0.1869 0.9824
vn 0.0031 0.1728 0.9849
vn 0.0032 0.1869 0.9824
vn 0.0011 0.1905 0.9817
vn -0.0033 0.1990 0.9800
vn -0.0032 0.1902 0.9817
vn 0.0018 0.1902 0.9817
vn 0.0044 0.2102 0.9776
vn 0.4808 0.8515 -0.2092
vn 0.4356 0.8633 -0.2550
vn -0.0012 0.1867 0.9824
vn -0.1288 -0.9839 0.1242
vn -0.4808 -0.8685 0.1211
vn -0.4357 -0.8963 0.0829
vn 0.2013 -0.9748 0.0961
vn 0.4808 -0.8684 0.1211
vn 0.0834 -0.9866 0.1401
vn -0.0720 -0.9552 -0.2871
vn 0.2506 -0.1527 -0.9560
vn -0.1021 -0.5925 -0.7991
vn 0.0341 0.0103 -0.9994
vn 0.1778 -0.0140 -0.9840
vn 0.0116 0.1077 -0.9941
vn -0.0269 0.1015 -0.9945
vn -0.0199 0.1076 -0.9940
vn -0.0009 0.1905 0.9817
vn -0.0825 0.1013 -0.9914
vn 0.5279 -0.2570 -0.8095
vn 0.8278 -0.0014 -0.5610
vn 0.7886 -0.2875 -0.5436
vn 0.2929 -0.1962 -0.9358
vn -0.0805 -0.4554 -0.8866
vn -0.0263 -0.4566 -0.8893
vn -0.0196 -0.4618 -0.8868
vn 0.0769 0.7428 -0.6650
vn -0.0340 0.8342 -0.5504
vn -0.0594 0.7260 -0.6851
vn 0.2255 0.9373 -0.2657
vn -0.9997 0.0074 0.0246
vn -0.9991 0.0039 0.0425
vn -0.0647 -0.9608 0.2695
vn -0.2292 -0.9364 0.2658
vn -0.0641 -0.9607 0.2699
vn 0.1275 -0.5413 -0.8311
vn -0.0216 0.0158 -0.9996
vn 0.9998 0.0198 0.0015
vn 0.9999 0.0040 -0.0159
vn 0.9997 0.0083 0.0232
vn 0.0826 0.1018 -0.9914
vn 0.0376 0.0950 -0.9948
vn 0.0369 -0.9625 0.2687
vn 0.0732 -0.9723 -0.2218
vn 0.4357 -0.8963 0.0829
vn 0.1015 -0.9585 0.2663
vn 0.2290 -0.9388 0.2574
vn 0.2202 -0.9406 0.2583
vn 0.6349 -0.1403 -0.7597
vn 0.5384 -0.1410 -0.8308
vn 0.7206 -0.0925 -0.6871
vn 0.0367 -0.4508 -0.8919
vn 0.0807 -0.4558 -0.8864
vn 0.0114 -0.4620 -0.8868
vn -0.6358 -0.4395 -0.6346
vn -0.7273 -0.1665 -0.6659
vn -0.5382 -0.1769 -0.8240
vn -0.5431 -0.7903 -0.2837
vn -0.7809 -0.4796 -0.4002
vn -0.6357 -0.4395 -0.6346
vn -0.8460 -0.5318 0.0390
vn -0.9228 -0.3155 -0.2214
vn -0.9055 -0.1110 -0.4096
vn -0.7811 -0.4795 -0.4000
vn -0.9229 -0.3152 -0.2211
vn -0.9697 0.1120 -0.2171
vn -0.9648 0.2623 -0.0183
vn 0.7232 0.6851 -0.0871
vn 0.7829 0.6132 0.1049
vn 0.6776 0.7233 -0.1326
vn -0.0652 0.0936 -0.9935
vn 0.8102 0.4590 0.3646
vn 0.6615 0.6217 0.4193
vn 0.5946 0.5026 0.6276
vn 0.8385 0.4958 0.2260
vn 0.7267 0.6472 0.2302
vn -0.6435 -0.1497 -0.7506
vn -0.5383 -0.1768 -0.8240
vn -0.7273 -0.1664 -0.6658
vn -0.0774 -0.6646 -0.7432
vn -0.1597 -0.8202 -0.5493
vn -0.1157 -0.6521 -0.7493
vn -0.8653 -0.0986 -0.4915
vn -0.6436 -0.1497 -0.7506
vn -0.1843 -0.9816 -0.0493
vn -0.1944 -0.9420 -0.2735
vn -0.1565 -0.9558 -0.2489
vn 0.7265 0.6474 0.2302
vn 0.5554 0.7879 0.2660
vn 0.6614 0.6218 0.4195
vn -0.1311 -0.8557 -0.5007
vn 0.7806 -0.4803 -0.4000
vn 0.9019 -0.1131 -0.4170
vn 0.9226 -0.3156 -0.2220
vn 0.8458 -0.5320 0.0389
vn 0.0732 0.8565 0.5109
vn -0.1861 0.9239 0.3343
vn -0.0723 0.5817 0.8102
vn 0.5435 -0.7900 -0.2839
vn 0.6359 -0.4393 -0.6345
vn 0.6360 -0.4393 -0.6345
vn 0.7247 -0.1673 -0.6685
vn 0.7806 -0.4802 -0.4000
vn 0.9172 -0.0387 -0.3965
vn 0.9695 0.1135 -0.2172
vn -0.7231 0.6852 -0.0872
vn -0.6588 0.7180 -0.2247
vn -0.6776 0.7234 -0.1328
vn 0.6356 0.1729 -0.7524
vn 0.5431 0.6285 -0.5568
vn 0.7804 0.2978 -0.5498
vn 0.6357 0.1729 -0.7524
vn 0.8459 0.5084 -0.1611
vn 0.9227 0.2107 -0.3228
vn 0.9227 0.2106 -0.3228
vn 0.9693 -0.1869 -0.1595
vn 0.9640 -0.2530 0.0814
vn 0.9693 -0.1869 -0.1596
vn -0.7231 -0.6685 0.1735
vn -0.7830 -0.5303 0.3251
vn -0.6777 -0.7208 0.1456
vn 0.8966 0.1443 -0.4187
vn -0.0746 -0.6064 0.7917
vn 0.1435 -0.6504 0.7460
vn 0.0723 -0.2401 0.9680
vn -0.7808 0.2971 -0.5496
vn -0.5428 0.6288 -0.5568
vn -0.6357 0.1730 -0.7523
vn -0.7233 -0.0923 -0.6844
vn -0.9696 -0.1855 -0.1597
vn -0.9173 -0.1111 -0.3824
vn 0.5926 -0.7765 0.2143
vn 0.7231 -0.6686 0.1735
vn 0.6590 -0.7499 0.0581
vn 0.6776 -0.7210 0.1453
vn -0.9228 0.2108 -0.3224
vn -0.8461 0.5081 -0.1609
vn 0.0773 -0.6646 -0.7432
vn 0.1596 -0.8195 -0.5504
vn 0.1304 -0.8543 -0.5031
vn -0.7208 0.6490 0.2433
vn -0.8318 0.4969 0.2473
vn -0.8069 0.4590 0.3718
vn -0.6584 0.6218 0.4242
vn 0.5384 -0.1768 -0.8239
vn 0.6412 -0.1501 -0.7525
vn 0.2006 -0.9489 -0.2436
vn 0.1871 -0.9803 -0.0626
vn 0.1579 -0.9525 -0.2604
vn 0.1298 -0.8545 -0.5031
vn -0.5524 0.7879 0.2721
vn -0.6582 0.6219 0.4242
vn -0.5069 0.6204 0.5985
vn -0.6037 0.7869 0.1277
vn -0.5526 0.7877 0.2722
vn -0.8462 0.1467 0.5123
vn -0.9587 0.1456 0.2443
vn -0.8567 0.2468 0.4529
vn 0.0771 0.3425 -0.9363
vn 0.1537 0.5308 -0.8334
vn 0.1156 0.3285 -0.9374
vn -0.5885 -0.2345 0.7738
vn -0.5064 -0.3369 0.7938
vn -0.5106 -0.2468 0.8236
vn 0.7206 -0.0925 -0.6872
vn 0.8498 -0.0949 -0.5185
vn 0.6348 -0.1403 -0.7598
vn 0.1694 0.8275 -0.5353
vn 0.1841 0.7177 -0.6716
vn 0.1462 0.7442 -0.6518
vn -0.7219 -0.4536 0.5227
vn -0.5844 -0.5794 0.5681
vn -0.5440 -0.5954 0.5913
vn -0.5426 -0.5962 0.5917
vn -0.6566 -0.3995 0.6397
vn -0.7201 -0.4556 0.5233
vn 0.1229 0.5826 -0.8034
vn -0.5382 -0.1410 -0.8309
vn -0.6377 -0.1399 -0.7575
vn -0.7231 -0.0923 -0.6846
vn -0.8033 -0.2749 0.5284
vn -0.8053 -0.3154 0.5020
vn -0.7210 -0.4545 0.5230
vn -0.8032 -0.2751 0.5284
vn -0.8540 -0.0937 -0.5118
vn -0.0766 0.3423 -0.9365
vn -0.1538 0.5319 -0.8327
vn -0.1227 0.5852 -0.8015
vn 0.7275 -0.4617 0.5075
vn 0.8200 -0.3283 0.4688
vn 0.8069 -0.2774 0.5215
vn 0.6602 -0.4011 0.6350
vn -0.1838 0.7228 -0.6662
vn -0.1685 0.8427 -0.5114
vn -0.1453 0.7541 -0.6405
vn -0.1228 0.5852 -0.8015
vn 0.5461 -0.5994 0.5852
vn 0.5067 -0.3388 0.7928
vn 0.5992 -0.6065 0.5226
vn 0.0641 0.0940 -0.9935
vn 0.8208 0.3182 -0.4744
vn 0.6266 0.4265 -0.6523
vn 0.6912 0.4883 -0.5328
vn -0.5479 0.0543 0.8348
vn -0.6597 -0.0811 0.7472
vn -0.7650 0.0428 0.6426
vn -0.1845 -0.7173 0.6719
vn -0.1703 -0.8274 0.5351
vn -0.1489 -0.7419 0.6538
vn -0.1417 -0.6345 0.7598
vn 0.5417 0.5935 -0.5952
vn 0.6264 0.4265 -0.6524
vn 0.4924 0.4810 -0.7254
vn 0.5875 0.5936 -0.5500
vn 0.6901 0.4894 -0.5332
vn 0.5422 0.5937 -0.5946
vn -0.9851 -0.0422 -0.1669
vn 0.5071 0.3067 -0.8054
vn 0.6808 0.2744 -0.6791
vn -0.0981 -0.4225 0.9010
vn -0.1682 -0.5967 0.7847
vn -0.1415 -0.6339 0.7603
vn -0.0134 0.2166 0.9762
vn -0.1276 0.1872 0.9740
vn 0.0980 -0.4219 0.9013
vn 0.1683 -0.5977 0.7838
vn 0.1337 -0.4149 0.9000
vn -0.5077 0.3056 -0.8055
vn -0.6308 0.4269 -0.6480
vn -0.4922 0.4829 -0.7242
vn -0.8347 -0.0681 0.5465
vn -0.8353 0.0339 0.5488
vn 0.1688 -0.8431 0.5105
vn 0.1847 -0.7218 0.6669
vn 0.1482 -0.7519 0.6424
vn -0.6991 0.4937 -0.5171
vn -0.6011 0.6150 -0.5103
vn -0.5453 0.5974 -0.5881
vn 0.1409 -0.6366 0.7582
vn 0.0128 0.2166 0.9762
vn 0.1285 0.1872 0.9739
vn 0.1776 0.2348 0.9557
vn 0.6631 -0.0774 0.7445
vn 0.5476 0.0556 0.8349
vn 0.7663 0.0442 0.6410
vn -0.8260 0.3207 -0.4636
vn -0.6851 0.2728 -0.6754
vn -0.8045 0.4517 -0.3857
vn 0.7144 0.2099 0.6675
vn 0.8607 0.2400 0.4490
vn 0.8480 0.1450 0.5097
vn -0.5073 -0.5809 -0.6366
vn -0.6323 -0.6477 -0.4252
vn -0.6881 -0.5011 -0.5247
vn 0.0970 0.7242 0.6828
vn 0.1729 0.8595 0.4810
vn 0.1454 0.8845 0.4432
vn 0.0130 0.1605 0.9870
vn 0.1290 0.1868 0.9739
vn -0.8335 -0.4806 -0.2727
vn -0.7021 -0.6761 -0.2234
vn -0.7130 0.2118 0.6684
vn -0.6643 0.3459 0.6626
vn 0.1946 0.9418 0.2741
vn 0.1848 0.9815 0.0508
vn 0.1589 0.9544 0.2525
vn 0.1456 0.8846 0.4431
vn -0.5552 -0.7866 -0.2703
vn -0.6322 -0.6477 -0.4252
vn -0.4922 -0.7304 -0.4736
vn -0.6114 -0.7838 -0.1086
vn -0.7023 -0.6759 -0.2234
vn -0.6643 0.3475 0.6618
vn -0.5482 0.2968 0.7819
vn -0.7132 0.2117 0.6682
vn 0.8290 -0.4821 -0.2833
vn 0.6283 -0.6489 -0.4292
vn 0.6842 -0.5029 -0.5281
vn 0.7354 -0.6643 -0.1339
vn 0.7111 -0.6535 -0.2595
vn -0.0981 0.7246 0.6821
vn -0.1730 0.8589 0.4821
vn -0.1335 0.7174 0.6838
vn 0.5071 -0.5816 -0.6360
vn 0.6283 -0.6488 -0.4292
vn 0.4920 -0.7293 -0.4754
vn -0.1870 0.9803 0.0634
vn -0.2008 0.9487 0.2441
vn -0.1600 0.9514 0.2632
vn 0.5583 -0.7880 -0.2597
vn 0.6285 -0.6487 -0.4291
vn 0.7110 -0.6536 -0.2594
vn -0.1464 0.8834 0.4453
vn 0.0608 0.9909 -0.1201
vn 0.2085 0.8682 -0.4504
vn 0.2359 0.9652 -0.1131
vn 0.0340 -0.8340 0.5506
vn -0.0770 -0.7428 0.6651
vn 0.0594 -0.7263 0.6848
vn -0.0425 0.9037 0.4260
vn 0.0187 0.5340 0.8453
vn -0.0175 0.4162 0.9091
vn 0.0698 0.8975 0.4354
vn 0.0722 0.5817 0.8102
vn 0.0188 0.5340 0.8453
vn 0.0673 -0.9646 -0.2549
vn -0.0356 -0.9970 -0.0682
vn 0.0966 -0.9927 -0.0718
vn -0.0389 -0.9857 0.1638
vn -0.2085 -0.9732 -0.0967
vn -0.2480 -0.9035 0.3496
vn -0.0425 0.9038 0.4259
vn -0.0616 0.9601 -0.2728
vn -0.0626 -0.6325 0.7721
vn -0.0626 -0.6325 0.7720
vn -0.0722 -0.2401 0.9681
vn -0.0175 -0.0498 0.9986
vn 0.0640 -0.7445 0.6646
vn 0.0670 -0.9846 0.1612
vn 0.2086 -0.9732 -0.0968
vn 0.2480 -0.9036 0.3494
vn 0.0187 -0.1828 0.9830
vn -0.0129 0.1605 0.9870
vn -0.9999 0.0034 -0.0113
vn -0.9906 -0.0249 -0.1343
vn -0.9906 -0.0250 -0.1343
vn -0.9815 -0.0358 -0.1879
vn -0.9815 -0.0371 -0.1878
vn -0.0400 0.5499 0.8343
vn 0.0508 0.4741 0.8790
vn -0.0660 0.3720 0.9259
vn -0.9805 0.0370 0.1928
vn -1.0000 0.0010 0.0052
vn -0.9950 -0.0188 -0.0978
vn 0.9905 -0.0251 -0.1353
vn 0.9815 -0.0356 -0.1880
vn 0.9941 -0.0210 -0.1063
vn -0.2084 0.8682 -0.4503
vn -0.2360 0.9652 -0.1129
vn 0.5477 0.0556 0.8348
vn 0.7146 0.2099 0.6673
vn 0.7663 0.0441 0.6409
vn 0.2201 -0.1129 -0.9689
vn 0.1597 -0.3550 -0.9211
vn -0.2203 -0.1132 -0.9688
vn -0.1595 -0.3545 -0.9213
vn -0.2052 -0.2937 -0.9336
vn 0.8359 0.0357 0.5477
vn -0.7863 0.0772 0.6130
vn 0.0426 -0.8275 -0.5598
vn -0.0648 -0.9517 -0.3003
vn -0.0404 -0.7610 -0.6475
vn -0.0327 -0.6675 -0.7439
vn -0.1597 -0.8202 -0.5494
vn 0.0192 0.3462 -0.9380
vn -0.0394 0.4476 -0.8934
vn -0.0327 0.3448 -0.9381
vn -0.2200 -0.9730 -0.0698
vn 0.0429 0.5341 -0.8443
vn 0.0429 0.5340 -0.8444
vn 0.1536 0.5308 -0.8334
vn 0.0220 -0.4331 0.9011
vn -0.0352 -0.5762 0.8166
vn -0.0379 -0.4318 0.9012
vn -0.0673 0.9647 0.2545
vn 0.0355 0.9971 0.0678
vn 0.0648 0.9518 0.2999
vn 0.2085 0.8065 -0.5532
vn 0.0588 0.8296 -0.5553
vn -0.1156 0.3282 -0.9375
vn -0.1538 0.5320 -0.8326
vn -0.0393 0.4477 -0.8933
vn -0.2074 0.8112 -0.5468
vn -0.9950 -0.0188 -0.0979
vn -1.0000 0.0010 0.0051
vn -0.7432 0.6480 -0.1665
vn -0.6333 0.7483 -0.1973
vn -0.8295 0.5425 -0.1327
vn -0.2203 -0.9385 0.2658
vn -0.1922 -0.9445 0.2666
vn 0.0426 -0.8276 -0.5597
vn 0.1156 -0.6520 -0.7493
vn 0.0192 -0.6688 -0.7432
vn 0.1594 -0.8195 -0.5505
vn -0.8995 0.4262 -0.0965
vn -0.7887 -0.5876 0.1810
vn -0.6322 -0.7435 0.2183
vn -0.7938 -0.5824 0.1753
vn -0.2087 -0.8075 0.5517
vn -0.0353 0.8517 0.5228
vn -0.1684 -0.5968 0.7845
vn -0.0352 -0.5759 0.8167
vn -0.1337 -0.4153 0.8998
vn 0.0577 -0.5676 0.8213
vn 0.2202 0.9730 0.0690
vn -0.0353 0.8517 0.5229
vn 0.0221 0.7349 0.6778
vn -0.0377 0.7334 0.6787
vn 0.1731 0.8595 0.4810
vn 0.0581 0.8454 0.5309
vn 0.1333 0.7173 0.6839
vn -0.0966 0.9928 0.0711
vn -0.1730 0.8588 0.4821
vn 0.2086 -0.8111 0.5465
vn 0.1682 -0.5977 0.7839
vn 0.0576 -0.5675 0.8214
vn -0.1914 0.9463 -0.2605
vn 0.7896 -0.5946 0.1518
vn 0.9009 -0.4214 0.1035
vn 0.7942 -0.5896 0.1472
vn 0.1917 0.9446 -0.2663
vn 0.2261 0.9373 -0.2654
vn -0.7174 -0.0466 0.6951
vn -0.1285 0.1869 0.9739
vn 0.5479 0.2953 0.7827
vn 0.6675 0.3417 0.6616
vn -0.0611 -0.4493 -0.8913
vn 0.8370 -0.0633 0.5436
vn 0.7246 -0.1673 -0.6685
vn 0.8613 -0.0999 -0.4981
vn 0.9611 0.1378 0.2394
vn 0.0616 -0.4496 -0.8911
vn -0.9379 -0.0438 0.3442
vn 0.2272 0.5559 -0.7996
vn 0.4493 0.5749 -0.6838
vn 0.8278 -0.0013 -0.5611
vn -0.1559 0.5764 -0.8022
vn 0.0863 -0.0411 -0.9954
vn -0.1343 -0.0591 -0.9892
vn 0.5087 0.0252 -0.8606
vn -0.1560 -0.8325 -0.5316
vn 0.0912 -0.4200 -0.9029
vn 0.2272 -0.8125 -0.5368
vn 0.4493 -0.7873 -0.4223
vn 0.1187 -0.9118 -0.3932
vn 0.2271 -0.8126 -0.5368
vn 0.5278 -0.2570 -0.8095
vn 0.7885 -0.2875 -0.5436
vn -0.1559 0.5764 -0.8021
vn 0.1187 0.7013 -0.7029
vn 0.2271 0.5559 -0.7996
vn -0.2054 0.2390 0.9491
vn -0.2128 0.1676 0.9626
vn -0.0498 0.1210 0.9914
vn -0.4493 -0.7873 -0.4223
vn -0.7886 -0.2875 -0.5436
vn -0.5279 -0.2570 -0.8095
vn -0.0691 -0.2881 -0.9551
vn -0.0906 0.1977 0.9761
vn -0.2128 0.1666 0.9628
vn -0.2076 0.2172 0.9538
vn -0.1560 0.5764 -0.8021
vn -0.4492 0.5748 -0.6840
vn -0.1826 0.6845 -0.7057
vn -0.5088 0.0252 -0.8605
vn -0.8277 -0.0013 -0.5611
vn -0.8277 -0.0014 -0.5611
vn -0.1826 -0.8972 -0.4020
vn 0.9991 0.0018 0.0417
vn -0.0398 -0.2025 0.9785
vn 0.1230 0.1755 -0.9768
vn -0.0208 -0.3825 -0.9237
vn -0.0977 0.2257 -0.9693
vn 0.0328 -0.3777 -0.9253
vn 0.8138 0.0736 0.5764
vn 0.8111 0.1601 0.5625
vn 0.2839 0.1808 0.9416
vn 0.2122 0.1662 0.9630
vn 0.2043 0.2388 0.9493
vn 0.0488 0.1218 0.9914
vn -0.9098 -0.0782 -0.4075
vn 0.2072 0.2171 0.9539
vn -0.0129 -0.0531 0.9985
vn 0.0514 0.4741 0.8790
vn 0.2077 0.2172 0.9538
vn 0.0676 -0.2015 0.9772
vn -0.0669 0.3717 0.9260
vn 0.0203 -0.0139 0.9997
vn -0.2069 0.2171 0.9540
vn 0.0217 0.3855 0.9224
vn 0.0904 0.1977 0.9761
vn 0.2120 0.1666 0.9630
vn 0.0915 0.1690 0.9813
vn 0.5305 0.6476 -0.5470
vn 0.5194 0.7099 -0.4757
vn 0.2825 0.1352 -0.9497
vn 0.3325 0.1373 -0.9330
vn 0.2712 0.1176 -0.9553
vn 0.4927 -0.0299 -0.8697
vn 0.4742 0.0636 -0.8781
vn 0.4472 0.1273 -0.8853
vn 0.2697 0.1106 -0.9566
vn 0.2771 0.0973 -0.9559
vn 0.4730 -0.0450 -0.8799
vn 0.4737 -0.0465 -0.8795
vn 0.4735 -0.0481 -0.8795
vn 0.4754 -0.0716 -0.8769
vn 0.4775 -0.0876 -0.8743
vn 0.4736 -0.0559 -0.8790
vn 0.4734 -0.0654 -0.8784
vn 0.4854 -0.0999 -0.8686
vn 0.4878 -0.0908 -0.8682
vn 0.4916 -0.0846 -0.8667
vn 0.4932 0.0442 -0.8688
vn 0.4421 -0.0322 -0.8964
vn 0.4349 -0.0520 -0.8990
vn 0.4458 0.0691 -0.8925
vn 0.4571 0.0683 -0.8868
vn 0.4570 0.0683 -0.8868
vn 0.5540 -0.0317 -0.8319
vn 0.5271 0.0041 -0.8498
vn 0.5570 -0.0269 -0.8301
vn 0.4108 0.0728 -0.9088
vn 0.4380 0.0710 -0.8962
vn 0.2413 0.0277 -0.9701
vn 0.2771 0.0262 -0.9605
vn 0.2413 0.0275 -0.9700
vn 0.3729 0.0750 -0.9248
vn 0.4108 0.0725 -0.9088
vn 0.2992 0.0299 -0.9537
vn 0.2460 0.0298 -0.9688
vn 0.3276 0.0324 -0.9443
vn -0.1224 -0.3154 -0.9410
vn -0.1215 -0.4380 -0.8907
vn -0.0553 -0.4631 -0.8846
vn 0.3551 0.0801 -0.9314
vn 0.3198 0.0829 -0.9439
vn 0.0126 -0.1417 -0.9898
vn 0.0427 -0.1738 -0.9838
vn 0.0046 -0.1387 -0.9903
vn 0.3027 0.0917 -0.9487
vn -0.0085 -0.1402 -0.9901
vn -0.0083 -0.1397 -0.9902
vn 0.3698 -0.0338 -0.9285
vn 0.4507 0.0095 -0.8926
vn 0.4821 0.0342 -0.8755
vn 0.3614 -0.0344 -0.9318
vn 0.3615 -0.0352 -0.9317
vn 0.3617 -0.0351 -0.9316
vn 0.3637 -0.4204 -0.8313
vn 0.3049 -0.3909 -0.8685
vn 0.2830 -0.2674 -0.9211
vn 0.0127 -0.2350 -0.9719
vn 0.0460 -0.1968 -0.9794
vn 0.0454 -0.1973 -0.9793
vn -0.0086 -0.2364 -0.9716
vn 0.0046 -0.2379 -0.9713
vn 0.4820 0.0342 -0.8755
vn 0.5333 0.1076 -0.8391
vn 0.5340 0.1073 -0.8387
vn 0.3373 0.0452 -0.9403
vn 0.2347 0.0473 -0.9709
vn 0.1950 0.0422 -0.9799
vn 0.3225 0.0455 -0.9455
vn 0.3648 0.0868 -0.9270
vn 0.3614 0.0895 -0.9281
vn 0.3636 -0.0290 -0.9311
vn 0.3591 -0.0211 -0.9331
vn 0.3631 -0.0341 -0.9311
vn 0.4729 -0.0528 -0.8795
vn 0.3812 0.2534 -0.8891
vn 0.2999 0.2807 -0.9118
vn 0.2077 0.4299 -0.8787
vn 0.0841 0.2886 -0.9537
vn 0.0075 0.1444 -0.9895
vn 0.3732 0.1057 -0.9217
vn 0.3812 0.1018 -0.9189
vn 0.7067 0.0583 -0.7051
vn 0.7118 0.0610 -0.6997
vn 0.7060 0.0587 -0.7058
vn 0.4836 -0.0332 -0.8747
vn 0.4807 -0.1052 -0.8706
vn 0.4839 -0.0009 -0.8751
vn 0.7648 -0.1122 -0.6344
vn 0.7742 -0.0562 -0.6304
vn 0.7740 -0.0561 -0.6307
vn 0.3350 -0.0283 -0.9418
vn 0.3309 -0.0160 -0.9435
vn 0.4917 -0.0545 -0.8691
vn 0.7808 -0.0801 -0.6196
vn 0.7817 -0.0797 -0.6186
vn 0.7837 -0.0758 -0.6165
vn 0.7800 -0.0303 -0.6250
vn 0.7733 -0.0075 -0.6340
vn 0.7766 -0.0498 -0.6280
vn 0.7776 -0.0498 -0.6267
vn 0.4801 0.0233 -0.8769
vn 0.5070 0.0449 -0.8608
vn 0.5054 0.0477 -0.8615
vn 0.0138 -0.2838 -0.9588
vn -0.0199 -0.4110 -0.9114
vn 0.0121 -0.2840 -0.9587
vn 0.4862 0.0333 -0.8732
vn 0.4921 0.0440 -0.8694
vn 0.4877 0.0323 -0.8724
vn 0.7186 0.0752 -0.6914
vn 0.7261 0.0879 -0.6819
vn 0.7786 -0.0709 -0.6235
vn 0.7794 -0.0778 -0.6217
vn 0.7781 -0.0683 -0.6244
vn 0.4283 0.0258 -0.9033
vn 0.3323 0.0227 -0.9429
vn 0.3114 0.0254 -0.9500
vn 0.6812 -0.2132 -0.7003
vn 0.6866 -0.4017 -0.6060
vn 0.6544 -0.0979 -0.7498
vn 0.6557 -0.1320 -0.7434
vn 0.5751 -0.0232 -0.8178
vn 0.6602 -0.1280 -0.7401
vn 0.5595 -0.3473 -0.7525
vn 0.5363 -0.3188 -0.7815
vn 0.5890 -0.3447 -0.7309
vn 0.3534 0.1649 -0.9208
vn 0.3185 0.2794 -0.9058
vn 0.3350 0.2735 -0.9016
vn 0.5143 -0.3114 -0.7990
vn 0.5023 -0.2895 -0.8148
vn 0.5928 0.0375 -0.8044
vn 0.4980 0.0285 -0.8667
vn 0.7450 0.0052 -0.6670
vn 0.7674 -0.0639 -0.6380
vn 0.7665 -0.0724 -0.6382
vn 0.6647 -0.2614 -0.6999
vn 0.6645 -0.2702 -0.6967
vn 0.6389 -0.3200 -0.6996
vn 0.6030 -0.3407 -0.7213
vn 0.5702 -0.3290 -0.7527
vn 0.5652 -0.3305 -0.7559
vn 0.3741 0.0313 -0.9269
vn 0.4693 0.0271 -0.8826
vn 0.4939 0.0227 -0.8692
vn 0.5456 0.1379 -0.8266
vn 0.5368 0.1222 -0.8348
vn 0.6231 -0.4816 -0.6162
vn 0.6794 -0.4160 -0.6045
vn 0.4950 0.0428 -0.8678
vn -0.1404 -0.1599 -0.9771
vn 0.2158 0.0285 -0.9760
vn 0.2102 0.0293 -0.9772
vn 0.1862 0.0365 -0.9818
vn 0.2558 0.0305 -0.9662
vn 0.1826 0.0487 -0.9820
vn 0.7624 -0.0398 -0.6458
vn 0.7628 -0.0493 -0.6447
vn 0.7606 -0.0351 -0.6483
vn 0.2160 0.0298 -0.9759
vn 0.2460 0.0297 -0.9688
vn 0.0233 -0.2218 -0.9748
vn 0.0575 -0.2061 -0.9768
vn 0.7648 -0.0722 -0.6402
vn 0.7641 -0.0633 -0.6420
vn 0.4504 0.0364 -0.8921
vn 0.4590 0.0455 -0.8873
vn 0.4610 0.0438 -0.8863
vn 0.5205 -0.0425 -0.8528
vn 0.6204 -0.1471 -0.7703
vn 0.4714 -0.0192 -0.8817
vn 0.4529 0.0515 -0.8901
vn 0.4476 0.0414 -0.8933
vn 0.4504 0.0365 -0.8921
vn 0.4671 0.0587 -0.8823
vn 0.4682 0.0643 -0.8813
vn 0.4646 0.0458 -0.8843
vn 0.2105 0.0295 -0.9772
vn 0.6530 -0.2754 -0.7055
vn 0.6258 -0.1404 -0.7673
vn 0.5762 -0.1074 -0.8102
vn 0.5842 -0.1559 -0.7965
vn 0.5836 -0.1583 -0.7965
vn 0.5779 -0.0763 -0.8125
vn 0.5843 -0.2328 -0.7774
vn 0.5891 -0.2295 -0.7748
vn 0.5286 0.0134 -0.8487
vn 0.4347 0.0331 -0.8999
vn 0.5815 -0.3027 -0.7551
vn 0.5674 -0.3340 -0.7527
vn 0.5051 0.0344 -0.8624
vn 0.4278 0.0279 -0.9034
vn 0.3736 0.0279 -0.9272
vn 0.3795 0.1362 -0.9151
vn 0.5137 -0.3977 -0.7603
vn 0.5761 -0.3678 -0.7300
vn 0.6439 -0.3578 -0.6763
vn 0.7282 -0.2333 -0.6444
vn 0.7533 -0.1459 -0.6413
vn 0.1512 -0.1642 -0.9748
vn 0.1745 -0.1227 -0.9770
vn 0.2372 -0.0907 -0.9672
vn 0.2617 -0.0509 -0.9638
vn 0.2145 -0.0592 -0.9749
vn 0.2967 -0.0597 -0.9531
vn 0.6509 0.0331 -0.7585
vn 0.6960 0.0509 -0.7162
vn 0.6833 0.1033 -0.7228
vn 0.7520 0.0112 -0.6591
vn 0.6025 -0.3448 -0.7198
vn 0.6336 -0.3271 -0.7011
vn 0.2770 0.0264 -0.9605
vn -0.0095 -0.4119 -0.9112
vn 0.0792 -0.1900 -0.9786
vn 0.6366 0.0457 -0.7699
vn 0.7013 -0.2640 -0.6621
vn 0.2118 -0.0128 -0.9772
vn 0.2292 0.0189 -0.9732
vn 0.2713 0.0309 -0.9620
vn 0.2868 0.0444 -0.9570
vn 0.3944 0.0323 -0.9184
vn 0.4619 -0.0048 -0.8869
vn 0.4615 -0.0050 -0.8871
vn 0.4146 -0.0882 -0.9057
vn 0.6179 0.0071 -0.7863
vn 0.2324 0.0845 -0.9689
vn 0.2061 0.0742 -0.9757
vn 0.2389 0.1040 -0.9654
vn 0.1895 0.0568 -0.9802
vn 0.0166 -0.0414 -0.9990
vn 0.0352 -0.0094 -0.9993
vn 0.0168 -0.0548 -0.9984
vn 0.2836 0.3757 -0.8823
vn 0.2314 0.4184 -0.8783
vn 0.0148 -0.0752 -0.9971
vn 0.0282 -0.0898 -0.9956
vn 0.4642 -0.1078 -0.8791
vn 0.4778 -0.2451 -0.8436
vn 0.4673 -0.2462 -0.8491
vn 0.1818 -0.0430 -0.9824
vn 0.1494 -0.0418 -0.9879
vn 0.6331 0.1121 -0.7659
vn 0.5465 0.1526 -0.8234
vn 0.1537 -0.0276 -0.9877
vn 0.1745 -0.1228 -0.9770
vn 0.1533 -0.0248 -0.9879
vn 0.1062 -0.1412 -0.9843
vn 0.1300 -0.1666 -0.9774
vn 0.1792 -0.1659 -0.9697
vn 0.3555 -0.1916 -0.9148
vn 0.0503 -0.1157 -0.9920
vn 0.0750 -0.1362 -0.9878
vn 0.0474 -0.1181 -0.9919
vn 0.4597 -0.0795 -0.8845
vn 0.3145 -0.1213 -0.9415
vn 0.3128 -0.1777 -0.9331
vn 0.3701 -0.2898 -0.8826
vn 0.1204 0.0339 -0.9921
vn 0.1200 0.0362 -0.9921
vn 0.6530 -0.2755 -0.7055
vn 0.6530 -0.2823 -0.7028
vn -0.0428 -0.2030 -0.9782
vn -0.0084 -0.2369 -0.9715
vn -0.0460 -0.1800 -0.9826
vn -0.0454 -0.1795 -0.9827
vn 0.0475 -0.1831 -0.9820
vn 0.0461 -0.1967 -0.9794
vn 0.0427 -0.1738 -0.9839
vn 0.7635 -0.0540 -0.6435
vn -0.0474 -0.1937 -0.9799
vn -0.0461 -0.1800 -0.9826
vn -0.0426 -0.2030 -0.9783
vn 0.0468 -0.0008 -0.9989
vn 0.1205 0.0339 -0.9921
vn 0.4586 -0.0569 -0.8868
vn 0.4376 -0.0681 -0.8966
vn 0.4378 -0.0697 -0.8964
vn 0.3371 -0.1770 -0.9247
vn 0.4239 -0.1337 -0.8958
vn 0.4552 -0.1307 -0.8807
vn 0.3141 -0.0549 -0.9478
vn 0.3082 -0.0415 -0.9504
vn 0.3027 -0.0707 -0.9505
vn 0.4195 -0.3360 -0.8433
vn 0.3616 -0.0314 -0.9318
vn 0.3614 -0.0331 -0.9318
vn 0.2369 -0.2042 -0.9498
vn 0.2914 -0.0739 -0.9537
vn 0.2626 -0.0830 -0.9613
vn 0.5113 -0.2811 -0.8121
vn 0.5169 -0.2841 -0.8076
vn 0.5042 -0.2749 -0.8187
vn 0.3712 -0.0378 -0.9278
vn 0.4891 0.0372 -0.8715
vn 0.4831 0.1319 -0.8656
vn 0.4122 0.1440 -0.8996
vn 0.5241 -0.2936 -0.7995
vn 0.5155 -0.2850 -0.8082
vn 0.4690 0.0219 -0.8829
vn 0.3359 0.0428 -0.9409
vn 0.3048 0.0282 -0.9520
vn 0.3743 0.0343 -0.9267
vn 0.2979 0.0651 -0.9524
vn 0.2510 0.1270 -0.9596
vn 0.3029 0.0422 -0.9521
vn 0.2930 0.0256 -0.9558
vn 0.2938 0.0270 -0.9555
vn 0.3031 0.0354 -0.9523
vn 0.4802 0.0208 -0.8769
vn 0.5647 -0.3919 -0.7263
vn 0.5679 -0.4227 -0.7063
vn 0.3614 -0.0261 -0.9320
vn 0.3623 -0.0238 -0.9318
vn 0.3614 -0.0297 -0.9319
vn 0.5775 -0.4784 -0.6615
vn 0.2555 0.0295 -0.9663
vn 0.5224 0.0114 -0.8526
vn 0.5189 0.0152 -0.8547
vn 0.7660 -0.0762 -0.6384
vn 0.4596 0.0655 -0.8857
vn 0.4591 0.0612 -0.8863
vn 0.4829 -0.1015 -0.8698
vn 0.4850 -0.1001 -0.8688
vn 0.4802 -0.0995 -0.8715
vn 0.4830 -0.2847 -0.8280
vn 0.4523 0.0516 -0.8904
vn 0.3030 -0.0544 -0.9514
vn 0.3641 -0.0162 -0.9312
vn 0.3830 -0.0135 -0.9236
vn 0.4693 0.0611 -0.8809
vn 0.1951 0.4382 -0.8774
vn 0.5554 0.0686 -0.8287
vn 0.5690 0.0649 -0.8198
vn 0.5655 0.0520 -0.8231
vn 0.5313 0.0420 -0.8462
vn 0.5545 0.0715 -0.8291
vn 0.4277 0.0143 -0.9038
vn 0.4692 0.0017 -0.8831
vn 0.4089 0.0133 -0.9125
vn 0.2383 0.2976 -0.9244
vn 0.1952 0.2204 -0.9557
vn 0.1953 0.2203 -0.9557
vn 0.2411 0.1146 -0.9637
vn 0.4038 -0.0049 -0.9149
vn 0.3240 0.0034 -0.9461
vn 0.3512 0.0050 -0.9363
vn 0.3109 -0.0112 -0.9504
vn 0.3735 0.0152 -0.9275
vn 0.3092 -0.0223 -0.9507
vn 0.5397 -0.3010 -0.7862
vn 0.5293 -0.0042 -0.8484
vn 0.2259 -0.0644 -0.9720
vn 0.2183 -0.0686 -0.9735
vn 0.4761 -0.0475 -0.8781
vn 0.4238 -0.1337 -0.8958
vn 0.5192 0.0153 -0.8545
vn 0.4878 -0.1443 -0.8610
vn 0.4902 -0.2123 -0.8454
vn 0.5005 -0.2409 -0.8316
vn 0.6312 0.1478 -0.7614
vn 0.5831 0.1350 -0.8011
vn 0.1984 -0.0304 -0.9797
vn 0.6313 -0.3082 -0.7116
vn 0.4733 -0.4559 -0.7538
vn 0.3636 -0.4204 -0.8313
vn 0.3748 0.1534 -0.9143
vn 0.4576 0.1414 -0.8778
vn 0.7320 -0.1481 -0.6651
vn 0.6470 -0.3234 -0.6905
vn 0.7521 -0.1064 -0.6504
vn 0.5091 0.1563 -0.8464
vn 0.1463 -0.0259 -0.9889
vn 0.1491 -0.0241 -0.9885
vn 0.2464 0.1122 -0.9626
vn 0.2510 0.1287 -0.9594
vn 0.1624 0.5645 -0.8093
vn 0.1861 0.3530 -0.9169
vn 0.1238 0.7836 -0.6088
vn 0.0829 -0.9965 0.0120
vn 0.0361 0.9952 0.0904
vn 0.0170 0.9960 0.0877
vn 0.1624 0.5646 -0.8093
vn 0.0085 -0.2471 -0.9690
vn 0.0605 -0.2536 -0.9654
vn -0.1619 -0.5676 0.8072
vn -0.1860 -0.3533 0.9168
vn -0.1223 -0.7951 0.5940
vn -0.0368 -0.9956 -0.0866
vn -0.0796 0.9968 -0.0013
vn -0.2111 0.9762 -0.0507
vn -0.0209 -0.9946 -0.1014
vn -0.0075 0.2547 0.9670
vn -0.2531 -0.5663 0.7844
vn 0.0211 0.9946 0.1016
vn 0.3611 0.1180 -0.9250
vn 0.1506 -0.0233 -0.9883
vn 0.0122 -0.9999 -0.0046
vn -0.0099 0.9999 0.0062
vn -0.0075 0.2546 0.9670
vn -0.5826 0.7698 -0.2606
vn 0.4367 -0.8811 0.1815
vn -0.2521 -0.9599 -0.1228
vn -0.5729 0.1402 0.8075
vn 0.5406 -0.7957 0.2731
vn -0.4911 -0.6648 -0.5629
vn 0.7586 -0.6507 0.0325
vn 0.0661 0.9253 0.3733
vn -0.9384 0.0949 0.3321
vn 0.7023 0.6787 0.2150
vn 0.2351 0.4942 0.8369
vn -0.9852 -0.1185 0.1241
vn -0.9625 0.1326 0.2366
vn -0.7109 0.6650 0.2291
vn 0.0039 -0.9998 -0.0207
vn 0.7360 0.6516 0.1838
vn -0.0072 0.9996 0.0289
vn -0.5115 -0.8089 -0.2900
vn -0.2333 -0.7448 0.6252
vn 0.2292 0.9640 0.1351
vn 0.7933 0.5768 0.1952
vn -0.6138 -0.7014 -0.3623
vn -0.1346 -0.6358 0.7600
vn -0.0000 -0.8533 0.5214
vn 0.8216 0.2520 -0.5113
vn -0.5473 -0.6551 -0.5208
vn -0.5411 -0.6238 -0.5640
vn 0.5268 -0.5159 -0.6755
vn 0.6246 -0.5185 -0.5839
vn -0.8916 -0.2090 0.4017
vn -0.5319 -0.8010 -0.2747
vn 0.0003 -0.6474 0.7622
vn -0.0003 -0.6825 -0.7309
vn 0.8003 0.5924 -0.0924
vn 0.7448 -0.0288 0.6667
vn 0.0000 -0.5829 -0.8125
vn -0.2197 -0.3657 0.9044
vn 0.0143 0.0175 0.9997
vn 0.6723 -0.5001 -0.5458
vn -0.2828 -0.3985 -0.8725
vn 0.0000 -0.6473 0.7622
vn -0.5412 -0.6238 -0.5640
vn -0.6283 0.3416 -0.6990
vn 0.7625 -0.5698 -0.3065
vn 0.1925 0.9720 -0.1344
vn -0.5338 0.0074 0.8456
vn -0.7888 0.2201 -0.5738
vn 0.9993 0.0071 0.0372
vn 0.7888 0.2201 -0.5739
vn -0.2096 -0.2035 -0.9564
vn -0.8486 -0.1156 -0.5162
vn -0.6613 -0.1571 -0.7335
vn 0.7339 -0.6720 0.0985
vn 0.7666 -0.1954 -0.6117
vn 0.3575 0.7982 -0.4848
vn 0.9585 -0.0309 -0.2835
vn -0.3579 0.7981 -0.4847
vn -0.7341 0.6605 -0.1580
vn -0.3343 0.9089 -0.2491
vn -0.9279 0.3540 0.1175
vn 0.6601 -0.1261 -0.7406
vn 0.2321 0.4752 -0.8487
vn 0.2316 -0.4731 0.8500
vn -0.7590 0.6380 -0.1301
vn -0.0674 -0.8965 -0.4380
vn -0.8909 0.0857 0.4461
vn 0.0479 0.6071 -0.7932
vn -0.3371 0.9160 -0.2176
vn -0.0809 0.3212 0.9436
vn 0.3849 -0.5518 0.7398
vn 0.3885 -0.5593 0.7323
vn 0.8908 0.0857 0.4462
vn -0.6193 0.2718 0.7366
vn 0.4847 -0.4124 -0.7714
vn 0.5819 -0.7701 0.2613
vn -0.4760 0.7927 -0.3809
vn 0.6346 0.6933 0.3414
vn 0.7763 -0.1361 -0.6155
vn -0.4995 0.8153 -0.2931
vn 0.5564 -0.3164 -0.7683
vn 0.5986 -0.1416 -0.7884
vn 0.5814 -0.7702 0.2623
vn 0.9749 -0.0254 -0.2212
vn -0.0340 -0.6209 -0.7832
vn -0.5406 0.7958 -0.2730
vn 0.0715 -0.4787 -0.8751
vn -0.6283 -0.6753 -0.3863
vn 0.5892 0.4031 0.7002
vn -0.7616 0.6478 -0.0189
vn 0.1422 0.9838 0.1094
vn -0.0944 -0.9377 -0.3345
vn 0.9896 -0.0451 -0.1365
vn -0.5676 -0.5795 -0.5848
vn 0.7619 -0.4672 0.4485
vn 0.1198 -0.4284 -0.8956
vn 0.0710 -0.4783 -0.8753
vn -0.0923 -0.3940 -0.9145
vn -0.1396 -0.1932 -0.9712
vn 0.9887 -0.1167 -0.0945
vn 0.7223 -0.6809 -0.1207
vn -0.1212 -0.5839 -0.8027
vn 0.5371 -0.4601 -0.7070
vn -0.3386 0.0219 0.9407
vn 0.7583 0.5963 -0.2632
vn 0.4357 0.4960 -0.7511
vn 0.0224 -0.9937 -0.1099
vn 0.9035 0.0257 0.4279
vn 0.0230 -0.2784 -0.9602
vn -0.1967 -0.9795 -0.0426
vn 0.0498 -0.5841 -0.8101
vn 0.0068 -0.9996 -0.0285
vn 0.1994 -0.1407 -0.9698
vn -0.2069 -0.1779 -0.9620
vn 0.2202 0.7685 -0.6007
vn 0.5762 0.6119 0.5417
vn -0.5406 0.7957 -0.2730
vn 0.0224 -0.9936 -0.1103
vn -0.7221 -0.6679 -0.1803
vn 0.7202 -0.0657 -0.6907
vn -0.6568 -0.7519 -0.0573
vn -0.1907 0.0149 -0.9815
vn 0.3649 0.9287 0.0663
vn -0.0000 0.9359 -0.3522
vn 0.0555 0.0449 0.9974
vn -0.2900 -0.4008 -0.8690
vn -0.8007 0.3490 0.4868
vn -0.9382 0.2412 -0.2483
vn -0.4671 0.7083 0.5293
vn 0.3146 0.9492 -0.0071
vn 0.8039 -0.3085 -0.5084
vn 0.5281 0.8492 -0.0007
vn -0.0000 -1.0000 0.0008
vn 0.8592 0.5117 -0.0004
vn -0.9580 -0.2868 0.0002
vn 0.6092 -0.5639 -0.5576
vn -0.8067 -0.5272 0.2669
vn 0.1777 0.9841 0.0087
vn 0.5293 0.8385 -0.1297
vn -0.8881 -0.0073 0.4596
vn -0.6510 -0.7573 -0.0519
vn 0.6120 -0.6992 -0.3696
vn -0.8385 -0.4792 -0.2595
vn -0.2856 -0.4181 0.8623
vn -0.0417 0.0758 -0.9962
vn -0.2855 -0.4182 0.8623
vn 0.4463 0.4384 0.7802
vn -0.6940 0.4034 0.5964
vn -0.6675 0.3654 0.6487
vn 0.4201 0.3939 -0.8175
vn 0.0001 -0.0176 0.9998
vn 0.5859 -0.7396 0.3313
vn 0.8084 -0.3480 0.4746
vn -0.8089 0.0260 0.5874
vn -0.3948 -0.5441 0.7403
vn -0.4239 -0.5835 0.6927
vn -0.5060 0.0190 0.8624
vn 0.4397 -0.0002 0.8981
vn 0.4410 0.0059 0.8975
vn 0.4436 0.4293 -0.7867
vn 0.5703 0.4904 -0.6590
vn 0.4435 0.4292 -0.7868
vn -0.3602 -0.8555 0.3719
vn -0.6443 -0.6986 0.3112
vn -0.5776 0.0129 -0.8162
vn -0.3796 0.3099 0.8717
vn 0.1129 0.6381 0.7617
vn 0.3768 0.0151 -0.9262
vn 0.0000 -0.7809 -0.6246
vn -0.8871 0.0146 -0.4613
vn -0.4516 0.1802 -0.8738
vn -0.1666 0.6824 -0.7117
vn 0.9056 -0.0107 0.4239
vn 0.2369 0.4613 0.8550
vn 0.6784 0.4502 0.5805
vn 0.2371 0.4613 0.8549
vn -0.8104 0.2090 0.5474
vn 0.8500 0.1541 0.5038
vn 0.8550 0.2438 0.4578
vn 0.8550 0.2438 0.4579
vn -0.8879 -0.0073 0.4599
vn 0.4589 0.4970 0.7365
vn -0.4765 0.3830 -0.7914
vn -0.7285 0.6525 0.2086
vn -0.0000 -0.6410 0.7676
vn -0.2085 0.8681 -0.4504
vn 0.6334 0.7423 -0.2186
vn -0.4356 0.8632 -0.2550
vn -0.1406 -0.9803 0.1384
vn -0.1978 -0.4984 -0.8441
vn 0.5087 0.0252 -0.8605
vn 0.1943 -0.4942 -0.8474
vn 0.9996 0.0123 -0.0253
vn 0.5424 -0.1527 -0.8261
vn -0.2818 0.1809 0.9422
vn -0.1785 0.2347 0.9555
vn -0.7655 -0.6426 -0.0316
vn -0.0739 0.8567 0.5106
vn 0.9718 0.0298 -0.2338
vn 0.9816 -0.0368 -0.1874
vn 0.9905 -0.0249 -0.1350
vn 0.8516 0.5183 0.0781
vn 0.7475 0.6511 0.1317
vn -0.5422 -0.1642 -0.8240
vn -0.1293 -0.8560 -0.5005
vn 0.5947 0.5024 0.6277
vn 0.5073 0.6215 0.5970
vn 0.7657 -0.6424 -0.0316
vn -0.9717 0.0279 -0.2346
vn 0.3497 0.8417 0.4115
vn -0.7226 0.6858 -0.0871
vn -0.6770 0.7239 -0.1329
vn -0.7825 0.6137 0.1052
vn 0.1775 0.1360 0.9747
vn 0.7658 0.5849 -0.2674
vn 0.0744 -0.6061 0.7919
vn -0.1433 -0.6503 0.7460
vn -0.9717 -0.1124 -0.2076
vn -0.9815 -0.0356 -0.1880
vn -0.9943 -0.0206 -0.1048
vn -0.8513 -0.4527 0.2650
vn -0.3508 -0.6293 0.6935
vn -0.7656 0.5850 -0.2675
vn -0.5384 -0.1410 -0.8308
vn -0.4454 0.7783 -0.4425
vn 0.7828 -0.5305 0.3252
vn 0.9717 -0.1132 -0.2072
vn 0.9845 -0.0425 -0.1699
vn -0.5069 0.6203 0.5985
vn -0.6581 0.6220 0.4243
vn -0.5920 0.5033 0.6295
vn -0.7386 0.6548 0.1602
vn -0.5922 0.5030 0.6295
vn 0.5428 -0.1641 -0.8237
vn 0.2173 -0.9734 -0.0721
vn -0.7212 0.6487 0.2431
vn 0.9997 -0.0117 0.0215
vn 0.1237 0.5823 -0.8035
vn 0.8927 -0.0516 -0.4478
vn -0.7057 -0.4365 0.5580
vn -0.9790 -0.0286 -0.2019
vn -0.5424 -0.1528 -0.8261
vn -0.7050 -0.4375 0.5582
vn -0.6375 -0.1399 -0.7576
vn 0.5911 -0.2341 0.7719
vn 0.7338 -0.4740 0.4866
vn 0.7988 0.4422 -0.4079
vn 0.6811 0.2745 -0.6788
vn -0.5482 -0.0855 0.8319
vn 0.6913 0.4877 -0.5332
vn 0.7978 0.4428 -0.4092
vn -0.9958 -0.0007 0.0915
vn 0.1408 -0.6366 0.7582
vn -0.6597 -0.0811 0.7471
vn 0.5487 -0.0826 0.8319
vn -0.8893 0.3777 -0.2577
vn -0.4920 -0.7305 -0.4737
vn -0.7940 -0.5954 -0.1224
vn -0.7940 -0.5955 -0.1224
vn -0.5487 0.3826 0.7433
vn 0.8773 -0.4683 -0.1055
vn -0.1464 0.8833 0.4455
vn 0.6844 -0.5029 -0.5279
vn -0.2174 0.9734 0.0720
vn 0.7352 -0.6645 -0.1337
vn 0.4924 -0.7291 -0.4754
vn -0.0589 -0.8296 0.5553
vn 0.0697 0.8975 0.4354
vn 0.1432 -0.6504 0.7460
vn 0.9099 -0.0782 -0.4074
vn 0.0677 0.5479 0.8338
vn 0.2055 -0.2941 -0.9334
vn -0.7826 0.1719 0.5984
vn -0.0404 -0.7609 -0.6476
vn -0.9994 -0.0065 -0.0341
vn -0.6311 0.7504 -0.1964
vn -0.1916 -0.9446 0.2664
vn -0.8966 0.4327 -0.0942
vn 0.1910 -0.9463 0.2610
vn -0.1914 0.9463 -0.2604
vn -0.7886 -0.5877 0.1809
vn -0.7937 -0.5825 0.1752
vn -0.9004 -0.4129 0.1372
vn 0.8964 -0.4287 0.1128
vn -0.9998 0.0177 0.0121
vn 0.6330 -0.7491 0.1955
vn 0.7891 0.5876 -0.1790
vn 0.8989 0.4183 -0.1303
vn 0.1908 0.9449 -0.2660
vn 0.5485 0.3802 0.7447
vn 0.1187 0.7012 -0.7030
vn 0.7886 -0.2874 -0.5436
vn -0.1826 0.6846 -0.7057
vn -0.0930 0.1689 0.9812
vn 0.1928 0.1453 -0.9704
vn -0.1962 0.1511 -0.9689
vn 0.2868 0.1807 0.9408
vn -0.9098 -0.0783 -0.4077
vn 0.0900 0.1976 0.9762
vn 0.0917 0.1682 0.9815
vn -0.0899 0.1974 0.9762
vn -0.0932 0.1703 0.9810
vn 0.2076 0.2172 0.9538
vn 0.4743 -0.0451 -0.8792
vn 0.0474 -0.1831 -0.9819
vn 0.4506 0.0095 -0.8927
vn 0.6794 -0.4159 -0.6045
vn 0.6646 -0.2703 -0.6966
vn 0.6530 -0.2822 -0.7028
vn 0.6331 0.1120 -0.7660
vn -0.0455 -0.1795 -0.9827
vn 0.1201 0.0363 -0.9921
vn 0.3128 -0.1778 -0.9330
vn 0.4728 -0.0450 -0.8800
vn 0.3616 -0.0313 -0.9318
vn 0.5055 0.0478 -0.8615
vn 0.2384 0.2976 -0.9244
vn 0.2915 -0.0739 -0.9537
s off
f 1180/1/1 861/2/2 1181/3/3
f 1655/4/4 1656/5/5 1657/6/6
f 1972/7/7 1973/8/8 1974/9/7
f 1973/8/9 1978/10/10 1979/11/10
f 2053/12/11 6069/13/12 2054/14/11
f 2062/15/13 2063/16/14 5746/17/15
f 2114/18/16 6066/19/17 2115/20/18
f 2151/21/19 2152/22/20 5747/23/21
f 6067/24/22 2347/25/23 2348/26/22
f 2994/27/24 2995/28/24 2996/29/24
f 3499/30/25 3500/31/25 3501/32/25
f 5289/33/26 2843/34/27 5291/35/28
f 3739/36/29 3740/37/29 3741/38/29
f 4001/39/30 5706/40/30 4002/41/30
f 5681/42/31 4071/43/32 4072/44/33
f 5613/45/34 5614/46/34 4113/47/34
f 4178/48/35 4179/49/36 4180/50/37
f 4241/51/38 4242/52/39 4243/53/40
f 4263/54/41 4264/55/42 5562/56/43
f 4265/57/44 4145/58/45 4266/59/46
f 5572/60/47 5589/61/47 5563/62/48
f 5585/63/49 4267/64/49 4268/65/49
f 4269/66/50 4270/67/51 4271/68/52
f 5688/69/53 4277/70/54 4278/71/55
f 5564/72/56 5687/73/57 5648/74/58
f 4316/75/59 4317/76/60 4318/77/61
f 5594/78/62 4320/79/62 4321/80/63
f 5591/81/64 4322/82/65 5595/83/66
f 4336/84/67 4337/85/68 5616/86/69
f 4378/87/70 4379/88/70 5678/89/70
f 4417/90/71 4418/91/72 4419/92/73
f 6017/93/74 4475/94/75 4476/95/75
f 4477/96/76 5872/97/77 5873/98/78
f 4478/99/79 4479/100/80 4480/101/81
f 5770/102/82 4487/103/83 5760/104/84
f 4488/105/85 5856/106/85 4489/107/85
f 4490/108/86 4491/109/87 5864/110/88
f 4495/111/89 4496/112/89 4497/113/89
f 4500/114/90 4501/115/90 5830/116/90
f 4512/117/91 4513/118/92 4514/119/93
f 4520/120/94 4521/121/94 4522/122/94
f 5963/123/95 5981/124/96 5944/125/97
f 4526/126/98 4527/127/99 4528/128/100
f 4539/129/101 4540/130/101 4541/131/101
f 6011/132/102 4542/133/103 5982/134/104
f 6058/135/105 4544/136/106 4545/137/107
f 6039/138/108 4549/139/109 4550/140/110
f 4551/141/111 5956/142/111 4552/143/111
f 4553/144/112 4554/145/113 5946/146/114
f 4560/147/115 4561/148/115 4562/149/115
f 4569/150/116 4570/151/117 4571/152/118
f 5795/153/119 4582/154/120 4583/155/121
f 4586/156/122 4587/157/122 4588/158/122
f 5842/159/123 5828/160/124 5862/161/125
f 4524/162/126 4591/163/127 5953/164/128
f 4592/165/129 4593/166/130 4594/167/131
f 4589/168/132 4622/169/133 5853/170/134
f 5930/171/135 5952/172/136 5957/173/137
f 4628/174/138 5817/175/139 4630/176/140
f 4643/177/141 4644/178/142 5881/179/143
f 5942/180/144 5979/181/145 5932/182/146
f 5782/183/147 4712/184/148 5791/185/149
f 4740/186/150 4442/187/151 4741/188/150
f 5987/189/152 4744/190/152 5997/191/152
f 5822/192/153 5811/193/153 5826/194/153
f 4468/195/154 5792/196/155 5783/197/156
f 5843/198/157 5879/199/158 5882/200/159
f 5884/201/160 5854/202/161 5877/203/162
f 4792/204/163 5954/205/164 5928/206/165
f 5980/207/166 6021/208/167 6028/209/168
f 4689/210/169 5931/211/170 5933/212/171
f 4843/213/172 4396/214/173 5812/215/172
f 5086/216/174 5090/217/175 5088/218/176
f 5235/219/177 5225/220/178 5236/221/177
f 74/222/179 67/223/180 232/224/181
f 649/225/182 1063/226/183 1181/3/184
f 1973/8/9 4946/227/185 1978/10/10
f 5059/228/186 5054/229/186 5057/230/186
f 5292/231/187 4995/232/187 5314/233/187
f 3405/234/188 3404/235/189 5066/236/190
f 3068/237/191 3277/238/192 3650/239/193
f 5371/240/194 2780/241/195 5369/242/196
f 5679/243/197 5664/244/197 5634/245/197
f 3857/246/198 5621/247/199 5615/248/200
f 5610/249/201 5612/250/202 5607/251/203
f 5617/252/204 5590/253/204 5583/254/204
f 5635/255/205 5708/256/205 5721/257/205
f 5661/258/206 3760/259/207 5665/260/208
f 3994/261/209 3996/262/210 5587/263/211
f 4395/264/212 5749/265/213 4401/266/213
f 6017/93/74 4771/267/214 4475/94/75
f 5866/268/215 5841/269/215 5857/270/215
f 5798/271/216 4498/272/216 5838/273/217
f 5799/274/218 5761/275/219 5806/276/220
f 5800/277/221 5809/278/221 5824/279/221
f 4518/280/222 5833/281/223 5785/282/224
f 5945/283/225 5951/284/225 5955/285/225
f 6012/286/226 5030/287/226 5968/288/226
f 6013/289/227 5983/290/227 5988/291/227
f 4536/292/228 4538/293/228 6005/294/229
f 5947/295/230 5964/296/230 5958/297/230
f 6014/298/231 5031/299/232 5970/300/233
f 6015/301/234 6044/302/235 6007/303/236
f 6016/304/237 5998/305/237 5990/306/237
f 5797/307/238 5829/308/238 5827/309/238
f 4581/310/239 4736/311/239 5804/312/240
f 5863/313/241 5859/314/241 5855/315/241
f 5963/123/242 4554/145/243 5989/316/244
f 5987/189/245 5991/317/245 4744/190/245
f 4491/109/246 5823/318/247 5825/319/248
f 5822/192/153 5810/320/153 5811/193/153
f 5844/321/249 5789/322/250 5786/323/250
f 5961/324/251 5937/325/251 5950/326/251
f 4461/327/252 5835/328/253 5871/329/254
s 1
f 1/330/255 2/331/256 3/332/257
f 4/333/258 5/334/259 6/335/260
f 7/336/261 8/337/262 9/338/263
f 10/339/264 11/340/265 12/341/266
f 13/342/267 14/343/268 15/344/269
f 16/345/270 17/346/271 18/347/272
f 19/348/273 20/349/274 21/350/275
f 22/351/276 23/352/277 24/353/278
f 25/354/279 26/355/280 27/356/281
f 28/357/282 29/358/283 30/359/284
f 31/360/285 32/361/286 33/362/287
f 34/363/288 35/364/289 10/339/264
f 36/365/290 37/366/291 38/367/292
f 39/368/293 40/369/294 41/370/295
f 42/371/296 43/372/297 44/373/298
f 11/340/265 45/374/299 46/375/300
f 47/376/301 48/377/302 49/378/303
f 50/379/304 51/380/305 17/346/271
f 52/381/306 53/382/307 54/383/308
f 46/375/300 55/384/309 56/385/310
f 57/386/311 58/387/312 59/388/313
f 60/389/314 61/390/315 62/391/316
f 63/392/317 64/393/318 65/394/319
f 66/395/320 67/223/180 68/396/321
f 69/397/322 70/398/323 71/399/324
f 72/400/325 57/386/311 73/401/326
f 21/350/275 74/222/179 19/348/273
f 75/402/327 76/403/328 77/404/329
f 54/383/308 78/405/330 79/406/331
f 80/407/332 81/408/333 82/409/334
f 83/410/335 84/411/336 85/412/337
f 86/413/338 87/414/339 88/415/340
f 89/416/341 17/346/271 51/380/305
f 90/417/342 91/418/343 92/419/344
f 93/420/345 10/339/264 94/421/346
f 95/422/347 96/423/348 97/424/349
f 98/425/350 99/426/351 100/427/352
f 101/428/353 102/429/354 103/430/355
f 104/431/356 105/432/357 106/433/358
f 107/434/359 108/435/360 109/436/361
f 110/437/362 111/438/363 112/439/364
f 113/440/365 114/441/366 12/341/266
f 101/428/353 115/442/367 116/443/368
f 117/444/369 49/378/303 118/445/370
f 119/446/371 120/447/372 121/448/373
f 122/449/374 123/450/375 124/451/376
f 125/452/377 9/338/263 73/401/326
f 126/453/378 127/454/379 29/358/283
f 128/455/380 129/456/381 130/457/382
f 105/432/357 67/223/180 106/433/358
f 131/458/383 132/459/384 133/460/385
f 19/348/273 134/461/386 133/460/385
f 96/423/348 135/462/387 136/463/388
f 137/464/389 5/334/259 138/465/390
f 99/426/351 139/466/391 140/467/392
f 141/468/393 142/469/394 120/447/372
f 143/470/395 144/471/396 145/472/397
f 72/400/325 146/473/398 147/474/399
f 148/475/400 39/368/293 149/476/401
f 93/420/345 150/477/402 83/410/335
f 151/478/403 152/479/404 153/480/405
f 133/460/385 154/481/406 19/348/273
f 155/482/407 156/483/408 43/372/297
f 157/484/409 158/485/410 159/486/411
f 108/435/360 160/487/412 161/488/413
f 162/489/414 141/468/393 163/490/415
f 164/491/416 165/492/417 166/493/418
f 167/494/419 98/425/350 168/495/420
f 169/496/421 170/497/422 144/471/396
f 171/498/423 92/419/344 172/499/424
f 32/361/286 25/354/279 173/500/425
f 174/501/426 109/436/361 118/445/370
f 175/502/427 176/503/428 177/504/429
f 164/491/416 178/505/430 179/506/431
f 45/374/299 180/507/432 55/384/309
f 148/475/400 24/353/278 181/508/433
f 26/355/280 48/377/302 182/509/434
f 183/510/435 184/511/436 51/380/305
f 47/376/301 185/512/437 186/513/438
f 187/514/439 188/515/440 189/516/441
f 190/517/442 115/442/367 191/518/443
f 192/519/444 64/393/318 102/429/354
f 82/409/334 193/520/445 80/407/332
f 186/513/438 194/521/446 47/376/301
f 38/367/292 195/522/447 36/365/290
f 114/441/366 150/477/402 94/421/346
f 196/523/448 197/524/449 198/525/450
f 116/443/368 199/526/391 200/527/451
f 201/528/452 202/529/453 203/530/454
f 204/531/455 205/532/456 82/409/334
f 206/533/457 207/534/458 182/509/434
f 204/531/455 197/524/449 140/467/392
f 208/535/459 209/536/460 155/482/407
f 149/476/401 41/370/295 186/513/438
f 206/533/457 41/370/295 40/369/294
f 12/341/266 46/375/300 113/440/365
f 128/455/380 210/537/461 2/331/256
f 211/538/462 207/534/458 34/363/288
f 212/539/463 185/512/437 142/469/394
f 182/509/434 194/521/446 206/533/457
f 213/540/464 214/541/465 215/542/466
f 216/543/467 3/332/257 2/331/256
f 118/445/370 217/544/468 117/444/369
f 144/471/396 218/545/456 145/472/397
f 219/546/469 176/503/428 65/394/319
f 55/384/309 220/547/470 221/548/471
f 175/502/427 5/334/259 222/549/472
f 223/550/473 224/551/474 225/552/475
f 226/553/476 118/445/370 49/378/303
f 1/330/255 227/554/477 128/455/380
f 228/555/478 229/556/479 208/535/459
f 87/414/339 230/557/480 231/558/481
f 74/222/179 232/224/482 134/461/386
f 233/559/483 138/465/390 37/366/291
f 34/363/288 234/560/484 211/538/462
f 171/498/423 231/558/481 132/459/384
f 235/561/485 225/552/475 214/541/465
f 168/495/420 100/427/352 196/523/448
f 35/364/289 40/369/294 11/340/265
f 236/562/486 237/563/487 238/564/488
f 163/490/415 23/352/277 162/489/414
f 51/380/305 165/492/417 89/416/341
f 239/565/489 7/336/261 125/452/377
f 177/504/429 138/465/390 175/502/427
f 240/566/490 16/345/270 224/551/474
f 241/567/491 200/527/451 229/556/479
f 166/493/418 13/342/267 242/568/492
f 243/569/493 244/570/494 245/571/495
f 136/463/388 97/424/349 96/423/348
f 246/572/496 247/573/497 244/570/494
f 226/553/476 125/452/377 59/388/313
f 248/574/498 249/575/499 164/491/416
f 77/404/329 147/474/399 75/402/327
f 250/576/405 251/577/356 252/578/403
f 177/504/429 253/579/500 254/580/501
f 255/581/502 256/582/503 163/490/415
f 221/548/471 56/385/310 55/384/309
f 253/579/500 240/566/490 223/550/473
f 142/469/394 117/444/369 217/544/468
f 257/583/504 258/584/505 256/582/503
f 259/585/506 65/394/319 176/503/428
f 260/586/507 198/525/450 197/524/449
f 63/392/317 261/587/508 143/470/395
f 262/588/509 263/589/510 264/590/511
f 265/591/512 266/592/513 33/362/287
f 267/593/514 228/555/478 42/371/296
f 134/461/386 268/594/515 90/417/342
f 269/595/516 270/596/517 271/597/518
f 272/598/519 273/599/520 274/600/419
f 275/601/521 276/602/412 236/562/486
f 277/603/522 140/467/392 139/466/391
f 222/549/472 259/585/506 175/502/427
f 278/604/523 279/605/524 280/606/525
f 281/607/526 280/606/525 282/608/527
f 283/609/528 284/610/529 14/343/268
f 285/611/530 286/612/531 1/330/255
f 33/362/287 68/396/321 31/360/285
f 195/522/447 258/584/505 287/613/532
f 132/459/384 230/557/480 154/481/406
f 43/372/297 14/343/268 284/610/529
f 92/419/344 288/614/533 172/499/424
f 289/615/534 219/546/469 290/616/535
f 166/493/418 184/511/436 283/609/528
f 291/617/536 292/618/537 62/391/316
f 282/608/527 293/619/538 281/607/526
f 294/620/539 295/621/540 296/622/541
f 297/623/542 298/624/543 299/625/544
f 300/626/545 301/627/546 302/628/547
f 116/443/368 192/519/444 101/428/353
f 303/629/548 304/630/549 61/390/315
f 305/631/550 294/620/539 296/622/541
f 189/516/441 306/632/551 187/514/439
f 307/633/552 290/616/535 64/393/318
f 308/634/553 309/635/554 310/636/555
f 311/637/556 312/638/557 313/639/558
f 314/640/559 5129/641/560 316/642/561
f 267/593/514 289/615/534 290/616/535
f 317/643/562 315/644/363 318/645/563
f 224/551/474 18/347/272 221/548/471
f 33/362/287 173/500/425 265/591/512
f 86/413/338 319/646/564 320/647/565
f 321/648/382 322/649/566 323/650/331
f 324/651/567 232/224/482 105/432/357
f 123/450/375 268/594/515 324/651/567
f 9/338/263 20/349/274 325/652/568
f 303/629/548 319/646/564 326/653/569
f 327/654/570 81/408/333 328/655/571
f 234/560/484 83/410/335 329/656/572
f 208/535/459 42/371/296 228/555/478
f 330/657/573 331/658/574 272/598/519
f 332/659/575 287/613/532 258/584/505
f 333/660/576 5119/661/577 298/624/543
f 58/387/312 107/434/359 174/501/426
f 335/662/578 333/660/576 297/623/542
f 336/663/579 337/664/260 338/665/580
f 339/666/581 340/667/381 341/668/582
f 42/371/296 342/669/583 267/593/514
f 343/670/584 245/571/495 344/671/585
f 146/473/398 306/632/551 285/611/530
f 2/331/256 345/672/586 216/543/467
f 59/388/313 174/501/426 226/553/476
f 31/360/285 67/223/180 74/222/179
f 15/344/269 156/483/408 346/673/587
f 347/674/588 178/505/430 114/441/366
f 56/385/310 113/440/365 46/375/300
f 44/373/298 284/610/529 183/510/435
f 172/499/424 303/629/548 326/653/569
f 152/479/404 264/590/511 263/589/510
f 94/421/346 12/341/266 114/441/366
f 348/675/589 18/347/272 17/346/271
f 325/652/568 154/481/406 230/557/480
f 349/676/590 350/677/591 351/678/592
f 242/568/492 164/491/416 166/493/418
f 217/544/468 120/447/372 142/469/394
f 233/559/483 308/634/553 352/679/593
f 221/548/471 225/552/475 224/551/474
f 181/508/433 180/507/432 148/475/400
f 201/528/452 353/680/594 329/656/572
f 8/337/262 21/350/275 20/349/274
f 342/669/583 183/510/435 50/379/304
f 136/463/388 76/403/328 216/543/467
f 215/542/466 181/508/433 24/353/278
f 354/681/595 355/682/596 146/473/398
f 85/412/337 356/683/597 202/529/453
f 119/446/371 163/490/415 141/468/393
f 85/412/337 329/656/572 83/410/335
f 89/416/341 179/506/431 347/674/588
f 62/391/316 357/684/497 291/617/536
f 358/685/598 359/686/599 360/687/600
f 239/565/489 49/378/303 48/377/302
f 361/688/601 362/689/602 52/381/306
f 320/647/565 60/389/314 188/515/440
f 241/567/491 307/633/552 192/519/444
f 220/547/470 214/541/465 225/552/475
f 182/509/434 27/356/281 26/355/280
f 173/500/425 27/356/281 211/538/462
f 203/530/454 363/690/603 201/528/452
f 50/379/304 289/615/534 342/669/583
f 36/365/290 287/613/532 308/634/553
f 364/691/604 365/692/605 366/693/606
f 367/694/607 368/695/608 369/696/609
f 370/697/610 371/698/611 372/699/612
f 373/700/613 374/701/614 375/702/615
f 376/703/616 377/704/617 378/705/618
f 379/706/619 380/707/620 381/708/621
f 382/709/622 383/710/623 384/711/624
f 385/712/625 386/713/626 387/714/627
f 388/715/628 389/716/629 390/717/630
f 391/718/631 392/719/632 393/720/633
f 394/721/634 395/722/635 396/723/636
f 397/724/637 398/725/638 399/726/639
f 400/727/640 401/728/641 402/729/642
f 403/730/643 404/731/644 405/732/630
f 406/733/645 407/734/646 389/716/629
f 408/735/647 409/736/648 410/737/649
f 411/738/650 412/739/651 413/740/652
f 414/741/653 415/742/654 416/743/655
f 417/744/656 5281/745/657 418/746/658
f 419/747/659 420/748/660 421/749/661
f 422/750/662 423/751/663 424/752/664
f 425/753/665 426/754/666 427/755/667
f 428/756/668 429/757/669 430/758/670
f 431/759/671 432/760/672 433/761/673
f 434/762/674 435/763/675 373/700/613
f 436/764/676 437/765/677 438/766/678
f 439/767/679 440/768/680 441/769/681
f 442/770/682 443/771/683 444/772/684
f 445/773/685 446/774/686 447/775/687
f 448/776/688 449/777/689 450/778/690
f 451/779/691 452/780/692 453/781/693
f 454/782/694 455/783/695 456/784/696
f 457/785/697 458/786/698 459/787/699
f 460/788/700 437/765/677 461/789/701
f 462/790/702 450/778/690 463/791/703
f 464/792/704 465/793/705 466/794/706
f 467/795/707 468/796/708 469/797/709
f 470/798/710 471/799/711 472/800/712
f 473/801/713 474/802/714 475/803/715
f 476/804/716 477/805/717 478/806/718
f 479/807/719 480/808/720 481/809/721
f 482/810/722 483/811/723 484/812/724
f 485/813/725 486/814/726 487/815/727
f 448/776/688 488/816/728 489/817/729
f 490/818/730 491/819/731 492/820/732
f 493/821/733 494/822/734 495/823/735
f 496/824/736 497/825/737 498/826/738
f 499/827/739 452/780/692 500/828/740
f 500/828/740 501/829/741 502/830/742
f 503/831/743 502/830/742 504/832/744
f 505/833/745 506/834/746 507/835/747
f 508/836/748 509/837/749 497/825/737
f 510/838/750 511/839/751 512/840/752
f 513/841/753 459/787/699 514/842/754
f 515/843/755 516/844/756 517/845/757
f 382/709/622 410/737/649 518/846/758
f 519/847/759 520/848/760 521/849/761
f 522/850/762 523/851/763 524/852/764
f 525/853/765 526/854/766 527/855/767
f 528/856/768 529/857/769 530/858/770
f 531/859/771 532/860/772 533/861/773
f 534/862/774 535/863/775 536/864/776
f 537/865/777 538/866/778 539/867/779
f 540/868/780 541/869/781 542/870/782
f 543/871/783 544/872/784 545/873/785
f 488/816/728 546/874/786 547/875/787
f 458/786/698 548/876/788 549/877/789
f 550/878/790 551/879/791 552/880/792
f 553/881/793 554/882/794 555/883/795
f 5480/884/796 556/885/797 557/886/798
f 558/887/799 559/888/800 560/889/801
f 561/890/802 478/806/718 528/856/768
f 562/891/803 563/892/804 564/893/805
f 565/894/806 566/895/807 567/896/678
f 568/897/808 569/898/809 570/899/810
f 571/900/811 572/901/812 573/902/813
f 574/903/814 575/904/815 576/905/816
f 577/906/817 578/907/818 579/908/819
f 555/883/795 518/846/758 410/737/649
f 580/909/820 366/693/606 365/692/605
f 581/910/821 582/911/822 583/912/823
f 584/913/824 585/914/825 586/915/826
f 481/809/721 380/707/620 587/916/827
f 588/917/828 589/918/829 590/919/830
f 516/844/756 591/920/831 514/842/754
f 469/797/709 592/921/832 593/922/833
f 594/923/834 595/924/835 596/925/836
f 499/827/739 597/926/837 598/927/838
f 499/827/739 599/928/839 600/929/840
f 601/930/841 602/931/842 603/932/843
f 381/708/621 480/808/720 411/738/650
f 604/933/844 526/854/766 605/934/845
f 606/935/846 607/936/847 608/937/848
f 5379/938/849 609/939/850 5381/940/851
f 610/941/852 611/942/853 612/943/854
f 392/719/632 613/944/855 393/720/633
f 614/945/856 615/946/857 616/947/858
f 456/784/696 617/948/859 618/949/860
f 619/950/861 620/951/862 621/952/863
f 622/953/661 623/954/864 624/955/865
f 389/716/629 625/956/866 626/957/867
f 627/958/868 449/777/689 516/844/756
f 628/959/869 629/960/870 630/961/871
f 631/962/872 632/963/873 633/964/820
f 634/965/874 635/966/875 636/967/876
f 637/968/877 638/969/878 639/970/879
f 640/971/880 420/748/660 641/972/881
f 642/973/882 643/974/883 637/968/877
f 644/975/884 645/976/885 646/977/886
f 647/978/887 648/979/888 574/903/814
f 649/225/182 570/899/810 569/898/809
f 650/980/889 567/896/678 566/895/807
f 651/981/890 652/982/891 653/983/892
f 654/984/893 655/985/894 656/986/858
f 657/987/895 658/988/896 659/989/897
f 384/711/624 660/990/898 661/991/899
f 662/992/900 663/993/850 435/763/675
f 664/994/901 665/995/902 666/996/903
f 667/997/904 668/998/905 669/999/906
f 670/1000/907 671/1001/908 5379/938/849
f 672/1002/909 673/1003/910 667/997/904
f 674/1004/911 627/958/868 515/843/755
f 675/1005/912 676/1006/913 677/1007/914
f 678/1008/915 679/1009/916 680/1010/917
f 681/1011/918 367/694/607 682/1012/919
f 683/1013/920 5381/940/851 609/939/850
f 684/1014/921 685/1015/922 686/1016/923
f 687/1017/924 688/1018/925 689/1019/926
f 413/740/652 690/1020/927 691/1021/928
f 692/1022/929 693/1023/643 694/1024/930
f 695/1025/931 696/1026/932 697/1027/933
f 698/1028/934 699/1029/935 700/1030/936
f 701/1031/937 702/1032/938 703/1033/939
f 704/1034/908 435/763/675 663/993/850
f 705/1035/940 706/1036/941 707/1037/942
f 708/1038/943 376/703/616 5378/1039/944
f 537/865/777 709/1040/664 710/1041/945
f 711/1042/946 528/856/768 712/1043/947
f 713/1044/948 714/1045/949 715/1046/950
f 716/1047/951 542/870/782 541/869/781
f 717/1048/952 718/1049/953 719/1050/954
f 720/1051/955 721/1052/956 376/703/616
f 438/766/678 619/950/861 722/1053/806
f 402/729/642 723/1054/957 724/1055/958
f 522/850/762 725/1056/959 726/1057/960
f 572/901/812 727/1058/961 715/1046/950
f 728/1059/962 729/1060/963 730/1061/964
f 377/704/617 731/1062/965 732/1063/966
f 733/1064/656 734/1065/967 735/1066/968
f 652/982/891 736/1067/969 737/1068/970
f 738/1069/971 739/1070/972 740/1071/973
f 741/1072/974 742/1073/975 743/1074/976
f 744/1075/977 745/1076/978 746/1077/979
f 512/840/752 747/1078/980 748/1079/981
f 749/1080/982 750/1081/983 751/1082/984
f 752/1083/985 715/1046/950 727/1058/961
f 411/738/650 650/980/889 381/708/621
f 753/1084/986 754/1085/987 755/1086/988
f 756/1087/989 757/1088/990 758/1089/991
f 703/1033/939 744/1075/977 759/1090/992
f 760/1091/993 761/1092/994 664/994/901
f 762/1093/995 366/693/606 763/1094/996
f 710/1041/945 764/1095/997 537/865/777
f 700/1030/936 598/927/838 698/1028/934
f 765/1096/998 766/1097/999 767/1098/1000
f 768/1099/1001 769/1100/1002 615/946/857
f 770/1101/999 546/874/786 771/1102/1000
f 730/1061/964 772/1103/1003 773/1104/1004
f 774/1105/1005 775/1106/1006 776/1107/1007
f 777/1108/1008 778/1109/1009 779/1110/1010
f 372/699/612 780/1111/636 370/697/610
f 748/1079/981 781/1112/1011 782/1113/1012
f 783/1114/1013 784/1115/1014 785/1116/1015
f 786/1117/1016 787/1118/1017 623/954/864
f 430/758/670 788/1119/1018 5051/1120/1019
f 622/953/661 789/1121/1020 790/1122/1021
f 751/1082/984 791/1123/1022 792/1124/1023
f 629/960/870 536/864/776 793/1125/1024
f 687/1017/924 794/1126/1025 595/924/835
f 749/1080/982 795/1127/1026 644/975/884
f 796/1128/1027 797/1129/1028 798/1130/1029
f 719/1050/954 799/1131/1030 800/1132/1031
f 370/697/610 801/1133/1032 364/691/604
f 802/1134/1033 803/1135/1034 804/1136/1035
f 805/1137/1036 589/918/829 806/1138/1037
f 504/832/744 807/1139/1038 503/831/743
f 808/1140/1039 809/1141/1040 810/1142/1041
f 811/1143/1042 656/986/858 655/985/894
f 477/805/717 812/1144/1043 764/1095/997
f 813/1145/1044 814/1146/1045 815/1147/1046
f 816/1148/962 817/1149/1047 588/917/828
f 818/1150/1048 564/893/805 563/892/804
f 819/1151/1049 425/753/665 542/870/782
f 820/1152/1050 821/1153/1051 775/1106/1006
f 822/1154/1052 823/1155/1053 578/907/818
f 824/1156/941 825/1157/1054 826/1158/942
f 827/1159/1055 457/785/697 513/841/753
f 751/1082/984 828/1160/791 829/1161/1056
f 558/887/799 830/1162/1057 831/1163/1058
f 832/1164/1059 833/1165/1060 834/1166/1061
f 393/720/633 835/1167/1062 391/718/631
f 836/1168/1063 590/919/830 837/1169/1064
f 481/809/721 838/1170/1065 479/807/719
f 839/1171/1066 840/1172/1067 841/1173/1068
f 842/1174/1069 815/1147/1046 814/1146/1045
f 843/1175/1070 844/1176/1071 845/1177/1072
f 846/1178/1073 447/775/687 446/774/686
f 847/1179/1074 848/1180/1075 849/1181/1076
f 746/1077/979 850/1182/1077 851/1183/1078
f 852/1184/1079 853/1185/1080 854/1186/1081
f 855/1187/1082 519/847/759 856/1188/1083
f 396/723/636 857/1189/1084 858/1190/1032
f 859/1191/1085 719/1050/954 860/1192/1086
f 861/2/2 862/1193/1087 649/225/182
f 579/908/819 825/1157/1054 577/906/817
f 863/1194/1088 732/1063/966 731/1062/965
f 864/1195/1089 575/904/815 865/1196/1090
f 615/946/857 866/1197/1082 867/1198/1083
f 868/1199/1091 869/1200/1092 870/1201/1093
f 871/1202/1094 872/1203/1095 873/1204/1096
f 851/1183/1078 662/992/900 434/762/674
f 550/878/790 874/1205/1097 875/1206/1098
f 386/713/626 876/1207/1099 877/1208/1100
f 878/1209/1101 879/1210/1102 880/1211/1103
f 684/1014/921 881/1212/1104 878/1209/1101
f 882/1213/1105 883/1214/1106 784/1115/1014
f 800/1132/1031 860/1192/1086 719/1050/954
f 835/1167/1062 869/1200/1092 884/1215/1107
f 885/1216/1108 886/1217/1109 887/1218/1110
f 888/1219/1111 889/1220/1112 890/1221/1113
f 644/975/884 891/1222/1114 749/1080/982
f 409/736/648 892/1223/1115 893/1224/1116
f 802/1134/1033 894/1225/1117 520/848/760
f 496/824/736 895/1226/1118 896/1227/1119
f 897/1228/1120 898/1229/1121 899/1230/1122
f 900/1231/1123 901/1232/1124 902/1233/1125
f 903/1234/1126 904/1235/1127 754/1085/987
f 905/1236/1128 906/1237/1129 907/1238/1130
f 504/832/744 908/1239/1131 909/1240/1132
f 910/1241/1133 911/1242/1134 853/1185/1080
f 703/1033/939 912/1243/1135 701/1031/937
f 584/913/824 913/1244/1136 914/1245/1137
f 915/1246/1138 916/1247/1139 368/695/608
f 566/895/807 381/708/621 650/980/889
f 917/1248/1140 918/1249/1141 919/1250/1142
f 600/929/840 453/781/693 452/780/692
f 755/1086/988 920/1251/1143 921/1252/1144
f 922/1253/1145 543/871/783 923/1254/1146
f 924/1255/1147 510/838/750 786/1117/1016
f 838/1170/1065 925/1256/1148 548/876/788
f 926/1257/1149 659/989/897 658/988/896
f 532/860/772 927/1258/1150 831/1163/1058
f 928/1259/1151 929/1260/1152 930/1261/1153
f 931/1262/1154 910/1241/1133 777/1108/1008
f 932/1263/1155 933/1264/1156 572/901/812
f 934/1265/1157 590/919/830 589/918/829
f 384/711/624 408/735/647 382/709/622
f 529/857/769 710/1041/945 709/1040/664
f 498/826/738 935/1266/1158 813/1145/1044
f 936/1267/1159 364/691/604 762/1093/995
f 514/842/754 517/845/757 516/844/756
f 725/1056/959 937/1268/1160 938/1269/1161
f 395/722/635 939/1270/1162 857/1189/1084
f 682/1012/919 369/696/609 889/1220/1112
f 560/889/801 940/1271/1163 558/887/799
f 376/703/616 941/1272/714 440/768/680
f 440/768/680 942/1273/1164 441/769/681
f 943/1274/1165 796/1128/1027 944/1275/1166
f 945/1276/1167 858/1190/1032 857/1189/1084
f 946/1277/1168 881/1212/1104 947/1278/1169
f 948/1279/1170 641/972/881 420/748/660
f 902/1233/1125 949/1280/1171 900/1231/1123
f 681/1011/918 950/1281/1172 944/1275/1166
f 951/1282/1173 952/1283/1174 953/1284/1175
f 954/1285/1176 955/1286/1177 956/1287/1178
f 608/937/848 957/1288/1179 958/1289/625
f 959/1290/1180 960/1291/1181 961/1292/1182
f 962/1293/1183 963/1294/1184 407/734/646
f 964/1295/1185 412/739/651 479/807/719
f 947/1278/1169 965/1296/990 966/1297/1186
f 967/1298/1187 523/851/763 968/1299/1188
f 969/1300/1189 800/1132/1031 799/1131/1030
f 970/1301/1190 463/791/703 971/1302/1191
f 875/1206/1098 972/1303/1056 550/878/790
f 914/1245/1137 973/1304/1192 584/913/824
f 498/826/738 974/1305/1193 895/1226/1118
f 975/1306/1194 976/1307/1195 977/1308/1196
f 978/1309/1197 979/1310/1198 611/942/853
f 980/1311/1199 981/1312/1200 760/1091/993
f 660/990/898 982/1313/1201 661/991/899
f 967/1298/1187 983/1314/1202 984/1315/1203
f 607/936/847 985/1316/1204 957/1288/1179
f 5376/1317/1205 469/797/709 769/1100/1002
f 5063/1318/1206 986/1319/1207 987/1320/1208
f 988/1321/658 544/872/784 733/1064/656
f 806/1138/1037 989/1322/1209 805/1137/1036
f 990/1323/1210 991/1324/1211 808/1140/1039
f 865/1196/1090 5051/1120/1019 788/1119/1018
f 415/742/654 992/1325/1212 993/1326/1213
f 994/1327/1214 414/741/653 995/1328/1215
f 991/1324/1211 996/1329/1216 809/1141/1040
f 984/1315/1203 997/1330/1217 995/1328/1215
f 965/1296/990 998/1331/1218 999/1332/1219
f 1000/1333/1220 751/1082/984 792/1124/1023
f 463/791/703 449/777/689 1001/1334/1221
f 1002/1335/1222 831/1163/1058 927/1258/1150
f 905/1236/1128 1003/1336/1223 1004/1337/1224
f 1005/1338/1225 1006/1339/1226 1007/1340/1227
f 1008/1341/1228 748/1079/981 1009/1342/1229
f 1010/1343/1230 969/1300/1189 901/1232/1124
f 539/867/779 1011/1344/1231 607/936/847
f 1012/1345/1232 1013/1346/1233 1014/1347/1075
f 547/875/787 489/817/729 488/816/728
f 1015/1348/1234 424/752/664 423/751/663
f 1016/1349/1235 1017/1350/1236 1018/1351/1237
f 1019/1352/1238 541/869/781 652/982/891
f 784/1115/1014 1020/1353/1239 882/1213/1105
f 1021/1354/1240 535/863/775 1017/1350/1236
f 1022/1355/1241 402/729/642 1023/1356/1242
f 1024/1357/1243 436/764/676 1025/1358/1244
f 612/943/854 1026/1359/1245 610/941/852
f 1027/1360/1246 975/1306/1194 1028/1361/1247
f 896/1227/1119 677/1007/914 676/1006/913
f 1029/1362/1248 672/1002/909 667/997/904
f 1030/1363/1249 1031/1364/1250 1032/1365/1251
f 841/1173/1068 1033/1366/1252 1034/1367/1253
f 1035/1368/1254 1036/1369/1255 1037/1370/1256
f 766/1097/999 1038/1371/1257 868/1199/1091
f 1039/1372/1176 776/1107/1007 775/1106/1006
f 1040/1373/1258 588/917/828 836/1168/1063
f 1041/1374/1259 618/949/860 617/948/859
f 1042/1375/1260 1043/1376/1261 1044/1377/1262
f 5061/1378/1263 647/978/887 986/1319/1207
f 368/695/608 812/1144/1043 1045/1379/1264
f 943/1274/1165 1046/1380/1265 800/1132/1031
f 1047/1381/1266 1029/1362/1248 1048/1382/1267
f 628/959/869 1049/1383/1268 534/862/774
f 462/790/702 771/1102/1000 546/874/786
f 1050/1384/1269 1038/1371/1257 1051/1385/1270
f 1052/1386/1021 515/843/755 1053/1387/1271
f 708/1038/943 1054/1388/1272 1055/1389/1273
f 959/1290/1180 1056/1390/1274 741/1072/974
f 819/1151/1049 536/864/776 535/863/775
f 1049/1383/1268 1017/1350/1236 535/863/775
f 397/724/637 1057/1391/968 926/1257/1149
f 1058/1392/1275 1059/1393/1276 1060/1394/1277
f 1061/1395/1278 826/1158/942 825/1157/1054
f 697/1027/933 1062/1396/1279 445/773/685
f 799/1131/1030 901/1232/1124 969/1300/1189
f 569/898/809 1063/226/1280 649/225/182
f 548/876/788 479/807/719 838/1170/1065
f 596/925/836 641/972/881 594/923/834
f 1064/1397/1281 1065/1398/1282 1066/1399/1283
f 1044/1377/1262 1067/1400/1284 1042/1375/1260
f 661/991/899 1068/1401/1285 384/711/624
f 1069/1402/612 639/970/879 638/969/878
f 379/706/619 1070/1403/1286 949/1280/1171
f 617/948/859 1071/1404/1287 1072/1405/1288
f 1073/1406/1289 583/912/823 840/1172/1067
f 775/1106/1006 1074/1407/1290 1039/1372/1176
f 717/1048/952 1075/1408/1147 925/1256/1148
f 1076/1409/1291 1077/1410/1292 6114/1411/1293
f 1078/1412/1294 755/1086/988 1079/1413/1295
f 1080/1414/1296 399/726/639 398/725/638
f 763/1094/996 466/794/706 465/793/705
f 726/1057/960 938/1269/1161 939/1270/1162
f 1081/1415/1297 907/1238/1130 906/1237/1129
f 1082/1416/1298 807/1139/1038 676/1006/913
f 1068/1401/1285 918/1249/1141 408/735/647
f 790/1122/1021 786/1117/1016 622/953/661
f 1083/1417/1299 1084/1418/805 1085/1419/1300
f 1086/1420/1301 1087/1421/1302 545/873/785
f 805/1137/1036 501/829/741 451/779/691
f 713/1044/948 1088/1422/1303 569/898/809
f 958/1289/625 1070/1403/1286 565/894/806
f 735/1066/968 922/1253/1145 1089/1423/897
f 737/1068/970 1090/1424/1304 994/1327/1214
f 621/952/863 1091/1425/1305 619/950/861
f 1092/1426/1306 375/702/615 1093/1427/1307
f 1094/1428/1308 673/1003/910 1095/1429/1309
f 1028/1361/1247 879/1210/1102 1027/1360/1246
f 470/798/710 1096/1430/1310 1097/1431/1311
f 1098/1432/1312 830/1162/1057 1099/1433/1313
f 892/1223/1115 776/1107/1007 1097/1431/1311
f 1100/1434/1314 668/998/905 1094/1428/1308
f 905/1236/1128 1101/1435/1315 979/1310/1198
f 1102/1436/1316 765/1096/998 1103/1437/1317
f 666/996/903 1104/1438/1318 1105/1439/1319
f 699/1029/935 513/841/753 1106/1440/1320
f 930/1261/1153 827/1159/1055 699/1029/935
f 1107/1441/1321 897/1228/1120 1108/1442/1322
f 915/1246/1138 798/1130/1029 797/1129/1028
f 700/1030/936 1106/1440/1320 599/928/839
f 552/880/792 973/1304/1192 550/878/790
f 1109/1443/1323 1110/1444/1324 1111/1445/1325
f 785/1116/1015 849/1181/1076 783/1114/1013
f 1112/1446/1326 1010/1343/1230 900/1231/1123
f 661/991/899 974/1305/1193 1113/1447/1327
f 990/1323/1210 559/888/800 1035/1368/1254
f 724/1055/958 1023/1356/1242 402/729/642
f 521/849/761 856/1188/1083 519/847/759
f 1114/1448/1328 1115/1449/833 1116/1450/1329
f 1092/1426/1306 1117/1451/1330 1118/1452/1331
f 774/1105/1005 917/1248/1140 1119/1453/1332
f 806/1138/1037 817/1149/1047 508/836/748
f 947/1278/1169 618/949/860 946/1277/1168
f 375/702/615 1120/1454/856 1018/1351/1237
f 900/1231/1123 985/1316/1204 1112/1446/1326
f 407/734/646 485/813/725 625/956/866
f 1121/1455/1333 930/1261/1153 698/1028/934
f 1122/1456/901 906/1237/1129 1123/1457/993
f 1124/1458/1334 1125/1459/1274 1126/1460/1335
f 373/700/613 1118/1452/1331 434/762/674
f 669/999/906 740/1071/973 739/1070/972
f 549/877/789 459/787/699 458/786/698
f 680/1010/917 990/1323/1210 678/1008/915
f 902/1233/1125 587/916/827 380/707/620
f 1079/1413/1295 369/696/609 1078/1412/1294
f 655/985/894 426/754/666 811/1143/1042
f 940/1271/1163 1099/1433/1313 830/1162/1057
f 1127/1461/1336 625/956/866 1128/1462/1337
f 945/1276/1167 1129/1463/1338 632/963/873
f 908/1239/1131 508/836/748 496/824/736
f 1130/1464/1273 745/1076/978 1131/1465/943
f 966/1297/1186 456/784/696 947/1278/1169
f 745/1076/978 1132/1466/955 1131/1465/943
f 412/739/651 1023/1356/1242 413/740/652
f 598/927/838 1133/1467/1339 1134/1468/1340
f 895/1226/1118 982/1313/1201 677/1007/914
f 444/772/684 6116/1469/1341 442/770/682
f 1135/1470/956 475/803/715 474/802/714
f 636/967/876 547/875/787 546/874/786
f 839/1171/1066 1136/1471/1342 810/1142/1041
f 1137/1472/1343 723/1054/957 929/1260/1152
f 768/1099/1001 1138/1473/614 671/1001/908
f 599/928/839 489/817/729 600/929/840
f 1053/1387/1271 517/845/757 549/877/789
f 946/1277/1168 1027/1360/1246 879/1210/1102
f 1139/1474/1344 754/1085/987 904/1235/1127
f 952/1283/1174 1140/1475/1345 1141/1476/1346
f 840/1172/1067 1142/1477/1347 841/1173/1068
f 1129/1463/1338 1143/1478/1348 962/1293/1183
f 1144/1479/1349 912/1243/1135 1145/1480/1350
f 777/1108/1008 987/1320/1208 931/1262/1154
f 1146/1481/1351 1147/1482/1352 1148/1483/1353
f 1141/1476/1346 1030/1363/1249 952/1283/1174
f 854/1186/1081 1111/1445/1325 1110/1444/1324
f 1053/1387/1271 1075/1408/1147 1052/1386/1021
f 483/811/723 1149/1484/1354 484/812/724
f 1150/1485/676 1012/1345/1232 1014/1347/1075
f 1151/1486/1355 1001/1334/1221 627/958/868
f 718/1049/953 587/916/827 799/1131/1030
f 542/870/782 427/755/667 540/868/780
f 1152/1487/1356 484/812/724 630/961/871
f 1153/1488/1357 1154/1489/1358 1155/1490/1359
f 1156/1491/1360 382/709/622 518/846/758
f 705/1035/940 1157/1492/1361 1158/1493/1362
f 712/1043/947 923/1254/1146 711/1042/946
f 1159/1494/1363 475/803/715 1160/1495/1364
f 1048/1382/1267 667/997/904 669/999/906
f 521/849/761 1161/1496/1365 426/754/666
f 1162/1497/1366 889/1220/1112 1079/1413/1295
f 434/762/674 685/1015/922 851/1183/1078
f 779/1110/1010 1163/1498/1367 428/756/668
f 1145/1480/1350 759/1090/992 1028/1361/1247
f 1164/1499/1368 968/1299/1188 523/851/763
f 1004/1337/1224 1123/1457/993 906/1237/1129
f 764/1095/997 916/1247/1139 538/866/778
f 793/1125/1024 716/1047/951 1019/1352/1238
f 1165/1500/1369 1166/1501/1370 554/882/794
f 1167/1502/1371 1045/1379/1264 812/1144/1043
f 531/859/771 937/1268/1160 1086/1420/1301
f 416/743/655 1168/1503/1372 1169/1504/1373
f 955/1286/1177 1026/1359/1245 1153/1488/1357
f 636/967/876 1170/1505/1374 634/965/874
f 726/1057/960 1164/1499/1368 522/850/762
f 1085/1419/1300 418/746/658 5281/745/657
f 746/1077/979 880/1211/1103 744/1075/977
f 1117/1451/1330 1171/1506/1375 686/1016/923
f 842/1174/1069 981/1312/1200 919/1250/1142
f 410/737/649 893/1224/1116 555/883/795
f 974/1305/1193 815/1147/1046 1113/1447/1327
f 999/1332/1219 1172/1507/1376 1173/1508/989
f 1174/1509/1377 1015/1348/1234 1175/1510/1378
f 1176/1511/1137 677/1007/914 982/1313/1201
f 1051/1385/1270 1177/1512/1379 1050/1384/1269
f 850/1182/1077 1178/1513/920 662/992/900
f 1175/1510/1378 423/751/663 1179/1514/1380
f 1111/1445/1325 911/1242/1134 1182/1515/1381
f 1118/1452/1331 686/1016/923 685/1015/922
f 1183/1516/1382 910/1241/1133 852/1184/1079
f 500/828/740 1184/1517/1383 597/926/837
f 1185/1518/1384 1186/1519/1385 1187/1520/1386
f 851/1183/1078 1188/1521/1387 746/1077/979
f 904/1235/1127 1189/1522/1388 1139/1474/1344
f 1104/1438/1318 497/825/737 509/837/749
f 1182/1515/1381 1109/1443/1323 1111/1445/1325
f 1047/1381/1266 1190/1523/1389 1189/1522/1388
f 496/824/736 909/1240/1132 908/1239/1131
f 761/1092/994 814/1146/1045 665/995/902
f 989/1322/1209 502/830/742 501/829/741
f 1191/1524/1390 995/1328/1215 997/1330/1217
f 520/848/760 739/1070/972 1161/1496/1365
f 1192/1525/1391 527/855/767 526/854/766
f 1193/1526/1392 597/926/837 1184/1517/1383
f 935/1266/1158 665/995/902 814/1146/1045
f 782/1113/1012 1009/1342/1229 748/1079/981
f 1194/1527/1393 658/988/896 505/833/745
f 1168/1503/1372 993/1326/1213 1195/1528/1394
f 1196/1529/1395 1097/1431/1311 776/1107/1007
f 1156/1491/1360 554/882/794 1166/1501/1370
f 573/902/813 715/1046/950 714/1045/949
f 669/999/906 894/1225/1117 1048/1382/1267
f 1184/1517/1383 1197/1530/1396 1193/1526/1392
f 949/1280/1171 957/1288/1179 985/1316/1204
f 1198/1531/1397 1098/1432/1312 1199/1532/1398
f 968/1299/1188 1200/1533/1399 967/1298/1187
f 1201/1534/1400 1113/1447/1327 815/1147/1046
f 400/727/640 964/1295/1185 458/786/698
f 1201/1534/1400 919/1250/1142 918/1249/1141
f 593/922/833 769/1100/1002 469/797/709
f 1202/1535/1401 690/1020/927 724/1055/958
f 1203/1536/1402 1128/1462/1337 1033/1366/1252
f 646/977/886 1204/1537/1403 644/975/884
f 1034/1367/1253 486/814/726 1205/1538/1404
f 1128/1462/1337 485/813/725 487/815/727
f 797/1129/1028 1206/1539/1405 915/1246/1138
f 632/963/873 962/1293/1183 406/733/645
f 1207/1540/937 1148/1483/1353 1135/1470/956
f 476/804/716 1208/1541/1406 1209/1542/1407
f 416/743/655 995/1328/1215 414/741/653
f 1210/1543/1408 1095/1429/1309 673/1003/910
f 691/1021/928 1211/1544/1409 1013/1346/1233
f 1106/1440/1320 514/842/754 591/920/831
f 694/1024/930 626/957/867 1127/1461/1336
f 577/906/817 1212/1545/694 1213/1546/1410
f 1214/1547/1411 1215/1548/1412 1216/1549/1296
f 772/1103/1003 1007/1340/1227 1081/1415/1297
f 818/1150/1048 545/873/785 544/872/784
f 1217/1550/1413 926/1257/1149 1194/1527/1393
f 1160/1495/1364 1148/1483/1353 1147/1482/1352
f 1218/1551/1414 461/789/701 1024/1357/1243
f 524/852/764 873/1204/1096 522/850/762
f 649/225/182 1181/3/184 861/2/2
f 944/1275/1166 1219/1552/1415 943/1274/1165
f 873/1204/1096 1087/1421/1302 725/1056/959
f 524/852/764 1195/1528/1394 871/1202/1094
f 453/781/693 635/966/875 451/779/691
f 742/1073/975 1220/1553/870 556/885/797
f 1045/1379/1264 753/1084/986 1078/1412/1294
f 653/983/892 737/1068/970 1221/1554/1416
f 1028/1361/1247 1144/1479/1349 1145/1480/1350
f 1195/1528/1394 1208/1541/1406 1222/1555/1417
f 533/861/773 831/1163/1058 830/1162/1057
f 1223/1556/1418 1209/1542/1407 1095/1429/1309
f 605/934/845 467/795/707 5376/1317/1205
f 871/1202/1094 1222/1555/1417 1224/1557/1419
f 1103/1437/1317 767/1098/1000 794/1126/1025
f 909/1240/1132 676/1006/913 807/1139/1038
f 1225/1558/1420 870/1201/1093 869/1200/1092
f 1226/1559/1421 978/1309/1197 610/941/852
f 1227/1560/1422 463/791/703 1001/1334/1221
f 919/1250/1142 1119/1453/1332 917/1248/1140
f 1228/1561/846 495/823/735 422/750/662
f 576/905/816 882/1213/1105 1020/1353/1239
f 808/1140/1039 810/1142/1041 1136/1471/1342
f 601/930/841 1229/1562/1423 932/1263/1155
f 530/858/770 712/1043/947 528/856/768
f 1230/1563/1424 1199/1532/1398 1129/1463/1338
f 1231/1564/1290 610/941/852 1026/1359/1245
f 939/1270/1162 1198/1531/1397 1230/1563/1424
f 893/1224/1116 1097/1431/1311 1096/1430/1310
f 984/1315/1203 1169/1504/1373 967/1298/1187
f 1232/1565/1425 1233/1566/1426 1077/1410/1292
f 724/1055/958 1234/1567/1427 1202/1535/1401
f 1235/1568/1428 503/831/743 807/1139/1038
f 1236/1569/1429 533/861/773 1098/1432/1312
f 1237/1570/1430 1100/1434/1314 1238/1571/1431
f 1119/1453/1332 820/1152/1050 774/1105/1005
f 841/1173/1068 1205/1538/1404 839/1171/1066
f 1221/1554/1416 994/1327/1214 1191/1524/1390
f 493/821/733 877/1208/1100 1239/1572/1432
f 553/881/793 1240/1573/1433 1058/1392/1275
f 1086/1420/1301 563/892/804 531/859/771
f 6084/1574/1434 490/818/730 1242/1575/1435
f 1243/1576/1436 5380/1577/1437 732/1063/966
f 1244/1578/1438 1245/1579/1439 847/1179/1074
f 1246/1580/1440 847/1179/1074 785/1116/1015
f 378/705/618 732/1063/966 5380/1577/1437
f 899/1230/1122 1108/1442/1322 897/1228/1120
f 878/1209/1101 1188/1521/1387 684/1014/921
f 1238/1571/1431 1094/1428/1308 992/1325/1212
f 1096/1430/1310 555/883/795 893/1224/1116
f 773/1104/1004 1081/1415/1297 1122/1456/901
f 540/868/780 738/1069/971 1237/1570/1430
f 682/1012/919 1247/1581/1441 681/1011/918
f 980/1311/1199 1248/1582/1223 820/1152/1050
f 787/1118/1017 512/840/752 1008/1341/1228
f 722/1053/806 1091/1425/1305 385/712/625
f 869/1200/1092 1249/1583/1442 884/1215/1107
f 922/1253/1145 1250/1584/895 1089/1423/897
f 689/1019/926 1103/1437/1317 687/1017/924
f 1251/1585/1443 932/1263/1155 571/900/811
f 743/1074/976 433/761/673 432/760/672
f 1252/1586/1444 594/923/834 641/972/881
f 584/913/824 1253/1587/1445 1109/1443/1323
f 404/731/644 1254/1588/1446 464/792/704
f 1012/1345/1232 413/740/652 691/1021/928
f 394/721/634 1255/1589/1447 968/1299/1188
f 1149/1484/1354 1256/1590/1448 628/959/869
f 1099/1433/1313 1199/1532/1398 1098/1432/1312
f 921/1252/1144 1079/1413/1295 755/1086/988
f 1257/1591/1449 903/1234/1126 753/1084/986
f 822/1154/1052 1213/1546/1410 757/1088/990
f 599/928/839 591/920/831 448/776/688
f 1237/1570/1430 740/1071/973 1100/1434/1314
f 548/876/788 1053/1387/1271 549/877/789
f 6114/1411/1293 1258/1592/1450 1076/1409/1291
f 1259/1593/1451 899/1230/1122 898/1229/1121
f 810/1142/1041 1260/1594/1452 839/1171/1066
f 1261/1595/1453 1262/1596/1454 1165/1500/1369
f 1209/1542/1407 993/1326/1213 992/1325/1212
f 1127/1461/1336 582/911/822 694/1024/930
f 545/873/785 872/1203/1095 543/871/783
f 1263/1597/1455 1048/1382/1267 894/1225/1117
f 1264/1598/1063 393/720/633 613/944/855
f 1265/1599/632 1266/1600/1456 1005/1338/1225
f 1192/1525/1391 1267/1601/1457 1243/1576/1436
f 1196/1529/1395 1268/1602/1458 471/799/711
f 934/1265/1157 451/779/691 635/966/875
f 509/837/749 1105/1439/1319 1104/1438/1318
f 1237/1570/1430 736/1067/969 540/868/780
f 686/1016/923 998/1331/1218 684/1014/921
f 1007/1340/1227 1101/1435/1315 907/1238/1130
f 1243/1576/1436 1269/1603/1459 1192/1525/1391
f 630/961/871 1149/1484/1354 628/959/869
f 1223/1556/1418 1167/1502/1371 477/805/717
f 1222/1555/1417 561/890/802 711/1042/946
f 1005/1338/1225 729/1060/963 1265/1599/632
f 679/1009/916 963/1294/1184 1270/1604/1460
f 1018/1351/1237 656/986/858 1016/1349/1235
f 1186/1519/1385 507/835/747 506/834/746
f 1263/1597/1455 804/1136/1035 1190/1523/1389
f 1112/1446/1326 1011/1344/1231 1206/1539/1405
f 1058/1392/1275 1165/1500/1369 553/881/793
f 784/1115/1014 1246/1580/1440 785/1116/1015
f 1271/1605/1461 603/932/843 1272/1606/1462
f 1134/1468/1340 698/1028/934 598/927/838
f 1273/1607/1463 782/1113/1012 781/1112/1011
f 427/755/667 1161/1496/1365 738/1069/971
f 837/1169/1064 634/965/874 1170/1505/1374
f 1171/1506/1375 999/1332/1219 998/1331/1218
f 992/1325/1212 1095/1429/1309 1209/1542/1407
f 405/732/630 464/792/704 1274/1608/628
f 798/1130/1029 944/1275/1166 796/1128/1027
f 759/1090/992 880/1211/1103 879/1210/1102
f 1055/1389/1273 5382/1609/1464 683/1013/920
f 1169/1504/1373 524/852/764 523/851/763
f 538/866/778 1206/1539/1405 1011/1344/1231
f 1270/1604/1460 1143/1478/1348 1099/1433/1313
f 1257/1591/1449 1210/1543/1408 672/1002/909
f 1224/1557/1419 711/1042/946 923/1254/1146
f 952/1283/1174 1275/1610/1465 953/1284/1175
f 1276/1611/1466 404/731/644 1277/1612/1284
f 680/1010/917 1270/1604/1460 940/1271/1163
f 694/1024/930 1278/1613/1467 692/1022/929
f 1093/1427/1307 1018/1351/1237 1017/1350/1236
f 937/1268/1160 1198/1531/1397 938/1269/1161
f 466/794/706 1274/1608/628 464/792/704
f 1187/1520/1386 506/834/746 657/987/895
f 1242/1575/1435 1279/1614/1468 6084/1574/1434
f 929/1260/1152 401/728/641 827/1159/1055
f 1035/1368/1254 1280/1615/1469 991/1324/1211
f 1021/1354/1240 811/1143/1042 425/753/665
f 486/814/726 1136/1471/1342 1205/1538/1404
f 1179/1514/1380 495/823/735 494/822/734
f 6102/1616/1470 1281/1617/1471 1241/1618/1472
f 1045/1379/1264 369/696/609 368/695/608
f 390/717/630 626/957/867 693/1023/643
f 885/1216/1108 1214/1547/1411 1140/1475/1345
f 583/912/823 1203/1536/1402 1142/1477/1347
f 603/932/843 845/1177/1072 844/1176/1071
f 1282/1619/662 539/867/779 606/935/846
f 387/714/627 493/821/733 1228/1561/846
f 633/964/820 406/733/645 388/715/628
f 1230/1563/1424 857/1189/1084 939/1270/1162
f 1203/1536/1402 1033/1366/1252 1142/1477/1347
f 990/1323/1210 1136/1471/1342 678/1008/915
f 844/1176/1071 1272/1606/1462 603/932/843
f 1033/1366/1252 487/815/727 1034/1367/1253
f 923/1254/1146 872/1203/1095 1224/1557/1419
f 269/595/516 68/396/321 266/592/513
f 235/561/485 38/367/292 254/580/501
f 161/488/413 109/436/361 108/435/360
f 328/655/571 1283/1620/1473 358/685/598
f 1284/1621/1474 341/668/582 1285/1622/557
f 1286/1623/1475 1287/1624/1476 361/688/601
f 191/518/443 218/545/456 190/517/442
f 77/404/329 135/462/387 58/387/312
f 1288/1625/1477 1289/1626/1478 1290/1627/1479
f 3/332/257 285/611/530 1/330/255
f 352/679/593 137/464/389 233/559/483
f 348/675/589 347/674/588 113/440/365
f 123/450/375 1291/1628/1480 124/451/376
f 61/390/315 122/449/374 357/684/497
f 249/575/499 150/477/402 178/505/430
f 84/411/336 1292/1629/1481 356/683/597
f 256/582/503 1293/1630/1482 23/352/277
f 73/401/326 59/388/313 125/452/377
f 254/580/501 37/366/291 177/504/429
f 290/616/535 65/394/319 64/393/318
f 266/592/513 363/690/603 269/595/516
f 265/591/512 329/656/572 353/680/594
f 100/427/352 140/467/392 197/524/449
f 285/611/530 147/474/399 146/473/398
f 30/359/284 112/439/364 28/357/282
f 238/564/488 1294/1631/1483 1286/1623/1475
f 24/353/278 1293/1630/1482 215/542/466
f 88/415/340 231/558/481 1295/1632/1484
f 222/549/472 5/334/259 169/496/421
f 336/663/579 1283/1620/1473 80/407/332
f 344/671/585 302/628/547 343/670/584
f 91/418/343 304/630/549 288/614/533
f 260/586/507 82/409/334 81/408/333
f 103/430/355 145/472/397 191/518/443
f 159/486/411 330/657/573 157/484/409
f 162/489/414 1296/1633/1485 212/539/463
f 149/476/401 22/351/276 148/475/400
f 316/642/561 1289/1626/1478 314/640/559
f 298/624/543 1297/1634/1486 1298/1635/460
f 131/458/383 90/417/342 92/419/344
f 1296/1633/1485 186/513/438 185/512/437
f 311/637/556 286/612/531 189/516/441
f 261/587/508 169/496/421 144/471/396
f 317/643/562 1290/1627/1479 316/642/561
f 137/464/389 1299/1636/580 6/335/260
f 195/522/447 215/542/466 1293/1630/1482
f 324/651/567 1300/1637/1487 1291/1628/1480
f 319/646/564 1295/1632/1484 326/653/569
f 216/543/467 1301/1638/1488 136/463/388
f 172/499/424 1295/1632/1484 171/498/423
f 62/391/316 188/515/440 60/389/314
f 133/460/385 90/417/342 131/458/383
f 70/398/323 1302/1639/502 71/399/324
f 161/488/413 121/448/373 120/447/372
f 211/538/462 265/591/512 173/500/425
f 1303/1640/1489 106/433/358 66/395/320
f 223/550/473 254/580/501 253/579/500
f 325/652/568 354/681/595 72/400/325
f 1304/1641/1490 1305/1642/1491 305/631/550
f 189/516/441 292/618/537 311/637/556
f 271/597/518 66/395/320 269/595/516
f 1306/1643/1492 80/407/332 193/520/445
f 227/554/477 313/639/558 129/456/381
f 73/401/326 325/652/568 72/400/325
f 187/514/439 86/413/338 320/647/565
f 102/429/354 143/470/395 103/430/355
f 103/430/355 115/442/367 101/428/353
f 359/686/599 338/665/580 1288/1625/1477
f 355/682/596 187/514/439 306/632/551
f 346/673/587 209/536/460 1307/1644/1486
f 1285/1622/557 351/678/592 1284/1621/1474
f 1288/1625/1477 360/687/600 359/686/599
f 1288/1625/1477 1308/1645/1493 1309/1646/1494
f 1310/1647/1495 1311/1648/1496 1312/1649/1497
f 1313/1650/1498 1314/1651/1499 1315/1652/1500
f 1316/1653/1501 1317/1654/1502 1318/1655/1503
f 1319/1656/1504 1320/1657/1505 1321/1658/1506
f 1322/1659/1507 1323/1660/1508 1324/1661/1509
f 1325/1662/1510 1326/1663/1511 1327/1664/1512
f 1328/1665/1513 1329/1666/1514 1330/1667/1515
f 1331/1668/1516 1332/1669/1517 1333/1670/1518
f 1334/1671/1519 1335/1672/1520 1336/1673/1521
f 1337/1674/1522 1338/1675/1523 1339/1676/1524
f 1340/1677/1525 1341/1678/1526 1342/1679/1527
f 1322/1659/1507 1343/1680/1528 1344/1681/1529
f 1345/1682/1530 1346/1683/1531 1347/1684/1532
f 1348/1685/1533 1349/1686/1534 1350/1687/1535
f 1351/1688/1536 1352/1689/1537 1353/1690/1538
f 1354/1691/1539 1355/1692/1540 1356/1693/1541
f 1357/1694/1542 1351/1688/1536 1355/1692/1540
f 1358/1695/1543 1359/1696/1544 1351/1688/1536
f 1360/1697/1545 1361/1698/1546 1362/1699/1547
f 1363/1700/1548 1358/1695/1543 1357/1694/1542
f 1364/1701/1549 1365/1702/1550 1358/1695/1543
f 1366/1703/1537 1367/1704/1551 1368/1705/1552
f 1369/1706/1553 1370/1707/1554 1371/1708/1555
f 1372/1709/1556 1373/1710/1557 1374/1711/1558
f 1342/1679/1527 1375/1712/1509 1372/1709/1556
f 1376/1713/1559 1377/1714/1560 1378/1715/1559
f 1379/1716/1561 1380/1717/1562 1381/1718/1563
f 1381/1718/1563 1382/1719/1564 1383/1720/1565
f 1384/1721/1566 1385/1722/1567 1386/1723/1568
f 1387/1724/1569 1388/1725/1570 1389/1726/1571
f 1390/1727/1572 1391/1728/1573 1388/1725/1570
f 1392/1729/1574 1343/1680/1528 1393/1730/1575
f 1394/1731/1576 1395/1732/1577 1396/1733/1578
f 1397/1734/1579 1398/1735/1580 1395/1732/1577
f 1399/1736/1581 1396/1733/1578 1400/1737/1582
f 1401/1738/1583 1402/1739/1584 1403/1740/1585
f 1404/1741/1586 1405/1742/1587 1406/1743/1588
f 1407/1744/1589 1408/1745/1590 1409/1746/1591
f 1409/1746/1591 1333/1670/1518 1407/1744/1589
f 1410/1747/1592 1411/1748/1593 1412/1749/1594
f 1368/1705/1552 1413/1750/1595 1366/1703/1537
f 1414/1751/1596 1415/1752/1597 1416/1753/1598
f 1417/1754/1599 1418/1755/1600 1419/1756/1601
f 1411/1748/1593 1420/1757/1602 1421/1758/1603
f 1422/1759/1604 1423/1760/1605 1424/1761/1606
f 1415/1752/1597 1425/1762/1607 1426/1763/1608
f 1427/1764/1609 1428/1765/1610 1429/1766/1611
f 1430/1767/1612 1431/1768/1613 1408/1745/1590
f 1432/1769/1614 1433/1770/1615 1434/1771/1616
f 1435/1772/1617 1436/1773/1618 1437/1774/1619
f 1438/1775/1620 1439/1776/1621 1435/1772/1617
f 1440/1777/1622 1436/1773/1618 5501/1778/1623
f 1441/1779/1624 1442/1780/1625 1443/1781/1626
f 1444/1782/1627 1445/1783/1628 1446/1784/1629
f 1447/1785/1630 1448/1786/1631 1449/1787/1632
f 1450/1788/1633 1451/1789/1634 1452/1790/1635
f 1453/1791/1636 1454/1792/1637 1455/1793/1638
f 1456/1794/1639 1457/1795/1640 1458/1796/1641
f 1459/1797/1642 1460/1798/1643 1461/1799/1644
f 1462/1800/1645 1463/1801/1646 1464/1802/1647
f 1388/1725/1570 1446/1784/1629 1465/1803/1648
f 1466/1804/1649 1449/1787/1632 1467/1805/1650
f 1468/1806/1651 1447/1785/1630 1466/1804/1649
f 1469/1807/1652 1470/1808/1653 1471/1809/1654
f 1472/1810/1655 1473/1811/1656 1470/1808/1653
f 1324/1661/1509 1421/1758/1603 1420/1757/1602
f 1474/1812/1657 1475/1813/1658 1476/1814/1659
f 1477/1815/1660 1478/1816/1661 1479/1817/1662
f 1480/1818/1663 1479/1817/1662 1478/1816/1661
f 1481/1819/1664 1482/1820/1665 1447/1785/1630
f 1377/1714/1560 1335/1672/1520 1483/1821/1520
f 1484/1822/1666 1485/1823/1667 1482/1820/1665
f 1486/1824/1668 1418/1755/1600 1487/1825/1669
f 1488/1826/1670 1489/1827/1671 1490/1828/1672
f 1485/1823/1667 1491/1829/1673 1492/1830/1674
f 1482/1820/1665 1492/1830/1674 1448/1786/1631
f 1493/1831/1675 1494/1832/1676 1495/1833/1677
f 1496/1834/1678 1385/1722/1567 1471/1809/1654
f 1497/1835/1679 1498/1836/1680 1499/1837/1681
f 1500/1838/1682 1501/1839/1683 1502/1840/1684
f 1503/1841/1685 1379/1716/1561 1504/1842/1686
f 1505/1843/1687 1506/1844/1688 1337/1674/1522
f 1507/1845/1689 1508/1846/1690 1509/1847/1691
f 1510/1848/1692 1511/1849/1693 1512/1850/1694
f 1513/1851/1695 1514/1852/1696 1515/1853/1697
f 1516/1854/1698 1517/1855/1699 1518/1856/1700
f 1519/1857/1701 1520/1858/1702 1507/1845/1689
f 1521/1859/1703 1522/1860/1704 1523/1861/1705
f 1423/1760/1605 1524/1862/1706 1525/1863/1707
f 1526/1864/1708 1527/1865/1709 1528/1866/1710
f 1529/1867/1711 1530/1868/1712 1531/1869/1713
f 1532/1870/1714 1533/1871/1715 1534/1872/1716
f 1535/1873/1717 1352/1689/1537 1536/1874/1718
f 1537/1875/1719 1329/1666/1514 1538/1876/1720
f 1539/1877/1721 1540/1878/1722 1541/1879/1723
f 1542/1880/1724 1543/1881/1725 1544/1882/1726
f 1416/1753/1598 1545/1883/1727 1414/1751/1596
f 1339/1676/1524 1546/1884/1728 1516/1854/1698
f 1547/1885/1729 1464/1802/1647 1548/1886/1730
f 1549/1887/1731 1550/1888/1732 1551/1889/1733
f 1552/1890/1734 1336/1673/1521 1553/1891/1735
f 1487/1825/1669 1554/1892/1736 1555/1893/1737
f 1556/1894/1738 1557/1895/1739 1558/1896/1740
f 1559/1897/1741 1560/1898/1742 1561/1899/1743
f 1561/1899/1743 1562/1900/1744 1502/1840/1684
f 1563/1901/1745 1564/1902/1746 1565/1903/1747
f 1566/1904/1748 1567/1905/1749 1340/1677/1525
f 1568/1906/1750 1569/1907/1751 1570/1908/1752
f 1571/1909/1753 1572/1910/1754 1450/1788/1633
f 1323/1660/1508 1573/1911/1755 1421/1758/1603
f 1344/1681/1529 1574/1912/1756 1323/1660/1508
f 1575/1913/1757 1576/1914/1758 1410/1747/1592
f 1577/1915/1759 1578/1916/1760 1579/1917/1761
f 1580/1918/1762 1376/1713/1559 1378/1715/1559
f 1413/1750/1595 1581/1919/1763 1582/1920/1764
f 1501/1839/1683 1561/1899/1743 1502/1840/1684
f 1583/1921/1765 1396/1733/1578 1395/1732/1577
f 1584/1922/1766 1585/1923/1767 1539/1877/1721
f 1486/1824/1668 1515/1853/1697 1586/1924/1768
f 1587/1925/1769 1588/1926/1770 1589/1927/1771
f 1590/1928/1772 5717/1929/1773 1592/1930/1774
f 1512/1850/1694 1593/1931/1775 1510/1848/1692
f 1500/1838/1682 1594/1932/1776 1595/1933/1777
f 1502/1840/1684 1596/1934/1778 1500/1838/1682
f 1597/1935/1779 1598/1936/1780 1599/1937/1781
f 1600/1938/1782 1601/1939/1783 1602/1940/1784
f 1603/1941/1785 1536/1874/1718 1604/1942/1786
f 1605/1943/1787 1495/1833/1677 1597/1935/1779
f 1606/1944/1788 1607/1945/1789 1494/1832/1676
f 1608/1946/1790 1609/1947/1791 1563/1901/1745
f 1498/1836/1680 1610/1948/1792 1611/1949/1793
f 1499/1837/1681 1611/1949/1793 1612/1950/1794
f 1613/1951/1795 1614/1952/1796 1615/1953/1797
f 1616/1954/1798 1550/1888/1732 1617/1955/1799
f 1390/1727/1572 1618/1956/1800 1619/1957/1801
f 1620/1958/1802 1619/1957/1801 1367/1704/1551
f 1621/1959/1803 1599/1937/1781 1598/1936/1780
f 1622/1960/1804 1623/1961/1805 1624/1962/1806
f 1625/1963/1807 1626/1964/1808 1627/1965/1809
f 1586/1924/1768 1386/1723/1568 1486/1824/1668
f 5716/1966/1810 1628/1967/1728 1629/1968/1769
f 1630/1969/1811 1631/1970/1812 1632/1971/1813
f 1633/1972/1814 1555/1893/1737 1445/1783/1628
f 1634/1973/1815 1442/1780/1625 1521/1859/1703
f 1635/1974/1816 1636/1975/1817 1637/1976/1818
f 1638/1977/1819 1639/1978/1820 1498/1836/1680
f 1640/1979/1821 1453/1791/1636 1455/1793/1638
f 1641/1980/1822 1642/1981/1823 1643/1982/1824
f 1644/1983/1825 1645/1984/1826 1646/1985/1827
f 1647/1986/1828 1606/1944/1788 1493/1831/1675
f 5504/1987/1829 1648/1988/1830 5500/1989/1831
f 1487/1825/1669 1513/1851/1695 1486/1824/1668
f 1649/1990/1832 1650/1991/1833 1651/1992/1834
f 1652/1993/1835 1653/1994/1836 1454/1792/1637
f 1347/1684/1532 1654/1995/1837 1345/1682/1530
f 1527/1865/1709 1658/1996/1838 1656/5/1839
f 1659/1997/1840 1660/1998/1841 1658/1996/1838
f 1456/1794/1639 1337/1674/1522 1661/1999/1842
f 1662/2000/1843 1330/1667/1515 1329/1666/1514
f 1589/1927/1771 1476/1814/1659 1587/1925/1769
f 1458/1796/1641 1505/1843/1687 1456/1794/1639
f 1559/1897/1741 1364/1701/1549 1363/1700/1548
f 1470/1808/1653 1663/2001/1844 1664/2002/1845
f 1665/2003/1846 1531/1869/1713 1475/1813/1658
f 1666/2004/1847 1667/2005/1848 1593/1931/1775
f 1583/1921/1765 1668/2006/1849 1667/2005/1848
f 1669/2007/1850 1670/2008/1851 1671/2009/1852
f 1672/2010/1853 1673/2011/1854 1674/2012/1855
f 1675/2013/1856 1676/2014/1857 1677/2015/1858
f 1678/2016/1859 1679/2017/1860 1676/2014/1857
f 1680/2018/1861 1678/2016/1859 1675/2013/1856
f 1681/2019/1862 1528/1866/1710 1678/2016/1859
f 1496/1834/1678 1681/2019/1862 1680/2018/1861
f 1664/2002/1845 1526/1864/1708 1681/2019/1862
f 1432/1769/1614 1682/2020/1863 1683/2021/1864
f 1595/1933/1777 1365/1702/1550 1500/1838/1682
f 1682/2020/1863 1632/1971/1813 1631/1970/1812
f 1684/2022/1865 1427/1764/1609 1685/2023/1866
f 1686/2024/1867 1342/1679/1527 1687/2025/1868
f 1346/1683/1531 1398/1735/1580 1347/1684/1532
f 1346/1683/1531 1395/1732/1577 1398/1735/1580
f 1527/1865/1709 1679/2017/1860 1528/1866/1710
f 1381/1718/1563 1504/1842/1686 1379/1716/1561
f 1688/2026/1869 1689/2027/1870 1690/2028/1871
f 1340/1677/1525 1691/2029/1872 1566/1904/1748
f 1692/2030/1873 1651/1992/1834 1693/2031/1874
f 1687/2025/1868 5655/2032/1875 1694/2033/1876
f 1366/1703/1537 1582/1920/1764 1695/2034/1877
f 1696/2035/1878 1697/2036/1879 1698/2037/1880
f 1529/1867/1711 1369/1706/1553 1699/2038/1881
f 1699/2038/1881 1371/1708/1555 1700/2039/1882
f 1700/2039/1882 1701/2040/1883 1699/2038/1881
f 1699/2038/1881 1702/2041/1884 1529/1867/1711
f 1672/2010/1853 1703/2042/1706 1701/2040/1883
f 1701/2040/1883 1704/2043/1885 1702/2041/1884
f 1665/2003/1846 1705/2044/1886 1369/1706/1553
f 1706/2045/1887 1383/1720/1565 1382/1719/1564
f 1625/1963/1807 1480/1818/1663 1321/1658/1506
f 1707/2046/1888 1708/2047/1889 1480/1818/1663
f 1709/2048/1890 1318/1655/1503 1710/2049/1891
f 1710/2049/1891 1711/2050/1892 1709/2048/1890
f 1709/2048/1890 1712/2051/1893 1713/2052/1894
f 1714/2053/1895 1319/1656/1504 1478/1816/1661
f 1714/2053/1895 1715/2054/1896 1711/2050/1892
f 1711/2050/1892 1716/2055/1897 1712/2051/1893
f 1419/1756/1601 1680/2018/1861 1417/1754/1599
f 1717/2056/1898 1718/2057/1899 1719/2058/1900
f 1720/2059/1901 1631/1970/1812 1718/2057/1899
f 1721/2060/1902 1722/2061/1903 1723/2062/1904
f 1724/2063/1905 1725/2064/1906 1427/1764/1609
f 5500/1989/1831 1425/1762/1607 1726/2065/1907
f 1621/1959/1803 1727/2066/1908 1728/2067/1909
f 1729/2068/1910 1727/2066/1908 1724/2063/1905
f 1434/1771/1616 1730/2069/1911 1432/1769/1614
f 1731/2070/1912 1632/1971/1813 1730/2069/1911
f 1685/2023/1866 1732/2071/1913 1684/2022/1865
f 1733/2072/1914 1734/2073/1915 1731/2070/1912
f 1735/2074/1916 1736/2075/1917 1685/2023/1866
f 1737/2076/1918 1738/2077/1919 1736/2075/1917
f 1739/2078/1920 1740/2079/1921 1741/2080/1922
f 1742/2081/1923 1741/2080/1922 1740/2079/1921
f 1626/1964/1808 1743/2082/1924 1744/2083/1925
f 1745/2084/1926 1746/2085/1927 1747/2086/1928
f 1748/2087/1929 1688/2026/1869 1749/2088/1930
f 1424/1761/1606 1650/1991/1833 1688/2026/1869
f 1750/2089/1931 1749/2088/1930 1751/2090/1932
f 1745/2084/1926 1752/2091/1933 1753/2092/1934
f 1582/1920/1764 1444/1782/1627 1695/2034/1877
f 1754/2093/1935 1645/1984/1826 1755/2094/1936
f 1756/2095/1937 1757/2096/1938 1758/2097/1939
f 1471/1809/1654 1759/2098/1940 1469/1807/1652
f 1389/1726/1571 1465/1803/1648 1760/2099/1941
f 1493/1831/1675 1761/2100/1942 1647/1986/1828
f 1541/1879/1723 1463/1801/1646 1539/1877/1721
f 1693/2031/1874 1758/2097/1939 1692/2030/1873
f 1615/1953/1797 1762/2101/1943 1613/1951/1795
f 1613/1951/1795 1763/2102/1944 1670/2008/1851
f 1764/2103/1945 1765/2104/1946 1762/2101/1943
f 1762/2101/1943 1766/2105/1947 1763/2102/1944
f 1429/1766/1611 1494/1832/1676 1607/1945/1789
f 1441/1779/1624 1705/2044/1886 1767/2106/1948
f 1367/1704/1551 1768/2107/1949 1353/1690/1538
f 1735/2074/1916 1607/1945/1789 1769/2108/1950
f 1639/1978/1820 1770/2109/1951 1610/1948/1792
f 1355/1692/1540 1353/1690/1538 1768/2107/1949
f 1368/1705/1552 1353/1690/1538 1352/1689/1537
f 1356/1693/1541 1768/2107/1949 1771/2110/1952
f 1619/1957/1801 1771/2110/1952 1768/2107/1949
f 1772/2111/1953 1516/1854/1698 1518/1856/1700
f 1421/1758/1603 1412/1749/1594 1411/1748/1593
f 1773/2112/1954 1589/1927/1771 1588/1926/1770
f 1554/1892/1736 1774/2113/1955 1568/1906/1750
f 1492/1830/1674 1599/1937/1781 1448/1786/1631
f 1536/1874/1718 1359/1696/1544 1595/1933/1777
f 1775/2114/1956 1509/1847/1691 1508/1846/1690
f 1612/1950/1794 1776/2115/1957 1499/1837/1681
f 1432/1769/1614 1777/2116/1958 1778/2117/1959
f 1779/2118/1960 1551/1889/1733 1780/2119/1960
f 1781/2120/1961 1779/2118/1960 1780/2119/1960
f 1781/2120/1961 1553/1891/1735 1782/2121/1961
f 1499/1837/1681 1511/1849/1693 1497/1835/1679
f 1783/2122/1962 1784/2123/1963 1785/2124/1964
f 1786/2125/1965 1787/2126/1966 1743/2082/1924
f 1788/2127/1967 1584/1922/1766 1789/2128/1968
f 1790/2129/1969 1615/1953/1797 1791/2130/1970
f 1318/1655/1503 1792/2131/1971 1316/1653/1501
f 1793/2132/1972 1488/1826/1670 1794/2133/1973
f 1795/2134/1974 1796/2135/1975 1792/2131/1971
f 1797/2136/1976 1798/2137/1977 1488/1826/1670
f 1799/2138/1978 1800/2139/1979 5496/2140/1980
f 1801/2141/1981 1802/2142/1982 1542/1880/1724
f 1417/1754/1599 1675/2013/1856 1774/2113/1955
f 1765/2104/1946 1803/2143/1983 1766/2105/1947
f 1804/2144/1984 1805/2145/1985 1765/2104/1946
f 1659/1997/1840 1663/2001/1844 1473/1811/1656
f 1443/1781/1626 1742/2081/1923 1806/2146/1986
f 1807/2147/1987 1448/1786/1631 1599/1937/1781
f 1464/1802/1647 1614/1952/1796 1669/2007/1850
f 1639/1978/1820 1802/2142/1982 1503/1841/1685
f 1360/1697/1545 1558/1896/1740 1808/2148/1548
f 1458/1796/1641 1538/1876/1720 1329/1666/1514
f 1638/1977/1819 1809/2149/1988 1810/2150/1989
f 5632/2151/1990 1696/2035/1878 1811/2152/1849
f 1371/1708/1555 1806/2146/1986 1812/2153/1991
f 1813/2154/1992 1661/1999/1842 1772/2111/1953
f 1401/1738/1583 1814/2155/1993 1815/2156/1994
f 1519/1857/1701 1816/2157/1995 1817/2158/1996
f 1818/2159/1997 1819/2160/1998 1820/2161/1999
f 1821/2162/2000 1820/2161/1999 1819/2160/1998
f 1671/2009/1852 1464/1802/1647 1669/2007/1850
f 1754/2093/1935 1822/2163/2001 1769/2108/1950
f 1769/2108/1950 1737/2076/1918 1735/2074/1916
f 1823/2164/2002 1824/2165/2003 1822/2163/2001
f 1822/2163/2001 1825/2166/2004 1737/2076/1918
f 1826/2167/2005 1769/2108/1950 1607/1945/1789
f 1597/1935/1779 1491/1829/1673 1605/1943/1787
f 1827/2168/2006 1535/1873/1717 1603/1941/1785
f 1339/1676/1524 1661/1999/1842 1337/1674/1522
f 1484/1822/1666 1828/2169/2007 1708/2047/1889
f 1829/2170/2008 1328/1665/1513 1585/1923/1767
f 1459/1797/1642 1540/1878/1722 1330/1667/1515
f 1585/1923/1767 1330/1667/1515 1540/1878/1722
f 1830/2171/2009 1541/1879/1723 1540/1878/1722
f 1595/1933/1777 1604/1942/1786 1536/1874/1718
f 1791/2130/1970 1831/2172/2010 1790/2129/1969
f 1790/2129/1969 1832/2173/2011 1721/2060/1902
f 1830/2171/2009 1461/1799/1644 1831/2172/2010
f 1831/2172/2010 1833/2174/2012 1832/2173/2011
f 1834/2175/2013 5498/2176/2014 5502/2177/2015
f 1347/1684/1532 1835/2178/2016 1836/2179/2017
f 1829/2170/2008 1837/2180/2018 1506/1844/1688
f 1506/1844/1688 1838/2181/2019 1338/1675/1523
f 1826/2167/2005 1839/2182/2020 1645/1984/1826
f 1840/2183/2021 1841/2184/2022 1842/2185/2023
f 1370/1707/1554 1443/1781/1626 1806/2146/1986
f 1723/2062/1904 1843/2186/2024 1844/2187/2025
f 1842/2185/2023 1845/2188/2026 1819/2160/1998
f 1846/2189/2027 5538/2190/2028 5545/2191/2029
f 1847/2192/2030 1848/2193/2031 1849/2194/2032
f 1850/2195/2033 5538/2190/2028 1851/2196/2034
f 1784/2123/1963 1848/2193/2031 1785/2124/1964
f 1852/2197/2035 5533/2198/2036 1850/2195/2033
f 1692/2030/1873 1853/2199/2037 1854/2200/2038
f 1855/2201/2039 1349/1686/1534 1756/2095/1937
f 1856/2202/2040 1350/1687/1535 1349/1686/1534
f 1721/2060/1902 1764/2103/1945 1790/2129/1969
f 1857/2203/2041 1674/2012/1855 1453/1791/1636
f 1806/2146/1986 1740/2079/1921 1812/2153/1991
f 1828/2169/2007 1637/1976/1818 1636/1975/1817
f 1468/1806/1651 1858/2204/2042 1859/2205/2043
f 1860/2206/2044 1637/1976/1818 1861/2207/2045
f 1859/2205/2043 1861/2207/2045 1637/1976/1818
f 1756/2095/1937 1862/2208/1821 1855/2201/2039
f 1673/2011/1854 1863/2209/2046 1674/2012/1855
f 1674/2012/1855 1652/1993/1835 1453/1791/1636
f 1864/2210/2047 1865/2211/2048 1863/2209/2046
f 1863/2209/2046 1866/2212/2049 1652/1993/1835
f 1719/2058/1900 1842/2185/2023 1818/2159/1997
f 1624/1962/1806 1445/1783/1628 1555/1893/1737
f 1522/1860/1704 1837/2180/2018 1788/2127/1967
f 1598/1936/1780 1725/2064/1906 1621/1959/1803
f 5496/2140/1980 1426/1763/1608 1799/2138/1978
f 1823/2164/2002 1755/2094/1936 1867/2213/2050
f 1626/1964/1808 1868/2214/2051 1869/2215/2052
f 1605/1943/1787 1869/2215/2052 1761/2100/1942
f 1321/1658/1506 1786/2125/1965 1625/1963/1807
f 1870/2216/2053 5503/2217/2054 1439/1776/1621
f 1755/2094/1936 1871/2218/2055 1867/2213/2050
f 1867/2213/2050 1872/2219/2056 1784/2123/1963
f 1873/2220/1825 1874/2221/2057 1875/2222/2055
f 1875/2222/2055 5522/2223/2058 1852/2197/2035
f 5510/2224/2059 1876/2225/2060 1608/1946/1790
f 1449/1787/1632 1877/2226/2061 1467/1805/1650
f 1807/2147/1987 1728/2067/1909 1877/2226/2061
f 1877/2226/2061 1878/2227/2062 1879/2228/2063
f 1788/2127/1967 1523/1861/1705 1522/1860/1704
f 1880/2229/2064 1728/2067/1909 1727/2066/1908
f 1881/2230/2065 1882/2231/2066 1523/1861/1705
f 1791/2130/1970 1614/1952/1796 1541/1879/1723
f 1648/1988/1830 1883/2232/2067 1425/1762/1607
f 1884/2233/2068 1867/2213/2050 1784/2123/1963
f 1634/1973/1815 1885/2234/2069 1742/2081/1923
f 1789/2128/1968 1881/2230/2065 1788/2127/1967
f 1886/2235/2070 1521/1859/1703 1887/2236/2071
f 1832/2173/2011 1888/2237/2072 1722/2061/1903
f 1623/1961/1805 1446/1784/1629 1445/1783/1628
f 1629/1968/1769 1747/2086/1928 5716/1966/1810
f 1767/2106/1948 1474/1812/1657 1589/1927/1771
f 1462/1800/1645 1889/2238/2073 1881/2230/2065
f 1890/2239/2074 1581/1919/1763 1514/1852/1696
f 1887/2236/2071 1523/1861/1705 1882/2231/2066
f 1624/1962/1806 1570/1908/1752 1622/1960/1804
f 1391/1728/1573 1444/1782/1627 1446/1784/1629
f 1891/2240/1958 1775/2114/1956 1892/2241/1910
f 1713/2052/1894 1795/2134/1974 1709/2048/1890
f 1773/2112/1954 1838/2181/2019 1893/2242/2075
f 1555/1893/1737 1568/1906/1750 1624/1962/1806
f 1893/2242/2075 1767/2106/1948 1773/2112/1954
f 1620/1958/1802 1695/2034/1877 1391/1728/1573
f 1338/1675/1523 1588/1926/1770 1339/1676/1524
f 1633/1972/1814 1890/2239/2074 1513/1851/1695
f 1894/2243/2076 1467/1805/1650 1895/2244/2077
f 1467/1805/1650 1879/2228/2063 1895/2244/2077
f 1893/2242/2075 1522/1860/1704 1442/1780/1625
f 1896/2245/2078 1466/1804/1649 1894/2243/2076
f 1320/1657/1505 1897/2246/2079 1787/2126/1966
f 1627/1965/1809 1869/2215/2052 1491/1829/1673
f 1321/1658/1506 1478/1816/1661 1319/1656/1504
f 1747/2086/1928 1590/1928/1772 1592/1930/1774
f 1864/2210/2047 1812/2153/1991 1740/2079/1921
f 1495/1833/1677 1428/1765/1610 1598/1936/1780
f 1785/2124/1964 1898/2247/2080 1783/2122/1962
f 1723/2062/1904 1804/2144/1984 1721/2060/1902
f 1710/2049/1891 1317/1654/1502 1319/1656/1504
f 1899/2248/2081 1844/2187/2025 1843/2186/2024
f 1900/2249/2082 1805/2145/1985 1899/2248/2081
f 1312/1649/1497 1901/2250/2083 1713/2052/1894
f 1902/2251/2084 1903/2252/2085 1904/2253/2086
f 1903/2252/2085 1311/1648/1496 1904/2253/2086
f 1905/2254/2087 1901/2250/2083 1311/1648/1496
f 1906/2255/2088 1907/2256/2089 1908/2257/2090
f 1907/2256/2089 1909/2258/2091 1908/2257/2090
f 1910/2259/2092 1911/2260/2093 1909/2258/2091
f 1912/2261/2094 1910/2259/2092 1907/2256/2089
f 1907/2256/2089 1913/2262/2095 1912/2261/2094
f 1798/2137/1977 1914/2263/2096 1489/1827/1671
f 5655/2032/1875 1915/2264/2097 1694/2033/1876
f 1630/1969/1811 1916/2265/2098 1840/2183/2021
f 1917/2266/2099 1918/2267/1962 1916/2265/2098
f 1919/2268/2100 1884/2233/2068 1783/2122/1962
f 1632/1971/1813 1917/2266/2099 1630/1969/1811
f 1734/2073/1915 1920/2269/2101 1917/2266/2099
f 1738/2077/1919 1824/2165/2003 1919/2268/2100
f 1525/1863/1707 1921/2270/2102 1862/2208/1821
f 1840/2183/2021 1718/2057/1899 1630/1969/1811
f 1666/2004/1847 1400/1737/1582 1396/1733/1578
f 1922/2271/2103 1923/2272/2104 5627/2273/2105
f 1651/1992/1834 1862/2208/1821 1693/2031/1874
f 1888/2237/2072 1461/1799/1644 1460/1798/1643
f 1650/1991/1833 1525/1863/1707 1651/1992/1834
f 5627/2273/2105 1811/2152/1849 1922/2271/2103
f 1924/2274/2106 1400/1737/1582 1776/2115/1957
f 1925/2275/2107 1662/2000/1843 1537/1875/1719
f 1631/1970/1812 1926/2276/2108 1682/2020/1863
f 1870/2216/2053 1927/2277/2109 1648/1988/1830
f 1928/2278/2110 1635/1974/1816 1860/2206/2044
f 1929/2279/2111 1930/2280/2112 1635/1974/1816
f 1931/2281/2113 1477/1815/1660 1930/2280/2112
f 1689/2027/1870 1932/2282/2114 1690/2028/1871
f 1933/2283/2115 1931/2281/2113 1929/2279/2111
f 1934/2284/2116 1715/2054/1896 1931/2281/2113
f 1481/1819/1664 1859/2205/2043 1828/2169/2007
f 1707/2046/1888 1627/1965/1809 1485/1823/1667
f 1854/2200/2038 1649/1990/1832 1692/2030/1873
f 1935/2285/2117 1689/2027/1870 1649/1990/1832
f 1312/1649/1497 1936/2286/2118 1310/1647/1495
f 1937/2287/2119 1933/2283/2115 1936/2286/2118
f 1713/2052/1894 1937/2287/2119 1312/1649/1497
f 1712/2051/1893 1934/2284/2116 1937/2287/2119
f 1700/2039/1882 1812/2153/1991 1673/2011/1854
f 1439/1776/1621 5501/1778/1623 1436/1773/1618
f 1938/2288/2120 1726/2065/1907 1415/1752/1597
f 1465/1803/1648 1939/2289/2121 1760/2099/1941
f 1940/2290/2122 1941/2291/2123 1942/2292/2124
f 1943/2293/2125 5505/2294/2126 1944/2295/2127
f 1403/1740/1585 1945/2296/2128 1404/1741/1586
f 1685/2023/1866 1429/1766/1611 1735/2074/1916
f 1946/2297/2129 1579/1917/1761 1578/1916/1760
f 1383/1720/1565 1576/1914/1758 1381/1718/1563
f 1386/1723/1568 1419/1756/1601 1418/1755/1600
f 1602/1940/1784 1947/2298/2130 1600/1938/1782
f 1948/2299/2131 1571/1909/1753 1913/2262/2095
f 1406/1743/1588 1944/2295/2127 5505/2294/2126
f 1664/2002/1845 1471/1809/1654 1470/1808/1653
f 1774/2113/1955 1677/2015/1858 1569/1907/1751
f 1708/2047/1889 1636/1975/1817 1479/1817/1662
f 5497/2300/2132 1949/2301/2133 1545/1883/1727
f 1950/2302/2134 1315/1652/1500 1314/1651/1499
f 1497/1835/1679 1951/2303/2135 1809/2149/1988
f 1930/2280/2112 1479/1817/1662 1636/1975/1817
f 1776/2115/1957 1512/1850/1694 1511/1849/1693
f 1327/1664/1512 1794/2133/1973 1325/1662/1510
f 1952/2304/2136 1642/1981/1823 1947/2298/2130
f 1504/1842/1686 1770/2109/1951 1503/1841/1685
f 1942/2292/2124 1452/1790/1635 1451/1789/1634
f 1543/1881/1725 1810/2150/1989 1544/1882/1726
f 1539/1877/1721 1789/2128/1968 1584/1922/1766
f 1953/2305/2137 1954/2306/2138 1431/1768/1613
f 1690/2028/1871 1749/2088/1930 1688/2026/1869
f 1955/2307/2139 1533/1871/1715 1332/1669/1517
f 1956/2308/2140 1565/1903/1747 1564/1902/1746
f 1490/1828/1672 5502/2177/2015 1488/1826/1670
f 1957/2309/2141 1958/2310/2142 1959/2311/2143
f 1960/2312/2144 1961/2313/2145 1962/2314/2146
f 1963/2315/2147 1964/2316/2148 1965/2317/2149
f 1966/2318/2150 1967/2319/2151 1968/2320/2152
f 1969/2321/2153 1970/2322/2154 1971/2323/2155
f 1975/2324/2156 1976/2325/2157 1977/2326/2158
f 1980/2327/2159 1981/2328/2143 1982/2329/2160
f 1983/2330/2161 1981/2328/2143 1975/2324/2156
f 1984/2331/2162 1971/2323/2155 1970/2322/2154
f 1985/2332/2163 1986/2333/2164 1987/2334/2165
f 1987/2334/2165 1988/2335/2166 1989/2336/2167
f 1990/2337/2168 1991/2338/2169 1992/2339/2170
f 1993/2340/2171 1994/2341/2172 1995/2342/2173
f 1996/2343/2174 1992/2339/2170 1997/2344/2175
f 1975/2324/2156 1998/2345/2176 1983/2330/2161
f 1988/2335/2166 1999/2346/2177 1989/2336/2167
f 2000/2347/2178 2001/2348/2179 2002/2349/2180
f 2003/2350/2181 2004/2351/2182 2005/2352/2183
f 2003/2350/2181 2006/2353/2184 2001/2348/2179
f 2007/2354/2185 2008/2355/2186 2009/2356/2187
f 2007/2354/2185 2010/2357/2188 2011/2358/2189
f 2012/2359/2190 2013/2360/2191 2014/2361/2192
f 2015/2362/2193 1996/2343/2174 1997/2344/2175
f 2016/2363/2194 2012/2359/2190 2014/2361/2192
f 2017/2364/2195 2018/2365/2196 2019/2366/2197
f 2010/2357/2188 2020/2367/2198 2021/2368/2199
f 2022/2369/2200 2023/2370/2201 2024/2371/2202
f 2025/2372/2203 2026/2373/2204 2027/2374/2205
f 1984/2331/2162 2028/2375/2206 2029/2376/2207
f 2030/2377/2208 1993/2340/2171 1995/2342/2173
f 2031/2378/2209 2032/2379/2210 2033/2380/2211
f 2034/2381/2212 2035/2382/2213 2036/2383/2214
f 2034/2381/2212 1964/2316/2148 2037/2384/2215
f 2038/2385/2216 2039/2386/2217 2040/2387/2218
f 2041/2388/2219 2011/2358/2189 2010/2357/2188
f 2042/2389/2220 2032/2379/2210 2025/2372/2203
f 2005/2352/2183 2043/2390/2221 2003/2350/2181
f 2034/2381/2212 2011/2358/2189 2012/2359/2190
f 1977/2326/2158 2044/2391/2222 1975/2324/2156
f 2045/2392/2223 2025/2372/2203 2046/2393/2224
f 2047/2394/2225 2048/2395/2226 2049/2396/2227
f 2050/2397/2228 2051/2398/2229 2052/2399/2230
f 2020/2367/2198 2008/2355/2186 2055/2400/2231
f 2006/2353/2184 2002/2349/2180 2001/2348/2179
f 2056/2401/2232 2057/2402/2233 2058/2403/2234
f 2059/2404/2235 2060/2405/2236 2061/2406/2237
f 2064/2407/2238 2065/2408/2239 2066/2409/2240
f 2067/2410/2241 2038/2385/2216 2068/2411/2242
f 2067/2410/2241 2069/2412/2243 2070/2413/2244
f 2071/2414/2245 2072/2415/2246 2062/15/2247
f 2061/2406/2237 2073/2416/2248 2067/2410/2241
f 2074/2417/2249 2075/2418/2250 2076/2419/2251
f 2076/2419/2251 2063/16/2252 2074/2417/2249
f 2074/2417/2249 2072/2415/2246 2077/2420/2253
f 2070/2413/2244 2078/2421/2254 2079/2422/2255
f 1964/2316/2148 2080/2423/2256 2081/2424/2257
f 2082/2425/2258 2083/2426/2259 2084/2427/2260
f 2082/2425/2258 2085/2428/2261 2086/2429/2262
f 2057/2402/2233 2087/2430/2263 2088/2431/2264
f 2015/2362/2193 2089/2432/2265 2090/2433/2266
f 2091/2434/2267 2092/2435/2268 2093/2436/2269
f 2060/2405/2236 2082/2425/2258 2073/2416/2248
f 2094/2437/2270 2028/2375/2206 2095/2438/2271
f 2095/2438/2271 2096/2439/2272 2094/2437/2270
f 2094/2437/2270 2092/2435/2268 2097/2440/2273
f 2094/2437/2270 2098/2441/2274 2099/2442/2275
f 2100/2443/2276 2101/2444/2277 2102/2445/2278
f 2102/2445/2278 2103/2446/2279 2100/2443/2276
f 2100/2443/2276 2104/2447/2280 2105/2448/2281
f 2100/2443/2276 2106/2449/2282 2107/2450/2283
f 2108/2451/2284 2109/2452/2285 2110/2453/2286
f 2111/2454/2287 2112/2455/2288 2113/2456/2289
f 2110/2453/2286 2116/2457/2290 2108/2451/2284
f 2117/2458/2291 2118/2459/2292 2119/2460/2293
f 2120/2461/2293 2105/2448/2281 2121/2462/2294
f 2121/2462/2294 2104/2447/2280 2114/18/2295
f 2113/2456/2289 2122/2463/2296 2117/2458/2291
f 2123/2464/2297 2047/2394/2225 2124/2465/2298
f 2124/2465/2298 2049/2396/2227 2125/2466/2299
f 2126/2467/2300 2127/2468/2301 2128/2469/2302
f 2124/2465/2298 2129/2470/2303 2123/2464/2297
f 2130/2471/2304 1993/2340/2171 2131/2472/2305
f 2130/2471/2304 2132/2473/2306 2133/2474/2307
f 2134/2475/2308 2135/2476/2309 2126/2467/2300
f 2125/2466/2299 2136/2477/2310 2137/2478/2311
f 2138/2479/2312 2139/2480/2313 2140/2481/2314
f 2141/2482/2315 2127/2468/2301 2142/2483/2312
f 2142/2483/2312 2135/2476/2309 2143/2484/2316
f 2133/2474/2307 2144/2485/2317 2145/2486/2318
f 2146/2487/2319 2147/2488/2320 2148/2489/2321
f 2148/2489/2321 2149/2490/2322 2150/2491/2323
f 2153/2492/2324 2154/2493/2325 2155/2494/2326
f 2156/2495/2327 5744/2496/2328 2157/2497/2329
f 2157/2497/2329 2158/2498/2330 2156/2495/2327
f 2159/2499/2331 2160/2500/2332 2161/2501/2333
f 2161/2501/2333 2162/2502/2334 2159/2499/2331
f 2163/2503/2335 2164/2504/2336 2165/2505/2337
f 2165/2505/2337 5745/2506/2338 2163/2503/2335
f 2163/2503/2335 2166/2507/2339 2158/2498/2330
f 2163/2503/2335 2167/2508/2340 2168/2509/2341
f 2169/2510/2342 2102/2445/2278 2101/2444/2277
f 2170/2511/2343 2171/2512/2344 2172/2513/2345
f 2172/2513/2345 1991/2338/2169 2170/2511/2343
f 2173/2514/2346 2174/2515/2347 2175/2516/2348
f 2173/2514/2346 2176/2517/2349 2177/2518/2350
f 2178/2519/2351 2108/2451/2284 2116/2457/2290
f 2179/2520/2352 1969/2321/2153 2180/2521/2353
f 2179/2520/2352 2181/2522/2354 2182/2523/2355
f 2179/2520/2352 2183/2524/2356 2184/2525/2357
f 2175/2516/2348 2185/2526/2358 2186/2527/2359
f 2187/2528/2360 2188/2529/2361 2189/2530/2362
f 1985/2332/2163 2190/2531/2363 2191/2532/2364
f 2191/2532/2364 2192/2533/2365 2048/2395/2226
f 2193/2534/2366 2194/2535/2367 2195/2536/2368
f 2196/2537/2369 1967/2319/2151 2197/2538/2370
f 2197/2538/2370 2198/2539/2371 2199/2540/2372
f 2200/2541/2373 2192/2533/2365 2190/2531/2363
f 2197/2538/2370 2201/2542/2374 2196/2537/2369
f 2202/2543/2375 2165/2505/2337 2164/2504/2336
f 2203/2544/2376 2146/2487/2319 2204/2545/2377
f 2205/2546/2378 2192/2533/2365 2206/2547/2379
f 2207/2548/2380 2208/2549/2381 2194/2535/2367
f 2208/2549/2381 2195/2536/2368 2194/2535/2367
f 2154/2493/2325 2209/2550/2382 2210/2551/2383
f 2211/2552/2384 2212/2553/2385 2213/2554/2386
f 2214/2555/2387 1999/2346/2177 2215/2556/2388
f 2202/2543/2375 2216/2557/2389 2209/2550/2382
f 2209/2550/2382 2212/2553/2385 2210/2551/2383
f 2217/2558/2390 2218/2559/2391 2219/2560/2392
f 2219/2560/2392 2220/2561/2393 2221/2562/2394
f 2222/2563/2395 2212/2553/2385 2216/2557/2389
f 2222/2563/2395 2223/2564/2396 2224/2565/2390
f 2010/2357/2188 2225/2566/2397 2041/2388/2219
f 2039/2386/2217 2226/2567/2398 2227/2568/2399
f 2227/2568/2399 2228/2569/2400 2229/2570/2401
f 2230/2571/2402 2231/2572/2403 2232/2573/2404
f 2233/2574/2405 2234/2575/2406 2235/2576/2407
f 2233/2574/2405 2236/2577/2408 2237/2578/2409
f 2238/2579/2410 2239/2580/2411 2240/2581/2412
f 2241/2582/2413 2242/2583/2414 2233/2574/2405
f 2073/2416/2248 2086/2429/2262 2038/2385/2216
f 2225/2566/2397 2239/2580/2411 2243/2584/2415
f 2243/2584/2415 2041/2388/2219 2225/2566/2397
f 2244/2585/2416 2090/2433/2266 2057/2402/2233
f 2016/2363/2194 2245/2586/2417 2080/2423/2256
f 2246/2587/2418 2247/2588/2419 2248/2589/2420
f 2249/2590/2421 2229/2570/2401 2250/2591/2422
f 2251/2592/2423 2252/2593/2424 2253/2594/2425
f 2254/2595/2426 2255/2596/2427 2256/2597/2428
f 2254/2595/2426 2247/2588/2419 2257/2598/2429
f 2253/2594/2425 2258/2599/2430 2251/2592/2423
f 2259/2600/2431 2170/2511/2343 1991/2338/2169
f 2260/2601/2432 2248/2589/2420 2261/2602/2433
f 2262/2603/2434 2247/2588/2419 2256/2597/2428
f 2256/2597/2428 2263/2604/2435 2262/2603/2434
f 2264/2605/2436 2265/2606/2437 2266/2607/2438
f 2267/2608/2439 2268/2609/2440 2269/2610/2441
f 2270/2611/2442 2023/2370/2201 2271/2612/2443
f 2191/2532/2364 2272/2613/2444 1985/2332/2163
f 2273/2614/2445 2274/2615/2446 2275/2616/2447
f 2273/2614/2445 2268/2609/2440 2265/2606/2437
f 2276/2617/2448 2189/2530/2362 2277/2618/2449
f 2278/2619/2450 2031/2378/2209 2279/2620/2451
f 2278/2619/2450 2280/2621/2452 2281/2622/2453
f 2278/2619/2450 2282/2623/2454 2283/2624/2455
f 2283/2624/2455 1968/2320/2152 2278/2619/2450
f 2284/2625/2456 2285/2626/2457 2286/2627/2458
f 2187/2528/2360 2287/2628/2459 2288/2629/2460
f 2187/2528/2360 2289/2630/2461 2290/2631/2462
f 2050/2397/2228 2291/2632/2463 2292/2633/2464
f 2292/2633/2464 2293/2634/2465 2285/2626/2457
f 2294/2635/2466 2045/2392/2223 2295/2636/2467
f 2295/2636/2467 2296/2637/2468 2294/2635/2466
f 2294/2635/2466 2297/2638/2469 2298/2639/2470
f 2294/2635/2466 2299/2640/2471 2300/2641/2472
f 2076/2419/2251 1977/2326/2158 2301/2642/2473
f 2302/2643/2474 1970/2322/2154 2303/2644/2475
f 2304/2645/2476 2305/2646/2477 2306/2647/2478
f 2301/2642/2473 2065/2408/2239 2076/2419/2251
f 2066/2409/2240 2307/2648/2479 2308/2649/2480
f 2036/2383/2214 2007/2354/2185 2034/2381/2212
f 2309/2650/2481 2029/2376/2207 2310/2651/2482
f 2304/2645/2476 2244/2585/2416 2056/2401/2232
f 2141/2482/2315 2006/2353/2184 2311/2652/2483
f 2052/2399/2230 2022/2369/2200 2024/2371/2202
f 2312/2653/2484 2301/2642/2473 2313/2654/2485
f 2311/2652/2483 2314/2655/2486 2141/2482/2315
f 2123/2464/2297 2315/2656/2487 2316/2657/2488
f 2317/2658/2489 2318/2659/2490 2311/2652/2483
f 2001/2348/2179 2319/2660/2491 2003/2350/2181
f 2316/2657/2488 2272/2613/2444 2123/2464/2297
f 2043/2390/2221 2162/2502/2334 2317/2658/2489
f 2317/2658/2489 2320/2661/2492 2321/2662/2493
f 2322/2663/2494 2147/2488/2320 2323/2664/2495
f 2323/2664/2495 2324/2665/2496 1988/2335/2166
f 2131/2472/2305 2101/2444/2277 2107/2450/2283
f 2132/2473/2306 2107/2450/2283 2106/2449/2282
f 2325/2666/2497 2017/2364/2195 2019/2366/2197
f 2326/2667/2498 2327/2668/2499 2036/2383/2214
f 2144/2485/2317 2106/2449/2282 2120/2461/2293
f 2139/2480/2313 2328/2669/2500 2329/2670/2501
f 2168/2509/2341 2069/2412/2243 2068/2411/2242
f 1976/2325/2157 2122/2463/2296 2313/2654/2485
f 2313/2654/2485 2112/2455/2288 2312/2653/2484
f 2312/2653/2484 2330/2671/2502 2331/2672/2503
f 2306/2647/2478 2259/2600/2431 1990/2337/2168
f 2332/2673/2438 2081/2424/2257 2333/2674/2504
f 2069/2412/2243 2157/2497/2329 2078/2421/2254
f 2021/2368/2199 2231/2572/2403 2010/2357/2188
f 2081/2424/2257 1965/2317/2149 1964/2316/2148
f 2334/2675/2505 2266/2607/2438 2261/2602/2433
f 2277/2618/2449 2249/2590/2421 2250/2591/2422
f 1995/2342/2173 2334/2675/2505 2030/2377/2208
f 2284/2625/2456 2232/2573/2404 2231/2572/2403
f 2309/2650/2481 2335/2676/2506 2336/2677/2507
f 1997/2344/2175 2337/2678/2508 2015/2362/2193
f 2099/2442/2275 2335/2676/2506 2310/2651/2482
f 2338/2679/2509 1987/2334/2165 1989/2336/2167
f 1988/2335/2166 2316/2657/2488 2323/2664/2495
f 2310/2651/2482 2028/2375/2206 2099/2442/2275
f 2027/2374/2205 2339/2680/2510 2340/2681/2511
f 1987/2334/2165 2341/2682/2512 1985/2332/2163
f 2196/2537/2369 2339/2680/2510 2026/2373/2204
f 2013/2360/2191 2342/2683/2513 2014/2361/2192
f 2343/2684/2514 2033/2380/2211 2042/2389/2220
f 2026/2373/2204 2344/2685/2515 2196/2537/2369
f 1989/2336/2167 2345/2686/2516 2338/2679/2509
f 2340/2681/2511 2218/2559/2391 2027/2374/2205
f 2027/2374/2205 2046/2393/2224 2025/2372/2203
f 2289/2630/2461 2224/2565/2390 2223/2564/2396
f 2344/2685/2515 1968/2320/2152 1967/2319/2151
f 1992/2339/2170 2349/2687/2517 2350/2688/2518
f 2336/2677/2507 2180/2521/2353 2309/2650/2481
f 2309/2650/2481 1969/2321/2153 1971/2323/2155
f 2223/2564/2396 2290/2631/2462 2289/2630/2461
f 2351/2689/2519 2242/2583/2414 2352/2690/2520
f 2046/2393/2224 2295/2636/2467 2045/2392/2223
f 2302/2643/2474 2234/2575/2406 1984/2331/2162
f 1990/2337/2168 2304/2645/2476 2306/2647/2478
f 2353/2691/2521 2354/2692/2522 2343/2684/2514
f 2355/2693/2523 2235/2576/2407 2302/2643/2474
f 2013/2360/2191 2356/2694/2524 2357/2695/2525
f 2358/2696/2526 2302/2643/2474 2303/2644/2475
f 2354/2692/2522 2031/2378/2209 2033/2380/2211
f 2311/2652/2483 2043/2390/2221 2317/2658/2489
f 2024/2371/2202 2359/2697/2527 2052/2399/2230
f 2360/2698/2528 2279/2620/2451 2354/2692/2522
f 2024/2371/2202 2361/2699/2529 2362/2700/2530
f 2323/2664/2495 2315/2656/2487 2322/2663/2494
f 2343/2684/2514 2045/2392/2223 2300/2641/2472
f 2300/2641/2472 2353/2691/2521 2343/2684/2514
f 2052/2399/2230 2363/2701/2531 2050/2397/2228
f 2303/2644/2475 2364/2702/2532 2251/2592/2423
f 2251/2592/2423 2358/2696/2526 2303/2644/2475
f 2014/2361/2192 2365/2703/2533 2016/2363/2194
f 2366/2704/2534 2364/2702/2532 1969/2321/2153
f 2367/2705/2535 2086/2429/2262 2085/2428/2261
f 2255/2596/2427 2169/2510/2342 2263/2604/2435
f 2164/2504/2336 2290/2631/2462 2202/2543/2375
f 2101/2444/2277 2263/2604/2435 2169/2510/2342
f 2368/2706/2536 2174/2515/2347 2255/2596/2427
f 1994/2341/2172 2369/2707/2537 2274/2615/2446
f 2234/2575/2406 2095/2438/2271 2028/2375/2206
f 2030/2377/2208 2262/2603/2434 2263/2604/2435
f 2324/2665/2496 2215/2556/2388 1999/2346/2177
f 2370/2708/2538 2371/2709/2539 2332/2673/2438
f 2271/2612/2443 1965/2317/2149 2371/2709/2539
f 2248/2589/2420 2334/2675/2505 2261/2602/2433
f 2372/2710/2540 2173/2514/2346 2177/2518/2350
f 2273/2614/2445 1995/2342/2173 1994/2341/2172
f 2292/2633/2464 2021/2368/2199 2050/2397/2228
f 2040/2387/2218 2227/2568/2399 2249/2590/2421
f 2373/2711/2541 1962/2314/2146 2374/2712/2542
f 2375/2713/2543 2374/2712/2542 2376/2714/2544
f 1992/2339/2170 2377/2715/2506 1997/2344/2175
f 2374/2712/2542 2378/2716/2545 2373/2711/2541
f 2379/2717/2546 2380/2718/2547 2381/2719/2548
f 2382/2720/2549 2383/2721/2550 2379/2717/2546
f 2384/2722/2546 2385/2723/2196 2386/2724/2551
f 2387/2725/2552 2388/2726/2553 2389/2727/2554
f 2035/2382/2213 2390/2728/2555 2391/2729/2556
f 2392/2730/2557 2393/2731/2558 2381/2719/2548
f 2381/2719/2548 2394/2732/2559 2392/2730/2557
f 2395/2733/2560 2325/2666/2497 2396/2734/2561
f 2397/2735/2554 2398/2736/2562 2399/2737/2563
f 2376/2714/2544 2400/2738/2564 2375/2713/2543
f 2401/2739/2565 2402/2740/2566 2403/2741/2567
f 2375/2713/2543 2404/2742/2567 2405/2743/2568
f 2381/2719/2548 2382/2720/2549 2379/2717/2546
f 2038/2385/2216 2168/2509/2341 2068/2411/2242
f 2406/2744/2569 2385/2723/2196 2378/2716/2545
f 2040/2387/2218 2164/2504/2336 2038/2385/2216
f 2407/2745/2570 2408/2746/2571 1960/2312/2144
f 2409/2747/2572 2410/2748/2573 1963/2315/2147
f 2409/2747/2572 1965/2317/2149 2022/2369/2200
f 2301/2642/2473 1976/2325/2157 2313/2654/2485
f 2411/2749/2574 2055/2400/2231 2412/2750/2575
f 2411/2749/2574 2021/2368/2199 2020/2367/2198
f 2249/2590/2421 2188/2529/2361 2040/2387/2218
f 2035/2382/2213 1963/2315/2147 2410/2748/2573
f 2413/2751/2576 2008/2355/2186 2414/2752/2577
f 5893/2753/2578 2415/2754/2579 2402/2740/2566
f 2078/2421/2254 5744/2496/2328 5743/2755/2580
f 2412/2750/2575 2409/2747/2572 2411/2749/2574
f 2416/2756/2581 2417/2757/2582 2418/2758/2583
f 2414/2752/2577 2327/2668/2499 2419/2759/2584
f 2409/2747/2572 2051/2398/2229 2411/2749/2574
f 2405/2743/2568 2406/2744/2569 2375/2713/2543
f 2412/2750/2575 2413/2751/2576 2408/2746/2571
f 2408/2746/2571 2420/2760/2585 1961/2313/2145
f 2421/2761/2586 2393/2731/2558 2416/2756/2581
f 2036/2383/2214 2391/2729/2556 2326/2667/2498
f 2421/2761/2586 2422/2762/2587 2382/2720/2549
f 2390/2728/2555 2407/2745/2570 1960/2312/2144
f 1960/2312/2144 2423/2763/2588 2390/2728/2555
f 2415/2754/2579 2424/2764/2589 2425/2765/2590
f 1256/1590/1448 1093/1427/1307 1049/1383/1268
f 2426/2766/2591 1745/2084/1926 1747/2086/1928
f 2427/2767/2592 2428/2768/2593 2429/2769/2594
f 2430/2770/2595 2431/2771/2596 2432/2772/2597
f 2433/2773/2598 2434/2774/2599 2435/2775/2600
f 2436/2776/2601 2437/2777/2602 2438/2778/2603
f 2439/2779/2604 2440/2780/2605 2441/2781/2606
f 2442/2782/2607 2443/2783/2608 2444/2784/2609
f 2445/2785/2610 2446/2786/2611 2447/2787/2612
f 2448/2788/2613 2449/2789/2614 2450/2790/2615
f 2451/2791/2616 2435/2775/2600 2452/2792/2617
f 2453/2793/2618 2454/2794/2619 2455/2795/2620
f 2456/2796/2621 2457/2797/2622 2458/2798/2623
f 2459/2799/2624 2438/2778/2603 2460/2800/2625
f 2461/2801/2626 2462/2802/2627 2463/2803/2628
f 2464/2804/2629 2465/2805/2630 2466/2806/2631
f 2467/2807/2632 2468/2808/2633 2469/2809/2634
f 2437/2777/2602 2470/2810/2635 2464/2804/2629
f 2471/2811/2636 2472/2812/2637 2473/2813/2638
f 2444/2784/2609 2474/2814/2639 2475/2815/2640
f 2476/2816/2641 2477/2817/2642 2478/2818/2643
f 2479/2819/2644 2480/2820/2645 2470/2810/2635
f 2481/2821/2646 2482/2822/2647 2483/2823/2648
f 2484/2824/2649 2485/2825/2650 2486/2826/2651
f 2487/2827/2652 2488/2828/2653 2489/2829/2654
f 2490/2830/2655 2491/2831/2656 2492/2832/2657
f 2493/2833/2658 2494/2834/2659 2495/2835/2660
f 2482/2822/2647 2496/2836/2661 2497/2837/2662
f 2498/2838/2663 2458/2798/2623 2445/2785/2610
f 2499/2839/2664 2500/2840/2665 2501/2841/2666
f 2502/2842/2667 2478/2818/2643 2503/2843/2668
f 2504/2844/2669 2505/2845/2670 2506/2846/2671
f 2507/2847/2672 2508/2848/2673 2509/2849/2674
f 2510/2850/2675 2511/2851/2676 2512/2852/2677
f 2513/2853/2678 2443/2783/2608 2514/2854/2679
f 2515/2855/2680 2516/2856/2681 2517/2857/2682
f 2518/2858/2683 2436/2776/2601 2459/2799/2624
f 2519/2859/2684 2520/2860/2685 2521/2861/2686
f 2522/2862/2687 2523/2863/2688 2524/2864/2689
f 2489/2829/2654 2525/2865/2690 2526/2866/2691
f 2527/2867/2692 2528/2868/2693 2529/2869/2694
f 2521/2861/2686 2530/2870/2695 2531/2871/2696
f 2532/2872/2697 2533/2873/2698 2534/2874/2699
f 2535/2875/2700 2536/2876/2701 2537/2877/2702
f 2525/2865/2690 2538/2878/2703 2539/2879/2704
f 2540/2880/2705 2541/2881/2706 2471/2811/2636
f 2542/2882/2707 2543/2883/2708 2544/2884/2709
f 2545/2885/2710 2546/2886/2711 2547/2887/2712
f 2548/2888/2713 2549/2889/2714 2433/2773/2598
f 2455/2795/2620 2550/2890/2715 2551/2891/2716
f 2552/2892/2717 2553/2893/2718 2554/2894/2719
f 2491/2831/2656 2528/2868/2693 2492/2832/2657
f 2555/2895/2720 2556/2896/2721 2557/2897/2722
f 2445/2785/2610 2558/2898/2723 2498/2838/2663
f 2559/2899/2724 2520/2860/2685 2560/2900/2725
f 2431/2771/2596 2561/2901/2726 2562/2902/2727
f 5110/2903/2728 2563/2904/2729 2564/2905/2730
f 2565/2906/2731 2544/2884/2709 2543/2883/2708
f 2566/2907/2732 2567/2908/2733 2568/2909/2734
f 2569/2910/2735 2496/2836/2661 2570/2911/2736
f 2571/2912/2737 2465/2805/2630 2572/2913/2738
f 2518/2858/2683 2509/2849/2674 2573/2914/2739
f 2574/2915/2740 2575/2916/2741 2576/2917/2742
f 2447/2787/2612 2557/2897/2722 2445/2785/2610
f 2577/2918/2743 2578/2919/2744 2579/2920/2745
f 2580/2921/2746 2581/2922/2747 2582/2923/2748
f 2583/2924/2749 2521/2861/2686 2584/2925/2750
f 2585/2926/2751 2544/2884/2709 2586/2927/2752
f 2587/2928/2753 2588/2929/2754 2589/2930/2755
f 5113/2931/2756 2590/2932/2757 2591/2933/2758
f 2432/2772/2597 2592/2934/2759 2430/2770/2595
f 2593/2935/2760 2594/2936/2761 2595/2937/2762
f 2435/2775/2600 2457/2797/2622 2596/2938/2763
f 2531/2871/2696 2597/2939/2764 2598/2940/2765
f 2599/2941/2766 2600/2942/2767 2601/2943/2768
f 2588/2929/2754 2602/2944/2769 2603/2945/2770
f 2572/2913/2738 2470/2810/2635 2480/2820/2645
f 2571/2912/2737 2450/2790/2615 2449/2789/2614
f 2451/2791/2616 2472/2812/2637 2604/2946/2771
f 2605/2947/2772 2475/2815/2640 2474/2814/2639
f 2471/2811/2636 2606/2948/2773 2540/2880/2705
f 2607/2949/2774 2608/2950/2775 2609/2951/2776
f 2539/2879/2704 2610/2952/2777 2611/2953/2778
f 2612/2954/2779 2488/2828/2653 2613/2955/2780
f 2506/2846/2671 2614/2956/2759 2615/2957/2781
f 2473/2813/2638 2616/2958/2782 2471/2811/2636
f 2463/2803/2628 2617/2959/2783 2618/2960/2784
f 2536/2876/2701 2509/2849/2674 2602/2944/2769
f 2619/2961/2785 2620/2962/2786 2621/2963/2787
f 2622/2964/2788 2538/2878/2703 2623/2965/2789
f 2624/2966/2790 2625/2967/2791 2626/2968/2792
f 2627/2969/2793 2615/2957/2781 2628/2970/2794
f 2629/2971/2795 2460/2800/2625 2438/2778/2603
f 2627/2969/2793 5107/2972/2796 2630/2973/2797
f 2579/2920/2745 2631/2974/2798 2577/2918/2743
f 2632/2975/2799 2466/2806/2631 2465/2805/2630
f 2629/2971/2795 2466/2806/2631 2473/2813/2638
f 2633/2976/2800 2479/2819/2644 2437/2777/2602
f 2634/2977/2801 2553/2893/2718 2427/2767/2592
f 2460/2800/2625 2635/2978/2802 2459/2799/2624
f 2586/2927/2752 2606/2948/2773 2636/2979/2803
f 2473/2813/2638 2637/2980/2804 2629/2971/2795
f 2618/2960/2784 2638/2981/2805 2639/2982/2806
f 2640/2983/2807 2429/2769/2594 2499/2839/2664
f 2598/2940/2765 2641/2984/2808 2531/2871/2696
f 2566/2907/2732 2642/2985/2809 2592/2934/2759
f 2600/2942/2767 2643/2986/2810 2644/2987/2811
f 2480/2820/2645 2645/2988/2812 2572/2913/2738
f 2599/2941/2766 2431/2771/2596 2562/2902/2727
f 2646/2989/2813 2647/2990/2814 2648/2991/2815
f 2649/2992/2816 2598/2940/2765 2597/2939/2764
f 2650/2993/2817 2428/2768/2593 2553/2893/2718
f 2651/2994/2818 2652/2995/2819 2653/2996/2820
f 2510/2850/2675 2654/2997/2821 2655/2998/2822
f 2656/2999/2823 2498/2838/2663 2558/2898/2723
f 2657/3000/2824 2562/2902/2727 2561/2901/2726
f 2459/2799/2624 2658/3001/2825 2518/2858/2683
f 2594/2936/2761 2659/3002/2826 2660/3003/2827
f 2661/3004/2828 2639/2982/2806 2638/2981/2805
f 2591/2933/2758 2621/2963/2787 5113/2931/2756
f 2464/2804/2629 2438/2778/2603 2437/2777/2602
f 2662/3005/2829 2663/3006/2830 2664/3007/2831
f 2665/3008/2832 2448/2788/2613 2666/3009/2833
f 2587/2928/2753 2474/2814/2639 2513/2853/2678
f 2433/2773/2598 2604/2946/2771 2548/2888/2713
f 2562/2902/2727 2667/3010/2834 2599/2941/2766
f 2442/2782/2607 2648/2991/2815 2647/2990/2814
f 2653/2996/2820 2623/2965/2789 2538/2878/2703
f 2439/2779/2604 5219/3011/2835 2668/3012/2836
f 2669/3013/2837 2670/3014/2838 2671/3015/2839
f 2560/2900/2725 2672/3016/2840 2673/3017/2841
f 2674/3018/2842 2675/3019/2843 2669/3013/2837
f 2649/2992/2816 2548/2888/2713 2604/2946/2771
f 2676/3020/2844 5239/3021/2845 2677/3022/2846
f 2501/2841/2666 2570/2911/2736 2482/2822/2647
f 2678/3023/2847 2679/3024/2848 2680/3025/2849
f 2681/3026/2850 2667/3010/2834 2682/3027/2851
f 2666/3009/2833 2683/3028/2852 2665/3008/2832
f 2684/3029/2853 2685/3030/2854 2686/3031/2855
f 2681/3026/2850 2648/2991/2815 2643/2986/2810
f 2565/2906/2731 2540/2880/2705 2606/2948/2773
f 2687/3032/2856 2688/3033/2857 2666/3009/2833
f 2601/2943/2768 2644/2987/2811 2487/2827/2652
f 2689/3034/2858 5105/3035/2859 2620/2962/2786
f 2690/3036/2860 2487/2827/2652 2567/2908/2733
f 2691/3037/2861 2692/3038/2862 2693/3039/2863
f 2694/3040/2864 2695/3041/2865 2696/3042/2866
f 2697/3043/2867 2651/2994/2818 2613/2955/2780
f 2517/2857/2682 2558/2898/2723 2515/2855/2680
f 2698/3044/2868 2699/3045/2869 2700/3046/2870
f 2701/3047/2871 2702/3048/2872 2703/3049/2757
f 2704/3050/2873 2705/3051/2874 2494/2834/2659
f 2628/2970/2794 2706/3052/2875 2627/2969/2793
f 2601/2943/2768 2707/3053/2876 2599/2941/2766
f 2708/3054/2877 2709/3055/2878 2580/2921/2746
f 2710/3056/2879 2711/3057/2880 2708/3054/2877
f 5206/3058/2881 2712/3059/2882 2605/2947/2772
f 2713/3060/2883 2714/3061/2884 2428/2768/2593
f 2696/3042/2866 2715/3062/2885 2694/3040/2864
f 2687/3032/2856 2617/2959/2783 2716/3063/2886
f 2555/2895/2720 2654/2997/2821 2659/3002/2826
f 2467/2807/2632 5187/3064/2887 2578/2919/2744
f 2593/2935/2760 2717/3065/2888 2516/2856/2681
f 2718/3066/2889 2643/2986/2810 2648/2991/2815
f 2589/2930/2755 2605/2947/2772 2587/2928/2753
f 2719/3067/2890 2720/3068/2891 2721/3069/2892
f 2722/3070/2893 2723/3071/2894 2710/3056/2879
f 2724/3072/2895 2725/3073/2896 2726/3074/2897
f 2727/3075/2898 2728/3076/2899 5116/3077/2900
f 2729/3078/2901 2680/3025/2849 2679/3024/2848
f 2612/2954/2779 2538/2878/2703 2525/2865/2690
f 2730/3079/2902 2731/3080/2903 2717/3065/2888
f 2732/3081/2904 2725/3073/2896 2733/3082/2905
f 2734/3083/2906 2735/3084/2907 2607/2949/2774
f 2736/3085/2908 2613/2955/2780 2488/2828/2653
f 2737/3086/2909 2738/3087/2910 2716/3063/2886
f 2721/3069/2892 2739/3088/2911 2740/3089/2912
f 2741/3090/2913 5140/3091/2914 2743/3092/2915
f 2718/3066/2889 2697/3043/2867 2736/3085/2908
f 2744/3093/2916 2742/3094/2697 2745/3095/2917
f 2647/2990/2814 2686/3031/2855 2442/2782/2607
f 2596/2938/2763 2696/3042/2866 2695/3041/2865
f 2746/3096/2918 2511/2851/2676 2609/2951/2776
f 2747/3097/2919 2748/3098/2667 2749/3099/2668
f 2656/2999/2823 2750/3100/2920 2528/2868/2693
f 2545/2885/2710 2517/2857/2682 2516/2856/2681
f 2549/2889/2714 2446/2786/2611 2434/2774/2599
f 2746/3096/2918 2730/3079/2902 2751/3101/2921
f 2752/3102/2922 5106/3103/2923 5105/3035/2859
f 2658/3001/2825 2507/2847/2672 2518/2858/2683
f 2468/2808/2633 2631/2974/2798 2651/2994/2818
f 2753/3104/2924 2754/3105/2925 2702/3048/2872
f 2755/3106/2926 2716/3063/2886 2738/3087/2910
f 2524/2864/2689 5120/3107/2927 2522/2862/2687
f 2530/2870/2695 2481/2821/2646 2597/2939/2764
f 5116/3077/2900 2564/2905/2730 2727/3075/2898
f 2757/3108/2928 2758/3109/2929 2759/3110/2930
f 2760/3111/2931 2761/3112/2932 2762/3113/2933
f 2763/3114/2934 2468/2808/2633 2697/3043/2867
f 2764/3115/2935 2671/3015/2839 2670/3014/2838
f 2734/3083/2906 2569/2910/2735 2714/3061/2884
f 2765/3116/2936 2427/2767/2592 2640/2983/2807
f 2483/2823/2648 2597/2939/2764 2481/2821/2646
f 2491/2831/2656 2456/2796/2621 2498/2838/2663
f 5157/3117/2937 2766/3118/2938 2767/3119/2939
f 2602/2944/2769 2537/2877/2702 2536/2876/2701
f 2535/2875/2700 2685/3030/2854 2479/2819/2644
f 2469/2809/2634 2712/3059/2882 2467/2807/2632
f 2730/3079/2902 2595/2937/2762 2751/3101/2921
f 2768/3120/2940 2575/2916/2741 2692/3038/2862
f 2633/2976/2800 2573/2914/2739 2536/2876/2701
f 2514/2854/2679 2686/3031/2855 2685/3030/2854
f 2769/3121/2941 2447/2787/2612 2446/2786/2611
f 2770/3122/2942 2771/3123/2943 2674/3018/2842
f 2668/3012/2836 5230/3124/2944 2676/3020/2844
f 2543/2883/2708 2641/2984/2808 2565/2906/2731
f 2657/3000/2824 2737/3086/2909 2462/2802/2627
f 2661/3004/2828 2684/3029/2853 2647/2990/2814
f 2572/2913/2738 2772/3125/2945 2571/2912/2737
f 2773/3126/2946 5287/3127/2947 2774/3128/2948
f 2434/2774/2599 2458/2798/2623 2457/2797/2622
f 2763/3114/2934 2475/2815/2640 2469/2809/2634
f 2499/2839/2664 2560/2900/2725 2640/2983/2807
f 2775/3129/2949 2772/3125/2945 2638/2981/2805
f 2776/3130/2950 2655/2998/2822 2569/2910/2735
f 2777/3131/2951 2778/3132/2952 5252/3133/2953
f 2665/3008/2832 2542/2882/2707 2544/2884/2709
f 2774/3128/2948 5265/3134/2954 2507/2847/2672
f 2513/2853/2678 2779/3135/2955 2587/2928/2753
f 2780/241/2956 5372/3136/2957 2719/3067/2890
f 2781/3137/2958 2782/3138/2959 2783/3139/2960
f 2604/2946/2771 2541/2881/2706 2649/2992/2816
f 2784/3140/2961 2785/3141/2962 2786/3142/2963
f 2609/2951/2776 2485/2825/2650 2746/3096/2918
f 2653/2996/2820 2613/2955/2780 2651/2994/2818
f 2645/2988/2812 2638/2981/2805 2772/3125/2945
f 2637/2980/2804 2452/2792/2617 2460/2800/2625
f 2596/2938/2763 2452/2792/2617 2435/2775/2600
f 2787/3143/2964 2626/2968/2792 2625/2967/2791
f 2444/2784/2609 2718/3066/2889 2442/2782/2607
f 2462/2802/2627 2716/3063/2886 2617/2959/2783
f 2788/3144/2965 2789/3145/2966 2790/3146/2967
f 2791/3147/2968 2792/3148/2969 2793/3149/2970
f 2794/3150/2971 2795/3151/2972 2796/3152/2973
f 2797/3153/2974 2798/3154/2975 2799/3155/2976
f 2800/3156/2977 2801/3157/2978 2802/3158/2979
f 2803/3159/2980 2804/3160/2981 2805/3161/2982
f 2806/3162/2983 2807/3163/2984 2808/3164/2985
f 2809/3165/2986 2810/3166/2987 2811/3167/2988
f 2812/3168/2989 2813/3169/2990 2814/3170/2991
f 2815/3171/2992 2816/3172/2993 2817/3173/2994
f 2818/3174/2995 2819/3175/2996 2820/3176/2997
f 2821/3177/2998 2822/3178/2999 2823/3179/3000
f 2824/3180/3001 2825/3181/3002 2826/3182/3003
f 2827/3183/3004 2828/3184/3005 2829/3185/2991
f 2830/3186/3006 2831/3187/3007 2832/3188/3008
f 2833/3189/3009 2834/3190/3010 2835/3191/3011
f 2836/3192/3012 2837/3193/3013 2838/3194/3014
f 2839/3195/3015 2840/3196/3016 2841/3197/3017
f 5286/3198/3018 2842/3199/3019 2843/34/3020
f 2844/3200/3021 2845/3201/3022 2846/3202/3023
f 2847/3203/3024 2848/3204/3025 2849/3205/3026
f 2850/3206/3027 2851/3207/3028 2852/3208/3029
f 2853/3209/3030 2854/3210/3031 2855/3211/3032
f 2856/3212/3033 2857/3213/3034 2858/3214/3035
f 2859/3215/3036 2799/3155/2976 2860/3216/3037
f 2861/3217/3038 2862/3218/3039 2863/3219/3040
f 2864/3220/3041 2865/3221/3042 2800/3156/2977
f 2866/3222/3043 2867/3223/3044 2868/3224/3045
f 2869/3225/3046 2870/3226/3047 2871/3227/3048
f 2872/3228/3049 2873/3229/3050 2874/3230/3051
f 2875/3231/3052 2876/3232/3053 2877/3233/3054
f 2878/3234/3055 2879/3235/3056 2880/3236/3057
f 2881/3237/3058 2826/3182/3003 2882/3238/3059
f 2861/3217/3038 2883/3239/3060 2884/3240/3061
f 2885/3241/3062 2886/3242/3063 2887/3243/3064
f 2888/3244/3065 2889/3245/3066 2890/3246/3067
f 2891/3247/3068 2892/3248/3069 2893/3249/3070
f 2894/3250/3071 2895/3251/3072 2896/3252/3073
f 2897/3253/3074 2898/3254/3075 2899/3255/3076
f 2900/3256/3077 2901/3257/3078 2902/3258/3079
f 2903/3259/3080 2904/3260/3081 2905/3261/3082
f 2906/3262/3083 2907/3263/3084 2908/3264/3085
f 2909/3265/3086 2910/3266/3087 2911/3267/3088
f 2872/3228/3049 2912/3268/3089 2885/3241/3062
f 2913/3269/3090 2914/3270/3091 2915/3271/3092
f 2916/3272/3093 2917/3273/3094 2918/3274/3095
f 2919/3275/3096 2920/3276/3097 2921/3277/3098
f 2922/3278/3099 2875/3231/3052 2923/3279/3100
f 2924/3280/3101 2925/3281/3102 2875/3231/3052
f 2926/3282/3103 2927/3283/3104 2928/3284/3105
f 2929/3285/3106 2930/3286/3107 2931/3287/3108
f 2921/3277/3098 2932/3288/3109 2933/3289/3110
f 2934/3290/3111 2935/3291/3112 2936/3292/3113
f 2882/3238/3059 2937/3293/3114 2938/3294/3115
f 2939/3295/3116 2940/3296/3117 2941/3297/3118
f 2806/3162/2983 2835/3191/3011 2834/3190/3010
f 2942/3298/3119 2943/3299/3120 2944/3300/3121
f 2945/3301/3122 2946/3302/3123 2947/3303/3124
f 2893/3249/3070 2948/3304/3125 2891/3247/3068
f 2949/3305/3126 2950/3306/3127 2951/3307/3128
f 2952/3308/3129 2953/3309/3130 2954/3310/3131
f 2955/3311/3132 2956/3312/3133 2957/3313/3134
f 2958/3314/3135 2959/3315/3136 2960/3316/3137
f 2961/3317/3138 2962/3318/3139 2963/3319/3140
f 2964/3320/3141 2965/3321/3142 2966/3322/3143
f 2967/3323/3144 2912/3268/3089 2968/3324/3145
f 2881/3237/3058 2969/3325/3146 2970/3326/3147
f 2971/3327/3148 2972/3328/3149 2973/3329/3150
f 2974/3330/3151 2975/3331/3152 2976/3332/3153
f 2977/3333/3154 2978/3334/3155 2979/3335/3156
f 2980/3336/3157 2981/3337/3158 2982/3338/3159
f 2983/3339/3160 2900/3256/3077 2902/3258/3079
f 2984/3340/3161 2954/3310/3131 2953/3309/3130
f 2985/3341/3162 2986/3342/3163 2987/3343/3040
f 2988/3344/3164 2989/3345/3165 2990/3346/3166
f 2991/3347/3167 2992/3348/3168 2993/3349/3169
f 2997/3350/3170 2998/3351/3171 2999/3352/3172
f 2976/3332/3153 3000/3353/3173 2974/3330/3151
f 3001/3354/3174 2790/3146/2967 2890/3246/3067
f 3002/3355/3175 3003/3356/3176 3004/3357/3177
f 3005/3358/3178 3006/3359/3179 3007/3360/3180
f 2905/3261/3082 2803/3159/2980 2903/3259/3080
f 3008/3361/3181 3009/3362/3182 3010/3363/3183
f 2940/3296/3117 2874/3230/3051 2873/3229/3050
f 3011/3364/3184 3012/3365/3185 2892/3248/3069
f 3013/3366/3186 3014/3367/3187 3015/3368/3188
f 3016/3369/3189 2922/3278/3099 3017/3370/3190
f 2922/3278/3099 3018/3371/3191 3019/3372/3192
f 3020/3373/3193 3021/3374/3194 3022/3375/3195
f 2903/3259/3080 2805/3161/2982 2837/3193/3013
f 2948/3304/3125 3023/3376/3196 3024/3377/3197
f 3025/3378/3198 3026/3379/3199 3027/3380/2988
f 5387/3381/3200 3028/3382/3201 3029/3383/3202
f 3030/3384/3203 3031/3385/3204 3032/3386/3205
f 2815/3171/2992 3033/3387/3206 3034/3388/3207
f 3035/3389/3208 3036/3390/3209 3037/3391/3210
f 3038/3392/3211 2880/3236/3057 3039/3393/3212
f 3040/3394/3213 3041/3395/3214 2861/3217/3038
f 3042/3396/3215 3043/3397/3216 3044/3398/3021
f 3045/3399/3217 2812/3168/2989 3046/3400/3218
f 2941/3297/3118 2873/3229/3050 3047/3401/3219
f 3048/3402/3220 3049/3403/3221 3050/3404/3222
f 3051/3405/3223 3052/3406/3224 3053/3407/3225
f 3054/3408/3226 3055/3409/3227 3056/3410/3228
f 3057/3411/3229 3058/3412/3230 3059/3413/3231
f 2845/3201/3022 3060/3414/3232 3061/3415/3233
f 3059/3413/3231 3062/3416/3234 3057/3411/3229
f 3063/3417/3235 3064/3418/3236 3065/3419/3237
f 3066/3420/3238 5055/3421/3239 5060/3422/3240
f 3067/3423/3241 3068/237/191 2989/3345/3165
f 3069/3424/3242 2987/3343/3040 3070/3425/3243
f 3071/3426/3244 3072/3427/3245 3073/3428/3246
f 3074/3429/3247 3075/3430/3208 3076/3431/3248
f 3077/3432/3249 3078/3433/3250 3079/3434/3251
f 3080/3435/3252 3081/3436/3253 2807/3163/2984
f 3082/3437/3201 2860/3216/3037 2799/3155/2976
f 3083/3438/3254 3084/3439/3255 3085/3440/3256
f 3086/3441/3257 3087/3442/3258 3088/3443/3259
f 3089/3444/3260 3029/3383/3202 3090/3445/3261
f 3091/3446/3262 3092/3447/3263 3087/3442/3258
f 2941/3297/3118 3093/3448/3264 2939/3295/3116
f 3094/3449/3265 3095/3450/3266 3096/3451/3267
f 3097/3452/3268 3098/3453/3269 3099/3454/3270
f 3100/3455/3271 2791/3147/2968 3101/3456/3272
f 5389/3457/3273 3102/3458/3274 3028/3382/3201
f 3103/3459/3275 3104/3460/3276 3105/3461/3277
f 3106/3462/3278 3107/3463/3279 3108/3464/3280
f 2838/3194/3014 3109/3465/3281 3110/3466/3282
f 3111/3467/3283 3112/3468/3284 3113/3469/3285
f 3114/3470/3286 3115/3471/3287 3062/3416/3234
f 3116/3472/3288 3117/3473/3289 3118/3474/3290
f 3119/3475/3291 3120/3476/3292 3121/3477/3293
f 2799/3155/2976 3122/3478/3202 3082/3437/3201
f 3123/3479/3294 3124/3480/3295 3125/3481/3296
f 5377/3482/3297 3126/3483/3298 5386/3484/3299
f 2958/3314/3135 3127/3485/3300 3128/3486/3301
f 3129/3487/3302 2950/3306/3127 2983/3339/3160
f 3130/3488/3303 2990/3346/3166 3131/3489/3304
f 3132/3490/3305 2963/3319/3140 3133/3491/3306
f 3134/3492/3307 3135/3493/3308 3136/3494/3309
f 3137/3495/3310 3138/3496/3311 5377/3482/3297
f 2863/3219/3040 3040/3394/3213 2861/3217/3038
f 3139/3497/3312 3140/3498/3313 3141/3499/3314
f 3142/3500/3315 2946/3302/3123 3143/3501/3316
f 2992/3348/3168 3144/3502/3317 3145/3503/3318
f 3146/3504/3207 3147/3505/3319 3148/3506/3320
f 3149/3507/3321 2800/3156/2977 3150/3508/3322
f 3151/3509/3323 3152/3510/3324 2964/3320/3141
f 3153/3511/3325 5472/3512/3326 3154/3513/3327
f 3155/3514/3328 3156/3515/3329 3157/3516/3330
f 3158/3517/3331 3159/3518/3332 3160/3519/3333
f 3161/3520/3334 3162/3521/3335 3163/3522/3336
f 3164/3523/3337 2936/3292/3113 3165/3524/3338
f 3166/3525/3339 3167/3526/3340 3168/3527/3341
f 3169/3528/3342 3131/3489/3304 2990/3346/3166
f 2837/3193/3013 3069/3424/3242 3170/3529/3343
f 3171/3530/3344 3172/3531/3345 3173/3532/3346
f 3174/3533/3347 3175/3534/3348 6117/3535/3349
f 3162/3521/3335 3121/3477/3293 3176/3536/3350
f 3177/3537/3351 3178/3538/3352 3084/3439/3255
f 2790/3146/2967 3179/3539/3353 3180/3540/3354
f 2960/3316/3137 3181/3541/3355 2958/3314/3135
f 3019/3372/3192 3017/3370/3190 2922/3278/3099
f 3182/3542/3356 3183/3543/3357 3184/3544/3358
f 3185/3545/3359 3090/3445/3261 3035/3389/3208
f 2967/3323/3144 3186/3546/3356 3187/3547/3358
f 3188/3548/3360 3148/3506/3320 3189/3549/3361
f 3190/3550/3362 3191/3551/3363 3192/3552/3364
f 3193/3553/3365 3194/3554/3366 3195/3555/3367
f 5459/3556/3368 3196/3557/3369 3197/3558/3370
f 3165/3524/3338 3198/3559/3371 3164/3523/3337
f 3199/3560/3372 3200/3561/3373 3201/3562/3374
f 3202/3563/3375 3203/3564/3376 2935/3291/3112
f 2855/3211/3032 3204/3565/3377 2853/3209/3030
f 3205/3566/3378 3043/3397/3216 3206/3567/3379
f 3207/3568/3380 3208/3569/3381 3168/3527/3341
f 2957/3313/3134 3048/3402/3220 3209/3570/3382
f 3107/3463/3279 3210/3571/3383 3211/3572/3384
f 3212/3573/3385 3167/3526/3340 3064/3418/3236
f 3213/3574/3386 3214/3575/3387 3215/3576/3388
f 3216/3577/3389 3217/3578/3390 3135/3493/3308
f 5475/3579/3391 3196/3557/3369 5469/3580/3392
f 3218/3581/3393 3219/3582/3394 3220/3583/3395
f 3008/3361/3181 3221/3584/3396 3222/3585/3397
f 3223/3586/3398 2928/3284/3105 2927/3283/3104
f 3224/3587/3399 3225/3588/3400 3226/3589/3401
f 3227/3590/3402 3076/3431/3248 3228/3591/3403
f 2901/3257/3078 3229/3592/3404 3230/3593/3405
f 3231/3594/3406 3232/3595/3407 3233/3596/3408
f 2933/3289/3110 3234/3597/3319 3009/3362/3182
f 3235/3598/3409 3236/3599/3410 3237/3600/3411
f 2851/3207/3028 3133/3491/3306 2963/3319/3140
f 3238/3601/3412 3239/3602/3413 3190/3550/3362
f 3240/3603/3414 2999/3352/3172 2998/3351/3171
f 3241/3604/3415 3242/3605/3416 3243/3606/3417
f 3244/3607/3418 2826/3182/3003 2825/3181/3002
f 3168/3527/3341 3245/3608/3419 3166/3525/3339
f 3246/3609/3420 2980/3336/3157 3247/3610/3421
f 3248/3611/3422 3249/3612/3423 3250/3613/3424
f 2817/3173/2994 3251/3614/3425 3252/3615/3426
f 3010/3363/3183 3253/3616/3427 3254/3617/3428
f 3136/3494/3309 2905/3261/3082 2904/3260/3081
f 3255/3618/3429 3256/3619/3430 3257/3620/3431
f 3258/3621/3432 3259/3622/3433 3232/3595/3407
f 3260/3623/3434 3261/3624/3435 3262/3625/3436
f 2858/3214/3035 3263/3626/3437 2856/3212/3033
f 3264/3627/3438 3265/3628/3439 3266/3629/3440
f 3267/3630/3441 3163/3522/3336 3268/3631/3442
f 3269/3632/3443 3270/3633/3444 3271/3634/3445
f 2943/3299/3120 3272/3635/3446 3273/3636/3447
f 3274/3637/3448 3275/3638/3449 2819/3175/2996
f 3276/3639/3450 3216/3577/3389 3134/3492/3307
f 3277/238/3451 3278/3640/3452 3279/3641/3453
f 3242/3605/3416 3280/3642/3454 2997/3350/3170
f 3281/3643/3455 3150/3508/3322 3282/3644/3456
f 5052/3645/3457 3283/3646/3458 3284/3647/3459
f 3035/3389/3208 3285/3648/3446 3185/3545/3359
f 3286/3649/3460 3287/3650/3461 3288/3651/3462
f 3289/3652/3463 3290/3653/3464 3291/3654/3465
f 2860/3216/3037 3268/3631/3442 2859/3215/3036
f 2972/3328/3149 3292/3655/3253 3293/3656/3466
f 2809/3165/2986 3294/3657/3467 3295/3658/3468
f 3296/3659/3469 3297/3660/3470 3298/3661/3471
f 3104/3460/3276 3299/3662/3472 3300/3663/3473
f 3301/3664/3474 3302/3665/3475 3283/3646/3458
f 3303/3666/3476 3304/3667/3477 3216/3577/3389
f 3251/3614/3425 3287/3650/3461 3252/3615/3426
f 3305/3668/3478 3306/3669/3479 3307/3670/3480
f 3308/3671/3481 3309/3672/3482 3310/3673/3483
f 3064/3418/3236 3311/3674/3484 3312/3675/3485
f 2833/3189/3009 3313/3676/3486 3314/3677/3487
f 3315/3678/3488 3219/3582/3394 2942/3298/3119
f 3316/3679/3489 2919/3275/3096 3317/3680/3490
f 3318/3681/3491 3319/3682/3492 3320/3683/3493
f 3321/3684/3494 3322/3685/3495 3215/3576/3388
f 3323/3686/3496 3173/3532/3346 3172/3531/3345
f 3324/3687/3497 3325/3688/3498 3326/3689/3499
f 3327/3690/3500 2928/3284/3105 3328/3691/3501
f 3269/3632/3443 3329/3692/3502 3330/3693/3503
f 3331/3694/3504 3121/3477/3293 3120/3476/3292
f 3332/3695/3505 3006/3359/3179 3333/3696/3506
f 2793/3149/2970 3334/3697/3507 3335/3698/3508
f 2985/3341/3162 2805/3161/2982 2804/3160/2981
f 3336/3699/3509 3314/3677/3487 3337/3700/3510
f 2877/3233/3054 2923/3279/3100 2875/3231/3052
f 3338/3701/3511 3339/3702/3512 3172/3531/3345
f 2965/3321/3142 3340/3703/3513 3341/3704/3514
f 2935/3291/3112 3342/3705/3515 3202/3563/3375
f 3343/3706/3516 3136/3494/3309 2969/3325/3146
f 3079/3434/3251 3344/3707/3517 3077/3432/3249
f 2953/3309/3130 3345/3708/3518 2984/3340/3161
f 3346/3709/3519 3347/3710/3520 3348/3711/3521
f 3330/3693/3503 3349/3712/3522 3193/3553/3365
f 3145/3503/3318 2993/3349/3169 2992/3348/3168
f 3056/3410/3228 3010/3363/3183 3054/3408/3226
f 3080/3435/3252 2834/3190/3010 3350/3713/3523
f 2949/3305/3126 3181/3541/3355 2900/3256/3077
f 3351/3714/3524 3233/3596/3408 2920/3276/3097
f 2789/3145/2966 3352/3715/3525 3179/3539/3353
f 2938/3294/3115 3353/3716/3526 2882/3238/3059
f 3354/3717/3527 3142/3500/3315 3355/3718/3528
f 2819/3175/2996 3356/3719/3529 3143/3501/3316
f 3357/3720/3530 3358/3721/3531 3308/3671/3481
f 3359/3722/3532 3360/3723/3533 2980/3336/3157
f 3361/3724/3075 2801/3157/2978 2865/3221/3042
f 2865/3221/3042 3362/3725/3076 3361/3724/3075
f 3213/3574/3386 3363/3726/3534 3364/3727/3535
f 3365/3728/3536 3366/3729/3537 3052/3406/3224
f 3298/3661/3471 3299/3662/3472 3296/3659/3469
f 3061/3415/3233 2846/3202/3023 2845/3201/3022
f 3367/3730/3538 3368/3731/3539 2804/3160/2981
f 3100/3455/3271 3369/3732/3540 3370/3733/3541
f 3306/3669/3479 3371/3734/3542 3307/3670/3480
f 3372/3735/3543 3373/3736/3544 3374/3737/3545
f 3375/3738/3546 3027/3380/2988 3376/3739/2987
f 2868/3224/3045 3377/3740/3547 3378/3741/3548
f 3379/3742/3549 2832/3188/3008 2831/3187/3007
f 2970/3326/3147 2836/3192/3012 3380/3743/3550
f 3381/3744/3551 3382/3745/3552 3383/3746/3553
f 2945/3301/3122 3384/3747/3554 3385/3748/3555
f 3304/3667/3477 3386/3749/3556 3217/3578/3390
f 3387/3750/3557 2887/3243/3064 2886/3242/3063
f 3388/3751/2984 3389/3752/3558 3390/3753/3559
f 3293/3656/3466 3333/3696/3506 3006/3359/3179
f 3391/3754/3560 3351/3714/3524 3316/3679/3489
f 3392/3755/3561 3393/3756/3562 3394/3757/3563
f 3395/3758/3564 3032/3386/3205 3031/3385/3204
f 3396/3759/3565 3397/3760/3566 3178/3538/3352
f 3081/3436/3253 3398/3761/3567 3399/3762/3506
f 5442/3763/3568 3400/3764/3569 3401/3765/3570
f 3402/3766/3571 3025/3378/3198 3375/3738/3546
f 3011/3364/3184 5385/3767/3572 3185/3545/3359
f 3403/3768/3573 3404/235/3574 3405/234/3575
f 3237/3600/3411 2964/3320/3141 3235/3598/3409
f 3222/3585/3397 3406/3769/3576 3327/3690/3500
f 3407/3770/3577 3226/3589/3401 3408/3771/3578
f 3284/3647/3459 5056/3772/3579 5052/3645/3457
f 3409/3773/3580 2840/3196/3016 3410/3774/3581
f 3411/3775/3582 2839/3195/3015 3412/3776/3583
f 3413/3777/3584 6074/3778/3585 6082/3779/3586
f 3414/3780/3587 3415/3781/3588 3416/3782/3589
f 3381/3744/3551 3300/3663/3473 3299/3662/3472
f 3417/3783/3590 3168/3527/3341 3167/3526/3340
f 2887/3243/3064 2873/3229/3050 2885/3241/3062
f 3247/3610/3421 2982/3338/3159 3345/3708/3518
f 3418/3784/3591 3326/3689/3499 3325/3688/3498
f 3419/3785/3592 3420/3786/3593 3421/3787/3594
f 3165/3524/3338 3422/3788/3595 3423/3789/3596
f 3215/3576/3388 3386/3749/3556 3213/3574/3386
f 3424/3790/3597 3425/3791/3598 2959/3315/3136
f 3426/3792/3599 3170/3529/3343 3427/3793/3439
f 3428/3794/3600 2968/3324/3145 2912/3268/3089
f 3429/3795/3601 2849/3205/3026 3430/3796/3602
f 3228/3591/3403 3431/3797/3603 3432/3798/3604
f 5479/3799/3605 2961/3317/3138 3132/3490/3305
f 3434/3800/3606 3200/3561/3373 3301/3664/3474
f 3432/3798/3604 2955/3311/3132 3133/3491/3306
f 3140/3498/3313 3380/3743/3550 3110/3466/3282
f 3435/3801/3607 2862/3218/3039 2884/3240/3061
f 3436/3802/3608 3437/3803/3609 3438/3804/3610
f 3393/3756/3562 3439/3805/3611 3440/3806/3612
f 3317/3680/3490 3441/3807/3613 3316/3679/3489
f 3092/3447/3263 3442/3808/3614 3087/3442/3258
f 3443/3809/3092 3444/3810/3615 3445/3811/3090
f 3446/3812/3616 3447/3813/3617 3448/3814/3618
f 3449/3815/3619 5905/3816/3620 3450/3817/3621
f 3288/3651/3462 3182/3542/3356 3286/3649/3460
f 3451/3818/3622 3192/3552/3364 3452/3819/3623
f 3453/3820/3206 3009/3362/3182 3234/3597/3319
f 3039/3393/3212 3454/3821/3624 3038/3392/3211
f 3455/3822/3625 3456/3823/3626 3457/3824/3627
f 5062/3825/3628 3066/3420/3238 5060/3422/3240
f 2792/3148/2969 3229/3592/3404 3334/3697/3507
f 3458/3826/3629 3363/3726/3534 3304/3667/3477
f 3459/3827/3630 3442/3808/3614 3323/3686/3496
f 3460/3828/3631 3049/3403/3221 2956/3312/3133
f 2886/3242/3063 3187/3547/3358 3387/3750/3557
f 3461/3829/3632 3288/3651/3462 3462/3830/3633
f 3463/3831/3634 2939/3295/3116 3093/3448/3264
f 3126/3483/3298 3464/3832/3635 5386/3484/3299
f 3160/3519/3333 3377/3740/3547 3158/3517/3331
f 2957/3313/3134 3133/3491/3306 2955/3311/3132
f 3431/3797/3603 3460/3828/3631 2955/3311/3132
f 3465/3833/3636 5284/3834/3637 3344/3707/3517
f 3466/3835/3638 3467/3836/3639 3468/3837/3640
f 3469/3838/3641 3470/3839/3294 3471/3840/3642
f 2871/3227/3048 3472/3841/3643 2869/3225/3046
f 3217/3578/3390 3322/3685/3495 3473/3842/3644
f 3474/3843/3645 2989/3345/3165 3068/237/191
f 2969/3325/3146 2904/3260/3081 2970/3326/3147
f 3015/3368/3188 3061/3415/3233 3060/3414/3232
f 3475/3844/3646 3476/3845/3647 3477/3846/3648
f 3457/3824/3627 3478/3847/3649 3479/3848/3650
f 3480/3849/3651 3350/3713/3523 3481/3850/3652
f 3482/3851/3653 3483/3852/2973 3058/3412/3230
f 2804/3160/2981 3484/3853/3654 2985/3341/3162
f 3485/3854/3655 3038/3392/3211 3486/3855/3656
f 3487/3856/3657 3004/3357/3177 3003/3356/3176
f 3488/3857/3658 3190/3550/3362 3451/3818/3622
f 3134/3492/3307 3489/3858/3659 3276/3639/3450
f 3490/3859/3660 3491/3860/3661 3492/3861/3662
f 3338/3701/3511 3493/3862/3663 3494/3863/3664
f 2823/3179/3000 3495/3864/3665 2821/3177/2998
f 2890/3246/3067 3180/3540/3354 2888/3244/3065
f 3355/3718/3528 3143/3501/3316 3356/3719/3529
f 3496/3865/3666 3324/3687/3497 3421/3787/3594
f 3096/3451/3267 3223/3586/3398 3497/3866/3667
f 3350/3713/3523 3336/3699/3509 3498/3867/3668
f 3206/3567/3379 3202/3563/3375 3342/3705/3515
f 3502/3868/3669 3503/3869/3670 3354/3717/3527
f 2925/3281/3102 3221/3584/3396 2876/3232/3053
f 2990/3346/3166 3504/3870/3671 3169/3528/3342
f 3376/3739/2987 3484/3853/3654 3375/3738/3546
f 3340/3703/3513 3505/3871/3672 3506/3872/3673
f 3154/3513/3327 3412/3776/3583 3153/3511/3325
f 3295/3658/3468 3507/3873/3674 3040/3394/3213
f 3508/3874/3675 3509/3875/3676 3510/3876/3677
f 3091/3446/3262 3511/3877/3678 3512/3878/3679
f 3440/3806/3612 3297/3660/3470 3176/3536/3350
f 2895/3251/3072 3513/3879/3680 3514/3880/3681
f 3515/3881/3682 3246/3609/3420 3516/3882/3683
f 3313/3676/3486 3192/3552/3364 3191/3551/3363
f 3086/3441/3257 3517/3883/3684 3511/3877/3678
f 3518/3884/3685 3326/3689/3499 3395/3758/3564
f 3519/3885/3686 3183/3543/3357 3520/3886/3687
f 3085/3440/3256 3521/3887/3688 3083/3438/3254
f 3117/3473/3289 2937/3293/3114 3244/3607/3418
f 3244/3607/3418 3118/3474/3290 3117/3473/3289
f 3522/3888/3446 3319/3682/3492 3523/3889/3689
f 3101/3456/3272 2793/3149/2970 3214/3575/3387
f 3524/3890/3690 3019/3372/3192 3018/3371/3191
f 3293/3656/3466 2973/3329/3150 2972/3328/3149
f 3525/3891/3691 3526/3892/3692 3527/3893/3693
f 3528/3894/3694 3529/3895/3695 3264/3627/3438
f 3215/3576/3388 3530/3896/3696 3321/3684/3494
f 3480/3849/3651 3391/3754/3560 3398/3761/3567
f 2981/3337/3158 3407/3770/3577 3408/3771/3578
f 3141/3499/3314 3110/3466/3282 3109/3465/3281
f 3273/3636/3447 2944/3300/3121 2943/3299/3120
f 3523/3889/3689 3531/3897/3697 3532/3898/3185
f 3509/3875/3676 3533/3899/3698 3534/3900/3699
f 3191/3551/3363 3314/3677/3487 3313/3676/3486
f 3222/3585/3397 2933/3289/3110 3008/3361/3181
f 3039/3393/3212 3382/3745/3552 3298/3661/3471
f 3535/3901/3209 3508/3874/3675 3536/3902/3700
f 3402/3766/3571 3321/3684/3494 3530/3896/3696
f 2910/3266/3087 2831/3187/3007 3045/3399/3217
f 3537/3903/3701 3118/3474/3290 3346/3709/3519
f 3538/3904/3255 3539/3905/3702 3496/3865/3666
f 3540/3906/3703 3541/3907/3704 3542/3908/3705
f 2797/3153/2974 3543/3909/3706 3509/3875/3676
f 3544/3910/3707 3088/3443/3259 3156/3515/3329
f 3545/3911/3708 2882/3238/3059 3353/3716/3526
f 3407/3770/3577 3099/3454/3270 3098/3453/3269
f 3473/3842/3644 3367/3730/3538 2803/3159/2980
f 3357/3720/3530 3494/3863/3664 3493/3862/3663
f 3074/3429/3247 2850/3206/3027 2944/3300/3121
f 3546/3912/3709 3359/3722/3532 3246/3609/3420
f 3547/3913/3710 3045/3399/3217 3046/3400/3218
f 3365/3728/3536 3548/3914/3711 3549/3915/3712
f 2921/3277/3098 3327/3690/3500 2919/3275/3096
f 3161/3520/3334 3550/3916/3713 3551/3917/3298
f 3383/3746/3553 2880/3236/3057 2879/3235/3056
f 3552/3918/3714 3161/3520/3334 3551/3917/3298
f 3110/3466/3282 2836/3192/3012 2838/3194/3014
f 3553/3919/3715 3017/3370/3190 3554/3920/3716
f 3316/3679/3489 3398/3761/3567 3391/3754/3560
f 6111/3921/3717 3555/3922/3718 2866/3222/3043
f 3556/3923/3719 3557/3924/3720 2898/3254/3075
f 3558/3925/3721 2968/3324/3145 3055/3409/3227
f 3559/3926/3722 3255/3618/3429 3560/3927/3723
f 3139/3497/3312 3348/3711/3521 3347/3710/3520
f 3090/3445/3261 3561/3928/2975 3036/3390/3209
f 3018/3371/3191 3428/3794/3600 2872/3228/3049
f 3562/3929/3724 3353/3716/3526 2939/3295/3116
f 3298/3661/3471 3439/3805/3611 3039/3393/3212
f 3172/3531/3345 3563/3930/3725 3323/3686/3496
f 5417/3931/3726 3564/3932/3727 5351/3933/3728
f 3256/3619/3430 3448/3814/3618 6103/3934/3729
f 3565/3935/3730 3548/3914/3711 2832/3188/3008
f 3566/3936/3731 3331/3694/3504 3567/3937/3732
f 5064/3938/3733 3193/3553/3365 3349/3712/3522
f 3568/3939/3734 3569/3940/3732 3570/3941/3504
f 3571/3942/3735 3444/3810/3615 3572/3943/3736
f 3271/3634/3445 3573/3944/3737 3269/3632/3443
f 3463/3831/3634 3343/3706/3516 3562/3929/3724
f 6093/3945/3738 3574/3946/3739 3575/3947/3740
f 3170/3529/3343 3070/3425/3243 3427/3793/3439
f 3576/3948/3741 3047/3401/3219 3577/3949/3742
f 3473/3842/3644 3135/3493/3308 3217/3578/3390
f 2963/3319/3140 2852/3208/3029 2851/3207/3028
f 2908/3264/3085 3578/3950/3743 5771/3951/3744
f 3579/3952/3745 3438/3804/3610 3437/3803/3609
f 3580/3953/3746 2806/3162/2983 2808/3164/2985
f 3125/3481/3296 3581/3954/3642 3123/3479/3294
f 3341/3704/3514 3582/3955/3747 3129/3487/3302
f 3583/3956/3748 3556/3923/3719 2897/3253/3074
f 3584/3957/3749 3087/3442/3258 3442/3808/3614
f 2944/3300/3121 3157/3516/3330 2942/3298/3119
f 3585/3958/3750 3308/3671/3481 3310/3673/3483
f 2859/3215/3036 3103/3459/3275 3543/3909/3706
f 5065/3959/3751 3586/3960/3752 3194/3554/3366
f 3176/3536/3350 3587/3961/3753 3440/3806/3612
f 2820/3176/2997 3385/3748/3555 2818/3174/2995
f 3325/3688/3498 3588/3962/3352 3589/3963/3754
f 2960/3316/3137 3334/3697/3507 3229/3592/3404
f 3132/3490/3305 3209/3570/3382 5479/3799/3605
f 3590/3964/3755 3591/3965/3756 3592/3966/3757
f 3230/3593/3405 3593/3967/3758 3594/3968/3759
f 2952/3308/3129 3354/3717/3527 3595/3969/3760
f 3596/3970/3761 3597/3971/3762 2840/3196/3016
f 3372/3735/3543 3437/3803/3609 3598/3972/3763
f 3558/3925/3721 3599/3973/3460 3186/3546/3356
f 3143/3501/3316 2820/3176/2997 2819/3175/2996
f 3600/3974/3764 3163/3522/3336 3162/3521/3335
f 3575/3947/3740 3533/3899/3698 3105/3461/3277
f 3259/3622/3433 3396/3759/3565 3177/3537/3351
f 3601/3975/3765 2835/3191/3011 2976/3332/3153
f 3391/3754/3560 3258/3621/3432 3231/3594/3406
f 3602/3976/3766 3603/3977/3767 3604/3978/3768
f 3605/3979/3769 5263/3980/3770 3606/3981/3771
f 3441/3807/3613 3399/3762/3506 3398/3761/3567
f 3520/3886/3687 3607/3982/3772 3461/3829/3632
f 3267/3630/3441 3608/3983/3274 3550/3916/3713
f 3609/3984/3773 5257/3985/3774 5263/3980/3770
f 3610/3986/3775 3277/238/3451 3611/3987/3776
f 3612/3988/3777 3573/3944/3737 3613/3989/3778
f 3543/3909/3706 3105/3461/3277 3533/3899/3698
f 3330/3693/3503 3195/3555/3367 3270/3633/3444
f 3614/3990/3779 2924/3280/3101 3016/3369/3189
f 3615/3991/3780 5270/3992/3781 3617/3993/3782
f 3618/3994/3783 3268/3631/3442 3163/3522/3336
f 3323/3686/3496 3619/3995/3784 3459/3827/3630
f 3521/3887/3688 2920/3276/3097 3233/3596/3408
f 3613/3989/3778 3525/3891/3691 3332/3695/3505
f 3620/3996/3785 3459/3827/3630 3619/3995/3784
f 2919/3275/3096 3328/3691/3501 3317/3680/3490
f 3232/3595/3407 3177/3537/3351 3083/3438/3254
f 3406/3769/3576 2926/3282/3103 2928/3284/3105
f 3621/3997/3786 3416/3782/3589 5450/3998/3787
f 2942/3298/3119 3156/3515/3329 3315/3678/3488
f 3622/3999/3788 3623/4000/3789 2948/3304/3125
f 3624/4001/3790 3016/3369/3189 3553/3919/3715
f 3233/3596/3408 3083/3438/3254 3521/3887/3688
f 3611/3987/3776 3423/3789/3596 3610/3986/3775
f 5278/4002/3791 3625/4003/3792 2930/3286/3107
f 3597/3971/3762 3410/3774/3581 2840/3196/3016
f 3452/3819/3623 3626/4004/3793 2895/3251/3072
f 2974/3330/3151 3580/3953/3746 3591/3965/3756
f 3627/4005/3794 3131/3489/3304 2992/3348/3168
f 3088/3443/3259 3315/3678/3488 3156/3515/3329
f 3628/4006/3795 3614/3990/3779 3624/4001/3790
f 3375/3738/3546 3368/3731/3539 3402/3766/3571
f 3515/3881/3682 3629/4007/3796 3630/4008/3797
f 3401/3765/3570 5449/4009/3798 5442/3763/3568
f 3481/3850/3652 3498/3867/3668 3258/3621/3432
f 2824/3180/3001 2970/3326/3147 3380/3743/3550
f 3498/3867/3668 3337/3700/3510 3259/3622/3433
f 3185/3545/3359 3631/4010/3799 3011/3364/3184
f 3109/3465/3281 3632/4011/3800 3141/3499/3314
f 3633/4012/3801 3634/4013/3802 3547/3913/3710
f 3065/3419/3237 3312/3675/3485 3635/4014/3803
f 2909/3265/3086 3636/4015/3804 3637/4016/3805
f 3634/4013/3802 2910/3266/3087 3045/3399/3217
f 3214/3575/3387 3335/3698/3508 3530/3896/3696
f 3051/3405/3223 2832/3188/3008 3548/3914/3711
f 3568/3939/3734 3638/4017/3292 3557/3924/3720
f 2902/3258/3079 3639/4018/3806 2983/3339/3160
f 3596/3970/3761 5448/4019/3807 5443/4020/3808
f 3640/4021/3809 3512/3878/3679 3641/4022/3810
f 3642/4023/3811 3643/4024/3812 3426/3792/3599
f 2938/3294/3115 3524/3890/3690 2874/3230/3051
f 3046/3400/3218 3113/3469/3285 3547/3913/3710
f 2997/3350/3170 3243/3606/3417 3242/3605/3416
f 3644/4025/3813 3645/4026/3814 5312/4027/3815
f 3188/3548/3360 3421/3787/3594 3420/3786/3593
f 2966/3322/3143 3235/3598/3409 2964/3320/3141
f 5282/4028/3816 3646/4029/3817 3625/4003/3792
f 3568/3939/3734 3647/4030/3818 3648/4031/3819
f 3649/4032/3820 2884/3240/3061 2883/3239/3060
f 3289/3652/3463 2947/3303/3124 2946/3302/3123
f 3068/237/191 3650/239/193 3474/3843/3645
f 3364/3727/3535 3651/4033/3821 3369/3732/3540
f 3289/3652/3463 3503/3869/3670 3652/4034/3822
f 2947/3303/3124 3653/4035/3823 3597/3971/3762
f 2877/3233/3054 3055/3409/3227 2968/3324/3145
f 3654/4036/3824 5487/4037/3825 2977/3333/3154
f 3593/3967/3758 3171/3530/3344 3594/3968/3759
f 3073/3428/3246 5461/4038/3826 3071/3426/3244
f 3566/3936/3731 3440/3806/3612 3587/3961/3753
f 3653/4035/3823 3639/4018/3806 3410/3774/3581
f 3247/3610/3421 3516/3882/3683 3246/3609/3420
f 3641/4022/3810 3655/4039/3827 2902/3258/3079
f 3024/3377/3197 2891/3247/3068 2948/3304/3125
f 3291/3654/3465 3656/4040/3828 3653/4035/3823
f 3211/3572/3384 3184/3544/3358 3183/3543/3357
f 3328/3691/3501 3095/3450/3266 3317/3680/3490
f 3252/3615/3426 3657/4041/3829 3658/4042/3427
f 3659/4043/3830 3032/3386/3205 3418/3784/3591
f 3577/3949/3742 2887/3243/3064 3660/4044/3831
f 3337/3700/3510 3661/4045/3832 3396/3759/3565
f 2918/3274/3095 3662/4046/3833 2848/3204/3025
f 3301/3664/3474 3663/4047/3834 3434/3800/3606
f 3224/3587/3399 3559/3926/3722 3560/3927/3723
f 3664/4048/3835 3020/3373/3193 2993/3349/3169
f 3582/3955/3747 2951/3307/3128 2950/3306/3127
f 3630/4008/3797 3549/3915/3712 3548/3914/3711
f 3598/3972/3763 3030/3384/3203 3659/4043/3830
f 3356/3719/3529 3629/4007/3796 3355/3718/3528
f 3626/4004/3793 3601/3975/3765 3513/3879/3680
f 5443/4020/3808 3665/4049/3836 3596/3970/3761
f 3492/3861/3662 3666/4050/3837 3455/3822/3625
f 3141/3499/3314 3667/4051/3838 3139/3497/3312
f 3497/3866/3667 2927/3283/3104 3628/4006/3795
f 3595/3969/3760 3516/3882/3683 2952/3308/3129
f 2841/3197/3017 3517/3883/3684 3668/4052/3839
f 3239/3602/3413 3661/4045/3832 3191/3551/3363
f 3446/3812/3616 3637/4016/3805 3636/4015/3804
f 5450/3998/3787 3669/4053/3840 3621/3997/3786
f 2917/3273/3094 3670/4054/3841 2809/3165/2986
f 3514/3880/3681 2975/3331/3152 3467/3836/3639
f 2954/3310/3131 3502/3868/3669 2952/3308/3129
f 2914/3270/3091 6081/4055/3842 3672/4056/3843
f 3282/3644/3456 5388/4057/3844 3673/4058/3845
f 3674/4059/3846 3266/3629/3440 3675/4060/3847
f 3264/3627/3438 3676/4061/3848 3528/3894/3694
f 3150/3508/3322 2802/3158/2979 5388/4057/3844
f 3320/3683/3493 3677/4062/3849 3261/3624/3435
f 3618/3994/3783 3296/3659/3469 3104/3460/3276
f 2841/3197/3017 3511/3877/3678 3517/3883/3684
f 3513/3879/3680 2976/3332/3153 2975/3331/3152
f 3189/3549/3361 3496/3865/3666 3188/3548/3360
f 3155/3514/3328 2962/3318/3139 3668/4052/3839
f 3370/3733/3541 3358/3721/3531 3100/3455/3271
f 3678/4063/3591 3397/3760/3566 3239/3602/3413
f 3203/3564/3376 2936/3292/3113 2935/3291/3112
f 2810/3166/2987 3040/3394/3213 3679/4064/3163
f 3462/3830/3633 3287/3650/3461 3680/4065/3850
f 3681/4066/3250 3340/3703/3513 3506/3872/3673
f 3211/3572/3384 3108/3464/3280 3107/3463/3279
f 2993/3349/3169 3022/3375/3195 2991/3347/3167
f 5478/4067/3851 3682/4068/3852 2857/3213/3034
f 3683/4069/3853 3014/3367/3187 3106/3462/3278
f 3006/3359/3179 3527/3893/3693 3007/3360/3180
f 2827/3183/3004 3684/4070/3854 3685/4071/3855
f 3170/3529/3343 2838/3194/3014 2837/3193/3013
f 3686/4072/3856 5460/4073/3857 5449/4009/3798
f 3574/3946/3739 3534/3900/3699 3533/3899/3698
f 3630/4008/3797 3546/3912/3709 3515/3881/3682
f 3687/4074/3858 3494/3863/3664 3585/3958/3750
f 3173/3532/3346 3594/3968/3759 3171/3530/3344
f 3688/4075/3859 6117/3535/3349 3175/3534/3348
f 2874/3230/3051 3018/3371/3191 2872/3228/3049
f 3544/3910/3707 3668/4052/3839 3517/3883/3684
f 3562/3929/3724 2969/3325/3146 3545/3911/3708
f 3689/4076/3860 6107/4077/3861 3490/3859/3660
f 3320/3683/3493 3690/4078/3862 3318/3681/3491
f 3560/3927/3723 3257/3620/3431 3225/3588/3400
f 3691/4079/3863 3592/3966/3757 3249/3612/3423
f 3410/3774/3581 3655/4039/3827 3409/3773/3580
f 6096/4080/3864 3547/3913/3710 3113/3469/3285
f 2966/3322/3143 3652/4034/3822 3503/3869/3670
f 3692/4081/3865 3584/3957/3749 3459/3827/3630
f 2817/3173/2994 3658/4042/3427 3033/3387/3206
f 3693/4082/3866 3694/4083/3867 3420/3786/3593
f 3673/4058/3845 3623/4000/3789 3282/3644/3456
f 3695/4084/3545 3452/3819/3623 2894/3250/3071
f 3056/3410/3228 2876/3232/3053 3221/3584/3396
f 3696/4085/3320 2932/3288/3109 3521/3887/3688
f 3668/4052/3839 3153/3511/3325 3412/3776/3583
f 3300/3663/3473 3105/3461/3277 3104/3460/3276
f 3421/3787/3594 3518/3884/3685 3419/3785/3592
f 3282/3644/3456 3697/4086/3868 3281/3643/3455
f 3574/3946/3739 3050/3404/3222 3049/3403/3221
f 3230/3593/3405 3641/4022/3810 2901/3257/3078
f 2983/3339/3160 3656/4040/3828 3129/3487/3302
f 3420/3786/3593 3146/3504/3207 3188/3548/3360
f 3379/3742/3549 3097/3452/3268 3698/4087/3869
f 3536/3902/3700 3076/3431/3248 3535/3901/3209
f 3616/4088/3771 2931/3287/3108 3699/4089/3870
f 3692/4081/3865 3220/3583/3395 3219/3582/3394
f 3530/3896/3696 3425/3791/3598 3402/3766/3571
f 3467/3836/3639 3590/3964/3755 3691/4079/3863
f 3676/4061/3848 3200/3561/3373 3528/3894/3694
f 3700/4090/3871 3701/4091/3872 3702/4092/3873
f 3116/3472/3288 3554/3920/3716 3017/3370/3190
f 3279/3641/3453 3611/3987/3776 3277/238/3451
f 3157/3516/3330 2852/3208/3029 3155/3514/3328
f 3254/3617/3428 3054/3408/3226 3010/3363/3183
f 3575/3947/3740 6110/4093/3874 6093/3945/3738
f 3409/3773/3580 3512/3878/3679 3511/3877/3678
f 2829/3185/2991 2889/3245/3066 2827/3183/3004
f 3364/3727/3535 3101/3456/3272 3213/3574/3386
f 3176/3536/3350 3600/3974/3764 3162/3521/3335
f 5390/4094/3875 3703/4095/3713 3102/3458/3274
f 3665/4049/3836 2947/3303/3124 3597/3971/3762
f 2959/3315/3136 3335/3698/3508 3334/3697/3507
f 3698/4087/3869 3565/3935/3730 3379/3742/3549
f 3640/4021/3809 3594/3968/3759 3092/3447/3263
f 3129/3487/3302 3290/3653/3464 3341/3704/3514
f 3704/4096/3876 5490/4097/3877 3371/3734/3542
f 3705/4098/3650 2827/3183/3004 3685/4071/3855
f 3698/4087/3869 3099/3454/3270 3359/3722/3532
f 3113/3469/3285 3706/4099/3878 3002/3355/3175
f 3536/3902/3700 3510/3876/3677 3431/3797/3603
f 3354/3717/3527 3629/4007/3796 3595/3969/3760
f 3707/4100/2990 2890/3246/3067 2889/3245/3066
f 5273/4101/3879 3708/4102/3880 3078/3433/3250
f 3709/4103/3881 3672/4056/3843 6081/4055/3842
f 2825/3181/3002 3347/3710/3520 3244/3607/3418
f 5905/3816/3620 3710/4104/3882 3450/3817/3621
f 3432/3798/3604 3227/3590/3402 3228/3591/3403
f 2909/3265/3086 3559/3926/3722 3098/3453/3269
f 2918/3274/3095 3711/4105/3883 2916/3272/3093
f 3712/4106/3884 6097/4107/3885 3671/4108/3886
f 3593/3967/3758 3357/3720/3530 3493/3862/3663
f 2814/3170/2991 3046/3400/3218 2812/3168/2989
f 3644/4025/3813 5351/3933/3728 3564/3932/3727
f 6103/3934/3729 3633/4012/3801 6096/4080/3864
f 3262/3625/3436 3700/4090/3871 3260/3623/3434
f 3424/3790/3597 3128/3486/3301 3026/3379/3199
f 2811/3167/2988 2917/3273/3094 2809/3165/2986
f 3053/3407/3225 2830/3186/3006 3051/3405/3223
f 3275/3638/3449 3549/3915/3712 3356/3719/3529
f 3633/4012/3801 3448/3814/3618 3447/3813/3617
f 3559/3926/3722 3407/3770/3577 3098/3453/3269
f 3702/4092/3873 3260/3623/3434 3700/4090/3871
f 3447/3813/3617 2911/3267/3088 3634/4013/3802
f 3341/3704/3514 3652/4034/3822 2965/3321/3142
f 5339/4109/3887 2715/3062/2885 2490/2830/2655
f 2463/2803/2628 2639/2982/2806 2682/3027/2851
f 2584/2925/2750 2531/2871/2696 2641/2984/2808
f 3713/4110/3888 2783/3139/2960 5106/3103/2923
f 2762/3113/2933 3714/4111/3889 3715/4112/3890
f 3716/4113/3891 2786/3142/2963 3717/4114/3892
f 2611/2953/2778 2642/2985/2809 2568/2909/2734
f 2559/2899/2724 2501/2841/2666 2481/2821/2646
f 3718/4115/3893 3719/4116/3894 3720/4117/3895
f 2429/2769/2594 2714/3061/2884 2500/2840/2665
f 2561/2901/2726 3721/4118/3896 2657/3000/2824
f 2537/2877/2702 2514/2854/2679 2535/2875/2700
f 3722/4119/3897 2545/2885/2710 2547/2887/2712
f 2484/2824/2649 2546/2886/2711 2731/3080/2903
f 2603/2945/2770 2509/2849/2674 2508/2848/2673
f 2677/3022/2846 5252/3133/2953 2778/3132/2952
f 2666/3009/2833 3723/4120/3898 2687/3032/2856
f 2483/2823/2648 2497/2837/2662 2548/2888/2713
f 2461/2801/2626 2682/3027/2851 2667/3010/2834
f 2644/2987/2811 2736/3085/2908 2488/2828/2653
f 2694/3040/2864 5320/4121/3899 2773/3126/2946
f 2695/3041/2865 2774/3128/2948 2658/3001/2825
f 5109/4122/3900 2706/3052/2875 5110/2903/2728
f 2714/3061/2884 2570/2911/2736 2500/2840/2665
f 2534/2874/2699 3724/4123/3901 2453/2793/2618
f 2664/3007/2831 3717/4114/3892 2662/3005/2829
f 3723/4120/3898 2450/2790/2615 2775/3129/2949
f 2659/3002/2826 2512/2852/2677 2660/3003/2827
f 2707/3053/2876 2432/2772/2597 2431/2771/2596
f 2757/3108/2928 5108/4124/3902 5111/4125/3903
f 3725/4126/3904 3726/4127/3905 2729/3078/2901
f 2516/2856/2681 2731/3080/2903 2545/2885/2710
f 2506/2846/2671 2630/2973/2797 2504/2844/2669
f 2568/2909/2734 2526/2866/2691 2611/2953/2778
f 2582/2923/2748 2754/3105/2925 3727/4128/3906
f 2585/2926/2751 2636/2979/2803 2449/2789/2614
f 2449/2789/2614 2632/2975/2799 2571/2912/2737
f 5122/4129/3907 3728/4130/3908 3718/4115/3893
f 3729/4131/3909 5121/4132/3910 3730/4133/3911
f 2556/2896/2721 2593/2935/2760 2515/2855/2680
f 2636/2979/2803 2616/2958/2782 2632/2975/2799
f 2713/3060/2883 2739/3088/2911 2735/3084/2907
f 2432/2772/2597 2690/3036/2860 2566/2907/2732
f 5117/4134/3912 2744/3093/2916 2745/3095/2917
f 3731/4135/3913 2561/2901/2726 3732/4136/3914
f 2617/2959/2783 2775/3129/2949 2618/2960/2784
f 2529/2869/2694 2750/3100/2920 3722/4119/3897
f 2746/3096/2918 2660/3003/2827 2512/2852/2677
f 2673/3017/2841 2640/2983/2807 2560/2900/2725
f 2660/3003/2827 2595/2937/2762 2594/2936/2761
f 2486/2826/2651 2608/2950/2775 5373/4137/3915
f 2515/2855/2680 2557/2897/2722 2556/2896/2721
f 2551/2891/2716 2493/2833/2658 2495/2835/2660
f 3733/4138/3916 2584/2925/2750 2543/2883/2708
f 2635/2978/2802 2695/3041/2865 2658/3001/2825
f 3734/4139/3917 5357/4140/3918 2527/2867/2692
f 2682/3027/2851 2646/2989/2813 2681/3026/2850
f 2655/2998/2822 2769/3121/2941 2496/2836/2661
f 2733/3082/2905 2693/3039/2863 2732/3081/2904
f 5373/4137/3915 2735/3084/2907 2739/3088/2911
f 5350/4141/3919 2700/3046/2870 2699/3045/2869
f 2505/2845/2670 2759/3110/2930 2614/2956/2759
f 2650/2993/2817 2740/3089/2912 2739/3088/2911
f 2769/3121/2941 2497/2837/2662 2496/2836/2661
f 2607/2949/2774 2609/2951/2776 2511/2851/2676
f 2567/2908/2733 2489/2829/2654 2526/2866/2691
f 2539/2879/2704 2526/2866/2691 2525/2865/2690
f 5111/4125/3903 3719/4116/3894 2757/3108/2928
f 2607/2949/2774 2776/3130/2950 2734/3083/2906
f 2767/3119/2939 5123/4142/3920 5157/3117/2937
f 3715/4112/3890 3735/4143/3921 2770/3122/2942
f 5112/4144/3922 3736/4145/3923 3737/4146/3924
f 5112/4144/3922 3738/4147/3925 5117/4134/3912
f 3742/4148/3926 3743/4149/3927 3744/4150/3928
f 3745/4151/3929 3746/4152/3930 3747/4153/3931
f 3748/4154/3932 3749/4155/3933 3750/4156/3934
f 3751/4157/3935 3752/4158/3936 3753/4159/3937
f 3754/4160/3938 3755/4161/3939 3756/4162/3940
f 3757/4163/3941 3758/4164/3942 3759/4165/3943
f 3760/259/3944 3761/4166/3945 3762/4167/3946
f 3763/4168/3947 3764/4169/3948 3765/4170/3949
f 3766/4171/3950 3767/4172/3951 3768/4173/3952
f 3769/4174/3953 3770/4175/3954 3771/4176/3955
f 3751/4157/3935 3753/4159/3937 3772/4177/3955
f 3773/4178/3956 3774/4179/3957 3775/4180/3958
f 3776/4181/3959 3777/4182/3960 3778/4183/3961
f 3779/4184/3962 3780/4185/3963 3781/4186/3964
f 3782/4187/3965 3783/4188/3966 3784/4189/3967
f 3780/4185/3963 3785/4190/3968 3782/4187/3965
f 3786/4191/3969 3787/4192/3970 3780/4185/3963
f 3788/4193/3966 3789/4194/3971 3790/4195/3972
f 3787/4192/3970 3791/4196/3973 3785/4190/3968
f 3792/4197/3974 3793/4198/3975 3787/4192/3970
f 3794/4199/3976 3795/4200/3977 3796/4201/3978
f 3797/4202/3979 3798/4203/3980 3799/4204/3981
f 3800/4205/3982 3801/4206/3983 3802/4207/3984
f 3803/4208/3985 3804/4209/3986 3801/4206/3983
f 3805/4210/3987 3806/4211/3988 3807/4212/3989
f 3808/4213/3990 3809/4214/3991 3810/4215/3992
f 3811/4216/3993 3810/4215/3992 3812/4217/3994
f 3813/4218/3995 3814/4219/3996 3815/4220/3997
f 3816/4221/3998 3817/4222/3999 3818/4223/4000
f 3819/4224/4001 3820/4225/4002 3816/4221/3998
f 5726/4226/4003 3821/4227/4004 3822/4228/4005
f 3823/4229/4006 3824/4230/4007 3825/4231/4008
f 3826/4232/4009 3827/4233/4010 3823/4229/4006
f 3828/4234/4011 3825/4231/4008 3824/4230/4007
f 3829/4235/4012 3830/4236/4013 3831/4237/4014
f 3832/4238/4015 3833/4239/4016 3834/4240/4017
f 3835/4241/4018 3836/4242/4019 3837/4243/4007
f 5695/4244/4020 3838/4245/4021 3835/4241/4018
f 3839/4246/4022 3840/4247/4023 3841/4248/4024
f 3842/4249/4025 3843/4250/4026 3794/4199/3976
f 3844/4251/4027 3845/4252/4028 3846/4253/4029
f 3847/4254/4030 3848/4255/4031 3849/4256/4032
f 3850/4257/4033 5735/4258/4034 3851/4259/4035
f 3852/4260/4036 3853/4261/4037 3854/4262/4038
f 3855/4263/4039 5512/4264/4040 3856/4265/4041
f 3857/246/4042 3858/4266/4043 3859/4267/4044
f 3860/4268/4045 3837/4243/4007 3836/4242/4019
f 3861/4269/4046 3862/4270/4047 3863/4271/4048
f 3864/4272/4049 3865/4273/4050 3866/4274/4051
f 3867/4275/4052 3868/4276/4053 3865/4273/4050
f 3869/4277/4054 3864/4272/4049 3870/4278/4055
f 3871/4279/4056 3872/4280/4057 3873/4281/4058
f 3874/4282/4059 3875/4283/4060 3876/4284/4061
f 3877/4285/4062 3878/4286/4063 3879/4287/4064
f 3880/4288/4065 3881/4289/4066 3882/4290/4067
f 3883/4291/4068 3884/4292/4069 3885/4293/4070
f 3886/4294/4071 3887/4295/4072 3888/4296/4073
f 3889/4297/4074 3890/4298/4075 3891/4299/4076
f 3892/4300/4077 3893/4301/4078 3894/4302/4079
f 3816/4221/3998 3895/4303/4080 3819/4224/4001
f 3896/4304/4081 3897/4305/4082 3898/4306/4083
f 3877/4285/4062 3899/4307/4084 3897/4305/4082
f 3900/4308/4085 3901/4309/4086 3902/4310/4087
f 3903/4311/4088 3904/4312/4089 3900/4308/4085
f 3905/4313/3985 3851/4259/4035 3752/4158/3936
f 3906/4314/4090 3907/4315/4091 3908/4316/4092
f 3909/4317/4093 3910/4318/4094 3911/4319/4095
f 3912/4320/4096 3913/4321/4097 3910/4318/4094
f 3914/4322/4098 3879/4287/4064 3915/4323/4099
f 3916/4324/4100 3763/4168/3947 3806/4211/3988
f 3915/4323/4099 3917/4325/4101 3918/4326/4102
f 3919/4327/4103 3848/4255/4031 5507/4328/4104
f 3920/4329/4105 3921/4330/4106 3922/4331/4107
f 3923/4332/4108 3917/4325/4101 3924/4333/4109
f 3924/4333/4109 3879/4287/4064 3878/4286/4063
f 3925/4334/4110 3926/4335/4111 3927/4336/4112
f 3928/4337/4113 5509/4338/4114 3929/4339/4115
f 3930/4340/4116 3931/4341/4117 3932/4342/4118
f 3933/4343/4119 3934/4344/4120 3935/4345/4121
f 3809/4214/3991 3936/4346/4122 3937/4347/4123
f 3938/4348/4124 3939/4349/4125 3767/4172/3951
f 3940/4350/4126 3941/4351/4127 3942/4352/4128
f 3943/4353/4129 3944/4354/4130 3945/4355/4131
f 3946/4356/4132 3947/4357/4133 3948/4358/4134
f 3949/4359/4135 3950/4360/4136 3951/4361/4137
f 3941/4351/4127 3952/4362/4138 3942/4352/4128
f 3953/4363/4139 5715/4364/4140 3954/4365/4141
f 3852/4260/4036 3955/4366/4142 3956/4367/4143
f 3957/4368/4144 3958/4369/4145 3959/4370/4146
f 3960/4371/4147 3961/4372/4148 3962/4373/4149
f 3963/4374/4150 3964/4375/4151 3965/4376/4151
f 3966/4377/4152 3779/4184/3962 3843/4250/4026
f 5666/4378/4153 3967/4379/4154 3968/4380/4155
f 3969/4381/4156 3970/4382/4157 3971/4383/4158
f 3972/4384/4159 3973/4385/4160 3974/4386/4161
f 3975/4387/4162 3976/4388/4163 3844/4251/4027
f 3768/4173/3952 5659/4389/4164 3977/4390/4165
f 3978/4391/4166 3892/4300/4077 3894/4302/4079
f 3979/4392/4167 3980/4393/4168 3981/4394/4169
f 3765/4170/3949 3982/4395/4170 3983/4396/4171
f 3849/4256/4032 3984/4397/4172 3985/4398/4173
f 3986/4399/4174 3987/4400/4175 3988/4401/4176
f 3989/4402/4177 3990/4403/4178 3991/4404/4179
f 3992/4405/4180 3993/4406/4181 3990/4403/4178
f 3994/261/4182 3995/4407/4183 3996/262/4184
f 5725/4408/4003 3997/4409/4185 5698/4410/4186
f 3998/4411/4187 3999/4412/4188 4000/4413/4189
f 4003/4414/4190 5731/4415/4191 5733/4416/4192
f 4004/4417/4193 5729/4418/4194 5731/4415/4191
f 4005/4419/4195 4006/4420/4196 5738/4421/4197
f 4007/4422/4198 4008/4423/4199 4009/4424/4200
f 3805/4210/3987 4010/4425/4201 4011/4426/4202
f 5523/4427/4203 4012/4428/4204 4013/4429/4205
f 3933/4343/4119 5534/4430/4206 3793/4198/3975
f 4014/4431/4207 5724/4432/4208 4015/4433/4209
f 3971/4383/4158 4016/4434/4210 3969/4381/4156
f 3948/4358/4134 5506/4435/4211 4017/4436/4212
f 3977/4390/4165 4018/4437/4213 4019/4438/4214
f 4020/4439/4215 4021/4440/4216 4022/4441/4215
f 4023/4442/4217 4024/4443/4218 4015/4433/4209
f 4025/4444/4219 5527/4445/4220 4026/4446/4221
f 4027/4447/4222 5529/4448/4223 5527/4445/4220
f 4028/4449/4224 4029/4450/4225 3927/4336/4112
f 4030/4451/4226 4031/4452/4227 4032/4453/4228
f 4033/4454/4229 4034/4455/4230 5525/4456/4231
f 4035/4457/4232 3927/4336/4112 3926/4335/4111
f 4036/4458/4233 4037/4459/4234 3925/4334/4110
f 4038/4460/4235 4039/4461/4236 4040/4462/4237
f 4041/4463/4238 5732/4464/4239 4042/4465/4240
f 4042/4465/4240 5730/4466/4241 4043/4467/4242
f 4044/4468/4243 4045/4469/4244 4046/4470/4245
f 4047/4471/4246 4048/4472/4247 4049/4473/4248
f 3820/4225/4002 4050/4474/4249 3817/4222/3999
f 4051/4475/4250 3796/4201/3978 3795/4200/3977
f 4052/4476/4251 4053/4477/4252 4029/4450/4225
f 4054/4478/4253 4055/4479/4254 4056/4480/4255
f 4057/4481/4256 4058/4482/4257 4059/4483/4258
f 3815/4220/3997 4017/4436/4212 5506/4435/4211
f 4060/4484/4259 5682/4485/4260 4061/4486/4261
f 4062/4487/4262 4063/4488/4263 4064/4489/4264
f 3876/4284/4061 3985/4398/4173 3984/4397/4172
f 3954/4365/4141 5718/4490/4265 4065/4491/4266
f 4066/4492/4267 4067/4493/4268 4068/4494/4269
f 4069/4495/4270 4070/4496/4271 3973/4385/4160
f 4073/4497/4272 4074/4498/4273 4075/4499/4274
f 4076/4500/4055 4077/4501/4051 4078/4502/4275
f 4037/4459/4234 4079/4503/4276 3926/4335/4111
f 4080/4504/4277 5519/4505/4278 5517/4506/4279
f 5508/4507/4280 3984/4397/4172 3919/4327/4103
f 4081/4508/4281 4082/4509/4282 4083/4510/4283
f 3884/4292/4069 4084/4511/4284 3885/4293/4070
f 4085/4512/4285 5703/4513/4286 5652/4514/4287
f 4086/4515/4288 4087/4516/4289 5544/4517/4290
f 5544/4517/4290 4088/4518/4291 4089/4519/4292
f 4089/4519/4292 4090/4520/4293 3903/4311/4088
f 5660/4521/4294 3767/4172/3951 3939/4349/4125
f 4091/4522/4295 4092/4523/4296 3890/4298/4075
f 3908/4316/4092 4019/4438/4214 4018/4437/4213
f 3939/4349/4125 3759/4165/3943 5660/4521/4294
f 5540/4524/4297 3793/4198/3975 5534/4430/4206
f 5528/4525/4298 4093/4526/4299 5531/4527/4300
f 4094/4528/4301 3962/4373/4149 3961/4372/4148
f 4095/4529/4302 4015/4433/4209 4024/4443/4218
f 4095/4529/4302 3773/4178/3956 4014/4431/4207
f 4096/4530/4303 4097/4531/4304 4045/4469/4244
f 4098/4532/4305 4099/4533/4306 4100/4534/4307
f 4101/4535/4308 4102/4536/4309 4103/4537/4310
f 4101/4535/4308 3959/4370/4146 4104/4538/4311
f 4104/4538/4311 4105/4539/4312 4102/4536/4309
f 3959/4370/4146 4106/4540/4313 4104/4538/4311
f 4106/4540/4313 3928/4337/4113 4105/4539/4312
f 3958/4369/4145 4107/4541/4314 4106/4540/4313
f 4108/4542/4315 4109/4543/4316 5576/4544/4317
f 3792/4197/3974 5524/4545/4318 3934/4344/4120
f 4062/4487/4262 4110/4546/4319 4111/4547/4320
f 3804/4209/3986 5599/4548/4321 4115/4549/4322
f 3773/4178/3956 3775/4180/3958 5712/4550/4323
f 3773/4178/3956 5722/4551/4324 4014/4431/4207
f 3959/4370/4146 5598/4552/4325 3957/4368/4144
f 3937/4347/4123 3810/4215/3992 3809/4214/3991
f 4116/4553/4326 4117/4554/4327 4118/4555/4328
f 3997/4409/4185 4114/4556/4329 5698/4410/4186
f 4081/4508/4281 4119/4557/4330 4120/4558/4331
f 4115/4549/4322 3801/4206/3983 3804/4209/3986
f 3794/4199/3976 4121/4559/4332 3842/4249/4025
f 4122/4560/4333 4123/4561/3967 3788/4193/3966
f 3797/4202/3979 3961/4372/4148 4124/4562/4334
f 4125/4563/4335 4124/4562/4334 4126/4564/4336
f 4126/4564/4336 4127/4565/4337 4099/4533/4306
f 4124/4562/4334 4128/4566/4338 4127/4565/4337
f 4099/4533/4306 4129/4567/4339 4130/4568/4340
f 4127/4565/4337 4131/4569/4341 4129/4567/4339
f 4094/4528/4301 3799/4204/3981 3907/4315/4091
f 3812/4217/3994 4132/4570/3984 3811/4216/3993
f 4057/4481/4256 3913/4321/4097 3918/4326/4102
f 3918/4326/4102 4133/4571/4342 3915/4323/4099
f 5556/4572/4343 4134/4573/4344 4135/4574/4345
f 4135/4574/4345 4136/4575/4346 3911/4319/4095
f 4134/4573/4344 4137/4576/4347 4136/4575/4346
f 3911/4319/4095 3749/4155/3933 4135/4574/4345
f 3911/4319/4095 4138/4577/4348 3909/4317/4093
f 4136/4575/4346 4139/4578/4349 4138/4577/4348
f 3929/4339/4115 4105/4539/4312 3928/4337/4113
f 5693/4579/4350 4140/4580/45 4141/4581/4351
f 5694/4582/4352 4142/4583/4353 5693/4579/4350
f 4143/4584/4354 4144/4585/4355 5670/4586/4356
f 5621/247/4357 3859/4267/4044 4147/4587/4358
f 4148/4588/4359 4080/4504/4277 5517/4506/4279
f 4147/4587/4358 4053/4477/4252 4149/4589/4360
f 4150/4590/4361 5623/4591/4362 4151/4592/4363
f 5573/4593/4364 3863/4271/4048 3862/4270/4047
f 5571/4594/4365 4152/4595/4366 5573/4593/4364
f 4153/4596/4367 5618/4597/4368 4112/4598/4369
f 4154/4599/4370 4155/4600/4371 4152/4595/4366
f 5611/4601/4372 4157/4602/4373 5619/4603/4374
f 4158/4604/4375 4159/4605/4376 5611/4601/4372
f 4160/4606/4377 4161/4607/4378 4162/4608/4379
f 4163/4609/4380 4164/4610/4381 4165/4611/4382
f 5550/4612/4383 4166/4613/4384 5548/4614/4385
f 4167/4615/4386 4168/4616/4387 4169/4617/4388
f 5697/4618/4389 4170/4619/4390 4171/4620/4391
f 5699/4621/4392 5674/4622/4393 5697/4618/4389
f 4172/4623/4394 4171/4620/4391 4170/4619/4390
f 4167/4615/4386 4173/4624/4395 4174/4625/4396
f 4175/4626/4397 4176/4627/4398 4121/4559/4332
f 5555/4628/4399 4177/4629/4400 5557/4630/4401
f 4181/4631/4402 3902/4310/4087 3901/4309/4086
f 4182/4632/4403 3818/4223/4000 4183/4633/4404
f 4184/4634/4405 3926/4335/4111 4079/4503/4276
f 4185/4635/4406 4186/4636/4407 3969/4381/4156
f 5578/4637/4408 4120/4558/4331 4119/4557/4330
f 4046/4470/4245 4187/4638/4409 4188/4639/4410
f 4045/4469/4244 4189/4640/4411 4187/4638/4409
f 4188/4639/4410 4190/4641/4412 4191/4642/4413
f 4189/4640/4411 4190/4641/4412 4187/4638/4409
f 4192/4643/4414 3925/4334/4110 3858/4266/4043
f 3799/4204/3981 3872/4280/4057 4193/4644/4415
f 3795/4200/3977 4194/4645/4416 4051/4475/4250
f 4036/4458/4233 4157/4602/4373 4195/4646/4417
f 5734/4647/4418 4196/4648/4419 5736/4649/4420
f 3781/4186/3964 3782/4187/3965 4194/4645/4416
f 3843/4250/4026 3781/4186/3964 3795/4200/3977
f 3784/4189/3967 4194/4645/4416 3782/4187/3965
f 4051/4475/4250 4197/4650/4421 4050/4474/4249
f 4198/4651/4422 3949/4359/4135 4199/4652/4423
f 5733/4416/4192 3841/4248/4024 4003/4414/4190
f 4200/4653/4424 4019/4438/4214 4193/4644/4415
f 4201/4654/4425 3849/4256/4032 3999/4412/4188
f 3924/4333/4109 4052/4476/4251 4028/4449/4224
f 3786/4191/3969 5521/4655/4426 5524/4545/4318
f 4202/4656/4427 4203/4657/4428 4204/4658/4429
f 4205/4659/4430 4043/4467/4242 5730/4466/4241
f 4206/4660/4431 5576/4544/4317 5581/4661/4432
f 3981/4394/4169 4208/4662/4433 4209/4663/4434
f 4209/4663/4434 4210/4664/4435 4211/4665/4436
f 3983/4396/4171 4211/4665/4436 4210/4664/4435
f 3932/4342/4118 3944/4354/4130 5728/4666/4437
f 4212/4667/4438 4213/4668/4439 4214/4669/4440
f 4215/4670/3939 5548/4614/4385 4166/4613/4384
f 4216/4671/4441 4016/4434/4210 4217/4672/4442
f 5654/4673/4443 4218/4674/4444 4219/4675/4445
f 3747/4153/3931 4220/4676/4446 4221/4677/4447
f 4222/4678/3930 5539/4679/4448 4223/4680/4449
f 4220/4676/4446 4224/4681/4450 4221/4677/4447
f 4223/4680/4449 4225/4682/4451 4226/4683/4452
f 3756/4162/3940 4227/4684/4384 5513/4685/4453
f 3974/4386/4161 4228/4686/4454 3972/4384/4159
f 3847/4254/4030 4102/4536/4309 4105/4539/4312
f 4229/4687/4455 4230/4688/4456 4190/4641/4412
f 4230/4688/4456 4191/4642/4413 4190/4641/4412
f 5536/4689/4457 4093/4526/4299 3958/4369/4145
f 5718/4490/4265 4163/4609/4380 4065/4491/4266
f 3878/4286/4063 4231/4690/4458 4052/4476/4251
f 4096/4530/4303 5683/4691/4459 3892/4300/4077
f 3974/4386/4161 4070/4496/4271 3936/4346/4122
f 3789/4194/3971 5580/4692/4460 3790/4195/3972
f 5663/4693/4461 3968/4380/4155 3887/4295/4072
f 4069/4495/4270 4232/4694/4462 3931/4341/4117
f 4122/4560/4333 3790/4195/3972 4233/4695/4463
f 4234/4696/4464 4125/4563/4335 4235/4697/4465
f 3888/4296/4073 4199/4652/4423 3886/4294/4071
f 4236/4698/4466 5514/4699/4467 3830/4236/4013
f 3952/4362/4138 4021/4440/4216 5680/4700/4468
f 4238/4701/4469 4239/4702/4470 4240/4703/4471
f 4244/4704/4472 3892/4300/4077 4245/4705/4473
f 4177/4629/4400 4246/4706/4474 4247/4707/4475
f 4195/4646/4417 4159/4605/4376 4246/4706/4474
f 4247/4707/4475 4248/4708/4476 4214/4669/4440
f 4246/4706/4474 4249/4709/4477 4248/4708/4476
f 4250/4710/4478 4195/4646/4417 4177/4629/4400
f 3923/4332/4108 4028/4449/4224 4035/4457/4232
f 5525/4456/4231 4013/4429/4205 4033/4454/4229
f 5658/4711/4479 3768/4173/3952 3767/4172/3951
f 3915/4323/4099 4251/4712/4480 3914/4322/4098
f 4252/4713/4481 3757/4163/3941 3939/4349/4125
f 3970/4382/4157 3890/4298/4075 4092/4523/4296
f 3971/4383/4158 4092/4523/4296 3757/4163/3941
f 4186/4636/4407 4253/4714/4482 3970/4382/4157
f 4254/4715/4483 4026/4446/4221 4034/4455/4230
f 4219/4675/4445 4255/4716/4484 4253/4714/4482
f 4218/4674/4444 4256/4717/4485 4255/4716/4484
f 4253/4714/4482 3891/4299/4076 3890/4298/4075
f 4255/4716/4484 4257/4718/4486 3891/4299/4076
f 5530/4719/4487 4258/4720/4488 4259/4721/4489
f 5703/4513/4286 4260/4722/4490 3826/4232/4009
f 4217/4672/4442 4252/4713/4481 3938/4348/4124
f 4261/4723/4491 3938/4348/4124 3766/4171/3950
f 4262/4724/4492 4250/4710/4478 5555/4628/4399
f 3873/4281/4058 3798/4203/3980 4234/4696/4464
f 5554/4725/4493 4272/4726/4494 5577/4727/4495
f 4273/4728/4496 5567/4729/4497 4270/67/4498
f 5547/4730/4499 4274/4731/4500 4272/4726/4494
f 4275/4732/4501 5569/4733/4502 4276/4734/4503
f 5705/4735/4504 4279/4736/4505 4277/70/4506
f 5650/4737/4507 4144/4585/4355 4218/4674/4444
f 4100/4534/4307 4130/4568/4340 5681/42/4508
f 4161/4607/4378 5714/4738/4509 5710/4739/4510
f 4251/4712/4480 5620/4740/4511 4280/4741/4512
f 5625/4742/4513 4281/4743/4514 4282/4744/4515
f 4283/4745/4516 4066/4492/4267 4068/4494/4269
f 5622/4746/4517 4284/4747/4518 4281/4743/4514
f 5689/4748/4519 5673/4749/4520 5696/4750/4521
f 5704/4751/4522 4286/4752/4523 4162/4608/4379
f 5686/4753/4524 3885/4293/4070 4286/4752/4523
f 4162/4608/4379 4287/4754/4525 4160/4606/4377
f 3885/4293/4070 4287/4754/4525 4286/4752/4523
f 3875/4283/4060 4056/4480/4255 3985/4398/4173
f 4288/4755/4526 4217/4672/4442 4261/4723/4491
f 3859/4267/4044 4029/4450/4225 4053/4477/4252
f 3856/4265/4041 5513/4685/4453 4227/4684/4384
f 5557/4630/4401 4247/4707/4475 4289/4756/4527
f 4290/4757/4528 4291/4758/4529 5550/4612/4383
f 4184/4634/4405 3923/4332/4108 4035/4457/4232
f 4059/4483/4258 3750/4156/3934 4057/4481/4256
f 4292/4759/4530 5520/4760/4531 5519/4505/4278
f 4078/4502/4275 4293/4761/4532 4076/4500/4055
f 5559/4762/4533 4294/4763/4500 4293/4761/4532
f 3870/4278/4055 4295/4764/4534 3869/4277/4054
f 4296/4765/4532 5542/4766/4535 4295/4764/4534
f 4040/4462/4237 5535/4767/4536 4038/4460/4235
f 3896/4304/4081 4297/4768/4537 4231/4690/4458
f 4231/4690/4458 4149/4589/4360 4053/4477/4252
f 5629/4769/4538 4298/4770/4539 5626/4771/4540
f 5711/4772/4541 4299/4773/4542 5709/4774/4543
f 4151/4592/4363 5626/4771/4540 4298/4770/4539
f 4299/4773/4542 4300/4775/4544 4301/4776/4545
f 5671/4777/4546 4219/4675/4445 4186/4636/4407
f 3855/4263/4039 4302/4778/4547 4080/4504/4277
f 4289/4756/4527 4214/4669/4440 4213/4668/4439
f 4065/4491/4266 4165/4611/4382 4303/4779/4548
f 5709/4774/4543 3894/4302/4079 3893/4301/4078
f 3954/4365/4141 4303/4779/4548 4304/4780/4549
f 4305/4781/4550 4256/4717/4485 4143/4584/4354
f 3895/4303/4080 4054/4478/4253 3875/4283/4060
f 4306/4782/4551 4061/4486/4261 5682/4485/4260
f 3907/4315/4091 4193/4644/4415 4019/4438/4214
f 4301/4776/4545 3894/4302/4079 4299/4773/4542
f 5511/4783/4552 4012/4428/4204 5516/4784/4553
f 4304/4780/4549 3953/4363/4139 3954/4365/4141
f 4000/4413/4189 4056/4480/4255 4055/4479/4254
f 3874/4282/4059 3819/4224/4001 3895/4303/4080
f 4307/4785/4431 4204/4658/4429 4203/4657/4428
f 5561/4786/4554 4308/4787/4555 4134/4573/4344
f 4261/4723/4491 4200/4653/4424 4309/4788/4556
f 3999/4412/4188 3985/4398/4173 4056/4480/4255
f 4309/4788/4556 4193/4644/4415 3872/4280/4057
f 4175/4626/4397 3796/4201/3978 3819/4224/4001
f 3766/4171/3950 3977/4390/4165 4200/4653/4424
f 4176/4627/4398 3876/4284/4061 5508/4507/4280
f 5630/4789/4557 4310/4790/4558 4311/4791/4559
f 5630/4789/4557 4312/4792/4560 5629/4769/4538
f 4288/4755/4526 4309/4788/4556 3871/4279/4056
f 5628/4793/4561 4282/4744/4515 4310/4790/4558
f 4313/4794/4562 5549/4795/4563 4215/4670/3939
f 4314/4796/4564 5552/4797/4565 4058/4482/4257
f 3910/4318/4094 3750/4156/3934 3749/4155/3933
f 4020/4439/4215 4168/4616/4387 5684/4798/4566
f 4162/4608/4379 5710/4739/4510 5704/4751/4522
f 3858/4266/4043 3927/4336/4112 4029/4450/4225
f 4315/4799/4567 5582/4800/4568 4212/4667/4438
f 5646/4801/4569 5670/4586/4356 4144/4585/4355
f 4135/4574/4345 5553/4802/4570 5556/4572/4343
f 5649/4803/4571 5645/4804/4572 4316/75/4573
f 5575/4805/4574 4319/4806/4575 4308/4787/4555
f 5591/81/4576 4323/4807/4577 4324/4808/4578
f 4325/4809/4579 4326/4810/4580 4327/4811/4581
f 4328/4812/4578 4329/4813/4582 4325/4809/4579
f 4226/4683/4452 4330/4814/4583 4328/4812/4578
f 5551/4815/4584 4331/4816/4585 5560/4817/4586
f 4331/4816/4585 5601/4818/4587 5560/4817/4586
f 4332/4819/4588 5543/4820/4589 3920/4329/4105
f 4333/4821/4202 3801/4206/3983 4334/4822/4590
f 4335/4823/4591 5570/4824/4592 4264/55/4593
f 4214/4669/4440 4338/4825/4594 4212/4667/4438
f 4337/85/4595 5571/4594/4365 5570/4824/4592
f 4339/4826/4596 4154/4599/4370 4337/85/4595
f 4248/4708/4476 5609/4827/4597 4338/4825/4594
f 4340/4828/4598 4341/4829/4599 3955/4366/4142
f 4064/4489/4264 5687/73/57 5574/4830/4600
f 4342/4831/4601 4015/4433/4209 5724/4432/4208
f 3986/4399/4174 4343/4832/4285 5653/4833/4602
f 5673/4749/4520 5701/4834/4603 5696/4750/4521
f 4305/4781/4550 3891/4299/4076 4257/4718/4486
f 5675/4835/4604 5699/4621/4392 5701/4834/4603
f 4233/4695/4463 5580/4692/4460 4344/4836/4605
f 5727/4837/4606 4345/4838/4607 4205/4659/4430
f 5669/4839/4608 4346/4840/4609 3967/4379/4154
f 4347/4841/4610 5694/4582/4352 5692/4842/4611
f 4302/4778/4547 4292/4759/4530 4080/4504/4277
f 4068/4494/4269 4348/4843/4612 4283/4745/4516
f 4067/4493/4268 4349/4844/4613 4068/4494/4269
f 3909/4317/4093 4350/4845/4614 5608/4846/4615
f 4351/4847/4616 5566/4848/4617 5568/4849/4618
f 5604/4850/4619 4352/4851/4620 4349/4844/4613
f 5604/4850/4619 5605/4852/4621 4353/4853/4622
f 3914/4322/4098 4280/4741/4512 3899/4307/4084
f 3918/4326/4102 4314/4796/4564 4057/4481/4256
f 5565/4854/4623 4276/4734/4503 5569/4733/4502
f 5566/4848/4617 4354/4855/4624 5565/4854/4623
f 4355/4856/4625 5602/4857/4626 5596/4858/4627
f 4352/4851/4620 4356/4859/4628 4355/4856/4625
f 5600/4860/4629 4308/4787/4555 4319/4806/4575
f 5600/4860/4629 4139/4578/4349 4137/4576/4347
f 4235/4697/4465 4126/4564/4336 4098/4532/4305
f 4357/4861/4630 3867/4275/4052 3864/4272/4049
f 3846/4253/4029 5514/4699/4467 4358/4862/4631
f 4182/4632/4403 4359/4863/4632 4054/4478/4253
f 4360/4864/4633 4009/4424/4200 4361/4865/4634
f 4362/4866/4635 5532/4867/4636 5535/4767/4536
f 3831/4237/4014 3834/4240/4017 3829/4235/4012
f 4192/4643/4414 5619/4603/4374 4157/4602/4373
f 4363/4868/4637 4364/4869/4638 3743/4149/3927
f 5737/4870/4639 3812/4217/3994 3810/4215/3992
f 3929/4339/4115 5507/4328/4104 3848/4255/4031
f 4032/4453/4228 4365/4871/4640 4366/4872/4641
f 4367/4873/4642 5719/4874/4643 5601/4818/4587
f 4368/4875/4644 5526/4876/4645 5532/4867/4636
f 4107/4541/4314 5515/4877/4646 3928/4337/4113
f 4201/4654/4425 4103/4537/4310 4102/4536/4309
f 4133/4571/4342 4369/4878/4647 4251/4712/4480
f 4370/4879/4648 5518/4880/4649 3975/4387/4162
f 3744/4150/3928 4371/4881/4650 3742/4148/3926
f 3945/4355/4131 3931/4341/4117 4232/4694/4462
f 5608/4846/4615 3912/4320/4096 3909/4317/4093
f 5728/4666/4437 4023/4442/4217 4342/4831/4601
f 4372/4882/4562 5537/4883/4651 4222/4678/3930
f 4366/4872/4641 4073/4497/4272 4075/4499/4274
f 5736/4649/4420 4005/4419/4195 5738/4421/4197
f 4361/4865/4634 4373/4884/4652 4360/4864/4633
f 3973/4385/4160 4374/4885/4653 4069/4495/4270
f 5702/4886/4654 3969/4381/4156 4016/4434/4210
f 4375/4887/4655 4376/4888/4656 4030/4451/4226
f 4118/4555/4328 4377/4889/4657 4116/4553/4326
f 5558/4890/4658 3965/4376/4151 3964/4375/4151
f 3922/4331/4107 4259/4721/4489 4258/4720/4488
f 4380/4891/4659 4381/4892/4660 4382/4893/4661
f 4383/4894/4662 4384/4895/4663 4385/4896/4664
f 4386/4897/4665 4387/4898/4666 4388/4899/4667
f 4389/4900/4668 4390/4901/4669 4391/4902/4670
f 4392/4903/4671 4393/4904/4672 4394/4905/4673
f 4395/264/212 4396/214/4674 4397/4906/4675
f 4398/4907/4676 4399/4908/4677 4400/4909/4678
f 4395/264/212 4401/266/213 4402/4910/4679
f 4399/4908/4677 4403/4911/4680 4404/4912/4681
f 4399/4908/4677 4405/4913/4682 4400/4909/4678
f 4406/4914/4683 4407/4915/4684 4408/4916/4685
f 4409/4917/4686 4410/4918/4687 4411/4919/4688
f 4412/4920/4689 4411/4919/4688 4413/4921/4690
f 4414/4922/4691 4415/4923/4692 4416/4924/4693
f 4420/4925/4694 4415/4923/4692 4421/4926/4695
f 4400/4909/4678 4422/4927/4696 4423/4928/4697
f 4424/4929/4698 4412/4920/4689 4413/4921/4690
f 4425/4930/4699 4426/4931/4700 4427/4932/4701
f 4428/4933/4702 4429/4934/4703 4430/4935/4704
f 4431/4936/4705 4428/4933/4702 4425/4930/4699
f 4432/4937/4706 4433/4938/4707 4434/4939/4708
f 4434/4939/4708 4435/4940/4709 4432/4937/4706
f 4436/4941/4710 4437/4942/4711 4438/4943/4712
f 4421/4926/4695 4439/4944/4713 4420/4925/4694
f 4437/4942/4711 4440/4945/4714 4438/4943/4712
f 4441/4946/4715 4442/187/4716 4443/4947/4717
f 4435/4940/4709 4444/4948/4718 4432/4937/4706
f 4445/4949/4719 4446/4950/4720 4447/4951/4721
f 4448/4952/4722 4449/4953/4723 4450/4954/4724
f 4408/4916/4685 4451/4955/4725 4406/4914/4683
f 4417/90/71 4452/4956/4726 4453/4957/4727
f 4454/4958/4728 4455/4959/4729 4456/4960/4730
f 4457/4961/4731 4388/4899/4667 4458/4962/4732
f 4458/4962/4732 4387/4898/4666 4437/4942/4711
f 4459/4963/4733 4460/4964/4734 4461/327/4735
f 4462/4965/4736 4463/4966/4737 4436/4941/4710
f 4464/4967/4738 4454/4958/4728 4456/4960/4730
f 4465/4968/4739 4466/4969/4740 4428/4933/4702
f 4458/4962/4732 4463/4966/4737 4434/4939/4708
f 4423/4928/4697 4398/4907/4676 4400/4909/4678
f 5898/4970/4741 4467/4971/4742 4468/195/4743
f 4469/4972/4744 4470/4973/4745 4471/4974/4746
f 4472/4975/4747 4473/4976/4748 4474/4977/4749
f 4427/4932/4701 4431/4936/4705 4425/4930/4699
f 4481/4978/4750 4482/4979/4751 4483/4980/4752
f 4484/4981/4753 4485/4982/4754 4486/4983/4755
f 4485/4982/4754 4492/4984/4756 4493/4985/4757
f 5860/4986/4758 4494/4987/4759 5865/4988/4760
f 5798/271/4761 5805/4989/4762 4498/272/4761
f 5799/274/4763 4499/4990/4764 5761/275/4765
f 4387/4898/4666 4502/4991/4766 4440/4945/4714
f 4503/4992/4767 4504/4993/4768 4505/4994/4769
f 4506/4995/4770 4507/4996/4771 4503/4992/4767
f 4508/4997/4772 5755/4998/4773 4509/4999/4774
f 4510/5000/4775 4511/5001/4776 5801/5002/4777
f 4482/4979/4751 5868/5003/4778 5816/5004/4779
f 4515/5005/4780 4516/5006/4781 4517/5007/4782
f 4518/280/4783 5785/282/224 5776/5008/4784
f 5776/5008/4784 4519/5009/4785 4518/280/4783
f 4516/5006/4781 5768/5010/4786 4517/5007/4782
f 4523/5011/4787 4524/162/4788 5943/5012/4789
f 4525/5013/4790 4523/5011/4787 5943/5012/4789
f 4529/5014/4791 4530/5015/4792 4531/5016/4793
f 4523/5011/4787 4532/5017/4794 4533/5018/4795
f 6037/5019/4796 4534/5020/4797 4535/5021/4798
f 4536/292/228 4537/5022/4799 4538/293/4800
f 6010/5023/4801 6004/5024/4802 4543/5025/4803
f 6038/5026/4804 4471/4974/4746 4470/4973/4745
f 4546/5027/4805 4547/5028/4806 4548/5029/4807
f 4547/5028/4806 4555/5030/4808 4556/5031/4809
f 4557/5032/136 4558/5033/4806 4559/5034/4810
f 4563/5035/4811 6006/5036/4812 4565/5037/4813
f 6015/301/4814 4566/5038/4815 6044/302/4816
f 4567/5039/4817 4568/5040/4817 5984/5041/4817
f 5769/5042/4818 4572/5043/4819 4569/150/4820
f 4573/5044/4821 4574/5045/4822 4575/5046/4823
f 4575/5046/4823 4576/5047/4824 4573/5044/4821
f 4577/5048/4825 5839/5049/4826 4578/5050/4825
f 5794/5051/4827 4579/5052/4827 4580/5053/4827
f 5795/153/4828 5803/5054/4829 4585/5055/4830
f 4573/5044/4821 4589/168/132 5861/5056/4831
f 4590/5057/4832 4573/5044/4821 5861/5056/4831
f 6051/5058/4833 4595/5059/4834 6041/5060/4835
f 4596/5061/4836 5926/5062/4837 4597/5063/4838
f 4597/5063/4838 4598/5064/4839 4596/5061/4836
f 6057/5065/4840 5992/5066/4841 4534/5020/4797
f 4599/5067/4842 4600/5068/4843 4601/5069/4844
f 6042/5070/4845 4599/5067/4842 4601/5069/4844
f 6034/5071/4846 4603/5072/4847 4602/5073/4848
f 4604/5074/4849 4596/5061/4836 4605/5075/4850
f 4606/5076/4851 4607/5077/4852 4608/5078/4853
f 4609/5079/4854 4610/5080/4855 6009/5081/4856
f 5994/5082/4857 4611/5083/4858 6054/5084/4859
f 4612/5085/4860 4613/5086/4861 4614/5087/4862
f 6022/5088/4863 4615/5089/4864 4616/5090/4865
f 4617/5091/4866 6023/5092/4867 6035/5093/4868
f 4618/5094/4869 4619/5095/4870 4620/5096/4871
f 4615/5089/4864 4621/5097/4872 4616/5090/4865
f 5754/5098/4873 4623/5099/4874 4624/5100/4875
f 4625/5101/4876 4619/5095/4870 5994/5082/4857
f 5929/5102/4877 4626/5103/4878 5941/5104/4879
f 4576/5047/4824 4627/5105/4880 4589/168/132
f 4631/5106/4881 4632/5107/4882 4633/5108/4883
f 4634/5109/4884 5875/5110/4885 5867/5111/4886
f 5867/5111/4886 4635/5112/4887 4634/5109/4884
f 4636/5113/4888 4637/5114/4889 4638/5115/4890
f 4639/5116/4891 4636/5113/4888 4638/5115/4890
f 4640/5117/4892 4635/5112/4887 4628/174/4893
f 4641/5118/4894 4634/5109/4884 4640/5117/4892
f 4642/5119/4895 4435/4940/4709 4462/4965/4736
f 4643/177/4896 4645/5120/4897 4646/5121/4898
f 4647/5122/4899 4648/5123/4900 4649/5124/4901
f 4650/5125/4902 4651/5126/4903 4652/5127/4904
f 4653/5128/4905 4650/5125/4902 4652/5127/4904
f 4654/5129/4906 4655/5130/4907 5774/5131/4908
f 5788/5132/4909 4657/5133/4910 5781/5134/4911
f 5860/4986/4758 5878/5135/4912 5868/5003/4778
f 5765/5136/4913 4655/5130/4907 5818/5137/4914
f 5766/5138/4915 4658/5139/4916 4656/5140/4917
f 4659/5141/4918 5756/5142/4919 4439/4944/4713
f 6047/5143/4920 4660/5144/4921 6000/5145/4922
f 4661/5146/4923 4662/5147/4924 4663/5148/4925
f 4664/5149/4901 5869/5150/4926 4665/5151/4927
f 4666/5152/4928 4667/5153/4929 4668/5154/4930
f 4669/5155/4931 4670/5156/4932 4671/5157/4933
f 4671/5157/4933 4662/5147/4924 4669/5155/4931
f 4667/5153/4929 4672/5158/4934 4668/5154/4930
f 4673/5159/4935 6052/5160/4936 4527/127/4937
f 4674/5161/4938 4675/5162/4939 4676/5163/4940
f 4677/5164/4941 4662/5147/4924 5995/5165/4942
f 4677/5164/4941 4678/5166/4943 4669/5155/4931
f 4679/5167/4944 4680/5168/4945 4681/5169/4946
f 4682/5170/4947 4683/5171/4948 4684/5172/4949
f 4685/5173/4950 4686/5174/4951 4687/5175/4952
f 4688/5176/4953 6055/5177/4954 4410/4918/4687
f 5942/180/4955 4683/5171/4948 4690/5178/4956
f 4691/5179/4957 4608/5078/4853 4692/5180/4958
f 4693/5181/4959 4694/5182/4960 4695/5183/4961
f 4696/5184/4962 4693/5181/4959 4695/5183/4961
f 6036/5185/4963 4697/5186/4964 6043/5187/4965
f 6025/5188/4966 4698/5189/4967 6036/5185/4963
f 4699/5190/4968 4700/5191/4969 4701/5192/4970
f 5874/5193/4971 4702/5194/4972 5820/5195/4973
f 5874/5193/4971 4703/5196/4974 4704/5197/4975
f 4705/5198/4976 4706/5199/4977 5814/5200/4978
f 5762/5201/4979 4707/5202/4980 4708/5203/4981
f 4709/5204/4982 4710/5205/4983 4711/5206/4984
f 5782/183/4985 4713/5207/4986 4714/5208/4987
f 4710/5205/4983 5773/5209/4988 4711/5206/4984
f 4716/5210/4989 5837/5211/4990 5807/5212/4991
f 5915/5213/4992 4717/5214/4993 4718/5215/4994
f 4719/5216/4995 4720/5217/4996 4721/5218/4997
f 4716/5210/4989 4487/103/83 4722/5219/4998
f 4722/5219/4998 4723/5220/4999 4724/5221/5000
f 4458/4962/4732 4433/4938/4707 4457/4961/4731
f 4725/5222/5001 5899/5223/5002 5912/5224/5003
f 4720/5217/4996 4659/5141/4918 4421/4926/4695
f 4726/5225/5004 4727/5226/5005 6003/5227/5006
f 4474/4977/4749 4446/4950/4720 4472/4975/4747
f 4716/5210/4989 4728/5228/5007 4729/5229/5008
f 6003/5227/5006 4730/5230/5009 4726/5225/5004
f 4731/5231/5010 4544/136/5011 4732/5232/5012
f 4726/5225/5004 4733/5233/5013 4734/5234/5014
f 4430/4935/4704 4425/4930/4699 4428/4933/4702
f 4732/5232/5012 4688/5176/4953 4409/4917/4686
f 4734/5234/5014 4735/5235/5015 4465/4968/4739
f 4733/5233/5013 5808/5236/5016 4734/5234/5014
f 4569/150/4820 4737/5237/5013 4738/5238/5017
f 4738/5238/5017 4739/5239/5018 4569/150/4820
f 5954/205/5019 4554/145/243 5963/123/5020
f 5963/123/5021 5989/316/5022 5986/5240/5023
f 5910/5241/5024 4742/5242/5025 4743/5243/5026
f 4745/5244/5027 5969/5245/5028 4746/5246/5029
f 4491/109/5030 5825/319/5031 5842/159/5032
f 4729/5229/5008 5966/5247/5033 4747/5248/4659
f 4729/5229/5008 4530/5015/4792 6002/5249/5034
f 4531/5016/4793 4728/5228/5007 4748/5250/4997
f 4721/5218/4997 4673/5159/4935 4526/126/4793
f 4749/5251/5035 4750/5252/5036 4751/5253/5037
f 5753/5254/5038 4752/5255/5039 4435/4940/4709
f 6059/5256/5040 4753/5257/5041 4754/5258/5042
f 4676/5163/4940 4681/5169/4946 4755/5259/5043
f 4664/5149/4901 4606/5076/4851 4691/5179/4957
f 5972/5260/5044 4453/4957/4727 4452/4956/4726
f 4647/5122/4899 4701/5192/4970 4700/5191/4969
f 4756/5261/5045 4757/5262/5046 4725/5222/5001
f 5801/5002/4777 4758/5263/5047 5894/5264/5048
f 4757/5262/5046 4759/5265/5049 4516/5006/4781
f 5919/5266/5050 4760/5267/5051 5895/5268/5052
f 4732/5232/5012 4412/4920/4689 4738/5238/5017
f 4757/5262/5046 4761/5269/5053 5899/5223/5002
f 4450/4954/4724 4762/5270/5054 4448/4952/4722
f 6009/5081/4856 4763/5271/5055 5919/5266/5050
f 4448/4952/4722 4764/5272/5056 4615/5089/4864
f 5916/5273/5057 4765/5274/5058 5897/5275/5059
f 4766/5276/5060 5914/5277/5061 4767/5278/5062
f 4448/4952/4722 4768/5279/5063 5913/5280/5064
f 4760/5267/5051 5802/5281/5065 5895/5268/5052
f 4450/4954/4724 4769/5282/5066 4770/5283/5067
f 4450/4954/4724 5845/5284/5068 4636/5113/4888
f 4771/267/214 4772/5285/5069 4773/5286/5070
f 4774/5287/5071 4775/5288/5072 5847/5289/5073
f 5965/5290/5074 6026/5291/5075 4455/4959/4729
f 4776/5292/5076 6008/5293/5077 5918/5294/5078
f 4725/5222/5001 4777/5295/5079 4756/5261/5045
f 5912/5224/5003 4599/5067/4842 4725/5222/5001
f 5847/5289/5073 5876/5296/5080 4774/5287/5071
f 5844/321/5081 5786/323/5082 4779/5297/5083
f 4717/5214/4993 5848/5298/5084 4650/5125/4902
f 4721/5218/4997 4421/4926/4695 4415/4923/4692
f 4767/5278/5062 4780/5299/5085 4766/5276/5060
f 4717/5214/4993 4781/5300/5086 4782/5301/5087
f 4765/5274/5058 5815/5302/5088 5897/5275/5059
f 4718/5215/4994 4782/5301/5087 4783/5303/5089
f 4767/5278/5062 5973/5304/5090 4693/5181/4959
f 4465/4968/4739 4726/5225/5004 4734/5234/5014
f 4784/5305/5091 5917/5306/5092 5896/5307/5093
f 4767/5278/5062 4785/5308/5094 4786/5309/5095
f 4787/5310/5095 6001/5311/5096 5917/5306/5092
f 4738/5238/5017 4731/5231/5010 4732/5232/5012
f 4710/5205/4983 5901/5312/5097 4766/5276/5060
f 4766/5276/5060 4788/5313/5098 4710/5205/4983
f 5814/5200/4978 4784/5305/5091 5896/5307/5093
f 4718/5215/4994 5975/5314/5099 5915/5213/4992
f 4718/5215/4994 4789/5315/5100 4667/5153/4929
f 6000/5145/4922 4790/5316/5101 5916/5273/5057
f 4394/4905/4673 6020/5317/5102 4392/4903/4671
f 5980/207/5103 5927/5318/5104 4791/5319/5105
f 5787/5320/5106 4451/4955/4725 5846/5321/5107
f 4452/4956/4726 5948/5322/5108 5972/5260/5044
f 4739/5239/5018 5758/5323/5109 4570/151/117
f 6060/5324/5110 4793/5325/5111 4750/5252/5036
f 4753/5257/5041 6049/5326/5112 4754/5258/5042
f 4676/5163/4940 5949/5327/5113 4674/5161/4938
f 4794/5328/5114 5940/5329/5115 4524/162/4788
f 5934/5330/5116 4681/5169/4946 4680/5168/4945
f 4752/5255/5039 5763/5331/5117 4473/4976/4748
f 5850/5332/5118 5870/5333/5118 5883/5334/5118
f 4795/5335/5119 4796/5336/5120 4797/5337/5121
f 4798/5338/5122 4799/5339/5123 4800/5340/5124
f 5918/5294/5078 4758/5263/5047 4776/5292/5076
f 4795/5335/5119 4801/5341/5125 4799/5339/5123
f 4802/5342/5126 4803/5343/5127 4804/5344/5128
f 4804/5344/5128 4805/5345/5129 4806/5346/5130
f 4807/5347/5131 4808/5348/5132 4809/5349/5133
f 4810/5350/5134 4811/5351/5135 4812/5352/5136
f 4813/5353/5137 4814/5354/5138 4815/5355/5139
f 4802/5342/5126 4816/5356/5140 4817/5357/5141
f 4802/5342/5126 4818/5358/5142 4819/5359/5143
f 6032/5360/5144 4820/5361/5145 4821/5362/5146
f 4822/5363/5147 4823/5364/5148 4824/5365/5149
f 4798/5338/5122 4825/5366/5150 4826/5367/5151
f 4827/5368/5142 4828/5369/5152 4829/5370/5150
f 4830/5371/5142 4800/5340/5124 4831/5372/5143
f 4802/5342/5126 4806/5346/5130 4832/5373/5153
f 4460/4964/4734 5842/159/5032 5854/202/161
f 4799/5339/5123 4808/5348/5132 4833/5374/5127
f 4461/327/4735 5854/202/161 4834/5375/5154
f 4385/4896/4664 4835/5376/5155 4383/4894/4662
f 4386/4897/4665 5911/5377/5156 4836/5378/5157
f 4836/5378/5157 4753/5257/5041 4386/4897/4665
f 4729/5229/5008 4398/4907/4676 4716/5210/4989
f 4837/5379/5158 4444/4948/4718 4838/5380/5159
f 4838/5380/5159 4752/5255/5039 4472/4975/4747
f 5835/328/5160 4834/5375/5154 5836/5381/5161
f 4815/5355/5139 5938/5382/5162 4813/5353/5137
f 4839/5383/5163 4840/5384/5164 4477/96/5165
f 4841/5385/5166 4828/5369/5152 4842/5386/5141
f 4836/5378/5157 4837/5379/5158 4838/5380/5159
f 4844/5387/5167 5904/5388/5168 4845/5389/5169
f 4742/5242/5025 4840/5384/5164 4846/5390/5170
f 4472/4975/4747 4836/5378/5157 4838/5380/5159
f 4799/5339/5123 4831/5372/5143 4800/5340/5124
f 4385/4896/4664 4477/96/5165 5903/5391/5171
f 4384/4895/4663 4839/5383/5163 4385/4896/4664
f 4847/5392/5172 5904/5388/5168 5909/5393/5173
f 4743/5243/5026 4813/5353/5137 5910/5241/5024
f 5909/5393/5173 4848/5394/5174 4847/5392/5172
f 4383/4894/4662 4815/5355/5139 4814/5354/5138
f 4814/5354/5138 5908/5395/5175 4383/4894/4662
f 5778/5396/5176 4850/5397/5177 5779/5398/5178
f 3510/3876/3677 3534/3900/3699 3460/3828/3631
f 5685/5399/5179 4851/5400/5180 4306/4782/4551
f 5336/5401/5181 5348/5402/5182 5335/5403/5183
f 5071/5404/5184 5080/5405/5185 5078/5406/5186
f 5306/5407/5187 5335/5403/5183 5305/5408/5188
f 5086/216/5189 5084/5409/5190 5083/5410/5191
f 5077/5411/5192 5076/5412/5193 5075/5413/5193
f 5081/5414/5194 5079/5415/5195 5077/5411/5192
f 5068/5416/5196 5070/5417/5197 5067/5418/5198
f 5099/5419/5199 5098/5420/5200 5097/5421/5201
f 5237/5422/5202 5227/5423/5203 5226/5424/5204
f 5283/5425/5205 5275/5426/5206 5285/5427/5207
f 5250/5428/5208 5238/5429/5209 5237/5422/5202
f 5255/5430/5210 5267/5431/5211 5256/5432/5212
f 5250/5428/5208 5261/5433/5213 5251/5434/5214
f 5213/5435/5215 5223/5436/5216 5214/5437/5217
f 6080/5438/5218 6092/5439/5219 6098/5440/5220
f 5260/5441/5221 5280/5442/5222 5261/5433/5213
f 4852/5443/5223 6063/5444/5224 4853/5445/5225
f 5279/5446/5226 5305/5408/5188 5280/5442/5222
f 5888/5447/5227 4853/5445/5225 5892/5448/5228
f 5211/5449/5229 5174/5450/5230 5170/5451/5231
f 5248/5452/5232 5259/5453/5233 5258/5454/5234
f 5375/5455/5235 5360/5456/5236 5358/5457/5237
f 5924/5458/5238 6061/5459/5239 6070/5460/5240
f 5887/5461/5241 5923/5462/5242 5924/5458/5238
f 5169/5463/5243 5118/5464/5244 5115/5465/5245
f 5427/5466/5246 5493/5467/5247 4854/5468/5248
f 5454/5469/5249 5453/5470/5250 5456/5471/5251
f 5272/5472/5252 5297/5473/5253 5298/5474/5253
f 5258/5454/5234 5271/5475/5254 5272/5472/5252
f 5083/5410/5191 5082/5476/5255 5081/5414/5194
f 5078/5406/5186 5087/5477/5256 5085/5478/5257
f 5636/5479/5258 5775/5480/5259 5890/5481/5260
f 5467/5482/5261 5453/5470/5250 5466/5483/5262
f 5334/5484/5263 5330/5485/5264 5329/5486/5265
f 5154/5487/5266 5133/5488/5267 5146/5489/5268
f 5411/5490/5269 5412/5491/5270 5420/5492/5271
f 5328/5493/5272 5297/5473/5253 5327/5494/5273
f 5067/5418/5198 5074/5495/5274 5071/5404/5184
f 5424/5496/5275 5419/5497/5276 5425/5498/5277
f 5425/5498/5277 5415/5499/5278 5422/5500/5279
f 5421/5501/5280 5412/5491/5270 5414/5502/5281
f 5186/5503/5282 4855/5504/5283 4856/5505/5284
f 6122/5506/5285 6112/5507/5286 6118/5508/5287
f 5178/5509/5288 5158/5510/5289 5175/5511/5290
f 5422/5500/5279 5401/5512/5291 5404/5513/5292
f 5423/5514/5293 5418/5515/5294 5424/5496/5275
f 5421/5501/5280 5416/5516/5295 5423/5514/5293
f 5299/5517/5296 5277/5518/5297 5276/5519/5298
f 5333/5520/5299 5326/5521/5300 5338/5522/5301
f 5182/5523/5302 5188/5524/5303 5181/5525/5304
f 5144/5526/5305 5148/5527/5306 5152/5528/5307
f 5474/5529/5308 5481/5530/5309 5482/5531/5310
f 5134/5532/5311 5139/5533/5312 5148/5527/5306
f 5323/5534/5313 5300/5535/5314 5299/5517/5296
f 5426/5536/5315 5441/5537/5316 5435/5538/5317
f 5182/5523/5302 5166/5539/5318 5168/5540/5319
f 5159/5541/5320 5165/5542/5318 5155/5543/5321
f 5150/5544/5322 5155/5543/5321 5136/5545/5323
f 5240/5546/5324 4858/5547/5325 5253/5548/5326
f 5103/5549/5327 5118/5464/5244 5104/5550/5328
f 5317/5551/5329 5325/5552/5300 5321/5553/5330
f 5099/5419/5199 5104/5550/5328 5100/5554/5331
f 5890/5481/5260 6077/5555/5332 6080/5438/5218
f 5255/5430/5210 5245/5556/5333 5244/5557/5334
f 5304/5558/5335 5268/5559/5336 5303/5560/5337
f 5431/5561/5338 5439/5562/5339 5438/5563/5340
f 5233/5564/5341 5223/5436/5216 5222/5565/5342
f 6122/5506/5285 6121/5566/5343 6123/5567/5344
f 5434/5568/5345 5437/5569/5346 5433/5570/5346
f 5190/5571/5347 5180/5572/5348 5179/5573/5349
f 5194/5574/5350 5184/5575/5351 5195/5576/5352
f 5202/5577/5353 4859/5578/5354 5191/5579/5355
f 5149/5580/5356 5164/5581/5357 5156/5582/5358
f 5244/5557/5334 5234/5583/5359 5233/5564/5341
f 5172/5584/5360 5184/5575/5351 5183/5585/5361
f 5294/5586/5362 5302/5587/5363 5301/5588/5364
f 5283/5425/5205 5295/5589/5365 5293/5590/5362
f 5307/5591/5366 5302/5587/5363 5308/5592/5367
f 5189/5593/5368 5200/5594/5369 5188/5524/5303
f 5307/5591/5366 5311/5595/5370 5309/5596/5371
f 5232/5597/5372 5246/5598/5373 5247/5599/5374
f 5467/5482/5261 5473/5600/5375 5474/5529/5308
f 5394/5601/5376 5397/5602/5377 5398/5603/5378
f 5402/5604/5379 5407/5605/5380 5411/5490/5269
f 6094/5606/5381 5637/5607/5382 5640/5608/5383
f 5242/5609/5384 5316/5610/5385 5243/5611/5386
f 5340/5612/5387 5337/5613/5388 5334/5484/5263
f 5426/5536/5315 5409/5614/5389 4863/5615/5390
f 5161/5616/5391 5152/5528/5307 5163/5617/5392
f 5276/5519/5298 5267/5431/5211 5266/5618/5393
f 6098/5440/5220 6112/5507/5286 6120/5619/5394
f 6123/5567/5344 6090/5620/5395 6094/5606/5381
f 5329/5486/5265 5324/5621/5396 5323/5534/5313
f 5398/5603/5378 5399/5622/5397 5402/5604/5379
f 5446/5623/5398 5445/5624/5399 5447/5625/5400
f 5447/5625/5400 5451/5626/5401 5454/5469/5249
f 5201/5627/5402 5214/5437/5217 5200/5594/5369
f 5143/5628/5403 5156/5582/5358 5153/5629/5404
f 5344/5630/5405 5341/5631/5406 5340/5612/5387
f 5342/5632/5407 5332/5633/5408 4864/5634/5409
f 5331/5635/5410 5303/5560/5337 5332/5633/5408
f 6087/5636/5411 6075/5637/5412 6083/5638/5413
f 5492/5639/5414 5481/5530/5309 5491/5640/5415
f 6104/5641/5416 6083/5638/5413 6099/5642/5417
f 5135/5643/5418 5145/5644/5419 5131/5645/5420
f 5310/5646/5421 5370/5647/5422 5316/5610/5385
f 5406/5648/5423 5393/5649/5424 5408/5650/5389
f 5486/5651/5425 5638/5652/5426 4866/5653/5427
f 6113/5654/5428 6101/5655/5429 6106/5656/5430
f 5358/5457/5237 5345/5657/5431 5344/5630/5405
f 6115/5658/5432 6105/5659/5433 6113/5654/5428
f 6115/5658/5432 6099/5642/5417 6109/5660/5434
f 5143/5628/5403 5151/5661/5435 5135/5643/5418
f 5347/5662/5436 5363/5663/5437 5364/5664/5438
f 4854/5468/5248 5907/5665/5439 5921/5666/5440
f 5171/5667/5441 5163/5617/5392 5176/5668/5442
f 5887/5461/5241 5748/5669/5443 5891/5670/5444
f 5888/5447/5227 5751/5671/5445 5742/5672/5446
f 6073/5673/5447 6062/5674/5448 6064/5675/5449
f 5432/5676/5450 5437/5569/5346 5439/5562/5339
f 5739/5677/5451 5750/5678/5452 4868/5679/5453
f 6076/5680/5454 5906/5681/5455 6075/5637/5412
f 5089/5682/5456 5092/5683/5457 5090/217/175
f 5097/5421/5201 5092/5683/5457 5091/5684/5458
f 6100/5685/5459 6085/5686/5460 6089/5687/5461
f 5471/5688/5462 5476/5689/5463 5470/5690/5464
f 5365/5691/5438 5392/5692/5465 5394/5601/5376
f 5235/219/5466 5249/5693/5467 5248/5452/5232
f 6106/5656/5430 6095/5694/5468 6100/5685/5459
f 5464/5695/5469 5470/5690/5464 5462/5696/5470
f 5138/5697/5471 5124/5698/5472 5125/5699/5473
f 5211/5449/5229 5243/5611/5386 5212/5700/5474
f 5162/5701/5475 5146/5489/5268 5158/5510/5289
f 5391/5702/5476 5361/5703/5477 5393/5649/5424
f 5141/5704/5478 5124/5698/5472 5137/5705/5479
f 5427/5466/5246 5356/5706/5480 5428/5707/5481
f 5240/5546/5324 5228/5708/5482 5241/5709/5483
f 5130/5710/5484 5102/5711/5485 5132/5712/5486
f 5229/5713/5487 5208/5714/5488 5228/5708/5482
f 5209/5715/5489 5132/5712/5486 5208/5714/5488
f 5178/5509/5288 5185/5716/5490 5186/5503/5282
f 5309/5596/5371 5318/5717/5491 5315/5718/5492
f 5224/5719/5493 5218/5720/5494 5225/220/5495
f 5315/5718/5492 5319/5721/5496 5317/5551/5329
f 5247/5599/5374 5268/5559/5336 5269/5722/5497
f 5274/5723/5498 5264/5724/5499 5275/5426/5206
f 5435/5538/5317 5440/5725/5500 5434/5568/5345
f 5215/5726/5501 5227/5423/5203 5216/5727/5502
f 5068/5416/5196 5073/5728/5503 5072/5729/5504
f 5069/5730/5505 5076/5412/5193 5073/5728/5503
f 5126/5731/5506 5145/5644/5419 5139/5533/5312
f 5202/5577/5353 5216/5727/5502 5203/5732/5507
f 5328/5493/5272 5346/5733/5508 5347/5662/5436
f 5217/5734/5509 5205/5735/5510 5218/5720/5494
f 5160/5736/5511 5180/5572/5348 5164/5581/5357
f 5636/5479/5258 5491/5640/5415 5633/5737/5512
f 5210/5738/5513 5220/5739/5514 5221/5740/5515
f 5221/5740/5515 5231/5741/5516 5232/5597/5372
f 5210/5738/5513 4870/5742/5283 5207/5743/5517
f 5651/5744/5518 6065/5745/5519 5647/5746/5520
f 5085/5478/5257 5096/5747/5521 5094/5748/5522
f 5093/5749/5523 5102/5711/5485 5101/5750/5524
f 5204/5751/5525 5195/5576/5352 5205/5735/5510
f 5484/5752/5526 5495/5753/5527 5483/5754/5528
f 5499/5755/5529 5647/5746/5520 5495/5753/5527
f 5477/5756/5530 5483/5754/5528 5476/5689/5463
f 5150/5544/5322 5127/5757/5531 5141/5704/5478
f 5355/5758/5532 5338/5522/5301 5356/5706/5480
f 5455/5759/5533 5463/5760/5470 5452/5761/5534
f 4873/5762/5535 6086/5763/5536 6065/5745/5519
f 5253/5548/5326 5264/5724/5499 5262/5764/5537
f 5147/5765/5538 5128/5766/5539 5133/5488/5267
f 5142/5767/5540 5125/5699/5473 5128/5766/5539
f 5396/5768/5541 5400/5769/5291 5395/5770/5542
f 5455/5759/5533 5444/5771/5543 5446/5623/5398
f 5410/5772/5544 5383/5773/5545 5374/5774/5546
f 5349/5775/5547 5366/5776/5548 5348/5402/5182
f 5410/5772/5544 5436/5777/5549 5413/5778/5550
f 5430/5779/5551 5438/5563/5340 5436/5777/5549
f 5367/5780/5552 5395/5770/5542 5366/5776/5548
f 4874/5781/5553 4875/5782/5554 5370/5647/5422
f 4876/5783/5555 4864/5634/5409 4877/5784/5556
f 4878/5785/5557 2894/3250/3071 4879/5786/5558
f 4880/5787/5559 3579/3952/3745 3372/3735/3543
f 3635/4014/3803 4881/5788/5560 3065/3419/3237
f 4882/5789/5561 5343/5790/5562 3579/3952/3745
f 3691/4079/3863 3468/3837/3640 3467/3836/3639
f 3392/3755/3561 3468/3837/3640 3486/3855/3656
f 3514/3880/3681 2896/3252/3073 2895/3251/3072
f 4880/5787/5559 3374/3737/3545 4883/5791/5563
f 3485/3854/3655 3250/3613/3424 4884/5792/5564
f 3065/3419/3237 4885/5793/5565 3063/3417/3235
f 4879/5786/5558 2896/3252/3073 3394/3757/3563
f 471/799/711 4886/5794/5566 4887/5795/5567
f 4888/5796/5568 1153/1488/1357 4889/5797/5569
f 4890/5798/5570 5368/5799/5571 646/977/886
f 4889/5797/5569 1155/1490/1359 5353/5800/5572
f 1060/1394/1277 1261/1595/1453 1058/1392/1275
f 1060/1394/1277 976/1307/1195 1072/1405/1288
f 472/800/712 1240/1573/1433 470/798/710
f 956/1287/1178 4888/5796/5568 4891/5801/5566
f 834/1166/1061 1071/1404/1287 4892/5802/5573
f 646/977/886 4893/5803/1061 4890/5798/5570
f 472/800/712 4887/5795/5567 977/1308/1196
f 977/1308/1196 1144/1479/1349 975/1306/1194
f 4892/5802/5573 455/783/695 4894/5804/941
f 4891/5801/5566 1147/1482/1352 4895/5805/5574
f 1072/1405/1288 1041/1374/1259 617/948/859
f 1160/1495/1364 5353/5800/5572 1159/1494/1363
f 1147/1482/1352 4889/5797/5569 1160/1495/1364
f 4887/5795/5567 4896/5806/5574 1144/1479/1349
f 3566/3936/3731 3394/3757/3563 3393/3756/3562
f 2878/3234/3055 4884/5792/5564 4897/5807/3415
f 3648/4031/3819 4883/5791/5563 3569/3940/3732
f 3454/3821/3624 3486/3855/3656 3038/3392/3211
f 3647/4030/3818 5354/5808/5575 4882/5789/5561
f 3648/4031/3819 4882/5789/5561 4880/5787/5559
f 3567/3937/3732 4879/5786/5558 3566/3936/3731
f 5359/5809/5576 4877/5784/5556 5361/5703/5477
f 4898/5810/5577 4866/5653/5427 4875/5782/5554
f 5457/5811/5578 3125/3481/3296 4881/5788/5560
f 3248/3611/3422 3486/3855/3656 3468/3837/3640
f 3466/3835/3638 3394/3757/3563 2896/3252/3073
f 4881/5788/5560 3124/3480/3295 4885/5793/5565
f 705/1035/940 5458/5812/5579 4890/5798/5570
f 1072/1405/1288 833/1165/1060 1060/1394/1277
f 977/1308/1196 1059/1393/1276 472/800/712
f 4890/5798/5570 4899/5813/5580 705/1035/940
f 1/330/255 128/455/380 2/331/256
f 4/333/258 169/496/421 5/334/259
f 7/336/261 25/354/279 8/337/262
f 10/339/264 35/364/289 11/340/265
f 13/342/267 283/609/528 14/343/268
f 16/345/270 50/379/304 17/346/271
f 19/348/273 154/481/406 20/349/274
f 22/351/276 162/489/414 23/352/277
f 25/354/279 7/336/261 26/355/280
f 28/357/282 126/453/378 29/358/283
f 31/360/285 21/350/275 32/361/286
f 34/363/288 207/534/458 35/364/289
f 36/365/290 233/559/483 37/366/291
f 39/368/293 45/374/299 40/369/294
f 42/371/296 155/482/407 43/372/297
f 11/340/265 40/369/294 45/374/299
f 47/376/301 194/521/446 48/377/302
f 50/379/304 183/510/435 51/380/305
f 52/381/306 362/689/602 53/382/307
f 46/375/300 45/374/299 55/384/309
f 57/386/311 77/404/329 58/387/312
f 60/389/314 303/629/548 61/390/315
f 63/392/317 102/429/354 64/393/318
f 66/395/320 106/433/358 67/223/180
f 69/397/322 275/601/521 70/398/323
f 72/400/325 147/474/399 57/386/311
f 21/350/275 31/360/285 74/222/179
f 75/402/327 3/332/257 76/403/328
f 54/383/308 53/382/307 78/405/330
f 80/407/332 1283/1620/1473 81/408/333
f 83/410/335 150/477/402 84/411/336
f 86/413/338 355/682/596 87/414/339
f 89/416/341 348/675/589 17/346/271
f 90/417/342 268/594/515 91/418/343
f 93/420/345 34/363/288 10/339/264
f 95/422/347 108/435/360 96/423/348
f 98/425/350 333/660/576 99/426/351
f 101/428/353 192/519/444 102/429/354
f 104/431/356 1300/1637/1487 105/432/357
f 107/434/359 96/423/348 108/435/360
f 110/437/362 4860/5814/5581 111/438/363
f 113/440/365 347/674/588 114/441/366
f 117/444/369 47/376/301 49/378/303
f 119/446/371 141/468/393 120/447/372
f 122/449/374 304/630/549 123/450/375
f 125/452/377 7/336/261 9/338/263
f 126/453/378 1302/1639/502 127/454/379
f 128/455/380 227/554/477 129/456/381
f 105/432/357 232/224/482 67/223/180
f 131/458/383 171/498/423 132/459/384
f 19/348/273 74/222/179 134/461/386
f 96/423/348 107/434/359 135/462/387
f 137/464/389 6/335/260 5/334/259
f 99/426/351 335/662/578 139/466/391
f 141/468/393 212/539/463 142/469/394
f 143/470/395 261/587/508 144/471/396
f 72/400/325 354/681/595 146/473/398
f 148/475/400 180/507/432 39/368/293
f 93/420/345 94/421/346 150/477/402
f 151/478/403 4900/5815/5582 152/479/404
f 133/460/385 132/459/384 154/481/406
f 155/482/407 209/536/460 156/483/408
f 157/484/409 279/605/524 158/485/410
f 108/435/360 95/422/347 160/487/412
f 162/489/414 212/539/463 141/468/393
f 164/491/416 179/506/431 165/492/417
f 167/494/419 334/5816/520 98/425/350
f 169/496/421 4/333/258 170/497/422
f 171/498/423 131/458/383 92/419/344
f 32/361/286 8/337/262 25/354/279
f 174/501/426 107/434/359 109/436/361
f 175/502/427 259/585/506 176/503/428
f 164/491/416 249/575/499 178/505/430
f 45/374/299 39/368/293 180/507/432
f 148/475/400 22/351/276 24/353/278
f 26/355/280 239/565/489 48/377/302
f 183/510/435 284/610/529 184/511/436
f 47/376/301 117/444/369 185/512/437
f 187/514/439 320/647/565 188/515/440
f 190/517/442 199/526/391 115/442/367
f 192/519/444 307/633/552 64/393/318
f 82/409/334 205/532/456 193/520/445
f 186/513/438 41/370/295 194/521/446
f 38/367/292 213/540/464 195/522/447
f 114/441/366 178/505/430 150/477/402
f 196/523/448 100/427/352 197/524/449
f 116/443/368 115/442/367 199/526/391
f 201/528/452 85/412/337 202/529/453
f 204/531/455 277/603/522 205/532/456
f 206/533/457 35/364/289 207/534/458
f 204/531/455 260/586/507 197/524/449
f 208/535/459 4901/5817/543 209/536/460
f 149/476/401 39/368/293 41/370/295
f 206/533/457 194/521/446 41/370/295
f 12/341/266 11/340/265 46/375/300
f 128/455/380 130/457/382 210/537/461
f 211/538/462 27/356/281 207/534/458
f 212/539/463 1296/1633/1485 185/512/437
f 182/509/434 48/377/302 194/521/446
f 213/540/464 235/561/485 214/541/465
f 216/543/467 76/403/328 3/332/257
f 118/445/370 109/436/361 217/544/468
f 144/471/396 170/497/422 218/545/456
f 219/546/469 253/579/500 176/503/428
f 55/384/309 180/507/432 220/547/470
f 175/502/427 138/465/390 5/334/259
f 223/550/473 240/566/490 224/551/474
f 226/553/476 174/501/426 118/445/370
f 1/330/255 286/612/531 227/554/477
f 228/555/478 241/567/491 229/556/479
f 87/414/339 354/681/595 230/557/480
f 233/559/483 137/464/389 138/465/390
f 34/363/288 93/420/345 234/560/484
f 171/498/423 1295/1632/1484 231/558/481
f 235/561/485 223/550/473 225/552/475
f 168/495/420 98/425/350 100/427/352
f 35/364/289 206/533/457 40/369/294
f 236/562/486 276/602/412 237/563/487
f 163/490/415 256/582/503 23/352/277
f 51/380/305 184/511/436 165/492/417
f 239/565/489 26/355/280 7/336/261
f 177/504/429 37/366/291 138/465/390
f 240/566/490 289/615/534 16/345/270
f 241/567/491 116/443/368 200/527/451
f 166/493/418 283/609/528 13/342/267
f 243/569/493 246/572/496 244/570/494
f 136/463/388 1301/1638/1488 97/424/349
f 246/572/496 350/677/591 247/573/497
f 226/553/476 239/565/489 125/452/377
f 248/574/498 1292/1629/1481 249/575/499
f 77/404/329 57/386/311 147/474/399
f 250/576/405 301/627/546 251/577/356
f 177/504/429 176/503/428 253/579/500
f 255/581/502 257/583/504 256/582/503
f 221/548/471 18/347/272 56/385/310
f 253/579/500 219/546/469 240/566/490
f 142/469/394 185/512/437 117/444/369
f 257/583/504 332/659/575 258/584/505
f 259/585/506 63/392/317 65/394/319
f 260/586/507 327/654/570 198/525/450
f 63/392/317 259/585/506 261/587/508
f 262/588/509 1304/1641/1490 263/589/510
f 265/591/512 353/680/594 266/592/513
f 267/593/514 307/633/552 228/555/478
f 134/461/386 232/224/482 268/594/515
f 269/595/516 363/690/603 270/596/517
f 272/598/519 331/658/574 273/599/520
f 275/601/521 69/397/322 276/602/412
f 277/603/522 204/531/455 140/467/392
f 222/549/472 261/587/508 259/585/506
f 278/604/523 158/485/410 279/605/524
f 281/607/526 278/604/523 280/606/525
f 283/609/528 184/511/436 284/610/529
f 285/611/530 306/632/551 286/612/531
f 33/362/287 266/592/513 68/396/321
f 195/522/447 1293/1630/1482 258/584/505
f 132/459/384 231/558/481 230/557/480
f 43/372/297 156/483/408 14/343/268
f 92/419/344 91/418/343 288/614/533
f 289/615/534 240/566/490 219/546/469
f 166/493/418 165/492/417 184/511/436
f 291/617/536 312/638/557 292/618/537
f 282/608/527 295/621/540 293/619/538
f 294/620/539 293/619/538 295/621/540
f 297/623/542 333/660/576 298/624/543
f 300/626/545 251/577/356 301/627/546
f 116/443/368 241/567/491 192/519/444
f 303/629/548 288/614/533 304/630/549
f 305/631/550 1305/1642/1491 294/620/539
f 189/516/441 286/612/531 306/632/551
f 307/633/552 267/593/514 290/616/535
f 308/634/553 287/613/532 309/635/554
f 311/637/556 292/618/537 312/638/557
f 314/640/559 4902/5818/553 5129/641/560
f 267/593/514 342/669/583 289/615/534
f 317/643/562 316/642/561 315/644/363
f 224/551/474 16/345/270 18/347/272
f 33/362/287 32/361/286 173/500/425
f 86/413/338 88/415/340 319/646/564
f 321/648/382 340/667/381 322/649/566
f 324/651/567 268/594/515 232/224/482
f 123/450/375 91/418/343 268/594/515
f 9/338/263 8/337/262 20/349/274
f 303/629/548 60/389/314 319/646/564
f 327/654/570 260/586/507 81/408/333
f 234/560/484 93/420/345 83/410/335
f 208/535/459 155/482/407 42/371/296
f 330/657/573 4903/5819/5583 331/658/574
f 332/659/575 309/635/554 287/613/532
f 333/660/576 98/425/350 5119/661/577
f 58/387/312 135/462/387 107/434/359
f 335/662/578 99/426/351 333/660/576
f 336/663/579 1306/1643/1492 337/664/260
f 339/666/581 322/649/566 340/667/381
f 42/371/296 44/373/298 342/669/583
f 343/670/584 243/569/493 245/571/495
f 146/473/398 355/682/596 306/632/551
f 2/331/256 210/537/461 345/672/586
f 59/388/313 58/387/312 174/501/426
f 31/360/285 68/396/321 67/223/180
f 15/344/269 14/343/268 156/483/408
f 347/674/588 179/506/431 178/505/430
f 56/385/310 348/675/589 113/440/365
f 44/373/298 43/372/297 284/610/529
f 172/499/424 288/614/533 303/629/548
f 152/479/404 4900/5815/5582 264/590/511
f 94/421/346 10/339/264 12/341/266
f 348/675/589 56/385/310 18/347/272
f 325/652/568 20/349/274 154/481/406
f 349/676/590 247/573/497 350/677/591
f 242/568/492 248/574/498 164/491/416
f 217/544/468 161/488/413 120/447/372
f 233/559/483 36/365/290 308/634/553
f 221/548/471 220/547/470 225/552/475
f 181/508/433 220/547/470 180/507/432
f 201/528/452 363/690/603 353/680/594
f 8/337/262 32/361/286 21/350/275
f 342/669/583 44/373/298 183/510/435
f 136/463/388 135/462/387 76/403/328
f 215/542/466 214/541/465 181/508/433
f 354/681/595 87/414/339 355/682/596
f 85/412/337 84/411/336 356/683/597
f 119/446/371 255/581/502 163/490/415
f 85/412/337 201/528/452 329/656/572
f 89/416/341 165/492/417 179/506/431
f 62/391/316 61/390/315 357/684/497
f 358/685/598 1283/1620/1473 359/686/599
f 239/565/489 226/553/476 49/378/303
f 361/688/601 1287/1624/1476 362/689/602
f 320/647/565 319/646/564 60/389/314
f 241/567/491 228/555/478 307/633/552
f 220/547/470 181/508/433 214/541/465
f 182/509/434 207/534/458 27/356/281
f 173/500/425 25/354/279 27/356/281
f 203/530/454 270/596/517 363/690/603
f 50/379/304 16/345/270 289/615/534
f 36/365/290 195/522/447 287/613/532
f 364/691/604 801/1133/1032 365/692/605
f 367/694/607 915/1246/1138 368/695/608
f 370/697/610 936/1267/1159 371/698/611
f 373/700/613 435/763/675 374/701/614
f 376/703/616 440/768/680 377/704/617
f 379/706/619 902/1233/1125 380/707/620
f 382/709/622 4904/5820/5584 383/710/623
f 385/712/625 1091/1425/1305 386/713/626
f 388/715/628 406/733/645 389/716/629
f 391/718/631 5198/5821/5585 392/719/632
f 394/721/634 1164/1499/1368 395/722/635
f 397/724/637 1217/1550/1413 398/725/638
f 400/727/640 457/785/697 401/728/641
f 403/730/643 1277/1612/1284 404/731/644
f 406/733/645 962/1293/1183 407/734/646
f 408/735/647 918/1249/1141 409/736/648
f 411/738/650 480/808/720 412/739/651
f 414/741/653 1238/1571/1431 415/742/654
f 417/744/656 397/724/637 5281/745/657
f 419/747/659 948/1279/1170 420/748/660
f 422/750/662 495/823/735 423/751/663
f 425/753/665 811/1143/1042 426/754/666
f 428/756/668 1163/1498/1367 429/757/669
f 431/759/671 846/1178/1073 432/760/672
f 434/762/674 662/992/900 435/763/675
f 436/764/676 461/789/701 437/765/677
f 439/767/679 377/704/617 440/768/680
f 442/770/682 960/1291/1181 443/771/683
f 445/773/685 1062/1396/1279 446/774/686
f 448/776/688 591/920/831 449/777/689
f 451/779/691 501/829/741 452/780/692
f 454/782/694 4894/5804/941 455/783/695
f 457/785/697 400/727/640 458/786/698
f 460/788/700 620/951/862 437/765/677
f 462/790/702 488/816/728 450/778/690
f 464/792/704 1254/1588/1446 465/793/705
f 467/795/707 525/853/765 468/796/708
f 470/798/710 1196/1529/1395 471/799/711
f 473/801/713 4865/5822/5586 474/802/714
f 1223/1556/1418 477/805/717 476/804/716
f 477/805/717 710/1041/945 478/806/718
f 479/807/719 412/739/651 480/808/720
f 482/810/722 1172/1507/1376 483/811/723
f 485/813/725 679/1009/916 486/814/726
f 448/776/688 450/778/690 488/816/728
f 490/818/730 4905/5823/5587 491/819/731
f 493/821/733 1239/1572/1432 494/822/734
f 496/824/736 508/836/748 497/825/737
f 499/827/739 600/929/840 452/780/692
f 500/828/740 452/780/692 501/829/741
f 503/831/743 1184/1517/1383 502/830/742
f 505/833/745 658/988/896 506/834/746
f 508/836/748 817/1149/1047 509/837/749
f 510/838/750 4906/5824/5588 511/839/751
f 513/841/753 457/785/697 459/787/699
f 515/843/755 627/958/868 516/844/756
f 382/709/622 408/735/647 410/737/649
f 519/847/759 802/1134/1033 520/848/760
f 522/850/762 1164/1499/1368 523/851/763
f 525/853/765 467/795/707 526/854/766
f 528/856/768 478/806/718 529/857/769
f 531/859/771 563/892/804 532/860/772
f 534/862/774 1049/1383/1268 535/863/775
f 537/865/777 764/1095/997 538/866/778
f 540/868/780 736/1067/969 541/869/781
f 543/871/783 734/1065/967 544/872/784
f 488/816/728 462/790/702 546/874/786
f 458/786/698 964/1295/1185 548/876/788
f 550/878/790 972/1303/1056 551/879/791
f 553/881/793 1165/1500/1369 554/882/794
f 5480/884/796 742/1073/975 556/885/797
f 558/887/799 1002/1335/1222 559/888/800
f 561/890/802 476/804/716 478/806/718
f 562/891/803 532/860/772 563/892/804
f 565/894/806 1070/1403/1286 566/895/807
f 568/897/808 713/1044/948 569/898/809
f 571/900/811 932/1263/1155 572/901/812
f 574/903/814 648/979/888 575/904/815
f 577/906/817 822/1154/1052 578/907/818
f 555/883/795 554/882/794 518/846/758
f 580/909/820 466/794/706 366/693/606
f 581/910/821 1278/1613/1467 582/911/822
f 584/913/824 973/1304/1192 585/914/825
f 481/809/721 480/808/720 380/707/620
f 588/917/828 817/1149/1047 589/918/829
f 516/844/756 449/777/689 591/920/831
f 469/797/709 468/796/708 592/921/832
f 594/923/834 687/1017/924 595/924/835
f 499/827/739 500/828/740 597/926/837
f 499/827/739 700/1030/936 599/928/839
f 601/930/841 1251/1585/1443 602/931/842
f 381/708/621 380/707/620 480/808/720
f 604/933/844 1192/1525/1391 526/854/766
f 606/935/846 539/867/779 607/936/847
f 5379/938/849 671/1001/908 609/939/850
f 610/941/852 978/1309/1197 611/942/853
f 392/719/632 4907/5825/963 613/944/855
f 614/945/856 768/1099/1001 615/946/857
f 456/784/696 455/783/695 617/948/859
f 619/950/861 437/765/677 620/951/862
f 622/953/661 786/1117/1016 623/954/864
f 389/716/629 407/734/646 625/956/866
f 627/958/868 1001/1334/1221 449/777/689
f 628/959/869 534/862/774 629/960/870
f 631/962/872 945/1276/1167 632/963/873
f 634/965/874 934/1265/1157 635/966/875
f 637/968/877 643/974/883 638/969/878
f 640/971/880 4908/5826/1020 420/748/660
f 642/973/882 695/1025/931 643/974/883
f 644/975/884 795/1127/1026 645/976/885
f 647/978/887 5058/5827/5589 648/979/888
f 649/225/182 862/1193/1087 570/899/810
f 650/980/889 1150/1485/676 567/896/678
f 651/981/890 1019/1352/1238 652/982/891
f 654/984/893 856/1188/1083 655/985/894
f 657/987/895 506/834/746 658/988/896
f 384/711/624 383/710/623 660/990/898
f 662/992/900 1178/1513/920 663/993/850
f 664/994/901 761/1092/994 665/995/902
f 667/997/904 673/1003/910 668/998/905
f 670/1000/907 768/1099/1001 671/1001/908
f 672/1002/909 1210/1543/1408 673/1003/910
f 674/1004/911 1151/1486/1355 627/958/868
f 675/1005/912 1082/1416/1298 676/1006/913
f 678/1008/915 486/814/726 679/1009/916
f 681/1011/918 798/1130/1029 367/694/607
f 683/1013/920 5382/1609/1464 5381/940/851
f 684/1014/921 1188/1521/1387 685/1015/922
f 687/1017/924 594/923/834 688/1018/925
f 413/740/652 1023/1356/1242 690/1020/927
f 692/1022/929 4909/5828/5590 693/1023/643
f 695/1025/931 642/973/882 696/1026/932
f 698/1028/934 930/1261/1153 699/1029/935
f 701/1031/937 1132/1466/955 702/1032/938
f 704/1034/908 374/701/614 435/763/675
f 705/1035/940 4899/5813/5580 706/1036/941
f 708/1038/943 720/1051/955 376/703/616
f 537/865/777 1282/1619/662 709/1040/664
f 711/1042/946 561/890/802 528/856/768
f 713/1044/948 568/897/808 714/1045/949
f 716/1047/951 819/1151/1049 542/870/782
f 717/1048/952 838/1170/1065 718/1049/953
f 720/1051/955 4910/5829/937 721/1052/956
f 438/766/678 437/765/677 619/950/861
f 402/729/642 401/728/641 723/1054/957
f 522/850/762 873/1204/1096 725/1056/959
f 572/901/812 933/1264/1156 727/1058/961
f 728/1059/962 4911/5830/1258 729/1060/963
f 377/704/617 439/767/679 731/1062/965
f 733/1064/656 544/872/784 734/1065/967
f 652/982/891 541/869/781 736/1067/969
f 738/1069/971 1161/1496/1365 739/1070/972
f 741/1072/974 1056/1390/1274 742/1073/975
f 744/1075/977 702/1032/938 745/1076/978
f 512/840/752 511/839/751 747/1078/980
f 749/1080/982 891/1222/1114 750/1081/983
f 752/1083/985 713/1044/948 715/1046/950
f 411/738/650 1012/1345/1232 650/980/889
f 753/1084/986 903/1234/1126 754/1085/987
f 756/1087/989 822/1154/1052 757/1088/990
f 703/1033/939 702/1032/938 744/1075/977
f 760/1091/993 981/1312/1200 761/1092/994
f 762/1093/995 364/691/604 366/693/606
f 710/1041/945 477/805/717 764/1095/997
f 700/1030/936 499/827/739 598/927/838
f 765/1096/998 1051/1385/1270 766/1097/999
f 768/1099/1001 670/1000/907 769/1100/1002
f 770/1101/999 636/967/876 546/874/786
f 730/1061/964 729/1060/963 772/1103/1003
f 774/1105/1005 820/1152/1050 775/1106/1006
f 777/1108/1008 1183/1516/1382 778/1109/1009
f 372/699/612 4912/5831/5591 780/1111/636
f 748/1079/981 747/1078/980 781/1112/1011
f 783/1114/1013 4913/5832/5592 784/1115/1014
f 786/1117/1016 510/838/750 787/1118/1017
f 430/758/670 429/757/669 788/1119/1018
f 622/953/661 4914/5833/660 789/1121/1020
f 751/1082/984 829/1161/1056 791/1123/1022
f 629/960/870 534/862/774 536/864/776
f 687/1017/924 1103/1437/1317 794/1126/1025
f 749/1080/982 1000/1333/1220 795/1127/1026
f 796/1128/1027 1010/1343/1230 797/1129/1028
f 719/1050/954 718/1049/953 799/1131/1030
f 370/697/610 780/1111/636 801/1133/1032
f 802/1134/1033 519/847/759 803/1135/1034
f 805/1137/1036 934/1265/1157 589/918/829
f 504/832/744 909/1240/1132 807/1139/1038
f 808/1140/1039 991/1324/1211 809/1141/1040
f 811/1143/1042 1016/1349/1235 656/986/858
f 477/805/717 1167/1502/1371 812/1144/1043
f 813/1145/1044 935/1266/1158 814/1146/1045
f 816/1148/962 509/837/749 817/1149/1047
f 818/1150/1048 988/1321/658 564/893/805
f 819/1151/1049 1021/1354/1240 425/753/665
f 820/1152/1050 1248/1582/1223 821/1153/1051
f 822/1154/1052 6116/1469/1341 823/1155/1053
f 824/1156/941 1212/1545/694 825/1157/1054
f 827/1159/1055 401/728/641 457/785/697
f 751/1082/984 750/1081/983 828/1160/791
f 558/887/799 940/1271/1163 830/1162/1057
f 832/1164/1059 1261/1595/1453 833/1165/1060
f 393/720/633 1225/1558/1420 835/1167/1062
f 836/1168/1063 588/917/828 590/919/830
f 481/809/721 718/1049/953 838/1170/1065
f 839/1171/1066 1260/1594/1452 840/1172/1067
f 842/1174/1069 1201/1534/1400 815/1147/1046
f 843/1175/1070 899/1230/1122 844/1176/1071
f 846/1178/1073 431/759/671 447/775/687
f 847/1179/1074 1245/1579/1439 848/1180/1075
f 746/1077/979 745/1076/978 850/1182/1077
f 852/1184/1079 910/1241/1133 853/1185/1080
f 855/1187/1082 803/1135/1034 519/847/759
f 396/723/636 395/722/635 857/1189/1084
f 859/1191/1085 717/1048/952 719/1050/954
f 861/2/2 1273/1607/1463 862/1193/1087
f 579/908/819 1061/1395/1278 825/1157/1054
f 863/1194/1088 1243/1576/1436 732/1063/966
f 864/1195/1089 882/1213/1105 575/904/815
f 615/946/857 769/1100/1002 866/1197/1082
f 868/1199/1091 1038/1371/1257 869/1200/1092
f 871/1202/1094 1224/1557/1419 872/1203/1095
f 851/1183/1078 850/1182/1077 662/992/900
f 550/878/790 973/1304/1192 874/1205/1097
f 386/713/626 1091/1425/1305 876/1207/1099
f 878/1209/1101 946/1277/1168 879/1210/1102
f 684/1014/921 998/1331/1218 881/1212/1104
f 882/1213/1105 864/1195/1089 883/1214/1106
f 800/1132/1031 1046/1380/1265 860/1192/1086
f 835/1167/1062 1225/1558/1420 869/1200/1092
f 885/1216/1108 951/1282/1173 886/1217/1109
f 888/1219/1111 682/1012/919 889/1220/1112
f 644/975/884 1204/1537/1403 891/1222/1114
f 409/736/648 917/1248/1140 892/1223/1115
f 802/1134/1033 1263/1597/1455 894/1225/1117
f 496/824/736 498/826/738 895/1226/1118
f 897/1228/1120 1114/1448/1328 898/1229/1121
f 900/1231/1123 1010/1343/1230 901/1232/1124
f 903/1234/1126 1029/1362/1248 904/1235/1127
f 905/1236/1128 1004/1337/1224 906/1237/1129
f 504/832/744 989/1322/1209 908/1239/1131
f 910/1241/1133 4915/5834/5593 911/1242/1134
f 703/1033/939 1145/1480/1350 912/1243/1135
f 584/913/824 1109/1443/1323 913/1244/1136
f 915/1246/1138 1206/1539/1405 916/1247/1139
f 566/895/807 379/706/619 381/708/621
f 917/1248/1140 409/736/648 918/1249/1141
f 600/929/840 489/817/729 453/781/693
f 755/1086/988 754/1085/987 920/1251/1143
f 922/1253/1145 734/1065/967 543/871/783
f 924/1255/1147 4906/5824/5588 510/838/750
f 838/1170/1065 717/1048/952 925/1256/1148
f 926/1257/1149 1057/1391/968 659/989/897
f 532/860/772 562/891/803 927/1258/1150
f 928/1259/1151 1137/1472/1343 929/1260/1152
f 931/1262/1154 4915/5834/5593 910/1241/1133
f 932/1263/1155 1229/1562/1423 933/1264/1156
f 934/1265/1157 634/965/874 590/919/830
f 384/711/624 1068/1401/1285 408/735/647
f 529/857/769 478/806/718 710/1041/945
f 498/826/738 497/825/737 935/1266/1158
f 936/1267/1159 370/697/610 364/691/604
f 514/842/754 459/787/699 517/845/757
f 725/1056/959 1087/1421/1302 937/1268/1160
f 395/722/635 726/1057/960 939/1270/1162
f 682/1012/919 367/694/607 369/696/609
f 560/889/801 680/1010/917 940/1271/1163
f 376/703/616 721/1052/956 941/1272/714
f 440/768/680 941/1272/714 942/1273/1164
f 943/1274/1165 969/1300/1189 796/1128/1027
f 945/1276/1167 631/962/872 858/1190/1032
f 946/1277/1168 878/1209/1101 881/1212/1104
f 948/1279/1170 1252/1586/1444 641/972/881
f 902/1233/1125 379/706/619 949/1280/1171
f 681/1011/918 1247/1581/1441 950/1281/1172
f 951/1282/1173 885/1216/1108 952/1283/1174
f 954/1285/1176 1231/1564/1290 955/1286/1177
f 608/937/848 607/936/847 957/1288/1179
f 959/1290/1180 443/771/683 960/1291/1181
f 962/1293/1183 1143/1478/1348 963/1294/1184
f 964/1295/1185 1022/1355/1241 412/739/651
f 947/1278/1169 881/1212/1104 965/1296/990
f 967/1298/1187 1169/1504/1373 523/851/763
f 969/1300/1189 943/1274/1165 800/1132/1031
f 970/1301/1190 462/790/702 463/791/703
f 875/1206/1098 4916/5835/5594 972/1303/1056
f 914/1245/1137 874/1205/1097 973/1304/1192
f 498/826/738 813/1145/1044 974/1305/1193
f 975/1306/1194 1041/1374/1259 976/1307/1195
f 978/1309/1197 905/1236/1128 979/1310/1198
f 980/1311/1199 1119/1453/1332 981/1312/1200
f 660/990/898 1176/1511/1137 982/1313/1201
f 967/1298/1187 1200/1533/1399 983/1314/1202
f 607/936/847 1011/1344/1231 985/1316/1204
f 5376/1317/1205 467/795/707 469/797/709
f 5063/1318/1206 5061/1378/1263 986/1319/1207
f 988/1321/658 818/1150/1048 544/872/784
f 806/1138/1037 908/1239/1131 989/1322/1209
f 990/1323/1210 1035/1368/1254 991/1324/1211
f 865/1196/1090 575/904/815 5051/1120/1019
f 415/742/654 1238/1571/1431 992/1325/1212
f 994/1327/1214 1090/1424/1304 414/741/653
f 991/1324/1211 1280/1615/1469 996/1329/1216
f 984/1315/1203 983/1314/1202 997/1330/1217
f 965/1296/990 881/1212/1104 998/1331/1218
f 1000/1333/1220 749/1080/982 751/1082/984
f 463/791/703 450/778/690 449/777/689
f 1002/1335/1222 558/887/799 831/1163/1058
f 905/1236/1128 978/1309/1197 1003/1336/1223
f 1005/1338/1225 1266/1600/1456 1006/1339/1226
f 1008/1341/1228 512/840/752 748/1079/981
f 1010/1343/1230 796/1128/1027 969/1300/1189
f 539/867/779 538/866/778 1011/1344/1231
f 1012/1345/1232 691/1021/928 1013/1346/1233
f 547/875/787 453/781/693 489/817/729
f 1015/1348/1234 4917/5836/1384 424/752/664
f 1016/1349/1235 1021/1354/1240 1017/1350/1236
f 1019/1352/1238 716/1047/951 541/869/781
f 784/1115/1014 4913/5832/5592 1020/1353/1239
f 1021/1354/1240 819/1151/1049 535/863/775
f 1022/1355/1241 400/727/640 402/729/642
f 1024/1357/1243 461/789/701 436/764/676
f 612/943/854 1154/1489/1358 1026/1359/1245
f 1027/1360/1246 1041/1374/1259 975/1306/1194
f 896/1227/1119 895/1226/1118 677/1007/914
f 1029/1362/1248 903/1234/1126 672/1002/909
f 1030/1363/1249 5494/5837/5595 1031/1364/1250
f 841/1173/1068 1142/1477/1347 1033/1366/1252
f 1035/1368/1254 559/888/800 1036/1369/1255
f 766/1097/999 1051/1385/1270 1038/1371/1257
f 1039/1372/1176 1196/1529/1395 776/1107/1007
f 1040/1373/1258 816/1148/962 588/917/828
f 1041/1374/1259 1027/1360/1246 618/949/860
f 1042/1375/1260 1233/1566/1426 1043/1376/1261
f 5061/1378/1263 5058/5827/5589 647/978/887
f 368/695/608 916/1247/1139 812/1144/1043
f 943/1274/1165 1219/1552/1415 1046/1380/1265
f 1047/1381/1266 904/1235/1127 1029/1362/1248
f 628/959/869 1256/1590/1448 1049/1383/1268
f 462/790/702 970/1301/1190 771/1102/1000
f 1050/1384/1269 1249/1583/1442 1038/1371/1257
f 1052/1386/1021 674/1004/911 515/843/755
f 708/1038/943 5378/1039/944 1054/1388/1272
f 959/1290/1180 961/1292/1182 1056/1390/1274
f 819/1151/1049 716/1047/951 536/864/776
f 1049/1383/1268 1093/1427/1307 1017/1350/1236
f 397/724/637 417/744/656 1057/1391/968
f 1058/1392/1275 1240/1573/1433 1059/1393/1276
f 1061/1395/1278 4862/5838/1361 826/1158/942
f 697/1027/933 696/1026/932 1062/1396/1279
f 799/1131/1030 587/916/827 901/1232/1124
f 569/898/809 1088/1422/1303 1063/226/1280
f 548/876/788 964/1295/1185 479/807/719
f 596/925/836 640/971/880 641/972/881
f 1064/1397/1281 6102/1616/1470 1065/1398/1282
f 1044/1377/1262 4869/5839/1466 1067/1400/1284
f 661/991/899 1113/1447/1327 1068/1401/1285
f 1069/1402/612 4918/5840/5596 639/970/879
f 379/706/619 566/895/807 1070/1403/1286
f 617/948/859 455/783/695 1071/1404/1287
f 1073/1406/1289 581/910/821 583/912/823
f 775/1106/1006 821/1153/1051 1074/1407/1290
f 717/1048/952 859/1191/1085 1075/1408/1147
f 1076/1409/1291 1232/1565/1425 1077/1410/1292
f 1078/1412/1294 753/1084/986 755/1086/988
f 1080/1414/1296 5288/5841/1412 399/726/639
f 763/1094/996 366/693/606 466/794/706
f 726/1057/960 725/1056/959 938/1269/1161
f 1081/1415/1297 1007/1340/1227 907/1238/1130
f 1082/1416/1298 1235/1568/1428 807/1139/1038
f 1068/1401/1285 1201/1534/1400 918/1249/1141
f 790/1122/1021 924/1255/1147 786/1117/1016
f 1083/1417/1299 4919/5842/803 1084/1418/805
f 1086/1420/1301 937/1268/1160 1087/1421/1302
f 805/1137/1036 989/1322/1209 501/829/741
f 713/1044/948 752/1083/985 1088/1422/1303
f 958/1289/625 957/1288/1179 1070/1403/1286
f 735/1066/968 734/1065/967 922/1253/1145
f 737/1068/970 736/1067/969 1090/1424/1304
f 621/952/863 876/1207/1099 1091/1425/1305
f 1092/1426/1306 373/700/613 375/702/615
f 1094/1428/1308 668/998/905 673/1003/910
f 1028/1361/1247 759/1090/992 879/1210/1102
f 470/798/710 1240/1573/1433 1096/1430/1310
f 1098/1432/1312 533/861/773 830/1162/1057
f 892/1223/1115 774/1105/1005 776/1107/1007
f 1100/1434/1314 740/1071/973 668/998/905
f 905/1236/1128 907/1238/1130 1101/1435/1315
f 1102/1436/1316 1177/1512/1379 765/1096/998
f 666/996/903 665/995/902 1104/1438/1318
f 699/1029/935 827/1159/1055 513/841/753
f 930/1261/1153 929/1260/1152 827/1159/1055
f 1107/1441/1321 1115/1449/833 897/1228/1120
f 915/1246/1138 367/694/607 798/1130/1029
f 700/1030/936 699/1029/935 1106/1440/1320
f 552/880/792 585/914/825 973/1304/1192
f 1109/1443/1323 1253/1587/1445 1110/1444/1324
f 785/1116/1015 847/1179/1074 849/1181/1076
f 1112/1446/1326 797/1129/1028 1010/1343/1230
f 661/991/899 982/1313/1201 974/1305/1193
f 990/1323/1210 560/889/801 559/888/800
f 724/1055/958 690/1020/927 1023/1356/1242
f 521/849/761 655/985/894 856/1188/1083
f 1114/1448/1328 897/1228/1120 1115/1449/833
f 1092/1426/1306 1256/1590/1448 1117/1451/1330
f 774/1105/1005 892/1223/1115 917/1248/1140
f 806/1138/1037 589/918/829 817/1149/1047
f 947/1278/1169 456/784/696 618/949/860
f 375/702/615 374/701/614 1120/1454/856
f 900/1231/1123 949/1280/1171 985/1316/1204
f 407/734/646 963/1294/1184 485/813/725
f 1121/1455/1333 928/1259/1151 930/1261/1153
f 1122/1456/901 1081/1415/1297 906/1237/1129
f 1124/1458/1334 4920/5843/870 1125/1459/1274
f 373/700/613 1092/1426/1306 1118/1452/1331
f 669/999/906 668/998/905 740/1071/973
f 549/877/789 517/845/757 459/787/699
f 680/1010/917 560/889/801 990/1323/1210
f 902/1233/1125 901/1232/1124 587/916/827
f 1079/1413/1295 889/1220/1112 369/696/609
f 655/985/894 521/849/761 426/754/666
f 940/1271/1163 1270/1604/1460 1099/1433/1313
f 1127/1461/1336 626/957/867 625/956/866
f 945/1276/1167 1230/1563/1424 1129/1463/1338
f 908/1239/1131 806/1138/1037 508/836/748
f 1130/1464/1273 850/1182/1077 745/1076/978
f 966/1297/1186 454/782/694 456/784/696
f 745/1076/978 702/1032/938 1132/1466/955
f 412/739/651 1022/1355/1241 1023/1356/1242
f 598/927/838 597/926/837 1133/1467/1339
f 895/1226/1118 974/1305/1193 982/1313/1201
f 444/772/684 823/1155/1053 6116/1469/1341
f 1135/1470/956 1148/1483/1353 475/803/715
f 636/967/876 635/966/875 547/875/787
f 839/1171/1066 1205/1538/1404 1136/1471/1342
f 1137/1472/1343 1234/1567/1427 723/1054/957
f 768/1099/1001 614/945/856 1138/1473/614
f 599/928/839 448/776/688 489/817/729
f 1053/1387/1271 515/843/755 517/845/757
f 946/1277/1168 618/949/860 1027/1360/1246
f 1139/1474/1344 920/1251/1143 754/1085/987
f 952/1283/1174 885/1216/1108 1140/1475/1345
f 840/1172/1067 583/912/823 1142/1477/1347
f 1129/1463/1338 1199/1532/1398 1143/1478/1348
f 1144/1479/1349 4896/5806/5574 912/1243/1135
f 777/1108/1008 5063/1318/1206 987/1320/1208
f 1146/1481/1351 4895/5805/5574 1147/1482/1352
f 1141/1476/1346 5494/5837/5595 1030/1363/1249
f 854/1186/1081 853/1185/1080 1111/1445/1325
f 1053/1387/1271 925/1256/1148 1075/1408/1147
f 483/811/723 1171/1506/1375 1149/1484/1354
f 1150/1485/676 650/980/889 1012/1345/1232
f 1151/1486/1355 1227/1560/1422 1001/1334/1221
f 718/1049/953 481/809/721 587/916/827
f 542/870/782 425/753/665 427/755/667
f 1152/1487/1356 482/810/722 484/812/724
f 1153/1488/1357 1026/1359/1245 1154/1489/1358
f 1156/1491/1360 4904/5820/5584 382/709/622
f 705/1035/940 707/1037/942 1157/1492/1361
f 712/1043/947 922/1253/1145 923/1254/1146
f 1159/1494/1363 473/801/713 475/803/715
f 1048/1382/1267 1029/1362/1248 667/997/904
f 521/849/761 520/848/760 1161/1496/1365
f 1162/1497/1366 890/1221/1113 889/1220/1112
f 434/762/674 1118/1452/1331 685/1015/922
f 779/1110/1010 778/1109/1009 1163/1498/1367
f 1145/1480/1350 703/1033/939 759/1090/992
f 1164/1499/1368 394/721/634 968/1299/1188
f 1004/1337/1224 4921/5844/1199 1123/1457/993
f 764/1095/997 812/1144/1043 916/1247/1139
f 793/1125/1024 536/864/776 716/1047/951
f 1165/1500/1369 1262/1596/1454 1166/1501/1370
f 1167/1502/1371 1257/1591/1449 1045/1379/1264
f 531/859/771 1236/1569/1429 937/1268/1160
f 416/743/655 415/742/654 1168/1503/1372
f 955/1286/1177 1231/1564/1290 1026/1359/1245
f 636/967/876 770/1101/999 1170/1505/1374
f 726/1057/960 395/722/635 1164/1499/1368
f 1085/1419/1300 1084/1418/805 418/746/658
f 746/1077/979 1188/1521/1387 880/1211/1103
f 1117/1451/1330 1149/1484/1354 1171/1506/1375
f 842/1174/1069 761/1092/994 981/1312/1200
f 410/737/649 409/736/648 893/1224/1116
f 974/1305/1193 813/1145/1044 815/1147/1046
f 999/1332/1219 483/811/723 1172/1507/1376
f 1174/1509/1377 4922/5845/1385 1015/1348/1234
f 1176/1511/1137 675/1005/912 677/1007/914
f 1051/1385/1270 765/1096/998 1177/1512/1379
f 850/1182/1077 1130/1464/1273 1178/1513/920
f 1175/1510/1378 1015/1348/1234 423/751/663
f 1180/1/5597 782/1113/1012 861/2/2
f 1111/1445/1325 853/1185/1080 911/1242/1134
f 1118/1452/1331 1117/1451/1330 686/1016/923
f 1183/1516/1382 777/1108/1008 910/1241/1133
f 500/828/740 502/830/742 1184/1517/1383
f 1185/1518/1384 4923/5846/5598 1186/1519/1385
f 851/1183/1078 685/1015/922 1188/1521/1387
f 904/1235/1127 1047/1381/1266 1189/1522/1388
f 1104/1438/1318 935/1266/1158 497/825/737
f 1182/1515/1381 913/1244/1136 1109/1443/1323
f 1047/1381/1266 1263/1597/1455 1190/1523/1389
f 496/824/736 896/1227/1119 909/1240/1132
f 761/1092/994 842/1174/1069 814/1146/1045
f 989/1322/1209 504/832/744 502/830/742
f 1191/1524/1390 994/1327/1214 995/1328/1215
f 520/848/760 894/1225/1117 739/1070/972
f 1192/1525/1391 1269/1603/1459 527/855/767
f 1193/1526/1392 1133/1467/1339 597/926/837
f 935/1266/1158 1104/1438/1318 665/995/902
f 782/1113/1012 1180/1/5597 1009/1342/1229
f 1194/1527/1393 926/1257/1149 658/988/896
f 1168/1503/1372 415/742/654 993/1326/1213
f 1196/1529/1395 470/798/710 1097/1431/1311
f 1156/1491/1360 518/846/758 554/882/794
f 573/902/813 572/901/812 715/1046/950
f 669/999/906 739/1070/972 894/1225/1117
f 1184/1517/1383 503/831/743 1197/1530/1396
f 949/1280/1171 1070/1403/1286 957/1288/1179
f 1198/1531/1397 1236/1569/1429 1098/1432/1312
f 968/1299/1188 1255/1589/1447 1200/1533/1399
f 1201/1534/1400 1068/1401/1285 1113/1447/1327
f 400/727/640 1022/1355/1241 964/1295/1185
f 1201/1534/1400 842/1174/1069 919/1250/1142
f 593/922/833 866/1197/1082 769/1100/1002
f 1202/1535/1401 1211/1544/1409 690/1020/927
f 1203/1536/1402 1127/1461/1336 1128/1462/1337
f 646/977/886 5368/5799/5571 1204/1537/1403
f 1034/1367/1253 487/815/727 486/814/726
f 1128/1462/1337 625/956/866 485/813/725
f 797/1129/1028 1112/1446/1326 1206/1539/1405
f 632/963/873 1129/1463/1338 962/1293/1183
f 1207/1540/937 1146/1481/1351 1148/1483/1353
f 476/804/716 561/890/802 1208/1541/1406
f 416/743/655 984/1315/1203 995/1328/1215
f 1210/1543/1408 1223/1556/1418 1095/1429/1309
f 691/1021/928 690/1020/927 1211/1544/1409
f 1106/1440/1320 513/841/753 514/842/754
f 694/1024/930 693/1023/643 626/957/867
f 577/906/817 825/1157/1054 1212/1545/694
f 1214/1547/1411 887/1218/1110 1215/1548/1412
f 772/1103/1003 1005/1338/1225 1007/1340/1227
f 818/1150/1048 1086/1420/1301 545/873/785
f 1217/1550/1413 397/724/637 926/1257/1149
f 1160/1495/1364 475/803/715 1148/1483/1353
f 1218/1551/1414 460/788/700 461/789/701
f 524/852/764 871/1202/1094 873/1204/1096
f 944/1275/1166 950/1281/1172 1219/1552/1415
f 873/1204/1096 872/1203/1095 1087/1421/1302
f 524/852/764 1168/1503/1372 1195/1528/1394
f 453/781/693 547/875/787 635/966/875
f 742/1073/975 1056/1390/1274 1220/1553/870
f 1045/1379/1264 1257/1591/1449 753/1084/986
f 653/983/892 652/982/891 737/1068/970
f 1028/1361/1247 975/1306/1194 1144/1479/1349
f 1195/1528/1394 993/1326/1213 1208/1541/1406
f 533/861/773 532/860/772 831/1163/1058
f 1223/1556/1418 476/804/716 1209/1542/1407
f 605/934/845 526/854/766 467/795/707
f 871/1202/1094 1195/1528/1394 1222/1555/1417
f 1103/1437/1317 765/1096/998 767/1098/1000
f 909/1240/1132 896/1227/1119 676/1006/913
f 1225/1558/1420 1264/1598/1063 870/1201/1093
f 1226/1559/1421 1003/1336/1223 978/1309/1197
f 1227/1560/1422 971/1302/1191 463/791/703
f 919/1250/1142 981/1312/1200 1119/1453/1332
f 1228/1561/846 493/821/733 495/823/735
f 576/905/816 575/904/815 882/1213/1105
f 601/930/841 1271/1605/1461 1229/1562/1423
f 530/858/770 1250/1584/895 712/1043/947
f 1230/1563/1424 1198/1531/1397 1199/1532/1398
f 1231/1564/1290 1226/1559/1421 610/941/852
f 939/1270/1162 938/1269/1161 1198/1531/1397
f 893/1224/1116 892/1223/1115 1097/1431/1311
f 984/1315/1203 416/743/655 1169/1504/1373
f 1232/1565/1425 1043/1376/1261 1233/1566/1426
f 724/1055/958 723/1054/957 1234/1567/1427
f 1235/1568/1428 1197/1530/1396 503/831/743
f 1236/1569/1429 531/859/771 533/861/773
f 414/741/653 1090/1424/1304 1238/1571/1431
f 1090/1424/1304 1237/1570/1430 1238/1571/1431
f 1119/1453/1332 980/1311/1199 820/1152/1050
f 841/1173/1068 1034/1367/1253 1205/1538/1404
f 1221/1554/1416 737/1068/970 994/1327/1214
f 493/821/733 386/713/626 877/1208/1100
f 553/881/793 1096/1430/1310 1240/1573/1433
f 1086/1420/1301 818/1150/1048 563/892/804
f 6084/1574/1434 4905/5823/5587 490/818/730
f 1243/1576/1436 1267/1601/1457 5380/1577/1437
f 1244/1578/1438 4871/5847/1414 1245/1579/1439
f 1246/1580/1440 1244/1578/1438 847/1179/1074
f 378/705/618 377/704/617 732/1063/966
f 899/1230/1122 843/1175/1070 1108/1442/1322
f 878/1209/1101 880/1211/1103 1188/1521/1387
f 1238/1571/1431 1100/1434/1314 1094/1428/1308
f 1096/1430/1310 553/881/793 555/883/795
f 773/1104/1004 772/1103/1003 1081/1415/1297
f 540/868/780 427/755/667 738/1069/971
f 682/1012/919 888/1219/1111 1247/1581/1441
f 980/1311/1199 4924/5848/5599 1248/1582/1223
f 787/1118/1017 510/838/750 512/840/752
f 722/1053/806 619/950/861 1091/1425/1305
f 869/1200/1092 1038/1371/1257 1249/1583/1442
f 922/1253/1145 712/1043/947 1250/1584/895
f 689/1019/926 1102/1436/1316 1103/1437/1317
f 1251/1585/1443 601/930/841 932/1263/1155
f 743/1074/976 742/1073/975 433/761/673
f 1252/1586/1444 688/1018/925 594/923/834
f 584/913/824 586/915/826 1253/1587/1445
f 404/731/644 6068/5849/5600 1254/1588/1446
f 1012/1345/1232 411/738/650 413/740/652
f 394/721/634 4925/5850/5601 1255/1589/1447
f 1149/1484/1354 1117/1451/1330 1256/1590/1448
f 1099/1433/1313 1143/1478/1348 1199/1532/1398
f 921/1252/1144 1162/1497/1366 1079/1413/1295
f 1257/1591/1449 672/1002/909 903/1234/1126
f 822/1154/1052 577/906/817 1213/1546/1410
f 599/928/839 1106/1440/1320 591/920/831
f 1237/1570/1430 738/1069/971 740/1071/973
f 548/876/788 925/1256/1148 1053/1387/1271
f 6114/1411/1293 1279/1614/1468 1258/1592/1450
f 1259/1593/1451 844/1176/1071 899/1230/1122
f 810/1142/1041 809/1141/1040 1260/1594/1452
f 1261/1595/1453 832/1164/1059 1262/1596/1454
f 1209/1542/1407 1208/1541/1406 993/1326/1213
f 1127/1461/1336 1203/1536/1402 582/911/822
f 545/873/785 1087/1421/1302 872/1203/1095
f 1263/1597/1455 1047/1381/1266 1048/1382/1267
f 1264/1598/1063 1225/1558/1420 393/720/633
f 1265/1599/632 5199/5851/5585 1266/1600/1456
f 1192/1525/1391 604/933/844 1267/1601/1457
f 1196/1529/1395 1039/1372/1176 1268/1602/1458
f 934/1265/1157 805/1137/1036 451/779/691
f 509/837/749 816/1148/962 1105/1439/1319
f 1237/1570/1430 1090/1424/1304 736/1067/969
f 686/1016/923 1171/1506/1375 998/1331/1218
f 1007/1340/1227 1006/1339/1226 1101/1435/1315
f 1243/1576/1436 863/1194/1088 1269/1603/1459
f 630/961/871 484/812/724 1149/1484/1354
f 1223/1556/1418 1210/1543/1408 1167/1502/1371
f 1222/1555/1417 1208/1541/1406 561/890/802
f 1005/1338/1225 772/1103/1003 729/1060/963
f 679/1009/916 485/813/725 963/1294/1184
f 1018/1351/1237 1120/1454/856 656/986/858
f 1186/1519/1385 4861/5852/5602 507/835/747
f 1263/1597/1455 802/1134/1033 804/1136/1035
f 1112/1446/1326 985/1316/1204 1011/1344/1231
f 1058/1392/1275 1261/1595/1453 1165/1500/1369
f 784/1115/1014 883/1214/1106 1246/1580/1440
f 1271/1605/1461 601/930/841 603/932/843
f 1134/1468/1340 1121/1455/1333 698/1028/934
f 1273/1607/1463 861/2/2 782/1113/1012
f 427/755/667 426/754/666 1161/1496/1365
f 837/1169/1064 590/919/830 634/965/874
f 1171/1506/1375 483/811/723 999/1332/1219
f 992/1325/1212 1094/1428/1308 1095/1429/1309
f 405/732/630 404/731/644 464/792/704
f 798/1130/1029 681/1011/918 944/1275/1166
f 759/1090/992 744/1075/977 880/1211/1103
f 1055/1389/1273 1054/1388/1272 5382/1609/1464
f 1169/1504/1373 1168/1503/1372 524/852/764
f 538/866/778 916/1247/1139 1206/1539/1405
f 1270/1604/1460 963/1294/1184 1143/1478/1348
f 1257/1591/1449 1167/1502/1371 1210/1543/1408
f 1224/1557/1419 1222/1555/1417 711/1042/946
f 952/1283/1174 5488/5853/5603 1275/1610/1465
f 1276/1611/1466 6068/5849/5600 404/731/644
f 680/1010/917 679/1009/916 1270/1604/1460
f 694/1024/930 582/911/822 1278/1613/1467
f 1093/1427/1307 375/702/615 1018/1351/1237
f 937/1268/1160 1236/1569/1429 1198/1531/1397
f 466/794/706 580/909/820 1274/1608/628
f 1187/1520/1386 1186/1519/1385 506/834/746
f 1242/1575/1435 1258/1592/1450 1279/1614/1468
f 929/1260/1152 723/1054/957 401/728/641
f 1035/1368/1254 1037/1370/1256 1280/1615/1469
f 1021/1354/1240 1016/1349/1235 811/1143/1042
f 486/814/726 678/1008/915 1136/1471/1342
f 1179/1514/1380 423/751/663 495/823/735
f 6102/1616/1470 1064/1397/1281 1281/1617/1471
f 1045/1379/1264 1078/1412/1294 369/696/609
f 390/717/630 389/716/629 626/957/867
f 885/1216/1108 887/1218/1110 1214/1547/1411
f 583/912/823 582/911/822 1203/1536/1402
f 603/932/843 602/931/842 845/1177/1072
f 1282/1619/662 537/865/777 539/867/779
f 387/714/627 386/713/626 493/821/733
f 633/964/820 632/963/873 406/733/645
f 1230/1563/1424 945/1276/1167 857/1189/1084
f 990/1323/1210 808/1140/1039 1136/1471/1342
f 844/1176/1071 1259/1593/1451 1272/1606/1462
f 1033/1366/1252 1128/1462/1337 487/815/727
f 923/1254/1146 543/871/783 872/1203/1095
f 269/595/516 66/395/320 68/396/321
f 235/561/485 213/540/464 38/367/292
f 161/488/413 217/544/468 109/436/361
f 328/655/571 81/408/333 1283/1620/1473
f 1284/1621/1474 339/666/581 341/668/582
f 1286/1623/1475 1294/1631/1483 1287/1624/1476
f 191/518/443 145/472/397 218/545/456
f 77/404/329 76/403/328 135/462/387
f 1288/1625/1477 338/665/580 1289/1626/1478
f 3/332/257 75/402/327 285/611/530
f 352/679/593 4927/5854/1478 137/464/389
f 348/675/589 89/416/341 347/674/588
f 123/450/375 324/651/567 1291/1628/1480
f 61/390/315 304/630/549 122/449/374
f 249/575/499 84/411/336 150/477/402
f 84/411/336 249/575/499 1292/1629/1481
f 256/582/503 258/584/505 1293/1630/1482
f 73/401/326 57/386/311 59/388/313
f 254/580/501 38/367/292 37/366/291
f 290/616/535 219/546/469 65/394/319
f 266/592/513 353/680/594 363/690/603
f 265/591/512 234/560/484 329/656/572
f 100/427/352 99/426/351 140/467/392
f 285/611/530 75/402/327 147/474/399
f 30/359/284 110/437/362 112/439/364
f 238/564/488 237/563/487 1294/1631/1483
f 24/353/278 23/352/277 1293/1630/1482
f 88/415/340 87/414/339 231/558/481
f 336/663/579 359/686/599 1283/1620/1473
f 344/671/585 300/626/545 302/628/547
f 91/418/343 123/450/375 304/630/549
f 260/586/507 204/531/455 82/409/334
f 103/430/355 143/470/395 145/472/397
f 159/486/411 4903/5819/5583 330/657/573
f 162/489/414 22/351/276 1296/1633/1485
f 149/476/401 1296/1633/1485 22/351/276
f 316/642/561 1290/1627/1479 1289/1626/1478
f 298/624/543 5119/661/577 1297/1634/1486
f 1296/1633/1485 149/476/401 186/513/438
f 311/637/556 227/554/477 286/612/531
f 261/587/508 222/549/472 169/496/421
f 317/643/562 1308/1645/1493 1290/1627/1479
f 137/464/389 4927/5854/1478 1299/1636/580
f 195/522/447 213/540/464 215/542/466
f 324/651/567 105/432/357 1300/1637/1487
f 319/646/564 88/415/340 1295/1632/1484
f 216/543/467 345/672/586 1301/1638/1488
f 172/499/424 326/653/569 1295/1632/1484
f 62/391/316 292/618/537 188/515/440
f 133/460/385 134/461/386 90/417/342
f 70/398/323 127/454/379 1302/1639/502
f 161/488/413 160/487/412 121/448/373
f 211/538/462 234/560/484 265/591/512
f 1303/1640/1489 104/431/356 106/433/358
f 223/550/473 235/561/485 254/580/501
f 325/652/568 230/557/480 354/681/595
f 1304/1641/1490 262/588/509 1305/1642/1491
f 189/516/441 188/515/440 292/618/537
f 271/597/518 1303/1640/1489 66/395/320
f 1306/1643/1492 336/663/579 80/407/332
f 227/554/477 311/637/556 313/639/558
f 73/401/326 9/338/263 325/652/568
f 102/429/354 63/392/317 143/470/395
f 103/430/355 191/518/443 115/442/367
f 359/686/599 336/663/579 338/665/580
f 355/682/596 86/413/338 187/514/439
f 346/673/587 156/483/408 209/536/460
f 1285/1622/557 349/676/590 351/678/592
f 1288/1625/1477 1309/1646/1494 360/687/600
f 1288/1625/1477 1290/1627/1479 1308/1645/1493
f 1310/1647/1495 1904/2253/2086 1311/1648/1496
f 1313/1650/1498 1946/2297/2129 1314/1651/1499
f 1316/1653/1501 1897/2246/2079 1317/1654/1502
f 1319/1656/1504 1317/1654/1502 1320/1657/1505
f 1322/1659/1507 1344/1681/1529 1323/1660/1508
f 1325/1662/1510 1800/2139/1979 1326/1663/1511
f 1328/1665/1513 1458/1796/1641 1329/1666/1514
f 1331/1668/1516 1955/2307/2139 1332/1669/1517
f 1334/1671/1519 1483/1821/1520 1335/1672/1520
f 1337/1674/1522 1506/1844/1688 1338/1675/1523
f 1340/1677/1525 1567/1905/1749 1341/1678/1526
f 1345/1682/1530 1668/2006/1849 1346/1683/1531
f 1348/1685/1533 1757/2096/1938 1349/1686/1534
f 1351/1688/1536 1359/1696/1544 1352/1689/1537
f 1354/1691/1539 1357/1694/1542 1355/1692/1540
f 1357/1694/1542 1358/1695/1543 1351/1688/1536
f 1358/1695/1543 1365/1702/1550 1359/1696/1544
f 1360/1697/1545 1808/2148/1548 1361/1698/1546
f 1363/1700/1548 1364/1701/1549 1358/1695/1543
f 1364/1701/1549 1501/1839/1683 1365/1702/1550
f 1366/1703/1537 1620/1958/1802 1367/1704/1551
f 1369/1706/1553 1705/2044/1886 1370/1707/1554
f 1372/1709/1556 1375/1712/1509 1373/1710/1557
f 1342/1679/1527 1341/1678/1526 1375/1712/1509
f 1376/1713/1559 4928/5855/5604 1377/1714/1560
f 1379/1716/1561 1801/2141/1981 1380/1717/1562
f 1381/1718/1563 1380/1717/1562 1382/1719/1564
f 1384/1721/1566 1759/2098/1940 1385/1722/1567
f 1387/1724/1569 1390/1727/1572 1388/1725/1570
f 1390/1727/1572 1620/1958/1802 1391/1728/1573
f 1392/1729/1574 1344/1681/1529 1343/1680/1528
f 1394/1731/1576 1397/1734/1579 1395/1732/1577
f 1397/1734/1579 1835/2178/2016 1398/1735/1580
f 1399/1736/1581 1394/1731/1576 1396/1733/1578
f 1401/1738/1583 1815/2156/1994 1402/1739/1584
f 1404/1741/1586 1945/2296/2128 1405/1742/1587
f 1407/1744/1589 1430/1767/1612 1408/1745/1590
f 1409/1746/1591 1331/1668/1516 1333/1670/1518
f 1410/1747/1592 1576/1914/1758 1411/1748/1593
f 1368/1705/1552 1535/1873/1717 1413/1750/1595
f 1414/1751/1596 1938/2288/2120 1415/1752/1597
f 1417/1754/1599 1554/1892/1736 1418/1755/1600
f 1411/1748/1593 1383/1720/1565 1420/1757/1602
f 1422/1759/1604 4929/5856/5605 1423/1760/1605
f 1415/1752/1597 1726/2065/1907 1425/1762/1607
f 1427/1764/1609 1725/2064/1906 1428/1765/1610
f 1430/1767/1612 1953/2305/2137 1431/1768/1613
f 1432/1769/1614 1778/2117/1959 1433/1770/1615
f 1435/1772/1617 1439/1776/1621 1436/1773/1618
f 1438/1775/1620 1870/2216/2053 1439/1776/1621
f 1440/1777/1622 1873/2220/1825 1436/1773/1618
f 1441/1779/1624 1893/2242/2075 1442/1780/1625
f 1444/1782/1627 1633/1972/1814 1445/1783/1628
f 1447/1785/1630 1482/1820/1665 1448/1786/1631
f 1450/1788/1633 1572/1910/1754 1451/1789/1634
f 1453/1791/1636 1652/1993/1835 1454/1792/1637
f 1456/1794/1639 1813/2154/1992 1457/1795/1640
f 1459/1797/1642 1662/2000/1843 1460/1798/1643
f 1462/1800/1645 1789/2128/1968 1463/1801/1646
f 1388/1725/1570 1391/1728/1573 1446/1784/1629
f 1466/1804/1649 1447/1785/1630 1449/1787/1632
f 1468/1806/1651 1481/1819/1664 1447/1785/1630
f 1469/1807/1652 1472/1810/1655 1470/1808/1653
f 1472/1810/1655 1660/1998/1841 1473/1811/1656
f 1324/1661/1509 1323/1660/1508 1421/1758/1603
f 1474/1812/1657 1665/2003/1846 1475/1813/1658
f 1477/1815/1660 1714/2053/1895 1478/1816/1661
f 1480/1818/1663 1708/2047/1889 1479/1817/1662
f 1481/1819/1664 1484/1822/1666 1482/1820/1665
f 1377/1714/1560 4928/5855/5604 1335/1672/1520
f 1484/1822/1666 1707/2046/1888 1485/1823/1667
f 1486/1824/1668 1386/1723/1568 1418/1755/1600
f 1488/1826/1670 1798/2137/1977 1489/1827/1671
f 1485/1823/1667 1627/1965/1809 1491/1829/1673
f 1482/1820/1665 1485/1823/1667 1492/1830/1674
f 1493/1831/1675 1606/1944/1788 1494/1832/1676
f 1496/1834/1678 1419/1756/1601 1385/1722/1567
f 1497/1835/1679 1638/1977/1819 1498/1836/1680
f 1500/1838/1682 1365/1702/1550 1501/1839/1683
f 1503/1841/1685 1802/2142/1982 1379/1716/1561
f 1505/1843/1687 1829/2170/2008 1506/1844/1688
f 1507/1845/1689 1520/1858/1702 1508/1846/1690
f 1510/1848/1692 1951/2303/2135 1511/1849/1693
f 1513/1851/1695 1890/2239/2074 1514/1852/1696
f 1516/1854/1698 1546/1884/1728 1517/1855/1699
f 1519/1857/1701 1817/2158/1996 1520/1858/1702
f 1521/1859/1703 1442/1780/1625 1522/1860/1704
f 1423/1760/1605 4929/5856/5605 1524/1862/1706
f 1526/1864/1708 1659/1997/1840 1527/1865/1709
f 1529/1867/1711 1702/2041/1884 1530/1868/1712
f 5546/5857/5606 1956/2308/2140 5641/5858/5607
f 1535/1873/1717 1368/1705/1552 1352/1689/1537
f 1537/1875/1719 1662/2000/1843 1329/1666/1514
f 1539/1877/1721 1585/1923/1767 1540/1878/1722
f 1542/1880/1724 1802/2142/1982 1543/1881/1725
f 1416/1753/1598 5497/2300/2132 1545/1883/1727
f 1339/1676/1524 1588/1926/1770 1546/1884/1728
f 1547/1885/1729 1462/1800/1645 1464/1802/1647
f 1549/1887/1731 1617/1955/1799 1550/1888/1732
f 1552/1890/1734 1334/1671/1519 1336/1673/1521
f 1487/1825/1669 1418/1755/1600 1554/1892/1736
f 1556/1894/1738 5624/5859/5608 1557/1895/1739
f 1559/1897/1741 4930/5860/5609 1560/1898/1742
f 1561/1899/1743 1560/1898/1742 1562/1900/1744
f 1563/1901/1745 1609/1947/1791 1564/1902/1746
f 1566/1904/1748 4931/5861/5610 1567/1905/1749
f 1568/1906/1750 1774/2113/1955 1569/1907/1751
f 1571/1909/1753 4932/5862/5611 1572/1910/1754
f 1323/1660/1508 1574/1912/1756 1573/1911/1755
f 1344/1681/1529 1392/1729/1574 1574/1912/1756
f 1575/1913/1757 1504/1842/1686 1576/1914/1758
f 1577/1915/1759 1940/2290/2122 1578/1916/1760
f 1580/1918/1762 4933/5863/5612 1376/1713/1559
f 1413/1750/1595 1827/2168/2006 1581/1919/1763
f 1501/1839/1683 1364/1701/1549 1561/1899/1743
f 1583/1921/1765 1666/2004/1847 1396/1733/1578
f 1584/1922/1766 1829/2170/2008 1585/1923/1767
f 1486/1824/1668 1513/1851/1695 1515/1853/1697
f 1587/1925/1769 1546/1884/1728 1588/1926/1770
f 1590/1928/1772 1816/2157/1995 5717/1929/1773
f 1512/1850/1694 1666/2004/1847 1593/1931/1775
f 1500/1838/1682 1596/1934/1778 1594/1932/1776
f 1502/1840/1684 1562/1900/1744 1596/1934/1778
f 1597/1935/1779 1495/1833/1677 1598/1936/1780
f 1600/1938/1782 1954/2306/2138 1601/1939/1783
f 1603/1941/1785 1535/1873/1717 1536/1874/1718
f 1605/1943/1787 1493/1831/1675 1495/1833/1677
f 1606/1944/1788 1826/2167/2005 1607/1945/1789
f 1608/1946/1790 1876/2225/2060 1609/1947/1791
f 1498/1836/1680 1639/1978/1820 1610/1948/1792
f 1499/1837/1681 1498/1836/1680 1611/1949/1793
f 1613/1951/1795 1669/2007/1850 1614/1952/1796
f 1616/1954/1798 4934/5864/5613 1550/1888/1732
f 1390/1727/1572 1387/1724/1569 1618/1956/1800
f 1620/1958/1802 1390/1727/1572 1619/1957/1801
f 1621/1959/1803 1807/2147/1987 1599/1937/1781
f 1622/1960/1804 1939/2289/2121 1623/1961/1805
f 1625/1963/1807 1786/2125/1965 1626/1964/1808
f 1586/1924/1768 1384/1721/1566 1386/1723/1568
f 5716/1966/1810 1591/5865/5614 1628/1967/1728
f 1630/1969/1811 1718/2057/1899 1631/1970/1812
f 1633/1972/1814 1487/1825/1669 1555/1893/1737
f 1634/1973/1815 1443/1781/1626 1442/1780/1625
f 1635/1974/1816 1930/2280/2112 1636/1975/1817
f 1638/1977/1819 1543/1881/1725 1639/1978/1820
f 1640/1979/1821 1857/2203/2041 1453/1791/1636
f 1641/1980/1822 1950/2302/2134 1642/1981/1823
f 1644/1983/1825 1755/2094/1936 1645/1984/1826
f 1647/1986/1828 1839/2182/2020 1606/1944/1788
f 5504/1987/1829 1870/2216/2053 1648/1988/1830
f 1487/1825/1669 1633/1972/1814 1513/1851/1695
f 1649/1990/1832 1689/2027/1870 1650/1991/1833
f 1652/1993/1835 1866/2212/2049 1653/1994/1836
f 1347/1684/1532 1836/2179/2017 1654/1995/1837
f 1655/4/5615 1527/1865/1709 1656/5/1839
f 1527/1865/1709 1659/1997/1840 1658/1996/1838
f 1659/1997/1840 1473/1811/1656 1660/1998/1841
f 1456/1794/1639 1505/1843/1687 1337/1674/1522
f 1662/2000/1843 1459/1797/1642 1330/1667/1515
f 1589/1927/1771 1474/1812/1657 1476/1814/1659
f 1458/1796/1641 1328/1665/1513 1505/1843/1687
f 1559/1897/1741 1561/1899/1743 1364/1701/1549
f 1470/1808/1653 1473/1811/1656 1663/2001/1844
f 1665/2003/1846 1529/1867/1711 1531/1869/1713
f 1666/2004/1847 1583/1921/1765 1667/2005/1848
f 1583/1921/1765 1346/1683/1531 1668/2006/1849
f 1669/2007/1850 1613/1951/1795 1670/2008/1851
f 1672/2010/1853 1700/2039/1882 1673/2011/1854
f 1675/2013/1856 1678/2016/1859 1676/2014/1857
f 1678/2016/1859 1528/1866/1710 1679/2017/1860
f 1680/2018/1861 1681/2019/1862 1678/2016/1859
f 1681/2019/1862 1526/1864/1708 1528/1866/1710
f 1496/1834/1678 1664/2002/1845 1681/2019/1862
f 1664/2002/1845 1663/2001/1844 1526/1864/1708
f 1432/1769/1614 1730/2069/1911 1682/2020/1863
f 1595/1933/1777 1359/1696/1544 1365/1702/1550
f 1682/2020/1863 1730/2069/1911 1632/1971/1813
f 1684/2022/1865 1724/2063/1905 1427/1764/1609
f 1686/2024/1867 1340/1677/1525 1342/1679/1527
f 1346/1683/1531 1583/1921/1765 1395/1732/1577
f 1527/1865/1709 1655/4/5615 1679/2017/1860
f 1381/1718/1563 1576/1914/1758 1504/1842/1686
f 1688/2026/1869 1650/1991/1833 1689/2027/1870
f 1340/1677/1525 1686/2024/1867 1691/2029/1872
f 1692/2030/1873 1649/1990/1832 1651/1992/1834
f 1687/2025/1868 1342/1679/1527 5655/2032/1875
f 1366/1703/1537 1413/1750/1595 1582/1920/1764
f 1696/2035/1878 5631/5866/5616 1697/2036/1879
f 1529/1867/1711 1665/2003/1846 1369/1706/1553
f 1699/2038/1881 1369/1706/1553 1371/1708/1555
f 1700/2039/1882 1672/2010/1853 1701/2040/1883
f 1699/2038/1881 1701/2040/1883 1702/2041/1884
f 1672/2010/1853 1857/2203/2041 1703/2042/1706
f 1701/2040/1883 1703/2042/1706 1704/2043/1885
f 1665/2003/1846 1474/1812/1657 1705/2044/1886
f 1706/2045/1887 1420/1757/1602 1383/1720/1565
f 1625/1963/1807 1707/2046/1888 1480/1818/1663
f 1707/2046/1888 1484/1822/1666 1708/2047/1889
f 1709/2048/1890 1795/2134/1974 1318/1655/1503
f 1710/2049/1891 1714/2053/1895 1711/2050/1892
f 1709/2048/1890 1711/2050/1892 1712/2051/1893
f 1714/2053/1895 1710/2049/1891 1319/1656/1504
f 1714/2053/1895 1477/1815/1660 1715/2054/1896
f 1711/2050/1892 1715/2054/1896 1716/2055/1897
f 1419/1756/1601 1496/1834/1678 1680/2018/1861
f 1717/2056/1898 1720/2059/1901 1718/2057/1899
f 1720/2059/1901 4935/5867/2072 1631/1970/1812
f 1721/2060/1902 1832/2173/2011 1722/2061/1903
f 1724/2063/1905 1727/2066/1908 1725/2064/1906
f 5500/1989/1831 1648/1988/1830 1425/1762/1607
f 1621/1959/1803 1725/2064/1906 1727/2066/1908
f 1729/2068/1910 1880/2229/2064 1727/2066/1908
f 1434/1771/1616 1731/2070/1912 1730/2069/1911
f 1731/2070/1912 1734/2073/1915 1632/1971/1813
f 1685/2023/1866 1736/2075/1917 1732/2071/1913
f 1733/2072/1914 4936/5868/1919 1734/2073/1915
f 1735/2074/1916 1737/2076/1918 1736/2075/1917
f 1737/2076/1918 1825/2166/2004 1738/2077/1919
f 1739/2078/1920 1864/2210/2047 1740/2079/1921
f 1742/2081/1923 1885/2234/2069 1741/2080/1922
f 1626/1964/1808 1786/2125/1965 1743/2082/1924
f 1745/2084/1926 1753/2092/1934 1746/2085/1927
f 1748/2087/1929 1424/1761/1606 1688/2026/1869
f 1424/1761/1606 1423/1760/1605 1650/1991/1833
f 1750/2089/1931 1748/2087/1929 1749/2088/1930
f 1745/2084/1926 4937/5869/1930 1752/2091/1933
f 1582/1920/1764 1890/2239/2074 1444/1782/1627
f 1754/2093/1935 1826/2167/2005 1645/1984/1826
f 1756/2095/1937 1349/1686/1534 1757/2096/1938
f 1471/1809/1654 1385/1722/1567 1759/2098/1940
f 1389/1726/1571 1388/1725/1570 1465/1803/1648
f 1493/1831/1675 1605/1943/1787 1761/2100/1942
f 1541/1879/1723 1614/1952/1796 1463/1801/1646
f 1693/2031/1874 1756/2095/1937 1758/2097/1939
f 1615/1953/1797 1764/2103/1945 1762/2101/1943
f 1613/1951/1795 1762/2101/1943 1763/2102/1944
f 1764/2103/1945 1804/2144/1984 1765/2104/1946
f 1762/2101/1943 1765/2104/1946 1766/2105/1947
f 1429/1766/1611 1428/1765/1610 1494/1832/1676
f 1441/1779/1624 1370/1707/1554 1705/2044/1886
f 1367/1704/1551 1619/1957/1801 1768/2107/1949
f 1735/2074/1916 1429/1766/1611 1607/1945/1789
f 1639/1978/1820 1503/1841/1685 1770/2109/1951
f 1355/1692/1540 1351/1688/1536 1353/1690/1538
f 1368/1705/1552 1367/1704/1551 1353/1690/1538
f 1356/1693/1541 1355/1692/1540 1768/2107/1949
f 1619/1957/1801 1618/1956/1800 1771/2110/1952
f 1772/2111/1953 1661/1999/1842 1516/1854/1698
f 1421/1758/1603 1573/1911/1755 1412/1749/1594
f 1773/2112/1954 1767/2106/1948 1589/1927/1771
f 1554/1892/1736 1417/1754/1599 1774/2113/1955
f 1492/1830/1674 1597/1935/1779 1599/1937/1781
f 1536/1874/1718 1352/1689/1537 1359/1696/1544
f 1775/2114/1956 4938/5870/1956 1509/1847/1691
f 1612/1950/1794 1924/2274/2106 1776/2115/1957
f 1432/1769/1614 1683/2021/1864 1777/2116/1958
f 1779/2118/1960 1549/1887/1731 1551/1889/1733
f 1781/2120/1961 1782/2121/1961 1779/2118/1960
f 1781/2120/1961 1552/1890/1734 1553/1891/1735
f 1499/1837/1681 1776/2115/1957 1511/1849/1693
f 1783/2122/1962 1884/2233/2068 1784/2123/1963
f 1786/2125/1965 1320/1657/1505 1787/2126/1966
f 1788/2127/1967 1837/2180/2018 1584/1922/1766
f 1790/2129/1969 1764/2103/1945 1615/1953/1797
f 1318/1655/1503 1795/2134/1974 1792/2131/1971
f 1793/2132/1972 1797/2136/1976 1488/1826/1670
f 1795/2134/1974 1901/2250/2083 1796/2135/1975
f 1797/2136/1976 1911/2260/2093 1798/2137/1977
f 1799/2138/1978 1326/1663/1511 1800/2139/1979
f 1801/2141/1981 1379/1716/1561 1802/2142/1982
f 1417/1754/1599 1680/2018/1861 1675/2013/1856
f 1765/2104/1946 1805/2145/1985 1803/2143/1983
f 1804/2144/1984 1844/2187/2025 1805/2145/1985
f 1659/1997/1840 1526/1864/1708 1663/2001/1844
f 1443/1781/1626 1634/1973/1815 1742/2081/1923
f 1807/2147/1987 1449/1787/1632 1448/1786/1631
f 1464/1802/1647 1463/1801/1646 1614/1952/1796
f 1639/1978/1820 1543/1881/1725 1802/2142/1982
f 1360/1697/1545 1556/1894/1738 1558/1896/1740
f 1458/1796/1641 1457/1795/1640 1538/1876/1720
f 1638/1977/1819 1497/1835/1679 1809/2149/1988
f 5632/2151/1990 5631/5866/5616 1696/2035/1878
f 1371/1708/1555 1370/1707/1554 1806/2146/1986
f 1813/2154/1992 1456/1794/1639 1661/1999/1842
f 1401/1738/1583 1726/2065/1907 1814/2155/1993
f 1519/1857/1701 5717/1929/1773 1816/2157/1995
f 1818/2159/1997 1842/2185/2023 1819/2160/1998
f 1821/2162/2000 4939/5871/5617 1820/2161/1999
f 1671/2009/1852 1548/1886/1730 1464/1802/1647
f 1754/2093/1935 1823/2164/2002 1822/2163/2001
f 1769/2108/1950 1822/2163/2001 1737/2076/1918
f 1823/2164/2002 1884/2233/2068 1824/2165/2003
f 1822/2163/2001 1824/2165/2003 1825/2166/2004
f 1826/2167/2005 1754/2093/1935 1769/2108/1950
f 1597/1935/1779 1492/1830/1674 1491/1829/1673
f 1827/2168/2006 1413/1750/1595 1535/1873/1717
f 1339/1676/1524 1516/1854/1698 1661/1999/1842
f 1484/1822/1666 1481/1819/1664 1828/2169/2007
f 1829/2170/2008 1505/1843/1687 1328/1665/1513
f 1459/1797/1642 1830/2171/2009 1540/1878/1722
f 1585/1923/1767 1328/1665/1513 1330/1667/1515
f 1830/2171/2009 1791/2130/1970 1541/1879/1723
f 1595/1933/1777 1594/1932/1776 1604/1942/1786
f 1791/2130/1970 1830/2171/2009 1831/2172/2010
f 1790/2129/1969 1831/2172/2010 1832/2173/2011
f 1830/2171/2009 1459/1797/1642 1461/1799/1644
f 1831/2172/2010 1461/1799/1644 1833/2174/2012
f 1834/2175/2013 1949/2301/2133 5498/2176/2014
f 1347/1684/1532 1398/1735/1580 1835/2178/2016
f 1829/2170/2008 1584/1922/1766 1837/2180/2018
f 1506/1844/1688 1837/2180/2018 1838/2181/2019
f 1826/2167/2005 1606/1944/1788 1839/2182/2020
f 1840/2183/2021 1916/2265/2098 1841/2184/2022
f 1370/1707/1554 1441/1779/1624 1443/1781/1626
f 1723/2062/1904 4940/5872/5618 1843/2186/2024
f 1842/2185/2023 1841/2184/2022 1845/2188/2026
f 1846/2189/2027 1851/2196/2034 5538/2190/2028
f 1847/2192/2030 1785/2124/1964 1848/2193/2031
f 1850/2195/2033 5533/2198/2036 5538/2190/2028
f 1784/2123/1963 1872/2219/2056 1848/2193/2031
f 1852/2197/2035 5522/2223/2058 5533/2198/2036
f 1692/2030/1873 1758/2097/1939 1853/2199/2037
f 1855/2201/2039 1856/2202/2040 1349/1686/1534
f 1856/2202/2040 4941/5873/5619 1350/1687/1535
f 1721/2060/1902 1804/2144/1984 1764/2103/1945
f 1857/2203/2041 1672/2010/1853 1674/2012/1855
f 1806/2146/1986 1742/2081/1923 1740/2079/1921
f 1828/2169/2007 1859/2205/2043 1637/1976/1818
f 1468/1806/1651 1896/2245/2078 1858/2204/2042
f 1860/2206/2044 1635/1974/1816 1637/1976/1818
f 1859/2205/2043 1858/2204/2042 1861/2207/2045
f 1756/2095/1937 1693/2031/1874 1862/2208/1821
f 1673/2011/1854 1864/2210/2047 1863/2209/2046
f 1674/2012/1855 1863/2209/2046 1652/1993/1835
f 1864/2210/2047 1739/2078/1920 1865/2211/2048
f 1863/2209/2046 1865/2211/2048 1866/2212/2049
f 1719/2058/1900 1840/2183/2021 1842/2185/2023
f 1624/1962/1806 1623/1961/1805 1445/1783/1628
f 1522/1860/1704 1838/2181/2019 1837/2180/2018
f 1598/1936/1780 1428/1765/1610 1725/2064/1906
f 5496/2140/1980 1415/1752/1597 1426/1763/1608
f 1823/2164/2002 1754/2093/1935 1755/2094/1936
f 1626/1964/1808 1744/2083/1925 1868/2214/2051
f 1605/1943/1787 1491/1829/1673 1869/2215/2052
f 1321/1658/1506 1320/1657/1505 1786/2125/1965
f 1870/2216/2053 5504/1987/1829 5503/2217/2054
f 1755/2094/1936 1644/1983/1825 1871/2218/2055
f 1867/2213/2050 1871/2218/2055 1872/2219/2056
f 1873/2220/1825 1440/1777/1622 1874/2221/2057
f 1875/2222/2055 1874/2221/2057 5522/2223/2058
f 5510/2224/2059 1943/2293/2125 1876/2225/2060
f 1449/1787/1632 1807/2147/1987 1877/2226/2061
f 1807/2147/1987 1621/1959/1803 1728/2067/1909
f 1877/2226/2061 1728/2067/1909 1878/2227/2062
f 1788/2127/1967 1881/2230/2065 1523/1861/1705
f 1880/2229/2064 1878/2227/2062 1728/2067/1909
f 1881/2230/2065 1889/2238/2073 1882/2231/2066
f 1791/2130/1970 1615/1953/1797 1614/1952/1796
f 1648/1988/1830 1927/2277/2109 1883/2232/2067
f 1884/2233/2068 1823/2164/2002 1867/2213/2050
f 1634/1973/1815 1886/2235/2070 1885/2234/2069
f 1789/2128/1968 1462/1800/1645 1881/2230/2065
f 1886/2235/2070 1634/1973/1815 1521/1859/1703
f 1832/2173/2011 1833/2174/2012 1888/2237/2072
f 1623/1961/1805 1465/1803/1648 1446/1784/1629
f 1629/1968/1769 2426/2766/2591 1747/2086/1928
f 1767/2106/1948 1705/2044/1886 1474/1812/1657
f 1462/1800/1645 1547/1885/1729 1889/2238/2073
f 1890/2239/2074 1582/1920/1764 1581/1919/1763
f 1887/2236/2071 1521/1859/1703 1523/1861/1705
f 1624/1962/1806 1568/1906/1750 1570/1908/1752
f 1391/1728/1573 1695/2034/1877 1444/1782/1627
f 1891/2240/1958 4938/5870/1956 1775/2114/1956
f 1713/2052/1894 1901/2250/2083 1795/2134/1974
f 1773/2112/1954 1338/1675/1523 1838/2181/2019
f 1555/1893/1737 1554/1892/1736 1568/1906/1750
f 1893/2242/2075 1441/1779/1624 1767/2106/1948
f 1620/1958/1802 1366/1703/1537 1695/2034/1877
f 1338/1675/1523 1773/2112/1954 1588/1926/1770
f 1633/1972/1814 1444/1782/1627 1890/2239/2074
f 1894/2243/2076 1466/1804/1649 1467/1805/1650
f 1467/1805/1650 1877/2226/2061 1879/2228/2063
f 1893/2242/2075 1838/2181/2019 1522/1860/1704
f 1896/2245/2078 1468/1806/1651 1466/1804/1649
f 1320/1657/1505 1317/1654/1502 1897/2246/2079
f 1627/1965/1809 1626/1964/1808 1869/2215/2052
f 1321/1658/1506 1480/1818/1663 1478/1816/1661
f 1747/2086/1928 1746/2085/1927 1590/1928/1772
f 1864/2210/2047 1673/2011/1854 1812/2153/1991
f 1495/1833/1677 1494/1832/1676 1428/1765/1610
f 1785/2124/1964 1847/2192/2030 1898/2247/2080
f 1723/2062/1904 1844/2187/2025 1804/2144/1984
f 1710/2049/1891 1318/1655/1503 1317/1654/1502
f 1899/2248/2081 1805/2145/1985 1844/2187/2025
f 1900/2249/2082 1803/2143/1983 1805/2145/1985
f 1312/1649/1497 1311/1648/1496 1901/2250/2083
f 1902/2251/2084 4942/5874/5620 1903/2252/2085
f 1903/2252/2085 1905/2254/2087 1311/1648/1496
f 1905/2254/2087 1796/2135/1975 1901/2250/2083
f 1906/2255/2088 1948/2299/2131 1907/2256/2089
f 1907/2256/2089 1910/2259/2092 1909/2258/2091
f 1910/2259/2092 1798/2137/1977 1911/2260/2093
f 1912/2261/2094 1914/2263/2096 1910/2259/2092
f 1907/2256/2089 1948/2299/2131 1913/2262/2095
f 1798/2137/1977 1910/2259/2092 1914/2263/2096
f 5655/2032/1875 5656/5875/5621 1915/2264/2097
f 1630/1969/1811 1917/2266/2099 1916/2265/2098
f 1917/2266/2099 1920/2269/2101 1918/2267/1962
f 1919/2268/2100 1824/2165/2003 1884/2233/2068
f 1632/1971/1813 1734/2073/1915 1917/2266/2099
f 1734/2073/1915 4936/5868/1919 1920/2269/2101
f 1738/2077/1919 1825/2166/2004 1824/2165/2003
f 1525/1863/1707 1524/1862/1706 1921/2270/2102
f 1840/2183/2021 1719/2058/1900 1718/2057/1899
f 1666/2004/1847 1512/1850/1694 1400/1737/1582
f 1922/2271/2103 4943/5876/5622 1923/2272/2104
f 1651/1992/1834 1525/1863/1707 1862/2208/1821
f 1888/2237/2072 1833/2174/2012 1461/1799/1644
f 1650/1991/1833 1423/1760/1605 1525/1863/1707
f 5627/2273/2105 5632/2151/1990 1811/2152/1849
f 1924/2274/2106 1399/1736/1581 1400/1737/1582
f 1925/2275/2107 1460/1798/1643 1662/2000/1843
f 1631/1970/1812 4935/5867/2072 1926/2276/2108
f 1870/2216/2053 1438/1775/1620 1927/2277/2109
f 1928/2278/2110 1929/2279/2111 1635/1974/1816
f 1929/2279/2111 1931/2281/2113 1930/2280/2112
f 1931/2281/2113 1715/2054/1896 1477/1815/1660
f 1689/2027/1870 4944/5877/5623 1932/2282/2114
f 1933/2283/2115 1934/2284/2116 1931/2281/2113
f 1934/2284/2116 1716/2055/1897 1715/2054/1896
f 1481/1819/1664 1468/1806/1651 1859/2205/2043
f 1707/2046/1888 1625/1963/1807 1627/1965/1809
f 1854/2200/2038 1935/2285/2117 1649/1990/1832
f 1935/2285/2117 4944/5877/5623 1689/2027/1870
f 1312/1649/1497 1937/2287/2119 1936/2286/2118
f 1937/2287/2119 1934/2284/2116 1933/2283/2115
f 1713/2052/1894 1712/2051/1893 1937/2287/2119
f 1712/2051/1893 1716/2055/1897 1934/2284/2116
f 1700/2039/1882 1371/1708/1555 1812/2153/1991
f 1439/1776/1621 5503/2217/2054 5501/1778/1623
f 1938/2288/2120 1814/2155/1993 1726/2065/1907
f 1465/1803/1648 1623/1961/1805 1939/2289/2121
f 1940/2290/2122 1577/1915/1759 1941/2291/2123
f 1943/2293/2125 5510/2224/2059 5505/2294/2126
f 1403/1740/1585 1402/1739/1584 1945/2296/2128
f 1685/2023/1866 1427/1764/1609 1429/1766/1611
f 1946/2297/2129 1313/1650/1498 1579/1917/1761
f 1383/1720/1565 1411/1748/1593 1576/1914/1758
f 1386/1723/1568 1385/1722/1567 1419/1756/1601
f 1602/1940/1784 1952/2304/2136 1947/2298/2130
f 1948/2299/2131 4932/5862/5611 1571/1909/1753
f 1406/1743/1588 1405/1742/1587 1944/2295/2127
f 1664/2002/1845 1496/1834/1678 1471/1809/1654
f 1774/2113/1955 1675/2013/1856 1677/2015/1858
f 1708/2047/1889 1828/2169/2007 1636/1975/1817
f 5497/2300/2132 5498/2176/2014 1949/2301/2133
f 1950/2302/2134 1641/1980/1822 1315/1652/1500
f 1497/1835/1679 1511/1849/1693 1951/2303/2135
f 1930/2280/2112 1477/1815/1660 1479/1817/1662
f 1776/2115/1957 1400/1737/1582 1512/1850/1694
f 1327/1664/1512 1793/2132/1972 1794/2133/1973
f 1952/2304/2136 1643/1982/1824 1642/1981/1823
f 1504/1842/1686 1575/1913/1757 1770/2109/1951
f 1942/2292/2124 1941/2291/2123 1452/1790/1635
f 1543/1881/1725 1638/1977/1819 1810/2150/1989
f 1539/1877/1721 1463/1801/1646 1789/2128/1968
f 1953/2305/2137 1601/1939/1783 1954/2306/2138
f 1690/2028/1871 4945/5878/1933 1749/2088/1930
f 1955/2307/2139 1534/1872/1716 1533/1871/1715
f 1956/2308/2140 5546/5857/5606 1565/1903/1747
f 1490/1828/1672 1834/2175/2013 5502/2177/2015
f 1957/2309/2141 2346/5879/5624 1958/2310/2142
f 1960/2312/2144 2408/2746/2571 1961/2313/2145
f 1963/2315/2147 2037/2384/2215 1964/2316/2148
f 1966/2318/2150 2198/2539/2371 1967/2319/2151
f 1969/2321/2153 2364/2702/2532 1970/2322/2154
f 1972/7/7 4946/227/185 1973/8/9
f 1975/2324/2156 1981/2328/2143 1976/2325/2157
f 1980/2327/2159 4947/5880/2141 1981/2328/2143
f 1983/2330/2161 1982/2329/2160 1981/2328/2143
f 1984/2331/2162 2029/2376/2207 1971/2323/2155
f 1985/2332/2163 2272/2613/2444 1986/2333/2164
f 1987/2334/2165 1986/2333/2164 1988/2335/2166
f 1990/2337/2168 2259/2600/2431 1991/2338/2169
f 1993/2340/2171 2208/2549/2381 1994/2341/2172
f 1996/2343/2174 1990/2337/2168 1992/2339/2170
f 1975/2324/2156 2044/2391/2222 1998/2345/2176
f 1988/2335/2166 2324/2665/2496 1999/2346/2177
f 2000/2347/2178 5925/5881/5625 2001/2348/2179
f 2003/2350/2181 2319/2660/2491 2004/2351/2182
f 2003/2350/2181 2043/2390/2221 2006/2353/2184
f 2007/2354/2185 2327/2668/2499 2008/2355/2186
f 2007/2354/2185 2009/2356/2187 2010/2357/2188
f 2012/2359/2190 2011/2358/2189 2013/2360/2191
f 2015/2362/2193 2244/2585/2416 1996/2343/2174
f 2016/2363/2194 1964/2316/2148 2012/2359/2190
f 2017/2364/2195 4948/5882/5626 2018/2365/2196
f 2010/2357/2188 2009/2356/2187 2020/2367/2198
f 2022/2369/2200 1965/2317/2149 2023/2370/2201
f 2025/2372/2203 2032/2379/2210 2026/2373/2204
f 1984/2331/2162 2234/2575/2406 2028/2375/2206
f 2030/2377/2208 2101/2444/2277 1993/2340/2171
f 2031/2378/2209 2344/2685/2515 2032/2379/2210
f 2034/2381/2212 2037/2384/2215 2035/2382/2213
f 2034/2381/2212 2012/2359/2190 1964/2316/2148
f 2038/2385/2216 2086/2429/2262 2039/2386/2217
f 2041/2388/2219 2013/2360/2191 2011/2358/2189
f 2042/2389/2220 2033/2380/2211 2032/2379/2210
f 2005/2352/2183 4949/5883/5627 2043/2390/2221
f 2034/2381/2212 2007/2354/2185 2011/2358/2189
f 1977/2326/2158 2075/2418/2250 2044/2391/2222
f 2045/2392/2223 2042/2389/2220 2025/2372/2203
f 2047/2394/2225 2191/2532/2364 2048/2395/2226
f 2050/2397/2228 2021/2368/2199 2051/2398/2229
f 2053/12/11 2347/25/23 6069/13/5628
f 2020/2367/2198 2009/2356/2187 2008/2355/2186
f 2006/2353/2184 4950/5884/5629 2002/2349/2180
f 2056/2401/2232 2244/2585/2416 2057/2402/2233
f 2059/2404/2235 4951/5885/5630 2060/2405/2236
f 2062/15/2247 2072/2415/2246 2063/16/2252
f 2064/2407/2238 2063/16/2252 2065/2408/2239
f 2067/2410/2241 2073/2416/2248 2038/2385/2216
f 2067/2410/2241 2068/2411/2242 2069/2412/2243
f 2071/2414/2245 2077/2420/2253 2072/2415/2246
f 2061/2406/2237 2060/2405/2236 2073/2416/2248
f 2074/2417/2249 4952/5886/5631 2075/2418/2250
f 2076/2419/2251 2065/2408/2239 2063/16/2252
f 2074/2417/2249 2063/16/2252 2072/2415/2246
f 2070/2413/2244 2069/2412/2243 2078/2421/2254
f 1964/2316/2148 2016/2363/2194 2080/2423/2256
f 2082/2425/2258 4953/5887/5632 2083/2426/2259
f 2082/2425/2258 2084/2427/2260 2085/2428/2261
f 2057/2402/2233 2090/2433/2266 2087/2430/2263
f 2015/2362/2193 2337/2678/2508 2089/2432/2265
f 2091/2434/2267 2097/2440/2273 2092/2435/2268
f 2060/2405/2236 4953/5887/5632 2082/2425/2258
f 2094/2437/2270 2099/2442/2275 2028/2375/2206
f 2095/2438/2271 2351/2689/2519 2096/2439/2272
f 2094/2437/2270 2096/2439/2272 2092/2435/2268
f 2094/2437/2270 2097/2440/2273 2098/2441/2274
f 2100/2443/2276 2107/2450/2283 2101/2444/2277
f 2102/2445/2278 2372/2710/2540 2103/2446/2279
f 2100/2443/2276 6066/19/5633 2104/2447/2280
f 2100/2443/2276 2105/2448/2281 2106/2449/2282
f 2108/2451/2284 2259/2600/2431 2109/2452/2285
f 2111/2454/2287 2330/2671/2502 2112/2455/2288
f 2114/18/2295 2104/2447/2280 6066/19/5633
f 2110/2453/2286 4954/5888/5634 2116/2457/2290
f 2117/2458/2291 2122/2463/2296 2118/2459/2292
f 2120/2461/2293 2106/2449/2282 2105/2448/2281
f 2121/2462/2294 2105/2448/2281 2104/2447/2280
f 2113/2456/2289 2112/2455/2288 2122/2463/2296
f 2123/2464/2297 2272/2613/2444 2047/2394/2225
f 2124/2465/2298 2047/2394/2225 2049/2396/2227
f 2126/2467/2300 2135/2476/2309 2127/2468/2301
f 2124/2465/2298 4955/5889/5635 2129/2470/2303
f 2130/2471/2304 2195/2536/2368 1993/2340/2171
f 2130/2471/2304 2131/2472/2305 2132/2473/2306
f 2134/2475/2308 2143/2484/2316 2135/2476/2309
f 2125/2466/2299 2049/2396/2227 2136/2477/2310
f 2138/2479/2312 4956/5890/5636 2139/2480/2313
f 2141/2482/2315 2314/2655/2486 2127/2468/2301
f 2142/2483/2312 2127/2468/2301 2135/2476/2309
f 2133/2474/2307 2132/2473/2306 2144/2485/2317
f 2146/2487/2319 2324/2665/2496 2147/2488/2320
f 2148/2489/2321 2147/2488/2320 2149/2490/2322
f 2151/21/5637 2166/2507/2339 2152/22/5638
f 2153/2492/2324 5745/2506/2338 2154/2493/2325
f 2156/2495/2327 4957/5891/5639 5744/2496/2328
f 2157/2497/2329 2167/2508/2340 2158/2498/2330
f 2159/2499/2331 4958/5892/5640 2160/2500/2332
f 2161/2501/2333 2320/2661/2492 2162/2502/2334
f 2163/2503/2335 2168/2509/2341 2164/2504/2336
f 2165/2505/2337 2154/2493/2325 5745/2506/2338
f 2163/2503/2335 2152/22/5638 2166/2507/2339
f 2163/2503/2335 2158/2498/2330 2167/2508/2340
f 2169/2510/2342 2173/2514/2346 2102/2445/2278
f 2170/2511/2343 2178/2519/2351 2171/2512/2344
f 2172/2513/2345 2349/2687/2517 1991/2338/2169
f 2173/2514/2346 2169/2510/2342 2174/2515/2347
f 2173/2514/2346 2175/2516/2348 2176/2517/2349
f 2178/2519/2351 2170/2511/2343 2108/2451/2284
f 2179/2520/2352 2366/2704/2534 1969/2321/2153
f 2179/2520/2352 2180/2521/2353 2181/2522/2354
f 2179/2520/2352 2182/2523/2355 2183/2524/2356
f 2175/2516/2348 2174/2515/2347 2185/2526/2358
f 2187/2528/2360 2290/2631/2462 2188/2529/2361
f 1985/2332/2163 2341/2682/2512 2190/2531/2363
f 2191/2532/2364 2190/2531/2363 2192/2533/2365
f 2193/2534/2366 4959/5893/5641 2194/2535/2367
f 2196/2537/2369 2344/2685/2515 1967/2319/2151
f 2197/2538/2370 1967/2319/2151 2198/2539/2371
f 2200/2541/2373 2206/2547/2379 2192/2533/2365
f 2197/2538/2370 4960/5894/5642 2201/2542/2374
f 2202/2543/2375 2209/2550/2382 2165/2505/2337
f 2203/2544/2376 2215/2556/2388 2146/2487/2319
f 2205/2546/2378 2048/2395/2226 2192/2533/2365
f 2207/2548/2380 2369/2707/2537 2208/2549/2381
f 2208/2549/2381 1993/2340/2171 2195/2536/2368
f 2154/2493/2325 2165/2505/2337 2209/2550/2382
f 2211/2552/2384 2210/2551/2383 2212/2553/2385
f 2214/2555/2387 2345/2686/2516 1999/2346/2177
f 2202/2543/2375 2223/2564/2396 2216/2557/2389
f 2209/2550/2382 2216/2557/2389 2212/2553/2385
f 2217/2558/2390 2046/2393/2224 2218/2559/2391
f 2219/2560/2392 2218/2559/2391 2220/2561/2393
f 2222/2563/2395 2213/2554/2386 2212/2553/2385
f 2222/2563/2395 2216/2557/2389 2223/2564/2396
f 2010/2357/2188 2231/2572/2403 2225/2566/2397
f 2039/2386/2217 2367/2705/2535 2226/2567/2398
f 2227/2568/2399 2226/2567/2398 2228/2569/2400
f 2230/2571/2402 2225/2566/2397 2231/2572/2403
f 2233/2574/2405 2242/2583/2414 2234/2575/2406
f 2233/2574/2405 2235/2576/2407 2236/2577/2408
f 2238/2579/2410 2243/2584/2415 2239/2580/2411
f 2241/2582/2413 2352/2690/2520 2242/2583/2414
f 2073/2416/2248 2082/2425/2258 2086/2429/2262
f 2225/2566/2397 2230/2571/2402 2239/2580/2411
f 2243/2584/2415 2356/2694/2524 2041/2388/2219
f 2244/2585/2416 2015/2362/2193 2090/2433/2266
f 2016/2363/2194 2365/2703/2533 2245/2586/2417
f 2246/2587/2418 2257/2598/2429 2247/2588/2419
f 2249/2590/2421 2227/2568/2399 2229/2570/2401
f 2251/2592/2423 2364/2702/2532 2252/2593/2424
f 2254/2595/2426 2368/2706/2536 2255/2596/2427
f 2254/2595/2426 2256/2597/2428 2247/2588/2419
f 2253/2594/2425 4961/5895/5643 2258/2599/2430
f 2259/2600/2431 2108/2451/2284 2170/2511/2343
f 2260/2601/2432 2246/2587/2418 2248/2589/2420
f 2262/2603/2434 2248/2589/2420 2247/2588/2419
f 2256/2597/2428 2255/2596/2427 2263/2604/2435
f 2264/2605/2436 2273/2614/2445 2265/2606/2437
f 2267/2608/2439 2265/2606/2437 2268/2609/2440
f 2270/2611/2442 2361/2699/2529 2023/2370/2201
f 2191/2532/2364 2047/2394/2225 2272/2613/2444
f 2273/2614/2445 1994/2341/2172 2274/2615/2446
f 2273/2614/2445 2275/2616/2447 2268/2609/2440
f 2276/2617/2448 2187/2528/2360 2189/2530/2362
f 2278/2619/2450 1968/2320/2152 2031/2378/2209
f 2278/2619/2450 2279/2620/2451 2280/2621/2452
f 2278/2619/2450 2281/2622/2453 2282/2623/2454
f 2283/2624/2455 1966/2318/2150 1968/2320/2152
f 2284/2625/2456 2292/2633/2464 2285/2626/2457
f 2187/2528/2360 2276/2617/2448 2287/2628/2459
f 2187/2528/2360 2288/2629/2460 2289/2630/2461
f 2050/2397/2228 2363/2701/2531 2291/2632/2463
f 2292/2633/2464 2291/2632/2463 2293/2634/2465
f 2294/2635/2466 2300/2641/2472 2045/2392/2223
f 2295/2636/2467 4962/5896/5644 2296/2637/2468
f 2294/2635/2466 2296/2637/2468 2297/2638/2469
f 2294/2635/2466 2298/2639/2470 2299/2640/2471
f 2076/2419/2251 2075/2418/2250 1977/2326/2158
f 2302/2643/2474 1984/2331/2162 1970/2322/2154
f 2304/2645/2476 4963/5897/5645 2305/2646/2477
f 2301/2642/2473 2307/2648/2479 2065/2408/2239
f 2066/2409/2240 2065/2408/2239 2307/2648/2479
f 2036/2383/2214 2327/2668/2499 2007/2354/2185
f 2309/2650/2481 1971/2323/2155 2029/2376/2207
f 2304/2645/2476 1996/2343/2174 2244/2585/2416
f 2141/2482/2315 4950/5884/5629 2006/2353/2184
f 2052/2399/2230 2051/2398/2229 2022/2369/2200
f 2312/2653/2484 2307/2648/2479 2301/2642/2473
f 2311/2652/2483 2318/2659/2490 2314/2655/2486
f 2123/2464/2297 2129/2470/2303 2315/2656/2487
f 2317/2658/2489 2321/2662/2493 2318/2659/2490
f 2001/2348/2179 5925/5881/5625 2319/2660/2491
f 2316/2657/2488 1986/2333/2164 2272/2613/2444
f 2043/2390/2221 4949/5883/5627 2162/2502/2334
f 2317/2658/2489 2162/2502/2334 2320/2661/2492
f 2322/2663/2494 2149/2490/2322 2147/2488/2320
f 2323/2664/2495 2147/2488/2320 2324/2665/2496
f 2131/2472/2305 1993/2340/2171 2101/2444/2277
f 2132/2473/2306 2131/2472/2305 2107/2450/2283
f 2325/2666/2497 4964/5898/5646 2017/2364/2195
f 2326/2667/2498 2419/2759/2584 2327/2668/2499
f 2144/2485/2317 2132/2473/2306 2106/2449/2282
f 2139/2480/2313 4956/5890/5636 2328/2669/2500
f 2168/2509/2341 2167/2508/2340 2069/2412/2243
f 1976/2325/2157 2118/2459/2292 2122/2463/2296
f 2313/2654/2485 2122/2463/2296 2112/2455/2288
f 2312/2653/2484 2112/2455/2288 2330/2671/2502
f 2306/2647/2478 2109/2452/2285 2259/2600/2431
f 2332/2673/2438 2371/2709/2539 2081/2424/2257
f 2069/2412/2243 2167/2508/2340 2157/2497/2329
f 2021/2368/2199 2284/2625/2456 2231/2572/2403
f 2081/2424/2257 2371/2709/2539 1965/2317/2149
f 2334/2675/2505 2264/2605/2436 2266/2607/2438
f 2277/2618/2449 2189/2530/2362 2249/2590/2421
f 1995/2342/2173 2264/2605/2436 2334/2675/2505
f 2284/2625/2456 2286/2627/2458 2232/2573/2404
f 2309/2650/2481 2310/2651/2482 2335/2676/2506
f 1997/2344/2175 2377/2715/2506 2337/2678/2508
f 2099/2442/2275 2098/2441/2274 2335/2676/2506
f 2338/2679/2509 4965/5899/5647 1987/2334/2165
f 1988/2335/2166 1986/2333/2164 2316/2657/2488
f 2310/2651/2482 2029/2376/2207 2028/2375/2206
f 2027/2374/2205 2026/2373/2204 2339/2680/2510
f 1987/2334/2165 4965/5899/5647 2341/2682/2512
f 2196/2537/2369 2201/2542/2374 2339/2680/2510
f 2013/2360/2191 2357/2695/2525 2342/2683/2513
f 2343/2684/2514 2354/2692/2522 2033/2380/2211
f 2026/2373/2204 2032/2379/2210 2344/2685/2515
f 1989/2336/2167 1999/2346/2177 2345/2686/2516
f 2340/2681/2511 2220/2561/2393 2218/2559/2391
f 2027/2374/2205 2218/2559/2391 2046/2393/2224
f 6067/24/22 6069/13/5628 2347/25/23
f 2289/2630/2461 4966/5900/5648 2224/2565/2390
f 2344/2685/2515 2031/2378/2209 1968/2320/2152
f 1992/2339/2170 1991/2338/2169 2349/2687/2517
f 2336/2677/2507 2181/2522/2354 2180/2521/2353
f 2309/2650/2481 2180/2521/2353 1969/2321/2153
f 2223/2564/2396 2202/2543/2375 2290/2631/2462
f 2351/2689/2519 2095/2438/2271 2242/2583/2414
f 2046/2393/2224 2217/2558/2390 2295/2636/2467
f 2302/2643/2474 2235/2576/2407 2234/2575/2406
f 1990/2337/2168 1996/2343/2174 2304/2645/2476
f 2353/2691/2521 2360/2698/2528 2354/2692/2522
f 2355/2693/2523 2236/2577/2408 2235/2576/2407
f 2013/2360/2191 2041/2388/2219 2356/2694/2524
f 2358/2696/2526 2355/2693/2523 2302/2643/2474
f 2354/2692/2522 2279/2620/2451 2031/2378/2209
f 2311/2652/2483 2006/2353/2184 2043/2390/2221
f 2024/2371/2202 2362/2700/2530 2359/2697/2527
f 2360/2698/2528 2280/2621/2452 2279/2620/2451
f 2024/2371/2202 2023/2370/2201 2361/2699/2529
f 2323/2664/2495 2316/2657/2488 2315/2656/2487
f 2343/2684/2514 2042/2389/2220 2045/2392/2223
f 2300/2641/2472 2299/2640/2471 2353/2691/2521
f 2052/2399/2230 2359/2697/2527 2363/2701/2531
f 2303/2644/2475 1970/2322/2154 2364/2702/2532
f 2251/2592/2423 2258/2599/2430 2358/2696/2526
f 2014/2361/2192 2342/2683/2513 2365/2703/2533
f 2366/2704/2534 2252/2593/2424 2364/2702/2532
f 2367/2705/2535 2039/2386/2217 2086/2429/2262
f 2255/2596/2427 2174/2515/2347 2169/2510/2342
f 2164/2504/2336 2188/2529/2361 2290/2631/2462
f 2101/2444/2277 2030/2377/2208 2263/2604/2435
f 2368/2706/2536 2185/2526/2358 2174/2515/2347
f 1994/2341/2172 2208/2549/2381 2369/2707/2537
f 2234/2575/2406 2242/2583/2414 2095/2438/2271
f 2030/2377/2208 2334/2675/2505 2262/2603/2434
f 2324/2665/2496 2146/2487/2319 2215/2556/2388
f 2370/2708/2538 2271/2612/2443 2371/2709/2539
f 2271/2612/2443 2023/2370/2201 1965/2317/2149
f 2248/2589/2420 2262/2603/2434 2334/2675/2505
f 2372/2710/2540 2102/2445/2278 2173/2514/2346
f 2273/2614/2445 2264/2605/2436 1995/2342/2173
f 2292/2633/2464 2284/2625/2456 2021/2368/2199
f 2040/2387/2218 2039/2386/2217 2227/2568/2399
f 2373/2711/2541 2423/2763/2588 1962/2314/2146
f 2375/2713/2543 2406/2744/2569 2374/2712/2542
f 1992/2339/2170 2350/2688/2518 2377/2715/2506
f 2374/2712/2542 2406/2744/2569 2378/2716/2545
f 2379/2717/2546 4967/5901/5649 2380/2718/2547
f 2382/2720/2549 2422/2762/2587 2383/2721/2550
f 2384/2722/2546 4968/5902/2550 2385/2723/2196
f 2387/2725/2552 4969/5903/2542 2388/2726/2553
f 2035/2382/2213 2410/2748/2573 2390/2728/2555
f 2392/2730/2557 2417/2757/2582 2393/2731/2558
f 2381/2719/2548 2380/2718/2547 2394/2732/2559
f 2395/2733/2560 4964/5898/5646 2325/2666/2497
f 2397/2735/2554 4970/5904/5650 2398/2736/2562
f 2376/2714/2544 4971/5905/5651 2400/2738/2564
f 2401/2739/2565 5893/2753/2578 2402/2740/2566
f 2375/2713/2543 2400/2738/2564 2404/2742/2567
f 2381/2719/2548 2393/2731/2558 2382/2720/2549
f 2038/2385/2216 2164/2504/2336 2168/2509/2341
f 2406/2744/2569 2386/2724/2551 2385/2723/2196
f 2040/2387/2218 2188/2529/2361 2164/2504/2336
f 2407/2745/2570 2412/2750/2575 2408/2746/2571
f 2409/2747/2572 2407/2745/2570 2410/2748/2573
f 2409/2747/2572 1963/2315/2147 1965/2317/2149
f 2301/2642/2473 1977/2326/2158 1976/2325/2157
f 2411/2749/2574 2020/2367/2198 2055/2400/2231
f 2411/2749/2574 2051/2398/2229 2021/2368/2199
f 2249/2590/2421 2189/2530/2362 2188/2529/2361
f 2035/2382/2213 2037/2384/2215 1963/2315/2147
f 2413/2751/2576 2055/2400/2231 2008/2355/2186
f 5893/2753/2578 5889/5906/5652 2415/2754/2579
f 2078/2421/2254 2157/2497/2329 5744/2496/2328
f 2412/2750/2575 2407/2745/2570 2409/2747/2572
f 2416/2756/2581 2393/2731/2558 2417/2757/2582
f 2414/2752/2577 2008/2355/2186 2327/2668/2499
f 2409/2747/2572 2022/2369/2200 2051/2398/2229
f 2405/2743/2568 2386/2724/2551 2406/2744/2569
f 2412/2750/2575 2055/2400/2231 2413/2751/2576
f 2408/2746/2571 2413/2751/2576 2420/2760/2585
f 2421/2761/2586 2382/2720/2549 2393/2731/2558
f 2036/2383/2214 2035/2382/2213 2391/2729/2556
f 2421/2761/2586 4972/5907/5653 2422/2762/2587
f 2390/2728/2555 2410/2748/2573 2407/2745/2570
f 1960/2312/2144 1962/2314/2146 2423/2763/2588
f 2415/2754/2579 5889/5906/5652 2424/2764/2589
f 1256/1590/1448 1092/1426/1306 1093/1427/1307
f 2426/2766/2591 4973/5908/1658 1745/2084/1926
f 2427/2767/2592 2553/2893/2718 2428/2768/2593
f 2430/2770/2595 3732/4136/3914 2431/2771/2596
f 2433/2773/2598 2549/2889/2714 2434/2774/2599
f 2436/2776/2601 2633/2976/2800 2437/2777/2602
f 2439/2779/2604 2766/3118/2938 2440/2780/2605
f 2442/2782/2607 2686/3031/2855 2443/2783/2608
f 2445/2785/2610 2458/2798/2623 2446/2786/2611
f 2448/2788/2613 2585/2926/2751 2449/2789/2614
f 2451/2791/2616 2433/2773/2598 2435/2775/2600
f 2453/2793/2618 3724/4123/3901 2454/2794/2619
f 2456/2796/2621 2696/3042/2866 2457/2797/2622
f 2459/2799/2624 2436/2776/2601 2438/2778/2603
f 2461/2801/2626 2657/3000/2824 2462/2802/2627
f 2464/2804/2629 2470/2810/2635 2465/2805/2630
f 2467/2807/2632 2577/2918/2743 2468/2808/2633
f 2437/2777/2602 2479/2819/2644 2470/2810/2635
f 2471/2811/2636 2541/2881/2706 2472/2812/2637
f 2444/2784/2609 2443/2783/2608 2474/2814/2639
f 2476/2816/2641 2785/3141/2962 2477/2817/2642
f 2479/2819/2644 2685/3030/2854 2480/2820/2645
f 2481/2821/2646 2501/2841/2666 2482/2822/2647
f 2484/2824/2649 2730/3079/2902 2485/2825/2650
f 2487/2827/2652 2644/2987/2811 2488/2828/2653
f 2490/2830/2655 2715/3062/2885 2491/2831/2656
f 2493/2833/2658 2704/3050/2873 2494/2834/2659
f 2482/2822/2647 2570/2911/2736 2496/2836/2661
f 2498/2838/2663 2456/2796/2621 2458/2798/2623
f 2499/2839/2664 2429/2769/2594 2500/2840/2665
f 2502/2842/2667 2476/2816/2641 2478/2818/2643
f 2504/2844/2669 5108/4124/3902 2505/2845/2670
f 2507/2847/2672 5265/3134/2954 2508/2848/2673
f 2510/2850/2675 2776/3130/2950 2511/2851/2676
f 2513/2853/2678 2474/2814/2639 2443/2783/2608
f 2515/2855/2680 2593/2935/2760 2516/2856/2681
f 2518/2858/2683 2573/2914/2739 2436/2776/2601
f 2519/2859/2684 2672/3016/2840 2520/2860/2685
f 5114/5909/5654 5109/4122/3900 5110/2903/2728
f 2489/2829/2654 2612/2954/2779 2525/2865/2690
f 2527/2867/2692 5357/4140/3918 2528/2868/2693
f 2521/2861/2686 2520/2860/2685 2530/2870/2695
f 2532/2872/2697 5192/5910/5655 2533/2873/2698
f 2535/2875/2700 2633/2976/2800 2536/2876/2701
f 2540/2880/2705 2598/2940/2765 2541/2881/2706
f 2542/2882/2707 3733/4138/3916 2543/2883/2708
f 2545/2885/2710 2731/3080/2903 2546/2886/2711
f 2548/2888/2713 2497/2837/2662 2549/2889/2714
f 2455/2795/2620 2454/2794/2619 2550/2890/2715
f 2552/2892/2717 2650/2993/2817 2553/2893/2718
f 2491/2831/2656 2656/2999/2823 2528/2868/2693
f 2555/2895/2720 2594/2936/2761 2556/2896/2721
f 2445/2785/2610 2557/2897/2722 2558/2898/2723
f 2559/2899/2724 2530/2870/2695 2520/2860/2685
f 2431/2771/2596 3732/4136/3914 2561/2901/2726
f 5110/2903/2728 2706/3052/2875 2563/2904/2729
f 2565/2906/2731 2586/2927/2752 2544/2884/2709
f 2566/2907/2732 2690/3036/2860 2567/2908/2733
f 2569/2910/2735 2655/2998/2822 2496/2836/2661
f 2571/2912/2737 2632/2975/2799 2465/2805/2630
f 2518/2858/2683 2507/2847/2672 2509/2849/2674
f 2574/2915/2740 4867/5911/5656 2575/2916/2741
f 2447/2787/2612 2555/2895/2720 2557/2897/2722
f 2577/2918/2743 2467/2807/2632 2578/2919/2744
f 2580/2921/2746 2709/3055/2878 2581/2922/2747
f 2583/2924/2749 2519/2859/2684 2521/2861/2686
f 2585/2926/2751 2665/3008/2832 2544/2884/2709
f 2587/2928/2753 2779/3135/2955 2588/2929/2754
f 5113/2931/2756 2756/5912/5657 2590/2932/2757
f 2432/2772/2597 2566/2907/2732 2592/2934/2759
f 2593/2935/2760 2556/2896/2721 2594/2936/2761
f 2435/2775/2600 2434/2774/2599 2457/2797/2622
f 2531/2871/2696 2530/2870/2695 2597/2939/2764
f 2599/2941/2766 2667/3010/2834 2600/2942/2767
f 2588/2929/2754 2779/3135/2955 2602/2944/2769
f 2572/2913/2738 2465/2805/2630 2470/2810/2635
f 2571/2912/2737 2772/3125/2945 2450/2790/2615
f 2451/2791/2616 2637/2980/2804 2472/2812/2637
f 2605/2947/2772 2712/3059/2882 2475/2815/2640
f 2471/2811/2636 2616/2958/2782 2606/2948/2773
f 2607/2949/2774 2735/3084/2907 2608/2950/2775
f 2539/2879/2704 2622/2964/2788 2610/2952/2777
f 2612/2954/2779 2489/2829/2654 2488/2828/2653
f 2506/2846/2671 2505/2845/2670 2614/2956/2759
f 2473/2813/2638 2466/2806/2631 2616/2958/2782
f 2463/2803/2628 2462/2802/2627 2617/2959/2783
f 2536/2876/2701 2573/2914/2739 2509/2849/2674
f 2619/2961/2785 2689/3034/2858 2620/2962/2786
f 2622/2964/2788 2539/2879/2704 2538/2878/2703
f 2624/2966/2790 2777/3131/2951 2625/2967/2791
f 2627/2969/2793 2506/2846/2671 2615/2957/2781
f 2629/2971/2795 2637/2980/2804 2460/2800/2625
f 2627/2969/2793 2706/3052/2875 5107/2972/2796
f 2579/2920/2745 4974/5913/5658 2631/2974/2798
f 2632/2975/2799 2616/2958/2782 2466/2806/2631
f 2629/2971/2795 2464/2804/2629 2466/2806/2631
f 2633/2976/2800 2535/2875/2700 2479/2819/2644
f 2634/2977/2801 2554/2894/2719 2553/2893/2718
f 2460/2800/2625 2452/2792/2617 2635/2978/2802
f 2586/2927/2752 2565/2906/2731 2606/2948/2773
f 2473/2813/2638 2472/2812/2637 2637/2980/2804
f 2618/2960/2784 2775/3129/2949 2638/2981/2805
f 2640/2983/2807 2427/2767/2592 2429/2769/2594
f 2598/2940/2765 2540/2880/2705 2641/2984/2808
f 2566/2907/2732 2568/2909/2734 2642/2985/2809
f 2600/2942/2767 2681/3026/2850 2643/2986/2810
f 2480/2820/2645 2684/3029/2853 2645/2988/2812
f 2599/2941/2766 2707/3053/2876 2431/2771/2596
f 2646/2989/2813 2661/3004/2828 2647/2990/2814
f 2649/2992/2816 2541/2881/2706 2598/2940/2765
f 2650/2993/2817 2713/3060/2883 2428/2768/2593
f 2651/2994/2818 2631/2974/2798 2652/2995/2819
f 2510/2850/2675 2659/3002/2826 2654/2997/2821
f 2656/2999/2823 2491/2831/2656 2498/2838/2663
f 2657/3000/2824 2461/2801/2626 2562/2902/2727
f 2459/2799/2624 2635/2978/2802 2658/3001/2825
f 2594/2936/2761 2555/2895/2720 2659/3002/2826
f 2661/3004/2828 2646/2989/2813 2639/2982/2806
f 2591/2933/2758 2619/2961/2785 2621/2963/2787
f 2464/2804/2629 2629/2971/2795 2438/2778/2603
f 2662/3005/2829 2705/3051/2874 2663/3006/2830
f 2665/3008/2832 2585/2926/2751 2448/2788/2613
f 2587/2928/2753 2605/2947/2772 2474/2814/2639
f 2433/2773/2598 2451/2791/2616 2604/2946/2771
f 2562/2902/2727 2461/2801/2626 2667/3010/2834
f 2442/2782/2607 2718/3066/2889 2648/2991/2815
f 2653/2996/2820 2652/2995/2819 2623/2965/2789
f 2439/2779/2604 2441/2781/2606 5219/3011/2835
f 2669/3013/2837 2675/3019/2843 2670/3014/2838
f 2560/2900/2725 2520/2860/2685 2672/3016/2840
f 2674/3018/2842 2771/3123/2943 2675/3019/2843
f 2649/2992/2816 2483/2823/2648 2548/2888/2713
f 2676/3020/2844 5230/3124/2944 5239/3021/2845
f 2501/2841/2666 2500/2840/2665 2570/2911/2736
f 2678/3023/2847 4975/5914/5659 2679/3024/2848
f 2681/3026/2850 2600/2942/2767 2667/3010/2834
f 2666/3009/2833 2688/3033/2857 2683/3028/2852
f 2684/3029/2853 2480/2820/2645 2685/3030/2854
f 2681/3026/2850 2646/2989/2813 2648/2991/2815
f 2565/2906/2731 2641/2984/2808 2540/2880/2705
f 2687/3032/2856 2755/3106/2926 2688/3033/2857
f 2601/2943/2768 2600/2942/2767 2644/2987/2811
f 2689/3034/2858 2752/3102/2922 5105/3035/2859
f 2690/3036/2860 2601/2943/2768 2487/2827/2652
f 2691/3037/2861 2768/3120/2940 2692/3038/2862
f 2694/3040/2864 2773/3126/2946 2695/3041/2865
f 2697/3043/2867 2468/2808/2633 2651/2994/2818
f 2517/2857/2682 2656/2999/2823 2558/2898/2723
f 2698/3044/2868 2787/3143/2964 2699/3045/2869
f 2701/3047/2871 2753/3104/2924 2702/3048/2872
f 2704/3050/2873 2663/3006/2830 2705/3051/2874
f 2628/2970/2794 2563/2904/2729 2706/3052/2875
f 2601/2943/2768 2690/3036/2860 2707/3053/2876
f 2708/3054/2877 2711/3057/2880 2709/3055/2878
f 2710/3056/2879 2723/3071/2894 2711/3057/2880
f 5206/3058/2881 5187/3064/2887 2712/3059/2882
f 2713/3060/2883 2734/3083/2906 2714/3061/2884
f 2696/3042/2866 2456/2796/2621 2715/3062/2885
f 2687/3032/2856 3723/4120/3898 2617/2959/2783
f 2555/2895/2720 2447/2787/2612 2654/2997/2821
f 2467/2807/2632 2712/3059/2882 5187/3064/2887
f 2593/2935/2760 2595/2937/2762 2717/3065/2888
f 2718/3066/2889 2736/3085/2908 2643/2986/2810
f 2589/2930/2755 5206/3058/2881 2605/2947/2772
f 2719/3067/2890 5372/3136/2957 2720/3068/2891
f 2722/3070/2893 2724/3072/2895 2723/3071/2894
f 2724/3072/2895 2722/3070/2893 2725/3073/2896
f 2727/3075/2898 4976/5915/5660 2728/3076/2899
f 2729/3078/2901 3726/4127/3905 2680/3025/2849
f 2612/2954/2779 2653/2996/2820 2538/2878/2703
f 2730/3079/2902 2484/2824/2649 2731/3080/2903
f 2732/3081/2904 2726/3074/2897 2725/3073/2896
f 2734/3083/2906 2713/3060/2883 2735/3084/2907
f 2736/3085/2908 2697/3043/2867 2613/2955/2780
f 2737/3086/2909 4977/5916/5661 2738/3087/2910
f 2721/3069/2892 2720/3068/2891 2739/3088/2911
f 2741/3090/2913 5122/4129/3907 5140/3091/2914
f 2718/3066/2889 2763/3114/2934 2697/3043/2867
f 2744/3093/2916 5193/5917/5662 2742/3094/2697
f 2647/2990/2814 2684/3029/2853 2686/3031/2855
f 2596/2938/2763 2457/2797/2622 2696/3042/2866
f 2746/3096/2918 2512/2852/2677 2511/2851/2676
f 2747/3097/2919 2760/3111/2931 2748/3098/2667
f 2656/2999/2823 2517/2857/2682 2750/3100/2920
f 2545/2885/2710 2750/3100/2920 2517/2857/2682
f 2549/2889/2714 2769/3121/2941 2446/2786/2611
f 2746/3096/2918 2485/2825/2650 2730/3079/2902
f 2752/3102/2922 3713/4110/3888 5106/3103/2923
f 2658/3001/2825 2774/3128/2948 2507/2847/2672
f 2468/2808/2633 2577/2918/2743 2631/2974/2798
f 2753/3104/2924 3727/4128/3906 2754/3105/2925
f 2755/3106/2926 2687/3032/2856 2716/3063/2886
f 2524/2864/2689 5121/4132/3910 5120/3107/2927
f 2530/2870/2695 2559/2899/2724 2481/2821/2646
f 5116/3077/2900 5110/2903/2728 2564/2905/2730
f 2757/3108/2928 3719/4116/3894 2758/3109/2929
f 2760/3111/2931 2747/3097/2919 2761/3112/2932
f 2763/3114/2934 2469/2809/2634 2468/2808/2633
f 2764/3115/2935 3725/4126/3904 2671/3015/2839
f 2734/3083/2906 2776/3130/2950 2569/2910/2735
f 2765/3116/2936 2634/2977/2801 2427/2767/2592
f 2483/2823/2648 2649/2992/2816 2597/2939/2764
f 2491/2831/2656 2715/3062/2885 2456/2796/2621
f 5157/3117/2937 2440/2780/2605 2766/3118/2938
f 2602/2944/2769 2779/3135/2955 2537/2877/2702
f 2535/2875/2700 2514/2854/2679 2685/3030/2854
f 2469/2809/2634 2475/2815/2640 2712/3059/2882
f 2730/3079/2902 2717/3065/2888 2595/2937/2762
f 2768/3120/2940 2576/2917/2742 2575/2916/2741
f 2633/2976/2800 2436/2776/2601 2573/2914/2739
f 2514/2854/2679 2443/2783/2608 2686/3031/2855
f 2769/3121/2941 2654/2997/2821 2447/2787/2612
f 2770/3122/2942 3735/4143/3921 2771/3123/2943
f 2668/3012/2836 5219/3011/2835 5230/3124/2944
f 2543/2883/2708 2584/2925/2750 2641/2984/2808
f 2657/3000/2824 3721/4118/3896 2737/3086/2909
f 2661/3004/2828 2645/2988/2812 2684/3029/2853
f 2572/2913/2738 2645/2988/2812 2772/3125/2945
f 2773/3126/2946 5320/4121/3899 5287/3127/2947
f 2434/2774/2599 2446/2786/2611 2458/2798/2623
f 2763/3114/2934 2444/2784/2609 2475/2815/2640
f 2499/2839/2664 2559/2899/2724 2560/2900/2725
f 2775/3129/2949 2450/2790/2615 2772/3125/2945
f 2776/3130/2950 2510/2850/2675 2655/2998/2822
f 2777/3131/2951 2624/2966/2790 2778/3132/2952
f 2665/3008/2832 2683/3028/2852 2542/2882/2707
f 2774/3128/2948 5287/3127/2947 5265/3134/2954
f 2513/2853/2678 2537/2877/2702 2779/3135/2955
f 2780/241/2956 5371/240/5663 5372/3136/2957
f 2781/3137/2958 3736/4145/3923 2782/3138/2959
f 2604/2946/2771 2472/2812/2637 2541/2881/2706
f 2784/3140/2961 2477/2817/2642 2785/3141/2962
f 2609/2951/2776 2608/2950/2775 2485/2825/2650
f 2653/2996/2820 2612/2954/2779 2613/2955/2780
f 2645/2988/2812 2661/3004/2828 2638/2981/2805
f 2637/2980/2804 2451/2791/2616 2452/2792/2617
f 2596/2938/2763 2635/2978/2802 2452/2792/2617
f 2787/3143/2964 2698/3044/2868 2626/2968/2792
f 2444/2784/2609 2763/3114/2934 2718/3066/2889
f 2462/2802/2627 2737/3086/2909 2716/3063/2886
f 2788/3144/2965 4979/5918/5664 2789/3145/2966
f 2791/3147/2968 3357/3720/3530 2792/3148/2969
f 2794/3150/2971 3352/3715/3525 2795/3151/2972
f 2797/3153/2974 3508/3874/3675 2798/3154/2975
f 2800/3156/2977 2865/3221/3042 2801/3157/2978
f 2803/3159/2980 3367/3730/3538 2804/3160/2981
f 2806/3162/2983 3080/3435/3252 2807/3163/2984
f 2809/3165/2986 3295/3658/3468 2810/3166/2987
f 2812/3168/2989 2830/3186/3006 2813/3169/2990
f 2815/3171/2992 5196/5919/5665 2816/3172/2993
f 2818/3174/2995 3274/3637/3448 2819/3175/2996
f 2821/3177/2998 3646/4029/3817 2822/3178/2999
f 2824/3180/3001 3140/3498/3313 2825/3181/3002
f 2827/3183/3004 6078/5920/5666 2828/3184/3005
f 2830/3186/3006 2812/3168/2989 2831/3187/3007
f 2833/3189/3009 3336/3699/3509 2834/3190/3010
f 2836/3192/3012 2903/3259/3080 2837/3193/3013
f 2839/3195/3015 3596/3970/3761 2840/3196/3016
f 5286/3198/3018 5284/3834/3637 2842/3199/3019
f 2844/3200/3021 4981/5921/5667 2845/3201/3022
f 2847/3203/3024 2918/3274/3095 2848/3204/3025
f 2850/3206/3027 3227/3590/3402 2851/3207/3028
f 2853/3209/3030 3586/3960/3752 2854/3210/3031
f 2856/3212/3033 5478/4067/3851 2857/3213/3034
f 2859/3215/3036 2797/3153/2974 2799/3155/2976
f 2861/3217/3038 2884/3240/3061 2862/3218/3039
f 2864/3220/3041 5429/5922/5668 2865/3221/3042
f 2866/3222/3043 3555/3922/3718 2867/3223/3044
f 2869/3225/3046 3263/3626/3437 2870/3226/3047
f 2872/3228/3049 2885/3241/3062 2873/3229/3050
f 2875/3231/3052 2925/3281/3102 2876/3232/3053
f 2878/3234/3055 4897/5807/3415 2879/3235/3056
f 2881/3237/3058 2824/3180/3001 2826/3182/3003
f 2861/3217/3038 3041/3395/3214 2883/3239/3060
f 2885/3241/3062 2912/3268/3089 2886/3242/3063
f 2888/3244/3065 3684/4070/3854 2889/3245/3066
f 2891/3247/3068 3011/3364/3184 2892/3248/3069
f 2894/3250/3071 3452/3819/3623 2895/3251/3072
f 2897/3253/3074 3556/3923/3719 2898/3254/3075
f 3181/3541/3355 2901/3257/3078 2900/3256/3077
f 2901/3257/3078 3641/4022/3810 2902/3258/3079
f 2903/3259/3080 2836/3192/3012 2904/3260/3081
f 2906/3262/3083 3602/3976/3766 2907/3263/3084
f 2909/3265/3086 3097/3452/3268 2910/3266/3087
f 2872/3228/3049 3428/3794/3600 2912/3268/3089
f 2913/3269/3090 4982/5923/5669 2914/3270/3091
f 2916/3272/3093 5254/5924/5670 2917/3273/3094
f 2919/3275/3096 3351/3714/3524 2920/3276/3097
f 2922/3278/3099 2924/3280/3101 2875/3231/3052
f 2924/3280/3101 2926/3282/3103 2925/3281/3102
f 2926/3282/3103 3614/3990/3779 2927/3283/3104
f 2929/3285/3106 5278/4002/3791 2930/3286/3107
f 2921/3277/3098 2920/3276/3097 2932/3288/3109
f 2934/3290/3111 4983/5925/5671 2935/3291/3112
f 2882/3238/3059 2826/3182/3003 2937/3293/3114
f 2939/3295/3116 3353/3716/3526 2940/3296/3117
f 2806/3162/2983 3000/3353/3173 2835/3191/3011
f 2942/3298/3119 3219/3582/3394 2943/3299/3120
f 2945/3301/3122 2820/3176/2997 2946/3302/3123
f 2893/3249/3070 3622/3999/3788 2948/3304/3125
f 2949/3305/3126 2900/3256/3077 2950/3306/3127
f 2952/3308/3129 3516/3882/3683 2953/3309/3130
f 2955/3311/3132 3460/3828/3631 2956/3312/3133
f 2958/3314/3135 3424/3790/3597 2959/3315/3136
f 2961/3317/3138 3153/3511/3325 2962/3318/3139
f 2964/3320/3141 3152/3510/3324 2965/3321/3142
f 2967/3323/3144 2886/3242/3063 2912/3268/3089
f 2881/3237/3058 3545/3911/3708 2969/3325/3146
f 2971/3327/3148 3389/3752/3558 2972/3328/3149
f 2974/3330/3151 3590/3964/3755 2975/3331/3152
f 2977/3333/3154 5487/4037/3825 2978/3334/3155
f 2980/3336/3157 3360/3723/3533 2981/3337/3158
f 2983/3339/3160 2950/3306/3127 2900/3256/3077
f 2984/3340/3161 3236/3599/3410 2954/3310/3131
f 2985/3341/3162 3484/3853/3654 2986/3342/3163
f 2988/3344/3164 3067/3423/3241 2989/3345/3165
f 2991/3347/3167 3627/4005/3794 2992/3348/3168
f 5053/5926/5672 3663/4047/3834 5052/3645/3457
f 2997/3350/3170 3280/3642/3454 2998/3351/3171
f 2976/3332/3153 2835/3191/3011 3000/3353/3173
f 3001/3354/3174 2788/3144/2965 2790/3146/2967
f 3002/3355/3175 3706/4099/3878 3003/3356/3176
f 3005/3358/3178 3293/3656/3466 3006/3359/3179
f 2905/3261/3082 3473/3842/3644 2803/3159/2980
f 3008/3361/3181 2933/3289/3110 3009/3362/3182
f 2940/3296/3117 2938/3294/3115 2874/3230/3051
f 3011/3364/3184 3631/4010/3799 3012/3365/3185
f 3013/3366/3186 3107/3463/3279 3014/3367/3187
f 3016/3369/3189 2924/3280/3101 2922/3278/3099
f 2922/3278/3099 2923/3279/3100 3018/3371/3191
f 3020/3373/3193 3700/4090/3871 3021/3374/3194
f 2903/3259/3080 2803/3159/2980 2805/3161/2982
f 2948/3304/3125 3623/4000/3789 3023/3376/3196
f 3025/3378/3198 3424/3790/3597 3026/3379/3199
f 5387/3381/3200 5389/3457/3273 3028/3382/3201
f 3030/3384/3203 3436/3802/3608 3031/3385/3204
f 2815/3171/2992 2817/3173/2994 3033/3387/3206
f 3035/3389/3208 3090/3445/3261 3036/3390/3209
f 3038/3392/3211 2878/3234/3055 2880/3236/3057
f 3040/3394/3213 3507/3873/3674 3041/3395/3214
f 3042/3396/3215 3202/3563/3375 3043/3397/3216
f 3045/3399/3217 2831/3187/3007 2812/3168/2989
f 2941/3297/3118 2940/3296/3117 2873/3229/3050
f 3048/3402/3220 2956/3312/3133 3049/3403/3221
f 3051/3405/3223 3365/3728/3536 3052/3406/3224
f 3054/3408/3226 3558/3925/3721 3055/3409/3227
f 3057/3411/3229 3482/3851/3653 3058/3412/3230
f 2845/3201/3022 4984/5927/5673 3060/3414/3232
f 3059/3413/3231 3114/3470/3286 3062/3416/3234
f 3063/3417/3235 3212/3573/3385 3064/3418/3236
f 3067/3423/3241 3278/3640/3452 3068/237/191
f 3069/3424/3242 2985/3341/3162 2987/3343/3040
f 3071/3426/3244 3433/5928/5674 3072/3427/3245
f 3074/3429/3247 3273/3636/3447 3075/3430/3208
f 3077/3432/3249 5273/4101/3879 3078/3433/3250
f 3080/3435/3252 3480/3849/3651 3081/3436/3253
f 3082/3437/3201 3608/3983/3274 2860/3216/3037
f 3083/3438/3254 3177/3537/3351 3084/3439/3255
f 3086/3441/3257 3091/3446/3262 3087/3442/3258
f 3089/3444/3260 5387/3381/3200 3029/3383/3202
f 3091/3446/3262 3640/4021/3809 3092/3447/3263
f 2941/3297/3118 3576/3948/3741 3093/3448/3264
f 3094/3449/3265 3441/3807/3613 3095/3450/3266
f 3097/3452/3268 2909/3265/3086 3098/3453/3269
f 3100/3455/3271 3358/3721/3531 2791/3147/2968
f 5389/3457/3273 5390/4094/3875 3102/3458/3274
f 3103/3459/3275 3618/3994/3783 3104/3460/3276
f 3106/3462/3278 3014/3367/3187 3107/3463/3279
f 2838/3194/3014 3643/4024/3812 3109/3465/3281
f 3111/3467/5675 4985/5929/5676 6091/5930/5677
f 3114/3470/3286 3472/3841/3643 3115/3471/3287
f 3116/3472/3288 3019/3372/3192 3117/3473/3289
f 3119/3475/3291 3552/3918/3714 3120/3476/3292
f 2799/3155/2976 2798/3154/2975 3122/3478/3202
f 3123/3479/3294 4986/5931/5678 3124/3480/3295
f 5377/3482/3297 3138/3496/3311 3126/3483/3298
f 2958/3314/3135 3181/3541/3355 3127/3485/3300
f 3129/3487/3302 3582/3955/3747 2950/3306/3127
f 3130/3488/3303 2988/3344/3164 2990/3346/3166
f 3132/3490/3305 2961/3317/3138 2963/3319/3140
f 3134/3492/3307 3216/3577/3389 3135/3493/3308
f 3137/3495/3310 4987/5932/3292 3138/3496/3311
f 2863/3219/3040 3679/4064/3163 3040/3394/3213
f 3139/3497/3312 2825/3181/3002 3140/3498/3313
f 3142/3500/3315 3289/3652/3463 2946/3302/3123
f 2992/3348/3168 3131/3489/3304 3144/3502/3317
f 3146/3504/3207 4988/5933/3206 3147/3505/3319
f 3149/3507/3321 2864/3220/3041 2800/3156/2977
f 3151/3509/3323 3505/3871/3672 3152/3510/3324
f 3153/3511/3325 2961/3317/3138 5472/3512/3326
f 3155/3514/3328 3544/3910/3707 3156/3515/3329
f 3158/3517/3331 3682/4068/3852 3159/3518/3332
f 3161/3520/3334 3119/3475/3291 3162/3521/3335
f 3164/3523/3337 2934/3290/3111 2936/3292/3113
f 3166/3525/3339 3311/3674/3484 3167/3526/3340
f 3169/3528/3342 3144/3502/3317 3131/3489/3304
f 2837/3193/3013 2805/3161/2982 3069/3424/3242
f 3171/3530/3344 3338/3701/3511 3172/3531/3345
f 3174/3533/3347 4989/5934/5679 3175/3534/3348
f 3162/3521/3335 3119/3475/3291 3121/3477/3293
f 3177/3537/3351 3396/3759/3565 3178/3538/3352
f 2790/3146/2967 2789/3145/2966 3179/3539/3353
f 2960/3316/3137 2901/3257/3078 3181/3541/3355
f 3019/3372/3192 3116/3472/3288 3017/3370/3190
f 3182/3542/3356 3607/3982/3772 3183/3543/3357
f 3185/3545/3359 3089/3444/3260 3090/3445/3261
f 2967/3323/3144 3558/3925/3721 3186/3546/3356
f 3188/3548/3360 3146/3504/3207 3148/3506/3320
f 3190/3550/3362 3239/3602/3413 3191/3551/3363
f 3193/3553/3365 5065/3959/3751 3194/3554/3366
f 5459/3556/3368 5469/3580/3392 3196/3557/3369
f 3165/3524/3338 3611/3987/3776 3198/3559/3371
f 3199/3560/3372 3528/3894/3694 3200/3561/3373
f 3202/3563/3375 3042/3396/3215 3203/3564/3376
f 2855/3211/3032 5056/3772/3579 3204/3565/3377
f 3205/3566/3378 4990/5935/3022 3043/3397/3216
f 3207/3568/3380 4991/5936/5680 3208/3569/3381
f 2957/3313/3134 2956/3312/3133 3048/3402/3220
f 3107/3463/3279 3013/3366/3186 3210/3571/3383
f 3212/3573/3385 3417/3783/3590 3167/3526/3340
f 3213/3574/3386 3101/3456/3272 3214/3575/3387
f 3216/3577/3389 3304/3667/3477 3217/3578/3390
f 2789/3145/2966 4979/5918/5664 5468/5937/5681
f 3218/3581/3393 2943/3299/3120 3219/3582/3394
f 3008/3361/3181 3056/3410/3228 3221/3584/3396
f 3223/3586/3398 3328/3691/3501 2928/3284/3105
f 3224/3587/3399 3560/3927/3723 3225/3588/3400
f 3227/3590/3402 3074/3429/3247 3076/3431/3248
f 2901/3257/3078 2960/3316/3137 3229/3592/3404
f 3231/3594/3406 3258/3621/3432 3232/3595/3407
f 2933/3289/3110 2932/3288/3109 3234/3597/3319
f 3235/3598/3409 2954/3310/3131 3236/3599/3410
f 2851/3207/3028 3432/3798/3604 3133/3491/3306
f 3238/3601/3412 3678/4063/3591 3239/3602/3413
f 3240/3603/3414 6111/3921/3717 2999/3352/3172
f 3241/3604/3415 3470/3839/3294 3242/3605/3416
f 3244/3607/3418 2937/3293/3114 2826/3182/3003
f 3168/3527/3341 3208/3569/3381 3245/3608/3419
f 3246/3609/3420 3359/3722/3532 2980/3336/3157
f 3248/3611/3422 3691/4079/3863 3249/3612/3423
f 2817/3173/2994 2816/3172/2993 3251/3614/3425
f 3010/3363/3183 3009/3362/3182 3253/3616/3427
f 3136/3494/3309 3135/3493/3308 2905/3261/3082
f 3255/3618/3429 3446/3812/3616 3256/3619/3430
f 3258/3621/3432 3498/3867/3668 3259/3622/3433
f 3260/3623/3434 3320/3683/3493 3261/3624/3435
f 2858/3214/3035 2870/3226/3047 3263/3626/3437
f 3264/3627/3438 3529/3895/3695 3265/3628/3439
f 3267/3630/3441 3161/3520/3334 3163/3522/3336
f 3269/3632/3443 3330/3693/3503 3270/3633/3444
f 2943/3299/3120 3218/3581/3393 3272/3635/3446
f 3274/3637/3448 3366/3729/3537 3275/3638/3449
f 3276/3639/3450 3303/3666/3476 3216/3577/3389
f 3277/238/3451 3068/237/191 3278/3640/3452
f 3242/3605/3416 3469/3838/3641 3280/3642/3454
f 3281/3643/3455 3149/3507/3321 3150/3508/3322
f 5052/3645/3457 3301/3664/3474 3283/3646/3458
f 3035/3389/3208 4992/5938/5682 3285/3648/3446
f 3286/3649/3460 3657/4041/3829 3287/3650/3461
f 3289/3652/3463 3652/4034/3822 3290/3653/3464
f 2860/3216/3037 3267/3630/3441 3268/3631/3442
f 2972/3328/3149 3388/3751/2984 3292/3655/3253
f 2809/3165/2986 3670/4054/3841 3294/3657/3467
f 3296/3659/3469 3600/3974/3764 3297/3660/3470
f 3104/3460/3276 3296/3659/3469 3299/3662/3472
f 3301/3664/3474 3200/3561/3373 3302/3665/3475
f 3303/3666/3476 3458/3826/3629 3304/3667/3477
f 3251/3614/3425 3680/4065/3850 3287/3650/3461
f 5313/5939/5683 4993/5940/5683 5352/5941/5683
f 3308/3671/3481 3358/3721/3531 3309/3672/3482
f 3064/3418/3236 3167/3526/3340 3311/3674/3484
f 2833/3189/3009 3601/3975/3765 3313/3676/3486
f 3315/3678/3488 3692/4081/3865 3219/3582/3394
f 3316/3679/3489 3351/3714/3524 2919/3275/3096
f 3318/3681/3491 3531/3897/3697 3319/3682/3492
f 3321/3684/3494 3367/3730/3538 3322/3685/3495
f 3323/3686/3496 3442/3808/3614 3173/3532/3346
f 3324/3687/3497 3539/3905/3702 3325/3688/3498
f 3327/3690/3500 3406/3769/3576 2928/3284/3105
f 3269/3632/3443 3612/3988/3777 3329/3692/3502
f 3331/3694/3504 3587/3961/3753 3121/3477/3293
f 3332/3695/3505 3525/3891/3691 3006/3359/3179
f 2793/3149/2970 2792/3148/2969 3334/3697/3507
f 2985/3341/3162 3069/3424/3242 2805/3161/2982
f 3336/3699/3509 2833/3189/3009 3314/3677/3487
f 2877/3233/3054 3428/3794/3600 2923/3279/3100
f 3338/3701/3511 3687/4074/3858 3339/3702/3512
f 2965/3321/3142 3152/3510/3324 3340/3703/3513
f 2935/3291/3112 4983/5925/5671 3342/3705/3515
f 3343/3706/3516 3134/3492/3307 3136/3494/3309
f 3079/3434/3251 3465/3833/3636 3344/3707/3517
f 2953/3309/3130 3247/3610/3421 3345/3708/3518
f 3346/3709/3519 3118/3474/3290 3347/3710/3520
f 3330/3693/3503 3329/3692/3502 3349/3712/3522
f 3145/3503/3318 3664/4048/3835 2993/3349/3169
f 3056/3410/3228 3008/3361/3181 3010/3363/3183
f 3080/3435/3252 2806/3162/2983 2834/3190/3010
f 2949/3305/3126 3127/3485/3300 3181/3541/3355
f 3351/3714/3524 3231/3594/3406 3233/3596/3408
f 2789/3145/2966 2795/3151/2972 3352/3715/3525
f 2938/3294/3115 2940/3296/3117 3353/3716/3526
f 3354/3717/3527 3503/3869/3670 3142/3500/3315
f 2819/3175/2996 3275/3638/3449 3356/3719/3529
f 3357/3720/3530 2791/3147/2968 3358/3721/3531
f 3359/3722/3532 3099/3454/3270 3360/3723/3533
f 3361/3724/3075 3137/3495/5684 2801/3157/2978
f 2865/3221/3042 5429/5922/5668 3362/3725/3076
f 3213/3574/3386 3386/3749/3556 3363/3726/3534
f 3365/3728/3536 3275/3638/3449 3366/3729/3537
f 3298/3661/3471 3382/3745/3552 3299/3662/3472
f 3061/3415/3233 3683/4069/3853 2846/3202/3023
f 3367/3730/3538 3321/3684/3494 3368/3731/3539
f 3100/3455/3271 3364/3727/3535 3369/3732/3540
f 3306/3669/3479 3704/4096/3876 3371/3734/3542
f 3372/3735/3543 3598/3972/3763 3373/3736/3544
f 3375/3738/3546 3025/3378/3198 3027/3380/2988
f 2868/3224/3045 2867/3223/3044 3377/3740/3547
f 3379/3742/3549 3565/3935/3730 2832/3188/3008
f 2970/3326/3147 2904/3260/3081 2836/3192/3012
f 3381/3744/3551 3299/3662/3472 3382/3745/3552
f 2945/3301/3122 3665/4049/3836 3384/3747/3554
f 3304/3667/3477 3363/3726/3534 3386/3749/3556
f 3387/3750/3557 3660/4044/3831 2887/3243/3064
f 3388/3751/2984 2972/3328/3149 3389/3752/3558
f 3293/3656/3466 3292/3655/3253 3333/3696/3506
f 3391/3754/3560 3231/3594/3406 3351/3714/3524
f 3392/3755/3561 3454/3821/3624 3393/3756/3562
f 3395/3758/3564 3326/3689/3499 3032/3386/3205
f 3396/3759/3565 3661/4045/3832 3397/3760/3566
f 3081/3436/3253 3480/3849/3651 3398/3761/3567
f 5442/3763/3568 3415/3781/3588 3400/3764/3569
f 3402/3766/3571 3425/3791/3598 3025/3378/3198
f 3011/3364/3184 2891/3247/3068 5385/3767/3572
f 3403/3768/3573 5062/3825/3628 3404/235/3574
f 3237/3600/3411 3151/3509/3323 2964/3320/3141
f 3222/3585/3397 3221/3584/3396 3406/3769/3576
f 3407/3770/3577 3224/3587/3399 3226/3589/3401
f 3284/3647/3459 3204/3565/3377 5056/3772/3579
f 3409/3773/3580 2841/3197/3017 2840/3196/3016
f 3411/3775/3582 5448/4019/3807 2839/3195/3015
f 3413/3777/3584 3710/4104/3882 6074/3778/3585
f 3414/3780/3587 3400/3764/3569 3415/3781/3588
f 3381/3744/3551 6110/4093/3874 3300/3663/3473
f 3417/3783/3590 3207/3568/3380 3168/3527/3341
f 2887/3243/3064 3047/3401/3219 2873/3229/3050
f 3247/3610/3421 2980/3336/3157 2982/3338/3159
f 3418/3784/3591 3032/3386/3205 3326/3689/3499
f 3419/3785/3592 3693/4082/3866 3420/3786/3593
f 3165/3524/3338 2936/3292/3113 3422/3788/3595
f 3215/3576/3388 3322/3685/3495 3386/3749/3556
f 3424/3790/3597 3025/3378/3198 3425/3791/3598
f 3426/3792/3599 3643/4024/3812 3170/3529/3343
f 3428/3794/3600 2877/3233/3054 2968/3324/3145
f 3429/3795/3601 2847/3203/3024 2849/3205/3026
f 3228/3591/3403 3536/3902/3700 3431/3797/3603
f 5479/3799/3605 5472/3512/3326 2961/3317/3138
f 3434/3800/3606 3201/3562/3374 3200/3561/3373
f 3432/3798/3604 3431/3797/3603 2955/3311/3132
f 3140/3498/3313 2824/3180/3001 3380/3743/3550
f 3435/3801/3607 4994/5942/5685 2862/3218/3039
f 3436/3802/3608 3030/3384/3203 3437/3803/3609
f 3393/3756/3562 3454/3821/3624 3439/3805/3611
f 3317/3680/3490 3095/3450/3266 3441/3807/3613
f 3092/3447/3263 3173/3532/3346 3442/3808/3614
f 3443/3809/3092 3572/3943/3736 3444/3810/3615
f 3446/3812/3616 3636/4015/3804 3447/3813/3617
f 3449/3815/3619 5489/5943/5686 5905/3816/3620
f 3288/3651/3462 3607/3982/3772 3182/3542/3356
f 3451/3818/3622 3190/3550/3362 3192/3552/3364
f 3453/3820/3206 3253/3616/3427 3009/3362/3182
f 3039/3393/3212 3439/3805/3611 3454/3821/3624
f 3455/3822/3625 3666/4050/3837 3456/3823/3626
f 5062/3825/3628 3403/3768/3573 3066/3420/3238
f 2792/3148/2969 3593/3967/3758 3229/3592/3404
f 3458/3826/3629 3651/4033/3821 3363/3726/3534
f 3459/3827/3630 3584/3957/3749 3442/3808/3614
f 3460/3828/3631 3534/3900/3699 3049/3403/3221
f 2886/3242/3063 2967/3323/3144 3187/3547/3358
f 3461/3829/3632 3607/3982/3772 3288/3651/3462
f 3463/3831/3634 3562/3929/3724 2939/3295/3116
f 3126/3483/3298 3703/4095/3713 3464/3832/3635
f 3160/3519/3333 3378/3741/3548 3377/3740/3547
f 2957/3313/3134 3132/3490/3305 3133/3491/3306
f 3431/3797/3603 3510/3876/3677 3460/3828/3631
f 3465/3833/3636 2842/3199/3019 5284/3834/3637
f 3466/3835/3638 3514/3880/3681 3467/3836/3639
f 3469/3838/3641 3242/3605/3416 3470/3839/3294
f 2871/3227/3048 3115/3471/3287 3472/3841/3643
f 3217/3578/3390 3386/3749/3556 3322/3685/3495
f 3474/3843/3645 3504/3870/3671 2989/3345/3165
f 2969/3325/3146 3136/3494/3309 2904/3260/3081
f 3015/3368/3188 3014/3367/3187 3061/3415/3233
f 3475/3844/3646 6097/4107/3885 3476/3845/3647
f 3457/3824/3627 3456/3823/3626 3478/3847/3649
f 3480/3849/3651 3080/3435/3252 3350/3713/3523
f 3482/3851/3653 4872/5944/2971 3483/3852/2973
f 2804/3160/2981 3368/3731/3539 3484/3853/3654
f 3485/3854/3655 2878/3234/3055 3038/3392/3211
f 3487/3856/3657 6108/5945/5687 3004/3357/3177
f 3488/3857/3658 3238/3601/3412 3190/3550/3362
f 3134/3492/3307 3343/3706/3516 3489/3858/3659
f 3490/3859/3660 6107/4077/3861 3491/3860/3661
f 3338/3701/3511 3171/3530/3344 3493/3862/3663
f 2823/3179/3000 5290/5946/3814 3495/3864/3665
f 2890/3246/3067 2790/3146/2967 3180/3540/3354
f 3355/3718/3528 3142/3500/3315 3143/3501/3316
f 3496/3865/3666 3539/3905/3702 3324/3687/3497
f 3096/3451/3267 3095/3450/3266 3223/3586/3398
f 3350/3713/3523 2834/3190/3010 3336/3699/3509
f 3206/3567/3379 3043/3397/3216 3202/3563/3375
f 3502/3868/3669 2966/3322/3143 3503/3869/3670
f 2925/3281/3102 3406/3769/3576 3221/3584/3396
f 2990/3346/3166 2989/3345/3165 3504/3870/3671
f 3376/3739/2987 2986/3342/3163 3484/3853/3654
f 3340/3703/3513 3152/3510/3324 3505/3871/3672
f 3154/3513/3327 3411/3775/3582 3412/3776/3583
f 3295/3658/3468 3294/3657/3467 3507/3873/3674
f 3508/3874/3675 2797/3153/2974 3509/3875/3676
f 3091/3446/3262 3086/3441/3257 3511/3877/3678
f 3440/3806/3612 3439/3805/3611 3297/3660/3470
f 2895/3251/3072 3626/4004/3793 3513/3879/3680
f 3515/3881/3682 3546/3912/3709 3246/3609/3420
f 3313/3676/3486 3626/4004/3793 3192/3552/3364
f 3086/3441/3257 3544/3910/3707 3517/3883/3684
f 3518/3884/3685 3324/3687/3497 3326/3689/3499
f 3519/3885/3686 3211/3572/3384 3183/3543/3357
f 3085/3440/3256 3696/4085/3320 3521/3887/3688
f 3117/3473/3289 3524/3890/3690 2937/3293/3114
f 3244/3607/3418 3347/3710/3520 3118/3474/3290
f 3522/3888/3446 3677/4062/3849 3319/3682/3492
f 3101/3456/3272 2791/3147/2968 2793/3149/2970
f 3524/3890/3690 3117/3473/3289 3019/3372/3192
f 3293/3656/3466 3005/3358/3178 2973/3329/3150
f 3525/3891/3691 3573/3944/3737 3526/3892/3692
f 3528/3894/3694 3199/3560/3372 3529/3895/3695
f 3215/3576/3388 3214/3575/3387 3530/3896/3696
f 3480/3849/3651 3481/3850/3652 3391/3754/3560
f 2981/3337/3158 3360/3723/3533 3407/3770/3577
f 3141/3499/3314 3140/3498/3313 3110/3466/3282
f 3273/3636/3447 3074/3429/3247 2944/3300/3121
f 3523/3889/3689 3319/3682/3492 3531/3897/3697
f 3509/3875/3676 3543/3909/3706 3533/3899/3698
f 3191/3551/3363 3661/4045/3832 3314/3677/3487
f 3222/3585/3397 2921/3277/3098 2933/3289/3110
f 3039/3393/3212 2880/3236/3057 3382/3745/3552
f 3535/3901/3209 2798/3154/2975 3508/3874/3675
f 3402/3766/3571 3368/3731/3539 3321/3684/3494
f 2910/3266/3087 3379/3742/3549 2831/3187/3007
f 3537/3903/3701 3116/3472/3288 3118/3474/3290
f 3538/3904/3255 3588/3962/3352 3539/3905/3702
f 3540/3906/3703 4996/5947/3824 3541/3907/3704
f 2797/3153/2974 2859/3215/3036 3543/3909/3706
f 3544/3910/3707 3086/3441/3257 3088/3443/3259
f 3545/3911/3708 2881/3237/3058 2882/3238/3059
f 3407/3770/3577 3360/3723/3533 3099/3454/3270
f 3473/3842/3644 3322/3685/3495 3367/3730/3538
f 3357/3720/3530 3308/3671/3481 3494/3863/3664
f 3074/3429/3247 3227/3590/3402 2850/3206/3027
f 3546/3912/3709 3698/4087/3869 3359/3722/3532
f 3547/3913/3710 3634/4013/3802 3045/3399/3217
f 3365/3728/3536 3051/3405/3223 3548/3914/3711
f 2921/3277/3098 3222/3585/3397 3327/3690/3500
f 3161/3520/3334 3267/3630/3441 3550/3916/3713
f 3383/3746/3553 3382/3745/3552 2880/3236/3057
f 3552/3918/3714 3119/3475/3291 3161/3520/3334
f 3110/3466/3282 3380/3743/3550 2836/3192/3012
f 3553/3919/3715 3016/3369/3189 3017/3370/3190
f 3316/3679/3489 3441/3807/3613 3398/3761/3567
f 6111/3921/3717 3240/3603/3414 3555/3922/3718
f 3556/3923/3719 3568/3939/3734 3557/3924/3720
f 3558/3925/3721 2967/3323/3144 2968/3324/3145
f 3559/3926/3722 3637/4016/3805 3255/3618/3429
f 3139/3497/3312 3667/4051/3838 3348/3711/3521
f 3090/3445/3261 3029/3383/3202 3561/3928/2975
f 3018/3371/3191 2923/3279/3100 3428/3794/3600
f 3562/3929/3724 3545/3911/3708 3353/3716/3526
f 3298/3661/3471 3297/3660/3470 3439/3805/3611
f 3172/3531/3345 3339/3702/3512 3563/3930/3725
f 5417/3931/3726 3571/3942/3735 3564/3932/3727
f 3256/3619/3430 3446/3812/3616 3448/3814/3618
f 3565/3935/3730 3630/4008/3797 3548/3914/3711
f 3566/3936/3731 3587/3961/3753 3331/3694/3504
f 3568/3939/3734 3648/4031/3819 3569/3940/3732
f 3571/3942/3735 5417/3931/3726 3444/3810/3615
f 3271/3634/3445 3526/3892/3692 3573/3944/3737
f 3463/3831/3634 3489/3858/3659 3343/3706/3516
f 6093/3945/3738 6079/5948/5688 3574/3946/3739
f 3170/3529/3343 3069/3424/3242 3070/3425/3243
f 3576/3948/3741 2941/3297/3118 3047/3401/3219
f 3473/3842/3644 2905/3261/3082 3135/3493/3308
f 2963/3319/3140 2962/3318/3139 2852/3208/3029
f 2908/3264/3085 2907/3263/3084 3578/3950/3743
f 3579/3952/3745 5343/5790/5562 3438/3804/3610
f 3580/3953/3746 3000/3353/3173 2806/3162/2983
f 3125/3481/3296 5485/5949/5689 3581/3954/3642
f 3341/3704/3514 3340/3703/3513 3582/3955/3747
f 3583/3956/3748 3647/4030/3818 3556/3923/3719
f 3584/3957/3749 3088/3443/3259 3087/3442/3258
f 2944/3300/3121 2850/3206/3027 3157/3516/3330
f 3585/3958/3750 3494/3863/3664 3308/3671/3481
f 2859/3215/3036 3268/3631/3442 3103/3459/3275
f 5065/3959/3751 2854/3210/3031 3586/3960/3752
f 3176/3536/3350 3121/3477/3293 3587/3961/3753
f 2820/3176/2997 2945/3301/3122 3385/3748/3555
f 3325/3688/3498 3539/3905/3702 3588/3962/3352
f 2960/3316/3137 2959/3315/3136 3334/3697/3507
f 3132/3490/3305 2957/3313/3134 3209/3570/3382
f 3590/3964/3755 2974/3330/3151 3591/3965/3756
f 3230/3593/3405 3229/3592/3404 3593/3967/3758
f 2952/3308/3129 3502/3868/3669 3354/3717/3527
f 3596/3970/3761 3665/4049/3836 3597/3971/3762
f 3372/3735/3543 3579/3952/3745 3437/3803/3609
f 3558/3925/3721 3054/3408/3226 3599/3973/3460
f 3143/3501/3316 2946/3302/3123 2820/3176/2997
f 5289/33/5690 5286/3198/3018 2843/34/3020
f 3600/3974/3764 3618/3994/3783 3163/3522/3336
f 3575/3947/3740 3574/3946/3739 3533/3899/3698
f 3259/3622/3433 3337/3700/3510 3396/3759/3565
f 3601/3975/3765 2833/3189/3009 2835/3191/3011
f 3391/3754/3560 3481/3850/3652 3258/3621/3432
f 3602/3976/3766 2906/3262/3083 3603/3977/3767
f 3605/3979/3769 3609/3984/3773 5263/3980/3770
f 3441/3807/3613 3094/3449/3265 3399/3762/3506
f 3520/3886/3687 3183/3543/3357 3607/3982/3772
f 3267/3630/3441 2860/3216/3037 3608/3983/3274
f 3609/3984/3773 3711/4105/3883 5257/3985/3774
f 3610/3986/3775 3650/239/5691 3277/238/3451
f 3612/3988/3777 3269/3632/3443 3573/3944/3737
f 3543/3909/3706 3103/3459/3275 3105/3461/3277
f 3330/3693/3503 3193/3553/3365 3195/3555/3367
f 3614/3990/3779 2926/3282/3103 2924/3280/3101
f 3615/3991/3780 3708/4102/3880 5270/3992/3781
f 3618/3994/3783 3103/3459/3275 3268/3631/3442
f 3323/3686/3496 3563/3930/3725 3619/3995/3784
f 3521/3887/3688 2932/3288/3109 2920/3276/3097
f 3613/3989/3778 3573/3944/3737 3525/3891/3691
f 3620/3996/3785 3692/4081/3865 3459/3827/3630
f 2919/3275/3096 3327/3690/3500 3328/3691/3501
f 3232/3595/3407 3259/3622/3433 3177/3537/3351
f 3406/3769/3576 2925/3281/3102 2926/3282/3103
f 3621/3997/3786 3414/3780/3587 3416/3782/3589
f 2942/3298/3119 3157/3516/3330 3156/3515/3329
f 3622/3999/3788 3697/4086/3868 3623/4000/3789
f 3624/4001/3790 3614/3990/3779 3016/3369/3189
f 3233/3596/3408 3232/3595/3407 3083/3438/3254
f 3611/3987/3776 3165/3524/3338 3423/3789/3596
f 5278/4002/3791 5282/4028/3816 3625/4003/3792
f 3597/3971/3762 3653/4035/3823 3410/3774/3581
f 3452/3819/3623 3192/3552/3364 3626/4004/3793
f 2974/3330/3151 3000/3353/3173 3580/3953/3746
f 3627/4005/3794 3130/3488/3303 3131/3489/3304
f 3088/3443/3259 3584/3957/3749 3315/3678/3488
f 3628/4006/3795 2927/3283/3104 3614/3990/3779
f 3375/3738/3546 3484/3853/3654 3368/3731/3539
f 3515/3881/3682 3595/3969/3760 3629/4007/3796
f 3401/3765/3570 3686/4072/3856 5449/4009/3798
f 3481/3850/3652 3350/3713/3523 3498/3867/3668
f 2824/3180/3001 2881/3237/3058 2970/3326/3147
f 3498/3867/3668 3336/3699/3509 3337/3700/3510
f 3185/3545/3359 3285/3648/3446 3631/4010/3799
f 3109/3465/3281 3642/4023/3811 3632/4011/3800
f 3633/4012/3801 3447/3813/3617 3634/4013/3802
f 3065/3419/3237 3064/3418/3236 3312/3675/3485
f 2909/3265/3086 2911/3267/3088 3636/4015/3804
f 3634/4013/3802 2911/3267/3088 2910/3266/3087
f 3214/3575/3387 2793/3149/2970 3335/3698/3508
f 3051/3405/3223 2830/3186/3006 2832/3188/3008
f 3568/3939/3734 3570/3941/3504 3638/4017/3292
f 2902/3258/3079 3655/4039/3827 3639/4018/3806
f 3596/3970/3761 2839/3195/3015 5448/4019/3807
f 3640/4021/3809 3091/3446/3262 3512/3878/3679
f 3642/4023/3811 3109/3465/3281 3643/4024/3812
f 2938/3294/3115 2937/3293/3114 3524/3890/3690
f 3046/3400/3218 3111/3467/3283 3113/3469/3285
f 6119/5950/5692 3688/4075/3859 3243/3606/5693
f 3644/4025/3813 4857/5951/3665 3645/4026/3814
f 3188/3548/3360 3496/3865/3666 3421/3787/3594
f 2966/3322/3143 3502/3868/3669 3235/3598/3409
f 5282/4028/3816 2822/3178/2999 3646/4029/3817
f 3568/3939/3734 3556/3923/3719 3647/4030/3818
f 3649/4032/3820 3435/3801/3607 2884/3240/3061
f 3289/3652/3463 3291/3654/3465 2947/3303/3124
f 3364/3727/3535 3363/3726/3534 3651/4033/3821
f 3289/3652/3463 3142/3500/3315 3503/3869/3670
f 2947/3303/3124 3291/3654/3465 3653/4035/3823
f 2877/3233/3054 2876/3232/3053 3055/3409/3227
f 3654/4036/3824 5584/5952/3703 5487/4037/3825
f 3593/3967/3758 3493/3862/3663 3171/3530/3344
f 3073/3428/3246 3669/4053/3840 5461/4038/3826
f 3566/3936/3731 3393/3756/3562 3440/3806/3612
f 3653/4035/3823 3656/4040/3828 3639/4018/3806
f 3247/3610/3421 2953/3309/3130 3516/3882/3683
f 3641/4022/3810 3512/3878/3679 3655/4039/3827
f 3024/3377/3197 5385/3767/3572 2891/3247/3068
f 3291/3654/3465 3290/3653/3464 3656/4040/3828
f 3211/3572/3384 3210/3571/3383 3184/3544/3358
f 3328/3691/3501 3223/3586/3398 3095/3450/3266
f 3252/3615/3426 3287/3650/3461 3657/4041/3829
f 3659/4043/3830 3030/3384/3203 3032/3386/3205
f 3577/3949/3742 3047/3401/3219 2887/3243/3064
f 3337/3700/3510 3314/3677/3487 3661/4045/3832
f 2918/3274/3095 2917/3273/3094 3662/4046/3833
f 3301/3664/3474 5052/3645/3457 3663/4047/3834
f 3664/4048/3835 3701/4091/3872 3020/3373/3193
f 3582/3955/3747 3681/4066/3250 2951/3307/3128
f 3630/4008/3797 3629/4007/3796 3549/3915/3712
f 3598/3972/3763 3437/3803/3609 3030/3384/3203
f 3356/3719/3529 3549/3915/3712 3629/4007/3796
f 3626/4004/3793 3313/3676/3486 3601/3975/3765
f 5443/4020/3808 3384/3747/3554 3665/4049/3836
f 3492/3861/3662 3491/3860/3661 3666/4050/3837
f 3141/3499/3314 3632/4011/3800 3667/4051/3838
f 3497/3866/3667 3223/3586/3398 2927/3283/3104
f 3595/3969/3760 3515/3881/3682 3516/3882/3683
f 3668/4052/3839 3412/3776/3583 2841/3197/3017
f 3412/3776/3583 2839/3195/3015 2841/3197/3017
f 3239/3602/3413 3397/3760/3566 3661/4045/3832
f 3446/3812/3616 3255/3618/3429 3637/4016/3805
f 5450/3998/3787 5461/4038/3826 3669/4053/3840
f 2917/3273/3094 5254/5924/5670 3670/4054/3841
f 3514/3880/3681 3513/3879/3680 2975/3331/3152
f 2954/3310/3131 3235/3598/3409 3502/3868/3669
f 2914/3270/3091 4982/5923/5669 6081/4055/3842
f 3282/3644/3456 3150/3508/3322 5388/4057/3844
f 3674/4059/3846 3264/3627/3438 3266/3629/3440
f 3264/3627/3438 3674/4059/3846 3676/4061/3848
f 3150/3508/3322 2800/3156/2977 2802/3158/2979
f 3320/3683/3493 3319/3682/3492 3677/4062/3849
f 3618/3994/3783 3600/3974/3764 3296/3659/3469
f 2841/3197/3017 3409/3773/3580 3511/3877/3678
f 3513/3879/3680 3601/3975/3765 2976/3332/3153
f 3189/3549/3361 3538/3904/3255 3496/3865/3666
f 3155/3514/3328 2852/3208/3029 2962/3318/3139
f 3370/3733/3541 3309/3672/3482 3358/3721/3531
f 3678/4063/3591 4997/5953/5694 3397/3760/3566
f 3203/3564/3376 3422/3788/3595 2936/3292/3113
f 2810/3166/2987 3295/3658/3468 3040/3394/3213
f 3462/3830/3633 3288/3651/3462 3287/3650/3461
f 3681/4066/3250 3582/3955/3747 3340/3703/3513
f 3211/3572/3384 3519/3885/3686 3108/3464/3280
f 2993/3349/3169 3020/3373/3193 3022/3375/3195
f 5478/4067/3851 3159/3518/3332 3682/4068/3852
f 3683/4069/3853 3061/3415/3233 3014/3367/3187
f 3006/3359/3179 3525/3891/3691 3527/3893/3693
f 2827/3183/3004 2889/3245/3066 3684/4070/3854
f 3170/3529/3343 3643/4024/3812 2838/3194/3014
f 3686/4072/3856 4998/5954/5695 5460/4073/3857
f 3574/3946/3739 3049/3403/3221 3534/3900/3699
f 3630/4008/3797 3565/3935/3730 3546/3912/3709
f 3687/4074/3858 3338/3701/3511 3494/3863/3664
f 3173/3532/3346 3092/3447/3263 3594/3968/3759
f 3688/4075/3859 6119/5950/5692 6117/3535/3349
f 2874/3230/3051 3524/3890/3690 3018/3371/3191
f 3544/3910/3707 3155/3514/3328 3668/4052/3839
f 3562/3929/3724 3343/3706/3516 2969/3325/3146
f 3689/4076/3860 3709/4103/3881 6107/4077/3861
f 3320/3683/3493 3260/3623/3434 3690/4078/3862
f 3560/3927/3723 3255/3618/3429 3257/3620/3431
f 3691/4079/3863 3590/3964/3755 3592/3966/3757
f 3410/3774/3581 3639/4018/3806 3655/4039/3827
f 6096/4080/3864 3633/4012/3801 3547/3913/3710
f 2966/3322/3143 2965/3321/3142 3652/4034/3822
f 3692/4081/3865 3315/3678/3488 3584/3957/3749
f 2817/3173/2994 3252/3615/3426 3658/4042/3427
f 3693/4082/3866 5197/5955/5696 3694/4083/3867
f 3673/4058/3845 3023/3376/3196 3623/4000/3789
f 3695/4084/3545 3451/3818/3622 3452/3819/3623
f 3056/3410/3228 3055/3409/3227 2876/3232/3053
f 3696/4085/3320 3234/3597/3319 2932/3288/3109
f 3668/4052/3839 2962/3318/3139 3153/3511/3325
f 3300/3663/3473 3575/3947/3740 3105/3461/3277
f 3421/3787/3594 3324/3687/3497 3518/3884/3685
f 3282/3644/3456 3623/4000/3789 3697/4086/3868
f 3574/3946/3739 6079/5948/5688 3050/3404/3222
f 3230/3593/3405 3640/4021/3809 3641/4022/3810
f 2983/3339/3160 3639/4018/3806 3656/4040/3828
f 3420/3786/3593 3694/4083/3867 3146/3504/3207
f 3379/3742/3549 2910/3266/3087 3097/3452/3268
f 3536/3902/3700 3228/3591/3403 3076/3431/3248
f 3616/4088/3771 2929/3285/3106 2931/3287/3108
f 3692/4081/3865 3620/3996/3785 3220/3583/3395
f 3530/3896/3696 3335/3698/3508 3425/3791/3598
f 3467/3836/3639 2975/3331/3152 3590/3964/3755
f 3676/4061/3848 3302/3665/3475 3200/3561/3373
f 3700/4090/3871 3020/3373/3193 3701/4091/3872
f 3116/3472/3288 3537/3903/3701 3554/3920/3716
f 3279/3641/3453 3198/3559/3371 3611/3987/3776
f 3157/3516/3330 2850/3206/3027 2852/3208/3029
f 3254/3617/3428 3599/3973/3460 3054/3408/3226
f 3575/3947/3740 3300/3663/3473 6110/4093/3874
f 3409/3773/3580 3655/4039/3827 3512/3878/3679
f 2829/3185/2991 3707/4100/2990 2889/3245/3066
f 3364/3727/3535 3100/3455/3271 3101/3456/3272
f 3176/3536/3350 3297/3660/3470 3600/3974/3764
f 5390/4094/3875 3464/3832/3635 3703/4095/3713
f 3665/4049/3836 2945/3301/3122 2947/3303/3124
f 2959/3315/3136 3425/3791/3598 3335/3698/3508
f 3698/4087/3869 3546/3912/3709 3565/3935/3730
f 3640/4021/3809 3230/3593/3405 3594/3968/3759
f 3129/3487/3302 3656/4040/3828 3290/3653/3464
f 3704/4096/3876 4999/5956/5697 5490/4097/3877
f 3705/4098/3650 4980/5957/5698 2827/3183/3004
f 3698/4087/3869 3097/3452/3268 3099/3454/3270
f 3113/3469/3285 3112/3468/3284 3706/4099/3878
f 3536/3902/3700 3508/3874/3675 3510/3876/3677
f 3354/3717/3527 3355/3718/3528 3629/4007/3796
f 3707/4100/2990 3001/3354/3174 2890/3246/3067
f 5273/4101/3879 5270/3992/3781 3708/4102/3880
f 3709/4103/3881 3689/4076/3860 3672/4056/3843
f 2825/3181/3002 3139/3497/3312 3347/3710/3520
f 5905/3816/3620 6074/3778/3585 3710/4104/3882
f 3432/3798/3604 2851/3207/3028 3227/3590/3402
f 2909/3265/3086 3637/4016/3805 3559/3926/3722
f 2918/3274/3095 5257/3985/3774 3711/4105/3883
f 3712/4106/3884 3476/3845/3647 6097/4107/3885
f 3593/3967/3758 2792/3148/2969 3357/3720/3530
f 2814/3170/2991 3111/3467/3283 3046/3400/3218
f 3644/4025/3813 5312/4027/3815 5351/3933/3728
f 6103/3934/3729 3448/3814/3618 3633/4012/3801
f 3262/3625/3436 3021/3374/3194 3700/4090/3871
f 3424/3790/3597 2958/3314/3135 3128/3486/3301
f 2811/3167/2988 3662/4046/3833 2917/3273/3094
f 3053/3407/3225 2813/3169/2990 2830/3186/3006
f 3275/3638/3449 3365/3728/3536 3549/3915/3712
f 3559/3926/3722 3224/3587/3399 3407/3770/3577
f 3702/4092/3873 3690/4078/3862 3260/3623/3434
f 3447/3813/3617 3636/4015/3804 2911/3267/3088
f 3341/3704/3514 3290/3653/3464 3652/4034/3822
f 5339/4109/3887 2694/3040/2864 2715/3062/2885
f 2463/2803/2628 2618/2960/2784 2639/2982/2806
f 2584/2925/2750 2521/2861/2686 2531/2871/2696
f 3713/4110/3888 2781/3137/2958 2783/3139/2960
f 2762/3113/2933 2761/3112/2932 3714/4111/3889
f 3716/4113/3891 2784/3140/2961 2786/3142/2963
f 2611/2953/2778 2610/2952/2777 2642/2985/2809
f 2559/2899/2724 2499/2839/2664 2501/2841/2666
f 3718/4115/3893 3728/4130/3908 3719/4116/3894
f 2429/2769/2594 2428/2768/2593 2714/3061/2884
f 2561/2901/2726 5000/5958/5699 3721/4118/3896
f 2537/2877/2702 2513/2853/2678 2514/2854/2679
f 3722/4119/3897 2750/3100/2920 2545/2885/2710
f 2603/2945/2770 2602/2944/2769 2509/2849/2674
f 2677/3022/2846 5239/3021/2845 5252/3133/2953
f 2666/3009/2833 2448/2788/2613 3723/4120/3898
f 2483/2823/2648 2482/2822/2647 2497/2837/2662
f 2461/2801/2626 2463/2803/2628 2682/3027/2851
f 2644/2987/2811 2643/2986/2810 2736/3085/2908
f 2694/3040/2864 5339/4109/3887 5320/4121/3899
f 2695/3041/2865 2773/3126/2946 2774/3128/2948
f 5109/4122/3900 5107/2972/2796 2706/3052/2875
f 2714/3061/2884 2569/2910/2735 2570/2911/2736
f 2534/2874/2699 2533/2873/2698 3724/4123/3901
f 2664/3007/2831 3716/4113/3891 3717/4114/3892
f 3723/4120/3898 2448/2788/2613 2450/2790/2615
f 2659/3002/2826 2510/2850/2675 2512/2852/2677
f 2757/3108/2928 2505/2845/2670 5108/4124/3902
f 3725/4126/3904 2764/3115/2935 3726/4127/3905
f 2516/2856/2681 2717/3065/2888 2731/3080/2903
f 2506/2846/2671 2627/2969/2793 2630/2973/2797
f 2568/2909/2734 2567/2908/2733 2526/2866/2691
f 2582/2923/2748 2581/2922/2747 2754/3105/2925
f 2585/2926/2751 2586/2927/2752 2636/2979/2803
f 2449/2789/2614 2636/2979/2803 2632/2975/2799
f 5122/4129/3907 2741/3090/2913 3728/4130/3908
f 3729/4131/3909 5120/3107/2927 5121/4132/3910
f 2636/2979/2803 2606/2948/2773 2616/2958/2782
f 2713/3060/2883 2650/2993/2817 2739/3088/2911
f 2432/2772/2597 2707/3053/2876 2690/3036/2860
f 5117/4134/3912 3738/4147/3925 2744/3093/2916
f 3731/4135/3913 5000/5958/5699 2561/2901/2726
f 2617/2959/2783 3723/4120/3898 2775/3129/2949
f 2529/2869/2694 2528/2868/2693 2750/3100/2920
f 2746/3096/2918 2751/3101/2921 2660/3003/2827
f 2673/3017/2841 2765/3116/2936 2640/2983/2807
f 2660/3003/2827 2751/3101/2921 2595/2937/2762
f 2486/2826/2651 2485/2825/2650 2608/2950/2775
f 2515/2855/2680 2558/2898/2723 2557/2897/2722
f 2551/2891/2716 2550/2890/2715 2493/2833/2658
f 3733/4138/3916 2583/2924/2749 2584/2925/2750
f 2635/2978/2802 2596/2938/2763 2695/3041/2865
f 3734/4139/3917 5350/4141/3919 5357/4140/3918
f 2682/3027/2851 2639/2982/2806 2646/2989/2813
f 2655/2998/2822 2654/2997/2821 2769/3121/2941
f 2733/3082/2905 2691/3037/2861 2693/3039/2863
f 5373/4137/3915 2608/2950/2775 2735/3084/2907
f 5350/4141/3919 3734/4139/3917 2700/3046/2870
f 2505/2845/2670 2757/3108/2928 2759/3110/2930
f 2650/2993/2817 2552/2892/2717 2740/3089/2912
f 2769/3121/2941 2549/2889/2714 2497/2837/2662
f 2567/2908/2733 2487/2827/2652 2489/2829/2654
f 2539/2879/2704 2611/2953/2778 2526/2866/2691
f 5111/4125/3903 3720/4117/3895 3719/4116/3894
f 2607/2949/2774 2511/2851/2676 2776/3130/2950
f 2767/3119/2939 5001/5959/5700 5123/4142/3920
f 3715/4112/3890 3714/4111/3889 3735/4143/3921
f 5112/4144/3922 2782/3138/2959 3736/4145/3923
f 5112/4144/3922 3737/4146/3924 3738/4147/3925
f 5597/5960/5701 5603/5961/5701 5592/5962/5701
f 3742/4148/3926 4363/4868/4637 3743/4149/3927
f 3745/4151/3929 4313/4794/4562 3746/4152/3930
f 3748/4154/3932 5553/4802/4570 3749/4155/3933
f 3751/4157/3935 3905/4313/3985 3752/4158/3936
f 3754/4160/3938 4372/4882/4562 3755/4161/3939
f 3757/4163/3941 4092/4523/4296 3758/4164/3942
f 3760/259/3944 5661/258/5702 3761/4166/3945
f 3763/4168/3947 5002/5963/5703 3764/4169/3948
f 3766/4171/3950 3938/4348/4124 3767/4172/3951
f 3769/4174/3953 3804/4209/3986 3770/4175/3954
f 3773/4178/3956 5003/5964/5704 3774/4179/3957
f 3776/4181/3959 4179/49/5705 3777/4182/3960
f 3779/4184/3962 3786/4191/3969 3780/4185/3963
f 3782/4187/3965 3785/4190/3968 3783/4188/3966
f 3780/4185/3963 3787/4192/3970 3785/4190/3968
f 3786/4191/3969 3792/4197/3974 3787/4192/3970
f 3788/4193/3966 5004/5965/5706 3789/4194/3971
f 3787/4192/3970 3793/4198/3975 3791/4196/3973
f 3792/4197/3974 3933/4343/4119 3793/4198/3975
f 3794/4199/3976 3843/4250/4026 3795/4200/3977
f 3797/4202/3979 4125/4563/4335 3798/4203/3980
f 3800/4205/3982 3803/4208/3985 3801/4206/3983
f 3803/4208/3985 3770/4175/3954 3804/4209/3986
f 3805/4210/3987 3916/4324/4100 3806/4211/3988
f 3808/4213/3990 4228/4686/4454 3809/4214/3991
f 3811/4216/3993 3808/4213/3990 3810/4215/3992
f 3813/4218/3995 4181/4631/4402 3814/4219/3996
f 3816/4221/3998 3820/4225/4002 3817/4222/3999
f 3819/4224/4001 3796/4201/3978 3820/4225/4002
f 5726/4226/4003 5729/4418/4194 3821/4227/4004
f 3823/4229/4006 3827/4233/4010 3824/4230/4007
f 3826/4232/4009 4260/4722/4490 3827/4233/4010
f 3828/4234/4011 5727/4837/4606 3825/4231/4008
f 3829/4235/4012 4236/4698/4466 3830/4236/4013
f 3832/4238/4015 5526/4876/4645 3833/4239/4016
f 3835/4241/4018 3838/4245/4021 3836/4242/4019
f 5695/4244/4020 5677/5966/5707 3838/4245/4021
f 3839/4246/4022 4006/4420/4196 3840/4247/4023
f 3842/4249/4025 3966/4377/4152 3843/4250/4026
f 3844/4251/4027 3976/4388/4163 3845/4252/4028
f 3847/4254/4030 3929/4339/4115 3848/4255/4031
f 3850/4257/4033 3812/4217/3994 5735/4258/4034
f 3852/4260/4036 3956/4367/4143 3853/4261/4037
f 3855/4263/4039 4148/4588/4359 5512/4264/4040
f 3857/246/4042 4192/4643/4414 3858/4266/4043
f 3860/4268/4045 4375/4887/4655 3837/4243/4007
f 3861/4269/4046 4207/5967/5708 3862/4270/4047
f 3864/4272/4049 3867/4275/4052 3865/4273/4050
f 3867/4275/4052 4292/4759/4530 3868/4276/4053
f 3869/4277/4054 4357/4861/4630 3864/4272/4049
f 3871/4279/4056 4309/4788/4556 3872/4280/4057
f 3874/4282/4059 3895/4303/4080 3875/4283/4060
f 3877/4285/4062 3896/4304/4081 3878/4286/4063
f 3880/4288/4065 5723/5968/5709 3881/4289/4066
f 3883/4291/4068 5667/5969/5710 3884/4292/4069
f 3886/4294/4071 5663/4693/4461 3887/4295/4072
f 3889/4297/4074 4091/4522/4295 3890/4298/4075
f 3892/4300/4077 5683/4691/4459 3893/4301/4078
f 3816/4221/3998 4182/4632/4403 3895/4303/4080
f 3896/4304/4081 3877/4285/4062 3897/4305/4082
f 3877/4285/4062 3914/4322/4098 3899/4307/4084
f 3900/4308/4085 3904/4312/4089 3901/4309/4086
f 3903/4311/4088 4090/4520/4293 3904/4312/4089
f 3905/4313/3985 3850/4257/4033 3851/4259/4035
f 3906/4314/4090 4094/4528/4301 3907/4315/4091
f 3909/4317/4093 3912/4320/4096 3910/4318/4094
f 3912/4320/4096 4133/4571/4342 3913/4321/4097
f 3914/4322/4098 3877/4285/4062 3879/4287/4064
f 3916/4324/4100 5002/5963/5703 3763/4168/3947
f 3915/4323/4099 3879/4287/4064 3917/4325/4101
f 3919/4327/4103 3984/4397/4172 3848/4255/4031
f 3920/4329/4105 5543/4820/4589 3921/4330/4106
f 3923/4332/4108 4314/4796/4564 3917/4325/4101
f 3924/4333/4109 3917/4325/4101 3879/4287/4064
f 3925/4334/4110 4037/4459/4234 3926/4335/4111
f 3928/4337/4113 5515/4877/4646 5509/4338/4114
f 3930/4340/4116 4069/4495/4270 3931/4341/4117
f 3933/4343/4119 3792/4197/3974 3934/4344/4120
f 3809/4214/3991 3974/4386/4161 3936/4346/4122
f 3938/4348/4124 4252/4713/4481 3939/4349/4125
f 3940/4350/4126 4202/4656/4427 3941/4351/4127
f 3943/4353/4129 4023/4442/4217 3944/4354/4130
f 3946/4356/4132 5511/4783/4552 3947/4357/4133
f 3949/4359/4135 5005/5970/5711 3950/4360/4136
f 3941/4351/4127 5006/5971/5712 3952/4362/4138
f 3953/4363/4139 5711/4772/4541 5715/4364/4140
f 3852/4260/4036 4340/4828/4598 3955/4366/4142
f 3957/4368/4144 5536/4689/4457 3958/4369/4145
f 3960/4371/4147 4128/4566/4338 3961/4372/4148
f 3966/4377/4152 5521/4655/4426 3779/4184/3962
f 5666/4378/4153 5669/4839/4608 3967/4379/4154
f 3969/4381/4156 4186/4636/4407 3970/4382/4157
f 3972/4384/4159 5007/5972/5713 3973/4385/4160
f 3975/4387/4162 5518/4880/4649 3976/4388/4163
f 3768/4173/3952 5657/5973/5714 5659/4389/4164
f 3978/4391/4166 4245/4705/4473 3892/4300/4077
f 3979/4392/4167 4047/4471/4246 3980/4393/4168
f 3765/4170/3949 3764/4169/3948 3982/4395/4170
f 3849/4256/4032 3848/4255/4031 3984/4397/4172
f 3986/4399/4174 5008/5974/5715 3987/4400/4175
f 3989/4402/4177 3992/4405/4180 3990/4403/4178
f 3992/4405/4180 5529/4448/4223 3993/4406/4181
f 3994/261/4182 4039/4461/4236 3995/4407/4183
f 5725/4408/4003 5009/5975/5716 3997/4409/4185
f 3998/4411/4187 4201/4654/4425 3999/4412/4188
f 5707/5976/5717 3880/4288/4065 3882/4290/4067
f 4003/4414/4190 4004/4417/4193 5731/4415/4191
f 4004/4417/4193 3821/4227/4004 5729/4418/4194
f 4005/4419/4195 3840/4247/4023 4006/4420/4196
f 4007/4422/4198 4364/4869/4638 4008/4423/4199
f 3805/4210/3987 3807/4212/3989 4010/4425/4201
f 5523/4427/4203 5516/4784/4553 4012/4428/4204
f 3933/4343/4119 3935/4345/4121 5534/4430/4206
f 4014/4431/4207 5722/4551/4324 5724/4432/4208
f 3971/4383/4158 4252/4713/4481 4016/4434/4210
f 3948/4358/4134 3947/4357/4133 5506/4435/4211
f 3977/4390/4165 5659/4389/4164 4018/4437/4213
f 4020/4439/4215 5680/4700/4468 4021/4440/4216
f 4023/4442/4217 3943/4353/4129 4024/4443/4218
f 4025/4444/4219 4027/4447/4222 5527/4445/4220
f 4027/4447/4222 3993/4406/4181 5529/4448/4223
f 4028/4449/4224 4052/4476/4251 4029/4450/4225
f 4030/4451/4226 4376/4888/4656 4031/4452/4227
f 4033/4454/4229 4254/4715/4483 4034/4455/4230
f 4035/4457/4232 4028/4449/4224 3927/4336/4112
f 4036/4458/4233 4250/4710/4478 4037/4459/4234
f 4038/4460/4235 3995/4407/4183 4039/4461/4236
f 4041/4463/4238 5734/4647/4418 5732/4464/4239
f 4042/4465/4240 5732/4464/4239 5730/4466/4241
f 4044/4468/4243 4096/4530/4303 4045/4469/4244
f 4047/4471/4246 3979/4392/4167 4048/4472/4247
f 3820/4225/4002 4051/4475/4250 4050/4474/4249
f 4051/4475/4250 3820/4225/4002 3796/4201/3978
f 4052/4476/4251 4231/4690/4458 4053/4477/4252
f 4054/4478/4253 4359/4863/4632 4055/4479/4254
f 4057/4481/4256 4314/4796/4564 4058/4482/4257
f 3815/4220/3997 3814/4219/3996 4017/4436/4212
f 4060/4484/4259 4237/5977/5718 5682/4485/4260
f 4062/4487/4262 4111/4547/4320 4063/4488/4263
f 3876/4284/4061 3875/4283/4060 3985/4398/4173
f 3954/4365/4141 5715/4364/4140 5718/4490/4265
f 5620/4740/4511 4369/4878/4647 5608/4846/4615
f 4069/4495/4270 3930/4340/4116 4070/4496/4271
f 5681/42/4508 4130/4568/4340 4071/43/5719
f 4073/4497/4272 4371/4881/4650 4074/4498/4273
f 4076/4500/4055 5010/5978/5720 4077/4501/4051
f 4037/4459/4234 4262/4724/4492 4079/4503/4276
f 4080/4504/4277 4292/4759/4530 5519/4505/4278
f 5508/4507/4280 3876/4284/4061 3984/4397/4172
f 4081/4508/4281 4117/4554/4327 4082/4509/4282
f 3884/4292/4069 5011/5979/5721 4084/4511/4284
f 4085/4512/4285 5012/5980/5722 5703/4513/4286
f 4086/4515/4288 5013/5981/5723 4087/4516/4289
f 5544/4517/4290 4087/4516/4289 4088/4518/4291
f 4089/4519/4292 4088/4518/4291 4090/4520/4293
f 5660/4521/4294 5658/4711/4479 3767/4172/3951
f 4091/4522/4295 3758/4164/3942 4092/4523/4296
f 3908/4316/4092 3907/4315/4091 4019/4438/4214
f 3939/4349/4125 3757/4163/3941 3759/4165/3943
f 5540/4524/4297 3791/4196/3973 3793/4198/3975
f 5528/4525/4298 4107/4541/4314 4093/4526/4299
f 4094/4528/4301 3906/4314/4090 3962/4373/4149
f 4095/4529/4302 4014/4431/4207 4015/4433/4209
f 4095/4529/4302 5003/5964/5704 3773/4178/3956
f 4096/4530/4303 4244/4704/4472 4097/4531/4304
f 4098/4532/4305 4126/4564/4336 4099/4533/4306
f 4101/4535/4308 4104/4538/4311 4102/4536/4309
f 4101/4535/4308 5014/5982/5724 3959/4370/4146
f 4104/4538/4311 4106/4540/4313 4105/4539/4312
f 3959/4370/4146 3958/4369/4145 4106/4540/4313
f 4106/4540/4313 4107/4541/4314 3928/4337/4113
f 3958/4369/4145 4093/4526/4299 4107/4541/4314
f 4108/4542/4315 4110/4546/4319 4109/4543/4316
f 3792/4197/3974 3786/4191/3969 5524/4545/4318
f 4062/4487/4262 4109/4543/4316 4110/4546/4319
f 3804/4209/3986 3769/4174/3953 5599/4548/4321
f 3773/4178/3956 5712/4550/4323 5722/4551/4324
f 3959/4370/4146 5014/5982/5724 5598/4552/4325
f 3937/4347/4123 5737/4870/4639 3810/4215/3992
f 4116/4553/4326 4082/4509/4282 4117/4554/4327
f 3997/4409/4185 5015/5983/5725 4114/4556/4329
f 4081/4508/4281 4083/4510/4283 4119/4557/4330
f 4115/4549/4322 4334/4822/4590 3801/4206/3983
f 3794/4199/3976 4175/4626/4397 4121/4559/4332
f 4122/4560/4333 5016/5984/4248 4123/4561/3967
f 3797/4202/3979 4094/4528/4301 3961/4372/4148
f 4125/4563/4335 3797/4202/3979 4124/4562/4334
f 4126/4564/4336 4124/4562/4334 4127/4565/4337
f 4124/4562/4334 3961/4372/4148 4128/4566/4338
f 4099/4533/4306 4127/4565/4337 4129/4567/4339
f 4127/4565/4337 4128/4566/4338 4131/4569/4341
f 4094/4528/4301 3797/4202/3979 3799/4204/3981
f 3812/4217/3994 3850/4257/4033 4132/4570/3984
f 4057/4481/4256 3750/4156/3934 3913/4321/4097
f 3918/4326/4102 3913/4321/4097 4133/4571/4342
f 5556/4572/4343 5561/4786/4554 4134/4573/4344
f 4135/4574/4345 4134/4573/4344 4136/4575/4346
f 4134/4573/4344 4308/4787/4555 4137/4576/4347
f 3911/4319/4095 3910/4318/4094 3749/4155/3933
f 3911/4319/4095 4136/4575/4346 4138/4577/4348
f 4136/4575/4346 4137/4576/4347 4139/4578/4349
f 3929/4339/4115 3847/4254/4030 4105/4539/4312
f 5693/4579/4350 4142/4583/4353 4140/4580/45
f 5694/4582/4352 5017/5985/5726 4142/4583/4353
f 4143/4584/4354 4256/4717/4485 4144/4585/4355
f 5621/247/4357 3857/246/4042 3859/4267/4044
f 4148/4588/4359 3855/4263/4039 4080/4504/4277
f 4147/4587/4358 3859/4267/4044 4053/4477/4252
f 4150/4590/4361 4146/5986/4046 5623/4591/4362
f 5573/4593/4364 4152/4595/4366 3863/4271/4048
f 5571/4594/4365 4154/4599/4370 4152/4595/4366
f 4153/4596/4367 4156/5987/5727 5618/4597/4368
f 4154/4599/4370 5018/5988/5728 4155/4600/4371
f 5611/4601/4372 4159/4605/4376 4157/4602/4373
f 4160/4606/4377 4164/4610/4381 4161/4607/4378
f 4163/4609/4380 4161/4607/4378 4164/4610/4381
f 5550/4612/4383 4291/4758/4529 4166/4613/4384
f 4167/4615/4386 5684/4798/4566 4168/4616/4387
f 5697/4618/4389 5674/4622/4393 4170/4619/4390
f 5699/4621/4392 5676/5989/5729 5674/4622/4393
f 4172/4623/4394 5019/5990/5179 4171/4620/4391
f 4167/4615/4386 4169/4617/4388 4173/4624/4395
f 4175/4626/4397 3874/4282/4059 4176/4627/4398
f 5555/4628/4399 4250/4710/4478 4177/4629/4400
f 4178/48/35 3777/4182/3960 4179/49/5705
f 4181/4631/4402 3813/4218/3995 3902/4310/4087
f 4182/4632/4403 3816/4221/3998 3818/4223/4000
f 4184/4634/4405 4035/4457/4232 3926/4335/4111
f 4185/4635/4406 5671/4777/4546 4186/4636/4407
f 5578/4637/4408 5690/5991/5730 4120/4558/4331
f 4046/4470/4245 4045/4469/4244 4187/4638/4409
f 4045/4469/4244 4097/4531/4304 4189/4640/4411
f 4188/4639/4410 4187/4638/4409 4190/4641/4412
f 4189/4640/4411 4229/4687/4455 4190/4641/4412
f 4192/4643/4414 4036/4458/4233 3925/4334/4110
f 3799/4204/3981 3798/4203/3980 3872/4280/4057
f 3795/4200/3977 3781/4186/3964 4194/4645/4416
f 4036/4458/4233 4192/4643/4414 4157/4602/4373
f 5734/4647/4418 4041/4463/4238 4196/4648/4419
f 3781/4186/3964 3780/4185/3963 3782/4187/3965
f 3843/4250/4026 3779/4184/3962 3781/4186/3964
f 3784/4189/3967 4197/4650/4421 4194/4645/4416
f 4051/4475/4250 4194/4645/4416 4197/4650/4421
f 4198/4651/4422 5005/5970/5711 3949/4359/4135
f 5733/4416/4192 3839/4246/4022 3841/4248/4024
f 4200/4653/4424 3977/4390/4165 4019/4438/4214
f 4201/4654/4425 3847/4254/4030 3849/4256/4032
f 3924/4333/4109 3878/4286/4063 4052/4476/4251
f 3786/4191/3969 3779/4184/3962 5521/4655/4426
f 4202/4656/4427 3940/4350/4126 4203/4657/4428
f 4205/4659/4430 4345/4838/4607 4043/4467/4242
f 4206/4660/4431 4108/4542/4315 5576/4544/4317
f 3981/4394/4169 3980/4393/4168 4208/4662/4433
f 4209/4663/4434 4208/4662/4433 4210/4664/4435
f 3983/4396/4171 3982/4395/4170 4211/4665/4436
f 3932/4342/4118 3931/4341/4117 3944/4354/4130
f 4212/4667/4438 5582/4800/4568 4213/4668/4439
f 4215/4670/3939 5549/4795/4563 5548/4614/4385
f 4216/4671/4441 5702/4886/4654 4016/4434/4210
f 5654/4673/4443 5650/4737/4507 4218/4674/4444
f 3747/4153/3931 3746/4152/3930 4220/4676/4446
f 4222/4678/3930 5537/4883/4651 5539/4679/4448
f 4220/4676/4446 4323/4807/4577 4224/4681/4450
f 4223/4680/4449 5539/4679/4448 4225/4682/4451
f 3756/4162/3940 3755/4161/3939 4227/4684/4384
f 3974/4386/4161 3809/4214/3991 4228/4686/4454
f 3847/4254/4030 4201/4654/4425 4102/4536/4309
f 4229/4687/4455 5662/5992/5731 4230/4688/4456
f 4230/4688/4456 5642/5993/5732 4191/4642/4413
f 5536/4689/4457 5531/4527/4300 4093/4526/4299
f 5718/4490/4265 5714/4738/4509 4163/4609/4380
f 3878/4286/4063 3896/4304/4081 4231/4690/4458
f 4096/4530/4303 4044/4468/4243 5683/4691/4459
f 3974/4386/4161 3973/4385/4160 4070/4496/4271
f 3789/4194/3971 5541/5994/5733 5580/4692/4460
f 5663/4693/4461 5666/4378/4153 3968/4380/4155
f 4069/4495/4270 4374/4885/4653 4232/4694/4462
f 4122/4560/4333 3788/4193/3966 3790/4195/3972
f 4234/4696/4464 3798/4203/3980 4125/4563/4335
f 3888/4296/4073 4198/4651/4422 4199/4652/4423
f 4236/4698/4466 4358/4862/4631 5514/4699/4467
f 3952/4362/4138 5006/5971/5712 4021/4440/4216
f 4238/4701/4469 4241/51/5734 4239/4702/4470
f 4241/51/5734 4238/4701/4469 4242/52/5735
f 4244/4704/4472 4096/4530/4303 3892/4300/4077
f 4177/4629/4400 4195/4646/4417 4246/4706/4474
f 4195/4646/4417 4157/4602/4373 4159/4605/4376
f 4247/4707/4475 4246/4706/4474 4248/4708/4476
f 4246/4706/4474 4159/4605/4376 4249/4709/4477
f 4250/4710/4478 4036/4458/4233 4195/4646/4417
f 3923/4332/4108 3924/4333/4109 4028/4449/4224
f 5525/4456/4231 5523/4427/4203 4013/4429/4205
f 5658/4711/4479 5657/5973/5714 3768/4173/3952
f 3915/4323/4099 4133/4571/4342 4251/4712/4480
f 4252/4713/4481 3971/4383/4158 3757/4163/3941
f 3970/4382/4157 4253/4714/4482 3890/4298/4075
f 3971/4383/4158 3970/4382/4157 4092/4523/4296
f 4186/4636/4407 4219/4675/4445 4253/4714/4482
f 4254/4715/4483 4025/4444/4219 4026/4446/4221
f 4219/4675/4445 4218/4674/4444 4255/4716/4484
f 4218/4674/4444 4144/4585/4355 4256/4717/4485
f 4253/4714/4482 4255/4716/4484 3891/4299/4076
f 4255/4716/4484 4256/4717/4485 4257/4718/4486
f 5530/4719/4487 4370/4879/4648 4258/4720/4488
f 5703/4513/4286 5012/5980/5722 4260/4722/4490
f 4217/4672/4442 4016/4434/4210 4252/4713/4481
f 4261/4723/4491 4217/4672/4442 3938/4348/4124
f 4262/4724/4492 4037/4459/4234 4250/4710/4478
f 4263/54/5736 4335/4823/4591 4264/55/4593
f 3873/4281/4058 3872/4280/4057 3798/4203/3980
f 4265/57/5737 5020/5995/4351 4145/58/5738
f 5572/60/5739 5021/5996/5740 5589/61/5741
f 5586/5997/5742 5554/4725/4493 5577/4727/4495
f 4269/66/5743 4273/4728/4496 4270/67/4498
f 5554/4725/4493 5547/4730/4499 4272/4726/4494
f 4273/4728/4496 4294/4763/4500 5567/4729/4497
f 5547/4730/4499 5542/4766/4535 4274/4731/4500
f 4275/4732/4501 5579/5998/5744 5569/4733/4502
f 5688/69/5745 5705/4735/4504 4277/70/4506
f 5705/4735/4504 5720/5999/5746 4279/4736/4505
f 5650/4737/4507 5646/4801/4569 4144/4585/4355
f 4100/4534/4307 4099/4533/4306 4130/4568/4340
f 4161/4607/4378 4163/4609/4380 5714/4738/4509
f 4251/4712/4480 4369/4878/4647 5620/4740/4511
f 5625/4742/4513 5622/4746/4517 4281/4743/4514
f 4283/4745/4516 4284/4747/4518 4066/4492/4267
f 5622/4746/4517 4066/4492/4267 4284/4747/4518
f 5689/4748/4519 5668/6000/5747 5673/4749/4520
f 5704/4751/4522 5686/4753/4524 4286/4752/4523
f 5686/4753/4524 3883/4291/4068 3885/4293/4070
f 4162/4608/4379 4286/4752/4523 4287/4754/4525
f 3885/4293/4070 4084/4511/4284 4287/4754/4525
f 5564/72/56 5574/4830/4600 5687/73/57
f 3875/4283/4060 4054/4478/4253 4056/4480/4255
f 4288/4755/4526 4216/4671/4441 4217/4672/4442
f 3859/4267/4044 3858/4266/4043 4029/4450/4225
f 3856/4265/4041 5512/4264/4040 5513/4685/4453
f 5557/4630/4401 4177/4629/4400 4247/4707/4475
f 4290/4757/4528 5022/6001/4039 4291/4758/4529
f 4184/4634/4405 5552/4797/4565 3923/4332/4108
f 4059/4483/4258 3748/4154/3932 3750/4156/3934
f 4292/4759/4530 3867/4275/4052 5520/4760/4531
f 4078/4502/4275 5559/4762/4533 4293/4761/4532
f 5559/4762/4533 5567/4729/4497 4294/4763/4500
f 3870/4278/4055 4296/4765/4532 4295/4764/4534
f 4296/4765/4532 4274/4731/4500 5542/4766/4535
f 4040/4462/4237 4362/4866/4635 5535/4767/4536
f 3896/4304/4081 3898/4306/4083 4297/4768/4537
f 4231/4690/4458 4297/4768/4537 4149/4589/4360
f 5629/4769/4538 4312/4792/4560 4298/4770/4539
f 5711/4772/4541 3953/4363/4139 4299/4773/4542
f 4151/4592/4363 5623/4591/4362 5626/4771/4540
f 4299/4773/4542 3953/4363/4139 4300/4775/4544
f 5671/4777/4546 5654/4673/4443 4219/4675/4445
f 3855/4263/4039 5023/6002/4528 4302/4778/4547
f 4289/4756/4527 4247/4707/4475 4214/4669/4440
f 4065/4491/4266 4163/4609/4380 4165/4611/4382
f 5709/4774/4543 4299/4773/4542 3894/4302/4079
f 3954/4365/4141 4065/4491/4266 4303/4779/4548
f 4305/4781/4550 4257/4718/4486 4256/4717/4485
f 3895/4303/4080 4182/4632/4403 4054/4478/4253
f 4306/4782/4551 4851/5400/5180 4061/4486/4261
f 3907/4315/4091 3799/4204/3981 4193/4644/4415
f 4301/4776/4545 3978/4391/4166 3894/4302/4079
f 5511/4783/4552 3946/4356/4132 4012/4428/4204
f 4304/4780/4549 4300/4775/4544 3953/4363/4139
f 4000/4413/4189 3999/4412/4188 4056/4480/4255
f 3874/4282/4059 4175/4626/4397 3819/4224/4001
f 4307/4785/4431 5024/6003/5748 4204/4658/4429
f 5561/4786/4554 5575/4805/4574 4308/4787/4555
f 4261/4723/4491 3766/4171/3950 4200/4653/4424
f 3999/4412/4188 3849/4256/4032 3985/4398/4173
f 4309/4788/4556 4200/4653/4424 4193/4644/4415
f 4175/4626/4397 3794/4199/3976 3796/4201/3978
f 3766/4171/3950 3768/4173/3952 3977/4390/4165
f 4176/4627/4398 3874/4282/4059 3876/4284/4061
f 5630/4789/4557 5628/4793/4561 4310/4790/4558
f 5630/4789/4557 4311/4791/4559 4312/4792/4560
f 4288/4755/4526 4261/4723/4491 4309/4788/4556
f 5628/4793/4561 5625/4742/4513 4282/4744/4515
f 4313/4794/4562 3745/4151/3929 5549/4795/4563
f 4314/4796/4564 3923/4332/4108 5552/4797/4565
f 3910/4318/4094 3913/4321/4097 3750/4156/3934
f 4020/4439/4215 4022/4441/4215 4168/4616/4387
f 4162/4608/4379 4161/4607/4378 5710/4739/4510
f 3858/4266/4043 3925/4334/4110 3927/4336/4112
f 5646/4801/4569 5643/6004/5749 5670/4586/4356
f 4135/4574/4345 3749/4155/3933 5553/4802/4570
f 5649/4803/4571 5644/6005/5750 5645/4804/4572
f 4316/75/4573 5645/4804/4572 4317/76/5751
f 5575/4805/4574 5593/6006/5752 4319/4806/4575
f 5594/78/5753 5588/6007/5754 4320/79/5755
f 5591/81/4576 4324/4808/4578 4322/82/4579
f 5591/81/4576 4224/4681/4450 4323/4807/4577
f 4325/4809/4579 4329/4813/4582 4326/4810/4580
f 4328/4812/4578 4330/4814/4583 4329/4813/4582
f 4226/4683/4452 4225/4682/4451 4330/4814/4583
f 5551/4815/4584 4332/4819/4588 4331/4816/4585
f 4331/4816/4585 4367/4873/4642 5601/4818/4587
f 4332/4819/4588 5551/4815/4584 5543/4820/4589
f 4333/4821/4202 5700/6008/4201 3801/4206/3983
f 4335/4823/4591 4337/85/4595 5570/4824/4592
f 4336/84/5756 4339/4826/4596 4337/85/4595
f 4214/4669/4440 4248/4708/4476 4338/4825/4594
f 4337/85/4595 4154/4599/4370 5571/4594/4365
f 4339/4826/4596 5018/5988/5728 4154/4599/4370
f 5606/6009/5757 5612/250/5758 5610/249/5759
f 4340/4828/4598 4285/6010/5760 4341/4829/4599
f 4064/4489/4264 4063/4488/4263 5687/73/57
f 4342/4831/4601 4023/4442/4217 4015/4433/4209
f 3986/4399/4174 3988/4401/4176 4343/4832/4285
f 5673/4749/4520 5675/4835/4604 5701/4834/4603
f 4305/4781/4550 3889/4297/4074 3891/4299/4076
f 5675/4835/4604 5676/5989/5729 5699/4621/4392
f 4233/4695/4463 3790/4195/3972 5580/4692/4460
f 5727/4837/4606 3828/4234/4011 4345/4838/4607
f 5669/4839/4608 5672/6011/5761 4346/4840/4609
f 4347/4841/4610 5017/5985/5726 5694/4582/4352
f 4302/4778/4547 3868/4276/4053 4292/4759/4530
f 4068/4494/4269 4349/4844/4613 4348/4843/4612
f 4067/4493/4268 5604/4850/4619 4349/4844/4613
f 3909/4317/4093 4138/4577/4348 4350/4845/4614
f 4351/4847/4616 5025/6012/5762 5566/4848/4617
f 5604/4850/4619 4353/4853/4622 4352/4851/4620
f 4350/4845/4614 4138/4577/4348 4139/4578/4349
f 3914/4322/4098 4251/4712/4480 4280/4741/4512
f 3918/4326/4102 3917/4325/4101 4314/4796/4564
f 5565/4854/4623 4354/4855/4624 4276/4734/4503
f 5566/4848/4617 5025/6012/5762 4354/4855/4624
f 4355/4856/4625 4356/4859/4628 5602/4857/4626
f 4352/4851/4620 4353/4853/4622 4356/4859/4628
f 5600/4860/4629 4137/4576/4347 4308/4787/4555
f 4356/4859/4628 4353/4853/4622 5605/4852/4621
f 4235/4697/4465 4125/4563/4335 4126/4564/4336
f 4357/4861/4630 5520/4760/4531 3867/4275/4052
f 3846/4253/4029 3845/4252/4028 5514/4699/4467
f 4182/4632/4403 4183/4633/4404 4359/4863/4632
f 4360/4864/4633 4007/4422/4198 4009/4424/4200
f 4362/4866/4635 4368/4875/4644 5532/4867/4636
f 3831/4237/4014 3832/4238/4015 3834/4240/4017
f 4192/4643/4414 3857/246/4042 5619/4603/4374
f 4363/4868/4637 4008/4423/4199 4364/4869/4638
f 5737/4870/4639 5735/4258/4034 3812/4217/3994
f 3929/4339/4115 5509/4338/4114 5507/4328/4104
f 4032/4453/4228 4031/4452/4227 4365/4871/4640
f 4368/4875/4644 3833/4239/4016 5526/4876/4645
f 4107/4541/4314 5528/4525/4298 5515/4877/4646
f 4201/4654/4425 3998/4411/4187 4103/4537/4310
f 4133/4571/4342 3912/4320/4096 4369/4878/4647
f 4370/4879/4648 5530/4719/4487 5518/4880/4649
f 3744/4150/3928 4074/4498/4273 4371/4881/4650
f 3945/4355/4131 3944/4354/4130 3931/4341/4117
f 5608/4846/4615 4369/4878/4647 3912/4320/4096
f 5728/4666/4437 3944/4354/4130 4023/4442/4217
f 4372/4882/4562 3754/4160/3938 5537/4883/4651
f 4366/4872/4641 4365/4871/4640 4073/4497/4272
f 5736/4649/4420 4196/4648/4419 4005/4419/4195
f 4361/4865/4634 5713/6013/5763 4373/4884/4652
f 3973/4385/4160 5007/5972/5713 4374/4885/4653
f 5702/4886/4654 4185/4635/4406 3969/4381/4156
f 4375/4887/4655 3860/4268/4045 4376/4888/4656
f 4118/4555/4328 5691/6014/5764 4377/4889/4657
f 3922/4331/4107 3921/4330/4106 4259/4721/4489
f 4380/4891/4659 5967/6015/5765 4381/4892/4660
f 4383/4894/4662 5908/5395/5175 4384/4895/4663
f 4386/4897/4665 4753/5257/5041 4387/4898/4666
f 4389/4900/4668 6027/6016/5766 4390/4901/4669
f 4392/4903/4671 4407/4915/4684 4393/4904/4672
f 4395/264/212 4402/4910/4679 4396/214/4674
f 4398/4907/4676 4747/5248/4659 4399/4908/4677
f 4399/4908/4677 5026/6017/5767 4403/4911/4680
f 4399/4908/4677 4404/4912/4681 4405/4913/4682
f 4406/4914/4683 4393/4904/4672 4407/4915/4684
f 4409/4917/4686 4688/5176/4953 4410/4918/4687
f 4412/4920/4689 4409/4917/4686 4411/4919/4688
f 4414/4922/4691 4673/5159/4935 4415/4923/4692
f 4417/90/71 4453/4957/4727 4418/91/72
f 4420/4925/4694 4416/4924/4693 4415/4923/4692
f 4400/4909/4678 4405/4913/4682 4422/4927/4696
f 4424/4929/4698 4739/5239/5018 4412/4920/4689
f 4425/4930/4699 5922/6018/5768 4426/4931/4700
f 4428/4933/4702 4466/4969/4740 4429/4934/4703
f 4431/4936/4705 4465/4968/4739 4428/4933/4702
f 4432/4937/4706 5851/6019/5769 4433/4938/4707
f 4434/4939/4708 4463/4966/4737 4435/4940/4709
f 4436/4941/4710 4463/4966/4737 4437/4942/4711
f 4421/4926/4695 4659/5141/4918 4439/4944/4713
f 4437/4942/4711 4387/4898/4666 4440/4945/4714
f 4441/4946/4715 5027/6020/5770 4442/187/4716
f 4435/4940/4709 4752/5255/5039 4444/4948/4718
f 4445/4949/4719 4753/5257/5041 4446/4950/4720
f 4448/4952/4722 5913/5280/5064 4449/4953/4723
f 4408/4916/4685 5846/5321/5107 4451/4955/4725
f 4417/90/71 5954/205/5019 4452/4956/4726
f 4454/4958/4728 5965/5290/5074 4455/4959/4729
f 4457/4961/4731 5959/6021/5771 4388/4899/4667
f 4458/4962/4732 4388/4899/4667 4387/4898/4666
f 4459/4963/4733 5880/6022/5772 4460/4964/4734
f 4462/4965/4736 4435/4940/4709 4463/4966/4737
f 4464/4967/4738 5898/4970/4741 4454/4958/4728
f 4465/4968/4739 4735/5235/5015 4466/4969/4740
f 4458/4962/4732 4437/4942/4711 4463/4966/4737
f 4423/4928/4697 5837/5211/4990 4398/4907/4676
f 5898/4970/4741 4464/4967/4738 4467/4971/4742
f 4469/4972/4744 6056/6023/5773 4470/4973/4745
f 4472/4975/4747 4752/5255/5039 4473/4976/4748
f 4477/96/5165 4840/5384/5164 5872/97/5774
f 4427/4932/4701 4727/5226/5005 4431/4936/4705
f 4478/99/5775 4659/5141/4918 4479/100/4999
f 4481/4978/4750 4494/4987/4759 4482/4979/4751
f 4484/4981/4753 5793/6024/5776 4485/4982/4754
f 5770/102/5777 4723/5220/4999 4487/103/83
f 4490/108/5778 5823/318/5779 4491/109/5780
f 4485/4982/4754 5793/6024/5776 4492/4984/4756
f 5860/4986/4758 4482/4979/4751 4494/4987/4759
f 5799/274/4763 5831/6025/5781 4499/4990/4764
f 4387/4898/4666 6059/5256/5040 4502/4991/4766
f 4503/4992/4767 4507/4996/4771 4504/4993/4768
f 4506/4995/4770 5834/6026/5782 4507/4996/4771
f 4508/4997/4772 5757/6027/5783 5755/4998/4773
f 4510/5000/4775 5029/6028/5784 4511/5001/4776
f 4512/117/5785 4519/5009/4785 4513/118/5786
f 4482/4979/4751 5860/4986/4758 5868/5003/4778
f 4515/5005/4780 4761/5269/5053 4516/5006/4781
f 5776/5008/4784 4513/118/5786 4519/5009/4785
f 4516/5006/4781 4759/5265/5049 5768/5010/4786
f 4523/5011/4787 4794/5328/5114 4524/162/4788
f 4525/5013/4790 6018/6029/5787 4523/5011/4787
f 5963/123/5021 5986/5240/5023 5981/124/5788
f 4526/126/4793 4673/5159/4935 4527/127/4937
f 4529/5014/4791 6046/6030/5789 4530/5015/4792
f 4523/5011/4787 6018/6029/5787 4532/5017/4794
f 6037/5019/4796 6057/5065/4840 4534/5020/4797
f 6011/132/5790 6045/6031/5791 4542/133/5792
f 6058/135/5793 4688/5176/4953 4544/136/5011
f 6038/5026/4804 4558/5033/4806 4471/4974/4746
f 4546/5027/4805 6019/6032/5794 4547/5028/4806
f 6039/138/5795 4544/136/5011 4549/139/5796
f 4553/144/5797 5989/316/5798 4554/145/5799
f 4547/5028/4806 6019/6032/5794 4555/5030/4808
f 4557/5032/136 4471/4974/4746 4558/5033/4806
f 6015/301/4814 5985/6033/5800 4566/5038/4815
f 4569/150/4820 4739/5239/5018 4570/151/117
f 5769/5042/4818 5032/6034/5801 4572/5043/4819
f 4573/5044/4821 5033/6035/5802 4574/5045/4822
f 4575/5046/4823 5034/6036/5803 4576/5047/4824
f 5796/6037/5804 5813/6038/5804 5840/6039/5804
f 5795/153/4828 4585/5055/4830 4582/154/5805
f 4573/5044/4821 4576/5047/4824 4589/168/132
f 4590/5057/4832 5033/6035/5802 4573/5044/4821
f 5842/159/5032 5825/319/5031 5828/160/5806
f 4524/162/4788 5940/5329/5115 4591/163/5807
f 4592/165/5808 5035/6040/5809 4593/166/5810
f 6051/5058/4833 6008/5293/5077 4595/5059/4834
f 4596/5061/4836 5974/6041/5811 5926/5062/4837
f 4597/5063/4838 5036/6042/5812 4598/5064/4839
f 6057/5065/4840 6053/6043/5813 5992/5066/4841
f 4599/5067/4842 5962/6044/5814 4600/5068/4843
f 6042/5070/4845 4777/5295/5079 4599/5067/4842
f 6034/5071/4846 5037/6045/5815 4603/5072/4847
f 4604/5074/4849 5974/6041/5811 4596/5061/4836
f 5836/5381/5161 4834/5375/5154 5884/201/5816
f 4609/5079/4854 6040/6046/5817 4610/5080/4855
f 5994/5082/4857 4619/5095/4870 4611/5083/4858
f 4612/5085/4860 5952/172/5818 4613/5086/4861
f 6022/5088/4863 4768/5279/5063 4615/5089/4864
f 4617/5091/4866 5976/6047/5819 6023/5092/4867
f 4618/5094/4869 4611/5083/4858 4619/5095/4870
f 4615/5089/4864 4764/5272/5056 4621/5097/4872
f 4589/168/132 4627/5105/4880 4622/169/5820
f 5754/5098/4873 5759/6048/5821 4623/5099/4874
f 4625/5101/4876 4620/5096/4871 4619/5095/4870
f 5929/5102/4877 5977/6049/5822 4626/5103/4878
f 5930/171/135 4613/5086/4861 5952/172/5818
f 4576/5047/4824 4629/6050/5823 4627/5105/4880
f 4628/174/4893 4635/5112/4887 5817/175/5824
f 4631/5106/4881 5802/5281/5065 4632/5107/4882
f 4634/5109/4884 5832/6051/5825 5875/5110/4885
f 5867/5111/4886 5817/175/5824 4635/5112/4887
f 4636/5113/4888 5845/5284/5068 4637/5114/4889
f 4639/5116/4891 4769/5282/5066 4636/5113/4888
f 4640/5117/4892 4634/5109/4884 4635/5112/4887
f 4641/5118/4894 5832/6051/5825 4634/5109/4884
f 4642/5119/4895 5753/5254/5038 4435/4940/4709
f 4643/177/4896 4646/5121/4898 4644/178/5826
f 4643/177/4896 5819/6052/5827 4645/5120/4897
f 4647/5122/4899 5767/6053/5828 4648/5123/4900
f 4650/5125/4902 5848/5298/5084 4651/5126/4903
f 4653/5128/4905 4781/5300/5086 4650/5125/4902
f 4654/5129/4906 5040/6054/5829 4655/5130/4907
f 5788/5132/4909 4778/6055/5830 4657/5133/4910
f 5860/4986/4758 5858/6056/5831 5878/5135/4912
f 5765/5136/4913 5774/5131/4908 4655/5130/4907
f 5766/5138/4915 5815/5302/5088 4658/5139/4916
f 4659/5141/4918 4478/99/5775 5756/5142/4919
f 6047/5143/4920 5041/6057/5832 4660/5144/4921
f 4661/5146/4923 5995/5165/4942 4662/5147/4924
f 4664/5149/4901 5039/6058/5833 5869/5150/4926
f 4666/5152/4928 5975/5314/5099 4667/5153/4929
f 4669/5155/4931 4678/5166/4943 4670/5156/4932
f 4671/5157/4933 4663/5148/4925 4662/5147/4924
f 4667/5153/4929 4789/5315/5100 4672/5158/4934
f 4673/5159/4935 4414/4922/4691 6052/5160/4936
f 4674/5161/4938 6048/6059/5834 4675/5162/4939
f 4677/5164/4941 4669/5155/4931 4662/5147/4924
f 4677/5164/4941 5935/6060/5835 4678/5166/4943
f 4679/5167/4944 5996/6061/5111 4680/5168/4945
f 4682/5170/4947 5042/6062/5836 4683/5171/4948
f 4685/5173/4950 6001/5311/5096 4686/5174/4951
f 4688/5176/4953 6058/135/5793 6055/5177/4954
f 5942/180/4955 4690/5178/4956 5979/181/5837
f 5942/180/4955 4684/5172/4949 4683/5171/4948
f 4691/5179/4957 4606/5076/4851 4608/5078/4853
f 4693/5181/4959 5973/5304/5090 4694/5182/4960
f 4696/5184/4962 4785/5308/5094 4693/5181/4959
f 6036/5185/4963 4698/5189/4967 4697/5186/4964
f 6025/5188/4966 5978/6063/5838 4698/5189/4967
f 4699/5190/4968 5764/6064/5839 4700/5191/4969
f 5874/5193/4971 4704/5197/4975 4702/5194/4972
f 5874/5193/4971 5885/6065/5840 4703/5196/4974
f 4705/5198/4976 5772/6066/5841 4706/5199/4977
f 5762/5201/4979 5821/6067/5842 4707/5202/4980
f 4709/5204/4982 5849/6068/5843 4710/5205/4983
f 5782/183/4985 4714/5208/4987 4712/184/5844
f 5782/183/4985 4715/6069/5845 4713/5207/4986
f 4710/5205/4983 4788/5313/5098 5773/5209/4988
f 4716/5210/4989 4398/4907/4676 5837/5211/4990
f 5915/5213/4992 5900/6070/5846 4717/5214/4993
f 4719/5216/4995 5043/6071/5847 4720/5217/4996
f 4716/5210/4989 5807/5212/4991 4487/103/83
f 4722/5219/4998 4487/103/83 4723/5220/4999
f 4458/4962/4732 4434/4939/4708 4433/4938/4707
f 4725/5222/5001 4757/5262/5046 5899/5223/5002
f 4720/5217/4996 4479/100/4999 4659/5141/4918
f 4726/5225/5004 4431/4936/4705 4727/5226/5005
f 4474/4977/4749 4447/4951/4721 4446/4950/4720
f 4716/5210/4989 4722/5219/4998 4728/5228/5007
f 6003/5227/5006 4564/6072/5796 4730/5230/5009
f 4731/5231/5010 4549/139/5796 4544/136/5011
f 4726/5225/5004 4730/5230/5009 4733/5233/5013
f 4430/4935/4704 5922/6018/5768 4425/4930/4699
f 4732/5232/5012 4544/136/5011 4688/5176/4953
f 4734/5234/5014 5808/5236/5016 4735/5235/5015
f 4733/5233/5013 4584/6073/5848 5808/5236/5016
f 4569/150/4820 4572/5043/4819 4737/5237/5013
f 4738/5238/5017 4412/4920/4689 4739/5239/5018
f 5954/205/5019 4417/90/71 4554/145/243
f 4740/186/5849 4443/4947/4717 4442/187/4716
f 5910/5241/5024 5902/6074/5850 4742/5242/5025
f 4745/5244/5027 5999/6075/5027 5969/5245/5028
f 4729/5229/5008 6002/5249/5034 5966/5247/5033
f 4729/5229/5008 4728/5228/5007 4530/5015/4792
f 4531/5016/4793 4530/5015/4792 4728/5228/5007
f 4721/5218/4997 4415/4923/4692 4673/5159/4935
f 4749/5251/5035 6060/5324/5110 4750/5252/5036
f 5753/5254/5038 5752/6076/5851 4752/5255/5039
f 6059/5256/5040 4387/4898/4666 4753/5257/5041
f 4676/5163/4940 4679/5167/4944 4681/5169/4946
f 4664/5149/4901 4665/5151/4927 4606/5076/4851
f 5972/5260/5044 5971/6077/5852 4453/4957/4727
f 4647/5122/4899 4649/5124/4901 4701/5192/4970
f 4756/5261/5045 5044/6078/5853 4757/5262/5046
f 5801/5002/4777 4511/5001/4776 4758/5263/5047
f 4757/5262/5046 5044/6078/5853 4759/5265/5049
f 5919/5266/5050 4763/5271/5055 4760/5267/5051
f 4732/5232/5012 4409/4917/4686 4412/4920/4689
f 4757/5262/5046 4516/5006/4781 4761/5269/5053
f 4450/4954/4724 4770/5283/5067 4762/5270/5054
f 6009/5081/4856 4610/5080/4855 4763/5271/5055
f 4448/4952/4722 4762/5270/5054 4764/5272/5056
f 5916/5273/5057 4790/5316/5101 4765/5274/5058
f 4766/5276/5060 5901/5312/5097 5914/5277/5061
f 4448/4952/4722 4615/5089/4864 4768/5279/5063
f 4760/5267/5051 4632/5107/4882 5802/5281/5065
f 4450/4954/4724 4636/5113/4888 4769/5282/5066
f 4450/4954/4724 4449/4953/4723 5845/5284/5068
f 4771/267/214 6017/93/5854 4772/5285/5069
f 4774/5287/5071 5784/6079/5855 4775/5288/5072
f 5965/5290/5074 6024/6080/5856 6026/5291/5075
f 4776/5292/5076 4595/5059/4834 6008/5293/5077
f 4725/5222/5001 4599/5067/4842 4777/5295/5079
f 5912/5224/5003 5962/6044/5814 4599/5067/4842
f 5847/5289/5073 5886/6081/5857 5876/5296/5080
f 4468/195/4743 4467/4971/4742 5792/196/5858
f 4717/5214/4993 5900/6070/5846 5848/5298/5084
f 4721/5218/4997 4720/5217/4996 4421/4926/4695
f 4767/5278/5062 4786/5309/5095 4780/5299/5085
f 4717/5214/4993 4650/5125/4902 4781/5300/5086
f 4765/5274/5058 4658/5139/4916 5815/5302/5088
f 4718/5215/4994 4717/5214/4993 4782/5301/5087
f 4767/5278/5062 5914/5277/5061 5973/5304/5090
f 4465/4968/4739 4431/4936/4705 4726/5225/5004
f 4784/5305/5091 4787/5310/5095 5917/5306/5092
f 4767/5278/5062 4693/5181/4959 4785/5308/5094
f 4787/5310/5095 4686/5174/4951 6001/5311/5096
f 4738/5238/5017 4737/5237/5013 4731/5231/5010
f 4710/5205/4983 5849/6068/5843 5901/5312/5097
f 4766/5276/5060 4780/5299/5085 4788/5313/5098
f 5814/5200/4978 4706/5199/4977 4784/5305/5091
f 4718/5215/4994 4667/5153/4929 5975/5314/5099
f 4718/5215/4994 4783/5303/5089 4789/5315/5100
f 6000/5145/4922 4660/5144/4921 4790/5316/5101
f 4394/4905/4673 6029/6082/5859 6020/5317/5102
f 5843/198/5860 5028/6083/5861 5879/199/5862
f 5980/207/5103 5936/6084/5863 5927/5318/5104
f 5884/201/5816 4834/5375/5154 5854/202/161
f 4792/204/5864 4452/4956/4726 5954/205/5019
f 5980/207/5103 4791/5319/5105 6021/208/5865
f 4689/210/4668 5038/6085/5866 5931/211/5867
f 5787/5320/5106 5790/6086/5868 4451/4955/4725
f 4739/5239/5018 4424/4929/4698 5758/5323/5109
f 6060/5324/5110 6050/6087/5869 4793/5325/5111
f 4753/5257/5041 4445/4949/4719 6049/5326/5112
f 4676/5163/4940 4755/5259/5043 5949/5327/5113
f 4794/5328/5114 5993/6088/4841 5940/5329/5115
f 4418/91/72 4453/4957/4727 5971/6077/5852
f 4752/5255/5039 5752/6076/5851 5763/5331/5117
f 4795/5335/5119 4849/6089/5870 4796/5336/5120
f 4798/5338/5122 4795/5335/5119 4799/5339/5123
f 5918/5294/5078 5894/5264/5048 4758/5263/5047
f 4795/5335/5119 4797/5337/5121 4801/5341/5125
f 4802/5342/5126 4819/5359/5143 4803/5343/5127
f 4804/5344/5128 5045/6090/5871 4805/5345/5129
f 4807/5347/5131 4833/5374/5127 4808/5348/5132
f 4810/5350/5134 5046/6091/5872 4811/5351/5135
f 4813/5353/5137 5047/6092/5146 4814/5354/5138
f 4802/5342/5126 4832/5373/5153 4816/5356/5140
f 4802/5342/5126 4817/5357/5141 4818/5358/5142
f 6032/5360/5144 6030/6093/5873 4820/5361/5145
f 4822/5363/5147 4828/5369/5151 4823/5364/5148
f 4798/5338/5122 4800/5340/5124 4825/5366/5150
f 4827/5368/5142 4842/5386/5141 4828/5369/5152
f 4830/5371/5142 4825/5366/5150 4800/5340/5124
f 4802/5342/5126 4804/5344/5128 4806/5346/5130
f 4460/4964/4734 4491/109/5030 5842/159/5032
f 4799/5339/5123 4801/5341/5125 4808/5348/5132
f 4461/327/4735 4460/4964/4734 5854/202/161
f 4385/4896/4664 5903/5391/5171 4835/5376/5155
f 4386/4897/4665 5960/6094/5874 5911/5377/5156
f 4836/5378/5157 4446/4950/4720 4753/5257/5041
f 4729/5229/5008 4747/5248/4659 4398/4907/4676
f 4837/5379/5158 5852/6095/5875 4444/4948/4718
f 4838/5380/5159 4444/4948/4718 4752/5255/5039
f 5835/328/5160 4461/327/4735 4834/5375/5154
f 4815/5355/5139 5939/6096/5876 5938/5382/5162
f 4839/5383/5163 4846/5390/5170 4840/5384/5164
f 4841/5385/5166 5780/6097/5877 4828/5369/5152
f 4843/213/172 4397/4906/4675 4396/214/4674
f 4836/5378/5157 5911/5377/5156 4837/5379/5158
f 4844/5387/5167 5777/6098/5878 5904/5388/5168
f 4742/5242/5025 5902/6074/5850 4840/5384/5164
f 4472/4975/4747 4446/4950/4720 4836/5378/5157
f 4799/5339/5123 4833/5374/5127 4831/5372/5143
f 4385/4896/4664 4839/5383/5163 4477/96/5165
f 4384/4895/4663 5048/6099/5879 4839/5383/5163
f 4847/5392/5172 4845/5389/5169 5904/5388/5168
f 4743/5243/5026 5047/6092/5146 4813/5353/5137
f 5909/5393/5173 6033/6100/5880 4848/5394/5174
f 4383/4894/4662 4835/5376/5155 4815/5355/5139
f 4814/5354/5138 6031/6101/5881 5908/5395/5175
f 5778/5396/5176 5049/6102/5882 4850/5397/5177
f 3510/3876/3677 3509/3875/3676 3534/3900/3699
f 5685/5399/5179 5050/6103/4394 4851/5400/5180
f 5336/5401/5181 5349/5775/5547 5348/5402/5182
f 5071/5404/5184 5074/5495/5274 5080/5405/5185
f 5306/5407/5187 5336/5401/5181 5335/5403/5183
f 5086/216/5189 5088/218/5883 5084/5409/5190
f 5077/5411/5192 5079/5415/5195 5076/5412/5193
f 5081/5414/5194 5082/5476/5255 5079/5415/5195
f 5068/5416/5196 5072/5729/5504 5070/5417/5197
f 5099/5419/5199 5100/5554/5331 5098/5420/5200
f 5237/5422/5202 5238/5429/5209 5227/5423/5203
f 5283/5425/5205 5274/5723/5498 5275/5426/5206
f 5250/5428/5208 5251/5434/5214 5238/5429/5209
f 5255/5430/5210 5266/5618/5393 5267/5431/5211
f 5250/5428/5208 5260/5441/5221 5261/5433/5213
f 5213/5435/5215 5222/5565/5342 5223/5436/5216
f 6080/5438/5218 6077/5555/5332 6092/5439/5219
f 5260/5441/5221 5279/5446/5226 5280/5442/5222
f 4852/5443/5223 6072/6104/5884 6063/5444/5224
f 5279/5446/5226 5306/5407/5187 5305/5408/5188
f 5888/5447/5227 4852/5443/5223 4853/5445/5225
f 5211/5449/5229 5212/5700/5474 5174/5450/5230
f 5248/5452/5232 5249/5693/5467 5259/5453/5233
f 5375/5455/5235 5384/6105/5545 5360/5456/5236
f 5924/5458/5238 5923/5462/5242 6061/5459/5239
f 5887/5461/5241 5891/5670/5444 5923/5462/5242
f 5169/5463/5243 5173/6106/5885 5118/5464/5244
f 5427/5466/5246 5428/5707/5481 5493/5467/5247
f 5454/5469/5249 5451/5626/5401 5453/5470/5250
f 5272/5472/5252 5271/5475/5254 5297/5473/5253
f 5258/5454/5234 5259/5453/5233 5271/5475/5254
f 5083/5410/5191 5084/5409/5190 5082/5476/5255
f 5078/5406/5186 5080/5405/5185 5087/5477/5256
f 5636/5479/5258 5633/5737/5512 5775/5480/5259
f 5467/5482/5261 5456/5471/5251 5453/5470/5250
f 5334/5484/5263 5337/5613/5388 5330/5485/5264
f 5154/5487/5266 5147/5765/5538 5133/5488/5267
f 5411/5490/5269 5407/5605/5380 5412/5491/5270
f 5328/5493/5272 5298/5474/5253 5297/5473/5253
f 5067/5418/5198 5070/5417/5197 5074/5495/5274
f 5424/5496/5275 5418/5515/5294 5419/5497/5276
f 5425/5498/5277 5419/5497/5276 5415/5499/5278
f 5421/5501/5280 5420/5492/5271 5412/5491/5270
f 5186/5503/5282 5185/5716/5490 4855/5504/5283
f 6122/5506/5285 6120/5619/5394 6112/5507/5286
f 5178/5509/5288 5162/5701/5475 5158/5510/5289
f 5422/5500/5279 5415/5499/5278 5401/5512/5291
f 5423/5514/5293 5416/5516/5295 5418/5515/5294
f 5421/5501/5280 5414/5502/5281 5416/5516/5295
f 5299/5517/5296 5300/5535/5314 5277/5518/5297
f 5333/5520/5299 5322/6107/5886 5326/5521/5300
f 5182/5523/5302 5189/5593/5368 5188/5524/5303
f 5144/5526/5305 5134/5532/5311 5148/5527/5306
f 5474/5529/5308 5473/5600/5375 5481/5530/5309
f 5134/5532/5311 5126/5731/5506 5139/5533/5312
f 5323/5534/5313 5324/5621/5396 5300/5535/5314
f 5426/5536/5315 4863/5615/5390 5441/5537/5316
f 5182/5523/5302 5181/5525/5304 5166/5539/5318
f 5159/5541/5320 5167/6108/5887 5165/5542/5318
f 5150/5544/5322 5159/5541/5320 5155/5543/5321
f 5240/5546/5324 5241/5709/5483 4858/5547/5325
f 5103/5549/5327 5115/5465/5245 5118/5464/5244
f 5317/5551/5329 5319/5721/5496 5325/5552/5300
f 5099/5419/5199 5103/5549/5327 5104/5550/5328
f 5890/5481/5260 5775/5480/5259 6077/5555/5332
f 5255/5430/5210 5256/5432/5212 5245/5556/5333
f 5304/5558/5335 5269/5722/5497 5268/5559/5336
f 5431/5561/5338 5432/5676/5450 5439/5562/5339
f 5233/5564/5341 5234/5583/5359 5223/5436/5216
f 6122/5506/5285 6118/5508/5287 6121/5566/5343
f 5434/5568/5345 5440/5725/5500 5437/5569/5346
f 5190/5571/5347 4978/6109/5354 5180/5572/5348
f 5194/5574/5350 5183/5585/5361 5184/5575/5351
f 5202/5577/5353 5203/5732/5507 4859/5578/5354
f 5149/5580/5356 5160/5736/5511 5164/5581/5357
f 5244/5557/5334 5245/5556/5333 5234/5583/5359
f 5172/5584/5360 5177/6110/5888 5184/5575/5351
f 5294/5586/5362 5296/6111/5365 5302/5587/5363
f 5283/5425/5205 5285/5427/5207 5295/5589/5365
f 5307/5591/5366 5301/5588/5364 5302/5587/5363
f 5189/5593/5368 5201/5627/5402 5200/5594/5369
f 5307/5591/5366 5308/5592/5367 5311/5595/5370
f 5232/5597/5372 5231/5741/5516 5246/5598/5373
f 5467/5482/5261 5466/5483/5262 5473/5600/5375
f 5394/5601/5376 5392/5692/5465 5397/5602/5377
f 5402/5604/5379 5399/5622/5397 5407/5605/5380
f 6094/5606/5381 6090/5620/5395 5637/5607/5382
f 5242/5609/5384 5310/5646/5421 5316/5610/5385
f 5340/5612/5387 5341/5631/5406 5337/5613/5388
f 5426/5536/5315 5405/6112/5889 5409/5614/5389
f 5161/5616/5391 5144/5526/5305 5152/5528/5307
f 5276/5519/5298 5277/5518/5297 5267/5431/5211
f 6098/5440/5220 6092/5439/5219 6112/5507/5286
f 6123/5567/5344 6121/5566/5343 6090/5620/5395
f 5329/5486/5265 5330/5485/5264 5324/5621/5396
f 5398/5603/5378 5397/5602/5377 5399/5622/5397
f 5446/5623/5398 5444/5771/5543 5445/5624/5399
f 5447/5625/5400 5445/5624/5399 5451/5626/5401
f 5201/5627/5402 5213/5435/5215 5214/5437/5217
f 5143/5628/5403 5149/5580/5356 5156/5582/5358
f 5344/5630/5405 5345/5657/5431 5341/5631/5406
f 5342/5632/5407 5331/5635/5410 5332/5633/5408
f 5331/5635/5410 5304/5558/5335 5303/5560/5337
f 6087/5636/5411 6076/5680/5454 6075/5637/5412
f 5492/5639/5414 5482/5531/5310 5481/5530/5309
f 6104/5641/5416 6087/5636/5411 6083/5638/5413
f 5135/5643/5418 5151/5661/5435 5145/5644/5419
f 5310/5646/5421 4874/5781/5553 5370/5647/5422
f 5406/5648/5423 5391/5702/5476 5393/5649/5424
f 5486/5651/5425 5639/6113/5383 5638/5652/5426
f 6113/5654/5428 6105/5659/5433 6101/5655/5429
f 5358/5457/5237 5360/5456/5236 5345/5657/5431
f 6115/5658/5432 6109/5660/5434 6105/5659/5433
f 6115/5658/5432 6104/5641/5416 6099/5642/5417
f 5143/5628/5403 5153/5629/5404 5151/5661/5435
f 5347/5662/5436 5346/5733/5508 5363/5663/5437
f 4854/5468/5248 5493/5467/5247 5907/5665/5439
f 5171/5667/5441 5161/5616/5391 5163/5617/5392
f 5887/5461/5241 5740/6114/5451 5748/5669/5443
f 5888/5447/5227 5892/5448/5228 5751/5671/5445
f 6073/5673/5447 6071/6115/5240 6062/5674/5448
f 5432/5676/5450 5433/5570/5346 5437/5569/5346
f 5739/5677/5451 5741/6116/5890 5750/5678/5452
f 6076/5680/5454 5920/6117/5891 5906/5681/5455
f 5089/5682/5456 5091/5684/5458 5092/5683/5457
f 5097/5421/5201 5098/5420/5200 5092/5683/5457
f 6100/5685/5459 6095/5694/5468 6085/5686/5460
f 5471/5688/5462 5477/5756/5530 5476/5689/5463
f 5365/5691/5438 5362/6118/5892 5392/5692/5465
f 5235/219/5466 5236/221/177 5249/5693/5467
f 6106/5656/5430 6101/5655/5429 6095/5694/5468
f 5464/5695/5469 5471/5688/5462 5470/5690/5464
f 5138/5697/5471 5137/5705/5479 5124/5698/5472
f 5211/5449/5229 5242/5609/5384 5243/5611/5386
f 5162/5701/5475 5154/5487/5266 5146/5489/5268
f 5391/5702/5476 5359/5809/5576 5361/5703/5477
f 5141/5704/5478 5127/5757/5531 5124/5698/5472
f 5427/5466/5246 5355/5758/5532 5356/5706/5480
f 5240/5546/5324 5229/5713/5487 5228/5708/5482
f 5130/5710/5484 5101/5750/5524 5102/5711/5485
f 5229/5713/5487 5209/5715/5489 5208/5714/5488
f 5209/5715/5489 5130/5710/5484 5132/5712/5486
f 5178/5509/5288 5175/5511/5290 5185/5716/5490
f 5309/5596/5371 5311/5595/5370 5318/5717/5491
f 5086/216/5893 5089/5682/5456 5090/217/175
f 5224/5719/5493 5217/5734/5509 5218/5720/5494
f 5235/219/5894 5224/5719/5493 5225/220/5495
f 5315/5718/5492 5318/5717/5491 5319/5721/5496
f 5247/5599/5374 5246/5598/5373 5268/5559/5336
f 5274/5723/5498 5262/5764/5537 5264/5724/5499
f 5435/5538/5317 5441/5537/5316 5440/5725/5500
f 5215/5726/5501 5226/5424/5204 5227/5423/5203
f 5068/5416/5196 5069/5730/5505 5073/5728/5503
f 5069/5730/5505 5075/5413/5193 5076/5412/5193
f 5126/5731/5506 5131/5645/5420 5145/5644/5419
f 5202/5577/5353 5215/5726/5501 5216/5727/5502
f 5328/5493/5272 5327/5494/5273 5346/5733/5508
f 5217/5734/5509 5204/5751/5525 5205/5735/5510
f 5160/5736/5511 5179/5573/5349 5180/5572/5348
f 5636/5479/5258 5492/5639/5414 5491/5640/5415
f 5210/5738/5513 5207/5743/5517 5220/5739/5514
f 5221/5740/5515 5220/5739/5514 5231/5741/5516
f 5210/5738/5513 4926/6119/5895 4870/5742/5283
f 5651/5744/5518 4873/5762/5535 6065/5745/5519
f 5085/5478/5257 5087/5477/5256 5096/5747/5521
f 5093/5749/5523 5095/6120/5896 5102/5711/5485
f 5204/5751/5525 5194/5574/5350 5195/5576/5352
f 5484/5752/5526 5499/5755/5529 5495/5753/5527
f 5499/5755/5529 5651/5744/5518 5647/5746/5520
f 5477/5756/5530 5484/5752/5526 5483/5754/5528
f 5150/5544/5322 5136/5545/5323 5127/5757/5531
f 5355/5758/5532 5333/5520/5299 5338/5522/5301
f 5455/5759/5533 5465/6121/5897 5463/5760/5470
f 4873/5762/5535 6088/6122/5461 6086/5763/5536
f 5253/5548/5326 4858/5547/5325 5264/5724/5499
f 5147/5765/5538 5142/5767/5540 5128/5766/5539
f 5142/5767/5540 5138/5697/5471 5125/5699/5473
f 5396/5768/5541 5403/6123/5292 5400/5769/5291
f 5455/5759/5533 5452/5761/5534 5444/5771/5543
f 5410/5772/5544 5413/5778/5550 5383/5773/5545
f 5349/5775/5547 5367/5780/5552 5366/5776/5548
f 5410/5772/5544 5430/5779/5551 5436/5777/5549
f 5430/5779/5551 5431/5561/5338 5438/5563/5340
f 5367/5780/5552 5396/5768/5541 5395/5770/5542
f 4874/5781/5553 4898/5810/5577 4875/5782/5554
f 4876/5783/5555 5342/5632/5407 4864/5634/5409
f 4878/5785/5557 3695/4084/3545 2894/3250/3071
f 4880/5787/5559 4882/5789/5561 3579/3952/3745
f 3635/4014/3803 5457/5811/5578 4881/5788/5560
f 4882/5789/5561 5354/5808/5575 5343/5790/5562
f 3691/4079/3863 3248/3611/3422 3468/3837/3640
f 3392/3755/3561 3466/3835/3638 3468/3837/3640
f 3514/3880/3681 3466/3835/3638 2896/3252/3073
f 4880/5787/5559 3372/3735/3543 3374/3737/3545
f 3485/3854/3655 3248/3611/3422 3250/3613/3424
f 3065/3419/3237 4881/5788/5560 4885/5793/5565
f 4879/5786/5558 2894/3250/3071 2896/3252/3073
f 471/799/711 1268/1602/1458 4886/5794/5566
f 4888/5796/5568 955/1286/1177 1153/1488/1357
f 4890/5798/5570 5458/5812/5579 5368/5799/5571
f 4889/5797/5569 1153/1488/1357 1155/1490/1359
f 1060/1394/1277 833/1165/1060 1261/1595/1453
f 1060/1394/1277 1059/1393/1276 976/1307/1195
f 472/800/712 1059/1393/1276 1240/1573/1433
f 956/1287/1178 955/1286/1177 4888/5796/5568
f 834/1166/1061 833/1165/1060 1071/1404/1287
f 646/977/886 645/976/885 4893/5803/1061
f 472/800/712 471/799/711 4887/5795/5567
f 977/1308/1196 4887/5795/5567 1144/1479/1349
f 4892/5802/5573 1071/1404/1287 455/783/695
f 4891/5801/5566 4888/5796/5568 1147/1482/1352
f 1072/1405/1288 976/1307/1195 1041/1374/1259
f 1160/1495/1364 4889/5797/5569 5353/5800/5572
f 1147/1482/1352 4888/5796/5568 4889/5797/5569
f 4887/5795/5567 4886/5794/5566 4896/5806/5574
f 3566/3936/3731 4879/5786/5558 3394/3757/3563
f 2878/3234/3055 3485/3854/3655 4884/5792/5564
f 3648/4031/3819 4880/5787/5559 4883/5791/5563
f 3454/3821/3624 3392/3755/3561 3486/3855/3656
f 3647/4030/3818 3583/3956/3748 5354/5808/5575
f 3648/4031/3819 3647/4030/3818 4882/5789/5561
f 3567/3937/3732 4878/5785/5557 4879/5786/5558
f 5359/5809/5576 4876/5783/5555 4877/5784/5556
f 4898/5810/5577 5486/5651/5425 4866/5653/5427
f 5457/5811/5578 5485/5949/5689 3125/3481/3296
f 3248/3611/3422 3485/3854/3655 3486/3855/3656
f 3466/3835/3638 3392/3755/3561 3394/3757/3563
f 4881/5788/5560 3125/3481/3296 3124/3480/3295
f 705/1035/940 1158/1493/1362 5458/5812/5579
f 1072/1405/1288 1071/1404/1287 833/1165/1060
f 977/1308/1196 976/1307/1195 1059/1393/1276
f 4890/5798/5570 4893/5803/1061 4899/5813/5580
