# Blender v2.80 (sub 35) OBJ File: 'r3pu_lowpoly.blend'
# www.blender.org
v -1.105449 -2.357841 -7.106310
v -1.122096 -2.336890 -7.090931
v -1.108374 -2.359099 -7.107065
v 1.576485 -2.357841 -7.106310
v 1.593132 -2.336890 -7.090932
v 1.590207 -2.335633 -7.090174
v -1.122914 -2.336879 -7.092110
v -1.124655 -2.330817 -7.095458
v -1.108125 -2.357571 -7.114894
v 1.592634 -2.295609 -7.147328
v 1.581836 -2.319077 -7.164219
v 1.578912 -2.317818 -7.163464
v 1.574893 -2.356699 -7.114363
v 1.579746 -2.326160 -7.160525
v 1.577818 -2.357957 -7.115121
v 1.576821 -2.324903 -7.159770
v 1.580233 -2.323057 -7.163800
v 1.594065 -2.294681 -7.143344
v 1.597170 -2.297961 -7.140040
v 1.596990 -2.295938 -7.144099
v 1.593645 -2.294611 -7.145083
v 1.595559 -2.296867 -7.148084
v 1.590979 -2.328790 -7.094239
v 1.574449 -2.355545 -7.113673
v 1.589238 -2.334853 -7.090891
v 1.577994 -2.360000 -7.111043
v 1.575069 -2.358742 -7.110285
v 1.577828 -2.320209 -7.163684
v 1.580752 -2.321465 -7.164439
v 1.596309 -2.298002 -7.147626
v 1.597613 -2.299115 -7.140730
v 1.581084 -2.325868 -7.160163
v 1.594229 -2.334475 -7.090705
v 1.591305 -2.333216 -7.089948
v 1.594245 -2.296702 -7.139283
v 1.595242 -2.329756 -7.094634
v 1.592317 -2.328498 -7.093876
v 1.594749 -2.332882 -7.091342
v -1.105335 -2.323842 -7.158946
v -1.120559 -2.295976 -7.146409
v -1.121865 -2.297090 -7.139509
v -1.120788 -2.331625 -7.090584
v -1.124206 -2.329756 -7.094632
v -1.123713 -2.332882 -7.091342
v -1.103857 -2.356699 -7.114364
v -1.106957 -2.360000 -7.111043
v -1.106782 -2.357957 -7.115121
v -1.121598 -2.295609 -7.147328
v -1.125533 -2.295868 -7.145838
v -1.122609 -2.294611 -7.145083
v 1.575487 -2.358819 -7.108544
v 1.579410 -2.359099 -7.107065
v -1.123209 -2.296702 -7.139283
v -1.125953 -2.295938 -7.144098
v -1.126134 -2.297961 -7.140040
v -1.105785 -2.324903 -7.159771
v -1.109197 -2.323057 -7.163800
v -1.106272 -2.321800 -7.163045
v -1.119171 -2.335633 -7.090174
v -1.123193 -2.334475 -7.090705
v -1.108710 -2.326160 -7.160526
v -1.107876 -2.317818 -7.163465
v -1.109716 -2.321465 -7.164439
v -1.110801 -2.319077 -7.164220
v -1.121281 -2.328498 -7.093876
v -1.124523 -2.296867 -7.148086
v -1.104032 -2.358742 -7.110286
v -1.103605 -2.357778 -7.109220
v -1.104450 -2.358819 -7.108544
v -1.122609 -2.294611 -7.145083
v -1.123029 -2.294681 -7.143343
v -1.121668 -2.294880 -7.143943
v -1.106792 -2.320209 -7.163683
v -1.105868 -2.320451 -7.162523
v -1.106272 -2.321800 -7.163045
v -1.120268 -2.333216 -7.089948
v -1.119404 -2.332205 -7.090643
v -1.120788 -2.331625 -7.090584
v 1.575069 -2.358742 -7.110285
v 1.575487 -2.358819 -7.108544
v 1.574642 -2.357778 -7.109219
v 1.593645 -2.294611 -7.145083
v 1.592705 -2.294880 -7.143944
v 1.594065 -2.294681 -7.143344
v 1.577308 -2.321800 -7.163045
v 1.576904 -2.320451 -7.162524
v 1.577828 -2.320209 -7.163684
v 1.591825 -2.331625 -7.090584
v 1.590441 -2.332205 -7.090643
v 1.591305 -2.333216 -7.089948
v 1.577994 -2.360000 -7.111043
v 1.579354 -2.359803 -7.110437
v 1.578411 -2.360077 -7.109302
v 1.594749 -2.332882 -7.091342
v 1.594229 -2.334475 -7.090705
v 1.595153 -2.334230 -7.091862
v 1.596570 -2.295868 -7.145838
v 1.596990 -2.295938 -7.144099
v 1.597417 -2.296906 -7.145164
v 1.580233 -2.323057 -7.163800
v 1.580752 -2.321465 -7.164439
v 1.581616 -2.322476 -7.163744
v -1.109716 -2.321465 -7.164439
v -1.109197 -2.323057 -7.163800
v -1.110581 -2.322476 -7.163743
v -1.123193 -2.334475 -7.090705
v -1.123713 -2.332882 -7.091342
v -1.124117 -2.334231 -7.091862
v -1.106957 -2.360000 -7.111043
v -1.107375 -2.360077 -7.109302
v -1.108317 -2.359803 -7.110437
v -1.125533 -2.295868 -7.145838
v -1.126380 -2.296906 -7.145163
v -1.125953 -2.295938 -7.144098
v -1.107058 -2.317828 -7.162284
v -1.107876 -2.317818 -7.163465
v -1.105335 -2.323842 -7.158946
v -1.105785 -2.324903 -7.159771
v -1.118201 -2.334853 -7.090891
v -1.119171 -2.335633 -7.090174
v -1.119943 -2.328790 -7.094238
v -1.103413 -2.355545 -7.113674
v -1.103857 -2.356699 -7.114364
v -1.104701 -2.356704 -7.106765
v -1.105449 -2.357841 -7.106310
v -1.121598 -2.295609 -7.147328
v -1.121281 -2.328498 -7.093876
v -1.121865 -2.297090 -7.139509
v -1.123209 -2.296702 -7.139283
v -1.120559 -2.295976 -7.146409
v 1.574449 -2.355545 -7.113673
v 1.575737 -2.356704 -7.106766
v 1.576485 -2.357841 -7.106310
v 1.590979 -2.328790 -7.094239
v 1.589238 -2.334853 -7.090891
v 1.590207 -2.335633 -7.090174
v 1.591596 -2.295976 -7.146408
v 1.592634 -2.295609 -7.147328
v 1.578094 -2.317828 -7.162284
v 1.576371 -2.323843 -7.158946
v 1.576821 -2.324903 -7.159770
v 1.578912 -2.317818 -7.163464
v 1.594245 -2.296702 -7.139283
v 1.592317 -2.328498 -7.093876
v 1.592901 -2.297090 -7.139510
v 1.574893 -2.356699 -7.114363
v 1.579162 -2.357571 -7.114893
v 1.580450 -2.358731 -7.107986
v 1.579410 -2.359099 -7.107065
v 1.595691 -2.330817 -7.095459
v 1.593951 -2.336879 -7.092110
v 1.593132 -2.336890 -7.090932
v 1.596309 -2.298002 -7.147626
v 1.582806 -2.319854 -7.163502
v 1.595559 -2.296867 -7.148084
v 1.581084 -2.325868 -7.160163
v 1.579746 -2.326160 -7.160525
v 1.581836 -2.319077 -7.164219
v 1.597170 -2.297961 -7.140040
v 1.595242 -2.329756 -7.094634
v 1.597613 -2.299115 -7.140730
v 1.577818 -2.357957 -7.115121
v -1.111770 -2.319854 -7.163502
v -1.110801 -2.319077 -7.164220
v -1.110048 -2.325868 -7.160164
v -1.108710 -2.326160 -7.160526
v -1.122914 -2.336879 -7.092110
v -1.122096 -2.336890 -7.090931
v -1.124655 -2.330817 -7.095458
v -1.108125 -2.357571 -7.114894
v -1.106782 -2.357957 -7.115121
v -1.109413 -2.358731 -7.107985
v -1.108374 -2.359099 -7.107065
v -1.124523 -2.296867 -7.148086
v -1.126134 -2.297961 -7.140040
v -1.126577 -2.299115 -7.140729
v -1.125272 -2.298002 -7.147627
v -1.104450 -2.358819 -7.108544
v -1.107375 -2.360077 -7.109302
v -3.315829 -3.308807 -2.341138
v -3.318301 -3.357879 -2.218123
v -3.318301 -3.308807 -2.341138
v -3.301928 -3.295897 -2.335989
v -3.301928 -3.302038 -2.195848
v -3.301928 -3.344969 -2.212975
v -3.315829 -3.350118 -2.200063
v -3.318301 -3.307189 -2.182936
v -3.318301 -3.350118 -2.200063
v -3.315829 -3.289127 -2.190697
v -3.318301 -3.240054 -2.313715
v -3.318301 -3.289127 -2.190697
v -3.332202 -3.295897 -2.335989
v -3.332202 -3.302038 -2.195848
v -3.332202 -3.252965 -2.318863
v -3.318301 -3.296078 -2.349887
v -3.323621 -3.291138 -2.347919
v -3.318301 -3.290746 -2.348899
v -3.318301 -3.301384 -2.348760
v -3.323754 -3.296675 -2.348752
v -3.328130 -3.292254 -2.345119
v -3.326327 -3.300377 -2.346416
v -3.327424 -3.297324 -2.346380
v -3.323621 -3.307824 -2.340746
v -3.318301 -3.305853 -2.345687
v -3.328130 -3.305027 -2.339630
v -3.323754 -3.304618 -2.345340
v -3.323477 -3.300989 -2.347842
v -3.331144 -3.293926 -2.340930
v -3.331144 -3.300838 -2.337960
v -3.329867 -3.298940 -2.343073
v -3.327424 -3.302451 -2.344177
v -3.318301 -3.358867 -2.212790
v -3.323621 -3.356896 -2.217731
v -3.318301 -3.357739 -2.207485
v -3.323754 -3.357730 -2.212193
v -3.328130 -3.354097 -2.216614
v -3.326327 -3.355397 -2.208493
v -3.327424 -3.355360 -2.211545
v -3.323621 -3.349726 -2.201046
v -3.318301 -3.354667 -2.203017
v -3.328130 -3.348610 -2.203845
v -3.323754 -3.354318 -2.204252
v -3.323477 -3.356822 -2.207880
v -3.331144 -3.349910 -2.214943
v -3.331144 -3.346940 -2.208032
v -3.332202 -3.344969 -2.212975
v -3.329867 -3.352053 -2.209929
v -3.327424 -3.353157 -2.206419
v -3.323621 -3.248208 -2.330791
v -3.318301 -3.243267 -2.328820
v -3.318301 -3.247815 -2.331774
v -3.328130 -3.249323 -2.327992
v -3.323754 -3.243615 -2.327585
v -3.318301 -3.240195 -2.324353
v -3.326327 -3.242538 -2.323344
v -3.323477 -3.241113 -2.323956
v -3.331144 -3.248025 -2.316892
v -3.331144 -3.250994 -2.323804
v -3.328130 -3.243836 -2.315223
v -3.329867 -3.245880 -2.321908
v -3.327424 -3.244778 -2.325418
v -3.318301 -3.239066 -2.319046
v -3.323621 -3.241037 -2.314106
v -3.323754 -3.240203 -2.319643
v -3.327424 -3.242574 -2.320292
v -3.318301 -3.301856 -2.181948
v -3.323621 -3.306797 -2.183918
v -3.318301 -3.296551 -2.183075
v -3.323754 -3.301259 -2.183084
v -3.328130 -3.305680 -2.186718
v -3.326327 -3.297558 -2.185421
v -3.327424 -3.300611 -2.185457
v -3.323621 -3.290110 -2.191089
v -3.318301 -3.292081 -2.186148
v -3.328130 -3.292909 -2.192205
v -3.323754 -3.293316 -2.186497
v -3.323477 -3.296945 -2.183995
v -3.331144 -3.304009 -2.190907
v -3.331144 -3.297097 -2.193877
v -3.329867 -3.298994 -2.188762
v -3.327424 -3.295483 -2.187660
v -3.310509 -3.291138 -2.347919
v -3.315829 -3.296078 -2.349887
v -3.315829 -3.290746 -2.348899
v -3.306000 -3.292254 -2.345119
v -3.310376 -3.296675 -2.348752
v -3.315829 -3.301384 -2.348760
v -3.307803 -3.300377 -2.346416
v -3.310653 -3.300989 -2.347842
v -3.302986 -3.300838 -2.337960
v -3.302986 -3.293926 -2.340930
v -3.306000 -3.305027 -2.339630
v -3.304263 -3.298940 -2.343073
v -3.306706 -3.297324 -2.346380
v -3.315829 -3.305853 -2.345687
v -3.310509 -3.307824 -2.340746
v -3.310376 -3.304618 -2.345340
v -3.306706 -3.302451 -2.344177
v -3.310509 -3.356896 -2.217731
v -3.315829 -3.358867 -2.212790
v -3.315829 -3.357879 -2.218123
v -3.306000 -3.354097 -2.216614
v -3.310376 -3.357730 -2.212193
v -3.315829 -3.357739 -2.207485
v -3.307803 -3.355397 -2.208493
v -3.310653 -3.356822 -2.207880
v -3.302986 -3.346940 -2.208032
v -3.302986 -3.349910 -2.214943
v -3.306000 -3.348610 -2.203845
v -3.304263 -3.352053 -2.209929
v -3.306706 -3.355360 -2.211545
v -3.315829 -3.354667 -2.203017
v -3.310509 -3.349726 -2.201046
v -3.310376 -3.354318 -2.204252
v -3.306706 -3.353157 -2.206419
v -3.315829 -3.243267 -2.328820
v -3.310509 -3.248208 -2.330791
v -3.315829 -3.247815 -2.331774
v -3.315829 -3.240195 -2.324353
v -3.310376 -3.243615 -2.327585
v -3.306000 -3.249323 -2.327992
v -3.307803 -3.242538 -2.323344
v -3.306706 -3.244778 -2.325418
v -3.310509 -3.241037 -2.314106
v -3.315829 -3.239066 -2.319046
v -3.315829 -3.240054 -2.313715
v -3.306000 -3.243836 -2.315223
v -3.310376 -3.240203 -2.319643
v -3.310653 -3.241113 -2.323956
v -3.302986 -3.250994 -2.323804
v -3.302986 -3.248025 -2.316892
v -3.301928 -3.252965 -2.318863
v -3.304263 -3.245880 -2.321908
v -3.306706 -3.242574 -2.320292
v -3.310509 -3.306797 -2.183918
v -3.315829 -3.301856 -2.181948
v -3.315829 -3.307189 -2.182936
v -3.306000 -3.305680 -2.186718
v -3.310376 -3.301259 -2.183084
v -3.315829 -3.296551 -2.183075
v -3.307803 -3.297558 -2.185421
v -3.310653 -3.296945 -2.183995
v -3.302986 -3.297097 -2.193877
v -3.302986 -3.304009 -2.190907
v -3.306000 -3.292909 -2.192205
v -3.304263 -3.298994 -2.188762
v -3.306706 -3.300611 -2.185457
v -3.315829 -3.292081 -2.186148
v -3.310509 -3.290110 -2.191089
v -3.310376 -3.293316 -2.186497
v -3.306706 -3.295483 -2.187660
v 2.416087 -3.950939 1.702975
v 2.434310 -3.934840 1.706365
v 2.431632 -3.955039 1.704780
v 2.415072 -3.923002 1.715985
v 2.413903 -3.935077 1.705283
v 2.444024 -3.955600 1.715163
v 2.443009 -3.927664 1.728173
v 2.448118 -3.940786 1.720211
v 2.422164 -3.921202 1.739419
v 2.430389 -3.920824 1.720713
v 2.402063 -3.935191 1.741143
v 2.405314 -3.925433 1.728655
v 2.429999 -3.939852 1.753331
v 2.439529 -3.931142 1.743583
v 2.411777 -3.955951 1.749940
v 2.414455 -3.935752 1.751526
v 2.403078 -3.963127 1.728133
v 2.397969 -3.950005 1.736095
v 2.431014 -3.967789 1.740321
v 2.432184 -3.955714 1.751024
v 2.423922 -3.969589 1.716886
v 2.415698 -3.969967 1.735592
v 2.406557 -3.959649 1.712722
v 2.440773 -3.965358 1.727650
v 2.398849 -3.941359 1.717597
v 2.447237 -3.949432 1.738708
v 1.412320 0.846097 2.766871
v 1.405605 0.852812 2.758419
v 1.415122 0.854213 2.764069
v 1.404204 0.843295 2.764069
v 1.396088 0.852389 2.756803
v 1.387971 0.843295 2.764069
v 1.396088 0.842449 2.763222
v 1.379855 0.846097 2.766871
v 1.386570 0.852812 2.758419
v 1.406028 0.862330 2.756803
v 1.415969 0.862330 2.763222
v 1.396088 0.862330 2.754987
v 1.377053 0.854213 2.764069
v 1.386147 0.862330 2.756803
v 1.415122 0.870446 2.764069
v 1.405605 0.871846 2.758419
v 1.386570 0.871846 2.758419
v 1.396088 0.872270 2.756803
v 1.377053 0.870446 2.764069
v 1.412320 0.878561 2.766871
v 1.404204 0.881364 2.764069
v 1.387971 0.881364 2.764069
v 1.396088 0.882211 2.763222
v 1.379855 0.878561 2.766871
v 1.371403 0.852812 2.773586
v 1.377053 0.843295 2.774987
v 1.369787 0.852389 2.783104
v 1.377053 0.843295 2.791220
v 1.376207 0.842449 2.783104
v 1.379855 0.846097 2.799336
v 1.371403 0.852812 2.792621
v 1.369787 0.862330 2.773163
v 1.376207 0.862330 2.763222
v 1.367972 0.862330 2.783104
v 1.377053 0.854213 2.802138
v 1.369787 0.862330 2.793044
v 1.371403 0.871846 2.773586
v 1.371403 0.871846 2.792621
v 1.369787 0.872270 2.783104
v 1.377053 0.870446 2.802138
v 1.377053 0.881364 2.774987
v 1.377053 0.881364 2.791220
v 1.376207 0.882211 2.783104
v 1.379855 0.878561 2.799336
v 1.386570 0.852812 2.807788
v 1.387971 0.843295 2.802138
v 1.396088 0.852389 2.809404
v 1.404204 0.843295 2.802138
v 1.396088 0.842449 2.802985
v 1.412320 0.846097 2.799336
v 1.405605 0.852812 2.807788
v 1.386147 0.862330 2.809404
v 1.376207 0.862330 2.802985
v 1.396088 0.862330 2.811220
v 1.415122 0.854213 2.802138
v 1.406028 0.862330 2.809404
v 1.386570 0.871846 2.807788
v 1.405605 0.871846 2.807788
v 1.396088 0.872270 2.809404
v 1.415122 0.870446 2.802138
v 1.387971 0.881364 2.802138
v 1.404204 0.881364 2.802138
v 1.396088 0.882211 2.802985
v 1.412320 0.878561 2.799336
v 1.420773 0.852812 2.792621
v 1.415122 0.843295 2.791220
v 1.422388 0.852389 2.783104
v 1.415122 0.843295 2.774987
v 1.415969 0.842449 2.783104
v 1.420773 0.852812 2.773586
v 1.422388 0.862330 2.793044
v 1.415969 0.862330 2.802985
v 1.424204 0.862330 2.783104
v 1.422388 0.862330 2.773163
v 1.420773 0.871846 2.792621
v 1.420773 0.871846 2.773586
v 1.422388 0.872270 2.783104
v 1.415122 0.881364 2.791220
v 1.415122 0.881364 2.774987
v 1.415969 0.882211 2.783104
v 1.405605 0.837645 2.792621
v 1.396088 0.836030 2.793044
v 1.386570 0.837645 2.792621
v 1.406028 0.836030 2.783104
v 1.396088 0.834213 2.783104
v 1.386147 0.836030 2.783104
v 1.405605 0.837645 2.773586
v 1.386570 0.837645 2.773586
v 1.396088 0.836030 2.773163
v 1.405605 0.887015 2.773586
v 1.396088 0.888629 2.773163
v 1.386570 0.887015 2.773586
v 1.406028 0.888629 2.783104
v 1.396088 0.890446 2.783104
v 1.386147 0.888629 2.783104
v 1.405605 0.887015 2.792621
v 1.386570 0.887015 2.792621
v 1.396088 0.888629 2.793044
v -2.937029 4.255931 1.322379
v -2.944061 4.242526 1.316808
v -2.943334 4.256087 1.322013
v -2.937788 4.241792 1.316951
v -2.946174 4.229098 1.311664
v -2.939991 4.227792 1.311589
v -2.949672 4.215939 1.306634
v -2.943637 4.214071 1.306344
v -2.954554 4.203180 1.301767
v -2.930981 4.255458 1.323568
v -2.931769 4.240766 1.317929
v -2.934059 4.226217 1.312356
v -2.937848 4.211960 1.306905
v -2.948727 4.200769 1.301270
v -2.925452 4.254669 1.325583
v -2.926268 4.239471 1.319749
v -2.928636 4.224423 1.313984
v -2.932555 4.209675 1.308346
v -2.943137 4.198137 1.301632
v -2.920705 4.253565 1.328426
v -2.921544 4.237933 1.322426
v -2.923979 4.222456 1.316497
v -2.928011 4.207287 1.310698
v -2.938027 4.195376 1.302893
v -2.950329 4.242945 1.317486
v -2.949632 4.255928 1.322470
v -2.956329 4.243024 1.318975
v -2.955662 4.255453 1.323746
v -2.961801 4.242739 1.321265
v -2.961161 4.254663 1.325841
v -2.966483 4.242065 1.324342
v -2.965866 4.253556 1.328752
v -2.952352 4.230089 1.312562
v -2.958265 4.230717 1.314261
v -2.963658 4.230932 1.316742
v -2.968273 4.230688 1.319983
v -2.955700 4.217490 1.307746
v -2.961471 4.218655 1.309650
v -2.966734 4.219360 1.312318
v -2.971236 4.219537 1.315720
v -2.960374 4.205276 1.303086
v -2.965946 4.206961 1.305190
v -2.971026 4.208142 1.308039
v -2.975373 4.208727 1.311597
v -2.950262 4.268911 1.327463
v -2.943991 4.269649 1.327228
v -2.952219 4.281766 1.332416
v -2.946035 4.283075 1.332403
v -2.955502 4.294364 1.337281
v -2.949465 4.296233 1.337483
v -2.960113 4.306577 1.342007
v -2.954281 4.308990 1.342420
v -2.956265 4.267882 1.328527
v -2.958138 4.280190 1.333269
v -2.961282 4.292250 1.337925
v -2.965696 4.303942 1.342451
v -2.961739 4.266586 1.330427
v -2.963536 4.278393 1.334977
v -2.966552 4.289963 1.339444
v -2.970787 4.301179 1.343785
v -2.966424 4.265047 1.333171
v -2.968155 4.276424 1.337555
v -2.971061 4.287574 1.341860
v -2.975142 4.298383 1.346044
v -2.937715 4.270069 1.327817
v -2.931694 4.270150 1.329218
v -2.926189 4.269868 1.331428
v -2.939846 4.284068 1.333211
v -2.933908 4.284698 1.334824
v -2.928480 4.284915 1.337226
v -2.921463 4.269197 1.334438
v -2.943421 4.297788 1.338508
v -2.937624 4.298954 1.340329
v -2.932323 4.299662 1.342921
v -2.923819 4.284673 1.340401
v -2.948443 4.311088 1.343655
v -2.942842 4.312775 1.345677
v -2.937721 4.313958 1.348453
v -2.927772 4.299840 1.346258
v -3.200541 4.154088 1.285173
v -3.205834 4.168451 1.290259
v -3.196077 4.158406 1.286328
v -3.210713 4.164560 1.289271
v -3.214507 4.179316 1.294496
v -3.219756 4.175888 1.293689
v -3.221996 4.190906 1.299004
v -3.227564 4.187971 1.298390
v -3.228199 4.203126 1.303745
v -3.204813 4.149628 1.284906
v -3.215383 4.160510 1.289164
v -3.224780 4.172281 1.293755
v -3.232893 4.184837 1.298640
v -3.234031 4.200712 1.303332
v -3.208706 4.145198 1.285591
v -3.219640 4.156454 1.289996
v -3.229361 4.168631 1.294745
v -3.237753 4.181620 1.299797
v -3.239614 4.198077 1.303775
v -3.212035 4.140972 1.287293
v -3.223281 4.152550 1.291824
v -3.233278 4.165072 1.296709
v -3.241910 4.178432 1.301904
v -3.244705 4.195314 1.305110
v -3.200949 4.172026 1.292068
v -3.191608 4.162409 1.288305
v -3.196261 4.175129 1.294641
v -3.187318 4.165922 1.291039
v -3.191974 4.177605 1.297920
v -3.183395 4.168774 1.294464
v -3.188291 4.179299 1.301846
v -3.180024 4.170788 1.298515
v -3.209252 4.182427 1.296125
v -3.204211 4.185086 1.298525
v -3.199600 4.187158 1.301646
v -3.195641 4.188505 1.305437
v -3.216422 4.193523 1.300441
v -3.211074 4.195709 1.302658
v -3.206185 4.197349 1.305610
v -3.201986 4.198325 1.309256
v -3.222361 4.205223 1.304980
v -3.216760 4.206910 1.307003
v -3.211639 4.208094 1.309779
v -3.207242 4.208680 1.313273
v -3.181327 4.153668 1.284872
v -3.185339 4.149277 1.282742
v -3.170203 4.145894 1.281803
v -3.173720 4.141157 1.279537
v -3.158332 4.139177 1.279135
v -3.161321 4.134141 1.276750
v -3.145812 4.133608 1.276904
v -3.148243 4.128324 1.274419
v -3.177476 4.157555 1.287752
v -3.166826 4.150112 1.284814
v -3.155461 4.143682 1.282260
v -3.143475 4.138350 1.280124
v -3.173953 4.160746 1.291311
v -3.163736 4.153606 1.288493
v -3.152834 4.147436 1.286043
v -3.141335 4.142322 1.283993
v -3.170925 4.163053 1.295476
v -3.161079 4.156172 1.292760
v -3.150574 4.150227 1.290400
v -3.139493 4.145297 1.288425
v -3.189345 4.144569 1.281435
v -3.193178 4.139736 1.281020
v -3.196671 4.134966 1.281571
v -3.177231 4.136104 1.278093
v -3.180589 4.130939 1.277547
v -3.183649 4.125865 1.277979
v -3.199657 4.130448 1.283159
v -3.164303 4.128789 1.275187
v -3.167156 4.123337 1.274529
v -3.169754 4.118002 1.274856
v -3.186264 4.121088 1.279465
v -3.150669 4.122724 1.272757
v -3.152987 4.117034 1.272004
v -3.155097 4.111483 1.272244
v -3.171972 4.113001 1.276253
v -3.090866 4.399853 1.378802
v -3.076359 4.393484 1.375777
v -3.090884 4.394128 1.376131
v -3.075722 4.399181 1.378433
v -3.061980 4.391547 1.374927
v -3.060730 4.397162 1.377548
v -3.047892 4.388316 1.373583
v -3.046042 4.393793 1.376146
v -3.034237 4.383793 1.371746
v -3.090842 4.405016 1.382201
v -3.075105 4.404319 1.381817
v -3.059527 4.402220 1.380897
v -3.044263 4.398720 1.379441
v -3.031806 4.389077 1.374230
v -3.090814 4.409373 1.386233
v -3.074535 4.408652 1.385837
v -3.058421 4.406482 1.384885
v -3.042632 4.402861 1.383379
v -3.029469 4.393819 1.377450
v -3.090782 4.412680 1.390805
v -3.074039 4.411938 1.390398
v -3.057465 4.409705 1.389418
v -3.041226 4.405981 1.387869
v -3.027329 4.397791 1.381319
v -3.076990 4.387471 1.373943
v -3.090897 4.388087 1.374281
v -3.077589 4.381387 1.373025
v -3.090902 4.381976 1.373349
v -3.078128 4.375474 1.373115
v -3.090900 4.376040 1.373426
v -3.078583 4.369977 1.374308
v -3.090890 4.370523 1.374608
v -3.063224 4.385616 1.373129
v -3.064409 4.379611 1.372246
v -3.065485 4.373771 1.372368
v -3.066399 4.368336 1.373588
v -3.049736 4.382524 1.371843
v -3.051497 4.376650 1.371014
v -3.053098 4.370930 1.371186
v -3.054461 4.365599 1.372449
v -3.036663 4.378193 1.370083
v -3.038981 4.372503 1.369329
v -3.041091 4.366952 1.369570
v -3.042892 4.361765 1.370892
v -3.104806 4.387466 1.374144
v -3.105413 4.393478 1.375987
v -3.118582 4.385606 1.373530
v -3.119802 4.391536 1.375346
v -3.132086 4.382507 1.372438
v -3.133907 4.388299 1.374205
v -3.145181 4.378171 1.370867
v -3.147584 4.383770 1.372565
v -3.104218 4.381381 1.373217
v -3.117407 4.379601 1.372629
v -3.130335 4.376635 1.371584
v -3.142871 4.372482 1.370081
v -3.103675 4.375468 1.373300
v -3.116327 4.373760 1.372736
v -3.128729 4.370915 1.371733
v -3.140756 4.366932 1.370290
v -3.103201 4.369972 1.374486
v -3.115393 4.368326 1.373943
v -3.127345 4.365583 1.372977
v -3.138935 4.361746 1.371586
v -3.106014 4.399176 1.378652
v -3.106584 4.404312 1.382045
v -3.107097 4.408646 1.386072
v -3.121016 4.397150 1.377984
v -3.122172 4.402207 1.381350
v -3.123222 4.406468 1.385354
v -3.107529 4.411931 1.390640
v -3.135721 4.393776 1.376794
v -3.137455 4.398701 1.380114
v -3.139030 4.402842 1.384076
v -3.124114 4.409692 1.389901
v -3.149982 4.389053 1.375083
v -3.152274 4.393794 1.378337
v -3.154359 4.397765 1.382237
v -3.140372 4.405962 1.388586
v -2.982458 4.154132 1.283597
v -2.997692 4.149315 1.281385
v -2.986906 4.158448 1.284816
v -2.993703 4.144609 1.280019
v -3.009353 4.141190 1.278348
v -3.005861 4.136138 1.276854
v -3.021788 4.134169 1.275742
v -3.018826 4.128818 1.274136
v -3.034895 4.128346 1.273600
v -2.978189 4.149673 1.283268
v -2.989874 4.139777 1.279550
v -3.002509 4.130974 1.276260
v -3.015981 4.123367 1.273436
v -3.032492 4.122747 1.271904
v -2.974285 4.145245 1.283896
v -2.986372 4.135008 1.280051
v -2.999441 4.125902 1.276648
v -3.013377 4.118033 1.273726
v -3.030182 4.117059 1.271116
v -2.970930 4.141020 1.285550
v -2.983362 4.130491 1.281596
v -2.996803 4.121126 1.278095
v -3.011137 4.113033 1.275091
v -3.028067 4.111508 1.271327
v -3.001674 4.153705 1.283573
v -2.991348 4.162449 1.286857
v -3.005485 4.157589 1.286508
v -2.995599 4.165961 1.289652
v -3.008957 4.160779 1.290118
v -2.999474 4.168810 1.293134
v -3.011925 4.163084 1.294327
v -3.002786 4.170824 1.297234
v -3.012838 4.145926 1.280666
v -3.016173 4.150142 1.283725
v -3.019211 4.153635 1.287447
v -3.021806 4.156200 1.291754
v -3.024744 4.139204 1.278170
v -3.027571 4.143707 1.281335
v -3.030145 4.147461 1.285156
v -3.032343 4.150250 1.289545
v -3.037293 4.133629 1.276120
v -3.039585 4.138370 1.279373
v -3.041670 4.142342 1.283272
v -3.043449 4.145317 1.287731
v -2.981957 4.172070 1.290485
v -2.977098 4.168497 1.288605
v -2.973600 4.182474 1.294422
v -2.968369 4.179365 1.292718
v -2.966373 4.193573 1.298633
v -2.960820 4.190957 1.297116
v -2.986609 4.175171 1.293126
v -2.978608 4.185132 1.296895
v -2.971689 4.195758 1.300927
v -2.990849 4.177646 1.296466
v -2.983173 4.187202 1.300082
v -2.976536 4.197394 1.303950
v -2.994475 4.179338 1.300445
v -2.987079 4.188547 1.303929
v -2.980683 4.198370 1.307657
v -2.972232 4.164608 1.287548
v -2.967562 4.160560 1.287372
v -2.963292 4.156506 1.288143
v -2.963130 4.175940 1.291834
v -2.958105 4.172334 1.291828
v -2.953509 4.168686 1.292751
v -2.959624 4.152602 1.289918
v -2.955260 4.188026 1.296421
v -2.949926 4.184895 1.296594
v -2.945049 4.181678 1.297680
v -2.949562 4.165130 1.294657
v -2.940861 4.178492 1.299728
v -3.245445 4.255869 1.324608
v -3.238419 4.269589 1.329357
v -3.239147 4.256028 1.324152
v -3.244687 4.270008 1.330036
v -3.236306 4.283017 1.334501
v -3.242484 4.284007 1.335398
v -3.232809 4.296177 1.339531
v -3.238837 4.297729 1.340643
v -3.227927 4.308935 1.344398
v -3.251475 4.255394 1.325885
v -3.250687 4.270086 1.331524
v -3.248398 4.284635 1.337098
v -3.244608 4.298892 1.342548
v -3.233747 4.311030 1.345717
v -3.256974 4.254603 1.327980
v -3.256158 4.269801 1.333813
v -3.253791 4.284850 1.339578
v -3.249871 4.299599 1.345216
v -3.239319 4.312716 1.347821
v -3.261679 4.253497 1.330891
v -3.260840 4.269129 1.336891
v -3.258405 4.284606 1.342820
v -3.254374 4.299775 1.348619
v -3.244400 4.313897 1.350670
v -3.232146 4.268855 1.329501
v -3.232842 4.255872 1.324517
v -3.226127 4.267829 1.330477
v -3.226794 4.255399 1.325706
v -3.220626 4.266535 1.332299
v -3.221265 4.254610 1.327722
v -3.215902 4.264997 1.334975
v -3.216518 4.253506 1.330564
v -3.230123 4.281711 1.334425
v -3.224191 4.280136 1.335192
v -3.218768 4.278341 1.336821
v -3.214111 4.276375 1.339333
v -3.226774 4.294310 1.339242
v -3.220985 4.292198 1.339803
v -3.215693 4.289912 1.341245
v -3.211148 4.287525 1.343596
v -3.222100 4.306524 1.343901
v -3.216510 4.303892 1.344264
v -3.211400 4.301131 1.345524
v -3.207011 4.298336 1.347720
v -3.232213 4.242888 1.319524
v -3.238489 4.242467 1.318937
v -3.230256 4.230034 1.314571
v -3.236445 4.229041 1.313762
v -3.226972 4.217436 1.309706
v -3.233016 4.215882 1.308682
v -3.226192 4.242970 1.320926
v -3.224319 4.230663 1.316185
v -3.221175 4.218602 1.311527
v -3.220687 4.242686 1.323136
v -3.218890 4.230881 1.318587
v -3.215874 4.219311 1.314119
v -3.215961 4.242016 1.326146
v -3.214229 4.230639 1.321762
v -3.211323 4.219489 1.317456
v -3.244760 4.241731 1.319171
v -3.250762 4.240702 1.320235
v -3.256237 4.239406 1.322135
v -3.242629 4.227732 1.313777
v -3.248549 4.226155 1.314629
v -3.253947 4.224358 1.316336
v -3.260921 4.237865 1.324879
v -3.239053 4.214012 1.308479
v -3.244833 4.211899 1.309125
v -3.250103 4.209611 1.310643
v -3.258565 4.222389 1.318916
v -3.254612 4.207222 1.313059
v -3.091608 4.111948 1.268185
v -3.106122 4.118631 1.270388
v -3.091596 4.117988 1.270034
v -3.106752 4.112618 1.268554
v -3.120500 4.120569 1.271238
v -3.121744 4.114638 1.269439
v -3.134589 4.123799 1.272582
v -3.136433 4.118007 1.270841
v -3.091614 4.105837 1.267252
v -3.107351 4.106534 1.267636
v -3.122930 4.108633 1.268556
v -3.138193 4.112133 1.270012
v -3.091612 4.099900 1.267330
v -3.107891 4.100621 1.267726
v -3.124005 4.102792 1.268678
v -3.139794 4.106413 1.270185
v -3.091602 4.094382 1.268512
v -3.108346 4.095124 1.268920
v -3.124919 4.097358 1.269899
v -3.141159 4.101081 1.271448
v -3.105484 4.124329 1.273044
v -3.091578 4.123713 1.272706
v -3.104868 4.129466 1.276429
v -3.091554 4.128876 1.276104
v -3.104298 4.133800 1.280448
v -3.091526 4.133234 1.280138
v -3.103801 4.137086 1.285009
v -3.091494 4.136540 1.284709
v -3.119250 4.126184 1.273858
v -3.118047 4.131242 1.277207
v -3.116941 4.135503 1.281195
v -3.115985 4.138727 1.285729
v -3.132739 4.129276 1.275144
v -3.130960 4.134203 1.278439
v -3.129329 4.138344 1.282377
v -3.127923 4.141464 1.286868
v -3.077668 4.124334 1.272843
v -3.077067 4.118638 1.270178
v -3.063892 4.126195 1.273457
v -3.062678 4.120581 1.270819
v -3.050388 4.129293 1.274549
v -3.048573 4.123817 1.271960
v -3.078238 4.129472 1.276236
v -3.065050 4.131252 1.276825
v -3.052121 4.134218 1.277870
v -3.078751 4.133805 1.280263
v -3.066099 4.135513 1.280827
v -3.053697 4.138359 1.281830
v -3.079183 4.137091 1.284831
v -3.066991 4.138737 1.285374
v -3.055039 4.141479 1.286340
v -3.076460 4.112625 1.268335
v -3.075873 4.106541 1.267408
v -3.075329 4.100628 1.267491
v -3.061459 4.114651 1.269003
v -3.060284 4.108645 1.268103
v -3.059204 4.102805 1.268210
v -3.074855 4.095131 1.268677
v -3.046752 4.118025 1.270193
v -3.045002 4.112151 1.269338
v -3.043396 4.106432 1.269488
v -3.058270 4.097371 1.269416
v -3.042012 4.101101 1.270731
v -3.200016 4.357668 1.363390
v -3.184789 4.362802 1.364780
v -3.195574 4.353667 1.361349
v -3.188771 4.367191 1.366968
v -3.173127 4.370926 1.367816
v -3.176613 4.375662 1.370133
v -3.160692 4.377947 1.370423
v -3.163648 4.382982 1.372851
v -3.204267 4.361179 1.366186
v -3.192582 4.371076 1.369903
v -3.179947 4.379878 1.373192
v -3.166475 4.387486 1.376017
v -3.208142 4.364029 1.369668
v -3.196054 4.374266 1.373512
v -3.182985 4.383371 1.376916
v -3.169049 4.391240 1.379837
v -3.211454 4.366042 1.373767
v -3.199022 4.376571 1.377721
v -3.185581 4.385936 1.381221
v -3.171247 4.394029 1.384226
v -3.180800 4.358095 1.363414
v -3.191126 4.349351 1.360130
v -3.176971 4.353264 1.362945
v -3.186857 4.344892 1.359800
v -3.173469 4.348495 1.363446
v -3.182953 4.340464 1.360428
v -3.170459 4.343978 1.364990
v -3.179598 4.336239 1.362083
v -3.169635 4.365874 1.366321
v -3.166283 4.360710 1.365728
v -3.163215 4.355639 1.366115
v -3.160578 4.350863 1.367563
v -3.157730 4.372597 1.368817
v -3.154885 4.367146 1.368118
v -3.152281 4.361813 1.368408
v -3.150041 4.356813 1.369772
v -3.200517 4.339730 1.356502
v -3.205382 4.343619 1.357560
v -3.208874 4.329326 1.352565
v -3.214112 4.332751 1.353447
v -3.216101 4.318227 1.348353
v -3.221661 4.321158 1.349049
v -3.195847 4.335682 1.356328
v -3.203848 4.325721 1.352559
v -3.210767 4.315095 1.348527
v -3.191577 4.331628 1.357097
v -3.199253 4.322072 1.353481
v -3.205890 4.311878 1.349613
v -3.187909 4.327725 1.358872
v -3.195305 4.318516 1.355388
v -3.201702 4.308693 1.351660
v -3.210242 4.347192 1.359439
v -3.214894 4.350293 1.362080
v -3.219134 4.352767 1.365421
v -3.219344 4.335860 1.355153
v -3.224351 4.338518 1.357626
v -3.228917 4.340588 1.360813
v -3.222760 4.354460 1.369400
v -3.227214 4.323773 1.350566
v -3.232530 4.325958 1.352859
v -3.237377 4.327596 1.355882
v -3.232822 4.341932 1.364660
v -3.241523 4.328570 1.359589
v -2.981933 4.357712 1.361814
v -2.976646 4.343665 1.355906
v -2.986403 4.353709 1.359837
v -2.971761 4.347240 1.357716
v -2.967973 4.332800 1.351669
v -2.962718 4.335912 1.353298
v -2.960484 4.321211 1.347161
v -2.954910 4.323829 1.348597
v -2.977643 4.361225 1.364547
v -2.967073 4.350343 1.360289
v -2.957676 4.338572 1.355697
v -2.949563 4.326015 1.350813
v -2.973721 4.364076 1.367973
v -2.962786 4.352819 1.363568
v -2.953066 4.340643 1.358819
v -2.944673 4.327654 1.353766
v -2.970349 4.366091 1.372024
v -2.959104 4.354512 1.367493
v -2.949106 4.341990 1.362608
v -2.940474 4.328630 1.357413
v -2.981525 4.339774 1.354919
v -2.990866 4.349391 1.358682
v -2.986196 4.335724 1.354811
v -2.995138 4.344930 1.358414
v -2.990452 4.331668 1.355643
v -2.999031 4.340500 1.359099
v -2.994093 4.327764 1.357471
v -3.002360 4.336274 1.360801
v -2.973222 4.329372 1.350861
v -2.978246 4.325766 1.350928
v -2.982826 4.322115 1.351917
v -2.986744 4.318558 1.353880
v -2.966052 4.318276 1.346546
v -2.971382 4.315143 1.346796
v -2.976241 4.311925 1.347953
v -2.980398 4.308737 1.350061
v -3.001147 4.358131 1.362115
v -2.997141 4.362839 1.363423
v -3.012272 4.365906 1.365184
v -3.008761 4.370959 1.366628
v -3.024143 4.372623 1.367852
v -3.021160 4.377976 1.369415
v -3.004981 4.353298 1.361702
v -3.015630 4.360741 1.364639
v -3.026995 4.367171 1.367193
v -3.008473 4.348528 1.362253
v -3.018690 4.355668 1.365071
v -3.029593 4.361837 1.367521
v -3.011459 4.344010 1.363841
v -3.021305 4.350891 1.366557
v -3.031811 4.356835 1.368917
v -2.993129 4.367230 1.365553
v -2.989278 4.371117 1.368434
v -2.985755 4.374308 1.371992
v -3.005244 4.375696 1.368894
v -3.001867 4.379914 1.371906
v -2.998777 4.383408 1.375584
v -2.982728 4.376614 1.376158
v -3.018171 4.383012 1.371800
v -3.015301 4.387516 1.374924
v -3.012673 4.391271 1.378707
v -2.996121 4.385974 1.379852
v -3.010413 4.394061 1.383064
v -2.943707 4.223892 1.365306
v -2.936681 4.237612 1.370055
v -2.942979 4.237453 1.370512
v -2.937439 4.223474 1.364627
v -2.930651 4.238087 1.368778
v -2.931439 4.223394 1.363139
v -2.925152 4.238877 1.366684
v -2.925967 4.223680 1.360850
v -2.920447 4.239985 1.363772
v -2.945820 4.210465 1.360162
v -2.939642 4.209474 1.359265
v -2.933728 4.208847 1.357565
v -2.928335 4.208632 1.355085
v -2.921286 4.224353 1.357772
v -2.949317 4.197305 1.355132
v -2.943289 4.195753 1.354020
v -2.937518 4.194589 1.352115
v -2.932255 4.193883 1.349447
v -2.923721 4.208875 1.351843
v -2.954199 4.184547 1.350265
v -2.948379 4.182451 1.348946
v -2.942807 4.180766 1.346842
v -2.937726 4.179585 1.343993
v -2.927752 4.193707 1.346044
v -2.943637 4.251014 1.375726
v -2.937366 4.251751 1.375492
v -2.945681 4.264441 1.380900
v -2.939497 4.265750 1.380887
v -2.949111 4.277599 1.385981
v -2.943073 4.279469 1.386184
v -2.953927 4.290356 1.390918
v -2.931363 4.252779 1.374428
v -2.933578 4.267326 1.380034
v -2.937294 4.281583 1.385539
v -2.948094 4.292769 1.391330
v -2.925889 4.254076 1.372528
v -2.928179 4.269123 1.378326
v -2.932023 4.283870 1.384020
v -2.942512 4.295404 1.390887
v -2.921205 4.255615 1.369783
v -2.923561 4.271092 1.375747
v -2.927514 4.286260 1.381604
v -2.937421 4.298166 1.389554
v -2.949914 4.250593 1.375139
v -2.949284 4.237610 1.370145
v -2.955935 4.250512 1.373737
v -2.955332 4.238082 1.368956
v -2.961439 4.250794 1.371527
v -2.960861 4.238871 1.366941
v -2.966165 4.251466 1.368517
v -2.965608 4.239975 1.364098
v -2.951870 4.263448 1.380092
v -2.957808 4.262818 1.378479
v -2.963236 4.262601 1.376076
v -2.967896 4.262843 1.372901
v -2.955153 4.276046 1.384957
v -2.960951 4.274879 1.383135
v -2.966252 4.274171 1.380544
v -2.970803 4.273993 1.377206
v -2.959765 4.288259 1.389683
v -2.965366 4.286571 1.387661
v -2.970487 4.285387 1.384884
v -2.974884 4.284802 1.381390
v -2.949980 4.224627 1.365162
v -2.952003 4.211771 1.360238
v -2.955352 4.199172 1.355422
v -2.960026 4.186956 1.350762
v -2.955999 4.225653 1.364186
v -2.957935 4.213346 1.359471
v -2.961141 4.201284 1.354860
v -2.965616 4.189590 1.350400
v -2.961500 4.226947 1.362364
v -2.963358 4.215140 1.357841
v -2.966434 4.203569 1.353418
v -2.970726 4.192350 1.349139
v -2.966224 4.228484 1.359688
v -2.968015 4.217107 1.355329
v -2.970978 4.205957 1.351066
v -2.975115 4.195146 1.346943
v -3.205480 4.149817 1.338757
v -3.200193 4.135770 1.332849
v -3.195723 4.139772 1.334826
v -3.210365 4.146242 1.336947
v -3.204483 4.132257 1.330116
v -3.215053 4.143139 1.334374
v -3.208405 4.129406 1.326690
v -3.219340 4.140662 1.331095
v -3.211777 4.127391 1.322639
v -3.214153 4.160681 1.342994
v -3.219408 4.157569 1.341365
v -3.224450 4.154910 1.338966
v -3.229060 4.152839 1.335845
v -3.223022 4.138969 1.327170
v -3.221642 4.172271 1.347502
v -3.227216 4.169653 1.346065
v -3.232563 4.167466 1.343850
v -3.237453 4.165828 1.340897
v -3.233020 4.151492 1.332055
v -3.227845 4.184491 1.352243
v -3.233683 4.182394 1.351008
v -3.239284 4.180707 1.348986
v -3.244405 4.179523 1.346210
v -3.241652 4.164851 1.337250
v -3.184985 4.130643 1.331240
v -3.188997 4.126251 1.329110
v -3.173365 4.122522 1.328035
v -3.176882 4.117786 1.325769
v -3.160966 4.115506 1.325248
v -3.163955 4.110470 1.322863
v -3.147889 4.109689 1.322918
v -3.192848 4.122365 1.326230
v -3.180259 4.113567 1.322757
v -3.166825 4.105966 1.319739
v -3.150321 4.104404 1.320433
v -3.196371 4.119174 1.322671
v -3.183349 4.110073 1.319079
v -3.169453 4.102210 1.315957
v -3.152657 4.099663 1.317214
v -3.199399 4.116867 1.318505
v -3.186005 4.107508 1.314811
v -3.171713 4.099421 1.311599
v -3.154797 4.095691 1.313345
v -3.180979 4.135350 1.332548
v -3.191260 4.144091 1.335981
v -3.177145 4.140183 1.332962
v -3.186988 4.148551 1.336249
v -3.173653 4.144954 1.332410
v -3.183095 4.152982 1.335564
v -3.170667 4.149471 1.330823
v -3.179766 4.157208 1.333861
v -3.169854 4.127576 1.329479
v -3.166496 4.132741 1.330024
v -3.163436 4.137814 1.329592
v -3.160821 4.142591 1.328106
v -3.157984 4.120858 1.326811
v -3.155131 4.126310 1.327470
v -3.152534 4.131644 1.327142
v -3.150315 4.136645 1.325746
v -3.145463 4.115289 1.324580
v -3.143145 4.120978 1.325334
v -3.141035 4.126530 1.325093
v -3.139235 4.131717 1.323771
v -3.200601 4.153707 1.339744
v -3.208904 4.164108 1.343801
v -3.216074 4.175204 1.348117
v -3.222013 4.186904 1.352656
v -3.195930 4.157758 1.339851
v -3.203880 4.167716 1.343735
v -3.210744 4.178338 1.347868
v -3.216430 4.189539 1.352212
v -3.191674 4.161813 1.339020
v -3.199300 4.171366 1.342746
v -3.205885 4.181557 1.346710
v -3.211339 4.192302 1.350878
v -3.188033 4.165718 1.337192
v -3.195382 4.174924 1.340783
v -3.201728 4.184744 1.344602
v -3.206984 4.195099 1.348619
v -3.076005 4.374850 1.424275
v -3.090518 4.381534 1.426477
v -3.090530 4.375494 1.424629
v -3.075374 4.380863 1.426109
v -3.090512 4.387645 1.427411
v -3.074775 4.386948 1.427027
v -3.090514 4.393581 1.427333
v -3.074235 4.392860 1.426937
v -3.090524 4.399099 1.426151
v -3.061626 4.372912 1.423425
v -3.060382 4.378843 1.425224
v -3.059196 4.384849 1.426107
v -3.058121 4.390690 1.425985
v -3.073781 4.398357 1.425744
v -3.047537 4.369682 1.422082
v -3.045693 4.375475 1.423822
v -3.043933 4.381349 1.424651
v -3.042332 4.387069 1.424478
v -3.057207 4.396124 1.424764
v -3.033883 4.365158 1.420244
v -3.031457 4.370758 1.421906
v -3.029139 4.376448 1.422659
v -3.027029 4.381999 1.422418
v -3.040967 4.392401 1.423215
v -3.105059 4.374844 1.424485
v -3.105666 4.380857 1.426328
v -3.119447 4.372901 1.423844
v -3.120667 4.378831 1.425659
v -3.133553 4.369665 1.422703
v -3.135373 4.375457 1.424470
v -3.147230 4.365135 1.421063
v -3.106253 4.386941 1.427255
v -3.121842 4.384836 1.426560
v -3.137124 4.381331 1.425325
v -3.149634 4.370734 1.422760
v -3.106797 4.392854 1.427172
v -3.122922 4.390677 1.426453
v -3.138730 4.387050 1.425175
v -3.151943 4.376423 1.423547
v -3.107270 4.398351 1.425986
v -3.123856 4.396111 1.425247
v -3.140114 4.392381 1.423932
v -3.154059 4.381973 1.423337
v -3.104458 4.369147 1.421820
v -3.090548 4.369769 1.421958
v -3.103888 4.364010 1.418427
v -3.090571 4.364606 1.418559
v -3.103375 4.359676 1.414400
v -3.090600 4.360248 1.414526
v -3.102943 4.356391 1.409833
v -3.090632 4.356941 1.409954
v -3.118234 4.367287 1.421206
v -3.117076 4.362229 1.417839
v -3.116026 4.357968 1.413836
v -3.115135 4.354745 1.409289
v -3.131738 4.364189 1.420114
v -3.130004 4.359263 1.416793
v -3.128429 4.355123 1.412833
v -3.127087 4.352003 1.408323
v -3.144833 4.359852 1.418543
v -3.142541 4.355111 1.415290
v -3.140456 4.351140 1.411391
v -3.138677 4.348165 1.406932
v -3.076642 4.369153 1.421619
v -3.062875 4.367298 1.420806
v -3.049387 4.364205 1.419519
v -3.036314 4.359874 1.417759
v -3.077258 4.364016 1.418234
v -3.064079 4.362240 1.417456
v -3.051166 4.359279 1.416224
v -3.038651 4.355132 1.414539
v -3.077828 4.359682 1.414215
v -3.065185 4.357979 1.413468
v -3.052797 4.355138 1.412286
v -3.040791 4.351160 1.410670
v -3.078324 4.356396 1.409654
v -3.066141 4.354754 1.408934
v -3.054204 4.352017 1.407795
v -3.042634 4.348184 1.406238
v -2.997337 4.130680 1.329883
v -2.982110 4.135814 1.331273
v -2.986552 4.139814 1.333314
v -2.993355 4.126290 1.327695
v -2.977859 4.132302 1.328477
v -2.989544 4.122406 1.324760
v -2.973984 4.129453 1.324996
v -2.986072 4.119216 1.321151
v -2.970671 4.127440 1.320896
v -3.008998 4.122556 1.326847
v -3.005513 4.117820 1.324530
v -3.002178 4.113603 1.321470
v -2.999141 4.110110 1.317748
v -2.983104 4.116911 1.316942
v -3.021434 4.115534 1.324239
v -3.018478 4.110499 1.321812
v -3.015651 4.105996 1.318646
v -3.013077 4.102242 1.314827
v -2.996545 4.107546 1.313441
v -3.034541 4.109712 1.322098
v -3.032144 4.104428 1.319579
v -3.029852 4.099688 1.316326
v -3.027767 4.095717 1.312426
v -3.010879 4.099452 1.310437
v -2.976743 4.149862 1.337103
v -2.971883 4.146290 1.335224
v -2.968014 4.160730 1.341215
v -2.962782 4.157620 1.339510
v -2.960465 4.172323 1.345614
v -2.954912 4.169707 1.344097
v -2.967232 4.143189 1.332583
v -2.957775 4.154964 1.337038
v -2.949596 4.167523 1.341804
v -2.962992 4.140714 1.329242
v -2.953209 4.152894 1.333850
v -2.944749 4.165886 1.338781
v -2.959366 4.139021 1.325264
v -2.949304 4.151548 1.330003
v -2.940603 4.164911 1.335074
v -2.981609 4.153751 1.338161
v -2.991000 4.144131 1.334533
v -2.986279 4.157800 1.338336
v -2.995269 4.148590 1.334862
v -2.990549 4.161854 1.337566
v -2.999173 4.153018 1.334234
v -2.994217 4.165757 1.335791
v -3.002528 4.157243 1.332580
v -2.973252 4.164156 1.342098
v -2.978278 4.167761 1.342104
v -2.982873 4.171410 1.341181
v -2.986821 4.174966 1.339275
v -2.966025 4.175255 1.346309
v -2.971359 4.178387 1.346137
v -2.976236 4.181603 1.345049
v -2.980424 4.184789 1.343003
v -3.001326 4.135386 1.331249
v -3.012490 4.127607 1.328341
v -3.024395 4.120885 1.325845
v -3.036944 4.115311 1.323796
v -3.005154 4.140218 1.331718
v -3.015842 4.132772 1.328935
v -3.027240 4.126336 1.326545
v -3.039254 4.120999 1.324583
v -3.008657 4.144987 1.331217
v -3.018910 4.137843 1.328548
v -3.029844 4.131669 1.326255
v -3.041369 4.126550 1.324373
v -3.011667 4.149504 1.329673
v -3.021548 4.142619 1.327100
v -3.032084 4.136669 1.324891
v -3.043191 4.131736 1.323077
v -3.238065 4.250955 1.377855
v -3.245097 4.237551 1.372284
v -3.238792 4.237393 1.372650
v -3.244339 4.251689 1.377711
v -3.251145 4.238023 1.371095
v -3.250357 4.252716 1.376734
v -3.256674 4.238812 1.369080
v -3.255858 4.254009 1.374914
v -3.261421 4.239916 1.366237
v -3.235952 4.264382 1.382999
v -3.242136 4.265689 1.383074
v -3.248067 4.267263 1.382308
v -3.253490 4.269058 1.380678
v -3.260582 4.255548 1.372237
v -3.232454 4.277542 1.388030
v -3.238489 4.279409 1.388320
v -3.244278 4.281522 1.387758
v -3.249570 4.283807 1.386316
v -3.258147 4.271025 1.378166
v -3.227572 4.290300 1.392896
v -3.233399 4.292711 1.393393
v -3.238989 4.295344 1.393031
v -3.244099 4.298105 1.391770
v -3.254115 4.286194 1.383965
v -3.238135 4.223833 1.367434
v -3.244411 4.223412 1.366847
v -3.236091 4.210406 1.362260
v -3.242280 4.209414 1.361453
v -3.232661 4.197248 1.357180
v -3.238705 4.195694 1.356155
v -3.250432 4.223331 1.365445
v -3.248218 4.208784 1.359839
v -3.244502 4.194528 1.354334
v -3.255937 4.223614 1.363235
v -3.253646 4.208567 1.357437
v -3.249803 4.193819 1.351742
v -3.260663 4.224285 1.360225
v -3.258307 4.208808 1.354262
v -3.254354 4.193641 1.348405
v -3.231864 4.224570 1.367200
v -3.232494 4.237553 1.372193
v -3.225861 4.225598 1.366136
v -3.226464 4.238028 1.370917
v -3.220387 4.226894 1.364236
v -3.220965 4.238819 1.368822
v -3.215703 4.228435 1.361492
v -3.216260 4.239925 1.365910
v -3.229908 4.211715 1.362247
v -3.223988 4.213292 1.361394
v -3.218590 4.215089 1.359686
v -3.213971 4.217057 1.357108
v -3.226624 4.199118 1.357382
v -3.220844 4.201231 1.356738
v -3.215574 4.203519 1.355219
v -3.211065 4.205908 1.352802
v -3.231797 4.250536 1.377177
v -3.229774 4.263392 1.382102
v -3.226426 4.275991 1.386918
v -3.221752 4.288206 1.391577
v -3.225797 4.250458 1.375687
v -3.223861 4.262765 1.380402
v -3.220655 4.274827 1.385013
v -3.216180 4.286521 1.389473
v -3.220325 4.250743 1.373398
v -3.218468 4.262549 1.377922
v -3.215392 4.274121 1.382345
v -3.211100 4.285339 1.386624
v -3.215643 4.251416 1.370321
v -3.213853 4.262794 1.374679
v -3.210890 4.273944 1.378942
v -3.206753 4.284755 1.383066
v -3.105767 4.099998 1.318886
v -3.091260 4.093629 1.315861
v -3.091242 4.099354 1.318533
v -3.106404 4.094300 1.316230
v -3.091283 4.088466 1.312462
v -3.107021 4.089163 1.312846
v -3.091312 4.084108 1.308430
v -3.107591 4.084829 1.308826
v -3.091344 4.080802 1.303858
v -3.120146 4.101934 1.319735
v -3.121396 4.096320 1.317115
v -3.122599 4.091262 1.313766
v -3.123705 4.087000 1.309778
v -3.108087 4.081544 1.304266
v -3.134234 4.105165 1.321080
v -3.136084 4.099688 1.318517
v -3.137863 4.094762 1.315222
v -3.139494 4.090621 1.311285
v -3.124661 4.083777 1.305245
v -3.140900 4.087500 1.306794
v -3.076713 4.100003 1.318677
v -3.076112 4.094306 1.316011
v -3.062324 4.101946 1.319317
v -3.061110 4.096332 1.316680
v -3.048219 4.105183 1.320458
v -3.046404 4.099706 1.317869
v -3.075542 4.089170 1.312618
v -3.059953 4.091274 1.313313
v -3.044671 4.094780 1.314549
v -3.075029 4.084836 1.308590
v -3.058904 4.087013 1.309310
v -3.043096 4.090640 1.310587
v -3.074597 4.081551 1.304023
v -3.058012 4.083790 1.304762
v -3.041753 4.087520 1.306078
v -3.077320 4.106016 1.320519
v -3.091229 4.105394 1.320382
v -3.077907 4.112101 1.321446
v -3.091224 4.111506 1.321314
v -3.078451 4.118013 1.321363
v -3.091226 4.117442 1.321237
v -3.078925 4.123509 1.320177
v -3.091235 4.122959 1.320056
v -3.063544 4.107876 1.321133
v -3.064719 4.113881 1.322034
v -3.065799 4.119721 1.321928
v -3.066732 4.125155 1.320720
v -3.050040 4.110974 1.322225
v -3.051791 4.116847 1.323080
v -3.053397 4.122567 1.322930
v -3.054781 4.127898 1.321686
v -3.105136 4.106010 1.320720
v -3.118902 4.107865 1.321534
v -3.132390 4.110958 1.322820
v -3.104537 4.112095 1.321639
v -3.117716 4.113871 1.322417
v -3.130630 4.116832 1.323649
v -3.103998 4.118008 1.321548
v -3.116641 4.119711 1.322295
v -3.129028 4.122552 1.323477
v -3.103543 4.123505 1.320355
v -3.115727 4.125146 1.321075
v -3.127665 4.127883 1.322214
v -3.184434 4.344167 1.413278
v -3.199668 4.339350 1.411067
v -3.195220 4.335033 1.409847
v -3.188423 4.348872 1.414643
v -3.203937 4.343808 1.411396
v -3.192251 4.353704 1.415113
v -3.207841 4.348237 1.410767
v -3.195754 4.358474 1.414612
v -3.211196 4.352461 1.409113
v -3.172773 4.352292 1.416315
v -3.176265 4.357344 1.417809
v -3.179617 4.362507 1.418403
v -3.182685 4.367580 1.418015
v -3.198764 4.362989 1.413067
v -3.160338 4.359313 1.418921
v -3.163300 4.364664 1.420527
v -3.166144 4.370114 1.421227
v -3.168748 4.375448 1.420937
v -3.185322 4.372356 1.416567
v -3.170989 4.380448 1.419572
v -3.205028 4.324985 1.406058
v -3.209894 4.328873 1.407116
v -3.213758 4.314117 1.401946
v -3.218996 4.317542 1.402829
v -3.221306 4.302524 1.397546
v -3.226866 4.305455 1.398242
v -3.214563 4.332922 1.407290
v -3.224021 4.321147 1.402835
v -3.232200 4.308587 1.398069
v -3.218834 4.336975 1.406520
v -3.228617 4.324796 1.401912
v -3.237077 4.311804 1.396982
v -3.222502 4.340879 1.404746
v -3.232564 4.328352 1.400006
v -3.241265 4.314989 1.394935
v -3.200168 4.321412 1.404178
v -3.190778 4.331032 1.407806
v -3.195517 4.318311 1.401537
v -3.186527 4.327520 1.405011
v -3.191277 4.315836 1.398197
v -3.182652 4.324672 1.401529
v -3.187651 4.314143 1.394218
v -3.179339 4.322658 1.397429
v -3.208526 4.311008 1.400241
v -3.203518 4.308350 1.397769
v -3.198952 4.306280 1.394581
v -3.195047 4.304935 1.390734
v -3.215753 4.299908 1.396029
v -3.210437 4.297724 1.393736
v -3.205590 4.296086 1.390713
v -3.201443 4.295112 1.387006
v -3.180452 4.339777 1.411090
v -3.169287 4.347556 1.413997
v -3.157382 4.354278 1.416493
v -3.176641 4.335893 1.408155
v -3.165953 4.343339 1.410938
v -3.154555 4.349774 1.413328
v -3.173169 4.332703 1.404545
v -3.162915 4.339847 1.407216
v -3.151981 4.346021 1.409507
v -3.170200 4.330398 1.400336
v -3.160320 4.337282 1.402909
v -3.149783 4.343231 1.405118
v -2.976292 4.325030 1.404404
v -2.981585 4.339393 1.409490
v -2.986049 4.335074 1.408335
v -2.971413 4.328920 1.405392
v -2.977314 4.343854 1.409757
v -2.966743 4.332972 1.405499
v -2.973420 4.348284 1.409072
v -2.962486 4.337027 1.404667
v -2.970091 4.352510 1.407370
v -2.967618 4.314166 1.400166
v -2.962370 4.317594 1.400974
v -2.957346 4.321200 1.400907
v -2.952765 4.324851 1.399918
v -2.958845 4.340932 1.402839
v -2.960130 4.302576 1.395659
v -2.954562 4.305510 1.396273
v -2.949232 4.308643 1.396023
v -2.944373 4.311862 1.394867
v -2.948848 4.328408 1.397955
v -2.940216 4.315049 1.392759
v -2.996787 4.344204 1.411921
v -2.992781 4.348911 1.413229
v -3.008407 4.352325 1.415126
v -3.004895 4.357378 1.416570
v -3.020805 4.359341 1.417913
v -3.017823 4.364693 1.419475
v -2.988948 4.353746 1.413643
v -3.001537 4.362543 1.417116
v -3.014970 4.370145 1.420134
v -2.985455 4.358516 1.413092
v -2.998477 4.367616 1.416684
v -3.012373 4.375480 1.419806
v -2.982469 4.363033 1.411504
v -2.995862 4.372393 1.415198
v -3.010154 4.380481 1.418410
v -3.000799 4.339813 1.409792
v -2.990518 4.331072 1.406358
v -3.004650 4.335927 1.406911
v -2.994808 4.327559 1.403624
v -3.008173 4.332736 1.403352
v -2.998731 4.324708 1.400199
v -3.011201 4.330429 1.399187
v -3.002102 4.322693 1.396147
v -3.011923 4.347588 1.412860
v -3.015300 4.343370 1.409849
v -3.018390 4.339876 1.406170
v -3.021047 4.337310 1.401902
v -3.023794 4.354304 1.415528
v -3.026665 4.349800 1.412403
v -3.029292 4.346046 1.408620
v -3.031552 4.343255 1.404263
v -2.981177 4.321456 1.402595
v -2.972874 4.311054 1.398537
v -2.965703 4.299958 1.394222
v -2.985865 4.318353 1.400022
v -2.977915 4.308394 1.396138
v -2.971051 4.297772 1.392005
v -2.990152 4.315876 1.396743
v -2.982526 4.306323 1.393016
v -2.975941 4.296133 1.389053
v -2.993835 4.314182 1.392817
v -2.986485 4.304977 1.389226
v -2.980140 4.295157 1.385407
v -3.181296 4.315960 1.374587
v -3.173948 4.326145 1.372786
v -3.173542 4.323903 1.377582
v -3.181737 4.318166 1.369777
v -3.175094 4.329001 1.368467
v -3.182987 4.320914 1.365418
v -3.176978 4.332392 1.364831
v -3.185045 4.324127 1.361715
v -3.188197 4.307368 1.371337
v -3.188669 4.309536 1.366512
v -3.190012 4.312169 1.362109
v -3.192225 4.315188 1.358332
v -3.194164 4.298204 1.367858
v -3.194663 4.300330 1.363019
v -3.196086 4.302840 1.358569
v -3.198433 4.305654 1.354714
v -3.199117 4.288542 1.364182
v -3.199639 4.290625 1.359326
v -3.201129 4.293004 1.354826
v -3.203587 4.295601 1.350889
v -3.165016 4.331124 1.380294
v -3.165384 4.333398 1.375511
v -3.155797 4.337547 1.382695
v -3.156124 4.339850 1.377922
v -3.145967 4.343098 1.384756
v -3.146249 4.345426 1.379992
v -3.135605 4.347700 1.386448
v -3.166415 4.336351 1.371228
v -3.157031 4.342890 1.373672
v -3.147024 4.348539 1.375769
v -3.135841 4.350049 1.381692
v -3.168107 4.339904 1.367652
v -3.158515 4.346587 1.370150
v -3.148288 4.352362 1.372294
v -3.136476 4.353225 1.377492
v -3.137507 4.357150 1.374055
v -3.173876 4.322355 1.382650
v -3.165312 4.329608 1.385375
v -3.174953 4.321579 1.387785
v -3.166274 4.328929 1.390545
v -3.176774 4.321653 1.392779
v -3.167902 4.329166 1.395601
v -3.156052 4.336060 1.387785
v -3.156889 4.335467 1.392989
v -3.158311 4.335848 1.398099
v -3.146177 4.341635 1.389856
v -3.146883 4.341118 1.395087
v -3.148084 4.341623 1.400242
v -3.135769 4.346259 1.391556
v -3.136334 4.345803 1.396810
v -3.137303 4.346412 1.402004
v -3.181665 4.314376 1.379641
v -3.188597 4.305746 1.376376
v -3.194591 4.296540 1.372882
v -3.182846 4.313493 1.384735
v -3.189871 4.304747 1.381425
v -3.195945 4.295418 1.377885
v -3.199567 4.286835 1.369190
v -3.184841 4.313389 1.389662
v -3.192020 4.304450 1.386281
v -3.198229 4.294915 1.382662
v -3.200988 4.285582 1.374143
v -3.203383 4.284863 1.378837
v -3.000830 4.177522 1.320077
v -3.008249 4.171126 1.312013
v -3.008584 4.169579 1.317081
v -3.000461 4.179106 1.315022
v -3.007173 4.171903 1.306879
v -2.999280 4.179989 1.309928
v -3.005352 4.171828 1.301884
v -2.997285 4.180093 1.305001
v -2.993929 4.186112 1.323327
v -2.993529 4.187736 1.318287
v -2.992255 4.188735 1.313237
v -2.990106 4.189032 1.308383
v -2.987962 4.195277 1.326805
v -2.987535 4.196941 1.321781
v -2.986181 4.198064 1.316777
v -2.983897 4.198566 1.312001
v -2.983009 4.204940 1.330481
v -2.982559 4.206647 1.325473
v -2.981138 4.207900 1.320520
v -2.978743 4.208619 1.315826
v -3.017110 4.162357 1.314369
v -3.016814 4.163874 1.309289
v -3.026329 4.155934 1.311968
v -3.026074 4.157422 1.306878
v -3.036159 4.150384 1.309907
v -3.035948 4.151847 1.304807
v -3.046521 4.145782 1.308215
v -3.015852 4.164553 1.304118
v -3.025236 4.158014 1.301674
v -3.035244 4.152364 1.299576
v -3.046357 4.147223 1.303107
v -3.014223 4.164316 1.299062
v -3.023814 4.157634 1.296565
v -3.034042 4.151858 1.294421
v -3.045791 4.147678 1.297853
v -3.044823 4.147070 1.292659
v -3.008177 4.167337 1.321877
v -3.016742 4.160084 1.319152
v -3.007031 4.164481 1.326196
v -3.015711 4.157130 1.323435
v -3.005148 4.161090 1.329832
v -3.014019 4.153578 1.327011
v -3.026002 4.153632 1.316742
v -3.025095 4.150592 1.320991
v -3.023610 4.146895 1.324513
v -3.035876 4.148056 1.314671
v -3.035102 4.144942 1.318894
v -3.033838 4.141120 1.322368
v -3.046285 4.143433 1.312971
v -3.045650 4.140257 1.317171
v -3.044618 4.136332 1.320608
v -3.000389 4.175316 1.324886
v -2.993457 4.183946 1.328151
v -2.987463 4.193152 1.331645
v -2.999139 4.172567 1.329245
v -2.992114 4.181313 1.332554
v -2.986040 4.190641 1.336094
v -2.982487 4.202857 1.335337
v -2.997081 4.169354 1.332948
v -2.989901 4.178293 1.336331
v -2.983693 4.187828 1.339949
v -2.980997 4.200478 1.339837
v -2.978539 4.197881 1.343773
v -3.165451 4.162328 1.315441
v -3.174348 4.171093 1.313214
v -3.173940 4.169545 1.318276
v -3.165821 4.163843 1.310366
v -3.175499 4.171869 1.308096
v -3.166858 4.164522 1.305210
v -3.177392 4.171794 1.303128
v -3.168560 4.164285 1.300178
v -3.156265 4.155909 1.312908
v -3.156594 4.157395 1.307821
v -3.157507 4.157988 1.302631
v -3.159003 4.157606 1.297542
v -3.146463 4.150362 1.310705
v -3.146748 4.151824 1.305608
v -3.147529 4.152342 1.300388
v -3.148805 4.151835 1.295250
v -3.136125 4.145763 1.308862
v -3.136364 4.147204 1.303757
v -3.137005 4.147660 1.298513
v -3.138049 4.147051 1.293334
v -3.181653 4.177486 1.321383
v -3.182096 4.179070 1.316335
v -3.188509 4.186073 1.324733
v -3.188982 4.187697 1.319700
v -3.194429 4.195235 1.328297
v -3.194929 4.196899 1.323280
v -3.199333 4.204896 1.332045
v -3.183351 4.179952 1.311259
v -3.190330 4.188695 1.314669
v -3.196356 4.198022 1.318297
v -3.199855 4.206603 1.327044
v -3.185416 4.180055 1.306361
v -3.192550 4.188991 1.309846
v -3.198709 4.198524 1.313553
v -3.201348 4.207855 1.322112
v -3.203811 4.208574 1.317453
v -3.174276 4.167303 1.323078
v -3.182023 4.175279 1.326199
v -3.175358 4.164447 1.327413
v -3.183209 4.172530 1.330576
v -3.177187 4.161056 1.331076
v -3.185212 4.169316 1.334308
v -3.188910 4.183907 1.329564
v -3.190189 4.181273 1.333986
v -3.192346 4.178252 1.337794
v -3.194857 4.193110 1.333144
v -3.196216 4.190599 1.337614
v -3.198505 4.187784 1.341502
v -3.199783 4.202813 1.336908
v -3.201207 4.200434 1.341428
v -3.203607 4.197836 1.345401
v -3.165749 4.160053 1.320230
v -3.156522 4.153606 1.317685
v -3.146676 4.148034 1.315472
v -3.166717 4.157100 1.324526
v -3.157366 4.150565 1.321948
v -3.147388 4.144919 1.319706
v -3.136292 4.143415 1.313621
v -3.168355 4.153546 1.328126
v -3.158799 4.146868 1.325491
v -3.148601 4.141097 1.323198
v -3.136864 4.140238 1.317830
v -3.137845 4.136313 1.321281
v -2.964265 4.364847 1.391785
v -2.952908 4.354282 1.381982
v -2.964673 4.366396 1.386722
v -2.954163 4.355166 1.376906
v -2.965824 4.367171 1.381605
v -2.956228 4.355269 1.372008
v -2.967717 4.367096 1.376636
v -2.952465 4.352698 1.387031
v -2.942448 4.341181 1.376872
v -2.943796 4.342179 1.371841
v -2.946015 4.342476 1.367018
v -2.941975 4.339559 1.381905
v -2.933417 4.327205 1.371436
v -2.934844 4.328327 1.366453
v -2.937197 4.328828 1.361710
v -2.932917 4.325541 1.376453
v -2.925937 4.312468 1.365718
v -2.927430 4.313720 1.360786
v -2.929893 4.314439 1.356127
v -2.933324 4.314544 1.351948
v -2.977623 4.377405 1.391047
v -2.977253 4.375890 1.396123
v -2.991635 4.387198 1.394912
v -2.991306 4.385711 1.399999
v -3.006588 4.395659 1.398272
v -3.006302 4.394197 1.403369
v -3.022358 4.402674 1.401084
v -3.022120 4.401233 1.406188
v -2.978660 4.378084 1.385891
v -2.992548 4.387790 1.389722
v -3.007369 4.396176 1.393053
v -3.022999 4.403130 1.395838
v -2.980362 4.377847 1.380860
v -2.994044 4.387408 1.384634
v -3.008644 4.395670 1.387914
v -3.024043 4.402520 1.390659
v -3.025486 4.400767 1.385750
v -2.977551 4.373615 1.400911
v -2.964601 4.362605 1.396587
v -2.978518 4.370662 1.405208
v -2.965683 4.359750 1.400921
v -2.980158 4.367108 1.408807
v -2.967513 4.356358 1.404584
v -2.991563 4.383408 1.404776
v -2.992407 4.380368 1.409039
v -2.993840 4.376670 1.412581
v -3.006516 4.391869 1.408137
v -3.007227 4.388754 1.412369
v -3.008440 4.384932 1.415863
v -3.022285 4.398884 1.410947
v -3.022858 4.395707 1.415155
v -3.023839 4.391782 1.418607
v -3.025229 4.387186 1.421096
v -2.952836 4.350493 1.391846
v -2.942376 4.337391 1.386736
v -2.933345 4.323415 1.381300
v -2.925865 4.308678 1.375583
v -2.925415 4.310761 1.370719
v -2.954021 4.347744 1.396224
v -2.943655 4.334758 1.391158
v -2.934703 4.320905 1.385770
v -2.927289 4.306297 1.380104
v -2.956024 4.344530 1.399956
v -2.945811 4.331738 1.394966
v -2.936993 4.318090 1.389658
v -2.929689 4.303700 1.384076
v -2.933065 4.300963 1.387294
v -3.016675 4.331154 1.379222
v -3.007850 4.326179 1.371585
v -3.008186 4.323937 1.376387
v -3.016377 4.333428 1.374433
v -3.006768 4.329035 1.367250
v -3.015409 4.336381 1.370137
v -3.004939 4.332426 1.363587
v -3.013771 4.339935 1.366537
v -3.025861 4.337573 1.381755
v -3.025604 4.339876 1.376978
v -3.024760 4.342917 1.372716
v -3.023327 4.346614 1.369173
v -3.035663 4.343120 1.383958
v -3.035450 4.345448 1.379191
v -3.034738 4.348562 1.374958
v -3.033525 4.352385 1.371464
v -3.046001 4.347718 1.385801
v -3.045835 4.350067 1.381042
v -3.045262 4.353244 1.376833
v -3.044281 4.357169 1.373382
v -3.000473 4.315996 1.373279
v -3.000103 4.318202 1.368464
v -2.993617 4.307407 1.369930
v -2.993216 4.309575 1.365099
v -2.987697 4.298245 1.366366
v -2.987269 4.300372 1.361519
v -2.982793 4.288585 1.362618
v -2.998917 4.320952 1.364088
v -2.991937 4.312208 1.360677
v -2.985910 4.302882 1.357050
v -2.982343 4.290668 1.357755
v -2.996914 4.324165 1.360354
v -2.989780 4.315229 1.356869
v -2.983621 4.305697 1.353161
v -2.980919 4.293048 1.353234
v -2.978519 4.295646 1.349262
v -3.007778 4.322389 1.381449
v -3.000031 4.314412 1.378328
v -3.006627 4.321612 1.386568
v -2.998775 4.313529 1.383404
v -3.004735 4.321688 1.391535
v -2.996710 4.313426 1.388302
v -2.993144 4.305785 1.374963
v -2.991796 4.304787 1.379994
v -2.989576 4.304491 1.384817
v -2.987197 4.296582 1.371383
v -2.985769 4.295460 1.376366
v -2.983417 4.294958 1.381110
v -2.982271 4.286878 1.367619
v -2.980778 4.285626 1.372551
v -2.978315 4.284907 1.377210
v -3.016305 4.329638 1.384297
v -3.025532 4.336086 1.386842
v -3.035378 4.341658 1.389055
v -3.015269 4.328960 1.389453
v -3.024619 4.335494 1.392032
v -3.034597 4.341140 1.394275
v -3.045763 4.346277 1.390906
v -3.013566 4.329197 1.394485
v -3.023123 4.335876 1.397121
v -3.033321 4.341646 1.399413
v -3.045121 4.345821 1.396150
v -3.044077 4.346431 1.401330
v -2.912174 4.246777 1.346038
v -2.913612 4.232317 1.334833
v -2.912735 4.248672 1.341110
v -2.915215 4.234278 1.330173
v -2.914345 4.250487 1.336395
v -2.917859 4.236176 1.325969
v -2.917002 4.252145 1.332099
v -2.913054 4.230374 1.339742
v -2.916161 4.216125 1.328630
v -2.917740 4.218228 1.324025
v -2.920347 4.220365 1.319912
v -2.915609 4.214134 1.333521
v -2.920378 4.200255 1.322563
v -2.921921 4.202498 1.318012
v -2.924465 4.204868 1.313988
v -2.919840 4.198217 1.327437
v -2.926266 4.184870 1.316695
v -2.927756 4.187248 1.312195
v -2.930214 4.189845 1.308258
v -2.933638 4.192581 1.305089
v -2.913528 4.265024 1.347399
v -2.912970 4.263178 1.352346
v -2.915993 4.281216 1.353638
v -2.915441 4.279417 1.358604
v -2.920129 4.297084 1.359766
v -2.919589 4.295332 1.364749
v -2.915131 4.266696 1.342629
v -2.917574 4.282744 1.348813
v -2.921673 4.298472 1.354886
v -2.917777 4.268113 1.338239
v -2.920183 4.283923 1.344331
v -2.924222 4.299418 1.350315
v -2.913456 4.261234 1.357263
v -2.912663 4.244881 1.350974
v -2.914990 4.259274 1.361946
v -2.914204 4.243065 1.355712
v -2.917572 4.257374 1.366188
v -2.916798 4.241406 1.360046
v -2.915921 4.277426 1.363502
v -2.917433 4.275322 1.368129
v -2.919979 4.273185 1.372280
v -2.920057 4.293294 1.369629
v -2.921532 4.291050 1.374203
v -2.924017 4.288679 1.378263
v -2.913540 4.228527 1.344697
v -2.916089 4.212335 1.338494
v -2.920306 4.196465 1.332427
v -2.926194 4.181079 1.326559
v -2.925745 4.182787 1.321551
v -2.915073 4.226855 1.349490
v -2.917599 4.210806 1.343342
v -2.921780 4.195076 1.337328
v -2.927615 4.179827 1.331512
v -2.917655 4.225437 1.353917
v -2.920143 4.209626 1.347860
v -2.924261 4.194130 1.341937
v -2.930010 4.179107 1.336206
v -2.933380 4.179000 1.340435
v -3.269952 4.246705 1.348625
v -3.268586 4.264954 1.349966
v -3.269463 4.248600 1.343689
v -3.267052 4.266625 1.345172
v -3.267922 4.250417 1.338951
v -3.264471 4.268044 1.340745
v -3.265328 4.252075 1.334616
v -3.269072 4.263106 1.354920
v -3.266037 4.281146 1.356169
v -3.264527 4.282675 1.351321
v -3.261983 4.283855 1.346803
v -3.266517 4.279347 1.361142
v -3.261820 4.297016 1.362236
v -3.260346 4.298405 1.357335
v -3.257865 4.299351 1.352727
v -3.262286 4.295263 1.367226
v -3.255932 4.312402 1.368105
v -3.254511 4.313655 1.363151
v -3.252116 4.314374 1.358457
v -3.248746 4.314481 1.354229
v -3.268670 4.232246 1.337400
v -3.269156 4.230303 1.342317
v -3.266205 4.216055 1.331160
v -3.266685 4.214064 1.336059
v -3.262069 4.200187 1.325034
v -3.262537 4.198150 1.329915
v -3.256261 4.184804 1.319080
v -3.256711 4.182720 1.323944
v -3.267136 4.234207 1.332717
v -3.264693 4.218159 1.326533
v -3.260594 4.202431 1.320460
v -3.254837 4.187183 1.314560
v -3.264554 4.236107 1.328476
v -3.262147 4.220297 1.322383
v -3.258109 4.204803 1.316400
v -3.252437 4.189781 1.310587
v -3.249061 4.192518 1.307369
v -3.268598 4.228457 1.347264
v -3.269391 4.244810 1.353553
v -3.266995 4.226786 1.352034
v -3.267781 4.242994 1.358268
v -3.264349 4.225369 1.356424
v -3.265124 4.241337 1.362565
v -3.266133 4.212265 1.341025
v -3.264552 4.210736 1.345851
v -3.261943 4.209559 1.350331
v -3.261997 4.196397 1.334898
v -3.260453 4.195008 1.339778
v -3.257905 4.194064 1.344348
v -3.256189 4.181013 1.328944
v -3.254696 4.179761 1.333876
v -3.252233 4.179043 1.338536
v -3.248802 4.178937 1.342715
v -3.268513 4.261164 1.359830
v -3.265965 4.277356 1.366033
v -3.261748 4.293226 1.372099
v -3.255860 4.308612 1.377968
v -3.256382 4.310695 1.373112
v -3.266912 4.259203 1.364490
v -3.264386 4.275253 1.370638
v -3.260205 4.290982 1.376651
v -3.254370 4.306232 1.382468
v -3.264267 4.257305 1.368694
v -3.261779 4.273116 1.374751
v -3.257660 4.288612 1.380675
v -3.251912 4.303636 1.386406
v -3.248488 4.300901 1.389575
v -3.090632 4.413733 1.411492
v -3.073153 4.414361 1.405944
v -3.090670 4.415137 1.406371
v -3.073346 4.414714 1.400657
v -3.090708 4.415484 1.401080
v -3.073642 4.413932 1.395406
v -3.090746 4.414690 1.395822
v -3.073064 4.412954 1.411064
v -3.055814 4.412025 1.404920
v -3.056160 4.412398 1.399642
v -3.056711 4.411652 1.394406
v -3.055674 4.410611 1.410037
v -3.038824 4.408130 1.403300
v -3.039320 4.408537 1.398036
v -3.040122 4.407847 1.392823
v -3.038634 4.406704 1.408411
v -3.108190 4.414354 1.406198
v -3.108204 4.412948 1.411318
v -3.125542 4.412011 1.405425
v -3.125607 4.410598 1.410542
v -3.142551 4.408109 1.404049
v -3.142667 4.406683 1.409163
v -3.159046 4.402647 1.402072
v -3.159210 4.401205 1.407179
v -3.108074 4.414707 1.400908
v -3.125272 4.412384 1.400141
v -3.142131 4.408516 1.398778
v -3.158481 4.403102 1.396818
v -3.107854 4.413925 1.395653
v -3.124797 4.411637 1.394898
v -3.141406 4.407826 1.393555
v -3.157512 4.402494 1.391624
v -3.156138 4.400741 1.386695
v -3.108118 4.410564 1.416062
v -3.090598 4.411347 1.416235
v -3.107933 4.407285 1.420225
v -3.090567 4.408061 1.420396
v -3.107650 4.403187 1.423602
v -3.090542 4.403952 1.423770
v -3.125470 4.408221 1.415288
v -3.125131 4.404963 1.419459
v -3.124592 4.400899 1.422846
v -3.142479 4.404319 1.413913
v -3.141991 4.401094 1.418095
v -3.141201 4.397088 1.421504
v -3.158974 4.398856 1.411935
v -3.158340 4.395680 1.416134
v -3.157308 4.391755 1.419571
v -3.155880 4.387159 1.422041
v -3.073081 4.410571 1.415809
v -3.055742 4.408236 1.414785
v -3.038752 4.404340 1.413164
v -3.073205 4.407291 1.419974
v -3.056019 4.404976 1.418959
v -3.039179 4.401115 1.417352
v -3.073438 4.403194 1.423354
v -3.056507 4.400913 1.422354
v -3.039917 4.397109 1.420771
v -3.207467 4.235997 1.344054
v -3.208549 4.248612 1.343249
v -3.207987 4.246717 1.348177
v -3.208026 4.237844 1.339107
v -3.210158 4.250428 1.338533
v -3.209629 4.239515 1.334337
v -3.212815 4.252086 1.334237
v -3.212275 4.240932 1.329947
v -3.205852 4.225383 1.339963
v -3.206403 4.227181 1.334999
v -3.207984 4.228710 1.330173
v -3.210594 4.229889 1.325692
v -3.203140 4.214981 1.335948
v -3.203680 4.216733 1.330965
v -3.205224 4.218122 1.326085
v -3.207773 4.219066 1.321513
v -3.207412 4.257438 1.352292
v -3.207971 4.259380 1.347382
v -3.205742 4.268052 1.356358
v -3.206293 4.270043 1.351467
v -3.202977 4.278456 1.360335
v -3.203516 4.280494 1.355462
v -3.209573 4.261341 1.342722
v -3.207872 4.272146 1.346861
v -3.205058 4.282737 1.350910
v -3.212217 4.263239 1.338518
v -3.210479 4.274283 1.342749
v -3.207603 4.285107 1.346886
v -3.208476 4.244823 1.353113
v -3.207899 4.255590 1.357246
v -3.210017 4.243006 1.357851
v -3.209432 4.253919 1.362039
v -3.212611 4.241347 1.362185
v -3.212013 4.252501 1.366466
v -3.206221 4.266254 1.361331
v -3.207731 4.264725 1.366179
v -3.210275 4.263545 1.370697
v -3.203444 4.276703 1.365325
v -3.204916 4.275314 1.370227
v -3.207398 4.274368 1.374835
v -3.207954 4.234054 1.348971
v -3.206331 4.223392 1.344863
v -3.203608 4.212943 1.340828
v -3.209488 4.232093 1.353653
v -3.207843 4.221288 1.349490
v -3.205083 4.210699 1.345401
v -3.212070 4.230193 1.357895
v -3.210389 4.219151 1.353640
v -3.207568 4.208327 1.349461
v -2.974659 4.257484 1.350609
v -2.973650 4.248659 1.341550
v -2.974139 4.246764 1.346487
v -2.974172 4.259428 1.345692
v -2.972109 4.250476 1.336813
v -2.972638 4.261389 1.341010
v -2.969515 4.252134 1.332478
v -2.970056 4.263288 1.336768
v -2.976274 4.268099 1.354699
v -2.975795 4.270089 1.349801
v -2.974283 4.272193 1.345173
v -2.971736 4.274331 1.341023
v -2.978986 4.278501 1.358716
v -2.978518 4.280539 1.353835
v -2.977043 4.282783 1.349262
v -2.974557 4.285153 1.345202
v -2.974714 4.236044 1.342372
v -2.974227 4.237890 1.337417
v -2.976384 4.225429 1.338305
v -2.975905 4.227228 1.333333
v -2.979149 4.215026 1.334328
v -2.978683 4.216778 1.329338
v -2.972694 4.239563 1.332624
v -2.974395 4.228757 1.328484
v -2.977210 4.218167 1.324436
v -2.970113 4.240980 1.328197
v -2.971851 4.229937 1.323967
v -2.974728 4.219113 1.319829
v -2.973577 4.244869 1.351414
v -2.974155 4.234100 1.347281
v -2.971968 4.243053 1.356129
v -2.972553 4.232141 1.351941
v -2.969311 4.241396 1.360426
v -2.969909 4.230242 1.356144
v -2.975833 4.223438 1.343196
v -2.974254 4.221335 1.347802
v -2.971647 4.219198 1.351914
v -2.978611 4.212988 1.339201
v -2.977068 4.210745 1.343752
v -2.974524 4.208374 1.347776
v -2.974100 4.255637 1.355556
v -2.975723 4.266299 1.359664
v -2.978446 4.276749 1.363699
v -2.972497 4.253966 1.360326
v -2.974142 4.264772 1.364490
v -2.976902 4.275360 1.368578
v -2.969851 4.252549 1.364715
v -2.971532 4.263593 1.368970
v -2.974353 4.274415 1.373149
v -3.091494 4.079749 1.283171
v -3.109045 4.082911 1.278854
v -3.091528 4.082134 1.278428
v -3.108921 4.086190 1.274689
v -3.091559 4.085421 1.274267
v -3.108688 4.090288 1.271308
v -3.091584 4.089530 1.270893
v -3.109062 4.080527 1.283599
v -3.126384 4.085246 1.279878
v -3.126107 4.088506 1.275704
v -3.125619 4.092568 1.272309
v -3.126452 4.082871 1.284627
v -3.143374 4.089142 1.281499
v -3.142947 4.092367 1.277311
v -3.142209 4.096373 1.273892
v -3.143492 4.086778 1.286253
v -3.159841 4.094598 1.283716
v -3.159268 4.097775 1.279508
v -3.158288 4.101700 1.276056
v -3.156898 4.106296 1.273567
v -3.074008 4.082917 1.278601
v -3.073921 4.080534 1.283345
v -3.056656 4.085260 1.279375
v -3.056519 4.082884 1.284121
v -3.039646 4.089163 1.280750
v -3.039459 4.086799 1.285500
v -3.023152 4.094625 1.282728
v -3.022916 4.092277 1.287484
v -3.074193 4.086197 1.274438
v -3.056995 4.088519 1.275204
v -3.040135 4.092387 1.276568
v -3.023787 4.097801 1.278529
v -3.074476 4.090295 1.271061
v -3.057533 4.092583 1.271817
v -3.040924 4.096394 1.273160
v -3.024818 4.101727 1.275092
v -3.026246 4.106322 1.272622
v -3.073936 4.079127 1.288465
v -3.091456 4.078344 1.288292
v -3.074052 4.078774 1.293755
v -3.091418 4.077998 1.293583
v -3.074272 4.079557 1.299010
v -3.091380 4.078792 1.298841
v -3.056584 4.081471 1.289238
v -3.056854 4.081098 1.294522
v -3.057329 4.081844 1.299765
v -3.039574 4.085373 1.290614
v -3.039994 4.084966 1.295885
v -3.040720 4.085654 1.301108
v -3.023080 4.090835 1.292592
v -3.023645 4.090379 1.297845
v -3.024614 4.090988 1.303039
v -3.025987 4.092741 1.307968
v -3.108973 4.079121 1.288719
v -3.126312 4.081456 1.289742
v -3.143302 4.085352 1.291363
v -3.159769 4.090808 1.293580
v -3.160007 4.092249 1.288476
v -3.108780 4.078768 1.294006
v -3.125966 4.081083 1.295022
v -3.142806 4.084945 1.296628
v -3.159127 4.090352 1.298825
v -3.108484 4.079550 1.299257
v -3.125415 4.081830 1.300257
v -3.142004 4.085634 1.301840
v -3.158083 4.090962 1.304004
v -3.156640 4.092714 1.308913
v -3.102267 4.355375 1.389154
v -3.090816 4.358274 1.384524
v -3.090782 4.355888 1.389267
v -3.102354 4.357759 1.384409
v -3.090847 4.361561 1.380362
v -3.102539 4.361038 1.380247
v -3.090872 4.365670 1.376988
v -3.102822 4.365135 1.376871
v -3.113642 4.353839 1.388647
v -3.113779 4.356216 1.383900
v -3.114118 4.359474 1.379731
v -3.114656 4.363538 1.376343
v -3.124792 4.351281 1.387745
v -3.124979 4.353645 1.382995
v -3.125469 4.356870 1.378813
v -3.126257 4.360876 1.375405
v -3.079299 4.355380 1.388988
v -3.079282 4.357762 1.384243
v -3.067932 4.353849 1.388317
v -3.067864 4.356225 1.383568
v -3.056795 4.351295 1.387254
v -3.056677 4.353660 1.382501
v -3.079158 4.361043 1.380078
v -3.067587 4.359484 1.379394
v -3.056250 4.356884 1.378313
v -3.078926 4.365140 1.376698
v -3.067100 4.363547 1.375999
v -3.055512 4.360890 1.374894
v -3.090744 4.354484 1.394388
v -3.079210 4.353972 1.394107
v -3.090706 4.354138 1.399679
v -3.079017 4.353621 1.399395
v -3.090668 4.354931 1.404936
v -3.078722 4.354402 1.404645
v -3.067792 4.352434 1.393432
v -3.067446 4.352061 1.398711
v -3.066895 4.352809 1.403947
v -3.056605 4.349869 1.392365
v -3.056109 4.349462 1.397629
v -3.055308 4.350152 1.402841
v -3.102282 4.353968 1.394273
v -3.113707 4.352426 1.393764
v -3.124907 4.349855 1.392859
v -3.102398 4.353616 1.399563
v -3.113976 4.352052 1.399047
v -3.125328 4.349448 1.398130
v -3.102618 4.354397 1.404818
v -3.114452 4.352799 1.404291
v -3.126053 4.350138 1.403353
v -3.079859 4.138106 1.305509
v -3.091382 4.138998 1.300275
v -3.091344 4.137593 1.305396
v -3.079844 4.139514 1.300390
v -3.091420 4.139343 1.294984
v -3.079728 4.139866 1.295100
v -3.091458 4.138551 1.289727
v -3.079508 4.139085 1.289845
v -3.068484 4.139643 1.306016
v -3.068419 4.141056 1.300899
v -3.068149 4.141430 1.295616
v -3.067674 4.140682 1.290372
v -3.057333 4.142201 1.306918
v -3.057218 4.143626 1.301804
v -3.056798 4.144033 1.296533
v -3.056072 4.143344 1.291310
v -3.102827 4.138102 1.305675
v -3.102916 4.139509 1.300556
v -3.114193 4.139633 1.306346
v -3.114334 4.141048 1.301231
v -3.125331 4.142187 1.307409
v -3.125521 4.143612 1.302298
v -3.103109 4.139861 1.295269
v -3.114680 4.141420 1.295951
v -3.126017 4.144020 1.297034
v -3.103405 4.139080 1.290018
v -3.115231 4.140673 1.290716
v -3.126818 4.143330 1.291822
v -3.091310 4.135208 1.310139
v -3.102844 4.135719 1.310421
v -3.091279 4.131921 1.314301
v -3.102968 4.132439 1.314585
v -3.091253 4.127811 1.317675
v -3.103200 4.128342 1.317965
v -3.114262 4.137257 1.311095
v -3.114539 4.133998 1.315269
v -3.115026 4.129934 1.318664
v -3.125449 4.139822 1.312162
v -3.125876 4.136598 1.316351
v -3.126614 4.132591 1.319769
v -3.079772 4.135723 1.310254
v -3.068347 4.137266 1.310763
v -3.057146 4.139836 1.311668
v -3.079587 4.132443 1.314416
v -3.068008 4.134008 1.314932
v -3.056657 4.136612 1.315850
v -3.079304 4.128346 1.317792
v -3.067469 4.129944 1.318320
v -3.055868 4.132606 1.319258
v -3.217861 4.128634 1.302878
v -3.229290 4.142988 1.302817
v -3.217525 4.130876 1.298076
v -3.228105 4.145738 1.298440
v -3.216443 4.133732 1.293742
v -3.226102 4.148952 1.294707
v -3.214613 4.137124 1.290079
v -3.229661 4.140782 1.307632
v -3.239750 4.156091 1.307927
v -3.238472 4.158724 1.303505
v -3.236315 4.161744 1.299697
v -3.240151 4.153923 1.312758
v -3.248781 4.170067 1.313364
v -3.247423 4.172577 1.308893
v -3.245133 4.175391 1.305005
v -3.249209 4.167940 1.318209
v -3.204575 4.119866 1.293751
v -3.204873 4.117592 1.298541
v -3.190563 4.110074 1.289887
v -3.190820 4.107771 1.294664
v -3.175611 4.101613 1.286526
v -3.175824 4.099285 1.291295
v -3.203608 4.122820 1.289455
v -3.189719 4.113113 1.285624
v -3.174899 4.104728 1.282294
v -3.201969 4.126373 1.285856
v -3.188286 4.116812 1.282082
v -3.173687 4.108550 1.278801
v -3.204503 4.116077 1.303616
v -3.217453 4.127086 1.307941
v -3.203466 4.115397 1.308772
v -3.216302 4.126309 1.313058
v -3.201764 4.115635 1.313803
v -3.214409 4.126386 1.318026
v -3.190491 4.106284 1.299751
v -3.189578 4.105692 1.304941
v -3.188082 4.106073 1.310030
v -3.175539 4.097823 1.296391
v -3.174758 4.097305 1.301611
v -3.173482 4.097812 1.306749
v -3.229218 4.139198 1.312681
v -3.239678 4.152300 1.317792
v -3.248709 4.166277 1.323227
v -3.227963 4.138315 1.317757
v -3.238330 4.151301 1.322822
v -3.247282 4.165155 1.328210
v -3.225898 4.138213 1.322655
v -3.236111 4.151006 1.327645
v -3.244929 4.164653 1.332953
v -3.217252 4.364797 1.393614
v -3.203911 4.377360 1.392684
v -3.216918 4.366345 1.388546
v -3.202949 4.378039 1.387513
v -3.215841 4.367122 1.383412
v -3.201320 4.377802 1.382457
v -3.214020 4.367046 1.378418
v -3.204207 4.375844 1.397763
v -3.189848 4.387158 1.396345
v -3.189011 4.387751 1.391142
v -3.187589 4.387369 1.386033
v -3.190103 4.385671 1.401436
v -3.174852 4.395625 1.399489
v -3.174148 4.396143 1.394258
v -3.172946 4.395638 1.389103
v -3.175063 4.394163 1.404589
v -3.228746 4.354227 1.383977
v -3.229115 4.352643 1.389031
v -3.239273 4.341122 1.379017
v -3.239673 4.339499 1.384058
v -3.248376 4.327142 1.373713
v -3.248803 4.325478 1.378737
v -3.227565 4.355111 1.378883
v -3.237998 4.342121 1.373968
v -3.247021 4.328264 1.368710
v -3.225570 4.355215 1.373955
v -3.235849 4.342418 1.369113
v -3.244738 4.328767 1.363933
v -3.228674 4.350437 1.393840
v -3.216846 4.362555 1.398410
v -3.227424 4.347689 1.398200
v -3.215700 4.359699 1.402729
v -3.225366 4.344476 1.401904
v -3.213816 4.356308 1.406365
v -3.239201 4.337332 1.388882
v -3.237857 4.334699 1.393285
v -3.235645 4.331679 1.397061
v -3.248304 4.323352 1.383577
v -3.246880 4.320842 1.388027
v -3.244533 4.318028 1.391882
v -3.203839 4.373570 1.402547
v -3.189776 4.383368 1.406210
v -3.174780 4.391835 1.409353
v -3.202808 4.370617 1.406829
v -3.188869 4.380328 1.410459
v -3.174006 4.388721 1.413575
v -3.201116 4.367064 1.410405
v -3.187385 4.376631 1.413981
v -3.172742 4.384898 1.417050
v -2.964874 4.128685 1.301049
v -2.978287 4.119911 1.292116
v -2.965280 4.130926 1.296253
v -2.979318 4.122865 1.287834
v -2.966426 4.133782 1.291935
v -2.981010 4.126417 1.284258
v -2.968309 4.137173 1.288298
v -2.977919 4.117638 1.296899
v -2.992349 4.110113 1.288454
v -2.993256 4.113154 1.284204
v -2.994741 4.116850 1.280682
v -2.992023 4.107811 1.293227
v -3.007345 4.101646 1.285310
v -3.008120 4.104761 1.281088
v -3.009384 4.108583 1.277613
v -3.007062 4.099319 1.290074
v -2.953452 4.143044 1.300823
v -2.953011 4.140838 1.305632
v -2.942925 4.156150 1.305781
v -2.942453 4.153982 1.310606
v -2.933822 4.170130 1.311086
v -2.933323 4.168003 1.315926
v -2.954702 4.145792 1.296464
v -2.944269 4.158782 1.301378
v -2.935246 4.172639 1.306636
v -2.956760 4.149005 1.292759
v -2.946481 4.161802 1.297601
v -2.937593 4.175453 1.302782
v -2.953380 4.139254 1.310687
v -2.965208 4.127136 1.306117
v -2.954561 4.138371 1.315780
v -2.966285 4.126360 1.311251
v -2.956556 4.138267 1.320708
v -2.968105 4.126434 1.316246
v -2.942853 4.152359 1.315645
v -2.944128 4.151361 1.320695
v -2.946277 4.151064 1.325550
v -2.933750 4.166340 1.320950
v -2.935105 4.165216 1.325953
v -2.937388 4.164714 1.330730
v -2.978215 4.116121 1.301980
v -2.992277 4.106323 1.298317
v -3.007273 4.097857 1.295174
v -2.979177 4.115442 1.307150
v -2.993115 4.105731 1.303521
v -3.007978 4.097339 1.300405
v -2.980806 4.115679 1.312206
v -2.994537 4.106112 1.308631
v -3.009180 4.097844 1.305561
v 0.178785 -2.360904 -1.120816
v 0.183456 -2.365574 -1.114589
v 0.178371 -2.367728 -1.116742
v 0.170585 -2.361317 -1.122165
v 0.170585 -2.352704 -1.123774
v 0.179199 -2.352704 -1.122165
v 0.185609 -2.360489 -1.116742
v 0.162800 -2.367728 -1.116742
v 0.162386 -2.360904 -1.120816
v 0.157715 -2.365574 -1.114589
v 0.155562 -2.360489 -1.116742
v 0.161972 -2.352704 -1.122165
v 0.185609 -2.344918 -1.116742
v 0.178785 -2.344505 -1.120816
v 0.170585 -2.344090 -1.122165
v 0.178371 -2.337681 -1.116742
v 0.183456 -2.339833 -1.114589
v 0.162386 -2.344505 -1.120816
v 0.155562 -2.344918 -1.116742
v 0.157715 -2.339833 -1.114589
v 0.162800 -2.337681 -1.116742
v 0.151489 -2.360904 -1.109918
v 0.155562 -2.367728 -1.109504
v 0.150140 -2.361317 -1.101719
v 0.148530 -2.352704 -1.101719
v 0.150140 -2.352704 -1.110332
v 0.155562 -2.367728 -1.093934
v 0.151489 -2.360904 -1.093520
v 0.157715 -2.365574 -1.088849
v 0.155562 -2.360489 -1.086695
v 0.150140 -2.352704 -1.093105
v 0.151489 -2.344505 -1.109918
v 0.150140 -2.344090 -1.101719
v 0.155562 -2.337681 -1.109504
v 0.151489 -2.344505 -1.093520
v 0.155562 -2.344918 -1.086695
v 0.157715 -2.339833 -1.088849
v 0.155562 -2.337681 -1.093934
v 0.162386 -2.360904 -1.082622
v 0.162800 -2.367728 -1.086695
v 0.170585 -2.361317 -1.081273
v 0.170585 -2.352704 -1.079664
v 0.161972 -2.352704 -1.081273
v 0.178371 -2.367728 -1.086695
v 0.178785 -2.360904 -1.082622
v 0.183456 -2.365574 -1.088849
v 0.185609 -2.360489 -1.086695
v 0.179199 -2.352704 -1.081273
v 0.162386 -2.344505 -1.082622
v 0.170585 -2.344090 -1.081273
v 0.162800 -2.337681 -1.086695
v 0.178785 -2.344505 -1.082622
v 0.185609 -2.344918 -1.086695
v 0.183456 -2.339833 -1.088849
v 0.178371 -2.337681 -1.086695
v 0.189682 -2.360904 -1.093520
v 0.185609 -2.367728 -1.093934
v 0.191031 -2.361317 -1.101719
v 0.192641 -2.352704 -1.101719
v 0.191031 -2.352704 -1.093105
v 0.185609 -2.367728 -1.109504
v 0.189682 -2.360904 -1.109918
v 0.191031 -2.352704 -1.110332
v 0.189682 -2.344505 -1.093520
v 0.191031 -2.344090 -1.101719
v 0.185609 -2.337681 -1.093934
v 0.189682 -2.344505 -1.109918
v 0.185609 -2.337681 -1.109504
v 0.178785 -2.371800 -1.093520
v 0.170585 -2.373149 -1.093105
v 0.170585 -2.374758 -1.101719
v 0.179199 -2.373149 -1.101719
v 0.162386 -2.371800 -1.093520
v 0.161972 -2.373149 -1.101719
v 0.178785 -2.371800 -1.109918
v 0.170585 -2.373149 -1.110332
v 0.162386 -2.371800 -1.109918
v 0.178785 -2.333606 -1.109918
v 0.170585 -2.332258 -1.110332
v 0.170585 -2.330648 -1.101719
v 0.179199 -2.332258 -1.101719
v 0.162386 -2.333606 -1.109918
v 0.161972 -2.332258 -1.101719
v 0.178785 -2.333606 -1.093520
v 0.170585 -2.332258 -1.093105
v 0.162386 -2.333606 -1.093520
v 0.139735 -2.973972 -1.158970
v 0.148882 -2.983118 -1.146778
v 0.138925 -2.987335 -1.150994
v 0.123680 -2.974783 -1.161613
v 0.123680 -2.957916 -1.164763
v 0.140546 -2.957916 -1.161613
v 0.153098 -2.973161 -1.150994
v 0.108435 -2.987335 -1.150994
v 0.107624 -2.973972 -1.158970
v 0.098478 -2.983118 -1.146778
v 0.094262 -2.973161 -1.150994
v 0.106813 -2.957916 -1.161613
v 0.153098 -2.942671 -1.150994
v 0.139735 -2.941860 -1.158970
v 0.123680 -2.941050 -1.161613
v 0.138925 -2.928498 -1.150994
v 0.148882 -2.932714 -1.146778
v 0.107624 -2.941860 -1.158970
v 0.094262 -2.942671 -1.150994
v 0.098478 -2.932714 -1.146778
v 0.108435 -2.928498 -1.150994
v 0.086285 -2.973972 -1.137632
v 0.094262 -2.987335 -1.136820
v 0.083644 -2.974783 -1.121576
v 0.080492 -2.957916 -1.121576
v 0.083644 -2.957916 -1.138443
v 0.094262 -2.987335 -1.106331
v 0.086285 -2.973972 -1.105520
v 0.098478 -2.983118 -1.096375
v 0.094262 -2.973161 -1.092157
v 0.083644 -2.957916 -1.104710
v 0.086285 -2.941860 -1.137632
v 0.083644 -2.941050 -1.121576
v 0.094262 -2.928498 -1.136820
v 0.086285 -2.941860 -1.105520
v 0.094262 -2.942671 -1.092157
v 0.098478 -2.932714 -1.096375
v 0.094262 -2.928498 -1.106331
v 0.107624 -2.973972 -1.084181
v 0.108435 -2.987334 -1.092157
v 0.123680 -2.974783 -1.081540
v 0.123680 -2.957916 -1.078388
v 0.106813 -2.957916 -1.081540
v 0.138925 -2.987334 -1.092157
v 0.139735 -2.973972 -1.084181
v 0.148882 -2.983118 -1.096375
v 0.153098 -2.973161 -1.092157
v 0.140546 -2.957916 -1.081540
v 0.107624 -2.941860 -1.084181
v 0.123680 -2.941050 -1.081540
v 0.108435 -2.928498 -1.092157
v 0.139735 -2.941860 -1.084181
v 0.153098 -2.942671 -1.092157
v 0.148882 -2.932714 -1.096375
v 0.138925 -2.928498 -1.092157
v 0.161074 -2.973972 -1.105520
v 0.153098 -2.987335 -1.106331
v 0.163716 -2.974783 -1.121576
v 0.166867 -2.957916 -1.121576
v 0.163716 -2.957916 -1.104710
v 0.153098 -2.987335 -1.136820
v 0.161074 -2.973972 -1.137632
v 0.163716 -2.957916 -1.138443
v 0.161074 -2.941860 -1.105520
v 0.163716 -2.941050 -1.121576
v 0.153098 -2.928498 -1.106331
v 0.161074 -2.941860 -1.137632
v 0.153098 -2.928498 -1.136820
v 0.139735 -2.995311 -1.105520
v 0.123680 -2.997952 -1.104710
v 0.123680 -3.001104 -1.121576
v 0.140546 -2.997952 -1.121576
v 0.107624 -2.995311 -1.105520
v 0.106813 -2.997952 -1.121576
v 0.139735 -2.995311 -1.137632
v 0.123680 -2.997952 -1.138443
v 0.107624 -2.995311 -1.137632
v 0.139735 -2.920522 -1.137632
v 0.123680 -2.917880 -1.138443
v 0.123680 -2.914729 -1.121576
v 0.140546 -2.917880 -1.121576
v 0.107624 -2.920522 -1.137632
v 0.106813 -2.917880 -1.121576
v 0.139735 -2.920522 -1.105520
v 0.123680 -2.917880 -1.104710
v 0.107624 -2.920522 -1.105520
v 2.224068 -0.269611 3.232819
v 2.246825 -0.246853 3.232819
v 2.279009 -0.324551 3.232819
v 2.292651 -0.255969 3.239072
v 2.262917 -0.243652 3.239072
v 2.262917 -0.327752 3.239072
v 2.271121 -0.326944 3.232819
v 2.262917 -0.327752 3.232819
v 2.297880 -0.262341 3.232819
v 2.301766 -0.269610 3.239072
v 2.301766 -0.269610 3.232819
v 2.233183 -0.255969 3.232819
v 2.239555 -0.250739 3.239072
v 2.239555 -0.250739 3.232819
v 2.239555 -0.320665 3.232819
v 2.233183 -0.315436 3.239072
v 2.233183 -0.315436 3.232819
v 2.292651 -0.255969 3.232819
v 2.297880 -0.262341 3.239072
v 2.246825 -0.246853 3.239072
v 2.271121 -0.326944 3.239072
v 2.304159 -0.277499 3.232819
v 2.304967 -0.285702 3.239072
v 2.304967 -0.285702 3.232819
v 2.227954 -0.262341 3.239072
v 2.227954 -0.262341 3.232819
v 2.246825 -0.324551 3.232819
v 2.239555 -0.320665 3.239072
v 2.233183 -0.255969 3.239072
v 2.221675 -0.277499 3.232819
v 2.224068 -0.269611 3.239072
v 2.254714 -0.326944 3.232819
v 2.246825 -0.324551 3.239072
v 2.304159 -0.277499 3.239072
v 2.220867 -0.285702 3.232819
v 2.221675 -0.277499 3.239072
v 2.254714 -0.326944 3.239072
v 2.286279 -0.250739 3.232819
v 2.254714 -0.244460 3.239072
v 2.254714 -0.244460 3.232819
v 2.279009 -0.246853 3.232819
v 2.286279 -0.250739 3.239072
v 2.227954 -0.309064 3.232819
v 2.224068 -0.301794 3.239072
v 2.224068 -0.301794 3.232819
v 2.271121 -0.244460 3.232819
v 2.279009 -0.246853 3.239072
v 2.227954 -0.309064 3.239072
v 2.262917 -0.243652 3.232819
v 2.271121 -0.244460 3.239072
v 2.221675 -0.293906 3.232819
v 2.220867 -0.285702 3.239072
v 2.221675 -0.293906 3.239072
v 2.297880 -0.309064 3.232819
v 2.292651 -0.315436 3.239072
v 2.292651 -0.315436 3.232819
v 2.301766 -0.301794 3.232819
v 2.297880 -0.309064 3.239072
v 2.286279 -0.320665 3.232819
v 2.279009 -0.324551 3.239072
v 2.304159 -0.293906 3.232819
v 2.301766 -0.301794 3.239072
v 2.286279 -0.320665 3.239072
v 2.304159 -0.293906 3.239072
v -0.243557 -1.028663 3.503550
v -0.261003 -1.017014 3.503550
v -0.253453 -0.978996 3.503550
v -0.199511 -0.876476 3.585964
v -0.210609 -0.849684 3.585964
v -0.172720 -0.849684 3.585964
v -0.146656 -0.747699 3.701700
v -0.165824 -0.751505 3.701700
v -0.169630 -0.732338 3.701700
v 0.216274 -1.028663 3.503550
v 0.184053 -1.007118 3.503550
v 0.205597 -0.974897 3.503549
v 0.156535 -0.838586 3.585964
v 0.183327 -0.849684 3.585964
v 0.156535 -0.876476 3.585964
v 0.128169 -0.753572 3.701700
v 0.117307 -0.737327 3.701700
v 0.133552 -0.726465 3.701700
v -0.243557 -1.028663 3.510122
v -0.211335 -1.007118 3.510122
v -0.232879 -0.974897 3.510121
v -0.199512 -0.838586 3.592536
v -0.210609 -0.849684 3.592536
v -0.183818 -0.838586 3.592536
v -0.155451 -0.753572 3.708272
v -0.144589 -0.737327 3.708272
v -0.160835 -0.726465 3.708272
v 0.216274 -1.028663 3.510122
v 0.233721 -1.017014 3.510122
v 0.226170 -0.978996 3.510122
v 0.172229 -0.838586 3.592536
v 0.145437 -0.849684 3.592536
v 0.172229 -0.876476 3.592536
v 0.119373 -0.747699 3.708272
v 0.138542 -0.751505 3.708272
v 0.142348 -0.732338 3.708272
v 0.119373 -0.747699 3.701700
v 0.123180 -0.751505 3.708272
v 0.183327 -0.865378 3.585964
v 0.178906 -0.872054 3.592536
v 0.178906 -0.872054 3.585964
v -0.144589 -0.742710 3.701700
v -0.146656 -0.747699 3.708272
v 0.226170 -1.024564 3.503550
v 0.145437 -0.865378 3.585964
v 0.143843 -0.857531 3.592536
v 0.143843 -0.857531 3.585964
v -0.150463 -0.751505 3.701700
v -0.155451 -0.753572 3.701700
v 0.142348 -0.732338 3.701700
v 0.144414 -0.737327 3.708272
v 0.144415 -0.737327 3.701700
v 0.172229 -0.876476 3.585964
v -0.144589 -0.737327 3.701700
v -0.144589 -0.742710 3.708272
v -0.177140 -0.843008 3.585964
v -0.172720 -0.849684 3.592536
v 0.142348 -0.747699 3.701700
v 0.144414 -0.742710 3.708272
v 0.142348 -0.747699 3.708272
v 0.149858 -0.872054 3.585964
v 0.145437 -0.865378 3.592536
v -0.232879 -1.028663 3.503550
v -0.171125 -0.857531 3.592536
v -0.171125 -0.857531 3.585964
v 0.138542 -0.751505 3.701700
v 0.164383 -0.878071 3.592536
v 0.164383 -0.878071 3.585964
v -0.150463 -0.751505 3.708272
v -0.206189 -0.872055 3.585964
v -0.210609 -0.865378 3.592536
v -0.210609 -0.865378 3.585964
v 0.133552 -0.753572 3.701700
v 0.133552 -0.753572 3.708272
v 0.149858 -0.872054 3.592536
v -0.253453 -1.024564 3.503550
v -0.253453 -1.024564 3.510122
v -0.172720 -0.865378 3.585964
v -0.172720 -0.865378 3.592536
v 0.128169 -0.753572 3.708272
v 0.156535 -0.876476 3.592536
v -0.171697 -0.737327 3.701700
v -0.169630 -0.732338 3.708272
v -0.199512 -0.876476 3.592536
v -0.206189 -0.872055 3.592536
v 0.128169 -0.726465 3.701700
v 0.133552 -0.726465 3.708272
v 0.195701 -0.978996 3.503550
v 0.188151 -0.986546 3.510122
v 0.195701 -0.978996 3.510122
v -0.169630 -0.747699 3.701700
v -0.171697 -0.742710 3.708272
v -0.171697 -0.742710 3.701700
v -0.177140 -0.872055 3.585964
v -0.177140 -0.872055 3.592536
v 0.138542 -0.728531 3.708272
v 0.138542 -0.728531 3.701700
v 0.188151 -1.017014 3.510122
v 0.184053 -1.007118 3.510122
v -0.169630 -0.747699 3.708272
v -0.191665 -0.878071 3.592536
v 0.205597 -0.974897 3.510121
v -0.160835 -0.753572 3.701700
v -0.165824 -0.751505 3.708272
v -0.183818 -0.876476 3.585964
v -0.183818 -0.876476 3.592536
v 0.164383 -0.836991 3.585964
v 0.156535 -0.838586 3.592536
v 0.164383 -0.836991 3.592536
v 0.123180 -0.728531 3.701700
v 0.128169 -0.726465 3.708272
v -0.160835 -0.753572 3.708272
v -0.191665 -0.878071 3.585964
v 0.184922 -0.857531 3.592536
v 0.184922 -0.857531 3.585964
v 0.184053 -0.996441 3.503550
v 0.184053 -0.996441 3.510122
v -0.155451 -0.726465 3.701700
v -0.155451 -0.726465 3.708272
v -0.222984 -0.978996 3.503550
v -0.215434 -0.986546 3.510122
v -0.215434 -0.986546 3.503550
v 0.172229 -0.838586 3.585964
v 0.149858 -0.843008 3.585964
v -0.160835 -0.726465 3.701700
v -0.165824 -0.728531 3.708272
v -0.211335 -1.007118 3.503550
v -0.215434 -1.017014 3.510122
v -0.215434 -1.017014 3.503550
v 0.178906 -0.843008 3.592536
v 0.178906 -0.843008 3.585964
v 0.188151 -0.986546 3.503550
v -0.165824 -0.728531 3.701700
v -0.222984 -0.978996 3.510122
v 0.183327 -0.865378 3.592536
v 0.237820 -1.007118 3.503550
v 0.233721 -1.017014 3.503550
v -0.191665 -0.836991 3.585964
v -0.183818 -0.838586 3.585964
v -0.150463 -0.728531 3.701700
v -0.150463 -0.728531 3.708272
v 0.183327 -0.849684 3.592536
v 0.226170 -1.024564 3.510122
v -0.212204 -0.857531 3.585964
v -0.211335 -0.996441 3.503550
v 0.226170 -0.978996 3.503550
v 0.233721 -0.986546 3.510122
v 0.233721 -0.986546 3.503550
v 0.205597 -1.028663 3.503550
v 0.195701 -1.024564 3.510122
v 0.195701 -1.024564 3.503550
v -0.199511 -0.838586 3.585964
v -0.191665 -0.836991 3.592536
v -0.177140 -0.843008 3.592536
v 0.216274 -0.974897 3.510121
v 0.237820 -0.996441 3.510122
v 0.237820 -0.996441 3.503550
v -0.206189 -0.843008 3.585964
v -0.211335 -0.996441 3.510122
v 0.216274 -0.974897 3.503549
v 0.119373 -0.732338 3.701700
v 0.123180 -0.728531 3.708272
v -0.212204 -0.857531 3.592536
v -0.265102 -1.007118 3.503550
v -0.261003 -1.017014 3.510122
v -0.265102 -1.007118 3.510122
v 0.144415 -0.742710 3.701700
v 0.188151 -1.017014 3.503550
v -0.206189 -0.843008 3.592536
v 0.119373 -0.732338 3.708272
v -0.261003 -0.986546 3.510122
v -0.253453 -0.978996 3.510122
v -0.222984 -1.024564 3.503550
v -0.232879 -1.028663 3.510122
v 0.237820 -1.007118 3.510122
v -0.243557 -0.974897 3.510121
v -0.243557 -0.974897 3.503549
v -0.261003 -0.986546 3.503550
v -0.265102 -0.996441 3.510122
v 0.117307 -0.742710 3.701700
v 0.117307 -0.742710 3.708272
v -0.232879 -0.974897 3.503549
v -0.146656 -0.732338 3.708272
v -0.146656 -0.732338 3.701700
v 0.123180 -0.751505 3.701700
v -0.171697 -0.737327 3.708272
v -0.222984 -1.024564 3.510122
v 0.117307 -0.737327 3.708272
v 0.149858 -0.843008 3.592536
v 0.205597 -1.028663 3.510122
v 0.145437 -0.849684 3.585964
v -0.265102 -0.996441 3.503550
v -3.706525 0.301873 2.773545
v -3.799360 0.301873 2.773545
v -3.706525 0.263420 2.773545
v 4.271152 1.552891 -3.259284
v 4.277861 1.555720 -3.252394
v 4.273149 1.555990 -3.251317
v 4.268918 1.619183 -3.285679
v 4.274758 1.619728 -3.282021
v 4.273630 1.618914 -3.286756
v 4.272468 1.618076 -3.291630
v 4.267756 1.618345 -3.290553
v 4.272457 1.550164 -3.274654
v 4.271296 1.549326 -3.279528
v 4.270483 1.614996 -3.299545
v 4.269996 1.552058 -3.264133
v 4.273586 1.550978 -3.269918
v 4.274708 1.551788 -3.265209
v 4.275864 1.552622 -3.260361
v 4.271169 1.620808 -3.276234
v 4.278975 1.621125 -3.263906
v 4.274264 1.621395 -3.262829
v 4.265772 1.615266 -3.298468
v 4.277036 1.621372 -3.272462
v 4.275881 1.620538 -3.277310
v 4.269369 1.549592 -3.288033
v 4.264657 1.549861 -3.286956
v 4.266584 1.549595 -3.278452
v 4.267745 1.550434 -3.273578
v 4.272324 1.621642 -3.271386
v 4.270046 1.619998 -3.280944
v 4.268874 1.551247 -3.268842
v -1.110581 -2.322476 -7.163743
v -1.110048 -2.325868 -7.160164
v -1.111770 -2.319854 -7.163502
v -1.126577 -2.299115 -7.140729
v -1.108317 -2.359803 -7.110437
v -1.109413 -2.358731 -7.107985
v -1.124117 -2.334231 -7.091862
v -1.126380 -2.296906 -7.145163
v -1.125272 -2.298002 -7.147627
v 1.577308 -2.321800 -7.163045
v 1.596570 -2.295868 -7.145838
v 1.574642 -2.357778 -7.109219
v 1.575737 -2.356704 -7.106766
v 1.590441 -2.332205 -7.090643
v 1.592901 -2.297090 -7.139510
v 1.576371 -2.323843 -7.158946
v 1.592705 -2.294880 -7.143944
v 1.591596 -2.295976 -7.146408
v 1.578094 -2.317828 -7.162284
v 1.576904 -2.320451 -7.162524
v 1.593951 -2.336879 -7.092110
v 1.580450 -2.358731 -7.107986
v 1.579162 -2.357571 -7.114893
v 1.579354 -2.359803 -7.110437
v 1.595691 -2.330817 -7.095459
v 1.581616 -2.322476 -7.163744
v 1.582806 -2.319854 -7.163502
v 1.597417 -2.296906 -7.145164
v 1.595153 -2.334230 -7.091862
v 1.591825 -2.331625 -7.090584
v -1.103413 -2.355545 -7.113674
v -1.105868 -2.320451 -7.162523
v -1.107058 -2.317828 -7.162284
v -1.121668 -2.294880 -7.143943
v -1.119943 -2.328790 -7.094238
v -1.119404 -2.332205 -7.090643
v -1.118201 -2.334853 -7.090891
v -1.104701 -2.356704 -7.106765
v -1.103605 -2.357778 -7.109220
v -1.104032 -2.358742 -7.110286
v 1.578411 -2.360077 -7.109302
v -1.123029 -2.294681 -7.143343
v -1.120268 -2.333216 -7.089948
v -1.106792 -2.320209 -7.163683
v -1.124206 -2.329756 -7.094632
v 0.170585 -2.368582 -1.117597
v 0.186464 -2.352704 -1.117597
v 0.154707 -2.352704 -1.117597
v 0.170585 -2.336825 -1.117597
v 0.154707 -2.368582 -1.101719
v 0.154707 -2.352704 -1.085840
v 0.154707 -2.336825 -1.101719
v 0.170585 -2.368582 -1.085840
v 0.186464 -2.352704 -1.085840
v 0.170585 -2.336825 -1.085840
v 0.186464 -2.368582 -1.101719
v 0.186464 -2.336825 -1.101719
v 0.123680 -2.989008 -1.152668
v 0.154772 -2.957916 -1.152668
v 0.092587 -2.957916 -1.152668
v 0.123680 -2.926824 -1.152668
v 0.092587 -2.989008 -1.121576
v 0.092587 -2.957916 -1.090483
v 0.092587 -2.926824 -1.121576
v 0.123680 -2.989008 -1.090483
v 0.154772 -2.957916 -1.090483
v 0.123680 -2.926824 -1.090483
v 0.154772 -2.989008 -1.121576
v 0.154772 -2.926824 -1.121576
v -3.752942 0.333046 2.773545
v -3.772169 0.329064 2.773545
v -3.733716 0.329064 2.773545
v -3.788580 0.318285 2.773545
v -3.803342 0.282647 2.773545
v -3.799360 0.263420 2.773545
v -3.788580 0.247009 2.773545
v -3.772169 0.236229 2.773545
v -3.733716 0.236229 2.773545
v -3.752942 0.232247 2.773545
v -3.717304 0.247009 2.773545
v -3.702543 0.282647 2.773545
v -3.717304 0.318285 2.773545
vn -0.8938 -0.3843 -0.2311
vn 0.4463 0.8087 0.3832
vn 0.4485 0.7688 0.4559
vn -0.8938 0.3843 0.2312
vn -0.4485 -0.7680 -0.4571
vn -0.4469 -0.8074 -0.3853
vn 0.8938 -0.3843 -0.2310
vn 0.8939 -0.3841 -0.2312
vn 0.8938 -0.3841 -0.2313
vn 0.0738 -0.3837 0.9205
vn 0.1776 -0.1716 0.9690
vn 0.1776 -0.1713 0.9691
vn 0.8938 0.3843 0.2312
vn -0.4355 0.6193 0.6533
vn -0.4430 0.6738 0.5914
vn -0.1405 0.7293 -0.6696
vn -0.2381 0.8432 -0.4821
vn -0.2381 0.8430 -0.4824
vn 0.4427 -0.6741 -0.5913
vn 0.4351 -0.6203 -0.6526
vn 0.2400 -0.8456 0.4768
vn 0.1417 -0.7309 0.6676
vn 0.0000 0.0000 1.0000
vn -0.8939 -0.3841 -0.2310
vn -0.8937 -0.3843 -0.2314
vn -0.8938 -0.3842 -0.2313
vn -0.8938 -0.3843 -0.2312
vn -0.8937 -0.3846 -0.2312
vn -0.8938 -0.3844 -0.2311
vn -0.8936 -0.3843 -0.2317
vn -0.8937 -0.3844 -0.2313
vn -0.8939 -0.3841 -0.2311
vn -0.8939 -0.3843 -0.2309
vn -0.8938 -0.3843 -0.2313
vn -0.4428 -0.6743 -0.5910
vn -0.4353 -0.6203 -0.6525
vn -0.8938 0.3842 0.2312
vn -0.8938 0.3842 0.2314
vn -0.8935 0.3849 0.2312
vn -0.8937 0.3846 0.2311
vn -0.8938 0.3844 0.2311
vn -0.8936 0.3847 0.2314
vn -0.8936 0.3848 0.2313
vn -0.8939 0.3840 0.2312
vn -0.4489 -0.7679 -0.4570
vn -0.4475 -0.8071 -0.3852
vn 0.8938 -0.3842 -0.2312
vn 0.8937 -0.3845 -0.2312
vn 0.8938 -0.3843 -0.2312
vn 0.8938 -0.3843 -0.2313
vn 0.8938 -0.3845 -0.2310
vn 0.8937 -0.3845 -0.2311
vn 0.8938 -0.3842 -0.2311
vn 0.8940 -0.3841 -0.2308
vn 0.0735 -0.3834 0.9207
vn 0.0736 -0.3834 0.9207
vn 0.1772 -0.1709 0.9692
vn 0.4426 0.6738 0.5917
vn 0.4355 0.6192 0.6533
vn 0.8937 0.3845 0.2311
vn 0.8935 0.3849 0.2314
vn 0.8938 0.3843 0.2310
vn 0.8938 0.3844 0.2312
vn 0.8939 0.3843 0.2309
vn 0.8940 0.3840 0.2307
vn 0.8938 0.3844 0.2311
vn 0.8939 0.3842 0.2312
vn 0.4484 -0.7681 -0.4570
vn 0.4469 -0.8073 -0.3854
vn -0.4485 0.7687 0.4561
vn -0.4466 0.8087 0.3829
vn -0.4468 0.8085 0.3831
vn 0.4427 -0.6742 -0.5911
vn -0.0737 -0.3834 0.9206
vn -0.1776 -0.1712 0.9691
vn 0.1418 -0.7307 0.6678
vn -0.0735 -0.3829 0.9209
vn 0.1417 -0.7309 0.6677
vn -0.1419 -0.7307 0.6678
vn 0.0736 -0.3834 0.9206
vn 0.1403 0.7291 -0.6698
vn -0.0737 0.3825 -0.9210
vn -0.0737 0.3827 -0.9209
vn -0.4489 -0.7679 -0.4569
vn -0.4424 -0.6744 -0.5912
vn -0.4426 -0.6743 -0.5912
vn -0.4351 -0.6204 -0.6526
vn 0.2380 0.8431 -0.4822
vn 0.1405 0.7292 -0.6697
vn -0.1778 0.1695 -0.9694
vn -0.1775 0.1691 -0.9695
vn 0.4487 0.7687 0.4558
vn 0.4431 0.6737 0.5914
vn 0.4487 0.7687 0.4559
vn 0.4427 0.6738 0.5917
vn 0.4357 0.6192 0.6533
vn 0.4486 -0.7681 -0.4570
vn 0.4470 -0.8073 -0.3852
vn 0.4487 -0.7680 -0.4570
vn -0.2402 -0.8454 0.4771
vn -0.1419 -0.7308 0.6677
vn -0.4484 0.7688 0.4559
vn -0.4465 0.8088 0.3828
vn -0.4486 0.7687 0.4559
vn -0.0734 -0.3832 0.9207
vn -0.1774 -0.1712 0.9691
vn 0.4427 -0.6743 -0.5911
vn 0.4426 -0.6743 -0.5911
vn 0.0736 0.3825 -0.9210
vn 0.1778 0.1694 -0.9694
vn 0.0731 0.3824 -0.9211
vn -0.4430 0.6737 0.5915
vn -0.4428 0.6738 0.5915
vn -0.1404 0.7293 -0.6696
vn 0.7817 -0.6237 0.0079
vn 0.8907 -0.4107 0.1951
vn 0.7129 -0.6362 0.2951
vn 0.1123 0.9899 -0.0861
vn 0.0422 0.9785 0.2020
vn 0.3318 0.9360 0.1177
vn 0.6684 0.0884 -0.7385
vn 0.8609 0.0794 -0.5026
vn 0.7541 -0.1744 -0.6332
vn 0.1555 0.2644 0.9518
vn 0.3613 0.4452 0.8193
vn 0.0694 0.5276 0.8466
vn -0.7817 -0.6237 0.0078
vn -0.7129 -0.6362 0.2949
vn -0.8906 -0.4109 0.1951
vn -0.1123 0.9900 -0.0858
vn -0.3314 0.9361 0.1179
vn -0.0420 0.9785 0.2020
vn -0.7542 -0.1744 -0.6331
vn -0.8605 0.0793 -0.5032
vn -0.6683 0.0885 -0.7386
vn -0.0691 0.5277 0.8466
vn -0.3610 0.4454 0.8193
vn -0.1554 0.2645 0.9518
vn 0.0420 -0.9778 -0.2054
vn 0.3309 -0.9359 -0.1207
vn 0.1106 -0.9905 0.0818
vn 0.7540 0.1734 0.6336
vn 0.6681 -0.0897 0.7387
vn 0.8604 -0.0798 0.5033
vn 0.7113 0.6362 -0.2990
vn 0.7811 0.6243 -0.0110
vn 0.8902 0.4101 -0.1985
vn 0.0693 -0.5289 -0.8459
vn 0.1556 -0.2656 -0.9514
vn 0.3617 -0.4462 -0.8186
vn -0.1548 -0.2658 -0.9515
vn -0.0695 -0.5286 -0.8460
vn -0.3616 -0.4463 -0.8186
vn -0.6681 -0.0894 0.7387
vn -0.7539 0.1739 0.6336
vn -0.8604 -0.0796 0.5034
vn -0.0420 -0.9778 -0.2053
vn -0.1108 -0.9905 0.0817
vn -0.3310 -0.9359 -0.1205
vn -0.7114 0.6361 -0.2988
vn -0.8898 0.4108 -0.1985
vn -0.7811 0.6244 -0.0111
vn 0.6929 0.5421 -0.4755
vn 0.6923 0.5423 -0.4760
vn 0.9456 -0.2038 -0.2536
vn 0.9457 -0.2035 -0.2533
vn 0.5901 0.0084 0.8073
vn 0.5901 0.0085 0.8073
vn 0.3204 0.7479 0.5814
vn 0.9496 -0.2702 -0.1590
vn 0.9496 -0.2701 -0.1590
vn 0.7402 -0.2333 0.6306
vn 0.7400 -0.2336 0.6308
vn 0.5434 0.7837 -0.3008
vn 0.3204 0.7479 0.5813
vn 0.3166 0.8149 0.4855
vn 0.3162 0.8150 0.4856
vn 0.5437 0.7835 -0.3010
vn -0.9496 -0.2701 -0.1590
vn -0.7401 -0.2332 0.6308
vn -0.7403 -0.2328 0.6307
vn -0.3209 0.7478 0.5813
vn -0.5904 0.0088 0.8070
vn -0.5905 0.0088 0.8070
vn -0.5437 0.7836 -0.3006
vn -0.5438 0.7834 -0.3011
vn -0.6923 0.5426 -0.4757
vn -0.9455 -0.2040 -0.2538
vn -0.9455 -0.2038 -0.2538
vn -0.6921 0.5427 -0.4758
vn -0.3166 0.8150 0.4854
vn -0.3210 0.7477 0.5813
vn -0.3165 0.8150 0.4854
vn 0.3172 -0.8141 -0.4864
vn 0.5429 -0.7848 0.2989
vn 0.5430 -0.7847 0.2989
vn 0.9457 0.2033 0.2537
vn 0.6920 -0.5427 0.4761
vn 0.6923 -0.5428 0.4756
vn 0.7386 0.2328 -0.6327
vn 0.5896 -0.0089 -0.8076
vn 0.3203 -0.7482 -0.5811
vn 0.3202 -0.7482 -0.5811
vn 0.5896 -0.0090 -0.8077
vn 0.9498 0.2700 0.1579
vn 0.9457 0.2032 0.2537
vn 0.3166 -0.8144 -0.4864
vn -0.5902 -0.0095 -0.8072
vn -0.5900 -0.0095 -0.8073
vn -0.3203 -0.7481 -0.5811
vn -0.3203 -0.7481 -0.5812
vn -0.6923 -0.5427 0.4755
vn -0.6923 -0.5428 0.4755
vn -0.9458 0.2031 0.2536
vn -0.3165 -0.8145 -0.4863
vn -0.3169 -0.8144 -0.4862
vn -0.5426 -0.7850 0.2989
vn -0.5432 -0.7847 0.2987
vn -0.7395 0.2320 -0.6320
vn -0.9498 0.2702 0.1579
vn -0.7391 0.2323 -0.6323
vn 0.0970 -0.8841 -0.4571
vn -0.0970 -0.9560 -0.2769
vn -0.0970 -0.8841 -0.4571
vn 0.9906 -0.0541 -0.1260
vn 0.9906 0.0541 0.1260
vn 0.9905 -0.1260 0.0541
vn 0.0970 -0.4571 0.8841
vn -0.0969 -0.2769 0.9560
vn -0.0970 -0.4571 0.8841
vn 0.0970 0.8841 0.4571
vn -0.0970 0.9560 0.2769
vn -0.0970 0.8841 0.4571
vn -0.9906 -0.0542 -0.1260
vn -0.9906 0.0541 0.1260
vn -0.9905 0.1260 -0.0541
vn -0.0971 -0.0102 -0.9952
vn -0.3782 0.2508 -0.8911
vn -0.0968 0.2770 -0.9560
vn -0.0918 -0.3931 -0.9149
vn -0.3702 -0.0283 -0.9285
vn -0.7041 0.1755 -0.6880
vn -0.5774 -0.3224 -0.7502
vn -0.6684 -0.0558 -0.7417
vn -0.3782 -0.8191 -0.4314
vn -0.0971 -0.7150 -0.6924
vn -0.7040 -0.6201 -0.3463
vn -0.3702 -0.6542 -0.6596
vn -0.3265 -0.3731 -0.8684
vn -0.9205 0.0498 -0.3874
vn -0.9205 -0.3154 -0.2305
vn -0.8519 -0.2067 -0.4811
vn -0.6685 -0.4999 -0.5507
vn -0.0972 -0.9952 0.0103
vn -0.3784 -0.8910 -0.2508
vn -0.0918 -0.9149 0.3931
vn -0.3702 -0.9285 0.0282
vn -0.7041 -0.6881 -0.1756
vn -0.5773 -0.7503 0.3223
vn -0.6683 -0.7418 0.0556
vn -0.3783 -0.4314 0.8190
vn -0.0972 -0.6925 0.7149
vn -0.7041 -0.3462 0.6200
vn -0.3702 -0.6595 0.6542
vn -0.3264 -0.8685 0.3730
vn -0.9205 -0.3875 -0.0499
vn -0.9205 -0.2305 0.3154
vn -0.9906 -0.1260 0.0541
vn -0.8519 -0.4811 0.2067
vn -0.6683 -0.5510 0.4998
vn -0.3783 0.4313 -0.8191
vn -0.0972 0.6924 -0.7149
vn -0.0971 0.4572 -0.8841
vn -0.7040 0.3462 -0.6200
vn -0.3702 0.6596 -0.6541
vn -0.0919 0.9148 -0.3933
vn -0.5772 0.7502 -0.3224
vn -0.3265 0.8684 -0.3731
vn -0.9205 0.3874 0.0499
vn -0.9205 0.2305 -0.3154
vn -0.7041 0.6880 0.1756
vn -0.8519 0.4812 -0.2068
vn -0.6684 0.5510 -0.4997
vn -0.0972 0.9952 -0.0104
vn -0.3784 0.8910 0.2508
vn -0.3703 0.9285 -0.0283
vn -0.6683 0.7418 -0.0557
vn -0.0972 0.0102 0.9952
vn -0.3784 -0.2508 0.8910
vn -0.0919 0.3931 0.9149
vn -0.3704 0.0284 0.9285
vn -0.7042 -0.1756 0.6880
vn -0.5774 0.3223 0.7502
vn -0.6684 0.0557 0.7417
vn -0.3783 0.8190 0.4314
vn -0.0972 0.7149 0.6924
vn -0.7041 0.6200 0.3462
vn -0.3703 0.6541 0.6596
vn -0.3267 0.3732 0.8683
vn -0.9206 -0.0499 0.3874
vn -0.9205 0.3154 0.2305
vn -0.8519 0.2067 0.4812
vn -0.6684 0.4997 0.5510
vn 0.3782 0.2508 -0.8911
vn 0.0971 -0.0102 -0.9952
vn 0.0968 0.2770 -0.9560
vn 0.7041 0.1755 -0.6880
vn 0.3702 -0.0283 -0.9285
vn 0.0918 -0.3931 -0.9149
vn 0.5774 -0.3224 -0.7501
vn 0.3265 -0.3731 -0.8684
vn 0.9205 -0.3154 -0.2305
vn 0.9205 0.0498 -0.3875
vn 0.7040 -0.6201 -0.3463
vn 0.8519 -0.2067 -0.4812
vn 0.6684 -0.0558 -0.7417
vn 0.0971 -0.7150 -0.6924
vn 0.3782 -0.8191 -0.4314
vn 0.3702 -0.6542 -0.6596
vn 0.6684 -0.4996 -0.5510
vn 0.3784 -0.8910 -0.2508
vn 0.0972 -0.9952 0.0103
vn 0.0970 -0.9560 -0.2769
vn 0.7041 -0.6881 -0.1756
vn 0.3702 -0.9285 0.0282
vn 0.0918 -0.9149 0.3931
vn 0.5773 -0.7503 0.3223
vn 0.3264 -0.8685 0.3730
vn 0.9205 -0.2305 0.3154
vn 0.9205 -0.3876 -0.0499
vn 0.7041 -0.3462 0.6200
vn 0.8519 -0.4811 0.2067
vn 0.6683 -0.7418 0.0555
vn 0.0972 -0.6924 0.7149
vn 0.3783 -0.4314 0.8190
vn 0.3702 -0.6595 0.6542
vn 0.6683 -0.5510 0.4998
vn 0.0972 0.6924 -0.7149
vn 0.3783 0.4313 -0.8190
vn 0.0971 0.4571 -0.8841
vn 0.0919 0.9148 -0.3933
vn 0.3702 0.6596 -0.6541
vn 0.7041 0.3462 -0.6200
vn 0.5772 0.7502 -0.3224
vn 0.6683 0.5510 -0.4997
vn 0.3783 0.8911 0.2508
vn 0.0972 0.9952 -0.0104
vn 0.0970 0.9560 0.2769
vn 0.7041 0.6880 0.1756
vn 0.3703 0.9285 -0.0283
vn 0.3265 0.8684 -0.3731
vn 0.9205 0.2305 -0.3154
vn 0.9205 0.3874 0.0499
vn 0.9906 0.1260 -0.0541
vn 0.8519 0.4812 -0.2068
vn 0.6683 0.7418 -0.0557
vn 0.3783 -0.2508 0.8911
vn 0.0972 0.0102 0.9952
vn 0.0969 -0.2769 0.9560
vn 0.7042 -0.1756 0.6880
vn 0.3704 0.0284 0.9285
vn 0.0919 0.3931 0.9149
vn 0.5774 0.3223 0.7502
vn 0.3267 0.3732 0.8683
vn 0.9205 0.3154 0.2305
vn 0.9206 -0.0499 0.3874
vn 0.7041 0.6200 0.3462
vn 0.8519 0.2067 0.4812
vn 0.6684 0.0557 0.7417
vn 0.0972 0.7149 0.6924
vn 0.3783 0.8190 0.4314
vn 0.3703 0.6541 0.6596
vn 0.6684 0.4997 0.5510
vn -0.2605 -0.2076 -0.9429
vn 0.4219 0.3953 -0.8159
vn 0.3216 -0.3612 -0.8753
vn -0.2985 0.8386 -0.4557
vn -0.3423 0.3864 -0.8565
vn 0.7857 -0.3821 -0.4865
vn 0.7477 0.6640 0.0008
vn 0.9390 0.1726 -0.2974
vn -0.0329 0.9060 0.4219
vn 0.2751 0.9202 -0.2786
vn -0.7857 0.3821 0.4865
vn -0.6639 0.7476 0.0188
vn 0.2605 0.2076 0.9429
vn 0.6174 0.5338 0.5778
vn -0.4219 -0.3953 0.8159
vn -0.3216 0.3612 0.8753
vn -0.7477 -0.6640 -0.0007
vn -0.9390 -0.1727 0.2974
vn 0.2985 -0.8386 0.4557
vn 0.3423 -0.3864 0.8565
vn 0.0329 -0.9060 -0.4219
vn -0.2751 -0.9202 0.2786
vn -0.6174 -0.5338 -0.5779
vn 0.6639 -0.7476 -0.0188
vn -0.9060 0.1511 -0.3953
vn 0.9060 -0.1511 0.3953
vn 0.5773 -0.5774 -0.5774
vn 0.3406 -0.3405 -0.8764
vn 0.6781 -0.2836 -0.6781
vn 0.2836 -0.6781 -0.6781
vn 0.0000 -0.3615 -0.9324
vn -0.2836 -0.6781 -0.6781
vn 0.0000 -0.7071 -0.7071
vn -0.5773 -0.5774 -0.5774
vn -0.3405 -0.3405 -0.8764
vn 0.3615 0.0000 -0.9324
vn 0.7071 0.0000 -0.7071
vn 0.0000 0.0000 -1.0000
vn -0.6781 -0.2836 -0.6781
vn -0.3615 0.0000 -0.9324
vn 0.6781 0.2836 -0.6781
vn 0.3406 0.3405 -0.8764
vn -0.3406 0.3405 -0.8764
vn 0.0000 0.3615 -0.9324
vn -0.6781 0.2836 -0.6781
vn 0.5774 0.5773 -0.5774
vn 0.2836 0.6780 -0.6781
vn -0.2836 0.6780 -0.6781
vn 0.0000 0.7071 -0.7071
vn -0.5774 0.5773 -0.5774
vn -0.8764 -0.3405 -0.3405
vn -0.6781 -0.6781 -0.2835
vn -0.9324 -0.3614 0.0000
vn -0.6781 -0.6781 0.2835
vn -0.7071 -0.7071 0.0000
vn -0.5774 -0.5773 0.5774
vn -0.8764 -0.3405 0.3405
vn -0.9324 0.0000 -0.3614
vn -0.7071 0.0000 -0.7071
vn -1.0000 0.0000 0.0000
vn -0.6781 -0.2836 0.6781
vn -0.9324 0.0000 0.3614
vn -0.8764 0.3405 -0.3406
vn -0.8764 0.3405 0.3406
vn -0.9324 0.3614 0.0000
vn -0.6781 0.2836 0.6781
vn -0.6781 0.6781 -0.2836
vn -0.6781 0.6781 0.2836
vn -0.7071 0.7071 0.0000
vn -0.5774 0.5773 0.5774
vn -0.3406 -0.3406 0.8764
vn -0.2836 -0.6781 0.6781
vn 0.0000 -0.3615 0.9324
vn 0.2836 -0.6781 0.6781
vn 0.0000 -0.7071 0.7071
vn 0.5773 -0.5774 0.5774
vn 0.3406 -0.3406 0.8764
vn -0.3615 0.0000 0.9324
vn -0.7071 0.0000 0.7071
vn 0.6781 -0.2836 0.6781
vn 0.3615 0.0000 0.9324
vn -0.3406 0.3405 0.8764
vn 0.3406 0.3405 0.8764
vn 0.0000 0.3615 0.9324
vn 0.6781 0.2836 0.6781
vn -0.2836 0.6781 0.6781
vn 0.2836 0.6781 0.6781
vn 0.0000 0.7071 0.7071
vn 0.5774 0.5773 0.5774
vn 0.8764 -0.3405 0.3405
vn 0.6781 -0.6781 0.2836
vn 0.9324 -0.3615 0.0000
vn 0.6781 -0.6781 -0.2836
vn 0.7071 -0.7071 0.0000
vn 0.8764 -0.3405 -0.3405
vn 0.9324 0.0000 0.3615
vn 0.7071 0.0000 0.7071
vn 1.0000 0.0000 0.0000
vn 0.9324 0.0000 -0.3615
vn 0.8764 0.3405 0.3406
vn 0.8764 0.3405 -0.3406
vn 0.9324 0.3615 0.0000
vn 0.6781 0.6781 0.2836
vn 0.6781 0.6781 -0.2836
vn 0.7071 0.7071 0.0000
vn 0.3405 -0.8764 0.3405
vn 0.0000 -0.9324 0.3615
vn -0.3405 -0.8764 0.3405
vn 0.3615 -0.9324 0.0000
vn 0.0000 -1.0000 0.0000
vn -0.3615 -0.9324 0.0000
vn 0.3405 -0.8764 -0.3405
vn -0.3405 -0.8764 -0.3405
vn 0.0000 -0.9324 -0.3615
vn 0.3405 0.8764 -0.3405
vn 0.0000 0.9324 -0.3615
vn -0.3405 0.8764 -0.3405
vn 0.3615 0.9324 0.0000
vn 0.0000 1.0000 0.0000
vn -0.3615 0.9324 0.0000
vn 0.3405 0.8764 0.3405
vn -0.3405 0.8764 0.3405
vn 0.0000 0.9324 0.3615
vn 0.1375 0.3549 -0.9247
vn -0.0047 0.3585 -0.9335
vn -0.0047 0.3586 -0.9335
vn 0.1368 0.3421 -0.9297
vn -0.0047 0.3583 -0.9336
vn 0.1348 0.3292 -0.9346
vn -0.0047 0.3581 -0.9337
vn 0.1313 0.3163 -0.9395
vn -0.0046 0.3578 -0.9338
vn 0.2890 0.3427 -0.8939
vn 0.2876 0.3164 -0.9040
vn 0.2832 0.2901 -0.9141
vn 0.2761 0.2637 -0.9242
vn 0.1263 0.3034 -0.9444
vn 0.4571 0.3179 -0.8306
vn 0.4548 0.2767 -0.8465
vn 0.4481 0.2355 -0.8624
vn 0.4371 0.1940 -0.8782
vn 0.2661 0.2372 -0.9343
vn 0.6415 0.2737 -0.7167
vn 0.6383 0.2161 -0.7388
vn 0.6291 0.1584 -0.7610
vn 0.6136 0.1007 -0.7832
vn 0.4212 0.1526 -0.8940
vn -0.1459 0.3676 -0.9185
vn -0.1466 0.3551 -0.9233
vn -0.2960 0.3690 -0.8810
vn -0.2974 0.3431 -0.8910
vn -0.4622 0.3595 -0.8106
vn -0.4644 0.3187 -0.8263
vn -0.6444 0.3320 -0.6888
vn -0.6476 0.2747 -0.7108
vn -0.1439 0.3800 -0.9137
vn -0.2918 0.3949 -0.8711
vn -0.4556 0.4004 -0.7951
vn -0.6352 0.3893 -0.6671
vn -0.1404 0.3925 -0.9090
vn -0.2846 0.4209 -0.8613
vn -0.4444 0.4414 -0.7795
vn -0.6197 0.4468 -0.6453
vn -0.1355 0.4050 -0.9042
vn -0.2746 0.4469 -0.8514
vn -0.4285 0.4823 -0.7641
vn -0.5975 0.5042 -0.6236
vn -0.1461 0.3426 -0.9281
vn -0.0047 0.3589 -0.9334
vn -0.1440 0.3302 -0.9329
vn -0.0046 0.3591 -0.9333
vn -0.1406 0.3177 -0.9377
vn -0.0047 0.3592 -0.9332
vn -0.1358 0.3053 -0.9425
vn -0.0047 0.3595 -0.9331
vn -0.2962 0.3172 -0.9009
vn -0.2921 0.2912 -0.9110
vn -0.2851 0.2653 -0.9210
vn -0.2751 0.2394 -0.9311
vn -0.4623 0.2779 -0.8420
vn -0.4559 0.2370 -0.8579
vn -0.4451 0.1961 -0.8738
vn -0.4294 0.1553 -0.8897
vn -0.6447 0.2176 -0.7328
vn -0.6358 0.1604 -0.7550
vn -0.6206 0.1030 -0.7774
vn -0.5986 0.0458 -0.7997
vn 0.1369 0.3678 -0.9198
vn 0.2876 0.3690 -0.8838
vn 0.4550 0.3592 -0.8148
vn 0.1348 0.3806 -0.9149
vn 0.2836 0.3954 -0.8737
vn 0.4487 0.4005 -0.7989
vn 0.6386 0.3313 -0.6945
vn 0.1315 0.3935 -0.9099
vn 0.2766 0.4218 -0.8635
vn 0.4377 0.4420 -0.7830
vn 0.6297 0.3890 -0.6724
vn 0.1266 0.4064 -0.9049
vn 0.2666 0.4482 -0.8532
vn 0.4221 0.4834 -0.7669
vn 0.6145 0.4469 -0.6502
vn -0.1090 0.2597 -0.9595
vn -0.0085 0.3574 -0.9339
vn -0.0083 0.3573 -0.9340
vn -0.1182 0.2692 -0.9558
vn -0.0086 0.3575 -0.9339
vn -0.1265 0.2796 -0.9517
vn -0.0088 0.3577 -0.9338
vn -0.1339 0.2910 -0.9473
vn -0.0090 0.3579 -0.9337
vn -0.2160 0.1475 -0.9652
vn -0.2349 0.1670 -0.9576
vn -0.2519 0.1884 -0.9492
vn -0.2668 0.2118 -0.9402
vn -0.1401 0.3034 -0.9425
vn -0.3343 0.0121 -0.9424
vn -0.3640 0.0427 -0.9304
vn -0.3906 0.0762 -0.9174
vn -0.4140 0.1128 -0.9033
vn -0.2796 0.2371 -0.9304
vn -0.4636 -0.1534 -0.8727
vn -0.5049 -0.1107 -0.8560
vn -0.5421 -0.0639 -0.8379
vn -0.5749 -0.0128 -0.8181
vn -0.4341 0.1525 -0.8879
vn 0.1013 0.4382 -0.8931
vn 0.0924 0.4475 -0.8895
vn 0.2183 0.5160 -0.8283
vn 0.1997 0.5352 -0.8208
vn 0.3482 0.5911 -0.7275
vn 0.3188 0.6214 -0.7157
vn 0.4911 0.6566 -0.5724
vn 0.4501 0.6990 -0.5557
vn 0.1094 0.4281 -0.8971
vn 0.2349 0.4949 -0.8366
vn 0.3745 0.5579 -0.7406
vn 0.5280 0.6101 -0.5907
vn 0.1164 0.4171 -0.9014
vn 0.2496 0.4720 -0.8456
vn 0.3975 0.5218 -0.7548
vn 0.5604 0.5595 -0.6107
vn 0.1223 0.4051 -0.9061
vn 0.2621 0.4470 -0.8553
vn 0.4172 0.4824 -0.7702
vn 0.5882 0.5044 -0.6321
vn 0.0825 0.4559 -0.8862
vn -0.0082 0.3571 -0.9340
vn 0.0716 0.4634 -0.8833
vn -0.0081 0.3570 -0.9341
vn 0.0598 0.4699 -0.8807
vn -0.0079 0.3569 -0.9341
vn 0.0470 0.4755 -0.8784
vn -0.0077 0.3567 -0.9342
vn 0.1791 0.5526 -0.8140
vn 0.1566 0.5683 -0.8078
vn 0.1320 0.5820 -0.8024
vn 0.1053 0.5937 -0.7978
vn 0.2864 0.6488 -0.7050
vn 0.2510 0.6735 -0.6953
vn 0.2122 0.6952 -0.6868
vn 0.1701 0.7137 -0.6794
vn 0.4047 0.7374 -0.5408
vn 0.3550 0.7720 -0.5272
vn 0.3007 0.8025 -0.5154
vn 0.2418 0.8285 -0.5051
vn -0.0988 0.2511 -0.9629
vn -0.1951 0.1299 -0.9721
vn -0.3016 -0.0156 -0.9533
vn -0.0877 0.2434 -0.9660
vn -0.1722 0.1140 -0.9784
vn -0.2658 -0.0405 -0.9632
vn -0.4179 -0.1921 -0.8879
vn -0.0755 0.2364 -0.9687
vn -0.1473 0.1000 -0.9840
vn -0.2267 -0.0624 -0.9720
vn -0.3679 -0.2269 -0.9017
vn -0.0623 0.2304 -0.9711
vn -0.1202 0.0879 -0.9889
vn -0.1842 -0.0813 -0.9795
vn -0.3133 -0.2576 -0.9140
vn -0.0064 0.4895 -0.8720
vn -0.0067 0.3606 -0.9327
vn -0.0068 0.3606 -0.9327
vn 0.0073 0.4889 -0.8723
vn -0.0064 0.3607 -0.9327
vn 0.0211 0.4871 -0.8731
vn -0.0062 0.3607 -0.9327
vn 0.0349 0.4839 -0.8744
vn -0.0059 0.3607 -0.9327
vn -0.0058 0.6185 -0.7858
vn 0.0224 0.6172 -0.7865
vn 0.0506 0.6133 -0.7882
vn 0.0789 0.6068 -0.7910
vn 0.0488 0.4793 -0.8763
vn -0.0049 0.7501 -0.6613
vn 0.0392 0.7482 -0.6623
vn 0.0835 0.7421 -0.6651
vn 0.1278 0.7319 -0.6693
vn 0.1072 0.5974 -0.7947
vn -0.0036 0.8772 -0.4801
vn 0.0580 0.8745 -0.4816
vn 0.1198 0.8660 -0.4854
vn 0.1817 0.8517 -0.4915
vn 0.1721 0.7171 -0.6754
vn -0.0205 0.2251 -0.9741
vn -0.0071 0.2245 -0.9744
vn -0.0350 0.0728 -0.9967
vn -0.0072 0.0715 -0.9974
vn -0.0509 -0.1071 -0.9929
vn -0.0072 -0.1091 -0.9940
vn -0.0681 -0.3219 -0.9443
vn -0.0068 -0.3247 -0.9458
vn -0.0338 0.2270 -0.9733
vn -0.0628 0.0767 -0.9951
vn -0.0947 -0.1010 -0.9904
vn -0.1294 -0.3134 -0.9408
vn -0.0471 0.2302 -0.9720
vn -0.0905 0.0833 -0.9924
vn -0.1385 -0.0907 -0.9862
vn -0.1908 -0.2990 -0.9350
vn -0.0604 0.2348 -0.9702
vn -0.1183 0.0927 -0.9886
vn -0.1822 -0.0759 -0.9803
vn -0.2523 -0.2784 -0.9267
vn 0.0063 0.2252 -0.9743
vn -0.0070 0.3606 -0.9327
vn 0.0196 0.2271 -0.9737
vn -0.0072 0.3607 -0.9327
vn 0.0330 0.2302 -0.9726
vn -0.0074 0.3606 -0.9327
vn 0.0464 0.2348 -0.9709
vn -0.0077 0.3606 -0.9327
vn 0.0206 0.0728 -0.9971
vn 0.0483 0.0768 -0.9959
vn 0.0762 0.0834 -0.9936
vn 0.1040 0.0928 -0.9902
vn 0.0366 -0.1071 -0.9936
vn 0.0804 -0.1010 -0.9916
vn 0.1243 -0.0906 -0.9881
vn 0.1680 -0.0758 -0.9829
vn 0.0545 -0.3219 -0.9452
vn 0.1159 -0.3133 -0.9425
vn 0.1775 -0.2989 -0.9376
vn 0.2389 -0.2782 -0.9303
vn -0.0202 0.4889 -0.8721
vn -0.0340 0.6172 -0.7861
vn -0.0491 0.7482 -0.6617
vn -0.0339 0.4871 -0.8727
vn -0.0622 0.6133 -0.7874
vn -0.0934 0.7421 -0.6637
vn -0.0654 0.8744 -0.4807
vn -0.0477 0.4838 -0.8739
vn -0.0905 0.6068 -0.7897
vn -0.1378 0.7319 -0.6674
vn -0.1272 0.8660 -0.4836
vn -0.0616 0.4792 -0.8755
vn -0.1189 0.5974 -0.7931
vn -0.1821 0.7171 -0.6728
vn -0.1891 0.8517 -0.4887
vn 0.0950 0.2597 -0.9610
vn -0.0055 0.3572 -0.9340
vn -0.0053 0.3572 -0.9340
vn 0.0848 0.2511 -0.9642
vn -0.0056 0.3570 -0.9341
vn 0.0736 0.2433 -0.9672
vn -0.0058 0.3568 -0.9342
vn 0.0614 0.2364 -0.9697
vn -0.0059 0.3567 -0.9342
vn 0.2019 0.1477 -0.9682
vn 0.1810 0.1299 -0.9749
vn 0.1580 0.1140 -0.9808
vn 0.1330 0.1000 -0.9861
vn 0.0481 0.2305 -0.9719
vn 0.3206 0.0123 -0.9471
vn 0.2879 -0.0156 -0.9575
vn 0.2519 -0.0404 -0.9669
vn 0.2126 -0.0625 -0.9751
vn 0.1059 0.0880 -0.9905
vn 0.4509 -0.1531 -0.8793
vn 0.4051 -0.1919 -0.8939
vn 0.3549 -0.2267 -0.9070
vn 0.3002 -0.2575 -0.9185
vn 0.1701 -0.0812 -0.9821
vn -0.0955 0.4558 -0.8849
vn -0.1054 0.4474 -0.8881
vn -0.1911 0.5525 -0.8113
vn -0.2117 0.5351 -0.8178
vn -0.2969 0.6487 -0.7007
vn -0.3294 0.6213 -0.7110
vn -0.4128 0.7372 -0.5349
vn -0.4583 0.6988 -0.5492
vn -0.0846 0.4634 -0.8821
vn -0.1684 0.5681 -0.8055
vn -0.2613 0.6733 -0.6916
vn -0.3629 0.7719 -0.5220
vn -0.0727 0.4699 -0.8797
vn -0.1438 0.5819 -0.8004
vn -0.2224 0.6951 -0.6836
vn -0.3085 0.8024 -0.5109
vn -0.0598 0.4755 -0.8777
vn -0.1170 0.5936 -0.7962
vn -0.1802 0.7136 -0.6770
vn -0.2493 0.8284 -0.5015
vn -0.1144 0.4382 -0.8916
vn -0.0051 0.3574 -0.9340
vn -0.1224 0.4280 -0.8954
vn -0.0051 0.3575 -0.9339
vn -0.1295 0.4170 -0.8996
vn -0.0048 0.3577 -0.9338
vn -0.2304 0.5159 -0.8251
vn -0.2472 0.4948 -0.8331
vn -0.2620 0.4719 -0.8418
vn -0.3589 0.5910 -0.7224
vn -0.3853 0.5578 -0.7351
vn -0.4086 0.5216 -0.7490
vn -0.4997 0.6563 -0.5652
vn -0.5367 0.6099 -0.5830
vn -0.5695 0.5592 -0.6025
vn 0.1042 0.2693 -0.9574
vn 0.2209 0.1671 -0.9609
vn 0.3505 0.0428 -0.9356
vn 0.1126 0.2797 -0.9535
vn 0.2381 0.1885 -0.9528
vn 0.3771 0.0764 -0.9230
vn 0.4925 -0.1104 -0.8633
vn 0.1200 0.2911 -0.9491
vn 0.2530 0.2119 -0.9440
vn 0.4009 0.1129 -0.9091
vn 0.5299 -0.0636 -0.8457
vn 0.5631 -0.0126 -0.8263
vn -0.1510 0.3549 -0.9226
vn -0.0090 0.3589 -0.9333
vn -0.0089 0.3587 -0.9334
vn -0.1502 0.3677 -0.9177
vn -0.0090 0.3590 -0.9333
vn -0.1482 0.3805 -0.9128
vn -0.0089 0.3592 -0.9332
vn -0.1448 0.3935 -0.9078
vn -0.0089 0.3595 -0.9331
vn -0.3021 0.3426 -0.8896
vn -0.3005 0.3689 -0.8795
vn -0.2963 0.3953 -0.8695
vn -0.2892 0.4217 -0.8594
vn -0.1399 0.4064 -0.9029
vn -0.4691 0.3178 -0.8240
vn -0.4669 0.3590 -0.8081
vn -0.4603 0.4004 -0.7924
vn -0.4491 0.4418 -0.7766
vn -0.2791 0.4481 -0.8493
vn -0.6518 0.2735 -0.7074
vn -0.6487 0.3311 -0.6853
vn -0.6395 0.3888 -0.6632
vn -0.6241 0.4466 -0.6411
vn -0.4333 0.4832 -0.7608
vn 0.1324 0.3427 -0.9301
vn 0.1331 0.3552 -0.9253
vn 0.2830 0.3173 -0.9051
vn 0.2845 0.3432 -0.8951
vn 0.4501 0.2780 -0.8486
vn 0.4524 0.3189 -0.8329
vn 0.6339 0.2178 -0.7421
vn 0.6370 0.2750 -0.7201
vn 0.1304 0.3302 -0.9349
vn 0.2787 0.2914 -0.9151
vn 0.4434 0.2372 -0.8644
vn 0.6247 0.1605 -0.7641
vn 0.1270 0.3178 -0.9396
vn 0.2717 0.2654 -0.9251
vn 0.4323 0.1963 -0.8801
vn 0.6092 0.1033 -0.7863
vn 0.1221 0.3053 -0.9444
vn 0.2615 0.2395 -0.9350
vn 0.4164 0.1555 -0.8958
vn 0.5870 0.0460 -0.8083
vn 0.1324 0.3676 -0.9205
vn -0.0089 0.3585 -0.9335
vn 0.1306 0.3801 -0.9157
vn -0.0090 0.3583 -0.9336
vn 0.1271 0.3926 -0.9109
vn -0.0090 0.3581 -0.9337
vn 0.2831 0.3691 -0.8852
vn 0.2790 0.3951 -0.8753
vn 0.2720 0.4210 -0.8653
vn 0.4503 0.3597 -0.8172
vn 0.4438 0.4006 -0.8016
vn 0.4329 0.4416 -0.7859
vn 0.6342 0.3322 -0.6981
vn 0.6253 0.3896 -0.6761
vn 0.6101 0.4470 -0.6542
vn -0.1503 0.3420 -0.9276
vn -0.3007 0.3163 -0.8998
vn -0.4671 0.2766 -0.8398
vn -0.1484 0.3292 -0.9325
vn -0.2966 0.2900 -0.9099
vn -0.4608 0.2352 -0.8558
vn -0.6491 0.2158 -0.7295
vn -0.1450 0.3163 -0.9375
vn -0.2897 0.2635 -0.9201
vn -0.4498 0.1939 -0.8718
vn -0.6401 0.1582 -0.7518
vn -0.6248 0.1005 -0.7743
vn -0.0071 0.2203 -0.9754
vn -0.0071 0.3566 -0.9342
vn -0.0068 0.3567 -0.9342
vn -0.0209 0.2209 -0.9751
vn -0.0072 0.3567 -0.9342
vn -0.0346 0.2228 -0.9743
vn -0.0074 0.3567 -0.9342
vn -0.0484 0.2260 -0.9729
vn -0.0072 0.0667 -0.9977
vn -0.0354 0.0681 -0.9971
vn -0.0636 0.0719 -0.9954
vn -0.0919 0.0785 -0.9927
vn -0.0072 -0.1145 -0.9934
vn -0.0513 -0.1125 -0.9923
vn -0.0956 -0.1064 -0.9897
vn -0.1399 -0.0961 -0.9855
vn -0.0068 -0.3302 -0.9439
vn -0.0685 -0.3273 -0.9424
vn -0.1302 -0.3188 -0.9388
vn -0.1921 -0.3044 -0.9330
vn 0.0069 0.4851 -0.8744
vn -0.0064 0.4858 -0.8741
vn 0.0219 0.6135 -0.7894
vn -0.0058 0.6148 -0.7887
vn 0.0388 0.7447 -0.6663
vn -0.0050 0.7467 -0.6652
vn 0.0576 0.8718 -0.4865
vn -0.0037 0.8744 -0.4851
vn 0.0203 0.4832 -0.8753
vn 0.0497 0.6096 -0.7911
vn 0.0825 0.7386 -0.6691
vn 0.1189 0.8633 -0.4905
vn 0.0336 0.4800 -0.8766
vn 0.0775 0.6030 -0.7939
vn 0.1264 0.7284 -0.6734
vn 0.1804 0.8491 -0.4965
vn -0.0198 0.4851 -0.8742
vn -0.0066 0.3567 -0.9342
vn -0.0332 0.4833 -0.8748
vn -0.0064 0.3567 -0.9342
vn -0.0465 0.4801 -0.8760
vn -0.0062 0.3567 -0.9342
vn -0.0335 0.6134 -0.7890
vn -0.0614 0.6096 -0.7904
vn -0.0892 0.6030 -0.7928
vn -0.0487 0.7446 -0.6657
vn -0.0925 0.7385 -0.6678
vn -0.1364 0.7282 -0.6716
vn -0.0650 0.8717 -0.4857
vn -0.1264 0.8633 -0.4886
vn -0.1879 0.8490 -0.4939
vn 0.0067 0.2209 -0.9753
vn 0.0210 0.0681 -0.9975
vn 0.0370 -0.1124 -0.9930
vn 0.0205 0.2227 -0.9747
vn 0.0492 0.0719 -0.9962
vn 0.0813 -0.1063 -0.9910
vn 0.0549 -0.3272 -0.9434
vn 0.0343 0.2260 -0.9735
vn 0.0775 0.0785 -0.9939
vn 0.1257 -0.0960 -0.9874
vn 0.1168 -0.3187 -0.9406
vn 0.1788 -0.3044 -0.9356
vn -0.1085 0.4501 -0.8863
vn -0.0082 0.3602 -0.9328
vn -0.0083 0.3600 -0.9329
vn -0.0983 0.4587 -0.8831
vn -0.0081 0.3603 -0.9328
vn -0.0871 0.4665 -0.8802
vn -0.0079 0.3605 -0.9327
vn -0.0749 0.4733 -0.8777
vn -0.2149 0.5377 -0.8153
vn -0.1940 0.5553 -0.8087
vn -0.1711 0.5713 -0.8027
vn -0.1461 0.5853 -0.7976
vn -0.3327 0.6235 -0.7075
vn -0.2999 0.6513 -0.6971
vn -0.2639 0.6762 -0.6878
vn -0.2247 0.6982 -0.6797
vn -0.4614 0.7003 -0.5447
vn -0.4156 0.7391 -0.5301
vn -0.3653 0.7739 -0.5173
vn -0.3106 0.8047 -0.5059
vn 0.0820 0.2544 -0.9636
vn 0.0919 0.2628 -0.9605
vn 0.1781 0.1337 -0.9749
vn 0.1986 0.1512 -0.9683
vn 0.2848 -0.0112 -0.9585
vn 0.3173 0.0163 -0.9482
vn 0.4023 -0.1874 -0.8961
vn 0.4479 -0.1491 -0.8816
vn 0.0711 0.2469 -0.9664
vn 0.1554 0.1181 -0.9808
vn 0.2491 -0.0358 -0.9678
vn 0.3524 -0.2219 -0.9091
vn 0.0592 0.2403 -0.9689
vn 0.1308 0.1044 -0.9859
vn 0.2103 -0.0574 -0.9760
vn 0.2980 -0.2523 -0.9206
vn 0.1009 0.2720 -0.9570
vn -0.0084 0.3599 -0.9330
vn 0.1091 0.2822 -0.9531
vn -0.0087 0.3598 -0.9330
vn 0.1160 0.2933 -0.9490
vn -0.0088 0.3597 -0.9330
vn 0.2174 0.1704 -0.9611
vn 0.2342 0.1915 -0.9531
vn 0.2489 0.2145 -0.9445
vn 0.3467 0.0466 -0.9368
vn 0.3732 0.0799 -0.9243
vn 0.3964 0.1161 -0.9107
vn 0.4892 -0.1066 -0.8656
vn 0.5263 -0.0600 -0.8482
vn 0.5590 -0.0092 -0.8291
vn -0.1177 0.4405 -0.8900
vn -0.2341 0.5182 -0.8226
vn -0.3626 0.5929 -0.7190
vn -0.1262 0.4302 -0.8939
vn -0.2510 0.4968 -0.8308
vn -0.3893 0.5594 -0.7318
vn -0.5030 0.6576 -0.5608
vn -0.1335 0.4188 -0.8982
vn -0.2661 0.4734 -0.8397
vn -0.4130 0.5229 -0.7457
vn -0.5403 0.6109 -0.5787
vn -0.5734 0.5599 -0.5981
vn 0.0954 0.4501 -0.8879
vn -0.0052 0.3599 -0.9330
vn -0.0053 0.3600 -0.9329
vn 0.1047 0.4406 -0.8916
vn -0.0050 0.3598 -0.9330
vn 0.1129 0.4302 -0.8957
vn -0.0050 0.3596 -0.9331
vn 0.1203 0.4188 -0.9001
vn 0.2029 0.5377 -0.8183
vn 0.2219 0.5182 -0.8260
vn 0.2388 0.4969 -0.8343
vn 0.2538 0.4736 -0.8434
vn 0.3222 0.6236 -0.7122
vn 0.3519 0.5931 -0.7241
vn 0.3785 0.5596 -0.7373
vn 0.4020 0.5231 -0.7515
vn 0.4532 0.7005 -0.5513
vn 0.4945 0.6578 -0.5681
vn 0.5316 0.6111 -0.5865
vn 0.5646 0.5601 -0.6063
vn -0.1148 0.2720 -0.9554
vn -0.1059 0.2628 -0.9590
vn -0.2313 0.1703 -0.9579
vn -0.2128 0.1511 -0.9654
vn -0.3604 0.0464 -0.9317
vn -0.3310 0.0161 -0.9435
vn -0.5016 -0.1067 -0.8585
vn -0.4605 -0.1492 -0.8750
vn -0.1228 0.2822 -0.9515
vn -0.2480 0.1914 -0.9497
vn -0.3865 0.0797 -0.9188
vn -0.5385 -0.0602 -0.8405
vn -0.1298 0.2933 -0.9472
vn -0.2626 0.2144 -0.9408
vn -0.4097 0.1159 -0.9048
vn -0.5709 -0.0094 -0.8210
vn -0.0960 0.2544 -0.9623
vn -0.0054 0.3602 -0.9329
vn -0.0852 0.2469 -0.9653
vn -0.0056 0.3603 -0.9328
vn -0.0733 0.2404 -0.9679
vn -0.0058 0.3605 -0.9327
vn -0.1922 0.1336 -0.9722
vn -0.1697 0.1181 -0.9784
vn -0.1450 0.1044 -0.9839
vn -0.2986 -0.0113 -0.9543
vn -0.2631 -0.0359 -0.9641
vn -0.2243 -0.0575 -0.9728
vn -0.4151 -0.1875 -0.8902
vn -0.3654 -0.2221 -0.9040
vn -0.3111 -0.2524 -0.9162
vn 0.0853 0.4588 -0.8844
vn 0.1821 0.5554 -0.8114
vn 0.2895 0.6514 -0.7013
vn 0.0742 0.4666 -0.8814
vn 0.1592 0.5713 -0.8051
vn 0.2537 0.6763 -0.6916
vn 0.4075 0.7393 -0.5361
vn 0.0620 0.4734 -0.8787
vn 0.1343 0.5854 -0.7996
vn 0.2146 0.6983 -0.6829
vn 0.3575 0.7741 -0.5225
vn 0.3029 0.8049 -0.5103
vn 0.0090 -0.3589 0.9333
vn 0.1510 -0.3549 0.9226
vn 0.0089 -0.3587 0.9334
vn 0.1502 -0.3677 0.9177
vn 0.3019 -0.3426 0.8897
vn 0.3005 -0.3689 0.8796
vn 0.4692 -0.3177 0.8239
vn 0.4670 -0.3591 0.8081
vn 0.6519 -0.2734 0.7073
vn 0.0090 -0.3590 0.9333
vn 0.1482 -0.3806 0.9128
vn 0.2964 -0.3953 0.8694
vn 0.4603 -0.4004 0.7924
vn 0.6487 -0.3310 0.6852
vn 0.0090 -0.3593 0.9332
vn 0.1448 -0.3935 0.9078
vn 0.2893 -0.4217 0.8594
vn 0.4492 -0.4418 0.7766
vn 0.6395 -0.3888 0.6632
vn 0.0089 -0.3595 0.9331
vn 0.1399 -0.4064 0.9029
vn 0.2791 -0.4481 0.8493
vn 0.4332 -0.4832 0.7608
vn 0.6240 -0.4466 0.6413
vn 0.0089 -0.3584 0.9335
vn 0.1503 -0.3420 0.9276
vn 0.0089 -0.3583 0.9336
vn 0.1483 -0.3292 0.9325
vn 0.0089 -0.3581 0.9337
vn 0.1449 -0.3162 0.9375
vn 0.0090 -0.3578 0.9337
vn 0.3007 -0.3163 0.8997
vn 0.2967 -0.2899 0.9099
vn 0.2897 -0.2635 0.9201
vn 0.1402 -0.3033 0.9425
vn 0.4671 -0.2765 0.8398
vn 0.4608 -0.2352 0.8558
vn 0.4498 -0.1939 0.8718
vn 0.2796 -0.2372 0.9304
vn 0.6490 -0.2159 0.7295
vn 0.6401 -0.1582 0.7518
vn 0.6248 -0.1005 0.7743
vn 0.4340 -0.1525 0.8879
vn -0.1325 -0.3676 0.9205
vn -0.1332 -0.3552 0.9253
vn -0.2831 -0.3691 0.8852
vn -0.2844 -0.3432 0.8952
vn -0.4503 -0.3597 0.8172
vn -0.4523 -0.3189 0.8329
vn -0.6343 -0.3322 0.6981
vn -0.6371 -0.2750 0.7200
vn -0.1305 -0.3801 0.9157
vn -0.2790 -0.3951 0.8753
vn -0.4440 -0.4006 0.8015
vn -0.6254 -0.3896 0.6761
vn -0.1272 -0.3926 0.9109
vn -0.2720 -0.4211 0.8653
vn -0.4329 -0.4416 0.7859
vn -0.6101 -0.4471 0.6541
vn -0.1222 -0.4050 0.9061
vn -0.2621 -0.4470 0.8553
vn -0.4173 -0.4825 0.7701
vn -0.5882 -0.5044 0.6321
vn -0.1324 -0.3427 0.9301
vn -0.1304 -0.3302 0.9349
vn -0.1269 -0.3177 0.9396
vn -0.1220 -0.3054 0.9444
vn -0.2830 -0.3173 0.9051
vn -0.2788 -0.2913 0.9151
vn -0.2717 -0.2654 0.9251
vn -0.2615 -0.2395 0.9350
vn -0.4501 -0.2780 0.8486
vn -0.4435 -0.2372 0.8643
vn -0.4324 -0.1962 0.8801
vn -0.4164 -0.1554 0.8958
vn -0.6339 -0.2178 0.7421
vn -0.6247 -0.1606 0.7642
vn -0.6092 -0.1033 0.7863
vn -0.5871 -0.0459 0.8082
vn 0.0052 -0.3599 0.9330
vn -0.0955 -0.4501 0.8878
vn 0.0053 -0.3601 0.9329
vn -0.1047 -0.4406 0.8916
vn -0.2030 -0.5378 0.8183
vn -0.2218 -0.5182 0.8260
vn -0.3222 -0.6237 0.7122
vn -0.3519 -0.5931 0.7242
vn -0.4532 -0.7006 0.5512
vn 0.0050 -0.3598 0.9330
vn -0.1129 -0.4302 0.8957
vn -0.2388 -0.4969 0.8343
vn -0.3785 -0.5596 0.7373
vn -0.4946 -0.6578 0.5681
vn 0.0049 -0.3597 0.9331
vn -0.1202 -0.4188 0.9001
vn -0.2538 -0.4735 0.8434
vn -0.4020 -0.5231 0.7515
vn -0.5317 -0.6111 0.5864
vn 0.0047 -0.3595 0.9331
vn -0.1266 -0.4064 0.9049
vn -0.2666 -0.4482 0.8533
vn -0.4220 -0.4833 0.7670
vn -0.5645 -0.5601 0.6063
vn 0.0054 -0.3602 0.9329
vn -0.0853 -0.4588 0.8845
vn 0.0056 -0.3603 0.9328
vn -0.0742 -0.4666 0.8814
vn 0.0058 -0.3605 0.9327
vn -0.0620 -0.4734 0.8787
vn 0.0059 -0.3606 0.9327
vn -0.1821 -0.5554 0.8114
vn -0.1592 -0.5713 0.8051
vn -0.1343 -0.5853 0.7997
vn -0.0488 -0.4793 0.8763
vn -0.2895 -0.6513 0.7014
vn -0.2537 -0.6764 0.6915
vn -0.2146 -0.6983 0.6828
vn -0.1071 -0.5974 0.7948
vn -0.4075 -0.7393 0.5361
vn -0.3575 -0.7741 0.5224
vn -0.3030 -0.8049 0.5103
vn -0.1721 -0.7171 0.6753
vn 0.0960 -0.2544 0.9623
vn 0.1059 -0.2628 0.9590
vn 0.1922 -0.1336 0.9722
vn 0.2127 -0.1511 0.9654
vn 0.2986 0.0113 0.9543
vn 0.3310 -0.0161 0.9435
vn 0.4151 0.1876 0.8902
vn 0.4605 0.1492 0.8750
vn 0.0852 -0.2469 0.9653
vn 0.1697 -0.1181 0.9784
vn 0.2631 0.0359 0.9641
vn 0.3654 0.2220 0.9040
vn 0.0733 -0.2404 0.9679
vn 0.1450 -0.1044 0.9839
vn 0.2243 0.0574 0.9728
vn 0.3112 0.2524 0.9162
vn 0.0605 -0.2348 0.9702
vn 0.1183 -0.0927 0.9886
vn 0.1822 0.0760 0.9803
vn 0.2522 0.2784 0.9268
vn 0.1149 -0.2720 0.9554
vn 0.1228 -0.2822 0.9515
vn 0.1298 -0.2933 0.9472
vn 0.1358 -0.3053 0.9425
vn 0.2313 -0.1703 0.9579
vn 0.2480 -0.1914 0.9497
vn 0.2626 -0.2144 0.9408
vn 0.2751 -0.2394 0.9311
vn 0.3603 -0.0464 0.9317
vn 0.3865 -0.0797 0.9188
vn 0.4097 -0.1159 0.9048
vn 0.4294 -0.1553 0.8897
vn 0.5017 0.1068 0.8585
vn 0.5385 0.0602 0.8405
vn 0.5709 0.0094 0.8210
vn 0.5986 -0.0457 0.7997
vn 0.0070 -0.3567 0.9342
vn 0.0071 -0.2203 0.9754
vn 0.0068 -0.3566 0.9342
vn 0.0209 -0.2209 0.9751
vn 0.0072 -0.0668 0.9977
vn 0.0354 -0.0681 0.9971
vn 0.0072 0.1145 0.9934
vn 0.0513 0.1124 0.9923
vn 0.0068 0.3301 0.9439
vn 0.0072 -0.3567 0.9342
vn 0.0346 -0.2228 0.9743
vn 0.0636 -0.0719 0.9954
vn 0.0956 0.1064 0.9897
vn 0.0685 0.3273 0.9424
vn 0.0074 -0.3567 0.9342
vn 0.0485 -0.2259 0.9729
vn 0.0919 -0.0785 0.9927
vn 0.1399 0.0961 0.9855
vn 0.1302 0.3188 0.9388
vn 0.0077 -0.3567 0.9342
vn 0.0623 -0.2304 0.9711
vn 0.1202 -0.0878 0.9889
vn 0.1842 0.0813 0.9795
vn 0.1921 0.3044 0.9330
vn 0.0066 -0.3567 0.9342
vn -0.0067 -0.2209 0.9753
vn 0.0064 -0.3567 0.9342
vn -0.0205 -0.2228 0.9747
vn 0.0062 -0.3567 0.9342
vn -0.0342 -0.2260 0.9735
vn 0.0060 -0.3567 0.9342
vn -0.0210 -0.0681 0.9975
vn -0.0492 -0.0720 0.9962
vn -0.0775 -0.0785 0.9939
vn -0.0481 -0.2305 0.9719
vn -0.0370 0.1124 0.9930
vn -0.0813 0.1063 0.9910
vn -0.1257 0.0960 0.9874
vn -0.1059 -0.0879 0.9905
vn -0.0549 0.3273 0.9433
vn -0.1168 0.3188 0.9406
vn -0.1787 0.3043 0.9356
vn -0.1701 0.0812 0.9821
vn 0.0197 -0.4851 0.8742
vn 0.0064 -0.4857 0.8741
vn 0.0336 -0.6134 0.7891
vn 0.0059 -0.6147 0.7887
vn 0.0487 -0.7446 0.6657
vn 0.0050 -0.7466 0.6652
vn 0.0650 -0.8717 0.4857
vn 0.0037 -0.8745 0.4850
vn 0.0331 -0.4832 0.8749
vn 0.0614 -0.6095 0.7904
vn 0.0925 -0.7386 0.6678
vn 0.1264 -0.8633 0.4886
vn 0.0465 -0.4800 0.8760
vn 0.0892 -0.6030 0.7927
vn 0.1363 -0.7283 0.6716
vn 0.1879 -0.8490 0.4939
vn 0.0598 -0.4755 0.8777
vn 0.1170 -0.5936 0.7962
vn 0.1803 -0.7137 0.6769
vn 0.2494 -0.8284 0.5015
vn -0.0069 -0.4852 0.8744
vn -0.0203 -0.4832 0.8753
vn -0.0337 -0.4801 0.8766
vn -0.0470 -0.4755 0.8784
vn -0.0219 -0.6135 0.7894
vn -0.0497 -0.6096 0.7911
vn -0.0775 -0.6030 0.7939
vn -0.1053 -0.5937 0.7978
vn -0.0388 -0.7446 0.6663
vn -0.0826 -0.7386 0.6691
vn -0.1264 -0.7284 0.6734
vn -0.1701 -0.7137 0.6795
vn -0.0576 -0.8717 0.4866
vn -0.1190 -0.8633 0.4904
vn -0.1804 -0.8491 0.4965
vn -0.2417 -0.8285 0.5051
vn 0.0082 -0.3602 0.9328
vn 0.1085 -0.4501 0.8864
vn 0.0083 -0.3601 0.9329
vn 0.0983 -0.4587 0.8831
vn 0.2149 -0.5377 0.8153
vn 0.1940 -0.5553 0.8087
vn 0.3328 -0.6235 0.7075
vn 0.2999 -0.6512 0.6971
vn 0.4613 -0.7003 0.5447
vn 0.0080 -0.3603 0.9328
vn 0.0871 -0.4665 0.8802
vn 0.1711 -0.5712 0.8028
vn 0.2639 -0.6762 0.6878
vn 0.4155 -0.7391 0.5302
vn 0.0078 -0.3604 0.9328
vn 0.0749 -0.4733 0.8777
vn 0.1460 -0.5853 0.7976
vn 0.2247 -0.6982 0.6797
vn 0.3653 -0.7740 0.5172
vn 0.0077 -0.3607 0.9327
vn 0.0616 -0.4793 0.8755
vn 0.1189 -0.5974 0.7931
vn 0.1821 -0.7171 0.6728
vn 0.3106 -0.8048 0.5059
vn 0.0084 -0.3599 0.9329
vn 0.1178 -0.4406 0.8900
vn 0.0086 -0.3598 0.9330
vn 0.1261 -0.4301 0.8939
vn 0.0087 -0.3596 0.9331
vn 0.1335 -0.4188 0.8982
vn 0.2340 -0.5182 0.8226
vn 0.2511 -0.4968 0.8308
vn 0.2662 -0.4735 0.8396
vn 0.3625 -0.5929 0.7190
vn 0.3893 -0.5594 0.7318
vn 0.4130 -0.5229 0.7457
vn 0.5030 -0.6576 0.5609
vn 0.5404 -0.6109 0.5786
vn 0.5734 -0.5599 0.5981
vn -0.1009 -0.2721 0.9570
vn -0.0920 -0.2628 0.9605
vn -0.2174 -0.1704 0.9611
vn -0.1987 -0.1512 0.9683
vn -0.3468 -0.0465 0.9368
vn -0.3173 -0.0163 0.9482
vn -0.4892 0.1066 0.8656
vn -0.4478 0.1490 0.8816
vn -0.1090 -0.2822 0.9531
vn -0.2342 -0.1915 0.9531
vn -0.3732 -0.0798 0.9243
vn -0.5262 0.0600 0.8482
vn -0.1160 -0.2933 0.9489
vn -0.2489 -0.2145 0.9445
vn -0.3965 -0.1161 0.9107
vn -0.5589 0.0092 0.8292
vn -0.0820 -0.2544 0.9636
vn -0.0711 -0.2470 0.9664
vn -0.0592 -0.2404 0.9689
vn -0.0463 -0.2348 0.9709
vn -0.1781 -0.1337 0.9749
vn -0.1554 -0.1182 0.9808
vn -0.1307 -0.1045 0.9859
vn -0.1039 -0.0928 0.9903
vn -0.2847 0.0112 0.9585
vn -0.2491 0.0358 0.9678
vn -0.2103 0.0574 0.9760
vn -0.1681 0.0759 0.9829
vn -0.4023 0.1874 0.8961
vn -0.3524 0.2219 0.9091
vn -0.2980 0.2523 0.9206
vn -0.2389 0.2783 0.9303
vn 0.0046 -0.3585 0.9335
vn -0.1375 -0.3549 0.9247
vn 0.0047 -0.3587 0.9335
vn -0.1368 -0.3421 0.9297
vn -0.2890 -0.3427 0.8939
vn -0.2875 -0.3164 0.9040
vn -0.4571 -0.3180 0.8307
vn -0.4548 -0.2767 0.8465
vn -0.6415 -0.2737 0.7167
vn 0.0047 -0.3583 0.9336
vn -0.1347 -0.3293 0.9346
vn -0.2833 -0.2900 0.9141
vn -0.4482 -0.2354 0.8624
vn -0.6383 -0.2161 0.7388
vn 0.0047 -0.3581 0.9337
vn -0.1313 -0.3163 0.9395
vn -0.2763 -0.2636 0.9242
vn -0.4370 -0.1941 0.8783
vn -0.6291 -0.1585 0.7610
vn 0.0047 -0.3578 0.9338
vn -0.1263 -0.3034 0.9445
vn -0.2661 -0.2372 0.9343
vn -0.4212 -0.1527 0.8940
vn -0.6136 -0.1007 0.7832
vn 0.0047 -0.3588 0.9334
vn -0.1368 -0.3678 0.9198
vn 0.0047 -0.3590 0.9333
vn -0.1348 -0.3807 0.9148
vn 0.0047 -0.3592 0.9332
vn -0.1315 -0.3936 0.9098
vn -0.2877 -0.3690 0.8838
vn -0.2836 -0.3954 0.8736
vn -0.2766 -0.4218 0.8635
vn -0.4551 -0.3592 0.8148
vn -0.4486 -0.4005 0.7989
vn -0.4377 -0.4420 0.7830
vn -0.6386 -0.3313 0.6945
vn -0.6297 -0.3890 0.6724
vn -0.6145 -0.4469 0.6502
vn 0.1460 -0.3427 0.9280
vn 0.1467 -0.3551 0.9232
vn 0.2962 -0.3172 0.9009
vn 0.2974 -0.3431 0.8910
vn 0.4624 -0.2779 0.8420
vn 0.4645 -0.3186 0.8263
vn 0.6447 -0.2175 0.7328
vn 0.6476 -0.2747 0.7107
vn 0.1440 -0.3302 0.9329
vn 0.2921 -0.2912 0.9110
vn 0.4559 -0.2370 0.8579
vn 0.6357 -0.1604 0.7551
vn 0.1406 -0.3177 0.9377
vn 0.2851 -0.2653 0.9211
vn 0.4451 -0.1961 0.8737
vn 0.6205 -0.1031 0.7774
vn 0.1460 -0.3676 0.9185
vn 0.1439 -0.3800 0.9137
vn 0.1405 -0.3925 0.9090
vn 0.1356 -0.4050 0.9042
vn 0.2961 -0.3690 0.8810
vn 0.2918 -0.3949 0.8711
vn 0.2847 -0.4209 0.8613
vn 0.2746 -0.4469 0.8514
vn 0.4622 -0.3595 0.8107
vn 0.4556 -0.4004 0.7951
vn 0.4444 -0.4414 0.7795
vn 0.4285 -0.4823 0.7641
vn 0.6444 -0.3320 0.6889
vn 0.6352 -0.3893 0.6670
vn 0.6196 -0.4467 0.6453
vn 0.5975 -0.5042 0.6235
vn 0.0066 -0.3606 0.9327
vn 0.0064 -0.4896 0.8719
vn 0.0068 -0.3607 0.9327
vn -0.0073 -0.4889 0.8723
vn 0.0058 -0.6185 0.7858
vn -0.0224 -0.6172 0.7865
vn 0.0050 -0.7502 0.6612
vn -0.0392 -0.7482 0.6623
vn 0.0034 -0.8770 0.4805
vn 0.0064 -0.3607 0.9327
vn -0.0211 -0.4870 0.8731
vn -0.0506 -0.6133 0.7882
vn -0.0835 -0.7422 0.6650
vn -0.0580 -0.8745 0.4816
vn 0.0062 -0.3607 0.9327
vn -0.0349 -0.4839 0.8744
vn -0.0789 -0.6068 0.7910
vn -0.1278 -0.7319 0.6694
vn -0.1198 -0.8661 0.4854
vn -0.1817 -0.8517 0.4915
vn 0.0070 -0.3606 0.9327
vn 0.0202 -0.4890 0.8721
vn 0.0072 -0.3606 0.9327
vn 0.0339 -0.4870 0.8728
vn 0.0074 -0.3606 0.9327
vn 0.0478 -0.4838 0.8739
vn 0.0340 -0.6172 0.7861
vn 0.0622 -0.6133 0.7874
vn 0.0906 -0.6068 0.7897
vn 0.0491 -0.7482 0.6616
vn 0.0934 -0.7422 0.6636
vn 0.1378 -0.7318 0.6674
vn 0.0653 -0.8745 0.4807
vn 0.1272 -0.8660 0.4836
vn 0.1891 -0.8516 0.4889
vn -0.0063 -0.2251 0.9743
vn 0.0071 -0.2245 0.9745
vn -0.0206 -0.0728 0.9971
vn 0.0072 -0.0715 0.9974
vn -0.0366 0.1071 0.9936
vn 0.0072 0.1091 0.9940
vn -0.0545 0.3219 0.9452
vn 0.0068 0.3247 0.9458
vn -0.0196 -0.2271 0.9737
vn -0.0483 -0.0768 0.9959
vn -0.0804 0.1010 0.9916
vn -0.1159 0.3134 0.9425
vn -0.0330 -0.2303 0.9726
vn -0.0762 -0.0834 0.9936
vn -0.1243 0.0907 0.9881
vn -0.1774 0.2989 0.9376
vn 0.0204 -0.2252 0.9741
vn 0.0338 -0.2271 0.9733
vn 0.0471 -0.2302 0.9720
vn 0.0350 -0.0728 0.9967
vn 0.0628 -0.0767 0.9951
vn 0.0905 -0.0833 0.9924
vn 0.0509 0.1071 0.9929
vn 0.0947 0.1010 0.9904
vn 0.1385 0.0907 0.9862
vn 0.0681 0.3219 0.9443
vn 0.1294 0.3134 0.9408
vn 0.1909 0.2991 0.9350
vn 0.0055 -0.3572 0.9340
vn -0.0950 -0.2597 0.9610
vn 0.0053 -0.3573 0.9340
vn -0.0848 -0.2511 0.9642
vn -0.2020 -0.1476 0.9682
vn -0.1810 -0.1299 0.9749
vn -0.3207 -0.0122 0.9471
vn -0.2878 0.0156 0.9576
vn -0.4509 0.1532 0.8793
vn 0.0056 -0.3570 0.9341
vn -0.0736 -0.2433 0.9672
vn -0.1580 -0.1140 0.9808
vn -0.2519 0.0405 0.9669
vn -0.4051 0.1919 0.8939
vn 0.0058 -0.3568 0.9342
vn -0.0614 -0.2365 0.9697
vn -0.1330 -0.1000 0.9861
vn -0.2127 0.0624 0.9751
vn -0.3549 0.2267 0.9070
vn -0.3002 0.2574 0.9185
vn 0.0052 -0.3574 0.9339
vn -0.1043 -0.2692 0.9574
vn 0.0051 -0.3576 0.9339
vn -0.1126 -0.2797 0.9535
vn 0.0049 -0.3577 0.9338
vn -0.1200 -0.2911 0.9492
vn -0.2210 -0.1671 0.9608
vn -0.2381 -0.1885 0.9528
vn -0.2531 -0.2118 0.9440
vn -0.3504 -0.0429 0.9356
vn -0.3772 -0.0764 0.9230
vn -0.4009 -0.1129 0.9092
vn -0.4925 0.1104 0.8633
vn -0.5300 0.0636 0.8456
vn -0.5630 0.0126 0.8264
vn 0.1144 -0.4382 0.8916
vn 0.1054 -0.4474 0.8881
vn 0.2304 -0.5159 0.8250
vn 0.2118 -0.5351 0.8178
vn 0.3589 -0.5910 0.7224
vn 0.3295 -0.6213 0.7110
vn 0.4997 -0.6564 0.5653
vn 0.4583 -0.6988 0.5492
vn 0.1224 -0.4281 0.8954
vn 0.2472 -0.4948 0.8331
vn 0.3854 -0.5578 0.7351
vn 0.5367 -0.6099 0.5831
vn 0.1295 -0.4170 0.8996
vn 0.2619 -0.4718 0.8419
vn 0.4086 -0.5216 0.7490
vn 0.5695 -0.5592 0.6024
vn 0.0955 -0.4558 0.8849
vn 0.0846 -0.4633 0.8821
vn 0.0727 -0.4698 0.8798
vn 0.1911 -0.5526 0.8113
vn 0.1684 -0.5681 0.8055
vn 0.1438 -0.5819 0.8004
vn 0.2969 -0.6487 0.7007
vn 0.2613 -0.6734 0.6916
vn 0.2224 -0.6951 0.6836
vn 0.4127 -0.7373 0.5349
vn 0.3628 -0.7719 0.5221
vn 0.3085 -0.8023 0.5110
vn 0.0084 -0.3574 0.9339
vn 0.1090 -0.2597 0.9595
vn 0.0083 -0.3572 0.9340
vn 0.1182 -0.2692 0.9558
vn 0.2160 -0.1475 0.9652
vn 0.2349 -0.1670 0.9576
vn 0.3343 -0.0121 0.9424
vn 0.3640 -0.0427 0.9304
vn 0.4636 0.1534 0.8727
vn 0.0086 -0.3575 0.9339
vn 0.1265 -0.2796 0.9517
vn 0.2519 -0.1884 0.9492
vn 0.3905 -0.0762 0.9174
vn 0.5050 0.1107 0.8560
vn 0.0088 -0.3576 0.9338
vn 0.1339 -0.2910 0.9473
vn 0.2667 -0.2118 0.9402
vn 0.4140 -0.1128 0.9033
vn 0.5421 0.0639 0.8379
vn 0.5749 0.0128 0.8181
vn 0.0082 -0.3571 0.9340
vn 0.0988 -0.2510 0.9629
vn 0.0081 -0.3570 0.9341
vn 0.0876 -0.2433 0.9660
vn 0.0079 -0.3568 0.9342
vn 0.0755 -0.2364 0.9687
vn 0.1951 -0.1299 0.9721
vn 0.1722 -0.1140 0.9784
vn 0.1473 -0.0999 0.9840
vn 0.3016 0.0156 0.9533
vn 0.2658 0.0406 0.9632
vn 0.2267 0.0625 0.9720
vn 0.4179 0.1922 0.8879
vn 0.3679 0.2269 0.9017
vn 0.3133 0.2575 0.9141
vn -0.0825 -0.4559 0.8862
vn -0.0924 -0.4475 0.8895
vn -0.1792 -0.5527 0.8139
vn -0.1997 -0.5352 0.8208
vn -0.2864 -0.6488 0.7050
vn -0.3189 -0.6214 0.7157
vn -0.4047 -0.7374 0.5407
vn -0.4501 -0.6990 0.5557
vn -0.0716 -0.4633 0.8833
vn -0.1566 -0.5683 0.8078
vn -0.2510 -0.6735 0.6953
vn -0.3550 -0.7720 0.5272
vn -0.0598 -0.4699 0.8807
vn -0.1320 -0.5821 0.8024
vn -0.2122 -0.6952 0.6868
vn -0.3007 -0.8024 0.5155
vn -0.1013 -0.4382 0.8931
vn -0.1093 -0.4281 0.8971
vn -0.1164 -0.4170 0.9014
vn -0.2183 -0.5160 0.8283
vn -0.2349 -0.4950 0.8366
vn -0.2496 -0.4720 0.8456
vn -0.3482 -0.5911 0.7276
vn -0.3745 -0.5580 0.7405
vn -0.3975 -0.5218 0.7548
vn -0.4911 -0.6566 0.5724
vn -0.5280 -0.6101 0.5907
vn -0.5604 -0.5595 0.6107
vn 0.7698 -0.5939 -0.2338
vn 0.6898 -0.5750 -0.4399
vn 0.7054 -0.6599 -0.2587
vn 0.7529 -0.5104 -0.4154
vn 0.6441 -0.4620 -0.6097
vn 0.7031 -0.4015 -0.5869
vn 0.5641 -0.3190 -0.7616
vn 0.6160 -0.2658 -0.7416
vn 0.8278 -0.5217 -0.2064
vn 0.8097 -0.4395 -0.3888
vn 0.7563 -0.3352 -0.5619
vn 0.6626 -0.2075 -0.7196
vn 0.8791 -0.4428 -0.1766
vn 0.8600 -0.3622 -0.3595
vn 0.8032 -0.2628 -0.5346
vn 0.7037 -0.1438 -0.6958
vn 0.9229 -0.3570 -0.1440
vn 0.9029 -0.2781 -0.3277
vn 0.8434 -0.1841 -0.5048
vn 0.7389 -0.0747 -0.6696
vn 0.6346 -0.7199 -0.2812
vn 0.6204 -0.6338 -0.4619
vn 0.5570 -0.7739 -0.3014
vn 0.5444 -0.6866 -0.4819
vn 0.4724 -0.8215 -0.3192
vn 0.4615 -0.7334 -0.4991
vn 0.3804 -0.8623 -0.3341
vn 0.5792 -0.5171 -0.6303
vn 0.5080 -0.5665 -0.6489
vn 0.4304 -0.6100 -0.6653
vn 0.3714 -0.7733 -0.5139
vn 0.5070 -0.3673 -0.7797
vn 0.4445 -0.4106 -0.7961
vn 0.3763 -0.4487 -0.8106
vn 0.3461 -0.6473 -0.6791
vn 0.3022 -0.4814 -0.8228
vn 0.6926 -0.7182 -0.0671
vn 0.6231 -0.7770 -0.0892
vn 0.6495 -0.7482 0.1352
vn 0.5846 -0.8032 0.1145
vn 0.5722 -0.7441 0.3447
vn 0.5151 -0.7924 0.3267
vn 0.5471 -0.8299 -0.1090
vn 0.5134 -0.8527 0.0962
vn 0.4526 -0.8358 0.3108
vn 0.4643 -0.8767 -0.1262
vn 0.4359 -0.8964 0.0803
vn 0.3844 -0.8742 0.2966
vn 0.3741 -0.9166 -0.1408
vn 0.3515 -0.9338 0.0665
vn 0.3103 -0.9069 0.2849
vn 0.7557 -0.6536 -0.0428
vn 0.8124 -0.5828 -0.0158
vn 0.8627 -0.5055 0.0135
vn 0.7086 -0.6877 0.1581
vn 0.7617 -0.6214 0.1832
vn 0.8087 -0.5492 0.2109
vn 0.9057 -0.4215 0.0456
vn 0.6241 -0.6909 0.3648
vn 0.6707 -0.6327 0.3870
vn 0.7118 -0.5693 0.4114
vn 0.8488 -0.4706 0.2409
vn 0.7471 -0.5002 0.4379
vn -0.7698 0.5940 0.2338
vn -0.6926 0.7182 0.0672
vn -0.7054 0.6599 0.2586
vn -0.7557 0.6536 0.0428
vn -0.6495 0.7482 -0.1352
vn -0.7086 0.6877 -0.1581
vn -0.5722 0.7441 -0.3447
vn -0.6241 0.6909 -0.3649
vn -0.8278 0.5217 0.2065
vn -0.8125 0.5828 0.0160
vn -0.7617 0.6215 -0.1832
vn -0.6707 0.6327 -0.3870
vn -0.8791 0.4428 0.1765
vn -0.8627 0.5055 -0.0135
vn -0.8087 0.5492 -0.2108
vn -0.7118 0.5693 -0.4114
vn -0.9229 0.3570 0.1439
vn -0.9057 0.4215 -0.0456
vn -0.8488 0.4706 -0.2409
vn -0.7471 0.5002 -0.4379
vn -0.6345 0.7199 0.2813
vn -0.6231 0.7770 0.0893
vn -0.5570 0.7739 0.3014
vn -0.5472 0.8299 0.1089
vn -0.4724 0.8216 0.3191
vn -0.4642 0.8767 0.1261
vn -0.3804 0.8623 0.3342
vn -0.5846 0.8032 -0.1146
vn -0.5134 0.8527 -0.0963
vn -0.4358 0.8964 -0.0803
vn -0.3741 0.9166 0.1407
vn -0.5151 0.7924 -0.3267
vn -0.4526 0.8359 -0.3106
vn -0.3844 0.8742 -0.2966
vn -0.3515 0.9338 -0.0666
vn -0.3103 0.9070 -0.2847
vn -0.6898 0.5750 0.4399
vn -0.6204 0.6338 0.4619
vn -0.6441 0.4620 0.6097
vn -0.5791 0.5171 0.6303
vn -0.5641 0.3191 0.7615
vn -0.5071 0.3673 0.7797
vn -0.5444 0.6866 0.4818
vn -0.5080 0.5664 0.6490
vn -0.4446 0.4106 0.7961
vn -0.4615 0.7334 0.4992
vn -0.4304 0.6100 0.6653
vn -0.3763 0.4488 0.8106
vn -0.3714 0.7732 0.5140
vn -0.3460 0.6473 0.6792
vn -0.3022 0.4815 0.8227
vn -0.7529 0.5104 0.4155
vn -0.8098 0.4395 0.3886
vn -0.8600 0.3622 0.3595
vn -0.7031 0.4014 0.5869
vn -0.7563 0.3351 0.5619
vn -0.8032 0.2627 0.5347
vn -0.9029 0.2781 0.3277
vn -0.6160 0.2658 0.7415
vn -0.6626 0.2075 0.7197
vn -0.7037 0.1438 0.6958
vn -0.8434 0.1841 0.5048
vn -0.7389 0.0747 0.6696
vn 0.6382 0.7202 0.2720
vn 0.6932 0.7185 0.0572
vn 0.7088 0.6602 0.2485
vn 0.6240 0.7773 0.0802
vn 0.6472 0.7485 -0.1445
vn 0.5825 0.8035 -0.1230
vn 0.5669 0.7443 -0.3529
vn 0.5101 0.7926 -0.3340
vn 0.5610 0.7742 0.2929
vn 0.5483 0.8302 0.1009
vn 0.5116 0.8529 -0.1036
vn 0.4478 0.8360 -0.3171
vn 0.4767 0.8217 0.3123
vn 0.4657 0.8769 0.1194
vn 0.4343 0.8966 -0.0866
vn 0.3797 0.8743 -0.3022
vn 0.3849 0.8625 0.3286
vn 0.3758 0.9168 0.1353
vn 0.3501 0.9340 -0.0716
vn 0.3058 0.9071 -0.2892
vn 0.7729 0.5942 0.2226
vn 0.7560 0.6538 0.0318
vn 0.8305 0.5220 0.1945
vn 0.8124 0.5831 0.0042
vn 0.8813 0.4432 0.1638
vn 0.8622 0.5059 -0.0259
vn 0.9248 0.3574 0.1305
vn 0.7060 0.6880 -0.1683
vn 0.7587 0.6218 -0.1943
vn 0.8053 0.5495 -0.2225
vn 0.9047 0.4219 -0.0586
vn 0.6185 0.6912 -0.3738
vn 0.6648 0.6330 -0.3968
vn 0.7056 0.5695 -0.4217
vn 0.8451 0.4709 -0.2532
vn 0.7405 0.5005 -0.4486
vn 0.6959 0.5753 0.4299
vn 0.7587 0.5107 0.4045
vn 0.6527 0.4623 0.6002
vn 0.7114 0.4017 0.5767
vn 0.5750 0.3192 0.7533
vn 0.6265 0.2661 0.7326
vn 0.8151 0.4399 0.3769
vn 0.7641 0.3354 0.5510
vn 0.6729 0.2078 0.7100
vn 0.8649 0.3626 0.3471
vn 0.8107 0.2630 0.5230
vn 0.7137 0.1441 0.6855
vn 0.9075 0.2785 0.3145
vn 0.8505 0.1844 0.4925
vn 0.7485 0.0749 0.6589
vn 0.6267 0.6340 0.4530
vn 0.5510 0.6869 0.4739
vn 0.4684 0.7335 0.4925
vn 0.5880 0.5173 0.6218
vn 0.5171 0.5666 0.6415
vn 0.4398 0.6102 0.6590
vn 0.3785 0.7734 0.5085
vn 0.5182 0.3676 0.7722
vn 0.4558 0.4107 0.7897
vn 0.3879 0.4489 0.8050
vn 0.3556 0.6474 0.6741
vn 0.3139 0.4816 0.8183
vn 0.7562 0.6536 0.0331
vn 0.6934 0.7182 0.0583
vn 0.7068 0.6877 -0.1657
vn 0.6480 0.7483 -0.1421
vn 0.6204 0.6914 -0.3702
vn 0.5686 0.7448 -0.3492
vn 0.7729 0.5942 0.2227
vn 0.8126 0.5828 0.0053
vn 0.7596 0.6214 -0.1918
vn 0.6669 0.6330 -0.3930
vn 0.8625 0.5055 -0.0247
vn 0.8062 0.5491 -0.2201
vn 0.7078 0.5694 -0.4180
vn 0.8814 0.4431 0.1638
vn 0.9050 0.4215 -0.0574
vn 0.8461 0.4704 -0.2506
vn 0.7429 0.5001 -0.4450
vn 0.5926 0.5047 -0.6278
vn 0.6242 0.7770 0.0813
vn 0.6383 0.7201 0.2721
vn 0.5484 0.8299 0.1022
vn 0.5610 0.7741 0.2933
vn 0.4658 0.8766 0.1206
vn 0.4767 0.8218 0.3122
vn 0.3759 0.9165 0.1368
vn 0.5832 0.8034 -0.1205
vn 0.5122 0.8529 -0.1012
vn 0.4348 0.8966 -0.0838
vn 0.3506 0.9340 -0.0689
vn 0.5116 0.7932 -0.3302
vn 0.4492 0.8367 -0.3133
vn 0.3810 0.8752 -0.2980
vn 0.3069 0.9081 -0.2850
vn 0.2436 0.8311 -0.4999
vn 0.6269 0.6346 0.4519
vn 0.6960 0.5759 0.4287
vn 0.5886 0.5189 0.6199
vn 0.6533 0.4638 0.5984
vn 0.5197 0.3705 0.7699
vn 0.5767 0.3221 0.7508
vn 0.5512 0.6875 0.4728
vn 0.5176 0.5683 0.6396
vn 0.4572 0.4139 0.7872
vn 0.4685 0.7341 0.4915
vn 0.4402 0.6120 0.6570
vn 0.3890 0.4524 0.8025
vn 0.3786 0.7741 0.5074
vn 0.3560 0.6493 0.6721
vn 0.3149 0.4851 0.8158
vn 0.2540 0.2838 0.9246
vn 0.7589 0.5113 0.4033
vn 0.8153 0.4404 0.3759
vn 0.8652 0.3631 0.3459
vn 0.9077 0.2790 0.3134
vn 0.9248 0.3574 0.1306
vn 0.7122 0.4032 0.5746
vn 0.7651 0.3369 0.5488
vn 0.8117 0.2644 0.5208
vn 0.8515 0.1857 0.4903
vn 0.6284 0.2687 0.7300
vn 0.6749 0.2103 0.7073
vn 0.7159 0.1465 0.6826
vn 0.7510 0.0772 0.6558
vn 0.6030 -0.0426 0.7966
vn -0.6382 -0.7202 -0.2721
vn -0.6959 -0.5753 -0.4298
vn -0.7088 -0.6602 -0.2485
vn -0.6267 -0.6341 -0.4530
vn -0.6527 -0.4623 -0.6002
vn -0.5880 -0.5173 -0.6219
vn -0.5750 -0.3193 -0.7532
vn -0.5181 -0.3675 -0.7723
vn -0.5610 -0.7741 -0.2934
vn -0.5511 -0.6868 -0.4740
vn -0.5171 -0.5666 -0.6415
vn -0.4559 -0.4108 -0.7896
vn -0.4767 -0.8218 -0.3123
vn -0.4684 -0.7335 -0.4925
vn -0.4397 -0.6102 -0.6591
vn -0.3878 -0.4489 -0.8050
vn -0.3849 -0.8625 -0.3286
vn -0.3785 -0.7734 -0.5086
vn -0.3556 -0.6474 -0.6741
vn -0.3139 -0.4816 -0.8182
vn -0.7729 -0.5942 -0.2227
vn -0.7587 -0.5106 -0.4045
vn -0.8305 -0.5220 -0.1945
vn -0.8151 -0.4398 -0.3770
vn -0.8813 -0.4432 -0.1638
vn -0.8649 -0.3625 -0.3471
vn -0.9248 -0.3574 -0.1306
vn -0.7114 -0.4018 -0.5767
vn -0.7642 -0.3354 -0.5510
vn -0.8108 -0.2630 -0.5229
vn -0.9075 -0.2785 -0.3145
vn -0.6265 -0.2661 -0.7326
vn -0.6729 -0.2078 -0.7100
vn -0.7137 -0.1441 -0.6855
vn -0.8505 -0.1844 -0.4926
vn -0.7485 -0.0749 -0.6589
vn -0.6932 -0.7185 -0.0572
vn -0.7560 -0.6538 -0.0319
vn -0.6472 -0.7485 0.1446
vn -0.7059 -0.6880 0.1683
vn -0.5669 -0.7443 0.3530
vn -0.6185 -0.6912 0.3738
vn -0.8124 -0.5831 -0.0041
vn -0.7587 -0.6218 0.1943
vn -0.6647 -0.6330 0.3968
vn -0.8622 -0.5059 0.0261
vn -0.8053 -0.5495 0.2225
vn -0.7056 -0.5695 0.4217
vn -0.9047 -0.4219 0.0586
vn -0.8451 -0.4709 0.2531
vn -0.7404 -0.5005 0.4486
vn -0.6240 -0.7773 -0.0803
vn -0.5483 -0.8301 -0.1009
vn -0.4657 -0.8769 -0.1195
vn -0.5825 -0.8035 0.1230
vn -0.5116 -0.8529 0.1037
vn -0.4343 -0.8966 0.0864
vn -0.3757 -0.9168 -0.1353
vn -0.5101 -0.7926 0.3340
vn -0.4477 -0.8360 0.3171
vn -0.3797 -0.8743 0.3022
vn -0.3501 -0.9339 0.0717
vn -0.3058 -0.9071 0.2893
vn 1.0000 0.0002 -0.0072
vn 0.9740 -0.0159 -0.2259
vn 0.9787 0.0714 -0.1923
vn 0.9108 0.0607 -0.4083
vn 0.9153 0.1424 -0.3768
vn 0.8000 0.1396 -0.5835
vn 0.8039 0.2115 -0.5559
vn 0.9952 -0.0889 -0.0414
vn 0.9602 -0.1034 -0.2594
vn 0.8979 -0.0213 -0.4397
vn 0.7885 0.0675 -0.6113
vn 0.9811 -0.1781 -0.0756
vn 0.9368 -0.1910 -0.2930
vn 0.8759 -0.1033 -0.4712
vn 0.7692 -0.0047 -0.6390
vn 0.9572 -0.2676 -0.1098
vn 0.9032 -0.2787 -0.3264
vn 0.8444 -0.1854 -0.5026
vn 0.7414 -0.0769 -0.6666
vn 0.5914 0.0429 -0.8053
vn 0.9745 0.1587 -0.1587
vn 0.9956 0.0893 0.0270
vn 0.9611 0.2462 -0.1251
vn 0.9820 0.1785 0.0614
vn 0.9382 0.3339 -0.0913
vn 0.9586 0.2680 0.0960
vn 0.9113 0.2242 -0.3454
vn 0.8987 0.3062 -0.3139
vn 0.8772 0.3883 -0.2823
vn 0.8004 0.2835 -0.5283
vn 0.7893 0.3556 -0.5006
vn 0.7703 0.4279 -0.4728
vn 0.9772 0.0163 0.2117
vn 0.9814 -0.0709 0.1781
vn 0.9167 -0.0603 0.3950
vn 0.9207 -0.1421 0.3636
vn 0.8084 -0.1393 0.5720
vn 0.8119 -0.2112 0.5442
vn 0.9638 0.1038 0.2455
vn 0.9042 0.0216 0.4266
vn 0.7973 -0.0672 0.5998
vn 0.9409 0.1914 0.2794
vn 0.8827 0.1037 0.4584
vn 0.7783 0.0050 0.6278
vn 0.9768 -0.1583 0.1446
vn 0.9629 -0.2458 0.1112
vn 0.9395 -0.3335 0.0778
vn 0.9059 -0.4212 0.0443
vn 0.9162 -0.2238 0.3323
vn 0.9033 -0.3058 0.3008
vn 0.8814 -0.3879 0.2696
vn 0.8498 -0.4701 0.2384
vn 0.8080 -0.2832 0.5167
vn 0.7966 -0.3553 0.4891
vn 0.7773 -0.4276 0.4616
vn 0.7495 -0.4998 0.4341
vn 0.6018 -0.5044 0.6192
vn -1.0000 -0.0002 0.0072
vn -0.9767 0.1583 -0.1447
vn -0.9814 0.0710 -0.1781
vn -0.9163 0.2238 -0.3322
vn -0.9207 0.1421 -0.3635
vn -0.8080 0.2832 -0.5166
vn -0.8119 0.2112 -0.5442
vn -0.9952 0.0888 0.0415
vn -0.9629 0.2458 -0.1112
vn -0.9033 0.3058 -0.3009
vn -0.7966 0.3553 -0.4891
vn -0.9811 0.1781 0.0756
vn -0.9395 0.3335 -0.0777
vn -0.8814 0.3879 -0.2696
vn -0.7773 0.4276 -0.4615
vn -0.9572 0.2676 0.1098
vn -0.9059 0.4212 -0.0443
vn -0.8498 0.4701 -0.2384
vn -0.7494 0.4998 -0.4342
vn -0.6018 0.5044 -0.6192
vn -0.9772 -0.0163 -0.2117
vn -0.9956 -0.0893 -0.0270
vn -0.9638 -0.1038 -0.2455
vn -0.9820 -0.1785 -0.0614
vn -0.9409 -0.1915 -0.2794
vn -0.9586 -0.2680 -0.0960
vn -0.9077 -0.2791 -0.3133
vn -0.9167 0.0603 -0.3950
vn -0.9041 -0.0216 -0.4267
vn -0.8826 -0.1037 -0.4585
vn -0.8516 -0.1857 -0.4903
vn -0.8084 0.1392 -0.5719
vn -0.7973 0.0672 -0.5998
vn -0.7783 -0.0050 -0.6278
vn -0.7510 -0.0772 -0.6558
vn -0.6029 0.0426 -0.7966
vn -0.9745 -0.1587 0.1587
vn -0.9787 -0.0714 0.1923
vn -0.9113 -0.2242 0.3455
vn -0.9153 -0.1424 0.3768
vn -0.8004 -0.2835 0.5282
vn -0.8039 -0.2115 0.5559
vn -0.9611 -0.2461 0.1251
vn -0.8987 -0.3062 0.3140
vn -0.7893 -0.3556 0.5006
vn -0.9382 -0.3338 0.0913
vn -0.8772 -0.3883 0.2823
vn -0.7703 -0.4279 0.4729
vn -0.9050 -0.4215 0.0574
vn -0.8461 -0.4704 0.2506
vn -0.7429 -0.5001 0.4449
vn -0.5926 -0.5047 0.6278
vn -0.9741 0.0160 0.2258
vn -0.9602 0.1034 0.2594
vn -0.9368 0.1911 0.2930
vn -0.9032 0.2787 0.3265
vn -0.9109 -0.0606 0.4082
vn -0.8979 0.0213 0.4397
vn -0.8759 0.1033 0.4712
vn -0.8445 0.1854 0.5025
vn -0.7999 -0.1396 0.5836
vn -0.7885 -0.0675 0.6113
vn -0.7692 0.0047 0.6390
vn -0.7415 0.0769 0.6666
vn -0.5913 -0.0429 0.8053
vn 0.0024 0.9335 0.3586
vn 0.0945 0.9819 0.1640
vn 0.0010 0.9861 0.1663
vn 0.0871 0.9953 -0.0431
vn -0.0005 0.9992 -0.0409
vn 0.0750 0.9621 -0.2623
vn -0.0021 0.9655 -0.2603
vn 0.0978 0.9293 0.3562
vn 0.1882 0.9693 0.1584
vn 0.1748 0.9834 -0.0483
vn 0.1522 0.9516 -0.2669
vn 0.1934 0.9164 0.3506
vn 0.2821 0.9477 0.1493
vn 0.2627 0.9632 -0.0570
vn 0.2295 0.9338 -0.2745
vn 0.2892 0.8943 0.3415
vn -0.0925 0.9819 0.1653
vn -0.0930 0.9292 0.3577
vn -0.1863 0.9692 0.1611
vn -0.1887 0.9162 0.3534
vn -0.2802 0.9476 0.1533
vn -0.2846 0.8942 0.3456
vn -0.3742 0.9164 0.1420
vn -0.0881 0.9952 -0.0419
vn -0.1759 0.9833 -0.0459
vn -0.2639 0.9631 -0.0533
vn -0.3519 0.9339 -0.0638
vn -0.0792 0.9620 -0.2612
vn -0.1565 0.9516 -0.2646
vn -0.2338 0.9337 -0.2711
vn -0.3113 0.9080 -0.2804
vn -0.2511 0.8310 -0.4963
vn -0.0898 0.8395 0.5359
vn 0.0037 0.8437 0.5368
vn -0.0827 0.7108 0.6985
vn 0.0049 0.7147 0.6994
vn -0.0711 0.5394 0.8390
vn 0.0060 0.5429 0.8398
vn -0.1836 0.8269 0.5316
vn -0.1705 0.6988 0.6947
vn -0.1484 0.5287 0.8357
vn -0.2775 0.8051 0.5241
vn -0.2585 0.6784 0.6877
vn -0.2259 0.5108 0.8295
vn -0.3715 0.7739 0.5129
vn -0.3465 0.6492 0.6772
vn -0.3033 0.4850 0.8202
vn -0.2407 0.2838 0.9282
vn 0.0972 0.8396 0.5345
vn 0.1909 0.8269 0.5290
vn 0.2848 0.8053 0.5200
vn 0.0925 0.7107 0.6974
vn 0.1802 0.6987 0.6923
vn 0.2681 0.6785 0.6839
vn 0.0831 0.5394 0.8379
vn 0.1602 0.5288 0.8335
vn 0.2376 0.5109 0.8261
vn 0.9956 0.0892 0.0270
vn 0.9785 0.0718 -0.1934
vn 1.0000 0.0002 -0.0073
vn 0.9742 0.1591 -0.1599
vn 0.9143 0.1433 -0.3790
vn 0.9102 0.2250 -0.3477
vn 0.8015 0.2127 -0.5590
vn 0.7979 0.2844 -0.5315
vn 0.9820 0.1786 0.0614
vn 0.9609 0.2465 -0.1262
vn 0.8977 0.3068 -0.3163
vn 0.7868 0.3564 -0.5039
vn 0.9586 0.2679 0.0960
vn 0.9380 0.3342 -0.0925
vn 0.8762 0.3889 -0.2848
vn 0.7678 0.4285 -0.4763
vn 0.9738 -0.0155 -0.2269
vn 0.9600 -0.1029 -0.2604
vn 0.9573 -0.2676 -0.1098
vn 0.9366 -0.1905 -0.2941
vn 0.9098 0.0616 -0.4104
vn 0.8968 -0.0202 -0.4419
vn 0.8749 -0.1021 -0.4734
vn 0.7975 0.1410 -0.5866
vn 0.7861 0.0692 -0.6143
vn 0.7667 -0.0027 -0.6420
vn 0.9812 -0.0714 0.1792
vn 0.9765 -0.1587 0.1458
vn 0.9197 -0.1429 0.3658
vn 0.9153 -0.2246 0.3344
vn 0.8095 -0.2124 0.5474
vn 0.8057 -0.2841 0.5198
vn 0.9627 -0.2462 0.1123
vn 0.9023 -0.3065 0.3032
vn 0.7941 -0.3561 0.4925
vn 0.9393 -0.3338 0.0789
vn 0.8804 -0.3885 0.2720
vn 0.7747 -0.4281 0.4653
vn 0.9770 0.0158 0.2129
vn 0.9636 0.1033 0.2466
vn 0.9407 0.1909 0.2806
vn 0.9157 -0.0613 0.3972
vn 0.9031 0.0205 0.4289
vn 0.8816 0.1025 0.4607
vn 0.8060 -0.1406 0.5750
vn 0.7949 -0.0688 0.6028
vn 0.7759 0.0031 0.6308
vn -0.9956 -0.0892 -0.0270
vn -0.9812 0.0714 -0.1793
vn -1.0000 -0.0003 0.0073
vn -0.9770 -0.0158 -0.2129
vn -0.9197 0.1429 -0.3658
vn -0.9157 0.0613 -0.3972
vn -0.8095 0.2124 -0.5473
vn -0.8061 0.1406 -0.5749
vn -0.9636 -0.1033 -0.2466
vn -0.9031 -0.0205 -0.4289
vn -0.7949 0.0689 -0.6028
vn -0.9586 -0.2679 -0.0960
vn -0.9407 -0.1909 -0.2806
vn -0.8816 -0.1025 -0.4607
vn -0.7759 -0.0031 -0.6308
vn -0.9952 0.0888 0.0414
vn -0.9765 0.1587 -0.1458
vn -0.9627 0.2462 -0.1123
vn -0.9393 0.3338 -0.0789
vn -0.9153 0.2246 -0.3344
vn -0.9023 0.3065 -0.3032
vn -0.8803 0.3885 -0.2721
vn -0.8056 0.2841 -0.5198
vn -0.7942 0.3561 -0.4925
vn -0.7748 0.4281 -0.4652
vn -0.9785 -0.0718 0.1934
vn -0.9738 0.0155 0.2270
vn -0.9143 -0.1432 0.3790
vn -0.9098 -0.0616 0.4104
vn -0.8014 -0.2127 0.5590
vn -0.7975 -0.1410 0.5866
vn -0.9600 0.1030 0.2605
vn -0.8968 0.0202 0.4419
vn -0.7861 -0.0692 0.6143
vn -0.9366 0.1905 0.2941
vn -0.8749 0.1021 0.4734
vn -0.7667 0.0027 0.6420
vn -0.9742 -0.1591 0.1599
vn -0.9609 -0.2465 0.1262
vn -0.9379 -0.3342 0.0925
vn -0.9102 -0.2250 0.3477
vn -0.8976 -0.3068 0.3163
vn -0.8761 -0.3889 0.2848
vn -0.7979 -0.2844 0.5315
vn -0.7868 -0.3564 0.5040
vn -0.7678 -0.4285 0.4763
vn -0.0024 -0.9335 -0.3587
vn -0.0972 -0.8396 -0.5345
vn -0.0037 -0.8438 -0.5367
vn -0.0925 -0.7108 -0.6972
vn -0.0049 -0.7147 -0.6994
vn -0.0830 -0.5394 -0.8380
vn -0.0060 -0.5429 -0.8398
vn -0.0978 -0.9292 -0.3563
vn -0.1909 -0.8269 -0.5290
vn -0.1802 -0.6988 -0.6922
vn -0.1603 -0.5288 -0.8335
vn -0.1934 -0.9163 -0.3506
vn -0.2848 -0.8053 -0.5200
vn -0.2681 -0.6785 -0.6839
vn -0.2376 -0.5109 -0.8261
vn -0.2892 -0.8943 -0.3415
vn -0.3786 -0.7741 -0.5074
vn -0.3560 -0.6493 -0.6721
vn -0.3149 -0.4852 -0.8158
vn -0.2540 -0.2839 -0.9246
vn 0.0898 -0.8396 -0.5358
vn 0.0930 -0.9292 -0.3576
vn 0.1836 -0.8268 -0.5317
vn 0.1887 -0.9162 -0.3534
vn 0.2776 -0.8052 -0.5240
vn 0.2846 -0.8942 -0.3457
vn 0.3715 -0.7739 -0.5128
vn 0.0827 -0.7107 -0.6986
vn 0.1705 -0.6987 -0.6948
vn 0.2585 -0.6784 -0.6877
vn 0.3465 -0.6491 -0.6772
vn 0.0711 -0.5393 -0.8391
vn 0.1484 -0.5288 -0.8357
vn 0.2258 -0.5108 -0.8295
vn 0.3033 -0.4851 -0.8202
vn 0.2407 -0.2837 -0.9282
vn 0.0926 -0.9819 -0.1654
vn -0.0010 -0.9861 -0.1664
vn 0.0881 -0.9952 0.0419
vn 0.0006 -0.9992 0.0407
vn 0.0790 -0.9622 0.2608
vn 0.0021 -0.9655 0.2604
vn 0.1863 -0.9692 -0.1610
vn 0.1759 -0.9833 0.0458
vn 0.1564 -0.9516 0.2647
vn 0.2802 -0.9476 -0.1534
vn 0.2639 -0.9631 0.0531
vn 0.2339 -0.9337 0.2710
vn 0.3742 -0.9164 -0.1422
vn 0.3519 -0.9339 0.0638
vn 0.3113 -0.9080 0.2805
vn 0.2511 -0.8310 0.4963
vn -0.0945 -0.9819 -0.1639
vn -0.1882 -0.9693 -0.1585
vn -0.2821 -0.9477 -0.1494
vn -0.3759 -0.9165 -0.1367
vn -0.3849 -0.8625 -0.3285
vn -0.0871 -0.9953 0.0431
vn -0.1748 -0.9834 0.0484
vn -0.2627 -0.9632 0.0570
vn -0.3506 -0.9340 0.0690
vn -0.0750 -0.9621 0.2622
vn -0.1522 -0.9516 0.2669
vn -0.2296 -0.9338 0.2745
vn -0.3069 -0.9081 0.2849
vn -0.2436 -0.8312 0.4998
vn 0.0930 -0.9292 -0.3577
vn -0.0037 -0.8431 -0.5378
vn 0.0898 -0.8388 -0.5369
vn -0.0049 -0.7129 -0.7013
vn 0.0826 -0.7089 -0.7004
vn -0.0060 -0.5393 -0.8421
vn 0.0709 -0.5359 -0.8413
vn 0.1886 -0.9163 -0.3534
vn 0.1835 -0.8261 -0.5328
vn 0.1703 -0.6969 -0.6966
vn 0.1479 -0.5253 -0.8380
vn 0.2774 -0.8045 -0.5252
vn 0.2582 -0.6765 -0.6897
vn 0.2251 -0.5072 -0.8319
vn -0.0972 -0.8389 -0.5355
vn -0.1934 -0.9163 -0.3507
vn -0.1908 -0.8262 -0.5300
vn -0.2892 -0.8942 -0.3416
vn -0.2847 -0.8046 -0.5212
vn -0.0924 -0.7089 -0.6992
vn -0.1800 -0.6970 -0.6941
vn -0.2678 -0.6767 -0.6858
vn -0.0828 -0.5359 -0.8402
vn -0.1598 -0.5253 -0.8358
vn -0.2368 -0.5074 -0.8285
vn -0.0010 -0.9863 -0.1650
vn -0.0945 -0.9821 -0.1628
vn 0.0005 -0.9991 0.0435
vn -0.0869 -0.9952 0.0458
vn 0.0021 -0.9645 0.2642
vn -0.0747 -0.9610 0.2662
vn -0.1881 -0.9695 -0.1573
vn -0.1746 -0.9833 0.0511
vn -0.1517 -0.9506 0.2709
vn -0.2820 -0.9479 -0.1482
vn -0.2624 -0.9631 0.0597
vn -0.2288 -0.9328 0.2786
vn 0.0925 -0.9821 -0.1641
vn 0.1862 -0.9694 -0.1599
vn 0.2802 -0.9478 -0.1521
vn 0.0880 -0.9951 0.0444
vn 0.1757 -0.9832 0.0484
vn 0.2635 -0.9630 0.0560
vn 0.0790 -0.9610 0.2651
vn 0.1559 -0.9505 0.2688
vn 0.2331 -0.9327 0.2753
vn -0.0930 0.9292 0.3578
vn 0.0010 0.9863 0.1650
vn -0.0925 0.9821 0.1642
vn -0.0005 0.9991 -0.0435
vn -0.0880 0.9951 -0.0444
vn -0.0021 0.9645 -0.2642
vn -0.0790 0.9610 -0.2650
vn -0.1862 0.9694 0.1599
vn -0.1757 0.9833 -0.0486
vn -0.1559 0.9505 -0.2688
vn -0.2802 0.9478 0.1521
vn -0.2636 0.9630 -0.0559
vn -0.2332 0.9327 -0.2752
vn 0.0978 0.9292 0.3563
vn 0.0945 0.9821 0.1628
vn 0.1934 0.9163 0.3507
vn 0.1881 0.9695 0.1571
vn 0.2891 0.8943 0.3415
vn 0.2819 0.9479 0.1481
vn 0.0870 0.9952 -0.0456
vn 0.1746 0.9833 -0.0512
vn 0.2624 0.9631 -0.0596
vn 0.0747 0.9611 -0.2661
vn 0.1517 0.9505 -0.2711
vn 0.2287 0.9328 -0.2786
vn 0.0037 0.8431 0.5378
vn 0.0972 0.8389 0.5355
vn 0.0050 0.7128 0.7014
vn 0.0924 0.7090 0.6992
vn 0.0060 0.5394 0.8420
vn 0.0828 0.5359 0.8402
vn 0.1908 0.8262 0.5301
vn 0.1800 0.6970 0.6941
vn 0.1598 0.5253 0.8358
vn 0.2847 0.8046 0.5211
vn 0.2678 0.6766 0.6859
vn 0.2368 0.5073 0.8286
vn -0.0898 0.8389 0.5369
vn -0.1835 0.8262 0.5327
vn -0.2775 0.8045 0.5252
vn -0.0826 0.7089 0.7005
vn -0.1703 0.6969 0.6966
vn -0.2582 0.6766 0.6896
vn -0.0709 0.5359 0.8413
vn -0.1479 0.5252 0.8381
vn -0.2251 0.5072 0.8319
vn -0.7589 -0.5112 -0.4034
vn -0.6960 -0.5759 -0.4288
vn -0.7122 -0.4032 -0.5746
vn -0.6534 -0.4638 -0.5983
vn -0.6284 -0.2687 -0.7300
vn -0.5767 -0.3221 -0.7508
vn -0.8153 -0.4404 -0.3759
vn -0.7650 -0.3369 -0.5488
vn -0.6749 -0.2102 -0.7074
vn -0.8305 -0.5219 -0.1945
vn -0.8652 -0.3631 -0.3459
vn -0.8117 -0.2644 -0.5208
vn -0.7159 -0.1465 -0.6826
vn -0.8814 -0.4431 -0.1639
vn -0.6269 -0.6347 -0.4519
vn -0.6382 -0.7202 -0.2720
vn -0.5512 -0.6875 -0.4728
vn -0.5610 -0.7741 -0.2933
vn -0.4685 -0.7342 -0.4914
vn -0.4766 -0.8218 -0.3122
vn -0.5886 -0.5188 -0.6200
vn -0.5176 -0.5683 -0.6396
vn -0.4402 -0.6120 -0.6571
vn -0.5197 -0.3705 -0.7699
vn -0.4572 -0.4139 -0.7872
vn -0.3890 -0.4524 -0.8025
vn -0.6242 -0.7770 -0.0814
vn -0.6933 -0.7182 -0.0584
vn -0.5832 -0.8034 0.1204
vn -0.6480 -0.7483 0.1421
vn -0.5116 -0.7932 0.3303
vn -0.5686 -0.7447 0.3493
vn -0.5485 -0.8299 -0.1021
vn -0.5122 -0.8529 0.1011
vn -0.4491 -0.8368 0.3132
vn -0.4658 -0.8766 -0.1208
vn -0.4348 -0.8966 0.0838
vn -0.3810 -0.8752 0.2982
vn -0.7561 -0.6536 -0.0330
vn -0.8126 -0.5828 -0.0054
vn -0.8625 -0.5055 0.0248
vn -0.7068 -0.6877 0.1659
vn -0.7596 -0.6214 0.1918
vn -0.8063 -0.5491 0.2200
vn -0.6203 -0.6914 0.3703
vn -0.6669 -0.6331 0.3931
vn -0.7079 -0.5694 0.4180
vn -0.7054 0.6599 0.2587
vn -0.6233 0.7768 0.0904
vn -0.6927 0.7180 0.0683
vn -0.5852 0.8031 -0.1121
vn -0.6502 0.7481 -0.1328
vn -0.5167 0.7930 -0.3228
vn -0.5739 0.7445 -0.3412
vn -0.6345 0.7199 0.2812
vn -0.5472 0.8297 0.1102
vn -0.5140 0.8527 -0.0937
vn -0.4540 0.8365 -0.3068
vn -0.4644 0.8764 0.1274
vn -0.4363 0.8964 -0.0775
vn -0.3856 0.8751 -0.2925
vn -0.7559 0.6532 0.0440
vn -0.7698 0.5939 0.2338
vn -0.8127 0.5825 0.0170
vn -0.8278 0.5216 0.2065
vn -0.8629 0.5052 -0.0124
vn -0.8791 0.4428 0.1766
vn -0.7094 0.6874 -0.1555
vn -0.7626 0.6211 -0.1808
vn -0.8096 0.5488 -0.2084
vn -0.6259 0.6912 -0.3612
vn -0.6727 0.6328 -0.3835
vn -0.7141 0.5691 -0.4077
vn -0.7532 0.5109 0.4143
vn -0.6900 0.5756 0.4388
vn -0.7040 0.4030 0.5848
vn -0.6448 0.4636 0.6077
vn -0.6179 0.2685 0.7390
vn -0.5659 0.3218 0.7591
vn -0.8100 0.4401 0.3877
vn -0.7571 0.3365 0.5599
vn -0.6647 0.2100 0.7170
vn -0.8602 0.3627 0.3584
vn -0.8042 0.2641 0.5325
vn -0.7060 0.1462 0.6929
vn -0.6205 0.6344 0.4610
vn -0.5446 0.6873 0.4807
vn -0.4616 0.7340 0.4981
vn -0.5798 0.5186 0.6284
vn -0.5086 0.5681 0.6470
vn -0.4309 0.6118 0.6633
vn -0.5086 0.3703 0.7773
vn -0.4459 0.4138 0.7937
vn -0.3776 0.4521 0.8081
vn 0.6205 -0.6344 -0.4609
vn 0.6900 -0.5756 -0.4388
vn 0.5798 -0.5186 -0.6284
vn 0.6448 -0.4636 -0.6077
vn 0.5086 -0.3703 -0.7773
vn 0.5659 -0.3218 -0.7591
vn 0.6345 -0.7199 -0.2813
vn 0.5446 -0.6873 -0.4807
vn 0.5086 -0.5681 -0.6470
vn 0.4459 -0.4138 -0.7936
vn 0.4616 -0.7340 -0.4982
vn 0.4309 -0.6117 -0.6634
vn 0.3775 -0.4522 -0.8081
vn 0.4724 -0.8216 -0.3191
vn 0.7532 -0.5109 -0.4144
vn 0.8100 -0.4401 -0.3876
vn 0.8278 -0.5216 -0.2065
vn 0.8602 -0.3627 -0.3584
vn 0.8791 -0.4428 -0.1765
vn 0.7040 -0.4030 -0.5848
vn 0.7572 -0.3366 -0.5598
vn 0.8041 -0.2641 -0.5325
vn 0.6179 -0.2685 -0.7390
vn 0.6647 -0.2100 -0.7170
vn 0.7060 -0.1462 -0.6929
vn 0.7558 -0.6533 -0.0440
vn 0.6927 -0.7179 -0.0684
vn 0.7094 -0.6874 0.1556
vn 0.6503 -0.7480 0.1327
vn 0.6260 -0.6912 0.3612
vn 0.5739 -0.7445 0.3410
vn 0.8127 -0.5825 -0.0170
vn 0.7626 -0.6211 0.1808
vn 0.6728 -0.6328 0.3833
vn 0.8629 -0.5052 0.0123
vn 0.8096 -0.5488 0.2083
vn 0.7141 -0.5691 0.4077
vn 0.6233 -0.7768 -0.0905
vn 0.5472 -0.8297 -0.1102
vn 0.4642 -0.8764 -0.1278
vn 0.5852 -0.8031 0.1120
vn 0.5140 -0.8527 0.0937
vn 0.4363 -0.8964 0.0775
vn 0.5167 -0.7930 0.3228
vn 0.4540 -0.8365 0.3068
vn 0.3856 -0.8751 0.2925
vn 0.3388 -0.3388 -0.8777
vn 0.5774 -0.5774 -0.5773
vn 0.3290 -0.6678 -0.6677
vn -0.0000 -0.3598 -0.9330
vn 0.3598 0.0000 -0.9330
vn 0.6678 -0.3290 -0.6677
vn -0.3290 -0.6678 -0.6677
vn -0.3388 -0.3388 -0.8777
vn -0.5774 -0.5774 -0.5773
vn -0.6678 -0.3290 -0.6677
vn -0.3598 0.0000 -0.9330
vn 0.6678 0.3290 -0.6677
vn 0.3388 0.3388 -0.8777
vn -0.0000 0.3598 -0.9330
vn 0.3290 0.6677 -0.6677
vn 0.5774 0.5773 -0.5773
vn -0.3388 0.3388 -0.8777
vn -0.6678 0.3290 -0.6677
vn -0.5774 0.5773 -0.5773
vn -0.3290 0.6677 -0.6677
vn -0.8777 -0.3388 -0.3388
vn -0.6677 -0.6677 -0.3290
vn -0.9330 -0.3598 0.0000
vn -0.9330 0.0000 -0.3598
vn -0.6677 -0.6677 0.3290
vn -0.8777 -0.3388 0.3388
vn -0.5774 -0.5774 0.5773
vn -0.6677 -0.3291 0.6677
vn -0.9330 0.0000 0.3598
vn -0.8777 0.3388 -0.3388
vn -0.9330 0.3598 0.0000
vn -0.6678 0.6677 -0.3290
vn -0.8777 0.3388 0.3388
vn -0.6677 0.3291 0.6677
vn -0.5774 0.5774 0.5773
vn -0.6678 0.6677 0.3290
vn -0.3388 -0.3388 0.8777
vn -0.3291 -0.6677 0.6677
vn -0.0000 -0.3597 0.9331
vn -0.3597 0.0000 0.9331
vn 0.3291 -0.6677 0.6677
vn 0.3388 -0.3388 0.8777
vn 0.5774 -0.5774 0.5773
vn 0.6677 -0.3291 0.6677
vn 0.3597 0.0000 0.9331
vn -0.3388 0.3388 0.8777
vn -0.0000 0.3597 0.9331
vn -0.3291 0.6677 0.6677
vn 0.3388 0.3388 0.8777
vn 0.6677 0.3291 0.6677
vn 0.5774 0.5774 0.5773
vn 0.3291 0.6677 0.6677
vn 0.8777 -0.3388 0.3388
vn 0.6677 -0.6677 0.3290
vn 0.9330 -0.3598 0.0000
vn 0.9330 0.0000 0.3598
vn 0.6677 -0.6677 -0.3290
vn 0.8777 -0.3388 -0.3388
vn 0.9330 0.0000 -0.3598
vn 0.8777 0.3388 0.3388
vn 0.9330 0.3598 -0.0000
vn 0.6678 0.6677 0.3290
vn 0.8777 0.3388 -0.3388
vn 0.6678 0.6677 -0.3290
vn 0.3388 -0.8778 0.3387
vn -0.0000 -0.9331 0.3597
vn 0.3597 -0.9331 -0.0000
vn -0.3388 -0.8778 0.3388
vn -0.3597 -0.9331 0.0000
vn 0.3388 -0.8778 -0.3388
vn -0.0000 -0.9330 -0.3597
vn -0.3388 -0.8777 -0.3388
vn 0.3388 0.8777 -0.3388
vn -0.0000 0.9330 -0.3598
vn 0.3598 0.9330 -0.0000
vn -0.3388 0.8777 -0.3388
vn -0.3598 0.9330 0.0000
vn 0.3388 0.8777 0.3388
vn -0.0000 0.9330 0.3598
vn -0.3388 0.8777 0.3388
vn 0.5774 -0.5773 -0.5774
vn 0.3291 -0.6677 -0.6677
vn 0.0000 -0.3597 -0.9331
vn 0.3597 0.0000 -0.9331
vn 0.6677 -0.3290 -0.6677
vn -0.3290 -0.6677 -0.6677
vn -0.5774 -0.5773 -0.5774
vn -0.6677 -0.3291 -0.6677
vn -0.3597 0.0000 -0.9331
vn 0.6677 0.3290 -0.6677
vn 0.0000 0.3597 -0.9331
vn 0.5773 0.5774 -0.5773
vn -0.6677 0.3291 -0.6677
vn -0.5773 0.5774 -0.5773
vn -0.6677 -0.6677 0.3291
vn -0.6677 0.6677 -0.3290
vn -0.6677 0.6677 0.3291
vn 0.0000 -0.3598 0.9330
vn -0.3598 0.0000 0.9330
vn 0.3598 -0.0000 0.9330
vn 0.0000 0.3598 0.9330
vn 0.6677 -0.6677 0.3291
vn 0.9331 -0.0000 0.3597
vn 0.6677 0.6677 0.3291
vn 0.6677 0.6677 -0.3290
vn 0.3388 -0.8777 0.3388
vn 0.0000 -0.9330 0.3598
vn 0.3598 -0.9330 0.0000
vn -0.3388 -0.8777 0.3388
vn -0.3598 -0.9330 -0.0000
vn 0.3388 -0.8777 -0.3388
vn 0.0000 -0.9330 -0.3598
vn 0.0000 0.9331 0.3597
vn -0.6725 0.2786 -0.6857
vn -0.2786 0.6725 -0.6857
vn 0.2786 -0.6725 -0.6857
vn 0.1003 -0.1183 0.9879
vn 0.7452 0.4495 0.4926
vn -0.6262 -0.1686 0.7612
vn 0.1420 -0.7139 -0.6857
vn -0.0000 -0.7279 -0.6857
vn 0.6052 0.4044 -0.6857
vn 0.2119 0.8761 0.4330
vn 0.6725 0.2786 -0.6857
vn -0.5147 0.5147 -0.6857
vn -0.9057 0.0231 0.4232
vn -0.4045 0.6052 -0.6857
vn -0.4044 -0.6052 -0.6857
vn 0.1379 -0.8904 0.4338
vn -0.5147 -0.5147 -0.6857
vn 0.5147 0.5147 -0.6857
vn 0.0322 0.9024 0.4296
vn -0.8762 0.2121 0.4329
vn 0.8280 -0.3678 0.4233
vn 0.7139 0.1420 -0.6857
vn 0.5324 0.7267 0.4341
vn 0.7278 -0.0000 -0.6858
vn -0.8461 -0.3156 0.4296
vn -0.6052 0.4044 -0.6857
vn -0.2785 -0.6725 -0.6857
vn 0.3256 -0.8455 0.4233
vn -0.8923 -0.1511 0.4253
vn -0.7139 0.1420 -0.6857
vn -0.7695 -0.4695 0.4329
vn -0.1420 -0.7139 -0.6857
vn 0.4668 -0.7702 0.4347
vn 0.3678 0.8280 0.4233
vn -0.7279 -0.0000 -0.6857
vn -0.6567 -0.6242 0.4233
vn 0.6242 -0.6567 0.4233
vn 0.4044 0.6052 -0.6857
vn -0.8214 0.3751 0.4297
vn -0.1420 0.7139 -0.6857
vn 0.2786 0.6725 -0.6857
vn -0.3254 0.8456 0.4233
vn -0.6052 -0.4044 -0.6857
vn -0.2121 -0.8761 0.4329
vn -0.6725 -0.2786 -0.6857
vn 0.1420 0.7139 -0.6857
vn -0.4597 0.7718 0.4392
vn -0.0322 -0.9024 0.4296
vn -0.0000 0.7279 -0.6857
vn -0.6242 0.6567 0.4233
vn -0.7140 -0.1420 -0.6856
vn -0.5323 -0.7269 0.4339
vn -0.3678 -0.8280 0.4233
vn 0.6051 -0.4044 -0.6858
vn 0.8904 0.1379 0.4338
vn 0.5148 -0.5147 -0.6856
vn 0.6725 -0.2786 -0.6857
vn 0.8455 0.3255 0.4232
vn 0.4044 -0.6052 -0.6857
vn 0.8761 -0.2121 0.4329
vn 0.7140 -0.1420 -0.6856
vn 0.7702 0.4668 0.4347
vn 0.9024 -0.0323 0.4296
vn 0.6567 0.6242 0.4233
vn -0.1456 -0.7319 -0.6657
vn -0.6204 -0.4146 -0.6657
vn -0.4146 0.6204 -0.6657
vn -0.2852 -0.6887 -0.6666
vn -0.6887 0.2853 -0.6665
vn 0.6887 0.2853 -0.6665
vn 0.6204 -0.4146 -0.6657
vn -0.4146 -0.6204 -0.6657
vn -0.6204 0.4145 -0.6657
vn 0.1456 -0.7319 -0.6657
vn -0.7319 -0.1455 -0.6657
vn -0.1456 0.7318 -0.6657
vn -0.2853 0.6887 -0.6665
vn -0.2853 -0.6887 -0.6665
vn -0.7319 0.1455 -0.6657
vn 0.1455 0.7319 -0.6657
vn -0.3383 0.0817 0.9375
vn -0.0483 -0.3354 0.9408
vn 0.8324 0.2464 0.4964
vn 0.0988 0.0363 0.9944
vn -0.6095 0.7927 0.0066
vn 0.0858 -0.0755 0.9935
vn -0.3405 -0.0593 0.9384
vn 0.0820 -0.3288 0.9408
vn 0.7000 0.5280 0.4807
vn -0.1075 0.0039 0.9942
vn -0.1624 -0.2941 0.9419
vn 0.9699 0.1695 0.1749
vn 0.3213 -0.1126 0.9402
vn 0.1037 0.6106 0.7851
vn -0.5089 -0.3555 0.7840
vn -0.1768 0.3023 0.9367
vn -0.2780 -0.1975 0.9401
vn 0.7618 -0.4191 0.4940
vn -0.6205 -0.4146 -0.6657
vn -0.7060 -0.6964 -0.1288
vn 0.6887 -0.2853 -0.6665
vn 0.9241 0.1455 0.3534
vn 0.5281 -0.5282 -0.6650
vn 0.7319 -0.1456 -0.6657
vn 0.8770 0.3217 0.3570
vn 0.4146 -0.6205 -0.6657
vn -0.6887 -0.2853 -0.6665
vn -0.5507 -0.7563 0.3533
vn -0.7469 0.0000 -0.6649
vn 0.4146 -0.6204 -0.6657
vn 0.6205 0.4145 -0.6657
vn 0.3855 0.8536 0.3505
vn 0.7319 0.1456 -0.6657
vn 0.2853 -0.6887 -0.6665
vn 0.6827 0.6411 0.3505
vn 0.5282 0.5281 -0.6649
vn 0.1906 0.9219 0.3373
vn 0.6203 -0.4146 -0.6658
vn 0.9122 -0.3868 -0.1355
vn 0.8760 0.3316 0.3501
vn -0.5281 -0.5282 -0.6649
vn -0.2286 -0.9014 0.3676
vn 0.5430 0.7657 0.3448
vn 0.7469 0.0000 -0.6649
vn 0.4145 -0.6204 -0.6657
vn 0.7563 -0.5506 0.3533
vn 0.0000 -0.7469 -0.6649
vn 0.9363 -0.0288 0.3501
vn -0.5282 -0.5282 -0.6649
vn -0.1936 -0.9204 0.3398
vn -0.6887 -0.2852 -0.6666
vn 0.8536 -0.3852 0.3506
vn 0.1455 -0.9241 0.3534
vn 0.3167 -0.8773 0.3606
vn 0.6887 -0.2852 -0.6666
vn 0.7990 0.4758 0.3676
vn 0.6329 -0.6870 0.3570
vn 0.4856 -0.7964 0.3606
vn -0.7319 0.1456 -0.6657
vn -0.8774 -0.3156 0.3613
vn -0.5531 -0.8234 -0.1266
vn 0.1252 -0.9216 0.3675
vn -0.1455 0.7319 -0.6657
vn -0.6451 0.6806 0.3475
vn -0.4147 0.6205 -0.6656
vn -0.7004 0.7051 -0.1108
vn -0.9272 0.0564 0.3702
vn -0.3901 -0.8496 0.3548
vn -0.7319 -0.1456 -0.6657
vn 0.5282 -0.5282 -0.6649
vn 0.9241 0.1454 0.3533
vn -0.3313 0.8760 0.3504
vn 0.4147 0.6204 -0.6657
vn -0.9194 -0.3774 -0.1107
vn -0.4046 -0.8372 0.3680
vn -0.0294 -0.9361 0.3506
vn -0.2026 -0.9719 -0.1199
vn -0.8511 0.3884 0.3532
vn 0.3355 -0.8756 0.3474
vn 0.2852 -0.6887 -0.6665
vn 0.9064 -0.2198 0.3606
vn 0.0000 0.7469 -0.6649
vn -0.1937 0.9743 -0.1145
vn -0.7563 0.5507 0.3533
vn -0.4146 0.6205 -0.6657
vn -0.8535 0.3855 0.3506
vn 0.6411 -0.6827 0.3505
vn 0.5507 0.7563 0.3533
vn -0.6894 -0.6282 0.3607
vn 0.1456 0.7319 -0.6657
vn -0.6417 0.6824 0.3501
vn 0.4147 0.6205 -0.6656
vn 0.0494 0.9297 0.3650
vn 0.6205 0.4146 -0.6657
vn 0.2853 0.6887 -0.6665
vn -0.5282 0.5281 -0.6649
vn -0.1456 0.7319 -0.6657
vn -0.3683 0.9179 -0.1480
vn 0.8773 0.3166 0.3607
vn 0.6205 -0.4145 -0.6657
vn -0.1574 0.9254 0.3449
vn -0.6205 0.4146 -0.6657
vn -0.4147 0.6204 -0.6657
vn -0.3031 0.8782 0.3701
vn 0.7991 0.4758 0.3676
vn 0.4146 0.6204 -0.6657
vn -0.2983 0.8785 0.3732
vn 0.2290 0.9012 0.3679
vn 0.9317 -0.0432 0.3606
vn 0.4146 0.6205 -0.6657
vn 0.0431 0.9317 0.3606
vn 0.3511 -0.8739 0.3362
vn -0.4145 -0.6205 -0.6657
vn -0.2853 0.6887 -0.6666
vn -0.1455 0.9241 0.3533
vn 0.3846 0.9151 -0.1208
vn 0.4014 0.8400 0.3651
vn 0.3938 0.8465 0.3582
vn 0.1456 0.7318 -0.6658
vn -0.6206 0.4145 -0.6656
vn -0.9363 0.0289 0.3501
vn -0.9196 -0.3790 -0.1032
vn -0.3938 -0.8466 0.3581
vn -0.6205 -0.4145 -0.6657
vn -0.9241 -0.1453 0.3534
vn -0.8760 -0.3317 0.3501
vn -0.9334 0.0381 0.3569
vn 0.8465 -0.3938 0.3582
vn 0.6877 0.6315 0.3581
vn -0.8442 0.3967 0.3606
vn -0.1456 0.7318 -0.6658
vn -0.9158 0.3843 -0.1171
vn -0.4069 -0.8352 0.3701
vn 0.1456 0.7318 -0.6657
vn 0.0296 0.9361 0.3505
vn 0.6204 0.4146 -0.6657
vn -0.6828 -0.6411 0.3504
vn 0.9297 -0.0493 0.3650
vn -0.6870 -0.6329 0.3570
vn -0.9216 -0.1252 0.3675
vn 0.6283 -0.6894 0.3606
vn -0.6888 0.2853 -0.6665
vn -0.7318 0.1456 -0.6657
vn -0.6634 -0.6634 0.3461
vn 0.9684 -0.0417 -0.2460
vn -0.4384 -0.3696 0.8193
vn -0.6765 0.7357 0.0347
vn 0.9674 -0.1493 -0.2048
vn 0.9709 -0.1109 -0.2122
vn 0.9715 -0.1202 -0.2045
vn -0.6717 0.7397 -0.0411
vn 0.9681 0.0652 -0.2418
vn 0.7845 -0.2611 0.5624
vn -0.2165 -0.2875 -0.9330
vn -0.7002 -0.6568 0.2798
vn -0.1072 -0.9753 0.1932
vn 0.2563 -0.5968 -0.7603
vn 0.5588 -0.2874 0.7780
vn -0.6764 0.7357 0.0346
vn 0.2668 0.0164 0.9636
vn -0.4212 0.6417 0.6410
vn -0.7070 0.4352 -0.5575
vn -0.1280 0.9807 -0.1475
vn 0.6243 0.5478 0.5570
vn -0.1651 -0.0371 -0.9856
vn -0.7242 -0.5755 -0.3800
vn -0.6958 -0.6870 0.2095
vn -0.6394 0.7631 0.0946
vn -0.7000 -0.6570 0.2798
vn 0.4469 0.8086 0.3827
vn 0.2383 0.8431 -0.4821
vn -0.8939 0.3841 0.2311
vn -0.8937 0.3844 0.2312
vn 0.8936 -0.3846 -0.2312
vn -0.4353 0.6193 0.6535
vn -0.2380 0.8433 -0.4818
vn -0.2401 -0.8456 0.4768
vn 0.1785 0.1692 -0.9693
vn -0.9458 0.2029 0.2536
vn 0.2401 -0.8454 0.4771
s off
f 7//1 8//1 9//1
f 18//2 19//3 20//2
f 23//4 24//4 25//4
f 13//5 26//6 27//6
f 30//7 31//8 32//9
f 6//10 33//11 34//12
f 39//13 40//13 41//13
f 42//14 43//15 44//14
f 48//16 49//17 50//18
f 56//19 57//20 58//20
f 178//21 3//22 179//21
f 2932//23 2933//23 2934//23
f 2963//24 2964//25 2965//26
f 2964//27 9//27 2966//27
f 9//27 2967//28 2968//27
f 2968//29 7//29 9//29
f 7//26 2969//30 8//26
f 8//27 2966//27 9//27
f 2966//31 2970//32 2971//32
f 2971//33 2965//34 2964//34
f 2964//1 2966//1 2971//1
f 16//35 2972//36 17//36
f 2975//4 25//4 24//4
f 25//37 2976//37 23//37
f 23//4 2977//4 2978//4
f 2977//38 2979//39 2980//40
f 2978//41 2980//41 2981//41
f 2977//42 2980//43 2978//41
f 2981//44 2982//44 2978//44
f 2978//4 24//4 23//4
f 13//45 15//45 26//46
f 2983//47 2984//48 2985//47
f 2985//49 32//49 2987//49
f 2983//49 2985//49 2987//49
f 32//50 2988//50 2989//50
f 2989//49 30//51 32//49
f 30//52 2990//52 31//52
f 31//49 2987//49 32//49
f 2987//53 2991//54 2983//54
f 6//55 5//56 33//57
f 37//58 2992//59 38//59
f 2993//13 39//13 41//13
f 39//60 2994//61 2995//60
f 40//62 39//62 2995//62
f 40//63 2996//63 41//63
f 41//13 2997//13 2993//13
f 2997//64 2998//65 2999//64
f 2993//66 2997//66 2999//66
f 2999//13 3000//13 2993//13
f 3000//67 3001//67 2993//67
f 45//68 3002//69 46//69
f 53//70 3004//71 54//72
f 56//73 61//73 57//20
f 59//74 3005//75 60//75
f 3032//23 3033//23 3034//23
f 3033//23 3035//23 2933//23
f 2933//23 3036//23 3037//23
f 3037//23 3038//23 3039//23
f 3040//23 3039//23 3041//23
f 3037//23 3039//23 3040//23
f 3040//23 3042//23 2934//23
f 2934//23 3043//23 2932//23
f 3040//23 2933//23 3037//23
f 2932//23 3044//23 3034//23
f 2933//23 3034//23 3033//23
f 2932//23 3034//23 2933//23
f 3040//23 2934//23 2933//23
s 1
f 1//76 2//77 3//78
f 4//79 5//80 6//80
f 10//81 11//82 12//83
f 13//84 14//85 15//84
f 16//86 17//87 14//85
f 21//88 22//89 10//81
f 28//90 11//82 29//91
f 35//92 36//93 19//94
f 37//95 38//96 36//93
f 45//97 46//98 47//99
f 51//100 52//101 4//79
f 53//102 54//103 55//104
f 59//105 60//106 2//77
f 45//97 61//107 56//108
f 62//109 63//110 64//111
f 65//112 55//104 43//113
f 62//109 66//114 48//16
f 67//115 68//116 69//117
f 70//118 71//119 72//120
f 73//121 74//122 75//123
f 76//124 77//125 78//126
f 79//127 80//128 81//129
f 82//130 83//131 84//132
f 85//133 86//134 87//135
f 88//136 89//137 90//138
f 91//139 92//140 93//141
f 94//142 95//143 96//144
f 97//145 98//146 99//147
f 100//148 101//149 102//150
f 103//151 104//152 105//153
f 106//154 107//155 108//156
f 109//157 110//158 111//159
f 112//160 113//161 114//162
f 115//163 73//121 116//164
f 75//123 117//165 118//166
f 119//167 76//124 120//168
f 121//169 78//126 77//125
f 122//170 67//115 123//171
f 69//117 124//172 125//173
f 126//174 115//163 116//164
f 127//175 128//176 129//177
f 123//171 117//165 122//170
f 124//172 120//168 125//173
f 70//118 130//178 126//174
f 71//119 128//176 72//120
f 131//179 79//127 81//129
f 132//180 80//128 133//181
f 88//136 134//182 89//137
f 90//138 135//183 136//184
f 82//130 137//185 83//131
f 138//186 139//187 137//185
f 140//188 85//133 141//189
f 87//135 139//187 142//190
f 136//184 132//180 133//181
f 143//191 134//182 144//192
f 145//193 84//132 83//131
f 140//188 146//179 131//179
f 91//139 147//194 92//140
f 93//141 148//195 149//196
f 150//197 94//142 96//144
f 151//198 95//143 152//199
f 153//200 97//145 99//147
f 154//201 155//200 153//200
f 100//148 156//202 157//203
f 154//201 101//149 158//204
f 148//195 152//199 149//196
f 150//197 159//205 160//206
f 98//146 161//205 99//147
f 162//207 156//202 147//194
f 97//145 84//132 98//146
f 93//141 79//127 91//139
f 100//148 87//135 101//149
f 95//143 88//136 90//138
f 103//151 163//208 164//209
f 165//210 104//152 166//211
f 106//154 167//212 168//213
f 107//155 169//214 108//156
f 109//157 170//215 171//216
f 172//217 110//158 173//218
f 163//208 174//219 164//209
f 169//214 175//220 176//220
f 170//215 166//211 171//216
f 168//213 172//217 173//218
f 177//221 112//160 174//219
f 176//220 114//162 113//161
f 109//157 69//117 110//158
f 107//155 76//124 78//126
f 71//119 112//160 114//162
f 104//152 73//121 75//123
f 180//222 181//223 182//224
f 183//225 184//226 185//227
f 186//228 187//229 188//230
f 189//231 190//232 191//233
f 192//234 193//235 194//236
f 195//237 196//238 197//239
f 198//240 199//241 195//237
f 199//241 200//242 196//238
f 199//241 201//243 202//244
f 203//245 204//246 182//224
f 205//247 206//248 203//245
f 206//248 198//240 204//246
f 206//248 201//243 207//249
f 208//250 209//251 192//234
f 200//242 210//252 208//250
f 210//252 205//247 209//251
f 210//252 201//243 211//253
f 212//254 213//255 181//223
f 214//256 215//257 212//254
f 215//257 216//258 213//255
f 215//257 217//259 218//260
f 219//261 220//262 188//230
f 221//263 222//264 219//261
f 222//264 214//256 220//262
f 222//264 217//259 223//265
f 224//266 225//267 226//268
f 216//258 227//269 224//266
f 227//269 221//263 225//267
f 227//269 217//259 228//270
f 229//271 230//272 231//273
f 232//274 233//275 229//271
f 233//275 234//276 230//272
f 233//275 235//277 236//278
f 237//279 238//280 194//236
f 239//281 240//282 237//279
f 240//282 232//274 238//280
f 240//282 235//277 241//283
f 242//284 243//285 190//232
f 234//276 244//286 242//284
f 244//286 239//281 243//285
f 244//286 235//277 245//287
f 246//288 247//289 187//229
f 248//290 249//291 246//288
f 249//291 250//292 247//289
f 249//291 251//293 252//294
f 253//295 254//296 191//233
f 255//297 256//298 253//295
f 256//298 248//290 254//296
f 256//298 251//293 257//299
f 258//300 259//301 193//235
f 250//292 260//302 258//300
f 260//302 255//297 259//301
f 260//302 251//293 261//303
f 262//304 263//305 264//306
f 265//307 266//308 262//304
f 266//308 267//309 263//305
f 266//308 268//310 269//311
f 270//312 271//313 183//225
f 272//314 273//315 270//312
f 273//315 265//307 271//313
f 273//315 268//310 274//316
f 275//317 276//318 180//222
f 267//309 277//319 275//317
f 277//319 272//314 276//318
f 277//319 268//310 278//320
f 279//321 280//322 281//323
f 282//324 283//325 279//321
f 283//325 284//326 280//322
f 283//325 285//327 286//328
f 287//329 288//330 185//227
f 289//331 290//332 287//329
f 290//332 282//324 288//330
f 290//332 285//327 291//333
f 292//334 293//335 186//228
f 284//326 294//336 292//334
f 294//336 289//331 293//335
f 294//336 285//327 295//337
f 296//338 297//339 298//340
f 299//341 300//342 296//338
f 300//342 301//343 297//339
f 300//342 302//344 303//345
f 304//346 305//347 306//348
f 307//349 308//350 304//346
f 308//350 299//341 305//347
f 308//350 302//344 309//351
f 310//352 311//353 312//354
f 301//343 313//355 310//352
f 313//355 307//349 311//353
f 313//355 302//344 314//356
f 315//357 316//358 317//359
f 318//360 319//361 315//357
f 319//361 320//362 316//358
f 319//361 321//363 322//364
f 323//365 324//366 184//226
f 325//367 326//368 323//365
f 326//368 318//360 324//366
f 326//368 321//363 327//369
f 328//370 329//371 189//231
f 320//362 330//372 328//370
f 330//372 325//367 329//371
f 330//372 321//363 331//373
f 197//239 229//271 231//273
f 229//271 200//242 232//274
f 200//242 238//280 232//274
f 208//250 194//236 238//280
f 182//224 213//255 203//245
f 213//255 205//247 203//245
f 216//258 209//251 205//247
f 209//251 226//268 192//234
f 187//229 219//261 188//230
f 219//261 250//292 221//263
f 250//292 225//267 221//263
f 225//267 193//235 226//268
f 191//233 243//285 253//295
f 253//295 239//281 255//297
f 239//281 259//301 255//297
f 259//301 194//236 193//235
f 183//225 310//352 312//354
f 310//352 265//307 301//343
f 265//307 297//339 301//343
f 297//339 264//306 298//340
f 185//227 270//312 183//225
f 270//312 282//324 272//314
f 272//314 279//321 276//318
f 279//321 180//222 276//318
f 184//226 287//329 185//227
f 287//329 318//360 289//331
f 318//360 293//335 289//331
f 315//357 186//228 293//335
f 184//226 311//353 323//365
f 323//365 307//349 325//367
f 307//349 329//371 325//367
f 304//346 189//231 329//371
f 306//348 242//284 190//232
f 305//347 234//276 242//284
f 299//341 230//272 234//276
f 296//338 231//273 230//272
f 191//233 328//370 189//231
f 254//296 320//362 328//370
f 248//290 316//358 320//362
f 246//288 317//359 316//358
f 281//323 212//254 181//223
f 280//322 214//256 212//254
f 284//326 220//262 214//256
f 292//334 188//230 220//262
f 182//224 275//317 180//222
f 204//246 267//309 275//317
f 198//240 263//305 267//309
f 195//237 264//306 263//305
f 298//340 197//239 231//273
f 332//374 333//375 334//376
f 335//377 333//375 336//378
f 333//375 337//379 334//376
f 333//375 338//380 339//381
f 335//377 340//382 341//383
f 342//384 340//382 343//385
f 340//382 338//380 341//383
f 340//382 344//386 345//387
f 342//384 346//388 347//389
f 348//390 346//388 349//391
f 346//388 344//386 347//389
f 346//388 350//392 351//393
f 348//390 352//394 353//395
f 332//374 352//394 354//396
f 352//394 350//392 353//395
f 352//394 337//379 355//397
f 348//390 356//398 354//396
f 342//384 356//398 349//391
f 356//398 332//374 354//396
f 356//398 335//377 336//378
f 337//379 357//399 355//397
f 338//380 357//399 339//381
f 357//399 350//392 355//397
f 357//399 344//386 351//393
f 358//400 359//401 360//402
f 361//403 362//404 359//401
f 363//405 362//404 364//406
f 365//407 366//408 363//405
f 360//402 367//409 368//410
f 359//401 369//411 367//409
f 366//408 369//411 362//404
f 370//412 371//413 366//408
f 367//409 372//414 368//410
f 369//411 373//415 367//409
f 369//411 374//416 375//417
f 371//413 376//418 374//416
f 373//415 377//419 372//414
f 375//417 378//420 373//415
f 375//417 379//421 380//422
f 374//416 381//423 379//421
f 365//407 382//424 370//412
f 383//425 384//426 382//424
f 385//427 384//426 386//428
f 387//429 388//430 385//427
f 370//412 389//431 390//432
f 382//424 391//433 389//431
f 388//430 391//433 384//426
f 392//434 393//435 388//430
f 389//431 376//418 390//432
f 391//433 394//436 389//431
f 391//433 395//437 396//438
f 393//435 397//439 395//437
f 394//436 381//423 376//418
f 396//438 398//440 394//436
f 396//438 399//441 400//442
f 395//437 401//443 399//441
f 387//429 402//444 392//434
f 403//445 404//446 402//444
f 405//447 404//446 406//448
f 407//449 408//450 405//447
f 392//434 409//451 410//452
f 402//444 411//23 409//451
f 408//450 411//23 404//446
f 412//453 413//454 408//450
f 409//451 397//439 410//452
f 411//23 414//455 409//451
f 411//23 415//456 416//457
f 413//454 417//458 415//456
f 414//455 401//443 397//439
f 416//457 418//459 414//455
f 416//457 419//460 420//461
f 415//456 421//462 419//460
f 407//449 422//463 412//453
f 423//464 424//465 422//463
f 425//466 424//465 426//467
f 358//400 427//468 425//466
f 412//453 428//469 429//470
f 422//463 430//471 428//469
f 427//468 430//471 424//465
f 360//402 431//472 427//468
f 428//469 417//458 429//470
f 430//471 432//473 428//469
f 430//471 433//474 434//475
f 431//472 372//414 433//474
f 432//473 421//462 417//458
f 434//475 435//476 432//473
f 434//475 436//477 437//478
f 433//474 377//419 436//477
f 407//449 438//479 423//464
f 405//447 439//480 438//479
f 403//445 439//480 406//448
f 387//429 440//481 403//445
f 423//464 441//482 426//467
f 438//479 442//483 441//482
f 440//481 442//483 439//480
f 385//427 443//484 440//481
f 441//482 425//466 426//467
f 442//483 444//485 441//482
f 442//483 445//486 446//487
f 443//484 383//425 445//486
f 444//485 358//400 425//466
f 446//487 361//403 444//485
f 446//487 363//405 364//406
f 445//486 365//407 363//405
f 377//419 447//488 436//477
f 378//420 448//489 447//488
f 379//421 448//489 380//422
f 381//423 449//490 379//421
f 436//477 450//491 437//478
f 447//488 451//492 450//491
f 449//490 451//492 448//489
f 398//440 452//493 449//490
f 450//491 435//476 437//478
f 451//492 453//494 450//491
f 451//492 454//495 455//496
f 452//493 399//441 454//495
f 453//494 421//462 435//476
f 455//496 419//460 453//494
f 455//496 418//459 420//461
f 454//495 401//443 418//459
f 456//497 457//498 458//499
f 459//500 460//501 457//498
f 461//502 462//503 460//501
f 463//504 464//505 462//503
f 465//506 459//500 456//497
f 466//507 461//502 459//500
f 467//508 463//504 461//502
f 468//509 469//510 463//504
f 470//511 466//507 465//506
f 471//512 467//508 466//507
f 472//513 468//509 467//508
f 473//514 474//515 468//509
f 475//516 471//512 470//511
f 476//517 472//513 471//512
f 477//518 473//514 472//513
f 478//519 479//520 473//514
f 458//499 480//521 481//522
f 481//522 482//523 483//524
f 483//524 484//525 485//526
f 485//526 486//527 487//528
f 457//498 488//529 480//521
f 480//521 489//530 482//523
f 482//523 490//531 484//525
f 484//525 491//532 486//527
f 460//501 492//533 488//529
f 488//529 493//534 489//530
f 489//530 494//535 490//531
f 490//531 495//536 491//532
f 462//503 496//537 492//533
f 492//533 497//538 493//534
f 493//534 498//539 494//535
f 494//535 499//540 495//536
f 458//499 500//541 501//542
f 501//542 502//543 503//544
f 503//544 504//545 505//546
f 505//546 506//547 507//548
f 481//522 508//549 500//541
f 500//541 509//550 502//543
f 502//543 510//551 504//545
f 504//545 511//552 506//547
f 483//524 512//553 508//549
f 508//549 513//554 509//550
f 509//550 514//555 510//551
f 510//551 515//556 511//552
f 485//526 516//557 512//553
f 512//553 517//558 513//554
f 513//554 518//559 514//555
f 514//555 519//560 515//556
f 501//542 456//497 458//499
f 520//561 465//506 456//497
f 521//562 470//511 465//506
f 522//563 475//516 470//511
f 503//544 520//561 501//542
f 523//564 521//562 520//561
f 524//565 522//563 521//562
f 525//566 526//567 522//563
f 505//546 523//564 503//544
f 527//568 524//565 523//564
f 528//569 525//566 524//565
f 529//570 530//571 525//566
f 507//548 527//568 505//546
f 531//572 528//569 527//568
f 532//573 529//570 528//569
f 533//574 534//575 529//570
f 535//576 536//577 537//578
f 538//579 539//580 536//577
f 540//581 541//582 539//580
f 542//583 543//584 541//582
f 544//585 538//579 535//576
f 545//586 540//581 538//579
f 546//587 542//583 540//581
f 547//588 548//589 542//583
f 549//590 545//586 544//585
f 550//591 546//587 545//586
f 551//592 547//588 546//587
f 552//593 553//594 547//588
f 554//595 550//591 549//590
f 555//596 551//592 550//591
f 556//597 552//593 551//592
f 557//598 558//599 552//593
f 537//578 559//600 560//601
f 560//601 561//602 562//603
f 562//603 563//604 564//605
f 564//605 565//606 566//607
f 536//577 567//608 559//600
f 559//600 568//609 561//602
f 561//602 569//610 563//604
f 563//604 570//611 565//606
f 539//580 571//612 567//608
f 567//608 572//613 568//609
f 568//609 573//614 569//610
f 569//610 574//615 570//611
f 541//582 575//616 571//612
f 571//612 576//617 572//613
f 572//613 577//618 573//614
f 573//614 578//619 574//615
f 537//578 579//620 580//621
f 580//621 581//622 582//623
f 582//623 583//624 584//625
f 584//625 585//626 586//627
f 560//601 587//628 579//620
f 579//620 588//629 581//622
f 581//622 589//630 583//624
f 583//624 590//631 585//626
f 562//603 591//632 587//628
f 587//628 592//633 588//629
f 588//629 593//634 589//630
f 589//630 594//635 590//631
f 564//605 595//636 591//632
f 591//632 596//637 592//633
f 592//633 597//638 593//634
f 593//634 598//639 594//635
f 580//621 535//576 537//578
f 599//640 544//585 535//576
f 600//641 549//590 544//585
f 601//642 554//595 549//590
f 582//623 599//640 580//621
f 602//643 600//641 599//640
f 603//644 601//642 600//641
f 604//645 605//646 601//642
f 584//625 602//643 582//623
f 606//647 603//644 602//643
f 607//648 604//645 603//644
f 608//649 609//650 604//645
f 586//627 606//647 584//625
f 610//651 607//648 606//647
f 611//652 608//649 607//648
f 612//653 613//654 608//649
f 614//655 615//656 616//657
f 617//658 618//659 615//656
f 619//660 620//661 618//659
f 621//662 622//663 620//661
f 623//664 617//658 614//655
f 624//665 619//660 617//658
f 625//666 621//662 619//660
f 626//667 627//668 621//662
f 628//669 624//665 623//664
f 629//670 625//666 624//665
f 630//671 626//667 625//666
f 631//672 632//673 626//667
f 633//674 629//670 628//669
f 634//675 630//671 629//670
f 635//676 631//672 630//671
f 636//677 637//678 631//672
f 616//657 638//679 639//680
f 639//680 640//681 641//682
f 641//682 642//683 643//684
f 643//684 644//685 645//686
f 615//656 646//687 638//679
f 638//679 647//688 640//681
f 640//681 648//689 642//683
f 642//683 649//690 644//685
f 618//659 650//691 646//687
f 646//687 651//692 647//688
f 647//688 652//693 648//689
f 648//689 653//694 649//690
f 620//661 654//695 650//691
f 650//691 655//696 651//692
f 651//692 656//697 652//693
f 652//693 657//698 653//694
f 616//657 658//699 659//700
f 659//700 660//701 661//702
f 661//702 662//703 663//704
f 663//704 664//705 665//706
f 639//680 666//707 658//699
f 658//699 667//708 660//701
f 660//701 668//709 662//703
f 662//703 669//710 664//705
f 641//682 670//711 666//707
f 666//707 671//712 667//708
f 667//708 672//713 668//709
f 668//709 673//714 669//710
f 643//684 674//715 670//711
f 670//711 675//716 671//712
f 671//712 676//717 672//713
f 672//713 677//718 673//714
f 659//700 614//655 616//657
f 678//719 623//664 614//655
f 679//720 628//669 623//664
f 680//721 633//674 628//669
f 661//702 678//719 659//700
f 681//722 679//720 678//719
f 682//723 680//721 679//720
f 683//724 684//725 680//721
f 663//704 681//722 661//702
f 685//726 682//723 681//722
f 686//727 683//724 682//723
f 687//728 688//729 683//724
f 665//706 685//726 663//704
f 689//730 686//727 685//726
f 690//731 687//728 686//727
f 691//732 692//733 687//728
f 693//734 694//735 695//736
f 696//737 697//738 694//735
f 698//739 699//740 697//738
f 700//741 701//742 699//740
f 702//743 696//737 693//734
f 703//744 698//739 696//737
f 704//745 700//741 698//739
f 705//746 706//747 700//741
f 707//748 703//744 702//743
f 708//749 704//745 703//744
f 709//750 705//746 704//745
f 710//751 711//752 705//746
f 712//753 708//749 707//748
f 713//754 709//750 708//749
f 714//755 710//751 709//750
f 715//756 716//757 710//751
f 695//736 717//758 718//759
f 718//759 719//760 720//761
f 720//761 721//762 722//763
f 722//763 723//764 724//765
f 694//735 725//766 717//758
f 717//758 726//767 719//760
f 719//760 727//768 721//762
f 721//762 728//769 723//764
f 697//738 729//770 725//766
f 725//766 730//771 726//767
f 726//767 731//772 727//768
f 727//768 732//773 728//769
f 699//740 733//774 729//770
f 729//770 734//775 730//771
f 730//771 735//776 731//772
f 731//772 736//777 732//773
f 695//736 737//778 738//779
f 738//779 739//780 740//781
f 740//781 741//782 742//783
f 742//783 496//537 464//505
f 718//759 743//784 737//778
f 737//778 744//785 739//780
f 739//780 745//786 741//782
f 741//782 497//538 496//537
f 720//761 746//787 743//784
f 743//784 747//788 744//785
f 744//785 748//789 745//786
f 745//786 498//539 497//538
f 722//763 749//790 746//787
f 746//787 750//791 747//788
f 747//788 751//792 748//789
f 748//789 499//540 498//539
f 738//779 693//734 695//736
f 752//793 702//743 693//734
f 753//794 707//748 702//743
f 754//795 712//753 707//748
f 740//781 752//793 738//779
f 755//796 753//794 752//793
f 756//797 754//795 753//794
f 757//798 758//799 754//795
f 742//783 755//796 740//781
f 759//800 756//797 755//796
f 760//801 757//798 756//797
f 761//802 762//803 757//798
f 464//505 759//800 742//783
f 469//510 760//801 759//800
f 474//515 761//802 760//801
f 479//520 763//804 761//802
f 764//805 765//806 766//807
f 767//808 768//809 765//806
f 769//810 770//811 768//809
f 771//812 772//813 770//811
f 773//814 767//808 764//805
f 774//815 769//810 767//808
f 775//816 771//812 769//810
f 776//817 777//818 771//812
f 778//819 774//815 773//814
f 779//820 775//816 774//815
f 780//821 776//817 775//816
f 781//822 782//823 776//817
f 783//824 779//820 778//819
f 784//825 780//821 779//820
f 785//826 781//822 780//821
f 786//827 787//828 781//822
f 766//807 788//829 789//830
f 789//830 790//831 791//832
f 791//832 792//833 793//834
f 793//834 794//835 795//836
f 765//806 796//837 788//829
f 788//829 797//838 790//831
f 790//831 798//839 792//833
f 792//833 799//840 794//835
f 768//809 800//841 796//837
f 796//837 801//842 797//838
f 797//838 802//843 798//839
f 798//839 803//844 799//840
f 770//811 804//845 800//841
f 800//841 805//846 801//842
f 801//842 806//847 802//843
f 802//843 807//848 803//844
f 766//807 808//849 809//850
f 809//850 810//851 811//852
f 811//852 812//853 813//854
f 813//854 575//616 543//584
f 789//830 814//855 808//849
f 808//849 815//856 810//851
f 810//851 816//857 812//853
f 812//853 576//617 575//616
f 791//832 817//858 814//855
f 814//855 818//859 815//856
f 815//856 819//860 816//857
f 816//857 577//618 576//617
f 793//834 820//861 817//858
f 817//858 821//862 818//859
f 818//859 822//863 819//860
f 819//860 578//619 577//618
f 809//850 764//805 766//807
f 823//864 773//814 764//805
f 824//865 778//819 773//814
f 825//866 783//824 778//819
f 811//852 823//864 809//850
f 826//867 824//865 823//864
f 827//868 825//866 824//865
f 828//869 829//870 825//866
f 813//854 826//867 811//852
f 830//871 827//868 826//867
f 831//872 828//869 827//868
f 832//873 833//874 828//869
f 543//584 830//871 813//854
f 548//589 831//872 830//871
f 553//594 832//873 831//872
f 558//599 834//875 832//873
f 835//876 836//877 837//878
f 838//879 839//880 836//877
f 840//881 841//882 839//880
f 842//883 586//627 841//882
f 843//884 838//879 835//876
f 844//885 840//881 838//879
f 845//886 842//883 840//881
f 846//887 610//651 842//883
f 847//888 844//885 843//884
f 848//889 845//886 844//885
f 849//890 846//887 845//886
f 850//891 611//652 846//887
f 851//892 848//889 847//888
f 852//893 849//890 848//889
f 853//894 850//891 849//890
f 854//895 612//653 850//891
f 837//878 855//896 856//897
f 856//897 857//898 858//899
f 858//899 859//900 860//901
f 860//901 861//902 862//903
f 836//877 863//904 855//896
f 855//896 864//905 857//898
f 857//898 865//906 859//900
f 859//900 866//907 861//902
f 839//880 867//908 863//904
f 863//904 868//909 864//905
f 864//905 869//910 865//906
f 865//906 870//911 866//907
f 841//882 585//626 867//908
f 867//908 590//631 868//909
f 868//909 594//635 869//910
f 869//910 598//639 870//911
f 837//878 871//912 872//913
f 872//913 873//914 874//915
f 874//915 875//916 876//917
f 876//917 733//774 701//742
f 856//897 877//918 871//912
f 871//912 878//919 873//914
f 873//914 879//920 875//916
f 875//916 734//775 733//774
f 858//899 880//921 877//918
f 877//918 881//922 878//919
f 878//919 882//923 879//920
f 879//920 735//776 734//775
f 860//901 883//924 880//921
f 880//921 884//925 881//922
f 881//922 885//926 882//923
f 882//923 736//777 735//776
f 872//913 835//876 837//878
f 886//927 843//884 835//876
f 887//928 847//888 843//884
f 888//929 851//892 847//888
f 874//915 886//927 872//913
f 889//930 887//928 886//927
f 890//931 888//929 887//928
f 891//932 892//933 888//929
f 876//917 889//930 874//915
f 893//934 890//931 889//930
f 894//935 891//932 890//931
f 895//936 896//937 891//932
f 701//742 893//934 876//917
f 706//747 894//935 893//934
f 711//752 895//936 894//935
f 716//757 897//938 895//936
f 898//939 899//940 900//941
f 901//942 902//943 899//940
f 903//944 904//945 902//943
f 905//946 665//706 904//945
f 906//947 901//942 898//939
f 907//948 903//944 901//942
f 908//949 905//946 903//944
f 909//950 689//730 905//946
f 910//951 907//948 906//947
f 911//952 908//949 907//948
f 912//953 909//950 908//949
f 913//954 690//731 909//950
f 914//955 911//952 910//951
f 915//956 912//953 911//952
f 916//957 913//954 912//953
f 917//958 691//732 913//954
f 900//941 918//959 919//960
f 919//960 920//961 921//962
f 921//962 922//963 923//964
f 923//964 924//965 925//966
f 899//940 926//967 918//959
f 918//959 927//968 920//961
f 920//961 928//969 922//963
f 922//963 929//970 924//965
f 902//943 930//971 926//967
f 926//967 931//972 927//968
f 927//968 932//973 928//969
f 928//969 933//974 929//970
f 904//945 664//705 930//971
f 930//971 669//710 931//972
f 931//972 673//714 932//973
f 932//973 677//718 933//974
f 900//941 934//975 935//976
f 935//976 936//977 937//978
f 937//978 938//979 939//980
f 939//980 804//845 772//813
f 919//960 940//981 934//975
f 934//975 941//982 936//977
f 936//977 942//983 938//979
f 938//979 805//846 804//845
f 921//962 943//984 940//981
f 940//981 944//985 941//982
f 941//982 945//986 942//983
f 942//983 806//847 805//846
f 923//964 946//987 943//984
f 943//984 947//988 944//985
f 944//985 948//989 945//986
f 945//986 807//848 806//847
f 935//976 898//939 900//941
f 949//990 906//947 898//939
f 950//991 910//951 906//947
f 951//992 914//955 910//951
f 937//978 949//990 935//976
f 952//993 950//991 949//990
f 953//994 951//992 950//991
f 954//995 955//996 951//992
f 939//980 952//993 937//978
f 956//997 953//994 952//993
f 957//998 954//995 953//994
f 958//999 959//1000 954//995
f 772//813 956//997 939//980
f 777//818 957//998 956//997
f 782//823 958//999 957//998
f 787//828 960//1001 958//999
f 961//1002 962//1003 963//1004
f 964//1005 965//1006 962//1003
f 966//1007 967//1008 965//1006
f 968//1009 507//548 967//1008
f 969//1010 964//1005 961//1002
f 970//1011 966//1007 964//1005
f 971//1012 968//1009 966//1007
f 972//1013 531//572 968//1009
f 973//1014 970//1011 969//1010
f 974//1015 971//1012 970//1011
f 975//1016 972//1013 971//1012
f 976//1017 532//573 972//1013
f 977//1018 974//1015 973//1014
f 978//1019 975//1016 974//1015
f 979//1020 976//1017 975//1016
f 980//1021 533//574 976//1017
f 963//1004 981//1022 982//1023
f 982//1023 983//1024 984//1025
f 984//1025 985//1026 986//1027
f 986//1027 987//1028 988//1029
f 962//1003 989//1030 981//1022
f 981//1022 990//1031 983//1024
f 983//1024 991//1032 985//1026
f 985//1026 992//1033 987//1028
f 965//1006 993//1034 989//1030
f 989//1030 994//1035 990//1031
f 990//1031 995//1036 991//1032
f 991//1032 996//1037 992//1033
f 967//1008 506//547 993//1034
f 993//1034 511//552 994//1035
f 994//1035 515//556 995//1036
f 995//1036 519//560 996//1037
f 963//1004 997//1038 998//1039
f 998//1039 999//1040 1000//1041
f 1000//1041 1001//1042 1002//1043
f 1002//1043 654//695 622//663
f 982//1023 1003//1044 997//1038
f 997//1038 1004//1045 999//1040
f 999//1040 1005//1046 1001//1042
f 1001//1042 655//696 654//695
f 984//1025 1006//1047 1003//1044
f 1003//1044 1007//1048 1004//1045
f 1004//1045 1008//1049 1005//1046
f 1005//1046 656//697 655//696
f 986//1027 1009//1050 1006//1047
f 1006//1047 1010//1051 1007//1048
f 1007//1048 1011//1052 1008//1049
f 1008//1049 657//698 656//697
f 998//1039 961//1002 963//1004
f 1012//1053 969//1010 961//1002
f 1013//1054 973//1014 969//1010
f 1014//1055 977//1018 973//1014
f 1000//1041 1012//1053 998//1039
f 1015//1056 1013//1054 1012//1053
f 1016//1057 1014//1055 1013//1054
f 1017//1058 1018//1059 1014//1055
f 1002//1043 1015//1056 1000//1041
f 1019//1060 1016//1057 1015//1056
f 1020//1061 1017//1058 1016//1057
f 1021//1062 1022//1063 1017//1058
f 622//663 1019//1060 1002//1043
f 627//668 1020//1061 1019//1060
f 632//673 1021//1062 1020//1061
f 637//678 1023//1064 1021//1062
f 1024//1065 1025//1066 1026//1067
f 1027//1068 1028//1069 1025//1066
f 1029//1070 1030//1071 1028//1069
f 1031//1072 1032//1073 1030//1071
f 1033//1074 1027//1068 1024//1065
f 1034//1075 1029//1070 1027//1068
f 1035//1076 1031//1072 1029//1070
f 1036//1077 1037//1078 1031//1072
f 1038//1079 1034//1075 1033//1074
f 1039//1080 1035//1076 1034//1075
f 1040//1081 1036//1077 1035//1076
f 1041//1082 1042//1083 1036//1077
f 1043//1084 1039//1080 1038//1079
f 1044//1085 1040//1081 1039//1080
f 1045//1086 1041//1082 1040//1081
f 1046//1087 1047//1088 1041//1082
f 1025//1066 1048//1089 1026//1067
f 1049//1090 1050//1091 1048//1089
f 1051//1092 1052//1093 1050//1091
f 1053//1094 1054//1095 1052//1093
f 1028//1069 1049//1090 1025//1066
f 1055//1096 1051//1092 1049//1090
f 1056//1097 1053//1094 1051//1092
f 1057//1098 1058//1099 1053//1094
f 1030//1071 1055//1096 1028//1069
f 1059//1100 1056//1097 1055//1096
f 1060//1101 1057//1098 1056//1097
f 1061//1102 1062//1103 1057//1098
f 1032//1073 1059//1100 1030//1071
f 1063//1104 1060//1101 1059//1100
f 1064//1105 1061//1102 1060//1101
f 1065//1106 1066//1107 1061//1102
f 1026//1067 1067//1108 1068//1109
f 1068//1109 1069//1110 1070//1111
f 1070//1111 1071//1112 1072//1113
f 1072//1113 1073//1114 1074//1115
f 1048//1089 1075//1116 1067//1108
f 1067//1108 1076//1117 1069//1110
f 1069//1110 1077//1118 1071//1112
f 1071//1112 1078//1119 1073//1114
f 1050//1091 1079//1120 1075//1116
f 1075//1116 1080//1121 1076//1117
f 1076//1117 1081//1122 1077//1118
f 1077//1118 1082//1123 1078//1119
f 1052//1093 1083//1124 1079//1120
f 1079//1120 1084//1125 1080//1121
f 1080//1121 1085//1126 1081//1122
f 1081//1122 1086//1127 1082//1123
f 1026//1067 1087//1128 1024//1065
f 1024//1065 1088//1129 1033//1074
f 1033//1074 1089//1130 1038//1079
f 1038//1079 1090//1131 1043//1084
f 1068//1109 1091//1132 1087//1128
f 1087//1128 1092//1133 1088//1129
f 1088//1129 1093//1134 1089//1130
f 1089//1130 1094//1135 1090//1131
f 1070//1111 1095//1136 1091//1132
f 1091//1132 1096//1137 1092//1133
f 1092//1133 1097//1138 1093//1134
f 1093//1134 1098//1139 1094//1135
f 1072//1113 1099//1140 1095//1136
f 1095//1136 1100//1141 1096//1137
f 1096//1137 1101//1142 1097//1138
f 1097//1138 1102//1143 1098//1139
f 1103//1144 1104//1145 1105//1146
f 1106//1147 1107//1148 1104//1145
f 1108//1149 1109//1150 1107//1148
f 1110//1151 1111//1152 1109//1150
f 1112//1153 1106//1147 1103//1144
f 1113//1154 1108//1149 1106//1147
f 1114//1155 1110//1151 1108//1149
f 1115//1156 1116//1157 1110//1151
f 1117//1158 1113//1154 1112//1153
f 1118//1159 1114//1155 1113//1154
f 1119//1160 1115//1156 1114//1155
f 1120//1161 1121//1162 1115//1156
f 1122//1163 1118//1159 1117//1158
f 1123//1164 1119//1160 1118//1159
f 1124//1165 1120//1161 1119//1160
f 1125//1166 1126//1167 1120//1161
f 1104//1145 1127//1168 1105//1146
f 1128//1169 1129//1170 1127//1168
f 1130//1171 1131//1172 1129//1170
f 1132//1173 1133//1174 1131//1172
f 1107//1148 1128//1169 1104//1145
f 1134//1175 1130//1171 1128//1169
f 1135//1176 1132//1173 1130//1171
f 1136//1177 1137//1178 1132//1173
f 1109//1150 1134//1175 1107//1148
f 1138//1179 1135//1176 1134//1175
f 1139//1180 1136//1177 1135//1176
f 1140//1181 1141//1182 1136//1177
f 1111//1152 1138//1179 1109//1150
f 1142//1183 1139//1180 1138//1179
f 1143//1184 1140//1181 1139//1180
f 1144//1185 1145//1186 1140//1181
f 1105//1146 1146//1187 1147//1188
f 1147//1188 1148//1189 1149//1190
f 1149//1190 1150//1191 1151//1192
f 1151//1192 1152//1193 1153//1194
f 1127//1168 1154//1195 1146//1187
f 1146//1187 1155//1196 1148//1189
f 1148//1189 1156//1197 1150//1191
f 1150//1191 1157//1198 1152//1193
f 1129//1170 1158//1199 1154//1195
f 1154//1195 1159//1200 1155//1196
f 1155//1196 1160//1201 1156//1197
f 1156//1197 1161//1202 1157//1198
f 1131//1172 1162//1203 1158//1199
f 1158//1199 1163//1204 1159//1200
f 1159//1200 1164//1205 1160//1201
f 1160//1201 1165//1206 1161//1202
f 1105//1146 1166//1207 1103//1144
f 1103//1144 1167//1208 1112//1153
f 1112//1153 1168//1209 1117//1158
f 1117//1158 1169//1210 1122//1163
f 1147//1188 1170//1211 1166//1207
f 1166//1207 1171//1212 1167//1208
f 1167//1208 1172//1213 1168//1209
f 1168//1209 1173//1214 1169//1210
f 1149//1190 1174//1215 1170//1211
f 1170//1211 1175//1216 1171//1212
f 1171//1212 1176//1217 1172//1213
f 1172//1213 1177//1218 1173//1214
f 1151//1192 1178//1219 1174//1215
f 1174//1215 1179//1220 1175//1216
f 1175//1216 1180//1221 1176//1217
f 1176//1217 1181//1222 1177//1218
f 1182//1223 1183//1224 1184//1225
f 1185//1226 1186//1227 1183//1224
f 1187//1228 1188//1229 1186//1227
f 1189//1230 1190//1231 1188//1229
f 1191//1232 1185//1226 1182//1223
f 1192//1233 1187//1228 1185//1226
f 1193//1234 1189//1230 1187//1228
f 1194//1235 1195//1236 1189//1230
f 1196//1237 1192//1233 1191//1232
f 1197//1238 1193//1234 1192//1233
f 1198//1239 1194//1235 1193//1234
f 1199//1240 1200//1241 1194//1235
f 1201//1242 1197//1238 1196//1237
f 1202//1243 1198//1239 1197//1238
f 1203//1244 1199//1240 1198//1239
f 1204//1245 1205//1246 1199//1240
f 1183//1224 1206//1247 1184//1225
f 1207//1248 1208//1249 1206//1247
f 1209//1250 1210//1251 1208//1249
f 1211//1252 1212//1253 1210//1251
f 1186//1227 1207//1248 1183//1224
f 1213//1254 1209//1250 1207//1248
f 1214//1255 1211//1252 1209//1250
f 1215//1256 1216//1257 1211//1252
f 1188//1229 1213//1254 1186//1227
f 1217//1258 1214//1255 1213//1254
f 1218//1259 1215//1256 1214//1255
f 1219//1260 1220//1261 1215//1256
f 1190//1231 1217//1258 1188//1229
f 1221//1262 1218//1259 1217//1258
f 1222//1263 1219//1260 1218//1259
f 1223//1264 1224//1265 1219//1260
f 1184//1225 1225//1266 1226//1267
f 1226//1267 1227//1268 1228//1269
f 1228//1269 1229//1270 1230//1271
f 1230//1271 1231//1272 1232//1273
f 1206//1247 1233//1274 1225//1266
f 1225//1266 1234//1275 1227//1268
f 1227//1268 1235//1276 1229//1270
f 1229//1270 1236//1277 1231//1272
f 1208//1249 1237//1278 1233//1274
f 1233//1274 1238//1279 1234//1275
f 1234//1275 1239//1280 1235//1276
f 1235//1276 1240//1281 1236//1277
f 1210//1251 1241//1282 1237//1278
f 1237//1278 1242//1283 1238//1279
f 1238//1279 1243//1284 1239//1280
f 1239//1280 1244//1285 1240//1281
f 1184//1225 1245//1286 1182//1223
f 1182//1223 1246//1287 1191//1232
f 1191//1232 1247//1288 1196//1237
f 1196//1237 1248//1289 1201//1242
f 1226//1267 1249//1290 1245//1286
f 1245//1286 1250//1291 1246//1287
f 1246//1287 1251//1292 1247//1288
f 1247//1288 1252//1293 1248//1289
f 1228//1269 1253//1294 1249//1290
f 1249//1290 1254//1295 1250//1291
f 1250//1291 1255//1296 1251//1292
f 1251//1292 1256//1297 1252//1293
f 1230//1271 1257//1298 1253//1294
f 1253//1294 1258//1299 1254//1295
f 1254//1295 1259//1300 1255//1296
f 1255//1296 1260//1301 1256//1297
f 1261//1302 1262//1303 1263//1304
f 1264//1305 1265//1306 1262//1303
f 1266//1307 1267//1308 1265//1306
f 1268//1309 1269//1310 1267//1308
f 1270//1311 1264//1305 1261//1302
f 1271//1312 1266//1307 1264//1305
f 1272//1313 1268//1309 1266//1307
f 1273//1314 1274//1315 1268//1309
f 1275//1316 1271//1312 1270//1311
f 1276//1317 1272//1313 1271//1312
f 1277//1318 1273//1314 1272//1313
f 1278//1319 1279//1320 1273//1314
f 1280//1321 1276//1317 1275//1316
f 1281//1322 1277//1318 1276//1317
f 1282//1323 1278//1319 1277//1318
f 1283//1324 1284//1325 1278//1319
f 1262//1303 1285//1326 1263//1304
f 1286//1327 1287//1328 1285//1326
f 1288//1329 1289//1330 1287//1328
f 1290//1331 1043//1084 1289//1330
f 1265//1306 1286//1327 1262//1303
f 1291//1332 1288//1329 1286//1327
f 1292//1333 1290//1331 1288//1329
f 1293//1334 1044//1085 1290//1331
f 1267//1308 1291//1332 1265//1306
f 1294//1335 1292//1333 1291//1332
f 1295//1336 1293//1334 1292//1333
f 1296//1337 1045//1086 1293//1334
f 1269//1310 1294//1335 1267//1308
f 1297//1338 1295//1336 1294//1335
f 1298//1339 1296//1337 1295//1336
f 1299//1340 1046//1087 1296//1337
f 1263//1304 1300//1341 1301//1342
f 1301//1342 1302//1343 1303//1344
f 1303//1344 1304//1345 1305//1346
f 1305//1346 1306//1347 1307//1348
f 1285//1326 1308//1349 1300//1341
f 1300//1341 1309//1350 1302//1343
f 1302//1343 1310//1351 1304//1345
f 1304//1345 1311//1352 1306//1347
f 1287//1328 1312//1353 1308//1349
f 1308//1349 1313//1354 1309//1350
f 1309//1350 1314//1355 1310//1351
f 1310//1351 1315//1356 1311//1352
f 1289//1330 1090//1131 1312//1353
f 1312//1353 1094//1135 1313//1354
f 1313//1354 1098//1139 1314//1355
f 1314//1355 1102//1143 1315//1356
f 1263//1304 1316//1357 1261//1302
f 1261//1302 1317//1358 1270//1311
f 1270//1311 1318//1359 1275//1316
f 1275//1316 1319//1360 1280//1321
f 1301//1342 1320//1361 1316//1357
f 1316//1357 1321//1362 1317//1358
f 1317//1358 1322//1363 1318//1359
f 1318//1359 1323//1364 1319//1360
f 1303//1344 1324//1365 1320//1361
f 1320//1361 1325//1366 1321//1362
f 1321//1362 1326//1367 1322//1363
f 1322//1363 1327//1368 1323//1364
f 1305//1346 1328//1369 1324//1365
f 1324//1365 1329//1370 1325//1366
f 1325//1366 1330//1371 1326//1367
f 1326//1367 1331//1372 1327//1368
f 1332//1373 1333//1374 1334//1375
f 1335//1376 1336//1377 1333//1374
f 1337//1378 1338//1379 1336//1377
f 1339//1380 1340//1381 1338//1379
f 1341//1382 1335//1376 1332//1373
f 1342//1383 1337//1378 1335//1376
f 1343//1384 1339//1380 1337//1378
f 1344//1385 1345//1386 1339//1380
f 1346//1387 1342//1383 1341//1382
f 1347//1388 1343//1384 1342//1383
f 1348//1389 1344//1385 1343//1384
f 1349//1390 1350//1391 1344//1385
f 1351//1392 1347//1388 1346//1387
f 1352//1393 1348//1389 1347//1388
f 1353//1394 1349//1390 1348//1389
f 1354//1395 1355//1396 1349//1390
f 1333//1374 1356//1397 1334//1375
f 1357//1398 1358//1399 1356//1397
f 1359//1400 1360//1401 1358//1399
f 1361//1402 1122//1163 1360//1401
f 1336//1377 1357//1398 1333//1374
f 1362//1403 1359//1400 1357//1398
f 1363//1404 1361//1402 1359//1400
f 1364//1405 1123//1164 1361//1402
f 1338//1379 1362//1403 1336//1377
f 1365//1406 1363//1404 1362//1403
f 1366//1407 1364//1405 1363//1404
f 1367//1408 1124//1165 1364//1405
f 1340//1381 1365//1406 1338//1379
f 1368//1409 1366//1407 1365//1406
f 1369//1410 1367//1408 1366//1407
f 1370//1411 1125//1166 1367//1408
f 1334//1375 1371//1412 1372//1413
f 1372//1413 1373//1414 1374//1415
f 1374//1415 1375//1416 1376//1417
f 1376//1417 1377//1418 1378//1419
f 1356//1397 1379//1420 1371//1412
f 1371//1412 1380//1421 1373//1414
f 1373//1414 1381//1422 1375//1416
f 1375//1416 1382//1423 1377//1418
f 1358//1399 1383//1424 1379//1420
f 1379//1420 1384//1425 1380//1421
f 1380//1421 1385//1426 1381//1422
f 1381//1422 1386//1427 1382//1423
f 1360//1401 1169//1210 1383//1424
f 1383//1424 1173//1214 1384//1425
f 1384//1425 1177//1218 1385//1426
f 1385//1426 1181//1222 1386//1427
f 1334//1375 1387//1428 1332//1373
f 1332//1373 1388//1429 1341//1382
f 1341//1382 1389//1430 1346//1387
f 1346//1387 1390//1431 1351//1392
f 1372//1413 1391//1432 1387//1428
f 1387//1428 1392//1433 1388//1429
f 1388//1429 1393//1434 1389//1430
f 1389//1430 1394//1435 1390//1431
f 1374//1415 1395//1436 1391//1432
f 1391//1432 1396//1437 1392//1433
f 1392//1433 1397//1438 1393//1434
f 1393//1434 1398//1439 1394//1435
f 1376//1417 1399//1440 1395//1436
f 1395//1436 1400//1441 1396//1437
f 1396//1437 1401//1442 1397//1438
f 1397//1438 1402//1443 1398//1439
f 1403//1444 1404//1445 1405//1446
f 1406//1447 1407//1448 1404//1445
f 1408//1449 1409//1450 1407//1448
f 1410//1451 1411//1452 1409//1450
f 1412//1453 1406//1447 1403//1444
f 1413//1454 1408//1449 1406//1447
f 1414//1455 1410//1451 1408//1449
f 1415//1456 1416//1457 1410//1451
f 1417//1458 1413//1454 1412//1453
f 1418//1459 1414//1455 1413//1454
f 1419//1460 1415//1456 1414//1455
f 1420//1461 1421//1462 1415//1456
f 1133//1174 1418//1459 1417//1458
f 1137//1178 1419//1460 1418//1459
f 1141//1182 1420//1461 1419//1460
f 1145//1186 1422//1463 1420//1461
f 1404//1445 1423//1464 1405//1446
f 1424//1465 1425//1466 1423//1464
f 1426//1467 1427//1468 1425//1466
f 1428//1469 1280//1321 1427//1468
f 1407//1448 1424//1465 1404//1445
f 1429//1470 1426//1467 1424//1465
f 1430//1471 1428//1469 1426//1467
f 1431//1472 1281//1322 1428//1469
f 1409//1450 1429//1470 1407//1448
f 1432//1473 1430//1471 1429//1470
f 1433//1474 1431//1472 1430//1471
f 1434//1475 1282//1323 1431//1472
f 1411//1452 1432//1473 1409//1450
f 1435//1476 1433//1474 1432//1473
f 1436//1477 1434//1475 1433//1474
f 1437//1478 1283//1324 1434//1475
f 1405//1446 1438//1479 1439//1480
f 1439//1480 1440//1481 1441//1482
f 1441//1482 1442//1483 1443//1484
f 1443//1484 1444//1485 1445//1486
f 1423//1464 1446//1487 1438//1479
f 1438//1479 1447//1488 1440//1481
f 1440//1481 1448//1489 1442//1483
f 1442//1483 1449//1490 1444//1485
f 1425//1466 1450//1491 1446//1487
f 1446//1487 1451//1492 1447//1488
f 1447//1488 1452//1493 1448//1489
f 1448//1489 1453//1494 1449//1490
f 1427//1468 1319//1360 1450//1491
f 1450//1491 1323//1364 1451//1492
f 1451//1492 1327//1368 1452//1493
f 1452//1493 1331//1372 1453//1494
f 1405//1446 1454//1495 1403//1444
f 1403//1444 1455//1496 1412//1453
f 1412//1453 1456//1497 1417//1458
f 1417//1458 1162//1203 1133//1174
f 1439//1480 1457//1498 1454//1495
f 1454//1495 1458//1499 1455//1496
f 1455//1496 1459//1500 1456//1497
f 1456//1497 1163//1204 1162//1203
f 1441//1482 1460//1501 1457//1498
f 1457//1498 1461//1502 1458//1499
f 1458//1499 1462//1503 1459//1500
f 1459//1500 1164//1205 1163//1204
f 1443//1484 1463//1504 1460//1501
f 1460//1501 1464//1505 1461//1502
f 1461//1502 1465//1506 1462//1503
f 1462//1503 1165//1206 1164//1205
f 1466//1507 1467//1508 1468//1509
f 1469//1510 1470//1511 1467//1508
f 1471//1512 1472//1513 1470//1511
f 1473//1514 1474//1515 1472//1513
f 1475//1516 1469//1510 1466//1507
f 1476//1517 1471//1512 1469//1510
f 1477//1518 1473//1514 1471//1512
f 1478//1519 1479//1520 1473//1514
f 1480//1521 1476//1517 1475//1516
f 1481//1522 1477//1518 1476//1517
f 1482//1523 1478//1519 1477//1518
f 1483//1524 1484//1525 1478//1519
f 1212//1253 1481//1522 1480//1521
f 1216//1257 1482//1523 1481//1522
f 1220//1261 1483//1524 1482//1523
f 1224//1265 1485//1526 1483//1524
f 1467//1508 1486//1527 1468//1509
f 1487//1528 1488//1529 1486//1527
f 1489//1530 1490//1531 1488//1529
f 1491//1532 1351//1392 1490//1531
f 1470//1511 1487//1528 1467//1508
f 1492//1533 1489//1530 1487//1528
f 1493//1534 1491//1532 1489//1530
f 1494//1535 1352//1393 1491//1532
f 1472//1513 1492//1533 1470//1511
f 1495//1536 1493//1534 1492//1533
f 1496//1537 1494//1535 1493//1534
f 1497//1538 1353//1394 1494//1535
f 1474//1515 1495//1536 1472//1513
f 1498//1539 1496//1537 1495//1536
f 1499//1540 1497//1538 1496//1537
f 1500//1541 1354//1395 1497//1538
f 1468//1509 1501//1542 1502//1543
f 1502//1543 1503//1544 1504//1545
f 1504//1545 1505//1546 1506//1547
f 1506//1547 1507//1548 1508//1549
f 1486//1527 1509//1550 1501//1542
f 1501//1542 1510//1551 1503//1544
f 1503//1544 1511//1552 1505//1546
f 1505//1546 1512//1553 1507//1548
f 1488//1529 1513//1554 1509//1550
f 1509//1550 1514//1555 1510//1551
f 1510//1551 1515//1556 1511//1552
f 1511//1552 1516//1557 1512//1553
f 1490//1531 1390//1431 1513//1554
f 1513//1554 1394//1435 1514//1555
f 1514//1555 1398//1439 1515//1556
f 1515//1556 1402//1443 1516//1557
f 1468//1509 1517//1558 1466//1507
f 1466//1507 1518//1559 1475//1516
f 1475//1516 1519//1560 1480//1521
f 1480//1521 1241//1282 1212//1253
f 1502//1543 1520//1561 1517//1558
f 1517//1558 1521//1562 1518//1559
f 1518//1559 1522//1563 1519//1560
f 1519//1560 1242//1283 1241//1282
f 1504//1545 1523//1564 1520//1561
f 1520//1561 1524//1565 1521//1562
f 1521//1562 1525//1566 1522//1563
f 1522//1563 1243//1284 1242//1283
f 1506//1547 1526//1567 1523//1564
f 1523//1564 1527//1568 1524//1565
f 1524//1565 1528//1569 1525//1566
f 1525//1566 1244//1285 1243//1284
f 1529//1570 1530//1571 1531//1572
f 1532//1573 1533//1574 1530//1571
f 1534//1575 1535//1576 1533//1574
f 1536//1577 1537//1578 1535//1576
f 1538//1579 1532//1573 1529//1570
f 1539//1580 1534//1575 1532//1573
f 1540//1581 1536//1577 1534//1575
f 1541//1582 1542//1583 1536//1577
f 1543//1584 1539//1580 1538//1579
f 1544//1585 1540//1581 1539//1580
f 1545//1586 1541//1582 1540//1581
f 1546//1587 1547//1588 1541//1582
f 1054//1095 1544//1585 1543//1584
f 1058//1099 1545//1586 1544//1585
f 1062//1103 1546//1587 1545//1586
f 1066//1107 1548//1589 1546//1587
f 1530//1571 1549//1590 1531//1572
f 1550//1591 1551//1592 1549//1590
f 1552//1593 1553//1594 1551//1592
f 1554//1595 1201//1242 1553//1594
f 1533//1574 1550//1591 1530//1571
f 1555//1596 1552//1593 1550//1591
f 1556//1597 1554//1595 1552//1593
f 1557//1598 1202//1243 1554//1595
f 1535//1576 1555//1596 1533//1574
f 1558//1599 1556//1597 1555//1596
f 1559//1600 1557//1598 1556//1597
f 1560//1601 1203//1244 1557//1598
f 1537//1578 1558//1599 1535//1576
f 1561//1602 1559//1600 1558//1599
f 1562//1603 1560//1601 1559//1600
f 1563//1604 1204//1245 1560//1601
f 1531//1572 1564//1605 1565//1606
f 1565//1606 1566//1607 1567//1608
f 1567//1608 1568//1609 1569//1610
f 1569//1610 1570//1611 1571//1612
f 1549//1590 1572//1613 1564//1605
f 1564//1605 1573//1614 1566//1607
f 1566//1607 1574//1615 1568//1609
f 1568//1609 1575//1616 1570//1611
f 1551//1592 1576//1617 1572//1613
f 1572//1613 1577//1618 1573//1614
f 1573//1614 1578//1619 1574//1615
f 1574//1615 1579//1620 1575//1616
f 1553//1594 1248//1289 1576//1617
f 1576//1617 1252//1293 1577//1618
f 1577//1618 1256//1297 1578//1619
f 1578//1619 1260//1301 1579//1620
f 1531//1572 1580//1621 1529//1570
f 1529//1570 1581//1622 1538//1579
f 1538//1579 1582//1623 1543//1584
f 1543//1584 1083//1124 1054//1095
f 1565//1606 1583//1624 1580//1621
f 1580//1621 1584//1625 1581//1622
f 1581//1622 1585//1626 1582//1623
f 1582//1623 1084//1125 1083//1124
f 1567//1608 1586//1627 1583//1624
f 1583//1624 1587//1628 1584//1625
f 1584//1625 1588//1629 1585//1626
f 1585//1626 1085//1126 1084//1125
f 1569//1610 1589//1630 1586//1627
f 1586//1627 1590//1631 1587//1628
f 1587//1628 1591//1632 1588//1629
f 1588//1629 1086//1127 1085//1126
f 1592//1633 1593//1634 1594//1635
f 1595//1636 1596//1637 1593//1634
f 1597//1638 1598//1639 1596//1637
f 1599//1640 925//966 1598//1639
f 1600//1641 1595//1636 1592//1633
f 1601//1642 1597//1638 1595//1636
f 1602//1643 1599//1640 1597//1638
f 1603//1644 946//987 1599//1640
f 1604//1645 1601//1642 1600//1641
f 1605//1646 1602//1643 1601//1642
f 1606//1647 1603//1644 1602//1643
f 1607//1648 947//988 1603//1644
f 1608//1649 1605//1646 1604//1645
f 1609//1650 1606//1647 1605//1646
f 1610//1651 1607//1648 1606//1647
f 1611//1652 948//989 1607//1648
f 1593//1634 1612//1653 1594//1635
f 1613//1654 1614//1655 1612//1653
f 1615//1656 1616//1657 1614//1655
f 1617//1658 1618//1659 1616//1657
f 1596//1637 1613//1654 1593//1634
f 1619//1660 1615//1656 1613//1654
f 1620//1661 1617//1658 1615//1656
f 1621//1662 1622//1663 1617//1658
f 1598//1639 1619//1660 1596//1637
f 1623//1664 1620//1661 1619//1660
f 1624//1665 1621//1662 1620//1661
f 1625//1666 1626//1667 1621//1662
f 925//966 1623//1664 1598//1639
f 924//965 1624//1665 1623//1664
f 929//970 1625//1666 1624//1665
f 933//974 1627//1668 1625//1666
f 1612//1653 1628//1669 1594//1635
f 1629//1670 1630//1671 1628//1669
f 1631//1672 1632//1673 1630//1671
f 1633//1674 1508//1549 1632//1673
f 1614//1655 1629//1670 1612//1653
f 1634//1675 1631//1672 1629//1670
f 1635//1676 1633//1674 1631//1672
f 1636//1677 1526//1567 1633//1674
f 1616//1657 1634//1675 1614//1655
f 1637//1678 1635//1676 1634//1675
f 1638//1679 1636//1677 1635//1676
f 1639//1680 1527//1568 1636//1677
f 1618//1659 1637//1678 1616//1657
f 1640//1681 1638//1679 1637//1678
f 1641//1682 1639//1680 1638//1679
f 1642//1683 1528//1569 1639//1680
f 1628//1669 1592//1633 1594//1635
f 1643//1684 1600//1641 1592//1633
f 1644//1685 1604//1645 1600//1641
f 1645//1686 1608//1649 1604//1645
f 1630//1671 1643//1684 1628//1669
f 1646//1687 1644//1685 1643//1684
f 1647//1688 1645//1686 1644//1685
f 1648//1689 1649//1690 1645//1686
f 1632//1673 1646//1687 1630//1671
f 1650//1691 1647//1688 1646//1687
f 1651//1692 1648//1689 1647//1688
f 1652//1693 1653//1694 1648//1689
f 1508//1549 1650//1691 1632//1673
f 1507//1548 1651//1692 1650//1691
f 1512//1553 1652//1693 1651//1692
f 1516//1557 1654//1695 1652//1693
f 1655//1696 1656//1697 1657//1698
f 1658//1699 1659//1700 1656//1697
f 1660//1701 1661//1702 1659//1700
f 1662//1703 724//765 1661//1702
f 1663//1704 1658//1699 1655//1696
f 1664//1705 1660//1701 1658//1699
f 1665//1706 1662//1703 1660//1701
f 1666//1707 749//790 1662//1703
f 1667//1708 1664//1705 1663//1704
f 1668//1709 1665//1706 1664//1705
f 1669//1710 1666//1707 1665//1706
f 1670//1711 750//791 1666//1707
f 1671//1712 1668//1709 1667//1708
f 1672//1713 1669//1710 1668//1709
f 1673//1714 1670//1711 1669//1710
f 1674//1715 751//792 1670//1711
f 1656//1697 1675//1716 1657//1698
f 1676//1717 1677//1718 1675//1716
f 1678//1719 1679//1720 1677//1718
f 1680//1721 1681//1722 1679//1720
f 1659//1700 1676//1717 1656//1697
f 1682//1723 1678//1719 1676//1717
f 1683//1724 1680//1721 1678//1719
f 1684//1725 1685//1726 1680//1721
f 1661//1702 1682//1723 1659//1700
f 1686//1727 1683//1724 1682//1723
f 1687//1728 1684//1725 1683//1724
f 1688//1729 1689//1730 1684//1725
f 724//765 1686//1727 1661//1702
f 723//764 1687//1728 1686//1727
f 728//769 1688//1729 1687//1728
f 732//773 1690//1731 1688//1729
f 1675//1716 1691//1732 1657//1698
f 1692//1733 1693//1734 1691//1732
f 1694//1735 1695//1736 1693//1734
f 1696//1737 1307//1348 1695//1736
f 1677//1718 1692//1733 1675//1716
f 1697//1738 1694//1735 1692//1733
f 1698//1739 1696//1737 1694//1735
f 1699//1740 1328//1369 1696//1737
f 1679//1720 1697//1738 1677//1718
f 1700//1741 1698//1739 1697//1738
f 1701//1742 1699//1740 1698//1739
f 1702//1743 1329//1370 1699//1740
f 1681//1722 1700//1741 1679//1720
f 1703//1744 1701//1742 1700//1741
f 1704//1745 1702//1743 1701//1742
f 1705//1746 1330//1371 1702//1743
f 1691//1732 1655//1696 1657//1698
f 1706//1747 1663//1704 1655//1696
f 1707//1748 1667//1708 1663//1704
f 1708//1749 1671//1712 1667//1708
f 1693//1734 1706//1747 1691//1732
f 1709//1750 1707//1748 1706//1747
f 1710//1751 1708//1749 1707//1748
f 1711//1752 1712//1753 1708//1749
f 1695//1736 1709//1750 1693//1734
f 1713//1754 1710//1751 1709//1750
f 1714//1755 1711//1752 1710//1751
f 1715//1756 1716//1757 1711//1752
f 1307//1348 1713//1754 1695//1736
f 1306//1347 1714//1755 1713//1754
f 1311//1352 1715//1756 1714//1755
f 1315//1356 1717//1758 1715//1756
f 1718//1759 1719//1760 1720//1761
f 1721//1762 1722//1763 1719//1760
f 1723//1764 1724//1765 1722//1763
f 1725//1766 566//607 1724//1765
f 1726//1767 1721//1762 1718//1759
f 1727//1768 1723//1764 1721//1762
f 1728//1769 1725//1766 1723//1764
f 1729//1770 595//636 1725//1766
f 1730//1771 1727//1768 1726//1767
f 1731//1772 1728//1769 1727//1768
f 1732//1773 1729//1770 1728//1769
f 1733//1774 596//637 1729//1770
f 1734//1775 1731//1772 1730//1771
f 1735//1776 1732//1773 1731//1772
f 1736//1777 1733//1774 1732//1773
f 1737//1778 597//638 1733//1774
f 1719//1760 1738//1779 1720//1761
f 1739//1780 1740//1781 1738//1779
f 1741//1782 1742//1783 1740//1781
f 1743//1784 1744//1785 1742//1783
f 1722//1763 1739//1780 1719//1760
f 1745//1786 1741//1782 1739//1780
f 1746//1787 1743//1784 1741//1782
f 1747//1788 1748//1789 1743//1784
f 1724//1765 1745//1786 1722//1763
f 1749//1790 1746//1787 1745//1786
f 1750//1791 1747//1788 1746//1787
f 1751//1792 1752//1793 1747//1788
f 566//607 1749//1790 1724//1765
f 565//606 1750//1791 1749//1790
f 570//611 1751//1792 1750//1791
f 574//615 1753//1794 1751//1792
f 1738//1779 1754//1795 1720//1761
f 1755//1796 1756//1797 1754//1795
f 1757//1798 1758//1799 1756//1797
f 1759//1800 1153//1194 1758//1799
f 1740//1781 1755//1796 1738//1779
f 1760//1801 1757//1798 1755//1796
f 1761//1802 1759//1800 1757//1798
f 1762//1803 1178//1219 1759//1800
f 1742//1783 1760//1801 1740//1781
f 1763//1804 1761//1802 1760//1801
f 1764//1805 1762//1803 1761//1802
f 1765//1806 1179//1220 1762//1803
f 1744//1785 1763//1804 1742//1783
f 1766//1807 1764//1805 1763//1804
f 1767//1808 1765//1806 1764//1805
f 1768//1809 1180//1221 1765//1806
f 1754//1795 1718//1759 1720//1761
f 1769//1810 1726//1767 1718//1759
f 1770//1811 1730//1771 1726//1767
f 1771//1812 1734//1775 1730//1771
f 1756//1797 1769//1810 1754//1795
f 1772//1813 1770//1811 1769//1810
f 1773//1814 1771//1812 1770//1811
f 1774//1815 1775//1816 1771//1812
f 1758//1799 1772//1813 1756//1797
f 1776//1817 1773//1814 1772//1813
f 1777//1818 1774//1815 1773//1814
f 1778//1819 1779//1820 1774//1815
f 1153//1194 1776//1817 1758//1799
f 1152//1193 1777//1818 1776//1817
f 1157//1198 1778//1819 1777//1818
f 1161//1202 1780//1821 1778//1819
f 1781//1761 1782//1822 1783//1823
f 1783//1823 1784//1824 1785//1825
f 1785//1825 1786//1826 1787//1827
f 1787//1827 978//1019 977//1018
f 1788//1828 1789//1829 1782//1822
f 1782//1822 1790//1830 1784//1824
f 1784//1824 1791//1831 1786//1826
f 1786//1826 979//1020 978//1019
f 1792//1781 1793//1832 1789//1829
f 1789//1829 1794//1833 1790//1830
f 1790//1830 1795//1834 1791//1831
f 1791//1831 980//1021 979//1020
f 1796//1835 1797//1836 1793//1832
f 1793//1832 1798//1837 1794//1833
f 1794//1833 1799//1838 1795//1834
f 1795//1834 1800//1839 980//1021
f 1781//1761 1801//1840 1802//1841
f 1802//1841 1803//1842 1804//1843
f 1804//1843 1805//1844 1806//1845
f 1806//1845 1807//1846 1808//1775
f 1783//1823 1809//1847 1801//1840
f 1801//1840 1810//1848 1803//1842
f 1803//1842 1811//1849 1805//1844
f 1805//1844 1812//1850 1807//1846
f 1785//1825 1813//1851 1809//1847
f 1809//1847 1814//1852 1810//1848
f 1810//1848 1815//1853 1811//1849
f 1811//1849 1816//1854 1812//1850
f 1787//1827 1018//1059 1813//1851
f 1813//1851 1022//1063 1814//1852
f 1814//1852 1023//1064 1815//1853
f 1815//1853 1817//1855 1816//1854
f 1781//1761 1818//1856 1819//1857
f 1819//1857 1820//1858 1821//1859
f 1821//1859 1822//1860 1823//1861
f 1823//1861 1561//1602 1537//1578
f 1802//1841 1824//1862 1818//1856
f 1818//1856 1825//1863 1820//1858
f 1820//1858 1826//1864 1822//1860
f 1822//1860 1562//1603 1561//1602
f 1804//1843 1827//1865 1824//1862
f 1824//1862 1828//1866 1825//1863
f 1825//1863 1829//1867 1826//1864
f 1826//1864 1563//1604 1562//1603
f 1806//1845 1830//1868 1827//1865
f 1827//1865 1831//1869 1828//1866
f 1828//1866 1832//1870 1829//1867
f 1829//1867 1833//1871 1563//1604
f 1781//1761 1834//1872 1788//1828
f 1788//1828 1835//1873 1792//1781
f 1792//1781 1836//1874 1796//1835
f 1796//1835 1837//1875 1838//1876
f 1819//1857 1839//1877 1834//1872
f 1834//1872 1840//1878 1835//1873
f 1835//1873 1841//1879 1836//1874
f 1836//1874 1842//1880 1837//1875
f 1821//1859 1843//1881 1839//1877
f 1839//1877 1844//1882 1840//1878
f 1840//1878 1845//1883 1841//1879
f 1841//1879 1846//1884 1842//1880
f 1823//1861 1542//1583 1843//1881
f 1843//1881 1547//1588 1844//1882
f 1844//1882 1548//1589 1845//1883
f 1845//1883 1847//1885 1846//1884
f 1848//1886 1849//1887 1850//1888
f 1851//1889 1852//1890 1849//1887
f 1853//1891 1854//1892 1852//1890
f 1855//1893 988//1029 1854//1892
f 1856//1894 1851//1889 1848//1886
f 1857//1895 1853//1891 1851//1889
f 1858//1896 1855//1893 1853//1891
f 1859//1897 1009//1050 1855//1893
f 1860//1898 1857//1895 1856//1894
f 1861//1899 1858//1896 1857//1895
f 1862//1900 1859//1897 1858//1896
f 1863//1901 1010//1051 1859//1897
f 1864//1902 1861//1899 1860//1898
f 1865//1903 1862//1900 1861//1899
f 1866//1904 1863//1901 1862//1900
f 1867//1905 1011//1052 1863//1901
f 1849//1887 1868//1906 1850//1888
f 1869//1907 1870//1908 1868//1906
f 1871//1909 1872//1910 1870//1908
f 1873//1911 1874//1912 1872//1910
f 1852//1890 1869//1907 1849//1887
f 1875//1913 1871//1909 1869//1907
f 1876//1914 1873//1911 1871//1909
f 1877//1915 1878//1916 1873//1911
f 1854//1892 1875//1913 1852//1890
f 1879//1917 1876//1914 1875//1913
f 1880//1918 1877//1915 1876//1914
f 1881//1919 1882//1920 1877//1915
f 988//1029 1879//1917 1854//1892
f 987//1028 1880//1918 1879//1917
f 992//1033 1881//1919 1880//1918
f 996//1037 1883//1921 1881//1919
f 1868//1906 1884//1922 1850//1888
f 1885//1923 1886//1924 1884//1922
f 1887//1925 1888//1926 1886//1924
f 1889//1927 1571//1612 1888//1926
f 1870//1908 1885//1923 1868//1906
f 1890//1928 1887//1925 1885//1923
f 1891//1929 1889//1927 1887//1925
f 1892//1930 1589//1630 1889//1927
f 1872//1910 1890//1928 1870//1908
f 1893//1931 1891//1929 1890//1928
f 1894//1932 1892//1930 1891//1929
f 1895//1933 1590//1631 1892//1930
f 1874//1912 1893//1931 1872//1910
f 1896//1934 1894//1932 1893//1931
f 1897//1935 1895//1933 1894//1932
f 1898//1936 1591//1632 1895//1933
f 1884//1922 1848//1886 1850//1888
f 1899//1937 1856//1894 1848//1886
f 1900//1938 1860//1898 1856//1894
f 1901//1939 1864//1902 1860//1898
f 1886//1924 1899//1937 1884//1922
f 1902//1940 1900//1938 1899//1937
f 1903//1941 1901//1939 1900//1938
f 1904//1942 1905//1943 1901//1939
f 1888//1926 1902//1940 1886//1924
f 1906//1944 1903//1941 1902//1940
f 1907//1945 1904//1942 1903//1941
f 1908//1946 1909//1947 1904//1942
f 1571//1612 1906//1944 1888//1926
f 1570//1611 1907//1945 1906//1944
f 1575//1616 1908//1946 1907//1945
f 1579//1620 1910//1948 1908//1946
f 1911//1949 1912//1950 1913//1951
f 1913//1951 1914//1952 1915//1953
f 1915//1953 1916//1954 1917//1955
f 1917//1955 476//517 475//516
f 1918//1956 1919//1957 1912//1950
f 1912//1950 1920//1958 1914//1952
f 1914//1952 1921//1959 1916//1954
f 1916//1954 477//518 476//517
f 1922//1960 1923//1961 1919//1957
f 1919//1957 1924//1962 1920//1958
f 1920//1958 1925//1963 1921//1959
f 1921//1959 478//519 477//518
f 1926//1964 1927//1965 1923//1961
f 1923//1961 1928//1966 1924//1962
f 1924//1962 1929//1967 1925//1963
f 1925//1963 1930//1968 478//519
f 1911//1949 1931//1969 1932//1970
f 1932//1970 1933//1971 1934//1972
f 1934//1972 1935//1973 1936//1974
f 1936//1974 1797//1836 1838//1876
f 1913//1951 1937//1975 1931//1969
f 1931//1969 1938//1976 1933//1971
f 1933//1971 1939//1977 1935//1973
f 1935//1973 1798//1837 1797//1836
f 1915//1953 1940//1978 1937//1975
f 1937//1975 1941//1979 1938//1976
f 1938//1976 1942//1980 1939//1977
f 1939//1977 1799//1838 1798//1837
f 1917//1955 526//567 1940//1978
f 1940//1978 530//571 1941//1979
f 1941//1979 534//575 1942//1980
f 1942//1980 1800//1839 1799//1838
f 1911//1949 1943//1981 1944//1982
f 1944//1982 1945//1983 1946//1984
f 1946//1984 1947//1985 1948//1986
f 1948//1986 1063//1104 1032//1073
f 1932//1970 1949//1987 1943//1981
f 1943//1981 1950//1988 1945//1983
f 1945//1983 1951//1989 1947//1985
f 1947//1985 1064//1105 1063//1104
f 1934//1972 1952//1990 1949//1987
f 1949//1987 1953//1991 1950//1988
f 1950//1988 1954//1992 1951//1989
f 1951//1989 1065//1106 1064//1105
f 1936//1974 1837//1875 1952//1990
f 1952//1990 1842//1880 1953//1991
f 1953//1991 1846//1884 1954//1992
f 1954//1992 1847//1885 1065//1106
f 1911//1949 1955//1993 1918//1956
f 1918//1956 1956//1994 1922//1960
f 1922//1960 1957//1995 1926//1964
f 1926//1964 1958//1996 1959//1649
f 1944//1982 1960//1997 1955//1993
f 1955//1993 1961//1998 1956//1994
f 1956//1994 1962//1999 1957//1995
f 1957//1995 1963//2000 1958//1996
f 1946//1984 1964//2001 1960//1997
f 1960//1997 1965//2002 1961//1998
f 1961//1998 1966//2003 1962//1999
f 1962//1999 1967//2004 1963//2000
f 1948//1986 1037//1078 1964//2001
f 1964//2001 1042//1083 1965//2002
f 1965//2002 1047//1088 1966//2003
f 1966//2003 1968//2005 1967//2004
f 1969//2006 1970//2007 1971//2008
f 1971//2008 1972//2009 1973//2010
f 1973//2010 1974//2011 1975//2012
f 1975//2012 784//825 783//824
f 1976//2013 1977//2014 1970//2007
f 1970//2007 1978//2015 1972//2009
f 1972//2009 1979//2016 1974//2011
f 1974//2011 785//826 784//825
f 1980//2017 1981//2018 1977//2014
f 1977//2014 1982//2019 1978//2015
f 1978//2015 1983//2020 1979//2016
f 1979//2016 786//827 785//826
f 1984//2021 1985//2022 1981//2018
f 1981//2018 1986//2023 1982//2019
f 1982//2019 1987//2024 1983//2020
f 1983//2020 1988//2025 786//827
f 1969//2006 1989//2026 1990//2027
f 1990//2027 1991//2028 1992//2029
f 1992//2029 1993//2030 1994//2031
f 1994//2031 1995//2032 1996//1912
f 1971//2008 1997//2033 1989//2026
f 1989//2026 1998//2034 1991//2028
f 1991//2028 1999//2035 1993//2030
f 1993//2030 2000//2036 1995//2032
f 1973//2010 2001//2037 1997//2033
f 1997//2033 2002//2038 1998//2034
f 1998//2034 2003//2039 1999//2035
f 1999//2035 2004//2040 2000//2036
f 1975//2012 829//870 2001//2037
f 2001//2037 833//874 2002//2038
f 2002//2038 834//875 2003//2039
f 2003//2039 2005//2041 2004//2040
f 1969//2006 2006//2042 2007//2043
f 2007//2043 2008//2044 2009//2045
f 2009//2045 2010//2046 2011//2047
f 2011//2047 1368//1409 1340//1381
f 1990//2027 2012//2048 2006//2042
f 2006//2042 2013//2049 2008//2044
f 2008//2044 2014//2050 2010//2046
f 2010//2046 1369//1410 1368//1409
f 1992//2029 2015//2051 2012//2048
f 2012//2048 2016//2052 2013//2049
f 2013//2049 2017//2053 2014//2050
f 2014//2050 1370//1411 1369//1410
f 1994//2031 2018//2054 2015//2051
f 2015//2051 2019//2055 2016//2052
f 2016//2052 2020//2056 2017//2053
f 2017//2053 2021//2057 1370//1411
f 1969//2006 2022//2058 1976//2013
f 1976//2013 2023//2059 1980//2017
f 1980//2017 2024//2060 1984//2021
f 1984//2021 2025//2061 2026//1712
f 2007//2043 2027//2062 2022//2058
f 2022//2058 2028//2063 2023//2059
f 2023//2059 2029//2064 2024//2060
f 2024//2060 2030//2065 2025//2061
f 2009//2045 2031//2066 2027//2062
f 2027//2062 2032//2067 2028//2063
f 2028//2063 2033//2068 2029//2064
f 2029//2064 2034//2069 2030//2065
f 2011//2047 1345//1386 2031//2066
f 2031//2066 1350//1391 2032//2067
f 2032//2067 1355//1396 2033//2068
f 2033//2068 2035//2070 2034//2069
f 2036//2071 2037//2072 2038//2073
f 2038//2073 2039//2074 2040//2075
f 2040//2075 2041//2076 2042//2077
f 2042//2077 634//675 633//674
f 2043//2078 2044//2079 2037//2072
f 2037//2072 2045//2080 2039//2074
f 2039//2074 2046//2081 2041//2076
f 2041//2076 635//676 634//675
f 2047//2082 2048//2083 2044//2079
f 2044//2079 2049//2084 2045//2080
f 2045//2080 2050//2085 2046//2081
f 2046//2081 636//677 635//676
f 2051//2086 1807//1846 2048//2083
f 2048//2083 1812//1850 2049//2084
f 2049//2084 1816//1854 2050//2085
f 2050//2085 1817//1855 636//677
f 2036//2071 2052//2087 2053//2088
f 2053//2088 2054//2089 2055//2090
f 2055//2090 2056//2091 2057//2092
f 2057//2092 2058//2093 2059//1722
f 2038//2073 2060//2094 2052//2087
f 2052//2087 2061//2095 2054//2089
f 2054//2089 2062//2096 2056//2091
f 2056//2091 2063//2097 2058//2093
f 2040//2075 2064//2098 2060//2094
f 2060//2094 2065//2099 2061//2095
f 2061//2095 2066//2100 2062//2096
f 2062//2096 2067//2101 2063//2097
f 2042//2077 684//725 2064//2098
f 2064//2098 688//729 2065//2099
f 2065//2099 692//733 2066//2100
f 2066//2100 2068//2102 2067//2101
f 2036//2071 2069//2103 2070//2104
f 2070//2104 2071//2105 2072//2106
f 2072//2106 2073//2107 2074//2108
f 2074//2108 1221//1262 1190//1231
f 2053//2088 2075//2109 2069//2103
f 2069//2103 2076//2110 2071//2105
f 2071//2105 2077//2111 2073//2107
f 2073//2107 1222//1263 1221//1262
f 2055//2090 2078//2112 2075//2109
f 2075//2109 2079//2113 2076//2110
f 2076//2110 2080//2114 2077//2111
f 2077//2111 1223//1264 1222//1263
f 2057//2092 2081//2115 2078//2112
f 2078//2112 2082//2116 2079//2113
f 2079//2113 2083//2117 2080//2114
f 2080//2114 2084//2118 1223//1264
f 2036//2071 2085//2119 2043//2078
f 2043//2078 2086//2120 2047//2082
f 2047//2082 2087//2121 2051//2086
f 2051//2086 1830//1868 1808//1775
f 2070//2104 2088//2122 2085//2119
f 2085//2119 2089//2123 2086//2120
f 2086//2120 2090//2124 2087//2121
f 2087//2121 1831//1869 1830//1868
f 2072//2106 2091//2125 2088//2122
f 2088//2122 2092//2126 2089//2123
f 2089//2123 2093//2127 2090//2124
f 2090//2124 1832//1870 1831//1869
f 2074//2108 1195//1236 2091//2125
f 2091//2125 1200//1241 2092//2126
f 2092//2126 1205//1246 2093//2127
f 2093//2127 1833//1871 1832//1870
f 2094//2128 2095//2129 2096//2130
f 2097//2131 2098//2132 2095//2129
f 2099//2133 2100//2134 2098//2132
f 2101//2135 795//836 2100//2134
f 2102//2136 2097//2131 2094//2128
f 2103//2137 2099//2133 2097//2131
f 2104//2138 2101//2135 2099//2133
f 2105//2139 820//861 2101//2135
f 2106//2140 2103//2137 2102//2136
f 2107//2141 2104//2138 2103//2137
f 2108//2142 2105//2139 2104//2138
f 2109//2143 821//862 2105//2139
f 1744//1785 2107//2141 2106//2140
f 1748//1789 2108//2142 2107//2141
f 1752//1793 2109//2143 2108//2142
f 1753//1794 822//863 2109//2143
f 2095//2129 2110//1956 2096//2130
f 2111//2144 2112//1960 2110//1956
f 2113//2145 2114//2146 2112//1960
f 2115//2147 1608//1649 2114//2146
f 2098//2132 2111//2144 2095//2129
f 2116//2148 2113//2145 2111//2144
f 2117//2149 2115//2147 2113//2145
f 2118//2150 1609//1650 2115//2147
f 2100//2134 2116//2148 2098//2132
f 2119//2151 2117//2149 2116//2148
f 2120//2152 2118//2150 2117//2149
f 2121//2153 1610//1651 2118//2150
f 795//836 2119//2151 2100//2134
f 794//835 2120//2152 2119//2151
f 799//840 2121//2153 2120//2152
f 803//844 1611//1652 2121//2153
f 2110//1956 2122//2154 2096//2130
f 2123//2155 2124//2156 2122//2154
f 2125//2157 2126//2158 2124//2156
f 2127//2159 1378//1419 2126//2158
f 2112//1960 2123//2155 2110//1956
f 2128//2160 2125//2157 2123//2155
f 2129//2161 2127//2159 2125//2157
f 2130//2162 1399//1440 2127//2159
f 2114//2146 2128//2160 2112//1960
f 2131//2163 2129//2161 2128//2160
f 2132//2164 2130//2162 2129//2161
f 2133//2165 1400//1441 2130//2162
f 1608//1649 2131//2163 2114//2146
f 1649//1690 2132//2164 2131//2163
f 1653//1694 2133//2165 2132//2164
f 1654//1695 1401//1442 2133//2165
f 2096//2130 2134//2166 2094//2128
f 2134//2166 2102//2136 2094//2128
f 2135//2167 2106//2140 2102//2136
f 2136//2168 1744//1785 2106//2140
f 2124//2156 2134//2166 2122//2154
f 2137//2169 2135//2167 2134//2166
f 2138//2170 2136//2168 2135//2167
f 2139//2171 1766//1807 2136//2168
f 2126//2158 2137//2169 2124//2156
f 2140//2172 2138//2170 2137//2169
f 2141//2173 2139//2171 2138//2170
f 2142//2174 1767//1808 2139//2171
f 1378//1419 2140//2172 2126//2158
f 1377//1418 2141//2173 2140//2172
f 1382//1423 2142//2174 2141//2173
f 1386//1427 1768//1809 2142//2174
f 2143//2175 2144//2176 2145//2177
f 2146//2178 2147//2179 2144//2176
f 2148//2180 2149//2181 2147//2179
f 2150//2182 487//528 2149//2181
f 2151//2029 2146//2178 2143//2175
f 2152//2183 2148//2180 2146//2178
f 2153//2184 2150//2182 2148//2180
f 2154//2185 516//557 2150//2182
f 2155//2186 2152//2183 2151//2029
f 2156//2187 2153//2184 2152//2183
f 2157//2188 2154//2185 2153//2184
f 2158//2189 517//558 2154//2185
f 1874//1912 2156//2187 2155//2186
f 1878//1916 2157//2188 2156//2187
f 1882//1920 2158//2189 2157//2188
f 1883//1921 518//559 2158//2189
f 2144//2176 2159//2190 2145//2177
f 2160//2191 2161//2017 2159//2190
f 2162//2192 2163//2021 2161//2017
f 2164//2193 1671//1712 2163//2021
f 2147//2179 2160//2191 2144//2176
f 2165//2194 2162//2192 2160//2191
f 2166//2195 2164//2193 2162//2192
f 2167//2196 1672//1713 2164//2193
f 2149//2181 2165//2194 2147//2179
f 2168//2197 2166//2195 2165//2194
f 2169//2198 2167//2196 2166//2195
f 2170//2199 1673//1714 2167//2196
f 487//528 2168//2197 2149//2181
f 486//527 2169//2198 2168//2197
f 491//532 2170//2199 2169//2198
f 495//536 1674//1715 2170//2199
f 2159//2190 2171//2200 2145//2177
f 2172//2201 2173//2202 2171//2200
f 2174//2203 2175//2204 2173//2202
f 2176//2205 1074//1115 2175//2204
f 2161//2017 2172//2201 2159//2190
f 2177//2206 2174//2203 2172//2201
f 2178//2207 2176//2205 2174//2203
f 2179//2208 1099//1140 2176//2205
f 2163//2021 2177//2206 2161//2017
f 2180//2209 2178//2207 2177//2206
f 2181//2210 2179//2208 2178//2207
f 2182//2211 1100//1141 2179//2208
f 1671//1712 2180//2209 2163//2021
f 1712//1753 2181//2210 2180//2209
f 1716//1757 2182//2211 2181//2210
f 1717//1758 1101//1142 2182//2211
f 2171//2200 2143//2175 2145//2177
f 2183//2212 2151//2029 2143//2175
f 2184//2213 2155//2186 2151//2029
f 2185//2214 1874//1912 2155//2186
f 2173//2202 2183//2212 2171//2200
f 2186//2215 2184//2213 2183//2212
f 2187//2216 2185//2214 2184//2213
f 2188//2217 1896//1934 2185//2214
f 2175//2204 2186//2215 2173//2202
f 2189//2218 2187//2216 2186//2215
f 2190//2219 2188//2217 2187//2216
f 2191//2220 1897//1935 2188//2217
f 1074//1115 2189//2218 2175//2204
f 1073//1114 2190//2219 2189//2218
f 1078//1119 2191//2220 2190//2219
f 1082//1123 1898//1936 2191//2220
f 2192//2221 2193//2222 2194//2223
f 2194//2223 2195//2224 2196//2225
f 2196//2225 2197//2226 2198//2227
f 2198//2227 852//893 851//892
f 2199//2228 2200//2229 2193//2222
f 2193//2222 2201//2230 2195//2224
f 2195//2224 2202//2231 2197//2226
f 2197//2226 853//894 852//893
f 2203//2232 2204//2233 2200//2229
f 2200//2229 2205//2234 2201//2230
f 2201//2230 2206//2235 2202//2231
f 2202//2231 854//895 853//894
f 2207//2236 2208//2237 2204//2233
f 2204//2233 2209//2238 2205//2234
f 2205//2234 2210//2239 2206//2235
f 2206//2235 2211//2240 854//895
f 2192//2221 2212//2241 2213//2242
f 2213//2242 2214//2243 2215//2244
f 2215//2244 2216//2245 2217//2246
f 2217//2246 2218//2247 2219//1659
f 2194//2223 2220//2248 2212//2241
f 2212//2241 2221//2249 2214//2243
f 2214//2243 2222//2250 2216//2245
f 2216//2245 2223//2251 2218//2247
f 2196//2225 2224//2252 2220//2248
f 2220//2248 2225//2253 2221//2249
f 2221//2249 2226//2254 2222//2250
f 2222//2250 2227//2255 2223//2251
f 2198//2227 892//933 2224//2252
f 2224//2252 896//937 2225//2253
f 2225//2253 897//938 2226//2254
f 2226//2254 2228//2256 2227//2255
f 2192//2221 2229//2257 2230//2258
f 2230//2258 2231//2259 2232//2260
f 2232//2260 2233//2261 2234//2262
f 2234//2262 1435//1476 1411//1452
f 2213//2242 2235//2263 2229//2257
f 2229//2257 2236//2264 2231//2259
f 2231//2259 2237//2265 2233//2261
f 2233//2261 1436//1477 1435//1476
f 2215//2244 2238//2266 2235//2263
f 2235//2263 2239//2267 2236//2264
f 2236//2264 2240//2268 2237//2265
f 2237//2265 1437//1478 1436//1477
f 2217//2246 2241//2269 2238//2266
f 2238//2266 2242//2270 2239//2267
f 2239//2267 2243//2271 2240//2268
f 2240//2268 2244//2272 1437//1478
f 2192//2221 2245//2273 2199//2228
f 2199//2228 2246//2274 2203//2232
f 2203//2232 2247//2275 2207//2236
f 2207//2236 2248//2276 2249//2277
f 2230//2258 2250//2278 2245//2273
f 2245//2273 2251//2279 2246//2274
f 2246//2274 2252//2280 2247//2275
f 2247//2275 2253//2281 2248//2276
f 2232//2260 2254//2282 2250//2278
f 2250//2278 2255//2283 2251//2279
f 2251//2279 2256//2284 2252//2280
f 2252//2280 2257//2285 2253//2281
f 2234//2262 1416//1457 2254//2282
f 2254//2282 1421//1462 2255//2283
f 2255//2283 1422//1463 2256//2284
f 2256//2284 2258//2286 2257//2285
f 2259//2287 2260//2288 2261//2221
f 2262//2289 2263//2290 2260//2288
f 2264//2291 2265//2292 2263//2290
f 2266//2293 645//686 2265//2292
f 2267//2294 2262//2289 2259//2287
f 2268//2295 2264//2291 2262//2289
f 2269//2296 2266//2293 2264//2291
f 2270//2297 674//715 2266//2293
f 2271//2246 2268//2295 2267//2294
f 2272//2298 2269//2296 2268//2295
f 2273//2299 2270//2297 2269//2296
f 2274//2300 675//716 2270//2297
f 1618//1659 2272//2298 2271//2246
f 1622//1663 2273//2299 2272//2298
f 1626//1667 2274//2300 2273//2299
f 1627//1668 676//717 2274//2300
f 2260//2288 2275//2228 2261//2221
f 2276//2301 2277//2302 2275//2228
f 2278//2303 2279//2304 2277//2302
f 2280//2305 1864//1902 2279//2304
f 2263//2290 2276//2301 2260//2288
f 2281//2306 2278//2303 2276//2301
f 2282//2307 2280//2305 2278//2303
f 2283//2308 1865//1903 2280//2305
f 2265//2292 2281//2306 2263//2290
f 2284//2309 2282//2307 2281//2306
f 2285//2310 2283//2308 2282//2307
f 2286//2311 1866//1904 2283//2308
f 645//686 2284//2309 2265//2292
f 644//685 2285//2310 2284//2309
f 649//690 2286//2311 2285//2310
f 653//694 1867//1905 2286//2311
f 2275//2228 2287//2312 2261//2221
f 2288//2313 2289//2314 2287//2312
f 2290//2315 2291//2316 2289//2314
f 2292//2317 1232//1273 2291//2316
f 2277//2302 2288//2313 2275//2228
f 2293//2318 2290//2315 2288//2313
f 2294//2319 2292//2317 2290//2315
f 2295//2320 1257//1298 2292//2317
f 2279//2304 2293//2318 2277//2302
f 2296//2321 2294//2319 2293//2318
f 2297//2322 2295//2320 2294//2319
f 2298//2323 1258//1299 2295//2320
f 1864//1902 2296//2321 2279//2304
f 1905//1943 2297//2322 2296//2321
f 1909//1947 2298//2323 2297//2322
f 1910//1948 1259//1300 2298//2323
f 2287//2312 2259//2287 2261//2221
f 2299//2324 2267//2294 2259//2287
f 2300//2325 2271//2246 2267//2294
f 2301//2326 1618//1659 2271//2246
f 2289//2314 2299//2324 2287//2312
f 2302//2327 2300//2325 2299//2324
f 2303//2328 2301//2326 2300//2325
f 2304//2329 1640//1681 2301//2326
f 2291//2316 2302//2327 2289//2314
f 2305//2330 2303//2328 2302//2327
f 2306//2331 2304//2329 2303//2328
f 2307//2332 1641//1682 2304//2329
f 1232//1273 2305//2330 2291//2316
f 1231//1272 2306//2331 2305//2330
f 1236//1277 2307//2332 2306//2331
f 1240//1281 1642//1683 2307//2332
f 2308//2333 2309//2334 2310//2071
f 2311//2335 2312//2336 2309//2334
f 2313//2337 2314//2338 2312//2336
f 2315//2339 862//903 2314//2338
f 2316//2090 2311//2335 2308//2333
f 2317//2340 2313//2337 2311//2335
f 2318//2341 2315//2339 2313//2337
f 2319//2342 883//924 2315//2339
f 2320//2092 2317//2340 2316//2090
f 2321//2343 2318//2341 2317//2340
f 2322//2344 2319//2342 2318//2341
f 2323//2345 884//925 2319//2342
f 1681//1722 2321//2343 2320//2092
f 1685//1726 2322//2344 2321//2343
f 1689//1730 2323//2345 2322//2344
f 1690//1731 885//926 2323//2345
f 2309//2334 2324//2346 2310//2071
f 2325//2347 2326//2348 2324//2346
f 2327//2349 2328//2350 2326//2348
f 2329//2351 1734//1775 2328//2350
f 2312//2336 2325//2347 2309//2334
f 2330//2352 2327//2349 2325//2347
f 2331//2353 2329//2351 2327//2349
f 2332//2354 1735//1776 2329//2351
f 2314//2338 2330//2352 2312//2336
f 2333//2355 2331//2353 2330//2352
f 2334//2356 2332//2354 2331//2353
f 2335//2357 1736//1777 2332//2354
f 862//903 2333//2355 2314//2338
f 861//902 2334//2356 2333//2355
f 866//907 2335//2357 2334//2356
f 870//911 1737//1778 2335//2357
f 2324//2346 2336//2358 2310//2071
f 2337//2359 2338//2360 2336//2358
f 2339//2361 2340//2362 2338//2360
f 2341//2363 1445//1486 2340//2362
f 2326//2348 2337//2359 2324//2346
f 2342//2364 2339//2361 2337//2359
f 2343//2365 2341//2363 2339//2361
f 2344//2366 1463//1504 2341//2363
f 2328//2350 2342//2364 2326//2348
f 2345//2367 2343//2365 2342//2364
f 2346//2368 2344//2366 2343//2365
f 2347//2369 1464//1505 2344//2366
f 1734//1775 2345//2367 2328//2350
f 1775//1816 2346//2368 2345//2367
f 1779//1820 2347//2369 2346//2368
f 1780//1821 1465//1506 2347//2369
f 2336//2358 2308//2333 2310//2071
f 2348//2370 2316//2090 2308//2333
f 2349//2371 2320//2092 2316//2090
f 2350//2372 1681//1722 2320//2092
f 2338//2360 2348//2370 2336//2358
f 2351//2373 2349//2371 2348//2370
f 2352//2374 2350//2372 2349//2371
f 2353//2375 1703//1744 2350//2372
f 2340//2362 2351//2373 2338//2360
f 2354//2376 2352//2374 2351//2373
f 2355//2377 2353//2375 2352//2374
f 2356//2378 1704//1745 2353//2375
f 1445//1486 2354//2376 2340//2362
f 1444//1485 2355//2377 2354//2376
f 1449//1490 2356//2378 2355//2377
f 1453//1494 1705//1746 2356//2378
f 2357//1888 2358//2379 2359//2380
f 2359//2380 2360//2381 2361//2382
f 2361//2382 2362//2383 2363//2384
f 2363//2384 555//596 554//595
f 2364//1906 2365//2385 2358//2379
f 2358//2379 2366//2386 2360//2381
f 2360//2381 2367//2387 2362//2383
f 2362//2383 556//597 555//596
f 2368//2388 2369//2389 2365//2385
f 2365//2385 2370//2390 2366//2386
f 2366//2386 2371//2391 2367//2387
f 2367//2387 557//598 556//597
f 2372//2392 1995//2032 2369//2389
f 2369//2389 2000//2036 2370//2390
f 2370//2390 2004//2040 2371//2391
f 2371//2391 2005//2041 557//598
f 2357//1888 2373//2393 2374//2394
f 2374//2394 2375//2395 2376//2396
f 2376//2396 2377//2397 2378//2398
f 2378//2398 2208//2237 2249//2277
f 2359//2380 2379//2399 2373//2393
f 2373//2393 2380//2400 2375//2395
f 2375//2395 2381//2401 2377//2397
f 2377//2397 2209//2238 2208//2237
f 2361//2382 2382//2402 2379//2399
f 2379//2399 2383//2403 2380//2400
f 2380//2400 2384//2404 2381//2401
f 2381//2401 2210//2239 2209//2238
f 2363//2384 605//646 2382//2402
f 2382//2402 609//650 2383//2403
f 2383//2403 613//654 2384//2404
f 2384//2404 2211//2240 2210//2239
f 2357//1888 2385//2405 2386//2406
f 2386//2406 2387//2407 2388//2408
f 2388//2408 2389//2409 2390//2410
f 2390//2410 1142//1183 1111//1152
f 2374//2394 2391//2411 2385//2405
f 2385//2405 2392//2412 2387//2407
f 2387//2407 2393//2413 2389//2409
f 2389//2409 1143//1184 1142//1183
f 2376//2396 2394//2414 2391//2411
f 2391//2411 2395//2415 2392//2412
f 2392//2412 2396//2416 2393//2413
f 2393//2413 1144//1185 1143//1184
f 2378//2398 2248//2276 2394//2414
f 2394//2414 2253//2281 2395//2415
f 2395//2415 2257//2285 2396//2416
f 2396//2416 2258//2286 1144//1185
f 2357//1888 2397//2417 2364//1906
f 2364//1906 2398//2418 2368//2388
f 2368//2388 2399//2419 2372//2392
f 2372//2392 2018//2054 1996//1912
f 2386//2406 2400//2420 2397//2417
f 2397//2417 2401//2421 2398//2418
f 2398//2418 2402//2422 2399//2419
f 2399//2419 2019//2055 2018//2054
f 2388//2408 2403//2423 2400//2420
f 2400//2420 2404//2424 2401//2421
f 2401//2421 2405//2425 2402//2422
f 2402//2422 2020//2056 2019//2055
f 2390//2410 1116//1157 2403//2423
f 2403//2423 1121//1162 2404//2424
f 2404//2424 1126//1167 2405//2425
f 2405//2425 2021//2057 2020//2056
f 2406//2426 2407//2427 2408//2428
f 2408//2428 2409//2429 2410//2430
f 2410//2430 2411//2431 2412//2432
f 2412//2432 915//956 914//955
f 2413//2433 2414//2434 2407//2427
f 2407//2427 2415//2435 2409//2429
f 2409//2429 2416//2436 2411//2431
f 2411//2431 916//957 915//956
f 2417//1718 2418//2437 2414//2434
f 2414//2434 2419//2438 2415//2435
f 2415//2435 2420//2439 2416//2436
f 2416//2436 917//958 916//957
f 2421//1720 2058//2093 2418//2437
f 2418//2437 2063//2097 2419//2438
f 2419//2438 2067//2101 2420//2439
f 2420//2439 2068//2102 917//958
f 2406//2426 2422//2440 2423//2441
f 2423//2441 2424//2442 2425//2443
f 2425//2443 2426//2444 2427//2445
f 2427//2445 1985//2022 2026//1712
f 2408//2428 2428//2446 2422//2440
f 2422//2440 2429//2447 2424//2442
f 2424//2442 2430//2448 2426//2444
f 2426//2444 1986//2023 1985//2022
f 2410//2430 2431//2449 2428//2446
f 2428//2446 2432//2450 2429//2447
f 2429//2447 2433//2451 2430//2448
f 2430//2448 1987//2024 1986//2023
f 2412//2432 955//996 2431//2449
f 2431//2449 959//1000 2432//2450
f 2432//2450 960//1001 2433//2451
f 2433//2451 1988//2025 1987//2024
f 2406//2426 2434//2452 2435//2453
f 2435//2453 2436//2454 2437//2455
f 2437//2455 2438//2456 2439//2457
f 2439//2457 1498//1539 1474//1515
f 2423//2441 2440//2458 2434//2452
f 2434//2452 2441//2459 2436//2454
f 2436//2454 2442//2460 2438//2456
f 2438//2456 1499//1540 1498//1539
f 2425//2443 2443//2461 2440//2458
f 2440//2458 2444//2462 2441//2459
f 2441//2459 2445//2463 2442//2460
f 2442//2460 1500//1541 1499//1540
f 2427//2445 2025//2061 2443//2461
f 2443//2461 2030//2065 2444//2462
f 2444//2462 2034//2069 2445//2463
f 2445//2463 2035//2070 1500//1541
f 2406//2426 2446//2464 2413//2433
f 2413//2433 2447//2465 2417//1718
f 2417//1718 2448//2466 2421//1720
f 2421//1720 2081//2115 2059//1722
f 2435//2453 2449//2467 2446//2464
f 2446//2464 2450//2468 2447//2465
f 2447//2465 2451//2469 2448//2466
f 2448//2466 2082//2116 2081//2115
f 2437//2455 2452//2470 2449//2467
f 2449//2467 2453//2471 2450//2468
f 2450//2468 2454//2472 2451//2469
f 2451//2469 2083//2117 2082//2116
f 2439//2457 1479//1520 2452//2470
f 2452//2470 1484//1525 2453//2471
f 2453//2471 1485//1526 2454//2472
f 2454//2472 2084//2118 2083//2117
f 2455//1635 2456//2473 2457//2474
f 2457//2474 2458//2475 2459//2476
f 2459//2476 2460//2477 2461//2478
f 2461//2478 713//754 712//753
f 2462//2479 2463//2480 2456//2473
f 2456//2473 2464//2481 2458//2475
f 2458//2475 2465//2482 2460//2477
f 2460//2477 714//755 713//754
f 2466//1655 2467//2483 2463//2480
f 2463//2480 2468//2484 2464//2481
f 2464//2481 2469//2485 2465//2482
f 2465//2482 715//756 714//755
f 2470//2486 2218//2247 2467//2483
f 2467//2483 2223//2251 2468//2484
f 2468//2484 2227//2255 2469//2485
f 2469//2485 2228//2256 715//756
f 2455//1635 2471//2487 2472//1633
f 2472//1633 2473//2488 2474//2489
f 2474//2489 2475//2490 2476//2491
f 2476//2491 1927//1965 1959//1649
f 2457//2474 2477//2492 2471//2487
f 2471//2487 2478//2493 2473//2488
f 2473//2488 2479//2494 2475//2490
f 2475//2490 1928//1966 1927//1965
f 2459//2476 2480//2495 2477//2492
f 2477//2492 2481//2496 2478//2493
f 2478//2493 2482//2497 2479//2494
f 2479//2494 1929//1967 1928//1966
f 2461//2478 758//799 2480//2495
f 2480//2495 762//803 2481//2496
f 2481//2496 763//804 2482//2497
f 2482//2497 1930//1968 1929//1967
f 2455//1635 2483//2498 2484//2499
f 2484//2499 2485//2500 2486//2501
f 2486//2501 2487//2502 2488//2503
f 2488//2503 1297//1338 1269//1310
f 2472//1633 2489//2504 2483//2498
f 2483//2498 2490//2505 2485//2500
f 2485//2500 2491//2506 2487//2502
f 2487//2502 1298//1339 1297//1338
f 2474//2489 2492//2507 2489//2504
f 2489//2504 2493//2508 2490//2505
f 2490//2505 2494//2509 2491//2506
f 2491//2506 1299//1340 1298//1339
f 2476//2491 1958//1996 2492//2507
f 2492//2507 1963//2000 2493//2508
f 2493//2508 1967//2004 2494//2509
f 2494//2509 1968//2005 1299//1340
f 2455//1635 2495//2510 2462//2479
f 2462//2479 2496//2511 2466//1655
f 2466//1655 2497//2512 2470//2486
f 2470//2486 2241//2269 2219//1659
f 2484//2499 2498//2513 2495//2510
f 2495//2510 2499//2514 2496//2511
f 2496//2511 2500//2515 2497//2512
f 2497//2512 2242//2270 2241//2269
f 2486//2501 2501//2516 2498//2513
f 2498//2513 2502//2517 2499//2514
f 2499//2514 2503//2518 2500//2515
f 2500//2515 2243//2271 2242//2270
f 2488//2503 1274//1315 2501//2516
f 2501//2516 1279//1320 2502//2517
f 2502//2517 1284//1325 2503//2518
f 2503//2518 2244//2272 2243//2271
f 2504//2519 2505//2520 2506//2521
f 2506//2521 2507//2522 2504//2519
f 2504//2519 2508//411 2509//2523
f 2509//2523 2510//2524 2504//2519
f 2507//2522 2511//2525 2512//2526
f 2512//2526 2513//2527 2514//2528
f 2514//2528 2515//2529 2512//2526
f 2512//2526 2508//411 2507//2522
f 2516//2530 2509//2523 2517//2531
f 2517//2531 2508//411 2518//2532
f 2518//2532 2519//2533 2517//2531
f 2517//2531 2520//2534 2516//2530
f 2521//2535 2508//411 2515//2529
f 2515//2529 2522//2536 2521//2535
f 2521//2535 2523//2537 2524//2538
f 2524//2538 2518//2532 2521//2535
f 2525//2539 2513//2527 2526//2540
f 2526//2540 2527//2541 2525//2539
f 2525//2539 2528//433 2529//2542
f 2529//2542 2514//2528 2525//2539
f 2527//2541 2530//2543 2531//2544
f 2531//2544 2532//2545 2533//2546
f 2533//2546 2534//2547 2531//2544
f 2531//2544 2528//433 2527//2541
f 2522//2536 2529//2542 2535//2548
f 2535//2548 2528//433 2536//2549
f 2536//2549 2537//2550 2535//2548
f 2535//2548 2523//2537 2522//2536
f 2538//2551 2528//433 2534//2547
f 2534//2547 2539//2552 2538//2551
f 2538//2551 2540//2553 2541//2554
f 2541//2554 2536//2549 2538//2551
f 2542//2555 2532//2545 2543//2556
f 2543//2556 2544//2557 2542//2555
f 2542//2555 2545//23 2546//2558
f 2546//2558 2533//2546 2542//2555
f 2544//2557 2547//2559 2548//2560
f 2548//2560 2549//2561 2550//2562
f 2550//2562 2551//2563 2548//2560
f 2548//2560 2545//23 2544//2557
f 2539//2552 2546//2558 2552//2564
f 2552//2564 2545//23 2553//2565
f 2553//2565 2554//2566 2552//2564
f 2552//2564 2540//2553 2539//2552
f 2555//2567 2545//23 2551//2563
f 2551//2563 2556//2568 2555//2567
f 2555//2567 2557//2569 2558//2570
f 2558//2570 2553//2565 2555//2567
f 2559//2571 2549//2561 2560//2572
f 2560//2572 2561//2573 2559//2571
f 2559//2571 2562//471 2563//2574
f 2563//2574 2550//2562 2559//2571
f 2561//2573 2564//2575 2565//2576
f 2565//2576 2505//2520 2510//2524
f 2510//2524 2566//2577 2565//2576
f 2565//2576 2562//471 2561//2573
f 2556//2568 2563//2574 2567//2578
f 2567//2578 2562//471 2568//2579
f 2568//2579 2569//2580 2567//2578
f 2567//2578 2557//2569 2556//2568
f 2570//2581 2562//471 2566//2577
f 2566//2577 2516//2530 2570//2581
f 2570//2581 2520//2534 2571//2582
f 2571//2582 2568//2579 2570//2581
f 2572//2583 2549//2561 2547//2559
f 2547//2559 2573//2584 2572//2583
f 2572//2583 2574//483 2575//2585
f 2575//2585 2560//2572 2572//2583
f 2573//2584 2543//2556 2576//2586
f 2576//2586 2532//2545 2530//2543
f 2530//2543 2577//2587 2576//2586
f 2576//2586 2574//483 2573//2584
f 2564//2575 2575//2585 2578//2588
f 2578//2588 2574//483 2579//2589
f 2579//2589 2506//2521 2578//2588
f 2578//2588 2505//2520 2564//2575
f 2580//2590 2574//483 2577//2587
f 2577//2587 2526//2540 2580//2590
f 2580//2590 2513//2527 2511//2525
f 2511//2525 2579//2589 2580//2590
f 2581//2591 2520//2534 2519//2533
f 2519//2533 2582//2592 2581//2591
f 2581//2591 2583//492 2584//2593
f 2584//2593 2571//2582 2581//2591
f 2582//2592 2524//2538 2585//2594
f 2585//2594 2523//2537 2537//2550
f 2537//2550 2586//2595 2585//2594
f 2585//2594 2583//492 2582//2592
f 2569//2580 2584//2593 2587//2596
f 2587//2596 2583//492 2588//2597
f 2588//2597 2558//2570 2587//2596
f 2587//2596 2557//2569 2569//2580
f 2589//2598 2583//492 2586//2595
f 2586//2595 2541//2554 2589//2598
f 2589//2598 2540//2553 2554//2566
f 2554//2566 2588//2597 2589//2598
f 2590//2519 2591//2599 2592//2600
f 2592//2600 2593//2601 2590//2519
f 2590//2519 2594//411 2595//2602
f 2595//2602 2596//2603 2590//2519
f 2593//2601 2597//2604 2598//2526
f 2598//2526 2599//2605 2600//2606
f 2600//2606 2601//2607 2598//2526
f 2598//2526 2594//411 2593//2601
f 2602//2608 2595//2602 2603//2531
f 2603//2531 2594//411 2604//2609
f 2604//2609 2605//2533 2603//2531
f 2603//2531 2606//2610 2602//2608
f 2607//2535 2594//411 2601//2607
f 2601//2607 2608//2611 2607//2535
f 2607//2535 2609//2612 2610//2538
f 2610//2538 2604//2609 2607//2535
f 2611//2539 2599//2605 2612//2540
f 2612//2540 2613//2541 2611//2539
f 2611//2539 2614//433 2615//2542
f 2615//2542 2600//2606 2611//2539
f 2613//2541 2616//2613 2617//2544
f 2617//2544 2618//2545 2619//2546
f 2619//2546 2620//2547 2617//2544
f 2617//2544 2614//433 2613//2541
f 2608//2611 2615//2542 2621//2548
f 2621//2548 2614//433 2622//2549
f 2622//2549 2623//2614 2621//2548
f 2621//2548 2609//2612 2608//2611
f 2624//2551 2614//433 2620//2547
f 2620//2547 2625//2552 2624//2551
f 2624//2551 2626//2553 2627//2615
f 2627//2615 2622//2549 2624//2551
f 2628//2555 2618//2545 2629//2556
f 2629//2556 2630//2616 2628//2555
f 2628//2555 2631//23 2632//2617
f 2632//2617 2619//2546 2628//2555
f 2630//2616 2633//2559 2634//2560
f 2634//2560 2635//2561 2636//2562
f 2636//2562 2637//2618 2634//2560
f 2634//2560 2631//23 2630//2616
f 2625//2552 2632//2617 2638//2564
f 2638//2564 2631//23 2639//2619
f 2639//2619 2640//2566 2638//2564
f 2638//2564 2626//2553 2625//2552
f 2641//2567 2631//23 2637//2618
f 2637//2618 2642//2568 2641//2567
f 2641//2567 2643//2569 2644//2570
f 2644//2570 2639//2619 2641//2567
f 2645//2571 2635//2561 2646//2620
f 2646//2620 2647//2573 2645//2571
f 2645//2571 2648//471 2649//2621
f 2649//2621 2636//2562 2645//2571
f 2647//2573 2650//2575 2651//2576
f 2651//2576 2591//2599 2596//2603
f 2596//2603 2652//2577 2651//2576
f 2651//2576 2648//471 2647//2573
f 2642//2568 2649//2621 2653//2578
f 2653//2578 2648//471 2654//2579
f 2654//2579 2655//2622 2653//2578
f 2653//2578 2643//2569 2642//2568
f 2656//2581 2648//471 2652//2577
f 2652//2577 2602//2608 2656//2581
f 2656//2581 2606//2610 2657//2623
f 2657//2623 2654//2579 2656//2581
f 2658//2624 2635//2561 2633//2559
f 2633//2559 2659//2625 2658//2624
f 2658//2624 2660//483 2661//2626
f 2661//2626 2646//2620 2658//2624
f 2659//2625 2629//2556 2662//2627
f 2662//2627 2618//2545 2616//2613
f 2616//2613 2663//2628 2662//2627
f 2662//2627 2660//483 2659//2625
f 2650//2575 2661//2626 2664//2629
f 2664//2629 2660//483 2665//2630
f 2665//2630 2592//2600 2664//2629
f 2664//2629 2591//2599 2650//2575
f 2666//2590 2660//483 2663//2628
f 2663//2628 2612//2540 2666//2590
f 2666//2590 2599//2605 2597//2604
f 2597//2604 2665//2630 2666//2590
f 2667//2591 2606//2610 2605//2533
f 2605//2533 2668//2592 2667//2591
f 2667//2591 2669//492 2670//2593
f 2670//2593 2657//2623 2667//2591
f 2668//2592 2610//2538 2671//2594
f 2671//2594 2609//2612 2623//2614
f 2623//2614 2672//2595 2671//2594
f 2671//2594 2669//492 2668//2592
f 2655//2622 2670//2593 2673//2596
f 2673//2596 2669//492 2674//2631
f 2674//2631 2644//2570 2673//2596
f 2673//2596 2643//2569 2655//2622
f 2675//2598 2669//492 2672//2595
f 2672//2595 2627//2615 2675//2598
f 2675//2598 2626//2553 2640//2566
f 2640//2566 2674//2631 2675//2598
f 2676//2632 2677//2633 2678//2634
f 2679//2635 2680//2636 2681//2637
f 2682//2638 2681//2637 2683//2639
f 2684//2640 2685//2641 2686//2642
f 2687//2643 2688//2644 2689//2645
f 2690//2646 2691//2647 2692//2648
f 2693//2649 2694//2650 2684//2640
f 2689//2645 2695//2651 2677//2633
f 2678//2634 2696//2652 2682//2638
f 2697//2653 2698//2654 2699//2655
f 2676//2632 2700//2656 2701//2657
f 2702//2658 2703//2659 2690//2646
f 2701//2657 2704//2660 2687//2643
f 2705//2661 2706//2662 2676//2632
f 2707//2663 2708//2664 2702//2658
f 2686//2642 2709//2665 2697//2653
f 2710//2666 2711//2667 2705//2661
f 2683//2639 2712//2668 2707//2663
f 2713//2669 2679//2635 2693//2649
f 2677//2633 2714//2670 2715//2671
f 2716//2672 2717//2673 2713//2669
f 2718//2674 2719//2675 2720//2676
f 2721//2677 2722//2678 2716//2672
f 2692//2648 2723//2679 2718//2674
f 2724//2680 2725//2681 2721//2677
f 2726//2682 2727//2683 2710//2666
f 2715//2671 2680//2636 2724//2680
f 2720//2676 2728//2684 2726//2682
f 2729//2685 2730//2686 2731//2687
f 2732//2688 2733//2689 2729//2685
f 2734//2690 2735//2691 2678//2634
f 2736//2692 2737//2693 2732//2688
f 2731//2687 2738//2694 2734//2690
f 2699//2655 2739//2695 2736//2692
f 2740//2696 2741//2697 2742//2698
f 2743//2699 2744//2700 2745//2701
f 2746//2702 2747//2703 2748//2704
f 2749//2705 2750//2706 2751//2707
f 2752//2708 2753//2701 2754//2709
f 2755//2696 2756//2710 2757//2711
f 2758//2712 2759//2713 2760//2714
f 2761//2715 2762//2716 2763//2717
f 2764//2718 2765//2719 2766//2720
f 2767//2721 2768//2722 2769//2723
f 2770//2724 2771//2725 2772//2726
f 2773//2727 2774//2728 2775//2729
f 2776//2730 2777//2731 2773//2727
f 2778//2732 2779//2733 2780//2734
f 2781//2735 2782//2736 2746//2702
f 2783//2737 2767//2721 2749//2705
f 2784//2738 2785//2739 2786//2740
f 2787//2741 2764//2718 2788//2705
f 2789//2742 2790//2743 2791//2744
f 2780//2734 2772//2726 2792//2745
f 2793//2744 2794//2746 2781//2735
f 2795//2747 2796//2748 2745//2701
f 2797//2749 2798//2750 2799//2751
f 2800//2752 2801//2753 2784//2738
f 2802//2705 2758//2712 2740//2696
f 2745//2701 2803//2754 2804//2755
f 2805//2756 2799//2751 2774//2728
f 2792//2745 2806//2757 2807//2758
f 2746//2702 2808//2759 2787//2741
f 2809//2760 2810//2761 2811//2762
f 2812//2705 2774//2728 2813//2763
f 2754//2709 2814//2764 2800//2752
f 2815//2703 2758//2712 2816//2765
f 2817//2766 2803//2754 2818//2767
f 2755//2696 2813//2763 2819//2768
f 2807//2758 2820//2769 2754//2709
f 2821//2770 2822//2771 2748//2704
f 2809//2760 2823//2772 2824//2773
f 2825//2774 2826//2775 2757//2711
f 2827//2776 2828//2777 2829//2778
f 2830//2697 2831//2779 2832//2780
f 2833//2781 2818//2767 2834//2782
f 2757//2711 2835//2783 2836//2784
f 2750//2706 2837//2785 2838//2786
f 2747//2703 2839//2787 2830//2697
f 2743//2699 2840//2788 2823//2772
f 2836//2784 2775//2729 2789//2742
f 2827//2776 2841//2789 2751//2707
f 2842//2696 2843//2790 2747//2703
f 2844//2791 2834//2782 2845//2792
f 2846//2793 2847//2794 2848//2795
f 2849//2796 2850//2797 2825//2774
f 2788//2705 2851//2798 2842//2696
f 2852//2758 2845//2792 2840//2788
f 2753//2701 2853//2799 2854//2755
f 2855//2770 2838//2786 2856//2800
f 2857//2801 2766//2720 2858//2802
f 2859//2803 2860//2804 2861//2805
f 2862//2806 2848//2795 2770//2724
f 2863//2807 2847//2794 2752//2708
f 2864//2808 2865//2809 2766//2720
f 2866//2735 2867//2810 2868//2811
f 2862//2806 2869//2812 2870//2747
f 2871//2813 2856//2800 2828//2777
f 2748//2704 2865//2809 2872//2814
f 2859//2803 2760//2714 2873//2815
f 2854//2755 2874//2816 2778//2732
f 2875//2735 2768//2722 2876//2702
f 2877//2793 2763//2717 2878//2806
f 2879//2817 2858//2802 2880//2818
f 2753//2701 2869//2812 2881//2819
f 2876//2702 2882//2820 2783//2737
f 2883//2740 2762//2716 2744//2700
f 2884//2744 2759//2713 2866//2735
f 2885//2821 2886//2822 2887//2805
f 2888//2696 2889//2823 2890//2824
f 2891//2825 2892//2795 2877//2793
f 2878//2806 2893//2826 2795//2747
f 2885//2821 2894//2827 2769//2723
f 2887//2805 2895//2828 2896//2744
f 2897//2807 2761//2715 2891//2825
f 2861//2805 2898//2829 2884//2744
f 2751//2707 2894//2827 2899//2830
f 2900//2831 2901//2832 2849//2796
f 2811//2762 2902//2739 2883//2740
f 2903//2780 2904//2833 2905//2834
f 2791//2744 2798//2750 2906//2735
f 2907//2835 2889//2823 2837//2785
f 2744//2700 2908//2836 2897//2807
f 2741//2697 2816//2765 2904//2833
f 2756//2710 2909//2837 2900//2831
f 2742//2698 2910//2777 2911//2838
f 2912//2741 2913//2839 2802//2705
f 2896//2744 2914//2840 2875//2735
f 2742//2698 2915//2841 2916//2842
f 2917//2813 2918//2843 2910//2777
f 2919//2706 2773//2727 2920//2844
f 2916//2842 2760//2714 2921//2845
f 2879//2817 2922//2846 2923//2847
f 2924//2703 2819//2768 2777//2731
f 2832//2780 2925//2848 2821//2770
f 2868//2811 2926//2849 2912//2741
f 2919//2706 2927//2850 2756//2710
f 2863//2807 2771//2725 2928//2851
f 2923//2847 2765//2719 2793//2744
f 2749//2705 2929//2852 2888//2696
f 2786//2740 2771//2725 2930//2853
f 2931//2854 2905//2834 2918//2843
f 2935//2855 2936//2856 2937//2857
f 2938//2858 2939//2859 2940//2860
f 2938//2858 2941//2861 2942//2862
f 2943//2863 2944//2864 2945//2865
f 2946//2866 2947//2867 2948//2868
f 2935//2855 2948//2868 2949//2869
f 2935//2855 2937//2857 2950//2870
f 2937//2857 2951//2871 2952//2872
f 2942//2862 2945//2865 2953//2873
f 2950//2870 2954//2874 2955//2875
f 2953//2873 2956//2876 2957//2877
f 2958//2878 2943//2863 2959//2866
f 2960//2879 2951//2871 2954//2874
f 2957//2877 2944//2864 2958//2878
f 2950//2870 2939//2859 2961//2870
f 2962//2880 2943//2863 2947//2867
f 1//76 59//105 2//77
f 4//79 52//101 5//80
f 10//81 22//89 11//82
f 13//84 16//86 14//85
f 18//2881 35//92 19//94
f 21//88 2973//2882 22//89
f 2974//2883 2975//2884 24//2884
f 28//90 12//83 11//82
f 2984//49 2986//2885 2985//47
f 35//92 37//95 36//93
f 42//2886 65//112 43//113
f 48//16 66//114 49//2887
f 51//100 3003//2888 52//101
f 45//97 47//99 61//107
f 62//109 3006//2889 63//110
f 65//112 53//102 55//104
f 62//109 64//111 66//114
f 115//163 74//122 73//121
f 75//123 74//122 117//165
f 119//167 77//125 76//124
f 121//169 127//175 78//126
f 122//170 68//116 67//115
f 69//117 68//116 124//172
f 126//174 130//178 115//163
f 127//175 121//169 128//176
f 123//171 118//166 117//165
f 124//172 119//167 120//168
f 70//118 72//120 130//178
f 71//119 129//177 128//176
f 131//179 146//179 79//127
f 132//180 81//129 80//128
f 88//136 144//192 134//182
f 90//138 89//137 135//183
f 82//130 138//186 137//185
f 138//186 142//190 139//187
f 140//188 86//134 85//133
f 87//135 86//134 139//187
f 136//184 135//183 132//180
f 143//191 145//193 134//182
f 145//193 143//191 84//132
f 140//188 141//189 146//179
f 91//139 162//207 147//194
f 93//141 92//140 148//195
f 150//197 160//206 94//142
f 151//198 96//144 95//143
f 153//200 155//200 97//145
f 154//201 158//204 155//200
f 100//148 102//150 156//202
f 154//201 102//150 101//149
f 148//195 151//198 152//199
f 150//197 161//205 159//205
f 98//146 159//205 161//205
f 162//207 157//203 156//202
f 97//145 82//130 84//132
f 93//141 80//128 79//127
f 100//148 85//133 87//135
f 95//143 94//142 88//136
f 103//151 105//153 163//208
f 165//210 105//153 104//152
f 106//154 108//156 167//212
f 107//155 3007//2890 169//214
f 109//157 111//159 170//215
f 172//217 111//159 110//158
f 163//208 177//221 174//219
f 169//214 3007//2890 175//220
f 170//215 165//210 166//211
f 168//213 167//212 172//217
f 177//221 113//161 112//160
f 176//220 175//220 114//162
f 109//157 67//115 69//117
f 107//155 106//154 76//124
f 71//119 70//118 112//160
f 104//152 103//151 73//121
f 178//2891 1//76 3//78
f 180//222 281//323 181//223
f 183//225 312//354 184//226
f 186//228 317//359 187//229
f 189//231 306//348 190//232
f 192//234 226//268 193//235
f 195//237 199//241 196//238
f 198//240 207//249 199//241
f 199//241 202//244 200//242
f 199//241 207//249 201//243
f 203//245 206//248 204//246
f 205//247 211//253 206//248
f 206//248 207//249 198//240
f 206//248 211//253 201//243
f 208//250 210//252 209//251
f 200//242 202//244 210//252
f 210//252 211//253 205//247
f 210//252 202//244 201//243
f 212//254 215//257 213//255
f 214//256 223//265 215//257
f 215//257 218//260 216//258
f 215//257 223//265 217//259
f 219//261 222//264 220//262
f 221//263 228//270 222//264
f 222//264 223//265 214//256
f 222//264 228//270 217//259
f 224//266 227//269 225//267
f 216//258 218//260 227//269
f 227//269 228//270 221//263
f 227//269 218//260 217//259
f 229//271 233//275 230//272
f 232//274 241//283 233//275
f 233//275 236//278 234//276
f 233//275 241//283 235//277
f 237//279 240//282 238//280
f 239//281 245//287 240//282
f 240//282 241//283 232//274
f 240//282 245//287 235//277
f 242//284 244//286 243//285
f 234//276 236//278 244//286
f 244//286 245//287 239//281
f 244//286 236//278 235//277
f 246//288 249//291 247//289
f 248//290 257//299 249//291
f 249//291 252//294 250//292
f 249//291 257//299 251//293
f 253//295 256//298 254//296
f 255//297 261//303 256//298
f 256//298 257//299 248//290
f 256//298 261//303 251//293
f 258//300 260//302 259//301
f 250//292 252//294 260//302
f 260//302 261//303 255//297
f 260//302 252//294 251//293
f 262//304 266//308 263//305
f 265//307 274//316 266//308
f 266//308 269//311 267//309
f 266//308 274//316 268//310
f 270//312 273//315 271//313
f 272//314 278//320 273//315
f 273//315 274//316 265//307
f 273//315 278//320 268//310
f 275//317 277//319 276//318
f 267//309 269//311 277//319
f 277//319 278//320 272//314
f 277//319 269//311 268//310
f 279//321 283//325 280//322
f 282//324 291//333 283//325
f 283//325 286//328 284//326
f 283//325 291//333 285//327
f 287//329 290//332 288//330
f 289//331 295//337 290//332
f 290//332 291//333 282//324
f 290//332 295//337 285//327
f 292//334 294//336 293//335
f 284//326 286//328 294//336
f 294//336 295//337 289//331
f 294//336 286//328 285//327
f 296//338 300//342 297//339
f 299//341 309//351 300//342
f 300//342 303//345 301//343
f 300//342 309//351 302//344
f 304//346 308//350 305//347
f 307//349 314//356 308//350
f 308//350 309//351 299//341
f 308//350 314//356 302//344
f 310//352 313//355 311//353
f 301//343 303//345 313//355
f 313//355 314//356 307//349
f 313//355 303//345 302//344
f 315//357 319//361 316//358
f 318//360 327//369 319//361
f 319//361 322//364 320//362
f 319//361 327//369 321//363
f 323//365 326//368 324//366
f 325//367 331//373 326//368
f 326//368 327//369 318//360
f 326//368 331//373 321//363
f 328//370 330//372 329//371
f 320//362 322//364 330//372
f 330//372 331//373 325//367
f 330//372 322//364 321//363
f 197//239 196//238 229//271
f 229//271 196//238 200//242
f 200//242 208//250 238//280
f 208//250 192//234 194//236
f 182//224 181//223 213//255
f 213//255 216//258 205//247
f 216//258 224//266 209//251
f 209//251 224//266 226//268
f 187//229 247//289 219//261
f 219//261 247//289 250//292
f 250//292 258//300 225//267
f 225//267 258//300 193//235
f 191//233 190//232 243//285
f 253//295 243//285 239//281
f 239//281 237//279 259//301
f 259//301 237//279 194//236
f 183//225 271//313 310//352
f 310//352 271//313 265//307
f 265//307 262//304 297//339
f 297//339 262//304 264//306
f 185//227 288//330 270//312
f 270//312 288//330 282//324
f 272//314 282//324 279//321
f 279//321 281//323 180//222
f 184//226 324//366 287//329
f 287//329 324//366 318//360
f 318//360 315//357 293//335
f 315//357 317//359 186//228
f 184//226 312//354 311//353
f 323//365 311//353 307//349
f 307//349 304//346 329//371
f 304//346 306//348 189//231
f 306//348 305//347 242//284
f 305//347 299//341 234//276
f 299//341 296//338 230//272
f 296//338 298//340 231//273
f 191//233 254//296 328//370
f 254//296 248//290 320//362
f 248//290 246//288 316//358
f 246//288 187//229 317//359
f 281//323 280//322 212//254
f 280//322 284//326 214//256
f 284//326 292//334 220//262
f 292//334 186//228 188//230
f 182//224 204//246 275//317
f 204//246 198//240 267//309
f 198//240 195//237 263//305
f 195//237 197//239 264//306
f 298//340 264//306 197//239
f 332//374 336//378 333//375
f 335//377 341//383 333//375
f 333//375 339//381 337//379
f 333//375 341//383 338//380
f 335//377 343//385 340//382
f 342//384 347//389 340//382
f 340//382 345//387 338//380
f 340//382 347//389 344//386
f 342//384 349//391 346//388
f 348//390 353//395 346//388
f 346//388 351//393 344//386
f 346//388 353//395 350//392
f 348//390 354//396 352//394
f 332//374 334//376 352//394
f 352//394 355//397 350//392
f 352//394 334//376 337//379
f 348//390 349//391 356//398
f 342//384 343//385 356//398
f 356//398 336//378 332//374
f 356//398 343//385 335//377
f 337//379 339//381 357//399
f 338//380 345//387 357//399
f 357//399 351//393 350//392
f 357//399 345//387 344//386
f 358//400 361//403 359//401
f 361//403 364//406 362//404
f 363//405 366//408 362//404
f 365//407 370//412 366//408
f 360//402 359//401 367//409
f 359//401 362//404 369//411
f 366//408 371//413 369//411
f 370//412 390//432 371//413
f 367//409 373//415 372//414
f 369//411 375//417 373//415
f 369//411 371//413 374//416
f 371//413 390//432 376//418
f 373//415 378//420 377//419
f 375//417 380//422 378//420
f 375//417 374//416 379//421
f 374//416 376//418 381//423
f 365//407 383//425 382//424
f 383//425 386//428 384//426
f 385//427 388//430 384//426
f 387//429 392//434 388//430
f 370//412 382//424 389//431
f 382//424 384//426 391//433
f 388//430 393//435 391//433
f 392//434 410//452 393//435
f 389//431 394//436 376//418
f 391//433 396//438 394//436
f 391//433 393//435 395//437
f 393//435 410//452 397//439
f 394//436 398//440 381//423
f 396//438 400//442 398//440
f 396//438 395//437 399//441
f 395//437 397//439 401//443
f 387//429 403//445 402//444
f 403//445 406//448 404//446
f 405//447 408//450 404//446
f 407//449 412//453 408//450
f 392//434 402//444 409//451
f 402//444 404//446 411//23
f 408//450 413//454 411//23
f 412//453 429//470 413//454
f 409//451 414//455 397//439
f 411//23 416//457 414//455
f 411//23 413//454 415//456
f 413//454 429//470 417//458
f 414//455 418//459 401//443
f 416//457 420//461 418//459
f 416//457 415//456 419//460
f 415//456 417//458 421//462
f 407//449 423//464 422//463
f 423//464 426//467 424//465
f 425//466 427//468 424//465
f 358//400 360//402 427//468
f 412//453 422//463 428//469
f 422//463 424//465 430//471
f 427//468 431//472 430//471
f 360//402 368//410 431//472
f 428//469 432//473 417//458
f 430//471 434//475 432//473
f 430//471 431//472 433//474
f 431//472 368//410 372//414
f 432//473 435//476 421//462
f 434//475 437//478 435//476
f 434//475 433//474 436//477
f 433//474 372//414 377//419
f 407//449 405//447 438//479
f 405//447 406//448 439//480
f 403//445 440//481 439//480
f 387//429 385//427 440//481
f 423//464 438//479 441//482
f 438//479 439//480 442//483
f 440//481 443//484 442//483
f 385//427 386//428 443//484
f 441//482 444//485 425//466
f 442//483 446//487 444//485
f 442//483 443//484 445//486
f 443//484 386//428 383//425
f 444//485 361//403 358//400
f 446//487 364//406 361//403
f 446//487 445//486 363//405
f 445//486 383//425 365//407
f 377//419 378//420 447//488
f 378//420 380//422 448//489
f 379//421 449//490 448//489
f 381//423 398//440 449//490
f 436//477 447//488 450//491
f 447//488 448//489 451//492
f 449//490 452//493 451//492
f 398//440 400//442 452//493
f 450//491 453//494 435//476
f 451//492 455//496 453//494
f 451//492 452//493 454//495
f 452//493 400//442 399//441
f 453//494 419//460 421//462
f 455//496 420//461 419//460
f 455//496 454//495 418//459
f 454//495 399//441 401//443
f 456//497 459//500 457//498
f 459//500 461//502 460//501
f 461//502 463//504 462//503
f 463//504 469//510 464//505
f 465//506 466//507 459//500
f 466//507 467//508 461//502
f 467//508 468//509 463//504
f 468//509 474//515 469//510
f 470//511 471//512 466//507
f 471//512 472//513 467//508
f 472//513 473//514 468//509
f 473//514 479//520 474//515
f 475//516 476//517 471//512
f 476//517 477//518 472//513
f 477//518 478//519 473//514
f 478//519 1930//1968 479//520
f 458//499 457//498 480//521
f 481//522 480//521 482//523
f 483//524 482//523 484//525
f 485//526 484//525 486//527
f 457//498 460//501 488//529
f 480//521 488//529 489//530
f 482//523 489//530 490//531
f 484//525 490//531 491//532
f 460//501 462//503 492//533
f 488//529 492//533 493//534
f 489//530 493//534 494//535
f 490//531 494//535 495//536
f 462//503 464//505 496//537
f 492//533 496//537 497//538
f 493//534 497//538 498//539
f 494//535 498//539 499//540
f 458//499 481//522 500//541
f 501//542 500//541 502//543
f 503//544 502//543 504//545
f 505//546 504//545 506//547
f 481//522 483//524 508//549
f 500//541 508//549 509//550
f 502//543 509//550 510//551
f 504//545 510//551 511//552
f 483//524 485//526 512//553
f 508//549 512//553 513//554
f 509//550 513//554 514//555
f 510//551 514//555 515//556
f 485//526 487//528 516//557
f 512//553 516//557 517//558
f 513//554 517//558 518//559
f 514//555 518//559 519//560
f 501//542 520//561 456//497
f 520//561 521//562 465//506
f 521//562 522//563 470//511
f 522//563 526//567 475//516
f 503//544 523//564 520//561
f 523//564 524//565 521//562
f 524//565 525//566 522//563
f 525//566 530//571 526//567
f 505//546 527//568 523//564
f 527//568 528//569 524//565
f 528//569 529//570 525//566
f 529//570 534//575 530//571
f 507//548 531//572 527//568
f 531//572 532//573 528//569
f 532//573 533//574 529//570
f 533//574 1800//1839 534//575
f 535//576 538//579 536//577
f 538//579 540//581 539//580
f 540//581 542//583 541//582
f 542//583 548//589 543//584
f 544//585 545//586 538//579
f 545//586 546//587 540//581
f 546//587 547//588 542//583
f 547//588 553//594 548//589
f 549//590 550//591 545//586
f 550//591 551//592 546//587
f 551//592 552//593 547//588
f 552//593 558//599 553//594
f 554//595 555//596 550//591
f 555//596 556//597 551//592
f 556//597 557//598 552//593
f 557//598 2005//2041 558//599
f 537//578 536//577 559//600
f 560//601 559//600 561//602
f 562//603 561//602 563//604
f 564//605 563//604 565//606
f 536//577 539//580 567//608
f 559//600 567//608 568//609
f 561//602 568//609 569//610
f 563//604 569//610 570//611
f 539//580 541//582 571//612
f 567//608 571//612 572//613
f 568//609 572//613 573//614
f 569//610 573//614 574//615
f 541//582 543//584 575//616
f 571//612 575//616 576//617
f 572//613 576//617 577//618
f 573//614 577//618 578//619
f 537//578 560//601 579//620
f 580//621 579//620 581//622
f 582//623 581//622 583//624
f 584//625 583//624 585//626
f 560//601 562//603 587//628
f 579//620 587//628 588//629
f 581//622 588//629 589//630
f 583//624 589//630 590//631
f 562//603 564//605 591//632
f 587//628 591//632 592//633
f 588//629 592//633 593//634
f 589//630 593//634 594//635
f 564//605 566//607 595//636
f 591//632 595//636 596//637
f 592//633 596//637 597//638
f 593//634 597//638 598//639
f 580//621 599//640 535//576
f 599//640 600//641 544//585
f 600//641 601//642 549//590
f 601//642 605//646 554//595
f 582//623 602//643 599//640
f 602//643 603//644 600//641
f 603//644 604//645 601//642
f 604//645 609//650 605//646
f 584//625 606//647 602//643
f 606//647 607//648 603//644
f 607//648 608//649 604//645
f 608//649 613//654 609//650
f 586//627 610//651 606//647
f 610//651 611//652 607//648
f 611//652 612//653 608//649
f 612//653 2211//2240 613//654
f 614//655 617//658 615//656
f 617//658 619//660 618//659
f 619//660 621//662 620//661
f 621//662 627//668 622//663
f 623//664 624//665 617//658
f 624//665 625//666 619//660
f 625//666 626//667 621//662
f 626//667 632//673 627//668
f 628//669 629//670 624//665
f 629//670 630//671 625//666
f 630//671 631//672 626//667
f 631//672 637//678 632//673
f 633//674 634//675 629//670
f 634//675 635//676 630//671
f 635//676 636//677 631//672
f 636//677 1817//1855 637//678
f 616//657 615//656 638//679
f 639//680 638//679 640//681
f 641//682 640//681 642//683
f 643//684 642//683 644//685
f 615//656 618//659 646//687
f 638//679 646//687 647//688
f 640//681 647//688 648//689
f 642//683 648//689 649//690
f 618//659 620//661 650//691
f 646//687 650//691 651//692
f 647//688 651//692 652//693
f 648//689 652//693 653//694
f 620//661 622//663 654//695
f 650//691 654//695 655//696
f 651//692 655//696 656//697
f 652//693 656//697 657//698
f 616//657 639//680 658//699
f 659//700 658//699 660//701
f 661//702 660//701 662//703
f 663//704 662//703 664//705
f 639//680 641//682 666//707
f 658//699 666//707 667//708
f 660//701 667//708 668//709
f 662//703 668//709 669//710
f 641//682 643//684 670//711
f 666//707 670//711 671//712
f 667//708 671//712 672//713
f 668//709 672//713 673//714
f 643//684 645//686 674//715
f 670//711 674//715 675//716
f 671//712 675//716 676//717
f 672//713 676//717 677//718
f 659//700 678//719 614//655
f 678//719 679//720 623//664
f 679//720 680//721 628//669
f 680//721 684//725 633//674
f 661//702 681//722 678//719
f 681//722 682//723 679//720
f 682//723 683//724 680//721
f 683//724 688//729 684//725
f 663//704 685//726 681//722
f 685//726 686//727 682//723
f 686//727 687//728 683//724
f 687//728 692//733 688//729
f 665//706 689//730 685//726
f 689//730 690//731 686//727
f 690//731 691//732 687//728
f 691//732 2068//2102 692//733
f 693//734 696//737 694//735
f 696//737 698//739 697//738
f 698//739 700//741 699//740
f 700//741 706//747 701//742
f 702//743 703//744 696//737
f 703//744 704//745 698//739
f 704//745 705//746 700//741
f 705//746 711//752 706//747
f 707//748 708//749 703//744
f 708//749 709//750 704//745
f 709//750 710//751 705//746
f 710//751 716//757 711//752
f 712//753 713//754 708//749
f 713//754 714//755 709//750
f 714//755 715//756 710//751
f 715//756 2228//2256 716//757
f 695//736 694//735 717//758
f 718//759 717//758 719//760
f 720//761 719//760 721//762
f 722//763 721//762 723//764
f 694//735 697//738 725//766
f 717//758 725//766 726//767
f 719//760 726//767 727//768
f 721//762 727//768 728//769
f 697//738 699//740 729//770
f 725//766 729//770 730//771
f 726//767 730//771 731//772
f 727//768 731//772 732//773
f 699//740 701//742 733//774
f 729//770 733//774 734//775
f 730//771 734//775 735//776
f 731//772 735//776 736//777
f 695//736 718//759 737//778
f 738//779 737//778 739//780
f 740//781 739//780 741//782
f 742//783 741//782 496//537
f 718//759 720//761 743//784
f 737//778 743//784 744//785
f 739//780 744//785 745//786
f 741//782 745//786 497//538
f 720//761 722//763 746//787
f 743//784 746//787 747//788
f 744//785 747//788 748//789
f 745//786 748//789 498//539
f 722//763 724//765 749//790
f 746//787 749//790 750//791
f 747//788 750//791 751//792
f 748//789 751//792 499//540
f 738//779 752//793 693//734
f 752//793 753//794 702//743
f 753//794 754//795 707//748
f 754//795 758//799 712//753
f 740//781 755//796 752//793
f 755//796 756//797 753//794
f 756//797 757//798 754//795
f 757//798 762//803 758//799
f 742//783 759//800 755//796
f 759//800 760//801 756//797
f 760//801 761//802 757//798
f 761//802 763//804 762//803
f 464//505 469//510 759//800
f 469//510 474//515 760//801
f 474//515 479//520 761//802
f 479//520 1930//1968 763//804
f 764//805 767//808 765//806
f 767//808 769//810 768//809
f 769//810 771//812 770//811
f 771//812 777//818 772//813
f 773//814 774//815 767//808
f 774//815 775//816 769//810
f 775//816 776//817 771//812
f 776//817 782//823 777//818
f 778//819 779//820 774//815
f 779//820 780//821 775//816
f 780//821 781//822 776//817
f 781//822 787//828 782//823
f 783//824 784//825 779//820
f 784//825 785//826 780//821
f 785//826 786//827 781//822
f 786//827 1988//2025 787//828
f 766//807 765//806 788//829
f 789//830 788//829 790//831
f 791//832 790//831 792//833
f 793//834 792//833 794//835
f 765//806 768//809 796//837
f 788//829 796//837 797//838
f 790//831 797//838 798//839
f 792//833 798//839 799//840
f 768//809 770//811 800//841
f 796//837 800//841 801//842
f 797//838 801//842 802//843
f 798//839 802//843 803//844
f 770//811 772//813 804//845
f 800//841 804//845 805//846
f 801//842 805//846 806//847
f 802//843 806//847 807//848
f 766//807 789//830 808//849
f 809//850 808//849 810//851
f 811//852 810//851 812//853
f 813//854 812//853 575//616
f 789//830 791//832 814//855
f 808//849 814//855 815//856
f 810//851 815//856 816//857
f 812//853 816//857 576//617
f 791//832 793//834 817//858
f 814//855 817//858 818//859
f 815//856 818//859 819//860
f 816//857 819//860 577//618
f 793//834 795//836 820//861
f 817//858 820//861 821//862
f 818//859 821//862 822//863
f 819//860 822//863 578//619
f 809//850 823//864 764//805
f 823//864 824//865 773//814
f 824//865 825//866 778//819
f 825//866 829//870 783//824
f 811//852 826//867 823//864
f 826//867 827//868 824//865
f 827//868 828//869 825//866
f 828//869 833//874 829//870
f 813//854 830//871 826//867
f 830//871 831//872 827//868
f 831//872 832//873 828//869
f 832//873 834//875 833//874
f 543//584 548//589 830//871
f 548//589 553//594 831//872
f 553//594 558//599 832//873
f 558//599 2005//2041 834//875
f 835//876 838//879 836//877
f 838//879 840//881 839//880
f 840//881 842//883 841//882
f 842//883 610//651 586//627
f 843//884 844//885 838//879
f 844//885 845//886 840//881
f 845//886 846//887 842//883
f 846//887 611//652 610//651
f 847//888 848//889 844//885
f 848//889 849//890 845//886
f 849//890 850//891 846//887
f 850//891 612//653 611//652
f 851//892 852//893 848//889
f 852//893 853//894 849//890
f 853//894 854//895 850//891
f 854//895 2211//2240 612//653
f 837//878 836//877 855//896
f 856//897 855//896 857//898
f 858//899 857//898 859//900
f 860//901 859//900 861//902
f 836//877 839//880 863//904
f 855//896 863//904 864//905
f 857//898 864//905 865//906
f 859//900 865//906 866//907
f 839//880 841//882 867//908
f 863//904 867//908 868//909
f 864//905 868//909 869//910
f 865//906 869//910 870//911
f 841//882 586//627 585//626
f 867//908 585//626 590//631
f 868//909 590//631 594//635
f 869//910 594//635 598//639
f 837//878 856//897 871//912
f 872//913 871//912 873//914
f 874//915 873//914 875//916
f 876//917 875//916 733//774
f 856//897 858//899 877//918
f 871//912 877//918 878//919
f 873//914 878//919 879//920
f 875//916 879//920 734//775
f 858//899 860//901 880//921
f 877//918 880//921 881//922
f 878//919 881//922 882//923
f 879//920 882//923 735//776
f 860//901 862//903 883//924
f 880//921 883//924 884//925
f 881//922 884//925 885//926
f 882//923 885//926 736//777
f 872//913 886//927 835//876
f 886//927 887//928 843//884
f 887//928 888//929 847//888
f 888//929 892//933 851//892
f 874//915 889//930 886//927
f 889//930 890//931 887//928
f 890//931 891//932 888//929
f 891//932 896//937 892//933
f 876//917 893//934 889//930
f 893//934 894//935 890//931
f 894//935 895//936 891//932
f 895//936 897//938 896//937
f 701//742 706//747 893//934
f 706//747 711//752 894//935
f 711//752 716//757 895//936
f 716//757 2228//2256 897//938
f 898//939 901//942 899//940
f 901//942 903//944 902//943
f 903//944 905//946 904//945
f 905//946 689//730 665//706
f 906//947 907//948 901//942
f 907//948 908//949 903//944
f 908//949 909//950 905//946
f 909//950 690//731 689//730
f 910//951 911//952 907//948
f 911//952 912//953 908//949
f 912//953 913//954 909//950
f 913//954 691//732 690//731
f 914//955 915//956 911//952
f 915//956 916//957 912//953
f 916//957 917//958 913//954
f 917//958 2068//2102 691//732
f 900//941 899//940 918//959
f 919//960 918//959 920//961
f 921//962 920//961 922//963
f 923//964 922//963 924//965
f 899//940 902//943 926//967
f 918//959 926//967 927//968
f 920//961 927//968 928//969
f 922//963 928//969 929//970
f 902//943 904//945 930//971
f 926//967 930//971 931//972
f 927//968 931//972 932//973
f 928//969 932//973 933//974
f 904//945 665//706 664//705
f 930//971 664//705 669//710
f 931//972 669//710 673//714
f 932//973 673//714 677//718
f 900//941 919//960 934//975
f 935//976 934//975 936//977
f 937//978 936//977 938//979
f 939//980 938//979 804//845
f 919//960 921//962 940//981
f 934//975 940//981 941//982
f 936//977 941//982 942//983
f 938//979 942//983 805//846
f 921//962 923//964 943//984
f 940//981 943//984 944//985
f 941//982 944//985 945//986
f 942//983 945//986 806//847
f 923//964 925//966 946//987
f 943//984 946//987 947//988
f 944//985 947//988 948//989
f 945//986 948//989 807//848
f 935//976 949//990 898//939
f 949//990 950//991 906//947
f 950//991 951//992 910//951
f 951//992 955//996 914//955
f 937//978 952//993 949//990
f 952//993 953//994 950//991
f 953//994 954//995 951//992
f 954//995 959//1000 955//996
f 939//980 956//997 952//993
f 956//997 957//998 953//994
f 957//998 958//999 954//995
f 958//999 960//1001 959//1000
f 772//813 777//818 956//997
f 777//818 782//823 957//998
f 782//823 787//828 958//999
f 787//828 1988//2025 960//1001
f 961//1002 964//1005 962//1003
f 964//1005 966//1007 965//1006
f 966//1007 968//1009 967//1008
f 968//1009 531//572 507//548
f 969//1010 970//1011 964//1005
f 970//1011 971//1012 966//1007
f 971//1012 972//1013 968//1009
f 972//1013 532//573 531//572
f 973//1014 974//1015 970//1011
f 974//1015 975//1016 971//1012
f 975//1016 976//1017 972//1013
f 976//1017 533//574 532//573
f 977//1018 978//1019 974//1015
f 978//1019 979//1020 975//1016
f 979//1020 980//1021 976//1017
f 980//1021 1800//1839 533//574
f 963//1004 962//1003 981//1022
f 982//1023 981//1022 983//1024
f 984//1025 983//1024 985//1026
f 986//1027 985//1026 987//1028
f 962//1003 965//1006 989//1030
f 981//1022 989//1030 990//1031
f 983//1024 990//1031 991//1032
f 985//1026 991//1032 992//1033
f 965//1006 967//1008 993//1034
f 989//1030 993//1034 994//1035
f 990//1031 994//1035 995//1036
f 991//1032 995//1036 996//1037
f 967//1008 507//548 506//547
f 993//1034 506//547 511//552
f 994//1035 511//552 515//556
f 995//1036 515//556 519//560
f 963//1004 982//1023 997//1038
f 998//1039 997//1038 999//1040
f 1000//1041 999//1040 1001//1042
f 1002//1043 1001//1042 654//695
f 982//1023 984//1025 1003//1044
f 997//1038 1003//1044 1004//1045
f 999//1040 1004//1045 1005//1046
f 1001//1042 1005//1046 655//696
f 984//1025 986//1027 1006//1047
f 1003//1044 1006//1047 1007//1048
f 1004//1045 1007//1048 1008//1049
f 1005//1046 1008//1049 656//697
f 986//1027 988//1029 1009//1050
f 1006//1047 1009//1050 1010//1051
f 1007//1048 1010//1051 1011//1052
f 1008//1049 1011//1052 657//698
f 998//1039 1012//1053 961//1002
f 1012//1053 1013//1054 969//1010
f 1013//1054 1014//1055 973//1014
f 1014//1055 1018//1059 977//1018
f 1000//1041 1015//1056 1012//1053
f 1015//1056 1016//1057 1013//1054
f 1016//1057 1017//1058 1014//1055
f 1017//1058 1022//1063 1018//1059
f 1002//1043 1019//1060 1015//1056
f 1019//1060 1020//1061 1016//1057
f 1020//1061 1021//1062 1017//1058
f 1021//1062 1023//1064 1022//1063
f 622//663 627//668 1019//1060
f 627//668 632//673 1020//1061
f 632//673 637//678 1021//1062
f 637//678 1817//1855 1023//1064
f 1024//1065 1027//1068 1025//1066
f 1027//1068 1029//1070 1028//1069
f 1029//1070 1031//1072 1030//1071
f 1031//1072 1037//1078 1032//1073
f 1033//1074 1034//1075 1027//1068
f 1034//1075 1035//1076 1029//1070
f 1035//1076 1036//1077 1031//1072
f 1036//1077 1042//1083 1037//1078
f 1038//1079 1039//1080 1034//1075
f 1039//1080 1040//1081 1035//1076
f 1040//1081 1041//1082 1036//1077
f 1041//1082 1047//1088 1042//1083
f 1043//1084 1044//1085 1039//1080
f 1044//1085 1045//1086 1040//1081
f 1045//1086 1046//1087 1041//1082
f 1046//1087 1968//2005 1047//1088
f 1025//1066 1049//1090 1048//1089
f 1049//1090 1051//1092 1050//1091
f 1051//1092 1053//1094 1052//1093
f 1053//1094 1058//1099 1054//1095
f 1028//1069 1055//1096 1049//1090
f 1055//1096 1056//1097 1051//1092
f 1056//1097 1057//1098 1053//1094
f 1057//1098 1062//1103 1058//1099
f 1030//1071 1059//1100 1055//1096
f 1059//1100 1060//1101 1056//1097
f 1060//1101 1061//1102 1057//1098
f 1061//1102 1066//1107 1062//1103
f 1032//1073 1063//1104 1059//1100
f 1063//1104 1064//1105 1060//1101
f 1064//1105 1065//1106 1061//1102
f 1065//1106 1847//1885 1066//1107
f 1026//1067 1048//1089 1067//1108
f 1068//1109 1067//1108 1069//1110
f 1070//1111 1069//1110 1071//1112
f 1072//1113 1071//1112 1073//1114
f 1048//1089 1050//1091 1075//1116
f 1067//1108 1075//1116 1076//1117
f 1069//1110 1076//1117 1077//1118
f 1071//1112 1077//1118 1078//1119
f 1050//1091 1052//1093 1079//1120
f 1075//1116 1079//1120 1080//1121
f 1076//1117 1080//1121 1081//1122
f 1077//1118 1081//1122 1082//1123
f 1052//1093 1054//1095 1083//1124
f 1079//1120 1083//1124 1084//1125
f 1080//1121 1084//1125 1085//1126
f 1081//1122 1085//1126 1086//1127
f 1026//1067 1068//1109 1087//1128
f 1024//1065 1087//1128 1088//1129
f 1033//1074 1088//1129 1089//1130
f 1038//1079 1089//1130 1090//1131
f 1068//1109 1070//1111 1091//1132
f 1087//1128 1091//1132 1092//1133
f 1088//1129 1092//1133 1093//1134
f 1089//1130 1093//1134 1094//1135
f 1070//1111 1072//1113 1095//1136
f 1091//1132 1095//1136 1096//1137
f 1092//1133 1096//1137 1097//1138
f 1093//1134 1097//1138 1098//1139
f 1072//1113 1074//1115 1099//1140
f 1095//1136 1099//1140 1100//1141
f 1096//1137 1100//1141 1101//1142
f 1097//1138 1101//1142 1102//1143
f 1103//1144 1106//1147 1104//1145
f 1106//1147 1108//1149 1107//1148
f 1108//1149 1110//1151 1109//1150
f 1110//1151 1116//1157 1111//1152
f 1112//1153 1113//1154 1106//1147
f 1113//1154 1114//1155 1108//1149
f 1114//1155 1115//1156 1110//1151
f 1115//1156 1121//1162 1116//1157
f 1117//1158 1118//1159 1113//1154
f 1118//1159 1119//1160 1114//1155
f 1119//1160 1120//1161 1115//1156
f 1120//1161 1126//1167 1121//1162
f 1122//1163 1123//1164 1118//1159
f 1123//1164 1124//1165 1119//1160
f 1124//1165 1125//1166 1120//1161
f 1125//1166 2021//2057 1126//1167
f 1104//1145 1128//1169 1127//1168
f 1128//1169 1130//1171 1129//1170
f 1130//1171 1132//1173 1131//1172
f 1132//1173 1137//1178 1133//1174
f 1107//1148 1134//1175 1128//1169
f 1134//1175 1135//1176 1130//1171
f 1135//1176 1136//1177 1132//1173
f 1136//1177 1141//1182 1137//1178
f 1109//1150 1138//1179 1134//1175
f 1138//1179 1139//1180 1135//1176
f 1139//1180 1140//1181 1136//1177
f 1140//1181 1145//1186 1141//1182
f 1111//1152 1142//1183 1138//1179
f 1142//1183 1143//1184 1139//1180
f 1143//1184 1144//1185 1140//1181
f 1144//1185 2258//2286 1145//1186
f 1105//1146 1127//1168 1146//1187
f 1147//1188 1146//1187 1148//1189
f 1149//1190 1148//1189 1150//1191
f 1151//1192 1150//1191 1152//1193
f 1127//1168 1129//1170 1154//1195
f 1146//1187 1154//1195 1155//1196
f 1148//1189 1155//1196 1156//1197
f 1150//1191 1156//1197 1157//1198
f 1129//1170 1131//1172 1158//1199
f 1154//1195 1158//1199 1159//1200
f 1155//1196 1159//1200 1160//1201
f 1156//1197 1160//1201 1161//1202
f 1131//1172 1133//1174 1162//1203
f 1158//1199 1162//1203 1163//1204
f 1159//1200 1163//1204 1164//1205
f 1160//1201 1164//1205 1165//1206
f 1105//1146 1147//1188 1166//1207
f 1103//1144 1166//1207 1167//1208
f 1112//1153 1167//1208 1168//1209
f 1117//1158 1168//1209 1169//1210
f 1147//1188 1149//1190 1170//1211
f 1166//1207 1170//1211 1171//1212
f 1167//1208 1171//1212 1172//1213
f 1168//1209 1172//1213 1173//1214
f 1149//1190 1151//1192 1174//1215
f 1170//1211 1174//1215 1175//1216
f 1171//1212 1175//1216 1176//1217
f 1172//1213 1176//1217 1177//1218
f 1151//1192 1153//1194 1178//1219
f 1174//1215 1178//1219 1179//1220
f 1175//1216 1179//1220 1180//1221
f 1176//1217 1180//1221 1181//1222
f 1182//1223 1185//1226 1183//1224
f 1185//1226 1187//1228 1186//1227
f 1187//1228 1189//1230 1188//1229
f 1189//1230 1195//1236 1190//1231
f 1191//1232 1192//1233 1185//1226
f 1192//1233 1193//1234 1187//1228
f 1193//1234 1194//1235 1189//1230
f 1194//1235 1200//1241 1195//1236
f 1196//1237 1197//1238 1192//1233
f 1197//1238 1198//1239 1193//1234
f 1198//1239 1199//1240 1194//1235
f 1199//1240 1205//1246 1200//1241
f 1201//1242 1202//1243 1197//1238
f 1202//1243 1203//1244 1198//1239
f 1203//1244 1204//1245 1199//1240
f 1204//1245 1833//1871 1205//1246
f 1183//1224 1207//1248 1206//1247
f 1207//1248 1209//1250 1208//1249
f 1209//1250 1211//1252 1210//1251
f 1211//1252 1216//1257 1212//1253
f 1186//1227 1213//1254 1207//1248
f 1213//1254 1214//1255 1209//1250
f 1214//1255 1215//1256 1211//1252
f 1215//1256 1220//1261 1216//1257
f 1188//1229 1217//1258 1213//1254
f 1217//1258 1218//1259 1214//1255
f 1218//1259 1219//1260 1215//1256
f 1219//1260 1224//1265 1220//1261
f 1190//1231 1221//1262 1217//1258
f 1221//1262 1222//1263 1218//1259
f 1222//1263 1223//1264 1219//1260
f 1223//1264 2084//2118 1224//1265
f 1184//1225 1206//1247 1225//1266
f 1226//1267 1225//1266 1227//1268
f 1228//1269 1227//1268 1229//1270
f 1230//1271 1229//1270 1231//1272
f 1206//1247 1208//1249 1233//1274
f 1225//1266 1233//1274 1234//1275
f 1227//1268 1234//1275 1235//1276
f 1229//1270 1235//1276 1236//1277
f 1208//1249 1210//1251 1237//1278
f 1233//1274 1237//1278 1238//1279
f 1234//1275 1238//1279 1239//1280
f 1235//1276 1239//1280 1240//1281
f 1210//1251 1212//1253 1241//1282
f 1237//1278 1241//1282 1242//1283
f 1238//1279 1242//1283 1243//1284
f 1239//1280 1243//1284 1244//1285
f 1184//1225 1226//1267 1245//1286
f 1182//1223 1245//1286 1246//1287
f 1191//1232 1246//1287 1247//1288
f 1196//1237 1247//1288 1248//1289
f 1226//1267 1228//1269 1249//1290
f 1245//1286 1249//1290 1250//1291
f 1246//1287 1250//1291 1251//1292
f 1247//1288 1251//1292 1252//1293
f 1228//1269 1230//1271 1253//1294
f 1249//1290 1253//1294 1254//1295
f 1250//1291 1254//1295 1255//1296
f 1251//1292 1255//1296 1256//1297
f 1230//1271 1232//1273 1257//1298
f 1253//1294 1257//1298 1258//1299
f 1254//1295 1258//1299 1259//1300
f 1255//1296 1259//1300 1260//1301
f 1261//1302 1264//1305 1262//1303
f 1264//1305 1266//1307 1265//1306
f 1266//1307 1268//1309 1267//1308
f 1268//1309 1274//1315 1269//1310
f 1270//1311 1271//1312 1264//1305
f 1271//1312 1272//1313 1266//1307
f 1272//1313 1273//1314 1268//1309
f 1273//1314 1279//1320 1274//1315
f 1275//1316 1276//1317 1271//1312
f 1276//1317 1277//1318 1272//1313
f 1277//1318 1278//1319 1273//1314
f 1278//1319 1284//1325 1279//1320
f 1280//1321 1281//1322 1276//1317
f 1281//1322 1282//1323 1277//1318
f 1282//1323 1283//1324 1278//1319
f 1283//1324 2244//2272 1284//1325
f 1262//1303 1286//1327 1285//1326
f 1286//1327 1288//1329 1287//1328
f 1288//1329 1290//1331 1289//1330
f 1290//1331 1044//1085 1043//1084
f 1265//1306 1291//1332 1286//1327
f 1291//1332 1292//1333 1288//1329
f 1292//1333 1293//1334 1290//1331
f 1293//1334 1045//1086 1044//1085
f 1267//1308 1294//1335 1291//1332
f 1294//1335 1295//1336 1292//1333
f 1295//1336 1296//1337 1293//1334
f 1296//1337 1046//1087 1045//1086
f 1269//1310 1297//1338 1294//1335
f 1297//1338 1298//1339 1295//1336
f 1298//1339 1299//1340 1296//1337
f 1299//1340 1968//2005 1046//1087
f 1263//1304 1285//1326 1300//1341
f 1301//1342 1300//1341 1302//1343
f 1303//1344 1302//1343 1304//1345
f 1305//1346 1304//1345 1306//1347
f 1285//1326 1287//1328 1308//1349
f 1300//1341 1308//1349 1309//1350
f 1302//1343 1309//1350 1310//1351
f 1304//1345 1310//1351 1311//1352
f 1287//1328 1289//1330 1312//1353
f 1308//1349 1312//1353 1313//1354
f 1309//1350 1313//1354 1314//1355
f 1310//1351 1314//1355 1315//1356
f 1289//1330 1043//1084 1090//1131
f 1312//1353 1090//1131 1094//1135
f 1313//1354 1094//1135 1098//1139
f 1314//1355 1098//1139 1102//1143
f 1263//1304 1301//1342 1316//1357
f 1261//1302 1316//1357 1317//1358
f 1270//1311 1317//1358 1318//1359
f 1275//1316 1318//1359 1319//1360
f 1301//1342 1303//1344 1320//1361
f 1316//1357 1320//1361 1321//1362
f 1317//1358 1321//1362 1322//1363
f 1318//1359 1322//1363 1323//1364
f 1303//1344 1305//1346 1324//1365
f 1320//1361 1324//1365 1325//1366
f 1321//1362 1325//1366 1326//1367
f 1322//1363 1326//1367 1327//1368
f 1305//1346 1307//1348 1328//1369
f 1324//1365 1328//1369 1329//1370
f 1325//1366 1329//1370 1330//1371
f 1326//1367 1330//1371 1331//1372
f 1332//1373 1335//1376 1333//1374
f 1335//1376 1337//1378 1336//1377
f 1337//1378 1339//1380 1338//1379
f 1339//1380 1345//1386 1340//1381
f 1341//1382 1342//1383 1335//1376
f 1342//1383 1343//1384 1337//1378
f 1343//1384 1344//1385 1339//1380
f 1344//1385 1350//1391 1345//1386
f 1346//1387 1347//1388 1342//1383
f 1347//1388 1348//1389 1343//1384
f 1348//1389 1349//1390 1344//1385
f 1349//1390 1355//1396 1350//1391
f 1351//1392 1352//1393 1347//1388
f 1352//1393 1353//1394 1348//1389
f 1353//1394 1354//1395 1349//1390
f 1354//1395 2035//2070 1355//1396
f 1333//1374 1357//1398 1356//1397
f 1357//1398 1359//1400 1358//1399
f 1359//1400 1361//1402 1360//1401
f 1361//1402 1123//1164 1122//1163
f 1336//1377 1362//1403 1357//1398
f 1362//1403 1363//1404 1359//1400
f 1363//1404 1364//1405 1361//1402
f 1364//1405 1124//1165 1123//1164
f 1338//1379 1365//1406 1362//1403
f 1365//1406 1366//1407 1363//1404
f 1366//1407 1367//1408 1364//1405
f 1367//1408 1125//1166 1124//1165
f 1340//1381 1368//1409 1365//1406
f 1368//1409 1369//1410 1366//1407
f 1369//1410 1370//1411 1367//1408
f 1370//1411 2021//2057 1125//1166
f 1334//1375 1356//1397 1371//1412
f 1372//1413 1371//1412 1373//1414
f 1374//1415 1373//1414 1375//1416
f 1376//1417 1375//1416 1377//1418
f 1356//1397 1358//1399 1379//1420
f 1371//1412 1379//1420 1380//1421
f 1373//1414 1380//1421 1381//1422
f 1375//1416 1381//1422 1382//1423
f 1358//1399 1360//1401 1383//1424
f 1379//1420 1383//1424 1384//1425
f 1380//1421 1384//1425 1385//1426
f 1381//1422 1385//1426 1386//1427
f 1360//1401 1122//1163 1169//1210
f 1383//1424 1169//1210 1173//1214
f 1384//1425 1173//1214 1177//1218
f 1385//1426 1177//1218 1181//1222
f 1334//1375 1372//1413 1387//1428
f 1332//1373 1387//1428 1388//1429
f 1341//1382 1388//1429 1389//1430
f 1346//1387 1389//1430 1390//1431
f 1372//1413 1374//1415 1391//1432
f 1387//1428 1391//1432 1392//1433
f 1388//1429 1392//1433 1393//1434
f 1389//1430 1393//1434 1394//1435
f 1374//1415 1376//1417 1395//1436
f 1391//1432 1395//1436 1396//1437
f 1392//1433 1396//1437 1397//1438
f 1393//1434 1397//1438 1398//1439
f 1376//1417 1378//1419 1399//1440
f 1395//1436 1399//1440 1400//1441
f 1396//1437 1400//1441 1401//1442
f 1397//1438 1401//1442 1402//1443
f 1403//1444 1406//1447 1404//1445
f 1406//1447 1408//1449 1407//1448
f 1408//1449 1410//1451 1409//1450
f 1410//1451 1416//1457 1411//1452
f 1412//1453 1413//1454 1406//1447
f 1413//1454 1414//1455 1408//1449
f 1414//1455 1415//1456 1410//1451
f 1415//1456 1421//1462 1416//1457
f 1417//1458 1418//1459 1413//1454
f 1418//1459 1419//1460 1414//1455
f 1419//1460 1420//1461 1415//1456
f 1420//1461 1422//1463 1421//1462
f 1133//1174 1137//1178 1418//1459
f 1137//1178 1141//1182 1419//1460
f 1141//1182 1145//1186 1420//1461
f 1145//1186 2258//2286 1422//1463
f 1404//1445 1424//1465 1423//1464
f 1424//1465 1426//1467 1425//1466
f 1426//1467 1428//1469 1427//1468
f 1428//1469 1281//1322 1280//1321
f 1407//1448 1429//1470 1424//1465
f 1429//1470 1430//1471 1426//1467
f 1430//1471 1431//1472 1428//1469
f 1431//1472 1282//1323 1281//1322
f 1409//1450 1432//1473 1429//1470
f 1432//1473 1433//1474 1430//1471
f 1433//1474 1434//1475 1431//1472
f 1434//1475 1283//1324 1282//1323
f 1411//1452 1435//1476 1432//1473
f 1435//1476 1436//1477 1433//1474
f 1436//1477 1437//1478 1434//1475
f 1437//1478 2244//2272 1283//1324
f 1405//1446 1423//1464 1438//1479
f 1439//1480 1438//1479 1440//1481
f 1441//1482 1440//1481 1442//1483
f 1443//1484 1442//1483 1444//1485
f 1423//1464 1425//1466 1446//1487
f 1438//1479 1446//1487 1447//1488
f 1440//1481 1447//1488 1448//1489
f 1442//1483 1448//1489 1449//1490
f 1425//1466 1427//1468 1450//1491
f 1446//1487 1450//1491 1451//1492
f 1447//1488 1451//1492 1452//1493
f 1448//1489 1452//1493 1453//1494
f 1427//1468 1280//1321 1319//1360
f 1450//1491 1319//1360 1323//1364
f 1451//1492 1323//1364 1327//1368
f 1452//1493 1327//1368 1331//1372
f 1405//1446 1439//1480 1454//1495
f 1403//1444 1454//1495 1455//1496
f 1412//1453 1455//1496 1456//1497
f 1417//1458 1456//1497 1162//1203
f 1439//1480 1441//1482 1457//1498
f 1454//1495 1457//1498 1458//1499
f 1455//1496 1458//1499 1459//1500
f 1456//1497 1459//1500 1163//1204
f 1441//1482 1443//1484 1460//1501
f 1457//1498 1460//1501 1461//1502
f 1458//1499 1461//1502 1462//1503
f 1459//1500 1462//1503 1164//1205
f 1443//1484 1445//1486 1463//1504
f 1460//1501 1463//1504 1464//1505
f 1461//1502 1464//1505 1465//1506
f 1462//1503 1465//1506 1165//1206
f 1466//1507 1469//1510 1467//1508
f 1469//1510 1471//1512 1470//1511
f 1471//1512 1473//1514 1472//1513
f 1473//1514 1479//1520 1474//1515
f 1475//1516 1476//1517 1469//1510
f 1476//1517 1477//1518 1471//1512
f 1477//1518 1478//1519 1473//1514
f 1478//1519 1484//1525 1479//1520
f 1480//1521 1481//1522 1476//1517
f 1481//1522 1482//1523 1477//1518
f 1482//1523 1483//1524 1478//1519
f 1483//1524 1485//1526 1484//1525
f 1212//1253 1216//1257 1481//1522
f 1216//1257 1220//1261 1482//1523
f 1220//1261 1224//1265 1483//1524
f 1224//1265 2084//2118 1485//1526
f 1467//1508 1487//1528 1486//1527
f 1487//1528 1489//1530 1488//1529
f 1489//1530 1491//1532 1490//1531
f 1491//1532 1352//1393 1351//1392
f 1470//1511 1492//1533 1487//1528
f 1492//1533 1493//1534 1489//1530
f 1493//1534 1494//1535 1491//1532
f 1494//1535 1353//1394 1352//1393
f 1472//1513 1495//1536 1492//1533
f 1495//1536 1496//1537 1493//1534
f 1496//1537 1497//1538 1494//1535
f 1497//1538 1354//1395 1353//1394
f 1474//1515 1498//1539 1495//1536
f 1498//1539 1499//1540 1496//1537
f 1499//1540 1500//1541 1497//1538
f 1500//1541 2035//2070 1354//1395
f 1468//1509 1486//1527 1501//1542
f 1502//1543 1501//1542 1503//1544
f 1504//1545 1503//1544 1505//1546
f 1506//1547 1505//1546 1507//1548
f 1486//1527 1488//1529 1509//1550
f 1501//1542 1509//1550 1510//1551
f 1503//1544 1510//1551 1511//1552
f 1505//1546 1511//1552 1512//1553
f 1488//1529 1490//1531 1513//1554
f 1509//1550 1513//1554 1514//1555
f 1510//1551 1514//1555 1515//1556
f 1511//1552 1515//1556 1516//1557
f 1490//1531 1351//1392 1390//1431
f 1513//1554 1390//1431 1394//1435
f 1514//1555 1394//1435 1398//1439
f 1515//1556 1398//1439 1402//1443
f 1468//1509 1502//1543 1517//1558
f 1466//1507 1517//1558 1518//1559
f 1475//1516 1518//1559 1519//1560
f 1480//1521 1519//1560 1241//1282
f 1502//1543 1504//1545 1520//1561
f 1517//1558 1520//1561 1521//1562
f 1518//1559 1521//1562 1522//1563
f 1519//1560 1522//1563 1242//1283
f 1504//1545 1506//1547 1523//1564
f 1520//1561 1523//1564 1524//1565
f 1521//1562 1524//1565 1525//1566
f 1522//1563 1525//1566 1243//1284
f 1506//1547 1508//1549 1526//1567
f 1523//1564 1526//1567 1527//1568
f 1524//1565 1527//1568 1528//1569
f 1525//1566 1528//1569 1244//1285
f 1529//1570 1532//1573 1530//1571
f 1532//1573 1534//1575 1533//1574
f 1534//1575 1536//1577 1535//1576
f 1536//1577 1542//1583 1537//1578
f 1538//1579 1539//1580 1532//1573
f 1539//1580 1540//1581 1534//1575
f 1540//1581 1541//1582 1536//1577
f 1541//1582 1547//1588 1542//1583
f 1543//1584 1544//1585 1539//1580
f 1544//1585 1545//1586 1540//1581
f 1545//1586 1546//1587 1541//1582
f 1546//1587 1548//1589 1547//1588
f 1054//1095 1058//1099 1544//1585
f 1058//1099 1062//1103 1545//1586
f 1062//1103 1066//1107 1546//1587
f 1066//1107 1847//1885 1548//1589
f 1530//1571 1550//1591 1549//1590
f 1550//1591 1552//1593 1551//1592
f 1552//1593 1554//1595 1553//1594
f 1554//1595 1202//1243 1201//1242
f 1533//1574 1555//1596 1550//1591
f 1555//1596 1556//1597 1552//1593
f 1556//1597 1557//1598 1554//1595
f 1557//1598 1203//1244 1202//1243
f 1535//1576 1558//1599 1555//1596
f 1558//1599 1559//1600 1556//1597
f 1559//1600 1560//1601 1557//1598
f 1560//1601 1204//1245 1203//1244
f 1537//1578 1561//1602 1558//1599
f 1561//1602 1562//1603 1559//1600
f 1562//1603 1563//1604 1560//1601
f 1563//1604 1833//1871 1204//1245
f 1531//1572 1549//1590 1564//1605
f 1565//1606 1564//1605 1566//1607
f 1567//1608 1566//1607 1568//1609
f 1569//1610 1568//1609 1570//1611
f 1549//1590 1551//1592 1572//1613
f 1564//1605 1572//1613 1573//1614
f 1566//1607 1573//1614 1574//1615
f 1568//1609 1574//1615 1575//1616
f 1551//1592 1553//1594 1576//1617
f 1572//1613 1576//1617 1577//1618
f 1573//1614 1577//1618 1578//1619
f 1574//1615 1578//1619 1579//1620
f 1553//1594 1201//1242 1248//1289
f 1576//1617 1248//1289 1252//1293
f 1577//1618 1252//1293 1256//1297
f 1578//1619 1256//1297 1260//1301
f 1531//1572 1565//1606 1580//1621
f 1529//1570 1580//1621 1581//1622
f 1538//1579 1581//1622 1582//1623
f 1543//1584 1582//1623 1083//1124
f 1565//1606 1567//1608 1583//1624
f 1580//1621 1583//1624 1584//1625
f 1581//1622 1584//1625 1585//1626
f 1582//1623 1585//1626 1084//1125
f 1567//1608 1569//1610 1586//1627
f 1583//1624 1586//1627 1587//1628
f 1584//1625 1587//1628 1588//1629
f 1585//1626 1588//1629 1085//1126
f 1569//1610 1571//1612 1589//1630
f 1586//1627 1589//1630 1590//1631
f 1587//1628 1590//1631 1591//1632
f 1588//1629 1591//1632 1086//1127
f 1592//1633 1595//1636 1593//1634
f 1595//1636 1597//1638 1596//1637
f 1597//1638 1599//1640 1598//1639
f 1599//1640 946//987 925//966
f 1600//1641 1601//1642 1595//1636
f 1601//1642 1602//1643 1597//1638
f 1602//1643 1603//1644 1599//1640
f 1603//1644 947//988 946//987
f 1604//1645 1605//1646 1601//1642
f 1605//1646 1606//1647 1602//1643
f 1606//1647 1607//1648 1603//1644
f 1607//1648 948//989 947//988
f 1608//1649 1609//1650 1605//1646
f 1609//1650 1610//1651 1606//1647
f 1610//1651 1611//1652 1607//1648
f 1611//1652 807//848 948//989
f 1593//1634 1613//1654 1612//1653
f 1613//1654 1615//1656 1614//1655
f 1615//1656 1617//1658 1616//1657
f 1617//1658 1622//1663 1618//1659
f 1596//1637 1619//1660 1613//1654
f 1619//1660 1620//1661 1615//1656
f 1620//1661 1621//1662 1617//1658
f 1621//1662 1626//1667 1622//1663
f 1598//1639 1623//1664 1619//1660
f 1623//1664 1624//1665 1620//1661
f 1624//1665 1625//1666 1621//1662
f 1625//1666 1627//1668 1626//1667
f 925//966 924//965 1623//1664
f 924//965 929//970 1624//1665
f 929//970 933//974 1625//1666
f 933//974 677//718 1627//1668
f 1612//1653 1629//1670 1628//1669
f 1629//1670 1631//1672 1630//1671
f 1631//1672 1633//1674 1632//1673
f 1633//1674 1526//1567 1508//1549
f 1614//1655 1634//1675 1629//1670
f 1634//1675 1635//1676 1631//1672
f 1635//1676 1636//1677 1633//1674
f 1636//1677 1527//1568 1526//1567
f 1616//1657 1637//1678 1634//1675
f 1637//1678 1638//1679 1635//1676
f 1638//1679 1639//1680 1636//1677
f 1639//1680 1528//1569 1527//1568
f 1618//1659 1640//1681 1637//1678
f 1640//1681 1641//1682 1638//1679
f 1641//1682 1642//1683 1639//1680
f 1642//1683 1244//1285 1528//1569
f 1628//1669 1643//1684 1592//1633
f 1643//1684 1644//1685 1600//1641
f 1644//1685 1645//1686 1604//1645
f 1645//1686 1649//1690 1608//1649
f 1630//1671 1646//1687 1643//1684
f 1646//1687 1647//1688 1644//1685
f 1647//1688 1648//1689 1645//1686
f 1648//1689 1653//1694 1649//1690
f 1632//1673 1650//1691 1646//1687
f 1650//1691 1651//1692 1647//1688
f 1651//1692 1652//1693 1648//1689
f 1652//1693 1654//1695 1653//1694
f 1508//1549 1507//1548 1650//1691
f 1507//1548 1512//1553 1651//1692
f 1512//1553 1516//1557 1652//1693
f 1516//1557 1402//1443 1654//1695
f 1655//1696 1658//1699 1656//1697
f 1658//1699 1660//1701 1659//1700
f 1660//1701 1662//1703 1661//1702
f 1662//1703 749//790 724//765
f 1663//1704 1664//1705 1658//1699
f 1664//1705 1665//1706 1660//1701
f 1665//1706 1666//1707 1662//1703
f 1666//1707 750//791 749//790
f 1667//1708 1668//1709 1664//1705
f 1668//1709 1669//1710 1665//1706
f 1669//1710 1670//1711 1666//1707
f 1670//1711 751//792 750//791
f 1671//1712 1672//1713 1668//1709
f 1672//1713 1673//1714 1669//1710
f 1673//1714 1674//1715 1670//1711
f 1674//1715 499//540 751//792
f 1656//1697 1676//1717 1675//1716
f 1676//1717 1678//1719 1677//1718
f 1678//1719 1680//1721 1679//1720
f 1680//1721 1685//1726 1681//1722
f 1659//1700 1682//1723 1676//1717
f 1682//1723 1683//1724 1678//1719
f 1683//1724 1684//1725 1680//1721
f 1684//1725 1689//1730 1685//1726
f 1661//1702 1686//1727 1682//1723
f 1686//1727 1687//1728 1683//1724
f 1687//1728 1688//1729 1684//1725
f 1688//1729 1690//1731 1689//1730
f 724//765 723//764 1686//1727
f 723//764 728//769 1687//1728
f 728//769 732//773 1688//1729
f 732//773 736//777 1690//1731
f 1675//1716 1692//1733 1691//1732
f 1692//1733 1694//1735 1693//1734
f 1694//1735 1696//1737 1695//1736
f 1696//1737 1328//1369 1307//1348
f 1677//1718 1697//1738 1692//1733
f 1697//1738 1698//1739 1694//1735
f 1698//1739 1699//1740 1696//1737
f 1699//1740 1329//1370 1328//1369
f 1679//1720 1700//1741 1697//1738
f 1700//1741 1701//1742 1698//1739
f 1701//1742 1702//1743 1699//1740
f 1702//1743 1330//1371 1329//1370
f 1681//1722 1703//1744 1700//1741
f 1703//1744 1704//1745 1701//1742
f 1704//1745 1705//1746 1702//1743
f 1705//1746 1331//1372 1330//1371
f 1691//1732 1706//1747 1655//1696
f 1706//1747 1707//1748 1663//1704
f 1707//1748 1708//1749 1667//1708
f 1708//1749 1712//1753 1671//1712
f 1693//1734 1709//1750 1706//1747
f 1709//1750 1710//1751 1707//1748
f 1710//1751 1711//1752 1708//1749
f 1711//1752 1716//1757 1712//1753
f 1695//1736 1713//1754 1709//1750
f 1713//1754 1714//1755 1710//1751
f 1714//1755 1715//1756 1711//1752
f 1715//1756 1717//1758 1716//1757
f 1307//1348 1306//1347 1713//1754
f 1306//1347 1311//1352 1714//1755
f 1311//1352 1315//1356 1715//1756
f 1315//1356 1102//1143 1717//1758
f 1718//1759 1721//1762 1719//1760
f 1721//1762 1723//1764 1722//1763
f 1723//1764 1725//1766 1724//1765
f 1725//1766 595//636 566//607
f 1726//1767 1727//1768 1721//1762
f 1727//1768 1728//1769 1723//1764
f 1728//1769 1729//1770 1725//1766
f 1729//1770 596//637 595//636
f 1730//1771 1731//1772 1727//1768
f 1731//1772 1732//1773 1728//1769
f 1732//1773 1733//1774 1729//1770
f 1733//1774 597//638 596//637
f 1734//1775 1735//1776 1731//1772
f 1735//1776 1736//1777 1732//1773
f 1736//1777 1737//1778 1733//1774
f 1737//1778 598//639 597//638
f 1719//1760 1739//1780 1738//1779
f 1739//1780 1741//1782 1740//1781
f 1741//1782 1743//1784 1742//1783
f 1743//1784 1748//1789 1744//1785
f 1722//1763 1745//1786 1739//1780
f 1745//1786 1746//1787 1741//1782
f 1746//1787 1747//1788 1743//1784
f 1747//1788 1752//1793 1748//1789
f 1724//1765 1749//1790 1745//1786
f 1749//1790 1750//1791 1746//1787
f 1750//1791 1751//1792 1747//1788
f 1751//1792 1753//1794 1752//1793
f 566//607 565//606 1749//1790
f 565//606 570//611 1750//1791
f 570//611 574//615 1751//1792
f 574//615 578//619 1753//1794
f 1738//1779 1755//1796 1754//1795
f 1755//1796 1757//1798 1756//1797
f 1757//1798 1759//1800 1758//1799
f 1759//1800 1178//1219 1153//1194
f 1740//1781 1760//1801 1755//1796
f 1760//1801 1761//1802 1757//1798
f 1761//1802 1762//1803 1759//1800
f 1762//1803 1179//1220 1178//1219
f 1742//1783 1763//1804 1760//1801
f 1763//1804 1764//1805 1761//1802
f 1764//1805 1765//1806 1762//1803
f 1765//1806 1180//1221 1179//1220
f 1744//1785 1766//1807 1763//1804
f 1766//1807 1767//1808 1764//1805
f 1767//1808 1768//1809 1765//1806
f 1768//1809 1181//1222 1180//1221
f 1754//1795 1769//1810 1718//1759
f 1769//1810 1770//1811 1726//1767
f 1770//1811 1771//1812 1730//1771
f 1771//1812 1775//1816 1734//1775
f 1756//1797 1772//1813 1769//1810
f 1772//1813 1773//1814 1770//1811
f 1773//1814 1774//1815 1771//1812
f 1774//1815 1779//1820 1775//1816
f 1758//1799 1776//1817 1772//1813
f 1776//1817 1777//1818 1773//1814
f 1777//1818 1778//1819 1774//1815
f 1778//1819 1780//1821 1779//1820
f 1153//1194 1152//1193 1776//1817
f 1152//1193 1157//1198 1777//1818
f 1157//1198 1161//1202 1778//1819
f 1161//1202 1165//1206 1780//1821
f 1781//1761 1788//1828 1782//1822
f 1783//1823 1782//1822 1784//1824
f 1785//1825 1784//1824 1786//1826
f 1787//1827 1786//1826 978//1019
f 1788//1828 1792//1781 1789//1829
f 1782//1822 1789//1829 1790//1830
f 1784//1824 1790//1830 1791//1831
f 1786//1826 1791//1831 979//1020
f 1792//1781 1796//1835 1793//1832
f 1789//1829 1793//1832 1794//1833
f 1790//1830 1794//1833 1795//1834
f 1791//1831 1795//1834 980//1021
f 1796//1835 1838//1876 1797//1836
f 1793//1832 1797//1836 1798//1837
f 1794//1833 1798//1837 1799//1838
f 1795//1834 1799//1838 1800//1839
f 1781//1761 1783//1823 1801//1840
f 1802//1841 1801//1840 1803//1842
f 1804//1843 1803//1842 1805//1844
f 1806//1845 1805//1844 1807//1846
f 1783//1823 1785//1825 1809//1847
f 1801//1840 1809//1847 1810//1848
f 1803//1842 1810//1848 1811//1849
f 1805//1844 1811//1849 1812//1850
f 1785//1825 1787//1827 1813//1851
f 1809//1847 1813//1851 1814//1852
f 1810//1848 1814//1852 1815//1853
f 1811//1849 1815//1853 1816//1854
f 1787//1827 977//1018 1018//1059
f 1813//1851 1018//1059 1022//1063
f 1814//1852 1022//1063 1023//1064
f 1815//1853 1023//1064 1817//1855
f 1781//1761 1802//1841 1818//1856
f 1819//1857 1818//1856 1820//1858
f 1821//1859 1820//1858 1822//1860
f 1823//1861 1822//1860 1561//1602
f 1802//1841 1804//1843 1824//1862
f 1818//1856 1824//1862 1825//1863
f 1820//1858 1825//1863 1826//1864
f 1822//1860 1826//1864 1562//1603
f 1804//1843 1806//1845 1827//1865
f 1824//1862 1827//1865 1828//1866
f 1825//1863 1828//1866 1829//1867
f 1826//1864 1829//1867 1563//1604
f 1806//1845 1808//1775 1830//1868
f 1827//1865 1830//1868 1831//1869
f 1828//1866 1831//1869 1832//1870
f 1829//1867 1832//1870 1833//1871
f 1781//1761 1819//1857 1834//1872
f 1788//1828 1834//1872 1835//1873
f 1792//1781 1835//1873 1836//1874
f 1796//1835 1836//1874 1837//1875
f 1819//1857 1821//1859 1839//1877
f 1834//1872 1839//1877 1840//1878
f 1835//1873 1840//1878 1841//1879
f 1836//1874 1841//1879 1842//1880
f 1821//1859 1823//1861 1843//1881
f 1839//1877 1843//1881 1844//1882
f 1840//1878 1844//1882 1845//1883
f 1841//1879 1845//1883 1846//1884
f 1823//1861 1537//1578 1542//1583
f 1843//1881 1542//1583 1547//1588
f 1844//1882 1547//1588 1548//1589
f 1845//1883 1548//1589 1847//1885
f 1848//1886 1851//1889 1849//1887
f 1851//1889 1853//1891 1852//1890
f 1853//1891 1855//1893 1854//1892
f 1855//1893 1009//1050 988//1029
f 1856//1894 1857//1895 1851//1889
f 1857//1895 1858//1896 1853//1891
f 1858//1896 1859//1897 1855//1893
f 1859//1897 1010//1051 1009//1050
f 1860//1898 1861//1899 1857//1895
f 1861//1899 1862//1900 1858//1896
f 1862//1900 1863//1901 1859//1897
f 1863//1901 1011//1052 1010//1051
f 1864//1902 1865//1903 1861//1899
f 1865//1903 1866//1904 1862//1900
f 1866//1904 1867//1905 1863//1901
f 1867//1905 657//698 1011//1052
f 1849//1887 1869//1907 1868//1906
f 1869//1907 1871//1909 1870//1908
f 1871//1909 1873//1911 1872//1910
f 1873//1911 1878//1916 1874//1912
f 1852//1890 1875//1913 1869//1907
f 1875//1913 1876//1914 1871//1909
f 1876//1914 1877//1915 1873//1911
f 1877//1915 1882//1920 1878//1916
f 1854//1892 1879//1917 1875//1913
f 1879//1917 1880//1918 1876//1914
f 1880//1918 1881//1919 1877//1915
f 1881//1919 1883//1921 1882//1920
f 988//1029 987//1028 1879//1917
f 987//1028 992//1033 1880//1918
f 992//1033 996//1037 1881//1919
f 996//1037 519//560 1883//1921
f 1868//1906 1885//1923 1884//1922
f 1885//1923 1887//1925 1886//1924
f 1887//1925 1889//1927 1888//1926
f 1889//1927 1589//1630 1571//1612
f 1870//1908 1890//1928 1885//1923
f 1890//1928 1891//1929 1887//1925
f 1891//1929 1892//1930 1889//1927
f 1892//1930 1590//1631 1589//1630
f 1872//1910 1893//1931 1890//1928
f 1893//1931 1894//1932 1891//1929
f 1894//1932 1895//1933 1892//1930
f 1895//1933 1591//1632 1590//1631
f 1874//1912 1896//1934 1893//1931
f 1896//1934 1897//1935 1894//1932
f 1897//1935 1898//1936 1895//1933
f 1898//1936 1086//1127 1591//1632
f 1884//1922 1899//1937 1848//1886
f 1899//1937 1900//1938 1856//1894
f 1900//1938 1901//1939 1860//1898
f 1901//1939 1905//1943 1864//1902
f 1886//1924 1902//1940 1899//1937
f 1902//1940 1903//1941 1900//1938
f 1903//1941 1904//1942 1901//1939
f 1904//1942 1909//1947 1905//1943
f 1888//1926 1906//1944 1902//1940
f 1906//1944 1907//1945 1903//1941
f 1907//1945 1908//1946 1904//1942
f 1908//1946 1910//1948 1909//1947
f 1571//1612 1570//1611 1906//1944
f 1570//1611 1575//1616 1907//1945
f 1575//1616 1579//1620 1908//1946
f 1579//1620 1260//1301 1910//1948
f 1911//1949 1918//1956 1912//1950
f 1913//1951 1912//1950 1914//1952
f 1915//1953 1914//1952 1916//1954
f 1917//1955 1916//1954 476//517
f 1918//1956 1922//1960 1919//1957
f 1912//1950 1919//1957 1920//1958
f 1914//1952 1920//1958 1921//1959
f 1916//1954 1921//1959 477//518
f 1922//1960 1926//1964 1923//1961
f 1919//1957 1923//1961 1924//1962
f 1920//1958 1924//1962 1925//1963
f 1921//1959 1925//1963 478//519
f 1926//1964 1959//1649 1927//1965
f 1923//1961 1927//1965 1928//1966
f 1924//1962 1928//1966 1929//1967
f 1925//1963 1929//1967 1930//1968
f 1911//1949 1913//1951 1931//1969
f 1932//1970 1931//1969 1933//1971
f 1934//1972 1933//1971 1935//1973
f 1936//1974 1935//1973 1797//1836
f 1913//1951 1915//1953 1937//1975
f 1931//1969 1937//1975 1938//1976
f 1933//1971 1938//1976 1939//1977
f 1935//1973 1939//1977 1798//1837
f 1915//1953 1917//1955 1940//1978
f 1937//1975 1940//1978 1941//1979
f 1938//1976 1941//1979 1942//1980
f 1939//1977 1942//1980 1799//1838
f 1917//1955 475//516 526//567
f 1940//1978 526//567 530//571
f 1941//1979 530//571 534//575
f 1942//1980 534//575 1800//1839
f 1911//1949 1932//1970 1943//1981
f 1944//1982 1943//1981 1945//1983
f 1946//1984 1945//1983 1947//1985
f 1948//1986 1947//1985 1063//1104
f 1932//1970 1934//1972 1949//1987
f 1943//1981 1949//1987 1950//1988
f 1945//1983 1950//1988 1951//1989
f 1947//1985 1951//1989 1064//1105
f 1934//1972 1936//1974 1952//1990
f 1949//1987 1952//1990 1953//1991
f 1950//1988 1953//1991 1954//1992
f 1951//1989 1954//1992 1065//1106
f 1936//1974 1838//1876 1837//1875
f 1952//1990 1837//1875 1842//1880
f 1953//1991 1842//1880 1846//1884
f 1954//1992 1846//1884 1847//1885
f 1911//1949 1944//1982 1955//1993
f 1918//1956 1955//1993 1956//1994
f 1922//1960 1956//1994 1957//1995
f 1926//1964 1957//1995 1958//1996
f 1944//1982 1946//1984 1960//1997
f 1955//1993 1960//1997 1961//1998
f 1956//1994 1961//1998 1962//1999
f 1957//1995 1962//1999 1963//2000
f 1946//1984 1948//1986 1964//2001
f 1960//1997 1964//2001 1965//2002
f 1961//1998 1965//2002 1966//2003
f 1962//1999 1966//2003 1967//2004
f 1948//1986 1032//1073 1037//1078
f 1964//2001 1037//1078 1042//1083
f 1965//2002 1042//1083 1047//1088
f 1966//2003 1047//1088 1968//2005
f 1969//2006 1976//2013 1970//2007
f 1971//2008 1970//2007 1972//2009
f 1973//2010 1972//2009 1974//2011
f 1975//2012 1974//2011 784//825
f 1976//2013 1980//2017 1977//2014
f 1970//2007 1977//2014 1978//2015
f 1972//2009 1978//2015 1979//2016
f 1974//2011 1979//2016 785//826
f 1980//2017 1984//2021 1981//2018
f 1977//2014 1981//2018 1982//2019
f 1978//2015 1982//2019 1983//2020
f 1979//2016 1983//2020 786//827
f 1984//2021 2026//1712 1985//2022
f 1981//2018 1985//2022 1986//2023
f 1982//2019 1986//2023 1987//2024
f 1983//2020 1987//2024 1988//2025
f 1969//2006 1971//2008 1989//2026
f 1990//2027 1989//2026 1991//2028
f 1992//2029 1991//2028 1993//2030
f 1994//2031 1993//2030 1995//2032
f 1971//2008 1973//2010 1997//2033
f 1989//2026 1997//2033 1998//2034
f 1991//2028 1998//2034 1999//2035
f 1993//2030 1999//2035 2000//2036
f 1973//2010 1975//2012 2001//2037
f 1997//2033 2001//2037 2002//2038
f 1998//2034 2002//2038 2003//2039
f 1999//2035 2003//2039 2004//2040
f 1975//2012 783//824 829//870
f 2001//2037 829//870 833//874
f 2002//2038 833//874 834//875
f 2003//2039 834//875 2005//2041
f 1969//2006 1990//2027 2006//2042
f 2007//2043 2006//2042 2008//2044
f 2009//2045 2008//2044 2010//2046
f 2011//2047 2010//2046 1368//1409
f 1990//2027 1992//2029 2012//2048
f 2006//2042 2012//2048 2013//2049
f 2008//2044 2013//2049 2014//2050
f 2010//2046 2014//2050 1369//1410
f 1992//2029 1994//2031 2015//2051
f 2012//2048 2015//2051 2016//2052
f 2013//2049 2016//2052 2017//2053
f 2014//2050 2017//2053 1370//1411
f 1994//2031 1996//1912 2018//2054
f 2015//2051 2018//2054 2019//2055
f 2016//2052 2019//2055 2020//2056
f 2017//2053 2020//2056 2021//2057
f 1969//2006 2007//2043 2022//2058
f 1976//2013 2022//2058 2023//2059
f 1980//2017 2023//2059 2024//2060
f 1984//2021 2024//2060 2025//2061
f 2007//2043 2009//2045 2027//2062
f 2022//2058 2027//2062 2028//2063
f 2023//2059 2028//2063 2029//2064
f 2024//2060 2029//2064 2030//2065
f 2009//2045 2011//2047 2031//2066
f 2027//2062 2031//2066 2032//2067
f 2028//2063 2032//2067 2033//2068
f 2029//2064 2033//2068 2034//2069
f 2011//2047 1340//1381 1345//1386
f 2031//2066 1345//1386 1350//1391
f 2032//2067 1350//1391 1355//1396
f 2033//2068 1355//1396 2035//2070
f 2036//2071 2043//2078 2037//2072
f 2038//2073 2037//2072 2039//2074
f 2040//2075 2039//2074 2041//2076
f 2042//2077 2041//2076 634//675
f 2043//2078 2047//2082 2044//2079
f 2037//2072 2044//2079 2045//2080
f 2039//2074 2045//2080 2046//2081
f 2041//2076 2046//2081 635//676
f 2047//2082 2051//2086 2048//2083
f 2044//2079 2048//2083 2049//2084
f 2045//2080 2049//2084 2050//2085
f 2046//2081 2050//2085 636//677
f 2051//2086 1808//1775 1807//1846
f 2048//2083 1807//1846 1812//1850
f 2049//2084 1812//1850 1816//1854
f 2050//2085 1816//1854 1817//1855
f 2036//2071 2038//2073 2052//2087
f 2053//2088 2052//2087 2054//2089
f 2055//2090 2054//2089 2056//2091
f 2057//2092 2056//2091 2058//2093
f 2038//2073 2040//2075 2060//2094
f 2052//2087 2060//2094 2061//2095
f 2054//2089 2061//2095 2062//2096
f 2056//2091 2062//2096 2063//2097
f 2040//2075 2042//2077 2064//2098
f 2060//2094 2064//2098 2065//2099
f 2061//2095 2065//2099 2066//2100
f 2062//2096 2066//2100 2067//2101
f 2042//2077 633//674 684//725
f 2064//2098 684//725 688//729
f 2065//2099 688//729 692//733
f 2066//2100 692//733 2068//2102
f 2036//2071 2053//2088 2069//2103
f 2070//2104 2069//2103 2071//2105
f 2072//2106 2071//2105 2073//2107
f 2074//2108 2073//2107 1221//1262
f 2053//2088 2055//2090 2075//2109
f 2069//2103 2075//2109 2076//2110
f 2071//2105 2076//2110 2077//2111
f 2073//2107 2077//2111 1222//1263
f 2055//2090 2057//2092 2078//2112
f 2075//2109 2078//2112 2079//2113
f 2076//2110 2079//2113 2080//2114
f 2077//2111 2080//2114 1223//1264
f 2057//2092 2059//1722 2081//2115
f 2078//2112 2081//2115 2082//2116
f 2079//2113 2082//2116 2083//2117
f 2080//2114 2083//2117 2084//2118
f 2036//2071 2070//2104 2085//2119
f 2043//2078 2085//2119 2086//2120
f 2047//2082 2086//2120 2087//2121
f 2051//2086 2087//2121 1830//1868
f 2070//2104 2072//2106 2088//2122
f 2085//2119 2088//2122 2089//2123
f 2086//2120 2089//2123 2090//2124
f 2087//2121 2090//2124 1831//1869
f 2072//2106 2074//2108 2091//2125
f 2088//2122 2091//2125 2092//2126
f 2089//2123 2092//2126 2093//2127
f 2090//2124 2093//2127 1832//1870
f 2074//2108 1190//1231 1195//1236
f 2091//2125 1195//1236 1200//1241
f 2092//2126 1200//1241 1205//1246
f 2093//2127 1205//1246 1833//1871
f 2094//2128 2097//2131 2095//2129
f 2097//2131 2099//2133 2098//2132
f 2099//2133 2101//2135 2100//2134
f 2101//2135 820//861 795//836
f 2102//2136 2103//2137 2097//2131
f 2103//2137 2104//2138 2099//2133
f 2104//2138 2105//2139 2101//2135
f 2105//2139 821//862 820//861
f 2106//2140 2107//2141 2103//2137
f 2107//2141 2108//2142 2104//2138
f 2108//2142 2109//2143 2105//2139
f 2109//2143 822//863 821//862
f 1744//1785 1748//1789 2107//2141
f 1748//1789 1752//1793 2108//2142
f 1752//1793 1753//1794 2109//2143
f 1753//1794 578//619 822//863
f 2095//2129 2111//2144 2110//1956
f 2111//2144 2113//2145 2112//1960
f 2113//2145 2115//2147 2114//2146
f 2115//2147 1609//1650 1608//1649
f 2098//2132 2116//2148 2111//2144
f 2116//2148 2117//2149 2113//2145
f 2117//2149 2118//2150 2115//2147
f 2118//2150 1610//1651 1609//1650
f 2100//2134 2119//2151 2116//2148
f 2119//2151 2120//2152 2117//2149
f 2120//2152 2121//2153 2118//2150
f 2121//2153 1611//1652 1610//1651
f 795//836 794//835 2119//2151
f 794//835 799//840 2120//2152
f 799//840 803//844 2121//2153
f 803//844 807//848 1611//1652
f 2110//1956 2123//2155 2122//2154
f 2123//2155 2125//2157 2124//2156
f 2125//2157 2127//2159 2126//2158
f 2127//2159 1399//1440 1378//1419
f 2112//1960 2128//2160 2123//2155
f 2128//2160 2129//2161 2125//2157
f 2129//2161 2130//2162 2127//2159
f 2130//2162 1400//1441 1399//1440
f 2114//2146 2131//2163 2128//2160
f 2131//2163 2132//2164 2129//2161
f 2132//2164 2133//2165 2130//2162
f 2133//2165 1401//1442 1400//1441
f 1608//1649 1649//1690 2131//2163
f 1649//1690 1653//1694 2132//2164
f 1653//1694 1654//1695 2133//2165
f 1654//1695 1402//1443 1401//1442
f 2096//2130 2122//2154 2134//2166
f 2134//2166 2135//2167 2102//2136
f 2135//2167 2136//2168 2106//2140
f 2136//2168 1766//1807 1744//1785
f 2124//2156 2137//2169 2134//2166
f 2137//2169 2138//2170 2135//2167
f 2138//2170 2139//2171 2136//2168
f 2139//2171 1767//1808 1766//1807
f 2126//2158 2140//2172 2137//2169
f 2140//2172 2141//2173 2138//2170
f 2141//2173 2142//2174 2139//2171
f 2142//2174 1768//1809 1767//1808
f 1378//1419 1377//1418 2140//2172
f 1377//1418 1382//1423 2141//2173
f 1382//1423 1386//1427 2142//2174
f 1386//1427 1181//1222 1768//1809
f 2143//2175 2146//2178 2144//2176
f 2146//2178 2148//2180 2147//2179
f 2148//2180 2150//2182 2149//2181
f 2150//2182 516//557 487//528
f 2151//2029 2152//2183 2146//2178
f 2152//2183 2153//2184 2148//2180
f 2153//2184 2154//2185 2150//2182
f 2154//2185 517//558 516//557
f 2155//2186 2156//2187 2152//2183
f 2156//2187 2157//2188 2153//2184
f 2157//2188 2158//2189 2154//2185
f 2158//2189 518//559 517//558
f 1874//1912 1878//1916 2156//2187
f 1878//1916 1882//1920 2157//2188
f 1882//1920 1883//1921 2158//2189
f 1883//1921 519//560 518//559
f 2144//2176 2160//2191 2159//2190
f 2160//2191 2162//2192 2161//2017
f 2162//2192 2164//2193 2163//2021
f 2164//2193 1672//1713 1671//1712
f 2147//2179 2165//2194 2160//2191
f 2165//2194 2166//2195 2162//2192
f 2166//2195 2167//2196 2164//2193
f 2167//2196 1673//1714 1672//1713
f 2149//2181 2168//2197 2165//2194
f 2168//2197 2169//2198 2166//2195
f 2169//2198 2170//2199 2167//2196
f 2170//2199 1674//1715 1673//1714
f 487//528 486//527 2168//2197
f 486//527 491//532 2169//2198
f 491//532 495//536 2170//2199
f 495//536 499//540 1674//1715
f 2159//2190 2172//2201 2171//2200
f 2172//2201 2174//2203 2173//2202
f 2174//2203 2176//2205 2175//2204
f 2176//2205 1099//1140 1074//1115
f 2161//2017 2177//2206 2172//2201
f 2177//2206 2178//2207 2174//2203
f 2178//2207 2179//2208 2176//2205
f 2179//2208 1100//1141 1099//1140
f 2163//2021 2180//2209 2177//2206
f 2180//2209 2181//2210 2178//2207
f 2181//2210 2182//2211 2179//2208
f 2182//2211 1101//1142 1100//1141
f 1671//1712 1712//1753 2180//2209
f 1712//1753 1716//1757 2181//2210
f 1716//1757 1717//1758 2182//2211
f 1717//1758 1102//1143 1101//1142
f 2171//2200 2183//2212 2143//2175
f 2183//2212 2184//2213 2151//2029
f 2184//2213 2185//2214 2155//2186
f 2185//2214 1896//1934 1874//1912
f 2173//2202 2186//2215 2183//2212
f 2186//2215 2187//2216 2184//2213
f 2187//2216 2188//2217 2185//2214
f 2188//2217 1897//1935 1896//1934
f 2175//2204 2189//2218 2186//2215
f 2189//2218 2190//2219 2187//2216
f 2190//2219 2191//2220 2188//2217
f 2191//2220 1898//1936 1897//1935
f 1074//1115 1073//1114 2189//2218
f 1073//1114 1078//1119 2190//2219
f 1078//1119 1082//1123 2191//2220
f 1082//1123 1086//1127 1898//1936
f 2192//2221 2199//2228 2193//2222
f 2194//2223 2193//2222 2195//2224
f 2196//2225 2195//2224 2197//2226
f 2198//2227 2197//2226 852//893
f 2199//2228 2203//2232 2200//2229
f 2193//2222 2200//2229 2201//2230
f 2195//2224 2201//2230 2202//2231
f 2197//2226 2202//2231 853//894
f 2203//2232 2207//2236 2204//2233
f 2200//2229 2204//2233 2205//2234
f 2201//2230 2205//2234 2206//2235
f 2202//2231 2206//2235 854//895
f 2207//2236 2249//2277 2208//2237
f 2204//2233 2208//2237 2209//2238
f 2205//2234 2209//2238 2210//2239
f 2206//2235 2210//2239 2211//2240
f 2192//2221 2194//2223 2212//2241
f 2213//2242 2212//2241 2214//2243
f 2215//2244 2214//2243 2216//2245
f 2217//2246 2216//2245 2218//2247
f 2194//2223 2196//2225 2220//2248
f 2212//2241 2220//2248 2221//2249
f 2214//2243 2221//2249 2222//2250
f 2216//2245 2222//2250 2223//2251
f 2196//2225 2198//2227 2224//2252
f 2220//2248 2224//2252 2225//2253
f 2221//2249 2225//2253 2226//2254
f 2222//2250 2226//2254 2227//2255
f 2198//2227 851//892 892//933
f 2224//2252 892//933 896//937
f 2225//2253 896//937 897//938
f 2226//2254 897//938 2228//2256
f 2192//2221 2213//2242 2229//2257
f 2230//2258 2229//2257 2231//2259
f 2232//2260 2231//2259 2233//2261
f 2234//2262 2233//2261 1435//1476
f 2213//2242 2215//2244 2235//2263
f 2229//2257 2235//2263 2236//2264
f 2231//2259 2236//2264 2237//2265
f 2233//2261 2237//2265 1436//1477
f 2215//2244 2217//2246 2238//2266
f 2235//2263 2238//2266 2239//2267
f 2236//2264 2239//2267 2240//2268
f 2237//2265 2240//2268 1437//1478
f 2217//2246 2219//1659 2241//2269
f 2238//2266 2241//2269 2242//2270
f 2239//2267 2242//2270 2243//2271
f 2240//2268 2243//2271 2244//2272
f 2192//2221 2230//2258 2245//2273
f 2199//2228 2245//2273 2246//2274
f 2203//2232 2246//2274 2247//2275
f 2207//2236 2247//2275 2248//2276
f 2230//2258 2232//2260 2250//2278
f 2245//2273 2250//2278 2251//2279
f 2246//2274 2251//2279 2252//2280
f 2247//2275 2252//2280 2253//2281
f 2232//2260 2234//2262 2254//2282
f 2250//2278 2254//2282 2255//2283
f 2251//2279 2255//2283 2256//2284
f 2252//2280 2256//2284 2257//2285
f 2234//2262 1411//1452 1416//1457
f 2254//2282 1416//1457 1421//1462
f 2255//2283 1421//1462 1422//1463
f 2256//2284 1422//1463 2258//2286
f 2259//2287 2262//2289 2260//2288
f 2262//2289 2264//2291 2263//2290
f 2264//2291 2266//2293 2265//2292
f 2266//2293 674//715 645//686
f 2267//2294 2268//2295 2262//2289
f 2268//2295 2269//2296 2264//2291
f 2269//2296 2270//2297 2266//2293
f 2270//2297 675//716 674//715
f 2271//2246 2272//2298 2268//2295
f 2272//2298 2273//2299 2269//2296
f 2273//2299 2274//2300 2270//2297
f 2274//2300 676//717 675//716
f 1618//1659 1622//1663 2272//2298
f 1622//1663 1626//1667 2273//2299
f 1626//1667 1627//1668 2274//2300
f 1627//1668 677//718 676//717
f 2260//2288 2276//2301 2275//2228
f 2276//2301 2278//2303 2277//2302
f 2278//2303 2280//2305 2279//2304
f 2280//2305 1865//1903 1864//1902
f 2263//2290 2281//2306 2276//2301
f 2281//2306 2282//2307 2278//2303
f 2282//2307 2283//2308 2280//2305
f 2283//2308 1866//1904 1865//1903
f 2265//2292 2284//2309 2281//2306
f 2284//2309 2285//2310 2282//2307
f 2285//2310 2286//2311 2283//2308
f 2286//2311 1867//1905 1866//1904
f 645//686 644//685 2284//2309
f 644//685 649//690 2285//2310
f 649//690 653//694 2286//2311
f 653//694 657//698 1867//1905
f 2275//2228 2288//2313 2287//2312
f 2288//2313 2290//2315 2289//2314
f 2290//2315 2292//2317 2291//2316
f 2292//2317 1257//1298 1232//1273
f 2277//2302 2293//2318 2288//2313
f 2293//2318 2294//2319 2290//2315
f 2294//2319 2295//2320 2292//2317
f 2295//2320 1258//1299 1257//1298
f 2279//2304 2296//2321 2293//2318
f 2296//2321 2297//2322 2294//2319
f 2297//2322 2298//2323 2295//2320
f 2298//2323 1259//1300 1258//1299
f 1864//1902 1905//1943 2296//2321
f 1905//1943 1909//1947 2297//2322
f 1909//1947 1910//1948 2298//2323
f 1910//1948 1260//1301 1259//1300
f 2287//2312 2299//2324 2259//2287
f 2299//2324 2300//2325 2267//2294
f 2300//2325 2301//2326 2271//2246
f 2301//2326 1640//1681 1618//1659
f 2289//2314 2302//2327 2299//2324
f 2302//2327 2303//2328 2300//2325
f 2303//2328 2304//2329 2301//2326
f 2304//2329 1641//1682 1640//1681
f 2291//2316 2305//2330 2302//2327
f 2305//2330 2306//2331 2303//2328
f 2306//2331 2307//2332 2304//2329
f 2307//2332 1642//1683 1641//1682
f 1232//1273 1231//1272 2305//2330
f 1231//1272 1236//1277 2306//2331
f 1236//1277 1240//1281 2307//2332
f 1240//1281 1244//1285 1642//1683
f 2308//2333 2311//2335 2309//2334
f 2311//2335 2313//2337 2312//2336
f 2313//2337 2315//2339 2314//2338
f 2315//2339 883//924 862//903
f 2316//2090 2317//2340 2311//2335
f 2317//2340 2318//2341 2313//2337
f 2318//2341 2319//2342 2315//2339
f 2319//2342 884//925 883//924
f 2320//2092 2321//2343 2317//2340
f 2321//2343 2322//2344 2318//2341
f 2322//2344 2323//2345 2319//2342
f 2323//2345 885//926 884//925
f 1681//1722 1685//1726 2321//2343
f 1685//1726 1689//1730 2322//2344
f 1689//1730 1690//1731 2323//2345
f 1690//1731 736//777 885//926
f 2309//2334 2325//2347 2324//2346
f 2325//2347 2327//2349 2326//2348
f 2327//2349 2329//2351 2328//2350
f 2329//2351 1735//1776 1734//1775
f 2312//2336 2330//2352 2325//2347
f 2330//2352 2331//2353 2327//2349
f 2331//2353 2332//2354 2329//2351
f 2332//2354 1736//1777 1735//1776
f 2314//2338 2333//2355 2330//2352
f 2333//2355 2334//2356 2331//2353
f 2334//2356 2335//2357 2332//2354
f 2335//2357 1737//1778 1736//1777
f 862//903 861//902 2333//2355
f 861//902 866//907 2334//2356
f 866//907 870//911 2335//2357
f 870//911 598//639 1737//1778
f 2324//2346 2337//2359 2336//2358
f 2337//2359 2339//2361 2338//2360
f 2339//2361 2341//2363 2340//2362
f 2341//2363 1463//1504 1445//1486
f 2326//2348 2342//2364 2337//2359
f 2342//2364 2343//2365 2339//2361
f 2343//2365 2344//2366 2341//2363
f 2344//2366 1464//1505 1463//1504
f 2328//2350 2345//2367 2342//2364
f 2345//2367 2346//2368 2343//2365
f 2346//2368 2347//2369 2344//2366
f 2347//2369 1465//1506 1464//1505
f 1734//1775 1775//1816 2345//2367
f 1775//1816 1779//1820 2346//2368
f 1779//1820 1780//1821 2347//2369
f 1780//1821 1165//1206 1465//1506
f 2336//2358 2348//2370 2308//2333
f 2348//2370 2349//2371 2316//2090
f 2349//2371 2350//2372 2320//2092
f 2350//2372 1703//1744 1681//1722
f 2338//2360 2351//2373 2348//2370
f 2351//2373 2352//2374 2349//2371
f 2352//2374 2353//2375 2350//2372
f 2353//2375 1704//1745 1703//1744
f 2340//2362 2354//2376 2351//2373
f 2354//2376 2355//2377 2352//2374
f 2355//2377 2356//2378 2353//2375
f 2356//2378 1705//1746 1704//1745
f 1445//1486 1444//1485 2354//2376
f 1444//1485 1449//1490 2355//2377
f 1449//1490 1453//1494 2356//2378
f 1453//1494 1331//1372 1705//1746
f 2357//1888 2364//1906 2358//2379
f 2359//2380 2358//2379 2360//2381
f 2361//2382 2360//2381 2362//2383
f 2363//2384 2362//2383 555//596
f 2364//1906 2368//2388 2365//2385
f 2358//2379 2365//2385 2366//2386
f 2360//2381 2366//2386 2367//2387
f 2362//2383 2367//2387 556//597
f 2368//2388 2372//2392 2369//2389
f 2365//2385 2369//2389 2370//2390
f 2366//2386 2370//2390 2371//2391
f 2367//2387 2371//2391 557//598
f 2372//2392 1996//1912 1995//2032
f 2369//2389 1995//2032 2000//2036
f 2370//2390 2000//2036 2004//2040
f 2371//2391 2004//2040 2005//2041
f 2357//1888 2359//2380 2373//2393
f 2374//2394 2373//2393 2375//2395
f 2376//2396 2375//2395 2377//2397
f 2378//2398 2377//2397 2208//2237
f 2359//2380 2361//2382 2379//2399
f 2373//2393 2379//2399 2380//2400
f 2375//2395 2380//2400 2381//2401
f 2377//2397 2381//2401 2209//2238
f 2361//2382 2363//2384 2382//2402
f 2379//2399 2382//2402 2383//2403
f 2380//2400 2383//2403 2384//2404
f 2381//2401 2384//2404 2210//2239
f 2363//2384 554//595 605//646
f 2382//2402 605//646 609//650
f 2383//2403 609//650 613//654
f 2384//2404 613//654 2211//2240
f 2357//1888 2374//2394 2385//2405
f 2386//2406 2385//2405 2387//2407
f 2388//2408 2387//2407 2389//2409
f 2390//2410 2389//2409 1142//1183
f 2374//2394 2376//2396 2391//2411
f 2385//2405 2391//2411 2392//2412
f 2387//2407 2392//2412 2393//2413
f 2389//2409 2393//2413 1143//1184
f 2376//2396 2378//2398 2394//2414
f 2391//2411 2394//2414 2395//2415
f 2392//2412 2395//2415 2396//2416
f 2393//2413 2396//2416 1144//1185
f 2378//2398 2249//2277 2248//2276
f 2394//2414 2248//2276 2253//2281
f 2395//2415 2253//2281 2257//2285
f 2396//2416 2257//2285 2258//2286
f 2357//1888 2386//2406 2397//2417
f 2364//1906 2397//2417 2398//2418
f 2368//2388 2398//2418 2399//2419
f 2372//2392 2399//2419 2018//2054
f 2386//2406 2388//2408 2400//2420
f 2397//2417 2400//2420 2401//2421
f 2398//2418 2401//2421 2402//2422
f 2399//2419 2402//2422 2019//2055
f 2388//2408 2390//2410 2403//2423
f 2400//2420 2403//2423 2404//2424
f 2401//2421 2404//2424 2405//2425
f 2402//2422 2405//2425 2020//2056
f 2390//2410 1111//1152 1116//1157
f 2403//2423 1116//1157 1121//1162
f 2404//2424 1121//1162 1126//1167
f 2405//2425 1126//1167 2021//2057
f 2406//2426 2413//2433 2407//2427
f 2408//2428 2407//2427 2409//2429
f 2410//2430 2409//2429 2411//2431
f 2412//2432 2411//2431 915//956
f 2413//2433 2417//1718 2414//2434
f 2407//2427 2414//2434 2415//2435
f 2409//2429 2415//2435 2416//2436
f 2411//2431 2416//2436 916//957
f 2417//1718 2421//1720 2418//2437
f 2414//2434 2418//2437 2419//2438
f 2415//2435 2419//2438 2420//2439
f 2416//2436 2420//2439 917//958
f 2421//1720 2059//1722 2058//2093
f 2418//2437 2058//2093 2063//2097
f 2419//2438 2063//2097 2067//2101
f 2420//2439 2067//2101 2068//2102
f 2406//2426 2408//2428 2422//2440
f 2423//2441 2422//2440 2424//2442
f 2425//2443 2424//2442 2426//2444
f 2427//2445 2426//2444 1985//2022
f 2408//2428 2410//2430 2428//2446
f 2422//2440 2428//2446 2429//2447
f 2424//2442 2429//2447 2430//2448
f 2426//2444 2430//2448 1986//2023
f 2410//2430 2412//2432 2431//2449
f 2428//2446 2431//2449 2432//2450
f 2429//2447 2432//2450 2433//2451
f 2430//2448 2433//2451 1987//2024
f 2412//2432 914//955 955//996
f 2431//2449 955//996 959//1000
f 2432//2450 959//1000 960//1001
f 2433//2451 960//1001 1988//2025
f 2406//2426 2423//2441 2434//2452
f 2435//2453 2434//2452 2436//2454
f 2437//2455 2436//2454 2438//2456
f 2439//2457 2438//2456 1498//1539
f 2423//2441 2425//2443 2440//2458
f 2434//2452 2440//2458 2441//2459
f 2436//2454 2441//2459 2442//2460
f 2438//2456 2442//2460 1499//1540
f 2425//2443 2427//2445 2443//2461
f 2440//2458 2443//2461 2444//2462
f 2441//2459 2444//2462 2445//2463
f 2442//2460 2445//2463 1500//1541
f 2427//2445 2026//1712 2025//2061
f 2443//2461 2025//2061 2030//2065
f 2444//2462 2030//2065 2034//2069
f 2445//2463 2034//2069 2035//2070
f 2406//2426 2435//2453 2446//2464
f 2413//2433 2446//2464 2447//2465
f 2417//1718 2447//2465 2448//2466
f 2421//1720 2448//2466 2081//2115
f 2435//2453 2437//2455 2449//2467
f 2446//2464 2449//2467 2450//2468
f 2447//2465 2450//2468 2451//2469
f 2448//2466 2451//2469 2082//2116
f 2437//2455 2439//2457 2452//2470
f 2449//2467 2452//2470 2453//2471
f 2450//2468 2453//2471 2454//2472
f 2451//2469 2454//2472 2083//2117
f 2439//2457 1474//1515 1479//1520
f 2452//2470 1479//1520 1484//1525
f 2453//2471 1484//1525 1485//1526
f 2454//2472 1485//1526 2084//2118
f 2455//1635 2462//2479 2456//2473
f 2457//2474 2456//2473 2458//2475
f 2459//2476 2458//2475 2460//2477
f 2461//2478 2460//2477 713//754
f 2462//2479 2466//1655 2463//2480
f 2456//2473 2463//2480 2464//2481
f 2458//2475 2464//2481 2465//2482
f 2460//2477 2465//2482 714//755
f 2466//1655 2470//2486 2467//2483
f 2463//2480 2467//2483 2468//2484
f 2464//2481 2468//2484 2469//2485
f 2465//2482 2469//2485 715//756
f 2470//2486 2219//1659 2218//2247
f 2467//2483 2218//2247 2223//2251
f 2468//2484 2223//2251 2227//2255
f 2469//2485 2227//2255 2228//2256
f 2455//1635 2457//2474 2471//2487
f 2472//1633 2471//2487 2473//2488
f 2474//2489 2473//2488 2475//2490
f 2476//2491 2475//2490 1927//1965
f 2457//2474 2459//2476 2477//2492
f 2471//2487 2477//2492 2478//2493
f 2473//2488 2478//2493 2479//2494
f 2475//2490 2479//2494 1928//1966
f 2459//2476 2461//2478 2480//2495
f 2477//2492 2480//2495 2481//2496
f 2478//2493 2481//2496 2482//2497
f 2479//2494 2482//2497 1929//1967
f 2461//2478 712//753 758//799
f 2480//2495 758//799 762//803
f 2481//2496 762//803 763//804
f 2482//2497 763//804 1930//1968
f 2455//1635 2472//1633 2483//2498
f 2484//2499 2483//2498 2485//2500
f 2486//2501 2485//2500 2487//2502
f 2488//2503 2487//2502 1297//1338
f 2472//1633 2474//2489 2489//2504
f 2483//2498 2489//2504 2490//2505
f 2485//2500 2490//2505 2491//2506
f 2487//2502 2491//2506 1298//1339
f 2474//2489 2476//2491 2492//2507
f 2489//2504 2492//2507 2493//2508
f 2490//2505 2493//2508 2494//2509
f 2491//2506 2494//2509 1299//1340
f 2476//2491 1959//1649 1958//1996
f 2492//2507 1958//1996 1963//2000
f 2493//2508 1963//2000 1967//2004
f 2494//2509 1967//2004 1968//2005
f 2455//1635 2484//2499 2495//2510
f 2462//2479 2495//2510 2496//2511
f 2466//1655 2496//2511 2497//2512
f 2470//2486 2497//2512 2241//2269
f 2484//2499 2486//2501 2498//2513
f 2495//2510 2498//2513 2499//2514
f 2496//2511 2499//2514 2500//2515
f 2497//2512 2500//2515 2242//2270
f 2486//2501 2488//2503 2501//2516
f 2498//2513 2501//2516 2502//2517
f 2499//2514 2502//2517 2503//2518
f 2500//2515 2503//2518 2243//2271
f 2488//2503 1269//1310 1274//1315
f 2501//2516 1274//1315 1279//1320
f 2502//2517 1279//1320 1284//1325
f 2503//2518 1284//1325 2244//2272
f 2504//2519 2510//2524 2505//2520
f 2506//2521 3008//406 2507//2522
f 2504//2519 2507//2522 2508//411
f 2509//2523 3009//410 2510//2524
f 2507//2522 3008//406 2511//2525
f 2512//2526 2511//2525 2513//2527
f 2514//2528 3010//432 2515//2529
f 2512//2526 2515//2529 2508//411
f 2516//2530 3009//410 2509//2523
f 2517//2531 2509//2523 2508//411
f 2518//2532 3011//422 2519//2533
f 2517//2531 2519//2533 2520//2534
f 2521//2535 2518//2532 2508//411
f 2515//2529 3010//432 2522//2536
f 2521//2535 2522//2536 2523//2537
f 2524//2538 3011//422 2518//2532
f 2525//2539 2514//2528 2513//2527
f 2526//2540 3012//428 2527//2541
f 2525//2539 2527//2541 2528//433
f 2529//2542 3010//432 2514//2528
f 2527//2541 3012//428 2530//2543
f 2531//2544 2530//2543 2532//2545
f 2533//2546 3013//452 2534//2547
f 2531//2544 2534//2547 2528//433
f 2522//2536 3010//432 2529//2542
f 2535//2548 2529//2542 2528//433
f 2536//2549 3014//442 2537//2550
f 2535//2548 2537//2550 2523//2537
f 2538//2551 2536//2549 2528//433
f 2534//2547 3013//452 2539//2552
f 2538//2551 2539//2552 2540//2553
f 2541//2554 3014//442 2536//2549
f 2542//2555 2533//2546 2532//2545
f 2543//2556 3015//448 2544//2557
f 2542//2555 2544//2557 2545//23
f 2546//2558 3013//452 2533//2546
f 2544//2557 3015//448 2547//2559
f 2548//2560 2547//2559 2549//2561
f 2550//2562 3016//470 2551//2563
f 2548//2560 2551//2563 2545//23
f 2539//2552 3013//452 2546//2558
f 2552//2564 2546//2558 2545//23
f 2553//2565 3017//461 2554//2566
f 2552//2564 2554//2566 2540//2553
f 2555//2567 2553//2565 2545//23
f 2551//2563 3016//470 2556//2568
f 2555//2567 2556//2568 2557//2569
f 2558//2570 3017//461 2553//2565
f 2559//2571 2550//2562 2549//2561
f 2560//2572 3018//467 2561//2573
f 2559//2571 2561//2573 2562//471
f 2563//2574 3016//470 2550//2562
f 2561//2573 3018//467 2564//2575
f 2565//2576 2564//2575 2505//2520
f 2510//2524 3009//410 2566//2577
f 2565//2576 2566//2577 2562//471
f 2556//2568 3016//470 2563//2574
f 2567//2578 2563//2574 2562//471
f 2568//2579 3019//478 2569//2580
f 2567//2578 2569//2580 2557//2569
f 2570//2581 2568//2579 2562//471
f 2566//2577 3009//410 2516//2530
f 2570//2581 2516//2530 2520//2534
f 2571//2582 3019//478 2568//2579
f 2572//2583 2560//2572 2549//2561
f 2547//2559 3015//448 2573//2584
f 2572//2583 2573//2584 2574//483
f 2575//2585 3018//467 2560//2572
f 2573//2584 3015//448 2543//2556
f 2576//2586 2543//2556 2532//2545
f 2530//2543 3012//428 2577//2587
f 2576//2586 2577//2587 2574//483
f 2564//2575 3018//467 2575//2585
f 2578//2588 2575//2585 2574//483
f 2579//2589 3008//406 2506//2521
f 2578//2588 2506//2521 2505//2520
f 2580//2590 2579//2589 2574//483
f 2577//2587 3012//428 2526//2540
f 2580//2590 2526//2540 2513//2527
f 2511//2525 3008//406 2579//2589
f 2581//2591 2571//2582 2520//2534
f 2519//2533 3011//422 2582//2592
f 2581//2591 2582//2592 2583//492
f 2584//2593 3019//478 2571//2582
f 2582//2592 3011//422 2524//2538
f 2585//2594 2524//2538 2523//2537
f 2537//2550 3014//442 2586//2595
f 2585//2594 2586//2595 2583//492
f 2569//2580 3019//478 2584//2593
f 2587//2596 2584//2593 2583//492
f 2588//2597 3017//461 2558//2570
f 2587//2596 2558//2570 2557//2569
f 2589//2598 2588//2597 2583//492
f 2586//2595 3014//442 2541//2554
f 2589//2598 2541//2554 2540//2553
f 2554//2566 3017//461 2588//2597
f 2590//2519 2596//2603 2591//2599
f 2592//2600 3020//406 2593//2601
f 2590//2519 2593//2601 2594//411
f 2595//2602 3021//410 2596//2603
f 2593//2601 3020//406 2597//2604
f 2598//2526 2597//2604 2599//2605
f 2600//2606 3022//432 2601//2607
f 2598//2526 2601//2607 2594//411
f 2602//2608 3021//410 2595//2602
f 2603//2531 2595//2602 2594//411
f 2604//2609 3023//422 2605//2533
f 2603//2531 2605//2533 2606//2610
f 2607//2535 2604//2609 2594//411
f 2601//2607 3022//432 2608//2611
f 2607//2535 2608//2611 2609//2612
f 2610//2538 3023//422 2604//2609
f 2611//2539 2600//2606 2599//2605
f 2612//2540 3024//428 2613//2541
f 2611//2539 2613//2541 2614//433
f 2615//2542 3022//432 2600//2606
f 2613//2541 3024//428 2616//2613
f 2617//2544 2616//2613 2618//2545
f 2619//2546 3025//452 2620//2547
f 2617//2544 2620//2547 2614//433
f 2608//2611 3022//432 2615//2542
f 2621//2548 2615//2542 2614//433
f 2622//2549 3026//442 2623//2614
f 2621//2548 2623//2614 2609//2612
f 2624//2551 2622//2549 2614//433
f 2620//2547 3025//452 2625//2552
f 2624//2551 2625//2552 2626//2553
f 2627//2615 3026//442 2622//2549
f 2628//2555 2619//2546 2618//2545
f 2629//2556 3027//448 2630//2616
f 2628//2555 2630//2616 2631//23
f 2632//2617 3025//452 2619//2546
f 2630//2616 3027//448 2633//2559
f 2634//2560 2633//2559 2635//2561
f 2636//2562 3028//470 2637//2618
f 2634//2560 2637//2618 2631//23
f 2625//2552 3025//452 2632//2617
f 2638//2564 2632//2617 2631//23
f 2639//2619 3029//461 2640//2566
f 2638//2564 2640//2566 2626//2553
f 2641//2567 2639//2619 2631//23
f 2637//2618 3028//470 2642//2568
f 2641//2567 2642//2568 2643//2569
f 2644//2570 3029//461 2639//2619
f 2645//2571 2636//2562 2635//2561
f 2646//2620 3030//467 2647//2573
f 2645//2571 2647//2573 2648//471
f 2649//2621 3028//470 2636//2562
f 2647//2573 3030//467 2650//2575
f 2651//2576 2650//2575 2591//2599
f 2596//2603 3021//410 2652//2577
f 2651//2576 2652//2577 2648//471
f 2642//2568 3028//470 2649//2621
f 2653//2578 2649//2621 2648//471
f 2654//2579 3031//478 2655//2622
f 2653//2578 2655//2622 2643//2569
f 2656//2581 2654//2579 2648//471
f 2652//2577 3021//410 2602//2608
f 2656//2581 2602//2608 2606//2610
f 2657//2623 3031//478 2654//2579
f 2658//2624 2646//2620 2635//2561
f 2633//2559 3027//448 2659//2625
f 2658//2624 2659//2625 2660//483
f 2661//2626 3030//467 2646//2620
f 2659//2625 3027//448 2629//2556
f 2662//2627 2629//2556 2618//2545
f 2616//2613 3024//428 2663//2628
f 2662//2627 2663//2628 2660//483
f 2650//2575 3030//467 2661//2626
f 2664//2629 2661//2626 2660//483
f 2665//2630 3020//406 2592//2600
f 2664//2629 2592//2600 2591//2599
f 2666//2590 2665//2630 2660//483
f 2663//2628 3024//428 2612//2540
f 2666//2590 2612//2540 2599//2605
f 2597//2604 3020//406 2665//2630
f 2667//2591 2657//2623 2606//2610
f 2605//2533 3023//422 2668//2592
f 2667//2591 2668//2592 2669//492
f 2670//2593 3031//478 2657//2623
f 2668//2592 3023//422 2610//2538
f 2671//2594 2610//2538 2609//2612
f 2623//2614 3026//442 2672//2595
f 2671//2594 2672//2595 2669//492
f 2655//2622 3031//478 2670//2593
f 2673//2596 2670//2593 2669//492
f 2674//2631 3029//461 2644//2570
f 2673//2596 2644//2570 2643//2569
f 2675//2598 2674//2631 2669//492
f 2672//2595 3026//442 2627//2615
f 2675//2598 2627//2615 2626//2553
f 2640//2566 3029//461 2674//2631
f 2677//2633 2715//2671 2716//2672
f 2715//2671 2724//2680 2716//2672
f 2724//2680 2721//2677 2716//2672
f 2716//2672 2713//2669 2693//2649
f 2693//2649 2684//2640 2686//2642
f 2686//2642 2697//2653 2732//2688
f 2697//2653 2699//2655 2732//2688
f 2699//2655 2736//2692 2732//2688
f 2732//2688 2729//2685 2731//2687
f 2731//2687 2734//2690 2732//2688
f 2734//2690 2678//2634 2732//2688
f 2678//2634 2682//2638 2683//2639
f 2683//2639 2707//2663 2678//2634
f 2707//2663 2702//2658 2678//2634
f 2702//2658 2690//2646 2692//2648
f 2692//2648 2718//2674 2702//2658
f 2718//2674 2720//2676 2702//2658
f 2720//2676 2726//2682 2710//2666
f 2710//2666 2705//2661 2676//2632
f 2676//2632 2701//2657 2677//2633
f 2701//2657 2687//2643 2677//2633
f 2687//2643 2689//2645 2677//2633
f 2716//2672 2693//2649 2677//2633
f 2693//2649 2686//2642 2677//2633
f 2720//2676 2710//2666 2676//2632
f 2686//2642 2732//2688 2677//2633
f 2732//2688 2678//2634 2677//2633
f 2678//2634 2702//2658 2720//2676
f 2720//2676 2676//2632 2678//2634
f 2680//2636 2714//2670 2704//2660
f 2714//2670 2695//2651 2704//2660
f 2695//2651 2688//2644 2704//2660
f 2704//2660 2700//2656 2727//2683
f 2700//2656 2706//2662 2727//2683
f 2706//2662 2711//2667 2727//2683
f 2727//2683 2728//2684 2719//2675
f 2719//2675 2723//2679 2727//2683
f 2723//2679 2691//2647 2727//2683
f 2691//2647 2703//2659 2708//2664
f 2708//2664 2712//2668 2681//2637
f 2681//2637 2696//2652 2735//2691
f 2735//2691 2738//2694 2681//2637
f 2738//2694 2730//2686 2681//2637
f 2730//2686 2733//2689 2737//2693
f 2737//2693 2739//2695 2698//2654
f 2698//2654 2709//2665 2685//2641
f 2685//2641 2694//2650 2698//2654
f 2694//2650 2679//2635 2698//2654
f 2679//2635 2717//2673 2722//2678
f 2722//2678 2725//2681 2680//2636
f 2691//2647 2708//2664 2727//2683
f 2708//2664 2681//2637 2727//2683
f 2730//2686 2737//2693 2681//2637
f 2737//2693 2698//2654 2681//2637
f 2679//2635 2722//2678 2680//2636
f 2680//2636 2704//2660 2681//2637
f 2704//2660 2727//2683 2681//2637
f 2698//2654 2679//2635 2681//2637
f 2682//2638 2696//2652 2681//2637
f 2684//2640 2694//2650 2685//2641
f 2687//2643 2704//2660 2688//2644
f 2690//2646 2703//2659 2691//2647
f 2693//2649 2679//2635 2694//2650
f 2689//2645 2688//2644 2695//2651
f 2678//2634 2735//2691 2696//2652
f 2697//2653 2709//2665 2698//2654
f 2676//2632 2706//2662 2700//2656
f 2702//2658 2708//2664 2703//2659
f 2701//2657 2700//2656 2704//2660
f 2705//2661 2711//2667 2706//2662
f 2707//2663 2712//2668 2708//2664
f 2686//2642 2685//2641 2709//2665
f 2710//2666 2727//2683 2711//2667
f 2683//2639 2681//2637 2712//2668
f 2713//2669 2717//2673 2679//2635
f 2677//2633 2695//2651 2714//2670
f 2716//2672 2722//2678 2717//2673
f 2718//2674 2723//2679 2719//2675
f 2721//2677 2725//2681 2722//2678
f 2692//2648 2691//2647 2723//2679
f 2724//2680 2680//2636 2725//2681
f 2726//2682 2728//2684 2727//2683
f 2715//2671 2714//2670 2680//2636
f 2720//2676 2719//2675 2728//2684
f 2729//2685 2733//2689 2730//2686
f 2732//2688 2737//2693 2733//2689
f 2734//2690 2738//2694 2735//2691
f 2736//2692 2739//2695 2737//2693
f 2731//2687 2730//2686 2738//2694
f 2699//2655 2698//2654 2739//2695
f 2742//2698 2916//2842 2921//2845
f 2921//2845 2859//2803 2861//2805
f 2861//2805 2884//2744 2866//2735
f 2866//2735 2868//2811 2912//2741
f 2912//2741 2802//2705 2740//2696
f 2740//2696 2815//2703 2741//2697
f 2741//2697 2903//2780 2742//2698
f 2903//2780 2931//2854 2742//2698
f 2931//2854 2917//2813 2742//2698
f 2742//2698 2921//2845 2912//2741
f 2921//2845 2861//2805 2912//2741
f 2861//2805 2866//2735 2912//2741
f 2912//2741 2740//2696 2742//2698
f 2897//2807 2891//2825 2744//2700
f 2891//2825 2877//2793 2878//2806
f 2745//2701 2878//2806 2795//2747
f 2891//2825 2878//2806 2745//2701
f 2745//2701 2804//2755 2817//2766
f 2743//2699 2817//2766 2844//2791
f 2817//2766 2833//2781 2844//2791
f 2745//2701 2817//2766 2743//2699
f 2844//2791 2852//2758 2743//2699
f 2743//2699 2809//2760 2811//2762
f 2811//2762 2883//2740 2744//2700
f 2745//2701 2744//2700 2891//2825
f 2811//2762 2744//2700 2743//2699
f 2748//2704 2872//2814 2864//2808
f 2864//2808 2857//2801 2879//2817
f 2879//2817 2923//2847 2746//2702
f 2923//2847 2793//2744 2746//2702
f 2793//2744 2781//2735 2746//2702
f 2746//2702 2787//2741 2747//2703
f 2787//2741 2788//2705 2747//2703
f 2788//2705 2842//2696 2747//2703
f 2747//2703 2830//2697 2748//2704
f 2830//2697 2832//2780 2748//2704
f 2832//2780 2821//2770 2748//2704
f 2748//2704 2864//2808 2746//2702
f 2864//2808 2879//2817 2746//2702
f 2751//2707 2899//2830 2885//2821
f 2885//2821 2887//2805 2896//2744
f 2896//2744 2875//2735 2749//2705
f 2875//2735 2876//2702 2749//2705
f 2876//2702 2783//2737 2749//2705
f 2749//2705 2888//2696 2750//2706
f 2888//2696 2890//2824 2750//2706
f 2890//2824 2907//2835 2750//2706
f 2750//2706 2855//2770 2751//2707
f 2855//2770 2871//2813 2751//2707
f 2871//2813 2827//2776 2751//2707
f 2751//2707 2885//2821 2749//2705
f 2885//2821 2896//2744 2749//2705
f 2846//2793 2862//2806 2752//2708
f 2862//2806 2870//2747 2753//2701
f 2753//2701 2854//2755 2778//2732
f 2778//2732 2780//2734 2792//2745
f 2754//2709 2792//2745 2807//2758
f 2778//2732 2792//2745 2754//2709
f 2754//2709 2800//2752 2784//2738
f 2752//2708 2784//2738 2930//2853
f 2784//2738 2786//2740 2930//2853
f 2754//2709 2784//2738 2752//2708
f 2930//2853 2863//2807 2752//2708
f 2862//2806 2753//2701 2752//2708
f 2753//2701 2778//2732 2754//2709
f 2757//2711 2836//2784 2789//2742
f 2789//2742 2791//2744 2906//2735
f 2906//2735 2797//2749 2805//2756
f 2805//2756 2812//2705 2755//2696
f 2755//2696 2924//2703 2756//2710
f 2924//2703 2776//2730 2756//2710
f 2776//2730 2919//2706 2756//2710
f 2756//2710 2900//2831 2849//2796
f 2849//2796 2825//2774 2756//2710
f 2825//2774 2757//2711 2756//2710
f 2757//2711 2789//2742 2906//2735
f 2906//2735 2805//2756 2757//2711
f 2805//2756 2755//2696 2757//2711
f 2760//2714 2915//2841 2911//2838
f 2911//2838 2910//2777 2918//2843
f 2918//2843 2905//2834 2758//2712
f 2905//2834 2904//2833 2758//2712
f 2904//2833 2816//2765 2758//2712
f 2758//2712 2913//2839 2759//2713
f 2913//2839 2926//2849 2759//2713
f 2926//2849 2867//2810 2759//2713
f 2759//2713 2898//2829 2760//2714
f 2898//2829 2860//2804 2760//2714
f 2860//2804 2873//2815 2760//2714
f 2760//2714 2911//2838 2758//2712
f 2911//2838 2918//2843 2758//2712
f 2892//2795 2761//2715 2763//2717
f 2761//2715 2908//2836 2762//2716
f 2762//2716 2902//2739 2810//2761
f 2810//2761 2824//2773 2823//2772
f 2796//2748 2823//2772 2845//2792
f 2823//2772 2840//2788 2845//2792
f 2810//2761 2823//2772 2796//2748
f 2845//2792 2834//2782 2818//2767
f 2796//2748 2818//2767 2803//2754
f 2845//2792 2818//2767 2796//2748
f 2796//2748 2893//2826 2763//2717
f 2810//2761 2763//2717 2762//2716
f 2796//2748 2763//2717 2810//2761
f 2766//2720 2865//2809 2822//2771
f 2822//2771 2925//2848 2831//2779
f 2831//2779 2839//2787 2843//2790
f 2843//2790 2851//2798 2764//2718
f 2764//2718 2808//2759 2765//2719
f 2808//2759 2782//2736 2765//2719
f 2782//2736 2794//2746 2765//2719
f 2765//2719 2922//2846 2880//2818
f 2880//2818 2858//2802 2765//2719
f 2858//2802 2766//2720 2765//2719
f 2766//2720 2822//2771 2831//2779
f 2831//2779 2843//2790 2766//2720
f 2843//2790 2764//2718 2766//2720
f 2769//2723 2894//2827 2841//2789
f 2841//2789 2829//2778 2828//2777
f 2828//2777 2856//2800 2838//2786
f 2838//2786 2837//2785 2889//2823
f 2889//2823 2929//2852 2767//2721
f 2767//2721 2882//2820 2768//2722
f 2768//2722 2914//2840 2769//2723
f 2914//2840 2895//2828 2769//2723
f 2895//2828 2886//2822 2769//2723
f 2769//2723 2841//2789 2889//2823
f 2841//2789 2828//2777 2889//2823
f 2828//2777 2838//2786 2889//2823
f 2889//2823 2767//2721 2769//2723
f 2869//2812 2770//2724 2881//2819
f 2770//2724 2848//2795 2847//2794
f 2771//2725 2847//2794 2928//2851
f 2770//2724 2847//2794 2771//2725
f 2771//2725 2785//2739 2801//2753
f 2820//2769 2801//2753 2814//2764
f 2771//2725 2801//2753 2820//2769
f 2820//2769 2806//2757 2772//2726
f 2772//2726 2779//2733 2874//2816
f 2874//2816 2853//2799 2881//2819
f 2770//2724 2772//2726 2881//2819
f 2820//2769 2772//2726 2771//2725
f 2874//2816 2881//2819 2772//2726
f 2775//2729 2835//2783 2826//2775
f 2826//2775 2850//2797 2901//2832
f 2901//2832 2909//2837 2773//2727
f 2909//2837 2927//2850 2773//2727
f 2927//2850 2920//2844 2773//2727
f 2773//2727 2777//2731 2774//2728
f 2777//2731 2819//2768 2774//2728
f 2819//2768 2813//2763 2774//2728
f 2774//2728 2799//2751 2775//2729
f 2799//2751 2798//2750 2775//2729
f 2798//2750 2790//2743 2775//2729
f 2775//2729 2826//2775 2773//2727
f 2826//2775 2901//2832 2773//2727
f 2776//2730 2924//2703 2777//2731
f 2778//2732 2874//2816 2779//2733
f 2781//2735 2794//2746 2782//2736
f 2783//2737 2882//2820 2767//2721
f 2784//2738 2801//2753 2785//2739
f 2787//2741 2808//2759 2764//2718
f 2789//2742 2775//2729 2790//2743
f 2780//2734 2779//2733 2772//2726
f 2793//2744 2765//2719 2794//2746
f 2795//2747 2893//2826 2796//2748
f 2797//2749 2906//2735 2798//2750
f 2800//2752 2814//2764 2801//2753
f 2802//2705 2913//2839 2758//2712
f 2745//2701 2796//2748 2803//2754
f 2805//2756 2797//2749 2799//2751
f 2792//2745 2772//2726 2806//2757
f 2746//2702 2782//2736 2808//2759
f 2809//2760 2824//2773 2810//2761
f 2812//2705 2805//2756 2774//2728
f 2754//2709 2820//2769 2814//2764
f 2815//2703 2740//2696 2758//2712
f 2817//2766 2804//2755 2803//2754
f 2755//2696 2812//2705 2813//2763
f 2807//2758 2806//2757 2820//2769
f 2821//2770 2925//2848 2822//2771
f 2809//2760 2743//2699 2823//2772
f 2825//2774 2850//2797 2826//2775
f 2827//2776 2871//2813 2828//2777
f 2830//2697 2839//2787 2831//2779
f 2833//2781 2817//2766 2818//2767
f 2757//2711 2826//2775 2835//2783
f 2750//2706 2907//2835 2837//2785
f 2747//2703 2843//2790 2839//2787
f 2743//2699 2852//2758 2840//2788
f 2836//2784 2835//2783 2775//2729
f 2827//2776 2829//2778 2841//2789
f 2842//2696 2851//2798 2843//2790
f 2844//2791 2833//2781 2834//2782
f 2846//2793 2752//2708 2847//2794
f 2849//2796 2901//2832 2850//2797
f 2788//2705 2764//2718 2851//2798
f 2852//2758 2844//2791 2845//2792
f 2753//2701 2881//2819 2853//2799
f 2855//2770 2750//2706 2838//2786
f 2857//2801 2864//2808 2766//2720
f 2859//2803 2873//2815 2860//2804
f 2862//2806 2846//2793 2848//2795
f 2863//2807 2928//2851 2847//2794
f 2864//2808 2872//2814 2865//2809
f 2866//2735 2759//2713 2867//2810
f 2862//2806 2770//2724 2869//2812
f 2871//2813 2855//2770 2856//2800
f 2748//2704 2822//2771 2865//2809
f 2859//2803 2921//2845 2760//2714
f 2854//2755 2853//2799 2874//2816
f 2875//2735 2914//2840 2768//2722
f 2877//2793 2892//2795 2763//2717
f 2879//2817 2857//2801 2858//2802
f 2753//2701 2870//2747 2869//2812
f 2876//2702 2768//2722 2882//2820
f 2883//2740 2902//2739 2762//2716
f 2884//2744 2898//2829 2759//2713
f 2885//2821 2769//2723 2886//2822
f 2888//2696 2929//2852 2889//2823
f 2891//2825 2761//2715 2892//2795
f 2878//2806 2763//2717 2893//2826
f 2885//2821 2899//2830 2894//2827
f 2887//2805 2886//2822 2895//2828
f 2897//2807 2908//2836 2761//2715
f 2861//2805 2860//2804 2898//2829
f 2751//2707 2841//2789 2894//2827
f 2900//2831 2909//2837 2901//2832
f 2811//2762 2810//2761 2902//2739
f 2903//2780 2741//2697 2904//2833
f 2791//2744 2790//2743 2798//2750
f 2907//2835 2890//2824 2889//2823
f 2744//2700 2762//2716 2908//2836
f 2741//2697 2815//2703 2816//2765
f 2756//2710 2927//2850 2909//2837
f 2742//2698 2917//2813 2910//2777
f 2912//2741 2926//2849 2913//2839
f 2896//2744 2895//2828 2914//2840
f 2742//2698 2911//2838 2915//2841
f 2917//2813 2931//2854 2918//2843
f 2919//2706 2776//2730 2773//2727
f 2916//2842 2915//2841 2760//2714
f 2879//2817 2880//2818 2922//2846
f 2924//2703 2755//2696 2819//2768
f 2832//2780 2831//2779 2925//2848
f 2868//2811 2867//2810 2926//2849
f 2919//2706 2920//2844 2927//2850
f 2863//2807 2930//2853 2771//2725
f 2923//2847 2922//2846 2765//2719
f 2749//2705 2767//2721 2929//2852
f 2786//2740 2785//2739 2771//2725
f 2931//2854 2903//2780 2905//2834
f 2935//2855 2949//2869 2936//2856
f 2938//2858 2961//2870 2939//2859
f 2938//2858 2940//2860 2941//2861
f 2940//2860 2939//2859 2943//2863
f 2939//2859 2955//2875 2947//2867
f 2943//2863 2939//2859 2947//2867
f 2955//2875 2954//2874 2948//2868
f 2954//2874 2951//2871 2949//2869
f 2948//2868 2954//2874 2949//2869
f 2951//2871 2936//2856 2949//2869
f 2948//2868 2947//2867 2955//2875
f 2945//2865 2941//2861 2943//2863
f 2941//2861 2940//2860 2943//2863
f 2944//2864 2956//2876 2945//2865
f 2946//2866 2962//2880 2947//2867
f 2935//2855 2946//2866 2948//2868
f 2938//2858 2942//2862 2959//2866
f 2942//2862 2953//2873 2959//2866
f 2953//2873 2957//2877 2958//2878
f 2959//2866 2962//2880 2938//2858
f 2962//2880 2946//2866 2961//2870
f 2938//2858 2962//2880 2961//2870
f 2953//2873 2958//2878 2959//2866
f 2952//2872 2960//2879 2937//2857
f 2960//2879 2950//2870 2937//2857
f 2950//2870 2961//2870 2946//2866
f 2946//2866 2935//2855 2950//2870
f 2937//2857 2936//2856 2951//2871
f 2942//2862 2941//2861 2945//2865
f 2950//2870 2960//2879 2954//2874
f 2953//2873 2945//2865 2956//2876
f 2958//2878 2944//2864 2943//2863
f 2960//2879 2952//2872 2951//2871
f 2957//2877 2956//2876 2944//2864
f 2950//2870 2955//2875 2939//2859
f 2962//2880 2959//2866 2943//2863
